ObjId,range,speed,angle,snr,Kstate,OboCarSpeed,heigh,heighAngle,X,Y,EstimateCarSpeed,EstimateMagCarSpeed,RCS,WheelSpdFl,WheelSpdFR,WheelSpdRL,WheelSpdRR,YawRate,frameIntervalTimeZ4,SelfCalcAngle,SenceFlag,SortFlag,trkReiablility,RadiusCurvature,Xaccel,Yaccel,noise,using,DbfMag,FrameIntervalTime,installAngleOffset,VehLatAcc,VehLongAcc,matchFlag,tag,deltaRange,clusterID,idx,objLen,weight,MeasCounter,MAtr,SteeringAngle,SteeringAngleSpd,EstCarSpeed,Gear,isDmlMode,waveType,sideSlobe0,sideSlobe1,sideSlobe2,peakNum1,peakNum2,AlgTeam,ObstacleProb,scene,errorCode,FlagJam,FlagTunnelFence,FlagFenceScene,FlagBarnScene
START,FrameNb:0,CameraNb:0,HeSaiNb:0,ARS410Nb:0
2026/08/02 21:35:30:273---->
heightOffset:0,1785677730273,238440,selfCaliBufCnt:0,selfAccObjCnt:0,selfAccAngle:0,installHAngleOffset:0,Interpolation:0,installVAngleOffset:0,radarOffsetH:0,radarOffsetV:0.32,Polynom:-0.001023;-0.0511;-2.047;0;0;0;-0.001023;-0.0511;-2.047;-25.5;0;0,WheelDirection:0;0;0;0,selfAngleOffset:0,selfAngleOffsetPit:0,currCaliAngleHrz:0,currCaliAnglePit:0,selfCaliAngleHrz:0,selfCaliAnglePit:0,servCaliAngleHrz:0,servCaliAnglePit:0,offlineCaliAngleHrz:0,offlineCaliAnglePit:0,determine2useFlag:0,IMU_Z_Accel:-21.592,IMU_X_AngularRate:-2.093,IMU_Y_AngularRate:-2.093,IMU_RollAngle:-180,IMU_PitchAngle:-180,IMU_YawAngle:-180,FcwID:0,FCWWarningLevel:0,FCWTTC:0
0,1.99,0,16.55,37.5,0,0,0,7.75,1.25452e-34,0,0,0,-7,0,0,0,0,-0.00229183,0,0,0,0,0,0,0,0,0,1,87,53,0,0.00034,0.00034,3,5,0,0,0,0,0,0,0,0,0,0,1,0,1,0,0,0,0,0,0,0,0,,0,0,0,0,
1,2.82,0,-7.15,30,0,0,0,-15,0,0,0,0,-17.5,0,0,0,0,-0.00229183,0,0,0,0,0,0,0,0,0,1,79,53,0,0.00034,0.00034,3,5,0,0,0,0,0,0,0,0,0,0,1,0,1,0,0,0,0,0,0,0,0,,0,0,0,0,
2,3.36,0,14.6,40,0,0,0,4.45,0,0,0,0,-5,0,0,0,0,-0.00229183,0,0,0,0,0,0,0,0,0,1,89,53,0,0.00034,0.00034,3,0,0,0,0,0,0,0,0,0,0,0,1,0,1,0,0,0,0,0,0,0,0,,0,0,0,0,
3,5.77,0,14.15,28.5,0,0,0,-0.95,0,0,0,0,-19,0,0,0,0,-0.00229183,0,0,0,0,0,0,0,0,0,1,73,53,0,0.00034,0.00034,3,5,0,0,0,0,0,0,0,0,0,0,1,0,1,0,0,0,0,0,0,0,0,,0,0,0,0,
4,6.17,0,17.3,28.5,0,0,0,-2.55,0,0,0,0,-16,0,0,0,0,-0.00229183,0,0,0,0,0,0,0,0,0,1,74,53,0,0.00034,0.00034,3,5,0,0,0,0,0,0,0,0,0,0,1,0,1,0,0,0,0,0,0,0,0,,0,0,0,0,
END,Total:5
START,FrameNb:1,CameraNb:0,HeSaiNb:0,ARS410Nb:0
2026/08/02 21:35:30:368---->
heightOffset:0,1785677730368,238496,selfCaliBufCnt:0,selfAccObjCnt:0,selfAccAngle:0,installHAngleOffset:0,Interpolation:0,installVAngleOffset:0,radarOffsetH:0,radarOffsetV:0.32,Polynom:-0.001023;-0.0511;-2.047;0;0;0;-0.001023;-0.0511;-2.047;-25.5;0;0,WheelDirection:0;0;0;0,selfAngleOffset:0,selfAngleOffsetPit:0,currCaliAngleHrz:0,currCaliAnglePit:0,selfCaliAngleHrz:0,selfCaliAnglePit:0,servCaliAngleHrz:0,servCaliAnglePit:0,offlineCaliAngleHrz:0,offlineCaliAnglePit:0,determine2useFlag:0,IMU_Z_Accel:-21.592,IMU_X_AngularRate:-2.093,IMU_Y_AngularRate:-2.093,IMU_RollAngle:-180,IMU_PitchAngle:-180,IMU_YawAngle:-180,FcwID:0,FCWWarningLevel:0,FCWTTC:0
0,1.98,0,16.55,38,0,0,0,7.7,1.25452e-34,0,0,0,-7,0,0,0,0,-0.00229183,0,0,0,0,0,0,0,0,0,1,87,58,0,0.00034,0.00034,3,5,0,0,0,0,0,0,0,0,0,0,1,0,0,0,0,0,0,0,0,0,0,,0,0,0,0,
1,2.81,0,-7.1,30,0,0,0,-15,0,0,0,0,-17.5,0,0,0,0,-0.00229183,0,0,0,0,0,0,0,0,0,1,79,58,0,0.00034,0.00034,3,5,0,0,0,0,0,0,0,0,0,0,1,0,0,0,0,0,0,0,0,0,0,,0,0,0,0,
2,3.38,0,14.65,40,0,0,0,4.8,0,0,0,0,-5.5,0,0,0,0,-0.00229183,0,0,0,0,0,0,0,0,0,1,88,58,0,0.00034,0.00034,3,0,0,0,0,0,0,0,0,0,0,0,1,0,0,0,0,0,0,0,0,0,0,,0,0,0,0,
3,5.4,0,11.15,24,0,0,0,11.2,0,0,0,0,-25,0,0,0,0,-0.00229183,0,0,0,0,0,0,0,0,0,1,69,58,0,0.00034,0.00034,3,5,0,0,0,0,0,0,0,0,0,0,1,0,0,0,0,0,0,0,0,0,0,,0,0,0,0,
4,5.76,0,-44.95,28.5,0,0,0,5.75,0,0,0,0,-4,0,0,0,0,-0.00229183,0,0,0,0,0,0,0,0,0,1,73,58,0,0.00034,0.00034,3,5,0,0,0,0,0,0,0,0,0,0,1,0,0,0,0,0,0,0,0,0,0,,0,0,0,0,
5,6.21,0,17.2,28.5,0,0,0,-2.25,0,0,0,0,-16,0,0,0,0,-0.00229183,0,0,0,0,0,0,0,0,0,1,74,58,0,0.00034,0.00034,3,5,0,0,0,0,0,0,0,0,0,0,1,0,0,0,0,0,0,0,0,0,0,,0,0,0,0,
END,Total:6
START,FrameNb:2,CameraNb:0,HeSaiNb:0,ARS410Nb:0
2026/08/02 21:35:30:421---->
heightOffset:0,1785677730421,238552,selfCaliBufCnt:0,selfAccObjCnt:0,selfAccAngle:0,installHAngleOffset:0,Interpolation:0,installVAngleOffset:0,radarOffsetH:0,radarOffsetV:0.32,Polynom:-0.001023;-0.0511;-2.047;0;0;0;-0.001023;-0.0511;-2.047;-25.5;0;0,WheelDirection:0;0;0;0,selfAngleOffset:0,selfAngleOffsetPit:0,currCaliAngleHrz:0,currCaliAnglePit:0,selfCaliAngleHrz:0,selfCaliAnglePit:0,servCaliAngleHrz:0,servCaliAnglePit:0,offlineCaliAngleHrz:0,offlineCaliAnglePit:0,determine2useFlag:0,IMU_Z_Accel:-21.592,IMU_X_AngularRate:-2.093,IMU_Y_AngularRate:-2.093,IMU_RollAngle:-180,IMU_PitchAngle:-180,IMU_YawAngle:-180,FcwID:0,FCWWarningLevel:0,FCWTTC:0
0,1.99,0,16.55,38,0,0,0,7.7,1.25452e-34,0,0,0,-7,0,0,0,0,-0.00229183,0,0,0,0,0,0,0,0,0,1,87,55,0,0.00034,0.00034,3,5,0,0,0,0,0,0,0,0,0,0,1,0,1,0,0,0,0,0,0,0,0,,0,0,0,0,
1,2.83,0,-7.1,30,0,0,0,-15,0,0,0,0,-17.5,0,0,0,0,-0.00229183,0,0,0,0,0,0,0,0,0,1,79,55,0,0.00034,0.00034,3,5,0,0,0,0,0,0,0,0,0,0,1,0,1,0,0,0,0,0,0,0,0,,0,0,0,0,
2,3.36,0,14.65,40,0,0,0,4.4,0,0,0,0,-5.5,0,0,0,0,-0.00229183,0,0,0,0,0,0,0,0,0,1,89,55,0,0.00034,0.00034,3,0,0,0,0,0,0,0,0,0,0,0,1,0,1,0,0,0,0,0,0,0,0,,0,0,0,0,
3,5.41,0,11.2,24,0,0,0,11.25,0,0,0,0,-25,0,0,0,0,-0.00229183,0,0,0,0,0,0,0,0,0,1,69,55,0,0.00034,0.00034,3,5,0,0,0,0,0,0,0,0,0,0,1,0,1,0,0,0,0,0,0,0,0,,0,0,0,0,
4,5.76,0,-45.8,29,0,0,0,5.9,0,0,0,0,-3,0,0,0,0,-0.00229183,0,0,0,0,0,0,0,0,0,1,73,55,0,0.00034,0.00034,3,5,0,0,0,0,0,0,0,0,0,0,1,0,1,0,0,0,0,0,0,0,0,,0,0,0,0,
5,6.2,0,17.2,29,0,0,0,-2.3,0,0,0,0,-16,0,0,0,0,-0.00229183,0,0,0,0,0,0,0,0,0,1,74,55,0,0.00034,0.00034,3,5,0,0,0,0,0,0,0,0,0,0,1,0,1,0,0,0,0,0,0,0,0,,0,0,0,0,
END,Total:6
START,FrameNb:3,CameraNb:0,HeSaiNb:0,ARS410Nb:0
2026/08/02 21:35:30:464---->
heightOffset:0,1785677730464,238608,selfCaliBufCnt:0,selfAccObjCnt:0,selfAccAngle:0,installHAngleOffset:0,Interpolation:0,installVAngleOffset:0,radarOffsetH:0,radarOffsetV:0.32,Polynom:-0.001023;-0.0511;-2.047;0;0;0;-0.001023;-0.0511;-2.047;-25.5;0;0,WheelDirection:0;0;0;0,selfAngleOffset:0,selfAngleOffsetPit:0,currCaliAngleHrz:0,currCaliAnglePit:0,selfCaliAngleHrz:0,selfCaliAnglePit:0,servCaliAngleHrz:0,servCaliAnglePit:0,offlineCaliAngleHrz:0,offlineCaliAnglePit:0,determine2useFlag:0,IMU_Z_Accel:-21.592,IMU_X_AngularRate:-2.093,IMU_Y_AngularRate:-2.093,IMU_RollAngle:-180,IMU_PitchAngle:-180,IMU_YawAngle:-180,FcwID:0,FCWWarningLevel:0,FCWTTC:0
0,1.98,0,16.55,38,0,0,0,7.7,1.25452e-34,0,0,0,-7,0,0,0,0,-0.00229183,0,0,0,0,0,0,0,0,0,1,87,60,0,0.00034,0.00034,3,5,0,0,0,0,0,0,0,0,0,0,1,0,0,0,0,0,0,0,0,0,0,,0,0,0,0,
1,2.9,0,-7.1,29.5,0,0,0,-15,0,0,0,0,-17.5,0,0,0,0,-0.00229183,0,0,0,0,0,0,0,0,0,1,79,60,0,0.00034,0.00034,3,5,0,0,0,0,0,0,0,0,0,0,1,0,0,0,0,0,0,0,0,0,0,,0,0,0,0,
2,3.37,0,14.7,40,0,0,0,4.8,0,0,0,0,-5.5,0,0,0,0,-0.00229183,0,0,0,0,0,0,0,0,0,1,88,60,0,0.00034,0.00034,3,0,0,0,0,0,0,0,0,0,0,0,1,0,0,0,0,0,0,0,0,0,0,,0,0,0,0,
3,5.41,0,11.15,24,0,0,0,11,0,0,0,0,-24.5,0,0,0,0,-0.00229183,0,0,0,0,0,0,0,0,0,1,69,60,0,0.00034,0.00034,3,5,0,0,0,0,0,0,0,0,0,0,1,0,0,0,0,0,0,0,0,0,0,,0,0,0,0,
4,5.76,0,14.1,28.5,0,0,0,-0.8,0,0,0,0,-18.5,0,0,0,0,-0.00229183,0,0,0,0,0,0,0,0,0,1,74,60,0,0.00034,0.00034,3,5,0,0,0,0,0,0,0,0,0,0,1,0,0,0,0,0,0,0,0,0,0,,0,0,0,0,
5,6.21,0,17.2,29,0,0,0,-2.3,0,0,0,0,-16,0,0,0,0,-0.00229183,0,0,0,0,0,0,0,0,0,1,74,60,0,0.00034,0.00034,3,5,0,0,0,0,0,0,0,0,0,0,1,0,0,0,0,0,0,0,0,0,0,,0,0,0,0,
END,Total:6
START,FrameNb:4,CameraNb:0,HeSaiNb:0,ARS410Nb:0
2026/08/02 21:35:30:524---->
heightOffset:0,1785677730524,238672,selfCaliBufCnt:0,selfAccObjCnt:0,selfAccAngle:0,installHAngleOffset:0,Interpolation:0,installVAngleOffset:0,radarOffsetH:0,radarOffsetV:0.32,Polynom:-0.001023;-0.0511;-2.047;0;0;0;-0.001023;-0.0511;-2.047;-25.5;0;0,WheelDirection:0;0;0;0,selfAngleOffset:0,selfAngleOffsetPit:0,currCaliAngleHrz:0,currCaliAnglePit:0,selfCaliAngleHrz:0,selfCaliAnglePit:0,servCaliAngleHrz:0,servCaliAnglePit:0,offlineCaliAngleHrz:0,offlineCaliAnglePit:0,determine2useFlag:0,IMU_Z_Accel:-21.592,IMU_X_AngularRate:-2.093,IMU_Y_AngularRate:-2.093,IMU_RollAngle:-180,IMU_PitchAngle:-180,IMU_YawAngle:-180,FcwID:0,FCWWarningLevel:0,FCWTTC:0
0,1.99,0,16.55,38,0,0,0,7.7,1.25452e-34,0,0,0,-7,0,0,0,0,-0.00229183,0,0,0,0,0,0,0,0,0,1,87,58,0,0.00034,0.00034,3,5,0,0,0,0,0,0,0,0,0,0,1,0,1,0,0,0,0,0,0,0,0,,0,0,0,0,
1,2.89,0,-7.15,29.5,0,0,0,-15,0,0,0,0,-17.5,0,0,0,0,-0.00229183,0,0,0,0,0,0,0,0,0,1,78,58,0,0.00034,0.00034,3,5,0,0,0,0,0,0,0,0,0,0,1,0,1,0,0,0,0,0,0,0,0,,0,0,0,0,
2,3.36,0,14.6,40,0,0,0,4.3,0,0,0,0,-5.5,0,0,0,0,-0.00229183,0,0,0,0,0,0,0,0,0,1,89,58,0,0.00034,0.00034,3,0,0,0,0,0,0,0,0,0,0,0,1,0,1,0,0,0,0,0,0,0,0,,0,0,0,0,
3,5.39,0,11.15,24,0,0,0,11.4,0,0,0,0,-24.5,0,0,0,0,-0.00229183,0,0,0,0,0,0,0,0,0,1,69,58,0,0.00034,0.00034,3,5,0,0,0,0,0,0,0,0,0,0,1,0,1,0,0,0,0,0,0,0,0,,0,0,0,0,
4,5.73,0,-45.6,28.5,0,0,0,5.75,0,0,0,0,-3,0,0,0,0,-0.00229183,0,0,0,0,0,0,0,0,0,1,73,58,0,0.00034,0.00034,3,5,0,0,0,0,0,0,0,0,0,0,1,0,1,0,0,0,0,0,0,0,0,,0,0,0,0,
5,6.22,0,17.3,29,0,0,0,-2.7,0,0,0,0,-15.5,0,0,0,0,-0.00229183,0,0,0,0,0,0,0,0,0,1,74,58,0,0.00034,0.00034,3,5,0,0,0,0,0,0,0,0,0,0,1,0,1,0,0,0,0,0,0,0,0,,0,0,0,0,
END,Total:6
START,FrameNb:5,CameraNb:0,HeSaiNb:0,ARS410Nb:0
2026/08/02 21:35:30:577---->
heightOffset:0,1785677730577,238728,selfCaliBufCnt:0,selfAccObjCnt:0,selfAccAngle:0,installHAngleOffset:0,Interpolation:0,installVAngleOffset:0,radarOffsetH:0,radarOffsetV:0.32,Polynom:-0.001023;-0.0511;-2.047;0;0;0;-0.001023;-0.0511;-2.047;-25.5;0;0,WheelDirection:0;0;0;0,selfAngleOffset:0,selfAngleOffsetPit:0,currCaliAngleHrz:0,currCaliAnglePit:0,selfCaliAngleHrz:0,selfCaliAnglePit:0,servCaliAngleHrz:0,servCaliAnglePit:0,offlineCaliAngleHrz:0,offlineCaliAnglePit:0,determine2useFlag:0,IMU_Z_Accel:-21.592,IMU_X_AngularRate:-2.093,IMU_Y_AngularRate:-2.093,IMU_RollAngle:-180,IMU_PitchAngle:-180,IMU_YawAngle:-180,FcwID:0,FCWWarningLevel:0,FCWTTC:0
0,1.98,0,16.55,38,0,0,0,7.7,1.25452e-34,0,0,0,-7,0,0,0,0,-0.00229183,0,0,0,0,0,0,0,0,0,1,87,60,0,0.00034,0.00034,3,5,0,0,0,0,0,0,0,0,0,0,1,0,0,0,0,0,0,0,0,0,0,,0,0,0,0,
1,2.91,0,-7.05,29.5,0,0,0,-15,0,0,0,0,-17.5,0,0,0,0,-0.00229183,0,0,0,0,0,0,0,0,0,1,78,60,0,0.00034,0.00034,3,5,0,0,0,0,0,0,0,0,0,0,1,0,0,0,0,0,0,0,0,0,0,,0,0,0,0,
2,3.36,0,14.55,40,0,0,0,4.3,0,0,0,0,-5.5,0,0,0,0,-0.00229183,0,0,0,0,0,0,0,0,0,1,89,60,0,0.00034,0.00034,3,0,0,0,0,0,0,0,0,0,0,0,1,0,0,0,0,0,0,0,0,0,0,,0,0,0,0,
3,5.37,0,11,24,0,0,0,10.9,0,0,0,0,-24.5,0,0,0,0,-0.00229183,0,0,0,0,0,0,0,0,0,1,69,60,0,0.00034,0.00034,3,5,0,0,0,0,0,0,0,0,0,0,1,0,0,0,0,0,0,0,0,0,0,,0,0,0,0,
4,5.75,0,-44.55,29,0,0,0,5.8,0,0,0,0,-3.5,0,0,0,0,-0.00229183,0,0,0,0,0,0,0,0,0,1,74,60,0,0.00034,0.00034,3,5,0,0,0,0,0,0,0,0,0,0,1,0,0,0,0,0,0,0,0,0,0,,0,0,0,0,
5,6.22,0,17.2,29,0,0,0,-2.3,0,0,0,0,-15.5,0,0,0,0,-0.00229183,0,0,0,0,0,0,0,0,0,1,74,60,0,0.00034,0.00034,3,5,0,0,0,0,0,0,0,0,0,0,1,0,0,0,0,0,0,0,0,0,0,,0,0,0,0,
END,Total:6
START,FrameNb:6,CameraNb:0,HeSaiNb:0,ARS410Nb:0
2026/08/02 21:35:30:617---->
heightOffset:0,1785677730617,238784,selfCaliBufCnt:0,selfAccObjCnt:0,selfAccAngle:0,installHAngleOffset:0,Interpolation:0,installVAngleOffset:0,radarOffsetH:0,radarOffsetV:0.32,Polynom:-0.001023;-0.0511;-2.047;0;0;0;-0.001023;-0.0511;-2.047;-25.5;0;0,WheelDirection:0;0;0;0,selfAngleOffset:0,selfAngleOffsetPit:0,currCaliAngleHrz:0,currCaliAnglePit:0,selfCaliAngleHrz:0,selfCaliAnglePit:0,servCaliAngleHrz:0,servCaliAnglePit:0,offlineCaliAngleHrz:0,offlineCaliAnglePit:0,determine2useFlag:0,IMU_Z_Accel:-21.592,IMU_X_AngularRate:-2.093,IMU_Y_AngularRate:-2.093,IMU_RollAngle:-180,IMU_PitchAngle:-180,IMU_YawAngle:-180,FcwID:0,FCWWarningLevel:0,FCWTTC:0
0,1.99,0,16.55,38,0,0,0,7.7,1.25452e-34,0,0,0,-7,0,0,0,0,-0.00229183,0,0,0,0,0,0,0,0,0,1,87,54,0,0.00034,0.00034,3,5,0,0,0,0,0,0,0,0,0,0,1,0,1,0,0,0,0,0,0,0,0,,0,0,0,0,
1,2.86,0,-7.1,29.5,0,0,0,-15,0,0,0,0,-18,0,0,0,0,-0.00229183,0,0,0,0,0,0,0,0,0,1,78,54,0,0.00034,0.00034,3,5,0,0,0,0,0,0,0,0,0,0,1,0,1,0,0,0,0,0,0,0,0,,0,0,0,0,
2,3.36,0,14.55,40,0,0,0,4.3,0,0,0,0,-5.5,0,0,0,0,-0.00229183,0,0,0,0,0,0,0,0,0,1,89,54,0,0.00034,0.00034,3,0,0,0,0,0,0,0,0,0,0,0,1,0,1,0,0,0,0,0,0,0,0,,0,0,0,0,
3,5.76,0,-45.5,28.5,0,0,0,5.8,0,0,0,0,-3,0,0,0,0,-0.00229183,0,0,0,0,0,0,0,0,0,1,73,54,0,0.00034,0.00034,3,5,0,0,0,0,0,0,0,0,0,0,1,0,1,0,0,0,0,0,0,0,0,,0,0,0,0,
4,6.21,0,17.3,29,0,0,0,-2.45,0,0,0,0,-16,0,0,0,0,-0.00229183,0,0,0,0,0,0,0,0,0,1,74,54,0,0.00034,0.00034,3,5,0,0,0,0,0,0,0,0,0,0,1,0,1,0,0,0,0,0,0,0,0,,0,0,0,0,
END,Total:5
START,FrameNb:7,CameraNb:0,HeSaiNb:0,ARS410Nb:0
2026/08/02 21:35:30:669---->
heightOffset:0,1785677730669,238840,selfCaliBufCnt:0,selfAccObjCnt:0,selfAccAngle:0,installHAngleOffset:0,Interpolation:0,installVAngleOffset:0,radarOffsetH:0,radarOffsetV:0.32,Polynom:-0.001023;-0.0511;-2.047;0;0;0;-0.001023;-0.0511;-2.047;-25.5;0;0,WheelDirection:0;0;0;0,selfAngleOffset:0,selfAngleOffsetPit:0,currCaliAngleHrz:0,currCaliAnglePit:0,selfCaliAngleHrz:0,selfCaliAnglePit:0,servCaliAngleHrz:0,servCaliAnglePit:0,offlineCaliAngleHrz:0,offlineCaliAnglePit:0,determine2useFlag:0,IMU_Z_Accel:-21.592,IMU_X_AngularRate:-2.093,IMU_Y_AngularRate:-2.093,IMU_RollAngle:-180,IMU_PitchAngle:-180,IMU_YawAngle:-180,FcwID:0,FCWWarningLevel:0,FCWTTC:0
0,1.98,0,16.55,37.5,0,0,0,7.7,1.25452e-34,0,0,0,-7,0,0,0,0,-0.00229183,0,0,0,0,0,0,0,0,0,1,87,57,0,0.00034,0.00034,3,5,0,0,0,0,0,0,0,0,0,0,1,0,0,0,0,0,0,0,0,0,0,,0,0,0,0,
1,2.93,0,-7.1,29.5,0,0,0,-15,0,0,0,0,-17.5,0,0,0,0,-0.00229183,0,0,0,0,0,0,0,0,0,1,78,57,0,0.00034,0.00034,3,7,0,0,0,0,0,0,0,0,0,0,1,0,0,0,0,0,0,0,0,0,0,,0,0,0,0,
2,3.36,0,14.55,40,0,0,0,4.4,0,0,0,0,-5.5,0,0,0,0,-0.00229183,0,0,0,0,0,0,0,0,0,1,89,57,0,0.00034,0.00034,3,0,0,0,0,0,0,0,0,0,0,0,1,0,0,0,0,0,0,0,0,0,0,,0,0,0,0,
3,5.41,0,11.2,24,0,0,0,10.95,0,0,0,0,-24.5,0,0,0,0,-0.00229183,0,0,0,0,0,0,0,0,0,1,69,57,0,0.00034,0.00034,3,5,0,0,0,0,0,0,0,0,0,0,1,0,0,0,0,0,0,0,0,0,0,,0,0,0,0,
4,5.73,0,14.15,28.5,0,0,0,-0.95,0,0,0,0,-18.5,0,0,0,0,-0.00229183,0,0,0,0,0,0,0,0,0,1,74,57,0,0.00034,0.00034,3,5,0,0,0,0,0,0,0,0,0,0,1,0,0,0,0,0,0,0,0,0,0,,0,0,0,0,
5,6.22,0,17.4,29,0,0,0,-2.45,0,0,0,0,-16,0,0,0,0,-0.00229183,0,0,0,0,0,0,0,0,0,1,74,57,0,0.00034,0.00034,3,5,0,0,0,0,0,0,0,0,0,0,1,0,0,0,0,0,0,0,0,0,0,,0,0,0,0,
END,Total:6
START,FrameNb:8,CameraNb:0,HeSaiNb:0,ARS410Nb:0
2026/08/02 21:35:30:772---->
heightOffset:0,1785677730772,238896,selfCaliBufCnt:0,selfAccObjCnt:0,selfAccAngle:0,installHAngleOffset:0,Interpolation:0,installVAngleOffset:0,radarOffsetH:0,radarOffsetV:0.32,Polynom:-0.001023;-0.0511;-2.047;0;0;0;-0.001023;-0.0511;-2.047;-25.5;0;0,WheelDirection:0;0;0;0,selfAngleOffset:0,selfAngleOffsetPit:0,currCaliAngleHrz:0,currCaliAnglePit:0,selfCaliAngleHrz:0,selfCaliAnglePit:0,servCaliAngleHrz:0,servCaliAnglePit:0,offlineCaliAngleHrz:0,offlineCaliAnglePit:0,determine2useFlag:0,IMU_Z_Accel:-21.592,IMU_X_AngularRate:-2.093,IMU_Y_AngularRate:-2.093,IMU_RollAngle:-180,IMU_PitchAngle:-180,IMU_YawAngle:-180,FcwID:0,FCWWarningLevel:0,FCWTTC:0
0,1.99,0,16.55,37.5,0,0,0,7.7,1.25452e-34,0,0,0,-7,0,0,0,0,-0.00229183,0,0,0,0,0,0,0,0,0,1,87,54,0,0.00034,0.00034,3,5,0,0,0,0,0,0,0,0,0,0,1,0,1,0,0,0,0,0,0,0,0,,0,0,0,0,
1,2.93,0,-7.15,29.5,0,0,0,-15,0,0,0,0,-17.5,0,0,0,0,-0.00229183,0,0,0,0,0,0,0,0,0,1,79,54,0,0.00034,0.00034,3,5,0,0,0,0,0,0,0,0,0,0,1,0,1,0,0,0,0,0,0,0,0,,0,0,0,0,
2,3.36,0,14.55,40,0,0,0,4.4,0,0,0,0,-5.5,0,0,0,0,-0.00229183,0,0,0,0,0,0,0,0,0,1,89,54,0,0.00034,0.00034,3,0,0,0,0,0,0,0,0,0,0,0,1,0,1,0,0,0,0,0,0,0,0,,0,0,0,0,
3,5.71,0,-46.1,28.5,0,0,0,5.9,0,0,0,0,-2,0,0,0,0,-0.00229183,0,0,0,0,0,0,0,0,0,1,73,54,0,0.00034,0.00034,3,5,0,0,0,0,0,0,0,0,0,0,1,0,1,0,0,0,0,0,0,0,0,,0,0,0,0,
4,6.22,0,17.35,28.5,0,0,0,-2.7,0,0,0,0,-16,0,0,0,0,-0.00229183,0,0,0,0,0,0,0,0,0,1,74,54,0,0.00034,0.00034,3,5,0,0,0,0,0,0,0,0,0,0,1,0,1,0,0,0,0,0,0,0,0,,0,0,0,0,
END,Total:5
START,FrameNb:9,CameraNb:0,HeSaiNb:0,ARS410Nb:0
2026/08/02 21:35:30:823---->
heightOffset:0,1785677730823,238952,selfCaliBufCnt:0,selfAccObjCnt:0,selfAccAngle:0,installHAngleOffset:0,Interpolation:0,installVAngleOffset:0,radarOffsetH:0,radarOffsetV:0.32,Polynom:-0.001023;-0.0511;-2.047;0;0;0;-0.001023;-0.0511;-2.047;-25.5;0;0,WheelDirection:0;0;0;0,selfAngleOffset:0,selfAngleOffsetPit:0,currCaliAngleHrz:0,currCaliAnglePit:0,selfCaliAngleHrz:0,selfCaliAnglePit:0,servCaliAngleHrz:0,servCaliAnglePit:0,offlineCaliAngleHrz:0,offlineCaliAnglePit:0,determine2useFlag:0,IMU_Z_Accel:-21.592,IMU_X_AngularRate:-2.093,IMU_Y_AngularRate:-2.093,IMU_RollAngle:-180,IMU_PitchAngle:-180,IMU_YawAngle:-180,FcwID:0,FCWWarningLevel:0,FCWTTC:0
0,1.98,0,16.55,38,0,0,0,7.7,1.25452e-34,0,0,0,-7,0,0,0,0,-0.00229183,0,0,0,0,0,0,0,0,0,1,87,58,0,0.00034,0.00034,3,5,0,0,0,0,0,0,0,0,0,0,1,0,0,0,0,0,0,0,0,0,0,,0,0,0,0,
1,2.93,0,-7.15,29.5,0,0,0,-9.55,0,0,0,0,-17.5,0,0,0,0,-0.00229183,0,0,0,0,0,0,0,0,0,1,79,58,0,0.00034,0.00034,3,5,0,0,0,0,0,0,0,0,0,0,1,0,0,0,0,0,0,0,0,0,0,,0,0,0,0,
2,3.36,0,14.55,40,0,0,0,4.4,0,0,0,0,-5.5,0,0,0,0,-0.00229183,0,0,0,0,0,0,0,0,0,1,89,58,0,0.00034,0.00034,3,0,0,0,0,0,0,0,0,0,0,0,1,0,0,0,0,0,0,0,0,0,0,,0,0,0,0,
3,5.34,0,11.15,24,0,0,0,11.05,0,0,0,0,-25,0,0,0,0,-0.00229183,0,0,0,0,0,0,0,0,0,1,69,58,0,0.00034,0.00034,3,5,0,0,0,0,0,0,0,0,0,0,1,0,0,0,0,0,0,0,0,0,0,,0,0,0,0,
4,5.72,0,14,29,0,0,0,-1,0,0,0,0,-18.5,0,0,0,0,-0.00229183,0,0,0,0,0,0,0,0,0,1,74,58,0,0.00034,0.00034,3,5,0,0,0,0,0,0,0,0,0,0,1,0,0,0,0,0,0,0,0,0,0,,0,0,0,0,
5,6.22,0,17.35,28.5,0,0,0,-2.55,0,0,0,0,-16,0,0,0,0,-0.00229183,0,0,0,0,0,0,0,0,0,1,74,58,0,0.00034,0.00034,3,5,0,0,0,0,0,0,0,0,0,0,1,0,0,0,0,0,0,0,0,0,0,,0,0,0,0,
END,Total:6
START,FrameNb:10,CameraNb:0,HeSaiNb:0,ARS410Nb:0
2026/08/02 21:35:30:869---->
heightOffset:0,1785677730869,239008,selfCaliBufCnt:0,selfAccObjCnt:0,selfAccAngle:0,installHAngleOffset:0,Interpolation:0,installVAngleOffset:0,radarOffsetH:0,radarOffsetV:0.32,Polynom:-0.001023;-0.0511;-2.047;0;0;0;-0.001023;-0.0511;-2.047;-25.5;0;0,WheelDirection:0;0;0;0,selfAngleOffset:0,selfAngleOffsetPit:0,currCaliAngleHrz:0,currCaliAnglePit:0,selfCaliAngleHrz:0,selfCaliAnglePit:0,servCaliAngleHrz:0,servCaliAnglePit:0,offlineCaliAngleHrz:0,offlineCaliAnglePit:0,determine2useFlag:0,IMU_Z_Accel:-21.592,IMU_X_AngularRate:-2.093,IMU_Y_AngularRate:-2.093,IMU_RollAngle:-180,IMU_PitchAngle:-180,IMU_YawAngle:-180,FcwID:0,FCWWarningLevel:0,FCWTTC:0
0,1.99,0,16.55,38,0,0,0,7.7,1.25452e-34,0,0,0,-7,0,0,0,0,-0.00229183,0,0,0,0,0,0,0,0,0,1,87,53,0,0.00034,0.00034,3,5,0,0,0,0,0,0,0,0,0,0,1,0,1,0,0,0,0,0,0,0,0,,0,0,0,0,
1,2.94,0,-7.15,29.5,0,0,0,-15,0,0,0,0,-17.5,0,0,0,0,-0.00229183,0,0,0,0,0,0,0,0,0,1,79,53,0,0.00034,0.00034,3,5,0,0,0,0,0,0,0,0,0,0,1,0,1,0,0,0,0,0,0,0,0,,0,0,0,0,
2,3.36,0,14.55,40,0,0,0,4.4,0,0,0,0,-5.5,0,0,0,0,-0.00229183,0,0,0,0,0,0,0,0,0,1,89,53,0,0.00034,0.00034,3,0,0,0,0,0,0,0,0,0,0,0,1,0,1,0,0,0,0,0,0,0,0,,0,0,0,0,
3,5.71,0,13.95,28.5,0,0,0,-1,0,0,0,0,-19,0,0,0,0,-0.00229183,0,0,0,0,0,0,0,0,0,1,73,53,0,0.00034,0.00034,3,5,0,0,0,0,0,0,0,0,0,0,1,0,1,0,0,0,0,0,0,0,0,,0,0,0,0,
4,6.21,0,17.4,29,0,0,0,-2.6,0,0,0,0,-16,0,0,0,0,-0.00229183,0,0,0,0,0,0,0,0,0,1,74,53,0,0.00034,0.00034,3,5,0,0,0,0,0,0,0,0,0,0,1,0,1,0,0,0,0,0,0,0,0,,0,0,0,0,
END,Total:5
START,FrameNb:11,CameraNb:0,HeSaiNb:0,ARS410Nb:0
2026/08/02 21:35:30:915---->
heightOffset:0,1785677730915,239068,selfCaliBufCnt:0,selfAccObjCnt:0,selfAccAngle:0,installHAngleOffset:0,Interpolation:0,installVAngleOffset:0,radarOffsetH:0,radarOffsetV:0.32,Polynom:-0.001023;-0.0511;-2.047;0;0;0;-0.001023;-0.0511;-2.047;-25.5;0;0,WheelDirection:0;0;0;0,selfAngleOffset:0,selfAngleOffsetPit:0,currCaliAngleHrz:0,currCaliAnglePit:0,selfCaliAngleHrz:0,selfCaliAnglePit:0,servCaliAngleHrz:0,servCaliAnglePit:0,offlineCaliAngleHrz:0,offlineCaliAnglePit:0,determine2useFlag:0,IMU_Z_Accel:-21.592,IMU_X_AngularRate:-2.093,IMU_Y_AngularRate:-2.093,IMU_RollAngle:-180,IMU_PitchAngle:-180,IMU_YawAngle:-180,FcwID:0,FCWWarningLevel:0,FCWTTC:0
0,1.99,0,16.55,37.5,0,0,0,7.7,1.25452e-34,0,0,0,-7,0,0,0,0,-0.00229183,0,0,0,0,0,0,0,0,0,1,87,63,0,0.00034,0.00034,3,5,0,0,0,0,0,0,0,0,0,0,1,0,0,0,0,0,0,0,0,0,0,,0,0,0,0,
1,2.93,0,-7.1,29.5,0,0,0,-15,0,0,0,0,-17.5,0,0,0,0,-0.00229183,0,0,0,0,0,0,0,0,0,1,79,63,0,0.00034,0.00034,3,5,0,0,0,0,0,0,0,0,0,0,1,0,0,0,0,0,0,0,0,0,0,,0,0,0,0,
2,3.37,0,14.65,40,0,0,0,4.8,0,0,0,0,-5.5,0,0,0,0,-0.00229183,0,0,0,0,0,0,0,0,0,1,88,63,0,0.00034,0.00034,3,0,0,0,0,0,0,0,0,0,0,0,1,0,0,0,0,0,0,0,0,0,0,,0,0,0,0,
3,5.35,0,11,24,0,0,0,11.25,0,0,0,0,-24.5,0,0,0,0,-0.00229183,0,0,0,0,0,0,0,0,0,1,69,63,0,0.00034,0.00034,3,5,0,0,0,0,0,0,0,0,0,0,1,0,0,0,0,0,0,0,0,0,0,,0,0,0,0,
4,5.74,0,13.95,28.5,0,0,0,-0.7,0,0,0,0,-18.5,0,0,0,0,-0.00229183,0,0,0,0,0,0,0,0,0,1,74,63,0,0.00034,0.00034,3,5,0,0,0,0,0,0,0,0,0,0,1,0,0,0,0,0,0,0,0,0,0,,0,0,0,0,
5,6.22,0,17.45,28.5,0,0,0,-2.45,0,0,0,0,-16,0,0,0,0,-0.00229183,0,0,0,0,0,0,0,0,0,1,74,63,0,0.00034,0.00034,3,5,0,0,0,0,0,0,0,0,0,0,1,0,0,0,0,0,0,0,0,0,0,,0,0,0,0,
END,Total:6
START,FrameNb:12,CameraNb:0,HeSaiNb:0,ARS410Nb:0
2026/08/02 21:35:30:972---->
heightOffset:0,1785677730972,239128,selfCaliBufCnt:0,selfAccObjCnt:0,selfAccAngle:0,installHAngleOffset:0,Interpolation:0,installVAngleOffset:0,radarOffsetH:0,radarOffsetV:0.32,Polynom:-0.001023;-0.0511;-2.047;0;0;0;-0.001023;-0.0511;-2.047;-25.5;0;0,WheelDirection:0;0;0;0,selfAngleOffset:0,selfAngleOffsetPit:0,currCaliAngleHrz:0,currCaliAnglePit:0,selfCaliAngleHrz:0,selfCaliAnglePit:0,servCaliAngleHrz:0,servCaliAnglePit:0,offlineCaliAngleHrz:0,offlineCaliAnglePit:0,determine2useFlag:0,IMU_Z_Accel:-21.592,IMU_X_AngularRate:-2.093,IMU_Y_AngularRate:-2.093,IMU_RollAngle:-180,IMU_PitchAngle:-180,IMU_YawAngle:-180,FcwID:0,FCWWarningLevel:0,FCWTTC:0
0,1.99,0,16.55,38,0,0,0,7.7,1.25452e-34,0,0,0,-7,0,0,0,0,-0.00229183,0,0,0,0,0,0,0,0,0,1,87,58,0,0.00034,0.00034,3,5,0,0,0,0,0,0,0,0,0,0,1,0,1,0,0,0,0,0,0,0,0,,0,0,0,0,
1,2.89,0,-7.15,30,0,0,0,-15,0,0,0,0,-17,0,0,0,0,-0.00229183,0,0,0,0,0,0,0,0,0,1,79,58,0,0.00034,0.00034,3,5,0,0,0,0,0,0,0,0,0,0,1,0,1,0,0,0,0,0,0,0,0,,0,0,0,0,
2,3.35,0,14.55,40,0,0,0,4.45,0,0,0,0,-5,0,0,0,0,-0.00229183,0,0,0,0,0,0,0,0,0,1,89,58,0,0.00034,0.00034,3,0,0,0,0,0,0,0,0,0,0,0,1,0,1,0,0,0,0,0,0,0,0,,0,0,0,0,
3,5.77,0,-46,28.5,0,0,0,5.95,0,0,0,0,-2,0,0,0,0,-0.00229183,0,0,0,0,0,0,0,0,0,1,73,58,0,0.00034,0.00034,3,5,0,0,0,0,0,0,0,0,0,0,1,0,1,0,0,0,0,0,0,0,0,,0,0,0,0,
4,6.21,0,17.55,29,0,0,0,-2.55,0,0,0,0,-16,0,0,0,0,-0.00229183,0,0,0,0,0,0,0,0,0,1,74,58,0,0.00034,0.00034,3,5,0,0,0,0,0,0,0,0,0,0,1,0,1,0,0,0,0,0,0,0,0,,0,0,0,0,
END,Total:5
START,FrameNb:13,CameraNb:0,HeSaiNb:0,ARS410Nb:0
2026/08/02 21:35:31:017---->
heightOffset:0,1785677731017,239180,selfCaliBufCnt:0,selfAccObjCnt:0,selfAccAngle:0,installHAngleOffset:0,Interpolation:0,installVAngleOffset:0,radarOffsetH:0,radarOffsetV:0.32,Polynom:-0.001023;-0.0511;-2.047;0;0;0;-0.001023;-0.0511;-2.047;-25.5;0;0,WheelDirection:0;0;0;0,selfAngleOffset:0,selfAngleOffsetPit:0,currCaliAngleHrz:0,currCaliAnglePit:0,selfCaliAngleHrz:0,selfCaliAnglePit:0,servCaliAngleHrz:0,servCaliAnglePit:0,offlineCaliAngleHrz:0,offlineCaliAnglePit:0,determine2useFlag:0,IMU_Z_Accel:-21.592,IMU_X_AngularRate:-2.093,IMU_Y_AngularRate:-2.093,IMU_RollAngle:-180,IMU_PitchAngle:-180,IMU_YawAngle:-180,FcwID:0,FCWWarningLevel:0,FCWTTC:0
0,1.98,0,16.55,38,0,0,0,7.7,1.25452e-34,0,0,0,-7,0,0,0,0,-0.00229183,0,0,0,0,0,0,0,0,0,1,87,58,0,0.00034,0.00034,3,5,0,0,0,0,0,0,0,0,0,0,1,0,0,0,0,0,0,0,0,0,0,,0,0,0,0,
1,2.78,0,-7.1,30,0,0,0,-15,0,0,0,0,-17,0,0,0,0,-0.00229183,0,0,0,0,0,0,0,0,0,1,79,58,0,0.00034,0.00034,3,5,0,0,0,0,0,0,0,0,0,0,1,0,0,0,0,0,0,0,0,0,0,,0,0,0,0,
2,3.37,0,14.65,40.5,0,0,0,4.8,0,0,0,0,-5.5,0,0,0,0,-0.00229183,0,0,0,0,0,0,0,0,0,1,88,58,0,0.00034,0.00034,3,0,0,0,0,0,0,0,0,0,0,0,1,0,0,0,0,0,0,0,0,0,0,,0,0,0,0,
3,5.41,0,11.1,24,0,0,0,-0.6,0,0,0,0,-24.5,0,0,0,0,-0.00229183,0,0,0,0,0,0,0,0,0,1,69,58,0,0.00034,0.00034,3,5,0,0,0,0,0,0,0,0,0,0,1,0,0,0,0,0,0,0,0,0,0,,0,0,0,0,
4,5.75,0,14,28.5,0,0,0,-0.8,0,0,0,0,-19,0,0,0,0,-0.00229183,0,0,0,0,0,0,0,0,0,1,73,58,0,0.00034,0.00034,3,5,0,0,0,0,0,0,0,0,0,0,1,0,0,0,0,0,0,0,0,0,0,,0,0,0,0,
5,6.22,0,17.35,29,0,0,0,-2.55,0,0,0,0,-16,0,0,0,0,-0.00229183,0,0,0,0,0,0,0,0,0,1,74,58,0,0.00034,0.00034,3,5,0,0,0,0,0,0,0,0,0,0,1,0,0,0,0,0,0,0,0,0,0,,0,0,0,0,
END,Total:6
START,FrameNb:14,CameraNb:0,HeSaiNb:0,ARS410Nb:0
2026/08/02 21:35:31:081---->
heightOffset:0,1785677731081,239240,selfCaliBufCnt:0,selfAccObjCnt:0,selfAccAngle:0,installHAngleOffset:0,Interpolation:0,installVAngleOffset:0,radarOffsetH:0,radarOffsetV:0.32,Polynom:-0.001023;-0.0511;-2.047;0;0;0;-0.001023;-0.0511;-2.047;-25.5;0;0,WheelDirection:0;0;0;0,selfAngleOffset:0,selfAngleOffsetPit:0,currCaliAngleHrz:0,currCaliAnglePit:0,selfCaliAngleHrz:0,selfCaliAnglePit:0,servCaliAngleHrz:0,servCaliAnglePit:0,offlineCaliAngleHrz:0,offlineCaliAnglePit:0,determine2useFlag:0,IMU_Z_Accel:-21.592,IMU_X_AngularRate:-2.093,IMU_Y_AngularRate:-2.093,IMU_RollAngle:-180,IMU_PitchAngle:-180,IMU_YawAngle:-180,FcwID:0,FCWWarningLevel:0,FCWTTC:0
0,1.99,0,16.55,37.5,0,0,0,7.7,1.25452e-34,0,0,0,-7,0,0,0,0,-0.00229183,0,0,0,0,0,0,0,0,0,1,87,53,0,0.00034,0.00034,3,5,0,0,0,0,0,0,0,0,0,0,1,0,1,0,0,0,0,0,0,0,0,,0,0,0,0,
1,2.78,0,-7.15,30,0,0,0,-15,0,0,0,0,-17,0,0,0,0,-0.00229183,0,0,0,0,0,0,0,0,0,1,79,53,0,0.00034,0.00034,3,5,0,0,0,0,0,0,0,0,0,0,1,0,1,0,0,0,0,0,0,0,0,,0,0,0,0,
2,3.36,0,14.6,40,0,0,0,4.4,0,0,0,0,-5.5,0,0,0,0,-0.00229183,0,0,0,0,0,0,0,0,0,1,89,53,0,0.00034,0.00034,3,0,0,0,0,0,0,0,0,0,0,0,1,0,1,0,0,0,0,0,0,0,0,,0,0,0,0,
3,5.76,0,-44.8,28,0,0,0,5.8,0,0,0,0,-4,0,0,0,0,-0.00229183,0,0,0,0,0,0,0,0,0,1,73,53,0,0.00034,0.00034,3,5,0,0,0,0,0,0,0,0,0,0,1,0,1,0,0,0,0,0,0,0,0,,0,0,0,0,
4,6.21,0,17.35,29,0,0,0,-2.6,0,0,0,0,-15.5,0,0,0,0,-0.00229183,0,0,0,0,0,0,0,0,0,1,74,53,0,0.00034,0.00034,3,5,0,0,0,0,0,0,0,0,0,0,1,0,1,0,0,0,0,0,0,0,0,,0,0,0,0,
END,Total:5
START,FrameNb:15,CameraNb:0,HeSaiNb:0,ARS410Nb:0
2026/08/02 21:35:31:189---->
heightOffset:0,1785677731189,239292,selfCaliBufCnt:0,selfAccObjCnt:0,selfAccAngle:0,installHAngleOffset:0,Interpolation:0,installVAngleOffset:0,radarOffsetH:0,radarOffsetV:0.32,Polynom:-0.001023;-0.0511;-2.047;0;0;0;-0.001023;-0.0511;-2.047;-25.5;0;0,WheelDirection:0;0;0;0,selfAngleOffset:0,selfAngleOffsetPit:0,currCaliAngleHrz:0,currCaliAnglePit:0,selfCaliAngleHrz:0,selfCaliAnglePit:0,servCaliAngleHrz:0,servCaliAnglePit:0,offlineCaliAngleHrz:0,offlineCaliAnglePit:0,determine2useFlag:0,IMU_Z_Accel:-21.592,IMU_X_AngularRate:-2.093,IMU_Y_AngularRate:-2.093,IMU_RollAngle:-180,IMU_PitchAngle:-180,IMU_YawAngle:-180,FcwID:0,FCWWarningLevel:0,FCWTTC:0
0,1.98,0,16.55,38,0,0,0,7.7,1.25452e-34,0,0,0,-7,0,0,0,0,-0.00229183,0,0,0,0,0,0,0,0,0,1,87,57,0,0.00034,0.00034,3,5,0,0,0,0,0,0,0,0,0,0,1,0,0,0,0,0,0,0,0,0,0,,0,0,0,0,
1,2.78,0,69.2,30,0,0,0,2.45,0,0,0,0,21,0,0,0,0,-0.00229183,0,0,0,0,0,0,0,0,0,1,79,57,0,0.00034,0.00034,2,-1,0,0,0,0,0,0,0,0,0,0,1,0,0,0,0,0,0,0,0,0,0,,0,0,0,0,
2,3.37,0,14.65,40,0,0,0,4.8,0,0,0,0,-5.5,0,0,0,0,-0.00229183,0,0,0,0,0,0,0,0,0,1,88,57,0,0.00034,0.00034,3,0,0,0,0,0,0,0,0,0,0,0,1,0,0,0,0,0,0,0,0,0,0,,0,0,0,0,
3,5.41,0,11.3,24,0,0,0,-0.2,0,0,0,0,-25,0,0,0,0,-0.00229183,0,0,0,0,0,0,0,0,0,1,69,57,0,0.00034,0.00034,3,5,0,0,0,0,0,0,0,0,0,0,1,0,0,0,0,0,0,0,0,0,0,,0,0,0,0,
4,5.77,0,14.1,28.5,0,0,0,-0.75,0,0,0,0,-19,0,0,0,0,-0.00229183,0,0,0,0,0,0,0,0,0,1,73,57,0,0.00034,0.00034,3,5,0,0,0,0,0,0,0,0,0,0,1,0,0,0,0,0,0,0,0,0,0,,0,0,0,0,
5,6.22,0,17.4,29,0,0,0,-2.6,0,0,0,0,-15.5,0,0,0,0,-0.00229183,0,0,0,0,0,0,0,0,0,1,74,57,0,0.00034,0.00034,3,5,0,0,0,0,0,0,0,0,0,0,1,0,0,0,0,0,0,0,0,0,0,,0,0,0,0,
END,Total:6
START,FrameNb:16,CameraNb:0,HeSaiNb:0,ARS410Nb:0
2026/08/02 21:35:31:222---->
heightOffset:0,1785677731222,239352,selfCaliBufCnt:0,selfAccObjCnt:0,selfAccAngle:0,installHAngleOffset:0,Interpolation:0,installVAngleOffset:0,radarOffsetH:0,radarOffsetV:0.32,Polynom:-0.001023;-0.0511;-2.047;0;0;0;-0.001023;-0.0511;-2.047;-25.5;0;0,WheelDirection:0;0;0;0,selfAngleOffset:0,selfAngleOffsetPit:0,currCaliAngleHrz:0,currCaliAnglePit:0,selfCaliAngleHrz:0,selfCaliAnglePit:0,servCaliAngleHrz:0,servCaliAnglePit:0,offlineCaliAngleHrz:0,offlineCaliAnglePit:0,determine2useFlag:0,IMU_Z_Accel:-21.592,IMU_X_AngularRate:-2.093,IMU_Y_AngularRate:-2.093,IMU_RollAngle:-180,IMU_PitchAngle:-180,IMU_YawAngle:-180,FcwID:0,FCWWarningLevel:0,FCWTTC:0
0,1.98,0,16.55,37.5,0,0,0,7.7,1.25452e-34,0,0,0,-7,0,0,0,0,-0.00229183,0,0,0,0,0,0,0,0,0,1,87,54,0,0.00034,0.00034,3,5,0,0,0,0,0,0,0,0,0,0,1,0,1,0,0,0,0,0,0,0,0,,0,0,0,0,
1,2.77,0,-7.1,30,0,0,0,-15,0,0,0,0,-17,0,0,0,0,-0.00229183,0,0,0,0,0,0,0,0,0,1,79,54,0,0.00034,0.00034,3,7,0,0,0,0,0,0,0,0,0,0,1,0,1,0,0,0,0,0,0,0,0,,0,0,0,0,
2,3.36,0,14.65,40,0,0,0,4.3,0,0,0,0,-5.5,0,0,0,0,-0.00229183,0,0,0,0,0,0,0,0,0,1,89,54,0,0.00034,0.00034,3,0,0,0,0,0,0,0,0,0,0,0,1,0,1,0,0,0,0,0,0,0,0,,0,0,0,0,
3,5.78,0,-45.55,28,0,0,0,5.8,0,0,0,0,-3,0,0,0,0,-0.00229183,0,0,0,0,0,0,0,0,0,1,73,54,0,0.00034,0.00034,3,5,0,0,0,0,0,0,0,0,0,0,1,0,1,0,0,0,0,0,0,0,0,,0,0,0,0,
4,6.21,0,17.45,29,0,0,0,-2.7,0,0,0,0,-15.5,0,0,0,0,-0.00229183,0,0,0,0,0,0,0,0,0,1,74,54,0,0.00034,0.00034,3,5,0,0,0,0,0,0,0,0,0,0,1,0,1,0,0,0,0,0,0,0,0,,0,0,0,0,
END,Total:5
START,FrameNb:17,CameraNb:0,HeSaiNb:0,ARS410Nb:0
2026/08/02 21:35:31:269---->
heightOffset:0,1785677731269,239408,selfCaliBufCnt:0,selfAccObjCnt:0,selfAccAngle:0,installHAngleOffset:0,Interpolation:0,installVAngleOffset:0,radarOffsetH:0,radarOffsetV:0.32,Polynom:-0.001023;-0.0511;-2.047;0;0;0;-0.001023;-0.0511;-2.047;-25.5;0;0,WheelDirection:0;0;0;0,selfAngleOffset:0,selfAngleOffsetPit:0,currCaliAngleHrz:0,currCaliAnglePit:0,selfCaliAngleHrz:0,selfCaliAnglePit:0,servCaliAngleHrz:0,servCaliAnglePit:0,offlineCaliAngleHrz:0,offlineCaliAnglePit:0,determine2useFlag:0,IMU_Z_Accel:-21.592,IMU_X_AngularRate:-2.093,IMU_Y_AngularRate:-2.093,IMU_RollAngle:-180,IMU_PitchAngle:-180,IMU_YawAngle:-180,FcwID:0,FCWWarningLevel:0,FCWTTC:0
0,1.98,0,16.55,37.5,0,0,0,7.7,1.25452e-34,0,0,0,-7,0,0,0,0,-0.00229183,0,0,0,0,0,0,0,0,0,1,87,58,0,0.00034,0.00034,3,5,0,0,0,0,0,0,0,0,0,0,1,0,0,0,0,0,0,0,0,0,0,,0,0,0,0,
1,2.77,0,-7.1,30,0,0,0,-15,0,0,0,0,-17,0,0,0,0,-0.00229183,0,0,0,0,0,0,0,0,0,1,79,58,0,0.00034,0.00034,3,7,0,0,0,0,0,0,0,0,0,0,1,0,0,0,0,0,0,0,0,0,0,,0,0,0,0,
2,3.37,0,14.65,40,0,0,0,4.8,0,0,0,0,-5.5,0,0,0,0,-0.00229183,0,0,0,0,0,0,0,0,0,1,88,58,0,0.00034,0.00034,3,0,0,0,0,0,0,0,0,0,0,0,1,0,0,0,0,0,0,0,0,0,0,,0,0,0,0,
3,5.41,0,11.3,24,0,0,0,0,0,0,0,0,-25,0,0,0,0,-0.00229183,0,0,0,0,0,0,0,0,0,1,69,58,0,0.00034,0.00034,3,5,0,0,0,0,0,0,0,0,0,0,1,0,0,0,0,0,0,0,0,0,0,,0,0,0,0,
4,5.78,0,14.1,28.5,0,0,0,-0.6,0,0,0,0,-19,0,0,0,0,-0.00229183,0,0,0,0,0,0,0,0,0,1,73,58,0,0.00034,0.00034,3,5,0,0,0,0,0,0,0,0,0,0,1,0,0,0,0,0,0,0,0,0,0,,0,0,0,0,
5,6.21,0,17.45,29,0,0,0,-2.55,0,0,0,0,-15.5,0,0,0,0,-0.00229183,0,0,0,0,0,0,0,0,0,1,74,58,0,0.00034,0.00034,3,5,0,0,0,0,0,0,0,0,0,0,1,0,0,0,0,0,0,0,0,0,0,,0,0,0,0,
END,Total:6
START,FrameNb:18,CameraNb:0,HeSaiNb:0,ARS410Nb:0
2026/08/02 21:35:31:316---->
heightOffset:0,1785677731316,239468,selfCaliBufCnt:0,selfAccObjCnt:0,selfAccAngle:0,installHAngleOffset:0,Interpolation:0,installVAngleOffset:0,radarOffsetH:0,radarOffsetV:0.32,Polynom:-0.001023;-0.0511;-2.047;0;0;0;-0.001023;-0.0511;-2.047;-25.5;0;0,WheelDirection:0;0;0;0,selfAngleOffset:0,selfAngleOffsetPit:0,currCaliAngleHrz:0,currCaliAnglePit:0,selfCaliAngleHrz:0,selfCaliAnglePit:0,servCaliAngleHrz:0,servCaliAnglePit:0,offlineCaliAngleHrz:0,offlineCaliAnglePit:0,determine2useFlag:0,IMU_Z_Accel:-21.592,IMU_X_AngularRate:-2.093,IMU_Y_AngularRate:-2.093,IMU_RollAngle:-180,IMU_PitchAngle:-180,IMU_YawAngle:-180,FcwID:0,FCWWarningLevel:0,FCWTTC:0
0,1.98,0,16.55,37.5,0,0,0,7.75,1.25452e-34,0,0,0,-7,0,0,0,0,-0.00229183,0,0,0,0,0,0,0,0,0,1,87,59,0,0.00034,0.00034,3,5,0,0,0,0,0,0,0,0,0,0,1,0,1,0,0,0,0,0,0,0,0,,0,0,0,0,
1,2.78,0,-7.1,30,0,0,0,-15,0,0,0,0,-17,0,0,0,0,-0.00229183,0,0,0,0,0,0,0,0,0,1,79,59,0,0.00034,0.00034,3,7,0,0,0,0,0,0,0,0,0,0,1,0,1,0,0,0,0,0,0,0,0,,0,0,0,0,
2,3.36,0,14.65,40,0,0,0,4.4,0,0,0,0,-5.5,0,0,0,0,-0.00229183,0,0,0,0,0,0,0,0,0,1,89,59,0,0.00034,0.00034,3,0,0,0,0,0,0,0,0,0,0,0,1,0,1,0,0,0,0,0,0,0,0,,0,0,0,0,
3,5.78,0,-45.6,28,0,0,0,5.9,0,0,0,0,-3,0,0,0,0,-0.00229183,0,0,0,0,0,0,0,0,0,1,73,59,0,0.00034,0.00034,3,5,0,0,0,0,0,0,0,0,0,0,1,0,1,0,0,0,0,0,0,0,0,,0,0,0,0,
4,6.2,0,17.45,29,0,0,0,-2.55,0,0,0,0,-15.5,0,0,0,0,-0.00229183,0,0,0,0,0,0,0,0,0,1,74,59,0,0.00034,0.00034,3,5,0,0,0,0,0,0,0,0,0,0,1,0,1,0,0,0,0,0,0,0,0,,0,0,0,0,
END,Total:5
START,FrameNb:19,CameraNb:0,HeSaiNb:0,ARS410Nb:0
2026/08/02 21:35:31:374---->
heightOffset:0,1785677731374,239524,selfCaliBufCnt:0,selfAccObjCnt:0,selfAccAngle:0,installHAngleOffset:0,Interpolation:0,installVAngleOffset:0,radarOffsetH:0,radarOffsetV:0.32,Polynom:-0.001023;-0.0511;-2.047;0;0;0;-0.001023;-0.0511;-2.047;-25.5;0;0,WheelDirection:0;0;0;0,selfAngleOffset:0,selfAngleOffsetPit:0,currCaliAngleHrz:0,currCaliAnglePit:0,selfCaliAngleHrz:0,selfCaliAnglePit:0,servCaliAngleHrz:0,servCaliAnglePit:0,offlineCaliAngleHrz:0,offlineCaliAnglePit:0,determine2useFlag:0,IMU_Z_Accel:-21.592,IMU_X_AngularRate:-2.093,IMU_Y_AngularRate:-2.093,IMU_RollAngle:-180,IMU_PitchAngle:-180,IMU_YawAngle:-180,FcwID:0,FCWWarningLevel:0,FCWTTC:0
0,1.98,0,16.55,37.5,0,0,0,7.65,1.25452e-34,0,0,0,-7,0,0,0,0,-0.00229183,0,0,0,0,0,0,0,0,0,1,87,61,0,0.00034,0.00034,3,5,0,0,0,0,0,0,0,0,0,0,1,0,0,0,0,0,0,0,0,0,0,,0,0,0,0,
1,2.78,0,-7.1,30,0,0,0,-15,0,0,0,0,-17,0,0,0,0,-0.00229183,0,0,0,0,0,0,0,0,0,1,79,61,0,0.00034,0.00034,3,7,0,0,0,0,0,0,0,0,0,0,1,0,0,0,0,0,0,0,0,0,0,,0,0,0,0,
2,3.36,0,14.65,40,0,0,0,4.4,0,0,0,0,-5.5,0,0,0,0,-0.00229183,0,0,0,0,0,0,0,0,0,1,89,61,0,0.00034,0.00034,3,0,0,0,0,0,0,0,0,0,0,0,1,0,0,0,0,0,0,0,0,0,0,,0,0,0,0,
3,5.41,0,11.3,24,0,0,0,-0.2,0,0,0,0,-24.5,0,0,0,0,-0.00229183,0,0,0,0,0,0,0,0,0,1,69,61,0,0.00034,0.00034,3,5,0,0,0,0,0,0,0,0,0,0,1,0,0,0,0,0,0,0,0,0,0,,0,0,0,0,
4,5.78,0,14.15,28.5,0,0,0,-0.75,0,0,0,0,-19,0,0,0,0,-0.00229183,0,0,0,0,0,0,0,0,0,1,73,61,0,0.00034,0.00034,3,5,0,0,0,0,0,0,0,0,0,0,1,0,0,0,0,0,0,0,0,0,0,,0,0,0,0,
5,6.22,0,17.55,29,0,0,0,-2.55,0,0,0,0,-15.5,0,0,0,0,-0.00229183,0,0,0,0,0,0,0,0,0,1,74,61,0,0.00034,0.00034,3,5,0,0,0,0,0,0,0,0,0,0,1,0,0,0,0,0,0,0,0,0,0,,0,0,0,0,
END,Total:6
START,FrameNb:20,CameraNb:0,HeSaiNb:0,ARS410Nb:0
2026/08/02 21:35:31:423---->
heightOffset:0,1785677731423,239580,selfCaliBufCnt:0,selfAccObjCnt:0,selfAccAngle:0,installHAngleOffset:0,Interpolation:0,installVAngleOffset:0,radarOffsetH:0,radarOffsetV:0.32,Polynom:-0.001023;-0.0511;-2.047;0;0;0;-0.001023;-0.0511;-2.047;-25.5;0;0,WheelDirection:0;0;0;0,selfAngleOffset:0,selfAngleOffsetPit:0,currCaliAngleHrz:0,currCaliAnglePit:0,selfCaliAngleHrz:0,selfCaliAnglePit:0,servCaliAngleHrz:0,servCaliAnglePit:0,offlineCaliAngleHrz:0,offlineCaliAnglePit:0,determine2useFlag:0,IMU_Z_Accel:-21.592,IMU_X_AngularRate:-2.093,IMU_Y_AngularRate:-2.093,IMU_RollAngle:-180,IMU_PitchAngle:-180,IMU_YawAngle:-180,FcwID:0,FCWWarningLevel:0,FCWTTC:0
0,1.99,0,16.55,38,0,0,0,7.7,1.25452e-34,0,0,0,-7,0,0,0,0,-0.00229183,0,0,0,0,0,0,0,0,0,1,87,54,0,0.00034,0.00034,3,5,0,0,0,0,0,0,0,0,0,0,1,0,1,0,0,0,0,0,0,0,0,,0,0,0,0,
1,2.77,0,-7.05,30,0,0,0,-15,0,0,0,0,-17.5,0,0,0,0,-0.00229183,0,0,0,0,0,0,0,0,0,1,79,54,0,0.00034,0.00034,3,5,0,0,0,0,0,0,0,0,0,0,1,0,1,0,0,0,0,0,0,0,0,,0,0,0,0,
2,3.36,0,14.6,40,0,0,0,4.4,0,0,0,0,-5.5,0,0,0,0,-0.00229183,0,0,0,0,0,0,0,0,0,1,89,54,0,0.00034,0.00034,3,0,0,0,0,0,0,0,0,0,0,0,1,0,1,0,0,0,0,0,0,0,0,,0,0,0,0,
3,5.41,0,11.3,24,0,0,0,12.25,0,0,0,0,-25,0,0,0,0,-0.00229183,0,0,0,0,0,0,0,0,0,1,69,54,0,0.00034,0.00034,3,5,0,0,0,0,0,0,0,0,0,0,1,0,1,0,0,0,0,0,0,0,0,,0,0,0,0,
4,5.77,0,-45.65,28.5,0,0,0,5.9,0,0,0,0,-3,0,0,0,0,-0.00229183,0,0,0,0,0,0,0,0,0,1,73,54,0,0.00034,0.00034,3,5,0,0,0,0,0,0,0,0,0,0,1,0,1,0,0,0,0,0,0,0,0,,0,0,0,0,
5,6.21,0,17.45,29,0,0,0,-2.35,0,0,0,0,-15.5,0,0,0,0,-0.00229183,0,0,0,0,0,0,0,0,0,1,74,54,0,0.00034,0.00034,3,5,0,0,0,0,0,0,0,0,0,0,1,0,1,0,0,0,0,0,0,0,0,,0,0,0,0,
END,Total:6
START,FrameNb:21,CameraNb:0,HeSaiNb:0,ARS410Nb:0
2026/08/02 21:35:31:496---->
heightOffset:0,1785677731496,239636,selfCaliBufCnt:0,selfAccObjCnt:0,selfAccAngle:0,installHAngleOffset:0,Interpolation:0,installVAngleOffset:0,radarOffsetH:0,radarOffsetV:0.32,Polynom:-0.001023;-0.0511;-2.047;0;0;0;-0.001023;-0.0511;-2.047;-25.5;0;0,WheelDirection:0;0;0;0,selfAngleOffset:0,selfAngleOffsetPit:0,currCaliAngleHrz:0,currCaliAnglePit:0,selfCaliAngleHrz:0,selfCaliAnglePit:0,servCaliAngleHrz:0,servCaliAnglePit:0,offlineCaliAngleHrz:0,offlineCaliAnglePit:0,determine2useFlag:0,IMU_Z_Accel:-21.592,IMU_X_AngularRate:-2.093,IMU_Y_AngularRate:-2.093,IMU_RollAngle:-180,IMU_PitchAngle:-180,IMU_YawAngle:-180,FcwID:0,FCWWarningLevel:0,FCWTTC:0
0,1.98,0,16.55,38,0,0,0,7.7,1.25452e-34,0,0,0,-7,0,0,0,0,-0.00229183,0,0,0,0,0,0,0,0,0,1,87,58,0,0.00034,0.00034,3,5,0,0,0,0,0,0,0,0,0,0,1,0,0,0,0,0,0,0,0,0,0,,0,0,0,0,
1,2.78,0,-7.05,30,0,0,0,-15,0,0,0,0,-17.5,0,0,0,0,-0.00229183,0,0,0,0,0,0,0,0,0,1,79,58,0,0.00034,0.00034,3,5,0,0,0,0,0,0,0,0,0,0,1,0,0,0,0,0,0,0,0,0,0,,0,0,0,0,
2,3.36,0,14.55,40,0,0,0,4.4,0,0,0,0,-5.5,0,0,0,0,-0.00229183,0,0,0,0,0,0,0,0,0,1,89,58,0,0.00034,0.00034,3,0,0,0,0,0,0,0,0,0,0,0,1,0,0,0,0,0,0,0,0,0,0,,0,0,0,0,
3,5.41,0,11.2,24,0,0,0,11.45,0,0,0,0,-24.5,0,0,0,0,-0.00229183,0,0,0,0,0,0,0,0,0,1,69,58,0,0.00034,0.00034,3,5,0,0,0,0,0,0,0,0,0,0,1,0,0,0,0,0,0,0,0,0,0,,0,0,0,0,
4,5.77,0,14.15,28.5,0,0,0,-0.6,0,0,0,0,-19,0,0,0,0,-0.00229183,0,0,0,0,0,0,0,0,0,1,73,58,0,0.00034,0.00034,3,5,0,0,0,0,0,0,0,0,0,0,1,0,0,0,0,0,0,0,0,0,0,,0,0,0,0,
5,6.22,0,17.45,29,0,0,0,-2.45,0,0,0,0,-15.5,0,0,0,0,-0.00229183,0,0,0,0,0,0,0,0,0,1,74,58,0,0.00034,0.00034,3,5,0,0,0,0,0,0,0,0,0,0,1,0,0,0,0,0,0,0,0,0,0,,0,0,0,0,
END,Total:6
START,FrameNb:22,CameraNb:0,HeSaiNb:0,ARS410Nb:0
2026/08/02 21:35:31:566---->
heightOffset:0,1785677731566,239692,selfCaliBufCnt:0,selfAccObjCnt:0,selfAccAngle:0,installHAngleOffset:0,Interpolation:0,installVAngleOffset:0,radarOffsetH:0,radarOffsetV:0.32,Polynom:-0.001023;-0.0511;-2.047;0;0;0;-0.001023;-0.0511;-2.047;-25.5;0;0,WheelDirection:0;0;0;0,selfAngleOffset:0,selfAngleOffsetPit:0,currCaliAngleHrz:0,currCaliAnglePit:0,selfCaliAngleHrz:0,selfCaliAnglePit:0,servCaliAngleHrz:0,servCaliAnglePit:0,offlineCaliAngleHrz:0,offlineCaliAnglePit:0,determine2useFlag:0,IMU_Z_Accel:-21.592,IMU_X_AngularRate:-2.093,IMU_Y_AngularRate:-2.093,IMU_RollAngle:-180,IMU_PitchAngle:-180,IMU_YawAngle:-180,FcwID:0,FCWWarningLevel:0,FCWTTC:0
0,1.99,0,16.55,37.5,0,0,0,7.7,1.25452e-34,0,0,0,-7,0,0,0,0,-0.00229183,0,0,0,0,0,0,0,0,0,1,87,53,0,0.00034,0.00034,3,5,0,0,0,0,0,0,0,0,0,0,1,0,1,0,0,0,0,0,0,0,0,,0,0,0,0,
1,2.79,0,-7.05,30,0,0,0,-15,0,0,0,0,-17.5,0,0,0,0,-0.00229183,0,0,0,0,0,0,0,0,0,1,79,53,0,0.00034,0.00034,3,5,0,0,0,0,0,0,0,0,0,0,1,0,1,0,0,0,0,0,0,0,0,,0,0,0,0,
2,3.36,0,14.55,40,0,0,0,4.4,0,0,0,0,-5.5,0,0,0,0,-0.00229183,0,0,0,0,0,0,0,0,0,1,89,53,0,0.00034,0.00034,3,0,0,0,0,0,0,0,0,0,0,0,1,0,1,0,0,0,0,0,0,0,0,,0,0,0,0,
3,5.38,0,11.45,23.5,0,0,0,12.25,0,0,0,0,-25,0,0,0,0,-0.00229183,0,0,0,0,0,0,0,0,0,1,69,53,0,0.00034,0.00034,3,5,0,0,0,0,0,0,0,0,0,0,1,0,1,0,0,0,0,0,0,0,0,,0,0,0,0,
4,5.75,0,-46.1,28.5,0,0,0,5.95,0,0,0,0,-2,0,0,0,0,-0.00229183,0,0,0,0,0,0,0,0,0,1,73,53,0,0.00034,0.00034,3,5,0,0,0,0,0,0,0,0,0,0,1,0,1,0,0,0,0,0,0,0,0,,0,0,0,0,
5,6.21,0,17.5,29,0,0,0,-2.55,0,0,0,0,-15.5,0,0,0,0,-0.00229183,0,0,0,0,0,0,0,0,0,1,74,53,0,0.00034,0.00034,3,5,0,0,0,0,0,0,0,0,0,0,1,0,1,0,0,0,0,0,0,0,0,,0,0,0,0,
END,Total:6
START,FrameNb:23,CameraNb:0,HeSaiNb:0,ARS410Nb:0
2026/08/02 21:35:31:624---->
heightOffset:0,1785677731624,239748,selfCaliBufCnt:0,selfAccObjCnt:0,selfAccAngle:0,installHAngleOffset:0,Interpolation:0,installVAngleOffset:0,radarOffsetH:0,radarOffsetV:0.32,Polynom:-0.001023;-0.0511;-2.047;0;0;0;-0.001023;-0.0511;-2.047;-25.5;0;0,WheelDirection:0;0;0;0,selfAngleOffset:0,selfAngleOffsetPit:0,currCaliAngleHrz:0,currCaliAnglePit:0,selfCaliAngleHrz:0,selfCaliAnglePit:0,servCaliAngleHrz:0,servCaliAnglePit:0,offlineCaliAngleHrz:0,offlineCaliAnglePit:0,determine2useFlag:0,IMU_Z_Accel:-21.592,IMU_X_AngularRate:-2.093,IMU_Y_AngularRate:-2.093,IMU_RollAngle:-180,IMU_PitchAngle:-180,IMU_YawAngle:-180,FcwID:0,FCWWarningLevel:0,FCWTTC:0
0,1.98,0,16.55,38,0,0,0,7.7,1.25452e-34,0,0,0,-7,0,0,0,0,-0.00229183,0,0,0,0,0,0,0,0,0,1,87,58,0,0.00034,0.00034,3,5,0,0,0,0,0,0,0,0,0,0,1,0,0,0,0,0,0,0,0,0,0,,0,0,0,0,
1,2.79,0,-7.05,29.5,0,0,0,-15,0,0,0,0,-17.5,0,0,0,0,-0.00229183,0,0,0,0,0,0,0,0,0,1,79,58,0,0.00034,0.00034,3,5,0,0,0,0,0,0,0,0,0,0,1,0,0,0,0,0,0,0,0,0,0,,0,0,0,0,
2,3.37,0,14.7,40,0,0,0,4.8,0,0,0,0,-5.5,0,0,0,0,-0.00229183,0,0,0,0,0,0,0,0,0,1,88,58,0,0.00034,0.00034,3,0,0,0,0,0,0,0,0,0,0,0,1,0,0,0,0,0,0,0,0,0,0,,0,0,0,0,
3,5.41,0,11.15,24,0,0,0,10.9,0,0,0,0,-25,0,0,0,0,-0.00229183,0,0,0,0,0,0,0,0,0,1,69,58,0,0.00034,0.00034,3,5,0,0,0,0,0,0,0,0,0,0,1,0,0,0,0,0,0,0,0,0,0,,0,0,0,0,
4,5.77,0,14.15,28.5,0,0,0,-0.7,0,0,0,0,-19,0,0,0,0,-0.00229183,0,0,0,0,0,0,0,0,0,1,73,58,0,0.00034,0.00034,3,5,0,0,0,0,0,0,0,0,0,0,1,0,0,0,0,0,0,0,0,0,0,,0,0,0,0,
5,6.21,0,17.45,29,0,0,0,-2.45,0,0,0,0,-15.5,0,0,0,0,-0.00229183,0,0,0,0,0,0,0,0,0,1,74,58,0,0.00034,0.00034,3,5,0,0,0,0,0,0,0,0,0,0,1,0,0,0,0,0,0,0,0,0,0,,0,0,0,0,
END,Total:6
START,FrameNb:24,CameraNb:0,HeSaiNb:0,ARS410Nb:0
2026/08/02 21:35:31:693---->
heightOffset:0,1785677731693,239804,selfCaliBufCnt:0,selfAccObjCnt:0,selfAccAngle:0,installHAngleOffset:0,Interpolation:0,installVAngleOffset:0,radarOffsetH:0,radarOffsetV:0.32,Polynom:-0.001023;-0.0511;-2.047;0;0;0;-0.001023;-0.0511;-2.047;-25.5;0;0,WheelDirection:0;0;0;0,selfAngleOffset:0,selfAngleOffsetPit:0,currCaliAngleHrz:0,currCaliAnglePit:0,selfCaliAngleHrz:0,selfCaliAnglePit:0,servCaliAngleHrz:0,servCaliAnglePit:0,offlineCaliAngleHrz:0,offlineCaliAnglePit:0,determine2useFlag:0,IMU_Z_Accel:-21.592,IMU_X_AngularRate:-2.093,IMU_Y_AngularRate:-2.093,IMU_RollAngle:-180,IMU_PitchAngle:-180,IMU_YawAngle:-180,FcwID:0,FCWWarningLevel:0,FCWTTC:0
0,1.99,0,16.55,38,0,0,0,7.7,1.25452e-34,0,0,0,-7,0,0,0,0,-0.00229183,0,0,0,0,0,0,0,0,0,1,87,53,0,0.00034,0.00034,3,5,0,0,0,0,0,0,0,0,0,0,1,0,1,0,0,0,0,0,0,0,0,,0,0,0,0,
1,2.78,0,-7.05,30,0,0,0,-15,0,0,0,0,-17.5,0,0,0,0,-0.00229183,0,0,0,0,0,0,0,0,0,1,79,53,0,0.00034,0.00034,3,5,0,0,0,0,0,0,0,0,0,0,1,0,1,0,0,0,0,0,0,0,0,,0,0,0,0,
2,3.36,0,14.55,40,0,0,0,4.4,0,0,0,0,-5.5,0,0,0,0,-0.00229183,0,0,0,0,0,0,0,0,0,1,89,53,0,0.00034,0.00034,3,0,0,0,0,0,0,0,0,0,0,0,1,0,1,0,0,0,0,0,0,0,0,,0,0,0,0,
3,5.77,0,-45.95,28,0,0,0,5.95,0,0,0,0,-3,0,0,0,0,-0.00229183,0,0,0,0,0,0,0,0,0,1,73,53,0,0.00034,0.00034,3,5,0,0,0,0,0,0,0,0,0,0,1,0,1,0,0,0,0,0,0,0,0,,0,0,0,0,
4,6.21,0,17.45,29,0,0,0,-2.55,0,0,0,0,-15.5,0,0,0,0,-0.00229183,0,0,0,0,0,0,0,0,0,1,74,53,0,0.00034,0.00034,3,5,0,0,0,0,0,0,0,0,0,0,1,0,1,0,0,0,0,0,0,0,0,,0,0,0,0,
END,Total:5
START,FrameNb:25,CameraNb:0,HeSaiNb:0,ARS410Nb:0
2026/08/02 21:35:31:751---->
heightOffset:0,1785677731751,239864,selfCaliBufCnt:0,selfAccObjCnt:0,selfAccAngle:0,installHAngleOffset:0,Interpolation:0,installVAngleOffset:0,radarOffsetH:0,radarOffsetV:0.32,Polynom:-0.001023;-0.0511;-2.047;0;0;0;-0.001023;-0.0511;-2.047;-25.5;0;0,WheelDirection:0;0;0;0,selfAngleOffset:0,selfAngleOffsetPit:0,currCaliAngleHrz:0,currCaliAnglePit:0,selfCaliAngleHrz:0,selfCaliAnglePit:0,servCaliAngleHrz:0,servCaliAnglePit:0,offlineCaliAngleHrz:0,offlineCaliAnglePit:0,determine2useFlag:0,IMU_Z_Accel:-21.592,IMU_X_AngularRate:-2.093,IMU_Y_AngularRate:-2.093,IMU_RollAngle:-180,IMU_PitchAngle:-180,IMU_YawAngle:-180,FcwID:0,FCWWarningLevel:0,FCWTTC:0
0,1.98,0,16.55,37.5,0,0,0,7.7,1.25452e-34,0,0,0,-7,0,0,0,0,-0.00229183,0,0,0,0,0,0,0,0,0,1,87,61,0,0.00034,0.00034,3,5,0,0,0,0,0,0,0,0,0,0,1,0,0,0,0,0,0,0,0,0,0,,0,0,0,0,
1,2.79,0,-7.1,30,0,0,0,-15,0,0,0,0,-17.5,0,0,0,0,-0.00229183,0,0,0,0,0,0,0,0,0,1,79,61,0,0.00034,0.00034,3,5,0,0,0,0,0,0,0,0,0,0,1,0,0,0,0,0,0,0,0,0,0,,0,0,0,0,
2,3.37,0,14.65,40,0,0,0,4.8,0,0,0,0,-5.5,0,0,0,0,-0.00229183,0,0,0,0,0,0,0,0,0,1,88,61,0,0.00034,0.00034,3,0,0,0,0,0,0,0,0,0,0,0,1,0,0,0,0,0,0,0,0,0,0,,0,0,0,0,
3,5.4,0,11.3,23.5,0,0,0,11.2,0,0,0,0,-25,0,0,0,0,-0.00229183,0,0,0,0,0,0,0,0,0,1,69,61,0,0.00034,0.00034,3,5,0,0,0,0,0,0,0,0,0,0,1,0,0,0,0,0,0,0,0,0,0,,0,0,0,0,
4,5.76,0,14.2,28.5,0,0,0,-0.7,0,0,0,0,-19,0,0,0,0,-0.00229183,0,0,0,0,0,0,0,0,0,1,73,61,0,0.00034,0.00034,3,5,0,0,0,0,0,0,0,0,0,0,1,0,0,0,0,0,0,0,0,0,0,,0,0,0,0,
5,6.21,0,17.4,29,0,0,0,-2.6,0,0,0,0,-15.5,0,0,0,0,-0.00229183,0,0,0,0,0,0,0,0,0,1,74,61,0,0.00034,0.00034,3,5,0,0,0,0,0,0,0,0,0,0,1,0,0,0,0,0,0,0,0,0,0,,0,0,0,0,
END,Total:6
START,FrameNb:26,CameraNb:0,HeSaiNb:0,ARS410Nb:0
2026/08/02 21:35:31:808---->
heightOffset:0,1785677731808,239924,selfCaliBufCnt:0,selfAccObjCnt:0,selfAccAngle:0,installHAngleOffset:0,Interpolation:0,installVAngleOffset:0,radarOffsetH:0,radarOffsetV:0.32,Polynom:-0.001023;-0.0511;-2.047;0;0;0;-0.001023;-0.0511;-2.047;-25.5;0;0,WheelDirection:0;0;0;0,selfAngleOffset:0,selfAngleOffsetPit:0,currCaliAngleHrz:0,currCaliAnglePit:0,selfCaliAngleHrz:0,selfCaliAnglePit:0,servCaliAngleHrz:0,servCaliAnglePit:0,offlineCaliAngleHrz:0,offlineCaliAnglePit:0,determine2useFlag:0,IMU_Z_Accel:-21.592,IMU_X_AngularRate:-2.093,IMU_Y_AngularRate:-2.093,IMU_RollAngle:-180,IMU_PitchAngle:-180,IMU_YawAngle:-180,FcwID:0,FCWWarningLevel:0,FCWTTC:0
0,1.99,0,16.55,37.5,0,0,0,7.7,1.25452e-34,0,0,0,-7,0,0,0,0,-0.00229183,0,0,0,0,0,0,0,0,0,1,87,60,0,0.00034,0.00034,3,5,0,0,0,0,0,0,0,0,0,0,1,0,1,0,0,0,0,0,0,0,0,,0,0,0,0,
1,2.78,0,-7.05,30,0,0,0,-15,0,0,0,0,-17,0,0,0,0,-0.00229183,0,0,0,0,0,0,0,0,0,1,79,60,0,0.00034,0.00034,3,5,0,0,0,0,0,0,0,0,0,0,1,0,1,0,0,0,0,0,0,0,0,,0,0,0,0,
2,3.36,0,14.55,40,0,0,0,4.3,0,0,0,0,-5.5,0,0,0,0,-0.00229183,0,0,0,0,0,0,0,0,0,1,89,60,0,0.00034,0.00034,3,0,0,0,0,0,0,0,0,0,0,0,1,0,1,0,0,0,0,0,0,0,0,,0,0,0,0,
3,5.38,0,11.45,23.5,0,0,0,-0.55,0,0,0,0,-25,0,0,0,0,-0.00229183,0,0,0,0,0,0,0,0,0,1,69,60,0,0.00034,0.00034,3,5,0,0,0,0,0,0,0,0,0,0,1,0,1,0,0,0,0,0,0,0,0,,0,0,0,0,
4,5.74,0,-45.4,28,0,0,0,5.9,0,0,0,0,-3.5,0,0,0,0,-0.00229183,0,0,0,0,0,0,0,0,0,1,73,60,0,0.00034,0.00034,3,5,0,0,0,0,0,0,0,0,0,0,1,0,1,0,0,0,0,0,0,0,0,,0,0,0,0,
5,6.21,0,17.4,29,0,0,0,-2.7,0,0,0,0,-15.5,0,0,0,0,-0.00229183,0,0,0,0,0,0,0,0,0,1,74,60,0,0.00034,0.00034,3,5,0,0,0,0,0,0,0,0,0,0,1,0,1,0,0,0,0,0,0,0,0,,0,0,0,0,
END,Total:6
START,FrameNb:27,CameraNb:0,HeSaiNb:0,ARS410Nb:0
2026/08/02 21:35:31:864---->
heightOffset:0,1785677731864,239980,selfCaliBufCnt:0,selfAccObjCnt:0,selfAccAngle:0,installHAngleOffset:0,Interpolation:0,installVAngleOffset:0,radarOffsetH:0,radarOffsetV:0.32,Polynom:-0.001023;-0.0511;-2.047;0;0;0;-0.001023;-0.0511;-2.047;-25.5;0;0,WheelDirection:0;0;0;0,selfAngleOffset:0,selfAngleOffsetPit:0,currCaliAngleHrz:0,currCaliAnglePit:0,selfCaliAngleHrz:0,selfCaliAnglePit:0,servCaliAngleHrz:0,servCaliAnglePit:0,offlineCaliAngleHrz:0,offlineCaliAnglePit:0,determine2useFlag:0,IMU_Z_Accel:-21.592,IMU_X_AngularRate:-2.093,IMU_Y_AngularRate:-2.093,IMU_RollAngle:-180,IMU_PitchAngle:-180,IMU_YawAngle:-180,FcwID:0,FCWWarningLevel:0,FCWTTC:0
0,1.98,0,16.55,37.5,0,0,0,7.7,1.25452e-34,0,0,0,-7,0,0,0,0,-0.00229183,0,0,0,0,0,0,0,0,0,1,87,58,0,0.00034,0.00034,3,5,0,0,0,0,0,0,0,0,0,0,1,0,0,0,0,0,0,0,0,0,0,,0,0,0,0,
1,2.78,0,-7.05,30,0,0,0,-15,0,0,0,0,-17,0,0,0,0,-0.00229183,0,0,0,0,0,0,0,0,0,1,79,58,0,0.00034,0.00034,3,7,0,0,0,0,0,0,0,0,0,0,1,0,0,0,0,0,0,0,0,0,0,,0,0,0,0,
2,3.37,0,14.65,40,0,0,0,4.8,0,0,0,0,-5.5,0,0,0,0,-0.00229183,0,0,0,0,0,0,0,0,0,1,88,58,0,0.00034,0.00034,3,0,0,0,0,0,0,0,0,0,0,0,1,0,0,0,0,0,0,0,0,0,0,,0,0,0,0,
3,5.41,0,11.3,23.5,0,0,0,-0.3,0,0,0,0,-25,0,0,0,0,-0.00229183,0,0,0,0,0,0,0,0,0,1,69,58,0,0.00034,0.00034,3,5,0,0,0,0,0,0,0,0,0,0,1,0,0,0,0,0,0,0,0,0,0,,0,0,0,0,
4,5.77,0,14.1,28,0,0,0,-0.75,0,0,0,0,-19,0,0,0,0,-0.00229183,0,0,0,0,0,0,0,0,0,1,73,58,0,0.00034,0.00034,3,5,0,0,0,0,0,0,0,0,0,0,1,0,0,0,0,0,0,0,0,0,0,,0,0,0,0,
5,6.22,0,17.35,29,0,0,0,-2.75,0,0,0,0,-15.5,0,0,0,0,-0.00229183,0,0,0,0,0,0,0,0,0,1,74,58,0,0.00034,0.00034,3,5,0,0,0,0,0,0,0,0,0,0,1,0,0,0,0,0,0,0,0,0,0,,0,0,0,0,
END,Total:6
START,FrameNb:28,CameraNb:0,HeSaiNb:0,ARS410Nb:0
2026/08/02 21:35:31:878---->
heightOffset:0,1785677731878,240036,selfCaliBufCnt:0,selfAccObjCnt:0,selfAccAngle:0,installHAngleOffset:0,Interpolation:0,installVAngleOffset:0,radarOffsetH:0,radarOffsetV:0.32,Polynom:-0.001023;-0.0511;-2.047;0;0;0;-0.001023;-0.0511;-2.047;-25.5;0;0,WheelDirection:0;0;0;0,selfAngleOffset:0,selfAngleOffsetPit:0,currCaliAngleHrz:0,currCaliAnglePit:0,selfCaliAngleHrz:0,selfCaliAnglePit:0,servCaliAngleHrz:0,servCaliAnglePit:0,offlineCaliAngleHrz:0,offlineCaliAnglePit:0,determine2useFlag:0,IMU_Z_Accel:-21.592,IMU_X_AngularRate:-2.093,IMU_Y_AngularRate:-2.093,IMU_RollAngle:-180,IMU_PitchAngle:-180,IMU_YawAngle:-180,FcwID:0,FCWWarningLevel:0,FCWTTC:0
0,1.98,0,16.55,37.5,0,0,0,7.7,1.25452e-34,0,0,0,-7,0,0,0,0,-0.00229183,0,0,0,0,0,0,0,0,0,1,87,54,0,0.00034,0.00034,3,5,0,0,0,0,0,0,0,0,0,0,1,0,1,0,0,0,0,0,0,0,0,,0,0,0,0,
1,2.78,0,-7.05,30,0,0,0,-15,0,0,0,0,-17,0,0,0,0,-0.00229183,0,0,0,0,0,0,0,0,0,1,79,54,0,0.00034,0.00034,3,5,0,0,0,0,0,0,0,0,0,0,1,0,1,0,0,0,0,0,0,0,0,,0,0,0,0,
2,3.36,0,14.55,40,0,0,0,4.3,0,0,0,0,-5.5,0,0,0,0,-0.00229183,0,0,0,0,0,0,0,0,0,1,88,54,0,0.00034,0.00034,3,0,0,0,0,0,0,0,0,0,0,0,1,0,1,0,0,0,0,0,0,0,0,,0,0,0,0,
3,5.41,0,11.4,23.5,0,0,0,-1.55,0,0,0,0,-25,0,0,0,0,-0.00229183,0,0,0,0,0,0,0,0,0,1,69,54,0,0.00034,0.00034,3,5,0,0,0,0,0,0,0,0,0,0,1,0,1,0,0,0,0,0,0,0,0,,0,0,0,0,
4,5.77,0,14,28,0,0,0,-0.8,0,0,0,0,-19,0,0,0,0,-0.00229183,0,0,0,0,0,0,0,0,0,1,73,54,0,0.00034,0.00034,3,5,0,0,0,0,0,0,0,0,0,0,1,0,1,0,0,0,0,0,0,0,0,,0,0,0,0,
5,6.22,0,17.3,29,0,0,0,-2.85,0,0,0,0,-15.5,0,0,0,0,-0.00229183,0,0,0,0,0,0,0,0,0,1,74,54,0,0.00034,0.00034,3,5,0,0,0,0,0,0,0,0,0,0,1,0,1,0,0,0,0,0,0,0,0,,0,0,0,0,
END,Total:6
START,FrameNb:29,CameraNb:0,HeSaiNb:0,ARS410Nb:0
2026/08/02 21:35:31:935---->
heightOffset:0,1785677731935,240092,selfCaliBufCnt:0,selfAccObjCnt:0,selfAccAngle:0,installHAngleOffset:0,Interpolation:0,installVAngleOffset:0,radarOffsetH:0,radarOffsetV:0.32,Polynom:-0.001023;-0.0511;-2.047;0;0;0;-0.001023;-0.0511;-2.047;-25.5;0;0,WheelDirection:0;0;0;0,selfAngleOffset:0,selfAngleOffsetPit:0,currCaliAngleHrz:0,currCaliAnglePit:0,selfCaliAngleHrz:0,selfCaliAnglePit:0,servCaliAngleHrz:0,servCaliAnglePit:0,offlineCaliAngleHrz:0,offlineCaliAnglePit:0,determine2useFlag:0,IMU_Z_Accel:-21.592,IMU_X_AngularRate:-2.093,IMU_Y_AngularRate:-2.093,IMU_RollAngle:-180,IMU_PitchAngle:-180,IMU_YawAngle:-180,FcwID:0,FCWWarningLevel:0,FCWTTC:0
0,1.98,0,16.55,38,0,0,0,7.7,1.25452e-34,0,0,0,-7,0,0,0,0,-0.00229183,0,0,0,0,0,0,0,0,0,1,87,57,0,0.00034,0.00034,3,5,0,0,0,0,0,0,0,0,0,0,1,0,0,0,0,0,0,0,0,0,0,,0,0,0,0,
1,2.78,0,-7.05,30,0,0,0,-15,0,0,0,0,-17.5,0,0,0,0,-0.00229183,0,0,0,0,0,0,0,0,0,1,79,57,0,0.00034,0.00034,3,7,0,0,0,0,0,0,0,0,0,0,1,0,0,0,0,0,0,0,0,0,0,,0,0,0,0,
2,3.37,0,14.65,40,0,0,0,4.8,0,0,0,0,-5.5,0,0,0,0,-0.00229183,0,0,0,0,0,0,0,0,0,1,88,57,0,0.00034,0.00034,3,0,0,0,0,0,0,0,0,0,0,0,1,0,0,0,0,0,0,0,0,0,0,,0,0,0,0,
3,5.4,0,11.35,24,0,0,0,-0.45,0,0,0,0,-25,0,0,0,0,-0.00229183,0,0,0,0,0,0,0,0,0,1,69,57,0,0.00034,0.00034,3,5,0,0,0,0,0,0,0,0,0,0,1,0,0,0,0,0,0,0,0,0,0,,0,0,0,0,
4,5.77,0,-45.55,28.5,0,0,0,6,0,0,0,0,-3,0,0,0,0,-0.00229183,0,0,0,0,0,0,0,0,0,1,73,57,0,0.00034,0.00034,3,5,0,0,0,0,0,0,0,0,0,0,1,0,0,0,0,0,0,0,0,0,0,,0,0,0,0,
5,6.22,0,17.4,29,0,0,0,-2.8,0,0,0,0,-15.5,0,0,0,0,-0.00229183,0,0,0,0,0,0,0,0,0,1,74,57,0,0.00034,0.00034,3,5,0,0,0,0,0,0,0,0,0,0,1,0,0,0,0,0,0,0,0,0,0,,0,0,0,0,
END,Total:6
START,FrameNb:30,CameraNb:0,HeSaiNb:0,ARS410Nb:0
2026/08/02 21:35:32:051---->
heightOffset:0,1785677732051,240148,selfCaliBufCnt:0,selfAccObjCnt:0,selfAccAngle:0,installHAngleOffset:0,Interpolation:0,installVAngleOffset:0,radarOffsetH:0,radarOffsetV:0.32,Polynom:-0.001023;-0.0511;-2.047;0;0;0;-0.001023;-0.0511;-2.047;-25.5;0;0,WheelDirection:0;0;0;0,selfAngleOffset:0,selfAngleOffsetPit:0,currCaliAngleHrz:0,currCaliAnglePit:0,selfCaliAngleHrz:0,selfCaliAnglePit:0,servCaliAngleHrz:0,servCaliAnglePit:0,offlineCaliAngleHrz:0,offlineCaliAnglePit:0,determine2useFlag:0,IMU_Z_Accel:-21.592,IMU_X_AngularRate:-2.093,IMU_Y_AngularRate:-2.093,IMU_RollAngle:-180,IMU_PitchAngle:-180,IMU_YawAngle:-180,FcwID:0,FCWWarningLevel:0,FCWTTC:0
0,1.99,0,16.55,38,0,0,0,7.7,1.25452e-34,0,0,0,-7,0,0,0,0,-0.00229183,0,0,0,0,0,0,0,0,0,1,87,54,0,0.00034,0.00034,3,5,0,0,0,0,0,0,0,0,0,0,1,0,1,0,0,0,0,0,0,0,0,,0,0,0,0,
1,2.79,0,-7.05,30,0,0,0,-15,0,0,0,0,-17.5,0,0,0,0,-0.00229183,0,0,0,0,0,0,0,0,0,1,79,54,0,0.00034,0.00034,3,5,0,0,0,0,0,0,0,0,0,0,1,0,1,0,0,0,0,0,0,0,0,,0,0,0,0,
2,3.36,0,14.6,40,0,0,0,4.3,0,0,0,0,-5.5,0,0,0,0,-0.00229183,0,0,0,0,0,0,0,0,0,1,88,54,0,0.00034,0.00034,3,0,0,0,0,0,0,0,0,0,0,0,1,0,1,0,0,0,0,0,0,0,0,,0,0,0,0,
3,5.41,0,11.3,23.5,0,0,0,12.25,0,0,0,0,-25,0,0,0,0,-0.00229183,0,0,0,0,0,0,0,0,0,1,69,54,0,0.00034,0.00034,3,5,0,0,0,0,0,0,0,0,0,0,1,0,1,0,0,0,0,0,0,0,0,,0,0,0,0,
4,5.78,0,-46.05,28.5,0,0,0,5.9,0,0,0,0,-2,0,0,0,0,-0.00229183,0,0,0,0,0,0,0,0,0,1,73,54,0,0.00034,0.00034,3,5,0,0,0,0,0,0,0,0,0,0,1,0,1,0,0,0,0,0,0,0,0,,0,0,0,0,
5,6.21,0,17.35,29,0,0,0,-2.6,0,0,0,0,-16,0,0,0,0,-0.00229183,0,0,0,0,0,0,0,0,0,1,74,54,0,0.00034,0.00034,3,5,0,0,0,0,0,0,0,0,0,0,1,0,1,0,0,0,0,0,0,0,0,,0,0,0,0,
END,Total:6
START,FrameNb:31,CameraNb:0,HeSaiNb:0,ARS410Nb:0
2026/08/02 21:35:32:116---->
heightOffset:0,1785677732116,240204,selfCaliBufCnt:0,selfAccObjCnt:0,selfAccAngle:0,installHAngleOffset:0,Interpolation:0,installVAngleOffset:0,radarOffsetH:0,radarOffsetV:0.32,Polynom:-0.001023;-0.0511;-2.047;0;0;0;-0.001023;-0.0511;-2.047;-25.5;0;0,WheelDirection:0;0;0;0,selfAngleOffset:0,selfAngleOffsetPit:0,currCaliAngleHrz:0,currCaliAnglePit:0,selfCaliAngleHrz:0,selfCaliAnglePit:0,servCaliAngleHrz:0,servCaliAnglePit:0,offlineCaliAngleHrz:0,offlineCaliAnglePit:0,determine2useFlag:0,IMU_Z_Accel:-21.592,IMU_X_AngularRate:-2.093,IMU_Y_AngularRate:-2.093,IMU_RollAngle:-180,IMU_PitchAngle:-180,IMU_YawAngle:-180,FcwID:0,FCWWarningLevel:0,FCWTTC:0
0,1.98,0,16.55,38,0,0,0,7.7,1.25452e-34,0,0,0,-7,0,0,0,0,-0.00229183,0,0,0,0,0,0,0,0,0,1,87,58,0,0.00034,0.00034,3,5,0,0,0,0,0,0,0,0,0,0,1,0,0,0,0,0,0,0,0,0,0,,0,0,0,0,
1,2.8,0,-7.1,29.5,0,0,0,-15,0,0,0,0,-17.5,0,0,0,0,-0.00229183,0,0,0,0,0,0,0,0,0,1,79,58,0,0.00034,0.00034,3,5,0,0,0,0,0,0,0,0,0,0,1,0,0,0,0,0,0,0,0,0,0,,0,0,0,0,
2,3.37,0,14.65,40,0,0,0,4.8,0,0,0,0,-5.5,0,0,0,0,-0.00229183,0,0,0,0,0,0,0,0,0,1,88,58,0,0.00034,0.00034,3,0,0,0,0,0,0,0,0,0,0,0,1,0,0,0,0,0,0,0,0,0,0,,0,0,0,0,
3,5.4,0,11.05,24,0,0,0,11.55,0,0,0,0,-25,0,0,0,0,-0.00229183,0,0,0,0,0,0,0,0,0,1,69,58,0,0.00034,0.00034,3,5,0,0,0,0,0,0,0,0,0,0,1,0,0,0,0,0,0,0,0,0,0,,0,0,0,0,
4,5.78,0,-46.3,28.5,0,0,0,6.05,0,0,0,0,-1.5,0,0,0,0,-0.00229183,0,0,0,0,0,0,0,0,0,1,73,58,0,0.00034,0.00034,3,5,0,0,0,0,0,0,0,0,0,0,1,0,0,0,0,0,0,0,0,0,0,,0,0,0,0,
5,6.22,0,17.4,28.5,0,0,0,-2.45,0,0,0,0,-16,0,0,0,0,-0.00229183,0,0,0,0,0,0,0,0,0,1,74,58,0,0.00034,0.00034,3,5,0,0,0,0,0,0,0,0,0,0,1,0,0,0,0,0,0,0,0,0,0,,0,0,0,0,
END,Total:6
START,FrameNb:32,CameraNb:0,HeSaiNb:0,ARS410Nb:0
2026/08/02 21:35:32:124---->
heightOffset:0,1785677732124,240264,selfCaliBufCnt:0,selfAccObjCnt:0,selfAccAngle:0,installHAngleOffset:0,Interpolation:0,installVAngleOffset:0,radarOffsetH:0,radarOffsetV:0.32,Polynom:-0.001023;-0.0511;-2.047;0;0;0;-0.001023;-0.0511;-2.047;-25.5;0;0,WheelDirection:0;0;0;0,selfAngleOffset:0,selfAngleOffsetPit:0,currCaliAngleHrz:0,currCaliAnglePit:0,selfCaliAngleHrz:0,selfCaliAnglePit:0,servCaliAngleHrz:0,servCaliAnglePit:0,offlineCaliAngleHrz:0,offlineCaliAnglePit:0,determine2useFlag:0,IMU_Z_Accel:-21.592,IMU_X_AngularRate:-2.093,IMU_Y_AngularRate:-2.093,IMU_RollAngle:-180,IMU_PitchAngle:-180,IMU_YawAngle:-180,FcwID:0,FCWWarningLevel:0,FCWTTC:0
0,1.99,0,16.55,38,0,0,0,7.7,1.25452e-34,0,0,0,-7,0,0,0,0,-0.00229183,0,0,0,0,0,0,0,0,0,1,87,57,0,0.00034,0.00034,3,5,0,0,0,0,0,0,0,0,0,0,1,0,1,0,0,0,0,0,0,0,0,,0,0,0,0,
1,2.85,0,-7.1,30,0,0,0,-15,0,0,0,0,-17.5,0,0,0,0,-0.00229183,0,0,0,0,0,0,0,0,0,1,79,57,0,0.00034,0.00034,3,5,0,0,0,0,0,0,0,0,0,0,1,0,1,0,0,0,0,0,0,0,0,,0,0,0,0,
2,3.35,0,14.6,40,0,0,0,4.25,0,0,0,0,-5.5,0,0,0,0,-0.00229183,0,0,0,0,0,0,0,0,0,1,89,57,0,0.00034,0.00034,3,0,0,0,0,0,0,0,0,0,0,0,1,0,1,0,0,0,0,0,0,0,0,,0,0,0,0,
3,5.41,0,11.2,24,0,0,0,11.55,0,0,0,0,-25,0,0,0,0,-0.00229183,0,0,0,0,0,0,0,0,0,1,69,57,0,0.00034,0.00034,3,5,0,0,0,0,0,0,0,0,0,0,1,0,1,0,0,0,0,0,0,0,0,,0,0,0,0,
4,5.77,0,-45.95,29,0,0,0,5.75,0,0,0,0,-3,0,0,0,0,-0.00229183,0,0,0,0,0,0,0,0,0,1,73,57,0,0.00034,0.00034,3,5,0,0,0,0,0,0,0,0,0,0,1,0,1,0,0,0,0,0,0,0,0,,0,0,0,0,
5,6.2,0,17.4,29,0,0,0,-2.75,0,0,0,0,-16,0,0,0,0,-0.00229183,0,0,0,0,0,0,0,0,0,1,74,57,0,0.00034,0.00034,3,5,0,0,0,0,0,0,0,0,0,0,1,0,1,0,0,0,0,0,0,0,0,,0,0,0,0,
END,Total:6
START,FrameNb:33,CameraNb:0,HeSaiNb:0,ARS410Nb:0
2026/08/02 21:35:32:185---->
heightOffset:0,1785677732185,240320,selfCaliBufCnt:0,selfAccObjCnt:0,selfAccAngle:0,installHAngleOffset:0,Interpolation:0,installVAngleOffset:0,radarOffsetH:0,radarOffsetV:0.32,Polynom:-0.001023;-0.0511;-2.047;0;0;0;-0.001023;-0.0511;-2.047;-25.5;0;0,WheelDirection:0;0;0;0,selfAngleOffset:0,selfAngleOffsetPit:0,currCaliAngleHrz:0,currCaliAnglePit:0,selfCaliAngleHrz:0,selfCaliAnglePit:0,servCaliAngleHrz:0,servCaliAnglePit:0,offlineCaliAngleHrz:0,offlineCaliAnglePit:0,determine2useFlag:0,IMU_Z_Accel:-21.592,IMU_X_AngularRate:-2.093,IMU_Y_AngularRate:-2.093,IMU_RollAngle:-180,IMU_PitchAngle:-180,IMU_YawAngle:-180,FcwID:0,FCWWarningLevel:0,FCWTTC:0
0,1.98,0,16.55,38,0,0,0,7.7,1.25452e-34,0,0,0,-7,0,0,0,0,-0.00229183,0,0,0,0,0,0,0,0,0,1,87,62,0,0.00034,0.00034,3,5,0,0,0,0,0,0,0,0,0,0,1,0,0,0,0,0,0,0,0,0,0,,0,0,0,0,
1,2.94,0,-7.15,30,0,0,0,-15,0,0,0,0,-17.5,0,0,0,0,-0.00229183,0,0,0,0,0,0,0,0,0,1,79,62,0,0.00034,0.00034,3,5,0,0,0,0,0,0,0,0,0,0,1,0,0,0,0,0,0,0,0,0,0,,0,0,0,0,
2,3.37,0,14.65,40,0,0,0,4.8,0,0,0,0,-5.5,0,0,0,0,-0.00229183,0,0,0,0,0,0,0,0,0,1,88,62,0,0.00034,0.00034,3,0,0,0,0,0,0,0,0,0,0,0,1,0,0,0,0,0,0,0,0,0,0,,0,0,0,0,
3,5.41,0,11.05,24,0,0,0,11.25,0,0,0,0,-25,0,0,0,0,-0.00229183,0,0,0,0,0,0,0,0,0,1,69,62,0,0.00034,0.00034,3,5,0,0,0,0,0,0,0,0,0,0,1,0,0,0,0,0,0,0,0,0,0,,0,0,0,0,
4,5.74,0,14.05,29,0,0,0,-0.85,0,0,0,0,-19,0,0,0,0,-0.00229183,0,0,0,0,0,0,0,0,0,1,73,62,0,0.00034,0.00034,3,5,0,0,0,0,0,0,0,0,0,0,1,0,0,0,0,0,0,0,0,0,0,,0,0,0,0,
5,6.22,0,17.2,29,0,0,0,-2.35,0,0,0,0,-16,0,0,0,0,-0.00229183,0,0,0,0,0,0,0,0,0,1,74,62,0,0.00034,0.00034,3,5,0,0,0,0,0,0,0,0,0,0,1,0,0,0,0,0,0,0,0,0,0,,0,0,0,0,
END,Total:6
START,FrameNb:34,CameraNb:0,HeSaiNb:0,ARS410Nb:0
2026/08/02 21:35:32:238---->
heightOffset:0,1785677732238,240380,selfCaliBufCnt:0,selfAccObjCnt:0,selfAccAngle:0,installHAngleOffset:0,Interpolation:0,installVAngleOffset:0,radarOffsetH:0,radarOffsetV:0.32,Polynom:-0.001023;-0.0511;-2.047;0;0;0;-0.001023;-0.0511;-2.047;-25.5;0;0,WheelDirection:0;0;0;0,selfAngleOffset:0,selfAngleOffsetPit:0,currCaliAngleHrz:0,currCaliAnglePit:0,selfCaliAngleHrz:0,selfCaliAnglePit:0,servCaliAngleHrz:0,servCaliAnglePit:0,offlineCaliAngleHrz:0,offlineCaliAnglePit:0,determine2useFlag:0,IMU_Z_Accel:-21.592,IMU_X_AngularRate:-2.093,IMU_Y_AngularRate:-2.093,IMU_RollAngle:-180,IMU_PitchAngle:-180,IMU_YawAngle:-180,FcwID:0,FCWWarningLevel:0,FCWTTC:0
0,1.99,0,16.55,37.5,0,0,0,7.7,1.25452e-34,0,0,0,-7,0,0,0,0,-0.00229183,0,0,0,0,0,0,0,0,0,1,87,55,0,0.00034,0.00034,3,5,0,0,0,0,0,0,0,0,0,0,1,0,1,0,0,0,0,0,0,0,0,,0,0,0,0,
1,2.91,0,-7.2,30,0,0,0,-15,0,0,0,0,-17,0,0,0,0,-0.00229183,0,0,0,0,0,0,0,0,0,1,79,55,0,0.00034,0.00034,3,5,0,0,0,0,0,0,0,0,0,0,1,0,1,0,0,0,0,0,0,0,0,,0,0,0,0,
2,3.36,0,14.55,40,0,0,0,4.3,0,0,0,0,-5.5,0,0,0,0,-0.00229183,0,0,0,0,0,0,0,0,0,1,89,55,0,0.00034,0.00034,3,0,0,0,0,0,0,0,0,0,0,0,1,0,1,0,0,0,0,0,0,0,0,,0,0,0,0,
3,5.36,0,11.1,23.5,0,0,0,11.7,0,0,0,0,-25,0,0,0,0,-0.00229183,0,0,0,0,0,0,0,0,0,1,69,55,0,0.00034,0.00034,3,5,0,0,0,0,0,0,0,0,0,0,1,0,1,0,0,0,0,0,0,0,0,,0,0,0,0,
4,5.72,0,13.95,28.5,0,0,0,-0.95,0,0,0,0,-19,0,0,0,0,-0.00229183,0,0,0,0,0,0,0,0,0,1,73,55,0,0.00034,0.00034,3,5,0,0,0,0,0,0,0,0,0,0,1,0,1,0,0,0,0,0,0,0,0,,0,0,0,0,
5,6.21,0,17.15,29,0,0,0,-2.55,0,0,0,0,-16,0,0,0,0,-0.00229183,0,0,0,0,0,0,0,0,0,1,74,55,0,0.00034,0.00034,3,5,0,0,0,0,0,0,0,0,0,0,1,0,1,0,0,0,0,0,0,0,0,,0,0,0,0,
END,Total:6
START,FrameNb:35,CameraNb:0,HeSaiNb:0,ARS410Nb:0
2026/08/02 21:35:32:295---->
heightOffset:0,1785677732295,240432,selfCaliBufCnt:0,selfAccObjCnt:0,selfAccAngle:0,installHAngleOffset:0,Interpolation:0,installVAngleOffset:0,radarOffsetH:0,radarOffsetV:0.32,Polynom:-0.001023;-0.0511;-2.047;0;0;0;-0.001023;-0.0511;-2.047;-25.5;0;0,WheelDirection:0;0;0;0,selfAngleOffset:0,selfAngleOffsetPit:0,currCaliAngleHrz:0,currCaliAnglePit:0,selfCaliAngleHrz:0,selfCaliAnglePit:0,servCaliAngleHrz:0,servCaliAnglePit:0,offlineCaliAngleHrz:0,offlineCaliAnglePit:0,determine2useFlag:0,IMU_Z_Accel:-21.592,IMU_X_AngularRate:-2.093,IMU_Y_AngularRate:-2.093,IMU_RollAngle:-180,IMU_PitchAngle:-180,IMU_YawAngle:-180,FcwID:0,FCWWarningLevel:0,FCWTTC:0
0,1.98,0,16.55,37.5,0,0,0,7.7,1.25452e-34,0,0,0,-7,0,0,0,0,-0.00229183,0,0,0,0,0,0,0,0,0,1,87,57,0,0.00034,0.00034,3,5,0,0,0,0,0,0,0,0,0,0,1,0,0,0,0,0,0,0,0,0,0,,0,0,0,0,
1,2.86,0,-7.2,30,0,0,0,-15,0,0,0,0,-17.5,0,0,0,0,-0.00229183,0,0,0,0,0,0,0,0,0,1,79,57,0,0.00034,0.00034,3,5,0,0,0,0,0,0,0,0,0,0,1,0,0,0,0,0,0,0,0,0,0,,0,0,0,0,
2,3.37,0,14.65,40,0,0,0,4.9,0,0,0,0,-5.5,0,0,0,0,-0.00229183,0,0,0,0,0,0,0,0,0,1,88,57,0,0.00034,0.00034,3,0,0,0,0,0,0,0,0,0,0,0,1,0,0,0,0,0,0,0,0,0,0,,0,0,0,0,
3,5.41,0,10.95,24,0,0,0,11.3,0,0,0,0,-25,0,0,0,0,-0.00229183,0,0,0,0,0,0,0,0,0,1,69,57,0,0.00034,0.00034,3,5,0,0,0,0,0,0,0,0,0,0,1,0,0,0,0,0,0,0,0,0,0,,0,0,0,0,
4,5.73,0,-45.6,28.5,0,0,0,5.9,0,0,0,0,-3,0,0,0,0,-0.00229183,0,0,0,0,0,0,0,0,0,1,73,57,0,0.00034,0.00034,3,5,0,0,0,0,0,0,0,0,0,0,1,0,0,0,0,0,0,0,0,0,0,,0,0,0,0,
5,6.22,0,17.2,29,0,0,0,-2.35,0,0,0,0,-16,0,0,0,0,-0.00229183,0,0,0,0,0,0,0,0,0,1,74,57,0,0.00034,0.00034,3,5,0,0,0,0,0,0,0,0,0,0,1,0,0,0,0,0,0,0,0,0,0,,0,0,0,0,
END,Total:6
START,FrameNb:36,CameraNb:0,HeSaiNb:0,ARS410Nb:0
2026/08/02 21:35:32:352---->
heightOffset:0,1785677732352,240492,selfCaliBufCnt:0,selfAccObjCnt:0,selfAccAngle:0,installHAngleOffset:0,Interpolation:0,installVAngleOffset:0,radarOffsetH:0,radarOffsetV:0.32,Polynom:-0.001023;-0.0511;-2.047;0;0;0;-0.001023;-0.0511;-2.047;-25.5;0;0,WheelDirection:0;0;0;0,selfAngleOffset:0,selfAngleOffsetPit:0,currCaliAngleHrz:0,currCaliAnglePit:0,selfCaliAngleHrz:0,selfCaliAnglePit:0,servCaliAngleHrz:0,servCaliAnglePit:0,offlineCaliAngleHrz:0,offlineCaliAnglePit:0,determine2useFlag:0,IMU_Z_Accel:-21.592,IMU_X_AngularRate:-2.093,IMU_Y_AngularRate:-2.093,IMU_RollAngle:-180,IMU_PitchAngle:-180,IMU_YawAngle:-180,FcwID:0,FCWWarningLevel:0,FCWTTC:0
0,1.98,0,16.55,38,0,0,0,7.7,1.25452e-34,0,0,0,-7,0,0,0,0,-0.00229183,0,0,0,0,0,0,0,0,0,1,87,54,0,0.00034,0.00034,3,5,0,0,0,0,0,0,0,0,0,0,1,0,1,0,0,0,0,0,0,0,0,,0,0,0,0,
1,2.82,0,-7.15,30,0,0,0,-15,0,0,0,0,-17.5,0,0,0,0,-0.00229183,0,0,0,0,0,0,0,0,0,1,79,54,0,0.00034,0.00034,3,5,0,0,0,0,0,0,0,0,0,0,1,0,1,0,0,0,0,0,0,0,0,,0,0,0,0,
2,3.37,0,14.65,40,0,0,0,4.8,0,0,0,0,-5.5,0,0,0,0,-0.00229183,0,0,0,0,0,0,0,0,0,1,88,54,0,0.00034,0.00034,3,0,0,0,0,0,0,0,0,0,0,0,1,0,1,0,0,0,0,0,0,0,0,,0,0,0,0,
3,5.41,0,11.1,24,0,0,0,11.25,0,0,0,0,-25,0,0,0,0,-0.00229183,0,0,0,0,0,0,0,0,0,1,69,54,0,0.00034,0.00034,3,5,0,0,0,0,0,0,0,0,0,0,1,0,1,0,0,0,0,0,0,0,0,,0,0,0,0,
4,5.74,0,-45.35,28.5,0,0,0,5.75,0,0,0,0,-3,0,0,0,0,-0.00229183,0,0,0,0,0,0,0,0,0,1,73,54,0,0.00034,0.00034,3,5,0,0,0,0,0,0,0,0,0,0,1,0,1,0,0,0,0,0,0,0,0,,0,0,0,0,
5,6.21,0,17.35,29,0,0,0,-2.7,0,0,0,0,-16,0,0,0,0,-0.00229183,0,0,0,0,0,0,0,0,0,1,74,54,0,0.00034,0.00034,3,5,0,0,0,0,0,0,0,0,0,0,1,0,1,0,0,0,0,0,0,0,0,,0,0,0,0,
END,Total:6
START,FrameNb:37,CameraNb:0,HeSaiNb:0,ARS410Nb:0
2026/08/02 21:35:32:448---->
heightOffset:0,1785677732448,240544,selfCaliBufCnt:0,selfAccObjCnt:0,selfAccAngle:0,installHAngleOffset:0,Interpolation:0,installVAngleOffset:0,radarOffsetH:0,radarOffsetV:0.32,Polynom:-0.001023;-0.0511;-2.047;0;0;0;-0.001023;-0.0511;-2.047;-25.5;0;0,WheelDirection:0;0;0;0,selfAngleOffset:0,selfAngleOffsetPit:0,currCaliAngleHrz:0,currCaliAnglePit:0,selfCaliAngleHrz:0,selfCaliAnglePit:0,servCaliAngleHrz:0,servCaliAnglePit:0,offlineCaliAngleHrz:0,offlineCaliAnglePit:0,determine2useFlag:0,IMU_Z_Accel:-21.592,IMU_X_AngularRate:-2.093,IMU_Y_AngularRate:-2.093,IMU_RollAngle:-180,IMU_PitchAngle:-180,IMU_YawAngle:-180,FcwID:0,FCWWarningLevel:0,FCWTTC:0
0,1.98,0,16.55,37.5,0,0,0,7.7,1.25452e-34,0,0,0,-7,0,0,0,0,-0.00229183,0,0,0,0,0,0,0,0,0,1,87,58,0,0.00034,0.00034,3,5,0,0,0,0,0,0,0,0,0,0,1,0,0,0,0,0,0,0,0,0,0,,0,0,0,0,
1,2.84,0,-7.2,29.5,0,0,0,-9.05,0,0,0,0,-17.5,0,0,0,0,-0.00229183,0,0,0,0,0,0,0,0,0,1,79,58,0,0.00034,0.00034,3,5,0,0,0,0,0,0,0,0,0,0,1,0,0,0,0,0,0,0,0,0,0,,0,0,0,0,
2,3.37,0,14.65,40,0,0,0,4.8,0,0,0,0,-5.5,0,0,0,0,-0.00229183,0,0,0,0,0,0,0,0,0,1,88,58,0,0.00034,0.00034,3,0,0,0,0,0,0,0,0,0,0,0,1,0,0,0,0,0,0,0,0,0,0,,0,0,0,0,
3,5.37,0,10.85,23.5,0,0,0,11.45,0,0,0,0,-24.5,0,0,0,0,-0.00229183,0,0,0,0,0,0,0,0,0,1,69,58,0,0.00034,0.00034,3,5,0,0,0,0,0,0,0,0,0,0,1,0,0,0,0,0,0,0,0,0,0,,0,0,0,0,
4,5.75,0,13.95,28.5,0,0,0,-0.75,0,0,0,0,-18.5,0,0,0,0,-0.00229183,0,0,0,0,0,0,0,0,0,1,74,58,0,0.00034,0.00034,3,5,0,0,0,0,0,0,0,0,0,0,1,0,0,0,0,0,0,0,0,0,0,,0,0,0,0,
5,6.21,0,17.3,28.5,0,0,0,-2.55,0,0,0,0,-16,0,0,0,0,-0.00229183,0,0,0,0,0,0,0,0,0,1,74,58,0,0.00034,0.00034,3,5,0,0,0,0,0,0,0,0,0,0,1,0,0,0,0,0,0,0,0,0,0,,0,0,0,0,
END,Total:6
START,FrameNb:38,CameraNb:0,HeSaiNb:0,ARS410Nb:0
2026/08/02 21:35:32:508---->
heightOffset:0,1785677732508,240604,selfCaliBufCnt:0,selfAccObjCnt:0,selfAccAngle:0,installHAngleOffset:0,Interpolation:0,installVAngleOffset:0,radarOffsetH:0,radarOffsetV:0.32,Polynom:-0.001023;-0.0511;-2.047;0;0;0;-0.001023;-0.0511;-2.047;-25.5;0;0,WheelDirection:0;0;0;0,selfAngleOffset:0,selfAngleOffsetPit:0,currCaliAngleHrz:0,currCaliAnglePit:0,selfCaliAngleHrz:0,selfCaliAnglePit:0,servCaliAngleHrz:0,servCaliAnglePit:0,offlineCaliAngleHrz:0,offlineCaliAnglePit:0,determine2useFlag:0,IMU_Z_Accel:-21.592,IMU_X_AngularRate:-2.093,IMU_Y_AngularRate:-2.093,IMU_RollAngle:-180,IMU_PitchAngle:-180,IMU_YawAngle:-180,FcwID:0,FCWWarningLevel:0,FCWTTC:0
0,1.99,0,16.55,38,0,0,0,7.7,1.25452e-34,0,0,0,-7,0,0,0,0,-0.00229183,0,0,0,0,0,0,0,0,0,1,87,53,0,0.00034,0.00034,3,5,0,0,0,0,0,0,0,0,0,0,1,0,1,0,0,0,0,0,0,0,0,,0,0,0,0,
1,2.82,0,-7.15,29.5,0,0,0,-8.8,0,0,0,0,-17.5,0,0,0,0,-0.00229183,0,0,0,0,0,0,0,0,0,1,79,53,0,0.00034,0.00034,3,5,0,0,0,0,0,0,0,0,0,0,1,0,1,0,0,0,0,0,0,0,0,,0,0,0,0,
2,3.36,0,14.55,40,0,0,0,4.3,0,0,0,0,-5.5,0,0,0,0,-0.00229183,0,0,0,0,0,0,0,0,0,1,89,53,0,0.00034,0.00034,3,0,0,0,0,0,0,0,0,0,0,0,1,0,1,0,0,0,0,0,0,0,0,,0,0,0,0,
3,5.38,0,11.05,24,0,0,0,11.7,0,0,0,0,-24.5,0,0,0,0,-0.00229183,0,0,0,0,0,0,0,0,0,1,69,53,0,0.00034,0.00034,3,5,0,0,0,0,0,0,0,0,0,0,1,0,1,0,0,0,0,0,0,0,0,,0,0,0,0,
4,5.69,0,14.05,28.5,0,0,0,-0.8,0,0,0,0,-19,0,0,0,0,-0.00229183,0,0,0,0,0,0,0,0,0,1,73,53,0,0.00034,0.00034,3,5,0,0,0,0,0,0,0,0,0,0,1,0,1,0,0,0,0,0,0,0,0,,0,0,0,0,
5,6.2,0,17.3,29,0,0,0,-2.6,0,0,0,0,-16,0,0,0,0,-0.00229183,0,0,0,0,0,0,0,0,0,1,74,53,0,0.00034,0.00034,3,5,0,0,0,0,0,0,0,0,0,0,1,0,1,0,0,0,0,0,0,0,0,,0,0,0,0,
END,Total:6
START,FrameNb:39,CameraNb:0,HeSaiNb:0,ARS410Nb:0
2026/08/02 21:35:32:558---->
heightOffset:0,1785677732558,240660,selfCaliBufCnt:0,selfAccObjCnt:0,selfAccAngle:0,installHAngleOffset:0,Interpolation:0,installVAngleOffset:0,radarOffsetH:0,radarOffsetV:0.32,Polynom:-0.001023;-0.0511;-2.047;0;0;0;-0.001023;-0.0511;-2.047;-25.5;0;0,WheelDirection:0;0;0;0,selfAngleOffset:0,selfAngleOffsetPit:0,currCaliAngleHrz:0,currCaliAnglePit:0,selfCaliAngleHrz:0,selfCaliAnglePit:0,servCaliAngleHrz:0,servCaliAnglePit:0,offlineCaliAngleHrz:0,offlineCaliAnglePit:0,determine2useFlag:0,IMU_Z_Accel:-21.592,IMU_X_AngularRate:-2.093,IMU_Y_AngularRate:-2.093,IMU_RollAngle:-180,IMU_PitchAngle:-180,IMU_YawAngle:-180,FcwID:0,FCWWarningLevel:0,FCWTTC:0
0,1.98,0,16.55,38,0,0,0,7.7,1.25452e-34,0,0,0,-7,0,0,0,0,-0.00229183,0,0,0,0,0,0,0,0,0,1,87,58,0,0.00034,0.00034,3,5,0,0,0,0,0,0,0,0,0,0,1,0,0,0,0,0,0,0,0,0,0,,0,0,0,0,
1,2.84,0,-7.1,30,0,0,0,-9.45,0,0,0,0,-17.5,0,0,0,0,-0.00229183,0,0,0,0,0,0,0,0,0,1,79,58,0,0.00034,0.00034,3,5,0,0,0,0,0,0,0,0,0,0,1,0,0,0,0,0,0,0,0,0,0,,0,0,0,0,
2,3.37,0,14.65,40,0,0,0,4.8,0,0,0,0,-5.5,0,0,0,0,-0.00229183,0,0,0,0,0,0,0,0,0,1,88,58,0,0.00034,0.00034,3,0,0,0,0,0,0,0,0,0,0,0,1,0,0,0,0,0,0,0,0,0,0,,0,0,0,0,
3,5.41,0,11.05,24,0,0,0,11,0,0,0,0,-24.5,0,0,0,0,-0.00229183,0,0,0,0,0,0,0,0,0,1,69,58,0,0.00034,0.00034,3,5,0,0,0,0,0,0,0,0,0,0,1,0,0,0,0,0,0,0,0,0,0,,0,0,0,0,
4,5.72,0,14,29,0,0,0,-0.75,0,0,0,0,-18.5,0,0,0,0,-0.00229183,0,0,0,0,0,0,0,0,0,1,74,58,0,0.00034,0.00034,3,5,0,0,0,0,0,0,0,0,0,0,1,0,0,0,0,0,0,0,0,0,0,,0,0,0,0,
5,6.21,0,17.35,29,0,0,0,-2.45,0,0,0,0,-16,0,0,0,0,-0.00229183,0,0,0,0,0,0,0,0,0,1,74,58,0,0.00034,0.00034,3,5,0,0,0,0,0,0,0,0,0,0,1,0,0,0,0,0,0,0,0,0,0,,0,0,0,0,
END,Total:6
START,FrameNb:40,CameraNb:0,HeSaiNb:0,ARS410Nb:0
2026/08/02 21:35:32:573---->
heightOffset:0,1785677732573,240720,selfCaliBufCnt:0,selfAccObjCnt:0,selfAccAngle:0,installHAngleOffset:0,Interpolation:0,installVAngleOffset:0,radarOffsetH:0,radarOffsetV:0.32,Polynom:-0.001023;-0.0511;-2.047;0;0;0;-0.001023;-0.0511;-2.047;-25.5;0;0,WheelDirection:0;0;0;0,selfAngleOffset:0,selfAngleOffsetPit:0,currCaliAngleHrz:0,currCaliAnglePit:0,selfCaliAngleHrz:0,selfCaliAnglePit:0,servCaliAngleHrz:0,servCaliAnglePit:0,offlineCaliAngleHrz:0,offlineCaliAnglePit:0,determine2useFlag:0,IMU_Z_Accel:-21.592,IMU_X_AngularRate:-2.093,IMU_Y_AngularRate:-2.093,IMU_RollAngle:-180,IMU_PitchAngle:-180,IMU_YawAngle:-180,FcwID:0,FCWWarningLevel:0,FCWTTC:0
0,1.99,0,16.55,37.5,0,0,0,7.7,1.25452e-34,0,0,0,-7,0,0,0,0,-0.00229183,0,0,0,0,0,0,0,0,0,1,87,60,0,0.00034,0.00034,3,5,0,0,0,0,0,0,0,0,0,0,1,0,1,0,0,0,0,0,0,0,0,,0,0,0,0,
1,2.86,0,-7.1,29.5,0,0,0,-15,0,0,0,0,-17.5,0,0,0,0,-0.00229183,0,0,0,0,0,0,0,0,0,1,79,60,0,0.00034,0.00034,3,5,0,0,0,0,0,0,0,0,0,0,1,0,1,0,0,0,0,0,0,0,0,,0,0,0,0,
2,3.36,0,14.5,40,0,0,0,4.3,0,0,0,0,-5.5,0,0,0,0,-0.00229183,0,0,0,0,0,0,0,0,0,1,89,60,0,0.00034,0.00034,3,0,0,0,0,0,0,0,0,0,0,0,1,0,1,0,0,0,0,0,0,0,0,,0,0,0,0,
3,5.39,0,11.15,24,0,0,0,11.55,0,0,0,0,-25,0,0,0,0,-0.00229183,0,0,0,0,0,0,0,0,0,1,69,60,0,0.00034,0.00034,3,5,0,0,0,0,0,0,0,0,0,0,1,0,1,0,0,0,0,0,0,0,0,,0,0,0,0,
4,5.76,0,-45.7,28.5,0,0,0,5.8,0,0,0,0,-3,0,0,0,0,-0.00229183,0,0,0,0,0,0,0,0,0,1,73,60,0,0.00034,0.00034,3,5,0,0,0,0,0,0,0,0,0,0,1,0,1,0,0,0,0,0,0,0,0,,0,0,0,0,
5,6.2,0,17.4,29,0,0,0,-2.55,0,0,0,0,-16,0,0,0,0,-0.00229183,0,0,0,0,0,0,0,0,0,1,74,60,0,0.00034,0.00034,3,5,0,0,0,0,0,0,0,0,0,0,1,0,1,0,0,0,0,0,0,0,0,,0,0,0,0,
END,Total:6
START,FrameNb:41,CameraNb:0,HeSaiNb:0,ARS410Nb:0
2026/08/02 21:35:32:631---->
heightOffset:0,1785677732631,240776,selfCaliBufCnt:0,selfAccObjCnt:0,selfAccAngle:0,installHAngleOffset:0,Interpolation:0,installVAngleOffset:0,radarOffsetH:0,radarOffsetV:0.32,Polynom:-0.001023;-0.0511;-2.047;0;0;0;-0.001023;-0.0511;-2.047;-25.5;0;0,WheelDirection:0;0;0;0,selfAngleOffset:0,selfAngleOffsetPit:0,currCaliAngleHrz:0,currCaliAnglePit:0,selfCaliAngleHrz:0,selfCaliAnglePit:0,servCaliAngleHrz:0,servCaliAnglePit:0,offlineCaliAngleHrz:0,offlineCaliAnglePit:0,determine2useFlag:0,IMU_Z_Accel:-21.592,IMU_X_AngularRate:-2.093,IMU_Y_AngularRate:-2.093,IMU_RollAngle:-180,IMU_PitchAngle:-180,IMU_YawAngle:-180,FcwID:0,FCWWarningLevel:0,FCWTTC:0
0,1.98,0,16.55,37.5,0,0,0,7.7,1.25452e-34,0,0,0,-7,0,0,0,0,-0.00229183,0,0,0,0,0,0,0,0,0,1,87,60,0,0.00034,0.00034,3,5,0,0,0,0,0,0,0,0,0,0,1,0,0,0,0,0,0,0,0,0,0,,0,0,0,0,
1,2.83,0,-7.1,30,0,0,0,-15,0,0,0,0,-17.5,0,0,0,0,-0.00229183,0,0,0,0,0,0,0,0,0,1,79,60,0,0.00034,0.00034,3,5,0,0,0,0,0,0,0,0,0,0,1,0,0,0,0,0,0,0,0,0,0,,0,0,0,0,
2,3.37,0,14.65,40,0,0,0,4.8,0,0,0,0,-5.5,0,0,0,0,-0.00229183,0,0,0,0,0,0,0,0,0,1,88,60,0,0.00034,0.00034,3,0,0,0,0,0,0,0,0,0,0,0,1,0,0,0,0,0,0,0,0,0,0,,0,0,0,0,
3,5.41,0,11.05,23.5,0,0,0,11.3,0,0,0,0,-25,0,0,0,0,-0.00229183,0,0,0,0,0,0,0,0,0,1,69,60,0,0.00034,0.00034,3,5,0,0,0,0,0,0,0,0,0,0,1,0,0,0,0,0,0,0,0,0,0,,0,0,0,0,
4,5.72,0,14.1,28.5,0,0,0,-0.75,0,0,0,0,-19,0,0,0,0,-0.00229183,0,0,0,0,0,0,0,0,0,1,73,60,0,0.00034,0.00034,3,5,0,0,0,0,0,0,0,0,0,0,1,0,0,0,0,0,0,0,0,0,0,,0,0,0,0,
5,6.21,0,17.3,28.5,0,0,0,-2.35,0,0,0,0,-16,0,0,0,0,-0.00229183,0,0,0,0,0,0,0,0,0,1,74,60,0,0.00034,0.00034,3,5,0,0,0,0,0,0,0,0,0,0,1,0,0,0,0,0,0,0,0,0,0,,0,0,0,0,
END,Total:6
START,FrameNb:42,CameraNb:0,HeSaiNb:0,ARS410Nb:0
2026/08/02 21:35:32:685---->
heightOffset:0,1785677732685,240832,selfCaliBufCnt:0,selfAccObjCnt:0,selfAccAngle:0,installHAngleOffset:0,Interpolation:0,installVAngleOffset:0,radarOffsetH:0,radarOffsetV:0.32,Polynom:-0.001023;-0.0511;-2.047;0;0;0;-0.001023;-0.0511;-2.047;-25.5;0;0,WheelDirection:0;0;0;0,selfAngleOffset:0,selfAngleOffsetPit:0,currCaliAngleHrz:0,currCaliAnglePit:0,selfCaliAngleHrz:0,selfCaliAnglePit:0,servCaliAngleHrz:0,servCaliAnglePit:0,offlineCaliAngleHrz:0,offlineCaliAnglePit:0,determine2useFlag:0,IMU_Z_Accel:-21.592,IMU_X_AngularRate:-2.093,IMU_Y_AngularRate:-2.093,IMU_RollAngle:-180,IMU_PitchAngle:-180,IMU_YawAngle:-180,FcwID:0,FCWWarningLevel:0,FCWTTC:0
0,1.99,0,16.55,38,0,0,0,7.7,1.25452e-34,0,0,0,-7,0,0,0,0,-0.00229183,0,0,0,0,0,0,0,0,0,1,87,54,0,0.00034,0.00034,3,5,0,0,0,0,0,0,0,0,0,0,1,0,1,0,0,0,0,0,0,0,0,,0,0,0,0,
1,2.8,0,-7.1,30,0,0,0,-15,0,0,0,0,-17.5,0,0,0,0,-0.00229183,0,0,0,0,0,0,0,0,0,1,79,54,0,0.00034,0.00034,3,5,0,0,0,0,0,0,0,0,0,0,1,0,1,0,0,0,0,0,0,0,0,,0,0,0,0,
2,3.36,0,14.55,40,0,0,0,4.25,0,0,0,0,-5.5,0,0,0,0,-0.00229183,0,0,0,0,0,0,0,0,0,1,88,54,0,0.00034,0.00034,3,0,0,0,0,0,0,0,0,0,0,0,1,0,1,0,0,0,0,0,0,0,0,,0,0,0,0,
3,5.71,0,14,28.5,0,0,0,-0.95,0,0,0,0,-19,0,0,0,0,-0.00229183,0,0,0,0,0,0,0,0,0,1,73,54,0,0.00034,0.00034,3,5,0,0,0,0,0,0,0,0,0,0,1,0,1,0,0,0,0,0,0,0,0,,0,0,0,0,
4,6.2,0,17.3,28.5,0,0,0,-2.55,0,0,0,0,-16,0,0,0,0,-0.00229183,0,0,0,0,0,0,0,0,0,1,74,54,0,0.00034,0.00034,3,5,0,0,0,0,0,0,0,0,0,0,1,0,1,0,0,0,0,0,0,0,0,,0,0,0,0,
END,Total:5
START,FrameNb:43,CameraNb:0,HeSaiNb:0,ARS410Nb:0
2026/08/02 21:35:32:746---->
heightOffset:0,1785677732746,240888,selfCaliBufCnt:0,selfAccObjCnt:0,selfAccAngle:0,installHAngleOffset:0,Interpolation:0,installVAngleOffset:0,radarOffsetH:0,radarOffsetV:0.32,Polynom:-0.001023;-0.0511;-2.047;0;0;0;-0.001023;-0.0511;-2.047;-25.5;0;0,WheelDirection:0;0;0;0,selfAngleOffset:0,selfAngleOffsetPit:0,currCaliAngleHrz:0,currCaliAnglePit:0,selfCaliAngleHrz:0,selfCaliAnglePit:0,servCaliAngleHrz:0,servCaliAnglePit:0,offlineCaliAngleHrz:0,offlineCaliAnglePit:0,determine2useFlag:0,IMU_Z_Accel:-21.592,IMU_X_AngularRate:-2.093,IMU_Y_AngularRate:-2.093,IMU_RollAngle:-180,IMU_PitchAngle:-180,IMU_YawAngle:-180,FcwID:0,FCWWarningLevel:0,FCWTTC:0
0,1.98,0,16.55,38,0,0,0,7.7,1.25452e-34,0,0,0,-7,0,0,0,0,-0.00229183,0,0,0,0,0,0,0,0,0,1,87,57,0,0.00034,0.00034,3,5,0,0,0,0,0,0,0,0,0,0,1,0,0,0,0,0,0,0,0,0,0,,0,0,0,0,
1,2.81,0,-7.15,30,0,0,0,-15,0,0,0,0,-17.5,0,0,0,0,-0.00229183,0,0,0,0,0,0,0,0,0,1,79,57,0,0.00034,0.00034,3,5,0,0,0,0,0,0,0,0,0,0,1,0,0,0,0,0,0,0,0,0,0,,0,0,0,0,
2,3.37,0,14.65,40,0,0,0,4.8,0,0,0,0,-5.5,0,0,0,0,-0.00229183,0,0,0,0,0,0,0,0,0,1,88,57,0,0.00034,0.00034,3,0,0,0,0,0,0,0,0,0,0,0,1,0,0,0,0,0,0,0,0,0,0,,0,0,0,0,
3,5.41,0,11.15,24,0,0,0,-0.2,0,0,0,0,-24.5,0,0,0,0,-0.00229183,0,0,0,0,0,0,0,0,0,1,69,57,0,0.00034,0.00034,3,5,0,0,0,0,0,0,0,0,0,0,1,0,0,0,0,0,0,0,0,0,0,,0,0,0,0,
4,5.74,0,14.1,28.5,0,0,0,-0.85,0,0,0,0,-19,0,0,0,0,-0.00229183,0,0,0,0,0,0,0,0,0,1,73,57,0,0.00034,0.00034,3,5,0,0,0,0,0,0,0,0,0,0,1,0,0,0,0,0,0,0,0,0,0,,0,0,0,0,
5,6.22,0,17.3,29,0,0,0,-2.55,0,0,0,0,-16,0,0,0,0,-0.00229183,0,0,0,0,0,0,0,0,0,1,74,57,0,0.00034,0.00034,3,5,0,0,0,0,0,0,0,0,0,0,1,0,0,0,0,0,0,0,0,0,0,,0,0,0,0,
END,Total:6
START,FrameNb:44,CameraNb:0,HeSaiNb:0,ARS410Nb:0
2026/08/02 21:35:32:868---->
heightOffset:0,1785677732868,240944,selfCaliBufCnt:0,selfAccObjCnt:0,selfAccAngle:0,installHAngleOffset:0,Interpolation:0,installVAngleOffset:0,radarOffsetH:0,radarOffsetV:0.32,Polynom:-0.001023;-0.0511;-2.047;0;0;0;-0.001023;-0.0511;-2.047;-25.5;0;0,WheelDirection:0;0;0;0,selfAngleOffset:0,selfAngleOffsetPit:0,currCaliAngleHrz:0,currCaliAnglePit:0,selfCaliAngleHrz:0,selfCaliAnglePit:0,servCaliAngleHrz:0,servCaliAnglePit:0,offlineCaliAngleHrz:0,offlineCaliAnglePit:0,determine2useFlag:0,IMU_Z_Accel:-21.592,IMU_X_AngularRate:-2.093,IMU_Y_AngularRate:-2.093,IMU_RollAngle:-180,IMU_PitchAngle:-180,IMU_YawAngle:-180,FcwID:0,FCWWarningLevel:0,FCWTTC:0
0,1.99,0,16.55,37.5,0,0,0,7.7,1.25452e-34,0,0,0,-7,0,0,0,0,-0.00229183,0,0,0,0,0,0,0,0,0,1,87,53,0,0.00034,0.00034,3,5,0,0,0,0,0,0,0,0,0,0,1,0,1,0,0,0,0,0,0,0,0,,0,0,0,0,
1,2.8,0,-7.2,30,0,0,0,-15,0,0,0,0,-17.5,0,0,0,0,-0.00229183,0,0,0,0,0,0,0,0,0,1,79,53,0,0.00034,0.00034,3,5,0,0,0,0,0,0,0,0,0,0,1,0,1,0,0,0,0,0,0,0,0,,0,0,0,0,
2,3.36,0,14.6,40,0,0,0,4.25,0,0,0,0,-5.5,0,0,0,0,-0.00229183,0,0,0,0,0,0,0,0,0,1,89,53,0,0.00034,0.00034,3,0,0,0,0,0,0,0,0,0,0,0,1,0,1,0,0,0,0,0,0,0,0,,0,0,0,0,
3,5.38,0,11.2,23.5,0,0,0,11.65,0,0,0,0,-25,0,0,0,0,-0.00229183,0,0,0,0,0,0,0,0,0,1,69,53,0,0.00034,0.00034,3,5,0,0,0,0,0,0,0,0,0,0,1,0,1,0,0,0,0,0,0,0,0,,0,0,0,0,
4,5.74,0,14,28.5,0,0,0,-0.95,0,0,0,0,-19,0,0,0,0,-0.00229183,0,0,0,0,0,0,0,0,0,1,73,53,0,0.00034,0.00034,3,5,0,0,0,0,0,0,0,0,0,0,1,0,1,0,0,0,0,0,0,0,0,,0,0,0,0,
5,6.2,0,17.15,29,0,0,0,-2.35,0,0,0,0,-16,0,0,0,0,-0.00229183,0,0,0,0,0,0,0,0,0,1,74,53,0,0.00034,0.00034,3,5,0,0,0,0,0,0,0,0,0,0,1,0,1,0,0,0,0,0,0,0,0,,0,0,0,0,
END,Total:6
START,FrameNb:45,CameraNb:0,HeSaiNb:0,ARS410Nb:0
2026/08/02 21:35:32:883---->
heightOffset:0,1785677732883,241000,selfCaliBufCnt:0,selfAccObjCnt:0,selfAccAngle:0,installHAngleOffset:0,Interpolation:0,installVAngleOffset:0,radarOffsetH:0,radarOffsetV:0.32,Polynom:-0.001023;-0.0511;-2.047;0;0;0;-0.001023;-0.0511;-2.047;-25.5;0;0,WheelDirection:0;0;0;0,selfAngleOffset:0,selfAngleOffsetPit:0,currCaliAngleHrz:0,currCaliAnglePit:0,selfCaliAngleHrz:0,selfCaliAnglePit:0,servCaliAngleHrz:0,servCaliAnglePit:0,offlineCaliAngleHrz:0,offlineCaliAnglePit:0,determine2useFlag:0,IMU_Z_Accel:-21.592,IMU_X_AngularRate:-2.093,IMU_Y_AngularRate:-2.093,IMU_RollAngle:-180,IMU_PitchAngle:-180,IMU_YawAngle:-180,FcwID:0,FCWWarningLevel:0,FCWTTC:0
0,1.98,0,16.55,38,0,0,0,7.7,1.25452e-34,0,0,0,-7,0,0,0,0,-0.00229183,0,0,0,0,0,0,0,0,0,1,87,58,0,0.00034,0.00034,3,5,0,0,0,0,0,0,0,0,0,0,1,0,0,0,0,0,0,0,0,0,0,,0,0,0,0,
1,2.83,0,-7.2,30,0,0,0,-15,0,0,0,0,-17.5,0,0,0,0,-0.00229183,0,0,0,0,0,0,0,0,0,1,79,58,0,0.00034,0.00034,3,5,0,0,0,0,0,0,0,0,0,0,1,0,0,0,0,0,0,0,0,0,0,,0,0,0,0,
2,3.37,0,14.65,40,0,0,0,4.8,0,0,0,0,-5.5,0,0,0,0,-0.00229183,0,0,0,0,0,0,0,0,0,1,88,58,0,0.00034,0.00034,3,0,0,0,0,0,0,0,0,0,0,0,1,0,0,0,0,0,0,0,0,0,0,,0,0,0,0,
3,5.41,0,11,24,0,0,0,11.65,0,0,0,0,-25,0,0,0,0,-0.00229183,0,0,0,0,0,0,0,0,0,1,69,58,0,0.00034,0.00034,3,5,0,0,0,0,0,0,0,0,0,0,1,0,0,0,0,0,0,0,0,0,0,,0,0,0,0,
4,5.76,0,13.95,28.5,0,0,0,-1,0,0,0,0,-19,0,0,0,0,-0.00229183,0,0,0,0,0,0,0,0,0,1,73,58,0,0.00034,0.00034,3,5,0,0,0,0,0,0,0,0,0,0,1,0,0,0,0,0,0,0,0,0,0,,0,0,0,0,
5,6.21,0,17.15,29,0,0,0,-2.35,0,0,0,0,-16,0,0,0,0,-0.00229183,0,0,0,0,0,0,0,0,0,1,74,58,0,0.00034,0.00034,3,5,0,0,0,0,0,0,0,0,0,0,1,0,0,0,0,0,0,0,0,0,0,,0,0,0,0,
END,Total:6
START,FrameNb:46,CameraNb:0,HeSaiNb:0,ARS410Nb:0
2026/08/02 21:35:32:940---->
heightOffset:0,1785677732940,241056,selfCaliBufCnt:0,selfAccObjCnt:0,selfAccAngle:0,installHAngleOffset:0,Interpolation:0,installVAngleOffset:0,radarOffsetH:0,radarOffsetV:0.32,Polynom:-0.001023;-0.0511;-2.047;0;0;0;-0.001023;-0.0511;-2.047;-25.5;0;0,WheelDirection:0;0;0;0,selfAngleOffset:0,selfAngleOffsetPit:0,currCaliAngleHrz:0,currCaliAnglePit:0,selfCaliAngleHrz:0,selfCaliAnglePit:0,servCaliAngleHrz:0,servCaliAnglePit:0,offlineCaliAngleHrz:0,offlineCaliAnglePit:0,determine2useFlag:0,IMU_Z_Accel:-21.592,IMU_X_AngularRate:-2.093,IMU_Y_AngularRate:-2.093,IMU_RollAngle:-180,IMU_PitchAngle:-180,IMU_YawAngle:-180,FcwID:0,FCWWarningLevel:0,FCWTTC:0
0,1.99,0,16.55,37.5,0,0,0,7.75,1.25452e-34,0,0,0,-7,0,0,0,0,-0.00229183,0,0,0,0,0,0,0,0,0,1,87,54,0,0.00034,0.00034,3,5,0,0,0,0,0,0,0,0,0,0,1,0,1,0,0,0,0,0,0,0,0,,0,0,0,0,
1,2.82,0,-7.2,30,0,0,0,-15,0,0,0,0,-17.5,0,0,0,0,-0.00229183,0,0,0,0,0,0,0,0,0,1,79,54,0,0.00034,0.00034,3,5,0,0,0,0,0,0,0,0,0,0,1,0,1,0,0,0,0,0,0,0,0,,0,0,0,0,
2,3.36,0,14.55,40,0,0,0,4.25,0,0,0,0,-5.5,0,0,0,0,-0.00229183,0,0,0,0,0,0,0,0,0,1,89,54,0,0.00034,0.00034,3,0,0,0,0,0,0,0,0,0,0,0,1,0,1,0,0,0,0,0,0,0,0,,0,0,0,0,
3,5.41,0,11.2,23.5,0,0,0,11.95,0,0,0,0,-25,0,0,0,0,-0.00229183,0,0,0,0,0,0,0,0,0,1,69,54,0,0.00034,0.00034,3,5,0,0,0,0,0,0,0,0,0,0,1,0,1,0,0,0,0,0,0,0,0,,0,0,0,0,
4,5.74,0,-45.8,28.5,0,0,0,5.75,0,0,0,0,-3,0,0,0,0,-0.00229183,0,0,0,0,0,0,0,0,0,1,73,54,0,0.00034,0.00034,3,5,0,0,0,0,0,0,0,0,0,0,1,0,1,0,0,0,0,0,0,0,0,,0,0,0,0,
5,6.2,0,17.2,28.5,0,0,0,-2.45,0,0,0,0,-16,0,0,0,0,-0.00229183,0,0,0,0,0,0,0,0,0,1,74,54,0,0.00034,0.00034,3,5,0,0,0,0,0,0,0,0,0,0,1,0,1,0,0,0,0,0,0,0,0,,0,0,0,0,
END,Total:6
START,FrameNb:47,CameraNb:0,HeSaiNb:0,ARS410Nb:0
2026/08/02 21:35:32:995---->
heightOffset:0,1785677732995,241112,selfCaliBufCnt:0,selfAccObjCnt:0,selfAccAngle:0,installHAngleOffset:0,Interpolation:0,installVAngleOffset:0,radarOffsetH:0,radarOffsetV:0.32,Polynom:-0.001023;-0.0511;-2.047;0;0;0;-0.001023;-0.0511;-2.047;-25.5;0;0,WheelDirection:0;0;0;0,selfAngleOffset:0,selfAngleOffsetPit:0,currCaliAngleHrz:0,currCaliAnglePit:0,selfCaliAngleHrz:0,selfCaliAnglePit:0,servCaliAngleHrz:0,servCaliAnglePit:0,offlineCaliAngleHrz:0,offlineCaliAnglePit:0,determine2useFlag:0,IMU_Z_Accel:-21.592,IMU_X_AngularRate:-2.093,IMU_Y_AngularRate:-2.093,IMU_RollAngle:-180,IMU_PitchAngle:-180,IMU_YawAngle:-180,FcwID:0,FCWWarningLevel:0,FCWTTC:0
0,1.99,0,16.55,37.5,0,0,0,7.7,1.25452e-34,0,0,0,-7,0,0,0,0,-0.00229183,0,0,0,0,0,0,0,0,0,1,87,61,0,0.00034,0.00034,3,5,0,0,0,0,0,0,0,0,0,0,1,0,0,0,0,0,0,0,0,0,0,,0,0,0,0,
1,2.88,0,-7.2,29.5,0,0,0,-15,0,0,0,0,-17.5,0,0,0,0,-0.00229183,0,0,0,0,0,0,0,0,0,1,79,61,0,0.00034,0.00034,3,5,0,0,0,0,0,0,0,0,0,0,1,0,0,0,0,0,0,0,0,0,0,,0,0,0,0,
2,3.37,0,14.65,40,0,0,0,4.8,0,0,0,0,-5.5,0,0,0,0,-0.00229183,0,0,0,0,0,0,0,0,0,1,88,61,0,0.00034,0.00034,3,0,0,0,0,0,0,0,0,0,0,0,1,0,0,0,0,0,0,0,0,0,0,,0,0,0,0,
3,5.41,0,11.05,23.5,0,0,0,-0.95,0,0,0,0,-25,0,0,0,0,-0.00229183,0,0,0,0,0,0,0,0,0,1,69,61,0,0.00034,0.00034,3,5,0,0,0,0,0,0,0,0,0,0,1,0,0,0,0,0,0,0,0,0,0,,0,0,0,0,
4,5.75,0,13.95,28.5,0,0,0,-1,0,0,0,0,-19,0,0,0,0,-0.00229183,0,0,0,0,0,0,0,0,0,1,73,61,0,0.00034,0.00034,3,5,0,0,0,0,0,0,0,0,0,0,1,0,0,0,0,0,0,0,0,0,0,,0,0,0,0,
5,6.2,0,17.15,28.5,0,0,0,-2.3,0,0,0,0,-16,0,0,0,0,-0.00229183,0,0,0,0,0,0,0,0,0,1,74,61,0,0.00034,0.00034,3,5,0,0,0,0,0,0,0,0,0,0,1,0,0,0,0,0,0,0,0,0,0,,0,0,0,0,
END,Total:6
START,FrameNb:48,CameraNb:0,HeSaiNb:0,ARS410Nb:0
2026/08/02 21:35:33:060---->
heightOffset:0,1785677733060,241176,selfCaliBufCnt:0,selfAccObjCnt:0,selfAccAngle:0,installHAngleOffset:0,Interpolation:0,installVAngleOffset:0,radarOffsetH:0,radarOffsetV:0.32,Polynom:-0.001023;-0.0511;-2.047;0;0;0;-0.001023;-0.0511;-2.047;-25.5;0;0,WheelDirection:0;0;0;0,selfAngleOffset:0,selfAngleOffsetPit:0,currCaliAngleHrz:0,currCaliAnglePit:0,selfCaliAngleHrz:0,selfCaliAnglePit:0,servCaliAngleHrz:0,servCaliAnglePit:0,offlineCaliAngleHrz:0,offlineCaliAnglePit:0,determine2useFlag:0,IMU_Z_Accel:-21.592,IMU_X_AngularRate:-2.093,IMU_Y_AngularRate:-2.093,IMU_RollAngle:-180,IMU_PitchAngle:-180,IMU_YawAngle:-180,FcwID:0,FCWWarningLevel:0,FCWTTC:0
0,1.99,0,16.55,38,0,0,0,7.7,1.25452e-34,0,0,0,-7,0,0,0,0,-0.00229183,0,0,0,0,0,0,0,0,0,1,87,58,0,0.00034,0.00034,3,5,0,0,0,0,0,0,0,0,0,0,1,0,1,0,0,0,0,0,0,0,0,,0,0,0,0,
1,2.91,0,-7.2,30,0,0,0,-15,0,0,0,0,-17,0,0,0,0,-0.00229183,0,0,0,0,0,0,0,0,0,1,79,58,0,0.00034,0.00034,3,5,0,0,0,0,0,0,0,0,0,0,1,0,1,0,0,0,0,0,0,0,0,,0,0,0,0,
2,3.35,0,14.55,40,0,0,0,4.25,0,0,0,0,-5.5,0,0,0,0,-0.00229183,0,0,0,0,0,0,0,0,0,1,89,58,0,0.00034,0.00034,3,0,0,0,0,0,0,0,0,0,0,0,1,0,1,0,0,0,0,0,0,0,0,,0,0,0,0,
3,5.41,0,11.15,23.5,0,0,0,-0.8,0,0,0,0,-25,0,0,0,0,-0.00229183,0,0,0,0,0,0,0,0,0,1,69,58,0,0.00034,0.00034,3,5,0,0,0,0,0,0,0,0,0,0,1,0,1,0,0,0,0,0,0,0,0,,0,0,0,0,
4,5.76,0,-45.45,28.5,0,0,0,5.75,0,0,0,0,-3,0,0,0,0,-0.00229183,0,0,0,0,0,0,0,0,0,1,73,58,0,0.00034,0.00034,3,5,0,0,0,0,0,0,0,0,0,0,1,0,1,0,0,0,0,0,0,0,0,,0,0,0,0,
5,6.2,0,17.2,29,0,0,0,-2.45,0,0,0,0,-16,0,0,0,0,-0.00229183,0,0,0,0,0,0,0,0,0,1,74,58,0,0.00034,0.00034,3,5,0,0,0,0,0,0,0,0,0,0,1,0,1,0,0,0,0,0,0,0,0,,0,0,0,0,
END,Total:6
START,FrameNb:49,CameraNb:0,HeSaiNb:0,ARS410Nb:0
2026/08/02 21:35:33:110---->
heightOffset:0,1785677733110,241228,selfCaliBufCnt:0,selfAccObjCnt:0,selfAccAngle:0,installHAngleOffset:0,Interpolation:0,installVAngleOffset:0,radarOffsetH:0,radarOffsetV:0.32,Polynom:-0.001023;-0.0511;-2.047;0;0;0;-0.001023;-0.0511;-2.047;-25.5;0;0,WheelDirection:0;0;0;0,selfAngleOffset:0,selfAngleOffsetPit:0,currCaliAngleHrz:0,currCaliAnglePit:0,selfCaliAngleHrz:0,selfCaliAnglePit:0,servCaliAngleHrz:0,servCaliAnglePit:0,offlineCaliAngleHrz:0,offlineCaliAnglePit:0,determine2useFlag:0,IMU_Z_Accel:-21.592,IMU_X_AngularRate:-2.093,IMU_Y_AngularRate:-2.093,IMU_RollAngle:-180,IMU_PitchAngle:-180,IMU_YawAngle:-180,FcwID:0,FCWWarningLevel:0,FCWTTC:0
0,1.98,0,16.55,38,0,0,0,7.7,1.25452e-34,0,0,0,-7,0,0,0,0,-0.00229183,0,0,0,0,0,0,0,0,0,1,87,59,0,0.00034,0.00034,3,5,0,0,0,0,0,0,0,0,0,0,1,0,0,0,0,0,0,0,0,0,0,,0,0,0,0,
1,2.82,0,-7.15,30,0,0,0,-15,0,0,0,0,-17,0,0,0,0,-0.00229183,0,0,0,0,0,0,0,0,0,1,79,59,0,0.00034,0.00034,3,5,0,0,0,0,0,0,0,0,0,0,1,0,0,0,0,0,0,0,0,0,0,,0,0,0,0,
2,3.37,0,14.65,40,0,0,0,4.8,0,0,0,0,-5.5,0,0,0,0,-0.00229183,0,0,0,0,0,0,0,0,0,1,88,59,0,0.00034,0.00034,3,0,0,0,0,0,0,0,0,0,0,0,1,0,0,0,0,0,0,0,0,0,0,,0,0,0,0,
3,5.4,0,11,23.5,0,0,0,11.65,0,0,0,0,-25,0,0,0,0,-0.00229183,0,0,0,0,0,0,0,0,0,1,69,59,0,0.00034,0.00034,3,5,0,0,0,0,0,0,0,0,0,0,1,0,0,0,0,0,0,0,0,0,0,,0,0,0,0,
4,5.77,0,14,28.5,0,0,0,-1.05,0,0,0,0,-19,0,0,0,0,-0.00229183,0,0,0,0,0,0,0,0,0,1,73,59,0,0.00034,0.00034,3,5,0,0,0,0,0,0,0,0,0,0,1,0,0,0,0,0,0,0,0,0,0,,0,0,0,0,
5,6.21,0,17.15,29,0,0,0,-2.25,0,0,0,0,-16,0,0,0,0,-0.00229183,0,0,0,0,0,0,0,0,0,1,74,59,0,0.00034,0.00034,3,5,0,0,0,0,0,0,0,0,0,0,1,0,0,0,0,0,0,0,0,0,0,,0,0,0,0,
END,Total:6
START,FrameNb:50,CameraNb:0,HeSaiNb:0,ARS410Nb:0
2026/08/02 21:35:33:124---->
heightOffset:0,1785677733124,241288,selfCaliBufCnt:0,selfAccObjCnt:0,selfAccAngle:0,installHAngleOffset:0,Interpolation:0,installVAngleOffset:0,radarOffsetH:0,radarOffsetV:0.32,Polynom:-0.001023;-0.0511;-2.047;0;0;0;-0.001023;-0.0511;-2.047;-25.5;0;0,WheelDirection:0;0;0;0,selfAngleOffset:0,selfAngleOffsetPit:0,currCaliAngleHrz:0,currCaliAnglePit:0,selfCaliAngleHrz:0,selfCaliAnglePit:0,servCaliAngleHrz:0,servCaliAnglePit:0,offlineCaliAngleHrz:0,offlineCaliAnglePit:0,determine2useFlag:0,IMU_Z_Accel:-21.592,IMU_X_AngularRate:-2.093,IMU_Y_AngularRate:-2.093,IMU_RollAngle:-180,IMU_PitchAngle:-180,IMU_YawAngle:-180,FcwID:0,FCWWarningLevel:0,FCWTTC:0
0,1.99,0,16.55,37.5,0,0,0,7.75,1.25452e-34,0,0,0,-7,0,0,0,0,-0.00229183,0,0,0,0,0,0,0,0,0,1,87,53,0,0.00034,0.00034,3,5,0,0,0,0,0,0,0,0,0,0,1,0,1,0,0,0,0,0,0,0,0,,0,0,0,0,
1,2.8,0,-7.1,30,0,0,0,-15,0,0,0,0,-17,0,0,0,0,-0.00229183,0,0,0,0,0,0,0,0,0,1,79,53,0,0.00034,0.00034,3,5,0,0,0,0,0,0,0,0,0,0,1,0,1,0,0,0,0,0,0,0,0,,0,0,0,0,
2,3.36,0,14.55,40,0,0,0,4.3,0,0,0,0,-5,0,0,0,0,-0.00229183,0,0,0,0,0,0,0,0,0,1,89,53,0,0.00034,0.00034,3,0,0,0,0,0,0,0,0,0,0,0,1,0,1,0,0,0,0,0,0,0,0,,0,0,0,0,
3,5.41,0,11.3,23.5,0,0,0,-1.85,0,0,0,0,-25,0,0,0,0,-0.00229183,0,0,0,0,0,0,0,0,0,1,69,53,0,0.00034,0.00034,3,5,0,0,0,0,0,0,0,0,0,0,1,0,1,0,0,0,0,0,0,0,0,,0,0,0,0,
4,5.76,0,14,28,0,0,0,-1.05,0,0,0,0,-19,0,0,0,0,-0.00229183,0,0,0,0,0,0,0,0,0,1,73,53,0,0.00034,0.00034,3,5,0,0,0,0,0,0,0,0,0,0,1,0,1,0,0,0,0,0,0,0,0,,0,0,0,0,
5,6.2,0,17.3,28.5,0,0,0,-2.55,0,0,0,0,-16,0,0,0,0,-0.00229183,0,0,0,0,0,0,0,0,0,1,74,53,0,0.00034,0.00034,3,5,0,0,0,0,0,0,0,0,0,0,1,0,1,0,0,0,0,0,0,0,0,,0,0,0,0,
END,Total:6
START,FrameNb:51,CameraNb:0,HeSaiNb:0,ARS410Nb:0
2026/08/02 21:35:33:183---->
heightOffset:0,1785677733183,241340,selfCaliBufCnt:0,selfAccObjCnt:0,selfAccAngle:0,installHAngleOffset:0,Interpolation:0,installVAngleOffset:0,radarOffsetH:0,radarOffsetV:0.32,Polynom:-0.001023;-0.0511;-2.047;0;0;0;-0.001023;-0.0511;-2.047;-25.5;0;0,WheelDirection:0;0;0;0,selfAngleOffset:0,selfAngleOffsetPit:0,currCaliAngleHrz:0,currCaliAnglePit:0,selfCaliAngleHrz:0,selfCaliAnglePit:0,servCaliAngleHrz:0,servCaliAnglePit:0,offlineCaliAngleHrz:0,offlineCaliAnglePit:0,determine2useFlag:0,IMU_Z_Accel:-21.592,IMU_X_AngularRate:-2.093,IMU_Y_AngularRate:-2.093,IMU_RollAngle:-180,IMU_PitchAngle:-180,IMU_YawAngle:-180,FcwID:0,FCWWarningLevel:0,FCWTTC:0
0,1.98,0,16.55,38,0,0,0,7.7,1.25452e-34,0,0,0,-7,0,0,0,0,-0.00229183,0,0,0,0,0,0,0,0,0,1,87,57,0,0.00034,0.00034,3,5,0,0,0,0,0,0,0,0,0,0,1,0,0,0,0,0,0,0,0,0,0,,0,0,0,0,
1,2.79,0,-7.15,30,0,0,0,-15,0,0,0,0,-17,0,0,0,0,-0.00229183,0,0,0,0,0,0,0,0,0,1,79,57,0,0.00034,0.00034,3,5,0,0,0,0,0,0,0,0,0,0,1,0,0,0,0,0,0,0,0,0,0,,0,0,0,0,
2,3.37,0,14.65,40,0,0,0,4.8,0,0,0,0,-5.5,0,0,0,0,-0.00229183,0,0,0,0,0,0,0,0,0,1,88,57,0,0.00034,0.00034,3,0,0,0,0,0,0,0,0,0,0,0,1,0,0,0,0,0,0,0,0,0,0,,0,0,0,0,
3,5.41,0,11.4,23.5,0,0,0,-0.55,0,0,0,0,-25,0,0,0,0,-0.00229183,0,0,0,0,0,0,0,0,0,1,69,57,0,0.00034,0.00034,3,5,0,0,0,0,0,0,0,0,0,0,1,0,0,0,0,0,0,0,0,0,0,,0,0,0,0,
4,5.74,0,14.15,28.5,0,0,0,-0.95,0,0,0,0,-19,0,0,0,0,-0.00229183,0,0,0,0,0,0,0,0,0,1,73,57,0,0.00034,0.00034,3,5,0,0,0,0,0,0,0,0,0,0,1,0,0,0,0,0,0,0,0,0,0,,0,0,0,0,
5,6.22,0,17.2,28.5,0,0,0,-2.3,0,0,0,0,-16,0,0,0,0,-0.00229183,0,0,0,0,0,0,0,0,0,1,74,57,0,0.00034,0.00034,3,5,0,0,0,0,0,0,0,0,0,0,1,0,0,0,0,0,0,0,0,0,0,,0,0,0,0,
END,Total:6
START,FrameNb:52,CameraNb:0,HeSaiNb:0,ARS410Nb:0
2026/08/02 21:35:33:304---->
heightOffset:0,1785677733304,241396,selfCaliBufCnt:0,selfAccObjCnt:0,selfAccAngle:0,installHAngleOffset:0,Interpolation:0,installVAngleOffset:0,radarOffsetH:0,radarOffsetV:0.32,Polynom:-0.001023;-0.0511;-2.047;0;0;0;-0.001023;-0.0511;-2.047;-25.5;0;0,WheelDirection:0;0;0;0,selfAngleOffset:0,selfAngleOffsetPit:0,currCaliAngleHrz:0,currCaliAnglePit:0,selfCaliAngleHrz:0,selfCaliAnglePit:0,servCaliAngleHrz:0,servCaliAnglePit:0,offlineCaliAngleHrz:0,offlineCaliAnglePit:0,determine2useFlag:0,IMU_Z_Accel:-21.592,IMU_X_AngularRate:-2.093,IMU_Y_AngularRate:-2.093,IMU_RollAngle:-180,IMU_PitchAngle:-180,IMU_YawAngle:-180,FcwID:0,FCWWarningLevel:0,FCWTTC:0
0,1.99,0,16.55,38,0,0,0,7.75,1.25452e-34,0,0,0,-7,0,0,0,0,-0.00229183,0,0,0,0,0,0,0,0,0,1,87,54,0,0.00034,0.00034,3,5,0,0,0,0,0,0,0,0,0,0,1,0,1,0,0,0,0,0,0,0,0,,0,0,0,0,
1,2.79,0,-7.1,30.5,0,0,0,-15,0,0,0,0,-17,0,0,0,0,-0.00229183,0,0,0,0,0,0,0,0,0,1,79,54,0,0.00034,0.00034,3,5,0,0,0,0,0,0,0,0,0,0,1,0,1,0,0,0,0,0,0,0,0,,0,0,0,0,
2,3.36,0,14.55,40,0,0,0,4.3,0,0,0,0,-5.5,0,0,0,0,-0.00229183,0,0,0,0,0,0,0,0,0,1,89,54,0,0.00034,0.00034,3,0,0,0,0,0,0,0,0,0,0,0,1,0,1,0,0,0,0,0,0,0,0,,0,0,0,0,
3,5.41,0,11.3,23.5,0,0,0,-0.45,0,0,0,0,-25,0,0,0,0,-0.00229183,0,0,0,0,0,0,0,0,0,1,68,54,0,0.00034,0.00034,3,5,0,0,0,0,0,0,0,0,0,0,1,0,1,0,0,0,0,0,0,0,0,,0,0,0,0,
4,5.76,0,14,28,0,0,0,-1,0,0,0,0,-19,0,0,0,0,-0.00229183,0,0,0,0,0,0,0,0,0,1,73,54,0,0.00034,0.00034,3,5,0,0,0,0,0,0,0,0,0,0,1,0,1,0,0,0,0,0,0,0,0,,0,0,0,0,
5,6.21,0,17.2,28.5,0,0,0,-2.3,0,0,0,0,-16,0,0,0,0,-0.00229183,0,0,0,0,0,0,0,0,0,1,74,54,0,0.00034,0.00034,3,5,0,0,0,0,0,0,0,0,0,0,1,0,1,0,0,0,0,0,0,0,0,,0,0,0,0,
END,Total:6
START,FrameNb:53,CameraNb:0,HeSaiNb:0,ARS410Nb:0
2026/08/02 21:35:33:357---->
heightOffset:0,1785677733357,241452,selfCaliBufCnt:0,selfAccObjCnt:0,selfAccAngle:0,installHAngleOffset:0,Interpolation:0,installVAngleOffset:0,radarOffsetH:0,radarOffsetV:0.32,Polynom:-0.001023;-0.0511;-2.047;0;0;0;-0.001023;-0.0511;-2.047;-25.5;0;0,WheelDirection:0;0;0;0,selfAngleOffset:0,selfAngleOffsetPit:0,currCaliAngleHrz:0,currCaliAnglePit:0,selfCaliAngleHrz:0,selfCaliAnglePit:0,servCaliAngleHrz:0,servCaliAnglePit:0,offlineCaliAngleHrz:0,offlineCaliAnglePit:0,determine2useFlag:0,IMU_Z_Accel:-21.592,IMU_X_AngularRate:-2.093,IMU_Y_AngularRate:-2.093,IMU_RollAngle:-180,IMU_PitchAngle:-180,IMU_YawAngle:-180,FcwID:0,FCWWarningLevel:0,FCWTTC:0
0,1.98,0,16.55,38,0,0,0,7.7,1.25452e-34,0,0,0,-7,0,0,0,0,-0.00229183,0,0,0,0,0,0,0,0,0,1,87,57,0,0.00034,0.00034,3,5,0,0,0,0,0,0,0,0,0,0,1,0,0,0,0,0,0,0,0,0,0,,0,0,0,0,
1,2.79,0,-7.1,30,0,0,0,-15,0,0,0,0,-17,0,0,0,0,-0.00229183,0,0,0,0,0,0,0,0,0,1,79,57,0,0.00034,0.00034,3,5,0,0,0,0,0,0,0,0,0,0,1,0,0,0,0,0,0,0,0,0,0,,0,0,0,0,
2,3.37,0,14.65,40,0,0,0,4.8,0,0,0,0,-5.5,0,0,0,0,-0.00229183,0,0,0,0,0,0,0,0,0,1,88,57,0,0.00034,0.00034,3,0,0,0,0,0,0,0,0,0,0,0,1,0,0,0,0,0,0,0,0,0,0,,0,0,0,0,
3,5.41,0,11.2,23.5,0,0,0,11.25,0,0,0,0,-25,0,0,0,0,-0.00229183,0,0,0,0,0,0,0,0,0,1,69,57,0,0.00034,0.00034,3,5,0,0,0,0,0,0,0,0,0,0,1,0,0,0,0,0,0,0,0,0,0,,0,0,0,0,
4,5.73,0,14.15,28.5,0,0,0,-1,0,0,0,0,-19,0,0,0,0,-0.00229183,0,0,0,0,0,0,0,0,0,1,73,57,0,0.00034,0.00034,3,5,0,0,0,0,0,0,0,0,0,0,1,0,0,0,0,0,0,0,0,0,0,,0,0,0,0,
5,6.21,0,17.2,28.5,0,0,0,-2.2,0,0,0,0,-16,0,0,0,0,-0.00229183,0,0,0,0,0,0,0,0,0,1,74,57,0,0.00034,0.00034,3,5,0,0,0,0,0,0,0,0,0,0,1,0,0,0,0,0,0,0,0,0,0,,0,0,0,0,
END,Total:6
START,FrameNb:54,CameraNb:0,HeSaiNb:0,ARS410Nb:0
2026/08/02 21:35:33:372---->
heightOffset:0,1785677733372,241512,selfCaliBufCnt:0,selfAccObjCnt:0,selfAccAngle:0,installHAngleOffset:0,Interpolation:0,installVAngleOffset:0,radarOffsetH:0,radarOffsetV:0.32,Polynom:-0.001023;-0.0511;-2.047;0;0;0;-0.001023;-0.0511;-2.047;-25.5;0;0,WheelDirection:0;0;0;0,selfAngleOffset:0,selfAngleOffsetPit:0,currCaliAngleHrz:0,currCaliAnglePit:0,selfCaliAngleHrz:0,selfCaliAnglePit:0,servCaliAngleHrz:0,servCaliAnglePit:0,offlineCaliAngleHrz:0,offlineCaliAnglePit:0,determine2useFlag:0,IMU_Z_Accel:-21.592,IMU_X_AngularRate:-2.093,IMU_Y_AngularRate:-2.093,IMU_RollAngle:-180,IMU_PitchAngle:-180,IMU_YawAngle:-180,FcwID:0,FCWWarningLevel:0,FCWTTC:0
0,1.98,0,16.55,38,0,0,0,7.75,1.25452e-34,0,0,0,-7,0,0,0,0,-0.00229183,0,0,0,0,0,0,0,0,0,1,87,53,0,0.00034,0.00034,3,5,0,0,0,0,0,0,0,0,0,0,1,0,1,0,0,0,0,0,0,0,0,,0,0,0,0,
1,2.79,0,-7.1,30,0,0,0,-15,0,0,0,0,-17,0,0,0,0,-0.00229183,0,0,0,0,0,0,0,0,0,1,79,53,0,0.00034,0.00034,3,5,0,0,0,0,0,0,0,0,0,0,1,0,1,0,0,0,0,0,0,0,0,,0,0,0,0,
2,3.36,0,14.55,40,0,0,0,4.3,0,0,0,0,-5.5,0,0,0,0,-0.00229183,0,0,0,0,0,0,0,0,0,1,89,53,0,0.00034,0.00034,3,0,0,0,0,0,0,0,0,0,0,0,1,0,1,0,0,0,0,0,0,0,0,,0,0,0,0,
3,5.41,0,11.3,23.5,0,0,0,-0.45,0,0,0,0,-25,0,0,0,0,-0.00229183,0,0,0,0,0,0,0,0,0,1,69,53,0,0.00034,0.00034,3,5,0,0,0,0,0,0,0,0,0,0,1,0,1,0,0,0,0,0,0,0,0,,0,0,0,0,
4,5.75,0,-44.3,28,0,0,0,5.55,0,0,0,0,-4,0,0,0,0,-0.00229183,0,0,0,0,0,0,0,0,0,1,73,53,0,0.00034,0.00034,3,5,0,0,0,0,0,0,0,0,0,0,1,0,1,0,0,0,0,0,0,0,0,,0,0,0,0,
5,6.2,0,17.4,28.5,0,0,0,-2.55,0,0,0,0,-16,0,0,0,0,-0.00229183,0,0,0,0,0,0,0,0,0,1,74,53,0,0.00034,0.00034,3,5,0,0,0,0,0,0,0,0,0,0,1,0,1,0,0,0,0,0,0,0,0,,0,0,0,0,
END,Total:6
START,FrameNb:55,CameraNb:0,HeSaiNb:0,ARS410Nb:0
2026/08/02 21:35:33:422---->
heightOffset:0,1785677733422,241572,selfCaliBufCnt:0,selfAccObjCnt:0,selfAccAngle:0,installHAngleOffset:0,Interpolation:0,installVAngleOffset:0,radarOffsetH:0,radarOffsetV:0.32,Polynom:-0.001023;-0.0511;-2.047;0;0;0;-0.001023;-0.0511;-2.047;-25.5;0;0,WheelDirection:0;0;0;0,selfAngleOffset:0,selfAngleOffsetPit:0,currCaliAngleHrz:0,currCaliAnglePit:0,selfCaliAngleHrz:0,selfCaliAnglePit:0,servCaliAngleHrz:0,servCaliAnglePit:0,offlineCaliAngleHrz:0,offlineCaliAnglePit:0,determine2useFlag:0,IMU_Z_Accel:-21.592,IMU_X_AngularRate:-2.093,IMU_Y_AngularRate:-2.093,IMU_RollAngle:-180,IMU_PitchAngle:-180,IMU_YawAngle:-180,FcwID:0,FCWWarningLevel:0,FCWTTC:0
0,1.98,0,16.55,38,0,0,0,7.7,1.25452e-34,0,0,0,-7,0,0,0,0,-0.00229183,0,0,0,0,0,0,0,0,0,1,87,66,0,0.00034,0.00034,3,5,0,0,0,0,0,0,0,0,0,0,1,0,0,0,0,0,0,0,0,0,0,,0,0,0,0,
1,2.8,0,-7.1,30,0,0,0,-15,0,0,0,0,-17,0,0,0,0,-0.00229183,0,0,0,0,0,0,0,0,0,1,79,66,0,0.00034,0.00034,3,5,0,0,0,0,0,0,0,0,0,0,1,0,0,0,0,0,0,0,0,0,0,,0,0,0,0,
2,3.37,0,14.65,40,0,0,0,4.8,0,0,0,0,-5.5,0,0,0,0,-0.00229183,0,0,0,0,0,0,0,0,0,1,88,66,0,0.00034,0.00034,3,0,0,0,0,0,0,0,0,0,0,0,1,0,0,0,0,0,0,0,0,0,0,,0,0,0,0,
3,5.41,0,11.1,24,0,0,0,-0.7,0,0,0,0,-25,0,0,0,0,-0.00229183,0,0,0,0,0,0,0,0,0,1,69,66,0,0.00034,0.00034,3,5,0,0,0,0,0,0,0,0,0,0,1,0,0,0,0,0,0,0,0,0,0,,0,0,0,0,
4,5.73,0,-45.85,28.5,0,0,0,5.9,0,0,0,0,-3,0,0,0,0,-0.00229183,0,0,0,0,0,0,0,0,0,1,73,66,0,0.00034,0.00034,3,5,0,0,0,0,0,0,0,0,0,0,1,0,0,0,0,0,0,0,0,0,0,,0,0,0,0,
5,6.21,0,17.3,28.5,0,0,0,-2.45,0,0,0,0,-16,0,0,0,0,-0.00229183,0,0,0,0,0,0,0,0,0,1,74,66,0,0.00034,0.00034,3,5,0,0,0,0,0,0,0,0,0,0,1,0,0,0,0,0,0,0,0,0,0,,0,0,0,0,
END,Total:6
START,FrameNb:56,CameraNb:0,HeSaiNb:0,ARS410Nb:0
2026/08/02 21:35:33:485---->
heightOffset:0,1785677733485,241628,selfCaliBufCnt:0,selfAccObjCnt:0,selfAccAngle:0,installHAngleOffset:0,Interpolation:0,installVAngleOffset:0,radarOffsetH:0,radarOffsetV:0.32,Polynom:-0.001023;-0.0511;-2.047;0;0;0;-0.001023;-0.0511;-2.047;-25.5;0;0,WheelDirection:0;0;0;0,selfAngleOffset:0,selfAngleOffsetPit:0,currCaliAngleHrz:0,currCaliAnglePit:0,selfCaliAngleHrz:0,selfCaliAnglePit:0,servCaliAngleHrz:0,servCaliAnglePit:0,offlineCaliAngleHrz:0,offlineCaliAnglePit:0,determine2useFlag:0,IMU_Z_Accel:-21.592,IMU_X_AngularRate:-2.093,IMU_Y_AngularRate:-2.093,IMU_RollAngle:-180,IMU_PitchAngle:-180,IMU_YawAngle:-180,FcwID:0,FCWWarningLevel:0,FCWTTC:0
0,1.98,0,16.55,37.5,0,0,0,7.7,1.25452e-34,0,0,0,-7,0,0,0,0,-0.00229183,0,0,0,0,0,0,0,0,0,1,87,55,0,0.00034,0.00034,3,5,0,0,0,0,0,0,0,0,0,0,1,0,1,0,0,0,0,0,0,0,0,,0,0,0,0,
1,2.8,0,-7.2,30,0,0,0,-15,0,0,0,0,-17,0,0,0,0,-0.00229183,0,0,0,0,0,0,0,0,0,1,79,55,0,0.00034,0.00034,3,5,0,0,0,0,0,0,0,0,0,0,1,0,1,0,0,0,0,0,0,0,0,,0,0,0,0,
2,3.36,0,14.55,40,0,0,0,4.25,0,0,0,0,-5.5,0,0,0,0,-0.00229183,0,0,0,0,0,0,0,0,0,1,89,55,0,0.00034,0.00034,3,0,0,0,0,0,0,0,0,0,0,0,1,0,1,0,0,0,0,0,0,0,0,,0,0,0,0,
3,5.74,0,-45.7,28,0,0,0,5.75,0,0,0,0,-3,0,0,0,0,-0.00229183,0,0,0,0,0,0,0,0,0,1,73,55,0,0.00034,0.00034,3,5,0,0,0,0,0,0,0,0,0,0,1,0,1,0,0,0,0,0,0,0,0,,0,0,0,0,
4,6.19,0,17.35,28.5,0,0,0,-2.55,0,0,0,0,-16,0,0,0,0,-0.00229183,0,0,0,0,0,0,0,0,0,1,74,55,0,0.00034,0.00034,3,5,0,0,0,0,0,0,0,0,0,0,1,0,1,0,0,0,0,0,0,0,0,,0,0,0,0,
END,Total:5
START,FrameNb:57,CameraNb:0,HeSaiNb:0,ARS410Nb:0
2026/08/02 21:35:33:550---->
heightOffset:0,1785677733550,241684,selfCaliBufCnt:0,selfAccObjCnt:0,selfAccAngle:0,installHAngleOffset:0,Interpolation:0,installVAngleOffset:0,radarOffsetH:0,radarOffsetV:0.32,Polynom:-0.001023;-0.0511;-2.047;0;0;0;-0.001023;-0.0511;-2.047;-25.5;0;0,WheelDirection:0;0;0;0,selfAngleOffset:0,selfAngleOffsetPit:0,currCaliAngleHrz:0,currCaliAnglePit:0,selfCaliAngleHrz:0,selfCaliAnglePit:0,servCaliAngleHrz:0,servCaliAnglePit:0,offlineCaliAngleHrz:0,offlineCaliAnglePit:0,determine2useFlag:0,IMU_Z_Accel:-21.592,IMU_X_AngularRate:-2.093,IMU_Y_AngularRate:-2.093,IMU_RollAngle:-180,IMU_PitchAngle:-180,IMU_YawAngle:-180,FcwID:0,FCWWarningLevel:0,FCWTTC:0
0,1.98,0,16.55,37.5,0,0,0,7.7,1.25452e-34,0,0,0,-7,0,0,0,0,-0.00229183,0,0,0,0,0,0,0,0,0,1,87,57,0,0.00034,0.00034,3,5,0,0,0,0,0,0,0,0,0,0,1,0,0,0,0,0,0,0,0,0,0,,0,0,0,0,
1,2.82,0,-7.2,29.5,0,0,0,-15,0,0,0,0,-17.5,0,0,0,0,-0.00229183,0,0,0,0,0,0,0,0,0,1,79,57,0,0.00034,0.00034,3,5,0,0,0,0,0,0,0,0,0,0,1,0,0,0,0,0,0,0,0,0,0,,0,0,0,0,
2,3.37,0,14.65,40,0,0,0,4.8,0,0,0,0,-5.5,0,0,0,0,-0.00229183,0,0,0,0,0,0,0,0,0,1,88,57,0,0.00034,0.00034,3,0,0,0,0,0,0,0,0,0,0,0,1,0,0,0,0,0,0,0,0,0,0,,0,0,0,0,
3,5.41,0,11.2,23.5,0,0,0,11.55,0,0,0,0,-25,0,0,0,0,-0.00229183,0,0,0,0,0,0,0,0,0,1,69,57,0,0.00034,0.00034,3,5,0,0,0,0,0,0,0,0,0,0,1,0,0,0,0,0,0,0,0,0,0,,0,0,0,0,
4,5.72,0,14.1,28,0,0,0,-0.95,0,0,0,0,-19,0,0,0,0,-0.00229183,0,0,0,0,0,0,0,0,0,1,73,57,0,0.00034,0.00034,3,5,0,0,0,0,0,0,0,0,0,0,1,0,0,0,0,0,0,0,0,0,0,,0,0,0,0,
5,6.21,0,17.3,28.5,0,0,0,-2.45,0,0,0,0,-16,0,0,0,0,-0.00229183,0,0,0,0,0,0,0,0,0,1,74,57,0,0.00034,0.00034,3,5,0,0,0,0,0,0,0,0,0,0,1,0,0,0,0,0,0,0,0,0,0,,0,0,0,0,
END,Total:6
START,FrameNb:58,CameraNb:0,HeSaiNb:0,ARS410Nb:0
2026/08/02 21:35:33:607---->
heightOffset:0,1785677733607,241740,selfCaliBufCnt:0,selfAccObjCnt:0,selfAccAngle:0,installHAngleOffset:0,Interpolation:0,installVAngleOffset:0,radarOffsetH:0,radarOffsetV:0.32,Polynom:-0.001023;-0.0511;-2.047;0;0;0;-0.001023;-0.0511;-2.047;-25.5;0;0,WheelDirection:0;0;0;0,selfAngleOffset:0,selfAngleOffsetPit:0,currCaliAngleHrz:0,currCaliAnglePit:0,selfCaliAngleHrz:0,selfCaliAnglePit:0,servCaliAngleHrz:0,servCaliAnglePit:0,offlineCaliAngleHrz:0,offlineCaliAnglePit:0,determine2useFlag:0,IMU_Z_Accel:-21.592,IMU_X_AngularRate:-2.093,IMU_Y_AngularRate:-2.093,IMU_RollAngle:-180,IMU_PitchAngle:-180,IMU_YawAngle:-180,FcwID:0,FCWWarningLevel:0,FCWTTC:0
0,1.99,0,16.55,37.5,0,0,0,7.75,1.25452e-34,0,0,0,-7,0,0,0,0,-0.00229183,0,0,0,0,0,0,0,0,0,1,87,54,0,0.00034,0.00034,3,5,0,0,0,0,0,0,0,0,0,0,1,0,1,0,0,0,0,0,0,0,0,,0,0,0,0,
1,2.81,0,-7.15,30,0,0,0,-15,0,0,0,0,-17.5,0,0,0,0,-0.00229183,0,0,0,0,0,0,0,0,0,1,79,54,0,0.00034,0.00034,3,5,0,0,0,0,0,0,0,0,0,0,1,0,1,0,0,0,0,0,0,0,0,,0,0,0,0,
2,3.36,0,14.55,40,0,0,0,4.25,0,0,0,0,-5.5,0,0,0,0,-0.00229183,0,0,0,0,0,0,0,0,0,1,88,54,0,0.00034,0.00034,3,0,0,0,0,0,0,0,0,0,0,0,1,0,1,0,0,0,0,0,0,0,0,,0,0,0,0,
3,5.41,0,11.3,23.5,0,0,0,12.25,0,0,0,0,-25,0,0,0,0,-0.00229183,0,0,0,0,0,0,0,0,0,1,69,54,0,0.00034,0.00034,3,5,0,0,0,0,0,0,0,0,0,0,1,0,1,0,0,0,0,0,0,0,0,,0,0,0,0,
4,5.72,0,-45.6,28.5,0,0,0,5.75,0,0,0,0,-3,0,0,0,0,-0.00229183,0,0,0,0,0,0,0,0,0,1,73,54,0,0.00034,0.00034,3,5,0,0,0,0,0,0,0,0,0,0,1,0,1,0,0,0,0,0,0,0,0,,0,0,0,0,
5,6.2,0,17.2,29,0,0,0,-2.35,0,0,0,0,-16,0,0,0,0,-0.00229183,0,0,0,0,0,0,0,0,0,1,74,54,0,0.00034,0.00034,3,5,0,0,0,0,0,0,0,0,0,0,1,0,1,0,0,0,0,0,0,0,0,,0,0,0,0,
END,Total:6
START,FrameNb:59,CameraNb:0,HeSaiNb:0,ARS410Nb:0
2026/08/02 21:35:33:680---->
heightOffset:0,1785677733680,241792,selfCaliBufCnt:0,selfAccObjCnt:0,selfAccAngle:0,installHAngleOffset:0,Interpolation:0,installVAngleOffset:0,radarOffsetH:0,radarOffsetV:0.32,Polynom:-0.001023;-0.0511;-2.047;0;0;0;-0.001023;-0.0511;-2.047;-25.5;0;0,WheelDirection:0;0;0;0,selfAngleOffset:0,selfAngleOffsetPit:0,currCaliAngleHrz:0,currCaliAnglePit:0,selfCaliAngleHrz:0,selfCaliAnglePit:0,servCaliAngleHrz:0,servCaliAnglePit:0,offlineCaliAngleHrz:0,offlineCaliAnglePit:0,determine2useFlag:0,IMU_Z_Accel:-21.592,IMU_X_AngularRate:-2.093,IMU_Y_AngularRate:-2.093,IMU_RollAngle:-180,IMU_PitchAngle:-180,IMU_YawAngle:-180,FcwID:0,FCWWarningLevel:0,FCWTTC:0
0,1.98,0,16.55,38,0,0,0,7.7,1.25452e-34,0,0,0,-7,0,0,0,0,-0.00229183,0,0,0,0,0,0,0,0,0,1,87,58,0,0.00034,0.00034,3,5,0,0,0,0,0,0,0,0,0,0,1,0,0,0,0,0,0,0,0,0,0,,0,0,0,0,
1,2.96,0,-7.15,29.5,0,0,0,-15,0,0,0,0,-17.5,0,0,0,0,-0.00229183,0,0,0,0,0,0,0,0,0,1,79,58,0,0.00034,0.00034,3,5,0,0,0,0,0,0,0,0,0,0,1,0,0,0,0,0,0,0,0,0,0,,0,0,0,0,
2,3.37,0,14.65,40,0,0,0,4.8,0,0,0,0,-5.5,0,0,0,0,-0.00229183,0,0,0,0,0,0,0,0,0,1,88,58,0,0.00034,0.00034,3,0,0,0,0,0,0,0,0,0,0,0,1,0,0,0,0,0,0,0,0,0,0,,0,0,0,0,
3,5.41,0,11.15,23.5,0,0,0,11.15,0,0,0,0,-25,0,0,0,0,-0.00229183,0,0,0,0,0,0,0,0,0,1,69,58,0,0.00034,0.00034,3,5,0,0,0,0,0,0,0,0,0,0,1,0,0,0,0,0,0,0,0,0,0,,0,0,0,0,
4,5.74,0,13.95,28.5,0,0,0,-1,0,0,0,0,-19,0,0,0,0,-0.00229183,0,0,0,0,0,0,0,0,0,1,73,58,0,0.00034,0.00034,3,5,0,0,0,0,0,0,0,0,0,0,1,0,0,0,0,0,0,0,0,0,0,,0,0,0,0,
5,6.21,0,17.2,28.5,0,0,0,-2.3,0,0,0,0,-16,0,0,0,0,-0.00229183,0,0,0,0,0,0,0,0,0,1,74,58,0,0.00034,0.00034,3,5,0,0,0,0,0,0,0,0,0,0,1,0,0,0,0,0,0,0,0,0,0,,0,0,0,0,
END,Total:6
START,FrameNb:60,CameraNb:0,HeSaiNb:0,ARS410Nb:0
2026/08/02 21:35:33:735---->
heightOffset:0,1785677733735,241852,selfCaliBufCnt:0,selfAccObjCnt:0,selfAccAngle:0,installHAngleOffset:0,Interpolation:0,installVAngleOffset:0,radarOffsetH:0,radarOffsetV:0.32,Polynom:-0.001023;-0.0511;-2.047;0;0;0;-0.001023;-0.0511;-2.047;-25.5;0;0,WheelDirection:0;0;0;0,selfAngleOffset:0,selfAngleOffsetPit:0,currCaliAngleHrz:0,currCaliAnglePit:0,selfCaliAngleHrz:0,selfCaliAnglePit:0,servCaliAngleHrz:0,servCaliAnglePit:0,offlineCaliAngleHrz:0,offlineCaliAnglePit:0,determine2useFlag:0,IMU_Z_Accel:-21.592,IMU_X_AngularRate:-2.093,IMU_Y_AngularRate:-2.093,IMU_RollAngle:-180,IMU_PitchAngle:-180,IMU_YawAngle:-180,FcwID:0,FCWWarningLevel:0,FCWTTC:0
0,1.99,0,16.55,37.5,0,0,0,7.7,1.25452e-34,0,0,0,-7,0,0,0,0,-0.00229183,0,0,0,0,0,0,0,0,0,1,87,53,0,0.00034,0.00034,3,5,0,0,0,0,0,0,0,0,0,0,1,0,1,0,0,0,0,0,0,0,0,,0,0,0,0,
1,2.96,0,-7.15,29.5,0,0,0,-15,0,0,0,0,-17.5,0,0,0,0,-0.00229183,0,0,0,0,0,0,0,0,0,1,78,53,0,0.00034,0.00034,3,5,0,0,0,0,0,0,0,0,0,0,1,0,1,0,0,0,0,0,0,0,0,,0,0,0,0,
2,3.36,0,14.55,40,0,0,0,4.25,0,0,0,0,-5.5,0,0,0,0,-0.00229183,0,0,0,0,0,0,0,0,0,1,88,53,0,0.00034,0.00034,3,0,0,0,0,0,0,0,0,0,0,0,1,0,1,0,0,0,0,0,0,0,0,,0,0,0,0,
3,5.41,0,11.2,23.5,0,0,0,12,0,0,0,0,-25,0,0,0,0,-0.00229183,0,0,0,0,0,0,0,0,0,1,69,53,0,0.00034,0.00034,3,5,0,0,0,0,0,0,0,0,0,0,1,0,1,0,0,0,0,0,0,0,0,,0,0,0,0,
4,5.75,0,13.95,28.5,0,0,0,-1,0,0,0,0,-19,0,0,0,0,-0.00229183,0,0,0,0,0,0,0,0,0,1,73,53,0,0.00034,0.00034,3,5,0,0,0,0,0,0,0,0,0,0,1,0,1,0,0,0,0,0,0,0,0,,0,0,0,0,
5,6.21,0,17.15,28.5,0,0,0,-2.35,0,0,0,0,-16,0,0,0,0,-0.00229183,0,0,0,0,0,0,0,0,0,1,74,53,0,0.00034,0.00034,3,5,0,0,0,0,0,0,0,0,0,0,1,0,1,0,0,0,0,0,0,0,0,,0,0,0,0,
END,Total:6
START,FrameNb:61,CameraNb:0,HeSaiNb:0,ARS410Nb:0
2026/08/02 21:35:33:794---->
heightOffset:0,1785677733794,241908,selfCaliBufCnt:0,selfAccObjCnt:0,selfAccAngle:0,installHAngleOffset:0,Interpolation:0,installVAngleOffset:0,radarOffsetH:0,radarOffsetV:0.32,Polynom:-0.001023;-0.0511;-2.047;0;0;0;-0.001023;-0.0511;-2.047;-25.5;0;0,WheelDirection:0;0;0;0,selfAngleOffset:0,selfAngleOffsetPit:0,currCaliAngleHrz:0,currCaliAnglePit:0,selfCaliAngleHrz:0,selfCaliAnglePit:0,servCaliAngleHrz:0,servCaliAnglePit:0,offlineCaliAngleHrz:0,offlineCaliAnglePit:0,determine2useFlag:0,IMU_Z_Accel:-21.592,IMU_X_AngularRate:-2.093,IMU_Y_AngularRate:-2.093,IMU_RollAngle:-180,IMU_PitchAngle:-180,IMU_YawAngle:-180,FcwID:0,FCWWarningLevel:0,FCWTTC:0
0,1.98,0,16.55,38,0,0,0,7.7,1.25452e-34,0,0,0,-7,0,0,0,0,-0.00229183,0,0,0,0,0,0,0,0,0,1,87,59,0,0.00034,0.00034,3,5,0,0,0,0,0,0,0,0,0,0,1,0,0,0,0,0,0,0,0,0,0,,0,0,0,0,
1,2.96,0,-7.1,29.5,0,0,0,-15,0,0,0,0,-17.5,0,0,0,0,-0.00229183,0,0,0,0,0,0,0,0,0,1,78,59,0,0.00034,0.00034,3,5,0,0,0,0,0,0,0,0,0,0,1,0,0,0,0,0,0,0,0,0,0,,0,0,0,0,
2,3.37,0,14.65,40,0,0,0,4.8,0,0,0,0,-5.5,0,0,0,0,-0.00229183,0,0,0,0,0,0,0,0,0,1,88,59,0,0.00034,0.00034,3,0,0,0,0,0,0,0,0,0,0,0,1,0,0,0,0,0,0,0,0,0,0,,0,0,0,0,
3,5.41,0,11.15,24,0,0,0,-1.35,0,0,0,0,-24.5,0,0,0,0,-0.00229183,0,0,0,0,0,0,0,0,0,1,69,59,0,0.00034,0.00034,3,5,0,0,0,0,0,0,0,0,0,0,1,0,0,0,0,0,0,0,0,0,0,,0,0,0,0,
4,5.75,0,14.05,29,0,0,0,-1,0,0,0,0,-19,0,0,0,0,-0.00229183,0,0,0,0,0,0,0,0,0,1,73,59,0,0.00034,0.00034,3,5,0,0,0,0,0,0,0,0,0,0,1,0,0,0,0,0,0,0,0,0,0,,0,0,0,0,
5,6.21,0,17.15,29,0,0,0,-2.45,0,0,0,0,-16,0,0,0,0,-0.00229183,0,0,0,0,0,0,0,0,0,1,74,59,0,0.00034,0.00034,3,5,0,0,0,0,0,0,0,0,0,0,1,0,0,0,0,0,0,0,0,0,0,,0,0,0,0,
END,Total:6
START,FrameNb:62,CameraNb:0,HeSaiNb:0,ARS410Nb:0
2026/08/02 21:35:33:850---->
heightOffset:0,1785677733850,241968,selfCaliBufCnt:0,selfAccObjCnt:0,selfAccAngle:0,installHAngleOffset:0,Interpolation:0,installVAngleOffset:0,radarOffsetH:0,radarOffsetV:0.32,Polynom:-0.001023;-0.0511;-2.047;0;0;0;-0.001023;-0.0511;-2.047;-25.5;0;0,WheelDirection:0;0;0;0,selfAngleOffset:0,selfAngleOffsetPit:0,currCaliAngleHrz:0,currCaliAnglePit:0,selfCaliAngleHrz:0,selfCaliAnglePit:0,servCaliAngleHrz:0,servCaliAnglePit:0,offlineCaliAngleHrz:0,offlineCaliAnglePit:0,determine2useFlag:0,IMU_Z_Accel:-21.592,IMU_X_AngularRate:-2.093,IMU_Y_AngularRate:-2.093,IMU_RollAngle:-180,IMU_PitchAngle:-180,IMU_YawAngle:-180,FcwID:0,FCWWarningLevel:0,FCWTTC:0
0,1.99,0,16.55,37.5,0,0,0,7.7,1.25452e-34,0,0,0,-7,0,0,0,0,-0.00229183,0,0,0,0,0,0,0,0,0,1,87,58,0,0.00034,0.00034,3,5,0,0,0,0,0,0,0,0,0,0,1,0,1,0,0,0,0,0,0,0,0,,0,0,0,0,
1,2.9,0,-7.1,29.5,0,0,0,-15,0,0,0,0,-17.5,0,0,0,0,-0.00229183,0,0,0,0,0,0,0,0,0,1,79,58,0,0.00034,0.00034,3,5,0,0,0,0,0,0,0,0,0,0,1,0,1,0,0,0,0,0,0,0,0,,0,0,0,0,
2,3.36,0,14.55,40,0,0,0,4.2,0,0,0,0,-5.5,0,0,0,0,-0.00229183,0,0,0,0,0,0,0,0,0,1,89,58,0,0.00034,0.00034,3,0,0,0,0,0,0,0,0,0,0,0,1,0,1,0,0,0,0,0,0,0,0,,0,0,0,0,
3,5.41,0,11.2,24,0,0,0,-1.2,0,0,0,0,-24.5,0,0,0,0,-0.00229183,0,0,0,0,0,0,0,0,0,1,69,58,0,0.00034,0.00034,3,5,0,0,0,0,0,0,0,0,0,0,1,0,1,0,0,0,0,0,0,0,0,,0,0,0,0,
4,5.72,0,-45.4,28.5,0,0,0,5.7,0,0,0,0,-3,0,0,0,0,-0.00229183,0,0,0,0,0,0,0,0,0,1,73,58,0,0.00034,0.00034,3,5,0,0,0,0,0,0,0,0,0,0,1,0,1,0,0,0,0,0,0,0,0,,0,0,0,0,
5,6.21,0,17.3,28.5,0,0,0,-2.55,0,0,0,0,-16,0,0,0,0,-0.00229183,0,0,0,0,0,0,0,0,0,1,74,58,0,0.00034,0.00034,3,5,0,0,0,0,0,0,0,0,0,0,1,0,1,0,0,0,0,0,0,0,0,,0,0,0,0,
END,Total:6
START,FrameNb:63,CameraNb:0,HeSaiNb:0,ARS410Nb:0
2026/08/02 21:35:33:868---->
heightOffset:0,1785677733868,242024,selfCaliBufCnt:0,selfAccObjCnt:0,selfAccAngle:0,installHAngleOffset:0,Interpolation:0,installVAngleOffset:0,radarOffsetH:0,radarOffsetV:0.32,Polynom:-0.001023;-0.0511;-2.047;0;0;0;-0.001023;-0.0511;-2.047;-25.5;0;0,WheelDirection:0;0;0;0,selfAngleOffset:0,selfAngleOffsetPit:0,currCaliAngleHrz:0,currCaliAnglePit:0,selfCaliAngleHrz:0,selfCaliAnglePit:0,servCaliAngleHrz:0,servCaliAnglePit:0,offlineCaliAngleHrz:0,offlineCaliAnglePit:0,determine2useFlag:0,IMU_Z_Accel:-21.592,IMU_X_AngularRate:-2.093,IMU_Y_AngularRate:-2.093,IMU_RollAngle:-180,IMU_PitchAngle:-180,IMU_YawAngle:-180,FcwID:0,FCWWarningLevel:0,FCWTTC:0
0,1.98,0,16.55,38,0,0,0,7.7,1.25452e-34,0,0,0,-7,0,0,0,0,-0.00229183,0,0,0,0,0,0,0,0,0,1,87,61,0,0.00034,0.00034,3,5,0,0,0,0,0,0,0,0,0,0,1,0,0,0,0,0,0,0,0,0,0,,0,0,0,0,
1,2.9,0,-7.1,29.5,0,0,0,-15,0,0,0,0,-17.5,0,0,0,0,-0.00229183,0,0,0,0,0,0,0,0,0,1,79,61,0,0.00034,0.00034,3,5,0,0,0,0,0,0,0,0,0,0,1,0,0,0,0,0,0,0,0,0,0,,0,0,0,0,
2,3.36,0,14.55,40,0,0,0,4.25,0,0,0,0,-5.5,0,0,0,0,-0.00229183,0,0,0,0,0,0,0,0,0,1,89,61,0,0.00034,0.00034,3,0,0,0,0,0,0,0,0,0,0,0,1,0,0,0,0,0,0,0,0,0,0,,0,0,0,0,
3,5.41,0,11.15,24,0,0,0,10.9,0,0,0,0,-24.5,0,0,0,0,-0.00229183,0,0,0,0,0,0,0,0,0,1,69,61,0,0.00034,0.00034,3,5,0,0,0,0,0,0,0,0,0,0,1,0,0,0,0,0,0,0,0,0,0,,0,0,0,0,
4,5.74,0,14.05,28.5,0,0,0,-0.95,0,0,0,0,-18.5,0,0,0,0,-0.00229183,0,0,0,0,0,0,0,0,0,1,74,61,0,0.00034,0.00034,3,5,0,0,0,0,0,0,0,0,0,0,1,0,0,0,0,0,0,0,0,0,0,,0,0,0,0,
5,6.22,0,17.35,28.5,0,0,0,-2.6,0,0,0,0,-16,0,0,0,0,-0.00229183,0,0,0,0,0,0,0,0,0,1,74,61,0,0.00034,0.00034,3,5,0,0,0,0,0,0,0,0,0,0,1,0,0,0,0,0,0,0,0,0,0,,0,0,0,0,
END,Total:6
START,FrameNb:64,CameraNb:0,HeSaiNb:0,ARS410Nb:0
2026/08/02 21:35:33:924---->
heightOffset:0,1785677733924,242084,selfCaliBufCnt:0,selfAccObjCnt:0,selfAccAngle:0,installHAngleOffset:0,Interpolation:0,installVAngleOffset:0,radarOffsetH:0,radarOffsetV:0.32,Polynom:-0.001023;-0.0511;-2.047;0;0;0;-0.001023;-0.0511;-2.047;-25.5;0;0,WheelDirection:0;0;0;0,selfAngleOffset:0,selfAngleOffsetPit:0,currCaliAngleHrz:0,currCaliAnglePit:0,selfCaliAngleHrz:0,selfCaliAnglePit:0,servCaliAngleHrz:0,servCaliAnglePit:0,offlineCaliAngleHrz:0,offlineCaliAnglePit:0,determine2useFlag:0,IMU_Z_Accel:-21.592,IMU_X_AngularRate:-2.093,IMU_Y_AngularRate:-2.093,IMU_RollAngle:-180,IMU_PitchAngle:-180,IMU_YawAngle:-180,FcwID:0,FCWWarningLevel:0,FCWTTC:0
0,1.99,0,16.55,37.5,0,0,0,7.7,1.25452e-34,0,0,0,-7,0,0,0,0,-0.00229183,0,0,0,0,0,0,0,0,0,1,87,54,0,0.00034,0.00034,3,5,0,0,0,0,0,0,0,0,0,0,1,0,1,0,0,0,0,0,0,0,0,,0,0,0,0,
1,2.92,0,-7.05,29.5,0,0,0,-15,0,0,0,0,-17.5,0,0,0,0,-0.00229183,0,0,0,0,0,0,0,0,0,1,79,54,0,0.00034,0.00034,3,5,0,0,0,0,0,0,0,0,0,0,1,0,1,0,0,0,0,0,0,0,0,,0,0,0,0,
2,3.36,0,14.55,40,0,0,0,4.3,0,0,0,0,-5.5,0,0,0,0,-0.00229183,0,0,0,0,0,0,0,0,0,1,89,54,0,0.00034,0.00034,3,0,0,0,0,0,0,0,0,0,0,0,1,0,1,0,0,0,0,0,0,0,0,,0,0,0,0,
3,5.72,0,14,28.5,0,0,0,-0.95,0,0,0,0,-19,0,0,0,0,-0.00229183,0,0,0,0,0,0,0,0,0,1,73,54,0,0.00034,0.00034,3,5,0,0,0,0,0,0,0,0,0,0,1,0,1,0,0,0,0,0,0,0,0,,0,0,0,0,
4,6.22,0,17.2,28.5,0,0,0,-2.45,0,0,0,0,-16,0,0,0,0,-0.00229183,0,0,0,0,0,0,0,0,0,1,74,54,0,0.00034,0.00034,3,5,0,0,0,0,0,0,0,0,0,0,1,0,1,0,0,0,0,0,0,0,0,,0,0,0,0,
END,Total:5
START,FrameNb:65,CameraNb:0,HeSaiNb:0,ARS410Nb:0
2026/08/02 21:35:33:977---->
heightOffset:0,1785677733977,242136,selfCaliBufCnt:0,selfAccObjCnt:0,selfAccAngle:0,installHAngleOffset:0,Interpolation:0,installVAngleOffset:0,radarOffsetH:0,radarOffsetV:0.32,Polynom:-0.001023;-0.0511;-2.047;0;0;0;-0.001023;-0.0511;-2.047;-25.5;0;0,WheelDirection:0;0;0;0,selfAngleOffset:0,selfAngleOffsetPit:0,currCaliAngleHrz:0,currCaliAnglePit:0,selfCaliAngleHrz:0,selfCaliAnglePit:0,servCaliAngleHrz:0,servCaliAnglePit:0,offlineCaliAngleHrz:0,offlineCaliAnglePit:0,determine2useFlag:0,IMU_Z_Accel:-21.592,IMU_X_AngularRate:-2.093,IMU_Y_AngularRate:-2.093,IMU_RollAngle:-180,IMU_PitchAngle:-180,IMU_YawAngle:-180,FcwID:0,FCWWarningLevel:0,FCWTTC:0
0,1.98,0,16.55,38,0,0,0,7.7,1.25452e-34,0,0,0,-7,0,0,0,0,-0.00229183,0,0,0,0,0,0,0,0,0,1,87,57,0,0.00034,0.00034,3,5,0,0,0,0,0,0,0,0,0,0,1,0,0,0,0,0,0,0,0,0,0,,0,0,0,0,
1,2.88,0,-7.05,29.5,0,0,0,-15,0,0,0,0,-17.5,0,0,0,0,-0.00229183,0,0,0,0,0,0,0,0,0,1,79,57,0,0.00034,0.00034,3,5,0,0,0,0,0,0,0,0,0,0,1,0,0,0,0,0,0,0,0,0,0,,0,0,0,0,
2,3.37,0,14.65,40,0,0,0,4.8,0,0,0,0,-5.5,0,0,0,0,-0.00229183,0,0,0,0,0,0,0,0,0,1,88,57,0,0.00034,0.00034,3,0,0,0,0,0,0,0,0,0,0,0,1,0,0,0,0,0,0,0,0,0,0,,0,0,0,0,
3,5.41,0,11.2,23.5,0,0,0,11.25,0,0,0,0,-25,0,0,0,0,-0.00229183,0,0,0,0,0,0,0,0,0,1,69,57,0,0.00034,0.00034,3,5,0,0,0,0,0,0,0,0,0,0,1,0,0,0,0,0,0,0,0,0,0,,0,0,0,0,
4,5.73,0,14.05,28.5,0,0,0,-0.85,0,0,0,0,-19,0,0,0,0,-0.00229183,0,0,0,0,0,0,0,0,0,1,73,57,0,0.00034,0.00034,3,5,0,0,0,0,0,0,0,0,0,0,1,0,0,0,0,0,0,0,0,0,0,,0,0,0,0,
5,6.22,0,17.15,28.5,0,0,0,-2.45,0,0,0,0,-16,0,0,0,0,-0.00229183,0,0,0,0,0,0,0,0,0,1,74,57,0,0.00034,0.00034,3,5,0,0,0,0,0,0,0,0,0,0,1,0,0,0,0,0,0,0,0,0,0,,0,0,0,0,
END,Total:6
START,FrameNb:66,CameraNb:0,HeSaiNb:0,ARS410Nb:0
2026/08/02 21:35:34:091---->
heightOffset:0,1785677734091,242192,selfCaliBufCnt:0,selfAccObjCnt:0,selfAccAngle:0,installHAngleOffset:0,Interpolation:0,installVAngleOffset:0,radarOffsetH:0,radarOffsetV:0.32,Polynom:-0.001023;-0.0511;-2.047;0;0;0;-0.001023;-0.0511;-2.047;-25.5;0;0,WheelDirection:0;0;0;0,selfAngleOffset:0,selfAngleOffsetPit:0,currCaliAngleHrz:0,currCaliAnglePit:0,selfCaliAngleHrz:0,selfCaliAnglePit:0,servCaliAngleHrz:0,servCaliAnglePit:0,offlineCaliAngleHrz:0,offlineCaliAnglePit:0,determine2useFlag:0,IMU_Z_Accel:-21.592,IMU_X_AngularRate:-2.093,IMU_Y_AngularRate:-2.093,IMU_RollAngle:-180,IMU_PitchAngle:-180,IMU_YawAngle:-180,FcwID:0,FCWWarningLevel:0,FCWTTC:0
0,1.99,0,16.55,37.5,0,0,0,7.7,1.25452e-34,0,0,0,-7,0,0,0,0,-0.00229183,0,0,0,0,0,0,0,0,0,1,87,54,0,0.00034,0.00034,3,5,0,0,0,0,0,0,0,0,0,0,1,0,1,0,0,0,0,0,0,0,0,,0,0,0,0,
1,2.81,0,-7.05,29.5,0,0,0,-15,0,0,0,0,-17.5,0,0,0,0,-0.00229183,0,0,0,0,0,0,0,0,0,1,79,54,0,0.00034,0.00034,3,5,0,0,0,0,0,0,0,0,0,0,1,0,1,0,0,0,0,0,0,0,0,,0,0,0,0,
2,3.36,0,14.55,40,0,0,0,4.4,0,0,0,0,-5,0,0,0,0,-0.00229183,0,0,0,0,0,0,0,0,0,1,89,54,0,0.00034,0.00034,3,0,0,0,0,0,0,0,0,0,0,0,1,0,1,0,0,0,0,0,0,0,0,,0,0,0,0,
3,5.36,0,11.2,23.5,0,0,0,11.3,0,0,0,0,-25,0,0,0,0,-0.00229183,0,0,0,0,0,0,0,0,0,1,69,54,0,0.00034,0.00034,3,5,0,0,0,0,0,0,0,0,0,0,1,0,1,0,0,0,0,0,0,0,0,,0,0,0,0,
4,5.73,0,14.05,28.5,0,0,0,-0.95,0,0,0,0,-19,0,0,0,0,-0.00229183,0,0,0,0,0,0,0,0,0,1,73,54,0,0.00034,0.00034,3,5,0,0,0,0,0,0,0,0,0,0,1,0,1,0,0,0,0,0,0,0,0,,0,0,0,0,
5,6.22,0,17.2,29,0,0,0,-2.55,0,0,0,0,-16,0,0,0,0,-0.00229183,0,0,0,0,0,0,0,0,0,1,74,54,0,0.00034,0.00034,3,5,0,0,0,0,0,0,0,0,0,0,1,0,1,0,0,0,0,0,0,0,0,,0,0,0,0,
END,Total:6
START,FrameNb:67,CameraNb:0,HeSaiNb:0,ARS410Nb:0
2026/08/02 21:35:34:135---->
heightOffset:0,1785677734135,242248,selfCaliBufCnt:0,selfAccObjCnt:0,selfAccAngle:0,installHAngleOffset:0,Interpolation:0,installVAngleOffset:0,radarOffsetH:0,radarOffsetV:0.32,Polynom:-0.001023;-0.0511;-2.047;0;0;0;-0.001023;-0.0511;-2.047;-25.5;0;0,WheelDirection:0;0;0;0,selfAngleOffset:0,selfAngleOffsetPit:0,currCaliAngleHrz:0,currCaliAnglePit:0,selfCaliAngleHrz:0,selfCaliAnglePit:0,servCaliAngleHrz:0,servCaliAnglePit:0,offlineCaliAngleHrz:0,offlineCaliAnglePit:0,determine2useFlag:0,IMU_Z_Accel:-21.592,IMU_X_AngularRate:-2.093,IMU_Y_AngularRate:-2.093,IMU_RollAngle:-180,IMU_PitchAngle:-180,IMU_YawAngle:-180,FcwID:0,FCWWarningLevel:0,FCWTTC:0
0,1.98,0,16.55,37.5,0,0,0,7.7,1.25452e-34,0,0,0,-7,0,0,0,0,-0.00229183,0,0,0,0,0,0,0,0,0,1,87,57,0,0.00034,0.00034,3,5,0,0,0,0,0,0,0,0,0,0,1,0,0,0,0,0,0,0,0,0,0,,0,0,0,0,
1,2.8,0,-7.05,29.5,0,0,0,-15,0,0,0,0,-17.5,0,0,0,0,-0.00229183,0,0,0,0,0,0,0,0,0,1,79,57,0,0.00034,0.00034,3,5,0,0,0,0,0,0,0,0,0,0,1,0,0,0,0,0,0,0,0,0,0,,0,0,0,0,
2,3.36,0,14.55,40,0,0,0,4.3,0,0,0,0,-5,0,0,0,0,-0.00229183,0,0,0,0,0,0,0,0,0,1,89,57,0,0.00034,0.00034,3,0,0,0,0,0,0,0,0,0,0,0,1,0,0,0,0,0,0,0,0,0,0,,0,0,0,0,
3,5.34,0,11.2,23.5,0,0,0,11.2,0,0,0,0,-25,0,0,0,0,-0.00229183,0,0,0,0,0,0,0,0,0,1,68,57,0,0.00034,0.00034,3,5,0,0,0,0,0,0,0,0,0,0,1,0,0,0,0,0,0,0,0,0,0,,0,0,0,0,
4,5.75,0,14.1,28.5,0,0,0,-0.8,0,0,0,0,-18.5,0,0,0,0,-0.00229183,0,0,0,0,0,0,0,0,0,1,74,57,0,0.00034,0.00034,3,5,0,0,0,0,0,0,0,0,0,0,1,0,0,0,0,0,0,0,0,0,0,,0,0,0,0,
5,6.22,0,17.3,29,0,0,0,-2.6,0,0,0,0,-16,0,0,0,0,-0.00229183,0,0,0,0,0,0,0,0,0,1,74,57,0,0.00034,0.00034,3,5,0,0,0,0,0,0,0,0,0,0,1,0,0,0,0,0,0,0,0,0,0,,0,0,0,0,
END,Total:6
START,FrameNb:68,CameraNb:0,HeSaiNb:0,ARS410Nb:0
2026/08/02 21:35:34:176---->
heightOffset:0,1785677734176,242304,selfCaliBufCnt:0,selfAccObjCnt:0,selfAccAngle:0,installHAngleOffset:0,Interpolation:0,installVAngleOffset:0,radarOffsetH:0,radarOffsetV:0.32,Polynom:-0.001023;-0.0511;-2.047;0;0;0;-0.001023;-0.0511;-2.047;-25.5;0;0,WheelDirection:0;0;0;0,selfAngleOffset:0,selfAngleOffsetPit:0,currCaliAngleHrz:0,currCaliAnglePit:0,selfCaliAngleHrz:0,selfCaliAnglePit:0,servCaliAngleHrz:0,servCaliAnglePit:0,offlineCaliAngleHrz:0,offlineCaliAnglePit:0,determine2useFlag:0,IMU_Z_Accel:-21.592,IMU_X_AngularRate:-2.093,IMU_Y_AngularRate:-2.093,IMU_RollAngle:-180,IMU_PitchAngle:-180,IMU_YawAngle:-180,FcwID:0,FCWWarningLevel:0,FCWTTC:0
0,1.99,0,16.55,38,0,0,0,7.7,1.25452e-34,0,0,0,-7,0,0,0,0,-0.00229183,0,0,0,0,0,0,0,0,0,1,87,54,0,0.00034,0.00034,3,5,0,0,0,0,0,0,0,0,0,0,1,0,1,0,0,0,0,0,0,0,0,,0,0,0,0,
1,2.81,0,-7.05,29.5,0,0,0,-15,0,0,0,0,-17.5,0,0,0,0,-0.00229183,0,0,0,0,0,0,0,0,0,1,79,54,0,0.00034,0.00034,3,5,0,0,0,0,0,0,0,0,0,0,1,0,1,0,0,0,0,0,0,0,0,,0,0,0,0,
2,3.36,0,14.55,40,0,0,0,4.4,0,0,0,0,-5,0,0,0,0,-0.00229183,0,0,0,0,0,0,0,0,0,1,89,54,0,0.00034,0.00034,3,0,0,0,0,0,0,0,0,0,0,0,1,0,1,0,0,0,0,0,0,0,0,,0,0,0,0,
3,5.38,0,11.3,24,0,0,0,12.2,0,0,0,0,-25,0,0,0,0,-0.00229183,0,0,0,0,0,0,0,0,0,1,69,54,0,0.00034,0.00034,3,5,0,0,0,0,0,0,0,0,0,0,1,0,1,0,0,0,0,0,0,0,0,,0,0,0,0,
4,5.76,0,-45.8,28.5,0,0,0,5.8,0,0,0,0,-3,0,0,0,0,-0.00229183,0,0,0,0,0,0,0,0,0,1,73,54,0,0.00034,0.00034,3,5,0,0,0,0,0,0,0,0,0,0,1,0,1,0,0,0,0,0,0,0,0,,0,0,0,0,
5,6.21,0,17.3,29,0,0,0,-2.75,0,0,0,0,-16,0,0,0,0,-0.00229183,0,0,0,0,0,0,0,0,0,1,74,54,0,0.00034,0.00034,3,5,0,0,0,0,0,0,0,0,0,0,1,0,1,0,0,0,0,0,0,0,0,,0,0,0,0,
END,Total:6
START,FrameNb:69,CameraNb:0,HeSaiNb:0,ARS410Nb:0
2026/08/02 21:35:34:235---->
heightOffset:0,1785677734235,242364,selfCaliBufCnt:0,selfAccObjCnt:0,selfAccAngle:0,installHAngleOffset:0,Interpolation:0,installVAngleOffset:0,radarOffsetH:0,radarOffsetV:0.32,Polynom:-0.001023;-0.0511;-2.047;0;0;0;-0.001023;-0.0511;-2.047;-25.5;0;0,WheelDirection:0;0;0;0,selfAngleOffset:0,selfAngleOffsetPit:0,currCaliAngleHrz:0,currCaliAnglePit:0,selfCaliAngleHrz:0,selfCaliAnglePit:0,servCaliAngleHrz:0,servCaliAnglePit:0,offlineCaliAngleHrz:0,offlineCaliAnglePit:0,determine2useFlag:0,IMU_Z_Accel:-21.592,IMU_X_AngularRate:-2.093,IMU_Y_AngularRate:-2.093,IMU_RollAngle:-180,IMU_PitchAngle:-180,IMU_YawAngle:-180,FcwID:0,FCWWarningLevel:0,FCWTTC:0
0,1.98,0,16.55,38,0,0,0,7.7,1.25452e-34,0,0,0,-7,0,0,0,0,-0.00229183,0,0,0,0,0,0,0,0,0,1,87,60,0,0.00034,0.00034,3,5,0,0,0,0,0,0,0,0,0,0,1,0,0,0,0,0,0,0,0,0,0,,0,0,0,0,
1,2.85,0,-7.1,29.5,0,0,0,-15,0,0,0,0,-17.5,0,0,0,0,-0.00229183,0,0,0,0,0,0,0,0,0,1,79,60,0,0.00034,0.00034,3,5,0,0,0,0,0,0,0,0,0,0,1,0,0,0,0,0,0,0,0,0,0,,0,0,0,0,
2,3.37,0,14.65,40,0,0,0,4.8,0,0,0,0,-5.5,0,0,0,0,-0.00229183,0,0,0,0,0,0,0,0,0,1,89,60,0,0.00034,0.00034,3,0,0,0,0,0,0,0,0,0,0,0,1,0,0,0,0,0,0,0,0,0,0,,0,0,0,0,
3,5.41,0,11.15,24,0,0,0,10.9,0,0,0,0,-24.5,0,0,0,0,-0.00229183,0,0,0,0,0,0,0,0,0,1,69,60,0,0.00034,0.00034,3,5,0,0,0,0,0,0,0,0,0,0,1,0,0,0,0,0,0,0,0,0,0,,0,0,0,0,
4,5.73,0,14.05,28.5,0,0,0,-0.85,0,0,0,0,-18.5,0,0,0,0,-0.00229183,0,0,0,0,0,0,0,0,0,1,74,60,0,0.00034,0.00034,3,5,0,0,0,0,0,0,0,0,0,0,1,0,0,0,0,0,0,0,0,0,0,,0,0,0,0,
5,6.22,0,17.2,29,0,0,0,-2.3,0,0,0,0,-16,0,0,0,0,-0.00229183,0,0,0,0,0,0,0,0,0,1,74,60,0,0.00034,0.00034,3,5,0,0,0,0,0,0,0,0,0,0,1,0,0,0,0,0,0,0,0,0,0,,0,0,0,0,
END,Total:6
START,FrameNb:70,CameraNb:0,HeSaiNb:0,ARS410Nb:0
2026/08/02 21:35:34:288---->
heightOffset:0,1785677734288,242424,selfCaliBufCnt:0,selfAccObjCnt:0,selfAccAngle:0,installHAngleOffset:0,Interpolation:0,installVAngleOffset:0,radarOffsetH:0,radarOffsetV:0.32,Polynom:-0.001023;-0.0511;-2.047;0;0;0;-0.001023;-0.0511;-2.047;-25.5;0;0,WheelDirection:0;0;0;0,selfAngleOffset:0,selfAngleOffsetPit:0,currCaliAngleHrz:0,currCaliAnglePit:0,selfCaliAngleHrz:0,selfCaliAnglePit:0,servCaliAngleHrz:0,servCaliAnglePit:0,offlineCaliAngleHrz:0,offlineCaliAnglePit:0,determine2useFlag:0,IMU_Z_Accel:-21.592,IMU_X_AngularRate:-2.093,IMU_Y_AngularRate:-2.093,IMU_RollAngle:-180,IMU_PitchAngle:-180,IMU_YawAngle:-180,FcwID:0,FCWWarningLevel:0,FCWTTC:0
0,1.99,0,16.55,38,0,0,0,7.7,1.25452e-34,0,0,0,-7,0,0,0,0,-0.00229183,0,0,0,0,0,0,0,0,0,1,87,59,0,0.00034,0.00034,3,5,0,0,0,0,0,0,0,0,0,0,1,0,1,0,0,0,0,0,0,0,0,,0,0,0,0,
1,2.89,0,-7.1,30,0,0,0,-15,0,0,0,0,-17.5,0,0,0,0,-0.00229183,0,0,0,0,0,0,0,0,0,1,79,59,0,0.00034,0.00034,3,5,0,0,0,0,0,0,0,0,0,0,1,0,1,0,0,0,0,0,0,0,0,,0,0,0,0,
2,3.36,0,14.55,40,0,0,0,4.4,0,0,0,0,-5,0,0,0,0,-0.00229183,0,0,0,0,0,0,0,0,0,1,89,59,0,0.00034,0.00034,3,0,0,0,0,0,0,0,0,0,0,0,1,0,1,0,0,0,0,0,0,0,0,,0,0,0,0,
3,5.37,0,11.15,23.5,0,0,0,11.4,0,0,0,0,-25,0,0,0,0,-0.00229183,0,0,0,0,0,0,0,0,0,1,69,59,0,0.00034,0.00034,3,5,0,0,0,0,0,0,0,0,0,0,1,0,1,0,0,0,0,0,0,0,0,,0,0,0,0,
4,5.72,0,-46.2,28.5,0,0,0,5.9,0,0,0,0,-2,0,0,0,0,-0.00229183,0,0,0,0,0,0,0,0,0,1,73,59,0,0.00034,0.00034,3,5,0,0,0,0,0,0,0,0,0,0,1,0,1,0,0,0,0,0,0,0,0,,0,0,0,0,
5,6.22,0,17.2,29,0,0,0,-2.55,0,0,0,0,-16,0,0,0,0,-0.00229183,0,0,0,0,0,0,0,0,0,1,74,59,0,0.00034,0.00034,3,5,0,0,0,0,0,0,0,0,0,0,1,0,1,0,0,0,0,0,0,0,0,,0,0,0,0,
END,Total:6
START,FrameNb:71,CameraNb:0,HeSaiNb:0,ARS410Nb:0
2026/08/02 21:35:34:317---->
heightOffset:0,1785677734317,242480,selfCaliBufCnt:0,selfAccObjCnt:0,selfAccAngle:0,installHAngleOffset:0,Interpolation:0,installVAngleOffset:0,radarOffsetH:0,radarOffsetV:0.32,Polynom:-0.001023;-0.0511;-2.047;0;0;0;-0.001023;-0.0511;-2.047;-25.5;0;0,WheelDirection:0;0;0;0,selfAngleOffset:0,selfAngleOffsetPit:0,currCaliAngleHrz:0,currCaliAnglePit:0,selfCaliAngleHrz:0,selfCaliAnglePit:0,servCaliAngleHrz:0,servCaliAnglePit:0,offlineCaliAngleHrz:0,offlineCaliAnglePit:0,determine2useFlag:0,IMU_Z_Accel:-21.592,IMU_X_AngularRate:-2.093,IMU_Y_AngularRate:-2.093,IMU_RollAngle:-180,IMU_PitchAngle:-180,IMU_YawAngle:-180,FcwID:0,FCWWarningLevel:0,FCWTTC:0
0,1.99,0,16.55,38,0,0,0,7.7,1.25452e-34,0,0,0,-7,0,0,0,0,-0.00229183,0,0,0,0,0,0,0,0,0,1,87,59,0,0.00034,0.00034,3,5,0,0,0,0,0,0,0,0,0,0,1,0,0,0,0,0,0,0,0,0,0,,0,0,0,0,
1,2.94,0,-7.1,30,0,0,0,-15,0,0,0,0,-17.5,0,0,0,0,-0.00229183,0,0,0,0,0,0,0,0,0,1,79,59,0,0.00034,0.00034,3,5,0,0,0,0,0,0,0,0,0,0,1,0,0,0,0,0,0,0,0,0,0,,0,0,0,0,
2,3.36,0,14.6,40,0,0,0,4.3,0,0,0,0,-5,0,0,0,0,-0.00229183,0,0,0,0,0,0,0,0,0,1,89,59,0,0.00034,0.00034,3,0,0,0,0,0,0,0,0,0,0,0,1,0,0,0,0,0,0,0,0,0,0,,0,0,0,0,
3,5.41,0,11.2,24,0,0,0,11.55,0,0,0,0,-24.5,0,0,0,0,-0.00229183,0,0,0,0,0,0,0,0,0,1,69,59,0,0.00034,0.00034,3,5,0,0,0,0,0,0,0,0,0,0,1,0,0,0,0,0,0,0,0,0,0,,0,0,0,0,
4,5.74,0,-46.35,28.5,0,0,0,6,0,0,0,0,-1.5,0,0,0,0,-0.00229183,0,0,0,0,0,0,0,0,0,1,74,59,0,0.00034,0.00034,3,5,0,0,0,0,0,0,0,0,0,0,1,0,0,0,0,0,0,0,0,0,0,,0,0,0,0,
5,6.22,0,17.15,29,0,0,0,-2.55,0,0,0,0,-16,0,0,0,0,-0.00229183,0,0,0,0,0,0,0,0,0,1,74,59,0,0.00034,0.00034,3,5,0,0,0,0,0,0,0,0,0,0,1,0,0,0,0,0,0,0,0,0,0,,0,0,0,0,
END,Total:6
START,FrameNb:72,CameraNb:0,HeSaiNb:0,ARS410Nb:0
2026/08/02 21:35:34:363---->
heightOffset:0,1785677734363,242536,selfCaliBufCnt:0,selfAccObjCnt:0,selfAccAngle:0,installHAngleOffset:0,Interpolation:0,installVAngleOffset:0,radarOffsetH:0,radarOffsetV:0.32,Polynom:-0.001023;-0.0511;-2.047;0;0;0;-0.001023;-0.0511;-2.047;-25.5;0;0,WheelDirection:0;0;0;0,selfAngleOffset:0,selfAngleOffsetPit:0,currCaliAngleHrz:0,currCaliAnglePit:0,selfCaliAngleHrz:0,selfCaliAnglePit:0,servCaliAngleHrz:0,servCaliAnglePit:0,offlineCaliAngleHrz:0,offlineCaliAnglePit:0,determine2useFlag:0,IMU_Z_Accel:-21.592,IMU_X_AngularRate:-2.093,IMU_Y_AngularRate:-2.093,IMU_RollAngle:-180,IMU_PitchAngle:-180,IMU_YawAngle:-180,FcwID:0,FCWWarningLevel:0,FCWTTC:0
0,1.99,0,16.55,38,0,0,0,7.7,1.25452e-34,0,0,0,-7,0,0,0,0,-0.00229183,0,0,0,0,0,0,0,0,0,1,87,53,0,0.00034,0.00034,3,5,0,0,0,0,0,0,0,0,0,0,1,0,1,0,0,0,0,0,0,0,0,,0,0,0,0,
1,2.85,0,-7.05,30,0,0,0,-15,0,0,0,0,-17.5,0,0,0,0,-0.00229183,0,0,0,0,0,0,0,0,0,1,79,53,0,0.00034,0.00034,3,5,0,0,0,0,0,0,0,0,0,0,1,0,1,0,0,0,0,0,0,0,0,,0,0,0,0,
2,3.35,0,14.6,40,0,0,0,4.3,0,0,0,0,-5.5,0,0,0,0,-0.00229183,0,0,0,0,0,0,0,0,0,1,89,53,0,0.00034,0.00034,3,0,0,0,0,0,0,0,0,0,0,0,1,0,1,0,0,0,0,0,0,0,0,,0,0,0,0,
3,5.75,0,-46.55,28.5,0,0,0,5.9,0,0,0,0,-2,0,0,0,0,-0.00229183,0,0,0,0,0,0,0,0,0,1,73,53,0,0.00034,0.00034,3,5,0,0,0,0,0,0,0,0,0,0,1,0,1,0,0,0,0,0,0,0,0,,0,0,0,0,
4,6.21,0,17.3,29,0,0,0,-2.8,0,0,0,0,-16,0,0,0,0,-0.00229183,0,0,0,0,0,0,0,0,0,1,74,53,0,0.00034,0.00034,3,5,0,0,0,0,0,0,0,0,0,0,1,0,1,0,0,0,0,0,0,0,0,,0,0,0,0,
END,Total:5
START,FrameNb:73,CameraNb:0,HeSaiNb:0,ARS410Nb:0
2026/08/02 21:35:34:422---->
heightOffset:0,1785677734422,242592,selfCaliBufCnt:0,selfAccObjCnt:0,selfAccAngle:0,installHAngleOffset:0,Interpolation:0,installVAngleOffset:0,radarOffsetH:0,radarOffsetV:0.32,Polynom:-0.001023;-0.0511;-2.047;0;0;0;-0.001023;-0.0511;-2.047;-25.5;0;0,WheelDirection:0;0;0;0,selfAngleOffset:0,selfAngleOffsetPit:0,currCaliAngleHrz:0,currCaliAnglePit:0,selfCaliAngleHrz:0,selfCaliAnglePit:0,servCaliAngleHrz:0,servCaliAnglePit:0,offlineCaliAngleHrz:0,offlineCaliAnglePit:0,determine2useFlag:0,IMU_Z_Accel:-21.592,IMU_X_AngularRate:-2.093,IMU_Y_AngularRate:-2.093,IMU_RollAngle:-180,IMU_PitchAngle:-180,IMU_YawAngle:-180,FcwID:0,FCWWarningLevel:0,FCWTTC:0
0,1.98,0,16.55,38,0,0,0,7.7,1.25452e-34,0,0,0,-7,0,0,0,0,-0.00229183,0,0,0,0,0,0,0,0,0,1,87,58,0,0.00034,0.00034,3,5,0,0,0,0,0,0,0,0,0,0,1,0,0,0,0,0,0,0,0,0,0,,0,0,0,0,
1,2.81,0,-7.05,29.5,0,0,0,-15,0,0,0,0,-17.5,0,0,0,0,-0.00229183,0,0,0,0,0,0,0,0,0,1,79,58,0,0.00034,0.00034,3,5,0,0,0,0,0,0,0,0,0,0,1,0,0,0,0,0,0,0,0,0,0,,0,0,0,0,
2,3.37,0,14.65,40,0,0,0,4.9,0,0,0,0,-5.5,0,0,0,0,-0.00229183,0,0,0,0,0,0,0,0,0,1,88,58,0,0.00034,0.00034,3,0,0,0,0,0,0,0,0,0,0,0,1,0,0,0,0,0,0,0,0,0,0,,0,0,0,0,
3,5.41,0,11.15,23.5,0,0,0,11,0,0,0,0,-25,0,0,0,0,-0.00229183,0,0,0,0,0,0,0,0,0,1,69,58,0,0.00034,0.00034,3,5,0,0,0,0,0,0,0,0,0,0,1,0,0,0,0,0,0,0,0,0,0,,0,0,0,0,
4,5.78,0,14.05,28.5,0,0,0,-0.6,0,0,0,0,-19,0,0,0,0,-0.00229183,0,0,0,0,0,0,0,0,0,1,73,58,0,0.00034,0.00034,3,5,0,0,0,0,0,0,0,0,0,0,1,0,0,0,0,0,0,0,0,0,0,,0,0,0,0,
5,6.21,0,17.4,29,0,0,0,-2.6,0,0,0,0,-15.5,0,0,0,0,-0.00229183,0,0,0,0,0,0,0,0,0,1,74,58,0,0.00034,0.00034,3,5,0,0,0,0,0,0,0,0,0,0,1,0,0,0,0,0,0,0,0,0,0,,0,0,0,0,
END,Total:6
START,FrameNb:74,CameraNb:0,HeSaiNb:0,ARS410Nb:0
2026/08/02 21:35:34:519---->
heightOffset:0,1785677734519,242648,selfCaliBufCnt:0,selfAccObjCnt:0,selfAccAngle:0,installHAngleOffset:0,Interpolation:0,installVAngleOffset:0,radarOffsetH:0,radarOffsetV:0.32,Polynom:-0.001023;-0.0511;-2.047;0;0;0;-0.001023;-0.0511;-2.047;-25.5;0;0,WheelDirection:0;0;0;0,selfAngleOffset:0,selfAngleOffsetPit:0,currCaliAngleHrz:0,currCaliAnglePit:0,selfCaliAngleHrz:0,selfCaliAnglePit:0,servCaliAngleHrz:0,servCaliAnglePit:0,offlineCaliAngleHrz:0,offlineCaliAnglePit:0,determine2useFlag:0,IMU_Z_Accel:-21.592,IMU_X_AngularRate:-2.093,IMU_Y_AngularRate:-2.093,IMU_RollAngle:-180,IMU_PitchAngle:-180,IMU_YawAngle:-180,FcwID:0,FCWWarningLevel:0,FCWTTC:0
0,1.99,0,16.55,37.5,0,0,0,7.7,1.25452e-34,0,0,0,-7,0,0,0,0,-0.00229183,0,0,0,0,0,0,0,0,0,1,87,53,0,0.00034,0.00034,3,5,0,0,0,0,0,0,0,0,0,0,1,0,1,0,0,0,0,0,0,0,0,,0,0,0,0,
1,2.79,0,-7.1,29.5,0,0,0,-15,0,0,0,0,-17.5,0,0,0,0,-0.00229183,0,0,0,0,0,0,0,0,0,1,79,53,0,0.00034,0.00034,3,5,0,0,0,0,0,0,0,0,0,0,1,0,1,0,0,0,0,0,0,0,0,,0,0,0,0,
2,3.36,0,14.6,40,0,0,0,4.3,0,0,0,0,-5.5,0,0,0,0,-0.00229183,0,0,0,0,0,0,0,0,0,1,89,53,0,0.00034,0.00034,3,0,0,0,0,0,0,0,0,0,0,0,1,0,1,0,0,0,0,0,0,0,0,,0,0,0,0,
3,5.41,0,11.3,23.5,0,0,0,-1.35,0,0,0,0,-25,0,0,0,0,-0.00229183,0,0,0,0,0,0,0,0,0,1,68,53,0,0.00034,0.00034,3,5,0,0,0,0,0,0,0,0,0,0,1,0,1,0,0,0,0,0,0,0,0,,0,0,0,0,
4,5.78,0,-46.3,28,0,0,0,5.95,0,0,0,0,-2,0,0,0,0,-0.00229183,0,0,0,0,0,0,0,0,0,1,73,53,0,0.00034,0.00034,3,5,0,0,0,0,0,0,0,0,0,0,1,0,1,0,0,0,0,0,0,0,0,,0,0,0,0,
5,6.21,0,17.3,29,0,0,0,-2.6,0,0,0,0,-15.5,0,0,0,0,-0.00229183,0,0,0,0,0,0,0,0,0,1,74,53,0,0.00034,0.00034,3,5,0,0,0,0,0,0,0,0,0,0,1,0,1,0,0,0,0,0,0,0,0,,0,0,0,0,
END,Total:6
START,FrameNb:75,CameraNb:0,HeSaiNb:0,ARS410Nb:0
2026/08/02 21:35:34:565---->
heightOffset:0,1785677734565,242700,selfCaliBufCnt:0,selfAccObjCnt:0,selfAccAngle:0,installHAngleOffset:0,Interpolation:0,installVAngleOffset:0,radarOffsetH:0,radarOffsetV:0.32,Polynom:-0.001023;-0.0511;-2.047;0;0;0;-0.001023;-0.0511;-2.047;-25.5;0;0,WheelDirection:0;0;0;0,selfAngleOffset:0,selfAngleOffsetPit:0,currCaliAngleHrz:0,currCaliAnglePit:0,selfCaliAngleHrz:0,selfCaliAnglePit:0,servCaliAngleHrz:0,servCaliAnglePit:0,offlineCaliAngleHrz:0,offlineCaliAnglePit:0,determine2useFlag:0,IMU_Z_Accel:-21.592,IMU_X_AngularRate:-2.093,IMU_Y_AngularRate:-2.093,IMU_RollAngle:-180,IMU_PitchAngle:-180,IMU_YawAngle:-180,FcwID:0,FCWWarningLevel:0,FCWTTC:0
0,1.99,0,16.55,38,0,0,0,7.7,1.25452e-34,0,0,0,-7,0,0,0,0,-0.00229183,0,0,0,0,0,0,0,0,0,1,87,58,0,0.00034,0.00034,3,5,0,0,0,0,0,0,0,0,0,0,1,0,0,0,0,0,0,0,0,0,0,,0,0,0,0,
1,2.79,0,-7.1,30,0,0,0,-15,0,0,0,0,-17.5,0,0,0,0,-0.00229183,0,0,0,0,0,0,0,0,0,1,79,58,0,0.00034,0.00034,3,5,0,0,0,0,0,0,0,0,0,0,1,0,0,0,0,0,0,0,0,0,0,,0,0,0,0,
2,3.37,0,14.65,40,0,0,0,4.9,0,0,0,0,-5.5,0,0,0,0,-0.00229183,0,0,0,0,0,0,0,0,0,1,88,58,0,0.00034,0.00034,3,0,0,0,0,0,0,0,0,0,0,0,1,0,0,0,0,0,0,0,0,0,0,,0,0,0,0,
3,5.41,0,11.15,24,0,0,0,-0.6,0,0,0,0,-25,0,0,0,0,-0.00229183,0,0,0,0,0,0,0,0,0,1,69,58,0,0.00034,0.00034,3,5,0,0,0,0,0,0,0,0,0,0,1,0,0,0,0,0,0,0,0,0,0,,0,0,0,0,
4,5.77,0,14.1,28.5,0,0,0,-0.8,0,0,0,0,-19,0,0,0,0,-0.00229183,0,0,0,0,0,0,0,0,0,1,73,58,0,0.00034,0.00034,3,5,0,0,0,0,0,0,0,0,0,0,1,0,0,0,0,0,0,0,0,0,0,,0,0,0,0,
5,6.22,0,17.3,29,0,0,0,-2.7,0,0,0,0,-15.5,0,0,0,0,-0.00229183,0,0,0,0,0,0,0,0,0,1,74,58,0,0.00034,0.00034,3,5,0,0,0,0,0,0,0,0,0,0,1,0,0,0,0,0,0,0,0,0,0,,0,0,0,0,
END,Total:6
START,FrameNb:76,CameraNb:0,HeSaiNb:0,ARS410Nb:0
2026/08/02 21:35:34:625---->
heightOffset:0,1785677734625,242760,selfCaliBufCnt:0,selfAccObjCnt:0,selfAccAngle:0,installHAngleOffset:0,Interpolation:0,installVAngleOffset:0,radarOffsetH:0,radarOffsetV:0.32,Polynom:-0.001023;-0.0511;-2.047;0;0;0;-0.001023;-0.0511;-2.047;-25.5;0;0,WheelDirection:0;0;0;0,selfAngleOffset:0,selfAngleOffsetPit:0,currCaliAngleHrz:0,currCaliAnglePit:0,selfCaliAngleHrz:0,selfCaliAnglePit:0,servCaliAngleHrz:0,servCaliAnglePit:0,offlineCaliAngleHrz:0,offlineCaliAnglePit:0,determine2useFlag:0,IMU_Z_Accel:-21.592,IMU_X_AngularRate:-2.093,IMU_Y_AngularRate:-2.093,IMU_RollAngle:-180,IMU_PitchAngle:-180,IMU_YawAngle:-180,FcwID:0,FCWWarningLevel:0,FCWTTC:0
0,1.99,0,16.55,38,0,0,0,7.75,1.25452e-34,0,0,0,-7,0,0,0,0,-0.00229183,0,0,0,0,0,0,0,0,0,1,87,53,0,0.00034,0.00034,3,5,0,0,0,0,0,0,0,0,0,0,1,0,1,0,0,0,0,0,0,0,0,,0,0,0,0,
1,2.78,0,-7,29.5,0,0,0,-15,0,0,0,0,-17.5,0,0,0,0,-0.00229183,0,0,0,0,0,0,0,0,0,1,79,53,0,0.00034,0.00034,3,5,0,0,0,0,0,0,0,0,0,0,1,0,1,0,0,0,0,0,0,0,0,,0,0,0,0,
2,3.36,0,14.6,40,0,0,0,4.3,0,0,0,0,-5.5,0,0,0,0,-0.00229183,0,0,0,0,0,0,0,0,0,1,89,53,0,0.00034,0.00034,3,0,0,0,0,0,0,0,0,0,0,0,1,0,1,0,0,0,0,0,0,0,0,,0,0,0,0,
3,5.75,0,-45.8,28,0,0,0,5.8,0,0,0,0,-3.5,0,0,0,0,-0.00229183,0,0,0,0,0,0,0,0,0,1,73,53,0,0.00034,0.00034,3,5,0,0,0,0,0,0,0,0,0,0,1,0,1,0,0,0,0,0,0,0,0,,0,0,0,0,
4,6.21,0,17.2,29,0,0,0,-2.55,0,0,0,0,-15.5,0,0,0,0,-0.00229183,0,0,0,0,0,0,0,0,0,1,74,53,0,0.00034,0.00034,3,5,0,0,0,0,0,0,0,0,0,0,1,0,1,0,0,0,0,0,0,0,0,,0,0,0,0,
END,Total:5
START,FrameNb:77,CameraNb:0,HeSaiNb:0,ARS410Nb:0
2026/08/02 21:35:34:686---->
heightOffset:0,1785677734686,242820,selfCaliBufCnt:0,selfAccObjCnt:0,selfAccAngle:0,installHAngleOffset:0,Interpolation:0,installVAngleOffset:0,radarOffsetH:0,radarOffsetV:0.32,Polynom:-0.001023;-0.0511;-2.047;0;0;0;-0.001023;-0.0511;-2.047;-25.5;0;0,WheelDirection:0;0;0;0,selfAngleOffset:0,selfAngleOffsetPit:0,currCaliAngleHrz:0,currCaliAnglePit:0,selfCaliAngleHrz:0,selfCaliAnglePit:0,servCaliAngleHrz:0,servCaliAnglePit:0,offlineCaliAngleHrz:0,offlineCaliAnglePit:0,determine2useFlag:0,IMU_Z_Accel:-21.592,IMU_X_AngularRate:-2.093,IMU_Y_AngularRate:-2.093,IMU_RollAngle:-180,IMU_PitchAngle:-180,IMU_YawAngle:-180,FcwID:0,FCWWarningLevel:0,FCWTTC:0
0,1.98,0,16.55,37.5,0,0,0,7.7,1.25452e-34,0,0,0,-7,0,0,0,0,-0.00229183,0,0,0,0,0,0,0,0,0,1,87,65,0,0.00034,0.00034,3,5,0,0,0,0,0,0,0,0,0,0,1,0,0,0,0,0,0,0,0,0,0,,0,0,0,0,
1,2.79,0,-7.1,29.5,0,0,0,-15,0,0,0,0,-17.5,0,0,0,0,-0.00229183,0,0,0,0,0,0,0,0,0,1,78,65,0,0.00034,0.00034,3,7,0,0,0,0,0,0,0,0,0,0,1,0,0,0,0,0,0,0,0,0,0,,0,0,0,0,
2,3.36,0,14.55,40,0,0,0,4.3,0,0,0,0,-5.5,0,0,0,0,-0.00229183,0,0,0,0,0,0,0,0,0,1,89,65,0,0.00034,0.00034,3,0,0,0,0,0,0,0,0,0,0,0,1,0,0,0,0,0,0,0,0,0,0,,0,0,0,0,
3,5.41,0,11.15,23,0,0,0,11.15,0,0,0,0,-25.5,0,0,0,0,-0.00229183,0,0,0,0,0,0,0,0,0,1,68,65,0,0.00034,0.00034,3,5,0,0,0,0,0,0,0,0,0,0,1,0,0,0,0,0,0,0,0,0,0,,0,0,0,0,
4,5.78,0,13.95,28,0,0,0,-0.6,0,0,0,0,-19,0,0,0,0,-0.00229183,0,0,0,0,0,0,0,0,0,1,73,65,0,0.00034,0.00034,3,5,0,0,0,0,0,0,0,0,0,0,1,0,0,0,0,0,0,0,0,0,0,,0,0,0,0,
5,6.22,0,17.35,29,0,0,0,-2.75,0,0,0,0,-15.5,0,0,0,0,-0.00229183,0,0,0,0,0,0,0,0,0,1,74,65,0,0.00034,0.00034,3,5,0,0,0,0,0,0,0,0,0,0,1,0,0,0,0,0,0,0,0,0,0,,0,0,0,0,
END,Total:6
START,FrameNb:78,CameraNb:0,HeSaiNb:0,ARS410Nb:0
2026/08/02 21:35:34:743---->
heightOffset:0,1785677734743,242880,selfCaliBufCnt:0,selfAccObjCnt:0,selfAccAngle:0,installHAngleOffset:0,Interpolation:0,installVAngleOffset:0,radarOffsetH:0,radarOffsetV:0.32,Polynom:-0.001023;-0.0511;-2.047;0;0;0;-0.001023;-0.0511;-2.047;-25.5;0;0,WheelDirection:0;0;0;0,selfAngleOffset:0,selfAngleOffsetPit:0,currCaliAngleHrz:0,currCaliAnglePit:0,selfCaliAngleHrz:0,selfCaliAnglePit:0,servCaliAngleHrz:0,servCaliAnglePit:0,offlineCaliAngleHrz:0,offlineCaliAnglePit:0,determine2useFlag:0,IMU_Z_Accel:-21.592,IMU_X_AngularRate:-2.093,IMU_Y_AngularRate:-2.093,IMU_RollAngle:-180,IMU_PitchAngle:-180,IMU_YawAngle:-180,FcwID:0,FCWWarningLevel:0,FCWTTC:0
0,1.99,0,16.55,37.5,0,0,0,7.7,1.25452e-34,0,0,0,-7,0,0,0,0,-0.00229183,0,0,0,0,0,0,0,0,0,1,87,56,0,0.00034,0.00034,3,5,0,0,0,0,0,0,0,0,0,0,1,0,1,0,0,0,0,0,0,0,0,,0,0,0,0,
1,2.82,0,-7.1,29.5,0,0,0,-15,0,0,0,0,-17.5,0,0,0,0,-0.00229183,0,0,0,0,0,0,0,0,0,1,79,56,0,0.00034,0.00034,3,5,0,0,0,0,0,0,0,0,0,0,1,0,1,0,0,0,0,0,0,0,0,,0,0,0,0,
2,3.36,0,14.55,40,0,0,0,4.4,0,0,0,0,-5.5,0,0,0,0,-0.00229183,0,0,0,0,0,0,0,0,0,1,89,56,0,0.00034,0.00034,3,0,0,0,0,0,0,0,0,0,0,0,1,0,1,0,0,0,0,0,0,0,0,,0,0,0,0,
3,5.41,0,11.3,23,0,0,0,12,0,0,0,0,-25,0,0,0,0,-0.00229183,0,0,0,0,0,0,0,0,0,1,68,56,0,0.00034,0.00034,3,5,0,0,0,0,0,0,0,0,0,0,1,0,1,0,0,0,0,0,0,0,0,,0,0,0,0,
4,5.77,0,-46.1,28,0,0,0,5.8,0,0,0,0,-2,0,0,0,0,-0.00229183,0,0,0,0,0,0,0,0,0,1,73,56,0,0.00034,0.00034,3,5,0,0,0,0,0,0,0,0,0,0,1,0,1,0,0,0,0,0,0,0,0,,0,0,0,0,
5,6.22,0,17.4,29,0,0,0,-2.85,0,0,0,0,-15.5,0,0,0,0,-0.00229183,0,0,0,0,0,0,0,0,0,1,74,56,0,0.00034,0.00034,3,5,0,0,0,0,0,0,0,0,0,0,1,0,1,0,0,0,0,0,0,0,0,,0,0,0,0,
END,Total:6
START,FrameNb:79,CameraNb:0,HeSaiNb:0,ARS410Nb:0
2026/08/02 21:35:34:792---->
heightOffset:0,1785677734792,242932,selfCaliBufCnt:0,selfAccObjCnt:0,selfAccAngle:0,installHAngleOffset:0,Interpolation:0,installVAngleOffset:0,radarOffsetH:0,radarOffsetV:0.32,Polynom:-0.001023;-0.0511;-2.047;0;0;0;-0.001023;-0.0511;-2.047;-25.5;0;0,WheelDirection:0;0;0;0,selfAngleOffset:0,selfAngleOffsetPit:0,currCaliAngleHrz:0,currCaliAnglePit:0,selfCaliAngleHrz:0,selfCaliAnglePit:0,servCaliAngleHrz:0,servCaliAnglePit:0,offlineCaliAngleHrz:0,offlineCaliAnglePit:0,determine2useFlag:0,IMU_Z_Accel:-21.592,IMU_X_AngularRate:-2.093,IMU_Y_AngularRate:-2.093,IMU_RollAngle:-180,IMU_PitchAngle:-180,IMU_YawAngle:-180,FcwID:0,FCWWarningLevel:0,FCWTTC:0
0,1.98,0,16.55,38,0,0,0,7.7,1.25452e-34,0,0,0,-7,0,0,0,0,-0.00229183,0,0,0,0,0,0,0,0,0,1,87,58,0,0.00034,0.00034,3,5,0,0,0,0,0,0,0,0,0,0,1,0,0,0,0,0,0,0,0,0,0,,0,0,0,0,
1,2.82,0,-7.05,29.5,0,0,0,-15,0,0,0,0,-17.5,0,0,0,0,-0.00229183,0,0,0,0,0,0,0,0,0,1,78,58,0,0.00034,0.00034,3,5,0,0,0,0,0,0,0,0,0,0,1,0,0,0,0,0,0,0,0,0,0,,0,0,0,0,
2,3.36,0,14.55,40,0,0,0,4.4,0,0,0,0,-5,0,0,0,0,-0.00229183,0,0,0,0,0,0,0,0,0,1,89,58,0,0.00034,0.00034,3,0,0,0,0,0,0,0,0,0,0,0,1,0,0,0,0,0,0,0,0,0,0,,0,0,0,0,
3,5.75,0,-46.2,28.5,0,0,0,6,0,0,0,0,-2,0,0,0,0,-0.00229183,0,0,0,0,0,0,0,0,0,1,73,58,0,0.00034,0.00034,3,5,0,0,0,0,0,0,0,0,0,0,1,0,0,0,0,0,0,0,0,0,0,,0,0,0,0,
4,6.21,0,17.45,29,0,0,0,-2.75,0,0,0,0,-16,0,0,0,0,-0.00229183,0,0,0,0,0,0,0,0,0,1,74,58,0,0.00034,0.00034,3,5,0,0,0,0,0,0,0,0,0,0,1,0,0,0,0,0,0,0,0,0,0,,0,0,0,0,
END,Total:5
START,FrameNb:80,CameraNb:0,HeSaiNb:0,ARS410Nb:0
2026/08/02 21:35:34:854---->
heightOffset:0,1785677734854,242992,selfCaliBufCnt:0,selfAccObjCnt:0,selfAccAngle:0,installHAngleOffset:0,Interpolation:0,installVAngleOffset:0,radarOffsetH:0,radarOffsetV:0.32,Polynom:-0.001023;-0.0511;-2.047;0;0;0;-0.001023;-0.0511;-2.047;-25.5;0;0,WheelDirection:0;0;0;0,selfAngleOffset:0,selfAngleOffsetPit:0,currCaliAngleHrz:0,currCaliAnglePit:0,selfCaliAngleHrz:0,selfCaliAnglePit:0,servCaliAngleHrz:0,servCaliAnglePit:0,offlineCaliAngleHrz:0,offlineCaliAnglePit:0,determine2useFlag:0,IMU_Z_Accel:-21.592,IMU_X_AngularRate:-2.093,IMU_Y_AngularRate:-2.093,IMU_RollAngle:-180,IMU_PitchAngle:-180,IMU_YawAngle:-180,FcwID:0,FCWWarningLevel:0,FCWTTC:0
0,1.99,0,16.55,38,0,0,0,7.7,1.25452e-34,0,0,0,-7,0,0,0,0,-0.00229183,0,0,0,0,0,0,0,0,0,1,87,53,0,0.00034,0.00034,3,5,0,0,0,0,0,0,0,0,0,0,1,0,1,0,0,0,0,0,0,0,0,,0,0,0,0,
1,2.83,0,-6.95,29.5,0,0,0,-15,0,0,0,0,-17.5,0,0,0,0,-0.00229183,0,0,0,0,0,0,0,0,0,1,79,53,0,0.00034,0.00034,3,5,0,0,0,0,0,0,0,0,0,0,1,0,1,0,0,0,0,0,0,0,0,,0,0,0,0,
2,3.36,0,14.5,40,0,0,0,4.4,0,0,0,0,-5,0,0,0,0,-0.00229183,0,0,0,0,0,0,0,0,0,1,89,53,0,0.00034,0.00034,3,0,0,0,0,0,0,0,0,0,0,0,1,0,1,0,0,0,0,0,0,0,0,,0,0,0,0,
3,5.72,0,14.05,28.5,0,0,0,-0.75,0,0,0,0,-19.5,0,0,0,0,-0.00229183,0,0,0,0,0,0,0,0,0,1,73,53,0,0.00034,0.00034,3,5,0,0,0,0,0,0,0,0,0,0,1,0,1,0,0,0,0,0,0,0,0,,0,0,0,0,
4,6.22,0,17.45,29,0,0,0,-2.95,0,0,0,0,-16,0,0,0,0,-0.00229183,0,0,0,0,0,0,0,0,0,1,74,53,0,0.00034,0.00034,3,5,0,0,0,0,0,0,0,0,0,0,1,0,1,0,0,0,0,0,0,0,0,,0,0,0,0,
END,Total:5
START,FrameNb:81,CameraNb:0,HeSaiNb:0,ARS410Nb:0
2026/08/02 21:35:34:930---->
heightOffset:0,1785677734930,243044,selfCaliBufCnt:0,selfAccObjCnt:0,selfAccAngle:0,installHAngleOffset:0,Interpolation:0,installVAngleOffset:0,radarOffsetH:0,radarOffsetV:0.32,Polynom:-0.001023;-0.0511;-2.047;0;0;0;-0.001023;-0.0511;-2.047;-25.5;0;0,WheelDirection:0;0;0;0,selfAngleOffset:0,selfAngleOffsetPit:0,currCaliAngleHrz:0,currCaliAnglePit:0,selfCaliAngleHrz:0,selfCaliAnglePit:0,servCaliAngleHrz:0,servCaliAnglePit:0,offlineCaliAngleHrz:0,offlineCaliAnglePit:0,determine2useFlag:0,IMU_Z_Accel:-21.592,IMU_X_AngularRate:-2.093,IMU_Y_AngularRate:-2.093,IMU_RollAngle:-180,IMU_PitchAngle:-180,IMU_YawAngle:-180,FcwID:0,FCWWarningLevel:0,FCWTTC:0
0,1.98,0,16.55,37.5,0,0,0,7.7,1.25452e-34,0,0,0,-7,0,0,0,0,-0.00229183,0,0,0,0,0,0,0,0,0,1,87,58,0,0.00034,0.00034,3,5,0,0,0,0,0,0,0,0,0,0,1,0,0,0,0,0,0,0,0,0,0,,0,0,0,0,
1,2.83,0,-6.95,29.5,0,0,0,-15,0,0,0,0,-17.5,0,0,0,0,-0.00229183,0,0,0,0,0,0,0,0,0,1,79,58,0,0.00034,0.00034,3,5,0,0,0,0,0,0,0,0,0,0,1,0,0,0,0,0,0,0,0,0,0,,0,0,0,0,
2,3.36,0,14.5,40,0,0,0,4.3,0,0,0,0,-5.5,0,0,0,0,-0.00229183,0,0,0,0,0,0,0,0,0,1,89,58,0,0.00034,0.00034,3,0,0,0,0,0,0,0,0,0,0,0,1,0,0,0,0,0,0,0,0,0,0,,0,0,0,0,
3,5.41,0,11.3,23.5,0,0,0,11.7,0,0,0,0,-25,0,0,0,0,-0.00229183,0,0,0,0,0,0,0,0,0,1,69,58,0,0.00034,0.00034,3,5,0,0,0,0,0,0,0,0,0,0,1,0,0,0,0,0,0,0,0,0,0,,0,0,0,0,
4,5.73,0,14.1,28.5,0,0,0,-0.7,0,0,0,0,-19,0,0,0,0,-0.00229183,0,0,0,0,0,0,0,0,0,1,73,58,0,0.00034,0.00034,3,5,0,0,0,0,0,0,0,0,0,0,1,0,0,0,0,0,0,0,0,0,0,,0,0,0,0,
5,6.22,0,17.45,29,0,0,0,-2.85,0,0,0,0,-16,0,0,0,0,-0.00229183,0,0,0,0,0,0,0,0,0,1,74,58,0,0.00034,0.00034,3,5,0,0,0,0,0,0,0,0,0,0,1,0,0,0,0,0,0,0,0,0,0,,0,0,0,0,
END,Total:6
START,FrameNb:82,CameraNb:0,HeSaiNb:0,ARS410Nb:0
2026/08/02 21:35:34:979---->
heightOffset:0,1785677734979,243100,selfCaliBufCnt:0,selfAccObjCnt:0,selfAccAngle:0,installHAngleOffset:0,Interpolation:0,installVAngleOffset:0,radarOffsetH:0,radarOffsetV:0.32,Polynom:-0.001023;-0.0511;-2.047;0;0;0;-0.001023;-0.0511;-2.047;-25.5;0;0,WheelDirection:0;0;0;0,selfAngleOffset:0,selfAngleOffsetPit:0,currCaliAngleHrz:0,currCaliAnglePit:0,selfCaliAngleHrz:0,selfCaliAnglePit:0,servCaliAngleHrz:0,servCaliAnglePit:0,offlineCaliAngleHrz:0,offlineCaliAnglePit:0,determine2useFlag:0,IMU_Z_Accel:-21.592,IMU_X_AngularRate:-2.093,IMU_Y_AngularRate:-2.093,IMU_RollAngle:-180,IMU_PitchAngle:-180,IMU_YawAngle:-180,FcwID:0,FCWWarningLevel:0,FCWTTC:0
0,1.98,0,16.55,38,0,0,0,7.75,1.25452e-34,0,0,0,-7,0,0,0,0,-0.00229183,0,0,0,0,0,0,0,0,0,1,87,53,0,0.00034,0.00034,3,5,0,0,0,0,0,0,0,0,0,0,1,0,1,0,0,0,0,0,0,0,0,,0,0,0,0,
1,2.81,0,-7.05,29.5,0,0,0,-15,0,0,0,0,-17.5,0,0,0,0,-0.00229183,0,0,0,0,0,0,0,0,0,1,79,53,0,0.00034,0.00034,3,5,0,0,0,0,0,0,0,0,0,0,1,0,1,0,0,0,0,0,0,0,0,,0,0,0,0,
2,3.36,0,14.5,40,0,0,0,4.3,0,0,0,0,-5.5,0,0,0,0,-0.00229183,0,0,0,0,0,0,0,0,0,1,89,53,0,0.00034,0.00034,3,0,0,0,0,0,0,0,0,0,0,0,1,0,1,0,0,0,0,0,0,0,0,,0,0,0,0,
3,5.37,0,11.45,23.5,0,0,0,-1,0,0,0,0,-25,0,0,0,0,-0.00229183,0,0,0,0,0,0,0,0,0,1,69,53,0,0.00034,0.00034,3,5,0,0,0,0,0,0,0,0,0,0,1,0,1,0,0,0,0,0,0,0,0,,0,0,0,0,
4,5.73,0,-45.6,28,0,0,0,5.9,0,0,0,0,-3.5,0,0,0,0,-0.00229183,0,0,0,0,0,0,0,0,0,1,73,53,0,0.00034,0.00034,3,5,0,0,0,0,0,0,0,0,0,0,1,0,1,0,0,0,0,0,0,0,0,,0,0,0,0,
5,6.22,0,17.4,29,0,0,0,-2.8,0,0,0,0,-16,0,0,0,0,-0.00229183,0,0,0,0,0,0,0,0,0,1,74,53,0,0.00034,0.00034,3,5,0,0,0,0,0,0,0,0,0,0,1,0,1,0,0,0,0,0,0,0,0,,0,0,0,0,
END,Total:6
START,FrameNb:83,CameraNb:0,HeSaiNb:0,ARS410Nb:0
2026/08/02 21:35:35:038---->
heightOffset:0,1785677735038,243160,selfCaliBufCnt:0,selfAccObjCnt:0,selfAccAngle:0,installHAngleOffset:0,Interpolation:0,installVAngleOffset:0,radarOffsetH:0,radarOffsetV:0.32,Polynom:-0.001023;-0.0511;-2.047;0;0;0;-0.001023;-0.0511;-2.047;-25.5;0;0,WheelDirection:0;0;0;0,selfAngleOffset:0,selfAngleOffsetPit:0,currCaliAngleHrz:0,currCaliAnglePit:0,selfCaliAngleHrz:0,selfCaliAnglePit:0,servCaliAngleHrz:0,servCaliAnglePit:0,offlineCaliAngleHrz:0,offlineCaliAnglePit:0,determine2useFlag:0,IMU_Z_Accel:-21.592,IMU_X_AngularRate:-2.093,IMU_Y_AngularRate:-2.093,IMU_RollAngle:-180,IMU_PitchAngle:-180,IMU_YawAngle:-180,FcwID:0,FCWWarningLevel:0,FCWTTC:0
0,1.98,0,16.55,38,0,0,0,7.7,1.25452e-34,0,0,0,-7,0,0,0,0,-0.00229183,0,0,0,0,0,0,0,0,0,1,87,61,0,0.00034,0.00034,3,5,0,0,0,0,0,0,0,0,0,0,1,0,0,0,0,0,0,0,0,0,0,,0,0,0,0,
1,2.79,0,-7.1,29.5,0,0,0,-15,0,0,0,0,-17.5,0,0,0,0,-0.00229183,0,0,0,0,0,0,0,0,0,1,79,61,0,0.00034,0.00034,3,5,0,0,0,0,0,0,0,0,0,0,1,0,0,0,0,0,0,0,0,0,0,,0,0,0,0,
2,3.37,0,14.7,40,0,0,0,4.9,0,0,0,0,-5.5,0,0,0,0,-0.00229183,0,0,0,0,0,0,0,0,0,1,88,61,0,0.00034,0.00034,3,0,0,0,0,0,0,0,0,0,0,0,1,0,0,0,0,0,0,0,0,0,0,,0,0,0,0,
3,5.41,0,11.3,24,0,0,0,-1.2,0,0,0,0,-25,0,0,0,0,-0.00229183,0,0,0,0,0,0,0,0,0,1,69,61,0,0.00034,0.00034,3,5,0,0,0,0,0,0,0,0,0,0,1,0,0,0,0,0,0,0,0,0,0,,0,0,0,0,
4,5.74,0,14.2,28.5,0,0,0,-0.85,0,0,0,0,-19,0,0,0,0,-0.00229183,0,0,0,0,0,0,0,0,0,1,73,61,0,0.00034,0.00034,3,5,0,0,0,0,0,0,0,0,0,0,1,0,0,0,0,0,0,0,0,0,0,,0,0,0,0,
5,6.22,0,17.3,29,0,0,0,-2.75,0,0,0,0,-16,0,0,0,0,-0.00229183,0,0,0,0,0,0,0,0,0,1,74,61,0,0.00034,0.00034,3,5,0,0,0,0,0,0,0,0,0,0,1,0,0,0,0,0,0,0,0,0,0,,0,0,0,0,
END,Total:6
START,FrameNb:84,CameraNb:0,HeSaiNb:0,ARS410Nb:0
2026/08/02 21:35:35:097---->
heightOffset:0,1785677735097,243220,selfCaliBufCnt:0,selfAccObjCnt:0,selfAccAngle:0,installHAngleOffset:0,Interpolation:0,installVAngleOffset:0,radarOffsetH:0,radarOffsetV:0.32,Polynom:-0.001023;-0.0511;-2.047;0;0;0;-0.001023;-0.0511;-2.047;-25.5;0;0,WheelDirection:0;0;0;0,selfAngleOffset:0,selfAngleOffsetPit:0,currCaliAngleHrz:0,currCaliAnglePit:0,selfCaliAngleHrz:0,selfCaliAnglePit:0,servCaliAngleHrz:0,servCaliAnglePit:0,offlineCaliAngleHrz:0,offlineCaliAnglePit:0,determine2useFlag:0,IMU_Z_Accel:-21.592,IMU_X_AngularRate:-2.093,IMU_Y_AngularRate:-2.093,IMU_RollAngle:-180,IMU_PitchAngle:-180,IMU_YawAngle:-180,FcwID:0,FCWWarningLevel:0,FCWTTC:0
0,1.99,0,16.55,37.5,0,0,0,7.7,1.25452e-34,0,0,0,-7,0,0,0,0,-0.00229183,0,0,0,0,0,0,0,0,0,1,87,58,0,0.00034,0.00034,3,5,0,0,0,0,0,0,0,0,0,0,1,0,1,0,0,0,0,0,0,0,0,,0,0,0,0,
1,2.78,0,-7.1,29.5,0,0,0,-15,0,0,0,0,-17.5,0,0,0,0,-0.00229183,0,0,0,0,0,0,0,0,0,1,79,58,0,0.00034,0.00034,3,5,0,0,0,0,0,0,0,0,0,0,1,0,1,0,0,0,0,0,0,0,0,,0,0,0,0,
2,3.36,0,14.45,40,0,0,0,4.3,0,0,0,0,-5.5,0,0,0,0,-0.00229183,0,0,0,0,0,0,0,0,0,1,89,58,0,0.00034,0.00034,3,0,0,0,0,0,0,0,0,0,0,0,1,0,1,0,0,0,0,0,0,0,0,,0,0,0,0,
3,5.72,0,-45.55,28,0,0,0,5.75,0,0,0,0,-3.5,0,0,0,0,-0.00229183,0,0,0,0,0,0,0,0,0,1,73,58,0,0.00034,0.00034,3,5,0,0,0,0,0,0,0,0,0,0,1,0,1,0,0,0,0,0,0,0,0,,0,0,0,0,
4,6.22,0,17.4,29,0,0,0,-2.55,0,0,0,0,-16,0,0,0,0,-0.00229183,0,0,0,0,0,0,0,0,0,1,74,58,0,0.00034,0.00034,3,5,0,0,0,0,0,0,0,0,0,0,1,0,1,0,0,0,0,0,0,0,0,,0,0,0,0,
END,Total:5
START,FrameNb:85,CameraNb:0,HeSaiNb:0,ARS410Nb:0
2026/08/02 21:35:35:152---->
heightOffset:0,1785677735152,243276,selfCaliBufCnt:0,selfAccObjCnt:0,selfAccAngle:0,installHAngleOffset:0,Interpolation:0,installVAngleOffset:0,radarOffsetH:0,radarOffsetV:0.32,Polynom:-0.001023;-0.0511;-2.047;0;0;0;-0.001023;-0.0511;-2.047;-25.5;0;0,WheelDirection:0;0;0;0,selfAngleOffset:0,selfAngleOffsetPit:0,currCaliAngleHrz:0,currCaliAnglePit:0,selfCaliAngleHrz:0,selfCaliAnglePit:0,servCaliAngleHrz:0,servCaliAnglePit:0,offlineCaliAngleHrz:0,offlineCaliAnglePit:0,determine2useFlag:0,IMU_Z_Accel:-21.592,IMU_X_AngularRate:-2.093,IMU_Y_AngularRate:-2.093,IMU_RollAngle:-180,IMU_PitchAngle:-180,IMU_YawAngle:-180,FcwID:0,FCWWarningLevel:0,FCWTTC:0
0,1.98,0,16.55,37.5,0,0,0,7.65,1.25452e-34,0,0,0,-7,0,0,0,0,-0.00229183,0,0,0,0,0,0,0,0,0,1,87,60,0,0.00034,0.00034,3,5,0,0,0,0,0,0,0,0,0,0,1,0,0,0,0,0,0,0,0,0,0,,0,0,0,0,
1,2.79,0,-7.1,29.5,0,0,0,-15,0,0,0,0,-17.5,0,0,0,0,-0.00229183,0,0,0,0,0,0,0,0,0,1,79,60,0,0.00034,0.00034,3,5,0,0,0,0,0,0,0,0,0,0,1,0,0,0,0,0,0,0,0,0,0,,0,0,0,0,
2,3.36,0,14.45,40,0,0,0,4.4,0,0,0,0,-5.5,0,0,0,0,-0.00229183,0,0,0,0,0,0,0,0,0,1,89,60,0,0.00034,0.00034,3,0,0,0,0,0,0,0,0,0,0,0,1,0,0,0,0,0,0,0,0,0,0,,0,0,0,0,
3,5.41,0,11.3,24,0,0,0,-0.75,0,0,0,0,-25,0,0,0,0,-0.00229183,0,0,0,0,0,0,0,0,0,1,69,60,0,0.00034,0.00034,3,5,0,0,0,0,0,0,0,0,0,0,1,0,0,0,0,0,0,0,0,0,0,,0,0,0,0,
4,5.71,0,14.15,28,0,0,0,-0.95,0,0,0,0,-19.5,0,0,0,0,-0.00229183,0,0,0,0,0,0,0,0,0,1,73,60,0,0.00034,0.00034,3,5,0,0,0,0,0,0,0,0,0,0,1,0,0,0,0,0,0,0,0,0,0,,0,0,0,0,
5,6.23,0,17.3,29,0,0,0,-2.6,0,0,0,0,-16,0,0,0,0,-0.00229183,0,0,0,0,0,0,0,0,0,1,74,60,0,0.00034,0.00034,3,5,0,0,0,0,0,0,0,0,0,0,1,0,0,0,0,0,0,0,0,0,0,,0,0,0,0,
END,Total:6
START,FrameNb:86,CameraNb:0,HeSaiNb:0,ARS410Nb:0
2026/08/02 21:35:35:170---->
heightOffset:0,1785677735170,243336,selfCaliBufCnt:0,selfAccObjCnt:0,selfAccAngle:0,installHAngleOffset:0,Interpolation:0,installVAngleOffset:0,radarOffsetH:0,radarOffsetV:0.32,Polynom:-0.001023;-0.0511;-2.047;0;0;0;-0.001023;-0.0511;-2.047;-25.5;0;0,WheelDirection:0;0;0;0,selfAngleOffset:0,selfAngleOffsetPit:0,currCaliAngleHrz:0,currCaliAnglePit:0,selfCaliAngleHrz:0,selfCaliAnglePit:0,servCaliAngleHrz:0,servCaliAnglePit:0,offlineCaliAngleHrz:0,offlineCaliAnglePit:0,determine2useFlag:0,IMU_Z_Accel:-21.592,IMU_X_AngularRate:-2.093,IMU_Y_AngularRate:-2.093,IMU_RollAngle:-180,IMU_PitchAngle:-180,IMU_YawAngle:-180,FcwID:0,FCWWarningLevel:0,FCWTTC:0
0,1.99,0,16.55,37.5,0,0,0,7.7,1.25452e-34,0,0,0,-7,0,0,0,0,-0.00229183,0,0,0,0,0,0,0,0,0,1,87,54,0,0.00034,0.00034,3,5,0,0,0,0,0,0,0,0,0,0,1,0,1,0,0,0,0,0,0,0,0,,0,0,0,0,
1,2.78,0,-7.1,29.5,0,0,0,-15,0,0,0,0,-18,0,0,0,0,-0.00229183,0,0,0,0,0,0,0,0,0,1,78,54,0,0.00034,0.00034,3,5,0,0,0,0,0,0,0,0,0,0,1,0,1,0,0,0,0,0,0,0,0,,0,0,0,0,
2,3.36,0,14.45,40,0,0,0,4.45,0,0,0,0,-5.5,0,0,0,0,-0.00229183,0,0,0,0,0,0,0,0,0,1,89,54,0,0.00034,0.00034,3,0,0,0,0,0,0,0,0,0,0,0,1,0,1,0,0,0,0,0,0,0,0,,0,0,0,0,
3,5.41,0,11.45,23.5,0,0,0,-0.55,0,0,0,0,-25,0,0,0,0,-0.00229183,0,0,0,0,0,0,0,0,0,1,69,54,0,0.00034,0.00034,3,5,0,0,0,0,0,0,0,0,0,0,1,0,1,0,0,0,0,0,0,0,0,,0,0,0,0,
4,5.72,0,-44.95,28,0,0,0,5.8,0,0,0,0,-4.5,0,0,0,0,-0.00229183,0,0,0,0,0,0,0,0,0,1,73,54,0,0.00034,0.00034,3,5,0,0,0,0,0,0,0,0,0,0,1,0,1,0,0,0,0,0,0,0,0,,0,0,0,0,
5,6.22,0,17.4,29,0,0,0,-2.55,0,0,0,0,-16,0,0,0,0,-0.00229183,0,0,0,0,0,0,0,0,0,1,74,54,0,0.00034,0.00034,3,5,0,0,0,0,0,0,0,0,0,0,1,0,1,0,0,0,0,0,0,0,0,,0,0,0,0,
END,Total:6
START,FrameNb:87,CameraNb:0,HeSaiNb:0,ARS410Nb:0
2026/08/02 21:35:35:228---->
heightOffset:0,1785677735228,243388,selfCaliBufCnt:0,selfAccObjCnt:0,selfAccAngle:0,installHAngleOffset:0,Interpolation:0,installVAngleOffset:0,radarOffsetH:0,radarOffsetV:0.32,Polynom:-0.001023;-0.0511;-2.047;0;0;0;-0.001023;-0.0511;-2.047;-25.5;0;0,WheelDirection:0;0;0;0,selfAngleOffset:0,selfAngleOffsetPit:0,currCaliAngleHrz:0,currCaliAnglePit:0,selfCaliAngleHrz:0,selfCaliAnglePit:0,servCaliAngleHrz:0,servCaliAnglePit:0,offlineCaliAngleHrz:0,offlineCaliAnglePit:0,determine2useFlag:0,IMU_Z_Accel:-21.592,IMU_X_AngularRate:-2.093,IMU_Y_AngularRate:-2.093,IMU_RollAngle:-180,IMU_PitchAngle:-180,IMU_YawAngle:-180,FcwID:0,FCWWarningLevel:0,FCWTTC:0
0,1.98,0,16.55,38,0,0,0,7.65,1.25452e-34,0,0,0,-7,0,0,0,0,-0.00229183,0,0,0,0,0,0,0,0,0,1,87,58,0,0.00034,0.00034,3,5,0,0,0,0,0,0,0,0,0,0,1,0,0,0,0,0,0,0,0,0,0,,0,0,0,0,
1,2.78,0,-7.1,29.5,0,0,0,-15,0,0,0,0,-18,0,0,0,0,-0.00229183,0,0,0,0,0,0,0,0,0,1,78,58,0,0.00034,0.00034,3,5,0,0,0,0,0,0,0,0,0,0,1,0,0,0,0,0,0,0,0,0,0,,0,0,0,0,
2,3.36,0,14.45,40,0,0,0,4.4,0,0,0,0,-5.5,0,0,0,0,-0.00229183,0,0,0,0,0,0,0,0,0,1,89,58,0,0.00034,0.00034,3,0,0,0,0,0,0,0,0,0,0,0,1,0,0,0,0,0,0,0,0,0,0,,0,0,0,0,
3,5.4,0,11.2,24,0,0,0,-0.75,0,0,0,0,-24.5,0,0,0,0,-0.00229183,0,0,0,0,0,0,0,0,0,1,69,58,0,0.00034,0.00034,3,5,0,0,0,0,0,0,0,0,0,0,1,0,0,0,0,0,0,0,0,0,0,,0,0,0,0,
4,5.71,0,14.05,28.5,0,0,0,-0.85,0,0,0,0,-19,0,0,0,0,-0.00229183,0,0,0,0,0,0,0,0,0,1,73,58,0,0.00034,0.00034,3,5,0,0,0,0,0,0,0,0,0,0,1,0,0,0,0,0,0,0,0,0,0,,0,0,0,0,
5,6.23,0,17.3,29,0,0,0,-2.6,0,0,0,0,-15.5,0,0,0,0,-0.00229183,0,0,0,0,0,0,0,0,0,1,74,58,0,0.00034,0.00034,3,5,0,0,0,0,0,0,0,0,0,0,1,0,0,0,0,0,0,0,0,0,0,,0,0,0,0,
END,Total:6
START,FrameNb:88,CameraNb:0,HeSaiNb:0,ARS410Nb:0
2026/08/02 21:35:35:351---->
heightOffset:0,1785677735351,243444,selfCaliBufCnt:0,selfAccObjCnt:0,selfAccAngle:0,installHAngleOffset:0,Interpolation:0,installVAngleOffset:0,radarOffsetH:0,radarOffsetV:0.32,Polynom:-0.001023;-0.0511;-2.047;0;0;0;-0.001023;-0.0511;-2.047;-25.5;0;0,WheelDirection:0;0;0;0,selfAngleOffset:0,selfAngleOffsetPit:0,currCaliAngleHrz:0,currCaliAnglePit:0,selfCaliAngleHrz:0,selfCaliAnglePit:0,servCaliAngleHrz:0,servCaliAnglePit:0,offlineCaliAngleHrz:0,offlineCaliAnglePit:0,determine2useFlag:0,IMU_Z_Accel:-21.592,IMU_X_AngularRate:-2.093,IMU_Y_AngularRate:-2.093,IMU_RollAngle:-180,IMU_PitchAngle:-180,IMU_YawAngle:-180,FcwID:0,FCWWarningLevel:0,FCWTTC:0
0,1.98,0,16.55,37.5,0,0,0,7.7,1.25452e-34,0,0,0,-7,0,0,0,0,-0.00229183,0,0,0,0,0,0,0,0,0,1,87,53,0,0.00034,0.00034,3,5,0,0,0,0,0,0,0,0,0,0,1,0,1,0,0,0,0,0,0,0,0,,0,0,0,0,
1,2.76,0,-8.7,29,0,0,0,-13.3,0,0,0,0,-18,0,0,0,0,-0.00229183,0,0,0,0,0,0,0,0,0,1,78,53,0,0.00034,0.00034,3,5,0,0,0,0,0,0,0,0,0,0,1,0,1,0,0,0,0,0,0,0,0,,0,0,0,0,
2,3.36,0,14.5,40,0,0,0,4.4,0,0,0,0,-5.5,0,0,0,0,-0.00229183,0,0,0,0,0,0,0,0,0,1,89,53,0,0.00034,0.00034,3,0,0,0,0,0,0,0,0,0,0,0,1,0,1,0,0,0,0,0,0,0,0,,0,0,0,0,
3,5.7,0,-45.7,28,0,0,0,5.8,0,0,0,0,-3.5,0,0,0,0,-0.00229183,0,0,0,0,0,0,0,0,0,1,73,53,0,0.00034,0.00034,3,5,0,0,0,0,0,0,0,0,0,0,1,0,1,0,0,0,0,0,0,0,0,,0,0,0,0,
4,6.22,0,17.4,29,0,0,0,-2.7,0,0,0,0,-15.5,0,0,0,0,-0.00229183,0,0,0,0,0,0,0,0,0,1,74,53,0,0.00034,0.00034,3,5,0,0,0,0,0,0,0,0,0,0,1,0,1,0,0,0,0,0,0,0,0,,0,0,0,0,
END,Total:5
START,FrameNb:89,CameraNb:0,HeSaiNb:0,ARS410Nb:0
2026/08/02 21:35:35:408---->
heightOffset:0,1785677735408,243500,selfCaliBufCnt:0,selfAccObjCnt:0,selfAccAngle:0,installHAngleOffset:0,Interpolation:0,installVAngleOffset:0,radarOffsetH:0,radarOffsetV:0.32,Polynom:-0.001023;-0.0511;-2.047;0;0;0;-0.001023;-0.0511;-2.047;-25.5;0;0,WheelDirection:0;0;0;0,selfAngleOffset:0,selfAngleOffsetPit:0,currCaliAngleHrz:0,currCaliAnglePit:0,selfCaliAngleHrz:0,selfCaliAnglePit:0,servCaliAngleHrz:0,servCaliAnglePit:0,offlineCaliAngleHrz:0,offlineCaliAnglePit:0,determine2useFlag:0,IMU_Z_Accel:-21.592,IMU_X_AngularRate:-2.093,IMU_Y_AngularRate:-2.093,IMU_RollAngle:-180,IMU_PitchAngle:-180,IMU_YawAngle:-180,FcwID:0,FCWWarningLevel:0,FCWTTC:0
0,1.98,0,16.55,38,0,0,0,7.65,1.25452e-34,0,0,0,-7,0,0,0,0,-0.00229183,0,0,0,0,0,0,0,0,0,1,87,57,0,0.00034,0.00034,3,5,0,0,0,0,0,0,0,0,0,0,1,0,0,0,0,0,0,0,0,0,0,,0,0,0,0,
1,2.76,0,-8.85,29,0,0,0,-13.7,0,0,0,0,-18,0,0,0,0,-0.00229183,0,0,0,0,0,0,0,0,0,1,78,57,0,0.00034,0.00034,3,5,0,0,0,0,0,0,0,0,0,0,1,0,0,0,0,0,0,0,0,0,0,,0,0,0,0,
2,3.36,0,14.5,40,0,0,0,4.4,0,0,0,0,-5.5,0,0,0,0,-0.00229183,0,0,0,0,0,0,0,0,0,1,89,57,0,0.00034,0.00034,3,0,0,0,0,0,0,0,0,0,0,0,1,0,0,0,0,0,0,0,0,0,0,,0,0,0,0,
3,5.32,0,11.4,24,0,0,0,-0.8,0,0,0,0,-25,0,0,0,0,-0.00229183,0,0,0,0,0,0,0,0,0,1,69,57,0,0.00034,0.00034,3,5,0,0,0,0,0,0,0,0,0,0,1,0,0,0,0,0,0,0,0,0,0,,0,0,0,0,
4,5.74,0,14.1,28.5,0,0,0,-0.85,0,0,0,0,-19,0,0,0,0,-0.00229183,0,0,0,0,0,0,0,0,0,1,73,57,0,0.00034,0.00034,3,5,0,0,0,0,0,0,0,0,0,0,1,0,0,0,0,0,0,0,0,0,0,,0,0,0,0,
5,6.22,0,17.35,29,0,0,0,-2.75,0,0,0,0,-15.5,0,0,0,0,-0.00229183,0,0,0,0,0,0,0,0,0,1,74,57,0,0.00034,0.00034,3,5,0,0,0,0,0,0,0,0,0,0,1,0,0,0,0,0,0,0,0,0,0,,0,0,0,0,
END,Total:6
START,FrameNb:90,CameraNb:0,HeSaiNb:0,ARS410Nb:0
2026/08/02 21:35:35:423---->
heightOffset:0,1785677735423,243556,selfCaliBufCnt:0,selfAccObjCnt:0,selfAccAngle:0,installHAngleOffset:0,Interpolation:0,installVAngleOffset:0,radarOffsetH:0,radarOffsetV:0.32,Polynom:-0.001023;-0.0511;-2.047;0;0;0;-0.001023;-0.0511;-2.047;-25.5;0;0,WheelDirection:0;0;0;0,selfAngleOffset:0,selfAngleOffsetPit:0,currCaliAngleHrz:0,currCaliAnglePit:0,selfCaliAngleHrz:0,selfCaliAnglePit:0,servCaliAngleHrz:0,servCaliAnglePit:0,offlineCaliAngleHrz:0,offlineCaliAnglePit:0,determine2useFlag:0,IMU_Z_Accel:-21.592,IMU_X_AngularRate:-2.093,IMU_Y_AngularRate:-2.093,IMU_RollAngle:-180,IMU_PitchAngle:-180,IMU_YawAngle:-180,FcwID:0,FCWWarningLevel:0,FCWTTC:0
0,1.99,0,16.55,38,0,0,0,7.7,1.25452e-34,0,0,0,-7,0,0,0,0,-0.00229183,0,0,0,0,0,0,0,0,0,1,87,54,0,0.00034,0.00034,3,5,0,0,0,0,0,0,0,0,0,0,1,0,1,0,0,0,0,0,0,0,0,,0,0,0,0,
1,2.76,0,-8.85,29,0,0,0,-13.45,0,0,0,0,-18,0,0,0,0,-0.00229183,0,0,0,0,0,0,0,0,0,1,78,54,0,0.00034,0.00034,3,5,0,0,0,0,0,0,0,0,0,0,1,0,1,0,0,0,0,0,0,0,0,,0,0,0,0,
2,3.36,0,14.5,40,0,0,0,4.4,0,0,0,0,-5.5,0,0,0,0,-0.00229183,0,0,0,0,0,0,0,0,0,1,89,54,0,0.00034,0.00034,3,0,0,0,0,0,0,0,0,0,0,0,1,0,1,0,0,0,0,0,0,0,0,,0,0,0,0,
3,5.7,0,-44.6,28,0,0,0,5.7,0,0,0,0,-4.5,0,0,0,0,-0.00229183,0,0,0,0,0,0,0,0,0,1,73,54,0,0.00034,0.00034,3,5,0,0,0,0,0,0,0,0,0,0,1,0,1,0,0,0,0,0,0,0,0,,0,0,0,0,
4,6.22,0,17.3,29,0,0,0,-2.75,0,0,0,0,-15.5,0,0,0,0,-0.00229183,0,0,0,0,0,0,0,0,0,1,74,54,0,0.00034,0.00034,3,5,0,0,0,0,0,0,0,0,0,0,1,0,1,0,0,0,0,0,0,0,0,,0,0,0,0,
END,Total:5
START,FrameNb:91,CameraNb:0,HeSaiNb:0,ARS410Nb:0
2026/08/02 21:35:35:469---->
heightOffset:0,1785677735469,243612,selfCaliBufCnt:0,selfAccObjCnt:0,selfAccAngle:0,installHAngleOffset:0,Interpolation:0,installVAngleOffset:0,radarOffsetH:0,radarOffsetV:0.32,Polynom:-0.001023;-0.0511;-2.047;0;0;0;-0.001023;-0.0511;-2.047;-25.5;0;0,WheelDirection:0;0;0;0,selfAngleOffset:0,selfAngleOffsetPit:0,currCaliAngleHrz:0,currCaliAnglePit:0,selfCaliAngleHrz:0,selfCaliAnglePit:0,servCaliAngleHrz:0,servCaliAnglePit:0,offlineCaliAngleHrz:0,offlineCaliAnglePit:0,determine2useFlag:0,IMU_Z_Accel:-21.592,IMU_X_AngularRate:-2.093,IMU_Y_AngularRate:-2.093,IMU_RollAngle:-180,IMU_PitchAngle:-180,IMU_YawAngle:-180,FcwID:0,FCWWarningLevel:0,FCWTTC:0
0,1.98,0,16.55,38,0,0,0,7.65,1.25452e-34,0,0,0,-7,0,0,0,0,-0.00229183,0,0,0,0,0,0,0,0,0,1,87,61,0,0.00034,0.00034,3,5,0,0,0,0,0,0,0,0,0,0,1,0,0,0,0,0,0,0,0,0,0,,0,0,0,0,
1,2.79,0,-7.05,29,0,0,0,-15,0,0,0,0,-18.5,0,0,0,0,-0.00229183,0,0,0,0,0,0,0,0,0,1,78,61,0,0.00034,0.00034,3,5,0,0,0,0,0,0,0,0,0,0,1,0,0,0,0,0,0,0,0,0,0,,0,0,0,0,
2,3.36,0,14.5,40,0,0,0,4.4,0,0,0,0,-5.5,0,0,0,0,-0.00229183,0,0,0,0,0,0,0,0,0,1,88,61,0,0.00034,0.00034,3,0,0,0,0,0,0,0,0,0,0,0,1,0,0,0,0,0,0,0,0,0,0,,0,0,0,0,
3,5.39,0,11.3,24,0,0,0,-0.85,0,0,0,0,-24.5,0,0,0,0,-0.00229183,0,0,0,0,0,0,0,0,0,1,69,61,0,0.00034,0.00034,3,5,0,0,0,0,0,0,0,0,0,0,1,0,0,0,0,0,0,0,0,0,0,,0,0,0,0,
4,5.72,0,-44.6,28,0,0,0,5.7,0,0,0,0,-4,0,0,0,0,-0.00229183,0,0,0,0,0,0,0,0,0,1,73,61,0,0.00034,0.00034,3,5,0,0,0,0,0,0,0,0,0,0,1,0,0,0,0,0,0,0,0,0,0,,0,0,0,0,
5,6.22,0,17.15,29,0,0,0,-2.45,0,0,0,0,-15.5,0,0,0,0,-0.00229183,0,0,0,0,0,0,0,0,0,1,74,61,0,0.00034,0.00034,3,5,0,0,0,0,0,0,0,0,0,0,1,0,0,0,0,0,0,0,0,0,0,,0,0,0,0,
END,Total:6
START,FrameNb:92,CameraNb:0,HeSaiNb:0,ARS410Nb:0
2026/08/02 21:35:35:538---->
heightOffset:0,1785677735538,243676,selfCaliBufCnt:0,selfAccObjCnt:0,selfAccAngle:0,installHAngleOffset:0,Interpolation:0,installVAngleOffset:0,radarOffsetH:0,radarOffsetV:0.32,Polynom:-0.001023;-0.0511;-2.047;0;0;0;-0.001023;-0.0511;-2.047;-25.5;0;0,WheelDirection:0;0;0;0,selfAngleOffset:0,selfAngleOffsetPit:0,currCaliAngleHrz:0,currCaliAnglePit:0,selfCaliAngleHrz:0,selfCaliAnglePit:0,servCaliAngleHrz:0,servCaliAnglePit:0,offlineCaliAngleHrz:0,offlineCaliAnglePit:0,determine2useFlag:0,IMU_Z_Accel:-21.592,IMU_X_AngularRate:-2.093,IMU_Y_AngularRate:-2.093,IMU_RollAngle:-180,IMU_PitchAngle:-180,IMU_YawAngle:-180,FcwID:0,FCWWarningLevel:0,FCWTTC:0
0,1.98,0,16.55,38,0,0,0,7.7,1.25452e-34,0,0,0,-7,0,0,0,0,-0.00229183,0,0,0,0,0,0,0,0,0,1,87,58,0,0.00034,0.00034,3,5,0,0,0,0,0,0,0,0,0,0,1,0,1,0,0,0,0,0,0,0,0,,0,0,0,0,
1,2.78,0,-7.05,29,0,0,0,-15,0,0,0,0,-18,0,0,0,0,-0.00229183,0,0,0,0,0,0,0,0,0,1,78,58,0,0.00034,0.00034,3,5,0,0,0,0,0,0,0,0,0,0,1,0,1,0,0,0,0,0,0,0,0,,0,0,0,0,
2,3.36,0,14.5,40,0,0,0,4.4,0,0,0,0,-5.5,0,0,0,0,-0.00229183,0,0,0,0,0,0,0,0,0,1,89,58,0,0.00034,0.00034,3,0,0,0,0,0,0,0,0,0,0,0,1,0,1,0,0,0,0,0,0,0,0,,0,0,0,0,
3,5.71,0,-44.65,28,0,0,0,5.8,0,0,0,0,-4.5,0,0,0,0,-0.00229183,0,0,0,0,0,0,0,0,0,1,73,58,0,0.00034,0.00034,3,5,0,0,0,0,0,0,0,0,0,0,1,0,1,0,0,0,0,0,0,0,0,,0,0,0,0,
4,6.22,0,17.15,29,0,0,0,-2.45,0,0,0,0,-16,0,0,0,0,-0.00229183,0,0,0,0,0,0,0,0,0,1,74,58,0,0.00034,0.00034,3,5,0,0,0,0,0,0,0,0,0,0,1,0,1,0,0,0,0,0,0,0,0,,0,0,0,0,
END,Total:5
START,FrameNb:93,CameraNb:0,HeSaiNb:0,ARS410Nb:0
2026/08/02 21:35:35:589---->
heightOffset:0,1785677735589,243728,selfCaliBufCnt:0,selfAccObjCnt:0,selfAccAngle:0,installHAngleOffset:0,Interpolation:0,installVAngleOffset:0,radarOffsetH:0,radarOffsetV:0.32,Polynom:-0.001023;-0.0511;-2.047;0;0;0;-0.001023;-0.0511;-2.047;-25.5;0;0,WheelDirection:0;0;0;0,selfAngleOffset:0,selfAngleOffsetPit:0,currCaliAngleHrz:0,currCaliAnglePit:0,selfCaliAngleHrz:0,selfCaliAnglePit:0,servCaliAngleHrz:0,servCaliAnglePit:0,offlineCaliAngleHrz:0,offlineCaliAnglePit:0,determine2useFlag:0,IMU_Z_Accel:-21.592,IMU_X_AngularRate:-2.093,IMU_Y_AngularRate:-2.093,IMU_RollAngle:-180,IMU_PitchAngle:-180,IMU_YawAngle:-180,FcwID:0,FCWWarningLevel:0,FCWTTC:0
0,1.98,0,16.55,38,0,0,0,7.65,1.25452e-34,0,0,0,-7,0,0,0,0,-0.00229183,0,0,0,0,0,0,0,0,0,1,87,59,0,0.00034,0.00034,3,5,0,0,0,0,0,0,0,0,0,0,1,0,0,0,0,0,0,0,0,0,0,,0,0,0,0,
1,2.78,0,-7.1,29,0,0,0,-15,0,0,0,0,-18,0,0,0,0,-0.00229183,0,0,0,0,0,0,0,0,0,1,78,59,0,0.00034,0.00034,3,5,0,0,0,0,0,0,0,0,0,0,1,0,0,0,0,0,0,0,0,0,0,,0,0,0,0,
2,3.36,0,14.45,40,0,0,0,4.4,0,0,0,0,-5.5,0,0,0,0,-0.00229183,0,0,0,0,0,0,0,0,0,1,89,59,0,0.00034,0.00034,3,0,0,0,0,0,0,0,0,0,0,0,1,0,0,0,0,0,0,0,0,0,0,,0,0,0,0,
3,5.25,0,11.35,24,0,0,0,-0.95,0,0,0,0,-25,0,0,0,0,-0.00229183,0,0,0,0,0,0,0,0,0,1,69,59,0,0.00034,0.00034,3,5,0,0,0,0,0,0,0,0,0,0,1,0,0,0,0,0,0,0,0,0,0,,0,0,0,0,
4,5.72,0,-44.35,28.5,0,0,0,5.9,0,0,0,0,-4,0,0,0,0,-0.00229183,0,0,0,0,0,0,0,0,0,1,73,59,0,0.00034,0.00034,3,5,0,0,0,0,0,0,0,0,0,0,1,0,0,0,0,0,0,0,0,0,0,,0,0,0,0,
5,6.22,0,17.15,29,0,0,0,-2.3,0,0,0,0,-16,0,0,0,0,-0.00229183,0,0,0,0,0,0,0,0,0,1,74,59,0,0.00034,0.00034,3,5,0,0,0,0,0,0,0,0,0,0,1,0,0,0,0,0,0,0,0,0,0,,0,0,0,0,
END,Total:6
START,FrameNb:94,CameraNb:0,HeSaiNb:0,ARS410Nb:0
2026/08/02 21:35:35:662---->
heightOffset:0,1785677735662,243788,selfCaliBufCnt:0,selfAccObjCnt:0,selfAccAngle:0,installHAngleOffset:0,Interpolation:0,installVAngleOffset:0,radarOffsetH:0,radarOffsetV:0.32,Polynom:-0.001023;-0.0511;-2.047;0;0;0;-0.001023;-0.0511;-2.047;-25.5;0;0,WheelDirection:0;0;0;0,selfAngleOffset:0,selfAngleOffsetPit:0,currCaliAngleHrz:0,currCaliAnglePit:0,selfCaliAngleHrz:0,selfCaliAnglePit:0,servCaliAngleHrz:0,servCaliAnglePit:0,offlineCaliAngleHrz:0,offlineCaliAnglePit:0,determine2useFlag:0,IMU_Z_Accel:-21.592,IMU_X_AngularRate:-2.093,IMU_Y_AngularRate:-2.093,IMU_RollAngle:-180,IMU_PitchAngle:-180,IMU_YawAngle:-180,FcwID:0,FCWWarningLevel:0,FCWTTC:0
0,1.98,0,16.55,37.5,0,0,0,7.7,1.25452e-34,0,0,0,-7,0,0,0,0,-0.00229183,0,0,0,0,0,0,0,0,0,1,87,53,0,0.00034,0.00034,3,5,0,0,0,0,0,0,0,0,0,0,1,0,1,0,0,0,0,0,0,0,0,,0,0,0,0,
1,2.8,0,-7.05,29,0,0,0,-15,0,0,0,0,-18,0,0,0,0,-0.00229183,0,0,0,0,0,0,0,0,0,1,78,53,0,0.00034,0.00034,3,5,0,0,0,0,0,0,0,0,0,0,1,0,1,0,0,0,0,0,0,0,0,,0,0,0,0,
2,3.36,0,14.45,40,0,0,0,4.4,0,0,0,0,-5.5,0,0,0,0,-0.00229183,0,0,0,0,0,0,0,0,0,1,89,53,0,0.00034,0.00034,3,0,0,0,0,0,0,0,0,0,0,0,1,0,1,0,0,0,0,0,0,0,0,,0,0,0,0,
3,5.71,0,-45.35,28.5,0,0,0,5.9,0,0,0,0,-3.5,0,0,0,0,-0.00229183,0,0,0,0,0,0,0,0,0,1,73,53,0,0.00034,0.00034,3,5,0,0,0,0,0,0,0,0,0,0,1,0,1,0,0,0,0,0,0,0,0,,0,0,0,0,
4,6.22,0,17.3,29,0,0,0,-2.6,0,0,0,0,-16,0,0,0,0,-0.00229183,0,0,0,0,0,0,0,0,0,1,74,53,0,0.00034,0.00034,3,5,0,0,0,0,0,0,0,0,0,0,1,0,1,0,0,0,0,0,0,0,0,,0,0,0,0,
END,Total:5
START,FrameNb:95,CameraNb:0,HeSaiNb:0,ARS410Nb:0
2026/08/02 21:35:35:676---->
heightOffset:0,1785677735676,243840,selfCaliBufCnt:0,selfAccObjCnt:0,selfAccAngle:0,installHAngleOffset:0,Interpolation:0,installVAngleOffset:0,radarOffsetH:0,radarOffsetV:0.32,Polynom:-0.001023;-0.0511;-2.047;0;0;0;-0.001023;-0.0511;-2.047;-25.5;0;0,WheelDirection:0;0;0;0,selfAngleOffset:0,selfAngleOffsetPit:0,currCaliAngleHrz:0,currCaliAnglePit:0,selfCaliAngleHrz:0,selfCaliAnglePit:0,servCaliAngleHrz:0,servCaliAnglePit:0,offlineCaliAngleHrz:0,offlineCaliAnglePit:0,determine2useFlag:0,IMU_Z_Accel:-21.592,IMU_X_AngularRate:-2.093,IMU_Y_AngularRate:-2.093,IMU_RollAngle:-180,IMU_PitchAngle:-180,IMU_YawAngle:-180,FcwID:0,FCWWarningLevel:0,FCWTTC:0
0,1.98,0,16.55,38,0,0,0,7.65,1.25452e-34,0,0,0,-7,0,0,0,0,-0.00229183,0,0,0,0,0,0,0,0,0,1,87,57,0,0.00034,0.00034,3,5,0,0,0,0,0,0,0,0,0,0,1,0,0,0,0,0,0,0,0,0,0,,0,0,0,0,
1,2.76,0,-8.8,29,0,0,0,-13.45,0,0,0,0,-18,0,0,0,0,-0.00229183,0,0,0,0,0,0,0,0,0,1,78,57,0,0.00034,0.00034,3,5,0,0,0,0,0,0,0,0,0,0,1,0,0,0,0,0,0,0,0,0,0,,0,0,0,0,
2,3.36,0,14.45,40,0,0,0,4.4,0,0,0,0,-5.5,0,0,0,0,-0.00229183,0,0,0,0,0,0,0,0,0,1,89,57,0,0.00034,0.00034,3,0,0,0,0,0,0,0,0,0,0,0,1,0,0,0,0,0,0,0,0,0,0,,0,0,0,0,
3,5.4,0,11.2,24,0,0,0,-0.8,0,0,0,0,-25,0,0,0,0,-0.00229183,0,0,0,0,0,0,0,0,0,1,69,57,0,0.00034,0.00034,3,5,0,0,0,0,0,0,0,0,0,0,1,0,0,0,0,0,0,0,0,0,0,,0,0,0,0,
4,5.72,0,14.15,28.5,0,0,0,-0.75,0,0,0,0,-19,0,0,0,0,-0.00229183,0,0,0,0,0,0,0,0,0,1,73,57,0,0.00034,0.00034,3,5,0,0,0,0,0,0,0,0,0,0,1,0,0,0,0,0,0,0,0,0,0,,0,0,0,0,
5,6.22,0,17.2,29,0,0,0,-2.25,0,0,0,0,-16,0,0,0,0,-0.00229183,0,0,0,0,0,0,0,0,0,1,74,57,0,0.00034,0.00034,3,5,0,0,0,0,0,0,0,0,0,0,1,0,0,0,0,0,0,0,0,0,0,,0,0,0,0,
END,Total:6
START,FrameNb:96,CameraNb:0,HeSaiNb:0,ARS410Nb:0
2026/08/02 21:35:35:787---->
heightOffset:0,1785677735787,243900,selfCaliBufCnt:0,selfAccObjCnt:0,selfAccAngle:0,installHAngleOffset:0,Interpolation:0,installVAngleOffset:0,radarOffsetH:0,radarOffsetV:0.32,Polynom:-0.001023;-0.0511;-2.047;0;0;0;-0.001023;-0.0511;-2.047;-25.5;0;0,WheelDirection:0;0;0;0,selfAngleOffset:0,selfAngleOffsetPit:0,currCaliAngleHrz:0,currCaliAnglePit:0,selfCaliAngleHrz:0,selfCaliAnglePit:0,servCaliAngleHrz:0,servCaliAnglePit:0,offlineCaliAngleHrz:0,offlineCaliAnglePit:0,determine2useFlag:0,IMU_Z_Accel:-21.592,IMU_X_AngularRate:-2.093,IMU_Y_AngularRate:-2.093,IMU_RollAngle:-180,IMU_PitchAngle:-180,IMU_YawAngle:-180,FcwID:0,FCWWarningLevel:0,FCWTTC:0
0,1.99,0,16.55,37.5,0,0,0,7.7,1.25452e-34,0,0,0,-7,0,0,0,0,-0.00229183,0,0,0,0,0,0,0,0,0,1,87,54,0,0.00034,0.00034,3,5,0,0,0,0,0,0,0,0,0,0,1,0,1,0,0,0,0,0,0,0,0,,0,0,0,0,
1,2.76,0,-8.8,29,0,0,0,-13.3,0,0,0,0,-18,0,0,0,0,-0.00229183,0,0,0,0,0,0,0,0,0,1,78,54,0,0.00034,0.00034,3,5,0,0,0,0,0,0,0,0,0,0,1,0,1,0,0,0,0,0,0,0,0,,0,0,0,0,
2,3.36,0,14.45,40,0,0,0,4.45,0,0,0,0,-5.5,0,0,0,0,-0.00229183,0,0,0,0,0,0,0,0,0,1,89,54,0,0.00034,0.00034,3,0,0,0,0,0,0,0,0,0,0,0,1,0,1,0,0,0,0,0,0,0,0,,0,0,0,0,
3,5.38,0,11.35,23.5,0,0,0,12.2,0,0,0,0,-25,0,0,0,0,-0.00229183,0,0,0,0,0,0,0,0,0,1,69,54,0,0.00034,0.00034,3,5,0,0,0,0,0,0,0,0,0,0,1,0,1,0,0,0,0,0,0,0,0,,0,0,0,0,
4,5.69,0,-44.65,28,0,0,0,5.75,0,0,0,0,-4,0,0,0,0,-0.00229183,0,0,0,0,0,0,0,0,0,1,73,54,0,0.00034,0.00034,3,5,0,0,0,0,0,0,0,0,0,0,1,0,1,0,0,0,0,0,0,0,0,,0,0,0,0,
5,6.21,0,17.3,28.5,0,0,0,-2.45,0,0,0,0,-16,0,0,0,0,-0.00229183,0,0,0,0,0,0,0,0,0,1,74,54,0,0.00034,0.00034,3,5,0,0,0,0,0,0,0,0,0,0,1,0,1,0,0,0,0,0,0,0,0,,0,0,0,0,
END,Total:6
START,FrameNb:97,CameraNb:0,HeSaiNb:0,ARS410Nb:0
2026/08/02 21:35:35:849---->
heightOffset:0,1785677735849,243952,selfCaliBufCnt:0,selfAccObjCnt:0,selfAccAngle:0,installHAngleOffset:0,Interpolation:0,installVAngleOffset:0,radarOffsetH:0,radarOffsetV:0.32,Polynom:-0.001023;-0.0511;-2.047;0;0;0;-0.001023;-0.0511;-2.047;-25.5;0;0,WheelDirection:0;0;0;0,selfAngleOffset:0,selfAngleOffsetPit:0,currCaliAngleHrz:0,currCaliAnglePit:0,selfCaliAngleHrz:0,selfCaliAnglePit:0,servCaliAngleHrz:0,servCaliAnglePit:0,offlineCaliAngleHrz:0,offlineCaliAnglePit:0,determine2useFlag:0,IMU_Z_Accel:-21.592,IMU_X_AngularRate:-2.093,IMU_Y_AngularRate:-2.093,IMU_RollAngle:-180,IMU_PitchAngle:-180,IMU_YawAngle:-180,FcwID:0,FCWWarningLevel:0,FCWTTC:0
0,1.98,0,16.55,38,0,0,0,7.65,1.25452e-34,0,0,0,-7,0,0,0,0,-0.00229183,0,0,0,0,0,0,0,0,0,1,87,58,0,0.00034,0.00034,3,5,0,0,0,0,0,0,0,0,0,0,1,0,0,0,0,0,0,0,0,0,0,,0,0,0,0,
1,2.8,0,-7.05,29.5,0,0,0,-15,0,0,0,0,-18,0,0,0,0,-0.00229183,0,0,0,0,0,0,0,0,0,1,78,58,0,0.00034,0.00034,3,5,0,0,0,0,0,0,0,0,0,0,1,0,0,0,0,0,0,0,0,0,0,,0,0,0,0,
2,3.36,0,14.45,40,0,0,0,4.4,0,0,0,0,-5.5,0,0,0,0,-0.00229183,0,0,0,0,0,0,0,0,0,1,89,58,0,0.00034,0.00034,3,0,0,0,0,0,0,0,0,0,0,0,1,0,0,0,0,0,0,0,0,0,0,,0,0,0,0,
3,5.41,0,11.3,24,0,0,0,-0.55,0,0,0,0,-24.5,0,0,0,0,-0.00229183,0,0,0,0,0,0,0,0,0,1,69,58,0,0.00034,0.00034,3,5,0,0,0,0,0,0,0,0,0,0,1,0,0,0,0,0,0,0,0,0,0,,0,0,0,0,
4,5.71,0,14.1,28.5,0,0,0,-0.8,0,0,0,0,-19,0,0,0,0,-0.00229183,0,0,0,0,0,0,0,0,0,1,73,58,0,0.00034,0.00034,3,5,0,0,0,0,0,0,0,0,0,0,1,0,0,0,0,0,0,0,0,0,0,,0,0,0,0,
5,6.22,0,17.3,29,0,0,0,-2.55,0,0,0,0,-16,0,0,0,0,-0.00229183,0,0,0,0,0,0,0,0,0,1,74,58,0,0.00034,0.00034,3,5,0,0,0,0,0,0,0,0,0,0,1,0,0,0,0,0,0,0,0,0,0,,0,0,0,0,
END,Total:6
START,FrameNb:98,CameraNb:0,HeSaiNb:0,ARS410Nb:0
2026/08/02 21:35:35:905---->
heightOffset:0,1785677735905,244012,selfCaliBufCnt:0,selfAccObjCnt:0,selfAccAngle:0,installHAngleOffset:0,Interpolation:0,installVAngleOffset:0,radarOffsetH:0,radarOffsetV:0.32,Polynom:-0.001023;-0.0511;-2.047;0;0;0;-0.001023;-0.0511;-2.047;-25.5;0;0,WheelDirection:0;0;0;0,selfAngleOffset:0,selfAngleOffsetPit:0,currCaliAngleHrz:0,currCaliAnglePit:0,selfCaliAngleHrz:0,selfCaliAnglePit:0,servCaliAngleHrz:0,servCaliAnglePit:0,offlineCaliAngleHrz:0,offlineCaliAnglePit:0,determine2useFlag:0,IMU_Z_Accel:-21.592,IMU_X_AngularRate:-2.093,IMU_Y_AngularRate:-2.093,IMU_RollAngle:-180,IMU_PitchAngle:-180,IMU_YawAngle:-180,FcwID:0,FCWWarningLevel:0,FCWTTC:0
0,1.99,0,16.55,38,0,0,0,7.65,1.25452e-34,0,0,0,-7,0,0,0,0,-0.00229183,0,0,0,0,0,0,0,0,0,1,87,54,0,0.00034,0.00034,3,5,0,0,0,0,0,0,0,0,0,0,1,0,1,0,0,0,0,0,0,0,0,,0,0,0,0,
1,2.76,0,-8.7,29,0,0,0,-13,0,0,0,0,-18,0,0,0,0,-0.00229183,0,0,0,0,0,0,0,0,0,1,78,54,0,0.00034,0.00034,3,5,0,0,0,0,0,0,0,0,0,0,1,0,1,0,0,0,0,0,0,0,0,,0,0,0,0,
2,3.36,0,14.45,40,0,0,0,4.45,0,0,0,0,-5.5,0,0,0,0,-0.00229183,0,0,0,0,0,0,0,0,0,1,89,54,0,0.00034,0.00034,3,0,0,0,0,0,0,0,0,0,0,0,1,0,1,0,0,0,0,0,0,0,0,,0,0,0,0,
3,5.68,0,-45.2,28,0,0,0,5.75,0,0,0,0,-3.5,0,0,0,0,-0.00229183,0,0,0,0,0,0,0,0,0,1,73,54,0,0.00034,0.00034,3,5,0,0,0,0,0,0,0,0,0,0,1,0,1,0,0,0,0,0,0,0,0,,0,0,0,0,
4,6.21,0,17.2,29,0,0,0,-2.45,0,0,0,0,-16,0,0,0,0,-0.00229183,0,0,0,0,0,0,0,0,0,1,74,54,0,0.00034,0.00034,3,5,0,0,0,0,0,0,0,0,0,0,1,0,1,0,0,0,0,0,0,0,0,,0,0,0,0,
END,Total:5
START,FrameNb:99,CameraNb:0,HeSaiNb:0,ARS410Nb:0
2026/08/02 21:35:35:918---->
heightOffset:0,1785677735918,244072,selfCaliBufCnt:0,selfAccObjCnt:0,selfAccAngle:0,installHAngleOffset:0,Interpolation:0,installVAngleOffset:0,radarOffsetH:0,radarOffsetV:0.32,Polynom:-0.001023;-0.0511;-2.047;0;0;0;-0.001023;-0.0511;-2.047;-25.5;0;0,WheelDirection:0;0;0;0,selfAngleOffset:0,selfAngleOffsetPit:0,currCaliAngleHrz:0,currCaliAnglePit:0,selfCaliAngleHrz:0,selfCaliAnglePit:0,servCaliAngleHrz:0,servCaliAnglePit:0,offlineCaliAngleHrz:0,offlineCaliAnglePit:0,determine2useFlag:0,IMU_Z_Accel:-21.592,IMU_X_AngularRate:-2.093,IMU_Y_AngularRate:-2.093,IMU_RollAngle:-180,IMU_PitchAngle:-180,IMU_YawAngle:-180,FcwID:0,FCWWarningLevel:0,FCWTTC:0
0,1.98,0,16.55,38,0,0,0,7.7,1.25452e-34,0,0,0,-7,0,0,0,0,-0.00229183,0,0,0,0,0,0,0,0,0,1,87,64,0,0.00034,0.00034,3,5,0,0,0,0,0,0,0,0,0,0,1,0,0,0,0,0,0,0,0,0,0,,0,0,0,0,
1,2.78,0,-7.05,29.5,0,0,0,-15,0,0,0,0,-17.5,0,0,0,0,-0.00229183,0,0,0,0,0,0,0,0,0,1,79,64,0,0.00034,0.00034,3,5,0,0,0,0,0,0,0,0,0,0,1,0,0,0,0,0,0,0,0,0,0,,0,0,0,0,
2,3.36,0,14.45,40,0,0,0,4.4,0,0,0,0,-5.5,0,0,0,0,-0.00229183,0,0,0,0,0,0,0,0,0,1,89,64,0,0.00034,0.00034,3,0,0,0,0,0,0,0,0,0,0,0,1,0,0,0,0,0,0,0,0,0,0,,0,0,0,0,
3,5.41,0,11.2,23.5,0,0,0,-1.25,0,0,0,0,-25,0,0,0,0,-0.00229183,0,0,0,0,0,0,0,0,0,1,69,64,0,0.00034,0.00034,3,5,0,0,0,0,0,0,0,0,0,0,1,0,0,0,0,0,0,0,0,0,0,,0,0,0,0,
4,5.69,0,-44.6,28,0,0,0,5.9,0,0,0,0,-4,0,0,0,0,-0.00229183,0,0,0,0,0,0,0,0,0,1,73,64,0,0.00034,0.00034,3,5,0,0,0,0,0,0,0,0,0,0,1,0,0,0,0,0,0,0,0,0,0,,0,0,0,0,
5,6.22,0,17.1,28.5,0,0,0,-2.45,0,0,0,0,-16,0,0,0,0,-0.00229183,0,0,0,0,0,0,0,0,0,1,74,64,0,0.00034,0.00034,3,5,0,0,0,0,0,0,0,0,0,0,1,0,0,0,0,0,0,0,0,0,0,,0,0,0,0,
END,Total:6
START,FrameNb:100,CameraNb:0,HeSaiNb:0,ARS410Nb:0
2026/08/02 21:35:35:976---->
heightOffset:0,1785677735976,244128,selfCaliBufCnt:0,selfAccObjCnt:0,selfAccAngle:0,installHAngleOffset:0,Interpolation:0,installVAngleOffset:0,radarOffsetH:0,radarOffsetV:0.32,Polynom:-0.001023;-0.0511;-2.047;0;0;0;-0.001023;-0.0511;-2.047;-25.5;0;0,WheelDirection:0;0;0;0,selfAngleOffset:0,selfAngleOffsetPit:0,currCaliAngleHrz:0,currCaliAnglePit:0,selfCaliAngleHrz:0,selfCaliAnglePit:0,servCaliAngleHrz:0,servCaliAnglePit:0,offlineCaliAngleHrz:0,offlineCaliAnglePit:0,determine2useFlag:0,IMU_Z_Accel:-21.592,IMU_X_AngularRate:-2.093,IMU_Y_AngularRate:-2.093,IMU_RollAngle:-180,IMU_PitchAngle:-180,IMU_YawAngle:-180,FcwID:0,FCWWarningLevel:0,FCWTTC:0
0,1.99,0,16.55,37.5,0,0,0,7.65,1.25452e-34,0,0,0,-7,0,0,0,0,-0.00229183,0,0,0,0,0,0,0,0,0,1,87,56,0,0.00034,0.00034,3,5,0,0,0,0,0,0,0,0,0,0,1,0,1,0,0,0,0,0,0,0,0,,0,0,0,0,
1,2.78,0,-7.05,29.5,0,0,0,-15,0,0,0,0,-17.5,0,0,0,0,-0.00229183,0,0,0,0,0,0,0,0,0,1,79,56,0,0.00034,0.00034,3,5,0,0,0,0,0,0,0,0,0,0,1,0,1,0,0,0,0,0,0,0,0,,0,0,0,0,
2,3.36,0,14.45,40,0,0,0,4.4,0,0,0,0,-5.5,0,0,0,0,-0.00229183,0,0,0,0,0,0,0,0,0,1,89,56,0,0.00034,0.00034,3,0,0,0,0,0,0,0,0,0,0,0,1,0,1,0,0,0,0,0,0,0,0,,0,0,0,0,
3,5.32,0,11.45,23.5,0,0,0,-1,0,0,0,0,-25,0,0,0,0,-0.00229183,0,0,0,0,0,0,0,0,0,1,69,56,0,0.00034,0.00034,3,5,0,0,0,0,0,0,0,0,0,0,1,0,1,0,0,0,0,0,0,0,0,,0,0,0,0,
4,5.72,0,-45.35,28,0,0,0,5.9,0,0,0,0,-3.5,0,0,0,0,-0.00229183,0,0,0,0,0,0,0,0,0,1,73,56,0,0.00034,0.00034,3,5,0,0,0,0,0,0,0,0,0,0,1,0,1,0,0,0,0,0,0,0,0,,0,0,0,0,
5,6.21,0,17.2,28.5,0,0,0,-2.55,0,0,0,0,-16,0,0,0,0,-0.00229183,0,0,0,0,0,0,0,0,0,1,74,56,0,0.00034,0.00034,3,5,0,0,0,0,0,0,0,0,0,0,1,0,1,0,0,0,0,0,0,0,0,,0,0,0,0,
END,Total:6
START,FrameNb:101,CameraNb:0,HeSaiNb:0,ARS410Nb:0
2026/08/02 21:35:36:025---->
heightOffset:0,1785677736025,244184,selfCaliBufCnt:0,selfAccObjCnt:0,selfAccAngle:0,installHAngleOffset:0,Interpolation:0,installVAngleOffset:0,radarOffsetH:0,radarOffsetV:0.32,Polynom:-0.001023;-0.0511;-2.047;0;0;0;-0.001023;-0.0511;-2.047;-25.5;0;0,WheelDirection:0;0;0;0,selfAngleOffset:0,selfAngleOffsetPit:0,currCaliAngleHrz:0,currCaliAnglePit:0,selfCaliAngleHrz:0,selfCaliAnglePit:0,servCaliAngleHrz:0,servCaliAnglePit:0,offlineCaliAngleHrz:0,offlineCaliAnglePit:0,determine2useFlag:0,IMU_Z_Accel:-21.592,IMU_X_AngularRate:-2.093,IMU_Y_AngularRate:-2.093,IMU_RollAngle:-180,IMU_PitchAngle:-180,IMU_YawAngle:-180,FcwID:0,FCWWarningLevel:0,FCWTTC:0
0,1.98,0,16.55,38,0,0,0,7.7,1.25452e-34,0,0,0,-7,0,0,0,0,-0.00229183,0,0,0,0,0,0,0,0,0,1,87,57,0,0.00034,0.00034,3,5,0,0,0,0,0,0,0,0,0,0,1,0,0,0,0,0,0,0,0,0,0,,0,0,0,0,
1,2.78,0,-7.1,29.5,0,0,0,-9.2,0,0,0,0,-18,0,0,0,0,-0.00229183,0,0,0,0,0,0,0,0,0,1,78,57,0,0.00034,0.00034,3,5,0,0,0,0,0,0,0,0,0,0,1,0,0,0,0,0,0,0,0,0,0,,0,0,0,0,
2,3.36,0,14.45,40,0,0,0,4.3,0,0,0,0,-5.5,0,0,0,0,-0.00229183,0,0,0,0,0,0,0,0,0,1,89,57,0,0.00034,0.00034,3,0,0,0,0,0,0,0,0,0,0,0,1,0,0,0,0,0,0,0,0,0,0,,0,0,0,0,
3,5.31,0,11.2,23.5,0,0,0,11,0,0,0,0,-25,0,0,0,0,-0.00229183,0,0,0,0,0,0,0,0,0,1,68,57,0,0.00034,0.00034,3,5,0,0,0,0,0,0,0,0,0,0,1,0,0,0,0,0,0,0,0,0,0,,0,0,0,0,
4,5.76,0,14.2,28,0,0,0,-0.8,0,0,0,0,-19.5,0,0,0,0,-0.00229183,0,0,0,0,0,0,0,0,0,1,73,57,0,0.00034,0.00034,3,5,0,0,0,0,0,0,0,0,0,0,1,0,0,0,0,0,0,0,0,0,0,,0,0,0,0,
5,6.22,0,17.3,29,0,0,0,-2.45,0,0,0,0,-16,0,0,0,0,-0.00229183,0,0,0,0,0,0,0,0,0,1,74,57,0,0.00034,0.00034,3,5,0,0,0,0,0,0,0,0,0,0,1,0,0,0,0,0,0,0,0,0,0,,0,0,0,0,
END,Total:6
START,FrameNb:102,CameraNb:0,HeSaiNb:0,ARS410Nb:0
2026/08/02 21:35:36:081---->
heightOffset:0,1785677736081,244240,selfCaliBufCnt:0,selfAccObjCnt:0,selfAccAngle:0,installHAngleOffset:0,Interpolation:0,installVAngleOffset:0,radarOffsetH:0,radarOffsetV:0.32,Polynom:-0.001023;-0.0511;-2.047;0;0;0;-0.001023;-0.0511;-2.047;-25.5;0;0,WheelDirection:0;0;0;0,selfAngleOffset:0,selfAngleOffsetPit:0,currCaliAngleHrz:0,currCaliAnglePit:0,selfCaliAngleHrz:0,selfCaliAnglePit:0,servCaliAngleHrz:0,servCaliAnglePit:0,offlineCaliAngleHrz:0,offlineCaliAnglePit:0,determine2useFlag:0,IMU_Z_Accel:-21.592,IMU_X_AngularRate:-2.093,IMU_Y_AngularRate:-2.093,IMU_RollAngle:-180,IMU_PitchAngle:-180,IMU_YawAngle:-180,FcwID:0,FCWWarningLevel:0,FCWTTC:0
0,1.99,0,16.55,37.5,0,0,0,7.7,1.25452e-34,0,0,0,-7,0,0,0,0,-0.00229183,0,0,0,0,0,0,0,0,0,1,87,54,0,0.00034,0.00034,3,5,0,0,0,0,0,0,0,0,0,0,1,0,1,0,0,0,0,0,0,0,0,,0,0,0,0,
1,2.95,0,-7.05,29.5,0,0,0,-15,0,0,0,0,-18,0,0,0,0,-0.00229183,0,0,0,0,0,0,0,0,0,1,78,54,0,0.00034,0.00034,3,5,0,0,0,0,0,0,0,0,0,0,1,0,1,0,0,0,0,0,0,0,0,,0,0,0,0,
2,3.36,0,14.5,40,0,0,0,4.25,0,0,0,0,-5.5,0,0,0,0,-0.00229183,0,0,0,0,0,0,0,0,0,1,88,54,0,0.00034,0.00034,3,0,0,0,0,0,0,0,0,0,0,0,1,0,1,0,0,0,0,0,0,0,0,,0,0,0,0,
3,5.41,0,11.3,23.5,0,0,0,-2.45,0,0,0,0,-25,0,0,0,0,-0.00229183,0,0,0,0,0,0,0,0,0,1,68,54,0,0.00034,0.00034,3,5,0,0,0,0,0,0,0,0,0,0,1,0,1,0,0,0,0,0,0,0,0,,0,0,0,0,
4,5.75,0,-44.7,28,0,0,0,5.8,0,0,0,0,-4.5,0,0,0,0,-0.00229183,0,0,0,0,0,0,0,0,0,1,73,54,0,0.00034,0.00034,3,5,0,0,0,0,0,0,0,0,0,0,1,0,1,0,0,0,0,0,0,0,0,,0,0,0,0,
5,6.21,0,17.3,29,0,0,0,-2.6,0,0,0,0,-16,0,0,0,0,-0.00229183,0,0,0,0,0,0,0,0,0,1,74,54,0,0.00034,0.00034,3,5,0,0,0,0,0,0,0,0,0,0,1,0,1,0,0,0,0,0,0,0,0,,0,0,0,0,
END,Total:6
START,FrameNb:103,CameraNb:0,HeSaiNb:0,ARS410Nb:0
2026/08/02 21:35:36:187---->
heightOffset:0,1785677736187,244296,selfCaliBufCnt:0,selfAccObjCnt:0,selfAccAngle:0,installHAngleOffset:0,Interpolation:0,installVAngleOffset:0,radarOffsetH:0,radarOffsetV:0.32,Polynom:-0.001023;-0.0511;-2.047;0;0;0;-0.001023;-0.0511;-2.047;-25.5;0;0,WheelDirection:0;0;0;0,selfAngleOffset:0,selfAngleOffsetPit:0,currCaliAngleHrz:0,currCaliAnglePit:0,selfCaliAngleHrz:0,selfCaliAnglePit:0,servCaliAngleHrz:0,servCaliAnglePit:0,offlineCaliAngleHrz:0,offlineCaliAnglePit:0,determine2useFlag:0,IMU_Z_Accel:-21.592,IMU_X_AngularRate:-2.093,IMU_Y_AngularRate:-2.093,IMU_RollAngle:-180,IMU_PitchAngle:-180,IMU_YawAngle:-180,FcwID:0,FCWWarningLevel:0,FCWTTC:0
0,1.98,0,16.55,38,0,0,0,7.7,1.25452e-34,0,0,0,-7,0,0,0,0,-0.00229183,0,0,0,0,0,0,0,0,0,1,87,58,0,0.00034,0.00034,3,5,0,0,0,0,0,0,0,0,0,0,1,0,0,0,0,0,0,0,0,0,0,,0,0,0,0,
1,2.77,0,-7.05,29,0,0,0,-15,0,0,0,0,-18,0,0,0,0,-0.00229183,0,0,0,0,0,0,0,0,0,1,78,58,0,0.00034,0.00034,3,5,0,0,0,0,0,0,0,0,0,0,1,0,0,0,0,0,0,0,0,0,0,,0,0,0,0,
2,3.36,0,14.5,40,0,0,0,4.25,0,0,0,0,-5.5,0,0,0,0,-0.00229183,0,0,0,0,0,0,0,0,0,1,88,58,0,0.00034,0.00034,3,0,0,0,0,0,0,0,0,0,0,0,1,0,0,0,0,0,0,0,0,0,0,,0,0,0,0,
3,5.41,0,11.2,23.5,0,0,0,11.3,0,0,0,0,-25,0,0,0,0,-0.00229183,0,0,0,0,0,0,0,0,0,1,69,58,0,0.00034,0.00034,3,5,0,0,0,0,0,0,0,0,0,0,1,0,0,0,0,0,0,0,0,0,0,,0,0,0,0,
4,5.75,0,-44.35,28,0,0,0,5.7,0,0,0,0,-4.5,0,0,0,0,-0.00229183,0,0,0,0,0,0,0,0,0,1,73,58,0,0.00034,0.00034,3,5,0,0,0,0,0,0,0,0,0,0,1,0,0,0,0,0,0,0,0,0,0,,0,0,0,0,
5,6.21,0,17.2,29,0,0,0,-2.35,0,0,0,0,-16,0,0,0,0,-0.00229183,0,0,0,0,0,0,0,0,0,1,74,58,0,0.00034,0.00034,3,5,0,0,0,0,0,0,0,0,0,0,1,0,0,0,0,0,0,0,0,0,0,,0,0,0,0,
END,Total:6
START,FrameNb:104,CameraNb:0,HeSaiNb:0,ARS410Nb:0
2026/08/02 21:35:36:248---->
heightOffset:0,1785677736248,244352,selfCaliBufCnt:0,selfAccObjCnt:0,selfAccAngle:0,installHAngleOffset:0,Interpolation:0,installVAngleOffset:0,radarOffsetH:0,radarOffsetV:0.32,Polynom:-0.001023;-0.0511;-2.047;0;0;0;-0.001023;-0.0511;-2.047;-25.5;0;0,WheelDirection:0;0;0;0,selfAngleOffset:0,selfAngleOffsetPit:0,currCaliAngleHrz:0,currCaliAnglePit:0,selfCaliAngleHrz:0,selfCaliAnglePit:0,servCaliAngleHrz:0,servCaliAnglePit:0,offlineCaliAngleHrz:0,offlineCaliAnglePit:0,determine2useFlag:0,IMU_Z_Accel:-21.592,IMU_X_AngularRate:-2.093,IMU_Y_AngularRate:-2.093,IMU_RollAngle:-180,IMU_PitchAngle:-180,IMU_YawAngle:-180,FcwID:0,FCWWarningLevel:0,FCWTTC:0
0,1.99,0,16.55,37.5,0,0,0,7.7,1.25452e-34,0,0,0,-7,0,0,0,0,-0.00229183,0,0,0,0,0,0,0,0,0,1,87,53,0,0.00034,0.00034,3,5,0,0,0,0,0,0,0,0,0,0,1,0,1,0,0,0,0,0,0,0,0,,0,0,0,0,
1,2.77,0,-7.1,29,0,0,0,-15,0,0,0,0,-18,0,0,0,0,-0.00229183,0,0,0,0,0,0,0,0,0,1,78,53,0,0.00034,0.00034,3,5,0,0,0,0,0,0,0,0,0,0,1,0,1,0,0,0,0,0,0,0,0,,0,0,0,0,
2,3.36,0,14.55,40,0,0,0,4.25,0,0,0,0,-5.5,0,0,0,0,-0.00229183,0,0,0,0,0,0,0,0,0,1,89,53,0,0.00034,0.00034,3,0,0,0,0,0,0,0,0,0,0,0,1,0,1,0,0,0,0,0,0,0,0,,0,0,0,0,
3,5.41,0,11.45,23.5,0,0,0,-0.6,0,0,0,0,-25,0,0,0,0,-0.00229183,0,0,0,0,0,0,0,0,0,1,68,53,0,0.00034,0.00034,3,5,0,0,0,0,0,0,0,0,0,0,1,0,1,0,0,0,0,0,0,0,0,,0,0,0,0,
4,5.75,0,-45.3,28,0,0,0,5.75,0,0,0,0,-3.5,0,0,0,0,-0.00229183,0,0,0,0,0,0,0,0,0,1,73,53,0,0.00034,0.00034,3,5,0,0,0,0,0,0,0,0,0,0,1,0,1,0,0,0,0,0,0,0,0,,0,0,0,0,
5,6.21,0,17.3,29,0,0,0,-2.7,0,0,0,0,-16,0,0,0,0,-0.00229183,0,0,0,0,0,0,0,0,0,1,74,53,0,0.00034,0.00034,3,5,0,0,0,0,0,0,0,0,0,0,1,0,1,0,0,0,0,0,0,0,0,,0,0,0,0,
END,Total:6
START,FrameNb:105,CameraNb:0,HeSaiNb:0,ARS410Nb:0
2026/08/02 21:35:36:310---->
heightOffset:0,1785677736310,244408,selfCaliBufCnt:0,selfAccObjCnt:0,selfAccAngle:0,installHAngleOffset:0,Interpolation:0,installVAngleOffset:0,radarOffsetH:0,radarOffsetV:0.32,Polynom:-0.001023;-0.0511;-2.047;0;0;0;-0.001023;-0.0511;-2.047;-25.5;0;0,WheelDirection:0;0;0;0,selfAngleOffset:0,selfAngleOffsetPit:0,currCaliAngleHrz:0,currCaliAnglePit:0,selfCaliAngleHrz:0,selfCaliAnglePit:0,servCaliAngleHrz:0,servCaliAnglePit:0,offlineCaliAngleHrz:0,offlineCaliAnglePit:0,determine2useFlag:0,IMU_Z_Accel:-21.592,IMU_X_AngularRate:-2.093,IMU_Y_AngularRate:-2.093,IMU_RollAngle:-180,IMU_PitchAngle:-180,IMU_YawAngle:-180,FcwID:0,FCWWarningLevel:0,FCWTTC:0
0,1.98,0,16.55,38,0,0,0,7.65,1.25452e-34,0,0,0,-7,0,0,0,0,-0.00229183,0,0,0,0,0,0,0,0,0,1,87,60,0,0.00034,0.00034,3,5,0,0,0,0,0,0,0,0,0,0,1,0,0,0,0,0,0,0,0,0,0,,0,0,0,0,
1,2.79,0,-7.1,29.5,0,0,0,-15,0,0,0,0,-18,0,0,0,0,-0.00229183,0,0,0,0,0,0,0,0,0,1,78,60,0,0.00034,0.00034,3,5,0,0,0,0,0,0,0,0,0,0,1,0,0,0,0,0,0,0,0,0,0,,0,0,0,0,
2,3.36,0,14.55,40,0,0,0,4.25,0,0,0,0,-5.5,0,0,0,0,-0.00229183,0,0,0,0,0,0,0,0,0,1,89,60,0,0.00034,0.00034,3,0,0,0,0,0,0,0,0,0,0,0,1,0,0,0,0,0,0,0,0,0,0,,0,0,0,0,
3,5.4,0,11.4,24,0,0,0,-0.3,0,0,0,0,-25,0,0,0,0,-0.00229183,0,0,0,0,0,0,0,0,0,1,69,60,0,0.00034,0.00034,3,5,0,0,0,0,0,0,0,0,0,0,1,0,0,0,0,0,0,0,0,0,0,,0,0,0,0,
4,5.73,0,-45.1,28,0,0,0,5.9,0,0,0,0,-3.5,0,0,0,0,-0.00229183,0,0,0,0,0,0,0,0,0,1,73,60,0,0.00034,0.00034,3,5,0,0,0,0,0,0,0,0,0,0,1,0,0,0,0,0,0,0,0,0,0,,0,0,0,0,
5,6.22,0,17.3,29,0,0,0,-2.55,0,0,0,0,-16,0,0,0,0,-0.00229183,0,0,0,0,0,0,0,0,0,1,74,60,0,0.00034,0.00034,3,5,0,0,0,0,0,0,0,0,0,0,1,0,0,0,0,0,0,0,0,0,0,,0,0,0,0,
END,Total:6
START,FrameNb:106,CameraNb:0,HeSaiNb:0,ARS410Nb:0
2026/08/02 21:35:36:323---->
heightOffset:0,1785677736323,244472,selfCaliBufCnt:0,selfAccObjCnt:0,selfAccAngle:0,installHAngleOffset:0,Interpolation:0,installVAngleOffset:0,radarOffsetH:0,radarOffsetV:0.32,Polynom:-0.001023;-0.0511;-2.047;0;0;0;-0.001023;-0.0511;-2.047;-25.5;0;0,WheelDirection:0;0;0;0,selfAngleOffset:0,selfAngleOffsetPit:0,currCaliAngleHrz:0,currCaliAnglePit:0,selfCaliAngleHrz:0,selfCaliAnglePit:0,servCaliAngleHrz:0,servCaliAnglePit:0,offlineCaliAngleHrz:0,offlineCaliAnglePit:0,determine2useFlag:0,IMU_Z_Accel:-21.592,IMU_X_AngularRate:-2.093,IMU_Y_AngularRate:-2.093,IMU_RollAngle:-180,IMU_PitchAngle:-180,IMU_YawAngle:-180,FcwID:0,FCWWarningLevel:0,FCWTTC:0
0,1.99,0,16.55,37.5,0,0,0,7.7,1.25452e-34,0,0,0,-7,0,0,0,0,-0.00229183,0,0,0,0,0,0,0,0,0,1,87,58,0,0.00034,0.00034,3,5,0,0,0,0,0,0,0,0,0,0,1,0,1,0,0,0,0,0,0,0,0,,0,0,0,0,
1,2.78,0,-7.1,29.5,0,0,0,-15,0,0,0,0,-18,0,0,0,0,-0.00229183,0,0,0,0,0,0,0,0,0,1,78,58,0,0.00034,0.00034,3,5,0,0,0,0,0,0,0,0,0,0,1,0,1,0,0,0,0,0,0,0,0,,0,0,0,0,
2,3.36,0,14.55,40,0,0,0,4.3,0,0,0,0,-5.5,0,0,0,0,-0.00229183,0,0,0,0,0,0,0,0,0,1,89,58,0,0.00034,0.00034,3,0,0,0,0,0,0,0,0,0,0,0,1,0,1,0,0,0,0,0,0,0,0,,0,0,0,0,
3,5.41,0,11.4,24,0,0,0,-0.45,0,0,0,0,-25,0,0,0,0,-0.00229183,0,0,0,0,0,0,0,0,0,1,69,58,0,0.00034,0.00034,3,5,0,0,0,0,0,0,0,0,0,0,1,0,1,0,0,0,0,0,0,0,0,,0,0,0,0,
4,5.71,0,-44.55,28,0,0,0,5.75,0,0,0,0,-4.5,0,0,0,0,-0.00229183,0,0,0,0,0,0,0,0,0,1,73,58,0,0.00034,0.00034,3,5,0,0,0,0,0,0,0,0,0,0,1,0,1,0,0,0,0,0,0,0,0,,0,0,0,0,
5,6.21,0,17.3,29,0,0,0,-2.75,0,0,0,0,-16,0,0,0,0,-0.00229183,0,0,0,0,0,0,0,0,0,1,74,58,0,0.00034,0.00034,3,5,0,0,0,0,0,0,0,0,0,0,1,0,1,0,0,0,0,0,0,0,0,,0,0,0,0,
END,Total:6
START,FrameNb:107,CameraNb:0,HeSaiNb:0,ARS410Nb:0
2026/08/02 21:35:36:373---->
heightOffset:0,1785677736373,244528,selfCaliBufCnt:0,selfAccObjCnt:0,selfAccAngle:0,installHAngleOffset:0,Interpolation:0,installVAngleOffset:0,radarOffsetH:0,radarOffsetV:0.32,Polynom:-0.001023;-0.0511;-2.047;0;0;0;-0.001023;-0.0511;-2.047;-25.5;0;0,WheelDirection:0;0;0;0,selfAngleOffset:0,selfAngleOffsetPit:0,currCaliAngleHrz:0,currCaliAnglePit:0,selfCaliAngleHrz:0,selfCaliAnglePit:0,servCaliAngleHrz:0,servCaliAnglePit:0,offlineCaliAngleHrz:0,offlineCaliAnglePit:0,determine2useFlag:0,IMU_Z_Accel:-21.592,IMU_X_AngularRate:-2.093,IMU_Y_AngularRate:-2.093,IMU_RollAngle:-180,IMU_PitchAngle:-180,IMU_YawAngle:-180,FcwID:0,FCWWarningLevel:0,FCWTTC:0
0,1.98,0,16.55,38,0,0,0,7.7,1.25452e-34,0,0,0,-7,0,0,0,0,-0.00229183,0,0,0,0,0,0,0,0,0,1,87,60,0,0.00034,0.00034,3,5,0,0,0,0,0,0,0,0,0,0,1,0,0,0,0,0,0,0,0,0,0,,0,0,0,0,
1,2.78,0,-7.05,29.5,0,0,0,-15,0,0,0,0,-17.5,0,0,0,0,-0.00229183,0,0,0,0,0,0,0,0,0,1,79,60,0,0.00034,0.00034,3,5,0,0,0,0,0,0,0,0,0,0,1,0,0,0,0,0,0,0,0,0,0,,0,0,0,0,
2,3.37,0,14.7,40,0,0,0,4.8,0,0,0,0,-5.5,0,0,0,0,-0.00229183,0,0,0,0,0,0,0,0,0,1,88,60,0,0.00034,0.00034,3,0,0,0,0,0,0,0,0,0,0,0,1,0,0,0,0,0,0,0,0,0,0,,0,0,0,0,
3,5.41,0,11.3,23.5,0,0,0,-0.35,0,0,0,0,-25,0,0,0,0,-0.00229183,0,0,0,0,0,0,0,0,0,1,69,60,0,0.00034,0.00034,3,5,0,0,0,0,0,0,0,0,0,0,1,0,0,0,0,0,0,0,0,0,0,,0,0,0,0,
4,5.73,0,14.2,28,0,0,0,-0.75,0,0,0,0,-19.5,0,0,0,0,-0.00229183,0,0,0,0,0,0,0,0,0,1,73,60,0,0.00034,0.00034,3,5,0,0,0,0,0,0,0,0,0,0,1,0,0,0,0,0,0,0,0,0,0,,0,0,0,0,
5,6.22,0,17.2,28.5,0,0,0,-2.55,0,0,0,0,-16,0,0,0,0,-0.00229183,0,0,0,0,0,0,0,0,0,1,74,60,0,0.00034,0.00034,3,5,0,0,0,0,0,0,0,0,0,0,1,0,0,0,0,0,0,0,0,0,0,,0,0,0,0,
END,Total:6
START,FrameNb:108,CameraNb:0,HeSaiNb:0,ARS410Nb:0
2026/08/02 21:35:36:437---->
heightOffset:0,1785677736437,244584,selfCaliBufCnt:0,selfAccObjCnt:0,selfAccAngle:0,installHAngleOffset:0,Interpolation:0,installVAngleOffset:0,radarOffsetH:0,radarOffsetV:0.32,Polynom:-0.001023;-0.0511;-2.047;0;0;0;-0.001023;-0.0511;-2.047;-25.5;0;0,WheelDirection:0;0;0;0,selfAngleOffset:0,selfAngleOffsetPit:0,currCaliAngleHrz:0,currCaliAnglePit:0,selfCaliAngleHrz:0,selfCaliAnglePit:0,servCaliAngleHrz:0,servCaliAnglePit:0,offlineCaliAngleHrz:0,offlineCaliAnglePit:0,determine2useFlag:0,IMU_Z_Accel:-21.592,IMU_X_AngularRate:-2.093,IMU_Y_AngularRate:-2.093,IMU_RollAngle:-180,IMU_PitchAngle:-180,IMU_YawAngle:-180,FcwID:0,FCWWarningLevel:0,FCWTTC:0
0,1.99,0,16.55,37.5,0,0,0,7.7,1.25452e-34,0,0,0,-7,0,0,0,0,-0.00229183,0,0,0,0,0,0,0,0,0,1,87,53,0,0.00034,0.00034,3,5,0,0,0,0,0,0,0,0,0,0,1,0,1,0,0,0,0,0,0,0,0,,0,0,0,0,
1,2.78,0,-7,29.5,0,0,0,-15,0,0,0,0,-17.5,0,0,0,0,-0.00229183,0,0,0,0,0,0,0,0,0,1,79,53,0,0.00034,0.00034,3,5,0,0,0,0,0,0,0,0,0,0,1,0,1,0,0,0,0,0,0,0,0,,0,0,0,0,
2,3.36,0,14.55,40,0,0,0,4.4,0,0,0,0,-5.5,0,0,0,0,-0.00229183,0,0,0,0,0,0,0,0,0,1,89,53,0,0.00034,0.00034,3,0,0,0,0,0,0,0,0,0,0,0,1,0,1,0,0,0,0,0,0,0,0,,0,0,0,0,
3,5.75,0,-45.4,28,0,0,0,5.8,0,0,0,0,-3.5,0,0,0,0,-0.00229183,0,0,0,0,0,0,0,0,0,1,73,53,0,0.00034,0.00034,3,5,0,0,0,0,0,0,0,0,0,0,1,0,1,0,0,0,0,0,0,0,0,,0,0,0,0,
4,6.21,0,17.2,28.5,0,0,0,-2.55,0,0,0,0,-16,0,0,0,0,-0.00229183,0,0,0,0,0,0,0,0,0,1,74,53,0,0.00034,0.00034,3,5,0,0,0,0,0,0,0,0,0,0,1,0,1,0,0,0,0,0,0,0,0,,0,0,0,0,
END,Total:5
START,FrameNb:109,CameraNb:0,HeSaiNb:0,ARS410Nb:0
2026/08/02 21:35:36:497---->
heightOffset:0,1785677736497,244636,selfCaliBufCnt:0,selfAccObjCnt:0,selfAccAngle:0,installHAngleOffset:0,Interpolation:0,installVAngleOffset:0,radarOffsetH:0,radarOffsetV:0.32,Polynom:-0.001023;-0.0511;-2.047;0;0;0;-0.001023;-0.0511;-2.047;-25.5;0;0,WheelDirection:0;0;0;0,selfAngleOffset:0,selfAngleOffsetPit:0,currCaliAngleHrz:0,currCaliAnglePit:0,selfCaliAngleHrz:0,selfCaliAnglePit:0,servCaliAngleHrz:0,servCaliAnglePit:0,offlineCaliAngleHrz:0,offlineCaliAnglePit:0,determine2useFlag:0,IMU_Z_Accel:-21.592,IMU_X_AngularRate:-2.093,IMU_Y_AngularRate:-2.093,IMU_RollAngle:-180,IMU_PitchAngle:-180,IMU_YawAngle:-180,FcwID:0,FCWWarningLevel:0,FCWTTC:0
0,1.98,0,16.55,38,0,0,0,7.7,1.25452e-34,0,0,0,-7,0,0,0,0,-0.00229183,0,0,0,0,0,0,0,0,0,1,87,58,0,0.00034,0.00034,3,5,0,0,0,0,0,0,0,0,0,0,1,0,0,0,0,0,0,0,0,0,0,,0,0,0,0,
1,2.78,0,-7,29.5,0,0,0,-15,0,0,0,0,-17.5,0,0,0,0,-0.00229183,0,0,0,0,0,0,0,0,0,1,79,58,0,0.00034,0.00034,3,5,0,0,0,0,0,0,0,0,0,0,1,0,0,0,0,0,0,0,0,0,0,,0,0,0,0,
2,3.37,0,14.7,40,0,0,0,4.8,0,0,0,0,-5.5,0,0,0,0,-0.00229183,0,0,0,0,0,0,0,0,0,1,88,58,0,0.00034,0.00034,3,0,0,0,0,0,0,0,0,0,0,0,1,0,0,0,0,0,0,0,0,0,0,,0,0,0,0,
3,5.75,0,-45.6,28.5,0,0,0,5.95,0,0,0,0,-3,0,0,0,0,-0.00229183,0,0,0,0,0,0,0,0,0,1,73,58,0,0.00034,0.00034,3,5,0,0,0,0,0,0,0,0,0,0,1,0,0,0,0,0,0,0,0,0,0,,0,0,0,0,
4,6.21,0,17.3,28.5,0,0,0,-2.75,0,0,0,0,-16,0,0,0,0,-0.00229183,0,0,0,0,0,0,0,0,0,1,74,58,0,0.00034,0.00034,3,5,0,0,0,0,0,0,0,0,0,0,1,0,0,0,0,0,0,0,0,0,0,,0,0,0,0,
END,Total:5
START,FrameNb:110,CameraNb:0,HeSaiNb:0,ARS410Nb:0
2026/08/02 21:35:36:569---->
heightOffset:0,1785677736569,244696,selfCaliBufCnt:0,selfAccObjCnt:0,selfAccAngle:0,installHAngleOffset:0,Interpolation:0,installVAngleOffset:0,radarOffsetH:0,radarOffsetV:0.32,Polynom:-0.001023;-0.0511;-2.047;0;0;0;-0.001023;-0.0511;-2.047;-25.5;0;0,WheelDirection:0;0;0;0,selfAngleOffset:0,selfAngleOffsetPit:0,currCaliAngleHrz:0,currCaliAnglePit:0,selfCaliAngleHrz:0,selfCaliAnglePit:0,servCaliAngleHrz:0,servCaliAnglePit:0,offlineCaliAngleHrz:0,offlineCaliAnglePit:0,determine2useFlag:0,IMU_Z_Accel:-21.592,IMU_X_AngularRate:-2.093,IMU_Y_AngularRate:-2.093,IMU_RollAngle:-180,IMU_PitchAngle:-180,IMU_YawAngle:-180,FcwID:0,FCWWarningLevel:0,FCWTTC:0
0,1.98,0,16.55,38,0,0,0,7.7,1.25452e-34,0,0,0,-7,0,0,0,0,-0.00229183,0,0,0,0,0,0,0,0,0,1,87,54,0,0.00034,0.00034,3,5,0,0,0,0,0,0,0,0,0,0,1,0,1,0,0,0,0,0,0,0,0,,0,0,0,0,
1,2.78,0,-7.05,30,0,0,0,-15,0,0,0,0,-17.5,0,0,0,0,-0.00229183,0,0,0,0,0,0,0,0,0,1,79,54,0,0.00034,0.00034,3,5,0,0,0,0,0,0,0,0,0,0,1,0,1,0,0,0,0,0,0,0,0,,0,0,0,0,
2,3.36,0,14.5,40,0,0,0,4.45,0,0,0,0,-5.5,0,0,0,0,-0.00229183,0,0,0,0,0,0,0,0,0,1,89,54,0,0.00034,0.00034,3,0,0,0,0,0,0,0,0,0,0,0,1,0,1,0,0,0,0,0,0,0,0,,0,0,0,0,
3,5.76,0,-45.6,28.5,0,0,0,5.8,0,0,0,0,-3,0,0,0,0,-0.00229183,0,0,0,0,0,0,0,0,0,1,73,54,0,0.00034,0.00034,3,5,0,0,0,0,0,0,0,0,0,0,1,0,1,0,0,0,0,0,0,0,0,,0,0,0,0,
4,6.2,0,17.4,28.5,0,0,0,-2.8,0,0,0,0,-16,0,0,0,0,-0.00229183,0,0,0,0,0,0,0,0,0,1,74,54,0,0.00034,0.00034,3,5,0,0,0,0,0,0,0,0,0,0,1,0,1,0,0,0,0,0,0,0,0,,0,0,0,0,
END,Total:5
START,FrameNb:111,CameraNb:0,HeSaiNb:0,ARS410Nb:0
2026/08/02 21:35:36:620---->
heightOffset:0,1785677736620,244748,selfCaliBufCnt:0,selfAccObjCnt:0,selfAccAngle:0,installHAngleOffset:0,Interpolation:0,installVAngleOffset:0,radarOffsetH:0,radarOffsetV:0.32,Polynom:-0.001023;-0.0511;-2.047;0;0;0;-0.001023;-0.0511;-2.047;-25.5;0;0,WheelDirection:0;0;0;0,selfAngleOffset:0,selfAngleOffsetPit:0,currCaliAngleHrz:0,currCaliAnglePit:0,selfCaliAngleHrz:0,selfCaliAnglePit:0,servCaliAngleHrz:0,servCaliAnglePit:0,offlineCaliAngleHrz:0,offlineCaliAnglePit:0,determine2useFlag:0,IMU_Z_Accel:-21.592,IMU_X_AngularRate:-2.093,IMU_Y_AngularRate:-2.093,IMU_RollAngle:-180,IMU_PitchAngle:-180,IMU_YawAngle:-180,FcwID:0,FCWWarningLevel:0,FCWTTC:0
0,1.98,0,16.55,38,0,0,0,7.7,1.25452e-34,0,0,0,-7,0,0,0,0,-0.00229183,0,0,0,0,0,0,0,0,0,1,87,58,0,0.00034,0.00034,3,5,0,0,0,0,0,0,0,0,0,0,1,0,0,0,0,0,0,0,0,0,0,,0,0,0,0,
1,2.8,0,-7.1,29.5,0,0,0,-9.25,0,0,0,0,-17.5,0,0,0,0,-0.00229183,0,0,0,0,0,0,0,0,0,1,79,58,0,0.00034,0.00034,3,5,0,0,0,0,0,0,0,0,0,0,1,0,0,0,0,0,0,0,0,0,0,,0,0,0,0,
2,3.37,0,14.7,40,0,0,0,4.8,0,0,0,0,-5.5,0,0,0,0,-0.00229183,0,0,0,0,0,0,0,0,0,1,88,58,0,0.00034,0.00034,3,0,0,0,0,0,0,0,0,0,0,0,1,0,0,0,0,0,0,0,0,0,0,,0,0,0,0,
3,5.38,0,11.15,23.5,0,0,0,11.15,0,0,0,0,-25.5,0,0,0,0,-0.00229183,0,0,0,0,0,0,0,0,0,1,68,58,0,0.00034,0.00034,3,5,0,0,0,0,0,0,0,0,0,0,1,0,0,0,0,0,0,0,0,0,0,,0,0,0,0,
4,5.76,0,14.05,28.5,0,0,0,-0.95,0,0,0,0,-19,0,0,0,0,-0.00229183,0,0,0,0,0,0,0,0,0,1,73,58,0,0.00034,0.00034,3,5,0,0,0,0,0,0,0,0,0,0,1,0,0,0,0,0,0,0,0,0,0,,0,0,0,0,
5,6.21,0,17.35,28.5,0,0,0,-2.7,0,0,0,0,-16,0,0,0,0,-0.00229183,0,0,0,0,0,0,0,0,0,1,74,58,0,0.00034,0.00034,3,5,0,0,0,0,0,0,0,0,0,0,1,0,0,0,0,0,0,0,0,0,0,,0,0,0,0,
END,Total:6
START,FrameNb:112,CameraNb:0,HeSaiNb:0,ARS410Nb:0
2026/08/02 21:35:36:680---->
heightOffset:0,1785677736680,244808,selfCaliBufCnt:0,selfAccObjCnt:0,selfAccAngle:0,installHAngleOffset:0,Interpolation:0,installVAngleOffset:0,radarOffsetH:0,radarOffsetV:0.32,Polynom:-0.001023;-0.0511;-2.047;0;0;0;-0.001023;-0.0511;-2.047;-25.5;0;0,WheelDirection:0;0;0;0,selfAngleOffset:0,selfAngleOffsetPit:0,currCaliAngleHrz:0,currCaliAnglePit:0,selfCaliAngleHrz:0,selfCaliAnglePit:0,servCaliAngleHrz:0,servCaliAnglePit:0,offlineCaliAngleHrz:0,offlineCaliAnglePit:0,determine2useFlag:0,IMU_Z_Accel:-21.592,IMU_X_AngularRate:-2.093,IMU_Y_AngularRate:-2.093,IMU_RollAngle:-180,IMU_PitchAngle:-180,IMU_YawAngle:-180,FcwID:0,FCWWarningLevel:0,FCWTTC:0
0,1.99,0,16.55,38,0,0,0,7.7,1.25452e-34,0,0,0,-7,0,0,0,0,-0.00229183,0,0,0,0,0,0,0,0,0,1,87,53,0,0.00034,0.00034,3,5,0,0,0,0,0,0,0,0,0,0,1,0,1,0,0,0,0,0,0,0,0,,0,0,0,0,
1,2.82,0,-7.1,29.5,0,0,0,-15,0,0,0,0,-17.5,0,0,0,0,-0.00229183,0,0,0,0,0,0,0,0,0,1,78,53,0,0.00034,0.00034,3,5,0,0,0,0,0,0,0,0,0,0,1,0,1,0,0,0,0,0,0,0,0,,0,0,0,0,
2,3.36,0,14.5,40,0,0,0,4.45,0,0,0,0,-5.5,0,0,0,0,-0.00229183,0,0,0,0,0,0,0,0,0,1,89,53,0,0.00034,0.00034,3,0,0,0,0,0,0,0,0,0,0,0,1,0,1,0,0,0,0,0,0,0,0,,0,0,0,0,
3,5.37,0,11.3,23.5,0,0,0,11.95,0,0,0,0,-25,0,0,0,0,-0.00229183,0,0,0,0,0,0,0,0,0,1,69,53,0,0.00034,0.00034,3,5,0,0,0,0,0,0,0,0,0,0,1,0,1,0,0,0,0,0,0,0,0,,0,0,0,0,
4,5.71,0,14,28.5,0,0,0,-1.05,0,0,0,0,-19,0,0,0,0,-0.00229183,0,0,0,0,0,0,0,0,0,1,73,53,0,0.00034,0.00034,3,5,0,0,0,0,0,0,0,0,0,0,1,0,1,0,0,0,0,0,0,0,0,,0,0,0,0,
5,6.21,0,17.4,28.5,0,0,0,-2.75,0,0,0,0,-16,0,0,0,0,-0.00229183,0,0,0,0,0,0,0,0,0,1,74,53,0,0.00034,0.00034,3,5,0,0,0,0,0,0,0,0,0,0,1,0,1,0,0,0,0,0,0,0,0,,0,0,0,0,
END,Total:6
START,FrameNb:113,CameraNb:0,HeSaiNb:0,ARS410Nb:0
2026/08/02 21:35:36:732---->
heightOffset:0,1785677736732,244864,selfCaliBufCnt:0,selfAccObjCnt:0,selfAccAngle:0,installHAngleOffset:0,Interpolation:0,installVAngleOffset:0,radarOffsetH:0,radarOffsetV:0.32,Polynom:-0.001023;-0.0511;-2.047;0;0;0;-0.001023;-0.0511;-2.047;-25.5;0;0,WheelDirection:0;0;0;0,selfAngleOffset:0,selfAngleOffsetPit:0,currCaliAngleHrz:0,currCaliAnglePit:0,selfCaliAngleHrz:0,selfCaliAnglePit:0,servCaliAngleHrz:0,servCaliAnglePit:0,offlineCaliAngleHrz:0,offlineCaliAnglePit:0,determine2useFlag:0,IMU_Z_Accel:-21.592,IMU_X_AngularRate:-2.093,IMU_Y_AngularRate:-2.093,IMU_RollAngle:-180,IMU_PitchAngle:-180,IMU_YawAngle:-180,FcwID:0,FCWWarningLevel:0,FCWTTC:0
0,1.98,0,16.55,38,0,0,0,7.7,1.25452e-34,0,0,0,-7,0,0,0,0,-0.00229183,0,0,0,0,0,0,0,0,0,1,87,61,0,0.00034,0.00034,3,5,0,0,0,0,0,0,0,0,0,0,1,0,0,0,0,0,0,0,0,0,0,,0,0,0,0,
1,2.85,0,-7.1,29.5,0,0,0,-9.3,0,0,0,0,-17.5,0,0,0,0,-0.00229183,0,0,0,0,0,0,0,0,0,1,78,61,0,0.00034,0.00034,3,5,0,0,0,0,0,0,0,0,0,0,1,0,0,0,0,0,0,0,0,0,0,,0,0,0,0,
2,3.37,0,14.7,40,0,0,0,4.8,0,0,0,0,-5.5,0,0,0,0,-0.00229183,0,0,0,0,0,0,0,0,0,1,88,61,0,0.00034,0.00034,3,0,0,0,0,0,0,0,0,0,0,0,1,0,0,0,0,0,0,0,0,0,0,,0,0,0,0,
3,5.41,0,11.15,23.5,0,0,0,11.55,0,0,0,0,-25,0,0,0,0,-0.00229183,0,0,0,0,0,0,0,0,0,1,69,61,0,0.00034,0.00034,3,5,0,0,0,0,0,0,0,0,0,0,1,0,0,0,0,0,0,0,0,0,0,,0,0,0,0,
4,5.74,0,14.15,28.5,0,0,0,-0.85,0,0,0,0,-19,0,0,0,0,-0.00229183,0,0,0,0,0,0,0,0,0,1,74,61,0,0.00034,0.00034,3,5,0,0,0,0,0,0,0,0,0,0,1,0,0,0,0,0,0,0,0,0,0,,0,0,0,0,
5,6.21,0,17.3,28.5,0,0,0,-2.75,0,0,0,0,-16,0,0,0,0,-0.00229183,0,0,0,0,0,0,0,0,0,1,74,61,0,0.00034,0.00034,3,5,0,0,0,0,0,0,0,0,0,0,1,0,0,0,0,0,0,0,0,0,0,,0,0,0,0,
END,Total:6
START,FrameNb:114,CameraNb:0,HeSaiNb:0,ARS410Nb:0
2026/08/02 21:35:36:774---->
heightOffset:0,1785677736774,244924,selfCaliBufCnt:0,selfAccObjCnt:0,selfAccAngle:0,installHAngleOffset:0,Interpolation:0,installVAngleOffset:0,radarOffsetH:0,radarOffsetV:0.32,Polynom:-0.001023;-0.0511;-2.047;0;0;0;-0.001023;-0.0511;-2.047;-25.5;0;0,WheelDirection:0;0;0;0,selfAngleOffset:0,selfAngleOffsetPit:0,currCaliAngleHrz:0,currCaliAnglePit:0,selfCaliAngleHrz:0,selfCaliAnglePit:0,servCaliAngleHrz:0,servCaliAnglePit:0,offlineCaliAngleHrz:0,offlineCaliAnglePit:0,determine2useFlag:0,IMU_Z_Accel:-21.592,IMU_X_AngularRate:-2.093,IMU_Y_AngularRate:-2.093,IMU_RollAngle:-180,IMU_PitchAngle:-180,IMU_YawAngle:-180,FcwID:0,FCWWarningLevel:0,FCWTTC:0
0,1.99,0,16.55,38,0,0,0,7.7,1.25452e-34,0,0,0,-7,0,0,0,0,-0.00229183,0,0,0,0,0,0,0,0,0,1,87,58,0,0.00034,0.00034,3,5,0,0,0,0,0,0,0,0,0,0,1,0,1,0,0,0,0,0,0,0,0,,0,0,0,0,
1,2.89,0,-7.1,29.5,0,0,0,-15,0,0,0,0,-17.5,0,0,0,0,-0.00229183,0,0,0,0,0,0,0,0,0,1,78,58,0,0.00034,0.00034,3,5,0,0,0,0,0,0,0,0,0,0,1,0,1,0,0,0,0,0,0,0,0,,0,0,0,0,
2,3.36,0,14.45,40,0,0,0,4.4,0,0,0,0,-5.5,0,0,0,0,-0.00229183,0,0,0,0,0,0,0,0,0,1,89,58,0,0.00034,0.00034,3,0,0,0,0,0,0,0,0,0,0,0,1,0,1,0,0,0,0,0,0,0,0,,0,0,0,0,
3,5.38,0,11.15,23.5,0,0,0,-1.8,0,0,0,0,-25,0,0,0,0,-0.00229183,0,0,0,0,0,0,0,0,0,1,69,58,0,0.00034,0.00034,3,5,0,0,0,0,0,0,0,0,0,0,1,0,1,0,0,0,0,0,0,0,0,,0,0,0,0,
4,5.73,0,14.05,28.5,0,0,0,-1,0,0,0,0,-19,0,0,0,0,-0.00229183,0,0,0,0,0,0,0,0,0,1,73,58,0,0.00034,0.00034,3,5,0,0,0,0,0,0,0,0,0,0,1,0,1,0,0,0,0,0,0,0,0,,0,0,0,0,
5,6.2,0,17.3,28.5,0,0,0,-2.75,0,0,0,0,-16,0,0,0,0,-0.00229183,0,0,0,0,0,0,0,0,0,1,74,58,0,0.00034,0.00034,3,5,0,0,0,0,0,0,0,0,0,0,1,0,1,0,0,0,0,0,0,0,0,,0,0,0,0,
END,Total:6
START,FrameNb:115,CameraNb:0,HeSaiNb:0,ARS410Nb:0
2026/08/02 21:35:36:821---->
heightOffset:0,1785677736821,244980,selfCaliBufCnt:0,selfAccObjCnt:0,selfAccAngle:0,installHAngleOffset:0,Interpolation:0,installVAngleOffset:0,radarOffsetH:0,radarOffsetV:0.32,Polynom:-0.001023;-0.0511;-2.047;0;0;0;-0.001023;-0.0511;-2.047;-25.5;0;0,WheelDirection:0;0;0;0,selfAngleOffset:0,selfAngleOffsetPit:0,currCaliAngleHrz:0,currCaliAnglePit:0,selfCaliAngleHrz:0,selfCaliAnglePit:0,servCaliAngleHrz:0,servCaliAnglePit:0,offlineCaliAngleHrz:0,offlineCaliAnglePit:0,determine2useFlag:0,IMU_Z_Accel:-21.592,IMU_X_AngularRate:-2.093,IMU_Y_AngularRate:-2.093,IMU_RollAngle:-180,IMU_PitchAngle:-180,IMU_YawAngle:-180,FcwID:0,FCWWarningLevel:0,FCWTTC:0
0,1.98,0,16.55,38,0,0,0,7.7,1.25452e-34,0,0,0,-7,0,0,0,0,-0.00229183,0,0,0,0,0,0,0,0,0,1,87,58,0,0.00034,0.00034,3,5,0,0,0,0,0,0,0,0,0,0,1,0,0,0,0,0,0,0,0,0,0,,0,0,0,0,
1,2.96,0,-7.05,29.5,0,0,0,-9.45,0,0,0,0,-18,0,0,0,0,-0.00229183,0,0,0,0,0,0,0,0,0,1,78,58,0,0.00034,0.00034,3,5,0,0,0,0,0,0,0,0,0,0,1,0,0,0,0,0,0,0,0,0,0,,0,0,0,0,
2,3.36,0,14.5,40,0,0,0,4.4,0,0,0,0,-5.5,0,0,0,0,-0.00229183,0,0,0,0,0,0,0,0,0,1,89,58,0,0.00034,0.00034,3,0,0,0,0,0,0,0,0,0,0,0,1,0,0,0,0,0,0,0,0,0,0,,0,0,0,0,
3,5.36,0,11.15,24,0,0,0,11.25,0,0,0,0,-25,0,0,0,0,-0.00229183,0,0,0,0,0,0,0,0,0,1,69,58,0,0.00034,0.00034,3,5,0,0,0,0,0,0,0,0,0,0,1,0,0,0,0,0,0,0,0,0,0,,0,0,0,0,
4,5.74,0,-46.3,28.5,0,0,0,5.95,0,0,0,0,-1.5,0,0,0,0,-0.00229183,0,0,0,0,0,0,0,0,0,1,74,58,0,0.00034,0.00034,3,5,0,0,0,0,0,0,0,0,0,0,1,0,0,0,0,0,0,0,0,0,0,,0,0,0,0,
5,6.2,0,17.3,28.5,0,0,0,-2.7,0,0,0,0,-16,0,0,0,0,-0.00229183,0,0,0,0,0,0,0,0,0,1,74,58,0,0.00034,0.00034,3,5,0,0,0,0,0,0,0,0,0,0,1,0,0,0,0,0,0,0,0,0,0,,0,0,0,0,
END,Total:6
START,FrameNb:116,CameraNb:0,HeSaiNb:0,ARS410Nb:0
2026/08/02 21:35:36:866---->
heightOffset:0,1785677736866,245036,selfCaliBufCnt:0,selfAccObjCnt:0,selfAccAngle:0,installHAngleOffset:0,Interpolation:0,installVAngleOffset:0,radarOffsetH:0,radarOffsetV:0.32,Polynom:-0.001023;-0.0511;-2.047;0;0;0;-0.001023;-0.0511;-2.047;-25.5;0;0,WheelDirection:0;0;0;0,selfAngleOffset:0,selfAngleOffsetPit:0,currCaliAngleHrz:0,currCaliAnglePit:0,selfCaliAngleHrz:0,selfCaliAnglePit:0,servCaliAngleHrz:0,servCaliAnglePit:0,offlineCaliAngleHrz:0,offlineCaliAnglePit:0,determine2useFlag:0,IMU_Z_Accel:-21.592,IMU_X_AngularRate:-2.093,IMU_Y_AngularRate:-2.093,IMU_RollAngle:-180,IMU_PitchAngle:-180,IMU_YawAngle:-180,FcwID:0,FCWWarningLevel:0,FCWTTC:0
0,1.99,0,16.55,37.5,0,0,0,7.65,1.25452e-34,0,0,0,-7,0,0,0,0,-0.00229183,0,0,0,0,0,0,0,0,0,1,87,54,0,0.00034,0.00034,3,5,0,0,0,0,0,0,0,0,0,0,1,0,1,0,0,0,0,0,0,0,0,,0,0,0,0,
1,2.96,0,-7.05,29.5,0,0,0,-15,0,0,0,0,-18,0,0,0,0,-0.00229183,0,0,0,0,0,0,0,0,0,1,78,54,0,0.00034,0.00034,3,5,0,0,0,0,0,0,0,0,0,0,1,0,1,0,0,0,0,0,0,0,0,,0,0,0,0,
2,3.36,0,14.5,40,0,0,0,4.4,0,0,0,0,-5.5,0,0,0,0,-0.00229183,0,0,0,0,0,0,0,0,0,1,89,54,0,0.00034,0.00034,3,0,0,0,0,0,0,0,0,0,0,0,1,0,1,0,0,0,0,0,0,0,0,,0,0,0,0,
3,5.71,0,-45.95,28.5,0,0,0,5.75,0,0,0,0,-3,0,0,0,0,-0.00229183,0,0,0,0,0,0,0,0,0,1,73,54,0,0.00034,0.00034,3,5,0,0,0,0,0,0,0,0,0,0,1,0,1,0,0,0,0,0,0,0,0,,0,0,0,0,
4,6.21,0,17.35,28.5,0,0,0,-2.75,0,0,0,0,-16,0,0,0,0,-0.00229183,0,0,0,0,0,0,0,0,0,1,74,54,0,0.00034,0.00034,3,5,0,0,0,0,0,0,0,0,0,0,1,0,1,0,0,0,0,0,0,0,0,,0,0,0,0,
END,Total:5
START,FrameNb:117,CameraNb:0,HeSaiNb:0,ARS410Nb:0
2026/08/02 21:35:36:926---->
heightOffset:0,1785677736926,245092,selfCaliBufCnt:0,selfAccObjCnt:0,selfAccAngle:0,installHAngleOffset:0,Interpolation:0,installVAngleOffset:0,radarOffsetH:0,radarOffsetV:0.32,Polynom:-0.001023;-0.0511;-2.047;0;0;0;-0.001023;-0.0511;-2.047;-25.5;0;0,WheelDirection:0;0;0;0,selfAngleOffset:0,selfAngleOffsetPit:0,currCaliAngleHrz:0,currCaliAnglePit:0,selfCaliAngleHrz:0,selfCaliAnglePit:0,servCaliAngleHrz:0,servCaliAnglePit:0,offlineCaliAngleHrz:0,offlineCaliAnglePit:0,determine2useFlag:0,IMU_Z_Accel:-21.592,IMU_X_AngularRate:-2.093,IMU_Y_AngularRate:-2.093,IMU_RollAngle:-180,IMU_PitchAngle:-180,IMU_YawAngle:-180,FcwID:0,FCWWarningLevel:0,FCWTTC:0
0,1.98,0,16.55,37.5,0,0,0,7.65,1.25452e-34,0,0,0,-7,0,0,0,0,-0.00229183,0,0,0,0,0,0,0,0,0,1,87,58,0,0.00034,0.00034,3,5,0,0,0,0,0,0,0,0,0,0,1,0,0,0,0,0,0,0,0,0,0,,0,0,0,0,
1,2.95,0,-7.05,29,0,0,0,-9.25,0,0,0,0,-18,0,0,0,0,-0.00229183,0,0,0,0,0,0,0,0,0,1,78,58,0,0.00034,0.00034,3,5,0,0,0,0,0,0,0,0,0,0,1,0,0,0,0,0,0,0,0,0,0,,0,0,0,0,
2,3.36,0,14.5,40,0,0,0,4.3,0,0,0,0,-5.5,0,0,0,0,-0.00229183,0,0,0,0,0,0,0,0,0,1,89,58,0,0.00034,0.00034,3,0,0,0,0,0,0,0,0,0,0,0,1,0,0,0,0,0,0,0,0,0,0,,0,0,0,0,
3,5.41,0,11.2,23.5,0,0,0,10.75,0,0,0,0,-25,0,0,0,0,-0.00229183,0,0,0,0,0,0,0,0,0,1,68,58,0,0.00034,0.00034,3,5,0,0,0,0,0,0,0,0,0,0,1,0,0,0,0,0,0,0,0,0,0,,0,0,0,0,
4,5.75,0,14.2,28.5,0,0,0,-0.85,0,0,0,0,-19,0,0,0,0,-0.00229183,0,0,0,0,0,0,0,0,0,1,73,58,0,0.00034,0.00034,3,5,0,0,0,0,0,0,0,0,0,0,1,0,0,0,0,0,0,0,0,0,0,,0,0,0,0,
5,6.21,0,17.4,28.5,0,0,0,-2.75,0,0,0,0,-16,0,0,0,0,-0.00229183,0,0,0,0,0,0,0,0,0,1,74,58,0,0.00034,0.00034,3,5,0,0,0,0,0,0,0,0,0,0,1,0,0,0,0,0,0,0,0,0,0,,0,0,0,0,
END,Total:6
START,FrameNb:118,CameraNb:0,HeSaiNb:0,ARS410Nb:0
2026/08/02 21:35:37:036---->
heightOffset:0,1785677737036,245148,selfCaliBufCnt:0,selfAccObjCnt:0,selfAccAngle:0,installHAngleOffset:0,Interpolation:0,installVAngleOffset:0,radarOffsetH:0,radarOffsetV:0.32,Polynom:-0.001023;-0.0511;-2.047;0;0;0;-0.001023;-0.0511;-2.047;-25.5;0;0,WheelDirection:0;0;0;0,selfAngleOffset:0,selfAngleOffsetPit:0,currCaliAngleHrz:0,currCaliAnglePit:0,selfCaliAngleHrz:0,selfCaliAnglePit:0,servCaliAngleHrz:0,servCaliAnglePit:0,offlineCaliAngleHrz:0,offlineCaliAnglePit:0,determine2useFlag:0,IMU_Z_Accel:-21.592,IMU_X_AngularRate:-2.093,IMU_Y_AngularRate:-2.093,IMU_RollAngle:-180,IMU_PitchAngle:-180,IMU_YawAngle:-180,FcwID:0,FCWWarningLevel:0,FCWTTC:0
0,1.99,0,16.55,37.5,0,0,0,7.7,1.25452e-34,0,0,0,-7,0,0,0,0,-0.00229183,0,0,0,0,0,0,0,0,0,1,87,53,0,0.00034,0.00034,3,5,0,0,0,0,0,0,0,0,0,0,1,0,1,0,0,0,0,0,0,0,0,,0,0,0,0,
1,2.94,0,-7.05,29,0,0,0,-15,0,0,0,0,-18,0,0,0,0,-0.00229183,0,0,0,0,0,0,0,0,0,1,78,53,0,0.00034,0.00034,3,5,0,0,0,0,0,0,0,0,0,0,1,0,1,0,0,0,0,0,0,0,0,,0,0,0,0,
2,3.36,0,14.5,40,0,0,0,4.3,0,0,0,0,-5.5,0,0,0,0,-0.00229183,0,0,0,0,0,0,0,0,0,1,88,53,0,0.00034,0.00034,3,0,0,0,0,0,0,0,0,0,0,0,1,0,1,0,0,0,0,0,0,0,0,,0,0,0,0,
3,5.74,0,-45.9,28,0,0,0,5.9,0,0,0,0,-3,0,0,0,0,-0.00229183,0,0,0,0,0,0,0,0,0,1,73,53,0,0.00034,0.00034,3,5,0,0,0,0,0,0,0,0,0,0,1,0,1,0,0,0,0,0,0,0,0,,0,0,0,0,
4,6.21,0,17.35,28.5,0,0,0,-2.7,0,0,0,0,-16,0,0,0,0,-0.00229183,0,0,0,0,0,0,0,0,0,1,74,53,0,0.00034,0.00034,3,5,0,0,0,0,0,0,0,0,0,0,1,0,1,0,0,0,0,0,0,0,0,,0,0,0,0,
END,Total:5
START,FrameNb:119,CameraNb:0,HeSaiNb:0,ARS410Nb:0
2026/08/02 21:35:37:080---->
heightOffset:0,1785677737080,245200,selfCaliBufCnt:0,selfAccObjCnt:0,selfAccAngle:0,installHAngleOffset:0,Interpolation:0,installVAngleOffset:0,radarOffsetH:0,radarOffsetV:0.32,Polynom:-0.001023;-0.0511;-2.047;0;0;0;-0.001023;-0.0511;-2.047;-25.5;0;0,WheelDirection:0;0;0;0,selfAngleOffset:0,selfAngleOffsetPit:0,currCaliAngleHrz:0,currCaliAnglePit:0,selfCaliAngleHrz:0,selfCaliAnglePit:0,servCaliAngleHrz:0,servCaliAnglePit:0,offlineCaliAngleHrz:0,offlineCaliAnglePit:0,determine2useFlag:0,IMU_Z_Accel:-21.592,IMU_X_AngularRate:-2.093,IMU_Y_AngularRate:-2.093,IMU_RollAngle:-180,IMU_PitchAngle:-180,IMU_YawAngle:-180,FcwID:0,FCWWarningLevel:0,FCWTTC:0
0,1.98,0,16.55,38,0,0,0,7.65,1.25452e-34,0,0,0,-7,0,0,0,0,-0.00229183,0,0,0,0,0,0,0,0,0,1,87,57,0,0.00034,0.00034,3,5,0,0,0,0,0,0,0,0,0,0,1,0,0,0,0,0,0,0,0,0,0,,0,0,0,0,
1,2.94,0,-7.1,29,0,0,0,-9.25,0,0,0,0,-18,0,0,0,0,-0.00229183,0,0,0,0,0,0,0,0,0,1,78,57,0,0.00034,0.00034,3,5,0,0,0,0,0,0,0,0,0,0,1,0,0,0,0,0,0,0,0,0,0,,0,0,0,0,
2,3.36,0,14.5,40,0,0,0,4.3,0,0,0,0,-5.5,0,0,0,0,-0.00229183,0,0,0,0,0,0,0,0,0,1,88,57,0,0.00034,0.00034,3,0,0,0,0,0,0,0,0,0,0,0,1,0,0,0,0,0,0,0,0,0,0,,0,0,0,0,
3,5.41,0,11.35,23.5,0,0,0,11.4,0,0,0,0,-25,0,0,0,0,-0.00229183,0,0,0,0,0,0,0,0,0,1,69,57,0,0.00034,0.00034,3,5,0,0,0,0,0,0,0,0,0,0,1,0,0,0,0,0,0,0,0,0,0,,0,0,0,0,
4,5.77,0,14.2,28.5,0,0,0,-0.95,0,0,0,0,-19,0,0,0,0,-0.00229183,0,0,0,0,0,0,0,0,0,1,73,57,0,0.00034,0.00034,3,5,0,0,0,0,0,0,0,0,0,0,1,0,0,0,0,0,0,0,0,0,0,,0,0,0,0,
5,6.21,0,17.3,29,0,0,0,-2.75,0,0,0,0,-16,0,0,0,0,-0.00229183,0,0,0,0,0,0,0,0,0,1,74,57,0,0.00034,0.00034,3,5,0,0,0,0,0,0,0,0,0,0,1,0,0,0,0,0,0,0,0,0,0,,0,0,0,0,
END,Total:6
START,FrameNb:120,CameraNb:0,HeSaiNb:0,ARS410Nb:0
2026/08/02 21:35:37:116---->
heightOffset:0,1785677737116,245260,selfCaliBufCnt:0,selfAccObjCnt:0,selfAccAngle:0,installHAngleOffset:0,Interpolation:0,installVAngleOffset:0,radarOffsetH:0,radarOffsetV:0.32,Polynom:-0.001023;-0.0511;-2.047;0;0;0;-0.001023;-0.0511;-2.047;-25.5;0;0,WheelDirection:0;0;0;0,selfAngleOffset:0,selfAngleOffsetPit:0,currCaliAngleHrz:0,currCaliAnglePit:0,selfCaliAngleHrz:0,selfCaliAnglePit:0,servCaliAngleHrz:0,servCaliAnglePit:0,offlineCaliAngleHrz:0,offlineCaliAnglePit:0,determine2useFlag:0,IMU_Z_Accel:-21.592,IMU_X_AngularRate:-2.093,IMU_Y_AngularRate:-2.093,IMU_RollAngle:-180,IMU_PitchAngle:-180,IMU_YawAngle:-180,FcwID:0,FCWWarningLevel:0,FCWTTC:0
0,1.99,0,16.55,37.5,0,0,0,7.65,1.25452e-34,0,0,0,-7,0,0,0,0,-0.00229183,0,0,0,0,0,0,0,0,0,1,87,53,0,0.00034,0.00034,3,5,0,0,0,0,0,0,0,0,0,0,1,0,1,0,0,0,0,0,0,0,0,,0,0,0,0,
1,2.95,0,-7.1,29,0,0,0,-15,0,0,0,0,-18,0,0,0,0,-0.00229183,0,0,0,0,0,0,0,0,0,1,78,53,0,0.00034,0.00034,3,5,0,0,0,0,0,0,0,0,0,0,1,0,1,0,0,0,0,0,0,0,0,,0,0,0,0,
2,3.36,0,14.5,40,0,0,0,4.4,0,0,0,0,-5.5,0,0,0,0,-0.00229183,0,0,0,0,0,0,0,0,0,1,88,53,0,0.00034,0.00034,3,0,0,0,0,0,0,0,0,0,0,0,1,0,1,0,0,0,0,0,0,0,0,,0,0,0,0,
3,5.37,0,11.4,23.5,0,0,0,11.95,0,0,0,0,-25,0,0,0,0,-0.00229183,0,0,0,0,0,0,0,0,0,1,69,53,0,0.00034,0.00034,3,5,0,0,0,0,0,0,0,0,0,0,1,0,1,0,0,0,0,0,0,0,0,,0,0,0,0,
4,5.75,0,-45.55,28.5,0,0,0,5.8,0,0,0,0,-3,0,0,0,0,-0.00229183,0,0,0,0,0,0,0,0,0,1,73,53,0,0.00034,0.00034,3,5,0,0,0,0,0,0,0,0,0,0,1,0,1,0,0,0,0,0,0,0,0,,0,0,0,0,
5,6.19,0,17.3,28.5,0,0,0,-2.75,0,0,0,0,-16,0,0,0,0,-0.00229183,0,0,0,0,0,0,0,0,0,1,74,53,0,0.00034,0.00034,3,5,0,0,0,0,0,0,0,0,0,0,1,0,1,0,0,0,0,0,0,0,0,,0,0,0,0,
END,Total:6
START,FrameNb:121,CameraNb:0,HeSaiNb:0,ARS410Nb:0
2026/08/02 21:35:37:171---->
heightOffset:0,1785677737171,245320,selfCaliBufCnt:0,selfAccObjCnt:0,selfAccAngle:0,installHAngleOffset:0,Interpolation:0,installVAngleOffset:0,radarOffsetH:0,radarOffsetV:0.32,Polynom:-0.001023;-0.0511;-2.047;0;0;0;-0.001023;-0.0511;-2.047;-25.5;0;0,WheelDirection:0;0;0;0,selfAngleOffset:0,selfAngleOffsetPit:0,currCaliAngleHrz:0,currCaliAnglePit:0,selfCaliAngleHrz:0,selfCaliAnglePit:0,servCaliAngleHrz:0,servCaliAnglePit:0,offlineCaliAngleHrz:0,offlineCaliAnglePit:0,determine2useFlag:0,IMU_Z_Accel:-21.592,IMU_X_AngularRate:-2.093,IMU_Y_AngularRate:-2.093,IMU_RollAngle:-180,IMU_PitchAngle:-180,IMU_YawAngle:-180,FcwID:0,FCWWarningLevel:0,FCWTTC:0
0,1.98,0,16.55,37.5,0,0,0,7.65,1.25452e-34,0,0,0,-7,0,0,0,0,-0.00229183,0,0,0,0,0,0,0,0,0,1,87,65,0,0.00034,0.00034,3,5,0,0,0,0,0,0,0,0,0,0,1,0,0,0,0,0,0,0,0,0,0,,0,0,0,0,
1,2.95,0,-7.1,29,0,0,0,-9.05,0,0,0,0,-18,0,0,0,0,-0.00229183,0,0,0,0,0,0,0,0,0,1,78,65,0,0.00034,0.00034,3,5,0,0,0,0,0,0,0,0,0,0,1,0,0,0,0,0,0,0,0,0,0,,0,0,0,0,
2,3.36,0,14.45,40,0,0,0,4.4,0,0,0,0,-5.5,0,0,0,0,-0.00229183,0,0,0,0,0,0,0,0,0,1,89,65,0,0.00034,0.00034,3,0,0,0,0,0,0,0,0,0,0,0,1,0,0,0,0,0,0,0,0,0,0,,0,0,0,0,
3,5.36,0,11.4,23.5,0,0,0,11.55,0,0,0,0,-25,0,0,0,0,-0.00229183,0,0,0,0,0,0,0,0,0,1,69,65,0,0.00034,0.00034,3,5,0,0,0,0,0,0,0,0,0,0,1,0,0,0,0,0,0,0,0,0,0,,0,0,0,0,
4,5.76,0,14.2,28.5,0,0,0,-0.7,0,0,0,0,-19,0,0,0,0,-0.00229183,0,0,0,0,0,0,0,0,0,1,73,65,0,0.00034,0.00034,3,5,0,0,0,0,0,0,0,0,0,0,1,0,0,0,0,0,0,0,0,0,0,,0,0,0,0,
5,6.17,0,17.15,28.5,0,0,0,-2.45,0,0,0,0,-16,0,0,0,0,-0.00229183,0,0,0,0,0,0,0,0,0,1,74,65,0,0.00034,0.00034,3,5,0,0,0,0,0,0,0,0,0,0,1,0,0,0,0,0,0,0,0,0,0,,0,0,0,0,
END,Total:6
START,FrameNb:122,CameraNb:0,HeSaiNb:0,ARS410Nb:0
2026/08/02 21:35:37:218---->
heightOffset:0,1785677737218,245380,selfCaliBufCnt:0,selfAccObjCnt:0,selfAccAngle:0,installHAngleOffset:0,Interpolation:0,installVAngleOffset:0,radarOffsetH:0,radarOffsetV:0.32,Polynom:-0.001023;-0.0511;-2.047;0;0;0;-0.001023;-0.0511;-2.047;-25.5;0;0,WheelDirection:0;0;0;0,selfAngleOffset:0,selfAngleOffsetPit:0,currCaliAngleHrz:0,currCaliAnglePit:0,selfCaliAngleHrz:0,selfCaliAnglePit:0,servCaliAngleHrz:0,servCaliAnglePit:0,offlineCaliAngleHrz:0,offlineCaliAnglePit:0,determine2useFlag:0,IMU_Z_Accel:-21.592,IMU_X_AngularRate:-2.093,IMU_Y_AngularRate:-2.093,IMU_RollAngle:-180,IMU_PitchAngle:-180,IMU_YawAngle:-180,FcwID:0,FCWWarningLevel:0,FCWTTC:0
0,1.99,0,16.55,37.5,0,0,0,7.65,1.25452e-34,0,0,0,-7,0,0,0,0,-0.00229183,0,0,0,0,0,0,0,0,0,1,87,56,0,0.00034,0.00034,3,5,0,0,0,0,0,0,0,0,0,0,1,0,1,0,0,0,0,0,0,0,0,,0,0,0,0,
1,2.94,0,-7.15,29,0,0,0,-15,0,0,0,0,-18,0,0,0,0,-0.00229183,0,0,0,0,0,0,0,0,0,1,78,56,0,0.00034,0.00034,3,5,0,0,0,0,0,0,0,0,0,0,1,0,1,0,0,0,0,0,0,0,0,,0,0,0,0,
2,3.36,0,14.45,40,0,0,0,4.45,0,0,0,0,-5.5,0,0,0,0,-0.00229183,0,0,0,0,0,0,0,0,0,1,89,56,0,0.00034,0.00034,3,0,0,0,0,0,0,0,0,0,0,0,1,0,1,0,0,0,0,0,0,0,0,,0,0,0,0,
3,5.39,0,11.4,23.5,0,0,0,11.95,0,0,0,0,-25,0,0,0,0,-0.00229183,0,0,0,0,0,0,0,0,0,1,69,56,0,0.00034,0.00034,3,5,0,0,0,0,0,0,0,0,0,0,1,0,1,0,0,0,0,0,0,0,0,,0,0,0,0,
4,5.73,0,14.05,28.5,0,0,0,-0.8,0,0,0,0,-19,0,0,0,0,-0.00229183,0,0,0,0,0,0,0,0,0,1,73,56,0,0.00034,0.00034,3,5,0,0,0,0,0,0,0,0,0,0,1,0,1,0,0,0,0,0,0,0,0,,0,0,0,0,
5,6.17,0,17.3,29,0,0,0,-2.7,0,0,0,0,-16,0,0,0,0,-0.00229183,0,0,0,0,0,0,0,0,0,1,74,56,0,0.00034,0.00034,3,5,0,0,0,0,0,0,0,0,0,0,1,0,1,0,0,0,0,0,0,0,0,,0,0,0,0,
END,Total:6
START,FrameNb:123,CameraNb:0,HeSaiNb:0,ARS410Nb:0
2026/08/02 21:35:37:269---->
heightOffset:0,1785677737269,245432,selfCaliBufCnt:0,selfAccObjCnt:0,selfAccAngle:0,installHAngleOffset:0,Interpolation:0,installVAngleOffset:0,radarOffsetH:0,radarOffsetV:0.32,Polynom:-0.001023;-0.0511;-2.047;0;0;0;-0.001023;-0.0511;-2.047;-25.5;0;0,WheelDirection:0;0;0;0,selfAngleOffset:0,selfAngleOffsetPit:0,currCaliAngleHrz:0,currCaliAnglePit:0,selfCaliAngleHrz:0,selfCaliAnglePit:0,servCaliAngleHrz:0,servCaliAnglePit:0,offlineCaliAngleHrz:0,offlineCaliAnglePit:0,determine2useFlag:0,IMU_Z_Accel:-21.592,IMU_X_AngularRate:-2.093,IMU_Y_AngularRate:-2.093,IMU_RollAngle:-180,IMU_PitchAngle:-180,IMU_YawAngle:-180,FcwID:0,FCWWarningLevel:0,FCWTTC:0
0,1.98,0,16.55,38,0,0,0,7.7,1.25452e-34,0,0,0,-7,0,0,0,0,-0.00229183,0,0,0,0,0,0,0,0,0,1,87,57,0,0.00034,0.00034,3,5,0,0,0,0,0,0,0,0,0,0,1,0,0,0,0,0,0,0,0,0,0,,0,0,0,0,
1,2.95,0,-7.2,29,0,0,0,-8.8,0,0,0,0,-18,0,0,0,0,-0.00229183,0,0,0,0,0,0,0,0,0,1,78,57,0,0.00034,0.00034,3,7,0,0,0,0,0,0,0,0,0,0,1,0,0,0,0,0,0,0,0,0,0,,0,0,0,0,
2,3.37,0,14.45,40,0,0,0,4.45,0,0,0,0,-5.5,0,0,0,0,-0.00229183,0,0,0,0,0,0,0,0,0,1,89,57,0,0.00034,0.00034,3,0,0,0,0,0,0,0,0,0,0,0,1,0,0,0,0,0,0,0,0,0,0,,0,0,0,0,
3,5.39,0,11.3,24,0,0,0,-0.95,0,0,0,0,-24.5,0,0,0,0,-0.00229183,0,0,0,0,0,0,0,0,0,1,69,57,0,0.00034,0.00034,3,5,0,0,0,0,0,0,0,0,0,0,1,0,0,0,0,0,0,0,0,0,0,,0,0,0,0,
4,5.7,0,13.95,29,0,0,0,-0.85,0,0,0,0,-18.5,0,0,0,0,-0.00229183,0,0,0,0,0,0,0,0,0,1,74,57,0,0.00034,0.00034,3,5,0,0,0,0,0,0,0,0,0,0,1,0,0,0,0,0,0,0,0,0,0,,0,0,0,0,
5,6.21,0,17.2,28.5,0,0,0,-2.3,0,0,0,0,-16,0,0,0,0,-0.00229183,0,0,0,0,0,0,0,0,0,1,74,57,0,0.00034,0.00034,3,5,0,0,0,0,0,0,0,0,0,0,1,0,0,0,0,0,0,0,0,0,0,,0,0,0,0,
END,Total:6
START,FrameNb:124,CameraNb:0,HeSaiNb:0,ARS410Nb:0
2026/08/02 21:35:37:313---->
heightOffset:0,1785677737313,245488,selfCaliBufCnt:0,selfAccObjCnt:0,selfAccAngle:0,installHAngleOffset:0,Interpolation:0,installVAngleOffset:0,radarOffsetH:0,radarOffsetV:0.32,Polynom:-0.001023;-0.0511;-2.047;0;0;0;-0.001023;-0.0511;-2.047;-25.5;0;0,WheelDirection:0;0;0;0,selfAngleOffset:0,selfAngleOffsetPit:0,currCaliAngleHrz:0,currCaliAnglePit:0,selfCaliAngleHrz:0,selfCaliAnglePit:0,servCaliAngleHrz:0,servCaliAnglePit:0,offlineCaliAngleHrz:0,offlineCaliAnglePit:0,determine2useFlag:0,IMU_Z_Accel:-21.592,IMU_X_AngularRate:-2.093,IMU_Y_AngularRate:-2.093,IMU_RollAngle:-180,IMU_PitchAngle:-180,IMU_YawAngle:-180,FcwID:0,FCWWarningLevel:0,FCWTTC:0
0,1.98,0,16.55,37.5,0,0,0,7.7,1.25452e-34,0,0,0,-7,0,0,0,0,-0.00229183,0,0,0,0,0,0,0,0,0,1,87,54,0,0.00034,0.00034,3,5,0,0,0,0,0,0,0,0,0,0,1,0,1,0,0,0,0,0,0,0,0,,0,0,0,0,
1,2.96,0,-7.2,29,0,0,0,-15,0,0,0,0,-18,0,0,0,0,-0.00229183,0,0,0,0,0,0,0,0,0,1,78,54,0,0.00034,0.00034,3,7,0,0,0,0,0,0,0,0,0,0,1,0,1,0,0,0,0,0,0,0,0,,0,0,0,0,
2,3.37,0,14.45,40,0,0,0,4.45,0,0,0,0,-5.5,0,0,0,0,-0.00229183,0,0,0,0,0,0,0,0,0,1,89,54,0,0.00034,0.00034,3,0,0,0,0,0,0,0,0,0,0,0,1,0,1,0,0,0,0,0,0,0,0,,0,0,0,0,
3,5.39,0,11.5,24,0,0,0,11.95,0,0,0,0,-25,0,0,0,0,-0.00229183,0,0,0,0,0,0,0,0,0,1,69,54,0,0.00034,0.00034,3,5,0,0,0,0,0,0,0,0,0,0,1,0,1,0,0,0,0,0,0,0,0,,0,0,0,0,
4,5.68,0,13.9,28.5,0,0,0,-0.95,0,0,0,0,-19,0,0,0,0,-0.00229183,0,0,0,0,0,0,0,0,0,1,74,54,0,0.00034,0.00034,3,5,0,0,0,0,0,0,0,0,0,0,1,0,1,0,0,0,0,0,0,0,0,,0,0,0,0,
5,6.21,0,17.15,29,0,0,0,-2.3,0,0,0,0,-16,0,0,0,0,-0.00229183,0,0,0,0,0,0,0,0,0,1,74,54,0,0.00034,0.00034,3,5,0,0,0,0,0,0,0,0,0,0,1,0,1,0,0,0,0,0,0,0,0,,0,0,0,0,
END,Total:6
START,FrameNb:125,CameraNb:0,HeSaiNb:0,ARS410Nb:0
2026/08/02 21:35:37:424---->
heightOffset:0,1785677737424,245544,selfCaliBufCnt:0,selfAccObjCnt:0,selfAccAngle:0,installHAngleOffset:0,Interpolation:0,installVAngleOffset:0,radarOffsetH:0,radarOffsetV:0.32,Polynom:-0.001023;-0.0511;-2.047;0;0;0;-0.001023;-0.0511;-2.047;-25.5;0;0,WheelDirection:0;0;0;0,selfAngleOffset:0,selfAngleOffsetPit:0,currCaliAngleHrz:0,currCaliAnglePit:0,selfCaliAngleHrz:0,selfCaliAnglePit:0,servCaliAngleHrz:0,servCaliAnglePit:0,offlineCaliAngleHrz:0,offlineCaliAnglePit:0,determine2useFlag:0,IMU_Z_Accel:-21.592,IMU_X_AngularRate:-2.093,IMU_Y_AngularRate:-2.093,IMU_RollAngle:-180,IMU_PitchAngle:-180,IMU_YawAngle:-180,FcwID:0,FCWWarningLevel:0,FCWTTC:0
0,1.98,0,16.55,38,0,0,0,7.7,1.25452e-34,0,0,0,-7,0,0,0,0,-0.00229183,0,0,0,0,0,0,0,0,0,1,87,57,0,0.00034,0.00034,3,5,0,0,0,0,0,0,0,0,0,0,1,0,0,0,0,0,0,0,0,0,0,,0,0,0,0,
1,3.37,0,14.45,40,0,0,0,4.4,0,0,0,0,-5,0,0,0,0,-0.00229183,0,0,0,0,0,0,0,0,0,1,89,57,0,0.00034,0.00034,3,0,0,0,0,0,0,0,0,0,0,0,1,0,0,0,0,0,0,0,0,0,0,,0,0,0,0,
2,5.38,0,-44.85,24,0,0,0,0.45,0,0,0,0,-9,0,0,0,0,-0.00229183,0,0,0,0,0,0,0,0,0,1,69,57,0,0.00034,0.00034,3,5,0,0,0,0,0,0,0,0,0,0,1,0,0,0,0,0,0,0,0,0,0,,0,0,0,0,
3,5.68,0,13.95,28.5,0,0,0,-1,0,0,0,0,-19,0,0,0,0,-0.00229183,0,0,0,0,0,0,0,0,0,1,74,57,0,0.00034,0.00034,3,5,0,0,0,0,0,0,0,0,0,0,1,0,0,0,0,0,0,0,0,0,0,,0,0,0,0,
4,6.22,0,17.1,28.5,0,0,0,-2.45,0,0,0,0,-16,0,0,0,0,-0.00229183,0,0,0,0,0,0,0,0,0,1,74,57,0,0.00034,0.00034,3,5,0,0,0,0,0,0,0,0,0,0,1,0,0,0,0,0,0,0,0,0,0,,0,0,0,0,
END,Total:5
START,FrameNb:126,CameraNb:0,HeSaiNb:0,ARS410Nb:0
2026/08/02 21:35:37:468---->
heightOffset:0,1785677737468,245600,selfCaliBufCnt:0,selfAccObjCnt:0,selfAccAngle:0,installHAngleOffset:0,Interpolation:0,installVAngleOffset:0,radarOffsetH:0,radarOffsetV:0.32,Polynom:-0.001023;-0.0511;-2.047;0;0;0;-0.001023;-0.0511;-2.047;-25.5;0;0,WheelDirection:0;0;0;0,selfAngleOffset:0,selfAngleOffsetPit:0,currCaliAngleHrz:0,currCaliAnglePit:0,selfCaliAngleHrz:0,selfCaliAnglePit:0,servCaliAngleHrz:0,servCaliAnglePit:0,offlineCaliAngleHrz:0,offlineCaliAnglePit:0,determine2useFlag:0,IMU_Z_Accel:-21.592,IMU_X_AngularRate:-2.093,IMU_Y_AngularRate:-2.093,IMU_RollAngle:-180,IMU_PitchAngle:-180,IMU_YawAngle:-180,FcwID:0,FCWWarningLevel:0,FCWTTC:0
0,1.98,0,16.55,38,0,0,0,7.7,1.25452e-34,0,0,0,-7,0,0,0,0,-0.00229183,0,0,0,0,0,0,0,0,0,1,87,54,0,0.00034,0.00034,3,5,0,0,0,0,0,0,0,0,0,0,1,0,1,0,0,0,0,0,0,0,0,,0,0,0,0,
1,3.36,0,14.45,40,0,0,0,4.3,0,0,0,0,-5,0,0,0,0,-0.00229183,0,0,0,0,0,0,0,0,0,1,89,54,0,0.00034,0.00034,3,0,0,0,0,0,0,0,0,0,0,0,1,0,1,0,0,0,0,0,0,0,0,,0,0,0,0,
2,5.34,0,11.5,24,0,0,0,11.9,0,0,0,0,-25,0,0,0,0,-0.00229183,0,0,0,0,0,0,0,0,0,1,69,54,0,0.00034,0.00034,3,5,0,0,0,0,0,0,0,0,0,0,1,0,1,0,0,0,0,0,0,0,0,,0,0,0,0,
3,5.67,0,-45.7,28.5,0,0,0,5.75,0,0,0,0,-3,0,0,0,0,-0.00229183,0,0,0,0,0,0,0,0,0,1,73,54,0,0.00034,0.00034,3,5,0,0,0,0,0,0,0,0,0,0,1,0,1,0,0,0,0,0,0,0,0,,0,0,0,0,
4,6.22,0,17.05,29,0,0,0,-2.7,0,0,0,0,-16,0,0,0,0,-0.00229183,0,0,0,0,0,0,0,0,0,1,74,54,0,0.00034,0.00034,3,5,0,0,0,0,0,0,0,0,0,0,1,0,1,0,0,0,0,0,0,0,0,,0,0,0,0,
END,Total:5
START,FrameNb:127,CameraNb:0,HeSaiNb:0,ARS410Nb:0
2026/08/02 21:35:37:514---->
heightOffset:0,1785677737514,245660,selfCaliBufCnt:0,selfAccObjCnt:0,selfAccAngle:0,installHAngleOffset:0,Interpolation:0,installVAngleOffset:0,radarOffsetH:0,radarOffsetV:0.32,Polynom:-0.001023;-0.0511;-2.047;0;0;0;-0.001023;-0.0511;-2.047;-25.5;0;0,WheelDirection:0;0;0;0,selfAngleOffset:0,selfAngleOffsetPit:0,currCaliAngleHrz:0,currCaliAnglePit:0,selfCaliAngleHrz:0,selfCaliAnglePit:0,servCaliAngleHrz:0,servCaliAnglePit:0,offlineCaliAngleHrz:0,offlineCaliAnglePit:0,determine2useFlag:0,IMU_Z_Accel:-21.592,IMU_X_AngularRate:-2.093,IMU_Y_AngularRate:-2.093,IMU_RollAngle:-180,IMU_PitchAngle:-180,IMU_YawAngle:-180,FcwID:0,FCWWarningLevel:0,FCWTTC:0
0,1.98,0,16.55,37.5,0,0,0,7.7,1.25452e-34,0,0,0,-7,0,0,0,0,-0.00229183,0,0,0,0,0,0,0,0,0,1,87,59,0,0.00034,0.00034,3,5,0,0,0,0,0,0,0,0,0,0,1,0,0,0,0,0,0,0,0,0,0,,0,0,0,0,
1,3.37,0,14.45,40,0,0,0,4.3,0,0,0,0,-5,0,0,0,0,-0.00229183,0,0,0,0,0,0,0,0,0,1,89,59,0,0.00034,0.00034,3,0,0,0,0,0,0,0,0,0,0,0,1,0,0,0,0,0,0,0,0,0,0,,0,0,0,0,
2,5.28,0,11.3,23.5,0,0,0,-1.05,0,0,0,0,-25,0,0,0,0,-0.00229183,0,0,0,0,0,0,0,0,0,1,69,59,0,0.00034,0.00034,3,5,0,0,0,0,0,0,0,0,0,0,1,0,0,0,0,0,0,0,0,0,0,,0,0,0,0,
3,5.72,0,14.2,28.5,0,0,0,-0.85,0,0,0,0,-19,0,0,0,0,-0.00229183,0,0,0,0,0,0,0,0,0,1,73,59,0,0.00034,0.00034,3,5,0,0,0,0,0,0,0,0,0,0,1,0,0,0,0,0,0,0,0,0,0,,0,0,0,0,
4,6.22,0,17.05,28.5,0,0,0,-2.55,0,0,0,0,-16,0,0,0,0,-0.00229183,0,0,0,0,0,0,0,0,0,1,74,59,0,0.00034,0.00034,3,5,0,0,0,0,0,0,0,0,0,0,1,0,0,0,0,0,0,0,0,0,0,,0,0,0,0,
END,Total:5
START,FrameNb:128,CameraNb:0,HeSaiNb:0,ARS410Nb:0
2026/08/02 21:35:37:573---->
heightOffset:0,1785677737573,245720,selfCaliBufCnt:0,selfAccObjCnt:0,selfAccAngle:0,installHAngleOffset:0,Interpolation:0,installVAngleOffset:0,radarOffsetH:0,radarOffsetV:0.32,Polynom:-0.001023;-0.0511;-2.047;0;0;0;-0.001023;-0.0511;-2.047;-25.5;0;0,WheelDirection:0;0;0;0,selfAngleOffset:0,selfAngleOffsetPit:0,currCaliAngleHrz:0,currCaliAnglePit:0,selfCaliAngleHrz:0,selfCaliAnglePit:0,servCaliAngleHrz:0,servCaliAnglePit:0,offlineCaliAngleHrz:0,offlineCaliAnglePit:0,determine2useFlag:0,IMU_Z_Accel:-21.592,IMU_X_AngularRate:-2.093,IMU_Y_AngularRate:-2.093,IMU_RollAngle:-180,IMU_PitchAngle:-180,IMU_YawAngle:-180,FcwID:0,FCWWarningLevel:0,FCWTTC:0
0,1.98,0,16.55,37.5,0,0,0,7.7,1.25452e-34,0,0,0,-7,0,0,0,0,-0.00229183,0,0,0,0,0,0,0,0,0,1,87,58,0,0.00034,0.00034,3,5,0,0,0,0,0,0,0,0,0,0,1,0,1,0,0,0,0,0,0,0,0,,0,0,0,0,
1,3.36,0,14.45,40,0,0,0,4.3,0,0,0,0,-5,0,0,0,0,-0.00229183,0,0,0,0,0,0,0,0,0,1,89,58,0,0.00034,0.00034,3,0,0,0,0,0,0,0,0,0,0,0,1,0,1,0,0,0,0,0,0,0,0,,0,0,0,0,
2,5.3,0,11.45,23.5,0,0,0,-1.1,0,0,0,0,-25,0,0,0,0,-0.00229183,0,0,0,0,0,0,0,0,0,1,69,58,0,0.00034,0.00034,3,5,0,0,0,0,0,0,0,0,0,0,1,0,1,0,0,0,0,0,0,0,0,,0,0,0,0,
3,5.73,0,-45.8,28.5,0,0,0,5.8,0,0,0,0,-3,0,0,0,0,-0.00229183,0,0,0,0,0,0,0,0,0,1,73,58,0,0.00034,0.00034,3,5,0,0,0,0,0,0,0,0,0,0,1,0,1,0,0,0,0,0,0,0,0,,0,0,0,0,
4,6.21,0,17.15,29,0,0,0,-2.45,0,0,0,0,-16,0,0,0,0,-0.00229183,0,0,0,0,0,0,0,0,0,1,74,58,0,0.00034,0.00034,3,5,0,0,0,0,0,0,0,0,0,0,1,0,1,0,0,0,0,0,0,0,0,,0,0,0,0,
END,Total:5
START,FrameNb:129,CameraNb:0,HeSaiNb:0,ARS410Nb:0
2026/08/02 21:35:37:623---->
heightOffset:0,1785677737623,245776,selfCaliBufCnt:0,selfAccObjCnt:0,selfAccAngle:0,installHAngleOffset:0,Interpolation:0,installVAngleOffset:0,radarOffsetH:0,radarOffsetV:0.32,Polynom:-0.001023;-0.0511;-2.047;0;0;0;-0.001023;-0.0511;-2.047;-25.5;0;0,WheelDirection:0;0;0;0,selfAngleOffset:0,selfAngleOffsetPit:0,currCaliAngleHrz:0,currCaliAnglePit:0,selfCaliAngleHrz:0,selfCaliAnglePit:0,servCaliAngleHrz:0,servCaliAnglePit:0,offlineCaliAngleHrz:0,offlineCaliAnglePit:0,determine2useFlag:0,IMU_Z_Accel:-21.592,IMU_X_AngularRate:-2.093,IMU_Y_AngularRate:-2.093,IMU_RollAngle:-180,IMU_PitchAngle:-180,IMU_YawAngle:-180,FcwID:0,FCWWarningLevel:0,FCWTTC:0
0,1.98,0,16.55,38,0,0,0,7.7,1.25452e-34,0,0,0,-7,0,0,0,0,-0.00229183,0,0,0,0,0,0,0,0,0,1,87,61,0,0.00034,0.00034,3,5,0,0,0,0,0,0,0,0,0,0,1,0,0,0,0,0,0,0,0,0,0,,0,0,0,0,
1,3.37,0,14.45,40,0,0,0,4.3,0,0,0,0,-5,0,0,0,0,-0.00229183,0,0,0,0,0,0,0,0,0,1,89,61,0,0.00034,0.00034,3,0,0,0,0,0,0,0,0,0,0,0,1,0,0,0,0,0,0,0,0,0,0,,0,0,0,0,
2,5.3,0,11.4,24,0,0,0,-1.05,0,0,0,0,-24.5,0,0,0,0,-0.00229183,0,0,0,0,0,0,0,0,0,1,69,61,0,0.00034,0.00034,3,5,0,0,0,0,0,0,0,0,0,0,1,0,0,0,0,0,0,0,0,0,0,,0,0,0,0,
3,5.71,0,14.15,28.5,0,0,0,-1.05,0,0,0,0,-19,0,0,0,0,-0.00229183,0,0,0,0,0,0,0,0,0,1,73,61,0,0.00034,0.00034,3,5,0,0,0,0,0,0,0,0,0,0,1,0,0,0,0,0,0,0,0,0,0,,0,0,0,0,
4,6.21,0,17.2,29,0,0,0,-2.35,0,0,0,0,-16,0,0,0,0,-0.00229183,0,0,0,0,0,0,0,0,0,1,74,61,0,0.00034,0.00034,3,5,0,0,0,0,0,0,0,0,0,0,1,0,0,0,0,0,0,0,0,0,0,,0,0,0,0,
END,Total:5
START,FrameNb:130,CameraNb:0,HeSaiNb:0,ARS410Nb:0
2026/08/02 21:35:37:681---->
heightOffset:0,1785677737681,245832,selfCaliBufCnt:0,selfAccObjCnt:0,selfAccAngle:0,installHAngleOffset:0,Interpolation:0,installVAngleOffset:0,radarOffsetH:0,radarOffsetV:0.32,Polynom:-0.001023;-0.0511;-2.047;0;0;0;-0.001023;-0.0511;-2.047;-25.5;0;0,WheelDirection:0;0;0;0,selfAngleOffset:0,selfAngleOffsetPit:0,currCaliAngleHrz:0,currCaliAnglePit:0,selfCaliAngleHrz:0,selfCaliAnglePit:0,servCaliAngleHrz:0,servCaliAnglePit:0,offlineCaliAngleHrz:0,offlineCaliAnglePit:0,determine2useFlag:0,IMU_Z_Accel:-21.592,IMU_X_AngularRate:-2.093,IMU_Y_AngularRate:-2.093,IMU_RollAngle:-180,IMU_PitchAngle:-180,IMU_YawAngle:-180,FcwID:0,FCWWarningLevel:0,FCWTTC:0
0,1.99,0,16.55,37.5,0,0,0,7.7,1.25452e-34,0,0,0,-7,0,0,0,0,-0.00229183,0,0,0,0,0,0,0,0,0,1,87,54,0,0.00034,0.00034,3,5,0,0,0,0,0,0,0,0,0,0,1,0,1,0,0,0,0,0,0,0,0,,0,0,0,0,
1,3.36,0,14.45,40,0,0,0,4.3,0,0,0,0,-5.5,0,0,0,0,-0.00229183,0,0,0,0,0,0,0,0,0,1,89,54,0,0.00034,0.00034,3,0,0,0,0,0,0,0,0,0,0,0,1,0,1,0,0,0,0,0,0,0,0,,0,0,0,0,
2,5.35,0,11.4,24,0,0,0,-0.8,0,0,0,0,-24.5,0,0,0,0,-0.00229183,0,0,0,0,0,0,0,0,0,1,69,54,0,0.00034,0.00034,3,5,0,0,0,0,0,0,0,0,0,0,1,0,1,0,0,0,0,0,0,0,0,,0,0,0,0,
3,5.68,0,14.05,28.5,0,0,0,-1.05,0,0,0,0,-19,0,0,0,0,-0.00229183,0,0,0,0,0,0,0,0,0,1,73,54,0,0.00034,0.00034,3,5,0,0,0,0,0,0,0,0,0,0,1,0,1,0,0,0,0,0,0,0,0,,0,0,0,0,
4,6.2,0,17.2,28.5,0,0,0,-2.35,0,0,0,0,-16,0,0,0,0,-0.00229183,0,0,0,0,0,0,0,0,0,1,74,54,0,0.00034,0.00034,3,5,0,0,0,0,0,0,0,0,0,0,1,0,1,0,0,0,0,0,0,0,0,,0,0,0,0,
END,Total:5
START,FrameNb:131,CameraNb:0,HeSaiNb:0,ARS410Nb:0
2026/08/02 21:35:37:740---->
heightOffset:0,1785677737740,245888,selfCaliBufCnt:0,selfAccObjCnt:0,selfAccAngle:0,installHAngleOffset:0,Interpolation:0,installVAngleOffset:0,radarOffsetH:0,radarOffsetV:0.32,Polynom:-0.001023;-0.0511;-2.047;0;0;0;-0.001023;-0.0511;-2.047;-25.5;0;0,WheelDirection:0;0;0;0,selfAngleOffset:0,selfAngleOffsetPit:0,currCaliAngleHrz:0,currCaliAnglePit:0,selfCaliAngleHrz:0,selfCaliAnglePit:0,servCaliAngleHrz:0,servCaliAnglePit:0,offlineCaliAngleHrz:0,offlineCaliAnglePit:0,determine2useFlag:0,IMU_Z_Accel:-21.592,IMU_X_AngularRate:-2.093,IMU_Y_AngularRate:-2.093,IMU_RollAngle:-180,IMU_PitchAngle:-180,IMU_YawAngle:-180,FcwID:0,FCWWarningLevel:0,FCWTTC:0
0,1.98,0,16.55,38,0,0,0,7.65,1.25452e-34,0,0,0,-7,0,0,0,0,-0.00229183,0,0,0,0,0,0,0,0,0,1,87,58,0,0.00034,0.00034,3,5,0,0,0,0,0,0,0,0,0,0,1,0,0,0,0,0,0,0,0,0,0,,0,0,0,0,
1,3.37,0,14.45,40,0,0,0,4.25,0,0,0,0,-5.5,0,0,0,0,-0.00229183,0,0,0,0,0,0,0,0,0,1,89,58,0,0.00034,0.00034,3,0,0,0,0,0,0,0,0,0,0,0,1,0,0,0,0,0,0,0,0,0,0,,0,0,0,0,
2,5.31,0,11.4,24,0,0,0,-0.85,0,0,0,0,-24.5,0,0,0,0,-0.00229183,0,0,0,0,0,0,0,0,0,1,69,58,0,0.00034,0.00034,3,5,0,0,0,0,0,0,0,0,0,0,1,0,0,0,0,0,0,0,0,0,0,,0,0,0,0,
3,5.7,0,14.05,28.5,0,0,0,-1.05,0,0,0,0,-18.5,0,0,0,0,-0.00229183,0,0,0,0,0,0,0,0,0,1,74,58,0,0.00034,0.00034,3,5,0,0,0,0,0,0,0,0,0,0,1,0,0,0,0,0,0,0,0,0,0,,0,0,0,0,
4,6.21,0,17.15,29,0,0,0,-2.3,0,0,0,0,-16,0,0,0,0,-0.00229183,0,0,0,0,0,0,0,0,0,1,74,58,0,0.00034,0.00034,3,5,0,0,0,0,0,0,0,0,0,0,1,0,0,0,0,0,0,0,0,0,0,,0,0,0,0,
END,Total:5
START,FrameNb:132,CameraNb:0,HeSaiNb:0,ARS410Nb:0
2026/08/02 21:35:37:839---->
heightOffset:0,1785677737839,245944,selfCaliBufCnt:0,selfAccObjCnt:0,selfAccAngle:0,installHAngleOffset:0,Interpolation:0,installVAngleOffset:0,radarOffsetH:0,radarOffsetV:0.32,Polynom:-0.001023;-0.0511;-2.047;0;0;0;-0.001023;-0.0511;-2.047;-25.5;0;0,WheelDirection:0;0;0;0,selfAngleOffset:0,selfAngleOffsetPit:0,currCaliAngleHrz:0,currCaliAnglePit:0,selfCaliAngleHrz:0,selfCaliAnglePit:0,servCaliAngleHrz:0,servCaliAnglePit:0,offlineCaliAngleHrz:0,offlineCaliAnglePit:0,determine2useFlag:0,IMU_Z_Accel:-21.592,IMU_X_AngularRate:-2.093,IMU_Y_AngularRate:-2.093,IMU_RollAngle:-180,IMU_PitchAngle:-180,IMU_YawAngle:-180,FcwID:0,FCWWarningLevel:0,FCWTTC:0
0,1.99,0,16.55,38,0,0,0,7.7,1.25452e-34,0,0,0,-7,0,0,0,0,-0.00229183,0,0,0,0,0,0,0,0,0,1,87,53,0,0.00034,0.00034,3,5,0,0,0,0,0,0,0,0,0,0,1,0,1,0,0,0,0,0,0,0,0,,0,0,0,0,
1,3.36,0,14.45,40,0,0,0,4.25,0,0,0,0,-5.5,0,0,0,0,-0.00229183,0,0,0,0,0,0,0,0,0,1,89,53,0,0.00034,0.00034,3,0,0,0,0,0,0,0,0,0,0,0,1,0,1,0,0,0,0,0,0,0,0,,0,0,0,0,
2,5.34,0,11.45,24,0,0,0,-1,0,0,0,0,-24.5,0,0,0,0,-0.00229183,0,0,0,0,0,0,0,0,0,1,69,53,0,0.00034,0.00034,3,5,0,0,0,0,0,0,0,0,0,0,1,0,1,0,0,0,0,0,0,0,0,,0,0,0,0,
3,5.67,0,-46.3,28.5,0,0,0,5.9,0,0,0,0,-2,0,0,0,0,-0.00229183,0,0,0,0,0,0,0,0,0,1,73,53,0,0.00034,0.00034,3,5,0,0,0,0,0,0,0,0,0,0,1,0,1,0,0,0,0,0,0,0,0,,0,0,0,0,
4,6.22,0,17.05,29,0,0,0,-2.45,0,0,0,0,-16,0,0,0,0,-0.00229183,0,0,0,0,0,0,0,0,0,1,74,53,0,0.00034,0.00034,3,5,0,0,0,0,0,0,0,0,0,0,1,0,1,0,0,0,0,0,0,0,0,,0,0,0,0,
END,Total:5
START,FrameNb:133,CameraNb:0,HeSaiNb:0,ARS410Nb:0
2026/08/02 21:35:37:889---->
heightOffset:0,1785677737889,246000,selfCaliBufCnt:0,selfAccObjCnt:0,selfAccAngle:0,installHAngleOffset:0,Interpolation:0,installVAngleOffset:0,radarOffsetH:0,radarOffsetV:0.32,Polynom:-0.001023;-0.0511;-2.047;0;0;0;-0.001023;-0.0511;-2.047;-25.5;0;0,WheelDirection:0;0;0;0,selfAngleOffset:0,selfAngleOffsetPit:0,currCaliAngleHrz:0,currCaliAnglePit:0,selfCaliAngleHrz:0,selfCaliAnglePit:0,servCaliAngleHrz:0,servCaliAnglePit:0,offlineCaliAngleHrz:0,offlineCaliAnglePit:0,determine2useFlag:0,IMU_Z_Accel:-21.592,IMU_X_AngularRate:-2.093,IMU_Y_AngularRate:-2.093,IMU_RollAngle:-180,IMU_PitchAngle:-180,IMU_YawAngle:-180,FcwID:0,FCWWarningLevel:0,FCWTTC:0
0,1.98,0,16.55,38,0,0,0,7.65,1.25452e-34,0,0,0,-7,0,0,0,0,-0.00229183,0,0,0,0,0,0,0,0,0,1,87,58,0,0.00034,0.00034,3,5,0,0,0,0,0,0,0,0,0,0,1,0,0,0,0,0,0,0,0,0,0,,0,0,0,0,
1,3.37,0,14.45,40,0,0,0,4.3,0,0,0,0,-5.5,0,0,0,0,-0.00229183,0,0,0,0,0,0,0,0,0,1,89,58,0,0.00034,0.00034,3,0,0,0,0,0,0,0,0,0,0,0,1,0,0,0,0,0,0,0,0,0,0,,0,0,0,0,
2,5.36,0,11.2,24,0,0,0,-0.95,0,0,0,0,-24.5,0,0,0,0,-0.00229183,0,0,0,0,0,0,0,0,0,1,69,58,0,0.00034,0.00034,3,5,0,0,0,0,0,0,0,0,0,0,1,0,0,0,0,0,0,0,0,0,0,,0,0,0,0,
3,5.69,0,14.05,28.5,0,0,0,-1,0,0,0,0,-19,0,0,0,0,-0.00229183,0,0,0,0,0,0,0,0,0,1,73,58,0,0.00034,0.00034,3,5,0,0,0,0,0,0,0,0,0,0,1,0,0,0,0,0,0,0,0,0,0,,0,0,0,0,
4,6.22,0,17.05,29,0,0,0,-2.55,0,0,0,0,-16,0,0,0,0,-0.00229183,0,0,0,0,0,0,0,0,0,1,74,58,0,0.00034,0.00034,3,5,0,0,0,0,0,0,0,0,0,0,1,0,0,0,0,0,0,0,0,0,0,,0,0,0,0,
END,Total:5
START,FrameNb:134,CameraNb:0,HeSaiNb:0,ARS410Nb:0
2026/08/02 21:35:37:922---->
heightOffset:0,1785677737922,246056,selfCaliBufCnt:0,selfAccObjCnt:0,selfAccAngle:0,installHAngleOffset:0,Interpolation:0,installVAngleOffset:0,radarOffsetH:0,radarOffsetV:0.32,Polynom:-0.001023;-0.0511;-2.047;0;0;0;-0.001023;-0.0511;-2.047;-25.5;0;0,WheelDirection:0;0;0;0,selfAngleOffset:0,selfAngleOffsetPit:0,currCaliAngleHrz:0,currCaliAnglePit:0,selfCaliAngleHrz:0,selfCaliAnglePit:0,servCaliAngleHrz:0,servCaliAnglePit:0,offlineCaliAngleHrz:0,offlineCaliAnglePit:0,determine2useFlag:0,IMU_Z_Accel:-21.592,IMU_X_AngularRate:-2.093,IMU_Y_AngularRate:-2.093,IMU_RollAngle:-180,IMU_PitchAngle:-180,IMU_YawAngle:-180,FcwID:0,FCWWarningLevel:0,FCWTTC:0
0,1.99,0,16.55,38,0,0,0,7.7,1.25452e-34,0,0,0,-7,0,0,0,0,-0.00229183,0,0,0,0,0,0,0,0,0,1,87,54,0,0.00034,0.00034,3,5,0,0,0,0,0,0,0,0,0,0,1,0,1,0,0,0,0,0,0,0,0,,0,0,0,0,
1,3.36,0,14.45,40,0,0,0,4.4,0,0,0,0,-5.5,0,0,0,0,-0.00229183,0,0,0,0,0,0,0,0,0,1,89,54,0,0.00034,0.00034,3,0,0,0,0,0,0,0,0,0,0,0,1,0,1,0,0,0,0,0,0,0,0,,0,0,0,0,
2,5.33,0,11.3,24,0,0,0,-0.85,0,0,0,0,-25,0,0,0,0,-0.00229183,0,0,0,0,0,0,0,0,0,1,69,54,0,0.00034,0.00034,3,5,0,0,0,0,0,0,0,0,0,0,1,0,1,0,0,0,0,0,0,0,0,,0,0,0,0,
3,5.68,0,14,28.5,0,0,0,-1,0,0,0,0,-19,0,0,0,0,-0.00229183,0,0,0,0,0,0,0,0,0,1,73,54,0,0.00034,0.00034,3,5,0,0,0,0,0,0,0,0,0,0,1,0,1,0,0,0,0,0,0,0,0,,0,0,0,0,
4,6.22,0,17.2,29,0,0,0,-2.7,0,0,0,0,-15.5,0,0,0,0,-0.00229183,0,0,0,0,0,0,0,0,0,1,74,54,0,0.00034,0.00034,3,5,0,0,0,0,0,0,0,0,0,0,1,0,1,0,0,0,0,0,0,0,0,,0,0,0,0,
END,Total:5
START,FrameNb:135,CameraNb:0,HeSaiNb:0,ARS410Nb:0
2026/08/02 21:35:37:965---->
heightOffset:0,1785677737965,246112,selfCaliBufCnt:0,selfAccObjCnt:0,selfAccAngle:0,installHAngleOffset:0,Interpolation:0,installVAngleOffset:0,radarOffsetH:0,radarOffsetV:0.32,Polynom:-0.001023;-0.0511;-2.047;0;0;0;-0.001023;-0.0511;-2.047;-25.5;0;0,WheelDirection:0;0;0;0,selfAngleOffset:0,selfAngleOffsetPit:0,currCaliAngleHrz:0,currCaliAnglePit:0,selfCaliAngleHrz:0,selfCaliAnglePit:0,servCaliAngleHrz:0,servCaliAnglePit:0,offlineCaliAngleHrz:0,offlineCaliAnglePit:0,determine2useFlag:0,IMU_Z_Accel:-21.592,IMU_X_AngularRate:-2.093,IMU_Y_AngularRate:-2.093,IMU_RollAngle:-180,IMU_PitchAngle:-180,IMU_YawAngle:-180,FcwID:0,FCWWarningLevel:0,FCWTTC:0
0,1.98,0,16.55,38,0,0,0,7.65,1.25452e-34,0,0,0,-7,0,0,0,0,-0.00229183,0,0,0,0,0,0,0,0,0,1,87,60,0,0.00034,0.00034,3,5,0,0,0,0,0,0,0,0,0,0,1,0,0,0,0,0,0,0,0,0,0,,0,0,0,0,
1,2.79,0,70.8,29,0,0,0,2.4,0,0,0,0,22,0,0,0,0,-0.00229183,0,0,0,0,0,0,0,0,0,1,78,60,0,0.00034,0.00034,2,-1,0,0,0,0,0,0,0,0,0,0,1,0,0,0,0,0,0,0,0,0,0,,0,0,0,0,
2,3.36,0,14.45,40,0,0,0,4.4,0,0,0,0,-5.5,0,0,0,0,-0.00229183,0,0,0,0,0,0,0,0,0,1,89,60,0,0.00034,0.00034,3,0,0,0,0,0,0,0,0,0,0,0,1,0,0,0,0,0,0,0,0,0,0,,0,0,0,0,
3,5.34,0,11.4,24,0,0,0,-0.7,0,0,0,0,-25,0,0,0,0,-0.00229183,0,0,0,0,0,0,0,0,0,1,69,60,0,0.00034,0.00034,3,5,0,0,0,0,0,0,0,0,0,0,1,0,0,0,0,0,0,0,0,0,0,,0,0,0,0,
4,5.7,0,14.05,28.5,0,0,0,-0.95,0,0,0,0,-19,0,0,0,0,-0.00229183,0,0,0,0,0,0,0,0,0,1,73,60,0,0.00034,0.00034,3,5,0,0,0,0,0,0,0,0,0,0,1,0,0,0,0,0,0,0,0,0,0,,0,0,0,0,
5,6.23,0,17.4,29,0,0,0,-2.95,0,0,0,0,-16,0,0,0,0,-0.00229183,0,0,0,0,0,0,0,0,0,1,74,60,0,0.00034,0.00034,3,5,0,0,0,0,0,0,0,0,0,0,1,0,0,0,0,0,0,0,0,0,0,,0,0,0,0,
END,Total:6
START,FrameNb:136,CameraNb:0,HeSaiNb:0,ARS410Nb:0
2026/08/02 21:35:38:031---->
heightOffset:0,1785677738031,246176,selfCaliBufCnt:0,selfAccObjCnt:0,selfAccAngle:0,installHAngleOffset:0,Interpolation:0,installVAngleOffset:0,radarOffsetH:0,radarOffsetV:0.32,Polynom:-0.001023;-0.0511;-2.047;0;0;0;-0.001023;-0.0511;-2.047;-25.5;0;0,WheelDirection:0;0;0;0,selfAngleOffset:0,selfAngleOffsetPit:0,currCaliAngleHrz:0,currCaliAnglePit:0,selfCaliAngleHrz:0,selfCaliAnglePit:0,servCaliAngleHrz:0,servCaliAnglePit:0,offlineCaliAngleHrz:0,offlineCaliAnglePit:0,determine2useFlag:0,IMU_Z_Accel:-21.592,IMU_X_AngularRate:-2.093,IMU_Y_AngularRate:-2.093,IMU_RollAngle:-180,IMU_PitchAngle:-180,IMU_YawAngle:-180,FcwID:0,FCWWarningLevel:0,FCWTTC:0
0,1.98,0,16.55,38,0,0,0,7.7,1.25452e-34,0,0,0,-7,0,0,0,0,-0.00229183,0,0,0,0,0,0,0,0,0,1,87,59,0,0.00034,0.00034,3,5,0,0,0,0,0,0,0,0,0,0,1,0,1,0,0,0,0,0,0,0,0,,0,0,0,0,
1,2.81,0,-7.1,29.5,0,0,0,-15,0,0,0,0,-18,0,0,0,0,-0.00229183,0,0,0,0,0,0,0,0,0,1,78,59,0,0.00034,0.00034,3,5,0,0,0,0,0,0,0,0,0,0,1,0,1,0,0,0,0,0,0,0,0,,0,0,0,0,
2,3.36,0,14.45,40,0,0,0,4.4,0,0,0,0,-5.5,0,0,0,0,-0.00229183,0,0,0,0,0,0,0,0,0,1,89,59,0,0.00034,0.00034,3,0,0,0,0,0,0,0,0,0,0,0,1,0,1,0,0,0,0,0,0,0,0,,0,0,0,0,
3,5.69,0,14,28,0,0,0,-0.8,0,0,0,0,-19,0,0,0,0,-0.00229183,0,0,0,0,0,0,0,0,0,1,73,59,0,0.00034,0.00034,3,5,0,0,0,0,0,0,0,0,0,0,1,0,1,0,0,0,0,0,0,0,0,,0,0,0,0,
4,6.22,0,17.4,29,0,0,0,-3.05,0,0,0,0,-16,0,0,0,0,-0.00229183,0,0,0,0,0,0,0,0,0,1,74,59,0,0.00034,0.00034,3,5,0,0,0,0,0,0,0,0,0,0,1,0,1,0,0,0,0,0,0,0,0,,0,0,0,0,
END,Total:5
START,FrameNb:137,CameraNb:0,HeSaiNb:0,ARS410Nb:0
2026/08/02 21:35:38:071---->
heightOffset:0,1785677738071,246228,selfCaliBufCnt:0,selfAccObjCnt:0,selfAccAngle:0,installHAngleOffset:0,Interpolation:0,installVAngleOffset:0,radarOffsetH:0,radarOffsetV:0.32,Polynom:-0.001023;-0.0511;-2.047;0;0;0;-0.001023;-0.0511;-2.047;-25.5;0;0,WheelDirection:0;0;0;0,selfAngleOffset:0,selfAngleOffsetPit:0,currCaliAngleHrz:0,currCaliAnglePit:0,selfCaliAngleHrz:0,selfCaliAnglePit:0,servCaliAngleHrz:0,servCaliAnglePit:0,offlineCaliAngleHrz:0,offlineCaliAnglePit:0,determine2useFlag:0,IMU_Z_Accel:-21.592,IMU_X_AngularRate:-2.093,IMU_Y_AngularRate:-2.093,IMU_RollAngle:-180,IMU_PitchAngle:-180,IMU_YawAngle:-180,FcwID:0,FCWWarningLevel:0,FCWTTC:0
0,1.98,0,16.55,37.5,0,0,0,7.65,1.25452e-34,0,0,0,-7,0,0,0,0,-0.00229183,0,0,0,0,0,0,0,0,0,1,87,57,0,0.00034,0.00034,3,5,0,0,0,0,0,0,0,0,0,0,1,0,0,0,0,0,0,0,0,0,0,,0,0,0,0,
1,2.8,0,-7,29.5,0,0,0,-15,0,0,0,0,-18,0,0,0,0,-0.00229183,0,0,0,0,0,0,0,0,0,1,78,57,0,0.00034,0.00034,3,5,0,0,0,0,0,0,0,0,0,0,1,0,0,0,0,0,0,0,0,0,0,,0,0,0,0,
2,3.37,0,14.45,40,0,0,0,4.4,0,0,0,0,-5.5,0,0,0,0,-0.00229183,0,0,0,0,0,0,0,0,0,1,88,57,0,0.00034,0.00034,3,0,0,0,0,0,0,0,0,0,0,0,1,0,0,0,0,0,0,0,0,0,0,,0,0,0,0,
3,5.36,0,11.2,24,0,0,0,-1.05,0,0,0,0,-25,0,0,0,0,-0.00229183,0,0,0,0,0,0,0,0,0,1,69,57,0,0.00034,0.00034,3,5,0,0,0,0,0,0,0,0,0,0,1,0,0,0,0,0,0,0,0,0,0,,0,0,0,0,
4,5.74,0,14.05,28.5,0,0,0,-1,0,0,0,0,-19,0,0,0,0,-0.00229183,0,0,0,0,0,0,0,0,0,1,73,57,0,0.00034,0.00034,3,5,0,0,0,0,0,0,0,0,0,0,1,0,0,0,0,0,0,0,0,0,0,,0,0,0,0,
5,6.23,0,17.35,29,0,0,0,-2.85,0,0,0,0,-15.5,0,0,0,0,-0.00229183,0,0,0,0,0,0,0,0,0,1,74,57,0,0.00034,0.00034,3,5,0,0,0,0,0,0,0,0,0,0,1,0,0,0,0,0,0,0,0,0,0,,0,0,0,0,
END,Total:6
START,FrameNb:138,CameraNb:0,HeSaiNb:0,ARS410Nb:0
2026/08/02 21:35:38:117---->
heightOffset:0,1785677738117,246288,selfCaliBufCnt:0,selfAccObjCnt:0,selfAccAngle:0,installHAngleOffset:0,Interpolation:0,installVAngleOffset:0,radarOffsetH:0,radarOffsetV:0.32,Polynom:-0.001023;-0.0511;-2.047;0;0;0;-0.001023;-0.0511;-2.047;-25.5;0;0,WheelDirection:0;0;0;0,selfAngleOffset:0,selfAngleOffsetPit:0,currCaliAngleHrz:0,currCaliAnglePit:0,selfCaliAngleHrz:0,selfCaliAnglePit:0,servCaliAngleHrz:0,servCaliAnglePit:0,offlineCaliAngleHrz:0,offlineCaliAnglePit:0,determine2useFlag:0,IMU_Z_Accel:-21.592,IMU_X_AngularRate:-2.093,IMU_Y_AngularRate:-2.093,IMU_RollAngle:-180,IMU_PitchAngle:-180,IMU_YawAngle:-180,FcwID:0,FCWWarningLevel:0,FCWTTC:0
0,1.98,0,16.55,38,0,0,0,7.65,1.25452e-34,0,0,0,-7,0,0,0,0,-0.00229183,0,0,0,0,0,0,0,0,0,1,87,54,0,0.00034,0.00034,3,5,0,0,0,0,0,0,0,0,0,0,1,0,1,0,0,0,0,0,0,0,0,,0,0,0,0,
1,2.75,0,-8.7,29,0,0,0,-13.35,0,0,0,0,-18,0,0,0,0,-0.00229183,0,0,0,0,0,0,0,0,0,1,78,54,0,0.00034,0.00034,3,5,0,0,0,0,0,0,0,0,0,0,1,0,1,0,0,0,0,0,0,0,0,,0,0,0,0,
2,3.36,0,14.5,40,0,0,0,4.3,0,0,0,0,-5.5,0,0,0,0,-0.00229183,0,0,0,0,0,0,0,0,0,1,88,54,0,0.00034,0.00034,3,0,0,0,0,0,0,0,0,0,0,0,1,0,1,0,0,0,0,0,0,0,0,,0,0,0,0,
3,5.79,0,14.05,28,0,0,0,-0.85,0,0,0,0,-19.5,0,0,0,0,-0.00229183,0,0,0,0,0,0,0,0,0,1,73,54,0,0.00034,0.00034,3,5,0,0,0,0,0,0,0,0,0,0,1,0,1,0,0,0,0,0,0,0,0,,0,0,0,0,
4,6.22,0,17.3,29.5,0,0,0,-2.85,0,0,0,0,-15.5,0,0,0,0,-0.00229183,0,0,0,0,0,0,0,0,0,1,74,54,0,0.00034,0.00034,3,5,0,0,0,0,0,0,0,0,0,0,1,0,1,0,0,0,0,0,0,0,0,,0,0,0,0,
END,Total:5
START,FrameNb:139,CameraNb:0,HeSaiNb:0,ARS410Nb:0
2026/08/02 21:35:38:181---->
heightOffset:0,1785677738181,246340,selfCaliBufCnt:0,selfAccObjCnt:0,selfAccAngle:0,installHAngleOffset:0,Interpolation:0,installVAngleOffset:0,radarOffsetH:0,radarOffsetV:0.32,Polynom:-0.001023;-0.0511;-2.047;0;0;0;-0.001023;-0.0511;-2.047;-25.5;0;0,WheelDirection:0;0;0;0,selfAngleOffset:0,selfAngleOffsetPit:0,currCaliAngleHrz:0,currCaliAnglePit:0,selfCaliAngleHrz:0,selfCaliAnglePit:0,servCaliAngleHrz:0,servCaliAnglePit:0,offlineCaliAngleHrz:0,offlineCaliAnglePit:0,determine2useFlag:0,IMU_Z_Accel:-21.592,IMU_X_AngularRate:-2.093,IMU_Y_AngularRate:-2.093,IMU_RollAngle:-180,IMU_PitchAngle:-180,IMU_YawAngle:-180,FcwID:0,FCWWarningLevel:0,FCWTTC:0
0,1.98,0,16.55,37.5,0,0,0,7.7,1.25452e-34,0,0,0,-7,0,0,0,0,-0.00229183,0,0,0,0,0,0,0,0,0,1,87,58,0,0.00034,0.00034,3,5,0,0,0,0,0,0,0,0,0,0,1,0,0,0,0,0,0,0,0,0,0,,0,0,0,0,
1,2.75,0,-8.9,28.5,0,0,0,-13.8,0,0,0,0,-18.5,0,0,0,0,-0.00229183,0,0,0,0,0,0,0,0,0,1,78,58,0,0.00034,0.00034,3,5,0,0,0,0,0,0,0,0,0,0,1,0,0,0,0,0,0,0,0,0,0,,0,0,0,0,
2,3.37,0,14.7,40,0,0,0,4.8,0,0,0,0,-5.5,0,0,0,0,-0.00229183,0,0,0,0,0,0,0,0,0,1,88,58,0,0.00034,0.00034,3,0,0,0,0,0,0,0,0,0,0,0,1,0,0,0,0,0,0,0,0,0,0,,0,0,0,0,
3,5.41,0,11.2,23.5,0,0,0,-0.8,0,0,0,0,-25,0,0,0,0,-0.00229183,0,0,0,0,0,0,0,0,0,1,69,58,0,0.00034,0.00034,3,5,0,0,0,0,0,0,0,0,0,0,1,0,0,0,0,0,0,0,0,0,0,,0,0,0,0,
4,5.8,0,14.2,28,0,0,0,-0.95,0,0,0,0,-19.5,0,0,0,0,-0.00229183,0,0,0,0,0,0,0,0,0,1,73,58,0,0.00034,0.00034,3,5,0,0,0,0,0,0,0,0,0,0,1,0,0,0,0,0,0,0,0,0,0,,0,0,0,0,
5,6.22,0,17.4,29,0,0,0,-2.6,0,0,0,0,-15.5,0,0,0,0,-0.00229183,0,0,0,0,0,0,0,0,0,1,74,58,0,0.00034,0.00034,3,5,0,0,0,0,0,0,0,0,0,0,1,0,0,0,0,0,0,0,0,0,0,,0,0,0,0,
END,Total:6
START,FrameNb:140,CameraNb:0,HeSaiNb:0,ARS410Nb:0
2026/08/02 21:35:38:293---->
heightOffset:0,1785677738293,246396,selfCaliBufCnt:0,selfAccObjCnt:0,selfAccAngle:0,installHAngleOffset:0,Interpolation:0,installVAngleOffset:0,radarOffsetH:0,radarOffsetV:0.32,Polynom:-0.001023;-0.0511;-2.047;0;0;0;-0.001023;-0.0511;-2.047;-25.5;0;0,WheelDirection:0;0;0;0,selfAngleOffset:0,selfAngleOffsetPit:0,currCaliAngleHrz:0,currCaliAnglePit:0,selfCaliAngleHrz:0,selfCaliAnglePit:0,servCaliAngleHrz:0,servCaliAnglePit:0,offlineCaliAngleHrz:0,offlineCaliAnglePit:0,determine2useFlag:0,IMU_Z_Accel:-21.592,IMU_X_AngularRate:-2.093,IMU_Y_AngularRate:-2.093,IMU_RollAngle:-180,IMU_PitchAngle:-180,IMU_YawAngle:-180,FcwID:0,FCWWarningLevel:0,FCWTTC:0
0,1.98,0,16.55,37.5,0,0,0,7.7,1.25452e-34,0,0,0,-7,0,0,0,0,-0.00229183,0,0,0,0,0,0,0,0,0,1,87,53,0,0.00034,0.00034,3,5,0,0,0,0,0,0,0,0,0,0,1,0,1,0,0,0,0,0,0,0,0,,0,0,0,0,
1,2.75,0,-8.9,28.5,0,0,0,-13.8,0,0,0,0,-18.5,0,0,0,0,-0.00229183,0,0,0,0,0,0,0,0,0,1,78,53,0,0.00034,0.00034,3,5,0,0,0,0,0,0,0,0,0,0,1,0,1,0,0,0,0,0,0,0,0,,0,0,0,0,
2,3.37,0,14.55,40,0,0,0,4.4,0,0,0,0,-5.5,0,0,0,0,-0.00229183,0,0,0,0,0,0,0,0,0,1,89,53,0,0.00034,0.00034,3,0,0,0,0,0,0,0,0,0,0,0,1,0,1,0,0,0,0,0,0,0,0,,0,0,0,0,
3,5.41,0,11.4,23.5,0,0,0,12.45,0,0,0,0,-25,0,0,0,0,-0.00229183,0,0,0,0,0,0,0,0,0,1,68,53,0,0.00034,0.00034,3,5,0,0,0,0,0,0,0,0,0,0,1,0,1,0,0,0,0,0,0,0,0,,0,0,0,0,
4,5.79,0,14.2,28,0,0,0,-0.85,0,0,0,0,-19.5,0,0,0,0,-0.00229183,0,0,0,0,0,0,0,0,0,1,73,53,0,0.00034,0.00034,3,5,0,0,0,0,0,0,0,0,0,0,1,0,1,0,0,0,0,0,0,0,0,,0,0,0,0,
5,6.22,0,17.3,29.5,0,0,0,-2.85,0,0,0,0,-15.5,0,0,0,0,-0.00229183,0,0,0,0,0,0,0,0,0,1,74,53,0,0.00034,0.00034,3,5,0,0,0,0,0,0,0,0,0,0,1,0,1,0,0,0,0,0,0,0,0,,0,0,0,0,
END,Total:6
START,FrameNb:141,CameraNb:0,HeSaiNb:0,ARS410Nb:0
2026/08/02 21:35:38:338---->
heightOffset:0,1785677738338,246452,selfCaliBufCnt:0,selfAccObjCnt:0,selfAccAngle:0,installHAngleOffset:0,Interpolation:0,installVAngleOffset:0,radarOffsetH:0,radarOffsetV:0.32,Polynom:-0.001023;-0.0511;-2.047;0;0;0;-0.001023;-0.0511;-2.047;-25.5;0;0,WheelDirection:0;0;0;0,selfAngleOffset:0,selfAngleOffsetPit:0,currCaliAngleHrz:0,currCaliAnglePit:0,selfCaliAngleHrz:0,selfCaliAnglePit:0,servCaliAngleHrz:0,servCaliAnglePit:0,offlineCaliAngleHrz:0,offlineCaliAnglePit:0,determine2useFlag:0,IMU_Z_Accel:-21.592,IMU_X_AngularRate:-2.093,IMU_Y_AngularRate:-2.093,IMU_RollAngle:-180,IMU_PitchAngle:-180,IMU_YawAngle:-180,FcwID:0,FCWWarningLevel:0,FCWTTC:0
0,1.98,0,16.55,37.5,0,0,0,7.65,1.25452e-34,0,0,0,-7,0,0,0,0,-0.00229183,0,0,0,0,0,0,0,0,0,1,87,57,0,0.00034,0.00034,3,5,0,0,0,0,0,0,0,0,0,0,1,0,0,0,0,0,0,0,0,0,0,,0,0,0,0,
1,2.75,0,-8.85,28.5,0,0,0,-15,0,0,0,0,-18.5,0,0,0,0,-0.00229183,0,0,0,0,0,0,0,0,0,1,78,57,0,0.00034,0.00034,3,5,0,0,0,0,0,0,0,0,0,0,1,0,0,0,0,0,0,0,0,0,0,,0,0,0,0,
2,3.37,0,14.7,40,0,0,0,4.8,0,0,0,0,-5.5,0,0,0,0,-0.00229183,0,0,0,0,0,0,0,0,0,1,88,57,0,0.00034,0.00034,3,0,0,0,0,0,0,0,0,0,0,0,1,0,0,0,0,0,0,0,0,0,0,,0,0,0,0,
3,5.31,0,11.35,24,0,0,0,-0.55,0,0,0,0,-25,0,0,0,0,-0.00229183,0,0,0,0,0,0,0,0,0,1,69,57,0,0.00034,0.00034,3,5,0,0,0,0,0,0,0,0,0,0,1,0,0,0,0,0,0,0,0,0,0,,0,0,0,0,
4,5.79,0,14.15,28,0,0,0,-0.95,0,0,0,0,-19,0,0,0,0,-0.00229183,0,0,0,0,0,0,0,0,0,1,73,57,0,0.00034,0.00034,3,5,0,0,0,0,0,0,0,0,0,0,1,0,0,0,0,0,0,0,0,0,0,,0,0,0,0,
5,6.22,0,17.3,29,0,0,0,-2.8,0,0,0,0,-15.5,0,0,0,0,-0.00229183,0,0,0,0,0,0,0,0,0,1,74,57,0,0.00034,0.00034,3,5,0,0,0,0,0,0,0,0,0,0,1,0,0,0,0,0,0,0,0,0,0,,0,0,0,0,
END,Total:6
START,FrameNb:142,CameraNb:0,HeSaiNb:0,ARS410Nb:0
2026/08/02 21:35:38:394---->
heightOffset:0,1785677738394,246512,selfCaliBufCnt:0,selfAccObjCnt:0,selfAccAngle:0,installHAngleOffset:0,Interpolation:0,installVAngleOffset:0,radarOffsetH:0,radarOffsetV:0.32,Polynom:-0.001023;-0.0511;-2.047;0;0;0;-0.001023;-0.0511;-2.047;-25.5;0;0,WheelDirection:0;0;0;0,selfAngleOffset:0,selfAngleOffsetPit:0,currCaliAngleHrz:0,currCaliAnglePit:0,selfCaliAngleHrz:0,selfCaliAnglePit:0,servCaliAngleHrz:0,servCaliAnglePit:0,offlineCaliAngleHrz:0,offlineCaliAnglePit:0,determine2useFlag:0,IMU_Z_Accel:-21.592,IMU_X_AngularRate:-2.093,IMU_Y_AngularRate:-2.093,IMU_RollAngle:-180,IMU_PitchAngle:-180,IMU_YawAngle:-180,FcwID:0,FCWWarningLevel:0,FCWTTC:0
0,1.99,0,16.55,37.5,0,0,0,7.7,1.25452e-34,0,0,0,-7,0,0,0,0,-0.00229183,0,0,0,0,0,0,0,0,0,1,87,54,0,0.00034,0.00034,3,5,0,0,0,0,0,0,0,0,0,0,1,0,1,0,0,0,0,0,0,0,0,,0,0,0,0,
1,2.76,0,-8.95,28.5,0,0,0,-13.6,0,0,0,0,-18.5,0,0,0,0,-0.00229183,0,0,0,0,0,0,0,0,0,1,78,54,0,0.00034,0.00034,3,5,0,0,0,0,0,0,0,0,0,0,1,0,1,0,0,0,0,0,0,0,0,,0,0,0,0,
2,3.37,0,14.55,40,0,0,0,4.45,0,0,0,0,-5.5,0,0,0,0,-0.00229183,0,0,0,0,0,0,0,0,0,1,89,54,0,0.00034,0.00034,3,0,0,0,0,0,0,0,0,0,0,0,1,0,1,0,0,0,0,0,0,0,0,,0,0,0,0,
3,5.31,0,11.35,23.5,0,0,0,-0.6,0,0,0,0,-25,0,0,0,0,-0.00229183,0,0,0,0,0,0,0,0,0,1,69,54,0,0.00034,0.00034,3,5,0,0,0,0,0,0,0,0,0,0,1,0,1,0,0,0,0,0,0,0,0,,0,0,0,0,
4,5.77,0,14.05,28,0,0,0,-1.05,0,0,0,0,-19.5,0,0,0,0,-0.00229183,0,0,0,0,0,0,0,0,0,1,73,54,0,0.00034,0.00034,3,5,0,0,0,0,0,0,0,0,0,0,1,0,1,0,0,0,0,0,0,0,0,,0,0,0,0,
5,6.22,0,17.45,29,0,0,0,-2.8,0,0,0,0,-15.5,0,0,0,0,-0.00229183,0,0,0,0,0,0,0,0,0,1,74,54,0,0.00034,0.00034,3,5,0,0,0,0,0,0,0,0,0,0,1,0,1,0,0,0,0,0,0,0,0,,0,0,0,0,
END,Total:6
START,FrameNb:143,CameraNb:0,HeSaiNb:0,ARS410Nb:0
2026/08/02 21:35:38:440---->
heightOffset:0,1785677738440,246568,selfCaliBufCnt:0,selfAccObjCnt:0,selfAccAngle:0,installHAngleOffset:0,Interpolation:0,installVAngleOffset:0,radarOffsetH:0,radarOffsetV:0.32,Polynom:-0.001023;-0.0511;-2.047;0;0;0;-0.001023;-0.0511;-2.047;-25.5;0;0,WheelDirection:0;0;0;0,selfAngleOffset:0,selfAngleOffsetPit:0,currCaliAngleHrz:0,currCaliAnglePit:0,selfCaliAngleHrz:0,selfCaliAnglePit:0,servCaliAngleHrz:0,servCaliAnglePit:0,offlineCaliAngleHrz:0,offlineCaliAnglePit:0,determine2useFlag:0,IMU_Z_Accel:-21.592,IMU_X_AngularRate:-2.093,IMU_Y_AngularRate:-2.093,IMU_RollAngle:-180,IMU_PitchAngle:-180,IMU_YawAngle:-180,FcwID:0,FCWWarningLevel:0,FCWTTC:0
0,1.98,0,16.55,38,0,0,0,7.7,1.25452e-34,0,0,0,-7,0,0,0,0,-0.00229183,0,0,0,0,0,0,0,0,0,1,87,64,0,0.00034,0.00034,3,5,0,0,0,0,0,0,0,0,0,0,1,0,0,0,0,0,0,0,0,0,0,,0,0,0,0,
1,3.37,0,14.55,40,0,0,0,4.4,0,0,0,0,-5.5,0,0,0,0,-0.00229183,0,0,0,0,0,0,0,0,0,1,88,64,0,0.00034,0.00034,3,0,0,0,0,0,0,0,0,0,0,0,1,0,0,0,0,0,0,0,0,0,0,,0,0,0,0,
2,5.41,0,11.15,24,0,0,0,-0.85,0,0,0,0,-24.5,0,0,0,0,-0.00229183,0,0,0,0,0,0,0,0,0,1,69,64,0,0.00034,0.00034,3,5,0,0,0,0,0,0,0,0,0,0,1,0,0,0,0,0,0,0,0,0,0,,0,0,0,0,
3,5.74,0,14.2,28.5,0,0,0,-1.2,0,0,0,0,-19,0,0,0,0,-0.00229183,0,0,0,0,0,0,0,0,0,1,73,64,0,0.00034,0.00034,3,5,0,0,0,0,0,0,0,0,0,0,1,0,0,0,0,0,0,0,0,0,0,,0,0,0,0,
4,6.22,0,17.3,29,0,0,0,-2.8,0,0,0,0,-15.5,0,0,0,0,-0.00229183,0,0,0,0,0,0,0,0,0,1,74,64,0,0.00034,0.00034,3,5,0,0,0,0,0,0,0,0,0,0,1,0,0,0,0,0,0,0,0,0,0,,0,0,0,0,
END,Total:5
START,FrameNb:144,CameraNb:0,HeSaiNb:0,ARS410Nb:0
2026/08/02 21:35:38:476---->
heightOffset:0,1785677738476,246628,selfCaliBufCnt:0,selfAccObjCnt:0,selfAccAngle:0,installHAngleOffset:0,Interpolation:0,installVAngleOffset:0,radarOffsetH:0,radarOffsetV:0.32,Polynom:-0.001023;-0.0511;-2.047;0;0;0;-0.001023;-0.0511;-2.047;-25.5;0;0,WheelDirection:0;0;0;0,selfAngleOffset:0,selfAngleOffsetPit:0,currCaliAngleHrz:0,currCaliAnglePit:0,selfCaliAngleHrz:0,selfCaliAnglePit:0,servCaliAngleHrz:0,servCaliAnglePit:0,offlineCaliAngleHrz:0,offlineCaliAnglePit:0,determine2useFlag:0,IMU_Z_Accel:-21.592,IMU_X_AngularRate:-2.093,IMU_Y_AngularRate:-2.093,IMU_RollAngle:-180,IMU_PitchAngle:-180,IMU_YawAngle:-180,FcwID:0,FCWWarningLevel:0,FCWTTC:0
0,1.99,0,16.55,38,0,0,0,7.7,1.25452e-34,0,0,0,-7,0,0,0,0,-0.00229183,0,0,0,0,0,0,0,0,0,1,87,56,0,0.00034,0.00034,3,5,0,0,0,0,0,0,0,0,0,0,1,0,1,0,0,0,0,0,0,0,0,,0,0,0,0,
1,3.37,0,14.6,40,0,0,0,4.45,0,0,0,0,-5.5,0,0,0,0,-0.00229183,0,0,0,0,0,0,0,0,0,1,88,56,0,0.00034,0.00034,3,0,0,0,0,0,0,0,0,0,0,0,1,0,1,0,0,0,0,0,0,0,0,,0,0,0,0,
2,5.35,0,11.35,24,0,0,0,12.65,0,0,0,0,-25,0,0,0,0,-0.00229183,0,0,0,0,0,0,0,0,0,1,69,56,0,0.00034,0.00034,3,5,0,0,0,0,0,0,0,0,0,0,1,0,1,0,0,0,0,0,0,0,0,,0,0,0,0,
3,5.74,0,-44.1,28.5,0,0,0,5.65,0,0,0,0,-4,0,0,0,0,-0.00229183,0,0,0,0,0,0,0,0,0,1,73,56,0,0.00034,0.00034,2,-1,0,0,0,0,0,0,0,0,0,0,1,0,1,0,0,0,0,0,0,0,0,,0,0,0,0,
4,6.21,0,17.3,29,0,0,0,-2.85,0,0,0,0,-15.5,0,0,0,0,-0.00229183,0,0,0,0,0,0,0,0,0,1,74,56,0,0.00034,0.00034,3,5,0,0,0,0,0,0,0,0,0,0,1,0,1,0,0,0,0,0,0,0,0,,0,0,0,0,
END,Total:5
START,FrameNb:145,CameraNb:0,HeSaiNb:0,ARS410Nb:0
2026/08/02 21:35:38:518---->
heightOffset:0,1785677738518,246684,selfCaliBufCnt:0,selfAccObjCnt:0,selfAccAngle:0,installHAngleOffset:0,Interpolation:0,installVAngleOffset:0,radarOffsetH:0,radarOffsetV:0.32,Polynom:-0.001023;-0.0511;-2.047;0;0;0;-0.001023;-0.0511;-2.047;-25.5;0;0,WheelDirection:0;0;0;0,selfAngleOffset:0,selfAngleOffsetPit:0,currCaliAngleHrz:0,currCaliAnglePit:0,selfCaliAngleHrz:0,selfCaliAnglePit:0,servCaliAngleHrz:0,servCaliAnglePit:0,offlineCaliAngleHrz:0,offlineCaliAnglePit:0,determine2useFlag:0,IMU_Z_Accel:-21.592,IMU_X_AngularRate:-2.093,IMU_Y_AngularRate:-2.093,IMU_RollAngle:-180,IMU_PitchAngle:-180,IMU_YawAngle:-180,FcwID:0,FCWWarningLevel:0,FCWTTC:0
0,1.98,0,16.55,38,0,0,0,7.7,1.25452e-34,0,0,0,-7,0,0,0,0,-0.00229183,0,0,0,0,0,0,0,0,0,1,87,58,0,0.00034,0.00034,3,5,0,0,0,0,0,0,0,0,0,0,1,0,0,0,0,0,0,0,0,0,0,,0,0,0,0,
1,3.37,0,14.65,40,0,0,0,4.4,0,0,0,0,-5.5,0,0,0,0,-0.00229183,0,0,0,0,0,0,0,0,0,1,88,58,0,0.00034,0.00034,3,0,0,0,0,0,0,0,0,0,0,0,1,0,0,0,0,0,0,0,0,0,0,,0,0,0,0,
2,5.37,0,11.3,24,0,0,0,-0.55,0,0,0,0,-25,0,0,0,0,-0.00229183,0,0,0,0,0,0,0,0,0,1,69,58,0,0.00034,0.00034,3,5,0,0,0,0,0,0,0,0,0,0,1,0,0,0,0,0,0,0,0,0,0,,0,0,0,0,
3,5.77,0,-44,28.5,0,0,0,5.55,0,0,0,0,-4,0,0,0,0,-0.00229183,0,0,0,0,0,0,0,0,0,1,73,58,0,0.00034,0.00034,3,5,0,0,0,0,0,0,0,0,0,0,1,0,0,0,0,0,0,0,0,0,0,,0,0,0,0,
4,6.22,0,17.2,29,0,0,0,-2.45,0,0,0,0,-15.5,0,0,0,0,-0.00229183,0,0,0,0,0,0,0,0,0,1,74,58,0,0.00034,0.00034,3,5,0,0,0,0,0,0,0,0,0,0,1,0,0,0,0,0,0,0,0,0,0,,0,0,0,0,
END,Total:5
START,FrameNb:146,CameraNb:0,HeSaiNb:0,ARS410Nb:0
2026/08/02 21:35:38:567---->
heightOffset:0,1785677738567,246740,selfCaliBufCnt:0,selfAccObjCnt:0,selfAccAngle:0,installHAngleOffset:0,Interpolation:0,installVAngleOffset:0,radarOffsetH:0,radarOffsetV:0.32,Polynom:-0.001023;-0.0511;-2.047;0;0;0;-0.001023;-0.0511;-2.047;-25.5;0;0,WheelDirection:0;0;0;0,selfAngleOffset:0,selfAngleOffsetPit:0,currCaliAngleHrz:0,currCaliAnglePit:0,selfCaliAngleHrz:0,selfCaliAnglePit:0,servCaliAngleHrz:0,servCaliAnglePit:0,offlineCaliAngleHrz:0,offlineCaliAnglePit:0,determine2useFlag:0,IMU_Z_Accel:-21.592,IMU_X_AngularRate:-2.093,IMU_Y_AngularRate:-2.093,IMU_RollAngle:-180,IMU_PitchAngle:-180,IMU_YawAngle:-180,FcwID:0,FCWWarningLevel:0,FCWTTC:0
0,1.98,0,16.55,37.5,0,0,0,7.7,1.25452e-34,0,0,0,-7,0,0,0,0,-0.00229183,0,0,0,0,0,0,0,0,0,1,87,54,0,0.00034,0.00034,3,5,0,0,0,0,0,0,0,0,0,0,1,0,1,0,0,0,0,0,0,0,0,,0,0,0,0,
1,3.38,0,14.65,39.5,0,0,0,4.8,0,0,0,0,-5.5,0,0,0,0,-0.00229183,0,0,0,0,0,0,0,0,0,1,88,54,0,0.00034,0.00034,3,0,0,0,0,0,0,0,0,0,0,0,1,0,1,0,0,0,0,0,0,0,0,,0,0,0,0,
2,5.78,0,-45.6,28.5,0,0,0,5.75,0,0,0,0,-3,0,0,0,0,-0.00229183,0,0,0,0,0,0,0,0,0,1,73,54,0,0.00034,0.00034,3,5,0,0,0,0,0,0,0,0,0,0,1,0,1,0,0,0,0,0,0,0,0,,0,0,0,0,
3,6.21,0,17.35,29,0,0,0,-2.8,0,0,0,0,-15.5,0,0,0,0,-0.00229183,0,0,0,0,0,0,0,0,0,1,74,54,0,0.00034,0.00034,3,5,0,0,0,0,0,0,0,0,0,0,1,0,1,0,0,0,0,0,0,0,0,,0,0,0,0,
END,Total:4
START,FrameNb:147,CameraNb:0,HeSaiNb:0,ARS410Nb:0
2026/08/02 21:35:38:687---->
heightOffset:0,1785677738687,246792,selfCaliBufCnt:0,selfAccObjCnt:0,selfAccAngle:0,installHAngleOffset:0,Interpolation:0,installVAngleOffset:0,radarOffsetH:0,radarOffsetV:0.32,Polynom:-0.001023;-0.0511;-2.047;0;0;0;-0.001023;-0.0511;-2.047;-25.5;0;0,WheelDirection:0;0;0;0,selfAngleOffset:0,selfAngleOffsetPit:0,currCaliAngleHrz:0,currCaliAnglePit:0,selfCaliAngleHrz:0,selfCaliAnglePit:0,servCaliAngleHrz:0,servCaliAnglePit:0,offlineCaliAngleHrz:0,offlineCaliAnglePit:0,determine2useFlag:0,IMU_Z_Accel:-21.592,IMU_X_AngularRate:-2.093,IMU_Y_AngularRate:-2.093,IMU_RollAngle:-180,IMU_PitchAngle:-180,IMU_YawAngle:-180,FcwID:0,FCWWarningLevel:0,FCWTTC:0
0,1.98,0,16.55,38,0,0,0,7.65,1.25452e-34,0,0,0,-7,0,0,0,0,-0.00229183,0,0,0,0,0,0,0,0,0,1,87,57,0,0.00034,0.00034,3,5,0,0,0,0,0,0,0,0,0,0,1,0,0,0,0,0,0,0,0,0,0,,0,0,0,0,
1,3.37,0,14.65,40,0,0,0,4.8,0,0,0,0,-5.5,0,0,0,0,-0.00229183,0,0,0,0,0,0,0,0,0,1,88,57,0,0.00034,0.00034,3,0,0,0,0,0,0,0,0,0,0,0,1,0,0,0,0,0,0,0,0,0,0,,0,0,0,0,
2,5.33,0,11.3,24,0,0,0,-0.6,0,0,0,0,-25,0,0,0,0,-0.00229183,0,0,0,0,0,0,0,0,0,1,69,57,0,0.00034,0.00034,3,5,0,0,0,0,0,0,0,0,0,0,1,0,0,0,0,0,0,0,0,0,0,,0,0,0,0,
3,5.78,0,14.1,28.5,0,0,0,-1.2,0,0,0,0,-19,0,0,0,0,-0.00229183,0,0,0,0,0,0,0,0,0,1,73,57,0,0.00034,0.00034,3,5,0,0,0,0,0,0,0,0,0,0,1,0,0,0,0,0,0,0,0,0,0,,0,0,0,0,
4,6.2,0,17.2,29,0,0,0,-2.55,0,0,0,0,-15.5,0,0,0,0,-0.00229183,0,0,0,0,0,0,0,0,0,1,74,57,0,0.00034,0.00034,3,5,0,0,0,0,0,0,0,0,0,0,1,0,0,0,0,0,0,0,0,0,0,,0,0,0,0,
END,Total:5
START,FrameNb:148,CameraNb:0,HeSaiNb:0,ARS410Nb:0
2026/08/02 21:35:38:740---->
heightOffset:0,1785677738740,246852,selfCaliBufCnt:0,selfAccObjCnt:0,selfAccAngle:0,installHAngleOffset:0,Interpolation:0,installVAngleOffset:0,radarOffsetH:0,radarOffsetV:0.32,Polynom:-0.001023;-0.0511;-2.047;0;0;0;-0.001023;-0.0511;-2.047;-25.5;0;0,WheelDirection:0;0;0;0,selfAngleOffset:0,selfAngleOffsetPit:0,currCaliAngleHrz:0,currCaliAnglePit:0,selfCaliAngleHrz:0,selfCaliAnglePit:0,servCaliAngleHrz:0,servCaliAnglePit:0,offlineCaliAngleHrz:0,offlineCaliAnglePit:0,determine2useFlag:0,IMU_Z_Accel:-21.592,IMU_X_AngularRate:-2.093,IMU_Y_AngularRate:-2.093,IMU_RollAngle:-180,IMU_PitchAngle:-180,IMU_YawAngle:-180,FcwID:0,FCWWarningLevel:0,FCWTTC:0
0,1.98,0,16.55,37.5,0,0,0,7.65,1.25452e-34,0,0,0,-7,0,0,0,0,-0.00229183,0,0,0,0,0,0,0,0,0,1,87,54,0,0.00034,0.00034,3,5,0,0,0,0,0,0,0,0,0,0,1,0,1,0,0,0,0,0,0,0,0,,0,0,0,0,
1,2.77,0,70.4,29,0,0,0,2.75,0,0,0,0,22,0,0,0,0,-0.00229183,0,0,0,0,0,0,0,0,0,1,78,54,0,0.00034,0.00034,2,-1,0,0,0,0,0,0,0,0,0,0,1,0,1,0,0,0,0,0,0,0,0,,0,0,0,0,
2,3.36,0,14.7,40,0,0,0,4.7,0,0,0,0,-5.5,0,0,0,0,-0.00229183,0,0,0,0,0,0,0,0,0,1,88,54,0,0.00034,0.00034,3,0,0,0,0,0,0,0,0,0,0,0,1,0,1,0,0,0,0,0,0,0,0,,0,0,0,0,
3,5.34,0,11.3,24,0,0,0,-0.8,0,0,0,0,-25,0,0,0,0,-0.00229183,0,0,0,0,0,0,0,0,0,1,69,54,0,0.00034,0.00034,3,5,0,0,0,0,0,0,0,0,0,0,1,0,1,0,0,0,0,0,0,0,0,,0,0,0,0,
4,5.77,0,14.05,28.5,0,0,0,-1.1,0,0,0,0,-19,0,0,0,0,-0.00229183,0,0,0,0,0,0,0,0,0,1,73,54,0,0.00034,0.00034,3,5,0,0,0,0,0,0,0,0,0,0,1,0,1,0,0,0,0,0,0,0,0,,0,0,0,0,
5,6.18,0,17.2,29,0,0,0,-2.45,0,0,0,0,-15.5,0,0,0,0,-0.00229183,0,0,0,0,0,0,0,0,0,1,74,54,0,0.00034,0.00034,3,5,0,0,0,0,0,0,0,0,0,0,1,0,1,0,0,0,0,0,0,0,0,,0,0,0,0,
END,Total:6
START,FrameNb:149,CameraNb:0,HeSaiNb:0,ARS410Nb:0
2026/08/02 21:35:38:767---->
heightOffset:0,1785677738767,246908,selfCaliBufCnt:0,selfAccObjCnt:0,selfAccAngle:0,installHAngleOffset:0,Interpolation:0,installVAngleOffset:0,radarOffsetH:0,radarOffsetV:0.32,Polynom:-0.001023;-0.0511;-2.047;0;0;0;-0.001023;-0.0511;-2.047;-25.5;0;0,WheelDirection:0;0;0;0,selfAngleOffset:0,selfAngleOffsetPit:0,currCaliAngleHrz:0,currCaliAnglePit:0,selfCaliAngleHrz:0,selfCaliAnglePit:0,servCaliAngleHrz:0,servCaliAnglePit:0,offlineCaliAngleHrz:0,offlineCaliAnglePit:0,determine2useFlag:0,IMU_Z_Accel:-21.592,IMU_X_AngularRate:-2.093,IMU_Y_AngularRate:-2.093,IMU_RollAngle:-180,IMU_PitchAngle:-180,IMU_YawAngle:-180,FcwID:0,FCWWarningLevel:0,FCWTTC:0
0,1.98,0,16.55,38,0,0,0,7.7,1.25452e-34,0,0,0,-7,0,0,0,0,-0.00229183,0,0,0,0,0,0,0,0,0,1,87,59,0,0.00034,0.00034,3,5,0,0,0,0,0,0,0,0,0,0,1,0,0,0,0,0,0,0,0,0,0,,0,0,0,0,
1,2.76,0,70.6,29,0,0,0,2.75,0,0,0,0,21.5,0,0,0,0,-0.00229183,0,0,0,0,0,0,0,0,0,1,78,59,0,0.00034,0.00034,3,7,0,0,0,0,0,0,0,0,0,0,1,0,0,0,0,0,0,0,0,0,0,,0,0,0,0,
2,3.36,0,14.7,40,0,0,0,4.75,0,0,0,0,-5.5,0,0,0,0,-0.00229183,0,0,0,0,0,0,0,0,0,1,89,59,0,0.00034,0.00034,3,0,0,0,0,0,0,0,0,0,0,0,1,0,0,0,0,0,0,0,0,0,0,,0,0,0,0,
3,5.41,0,11.2,24,0,0,0,-1.1,0,0,0,0,-25,0,0,0,0,-0.00229183,0,0,0,0,0,0,0,0,0,1,69,59,0,0.00034,0.00034,3,5,0,0,0,0,0,0,0,0,0,0,1,0,0,0,0,0,0,0,0,0,0,,0,0,0,0,
4,5.77,0,14.15,28.5,0,0,0,-1.05,0,0,0,0,-19,0,0,0,0,-0.00229183,0,0,0,0,0,0,0,0,0,1,73,59,0,0.00034,0.00034,3,5,0,0,0,0,0,0,0,0,0,0,1,0,0,0,0,0,0,0,0,0,0,,0,0,0,0,
5,6.2,0,17.2,29,0,0,0,-2.35,0,0,0,0,-16,0,0,0,0,-0.00229183,0,0,0,0,0,0,0,0,0,1,74,59,0,0.00034,0.00034,3,5,0,0,0,0,0,0,0,0,0,0,1,0,0,0,0,0,0,0,0,0,0,,0,0,0,0,
END,Total:6
START,FrameNb:150,CameraNb:0,HeSaiNb:0,ARS410Nb:0
2026/08/02 21:35:38:814---->
heightOffset:0,1785677738814,246968,selfCaliBufCnt:0,selfAccObjCnt:0,selfAccAngle:0,installHAngleOffset:0,Interpolation:0,installVAngleOffset:0,radarOffsetH:0,radarOffsetV:0.32,Polynom:-0.001023;-0.0511;-2.047;0;0;0;-0.001023;-0.0511;-2.047;-25.5;0;0,WheelDirection:0;0;0;0,selfAngleOffset:0,selfAngleOffsetPit:0,currCaliAngleHrz:0,currCaliAnglePit:0,selfCaliAngleHrz:0,selfCaliAnglePit:0,servCaliAngleHrz:0,servCaliAnglePit:0,offlineCaliAngleHrz:0,offlineCaliAnglePit:0,determine2useFlag:0,IMU_Z_Accel:-21.592,IMU_X_AngularRate:-2.093,IMU_Y_AngularRate:-2.093,IMU_RollAngle:-180,IMU_PitchAngle:-180,IMU_YawAngle:-180,FcwID:0,FCWWarningLevel:0,FCWTTC:0
0,1.99,0,16.55,37.5,0,0,0,7.7,1.25452e-34,0,0,0,-7,0,0,0,0,-0.00229183,0,0,0,0,0,0,0,0,0,1,87,58,0,0.00034,0.00034,3,5,0,0,0,0,0,0,0,0,0,0,1,0,1,0,0,0,0,0,0,0,0,,0,0,0,0,
1,2.76,0,70.55,29,0,0,0,2.75,0,0,0,0,21.5,0,0,0,0,-0.00229183,0,0,0,0,0,0,0,0,0,1,78,58,0,0.00034,0.00034,3,7,0,0,0,0,0,0,0,0,0,0,1,0,1,0,0,0,0,0,0,0,0,,0,0,0,0,
2,3.36,0,14.65,40,0,0,0,4.75,0,0,0,0,-5.5,0,0,0,0,-0.00229183,0,0,0,0,0,0,0,0,0,1,89,58,0,0.00034,0.00034,3,0,0,0,0,0,0,0,0,0,0,0,1,0,1,0,0,0,0,0,0,0,0,,0,0,0,0,
3,5.3,0,11.3,24,0,0,0,-0.95,0,0,0,0,-24.5,0,0,0,0,-0.00229183,0,0,0,0,0,0,0,0,0,1,69,58,0,0.00034,0.00034,3,5,0,0,0,0,0,0,0,0,0,0,1,0,1,0,0,0,0,0,0,0,0,,0,0,0,0,
4,5.74,0,14.1,28.5,0,0,0,-1.25,0,0,0,0,-19,0,0,0,0,-0.00229183,0,0,0,0,0,0,0,0,0,1,73,58,0,0.00034,0.00034,3,5,0,0,0,0,0,0,0,0,0,0,1,0,1,0,0,0,0,0,0,0,0,,0,0,0,0,
5,6.19,0,17.2,29,0,0,0,-2.3,0,0,0,0,-16,0,0,0,0,-0.00229183,0,0,0,0,0,0,0,0,0,1,74,58,0,0.00034,0.00034,3,5,0,0,0,0,0,0,0,0,0,0,1,0,1,0,0,0,0,0,0,0,0,,0,0,0,0,
END,Total:6
START,FrameNb:151,CameraNb:0,HeSaiNb:0,ARS410Nb:0
2026/08/02 21:35:38:873---->
heightOffset:0,1785677738873,247024,selfCaliBufCnt:0,selfAccObjCnt:0,selfAccAngle:0,installHAngleOffset:0,Interpolation:0,installVAngleOffset:0,radarOffsetH:0,radarOffsetV:0.32,Polynom:-0.001023;-0.0511;-2.047;0;0;0;-0.001023;-0.0511;-2.047;-25.5;0;0,WheelDirection:0;0;0;0,selfAngleOffset:0,selfAngleOffsetPit:0,currCaliAngleHrz:0,currCaliAnglePit:0,selfCaliAngleHrz:0,selfCaliAnglePit:0,servCaliAngleHrz:0,servCaliAnglePit:0,offlineCaliAngleHrz:0,offlineCaliAnglePit:0,determine2useFlag:0,IMU_Z_Accel:-21.592,IMU_X_AngularRate:-2.093,IMU_Y_AngularRate:-2.093,IMU_RollAngle:-180,IMU_PitchAngle:-180,IMU_YawAngle:-180,FcwID:0,FCWWarningLevel:0,FCWTTC:0
0,1.98,0,16.55,38,0,0,0,7.7,1.25452e-34,0,0,0,-7,0,0,0,0,-0.00229183,0,0,0,0,0,0,0,0,0,1,87,61,0,0.00034,0.00034,3,5,0,0,0,0,0,0,0,0,0,0,1,0,0,0,0,0,0,0,0,0,0,,0,0,0,0,
1,2.75,0,-8.8,28.5,0,0,0,-13.75,0,0,0,0,-18.5,0,0,0,0,-0.00229183,0,0,0,0,0,0,0,0,0,1,78,61,0,0.00034,0.00034,3,5,0,0,0,0,0,0,0,0,0,0,1,0,0,0,0,0,0,0,0,0,0,,0,0,0,0,
2,3.36,0,14.65,40,0,0,0,4.65,0,0,0,0,-5,0,0,0,0,-0.00229183,0,0,0,0,0,0,0,0,0,1,89,61,0,0.00034,0.00034,3,0,0,0,0,0,0,0,0,0,0,0,1,0,0,0,0,0,0,0,0,0,0,,0,0,0,0,
3,5.39,0,11.3,23.5,0,0,0,-0.6,0,0,0,0,-25,0,0,0,0,-0.00229183,0,0,0,0,0,0,0,0,0,1,69,61,0,0.00034,0.00034,3,5,0,0,0,0,0,0,0,0,0,0,1,0,0,0,0,0,0,0,0,0,0,,0,0,0,0,
4,5.78,0,14.2,28,0,0,0,-1.1,0,0,0,0,-19,0,0,0,0,-0.00229183,0,0,0,0,0,0,0,0,0,1,73,61,0,0.00034,0.00034,3,5,0,0,0,0,0,0,0,0,0,0,1,0,0,0,0,0,0,0,0,0,0,,0,0,0,0,
5,6.21,0,17.3,29,0,0,0,-2.35,0,0,0,0,-16,0,0,0,0,-0.00229183,0,0,0,0,0,0,0,0,0,1,74,61,0,0.00034,0.00034,3,5,0,0,0,0,0,0,0,0,0,0,1,0,0,0,0,0,0,0,0,0,0,,0,0,0,0,
END,Total:6
START,FrameNb:152,CameraNb:0,HeSaiNb:0,ARS410Nb:0
2026/08/02 21:35:38:922---->
heightOffset:0,1785677738922,247084,selfCaliBufCnt:0,selfAccObjCnt:0,selfAccAngle:0,installHAngleOffset:0,Interpolation:0,installVAngleOffset:0,radarOffsetH:0,radarOffsetV:0.32,Polynom:-0.001023;-0.0511;-2.047;0;0;0;-0.001023;-0.0511;-2.047;-25.5;0;0,WheelDirection:0;0;0;0,selfAngleOffset:0,selfAngleOffsetPit:0,currCaliAngleHrz:0,currCaliAnglePit:0,selfCaliAngleHrz:0,selfCaliAnglePit:0,servCaliAngleHrz:0,servCaliAnglePit:0,offlineCaliAngleHrz:0,offlineCaliAnglePit:0,determine2useFlag:0,IMU_Z_Accel:-21.592,IMU_X_AngularRate:-2.093,IMU_Y_AngularRate:-2.093,IMU_RollAngle:-180,IMU_PitchAngle:-180,IMU_YawAngle:-180,FcwID:0,FCWWarningLevel:0,FCWTTC:0
0,1.98,0,16.55,37.5,0,0,0,7.7,1.25452e-34,0,0,0,-7,0,0,0,0,-0.00229183,0,0,0,0,0,0,0,0,0,1,87,54,0,0.00034,0.00034,3,5,0,0,0,0,0,0,0,0,0,0,1,0,1,0,0,0,0,0,0,0,0,,0,0,0,0,
1,2.76,0,-8.8,28.5,0,0,0,-13.7,0,0,0,0,-18.5,0,0,0,0,-0.00229183,0,0,0,0,0,0,0,0,0,1,78,54,0,0.00034,0.00034,3,5,0,0,0,0,0,0,0,0,0,0,1,0,1,0,0,0,0,0,0,0,0,,0,0,0,0,
2,3.36,0,14.55,40,0,0,0,4.65,0,0,0,0,-5,0,0,0,0,-0.00229183,0,0,0,0,0,0,0,0,0,1,89,54,0,0.00034,0.00034,3,0,0,0,0,0,0,0,0,0,0,0,1,0,1,0,0,0,0,0,0,0,0,,0,0,0,0,
3,5.41,0,11.55,24,0,0,0,-0.75,0,0,0,0,-24.5,0,0,0,0,-0.00229183,0,0,0,0,0,0,0,0,0,1,69,54,0,0.00034,0.00034,3,5,0,0,0,0,0,0,0,0,0,0,1,0,1,0,0,0,0,0,0,0,0,,0,0,0,0,
4,5.76,0,-45.45,28.5,0,0,0,5.55,0,0,0,0,-3,0,0,0,0,-0.00229183,0,0,0,0,0,0,0,0,0,1,73,54,0,0.00034,0.00034,2,-1,0,0,0,0,0,0,0,0,0,0,1,0,1,0,0,0,0,0,0,0,0,,0,0,0,0,
5,6.19,0,17.3,29,0,0,0,-2.3,0,0,0,0,-16,0,0,0,0,-0.00229183,0,0,0,0,0,0,0,0,0,1,74,54,0,0.00034,0.00034,3,5,0,0,0,0,0,0,0,0,0,0,1,0,1,0,0,0,0,0,0,0,0,,0,0,0,0,
END,Total:6
START,FrameNb:153,CameraNb:0,HeSaiNb:0,ARS410Nb:0
2026/08/02 21:35:38:968---->
heightOffset:0,1785677738968,247136,selfCaliBufCnt:0,selfAccObjCnt:0,selfAccAngle:0,installHAngleOffset:0,Interpolation:0,installVAngleOffset:0,radarOffsetH:0,radarOffsetV:0.32,Polynom:-0.001023;-0.0511;-2.047;0;0;0;-0.001023;-0.0511;-2.047;-25.5;0;0,WheelDirection:0;0;0;0,selfAngleOffset:0,selfAngleOffsetPit:0,currCaliAngleHrz:0,currCaliAnglePit:0,selfCaliAngleHrz:0,selfCaliAnglePit:0,servCaliAngleHrz:0,servCaliAnglePit:0,offlineCaliAngleHrz:0,offlineCaliAnglePit:0,determine2useFlag:0,IMU_Z_Accel:-21.592,IMU_X_AngularRate:-2.093,IMU_Y_AngularRate:-2.093,IMU_RollAngle:-180,IMU_PitchAngle:-180,IMU_YawAngle:-180,FcwID:0,FCWWarningLevel:0,FCWTTC:0
0,1.98,0,16.55,37.5,0,0,0,7.7,1.25452e-34,0,0,0,-7,0,0,0,0,-0.00229183,0,0,0,0,0,0,0,0,0,1,87,57,0,0.00034,0.00034,3,5,0,0,0,0,0,0,0,0,0,0,1,0,0,0,0,0,0,0,0,0,0,,0,0,0,0,
1,2.75,0,-8.7,28.5,0,0,0,-13.55,0,0,0,0,-18.5,0,0,0,0,-0.00229183,0,0,0,0,0,0,0,0,0,1,78,57,0,0.00034,0.00034,3,5,0,0,0,0,0,0,0,0,0,0,1,0,0,0,0,0,0,0,0,0,0,,0,0,0,0,
2,3.36,0,14.55,40,0,0,0,4.55,0,0,0,0,-5,0,0,0,0,-0.00229183,0,0,0,0,0,0,0,0,0,1,89,57,0,0.00034,0.00034,3,0,0,0,0,0,0,0,0,0,0,0,1,0,0,0,0,0,0,0,0,0,0,,0,0,0,0,
3,5.41,0,11.3,23.5,0,0,0,-0.6,0,0,0,0,-25,0,0,0,0,-0.00229183,0,0,0,0,0,0,0,0,0,1,69,57,0,0.00034,0.00034,3,5,0,0,0,0,0,0,0,0,0,0,1,0,0,0,0,0,0,0,0,0,0,,0,0,0,0,
4,5.77,0,14.3,28,0,0,0,-1,0,0,0,0,-19,0,0,0,0,-0.00229183,0,0,0,0,0,0,0,0,0,1,73,57,0,0.00034,0.00034,3,5,0,0,0,0,0,0,0,0,0,0,1,0,0,0,0,0,0,0,0,0,0,,0,0,0,0,
5,6.2,0,17.3,28.5,0,0,0,-2.45,0,0,0,0,-16,0,0,0,0,-0.00229183,0,0,0,0,0,0,0,0,0,1,74,57,0,0.00034,0.00034,3,5,0,0,0,0,0,0,0,0,0,0,1,0,0,0,0,0,0,0,0,0,0,,0,0,0,0,
END,Total:6
START,FrameNb:154,CameraNb:0,HeSaiNb:0,ARS410Nb:0
2026/08/02 21:35:39:074---->
heightOffset:0,1785677739074,247192,selfCaliBufCnt:0,selfAccObjCnt:0,selfAccAngle:0,installHAngleOffset:0,Interpolation:0,installVAngleOffset:0,radarOffsetH:0,radarOffsetV:0.32,Polynom:-0.001023;-0.0511;-2.047;0;0;0;-0.001023;-0.0511;-2.047;-25.5;0;0,WheelDirection:0;0;0;0,selfAngleOffset:0,selfAngleOffsetPit:0,currCaliAngleHrz:0,currCaliAnglePit:0,selfCaliAngleHrz:0,selfCaliAnglePit:0,servCaliAngleHrz:0,servCaliAnglePit:0,offlineCaliAngleHrz:0,offlineCaliAnglePit:0,determine2useFlag:0,IMU_Z_Accel:-21.592,IMU_X_AngularRate:-2.093,IMU_Y_AngularRate:-2.093,IMU_RollAngle:-180,IMU_PitchAngle:-180,IMU_YawAngle:-180,FcwID:0,FCWWarningLevel:0,FCWTTC:0
0,1.98,0,16.55,37.5,0,0,0,7.7,1.25452e-34,0,0,0,-7,0,0,0,0,-0.00229183,0,0,0,0,0,0,0,0,0,1,87,54,0,0.00034,0.00034,3,5,0,0,0,0,0,0,0,0,0,0,1,0,1,0,0,0,0,0,0,0,0,,0,0,0,0,
1,2.75,0,-8.7,28.5,0,0,0,-13.55,0,0,0,0,-18.5,0,0,0,0,-0.00229183,0,0,0,0,0,0,0,0,0,1,78,54,0,0.00034,0.00034,3,5,0,0,0,0,0,0,0,0,0,0,1,0,1,0,0,0,0,0,0,0,0,,0,0,0,0,
2,3.36,0,14.55,40,0,0,0,4.45,0,0,0,0,-5.5,0,0,0,0,-0.00229183,0,0,0,0,0,0,0,0,0,1,89,54,0,0.00034,0.00034,3,0,0,0,0,0,0,0,0,0,0,0,1,0,1,0,0,0,0,0,0,0,0,,0,0,0,0,
3,5.41,0,11.3,24,0,0,0,-0.75,0,0,0,0,-24.5,0,0,0,0,-0.00229183,0,0,0,0,0,0,0,0,0,1,69,54,0,0.00034,0.00034,3,5,0,0,0,0,0,0,0,0,0,0,1,0,1,0,0,0,0,0,0,0,0,,0,0,0,0,
4,5.76,0,14.1,28,0,0,0,-1,0,0,0,0,-19,0,0,0,0,-0.00229183,0,0,0,0,0,0,0,0,0,1,73,54,0,0.00034,0.00034,3,5,0,0,0,0,0,0,0,0,0,0,1,0,1,0,0,0,0,0,0,0,0,,0,0,0,0,
5,6.18,0,17.4,29,0,0,0,-2.35,0,0,0,0,-16,0,0,0,0,-0.00229183,0,0,0,0,0,0,0,0,0,1,74,54,0,0.00034,0.00034,3,5,0,0,0,0,0,0,0,0,0,0,1,0,1,0,0,0,0,0,0,0,0,,0,0,0,0,
END,Total:6
START,FrameNb:155,CameraNb:0,HeSaiNb:0,ARS410Nb:0
2026/08/02 21:35:39:120---->
heightOffset:0,1785677739120,247248,selfCaliBufCnt:0,selfAccObjCnt:0,selfAccAngle:0,installHAngleOffset:0,Interpolation:0,installVAngleOffset:0,radarOffsetH:0,radarOffsetV:0.32,Polynom:-0.001023;-0.0511;-2.047;0;0;0;-0.001023;-0.0511;-2.047;-25.5;0;0,WheelDirection:0;0;0;0,selfAngleOffset:0,selfAngleOffsetPit:0,currCaliAngleHrz:0,currCaliAnglePit:0,selfCaliAngleHrz:0,selfCaliAnglePit:0,servCaliAngleHrz:0,servCaliAnglePit:0,offlineCaliAngleHrz:0,offlineCaliAnglePit:0,determine2useFlag:0,IMU_Z_Accel:-21.592,IMU_X_AngularRate:-2.093,IMU_Y_AngularRate:-2.093,IMU_RollAngle:-180,IMU_PitchAngle:-180,IMU_YawAngle:-180,FcwID:0,FCWWarningLevel:0,FCWTTC:0
0,1.98,0,16.55,38,0,0,0,7.65,1.25452e-34,0,0,0,-7,0,0,0,0,-0.00229183,0,0,0,0,0,0,0,0,0,1,87,57,0,0.00034,0.00034,3,5,0,0,0,0,0,0,0,0,0,0,1,0,0,0,0,0,0,0,0,0,0,,0,0,0,0,
1,2.75,0,16.65,28.5,0,0,0,15,0,0,0,0,-15.5,0,0,0,0,-0.00229183,0,0,0,0,0,0,0,0,0,1,78,57,0,0.00034,0.00034,3,5,0,0,0,0,0,0,0,0,0,0,1,0,0,0,0,0,0,0,0,0,0,,0,0,0,0,
2,3.36,0,14.55,40,0,0,0,4.45,0,0,0,0,-5,0,0,0,0,-0.00229183,0,0,0,0,0,0,0,0,0,1,89,57,0,0.00034,0.00034,3,0,0,0,0,0,0,0,0,0,0,0,1,0,0,0,0,0,0,0,0,0,0,,0,0,0,0,
3,5.41,0,11.3,24,0,0,0,-0.75,0,0,0,0,-24.5,0,0,0,0,-0.00229183,0,0,0,0,0,0,0,0,0,1,69,57,0,0.00034,0.00034,3,5,0,0,0,0,0,0,0,0,0,0,1,0,0,0,0,0,0,0,0,0,0,,0,0,0,0,
4,5.77,0,14.2,28,0,0,0,-1.05,0,0,0,0,-19,0,0,0,0,-0.00229183,0,0,0,0,0,0,0,0,0,1,73,57,0,0.00034,0.00034,3,5,0,0,0,0,0,0,0,0,0,0,1,0,0,0,0,0,0,0,0,0,0,,0,0,0,0,
5,6.19,0,17.3,29,0,0,0,-2.45,0,0,0,0,-15.5,0,0,0,0,-0.00229183,0,0,0,0,0,0,0,0,0,1,74,57,0,0.00034,0.00034,3,5,0,0,0,0,0,0,0,0,0,0,1,0,0,0,0,0,0,0,0,0,0,,0,0,0,0,
END,Total:6
START,FrameNb:156,CameraNb:0,HeSaiNb:0,ARS410Nb:0
2026/08/02 21:35:39:169---->
heightOffset:0,1785677739169,247304,selfCaliBufCnt:0,selfAccObjCnt:0,selfAccAngle:0,installHAngleOffset:0,Interpolation:0,installVAngleOffset:0,radarOffsetH:0,radarOffsetV:0.32,Polynom:-0.001023;-0.0511;-2.047;0;0;0;-0.001023;-0.0511;-2.047;-25.5;0;0,WheelDirection:0;0;0;0,selfAngleOffset:0,selfAngleOffsetPit:0,currCaliAngleHrz:0,currCaliAnglePit:0,selfCaliAngleHrz:0,selfCaliAnglePit:0,servCaliAngleHrz:0,servCaliAnglePit:0,offlineCaliAngleHrz:0,offlineCaliAnglePit:0,determine2useFlag:0,IMU_Z_Accel:-21.592,IMU_X_AngularRate:-2.093,IMU_Y_AngularRate:-2.093,IMU_RollAngle:-180,IMU_PitchAngle:-180,IMU_YawAngle:-180,FcwID:0,FCWWarningLevel:0,FCWTTC:0
0,1.98,0,16.55,38,0,0,0,7.7,1.25452e-34,0,0,0,-7,0,0,0,0,-0.00229183,0,0,0,0,0,0,0,0,0,1,87,54,0,0.00034,0.00034,3,5,0,0,0,0,0,0,0,0,0,0,1,0,1,0,0,0,0,0,0,0,0,,0,0,0,0,
1,2.76,0,-8.85,28.5,0,0,0,-13.8,0,0,0,0,-18.5,0,0,0,0,-0.00229183,0,0,0,0,0,0,0,0,0,1,78,54,0,0.00034,0.00034,3,5,0,0,0,0,0,0,0,0,0,0,1,0,1,0,0,0,0,0,0,0,0,,0,0,0,0,
2,3.36,0,14.55,40.5,0,0,0,4.45,0,0,0,0,-5,0,0,0,0,-0.00229183,0,0,0,0,0,0,0,0,0,1,89,54,0,0.00034,0.00034,3,0,0,0,0,0,0,0,0,0,0,0,1,0,1,0,0,0,0,0,0,0,0,,0,0,0,0,
3,5.41,0,11.45,24,0,0,0,-0.85,0,0,0,0,-24.5,0,0,0,0,-0.00229183,0,0,0,0,0,0,0,0,0,1,69,54,0,0.00034,0.00034,3,5,0,0,0,0,0,0,0,0,0,0,1,0,1,0,0,0,0,0,0,0,0,,0,0,0,0,
4,5.78,0,14.15,28,0,0,0,-1.05,0,0,0,0,-19,0,0,0,0,-0.00229183,0,0,0,0,0,0,0,0,0,1,73,54,0,0.00034,0.00034,3,5,0,0,0,0,0,0,0,0,0,0,1,0,1,0,0,0,0,0,0,0,0,,0,0,0,0,
5,6.17,0,17.2,29,0,0,0,-2.35,0,0,0,0,-15.5,0,0,0,0,-0.00229183,0,0,0,0,0,0,0,0,0,1,74,54,0,0.00034,0.00034,3,5,0,0,0,0,0,0,0,0,0,0,1,0,1,0,0,0,0,0,0,0,0,,0,0,0,0,
END,Total:6
START,FrameNb:157,CameraNb:0,HeSaiNb:0,ARS410Nb:0
2026/08/02 21:35:39:213---->
heightOffset:0,1785677739213,247364,selfCaliBufCnt:0,selfAccObjCnt:0,selfAccAngle:0,installHAngleOffset:0,Interpolation:0,installVAngleOffset:0,radarOffsetH:0,radarOffsetV:0.32,Polynom:-0.001023;-0.0511;-2.047;0;0;0;-0.001023;-0.0511;-2.047;-25.5;0;0,WheelDirection:0;0;0;0,selfAngleOffset:0,selfAngleOffsetPit:0,currCaliAngleHrz:0,currCaliAnglePit:0,selfCaliAngleHrz:0,selfCaliAnglePit:0,servCaliAngleHrz:0,servCaliAnglePit:0,offlineCaliAngleHrz:0,offlineCaliAnglePit:0,determine2useFlag:0,IMU_Z_Accel:-21.592,IMU_X_AngularRate:-2.093,IMU_Y_AngularRate:-2.093,IMU_RollAngle:-180,IMU_PitchAngle:-180,IMU_YawAngle:-180,FcwID:0,FCWWarningLevel:0,FCWTTC:0
0,1.98,0,16.55,38,0,0,0,7.7,1.25452e-34,0,0,0,-7,0,0,0,0,-0.00229183,0,0,0,0,0,0,0,0,0,1,87,60,0,0.00034,0.00034,3,5,0,0,0,0,0,0,0,0,0,0,1,0,0,0,0,0,0,0,0,0,0,,0,0,0,0,
1,2.76,0,16.55,28.5,0,0,0,15,0,0,0,0,-15.5,0,0,0,0,-0.00229183,0,0,0,0,0,0,0,0,0,1,78,60,0,0.00034,0.00034,3,5,0,0,0,0,0,0,0,0,0,0,1,0,0,0,0,0,0,0,0,0,0,,0,0,0,0,
2,3.36,0,14.6,40,0,0,0,4.45,0,0,0,0,-5,0,0,0,0,-0.00229183,0,0,0,0,0,0,0,0,0,1,89,60,0,0.00034,0.00034,3,0,0,0,0,0,0,0,0,0,0,0,1,0,0,0,0,0,0,0,0,0,0,,0,0,0,0,
3,5.41,0,11.45,24,0,0,0,-1.1,0,0,0,0,-24.5,0,0,0,0,-0.00229183,0,0,0,0,0,0,0,0,0,1,69,60,0,0.00034,0.00034,3,5,0,0,0,0,0,0,0,0,0,0,1,0,0,0,0,0,0,0,0,0,0,,0,0,0,0,
4,5.76,0,14.15,28.5,0,0,0,-1.05,0,0,0,0,-19,0,0,0,0,-0.00229183,0,0,0,0,0,0,0,0,0,1,73,60,0,0.00034,0.00034,3,5,0,0,0,0,0,0,0,0,0,0,1,0,0,0,0,0,0,0,0,0,0,,0,0,0,0,
5,6.21,0,17.2,29,0,0,0,-2.2,0,0,0,0,-15.5,0,0,0,0,-0.00229183,0,0,0,0,0,0,0,0,0,1,74,60,0,0.00034,0.00034,3,5,0,0,0,0,0,0,0,0,0,0,1,0,0,0,0,0,0,0,0,0,0,,0,0,0,0,
END,Total:6
START,FrameNb:158,CameraNb:0,HeSaiNb:0,ARS410Nb:0
2026/08/02 21:35:39:274---->
heightOffset:0,1785677739274,247424,selfCaliBufCnt:0,selfAccObjCnt:0,selfAccAngle:0,installHAngleOffset:0,Interpolation:0,installVAngleOffset:0,radarOffsetH:0,radarOffsetV:0.32,Polynom:-0.001023;-0.0511;-2.047;0;0;0;-0.001023;-0.0511;-2.047;-25.5;0;0,WheelDirection:0;0;0;0,selfAngleOffset:0,selfAngleOffsetPit:0,currCaliAngleHrz:0,currCaliAnglePit:0,selfCaliAngleHrz:0,selfCaliAnglePit:0,servCaliAngleHrz:0,servCaliAnglePit:0,offlineCaliAngleHrz:0,offlineCaliAnglePit:0,determine2useFlag:0,IMU_Z_Accel:-21.592,IMU_X_AngularRate:-2.093,IMU_Y_AngularRate:-2.093,IMU_RollAngle:-180,IMU_PitchAngle:-180,IMU_YawAngle:-180,FcwID:0,FCWWarningLevel:0,FCWTTC:0
0,1.98,0,16.55,37.5,0,0,0,7.7,1.25452e-34,0,0,0,-7,0,0,0,0,-0.00229183,0,0,0,0,0,0,0,0,0,1,87,59,0,0.00034,0.00034,3,5,0,0,0,0,0,0,0,0,0,0,1,0,1,0,0,0,0,0,0,0,0,,0,0,0,0,
1,2.76,0,70.35,29,0,0,0,2.95,0,0,0,0,21.5,0,0,0,0,-0.00229183,0,0,0,0,0,0,0,0,0,1,78,59,0,0.00034,0.00034,2,-1,0,0,0,0,0,0,0,0,0,0,1,0,1,0,0,0,0,0,0,0,0,,0,0,0,0,
2,3.36,0,14.6,40,0,0,0,4.55,0,0,0,0,-5,0,0,0,0,-0.00229183,0,0,0,0,0,0,0,0,0,1,89,59,0,0.00034,0.00034,3,0,0,0,0,0,0,0,0,0,0,0,1,0,1,0,0,0,0,0,0,0,0,,0,0,0,0,
3,5.41,0,11.45,24,0,0,0,-1,0,0,0,0,-24.5,0,0,0,0,-0.00229183,0,0,0,0,0,0,0,0,0,1,69,59,0,0.00034,0.00034,3,5,0,0,0,0,0,0,0,0,0,0,1,0,1,0,0,0,0,0,0,0,0,,0,0,0,0,
4,5.75,0,14.05,28,0,0,0,-1.25,0,0,0,0,-19,0,0,0,0,-0.00229183,0,0,0,0,0,0,0,0,0,1,73,59,0,0.00034,0.00034,3,5,0,0,0,0,0,0,0,0,0,0,1,0,1,0,0,0,0,0,0,0,0,,0,0,0,0,
5,6.2,0,17.3,29,0,0,0,-2.35,0,0,0,0,-16,0,0,0,0,-0.00229183,0,0,0,0,0,0,0,0,0,1,74,59,0,0.00034,0.00034,3,5,0,0,0,0,0,0,0,0,0,0,1,0,1,0,0,0,0,0,0,0,0,,0,0,0,0,
END,Total:6
START,FrameNb:159,CameraNb:0,HeSaiNb:0,ARS410Nb:0
2026/08/02 21:35:39:323---->
heightOffset:0,1785677739323,247480,selfCaliBufCnt:0,selfAccObjCnt:0,selfAccAngle:0,installHAngleOffset:0,Interpolation:0,installVAngleOffset:0,radarOffsetH:0,radarOffsetV:0.32,Polynom:-0.001023;-0.0511;-2.047;0;0;0;-0.001023;-0.0511;-2.047;-25.5;0;0,WheelDirection:0;0;0;0,selfAngleOffset:0,selfAngleOffsetPit:0,currCaliAngleHrz:0,currCaliAnglePit:0,selfCaliAngleHrz:0,selfCaliAnglePit:0,servCaliAngleHrz:0,servCaliAnglePit:0,offlineCaliAngleHrz:0,offlineCaliAnglePit:0,determine2useFlag:0,IMU_Z_Accel:-21.592,IMU_X_AngularRate:-2.093,IMU_Y_AngularRate:-2.093,IMU_RollAngle:-180,IMU_PitchAngle:-180,IMU_YawAngle:-180,FcwID:0,FCWWarningLevel:0,FCWTTC:0
0,1.98,0,16.55,38,0,0,0,7.65,1.25452e-34,0,0,0,-7,0,0,0,0,-0.00229183,0,0,0,0,0,0,0,0,0,1,87,59,0,0.00034,0.00034,3,5,0,0,0,0,0,0,0,0,0,0,1,0,0,0,0,0,0,0,0,0,0,,0,0,0,0,
1,2.76,0,-8.85,28.5,0,0,0,-13.95,0,0,0,0,-18.5,0,0,0,0,-0.00229183,0,0,0,0,0,0,0,0,0,1,78,59,0,0.00034,0.00034,3,5,0,0,0,0,0,0,0,0,0,0,1,0,0,0,0,0,0,0,0,0,0,,0,0,0,0,
2,3.36,0,14.65,40,0,0,0,4.65,0,0,0,0,-5.5,0,0,0,0,-0.00229183,0,0,0,0,0,0,0,0,0,1,89,59,0,0.00034,0.00034,3,0,0,0,0,0,0,0,0,0,0,0,1,0,0,0,0,0,0,0,0,0,0,,0,0,0,0,
3,5.41,0,11.35,24,0,0,0,-1,0,0,0,0,-25,0,0,0,0,-0.00229183,0,0,0,0,0,0,0,0,0,1,69,59,0,0.00034,0.00034,3,5,0,0,0,0,0,0,0,0,0,0,1,0,0,0,0,0,0,0,0,0,0,,0,0,0,0,
4,5.72,0,14.05,28.5,0,0,0,-1.1,0,0,0,0,-19,0,0,0,0,-0.00229183,0,0,0,0,0,0,0,0,0,1,73,59,0,0.00034,0.00034,3,5,0,0,0,0,0,0,0,0,0,0,1,0,0,0,0,0,0,0,0,0,0,,0,0,0,0,
5,6.21,0,17.4,28.5,0,0,0,-2.3,0,0,0,0,-16,0,0,0,0,-0.00229183,0,0,0,0,0,0,0,0,0,1,74,59,0,0.00034,0.00034,3,5,0,0,0,0,0,0,0,0,0,0,1,0,0,0,0,0,0,0,0,0,0,,0,0,0,0,
END,Total:6
START,FrameNb:160,CameraNb:0,HeSaiNb:0,ARS410Nb:0
2026/08/02 21:35:39:369---->
heightOffset:0,1785677739369,247536,selfCaliBufCnt:0,selfAccObjCnt:0,selfAccAngle:0,installHAngleOffset:0,Interpolation:0,installVAngleOffset:0,radarOffsetH:0,radarOffsetV:0.32,Polynom:-0.001023;-0.0511;-2.047;0;0;0;-0.001023;-0.0511;-2.047;-25.5;0;0,WheelDirection:0;0;0;0,selfAngleOffset:0,selfAngleOffsetPit:0,currCaliAngleHrz:0,currCaliAnglePit:0,selfCaliAngleHrz:0,selfCaliAnglePit:0,servCaliAngleHrz:0,servCaliAnglePit:0,offlineCaliAngleHrz:0,offlineCaliAnglePit:0,determine2useFlag:0,IMU_Z_Accel:-21.592,IMU_X_AngularRate:-2.093,IMU_Y_AngularRate:-2.093,IMU_RollAngle:-180,IMU_PitchAngle:-180,IMU_YawAngle:-180,FcwID:0,FCWWarningLevel:0,FCWTTC:0
0,1.99,0,16.55,38,0,0,0,7.65,1.25452e-34,0,0,0,-7,0,0,0,0,-0.00229183,0,0,0,0,0,0,0,0,0,1,87,53,0,0.00034,0.00034,3,5,0,0,0,0,0,0,0,0,0,0,1,0,1,0,0,0,0,0,0,0,0,,0,0,0,0,
1,2.77,0,70.6,29,0,0,0,2.55,0,0,0,0,21.5,0,0,0,0,-0.00229183,0,0,0,0,0,0,0,0,0,1,78,53,0,0.00034,0.00034,2,-1,0,0,0,0,0,0,0,0,0,0,1,0,1,0,0,0,0,0,0,0,0,,0,0,0,0,
2,3.36,0,14.7,40,0,0,0,4.75,0,0,0,0,-5.5,0,0,0,0,-0.00229183,0,0,0,0,0,0,0,0,0,1,89,53,0,0.00034,0.00034,3,0,0,0,0,0,0,0,0,0,0,0,1,0,1,0,0,0,0,0,0,0,0,,0,0,0,0,
3,5.34,0,11.5,24,0,0,0,-1.1,0,0,0,0,-24.5,0,0,0,0,-0.00229183,0,0,0,0,0,0,0,0,0,1,69,53,0,0.00034,0.00034,3,5,0,0,0,0,0,0,0,0,0,0,1,0,1,0,0,0,0,0,0,0,0,,0,0,0,0,
4,5.7,0,13.95,28.5,0,0,0,-1.35,0,0,0,0,-19.5,0,0,0,0,-0.00229183,0,0,0,0,0,0,0,0,0,1,73,53,0,0.00034,0.00034,3,5,0,0,0,0,0,0,0,0,0,0,1,0,1,0,0,0,0,0,0,0,0,,0,0,0,0,
5,6.21,0,17.2,29,0,0,0,-2.45,0,0,0,0,-16,0,0,0,0,-0.00229183,0,0,0,0,0,0,0,0,0,1,74,53,0,0.00034,0.00034,3,5,0,0,0,0,0,0,0,0,0,0,1,0,1,0,0,0,0,0,0,0,0,,0,0,0,0,
END,Total:6
START,FrameNb:161,CameraNb:0,HeSaiNb:0,ARS410Nb:0
2026/08/02 21:35:39:435---->
heightOffset:0,1785677739435,247592,selfCaliBufCnt:0,selfAccObjCnt:0,selfAccAngle:0,installHAngleOffset:0,Interpolation:0,installVAngleOffset:0,radarOffsetH:0,radarOffsetV:0.32,Polynom:-0.001023;-0.0511;-2.047;0;0;0;-0.001023;-0.0511;-2.047;-25.5;0;0,WheelDirection:0;0;0;0,selfAngleOffset:0,selfAngleOffsetPit:0,currCaliAngleHrz:0,currCaliAnglePit:0,selfCaliAngleHrz:0,selfCaliAnglePit:0,servCaliAngleHrz:0,servCaliAnglePit:0,offlineCaliAngleHrz:0,offlineCaliAnglePit:0,determine2useFlag:0,IMU_Z_Accel:-21.592,IMU_X_AngularRate:-2.093,IMU_Y_AngularRate:-2.093,IMU_RollAngle:-180,IMU_PitchAngle:-180,IMU_YawAngle:-180,FcwID:0,FCWWarningLevel:0,FCWTTC:0
0,1.98,0,16.55,37.5,0,0,0,7.7,1.25452e-34,0,0,0,-7,0,0,0,0,-0.00229183,0,0,0,0,0,0,0,0,0,1,87,59,0,0.00034,0.00034,3,5,0,0,0,0,0,0,0,0,0,0,1,0,0,0,0,0,0,0,0,0,0,,0,0,0,0,
1,2.77,0,70.6,29,0,0,0,2.55,0,0,0,0,21.5,0,0,0,0,-0.00229183,0,0,0,0,0,0,0,0,0,1,78,59,0,0.00034,0.00034,3,7,0,0,0,0,0,0,0,0,0,0,1,0,0,0,0,0,0,0,0,0,0,,0,0,0,0,
2,3.37,0,14.65,40,0,0,0,4.8,0,0,0,0,-5.5,0,0,0,0,-0.00229183,0,0,0,0,0,0,0,0,0,1,88,59,0,0.00034,0.00034,3,0,0,0,0,0,0,0,0,0,0,0,1,0,0,0,0,0,0,0,0,0,0,,0,0,0,0,
3,5.41,0,11.35,23.5,0,0,0,-0.6,0,0,0,0,-25,0,0,0,0,-0.00229183,0,0,0,0,0,0,0,0,0,1,69,59,0,0.00034,0.00034,3,5,0,0,0,0,0,0,0,0,0,0,1,0,0,0,0,0,0,0,0,0,0,,0,0,0,0,
4,5.74,0,13.95,28.5,0,0,0,-1.1,0,0,0,0,-19,0,0,0,0,-0.00229183,0,0,0,0,0,0,0,0,0,1,73,59,0,0.00034,0.00034,3,5,0,0,0,0,0,0,0,0,0,0,1,0,0,0,0,0,0,0,0,0,0,,0,0,0,0,
5,6.22,0,17.15,28.5,0,0,0,-2.35,0,0,0,0,-16,0,0,0,0,-0.00229183,0,0,0,0,0,0,0,0,0,1,74,59,0,0.00034,0.00034,3,5,0,0,0,0,0,0,0,0,0,0,1,0,0,0,0,0,0,0,0,0,0,,0,0,0,0,
END,Total:6
START,FrameNb:162,CameraNb:0,HeSaiNb:0,ARS410Nb:0
2026/08/02 21:35:39:523---->
heightOffset:0,1785677739523,247648,selfCaliBufCnt:0,selfAccObjCnt:0,selfAccAngle:0,installHAngleOffset:0,Interpolation:0,installVAngleOffset:0,radarOffsetH:0,radarOffsetV:0.32,Polynom:-0.001023;-0.0511;-2.047;0;0;0;-0.001023;-0.0511;-2.047;-25.5;0;0,WheelDirection:0;0;0;0,selfAngleOffset:0,selfAngleOffsetPit:0,currCaliAngleHrz:0,currCaliAnglePit:0,selfCaliAngleHrz:0,selfCaliAnglePit:0,servCaliAngleHrz:0,servCaliAnglePit:0,offlineCaliAngleHrz:0,offlineCaliAnglePit:0,determine2useFlag:0,IMU_Z_Accel:-21.592,IMU_X_AngularRate:-2.093,IMU_Y_AngularRate:-2.093,IMU_RollAngle:-180,IMU_PitchAngle:-180,IMU_YawAngle:-180,FcwID:0,FCWWarningLevel:0,FCWTTC:0
0,1.98,0,16.55,37.5,0,0,0,7.7,1.25452e-34,0,0,0,-7,0,0,0,0,-0.00229183,0,0,0,0,0,0,0,0,0,1,87,53,0,0.00034,0.00034,3,5,0,0,0,0,0,0,0,0,0,0,1,0,1,0,0,0,0,0,0,0,0,,0,0,0,0,
1,2.77,0,70.4,29,0,0,0,2.65,0,0,0,0,22,0,0,0,0,-0.00229183,0,0,0,0,0,0,0,0,0,1,78,53,0,0.00034,0.00034,3,5,0,0,0,0,0,0,0,0,0,0,1,0,1,0,0,0,0,0,0,0,0,,0,0,0,0,
2,3.36,0,14.65,40,0,0,0,4.7,0,0,0,0,-5.5,0,0,0,0,-0.00229183,0,0,0,0,0,0,0,0,0,1,88,53,0,0.00034,0.00034,3,0,0,0,0,0,0,0,0,0,0,0,1,0,1,0,0,0,0,0,0,0,0,,0,0,0,0,
3,5.36,0,11.45,24,0,0,0,-0.85,0,0,0,0,-25,0,0,0,0,-0.00229183,0,0,0,0,0,0,0,0,0,1,69,53,0,0.00034,0.00034,3,5,0,0,0,0,0,0,0,0,0,0,1,0,1,0,0,0,0,0,0,0,0,,0,0,0,0,
4,5.72,0,13.9,28,0,0,0,-1.25,0,0,0,0,-19,0,0,0,0,-0.00229183,0,0,0,0,0,0,0,0,0,1,73,53,0,0.00034,0.00034,3,5,0,0,0,0,0,0,0,0,0,0,1,0,1,0,0,0,0,0,0,0,0,,0,0,0,0,
5,6.21,0,17.2,29,0,0,0,-2.3,0,0,0,0,-16,0,0,0,0,-0.00229183,0,0,0,0,0,0,0,0,0,1,74,53,0,0.00034,0.00034,3,5,0,0,0,0,0,0,0,0,0,0,1,0,1,0,0,0,0,0,0,0,0,,0,0,0,0,
END,Total:6
START,FrameNb:163,CameraNb:0,HeSaiNb:0,ARS410Nb:0
2026/08/02 21:35:39:578---->
heightOffset:0,1785677739578,247700,selfCaliBufCnt:0,selfAccObjCnt:0,selfAccAngle:0,installHAngleOffset:0,Interpolation:0,installVAngleOffset:0,radarOffsetH:0,radarOffsetV:0.32,Polynom:-0.001023;-0.0511;-2.047;0;0;0;-0.001023;-0.0511;-2.047;-25.5;0;0,WheelDirection:0;0;0;0,selfAngleOffset:0,selfAngleOffsetPit:0,currCaliAngleHrz:0,currCaliAnglePit:0,selfCaliAngleHrz:0,selfCaliAnglePit:0,servCaliAngleHrz:0,servCaliAnglePit:0,offlineCaliAngleHrz:0,offlineCaliAnglePit:0,determine2useFlag:0,IMU_Z_Accel:-21.592,IMU_X_AngularRate:-2.093,IMU_Y_AngularRate:-2.093,IMU_RollAngle:-180,IMU_PitchAngle:-180,IMU_YawAngle:-180,FcwID:0,FCWWarningLevel:0,FCWTTC:0
0,1.98,0,16.55,38,0,0,0,7.7,1.25452e-34,0,0,0,-7,0,0,0,0,-0.00229183,0,0,0,0,0,0,0,0,0,1,87,58,0,0.00034,0.00034,3,5,0,0,0,0,0,0,0,0,0,0,1,0,0,0,0,0,0,0,0,0,0,,0,0,0,0,
1,2.96,0,70.3,29,0,0,0,2.4,0,0,0,0,22,0,0,0,0,-0.00229183,0,0,0,0,0,0,0,0,0,1,78,58,0,0.00034,0.00034,3,5,0,0,0,0,0,0,0,0,0,0,1,0,0,0,0,0,0,0,0,0,0,,0,0,0,0,
2,3.37,0,14.65,40,0,0,0,4.8,0,0,0,0,-5.5,0,0,0,0,-0.00229183,0,0,0,0,0,0,0,0,0,1,88,58,0,0.00034,0.00034,3,0,0,0,0,0,0,0,0,0,0,0,1,0,0,0,0,0,0,0,0,0,0,,0,0,0,0,
3,5.4,0,11.4,24,0,0,0,-0.6,0,0,0,0,-24.5,0,0,0,0,-0.00229183,0,0,0,0,0,0,0,0,0,1,69,58,0,0.00034,0.00034,3,5,0,0,0,0,0,0,0,0,0,0,1,0,0,0,0,0,0,0,0,0,0,,0,0,0,0,
4,5.73,0,13.95,28.5,0,0,0,-1.2,0,0,0,0,-19,0,0,0,0,-0.00229183,0,0,0,0,0,0,0,0,0,1,73,58,0,0.00034,0.00034,3,5,0,0,0,0,0,0,0,0,0,0,1,0,0,0,0,0,0,0,0,0,0,,0,0,0,0,
5,6.22,0,17.3,29,0,0,0,-2.55,0,0,0,0,-16,0,0,0,0,-0.00229183,0,0,0,0,0,0,0,0,0,1,74,58,0,0.00034,0.00034,3,5,0,0,0,0,0,0,0,0,0,0,1,0,0,0,0,0,0,0,0,0,0,,0,0,0,0,
END,Total:6
START,FrameNb:164,CameraNb:0,HeSaiNb:0,ARS410Nb:0
2026/08/02 21:35:39:618---->
heightOffset:0,1785677739618,247760,selfCaliBufCnt:0,selfAccObjCnt:0,selfAccAngle:0,installHAngleOffset:0,Interpolation:0,installVAngleOffset:0,radarOffsetH:0,radarOffsetV:0.32,Polynom:-0.001023;-0.0511;-2.047;0;0;0;-0.001023;-0.0511;-2.047;-25.5;0;0,WheelDirection:0;0;0;0,selfAngleOffset:0,selfAngleOffsetPit:0,currCaliAngleHrz:0,currCaliAnglePit:0,selfCaliAngleHrz:0,selfCaliAnglePit:0,servCaliAngleHrz:0,servCaliAnglePit:0,offlineCaliAngleHrz:0,offlineCaliAnglePit:0,determine2useFlag:0,IMU_Z_Accel:-21.592,IMU_X_AngularRate:-2.093,IMU_Y_AngularRate:-2.093,IMU_RollAngle:-180,IMU_PitchAngle:-180,IMU_YawAngle:-180,FcwID:0,FCWWarningLevel:0,FCWTTC:0
0,1.99,0,16.55,38,0,0,0,7.7,1.25452e-34,0,0,0,-7,0,0,0,0,-0.00229183,0,0,0,0,0,0,0,0,0,1,87,54,0,0.00034,0.00034,3,5,0,0,0,0,0,0,0,0,0,0,1,0,1,0,0,0,0,0,0,0,0,,0,0,0,0,
1,2.77,0,67,29.5,0,0,0,-10.55,0,0,0,0,18,0,0,0,0,-0.00229183,0,0,0,0,0,0,0,0,0,1,78,54,0,0.00034,0.00034,3,7,0,0,0,0,0,0,0,0,0,0,1,0,1,0,0,0,0,0,0,0,0,,0,0,0,0,
2,3.36,0,14.7,40,0,0,0,4.7,0,0,0,0,-5.5,0,0,0,0,-0.00229183,0,0,0,0,0,0,0,0,0,1,88,54,0,0.00034,0.00034,3,0,0,0,0,0,0,0,0,0,0,0,1,0,1,0,0,0,0,0,0,0,0,,0,0,0,0,
3,5.35,0,11.5,23.5,0,0,0,-0.75,0,0,0,0,-25,0,0,0,0,-0.00229183,0,0,0,0,0,0,0,0,0,1,69,54,0,0.00034,0.00034,3,5,0,0,0,0,0,0,0,0,0,0,1,0,1,0,0,0,0,0,0,0,0,,0,0,0,0,
4,5.73,0,13.9,28,0,0,0,-1.25,0,0,0,0,-19,0,0,0,0,-0.00229183,0,0,0,0,0,0,0,0,0,1,73,54,0,0.00034,0.00034,3,5,0,0,0,0,0,0,0,0,0,0,1,0,1,0,0,0,0,0,0,0,0,,0,0,0,0,
5,6.2,0,17.4,29,0,0,0,-2.45,0,0,0,0,-16,0,0,0,0,-0.00229183,0,0,0,0,0,0,0,0,0,1,74,54,0,0.00034,0.00034,3,5,0,0,0,0,0,0,0,0,0,0,1,0,1,0,0,0,0,0,0,0,0,,0,0,0,0,
END,Total:6
START,FrameNb:165,CameraNb:0,HeSaiNb:0,ARS410Nb:0
2026/08/02 21:35:39:666---->
heightOffset:0,1785677739666,247820,selfCaliBufCnt:0,selfAccObjCnt:0,selfAccAngle:0,installHAngleOffset:0,Interpolation:0,installVAngleOffset:0,radarOffsetH:0,radarOffsetV:0.32,Polynom:-0.001023;-0.0511;-2.047;0;0;0;-0.001023;-0.0511;-2.047;-25.5;0;0,WheelDirection:0;0;0;0,selfAngleOffset:0,selfAngleOffsetPit:0,currCaliAngleHrz:0,currCaliAnglePit:0,selfCaliAngleHrz:0,selfCaliAnglePit:0,servCaliAngleHrz:0,servCaliAnglePit:0,offlineCaliAngleHrz:0,offlineCaliAnglePit:0,determine2useFlag:0,IMU_Z_Accel:-21.592,IMU_X_AngularRate:-2.093,IMU_Y_AngularRate:-2.093,IMU_RollAngle:-180,IMU_PitchAngle:-180,IMU_YawAngle:-180,FcwID:0,FCWWarningLevel:0,FCWTTC:0
0,1.98,0,16.55,38,0,0,0,7.7,1.25452e-34,0,0,0,-7,0,0,0,0,-0.00229183,0,0,0,0,0,0,0,0,0,1,87,64,0,0.00034,0.00034,3,5,0,0,0,0,0,0,0,0,0,0,1,0,0,0,0,0,0,0,0,0,0,,0,0,0,0,
1,2.76,0,67.1,29.5,0,0,0,-10.55,0,0,0,0,18,0,0,0,0,-0.00229183,0,0,0,0,0,0,0,0,0,1,78,64,0,0.00034,0.00034,3,7,0,0,0,0,0,0,0,0,0,0,1,0,0,0,0,0,0,0,0,0,0,,0,0,0,0,
2,3.36,0,14.65,40,0,0,0,4.75,0,0,0,0,-5.5,0,0,0,0,-0.00229183,0,0,0,0,0,0,0,0,0,1,88,64,0,0.00034,0.00034,3,0,0,0,0,0,0,0,0,0,0,0,1,0,0,0,0,0,0,0,0,0,0,,0,0,0,0,
3,5.41,0,11.45,24,0,0,0,-0.75,0,0,0,0,-25,0,0,0,0,-0.00229183,0,0,0,0,0,0,0,0,0,1,69,64,0,0.00034,0.00034,3,5,0,0,0,0,0,0,0,0,0,0,1,0,0,0,0,0,0,0,0,0,0,,0,0,0,0,
4,5.75,0,13.9,28.5,0,0,0,-1,0,0,0,0,-19,0,0,0,0,-0.00229183,0,0,0,0,0,0,0,0,0,1,73,64,0,0.00034,0.00034,3,5,0,0,0,0,0,0,0,0,0,0,1,0,0,0,0,0,0,0,0,0,0,,0,0,0,0,
5,6.21,0,17.3,29,0,0,0,-2.55,0,0,0,0,-16,0,0,0,0,-0.00229183,0,0,0,0,0,0,0,0,0,1,74,64,0,0.00034,0.00034,3,5,0,0,0,0,0,0,0,0,0,0,1,0,0,0,0,0,0,0,0,0,0,,0,0,0,0,
END,Total:6
START,FrameNb:166,CameraNb:0,HeSaiNb:0,ARS410Nb:0
2026/08/02 21:35:39:712---->
heightOffset:0,1785677739712,247880,selfCaliBufCnt:0,selfAccObjCnt:0,selfAccAngle:0,installHAngleOffset:0,Interpolation:0,installVAngleOffset:0,radarOffsetH:0,radarOffsetV:0.32,Polynom:-0.001023;-0.0511;-2.047;0;0;0;-0.001023;-0.0511;-2.047;-25.5;0;0,WheelDirection:0;0;0;0,selfAngleOffset:0,selfAngleOffsetPit:0,currCaliAngleHrz:0,currCaliAnglePit:0,selfCaliAngleHrz:0,selfCaliAnglePit:0,servCaliAngleHrz:0,servCaliAnglePit:0,offlineCaliAngleHrz:0,offlineCaliAnglePit:0,determine2useFlag:0,IMU_Z_Accel:-21.592,IMU_X_AngularRate:-2.093,IMU_Y_AngularRate:-2.093,IMU_RollAngle:-180,IMU_PitchAngle:-180,IMU_YawAngle:-180,FcwID:0,FCWWarningLevel:0,FCWTTC:0
0,1.99,0,16.55,37.5,0,0,0,7.7,1.25452e-34,0,0,0,-7,0,0,0,0,-0.00229183,0,0,0,0,0,0,0,0,0,1,87,56,0,0.00034,0.00034,3,5,0,0,0,0,0,0,0,0,0,0,1,0,1,0,0,0,0,0,0,0,0,,0,0,0,0,
1,2.77,0,67.1,29.5,0,0,0,-10.45,0,0,0,0,18.5,0,0,0,0,-0.00229183,0,0,0,0,0,0,0,0,0,1,79,56,0,0.00034,0.00034,3,7,0,0,0,0,0,0,0,0,0,0,1,0,1,0,0,0,0,0,0,0,0,,0,0,0,0,
2,3.36,0,14.65,40,0,0,0,4.8,0,0,0,0,-5.5,0,0,0,0,-0.00229183,0,0,0,0,0,0,0,0,0,1,89,56,0,0.00034,0.00034,3,0,0,0,0,0,0,0,0,0,0,0,1,0,1,0,0,0,0,0,0,0,0,,0,0,0,0,
3,5.41,0,11.55,24,0,0,0,-0.55,0,0,0,0,-25,0,0,0,0,-0.00229183,0,0,0,0,0,0,0,0,0,1,69,56,0,0.00034,0.00034,3,5,0,0,0,0,0,0,0,0,0,0,1,0,1,0,0,0,0,0,0,0,0,,0,0,0,0,
4,5.76,0,13.9,28,0,0,0,-1.2,0,0,0,0,-19,0,0,0,0,-0.00229183,0,0,0,0,0,0,0,0,0,1,73,56,0,0.00034,0.00034,3,5,0,0,0,0,0,0,0,0,0,0,1,0,1,0,0,0,0,0,0,0,0,,0,0,0,0,
5,6.21,0,17.15,28.5,0,0,0,-2.55,0,0,0,0,-16,0,0,0,0,-0.00229183,0,0,0,0,0,0,0,0,0,1,74,56,0,0.00034,0.00034,3,5,0,0,0,0,0,0,0,0,0,0,1,0,1,0,0,0,0,0,0,0,0,,0,0,0,0,
END,Total:6
START,FrameNb:167,CameraNb:0,HeSaiNb:0,ARS410Nb:0
2026/08/02 21:35:39:772---->
heightOffset:0,1785677739772,247932,selfCaliBufCnt:0,selfAccObjCnt:0,selfAccAngle:0,installHAngleOffset:0,Interpolation:0,installVAngleOffset:0,radarOffsetH:0,radarOffsetV:0.32,Polynom:-0.001023;-0.0511;-2.047;0;0;0;-0.001023;-0.0511;-2.047;-25.5;0;0,WheelDirection:0;0;0;0,selfAngleOffset:0,selfAngleOffsetPit:0,currCaliAngleHrz:0,currCaliAnglePit:0,selfCaliAngleHrz:0,selfCaliAnglePit:0,servCaliAngleHrz:0,servCaliAnglePit:0,offlineCaliAngleHrz:0,offlineCaliAnglePit:0,determine2useFlag:0,IMU_Z_Accel:-21.592,IMU_X_AngularRate:-2.093,IMU_Y_AngularRate:-2.093,IMU_RollAngle:-180,IMU_PitchAngle:-180,IMU_YawAngle:-180,FcwID:0,FCWWarningLevel:0,FCWTTC:0
0,1.98,0,16.55,38,0,0,0,7.7,1.25452e-34,0,0,0,-7,0,0,0,0,-0.00229183,0,0,0,0,0,0,0,0,0,1,87,57,0,0.00034,0.00034,3,5,0,0,0,0,0,0,0,0,0,0,1,0,0,0,0,0,0,0,0,0,0,,0,0,0,0,
1,2.76,0,67.1,29.5,0,0,0,-10.55,0,0,0,0,18.5,0,0,0,0,-0.00229183,0,0,0,0,0,0,0,0,0,1,79,57,0,0.00034,0.00034,3,7,0,0,0,0,0,0,0,0,0,0,1,0,0,0,0,0,0,0,0,0,0,,0,0,0,0,
2,3.37,0,14.65,40,0,0,0,4.9,0,0,0,0,-5.5,0,0,0,0,-0.00229183,0,0,0,0,0,0,0,0,0,1,88,57,0,0.00034,0.00034,3,0,0,0,0,0,0,0,0,0,0,0,1,0,0,0,0,0,0,0,0,0,0,,0,0,0,0,
3,5.36,0,11.5,23.5,0,0,0,-0.85,0,0,0,0,-25,0,0,0,0,-0.00229183,0,0,0,0,0,0,0,0,0,1,69,57,0,0.00034,0.00034,3,5,0,0,0,0,0,0,0,0,0,0,1,0,0,0,0,0,0,0,0,0,0,,0,0,0,0,
4,5.75,0,13.95,28.5,0,0,0,-1.05,0,0,0,0,-19,0,0,0,0,-0.00229183,0,0,0,0,0,0,0,0,0,1,73,57,0,0.00034,0.00034,3,5,0,0,0,0,0,0,0,0,0,0,1,0,0,0,0,0,0,0,0,0,0,,0,0,0,0,
5,6.22,0,17.15,29,0,0,0,-2.45,0,0,0,0,-16,0,0,0,0,-0.00229183,0,0,0,0,0,0,0,0,0,1,74,57,0,0.00034,0.00034,3,5,0,0,0,0,0,0,0,0,0,0,1,0,0,0,0,0,0,0,0,0,0,,0,0,0,0,
END,Total:6
START,FrameNb:168,CameraNb:0,HeSaiNb:0,ARS410Nb:0
2026/08/02 21:35:39:834---->
heightOffset:0,1785677739834,247992,selfCaliBufCnt:0,selfAccObjCnt:0,selfAccAngle:0,installHAngleOffset:0,Interpolation:0,installVAngleOffset:0,radarOffsetH:0,radarOffsetV:0.32,Polynom:-0.001023;-0.0511;-2.047;0;0;0;-0.001023;-0.0511;-2.047;-25.5;0;0,WheelDirection:0;0;0;0,selfAngleOffset:0,selfAngleOffsetPit:0,currCaliAngleHrz:0,currCaliAnglePit:0,selfCaliAngleHrz:0,selfCaliAnglePit:0,servCaliAngleHrz:0,servCaliAnglePit:0,offlineCaliAngleHrz:0,offlineCaliAnglePit:0,determine2useFlag:0,IMU_Z_Accel:-21.592,IMU_X_AngularRate:-2.093,IMU_Y_AngularRate:-2.093,IMU_RollAngle:-180,IMU_PitchAngle:-180,IMU_YawAngle:-180,FcwID:0,FCWWarningLevel:0,FCWTTC:0
0,1.99,0,16.55,37.5,0,0,0,7.7,1.25452e-34,0,0,0,-7,0,0,0,0,-0.00229183,0,0,0,0,0,0,0,0,0,1,87,54,0,0.00034,0.00034,3,5,0,0,0,0,0,0,0,0,0,0,1,0,1,0,0,0,0,0,0,0,0,,0,0,0,0,
1,2.77,0,-7.05,29.5,0,0,0,-15,0,0,0,0,-17.5,0,0,0,0,-0.00229183,0,0,0,0,0,0,0,0,0,1,79,54,0,0.00034,0.00034,3,7,0,0,0,0,0,0,0,0,0,0,1,0,1,0,0,0,0,0,0,0,0,,0,0,0,0,
2,3.36,0,14.65,40,0,0,0,4.9,0,0,0,0,-5,0,0,0,0,-0.00229183,0,0,0,0,0,0,0,0,0,1,89,54,0,0.00034,0.00034,3,0,0,0,0,0,0,0,0,0,0,0,1,0,1,0,0,0,0,0,0,0,0,,0,0,0,0,
3,5.36,0,11.5,23.5,0,0,0,-0.75,0,0,0,0,-25,0,0,0,0,-0.00229183,0,0,0,0,0,0,0,0,0,1,69,54,0,0.00034,0.00034,3,5,0,0,0,0,0,0,0,0,0,0,1,0,1,0,0,0,0,0,0,0,0,,0,0,0,0,
4,5.75,0,-44.15,28,0,0,0,5.55,0,0,0,0,-4,0,0,0,0,-0.00229183,0,0,0,0,0,0,0,0,0,1,73,54,0,0.00034,0.00034,2,-1,0,0,0,0,0,0,0,0,0,0,1,0,1,0,0,0,0,0,0,0,0,,0,0,0,0,
5,6.21,0,17.05,29,0,0,0,-2.55,0,0,0,0,-16,0,0,0,0,-0.00229183,0,0,0,0,0,0,0,0,0,1,74,54,0,0.00034,0.00034,3,5,0,0,0,0,0,0,0,0,0,0,1,0,1,0,0,0,0,0,0,0,0,,0,0,0,0,
END,Total:6
START,FrameNb:169,CameraNb:0,HeSaiNb:0,ARS410Nb:0
2026/08/02 21:35:39:925---->
heightOffset:0,1785677739925,248044,selfCaliBufCnt:0,selfAccObjCnt:0,selfAccAngle:0,installHAngleOffset:0,Interpolation:0,installVAngleOffset:0,radarOffsetH:0,radarOffsetV:0.32,Polynom:-0.001023;-0.0511;-2.047;0;0;0;-0.001023;-0.0511;-2.047;-25.5;0;0,WheelDirection:0;0;0;0,selfAngleOffset:0,selfAngleOffsetPit:0,currCaliAngleHrz:0,currCaliAnglePit:0,selfCaliAngleHrz:0,selfCaliAnglePit:0,servCaliAngleHrz:0,servCaliAnglePit:0,offlineCaliAngleHrz:0,offlineCaliAnglePit:0,determine2useFlag:0,IMU_Z_Accel:-21.592,IMU_X_AngularRate:-2.093,IMU_Y_AngularRate:-2.093,IMU_RollAngle:-180,IMU_PitchAngle:-180,IMU_YawAngle:-180,FcwID:0,FCWWarningLevel:0,FCWTTC:0
0,1.98,0,16.55,38,0,0,0,7.7,1.25452e-34,0,0,0,-7,0,0,0,0,-0.00229183,0,0,0,0,0,0,0,0,0,1,87,58,0,0.00034,0.00034,3,5,0,0,0,0,0,0,0,0,0,0,1,0,0,0,0,0,0,0,0,0,0,,0,0,0,0,
1,2.76,0,-7.05,29.5,0,0,0,-15,0,0,0,0,-18,0,0,0,0,-0.00229183,0,0,0,0,0,0,0,0,0,1,78,58,0,0.00034,0.00034,3,5,0,0,0,0,0,0,0,0,0,0,1,0,0,0,0,0,0,0,0,0,0,,0,0,0,0,
2,3.37,0,14.65,40,0,0,0,4.9,0,0,0,0,-5.5,0,0,0,0,-0.00229183,0,0,0,0,0,0,0,0,0,1,89,58,0,0.00034,0.00034,3,0,0,0,0,0,0,0,0,0,0,0,1,0,0,0,0,0,0,0,0,0,0,,0,0,0,0,
3,5.41,0,11.4,24,0,0,0,-0.45,0,0,0,0,-25,0,0,0,0,-0.00229183,0,0,0,0,0,0,0,0,0,1,69,58,0,0.00034,0.00034,3,5,0,0,0,0,0,0,0,0,0,0,1,0,0,0,0,0,0,0,0,0,0,,0,0,0,0,
4,5.77,0,14,29,0,0,0,-1,0,0,0,0,-18.5,0,0,0,0,-0.00229183,0,0,0,0,0,0,0,0,0,1,74,58,0,0.00034,0.00034,3,5,0,0,0,0,0,0,0,0,0,0,1,0,0,0,0,0,0,0,0,0,0,,0,0,0,0,
5,6.22,0,17.1,29,0,0,0,-2.35,0,0,0,0,-16,0,0,0,0,-0.00229183,0,0,0,0,0,0,0,0,0,1,74,58,0,0.00034,0.00034,3,5,0,0,0,0,0,0,0,0,0,0,1,0,0,0,0,0,0,0,0,0,0,,0,0,0,0,
END,Total:6
START,FrameNb:170,CameraNb:0,HeSaiNb:0,ARS410Nb:0
2026/08/02 21:35:39:999---->
heightOffset:0,1785677739999,248104,selfCaliBufCnt:0,selfAccObjCnt:0,selfAccAngle:0,installHAngleOffset:0,Interpolation:0,installVAngleOffset:0,radarOffsetH:0,radarOffsetV:0.32,Polynom:-0.001023;-0.0511;-2.047;0;0;0;-0.001023;-0.0511;-2.047;-25.5;0;0,WheelDirection:0;0;0;0,selfAngleOffset:0,selfAngleOffsetPit:0,currCaliAngleHrz:0,currCaliAnglePit:0,selfCaliAngleHrz:0,selfCaliAnglePit:0,servCaliAngleHrz:0,servCaliAnglePit:0,offlineCaliAngleHrz:0,offlineCaliAnglePit:0,determine2useFlag:0,IMU_Z_Accel:-21.592,IMU_X_AngularRate:-2.093,IMU_Y_AngularRate:-2.093,IMU_RollAngle:-180,IMU_PitchAngle:-180,IMU_YawAngle:-180,FcwID:0,FCWWarningLevel:0,FCWTTC:0
0,1.98,0,16.55,38,0,0,0,7.7,1.25452e-34,0,0,0,-7,0,0,0,0,-0.00229183,0,0,0,0,0,0,0,0,0,1,87,53,0,0.00034,0.00034,3,5,0,0,0,0,0,0,0,0,0,0,1,0,1,0,0,0,0,0,0,0,0,,0,0,0,0,
1,2.76,0,-7.05,29.5,0,0,0,-15,0,0,0,0,-18,0,0,0,0,-0.00229183,0,0,0,0,0,0,0,0,0,1,78,53,0,0.00034,0.00034,3,5,0,0,0,0,0,0,0,0,0,0,1,0,1,0,0,0,0,0,0,0,0,,0,0,0,0,
2,3.36,0,14.65,40.5,0,0,0,4.95,0,0,0,0,-5,0,0,0,0,-0.00229183,0,0,0,0,0,0,0,0,0,1,89,53,0,0.00034,0.00034,3,0,0,0,0,0,0,0,0,0,0,0,1,0,1,0,0,0,0,0,0,0,0,,0,0,0,0,
3,5.36,0,11.4,24,0,0,0,-0.45,0,0,0,0,-25,0,0,0,0,-0.00229183,0,0,0,0,0,0,0,0,0,1,69,53,0,0.00034,0.00034,3,5,0,0,0,0,0,0,0,0,0,0,1,0,1,0,0,0,0,0,0,0,0,,0,0,0,0,
4,5.76,0,-44.05,28.5,0,0,0,5.45,0,0,0,0,-4,0,0,0,0,-0.00229183,0,0,0,0,0,0,0,0,0,1,73,53,0,0.00034,0.00034,2,-1,0,0,0,0,0,0,0,0,0,0,1,0,1,0,0,0,0,0,0,0,0,,0,0,0,0,
5,6.2,0,17.15,29,0,0,0,-2.35,0,0,0,0,-16,0,0,0,0,-0.00229183,0,0,0,0,0,0,0,0,0,1,74,53,0,0.00034,0.00034,3,5,0,0,0,0,0,0,0,0,0,0,1,0,1,0,0,0,0,0,0,0,0,,0,0,0,0,
END,Total:6
START,FrameNb:171,CameraNb:0,HeSaiNb:0,ARS410Nb:0
2026/08/02 21:35:40:017---->
heightOffset:0,1785677740017,248160,selfCaliBufCnt:0,selfAccObjCnt:0,selfAccAngle:0,installHAngleOffset:0,Interpolation:0,installVAngleOffset:0,radarOffsetH:0,radarOffsetV:0.32,Polynom:-0.001023;-0.0511;-2.047;0;0;0;-0.001023;-0.0511;-2.047;-25.5;0;0,WheelDirection:0;0;0;0,selfAngleOffset:0,selfAngleOffsetPit:0,currCaliAngleHrz:0,currCaliAnglePit:0,selfCaliAngleHrz:0,selfCaliAnglePit:0,servCaliAngleHrz:0,servCaliAnglePit:0,offlineCaliAngleHrz:0,offlineCaliAnglePit:0,determine2useFlag:0,IMU_Z_Accel:-21.592,IMU_X_AngularRate:-2.093,IMU_Y_AngularRate:-2.093,IMU_RollAngle:-180,IMU_PitchAngle:-180,IMU_YawAngle:-180,FcwID:0,FCWWarningLevel:0,FCWTTC:0
0,1.98,0,16.55,38,0,0,0,7.7,1.25452e-34,0,0,0,-7,0,0,0,0,-0.00229183,0,0,0,0,0,0,0,0,0,1,87,61,0,0.00034,0.00034,3,5,0,0,0,0,0,0,0,0,0,0,1,0,0,0,0,0,0,0,0,0,0,,0,0,0,0,
1,3.36,0,14.65,40.5,0,0,0,4.9,0,0,0,0,-5,0,0,0,0,-0.00229183,0,0,0,0,0,0,0,0,0,1,89,61,0,0.00034,0.00034,3,0,0,0,0,0,0,0,0,0,0,0,1,0,0,0,0,0,0,0,0,0,0,,0,0,0,0,
2,5.3,0,11.4,24,0,0,0,-0.85,0,0,0,0,-25,0,0,0,0,-0.00229183,0,0,0,0,0,0,0,0,0,1,69,61,0,0.00034,0.00034,3,5,0,0,0,0,0,0,0,0,0,0,1,0,0,0,0,0,0,0,0,0,0,,0,0,0,0,
3,5.75,0,13.9,29,0,0,0,-1.05,0,0,0,0,-18.5,0,0,0,0,-0.00229183,0,0,0,0,0,0,0,0,0,1,74,61,0,0.00034,0.00034,3,5,0,0,0,0,0,0,0,0,0,0,1,0,0,0,0,0,0,0,0,0,0,,0,0,0,0,
4,6.21,0,17.2,28.5,0,0,0,-2.3,0,0,0,0,-16,0,0,0,0,-0.00229183,0,0,0,0,0,0,0,0,0,1,74,61,0,0.00034,0.00034,3,5,0,0,0,0,0,0,0,0,0,0,1,0,0,0,0,0,0,0,0,0,0,,0,0,0,0,
END,Total:5
START,FrameNb:172,CameraNb:0,HeSaiNb:0,ARS410Nb:0
2026/08/02 21:35:40:110---->
heightOffset:0,1785677740110,248224,selfCaliBufCnt:0,selfAccObjCnt:0,selfAccAngle:0,installHAngleOffset:0,Interpolation:0,installVAngleOffset:0,radarOffsetH:0,radarOffsetV:0.32,Polynom:-0.001023;-0.0511;-2.047;0;0;0;-0.001023;-0.0511;-2.047;-25.5;0;0,WheelDirection:0;0;0;0,selfAngleOffset:0,selfAngleOffsetPit:0,currCaliAngleHrz:0,currCaliAnglePit:0,selfCaliAngleHrz:0,selfCaliAnglePit:0,servCaliAngleHrz:0,servCaliAnglePit:0,offlineCaliAngleHrz:0,offlineCaliAnglePit:0,determine2useFlag:0,IMU_Z_Accel:-21.592,IMU_X_AngularRate:-2.093,IMU_Y_AngularRate:-2.093,IMU_RollAngle:-180,IMU_PitchAngle:-180,IMU_YawAngle:-180,FcwID:0,FCWWarningLevel:0,FCWTTC:0
0,1.98,0,16.55,38,0,0,0,7.7,1.25452e-34,0,0,0,-7,0,0,0,0,-0.00229183,0,0,0,0,0,0,0,0,0,1,87,58,0,0.00034,0.00034,3,5,0,0,0,0,0,0,0,0,0,0,1,0,1,0,0,0,0,0,0,0,0,,0,0,0,0,
1,3.36,0,14.65,40,0,0,0,4.75,0,0,0,0,-5,0,0,0,0,-0.00229183,0,0,0,0,0,0,0,0,0,1,89,58,0,0.00034,0.00034,3,0,0,0,0,0,0,0,0,0,0,0,1,0,1,0,0,0,0,0,0,0,0,,0,0,0,0,
2,5.37,0,11.55,24,0,0,0,-0.95,0,0,0,0,-25,0,0,0,0,-0.00229183,0,0,0,0,0,0,0,0,0,1,69,58,0,0.00034,0.00034,3,5,0,0,0,0,0,0,0,0,0,0,1,0,1,0,0,0,0,0,0,0,0,,0,0,0,0,
3,5.73,0,-44.05,28.5,0,0,0,5.45,0,0,0,0,-4,0,0,0,0,-0.00229183,0,0,0,0,0,0,0,0,0,1,73,58,0,0.00034,0.00034,2,-1,0,0,0,0,0,0,0,0,0,0,1,0,1,0,0,0,0,0,0,0,0,,0,0,0,0,
4,6.19,0,17.2,28.5,0,0,0,-2.35,0,0,0,0,-16,0,0,0,0,-0.00229183,0,0,0,0,0,0,0,0,0,1,74,58,0,0.00034,0.00034,3,5,0,0,0,0,0,0,0,0,0,0,1,0,1,0,0,0,0,0,0,0,0,,0,0,0,0,
END,Total:5
START,FrameNb:173,CameraNb:0,HeSaiNb:0,ARS410Nb:0
2026/08/02 21:35:40:166---->
heightOffset:0,1785677740166,248276,selfCaliBufCnt:0,selfAccObjCnt:0,selfAccAngle:0,installHAngleOffset:0,Interpolation:0,installVAngleOffset:0,radarOffsetH:0,radarOffsetV:0.32,Polynom:-0.001023;-0.0511;-2.047;0;0;0;-0.001023;-0.0511;-2.047;-25.5;0;0,WheelDirection:0;0;0;0,selfAngleOffset:0,selfAngleOffsetPit:0,currCaliAngleHrz:0,currCaliAnglePit:0,selfCaliAngleHrz:0,selfCaliAnglePit:0,servCaliAngleHrz:0,servCaliAnglePit:0,offlineCaliAngleHrz:0,offlineCaliAnglePit:0,determine2useFlag:0,IMU_Z_Accel:-21.592,IMU_X_AngularRate:-2.093,IMU_Y_AngularRate:-2.093,IMU_RollAngle:-180,IMU_PitchAngle:-180,IMU_YawAngle:-180,FcwID:0,FCWWarningLevel:0,FCWTTC:0
0,1.98,0,16.55,38,0,0,0,7.7,1.25452e-34,0,0,0,-7,0,0,0,0,-0.00229183,0,0,0,0,0,0,0,0,0,1,87,60,0,0.00034,0.00034,3,5,0,0,0,0,0,0,0,0,0,0,1,0,0,0,0,0,0,0,0,0,0,,0,0,0,0,
1,2.75,0,-8.8,28.5,0,0,0,-13.75,0,0,0,0,-18.5,0,0,0,0,-0.00229183,0,0,0,0,0,0,0,0,0,1,78,60,0,0.00034,0.00034,3,5,0,0,0,0,0,0,0,0,0,0,1,0,0,0,0,0,0,0,0,0,0,,0,0,0,0,
2,3.36,0,14.6,40,0,0,0,4.55,0,0,0,0,-5,0,0,0,0,-0.00229183,0,0,0,0,0,0,0,0,0,1,89,60,0,0.00034,0.00034,3,0,0,0,0,0,0,0,0,0,0,0,1,0,0,0,0,0,0,0,0,0,0,,0,0,0,0,
3,5.3,0,11.35,24,0,0,0,-0.95,0,0,0,0,-24.5,0,0,0,0,-0.00229183,0,0,0,0,0,0,0,0,0,1,69,60,0,0.00034,0.00034,3,5,0,0,0,0,0,0,0,0,0,0,1,0,0,0,0,0,0,0,0,0,0,,0,0,0,0,
4,5.73,0,-44.15,28.5,0,0,0,5.45,0,0,0,0,-4,0,0,0,0,-0.00229183,0,0,0,0,0,0,0,0,0,1,73,60,0,0.00034,0.00034,3,5,0,0,0,0,0,0,0,0,0,0,1,0,0,0,0,0,0,0,0,0,0,,0,0,0,0,
5,6.19,0,17.15,28.5,0,0,0,-2.25,0,0,0,0,-16,0,0,0,0,-0.00229183,0,0,0,0,0,0,0,0,0,1,74,60,0,0.00034,0.00034,3,5,0,0,0,0,0,0,0,0,0,0,1,0,0,0,0,0,0,0,0,0,0,,0,0,0,0,
END,Total:6
START,FrameNb:174,CameraNb:0,HeSaiNb:0,ARS410Nb:0
2026/08/02 21:35:40:180---->
heightOffset:0,1785677740180,248336,selfCaliBufCnt:0,selfAccObjCnt:0,selfAccAngle:0,installHAngleOffset:0,Interpolation:0,installVAngleOffset:0,radarOffsetH:0,radarOffsetV:0.32,Polynom:-0.001023;-0.0511;-2.047;0;0;0;-0.001023;-0.0511;-2.047;-25.5;0;0,WheelDirection:0;0;0;0,selfAngleOffset:0,selfAngleOffsetPit:0,currCaliAngleHrz:0,currCaliAnglePit:0,selfCaliAngleHrz:0,selfCaliAnglePit:0,servCaliAngleHrz:0,servCaliAnglePit:0,offlineCaliAngleHrz:0,offlineCaliAnglePit:0,determine2useFlag:0,IMU_Z_Accel:-21.592,IMU_X_AngularRate:-2.093,IMU_Y_AngularRate:-2.093,IMU_RollAngle:-180,IMU_PitchAngle:-180,IMU_YawAngle:-180,FcwID:0,FCWWarningLevel:0,FCWTTC:0
0,1.99,0,16.55,37.5,0,0,0,7.7,1.25452e-34,0,0,0,-7,0,0,0,0,-0.00229183,0,0,0,0,0,0,0,0,0,1,87,53,0,0.00034,0.00034,3,5,0,0,0,0,0,0,0,0,0,0,1,0,1,0,0,0,0,0,0,0,0,,0,0,0,0,
1,3.36,0,14.65,40,0,0,0,4.45,0,0,0,0,-5,0,0,0,0,-0.00229183,0,0,0,0,0,0,0,0,0,1,89,53,0,0.00034,0.00034,3,0,0,0,0,0,0,0,0,0,0,0,1,0,1,0,0,0,0,0,0,0,0,,0,0,0,0,
2,5.37,0,11.55,24,0,0,0,-1,0,0,0,0,-24.5,0,0,0,0,-0.00229183,0,0,0,0,0,0,0,0,0,1,69,53,0,0.00034,0.00034,3,5,0,0,0,0,0,0,0,0,0,0,1,0,1,0,0,0,0,0,0,0,0,,0,0,0,0,
3,5.77,0,-44.35,28.5,0,0,0,5.45,0,0,0,0,-3.5,0,0,0,0,-0.00229183,0,0,0,0,0,0,0,0,0,1,74,53,0,0.00034,0.00034,3,5,0,0,0,0,0,0,0,0,0,0,1,0,1,0,0,0,0,0,0,0,0,,0,0,0,0,
4,6.09,0,17.15,29,0,0,0,-2.35,0,0,0,0,-16,0,0,0,0,-0.00229183,0,0,0,0,0,0,0,0,0,1,74,53,0,0.00034,0.00034,3,5,0,0,0,0,0,0,0,0,0,0,1,0,1,0,0,0,0,0,0,0,0,,0,0,0,0,
END,Total:5
START,FrameNb:175,CameraNb:0,HeSaiNb:0,ARS410Nb:0
2026/08/02 21:35:40:231---->
heightOffset:0,1785677740231,248388,selfCaliBufCnt:0,selfAccObjCnt:0,selfAccAngle:0,installHAngleOffset:0,Interpolation:0,installVAngleOffset:0,radarOffsetH:0,radarOffsetV:0.32,Polynom:-0.001023;-0.0511;-2.047;0;0;0;-0.001023;-0.0511;-2.047;-25.5;0;0,WheelDirection:0;0;0;0,selfAngleOffset:0,selfAngleOffsetPit:0,currCaliAngleHrz:0,currCaliAnglePit:0,selfCaliAngleHrz:0,selfCaliAnglePit:0,servCaliAngleHrz:0,servCaliAnglePit:0,offlineCaliAngleHrz:0,offlineCaliAnglePit:0,determine2useFlag:0,IMU_Z_Accel:-21.592,IMU_X_AngularRate:-2.093,IMU_Y_AngularRate:-2.093,IMU_RollAngle:-180,IMU_PitchAngle:-180,IMU_YawAngle:-180,FcwID:0,FCWWarningLevel:0,FCWTTC:0
0,1.98,0,16.55,38,0,0,0,7.7,1.25452e-34,0,0,0,-7,0,0,0,0,-0.00229183,0,0,0,0,0,0,0,0,0,1,87,58,0,0.00034,0.00034,3,5,0,0,0,0,0,0,0,0,0,0,1,0,0,0,0,0,0,0,0,0,0,,0,0,0,0,
1,2.96,0,-6.95,29,0,0,0,-15,0,0,0,0,-18,0,0,0,0,-0.00229183,0,0,0,0,0,0,0,0,0,1,78,58,0,0.00034,0.00034,3,5,0,0,0,0,0,0,0,0,0,0,1,0,0,0,0,0,0,0,0,0,0,,0,0,0,0,
2,3.36,0,14.6,40,0,0,0,4.3,0,0,0,0,-5.5,0,0,0,0,-0.00229183,0,0,0,0,0,0,0,0,0,1,89,58,0,0.00034,0.00034,3,0,0,0,0,0,0,0,0,0,0,0,1,0,0,0,0,0,0,0,0,0,0,,0,0,0,0,
3,5.35,0,11.5,24.5,0,0,0,-0.85,0,0,0,0,-24.5,0,0,0,0,-0.00229183,0,0,0,0,0,0,0,0,0,1,69,58,0,0.00034,0.00034,3,5,0,0,0,0,0,0,0,0,0,0,1,0,0,0,0,0,0,0,0,0,0,,0,0,0,0,
4,5.71,0,-44.2,29,0,0,0,5.4,0,0,0,0,-3.5,0,0,0,0,-0.00229183,0,0,0,0,0,0,0,0,0,1,74,58,0,0.00034,0.00034,3,5,0,0,0,0,0,0,0,0,0,0,1,0,0,0,0,0,0,0,0,0,0,,0,0,0,0,
5,6.11,0,17.15,29,0,0,0,-2.25,0,0,0,0,-16,0,0,0,0,-0.00229183,0,0,0,0,0,0,0,0,0,1,74,58,0,0.00034,0.00034,3,5,0,0,0,0,0,0,0,0,0,0,1,0,0,0,0,0,0,0,0,0,0,,0,0,0,0,
END,Total:6
START,FrameNb:176,CameraNb:0,HeSaiNb:0,ARS410Nb:0
2026/08/02 21:35:40:346---->
heightOffset:0,1785677740346,248444,selfCaliBufCnt:0,selfAccObjCnt:0,selfAccAngle:0,installHAngleOffset:0,Interpolation:0,installVAngleOffset:0,radarOffsetH:0,radarOffsetV:0.32,Polynom:-0.001023;-0.0511;-2.047;0;0;0;-0.001023;-0.0511;-2.047;-25.5;0;0,WheelDirection:0;0;0;0,selfAngleOffset:0,selfAngleOffsetPit:0,currCaliAngleHrz:0,currCaliAnglePit:0,selfCaliAngleHrz:0,selfCaliAnglePit:0,servCaliAngleHrz:0,servCaliAnglePit:0,offlineCaliAngleHrz:0,offlineCaliAnglePit:0,determine2useFlag:0,IMU_Z_Accel:-21.592,IMU_X_AngularRate:-2.093,IMU_Y_AngularRate:-2.093,IMU_RollAngle:-180,IMU_PitchAngle:-180,IMU_YawAngle:-180,FcwID:0,FCWWarningLevel:0,FCWTTC:0
0,1.98,0,16.55,37.5,0,0,0,7.7,1.25452e-34,0,0,0,-7,0,0,0,0,-0.00229183,0,0,0,0,0,0,0,0,0,1,87,53,0,0.00034,0.00034,3,5,0,0,0,0,0,0,0,0,0,0,1,0,1,0,0,0,0,0,0,0,0,,0,0,0,0,
1,2.96,0,-6.85,29,0,0,0,-15,0,0,0,0,-18,0,0,0,0,-0.00229183,0,0,0,0,0,0,0,0,0,1,78,53,0,0.00034,0.00034,3,5,0,0,0,0,0,0,0,0,0,0,1,0,1,0,0,0,0,0,0,0,0,,0,0,0,0,
2,3.36,0,14.55,40,0,0,0,4.3,0,0,0,0,-5.5,0,0,0,0,-0.00229183,0,0,0,0,0,0,0,0,0,1,89,53,0,0.00034,0.00034,3,0,0,0,0,0,0,0,0,0,0,0,1,0,1,0,0,0,0,0,0,0,0,,0,0,0,0,
3,5.38,0,11.55,24,0,0,0,-0.7,0,0,0,0,-24.5,0,0,0,0,-0.00229183,0,0,0,0,0,0,0,0,0,1,69,53,0,0.00034,0.00034,3,5,0,0,0,0,0,0,0,0,0,0,1,0,1,0,0,0,0,0,0,0,0,,0,0,0,0,
4,5.73,0,-44.5,28.5,0,0,0,5.55,0,0,0,0,-4,0,0,0,0,-0.00229183,0,0,0,0,0,0,0,0,0,1,73,53,0,0.00034,0.00034,3,5,0,0,0,0,0,0,0,0,0,0,1,0,1,0,0,0,0,0,0,0,0,,0,0,0,0,
5,6.09,0,17.05,29,0,0,0,-2.45,0,0,0,0,-16,0,0,0,0,-0.00229183,0,0,0,0,0,0,0,0,0,1,74,53,0,0.00034,0.00034,3,5,0,0,0,0,0,0,0,0,0,0,1,0,1,0,0,0,0,0,0,0,0,,0,0,0,0,
END,Total:6
START,FrameNb:177,CameraNb:0,HeSaiNb:0,ARS410Nb:0
2026/08/02 21:35:40:400---->
heightOffset:0,1785677740400,248500,selfCaliBufCnt:0,selfAccObjCnt:0,selfAccAngle:0,installHAngleOffset:0,Interpolation:0,installVAngleOffset:0,radarOffsetH:0,radarOffsetV:0.32,Polynom:-0.001023;-0.0511;-2.047;0;0;0;-0.001023;-0.0511;-2.047;-25.5;0;0,WheelDirection:0;0;0;0,selfAngleOffset:0,selfAngleOffsetPit:0,currCaliAngleHrz:0,currCaliAnglePit:0,selfCaliAngleHrz:0,selfCaliAnglePit:0,servCaliAngleHrz:0,servCaliAnglePit:0,offlineCaliAngleHrz:0,offlineCaliAnglePit:0,determine2useFlag:0,IMU_Z_Accel:-21.592,IMU_X_AngularRate:-2.093,IMU_Y_AngularRate:-2.093,IMU_RollAngle:-180,IMU_PitchAngle:-180,IMU_YawAngle:-180,FcwID:0,FCWWarningLevel:0,FCWTTC:0
0,1.98,0,16.55,38,0,0,0,7.7,1.25452e-34,0,0,0,-7,0,0,0,0,-0.00229183,0,0,0,0,0,0,0,0,0,1,87,58,0,0.00034,0.00034,3,5,0,0,0,0,0,0,0,0,0,0,1,0,0,0,0,0,0,0,0,0,0,,0,0,0,0,
1,2.95,0,-6.95,29,0,0,0,-15,0,0,0,0,-18,0,0,0,0,-0.00229183,0,0,0,0,0,0,0,0,0,1,78,58,0,0.00034,0.00034,3,5,0,0,0,0,0,0,0,0,0,0,1,0,0,0,0,0,0,0,0,0,0,,0,0,0,0,
2,3.36,0,14.55,40,0,0,0,4.25,0,0,0,0,-5.5,0,0,0,0,-0.00229183,0,0,0,0,0,0,0,0,0,1,89,58,0,0.00034,0.00034,3,0,0,0,0,0,0,0,0,0,0,0,1,0,0,0,0,0,0,0,0,0,0,,0,0,0,0,
3,5.37,0,11.4,24,0,0,0,-0.6,0,0,0,0,-24.5,0,0,0,0,-0.00229183,0,0,0,0,0,0,0,0,0,1,69,58,0,0.00034,0.00034,3,5,0,0,0,0,0,0,0,0,0,0,1,0,0,0,0,0,0,0,0,0,0,,0,0,0,0,
4,5.75,0,-44.05,28.5,0,0,0,5.4,0,0,0,0,-4,0,0,0,0,-0.00229183,0,0,0,0,0,0,0,0,0,1,73,58,0,0.00034,0.00034,3,5,0,0,0,0,0,0,0,0,0,0,1,0,0,0,0,0,0,0,0,0,0,,0,0,0,0,
5,6.14,0,17.05,29,0,0,0,-2.25,0,0,0,0,-16,0,0,0,0,-0.00229183,0,0,0,0,0,0,0,0,0,1,74,58,0,0.00034,0.00034,3,5,0,0,0,0,0,0,0,0,0,0,1,0,0,0,0,0,0,0,0,0,0,,0,0,0,0,
END,Total:6
START,FrameNb:178,CameraNb:0,HeSaiNb:0,ARS410Nb:0
2026/08/02 21:35:40:421---->
heightOffset:0,1785677740421,248556,selfCaliBufCnt:0,selfAccObjCnt:0,selfAccAngle:0,installHAngleOffset:0,Interpolation:0,installVAngleOffset:0,radarOffsetH:0,radarOffsetV:0.32,Polynom:-0.001023;-0.0511;-2.047;0;0;0;-0.001023;-0.0511;-2.047;-25.5;0;0,WheelDirection:0;0;0;0,selfAngleOffset:0,selfAngleOffsetPit:0,currCaliAngleHrz:0,currCaliAnglePit:0,selfCaliAngleHrz:0,selfCaliAnglePit:0,servCaliAngleHrz:0,servCaliAnglePit:0,offlineCaliAngleHrz:0,offlineCaliAnglePit:0,determine2useFlag:0,IMU_Z_Accel:-21.592,IMU_X_AngularRate:-2.093,IMU_Y_AngularRate:-2.093,IMU_RollAngle:-180,IMU_PitchAngle:-180,IMU_YawAngle:-180,FcwID:0,FCWWarningLevel:0,FCWTTC:0
0,1.98,0,16.55,37.5,0,0,0,7.7,1.25452e-34,0,0,0,-7,0,0,0,0,-0.00229183,0,0,0,0,0,0,0,0,0,1,87,53,0,0.00034,0.00034,3,5,0,0,0,0,0,0,0,0,0,0,1,0,1,0,0,0,0,0,0,0,0,,0,0,0,0,
1,2.96,0,-6.95,29,0,0,0,-15,0,0,0,0,-18,0,0,0,0,-0.00229183,0,0,0,0,0,0,0,0,0,1,78,53,0,0.00034,0.00034,3,5,0,0,0,0,0,0,0,0,0,0,1,0,1,0,0,0,0,0,0,0,0,,0,0,0,0,
2,3.36,0,14.55,40,0,0,0,4.25,0,0,0,0,-5.5,0,0,0,0,-0.00229183,0,0,0,0,0,0,0,0,0,1,89,53,0,0.00034,0.00034,3,0,0,0,0,0,0,0,0,0,0,0,1,0,1,0,0,0,0,0,0,0,0,,0,0,0,0,
3,5.38,0,11.5,24.5,0,0,0,-0.55,0,0,0,0,-24.5,0,0,0,0,-0.00229183,0,0,0,0,0,0,0,0,0,1,69,53,0,0.00034,0.00034,3,5,0,0,0,0,0,0,0,0,0,0,1,0,1,0,0,0,0,0,0,0,0,,0,0,0,0,
4,5.69,0,-44.2,28.5,0,0,0,5.3,0,0,0,0,-4,0,0,0,0,-0.00229183,0,0,0,0,0,0,0,0,0,1,73,53,0,0.00034,0.00034,3,5,0,0,0,0,0,0,0,0,0,0,1,0,1,0,0,0,0,0,0,0,0,,0,0,0,0,
5,6.16,0,17.2,29,0,0,0,-2.3,0,0,0,0,-16,0,0,0,0,-0.00229183,0,0,0,0,0,0,0,0,0,1,74,53,0,0.00034,0.00034,3,5,0,0,0,0,0,0,0,0,0,0,1,0,1,0,0,0,0,0,0,0,0,,0,0,0,0,
END,Total:6
START,FrameNb:179,CameraNb:0,HeSaiNb:0,ARS410Nb:0
2026/08/02 21:35:40:469---->
heightOffset:0,1785677740469,248612,selfCaliBufCnt:0,selfAccObjCnt:0,selfAccAngle:0,installHAngleOffset:0,Interpolation:0,installVAngleOffset:0,radarOffsetH:0,radarOffsetV:0.32,Polynom:-0.001023;-0.0511;-2.047;0;0;0;-0.001023;-0.0511;-2.047;-25.5;0;0,WheelDirection:0;0;0;0,selfAngleOffset:0,selfAngleOffsetPit:0,currCaliAngleHrz:0,currCaliAnglePit:0,selfCaliAngleHrz:0,selfCaliAnglePit:0,servCaliAngleHrz:0,servCaliAnglePit:0,offlineCaliAngleHrz:0,offlineCaliAnglePit:0,determine2useFlag:0,IMU_Z_Accel:-21.592,IMU_X_AngularRate:-2.093,IMU_Y_AngularRate:-2.093,IMU_RollAngle:-180,IMU_PitchAngle:-180,IMU_YawAngle:-180,FcwID:0,FCWWarningLevel:0,FCWTTC:0
0,1.98,0,16.55,38,0,0,0,7.7,1.25452e-34,0,0,0,-7,0,0,0,0,-0.00229183,0,0,0,0,0,0,0,0,0,1,87,61,0,0.00034,0.00034,3,5,0,0,0,0,0,0,0,0,0,0,1,0,0,0,0,0,0,0,0,0,0,,0,0,0,0,
1,3.36,0,14.55,40,0,0,0,4.25,0,0,0,0,-5.5,0,0,0,0,-0.00229183,0,0,0,0,0,0,0,0,0,1,89,61,0,0.00034,0.00034,3,0,0,0,0,0,0,0,0,0,0,0,1,0,0,0,0,0,0,0,0,0,0,,0,0,0,0,
2,5.38,0,11.5,24,0,0,0,-0.55,0,0,0,0,-24.5,0,0,0,0,-0.00229183,0,0,0,0,0,0,0,0,0,1,69,61,0,0.00034,0.00034,3,5,0,0,0,0,0,0,0,0,0,0,1,0,0,0,0,0,0,0,0,0,0,,0,0,0,0,
3,5.72,0,14.05,28.5,0,0,0,-1,0,0,0,0,-19,0,0,0,0,-0.00229183,0,0,0,0,0,0,0,0,0,1,73,61,0,0.00034,0.00034,3,5,0,0,0,0,0,0,0,0,0,0,1,0,0,0,0,0,0,0,0,0,0,,0,0,0,0,
4,6.1,0,17.15,29,0,0,0,-2.25,0,0,0,0,-16,0,0,0,0,-0.00229183,0,0,0,0,0,0,0,0,0,1,74,61,0,0.00034,0.00034,3,5,0,0,0,0,0,0,0,0,0,0,1,0,0,0,0,0,0,0,0,0,0,,0,0,0,0,
END,Total:5
START,FrameNb:180,CameraNb:0,HeSaiNb:0,ARS410Nb:0
2026/08/02 21:35:40:528---->
heightOffset:0,1785677740528,248676,selfCaliBufCnt:0,selfAccObjCnt:0,selfAccAngle:0,installHAngleOffset:0,Interpolation:0,installVAngleOffset:0,radarOffsetH:0,radarOffsetV:0.32,Polynom:-0.001023;-0.0511;-2.047;0;0;0;-0.001023;-0.0511;-2.047;-25.5;0;0,WheelDirection:0;0;0;0,selfAngleOffset:0,selfAngleOffsetPit:0,currCaliAngleHrz:0,currCaliAnglePit:0,selfCaliAngleHrz:0,selfCaliAnglePit:0,servCaliAngleHrz:0,servCaliAnglePit:0,offlineCaliAngleHrz:0,offlineCaliAnglePit:0,determine2useFlag:0,IMU_Z_Accel:-21.592,IMU_X_AngularRate:-2.093,IMU_Y_AngularRate:-2.093,IMU_RollAngle:-180,IMU_PitchAngle:-180,IMU_YawAngle:-180,FcwID:0,FCWWarningLevel:0,FCWTTC:0
0,1.98,0,16.55,38,0,0,0,7.7,1.25452e-34,0,0,0,-7,0,0,0,0,-0.00229183,0,0,0,0,0,0,0,0,0,1,87,59,0,0.00034,0.00034,3,5,0,0,0,0,0,0,0,0,0,0,1,0,1,0,0,0,0,0,0,0,0,,0,0,0,0,
1,2.75,0,16.6,29,0,0,0,-14.3,0,0,0,0,-15.5,0,0,0,0,-0.00229183,0,0,0,0,0,0,0,0,0,1,78,59,0,0.00034,0.00034,3,5,0,0,0,0,0,0,0,0,0,0,1,0,1,0,0,0,0,0,0,0,0,,0,0,0,0,
2,3.36,0,14.55,40,0,0,0,4.25,0,0,0,0,-5,0,0,0,0,-0.00229183,0,0,0,0,0,0,0,0,0,1,89,59,0,0.00034,0.00034,3,0,0,0,0,0,0,0,0,0,0,0,1,0,1,0,0,0,0,0,0,0,0,,0,0,0,0,
3,5.71,0,13.95,28.5,0,0,0,-0.95,0,0,0,0,-19,0,0,0,0,-0.00229183,0,0,0,0,0,0,0,0,0,1,73,59,0,0.00034,0.00034,3,5,0,0,0,0,0,0,0,0,0,0,1,0,1,0,0,0,0,0,0,0,0,,0,0,0,0,
4,6.06,0,17.1,29,0,0,0,-2.05,0,0,0,0,-16,0,0,0,0,-0.00229183,0,0,0,0,0,0,0,0,0,1,74,59,0,0.00034,0.00034,3,5,0,0,0,0,0,0,0,0,0,0,1,0,1,0,0,0,0,0,0,0,0,,0,0,0,0,
END,Total:5
START,FrameNb:181,CameraNb:0,HeSaiNb:0,ARS410Nb:0
2026/08/02 21:35:40:576---->
heightOffset:0,1785677740576,248728,selfCaliBufCnt:0,selfAccObjCnt:0,selfAccAngle:0,installHAngleOffset:0,Interpolation:0,installVAngleOffset:0,radarOffsetH:0,radarOffsetV:0.32,Polynom:-0.001023;-0.0511;-2.047;0;0;0;-0.001023;-0.0511;-2.047;-25.5;0;0,WheelDirection:0;0;0;0,selfAngleOffset:0,selfAngleOffsetPit:0,currCaliAngleHrz:0,currCaliAnglePit:0,selfCaliAngleHrz:0,selfCaliAnglePit:0,servCaliAngleHrz:0,servCaliAnglePit:0,offlineCaliAngleHrz:0,offlineCaliAnglePit:0,determine2useFlag:0,IMU_Z_Accel:-21.592,IMU_X_AngularRate:-2.093,IMU_Y_AngularRate:-2.093,IMU_RollAngle:-180,IMU_PitchAngle:-180,IMU_YawAngle:-180,FcwID:0,FCWWarningLevel:0,FCWTTC:0
0,1.98,0,16.55,38,0,0,0,7.7,1.25452e-34,0,0,0,-7,0,0,0,0,-0.00229183,0,0,0,0,0,0,0,0,0,1,87,57,0,0.00034,0.00034,3,5,0,0,0,0,0,0,0,0,0,0,1,0,0,0,0,0,0,0,0,0,0,,0,0,0,0,
1,2.75,0,16.6,28.5,0,0,0,-14.25,0,0,0,0,-15.5,0,0,0,0,-0.00229183,0,0,0,0,0,0,0,0,0,1,78,57,0,0.00034,0.00034,3,5,0,0,0,0,0,0,0,0,0,0,1,0,0,0,0,0,0,0,0,0,0,,0,0,0,0,
2,3.36,0,14.5,40,0,0,0,4.25,0,0,0,0,-5,0,0,0,0,-0.00229183,0,0,0,0,0,0,0,0,0,1,89,57,0,0.00034,0.00034,3,0,0,0,0,0,0,0,0,0,0,0,1,0,0,0,0,0,0,0,0,0,0,,0,0,0,0,
3,5.37,0,11.3,24.5,0,0,0,-0.6,0,0,0,0,-24.5,0,0,0,0,-0.00229183,0,0,0,0,0,0,0,0,0,1,69,57,0,0.00034,0.00034,3,5,0,0,0,0,0,0,0,0,0,0,1,0,0,0,0,0,0,0,0,0,0,,0,0,0,0,
4,5.69,0,14.15,28.5,0,0,0,-1,0,0,0,0,-19,0,0,0,0,-0.00229183,0,0,0,0,0,0,0,0,0,1,73,57,0,0.00034,0.00034,3,5,0,0,0,0,0,0,0,0,0,0,1,0,0,0,0,0,0,0,0,0,0,,0,0,0,0,
5,6.14,0,17.1,29,0,0,0,-2.1,0,0,0,0,-16,0,0,0,0,-0.00229183,0,0,0,0,0,0,0,0,0,1,74,57,0,0.00034,0.00034,3,5,0,0,0,0,0,0,0,0,0,0,1,0,0,0,0,0,0,0,0,0,0,,0,0,0,0,
END,Total:6
START,FrameNb:182,CameraNb:0,HeSaiNb:0,ARS410Nb:0
2026/08/02 21:35:40:618---->
heightOffset:0,1785677740618,248788,selfCaliBufCnt:0,selfAccObjCnt:0,selfAccAngle:0,installHAngleOffset:0,Interpolation:0,installVAngleOffset:0,radarOffsetH:0,radarOffsetV:0.32,Polynom:-0.001023;-0.0511;-2.047;0;0;0;-0.001023;-0.0511;-2.047;-25.5;0;0,WheelDirection:0;0;0;0,selfAngleOffset:0,selfAngleOffsetPit:0,currCaliAngleHrz:0,currCaliAnglePit:0,selfCaliAngleHrz:0,selfCaliAnglePit:0,servCaliAngleHrz:0,servCaliAnglePit:0,offlineCaliAngleHrz:0,offlineCaliAnglePit:0,determine2useFlag:0,IMU_Z_Accel:-21.592,IMU_X_AngularRate:-2.093,IMU_Y_AngularRate:-2.093,IMU_RollAngle:-180,IMU_PitchAngle:-180,IMU_YawAngle:-180,FcwID:0,FCWWarningLevel:0,FCWTTC:0
0,1.98,0,16.55,37.5,0,0,0,7.7,1.25452e-34,0,0,0,-7,0,0,0,0,-0.00229183,0,0,0,0,0,0,0,0,0,1,87,54,0,0.00034,0.00034,3,5,0,0,0,0,0,0,0,0,0,0,1,0,1,0,0,0,0,0,0,0,0,,0,0,0,0,
1,2.74,0,16.65,28.5,0,0,0,-14.25,0,0,0,0,-15.5,0,0,0,0,-0.00229183,0,0,0,0,0,0,0,0,0,1,78,54,0,0.00034,0.00034,3,5,0,0,0,0,0,0,0,0,0,0,1,0,1,0,0,0,0,0,0,0,0,,0,0,0,0,
2,3.36,0,14.5,40,0,0,0,4.4,0,0,0,0,-5,0,0,0,0,-0.00229183,0,0,0,0,0,0,0,0,0,1,89,54,0,0.00034,0.00034,3,0,0,0,0,0,0,0,0,0,0,0,1,0,1,0,0,0,0,0,0,0,0,,0,0,0,0,
3,5.37,0,11.55,24,0,0,0,-0.45,0,0,0,0,-24.5,0,0,0,0,-0.00229183,0,0,0,0,0,0,0,0,0,1,69,54,0,0.00034,0.00034,3,5,0,0,0,0,0,0,0,0,0,0,1,0,1,0,0,0,0,0,0,0,0,,0,0,0,0,
4,5.71,0,14,28.5,0,0,0,-1,0,0,0,0,-19,0,0,0,0,-0.00229183,0,0,0,0,0,0,0,0,0,1,73,54,0,0.00034,0.00034,3,5,0,0,0,0,0,0,0,0,0,0,1,0,1,0,0,0,0,0,0,0,0,,0,0,0,0,
5,6.08,0,17.15,28.5,0,0,0,-2.2,0,0,0,0,-16,0,0,0,0,-0.00229183,0,0,0,0,0,0,0,0,0,1,74,54,0,0.00034,0.00034,3,5,0,0,0,0,0,0,0,0,0,0,1,0,1,0,0,0,0,0,0,0,0,,0,0,0,0,
END,Total:6
START,FrameNb:183,CameraNb:0,HeSaiNb:0,ARS410Nb:0
2026/08/02 21:35:40:668---->
heightOffset:0,1785677740668,248840,selfCaliBufCnt:0,selfAccObjCnt:0,selfAccAngle:0,installHAngleOffset:0,Interpolation:0,installVAngleOffset:0,radarOffsetH:0,radarOffsetV:0.32,Polynom:-0.001023;-0.0511;-2.047;0;0;0;-0.001023;-0.0511;-2.047;-25.5;0;0,WheelDirection:0;0;0;0,selfAngleOffset:0,selfAngleOffsetPit:0,currCaliAngleHrz:0,currCaliAnglePit:0,selfCaliAngleHrz:0,selfCaliAnglePit:0,servCaliAngleHrz:0,servCaliAnglePit:0,offlineCaliAngleHrz:0,offlineCaliAnglePit:0,determine2useFlag:0,IMU_Z_Accel:-21.592,IMU_X_AngularRate:-2.093,IMU_Y_AngularRate:-2.093,IMU_RollAngle:-180,IMU_PitchAngle:-180,IMU_YawAngle:-180,FcwID:0,FCWWarningLevel:0,FCWTTC:0
0,1.98,0,16.55,37.5,0,0,0,7.7,1.25452e-34,0,0,0,-7,0,0,0,0,-0.00229183,0,0,0,0,0,0,0,0,0,1,87,57,0,0.00034,0.00034,3,5,0,0,0,0,0,0,0,0,0,0,1,0,0,0,0,0,0,0,0,0,0,,0,0,0,0,
1,3.36,0,14.55,40,0,0,0,4.45,0,0,0,0,-5,0,0,0,0,-0.00229183,0,0,0,0,0,0,0,0,0,1,89,57,0,0.00034,0.00034,3,0,0,0,0,0,0,0,0,0,0,0,1,0,0,0,0,0,0,0,0,0,0,,0,0,0,0,
2,5.33,0,11.4,24,0,0,0,-0.7,0,0,0,0,-24.5,0,0,0,0,-0.00229183,0,0,0,0,0,0,0,0,0,1,69,57,0,0.00034,0.00034,3,5,0,0,0,0,0,0,0,0,0,0,1,0,0,0,0,0,0,0,0,0,0,,0,0,0,0,
3,5.71,0,14.05,28.5,0,0,0,-1.1,0,0,0,0,-18.5,0,0,0,0,-0.00229183,0,0,0,0,0,0,0,0,0,1,74,57,0,0.00034,0.00034,3,5,0,0,0,0,0,0,0,0,0,0,1,0,0,0,0,0,0,0,0,0,0,,0,0,0,0,
4,6.18,0,17.05,29,0,0,0,-2.25,0,0,0,0,-16,0,0,0,0,-0.00229183,0,0,0,0,0,0,0,0,0,1,74,57,0,0.00034,0.00034,3,5,0,0,0,0,0,0,0,0,0,0,1,0,0,0,0,0,0,0,0,0,0,,0,0,0,0,
END,Total:5
START,FrameNb:184,CameraNb:0,HeSaiNb:0,ARS410Nb:0
2026/08/02 21:35:40:772---->
heightOffset:0,1785677740772,248896,selfCaliBufCnt:0,selfAccObjCnt:0,selfAccAngle:0,installHAngleOffset:0,Interpolation:0,installVAngleOffset:0,radarOffsetH:0,radarOffsetV:0.32,Polynom:-0.001023;-0.0511;-2.047;0;0;0;-0.001023;-0.0511;-2.047;-25.5;0;0,WheelDirection:0;0;0;0,selfAngleOffset:0,selfAngleOffsetPit:0,currCaliAngleHrz:0,currCaliAnglePit:0,selfCaliAngleHrz:0,selfCaliAnglePit:0,servCaliAngleHrz:0,servCaliAnglePit:0,offlineCaliAngleHrz:0,offlineCaliAnglePit:0,determine2useFlag:0,IMU_Z_Accel:-21.592,IMU_X_AngularRate:-2.093,IMU_Y_AngularRate:-2.093,IMU_RollAngle:-180,IMU_PitchAngle:-180,IMU_YawAngle:-180,FcwID:0,FCWWarningLevel:0,FCWTTC:0
0,1.98,0,16.55,37.5,0,0,0,7.65,1.25452e-34,0,0,0,-7,0,0,0,0,-0.00229183,0,0,0,0,0,0,0,0,0,1,87,54,0,0.00034,0.00034,3,5,0,0,0,0,0,0,0,0,0,0,1,0,1,0,0,0,0,0,0,0,0,,0,0,0,0,
1,3.36,0,14.55,40,0,0,0,4.75,0,0,0,0,-5,0,0,0,0,-0.00229183,0,0,0,0,0,0,0,0,0,1,89,54,0,0.00034,0.00034,3,0,0,0,0,0,0,0,0,0,0,0,1,0,1,0,0,0,0,0,0,0,0,,0,0,0,0,
2,5.38,0,11.45,24,0,0,0,-0.7,0,0,0,0,-24.5,0,0,0,0,-0.00229183,0,0,0,0,0,0,0,0,0,1,69,54,0,0.00034,0.00034,3,5,0,0,0,0,0,0,0,0,0,0,1,0,1,0,0,0,0,0,0,0,0,,0,0,0,0,
3,5.69,0,13.85,28.5,0,0,0,-1.2,0,0,0,0,-19,0,0,0,0,-0.00229183,0,0,0,0,0,0,0,0,0,1,73,54,0,0.00034,0.00034,3,5,0,0,0,0,0,0,0,0,0,0,1,0,1,0,0,0,0,0,0,0,0,,0,0,0,0,
4,6.2,0,17.1,29,0,0,0,-2.2,0,0,0,0,-16,0,0,0,0,-0.00229183,0,0,0,0,0,0,0,0,0,1,74,54,0,0.00034,0.00034,3,5,0,0,0,0,0,0,0,0,0,0,1,0,1,0,0,0,0,0,0,0,0,,0,0,0,0,
END,Total:5
START,FrameNb:185,CameraNb:0,HeSaiNb:0,ARS410Nb:0
2026/08/02 21:35:40:836---->
heightOffset:0,1785677740836,248952,selfCaliBufCnt:0,selfAccObjCnt:0,selfAccAngle:0,installHAngleOffset:0,Interpolation:0,installVAngleOffset:0,radarOffsetH:0,radarOffsetV:0.32,Polynom:-0.001023;-0.0511;-2.047;0;0;0;-0.001023;-0.0511;-2.047;-25.5;0;0,WheelDirection:0;0;0;0,selfAngleOffset:0,selfAngleOffsetPit:0,currCaliAngleHrz:0,currCaliAnglePit:0,selfCaliAngleHrz:0,selfCaliAnglePit:0,servCaliAngleHrz:0,servCaliAnglePit:0,offlineCaliAngleHrz:0,offlineCaliAnglePit:0,determine2useFlag:0,IMU_Z_Accel:-21.592,IMU_X_AngularRate:-2.093,IMU_Y_AngularRate:-2.093,IMU_RollAngle:-180,IMU_PitchAngle:-180,IMU_YawAngle:-180,FcwID:0,FCWWarningLevel:0,FCWTTC:0
0,1.98,0,16.55,37.5,0,0,0,7.7,1.25452e-34,0,0,0,-7,0,0,0,0,-0.00229183,0,0,0,0,0,0,0,0,0,1,87,57,0,0.00034,0.00034,3,5,0,0,0,0,0,0,0,0,0,0,1,0,0,0,0,0,0,0,0,0,0,,0,0,0,0,
1,3.36,0,14.6,40,0,0,0,4.75,0,0,0,0,-5,0,0,0,0,-0.00229183,0,0,0,0,0,0,0,0,0,1,89,57,0,0.00034,0.00034,3,0,0,0,0,0,0,0,0,0,0,0,1,0,0,0,0,0,0,0,0,0,0,,0,0,0,0,
2,5.37,0,11.3,24,0,0,0,-1.05,0,0,0,0,-24.5,0,0,0,0,-0.00229183,0,0,0,0,0,0,0,0,0,1,69,57,0,0.00034,0.00034,3,5,0,0,0,0,0,0,0,0,0,0,1,0,0,0,0,0,0,0,0,0,0,,0,0,0,0,
3,5.72,0,14.15,28.5,0,0,0,-1.2,0,0,0,0,-18.5,0,0,0,0,-0.00229183,0,0,0,0,0,0,0,0,0,1,74,57,0,0.00034,0.00034,3,5,0,0,0,0,0,0,0,0,0,0,1,0,0,0,0,0,0,0,0,0,0,,0,0,0,0,
4,6.22,0,17.2,29,0,0,0,-2.45,0,0,0,0,-16,0,0,0,0,-0.00229183,0,0,0,0,0,0,0,0,0,1,74,57,0,0.00034,0.00034,3,5,0,0,0,0,0,0,0,0,0,0,1,0,0,0,0,0,0,0,0,0,0,,0,0,0,0,
END,Total:5
START,FrameNb:186,CameraNb:0,HeSaiNb:0,ARS410Nb:0
2026/08/02 21:35:40:895---->
heightOffset:0,1785677740895,249012,selfCaliBufCnt:0,selfAccObjCnt:0,selfAccAngle:0,installHAngleOffset:0,Interpolation:0,installVAngleOffset:0,radarOffsetH:0,radarOffsetV:0.32,Polynom:-0.001023;-0.0511;-2.047;0;0;0;-0.001023;-0.0511;-2.047;-25.5;0;0,WheelDirection:0;0;0;0,selfAngleOffset:0,selfAngleOffsetPit:0,currCaliAngleHrz:0,currCaliAnglePit:0,selfCaliAngleHrz:0,selfCaliAnglePit:0,servCaliAngleHrz:0,servCaliAnglePit:0,offlineCaliAngleHrz:0,offlineCaliAnglePit:0,determine2useFlag:0,IMU_Z_Accel:-21.592,IMU_X_AngularRate:-2.093,IMU_Y_AngularRate:-2.093,IMU_RollAngle:-180,IMU_PitchAngle:-180,IMU_YawAngle:-180,FcwID:0,FCWWarningLevel:0,FCWTTC:0
0,1.98,0,16.55,37.5,0,0,0,7.7,1.25452e-34,0,0,0,-7,0,0,0,0,-0.00229183,0,0,0,0,0,0,0,0,0,1,87,53,0,0.00034,0.00034,3,5,0,0,0,0,0,0,0,0,0,0,1,0,1,0,0,0,0,0,0,0,0,,0,0,0,0,
1,3.36,0,14.55,40,0,0,0,4.7,0,0,0,0,-5,0,0,0,0,-0.00229183,0,0,0,0,0,0,0,0,0,1,89,53,0,0.00034,0.00034,3,0,0,0,0,0,0,0,0,0,0,0,1,0,1,0,0,0,0,0,0,0,0,,0,0,0,0,
2,5.29,0,11.6,24,0,0,0,-1,0,0,0,0,-25,0,0,0,0,-0.00229183,0,0,0,0,0,0,0,0,0,1,69,53,0,0.00034,0.00034,3,5,0,0,0,0,0,0,0,0,0,0,1,0,1,0,0,0,0,0,0,0,0,,0,0,0,0,
3,5.7,0,14.05,28.5,0,0,0,-0.8,0,0,0,0,-19,0,0,0,0,-0.00229183,0,0,0,0,0,0,0,0,0,1,73,53,0,0.00034,0.00034,3,5,0,0,0,0,0,0,0,0,0,0,1,0,1,0,0,0,0,0,0,0,0,,0,0,0,0,
4,6.21,0,17.3,29,0,0,0,-2.8,0,0,0,0,-15.5,0,0,0,0,-0.00229183,0,0,0,0,0,0,0,0,0,1,74,53,0,0.00034,0.00034,3,5,0,0,0,0,0,0,0,0,0,0,1,0,1,0,0,0,0,0,0,0,0,,0,0,0,0,
END,Total:5
START,FrameNb:187,CameraNb:0,HeSaiNb:0,ARS410Nb:0
2026/08/02 21:35:40:953---->
heightOffset:0,1785677740953,249068,selfCaliBufCnt:0,selfAccObjCnt:0,selfAccAngle:0,installHAngleOffset:0,Interpolation:0,installVAngleOffset:0,radarOffsetH:0,radarOffsetV:0.32,Polynom:-0.001023;-0.0511;-2.047;0;0;0;-0.001023;-0.0511;-2.047;-25.5;0;0,WheelDirection:0;0;0;0,selfAngleOffset:0,selfAngleOffsetPit:0,currCaliAngleHrz:0,currCaliAnglePit:0,selfCaliAngleHrz:0,selfCaliAnglePit:0,servCaliAngleHrz:0,servCaliAnglePit:0,offlineCaliAngleHrz:0,offlineCaliAnglePit:0,determine2useFlag:0,IMU_Z_Accel:-21.592,IMU_X_AngularRate:-2.093,IMU_Y_AngularRate:-2.093,IMU_RollAngle:-180,IMU_PitchAngle:-180,IMU_YawAngle:-180,FcwID:0,FCWWarningLevel:0,FCWTTC:0
0,1.98,0,16.55,38,0,0,0,7.7,1.25452e-34,0,0,0,-7,0,0,0,0,-0.00229183,0,0,0,0,0,0,0,0,0,1,87,65,0,0.00034,0.00034,3,5,0,0,0,0,0,0,0,0,0,0,1,0,0,0,0,0,0,0,0,0,0,,0,0,0,0,
1,2.78,0,70.95,30,0,0,0,2.75,0,0,0,0,22.5,0,0,0,0,-0.00229183,0,0,0,0,0,0,0,0,0,1,79,65,0,0.00034,0.00034,2,-1,0,0,0,0,0,0,0,0,0,0,1,0,0,0,0,0,0,0,0,0,0,,0,0,0,0,
2,3.37,0,14.65,40,0,0,0,4.8,0,0,0,0,-5.5,0,0,0,0,-0.00229183,0,0,0,0,0,0,0,0,0,1,89,65,0,0.00034,0.00034,3,0,0,0,0,0,0,0,0,0,0,0,1,0,0,0,0,0,0,0,0,0,0,,0,0,0,0,
3,5.35,0,11.15,24,0,0,0,-0.7,0,0,0,0,-24.5,0,0,0,0,-0.00229183,0,0,0,0,0,0,0,0,0,1,69,65,0,0.00034,0.00034,3,5,0,0,0,0,0,0,0,0,0,0,1,0,0,0,0,0,0,0,0,0,0,,0,0,0,0,
4,5.7,0,14.15,28.5,0,0,0,-1,0,0,0,0,-19,0,0,0,0,-0.00229183,0,0,0,0,0,0,0,0,0,1,73,65,0,0.00034,0.00034,3,5,0,0,0,0,0,0,0,0,0,0,1,0,0,0,0,0,0,0,0,0,0,,0,0,0,0,
5,6.22,0,17.3,29,0,0,0,-2.7,0,0,0,0,-16,0,0,0,0,-0.00229183,0,0,0,0,0,0,0,0,0,1,74,65,0,0.00034,0.00034,3,5,0,0,0,0,0,0,0,0,0,0,1,0,0,0,0,0,0,0,0,0,0,,0,0,0,0,
END,Total:6
START,FrameNb:188,CameraNb:0,HeSaiNb:0,ARS410Nb:0
2026/08/02 21:35:40:971---->
heightOffset:0,1785677740971,249128,selfCaliBufCnt:0,selfAccObjCnt:0,selfAccAngle:0,installHAngleOffset:0,Interpolation:0,installVAngleOffset:0,radarOffsetH:0,radarOffsetV:0.32,Polynom:-0.001023;-0.0511;-2.047;0;0;0;-0.001023;-0.0511;-2.047;-25.5;0;0,WheelDirection:0;0;0;0,selfAngleOffset:0,selfAngleOffsetPit:0,currCaliAngleHrz:0,currCaliAnglePit:0,selfCaliAngleHrz:0,selfCaliAnglePit:0,servCaliAngleHrz:0,servCaliAnglePit:0,offlineCaliAngleHrz:0,offlineCaliAnglePit:0,determine2useFlag:0,IMU_Z_Accel:-21.592,IMU_X_AngularRate:-2.093,IMU_Y_AngularRate:-2.093,IMU_RollAngle:-180,IMU_PitchAngle:-180,IMU_YawAngle:-180,FcwID:0,FCWWarningLevel:0,FCWTTC:0
0,1.99,0,16.55,37.5,0,0,0,7.7,1.25452e-34,0,0,0,-7,0,0,0,0,-0.00229183,0,0,0,0,0,0,0,0,0,1,87,56,0,0.00034,0.00034,3,5,0,0,0,0,0,0,0,0,0,0,1,0,1,0,0,0,0,0,0,0,0,,0,0,0,0,
1,2.79,0,67.2,30.5,0,0,0,-10.05,0,0,0,0,19.5,0,0,0,0,-0.00229183,0,0,0,0,0,0,0,0,0,1,80,56,0,0.00034,0.00034,3,7,0,0,0,0,0,0,0,0,0,0,1,0,1,0,0,0,0,0,0,0,0,,0,0,0,0,
2,3.36,0,14.6,40,0,0,0,4.2,0,0,0,0,-5.5,0,0,0,0,-0.00229183,0,0,0,0,0,0,0,0,0,1,89,56,0,0.00034,0.00034,3,0,0,0,0,0,0,0,0,0,0,0,1,0,1,0,0,0,0,0,0,0,0,,0,0,0,0,
3,5.36,0,11.15,24,0,0,0,-0.7,0,0,0,0,-25,0,0,0,0,-0.00229183,0,0,0,0,0,0,0,0,0,1,69,56,0,0.00034,0.00034,3,5,0,0,0,0,0,0,0,0,0,0,1,0,1,0,0,0,0,0,0,0,0,,0,0,0,0,
4,5.7,0,14.2,28.5,0,0,0,-1.2,0,0,0,0,-19,0,0,0,0,-0.00229183,0,0,0,0,0,0,0,0,0,1,73,56,0,0.00034,0.00034,3,5,0,0,0,0,0,0,0,0,0,0,1,0,1,0,0,0,0,0,0,0,0,,0,0,0,0,
5,6.21,0,17.4,29,0,0,0,-2.7,0,0,0,0,-16,0,0,0,0,-0.00229183,0,0,0,0,0,0,0,0,0,1,74,56,0,0.00034,0.00034,3,5,0,0,0,0,0,0,0,0,0,0,1,0,1,0,0,0,0,0,0,0,0,,0,0,0,0,
END,Total:6
START,FrameNb:189,CameraNb:0,HeSaiNb:0,ARS410Nb:0
2026/08/02 21:35:41:017---->
heightOffset:0,1785677741017,249184,selfCaliBufCnt:0,selfAccObjCnt:0,selfAccAngle:0,installHAngleOffset:0,Interpolation:0,installVAngleOffset:0,radarOffsetH:0,radarOffsetV:0.32,Polynom:-0.001023;-0.0511;-2.047;0;0;0;-0.001023;-0.0511;-2.047;-25.5;0;0,WheelDirection:0;0;0;0,selfAngleOffset:0,selfAngleOffsetPit:0,currCaliAngleHrz:0,currCaliAnglePit:0,selfCaliAngleHrz:0,selfCaliAnglePit:0,servCaliAngleHrz:0,servCaliAnglePit:0,offlineCaliAngleHrz:0,offlineCaliAnglePit:0,determine2useFlag:0,IMU_Z_Accel:-21.592,IMU_X_AngularRate:-2.093,IMU_Y_AngularRate:-2.093,IMU_RollAngle:-180,IMU_PitchAngle:-180,IMU_YawAngle:-180,FcwID:0,FCWWarningLevel:0,FCWTTC:0
0,1.98,0,16.55,37.5,0,0,0,7.65,1.25452e-34,0,0,0,-7,0,0,0,0,-0.00229183,0,0,0,0,0,0,0,0,0,1,87,58,0,0.00034,0.00034,3,5,0,0,0,0,0,0,0,0,0,0,1,0,0,0,0,0,0,0,0,0,0,,0,0,0,0,
1,2.78,0,67.15,30,0,0,0,-9.55,0,0,0,0,19,0,0,0,0,-0.00229183,0,0,0,0,0,0,0,0,0,1,79,58,0,0.00034,0.00034,3,7,0,0,0,0,0,0,0,0,0,0,1,0,0,0,0,0,0,0,0,0,0,,0,0,0,0,
2,3.36,0,14.55,40,0,0,0,4.15,0,0,0,0,-5.5,0,0,0,0,-0.00229183,0,0,0,0,0,0,0,0,0,1,88,58,0,0.00034,0.00034,3,0,0,0,0,0,0,0,0,0,0,0,1,0,0,0,0,0,0,0,0,0,0,,0,0,0,0,
3,5.78,0,14.05,29,0,0,0,-1.05,0,0,0,0,-18.5,0,0,0,0,-0.00229183,0,0,0,0,0,0,0,0,0,1,74,58,0,0.00034,0.00034,3,5,0,0,0,0,0,0,0,0,0,0,1,0,0,0,0,0,0,0,0,0,0,,0,0,0,0,
4,6.23,0,17.55,29,0,0,0,-2.8,0,0,0,0,-15.5,0,0,0,0,-0.00229183,0,0,0,0,0,0,0,0,0,1,74,58,0,0.00034,0.00034,3,0,0,0,0,0,0,0,0,0,0,0,1,0,0,0,0,0,0,0,0,0,0,,0,0,0,0,
END,Total:5
START,FrameNb:190,CameraNb:0,HeSaiNb:0,ARS410Nb:0
2026/08/02 21:35:41:104---->
heightOffset:0,1785677741104,249240,selfCaliBufCnt:0,selfAccObjCnt:0,selfAccAngle:0,installHAngleOffset:0,Interpolation:0,installVAngleOffset:0,radarOffsetH:0,radarOffsetV:0.32,Polynom:-0.001023;-0.0511;-2.047;0;0;0;-0.001023;-0.0511;-2.047;-25.5;0;0,WheelDirection:0;0;0;0,selfAngleOffset:0,selfAngleOffsetPit:0,currCaliAngleHrz:0,currCaliAnglePit:0,selfCaliAngleHrz:0,selfCaliAnglePit:0,servCaliAngleHrz:0,servCaliAnglePit:0,offlineCaliAngleHrz:0,offlineCaliAnglePit:0,determine2useFlag:0,IMU_Z_Accel:-21.592,IMU_X_AngularRate:-2.093,IMU_Y_AngularRate:-2.093,IMU_RollAngle:-180,IMU_PitchAngle:-180,IMU_YawAngle:-180,FcwID:0,FCWWarningLevel:0,FCWTTC:0
0,1.98,0,16.55,38,0,0,0,7.7,1.25452e-34,0,0,0,-7,0,0,0,0,-0.00229183,0,0,0,0,0,0,0,0,0,1,87,53,0,0.00034,0.00034,3,5,0,0,0,0,0,0,0,0,0,0,1,0,1,0,0,0,0,0,0,0,0,,0,0,0,0,
1,3.36,0,14.55,40,0,0,0,4.25,0,0,0,0,-5.5,0,0,0,0,-0.00229183,0,0,0,0,0,0,0,0,0,1,88,53,0,0.00034,0.00034,3,0,0,0,0,0,0,0,0,0,0,0,1,0,1,0,0,0,0,0,0,0,0,,0,0,0,0,
2,5.38,0,11.35,23.5,0,0,0,-0.45,0,0,0,0,-25,0,0,0,0,-0.00229183,0,0,0,0,0,0,0,0,0,1,69,53,0,0.00034,0.00034,3,5,0,0,0,0,0,0,0,0,0,0,1,0,1,0,0,0,0,0,0,0,0,,0,0,0,0,
3,5.76,0,-45.4,29,0,0,0,5.7,0,0,0,0,-2.5,0,0,0,0,-0.00229183,0,0,0,0,0,0,0,0,0,1,74,53,0,0.00034,0.00034,2,-1,0,0,0,0,0,0,0,0,0,0,1,0,1,0,0,0,0,0,0,0,0,,0,0,0,0,
4,6.22,0,17.5,29,0,0,0,-3.05,0,0,0,0,-16,0,0,0,0,-0.00229183,0,0,0,0,0,0,0,0,0,1,74,53,0,0.00034,0.00034,3,0,0,0,0,0,0,0,0,0,0,0,1,0,1,0,0,0,0,0,0,0,0,,0,0,0,0,
END,Total:5
START,FrameNb:191,CameraNb:0,HeSaiNb:0,ARS410Nb:0
2026/08/02 21:35:41:170---->
heightOffset:0,1785677741170,249292,selfCaliBufCnt:0,selfAccObjCnt:0,selfAccAngle:0,installHAngleOffset:0,Interpolation:0,installVAngleOffset:0,radarOffsetH:0,radarOffsetV:0.32,Polynom:-0.001023;-0.0511;-2.047;0;0;0;-0.001023;-0.0511;-2.047;-25.5;0;0,WheelDirection:0;0;0;0,selfAngleOffset:0,selfAngleOffsetPit:0,currCaliAngleHrz:0,currCaliAnglePit:0,selfCaliAngleHrz:0,selfCaliAnglePit:0,servCaliAngleHrz:0,servCaliAnglePit:0,offlineCaliAngleHrz:0,offlineCaliAnglePit:0,determine2useFlag:0,IMU_Z_Accel:-21.592,IMU_X_AngularRate:-2.093,IMU_Y_AngularRate:-2.093,IMU_RollAngle:-180,IMU_PitchAngle:-180,IMU_YawAngle:-180,FcwID:0,FCWWarningLevel:0,FCWTTC:0
0,1.98,0,16.55,38,0,0,0,7.7,1.25452e-34,0,0,0,-7,0,0,0,0,-0.00229183,0,0,0,0,0,0,0,0,0,1,87,58,0,0.00034,0.00034,3,5,0,0,0,0,0,0,0,0,0,0,1,0,0,0,0,0,0,0,0,0,0,,0,0,0,0,
1,2.75,0,-8.8,28.5,0,0,0,-13.95,0,0,0,0,-18.5,0,0,0,0,-0.00229183,0,0,0,0,0,0,0,0,0,1,78,58,0,0.00034,0.00034,3,5,0,0,0,0,0,0,0,0,0,0,1,0,0,0,0,0,0,0,0,0,0,,0,0,0,0,
2,3.36,0,14.65,40,0,0,0,4.4,0,0,0,0,-5,0,0,0,0,-0.00229183,0,0,0,0,0,0,0,0,0,1,89,58,0,0.00034,0.00034,3,0,0,0,0,0,0,0,0,0,0,0,1,0,0,0,0,0,0,0,0,0,0,,0,0,0,0,
3,5.4,0,11.5,24.5,0,0,0,0.8,0,0,0,0,-24,0,0,0,0,-0.00229183,0,0,0,0,0,0,0,0,0,1,69,58,0,0.00034,0.00034,3,5,0,0,0,0,0,0,0,0,0,0,1,0,0,0,0,0,0,0,0,0,0,,0,0,0,0,
4,5.77,0,-44.8,29,0,0,0,5.55,0,0,0,0,-3.5,0,0,0,0,-0.00229183,0,0,0,0,0,0,0,0,0,1,74,58,0,0.00034,0.00034,3,5,0,0,0,0,0,0,0,0,0,0,1,0,0,0,0,0,0,0,0,0,0,,0,0,0,0,
5,6.22,0,17.4,29,0,0,0,-2.75,0,0,0,0,-15.5,0,0,0,0,-0.00229183,0,0,0,0,0,0,0,0,0,1,74,58,0,0.00034,0.00034,3,5,0,0,0,0,0,0,0,0,0,0,1,0,0,0,0,0,0,0,0,0,0,,0,0,0,0,
END,Total:6
START,FrameNb:192,CameraNb:0,HeSaiNb:0,ARS410Nb:0
2026/08/02 21:35:41:219---->
heightOffset:0,1785677741219,249352,selfCaliBufCnt:0,selfAccObjCnt:0,selfAccAngle:0,installHAngleOffset:0,Interpolation:0,installVAngleOffset:0,radarOffsetH:0,radarOffsetV:0.32,Polynom:-0.001023;-0.0511;-2.047;0;0;0;-0.001023;-0.0511;-2.047;-25.5;0;0,WheelDirection:0;0;0;0,selfAngleOffset:0,selfAngleOffsetPit:0,currCaliAngleHrz:0,currCaliAnglePit:0,selfCaliAngleHrz:0,selfCaliAnglePit:0,servCaliAngleHrz:0,servCaliAnglePit:0,offlineCaliAngleHrz:0,offlineCaliAnglePit:0,determine2useFlag:0,IMU_Z_Accel:-21.592,IMU_X_AngularRate:-2.093,IMU_Y_AngularRate:-2.093,IMU_RollAngle:-180,IMU_PitchAngle:-180,IMU_YawAngle:-180,FcwID:0,FCWWarningLevel:0,FCWTTC:0
0,1.98,0,16.55,37.5,0,0,0,7.7,1.25452e-34,0,0,0,-7,0,0,0,0,-0.00229183,0,0,0,0,0,0,0,0,0,1,87,53,0,0.00034,0.00034,3,5,0,0,0,0,0,0,0,0,0,0,1,0,1,0,0,0,0,0,0,0,0,,0,0,0,0,
1,3.36,0,14.6,40,0,0,0,4.45,0,0,0,0,-5.5,0,0,0,0,-0.00229183,0,0,0,0,0,0,0,0,0,1,89,53,0,0.00034,0.00034,3,0,0,0,0,0,0,0,0,0,0,0,1,0,1,0,0,0,0,0,0,0,0,,0,0,0,0,
2,5.79,0,-44.6,29,0,0,0,5.45,0,0,0,0,-3.5,0,0,0,0,-0.00229183,0,0,0,0,0,0,0,0,0,1,74,53,0,0.00034,0.00034,3,5,0,0,0,0,0,0,0,0,0,0,1,0,1,0,0,0,0,0,0,0,0,,0,0,0,0,
3,6.2,0,17.5,29,0,0,0,-2.7,0,0,0,0,-16,0,0,0,0,-0.00229183,0,0,0,0,0,0,0,0,0,1,74,53,0,0.00034,0.00034,3,5,0,0,0,0,0,0,0,0,0,0,1,0,1,0,0,0,0,0,0,0,0,,0,0,0,0,
END,Total:4
START,FrameNb:193,CameraNb:0,HeSaiNb:0,ARS410Nb:0
2026/08/02 21:35:41:277---->
heightOffset:0,1785677741277,249408,selfCaliBufCnt:0,selfAccObjCnt:0,selfAccAngle:0,installHAngleOffset:0,Interpolation:0,installVAngleOffset:0,radarOffsetH:0,radarOffsetV:0.32,Polynom:-0.001023;-0.0511;-2.047;0;0;0;-0.001023;-0.0511;-2.047;-25.5;0;0,WheelDirection:0;0;0;0,selfAngleOffset:0,selfAngleOffsetPit:0,currCaliAngleHrz:0,currCaliAnglePit:0,selfCaliAngleHrz:0,selfCaliAnglePit:0,servCaliAngleHrz:0,servCaliAnglePit:0,offlineCaliAngleHrz:0,offlineCaliAnglePit:0,determine2useFlag:0,IMU_Z_Accel:-21.592,IMU_X_AngularRate:-2.093,IMU_Y_AngularRate:-2.093,IMU_RollAngle:-180,IMU_PitchAngle:-180,IMU_YawAngle:-180,FcwID:0,FCWWarningLevel:0,FCWTTC:0
0,1.98,0,16.55,38,0,0,0,7.7,1.25452e-34,0,0,0,-7,0,0,0,0,-0.00229183,0,0,0,0,0,0,0,0,0,1,87,58,0,0.00034,0.00034,3,5,0,0,0,0,0,0,0,0,0,0,1,0,0,0,0,0,0,0,0,0,0,,0,0,0,0,
1,2.76,0,-8.95,29.5,0,0,0,-13.45,0,0,0,0,-17.5,0,0,0,0,-0.00229183,0,0,0,0,0,0,0,0,0,1,79,58,0,0.00034,0.00034,3,5,0,0,0,0,0,0,0,0,0,0,1,0,0,0,0,0,0,0,0,0,0,,0,0,0,0,
2,3.36,0,14.6,40,0,0,0,4.4,0,0,0,0,-5.5,0,0,0,0,-0.00229183,0,0,0,0,0,0,0,0,0,1,88,58,0,0.00034,0.00034,3,0,0,0,0,0,0,0,0,0,0,0,1,0,0,0,0,0,0,0,0,0,0,,0,0,0,0,
3,5.79,0,13.8,29,0,0,0,-1.1,0,0,0,0,-18.5,0,0,0,0,-0.00229183,0,0,0,0,0,0,0,0,0,1,74,58,0,0.00034,0.00034,3,5,0,0,0,0,0,0,0,0,0,0,1,0,0,0,0,0,0,0,0,0,0,,0,0,0,0,
4,6.22,0,17.65,28.5,0,0,0,-2.6,0,0,0,0,-16,0,0,0,0,-0.00229183,0,0,0,0,0,0,0,0,0,1,74,58,0,0.00034,0.00034,3,5,0,0,0,0,0,0,0,0,0,0,1,0,0,0,0,0,0,0,0,0,0,,0,0,0,0,
END,Total:5
START,FrameNb:194,CameraNb:0,HeSaiNb:0,ARS410Nb:0
2026/08/02 21:35:41:350---->
heightOffset:0,1785677741350,249468,selfCaliBufCnt:0,selfAccObjCnt:0,selfAccAngle:0,installHAngleOffset:0,Interpolation:0,installVAngleOffset:0,radarOffsetH:0,radarOffsetV:0.32,Polynom:-0.001023;-0.0511;-2.047;0;0;0;-0.001023;-0.0511;-2.047;-25.5;0;0,WheelDirection:0;0;0;0,selfAngleOffset:0,selfAngleOffsetPit:0,currCaliAngleHrz:0,currCaliAnglePit:0,selfCaliAngleHrz:0,selfCaliAnglePit:0,servCaliAngleHrz:0,servCaliAnglePit:0,offlineCaliAngleHrz:0,offlineCaliAnglePit:0,determine2useFlag:0,IMU_Z_Accel:-21.592,IMU_X_AngularRate:-2.093,IMU_Y_AngularRate:-2.093,IMU_RollAngle:-180,IMU_PitchAngle:-180,IMU_YawAngle:-180,FcwID:0,FCWWarningLevel:0,FCWTTC:0
0,1.99,0,16.55,38,0,0,0,7.7,1.25452e-34,0,0,0,-7,0,0,0,0,-0.00229183,0,0,0,0,0,0,0,0,0,1,87,58,0,0.00034,0.00034,3,5,0,0,0,0,0,0,0,0,0,0,1,0,1,0,0,0,0,0,0,0,0,,0,0,0,0,
1,3.36,0,14.55,40,0,0,0,4.45,0,0,0,0,-5.5,0,0,0,0,-0.00229183,0,0,0,0,0,0,0,0,0,1,89,58,0,0.00034,0.00034,3,0,0,0,0,0,0,0,0,0,0,0,1,0,1,0,0,0,0,0,0,0,0,,0,0,0,0,
2,5.78,0,-44.6,29,0,0,0,5.45,0,0,0,0,-3.5,0,0,0,0,-0.00229183,0,0,0,0,0,0,0,0,0,1,74,58,0,0.00034,0.00034,2,-1,0,0,0,0,0,0,0,0,0,0,1,0,1,0,0,0,0,0,0,0,0,,0,0,0,0,
3,6.05,0,17.7,28.5,0,0,0,-2.75,0,0,0,0,-16.5,0,0,0,0,-0.00229183,0,0,0,0,0,0,0,0,0,1,74,58,0,0.00034,0.00034,3,5,0,0,0,0,0,0,0,0,0,0,1,0,1,0,0,0,0,0,0,0,0,,0,0,0,0,
END,Total:4
START,FrameNb:195,CameraNb:0,HeSaiNb:0,ARS410Nb:0
2026/08/02 21:35:41:408---->
heightOffset:0,1785677741408,249524,selfCaliBufCnt:0,selfAccObjCnt:0,selfAccAngle:0,installHAngleOffset:0,Interpolation:0,installVAngleOffset:0,radarOffsetH:0,radarOffsetV:0.32,Polynom:-0.001023;-0.0511;-2.047;0;0;0;-0.001023;-0.0511;-2.047;-25.5;0;0,WheelDirection:0;0;0;0,selfAngleOffset:0,selfAngleOffsetPit:0,currCaliAngleHrz:0,currCaliAnglePit:0,selfCaliAngleHrz:0,selfCaliAnglePit:0,servCaliAngleHrz:0,servCaliAnglePit:0,offlineCaliAngleHrz:0,offlineCaliAnglePit:0,determine2useFlag:0,IMU_Z_Accel:-21.592,IMU_X_AngularRate:-2.093,IMU_Y_AngularRate:-2.093,IMU_RollAngle:-180,IMU_PitchAngle:-180,IMU_YawAngle:-180,FcwID:0,FCWWarningLevel:0,FCWTTC:0
0,1.98,0,16.55,38,0,0,0,7.7,1.25452e-34,0,0,0,-7,0,0,0,0,-0.00229183,0,0,0,0,0,0,0,0,0,1,87,61,0,0.00034,0.00034,3,5,0,0,0,0,0,0,0,0,0,0,1,0,0,0,0,0,0,0,0,0,0,,0,0,0,0,
1,2.75,0,16.35,29.5,0,0,0,-14.45,0,0,0,0,-14.5,0,0,0,0,-0.00229183,0,0,0,0,0,0,0,0,0,1,79,61,0,0.00034,0.00034,3,5,0,0,0,0,0,0,0,0,0,0,1,0,0,0,0,0,0,0,0,0,0,,0,0,0,0,
2,3.36,0,14.55,40,0,0,0,4.55,0,0,0,0,-5.5,0,0,0,0,-0.00229183,0,0,0,0,0,0,0,0,0,1,88,61,0,0.00034,0.00034,3,0,0,0,0,0,0,0,0,0,0,0,1,0,0,0,0,0,0,0,0,0,0,,0,0,0,0,
3,5.68,0,-44.5,29,0,0,0,5.8,0,0,0,0,-3.5,0,0,0,0,-0.00229183,0,0,0,0,0,0,0,0,0,1,74,61,0,0.00034,0.00034,3,5,0,0,0,0,0,0,0,0,0,0,1,0,0,0,0,0,0,0,0,0,0,,0,0,0,0,
4,6.22,0,17.8,28,0,0,0,-2.95,0,0,0,0,-16.5,0,0,0,0,-0.00229183,0,0,0,0,0,0,0,0,0,1,73,61,0,0.00034,0.00034,3,5,0,0,0,0,0,0,0,0,0,0,1,0,0,0,0,0,0,0,0,0,0,,0,0,0,0,
END,Total:5
START,FrameNb:196,CameraNb:0,HeSaiNb:0,ARS410Nb:0
2026/08/02 21:35:41:421---->
heightOffset:0,1785677741421,249584,selfCaliBufCnt:0,selfAccObjCnt:0,selfAccAngle:0,installHAngleOffset:0,Interpolation:0,installVAngleOffset:0,radarOffsetH:0,radarOffsetV:0.32,Polynom:-0.001023;-0.0511;-2.047;0;0;0;-0.001023;-0.0511;-2.047;-25.5;0;0,WheelDirection:0;0;0;0,selfAngleOffset:0,selfAngleOffsetPit:0,currCaliAngleHrz:0,currCaliAnglePit:0,selfCaliAngleHrz:0,selfCaliAnglePit:0,servCaliAngleHrz:0,servCaliAnglePit:0,offlineCaliAngleHrz:0,offlineCaliAnglePit:0,determine2useFlag:0,IMU_Z_Accel:-21.592,IMU_X_AngularRate:-2.093,IMU_Y_AngularRate:-2.093,IMU_RollAngle:-180,IMU_PitchAngle:-180,IMU_YawAngle:-180,FcwID:0,FCWWarningLevel:0,FCWTTC:0
0,1.99,0,16.55,38,0,0,0,7.7,1.25452e-34,0,0,0,-7,0,0,0,0,-0.00229183,0,0,0,0,0,0,0,0,0,1,87,54,0,0.00034,0.00034,3,5,0,0,0,0,0,0,0,0,0,0,1,0,1,0,0,0,0,0,0,0,0,,0,0,0,0,
1,2.78,0,69.05,30,0,0,0,3.4,0,0,0,0,21,0,0,0,0,-0.00229183,0,0,0,0,0,0,0,0,0,1,79,54,0,0.00034,0.00034,2,-1,0,0,0,0,0,0,0,0,0,0,1,0,1,0,0,0,0,0,0,0,0,,0,0,0,0,
2,3.37,0,14.65,40,0,0,0,4.9,0,0,0,0,-5.5,0,0,0,0,-0.00229183,0,0,0,0,0,0,0,0,0,1,88,54,0,0.00034,0.00034,3,0,0,0,0,0,0,0,0,0,0,0,1,0,1,0,0,0,0,0,0,0,0,,0,0,0,0,
3,5.78,0,-45.15,29,0,0,0,5.8,0,0,0,0,-2.5,0,0,0,0,-0.00229183,0,0,0,0,0,0,0,0,0,1,74,54,0,0.00034,0.00034,3,5,0,0,0,0,0,0,0,0,0,0,1,0,1,0,0,0,0,0,0,0,0,,0,0,0,0,
4,6.04,0,17.9,27.5,0,0,0,-3,0,0,0,0,-17,0,0,0,0,-0.00229183,0,0,0,0,0,0,0,0,0,1,73,54,0,0.00034,0.00034,3,5,0,0,0,0,0,0,0,0,0,0,1,0,1,0,0,0,0,0,0,0,0,,0,0,0,0,
END,Total:5
START,FrameNb:197,CameraNb:0,HeSaiNb:0,ARS410Nb:0
2026/08/02 21:35:41:475---->
heightOffset:0,1785677741475,249636,selfCaliBufCnt:0,selfAccObjCnt:0,selfAccAngle:0,installHAngleOffset:0,Interpolation:0,installVAngleOffset:0,radarOffsetH:0,radarOffsetV:0.32,Polynom:-0.001023;-0.0511;-2.047;0;0;0;-0.001023;-0.0511;-2.047;-25.5;0;0,WheelDirection:0;0;0;0,selfAngleOffset:0,selfAngleOffsetPit:0,currCaliAngleHrz:0,currCaliAnglePit:0,selfCaliAngleHrz:0,selfCaliAnglePit:0,servCaliAngleHrz:0,servCaliAnglePit:0,offlineCaliAngleHrz:0,offlineCaliAnglePit:0,determine2useFlag:0,IMU_Z_Accel:-21.592,IMU_X_AngularRate:-2.093,IMU_Y_AngularRate:-2.093,IMU_RollAngle:-180,IMU_PitchAngle:-180,IMU_YawAngle:-180,FcwID:0,FCWWarningLevel:0,FCWTTC:0
0,1.98,0,16.55,38,0,0,0,7.7,1.25452e-34,0,0,0,-7,0,0,0,0,-0.00229183,0,0,0,0,0,0,0,0,0,1,87,58,0,0.00034,0.00034,3,5,0,0,0,0,0,0,0,0,0,0,1,0,0,0,0,0,0,0,0,0,0,,0,0,0,0,
1,2.78,0,69.05,30.5,0,0,0,3.7,0,0,0,0,21.5,0,0,0,0,-0.00229183,0,0,0,0,0,0,0,0,0,1,80,58,0,0.00034,0.00034,3,7,0,0,0,0,0,0,0,0,0,0,1,0,0,0,0,0,0,0,0,0,0,,0,0,0,0,
2,3.37,0,14.7,40,0,0,0,4.8,0,0,0,0,-5.5,0,0,0,0,-0.00229183,0,0,0,0,0,0,0,0,0,1,88,58,0,0.00034,0.00034,3,0,0,0,0,0,0,0,0,0,0,0,1,0,0,0,0,0,0,0,0,0,0,,0,0,0,0,
3,5.76,0,-45.4,29,0,0,0,6,0,0,0,0,-2.5,0,0,0,0,-0.00229183,0,0,0,0,0,0,0,0,0,1,74,58,0,0.00034,0.00034,3,5,0,0,0,0,0,0,0,0,0,0,1,0,0,0,0,0,0,0,0,0,0,,0,0,0,0,
4,6.04,0,17.65,27,0,0,0,-2.85,0,0,0,0,-17.5,0,0,0,0,-0.00229183,0,0,0,0,0,0,0,0,0,1,72,58,0,0.00034,0.00034,3,5,0,0,0,0,0,0,0,0,0,0,1,0,0,0,0,0,0,0,0,0,0,,0,0,0,0,
END,Total:5
START,FrameNb:198,CameraNb:0,HeSaiNb:0,ARS410Nb:0
2026/08/02 21:35:41:597---->
heightOffset:0,1785677741597,249692,selfCaliBufCnt:0,selfAccObjCnt:0,selfAccAngle:0,installHAngleOffset:0,Interpolation:0,installVAngleOffset:0,radarOffsetH:0,radarOffsetV:0.32,Polynom:-0.001023;-0.0511;-2.047;0;0;0;-0.001023;-0.0511;-2.047;-25.5;0;0,WheelDirection:0;0;0;0,selfAngleOffset:0,selfAngleOffsetPit:0,currCaliAngleHrz:0,currCaliAnglePit:0,selfCaliAngleHrz:0,selfCaliAnglePit:0,servCaliAngleHrz:0,servCaliAnglePit:0,offlineCaliAngleHrz:0,offlineCaliAnglePit:0,determine2useFlag:0,IMU_Z_Accel:-21.592,IMU_X_AngularRate:-2.093,IMU_Y_AngularRate:-2.093,IMU_RollAngle:-180,IMU_PitchAngle:-180,IMU_YawAngle:-180,FcwID:0,FCWWarningLevel:0,FCWTTC:0
0,1.98,0,16.55,37.5,0,0,0,7.75,1.25452e-34,0,0,0,-7,0,0,0,0,-0.00229183,0,0,0,0,0,0,0,0,0,1,87,53,0,0.00034,0.00034,3,5,0,0,0,0,0,0,0,0,0,0,1,0,1,0,0,0,0,0,0,0,0,,0,0,0,0,
1,2.78,0,69.05,30,0,0,0,3.75,0,0,0,0,21,0,0,0,0,-0.00229183,0,0,0,0,0,0,0,0,0,1,79,53,0,0.00034,0.00034,3,5,0,0,0,0,0,0,0,0,0,0,1,0,1,0,0,0,0,0,0,0,0,,0,0,0,0,
2,3.38,0,14.7,39.5,0,0,0,4.9,0,0,0,0,-5.5,0,0,0,0,-0.00229183,0,0,0,0,0,0,0,0,0,1,88,53,0,0.00034,0.00034,3,0,0,0,0,0,0,0,0,0,0,0,1,0,1,0,0,0,0,0,0,0,0,,0,0,0,0,
3,5.79,0,-44.7,29,0,0,0,5.9,0,0,0,0,-3.5,0,0,0,0,-0.00229183,0,0,0,0,0,0,0,0,0,1,74,53,0,0.00034,0.00034,3,5,0,0,0,0,0,0,0,0,0,0,1,0,1,0,0,0,0,0,0,0,0,,0,0,0,0,
4,6.03,0,17.8,27.5,0,0,0,-2.85,0,0,0,0,-17.5,0,0,0,0,-0.00229183,0,0,0,0,0,0,0,0,0,1,72,53,0,0.00034,0.00034,3,5,0,0,0,0,0,0,0,0,0,0,1,0,1,0,0,0,0,0,0,0,0,,0,0,0,0,
END,Total:5
START,FrameNb:199,CameraNb:0,HeSaiNb:0,ARS410Nb:0
2026/08/02 21:35:41:658---->
heightOffset:0,1785677741658,249748,selfCaliBufCnt:0,selfAccObjCnt:0,selfAccAngle:0,installHAngleOffset:0,Interpolation:0,installVAngleOffset:0,radarOffsetH:0,radarOffsetV:0.32,Polynom:-0.001023;-0.0511;-2.047;0;0;0;-0.001023;-0.0511;-2.047;-25.5;0;0,WheelDirection:0;0;0;0,selfAngleOffset:0,selfAngleOffsetPit:0,currCaliAngleHrz:0,currCaliAnglePit:0,selfCaliAngleHrz:0,selfCaliAnglePit:0,servCaliAngleHrz:0,servCaliAnglePit:0,offlineCaliAngleHrz:0,offlineCaliAnglePit:0,determine2useFlag:0,IMU_Z_Accel:-21.592,IMU_X_AngularRate:-2.093,IMU_Y_AngularRate:-2.093,IMU_RollAngle:-180,IMU_PitchAngle:-180,IMU_YawAngle:-180,FcwID:0,FCWWarningLevel:0,FCWTTC:0
0,1.98,0,16.55,37.5,0,0,0,7.7,1.25452e-34,0,0,0,-7,0,0,0,0,-0.00229183,0,0,0,0,0,0,0,0,0,1,87,57,0,0.00034,0.00034,3,5,0,0,0,0,0,0,0,0,0,0,1,0,0,0,0,0,0,0,0,0,0,,0,0,0,0,
1,2.77,0,69.95,30.5,0,0,0,3.75,0,0,0,0,21,0,0,0,0,-0.00229183,0,0,0,0,0,0,0,0,0,1,79,57,0,0.00034,0.00034,3,7,0,0,0,0,0,0,0,0,0,0,1,0,0,0,0,0,0,0,0,0,0,,0,0,0,0,
2,3.37,0,14.7,40,0,0,0,4.75,0,0,0,0,-5.5,0,0,0,0,-0.00229183,0,0,0,0,0,0,0,0,0,1,88,57,0,0.00034,0.00034,3,0,0,0,0,0,0,0,0,0,0,0,1,0,0,0,0,0,0,0,0,0,0,,0,0,0,0,
3,5.4,0,11.3,24.5,0,0,0,-0.05,0,0,0,0,-24,0,0,0,0,-0.00229183,0,0,0,0,0,0,0,0,0,1,70,57,0,0.00034,0.00034,3,5,0,0,0,0,0,0,0,0,0,0,1,0,0,0,0,0,0,0,0,0,0,,0,0,0,0,
4,5.76,0,10.7,29,0,0,0,-1.05,0,0,0,0,-19,0,0,0,0,-0.00229183,0,0,0,0,0,0,0,0,0,1,74,57,0,0.00034,0.00034,3,5,0,0,0,0,0,0,0,0,0,0,1,0,0,0,0,0,0,0,0,0,0,,0,0,0,0,
5,6.03,0,17.8,27,0,0,0,-2.7,0,0,0,0,-18,0,0,0,0,-0.00229183,0,0,0,0,0,0,0,0,0,1,72,57,0,0.00034,0.00034,3,5,0,0,0,0,0,0,0,0,0,0,1,0,0,0,0,0,0,0,0,0,0,,0,0,0,0,
END,Total:6
START,FrameNb:200,CameraNb:0,HeSaiNb:0,ARS410Nb:0
2026/08/02 21:35:41:671---->
heightOffset:0,1785677741671,249804,selfCaliBufCnt:0,selfAccObjCnt:0,selfAccAngle:0,installHAngleOffset:0,Interpolation:0,installVAngleOffset:0,radarOffsetH:0,radarOffsetV:0.32,Polynom:-0.001023;-0.0511;-2.047;0;0;0;-0.001023;-0.0511;-2.047;-25.5;0;0,WheelDirection:0;0;0;0,selfAngleOffset:0,selfAngleOffsetPit:0,currCaliAngleHrz:0,currCaliAnglePit:0,selfCaliAngleHrz:0,selfCaliAnglePit:0,servCaliAngleHrz:0,servCaliAnglePit:0,offlineCaliAngleHrz:0,offlineCaliAnglePit:0,determine2useFlag:0,IMU_Z_Accel:-21.592,IMU_X_AngularRate:-2.093,IMU_Y_AngularRate:-2.093,IMU_RollAngle:-180,IMU_PitchAngle:-180,IMU_YawAngle:-180,FcwID:0,FCWWarningLevel:0,FCWTTC:0
0,1.98,0,16.55,37.5,0,0,0,7.7,1.25452e-34,0,0,0,-7,0,0,0,0,-0.00229183,0,0,0,0,0,0,0,0,0,1,87,54,0,0.00034,0.00034,3,5,0,0,0,0,0,0,0,0,0,0,1,0,1,0,0,0,0,0,0,0,0,,0,0,0,0,
1,2.77,0,69.95,30.5,0,0,0,3.9,0,0,0,0,21.5,0,0,0,0,-0.00229183,0,0,0,0,0,0,0,0,0,1,80,54,0,0.00034,0.00034,3,7,0,0,0,0,0,0,0,0,0,0,1,0,1,0,0,0,0,0,0,0,0,,0,0,0,0,
2,3.37,0,14.7,40,0,0,0,4.75,0,0,0,0,-5.5,0,0,0,0,-0.00229183,0,0,0,0,0,0,0,0,0,1,88,54,0,0.00034,0.00034,3,0,0,0,0,0,0,0,0,0,0,0,1,0,1,0,0,0,0,0,0,0,0,,0,0,0,0,
3,5.76,0,-44.7,29,0,0,0,5.9,0,0,0,0,-3.5,0,0,0,0,-0.00229183,0,0,0,0,0,0,0,0,0,1,74,54,0,0.00034,0.00034,2,-1,0,0,0,0,0,0,0,0,0,0,1,0,1,0,0,0,0,0,0,0,0,,0,0,0,0,
4,6.23,0,17.8,27,0,0,0,-2.55,0,0,0,0,-18,0,0,0,0,-0.00229183,0,0,0,0,0,0,0,0,0,1,72,54,0,0.00034,0.00034,3,5,0,0,0,0,0,0,0,0,0,0,1,0,1,0,0,0,0,0,0,0,0,,0,0,0,0,
END,Total:5
START,FrameNb:201,CameraNb:0,HeSaiNb:0,ARS410Nb:0
2026/08/02 21:35:41:725---->
heightOffset:0,1785677741725,249860,selfCaliBufCnt:0,selfAccObjCnt:0,selfAccAngle:0,installHAngleOffset:0,Interpolation:0,installVAngleOffset:0,radarOffsetH:0,radarOffsetV:0.32,Polynom:-0.001023;-0.0511;-2.047;0;0;0;-0.001023;-0.0511;-2.047;-25.5;0;0,WheelDirection:0;0;0;0,selfAngleOffset:0,selfAngleOffsetPit:0,currCaliAngleHrz:0,currCaliAnglePit:0,selfCaliAngleHrz:0,selfCaliAnglePit:0,servCaliAngleHrz:0,servCaliAnglePit:0,offlineCaliAngleHrz:0,offlineCaliAnglePit:0,determine2useFlag:0,IMU_Z_Accel:-21.592,IMU_X_AngularRate:-2.093,IMU_Y_AngularRate:-2.093,IMU_RollAngle:-180,IMU_PitchAngle:-180,IMU_YawAngle:-180,FcwID:0,FCWWarningLevel:0,FCWTTC:0
0,1.98,0,16.55,38,0,0,0,7.7,1.25452e-34,0,0,0,-7,0,0,0,0,-0.00229183,0,0,0,0,0,0,0,0,0,1,87,61,0,0.00034,0.00034,3,5,0,0,0,0,0,0,0,0,0,0,1,0,0,0,0,0,0,0,0,0,0,,0,0,0,0,
1,2.76,0,16.7,29.5,0,0,0,15,0,0,0,0,-15,0,0,0,0,-0.00229183,0,0,0,0,0,0,0,0,0,1,78,61,0,0.00034,0.00034,3,5,0,0,0,0,0,0,0,0,0,0,1,0,0,0,0,0,0,0,0,0,0,,0,0,0,0,
2,3.37,0,14.65,40,0,0,0,4.75,0,0,0,0,-5.5,0,0,0,0,-0.00229183,0,0,0,0,0,0,0,0,0,1,88,61,0,0.00034,0.00034,3,0,0,0,0,0,0,0,0,0,0,0,1,0,0,0,0,0,0,0,0,0,0,,0,0,0,0,
3,5.76,0,10.65,29,0,0,0,-1.05,0,0,0,0,-19.5,0,0,0,0,-0.00229183,0,0,0,0,0,0,0,0,0,1,74,61,0,0.00034,0.00034,3,5,0,0,0,0,0,0,0,0,0,0,1,0,0,0,0,0,0,0,0,0,0,,0,0,0,0,
4,6.16,0,17.65,26.5,0,0,0,-2.6,0,0,0,0,-18,0,0,0,0,-0.00229183,0,0,0,0,0,0,0,0,0,1,72,61,0,0.00034,0.00034,3,5,0,0,0,0,0,0,0,0,0,0,1,0,0,0,0,0,0,0,0,0,0,,0,0,0,0,
END,Total:5
START,FrameNb:202,CameraNb:0,HeSaiNb:0,ARS410Nb:0
2026/08/02 21:35:41:785---->
heightOffset:0,1785677741785,249924,selfCaliBufCnt:0,selfAccObjCnt:0,selfAccAngle:0,installHAngleOffset:0,Interpolation:0,installVAngleOffset:0,radarOffsetH:0,radarOffsetV:0.32,Polynom:-0.001023;-0.0511;-2.047;0;0;0;-0.001023;-0.0511;-2.047;-25.5;0;0,WheelDirection:0;0;0;0,selfAngleOffset:0,selfAngleOffsetPit:0,currCaliAngleHrz:0,currCaliAnglePit:0,selfCaliAngleHrz:0,selfCaliAnglePit:0,servCaliAngleHrz:0,servCaliAnglePit:0,offlineCaliAngleHrz:0,offlineCaliAnglePit:0,determine2useFlag:0,IMU_Z_Accel:-21.592,IMU_X_AngularRate:-2.093,IMU_Y_AngularRate:-2.093,IMU_RollAngle:-180,IMU_PitchAngle:-180,IMU_YawAngle:-180,FcwID:0,FCWWarningLevel:0,FCWTTC:0
0,1.98,0,16.55,38,0,0,0,7.7,1.25452e-34,0,0,0,-7,0,0,0,0,-0.00229183,0,0,0,0,0,0,0,0,0,1,87,59,0,0.00034,0.00034,3,5,0,0,0,0,0,0,0,0,0,0,1,0,1,0,0,0,0,0,0,0,0,,0,0,0,0,
1,3.36,0,14.55,40,0,0,0,4.45,0,0,0,0,-5.5,0,0,0,0,-0.00229183,0,0,0,0,0,0,0,0,0,1,89,59,0,0.00034,0.00034,3,0,0,0,0,0,0,0,0,0,0,0,1,0,1,0,0,0,0,0,0,0,0,,0,0,0,0,
2,5.74,0,10.7,29,0,0,0,-1.1,0,0,0,0,-19.5,0,0,0,0,-0.00229183,0,0,0,0,0,0,0,0,0,1,74,59,0,0.00034,0.00034,3,5,0,0,0,0,0,0,0,0,0,0,1,0,1,0,0,0,0,0,0,0,0,,0,0,0,0,
3,6.1,0,17.7,26.5,0,0,0,-2.25,0,0,0,0,-18.5,0,0,0,0,-0.00229183,0,0,0,0,0,0,0,0,0,1,72,59,0,0.00034,0.00034,3,5,0,0,0,0,0,0,0,0,0,0,1,0,1,0,0,0,0,0,0,0,0,,0,0,0,0,
END,Total:4
START,FrameNb:203,CameraNb:0,HeSaiNb:0,ARS410Nb:0
2026/08/02 21:35:41:844---->
heightOffset:0,1785677741844,249976,selfCaliBufCnt:0,selfAccObjCnt:0,selfAccAngle:0,installHAngleOffset:0,Interpolation:0,installVAngleOffset:0,radarOffsetH:0,radarOffsetV:0.32,Polynom:-0.001023;-0.0511;-2.047;0;0;0;-0.001023;-0.0511;-2.047;-25.5;0;0,WheelDirection:0;0;0;0,selfAngleOffset:0,selfAngleOffsetPit:0,currCaliAngleHrz:0,currCaliAnglePit:0,selfCaliAngleHrz:0,selfCaliAnglePit:0,servCaliAngleHrz:0,servCaliAnglePit:0,offlineCaliAngleHrz:0,offlineCaliAnglePit:0,determine2useFlag:0,IMU_Z_Accel:-21.592,IMU_X_AngularRate:-2.093,IMU_Y_AngularRate:-2.093,IMU_RollAngle:-180,IMU_PitchAngle:-180,IMU_YawAngle:-180,FcwID:0,FCWWarningLevel:0,FCWTTC:0
0,1.98,0,16.55,38,0,0,0,7.65,1.25452e-34,0,0,0,-7,0,0,0,0,-0.00229183,0,0,0,0,0,0,0,0,0,1,87,57,0,0.00034,0.00034,3,5,0,0,0,0,0,0,0,0,0,0,1,0,0,0,0,0,0,0,0,0,0,,0,0,0,0,
1,2.76,0,70.05,29,0,0,0,3.25,0,0,0,0,22,0,0,0,0,-0.00229183,0,0,0,0,0,0,0,0,0,1,78,57,0,0.00034,0.00034,2,-1,0,0,0,0,0,0,0,0,0,0,1,0,0,0,0,0,0,0,0,0,0,,0,0,0,0,
2,3.36,0,14.55,40,0,0,0,4.4,0,0,0,0,-5.5,0,0,0,0,-0.00229183,0,0,0,0,0,0,0,0,0,1,89,57,0,0.00034,0.00034,3,0,0,0,0,0,0,0,0,0,0,0,1,0,0,0,0,0,0,0,0,0,0,,0,0,0,0,
3,5.4,0,11.3,25,0,0,0,-0.25,0,0,0,0,-24,0,0,0,0,-0.00229183,0,0,0,0,0,0,0,0,0,1,70,57,0,0.00034,0.00034,3,5,0,0,0,0,0,0,0,0,0,0,1,0,0,0,0,0,0,0,0,0,0,,0,0,0,0,
4,5.77,0,10.65,29,0,0,0,-1.3,0,0,0,0,-19,0,0,0,0,-0.00229183,0,0,0,0,0,0,0,0,0,1,74,57,0,0.00034,0.00034,3,5,0,0,0,0,0,0,0,0,0,0,1,0,0,0,0,0,0,0,0,0,0,,0,0,0,0,
5,6.07,0,17.7,26.5,0,0,0,-2.25,0,0,0,0,-18.5,0,0,0,0,-0.00229183,0,0,0,0,0,0,0,0,0,1,72,57,0,0.00034,0.00034,3,5,0,0,0,0,0,0,0,0,0,0,1,0,0,0,0,0,0,0,0,0,0,,0,0,0,0,
END,Total:6
START,FrameNb:204,CameraNb:0,HeSaiNb:0,ARS410Nb:0
2026/08/02 21:35:41:896---->
heightOffset:0,1785677741896,250036,selfCaliBufCnt:0,selfAccObjCnt:0,selfAccAngle:0,installHAngleOffset:0,Interpolation:0,installVAngleOffset:0,radarOffsetH:0,radarOffsetV:0.32,Polynom:-0.001023;-0.0511;-2.047;0;0;0;-0.001023;-0.0511;-2.047;-25.5;0;0,WheelDirection:0;0;0;0,selfAngleOffset:0,selfAngleOffsetPit:0,currCaliAngleHrz:0,currCaliAnglePit:0,selfCaliAngleHrz:0,selfCaliAnglePit:0,servCaliAngleHrz:0,servCaliAnglePit:0,offlineCaliAngleHrz:0,offlineCaliAnglePit:0,determine2useFlag:0,IMU_Z_Accel:-21.592,IMU_X_AngularRate:-2.093,IMU_Y_AngularRate:-2.093,IMU_RollAngle:-180,IMU_PitchAngle:-180,IMU_YawAngle:-180,FcwID:0,FCWWarningLevel:0,FCWTTC:0
0,1.98,0,16.55,37.5,0,0,0,7.65,1.25452e-34,0,0,0,-7,0,0,0,0,-0.00229183,0,0,0,0,0,0,0,0,0,1,87,54,0,0.00034,0.00034,3,5,0,0,0,0,0,0,0,0,0,0,1,0,1,0,0,0,0,0,0,0,0,,0,0,0,0,
1,3.36,0,14.5,40,0,0,0,4.45,0,0,0,0,-5.5,0,0,0,0,-0.00229183,0,0,0,0,0,0,0,0,0,1,89,54,0,0.00034,0.00034,3,0,0,0,0,0,0,0,0,0,0,0,1,0,1,0,0,0,0,0,0,0,0,,0,0,0,0,
2,5.68,0,10.6,29,0,0,0,-1.3,0,0,0,0,-19.5,0,0,0,0,-0.00229183,0,0,0,0,0,0,0,0,0,1,74,54,0,0.00034,0.00034,3,5,0,0,0,0,0,0,0,0,0,0,1,0,1,0,0,0,0,0,0,0,0,,0,0,0,0,
3,6.08,0,17.7,26,0,0,0,-2,0,0,0,0,-18.5,0,0,0,0,-0.00229183,0,0,0,0,0,0,0,0,0,1,71,54,0,0.00034,0.00034,3,5,0,0,0,0,0,0,0,0,0,0,1,0,1,0,0,0,0,0,0,0,0,,0,0,0,0,
END,Total:4
START,FrameNb:205,CameraNb:0,HeSaiNb:0,ARS410Nb:0
2026/08/02 21:35:41:916---->
heightOffset:0,1785677741916,250088,selfCaliBufCnt:0,selfAccObjCnt:0,selfAccAngle:0,installHAngleOffset:0,Interpolation:0,installVAngleOffset:0,radarOffsetH:0,radarOffsetV:0.32,Polynom:-0.001023;-0.0511;-2.047;0;0;0;-0.001023;-0.0511;-2.047;-25.5;0;0,WheelDirection:0;0;0;0,selfAngleOffset:0,selfAngleOffsetPit:0,currCaliAngleHrz:0,currCaliAnglePit:0,selfCaliAngleHrz:0,selfCaliAnglePit:0,servCaliAngleHrz:0,servCaliAnglePit:0,offlineCaliAngleHrz:0,offlineCaliAnglePit:0,determine2useFlag:0,IMU_Z_Accel:-21.592,IMU_X_AngularRate:-2.093,IMU_Y_AngularRate:-2.093,IMU_RollAngle:-180,IMU_PitchAngle:-180,IMU_YawAngle:-180,FcwID:0,FCWWarningLevel:0,FCWTTC:0
0,1.98,0,16.55,38,0,0,0,7.7,1.25452e-34,0,0,0,-7,0,0,0,0,-0.00229183,0,0,0,0,0,0,0,0,0,1,87,58,0,0.00034,0.00034,3,5,0,0,0,0,0,0,0,0,0,0,1,0,0,0,0,0,0,0,0,0,0,,0,0,0,0,
1,2.96,0,-6.85,28.5,0,0,0,-15,0,0,0,0,-18.5,0,0,0,0,-0.00229183,0,0,0,0,0,0,0,0,0,1,78,58,0,0.00034,0.00034,3,5,0,0,0,0,0,0,0,0,0,0,1,0,0,0,0,0,0,0,0,0,0,,0,0,0,0,
2,3.36,0,14.5,40,0,0,0,4.55,0,0,0,0,-5.5,0,0,0,0,-0.00229183,0,0,0,0,0,0,0,0,0,1,88,58,0,0.00034,0.00034,3,0,0,0,0,0,0,0,0,0,0,0,1,0,0,0,0,0,0,0,0,0,0,,0,0,0,0,
3,5.76,0,10.7,29,0,0,0,-1.25,0,0,0,0,-19.5,0,0,0,0,-0.00229183,0,0,0,0,0,0,0,0,0,1,74,58,0,0.00034,0.00034,3,5,0,0,0,0,0,0,0,0,0,0,1,0,0,0,0,0,0,0,0,0,0,,0,0,0,0,
4,6.13,0,17.85,26.5,0,0,0,-2,0,0,0,0,-18.5,0,0,0,0,-0.00229183,0,0,0,0,0,0,0,0,0,1,71,58,0,0.00034,0.00034,3,5,0,0,0,0,0,0,0,0,0,0,1,0,0,0,0,0,0,0,0,0,0,,0,0,0,0,
END,Total:5
START,FrameNb:206,CameraNb:0,HeSaiNb:0,ARS410Nb:0
2026/08/02 21:35:42:031---->
heightOffset:0,1785677742031,250148,selfCaliBufCnt:0,selfAccObjCnt:0,selfAccAngle:0,installHAngleOffset:0,Interpolation:0,installVAngleOffset:0,radarOffsetH:0,radarOffsetV:0.32,Polynom:-0.001023;-0.0511;-2.047;0;0;0;-0.001023;-0.0511;-2.047;-25.5;0;0,WheelDirection:0;0;0;0,selfAngleOffset:0,selfAngleOffsetPit:0,currCaliAngleHrz:0,currCaliAnglePit:0,selfCaliAngleHrz:0,selfCaliAnglePit:0,servCaliAngleHrz:0,servCaliAnglePit:0,offlineCaliAngleHrz:0,offlineCaliAnglePit:0,determine2useFlag:0,IMU_Z_Accel:-21.592,IMU_X_AngularRate:-2.093,IMU_Y_AngularRate:-2.093,IMU_RollAngle:-180,IMU_PitchAngle:-180,IMU_YawAngle:-180,FcwID:0,FCWWarningLevel:0,FCWTTC:0
0,1.99,0,16.55,37.5,0,0,0,7.65,1.25452e-34,0,0,0,-7,0,0,0,0,-0.00229183,0,0,0,0,0,0,0,0,0,1,87,53,0,0.00034,0.00034,3,5,0,0,0,0,0,0,0,0,0,0,1,0,1,0,0,0,0,0,0,0,0,,0,0,0,0,
1,2.96,0,70.8,29,0,0,0,2.15,0,0,0,0,22,0,0,0,0,-0.00229183,0,0,0,0,0,0,0,0,0,1,78,53,0,0.00034,0.00034,2,-1,0,0,0,0,0,0,0,0,0,0,1,0,1,0,0,0,0,0,0,0,0,,0,0,0,0,
2,3.36,0,14.65,39.5,0,0,0,4.3,0,0,0,0,-5.5,0,0,0,0,-0.00229183,0,0,0,0,0,0,0,0,0,1,88,53,0,0.00034,0.00034,3,0,0,0,0,0,0,0,0,0,0,0,1,0,1,0,0,0,0,0,0,0,0,,0,0,0,0,
3,5.78,0,10.95,29,0,0,0,-1.45,0,0,0,0,-19.5,0,0,0,0,-0.00229183,0,0,0,0,0,0,0,0,0,1,74,53,0,0.00034,0.00034,3,5,0,0,0,0,0,0,0,0,0,0,1,0,1,0,0,0,0,0,0,0,0,,0,0,0,0,
4,6.09,0,17.8,26,0,0,0,-2.1,0,0,0,0,-19,0,0,0,0,-0.00229183,0,0,0,0,0,0,0,0,0,1,71,53,0,0.00034,0.00034,3,5,0,0,0,0,0,0,0,0,0,0,1,0,1,0,0,0,0,0,0,0,0,,0,0,0,0,
END,Total:5
START,FrameNb:207,CameraNb:0,HeSaiNb:0,ARS410Nb:0
2026/08/02 21:35:42:091---->
heightOffset:0,1785677742091,250200,selfCaliBufCnt:0,selfAccObjCnt:0,selfAccAngle:0,installHAngleOffset:0,Interpolation:0,installVAngleOffset:0,radarOffsetH:0,radarOffsetV:0.32,Polynom:-0.001023;-0.0511;-2.047;0;0;0;-0.001023;-0.0511;-2.047;-25.5;0;0,WheelDirection:0;0;0;0,selfAngleOffset:0,selfAngleOffsetPit:0,currCaliAngleHrz:0,currCaliAnglePit:0,selfCaliAngleHrz:0,selfCaliAnglePit:0,servCaliAngleHrz:0,servCaliAnglePit:0,offlineCaliAngleHrz:0,offlineCaliAnglePit:0,determine2useFlag:0,IMU_Z_Accel:-21.592,IMU_X_AngularRate:-2.093,IMU_Y_AngularRate:-2.093,IMU_RollAngle:-180,IMU_PitchAngle:-180,IMU_YawAngle:-180,FcwID:0,FCWWarningLevel:0,FCWTTC:0
0,1.98,0,16.55,38,0,0,0,7.7,1.25452e-34,0,0,0,-7,0,0,0,0,-0.00229183,0,0,0,0,0,0,0,0,0,1,87,58,0,0.00034,0.00034,3,5,0,0,0,0,0,0,0,0,0,0,1,0,0,0,0,0,0,0,0,0,0,,0,0,0,0,
1,2.76,0,-8.6,29,0,0,0,-14.2,0,0,0,0,-18,0,0,0,0,-0.00229183,0,0,0,0,0,0,0,0,0,1,78,58,0,0.00034,0.00034,3,7,0,0,0,0,0,0,0,0,0,0,1,0,0,0,0,0,0,0,0,0,0,,0,0,0,0,
2,3.37,0,14.65,40,0,0,0,4.75,0,0,0,0,-5.5,0,0,0,0,-0.00229183,0,0,0,0,0,0,0,0,0,1,88,58,0,0.00034,0.00034,3,0,0,0,0,0,0,0,0,0,0,0,1,0,0,0,0,0,0,0,0,0,0,,0,0,0,0,
3,5.38,0,11.35,24.5,0,0,0,-0.75,0,0,0,0,-24,0,0,0,0,-0.00229183,0,0,0,0,0,0,0,0,0,1,70,58,0,0.00034,0.00034,3,5,0,0,0,0,0,0,0,0,0,0,1,0,0,0,0,0,0,0,0,0,0,,0,0,0,0,
4,5.78,0,-44.3,29,0,0,0,5.75,0,0,0,0,-3.5,0,0,0,0,-0.00229183,0,0,0,0,0,0,0,0,0,1,74,58,0,0.00034,0.00034,2,-1,0,0,0,0,0,0,0,0,0,0,1,0,0,0,0,0,0,0,0,0,0,,0,0,0,0,
5,6.06,0,17.9,26,0,0,0,-2.05,0,0,0,0,-19,0,0,0,0,-0.00229183,0,0,0,0,0,0,0,0,0,1,71,58,0,0.00034,0.00034,3,5,0,0,0,0,0,0,0,0,0,0,1,0,0,0,0,0,0,0,0,0,0,,0,0,0,0,
END,Total:6
START,FrameNb:208,CameraNb:0,HeSaiNb:0,ARS410Nb:0
2026/08/02 21:35:42:154---->
heightOffset:0,1785677742154,250260,selfCaliBufCnt:0,selfAccObjCnt:0,selfAccAngle:0,installHAngleOffset:0,Interpolation:0,installVAngleOffset:0,radarOffsetH:0,radarOffsetV:0.32,Polynom:-0.001023;-0.0511;-2.047;0;0;0;-0.001023;-0.0511;-2.047;-25.5;0;0,WheelDirection:0;0;0;0,selfAngleOffset:0,selfAngleOffsetPit:0,currCaliAngleHrz:0,currCaliAnglePit:0,selfCaliAngleHrz:0,selfCaliAnglePit:0,servCaliAngleHrz:0,servCaliAnglePit:0,offlineCaliAngleHrz:0,offlineCaliAnglePit:0,determine2useFlag:0,IMU_Z_Accel:-21.592,IMU_X_AngularRate:-2.093,IMU_Y_AngularRate:-2.093,IMU_RollAngle:-180,IMU_PitchAngle:-180,IMU_YawAngle:-180,FcwID:0,FCWWarningLevel:0,FCWTTC:0
0,1.99,0,16.55,37.5,0,0,0,7.7,1.25452e-34,0,0,0,-7,0,0,0,0,-0.00229183,0,0,0,0,0,0,0,0,0,1,87,53,0,0.00034,0.00034,3,5,0,0,0,0,0,0,0,0,0,0,1,0,1,0,0,0,0,0,0,0,0,,0,0,0,0,
1,2.75,0,16.7,29,0,0,0,-14.25,0,0,0,0,-15,0,0,0,0,-0.00229183,0,0,0,0,0,0,0,0,0,1,78,53,0,0.00034,0.00034,3,5,0,0,0,0,0,0,0,0,0,0,1,0,1,0,0,0,0,0,0,0,0,,0,0,0,0,
2,3.36,0,14.5,39.5,0,0,0,4.2,0,0,0,0,-5.5,0,0,0,0,-0.00229183,0,0,0,0,0,0,0,0,0,1,88,53,0,0.00034,0.00034,3,0,0,0,0,0,0,0,0,0,0,0,1,0,1,0,0,0,0,0,0,0,0,,0,0,0,0,
3,5.76,0,-44.45,29,0,0,0,5.95,0,0,0,0,-3,0,0,0,0,-0.00229183,0,0,0,0,0,0,0,0,0,1,74,53,0,0.00034,0.00034,3,5,0,0,0,0,0,0,0,0,0,0,1,0,1,0,0,0,0,0,0,0,0,,0,0,0,0,
4,6.06,0,17.8,25.5,0,0,0,-2.2,0,0,0,0,-19,0,0,0,0,-0.00229183,0,0,0,0,0,0,0,0,0,1,71,53,0,0.00034,0.00034,3,5,0,0,0,0,0,0,0,0,0,0,1,0,1,0,0,0,0,0,0,0,0,,0,0,0,0,
END,Total:5
START,FrameNb:209,CameraNb:0,HeSaiNb:0,ARS410Nb:0
2026/08/02 21:35:42:166---->
heightOffset:0,1785677742166,250320,selfCaliBufCnt:0,selfAccObjCnt:0,selfAccAngle:0,installHAngleOffset:0,Interpolation:0,installVAngleOffset:0,radarOffsetH:0,radarOffsetV:0.32,Polynom:-0.001023;-0.0511;-2.047;0;0;0;-0.001023;-0.0511;-2.047;-25.5;0;0,WheelDirection:0;0;0;0,selfAngleOffset:0,selfAngleOffsetPit:0,currCaliAngleHrz:0,currCaliAnglePit:0,selfCaliAngleHrz:0,selfCaliAnglePit:0,servCaliAngleHrz:0,servCaliAnglePit:0,offlineCaliAngleHrz:0,offlineCaliAnglePit:0,determine2useFlag:0,IMU_Z_Accel:-21.592,IMU_X_AngularRate:-2.093,IMU_Y_AngularRate:-2.093,IMU_RollAngle:-180,IMU_PitchAngle:-180,IMU_YawAngle:-180,FcwID:0,FCWWarningLevel:0,FCWTTC:0
0,1.98,0,16.55,37.5,0,0,0,7.7,1.25452e-34,0,0,0,-7,0,0,0,0,-0.00229183,0,0,0,0,0,0,0,0,0,1,87,63,0,0.00034,0.00034,3,5,0,0,0,0,0,0,0,0,0,0,1,0,0,0,0,0,0,0,0,0,0,,0,0,0,0,
1,2.78,0,67,29.5,0,0,0,-10.55,0,0,0,0,18.5,0,0,0,0,-0.00229183,0,0,0,0,0,0,0,0,0,1,79,63,0,0.00034,0.00034,2,-1,0,0,0,0,0,0,0,0,0,0,1,0,0,0,0,0,0,0,0,0,0,,0,0,0,0,
2,3.36,0,14.5,40,0,0,0,4.55,0,0,0,0,-5.5,0,0,0,0,-0.00229183,0,0,0,0,0,0,0,0,0,1,89,63,0,0.00034,0.00034,3,0,0,0,0,0,0,0,0,0,0,0,1,0,0,0,0,0,0,0,0,0,0,,0,0,0,0,
3,5.7,0,-44.55,29,0,0,0,6.15,0,0,0,0,-3.5,0,0,0,0,-0.00229183,0,0,0,0,0,0,0,0,0,1,74,63,0,0.00034,0.00034,3,5,0,0,0,0,0,0,0,0,0,0,1,0,0,0,0,0,0,0,0,0,0,,0,0,0,0,
4,6.1,0,17.9,26,0,0,0,-2.8,0,0,0,0,-18.5,0,0,0,0,-0.00229183,0,0,0,0,0,0,0,0,0,1,71,63,0,0.00034,0.00034,3,5,0,0,0,0,0,0,0,0,0,0,1,0,0,0,0,0,0,0,0,0,0,,0,0,0,0,
END,Total:5
START,FrameNb:210,CameraNb:0,HeSaiNb:0,ARS410Nb:0
2026/08/02 21:35:42:223---->
heightOffset:0,1785677742223,250376,selfCaliBufCnt:0,selfAccObjCnt:0,selfAccAngle:0,installHAngleOffset:0,Interpolation:0,installVAngleOffset:0,radarOffsetH:0,radarOffsetV:0.32,Polynom:-0.001023;-0.0511;-2.047;0;0;0;-0.001023;-0.0511;-2.047;-25.5;0;0,WheelDirection:0;0;0;0,selfAngleOffset:0,selfAngleOffsetPit:0,currCaliAngleHrz:0,currCaliAnglePit:0,selfCaliAngleHrz:0,selfCaliAnglePit:0,servCaliAngleHrz:0,servCaliAnglePit:0,offlineCaliAngleHrz:0,offlineCaliAnglePit:0,determine2useFlag:0,IMU_Z_Accel:-21.592,IMU_X_AngularRate:-2.093,IMU_Y_AngularRate:-2.093,IMU_RollAngle:-180,IMU_PitchAngle:-180,IMU_YawAngle:-180,FcwID:0,FCWWarningLevel:0,FCWTTC:0
0,1.99,0,16.55,37.5,0,0,0,7.7,1.25452e-34,0,0,0,-7,0,0,0,0,-0.00229183,0,0,0,0,0,0,0,0,0,1,87,57,0,0.00034,0.00034,3,5,0,0,0,0,0,0,0,0,0,0,1,0,1,0,0,0,0,0,0,0,0,,0,0,0,0,
1,2.78,0,67.1,30,0,0,0,-10.25,0,0,0,0,19,0,0,0,0,-0.00229183,0,0,0,0,0,0,0,0,0,1,79,57,0,0.00034,0.00034,3,5,0,0,0,0,0,0,0,0,0,0,1,0,1,0,0,0,0,0,0,0,0,,0,0,0,0,
2,3.37,0,14.65,39.5,0,0,0,4.8,0,0,0,0,-5.5,0,0,0,0,-0.00229183,0,0,0,0,0,0,0,0,0,1,88,57,0,0.00034,0.00034,3,0,0,0,0,0,0,0,0,0,0,0,1,0,1,0,0,0,0,0,0,0,0,,0,0,0,0,
3,5.72,0,-44.35,28.5,0,0,0,6.05,0,0,0,0,-4,0,0,0,0,-0.00229183,0,0,0,0,0,0,0,0,0,1,73,57,0,0.00034,0.00034,3,5,0,0,0,0,0,0,0,0,0,0,1,0,1,0,0,0,0,0,0,0,0,,0,0,0,0,
4,6.03,0,17.8,25.5,0,0,0,-2.55,0,0,0,0,-19,0,0,0,0,-0.00229183,0,0,0,0,0,0,0,0,0,1,71,57,0,0.00034,0.00034,3,5,0,0,0,0,0,0,0,0,0,0,1,0,1,0,0,0,0,0,0,0,0,,0,0,0,0,
END,Total:5
START,FrameNb:211,CameraNb:0,HeSaiNb:0,ARS410Nb:0
2026/08/02 21:35:42:280---->
heightOffset:0,1785677742280,250432,selfCaliBufCnt:0,selfAccObjCnt:0,selfAccAngle:0,installHAngleOffset:0,Interpolation:0,installVAngleOffset:0,radarOffsetH:0,radarOffsetV:0.32,Polynom:-0.001023;-0.0511;-2.047;0;0;0;-0.001023;-0.0511;-2.047;-25.5;0;0,WheelDirection:0;0;0;0,selfAngleOffset:0,selfAngleOffsetPit:0,currCaliAngleHrz:0,currCaliAnglePit:0,selfCaliAngleHrz:0,selfCaliAnglePit:0,servCaliAngleHrz:0,servCaliAnglePit:0,offlineCaliAngleHrz:0,offlineCaliAnglePit:0,determine2useFlag:0,IMU_Z_Accel:-21.592,IMU_X_AngularRate:-2.093,IMU_Y_AngularRate:-2.093,IMU_RollAngle:-180,IMU_PitchAngle:-180,IMU_YawAngle:-180,FcwID:0,FCWWarningLevel:0,FCWTTC:0
0,1.98,0,16.55,38,0,0,0,7.7,1.25452e-34,0,0,0,-7,0,0,0,0,-0.00229183,0,0,0,0,0,0,0,0,0,1,87,58,0,0.00034,0.00034,3,5,0,0,0,0,0,0,0,0,0,0,1,0,0,0,0,0,0,0,0,0,0,,0,0,0,0,
1,2.77,0,69.95,30,0,0,0,3.7,0,0,0,0,20.5,0,0,0,0,-0.00229183,0,0,0,0,0,0,0,0,0,1,79,58,0,0.00034,0.00034,3,5,0,0,0,0,0,0,0,0,0,0,1,0,0,0,0,0,0,0,0,0,0,,0,0,0,0,
2,3.37,0,14.7,40,0,0,0,4.8,0,0,0,0,-5.5,0,0,0,0,-0.00229183,0,0,0,0,0,0,0,0,0,1,88,58,0,0.00034,0.00034,3,0,0,0,0,0,0,0,0,0,0,0,1,0,0,0,0,0,0,0,0,0,0,,0,0,0,0,
3,5.4,0,-44.05,24,0,0,0,9.55,0,0,0,0,-8.5,0,0,0,0,-0.00229183,0,0,0,0,0,0,0,0,0,1,69,58,0,0.00034,0.00034,3,5,0,0,0,0,0,0,0,0,0,0,1,0,0,0,0,0,0,0,0,0,0,,0,0,0,0,
4,5.7,0,-44.35,29,0,0,0,6.05,0,0,0,0,-4,0,0,0,0,-0.00229183,0,0,0,0,0,0,0,0,0,1,74,58,0,0.00034,0.00034,3,5,0,0,0,0,0,0,0,0,0,0,1,0,0,0,0,0,0,0,0,0,0,,0,0,0,0,
5,6.04,0,17.7,26,0,0,0,-2.3,0,0,0,0,-19,0,0,0,0,-0.00229183,0,0,0,0,0,0,0,0,0,1,71,58,0,0.00034,0.00034,3,5,0,0,0,0,0,0,0,0,0,0,1,0,0,0,0,0,0,0,0,0,0,,0,0,0,0,
END,Total:6
START,FrameNb:212,CameraNb:0,HeSaiNb:0,ARS410Nb:0
2026/08/02 21:35:42:340---->
heightOffset:0,1785677742340,250488,selfCaliBufCnt:0,selfAccObjCnt:0,selfAccAngle:0,installHAngleOffset:0,Interpolation:0,installVAngleOffset:0,radarOffsetH:0,radarOffsetV:0.32,Polynom:-0.001023;-0.0511;-2.047;0;0;0;-0.001023;-0.0511;-2.047;-25.5;0;0,WheelDirection:0;0;0;0,selfAngleOffset:0,selfAngleOffsetPit:0,currCaliAngleHrz:0,currCaliAnglePit:0,selfCaliAngleHrz:0,selfCaliAnglePit:0,servCaliAngleHrz:0,servCaliAnglePit:0,offlineCaliAngleHrz:0,offlineCaliAnglePit:0,determine2useFlag:0,IMU_Z_Accel:-21.592,IMU_X_AngularRate:-2.093,IMU_Y_AngularRate:-2.093,IMU_RollAngle:-180,IMU_PitchAngle:-180,IMU_YawAngle:-180,FcwID:0,FCWWarningLevel:0,FCWTTC:0
0,1.99,0,16.55,38,0,0,0,7.7,1.25452e-34,0,0,0,-7,0,0,0,0,-0.00229183,0,0,0,0,0,0,0,0,0,1,87,54,0,0.00034,0.00034,3,5,0,0,0,0,0,0,0,0,0,0,1,0,1,0,0,0,0,0,0,0,0,,0,0,0,0,
1,2.77,0,69.95,30,0,0,0,3.9,0,0,0,0,20.5,0,0,0,0,-0.00229183,0,0,0,0,0,0,0,0,0,1,79,54,0,0.00034,0.00034,3,5,0,0,0,0,0,0,0,0,0,0,1,0,1,0,0,0,0,0,0,0,0,,0,0,0,0,
2,3.37,0,14.65,40,0,0,0,4.8,0,0,0,0,-5.5,0,0,0,0,-0.00229183,0,0,0,0,0,0,0,0,0,1,88,54,0,0.00034,0.00034,3,0,0,0,0,0,0,0,0,0,0,0,1,0,1,0,0,0,0,0,0,0,0,,0,0,0,0,
3,5.68,0,-44.2,28.5,0,0,0,6.15,0,0,0,0,-4,0,0,0,0,-0.00229183,0,0,0,0,0,0,0,0,0,1,73,54,0,0.00034,0.00034,3,5,0,0,0,0,0,0,0,0,0,0,1,0,1,0,0,0,0,0,0,0,0,,0,0,0,0,
4,6.09,0,17.8,26,0,0,0,-2.55,0,0,0,0,-19,0,0,0,0,-0.00229183,0,0,0,0,0,0,0,0,0,1,71,54,0,0.00034,0.00034,3,5,0,0,0,0,0,0,0,0,0,0,1,0,1,0,0,0,0,0,0,0,0,,0,0,0,0,
END,Total:5
START,FrameNb:213,CameraNb:0,HeSaiNb:0,ARS410Nb:0
2026/08/02 21:35:42:462---->
heightOffset:0,1785677742462,250544,selfCaliBufCnt:0,selfAccObjCnt:0,selfAccAngle:0,installHAngleOffset:0,Interpolation:0,installVAngleOffset:0,radarOffsetH:0,radarOffsetV:0.32,Polynom:-0.001023;-0.0511;-2.047;0;0;0;-0.001023;-0.0511;-2.047;-25.5;0;0,WheelDirection:0;0;0;0,selfAngleOffset:0,selfAngleOffsetPit:0,currCaliAngleHrz:0,currCaliAnglePit:0,selfCaliAngleHrz:0,selfCaliAnglePit:0,servCaliAngleHrz:0,servCaliAnglePit:0,offlineCaliAngleHrz:0,offlineCaliAnglePit:0,determine2useFlag:0,IMU_Z_Accel:-21.592,IMU_X_AngularRate:-2.093,IMU_Y_AngularRate:-2.093,IMU_RollAngle:-180,IMU_PitchAngle:-180,IMU_YawAngle:-180,FcwID:0,FCWWarningLevel:0,FCWTTC:0
0,1.98,0,16.55,38,0,0,0,7.7,1.25452e-34,0,0,0,-7,0,0,0,0,-0.00229183,0,0,0,0,0,0,0,0,0,1,87,57,0,0.00034,0.00034,3,5,0,0,0,0,0,0,0,0,0,0,1,0,0,0,0,0,0,0,0,0,0,,0,0,0,0,
1,2.77,0,69.8,30,0,0,0,3.75,0,0,0,0,21,0,0,0,0,-0.00229183,0,0,0,0,0,0,0,0,0,1,79,57,0,0.00034,0.00034,3,5,0,0,0,0,0,0,0,0,0,0,1,0,0,0,0,0,0,0,0,0,0,,0,0,0,0,
2,3.37,0,14.55,40,0,0,0,4.45,0,0,0,0,-5,0,0,0,0,-0.00229183,0,0,0,0,0,0,0,0,0,1,89,57,0,0.00034,0.00034,3,0,0,0,0,0,0,0,0,0,0,0,1,0,0,0,0,0,0,0,0,0,0,,0,0,0,0,
3,5.73,0,13.65,29,0,0,0,-0.85,0,0,0,0,-18.5,0,0,0,0,-0.00229183,0,0,0,0,0,0,0,0,0,1,74,57,0,0.00034,0.00034,3,5,0,0,0,0,0,0,0,0,0,0,1,0,0,0,0,0,0,0,0,0,0,,0,0,0,0,
4,6.23,0,17.7,25.5,0,0,0,-2.25,0,0,0,0,-19,0,0,0,0,-0.00229183,0,0,0,0,0,0,0,0,0,1,71,57,0,0.00034,0.00034,3,5,0,0,0,0,0,0,0,0,0,0,1,0,0,0,0,0,0,0,0,0,0,,0,0,0,0,
END,Total:5
START,FrameNb:214,CameraNb:0,HeSaiNb:0,ARS410Nb:0
2026/08/02 21:35:42:476---->
heightOffset:0,1785677742476,250600,selfCaliBufCnt:0,selfAccObjCnt:0,selfAccAngle:0,installHAngleOffset:0,Interpolation:0,installVAngleOffset:0,radarOffsetH:0,radarOffsetV:0.32,Polynom:-0.001023;-0.0511;-2.047;0;0;0;-0.001023;-0.0511;-2.047;-25.5;0;0,WheelDirection:0;0;0;0,selfAngleOffset:0,selfAngleOffsetPit:0,currCaliAngleHrz:0,currCaliAnglePit:0,selfCaliAngleHrz:0,selfCaliAnglePit:0,servCaliAngleHrz:0,servCaliAnglePit:0,offlineCaliAngleHrz:0,offlineCaliAnglePit:0,determine2useFlag:0,IMU_Z_Accel:-21.592,IMU_X_AngularRate:-2.093,IMU_Y_AngularRate:-2.093,IMU_RollAngle:-180,IMU_PitchAngle:-180,IMU_YawAngle:-180,FcwID:0,FCWWarningLevel:0,FCWTTC:0
0,1.98,0,16.55,38,0,0,0,7.7,1.25452e-34,0,0,0,-7,0,0,0,0,-0.00229183,0,0,0,0,0,0,0,0,0,1,87,54,0,0.00034,0.00034,3,5,0,0,0,0,0,0,0,0,0,0,1,0,1,0,0,0,0,0,0,0,0,,0,0,0,0,
1,3.38,0,14.65,40,0,0,0,4.9,0,0,0,0,-5.5,0,0,0,0,-0.00229183,0,0,0,0,0,0,0,0,0,1,88,54,0,0.00034,0.00034,3,0,0,0,0,0,0,0,0,0,0,0,1,0,1,0,0,0,0,0,0,0,0,,0,0,0,0,
2,5.66,0,13.55,28.5,0,0,0,-0.75,0,0,0,0,-19,0,0,0,0,-0.00229183,0,0,0,0,0,0,0,0,0,1,73,54,0,0.00034,0.00034,3,5,0,0,0,0,0,0,0,0,0,0,1,0,1,0,0,0,0,0,0,0,0,,0,0,0,0,
3,6.22,0,17.65,25,0,0,0,-1.7,0,0,0,0,-19.5,0,0,0,0,-0.00229183,0,0,0,0,0,0,0,0,0,1,70,54,0,0.00034,0.00034,3,5,0,0,0,0,0,0,0,0,0,0,1,0,1,0,0,0,0,0,0,0,0,,0,0,0,0,
END,Total:4
START,FrameNb:215,CameraNb:0,HeSaiNb:0,ARS410Nb:0
2026/08/02 21:35:42:532---->
heightOffset:0,1785677742532,250656,selfCaliBufCnt:0,selfAccObjCnt:0,selfAccAngle:0,installHAngleOffset:0,Interpolation:0,installVAngleOffset:0,radarOffsetH:0,radarOffsetV:0.32,Polynom:-0.001023;-0.0511;-2.047;0;0;0;-0.001023;-0.0511;-2.047;-25.5;0;0,WheelDirection:0;0;0;0,selfAngleOffset:0,selfAngleOffsetPit:0,currCaliAngleHrz:0,currCaliAnglePit:0,selfCaliAngleHrz:0,selfCaliAnglePit:0,servCaliAngleHrz:0,servCaliAnglePit:0,offlineCaliAngleHrz:0,offlineCaliAnglePit:0,determine2useFlag:0,IMU_Z_Accel:-21.592,IMU_X_AngularRate:-2.093,IMU_Y_AngularRate:-2.093,IMU_RollAngle:-180,IMU_PitchAngle:-180,IMU_YawAngle:-180,FcwID:0,FCWWarningLevel:0,FCWTTC:0
0,1.98,0,16.55,38,0,0,0,7.7,1.25452e-34,0,0,0,-7,0,0,0,0,-0.00229183,0,0,0,0,0,0,0,0,0,1,87,57,0,0.00034,0.00034,3,5,0,0,0,0,0,0,0,0,0,0,1,0,0,0,0,0,0,0,0,0,0,,0,0,0,0,
1,2.76,0,67.1,29.5,0,0,0,-10,0,0,0,0,18,0,0,0,0,-0.00229183,0,0,0,0,0,0,0,0,0,1,78,57,0,0.00034,0.00034,2,-1,0,0,0,0,0,0,0,0,0,0,1,0,0,0,0,0,0,0,0,0,0,,0,0,0,0,
2,3.36,0,14.55,40,0,0,0,4.4,0,0,0,0,-5,0,0,0,0,-0.00229183,0,0,0,0,0,0,0,0,0,1,89,57,0,0.00034,0.00034,3,0,0,0,0,0,0,0,0,0,0,0,1,0,0,0,0,0,0,0,0,0,0,,0,0,0,0,
3,5.65,0,13.65,28.5,0,0,0,-0.8,0,0,0,0,-19,0,0,0,0,-0.00229183,0,0,0,0,0,0,0,0,0,1,73,57,0,0.00034,0.00034,3,5,0,0,0,0,0,0,0,0,0,0,1,0,0,0,0,0,0,0,0,0,0,,0,0,0,0,
4,6.06,0,17.65,25,0,0,0,-2.2,0,0,0,0,-20,0,0,0,0,-0.00229183,0,0,0,0,0,0,0,0,0,1,70,57,0,0.00034,0.00034,3,5,0,0,0,0,0,0,0,0,0,0,1,0,0,0,0,0,0,0,0,0,0,,0,0,0,0,
END,Total:5
START,FrameNb:216,CameraNb:0,HeSaiNb:0,ARS410Nb:0
2026/08/02 21:35:42:592---->
heightOffset:0,1785677742592,250716,selfCaliBufCnt:0,selfAccObjCnt:0,selfAccAngle:0,installHAngleOffset:0,Interpolation:0,installVAngleOffset:0,radarOffsetH:0,radarOffsetV:0.32,Polynom:-0.001023;-0.0511;-2.047;0;0;0;-0.001023;-0.0511;-2.047;-25.5;0;0,WheelDirection:0;0;0;0,selfAngleOffset:0,selfAngleOffsetPit:0,currCaliAngleHrz:0,currCaliAnglePit:0,selfCaliAngleHrz:0,selfCaliAnglePit:0,servCaliAngleHrz:0,servCaliAnglePit:0,offlineCaliAngleHrz:0,offlineCaliAnglePit:0,determine2useFlag:0,IMU_Z_Accel:-21.592,IMU_X_AngularRate:-2.093,IMU_Y_AngularRate:-2.093,IMU_RollAngle:-180,IMU_PitchAngle:-180,IMU_YawAngle:-180,FcwID:0,FCWWarningLevel:0,FCWTTC:0
0,1.98,0,16.55,37.5,0,0,0,7.7,1.25452e-34,0,0,0,-7,0,0,0,0,-0.00229183,0,0,0,0,0,0,0,0,0,1,87,57,0,0.00034,0.00034,3,5,0,0,0,0,0,0,0,0,0,0,1,0,1,0,0,0,0,0,0,0,0,,0,0,0,0,
1,2.76,0,67.2,29.5,0,0,0,-10,0,0,0,0,18.5,0,0,0,0,-0.00229183,0,0,0,0,0,0,0,0,0,1,79,57,0,0.00034,0.00034,3,7,0,0,0,0,0,0,0,0,0,0,1,0,1,0,0,0,0,0,0,0,0,,0,0,0,0,
2,3.38,0,14.65,39.5,0,0,0,4.8,0,0,0,0,-5.5,0,0,0,0,-0.00229183,0,0,0,0,0,0,0,0,0,1,88,57,0,0.00034,0.00034,3,0,0,0,0,0,0,0,0,0,0,0,1,0,1,0,0,0,0,0,0,0,0,,0,0,0,0,
3,5.76,0,13.8,28,0,0,0,-0.45,0,0,0,0,-19,0,0,0,0,-0.00229183,0,0,0,0,0,0,0,0,0,1,73,57,0,0.00034,0.00034,3,5,0,0,0,0,0,0,0,0,0,0,1,0,1,0,0,0,0,0,0,0,0,,0,0,0,0,
4,6.23,0,17.45,24,0,0,0,-1.85,0,0,0,0,-20.5,0,0,0,0,-0.00229183,0,0,0,0,0,0,0,0,0,1,69,57,0,0.00034,0.00034,3,5,0,0,0,0,0,0,0,0,0,0,1,0,1,0,0,0,0,0,0,0,0,,0,0,0,0,
END,Total:5
START,FrameNb:217,CameraNb:0,HeSaiNb:0,ARS410Nb:0
2026/08/02 21:35:42:654---->
heightOffset:0,1785677742654,250772,selfCaliBufCnt:0,selfAccObjCnt:0,selfAccAngle:0,installHAngleOffset:0,Interpolation:0,installVAngleOffset:0,radarOffsetH:0,radarOffsetV:0.32,Polynom:-0.001023;-0.0511;-2.047;0;0;0;-0.001023;-0.0511;-2.047;-25.5;0;0,WheelDirection:0;0;0;0,selfAngleOffset:0,selfAngleOffsetPit:0,currCaliAngleHrz:0,currCaliAnglePit:0,selfCaliAngleHrz:0,selfCaliAnglePit:0,servCaliAngleHrz:0,servCaliAnglePit:0,offlineCaliAngleHrz:0,offlineCaliAnglePit:0,determine2useFlag:0,IMU_Z_Accel:-21.592,IMU_X_AngularRate:-2.093,IMU_Y_AngularRate:-2.093,IMU_RollAngle:-180,IMU_PitchAngle:-180,IMU_YawAngle:-180,FcwID:0,FCWWarningLevel:0,FCWTTC:0
0,1.98,0,16.55,38,0,0,0,7.7,1.25452e-34,0,0,0,-7,0,0,0,0,-0.00229183,0,0,0,0,0,0,0,0,0,1,87,62,0,0.00034,0.00034,3,5,0,0,0,0,0,0,0,0,0,0,1,0,0,0,0,0,0,0,0,0,0,,0,0,0,0,
1,2.75,0,16.5,28.5,0,0,0,15,0,0,0,0,-15.5,0,0,0,0,-0.00229183,0,0,0,0,0,0,0,0,0,1,78,62,0,0.00034,0.00034,3,5,0,0,0,0,0,0,0,0,0,0,1,0,0,0,0,0,0,0,0,0,0,,0,0,0,0,
2,3.37,0,14.7,40,0,0,0,4.8,0,0,0,0,-5.5,0,0,0,0,-0.00229183,0,0,0,0,0,0,0,0,0,1,88,62,0,0.00034,0.00034,3,0,0,0,0,0,0,0,0,0,0,0,1,0,0,0,0,0,0,0,0,0,0,,0,0,0,0,
3,5.37,0,11.7,24.5,0,0,0,-0.8,0,0,0,0,-24,0,0,0,0,-0.00229183,0,0,0,0,0,0,0,0,0,1,70,62,0,0.00034,0.00034,3,5,0,0,0,0,0,0,0,0,0,0,1,0,0,0,0,0,0,0,0,0,0,,0,0,0,0,
4,5.78,0,14.05,28.5,0,0,0,-0.8,0,0,0,0,-19,0,0,0,0,-0.00229183,0,0,0,0,0,0,0,0,0,1,73,62,0,0.00034,0.00034,3,5,0,0,0,0,0,0,0,0,0,0,1,0,0,0,0,0,0,0,0,0,0,,0,0,0,0,
END,Total:5
START,FrameNb:218,CameraNb:0,HeSaiNb:0,ARS410Nb:0
2026/08/02 21:35:42:673---->
heightOffset:0,1785677742673,250832,selfCaliBufCnt:0,selfAccObjCnt:0,selfAccAngle:0,installHAngleOffset:0,Interpolation:0,installVAngleOffset:0,radarOffsetH:0,radarOffsetV:0.32,Polynom:-0.001023;-0.0511;-2.047;0;0;0;-0.001023;-0.0511;-2.047;-25.5;0;0,WheelDirection:0;0;0;0,selfAngleOffset:0,selfAngleOffsetPit:0,currCaliAngleHrz:0,currCaliAnglePit:0,selfCaliAngleHrz:0,selfCaliAnglePit:0,servCaliAngleHrz:0,servCaliAnglePit:0,offlineCaliAngleHrz:0,offlineCaliAnglePit:0,determine2useFlag:0,IMU_Z_Accel:-21.592,IMU_X_AngularRate:-2.093,IMU_Y_AngularRate:-2.093,IMU_RollAngle:-180,IMU_PitchAngle:-180,IMU_YawAngle:-180,FcwID:0,FCWWarningLevel:0,FCWTTC:0
0,1.98,0,16.55,37.5,0,0,0,7.7,1.25452e-34,0,0,0,-7,0,0,0,0,-0.00229183,0,0,0,0,0,0,0,0,0,1,87,55,0,0.00034,0.00034,3,5,0,0,0,0,0,0,0,0,0,0,1,0,1,0,0,0,0,0,0,0,0,,0,0,0,0,
1,2.96,0,70,28.5,0,0,0,2.7,0,0,0,0,22,0,0,0,0,-0.00229183,0,0,0,0,0,0,0,0,0,1,78,55,0,0.00034,0.00034,2,-1,0,0,0,0,0,0,0,0,0,0,1,0,1,0,0,0,0,0,0,0,0,,0,0,0,0,
2,3.36,0,14.6,39.5,0,0,0,4.55,0,0,0,0,-5.5,0,0,0,0,-0.00229183,0,0,0,0,0,0,0,0,0,1,88,55,0,0.00034,0.00034,3,0,0,0,0,0,0,0,0,0,0,0,1,0,1,0,0,0,0,0,0,0,0,,0,0,0,0,
3,5.8,0,13.9,27.5,0,0,0,-0.6,0,0,0,0,-19.5,0,0,0,0,-0.00229183,0,0,0,0,0,0,0,0,0,1,73,55,0,0.00034,0.00034,3,5,0,0,0,0,0,0,0,0,0,0,1,0,1,0,0,0,0,0,0,0,0,,0,0,0,0,
END,Total:4
START,FrameNb:219,CameraNb:0,HeSaiNb:0,ARS410Nb:0
2026/08/02 21:35:42:733---->
heightOffset:0,1785677742733,250884,selfCaliBufCnt:0,selfAccObjCnt:0,selfAccAngle:0,installHAngleOffset:0,Interpolation:0,installVAngleOffset:0,radarOffsetH:0,radarOffsetV:0.32,Polynom:-0.001023;-0.0511;-2.047;0;0;0;-0.001023;-0.0511;-2.047;-25.5;0;0,WheelDirection:0;0;0;0,selfAngleOffset:0,selfAngleOffsetPit:0,currCaliAngleHrz:0,currCaliAnglePit:0,selfCaliAngleHrz:0,selfCaliAnglePit:0,servCaliAngleHrz:0,servCaliAnglePit:0,offlineCaliAngleHrz:0,offlineCaliAnglePit:0,determine2useFlag:0,IMU_Z_Accel:-21.592,IMU_X_AngularRate:-2.093,IMU_Y_AngularRate:-2.093,IMU_RollAngle:-180,IMU_PitchAngle:-180,IMU_YawAngle:-180,FcwID:0,FCWWarningLevel:0,FCWTTC:0
0,1.98,0,16.55,38,0,0,0,7.7,1.25452e-34,0,0,0,-7,0,0,0,0,-0.00229183,0,0,0,0,0,0,0,0,0,1,87,58,0,0.00034,0.00034,3,5,0,0,0,0,0,0,0,0,0,0,1,0,0,0,0,0,0,0,0,0,0,,0,0,0,0,
1,2.76,0,66.95,29,0,0,0,-9.95,0,0,0,0,17,0,0,0,0,-0.00229183,0,0,0,0,0,0,0,0,0,1,78,58,0,0.00034,0.00034,3,5,0,0,0,0,0,0,0,0,0,0,1,0,0,0,0,0,0,0,0,0,0,,0,0,0,0,
2,3.36,0,14.55,40,0,0,0,4.3,0,0,0,0,-5.5,0,0,0,0,-0.00229183,0,0,0,0,0,0,0,0,0,1,89,58,0,0.00034,0.00034,3,0,0,0,0,0,0,0,0,0,0,0,1,0,0,0,0,0,0,0,0,0,0,,0,0,0,0,
3,5.39,0,11.6,24,0,0,0,-1,0,0,0,0,-25,0,0,0,0,-0.00229183,0,0,0,0,0,0,0,0,0,1,69,58,0,0.00034,0.00034,3,5,0,0,0,0,0,0,0,0,0,0,1,0,0,0,0,0,0,0,0,0,0,,0,0,0,0,
4,5.81,0,-44.2,28,0,0,0,5.9,0,0,0,0,-4,0,0,0,0,-0.00229183,0,0,0,0,0,0,0,0,0,1,73,58,0,0.00034,0.00034,2,-1,0,0,0,0,0,0,0,0,0,0,1,0,0,0,0,0,0,0,0,0,0,,0,0,0,0,
END,Total:5
START,FrameNb:220,CameraNb:0,HeSaiNb:0,ARS410Nb:0
2026/08/02 21:35:42:854---->
heightOffset:0,1785677742854,250944,selfCaliBufCnt:0,selfAccObjCnt:0,selfAccAngle:0,installHAngleOffset:0,Interpolation:0,installVAngleOffset:0,radarOffsetH:0,radarOffsetV:0.32,Polynom:-0.001023;-0.0511;-2.047;0;0;0;-0.001023;-0.0511;-2.047;-25.5;0;0,WheelDirection:0;0;0;0,selfAngleOffset:0,selfAngleOffsetPit:0,currCaliAngleHrz:0,currCaliAnglePit:0,selfCaliAngleHrz:0,selfCaliAnglePit:0,servCaliAngleHrz:0,servCaliAnglePit:0,offlineCaliAngleHrz:0,offlineCaliAnglePit:0,determine2useFlag:0,IMU_Z_Accel:-21.592,IMU_X_AngularRate:-2.093,IMU_Y_AngularRate:-2.093,IMU_RollAngle:-180,IMU_PitchAngle:-180,IMU_YawAngle:-180,FcwID:0,FCWWarningLevel:0,FCWTTC:0
0,1.98,0,16.55,38,0,0,0,7.7,1.25452e-34,0,0,0,-7,0,0,0,0,-0.00229183,0,0,0,0,0,0,0,0,0,1,87,54,0,0.00034,0.00034,3,5,0,0,0,0,0,0,0,0,0,0,1,0,1,0,0,0,0,0,0,0,0,,0,0,0,0,
1,2.77,0,67.05,30,0,0,0,-9.7,0,0,0,0,18.5,0,0,0,0,-0.00229183,0,0,0,0,0,0,0,0,0,1,79,54,0,0.00034,0.00034,3,7,0,0,0,0,0,0,0,0,0,0,1,0,1,0,0,0,0,0,0,0,0,,0,0,0,0,
2,3.36,0,14.55,40,0,0,0,4.3,0,0,0,0,-5.5,0,0,0,0,-0.00229183,0,0,0,0,0,0,0,0,0,1,89,54,0,0.00034,0.00034,3,0,0,0,0,0,0,0,0,0,0,0,1,0,1,0,0,0,0,0,0,0,0,,0,0,0,0,
3,5.75,0,-44.2,28,0,0,0,6.05,0,0,0,0,-4.5,0,0,0,0,-0.00229183,0,0,0,0,0,0,0,0,0,1,73,54,0,0.00034,0.00034,3,5,0,0,0,0,0,0,0,0,0,0,1,0,1,0,0,0,0,0,0,0,0,,0,0,0,0,
4,6.23,0,17.5,24,0,0,0,-1.95,0,0,0,0,-21,0,0,0,0,-0.00229183,0,0,0,0,0,0,0,0,0,1,69,54,0,0.00034,0.00034,3,5,0,0,0,0,0,0,0,0,0,0,1,0,1,0,0,0,0,0,0,0,0,,0,0,0,0,
END,Total:5
START,FrameNb:221,CameraNb:0,HeSaiNb:0,ARS410Nb:0
2026/08/02 21:35:42:914---->
heightOffset:0,1785677742914,250996,selfCaliBufCnt:0,selfAccObjCnt:0,selfAccAngle:0,installHAngleOffset:0,Interpolation:0,installVAngleOffset:0,radarOffsetH:0,radarOffsetV:0.32,Polynom:-0.001023;-0.0511;-2.047;0;0;0;-0.001023;-0.0511;-2.047;-25.5;0;0,WheelDirection:0;0;0;0,selfAngleOffset:0,selfAngleOffsetPit:0,currCaliAngleHrz:0,currCaliAnglePit:0,selfCaliAngleHrz:0,selfCaliAnglePit:0,servCaliAngleHrz:0,servCaliAnglePit:0,offlineCaliAngleHrz:0,offlineCaliAnglePit:0,determine2useFlag:0,IMU_Z_Accel:-21.592,IMU_X_AngularRate:-2.093,IMU_Y_AngularRate:-2.093,IMU_RollAngle:-180,IMU_PitchAngle:-180,IMU_YawAngle:-180,FcwID:0,FCWWarningLevel:0,FCWTTC:0
0,1.98,0,16.55,38,0,0,0,7.7,1.25452e-34,0,0,0,-7,0,0,0,0,-0.00229183,0,0,0,0,0,0,0,0,0,1,87,57,0,0.00034,0.00034,3,5,0,0,0,0,0,0,0,0,0,0,1,0,0,0,0,0,0,0,0,0,0,,0,0,0,0,
1,2.77,0,67.1,30,0,0,0,-9.85,0,0,0,0,18.5,0,0,0,0,-0.00229183,0,0,0,0,0,0,0,0,0,1,79,57,0,0.00034,0.00034,3,7,0,0,0,0,0,0,0,0,0,0,1,0,0,0,0,0,0,0,0,0,0,,0,0,0,0,
2,3.36,0,14.65,40,0,0,0,4.55,0,0,0,0,-5.5,0,0,0,0,-0.00229183,0,0,0,0,0,0,0,0,0,1,88,57,0,0.00034,0.00034,3,0,0,0,0,0,0,0,0,0,0,0,1,0,0,0,0,0,0,0,0,0,0,,0,0,0,0,
3,5.78,0,-44.35,28.5,0,0,0,6.2,0,0,0,0,-4,0,0,0,0,-0.00229183,0,0,0,0,0,0,0,0,0,1,73,57,0,0.00034,0.00034,3,5,0,0,0,0,0,0,0,0,0,0,1,0,0,0,0,0,0,0,0,0,0,,0,0,0,0,
END,Total:4
START,FrameNb:222,CameraNb:0,HeSaiNb:0,ARS410Nb:0
2026/08/02 21:35:42:926---->
heightOffset:0,1785677742926,251052,selfCaliBufCnt:0,selfAccObjCnt:0,selfAccAngle:0,installHAngleOffset:0,Interpolation:0,installVAngleOffset:0,radarOffsetH:0,radarOffsetV:0.32,Polynom:-0.001023;-0.0511;-2.047;0;0;0;-0.001023;-0.0511;-2.047;-25.5;0;0,WheelDirection:0;0;0;0,selfAngleOffset:0,selfAngleOffsetPit:0,currCaliAngleHrz:0,currCaliAnglePit:0,selfCaliAngleHrz:0,selfCaliAnglePit:0,servCaliAngleHrz:0,servCaliAnglePit:0,offlineCaliAngleHrz:0,offlineCaliAnglePit:0,determine2useFlag:0,IMU_Z_Accel:-21.592,IMU_X_AngularRate:-2.093,IMU_Y_AngularRate:-2.093,IMU_RollAngle:-180,IMU_PitchAngle:-180,IMU_YawAngle:-180,FcwID:0,FCWWarningLevel:0,FCWTTC:0
0,1.99,0,16.55,38,0,0,0,7.7,1.25452e-34,0,0,0,-7,0,0,0,0,-0.00229183,0,0,0,0,0,0,0,0,0,1,87,54,0,0.00034,0.00034,3,5,0,0,0,0,0,0,0,0,0,0,1,0,1,0,0,0,0,0,0,0,0,,0,0,0,0,
1,2.78,0,67.1,30,0,0,0,-9.8,0,0,0,0,18.5,0,0,0,0,-0.00229183,0,0,0,0,0,0,0,0,0,1,79,54,0,0.00034,0.00034,3,7,0,0,0,0,0,0,0,0,0,0,1,0,1,0,0,0,0,0,0,0,0,,0,0,0,0,
2,3.36,0,14.6,40,0,0,0,4.55,0,0,0,0,-5.5,0,0,0,0,-0.00229183,0,0,0,0,0,0,0,0,0,1,88,54,0,0.00034,0.00034,3,0,0,0,0,0,0,0,0,0,0,0,1,0,1,0,0,0,0,0,0,0,0,,0,0,0,0,
3,5.78,0,13.7,28,0,0,0,-0.55,0,0,0,0,-19.5,0,0,0,0,-0.00229183,0,0,0,0,0,0,0,0,0,1,73,54,0,0.00034,0.00034,3,5,0,0,0,0,0,0,0,0,0,0,1,0,1,0,0,0,0,0,0,0,0,,0,0,0,0,
4,6.04,0,17.3,24.5,0,0,0,-1.55,0,0,0,0,-20.5,0,0,0,0,-0.00229183,0,0,0,0,0,0,0,0,0,1,69,54,0,0.00034,0.00034,3,5,0,0,0,0,0,0,0,0,0,0,1,0,1,0,0,0,0,0,0,0,0,,0,0,0,0,
END,Total:5
START,FrameNb:223,CameraNb:0,HeSaiNb:0,ARS410Nb:0
2026/08/02 21:35:42:979---->
heightOffset:0,1785677742979,251112,selfCaliBufCnt:0,selfAccObjCnt:0,selfAccAngle:0,installHAngleOffset:0,Interpolation:0,installVAngleOffset:0,radarOffsetH:0,radarOffsetV:0.32,Polynom:-0.001023;-0.0511;-2.047;0;0;0;-0.001023;-0.0511;-2.047;-25.5;0;0,WheelDirection:0;0;0;0,selfAngleOffset:0,selfAngleOffsetPit:0,currCaliAngleHrz:0,currCaliAnglePit:0,selfCaliAngleHrz:0,selfCaliAnglePit:0,servCaliAngleHrz:0,servCaliAnglePit:0,offlineCaliAngleHrz:0,offlineCaliAnglePit:0,determine2useFlag:0,IMU_Z_Accel:-21.592,IMU_X_AngularRate:-2.093,IMU_Y_AngularRate:-2.093,IMU_RollAngle:-180,IMU_PitchAngle:-180,IMU_YawAngle:-180,FcwID:0,FCWWarningLevel:0,FCWTTC:0
0,1.98,0,-55,38,0,0,0,1.2,1.25452e-34,0,0,0,15,0,0,0,0,-0.00229183,0,0,0,0,0,0,0,0,0,1,87,60,0,0.00034,0.00034,2,-1,0,0,0,0,0,0,0,0,0,0,1,0,0,0,0,0,0,0,0,0,0,,0,0,0,0,
1,2.78,0,67.15,30,0,0,0,-9.95,0,0,0,0,19,0,0,0,0,-0.00229183,0,0,0,0,0,0,0,0,0,1,79,60,0,0.00034,0.00034,3,7,0,0,0,0,0,0,0,0,0,0,1,0,0,0,0,0,0,0,0,0,0,,0,0,0,0,
2,3.37,0,14.55,40,0,0,0,4.05,0,0,0,0,-5.5,0,0,0,0,-0.00229183,0,0,0,0,0,0,0,0,0,1,88,60,0,0.00034,0.00034,3,0,0,0,0,0,0,0,0,0,0,0,1,0,0,0,0,0,0,0,0,0,0,,0,0,0,0,
3,5.21,0,8.35,22,0,0,0,-4,0,0,0,0,-27,0,0,0,0,-0.00229183,0,0,0,0,0,0,0,0,0,1,68,60,0,0.00034,0.00034,3,5,0,0,0,0,0,0,0,0,0,0,1,0,0,0,0,0,0,0,0,0,0,,0,0,0,0,
4,5.76,0,-44.1,28.5,0,0,0,6,0,0,0,0,-4,0,0,0,0,-0.00229183,0,0,0,0,0,0,0,0,0,1,73,60,0,0.00034,0.00034,2,-1,0,0,0,0,0,0,0,0,0,0,1,0,0,0,0,0,0,0,0,0,0,,0,0,0,0,
5,6.04,0,17.65,24.5,0,0,0,-1.8,0,0,0,0,-20.5,0,0,0,0,-0.00229183,0,0,0,0,0,0,0,0,0,1,70,60,0,0.00034,0.00034,3,5,0,0,0,0,0,0,0,0,0,0,1,0,0,0,0,0,0,0,0,0,0,,0,0,0,0,
END,Total:6
START,FrameNb:224,CameraNb:0,HeSaiNb:0,ARS410Nb:0
2026/08/02 21:35:43:044---->
heightOffset:0,1785677743044,251176,selfCaliBufCnt:0,selfAccObjCnt:0,selfAccAngle:0,installHAngleOffset:0,Interpolation:0,installVAngleOffset:0,radarOffsetH:0,radarOffsetV:0.32,Polynom:-0.001023;-0.0511;-2.047;0;0;0;-0.001023;-0.0511;-2.047;-25.5;0;0,WheelDirection:0;0;0;0,selfAngleOffset:0,selfAngleOffsetPit:0,currCaliAngleHrz:0,currCaliAnglePit:0,selfCaliAngleHrz:0,selfCaliAnglePit:0,servCaliAngleHrz:0,servCaliAnglePit:0,offlineCaliAngleHrz:0,offlineCaliAnglePit:0,determine2useFlag:0,IMU_Z_Accel:-21.592,IMU_X_AngularRate:-2.093,IMU_Y_AngularRate:-2.093,IMU_RollAngle:-180,IMU_PitchAngle:-180,IMU_YawAngle:-180,FcwID:0,FCWWarningLevel:0,FCWTTC:0
0,1.98,0,16.55,38,0,0,0,7.75,1.25452e-34,0,0,0,-7,0,0,0,0,-0.00229183,0,0,0,0,0,0,0,0,0,1,87,60,0,0.00034,0.00034,3,5,0,0,0,0,0,0,0,0,0,0,1,0,1,0,0,0,0,0,0,0,0,,0,0,0,0,
1,2.78,0,67.2,30.5,0,0,0,-9.85,0,0,0,0,19,0,0,0,0,-0.00229183,0,0,0,0,0,0,0,0,0,1,79,60,0,0.00034,0.00034,3,7,0,0,0,0,0,0,0,0,0,0,1,0,1,0,0,0,0,0,0,0,0,,0,0,0,0,
2,3.37,0,14.6,40,0,0,0,4.3,0,0,0,0,-5.5,0,0,0,0,-0.00229183,0,0,0,0,0,0,0,0,0,1,89,60,0,0.00034,0.00034,3,0,0,0,0,0,0,0,0,0,0,0,1,0,1,0,0,0,0,0,0,0,0,,0,0,0,0,
3,5.77,0,-44.15,28.5,0,0,0,5.8,0,0,0,0,-4,0,0,0,0,-0.00229183,0,0,0,0,0,0,0,0,0,1,73,60,0,0.00034,0.00034,3,5,0,0,0,0,0,0,0,0,0,0,1,0,1,0,0,0,0,0,0,0,0,,0,0,0,0,
4,6.04,0,17.7,24.5,0,0,0,-1.75,0,0,0,0,-20.5,0,0,0,0,-0.00229183,0,0,0,0,0,0,0,0,0,1,70,60,0,0.00034,0.00034,3,5,0,0,0,0,0,0,0,0,0,0,1,0,1,0,0,0,0,0,0,0,0,,0,0,0,0,
END,Total:5
START,FrameNb:225,CameraNb:0,HeSaiNb:0,ARS410Nb:0
2026/08/02 21:35:43:104---->
heightOffset:0,1785677743104,251228,selfCaliBufCnt:0,selfAccObjCnt:0,selfAccAngle:0,installHAngleOffset:0,Interpolation:0,installVAngleOffset:0,radarOffsetH:0,radarOffsetV:0.32,Polynom:-0.001023;-0.0511;-2.047;0;0;0;-0.001023;-0.0511;-2.047;-25.5;0;0,WheelDirection:0;0;0;0,selfAngleOffset:0,selfAngleOffsetPit:0,currCaliAngleHrz:0,currCaliAnglePit:0,selfCaliAngleHrz:0,selfCaliAnglePit:0,servCaliAngleHrz:0,servCaliAnglePit:0,offlineCaliAngleHrz:0,offlineCaliAnglePit:0,determine2useFlag:0,IMU_Z_Accel:-21.592,IMU_X_AngularRate:-2.093,IMU_Y_AngularRate:-2.093,IMU_RollAngle:-180,IMU_PitchAngle:-180,IMU_YawAngle:-180,FcwID:0,FCWWarningLevel:0,FCWTTC:0
0,1.98,0,16.55,38,0,0,0,7.7,1.25452e-34,0,0,0,-7,0,0,0,0,-0.00229183,0,0,0,0,0,0,0,0,0,1,87,58,0,0.00034,0.00034,3,5,0,0,0,0,0,0,0,0,0,0,1,0,0,0,0,0,0,0,0,0,0,,0,0,0,0,
1,2.78,0,69.1,30.5,0,0,0,2.9,0,0,0,0,21.5,0,0,0,0,-0.00229183,0,0,0,0,0,0,0,0,0,1,80,58,0,0.00034,0.00034,3,5,0,0,0,0,0,0,0,0,0,0,1,0,0,0,0,0,0,0,0,0,0,,0,0,0,0,
2,3.37,0,14.65,40,0,0,0,4.75,0,0,0,0,-5.5,0,0,0,0,-0.00229183,0,0,0,0,0,0,0,0,0,1,88,58,0,0.00034,0.00034,3,0,0,0,0,0,0,0,0,0,0,0,1,0,0,0,0,0,0,0,0,0,0,,0,0,0,0,
3,5.77,0,-44.85,28.5,0,0,0,6.05,0,0,0,0,-4,0,0,0,0,-0.00229183,0,0,0,0,0,0,0,0,0,1,73,58,0,0.00034,0.00034,3,5,0,0,0,0,0,0,0,0,0,0,1,0,0,0,0,0,0,0,0,0,0,,0,0,0,0,
END,Total:4
START,FrameNb:226,CameraNb:0,HeSaiNb:0,ARS410Nb:0
2026/08/02 21:35:43:158---->
heightOffset:0,1785677743158,251284,selfCaliBufCnt:0,selfAccObjCnt:0,selfAccAngle:0,installHAngleOffset:0,Interpolation:0,installVAngleOffset:0,radarOffsetH:0,radarOffsetV:0.32,Polynom:-0.001023;-0.0511;-2.047;0;0;0;-0.001023;-0.0511;-2.047;-25.5;0;0,WheelDirection:0;0;0;0,selfAngleOffset:0,selfAngleOffsetPit:0,currCaliAngleHrz:0,currCaliAnglePit:0,selfCaliAngleHrz:0,selfCaliAnglePit:0,servCaliAngleHrz:0,servCaliAnglePit:0,offlineCaliAngleHrz:0,offlineCaliAnglePit:0,determine2useFlag:0,IMU_Z_Accel:-21.592,IMU_X_AngularRate:-2.093,IMU_Y_AngularRate:-2.093,IMU_RollAngle:-180,IMU_PitchAngle:-180,IMU_YawAngle:-180,FcwID:0,FCWWarningLevel:0,FCWTTC:0
0,1.98,0,16.55,37.5,0,0,0,7.75,1.25452e-34,0,0,0,-7,0,0,0,0,-0.00229183,0,0,0,0,0,0,0,0,0,1,87,53,0,0.00034,0.00034,3,5,0,0,0,0,0,0,0,0,0,0,1,0,1,0,0,0,0,0,0,0,0,,0,0,0,0,
1,2.79,0,-7.2,30.5,0,0,0,-15,0,0,0,0,-17,0,0,0,0,-0.00229183,0,0,0,0,0,0,0,0,0,1,79,53,0,0.00034,0.00034,3,7,0,0,0,0,0,0,0,0,0,0,1,0,1,0,0,0,0,0,0,0,0,,0,0,0,0,
2,3.36,0,14.6,40,0,0,0,4.45,0,0,0,0,-5.5,0,0,0,0,-0.00229183,0,0,0,0,0,0,0,0,0,1,89,53,0,0.00034,0.00034,3,0,0,0,0,0,0,0,0,0,0,0,1,0,1,0,0,0,0,0,0,0,0,,0,0,0,0,
3,5.77,0,-44.45,28.5,0,0,0,6,0,0,0,0,-4,0,0,0,0,-0.00229183,0,0,0,0,0,0,0,0,0,1,73,53,0,0.00034,0.00034,3,5,0,0,0,0,0,0,0,0,0,0,1,0,1,0,0,0,0,0,0,0,0,,0,0,0,0,
4,6.22,0,17.5,24.5,0,0,0,-1.95,0,0,0,0,-20.5,0,0,0,0,-0.00229183,0,0,0,0,0,0,0,0,0,1,69,53,0,0.00034,0.00034,3,5,0,0,0,0,0,0,0,0,0,0,1,0,1,0,0,0,0,0,0,0,0,,0,0,0,0,
END,Total:5
START,FrameNb:227,CameraNb:0,HeSaiNb:0,ARS410Nb:0
2026/08/02 21:35:43:171---->
heightOffset:0,1785677743171,251340,selfCaliBufCnt:0,selfAccObjCnt:0,selfAccAngle:0,installHAngleOffset:0,Interpolation:0,installVAngleOffset:0,radarOffsetH:0,radarOffsetV:0.32,Polynom:-0.001023;-0.0511;-2.047;0;0;0;-0.001023;-0.0511;-2.047;-25.5;0;0,WheelDirection:0;0;0;0,selfAngleOffset:0,selfAngleOffsetPit:0,currCaliAngleHrz:0,currCaliAnglePit:0,selfCaliAngleHrz:0,selfCaliAnglePit:0,servCaliAngleHrz:0,servCaliAnglePit:0,offlineCaliAngleHrz:0,offlineCaliAnglePit:0,determine2useFlag:0,IMU_Z_Accel:-21.592,IMU_X_AngularRate:-2.093,IMU_Y_AngularRate:-2.093,IMU_RollAngle:-180,IMU_PitchAngle:-180,IMU_YawAngle:-180,FcwID:0,FCWWarningLevel:0,FCWTTC:0
0,1.98,0,16.55,37.5,0,0,0,7.7,1.25452e-34,0,0,0,-7,0,0,0,0,-0.00229183,0,0,0,0,0,0,0,0,0,1,87,59,0,0.00034,0.00034,3,5,0,0,0,0,0,0,0,0,0,0,1,0,0,0,0,0,0,0,0,0,0,,0,0,0,0,
1,2.77,0,-7.4,30.5,0,0,0,-15,0,0,0,0,-17,0,0,0,0,-0.00229183,0,0,0,0,0,0,0,0,0,1,79,59,0,0.00034,0.00034,3,5,0,0,0,0,0,0,0,0,0,0,1,0,0,0,0,0,0,0,0,0,0,,0,0,0,0,
2,3.37,0,14.7,40,0,0,0,4.75,0,0,0,0,-5.5,0,0,0,0,-0.00229183,0,0,0,0,0,0,0,0,0,1,88,59,0,0.00034,0.00034,3,0,0,0,0,0,0,0,0,0,0,0,1,0,0,0,0,0,0,0,0,0,0,,0,0,0,0,
3,5.77,0,-44.35,28.5,0,0,0,6.05,0,0,0,0,-3.5,0,0,0,0,-0.00229183,0,0,0,0,0,0,0,0,0,1,74,59,0,0.00034,0.00034,3,5,0,0,0,0,0,0,0,0,0,0,1,0,0,0,0,0,0,0,0,0,0,,0,0,0,0,
4,6.23,0,17.95,24.5,0,0,0,12.25,0,0,0,0,-20,0,0,0,0,-0.00229183,0,0,0,0,0,0,0,0,0,1,70,59,0,0.00034,0.00034,3,5,0,0,0,0,0,0,0,0,0,0,1,0,0,0,0,0,0,0,0,0,0,,0,0,0,0,
END,Total:5
START,FrameNb:228,CameraNb:0,HeSaiNb:0,ARS410Nb:0
2026/08/02 21:35:43:283---->
heightOffset:0,1785677743283,251396,selfCaliBufCnt:0,selfAccObjCnt:0,selfAccAngle:0,installHAngleOffset:0,Interpolation:0,installVAngleOffset:0,radarOffsetH:0,radarOffsetV:0.32,Polynom:-0.001023;-0.0511;-2.047;0;0;0;-0.001023;-0.0511;-2.047;-25.5;0;0,WheelDirection:0;0;0;0,selfAngleOffset:0,selfAngleOffsetPit:0,currCaliAngleHrz:0,currCaliAnglePit:0,selfCaliAngleHrz:0,selfCaliAnglePit:0,servCaliAngleHrz:0,servCaliAnglePit:0,offlineCaliAngleHrz:0,offlineCaliAnglePit:0,determine2useFlag:0,IMU_Z_Accel:-21.592,IMU_X_AngularRate:-2.093,IMU_Y_AngularRate:-2.093,IMU_RollAngle:-180,IMU_PitchAngle:-180,IMU_YawAngle:-180,FcwID:0,FCWWarningLevel:0,FCWTTC:0
0,1.98,0,16.55,38,0,0,0,7.7,1.25452e-34,0,0,0,-7,0,0,0,0,-0.00229183,0,0,0,0,0,0,0,0,0,1,87,53,0,0.00034,0.00034,3,5,0,0,0,0,0,0,0,0,0,0,1,0,1,0,0,0,0,0,0,0,0,,0,0,0,0,
1,2.79,0,-7.3,30.5,0,0,0,-15,0,0,0,0,-17,0,0,0,0,-0.00229183,0,0,0,0,0,0,0,0,0,1,79,53,0,0.00034,0.00034,3,7,0,0,0,0,0,0,0,0,0,0,1,0,1,0,0,0,0,0,0,0,0,,0,0,0,0,
2,3.37,0,14.55,40,0,0,0,4.9,0,0,0,0,-5.5,0,0,0,0,-0.00229183,0,0,0,0,0,0,0,0,0,1,89,53,0,0.00034,0.00034,3,0,0,0,0,0,0,0,0,0,0,0,1,0,1,0,0,0,0,0,0,0,0,,0,0,0,0,
3,5.79,0,13.65,28.5,0,0,0,-0.8,0,0,0,0,-19,0,0,0,0,-0.00229183,0,0,0,0,0,0,0,0,0,1,73,53,0,0.00034,0.00034,3,5,0,0,0,0,0,0,0,0,0,0,1,0,1,0,0,0,0,0,0,0,0,,0,0,0,0,
4,6.23,0,-37.55,24.5,0,0,0,-0.35,0,0,0,0,-13.5,0,0,0,0,-0.00229183,0,0,0,0,0,0,0,0,0,1,69,53,0,0.00034,0.00034,3,5,0,0,0,0,0,0,0,0,0,0,1,0,1,0,0,0,0,0,0,0,0,,0,0,0,0,
END,Total:5
START,FrameNb:229,CameraNb:0,HeSaiNb:0,ARS410Nb:0
2026/08/02 21:35:43:337---->
heightOffset:0,1785677743337,251452,selfCaliBufCnt:0,selfAccObjCnt:0,selfAccAngle:0,installHAngleOffset:0,Interpolation:0,installVAngleOffset:0,radarOffsetH:0,radarOffsetV:0.32,Polynom:-0.001023;-0.0511;-2.047;0;0;0;-0.001023;-0.0511;-2.047;-25.5;0;0,WheelDirection:0;0;0;0,selfAngleOffset:0,selfAngleOffsetPit:0,currCaliAngleHrz:0,currCaliAnglePit:0,selfCaliAngleHrz:0,selfCaliAnglePit:0,servCaliAngleHrz:0,servCaliAnglePit:0,offlineCaliAngleHrz:0,offlineCaliAnglePit:0,determine2useFlag:0,IMU_Z_Accel:-21.592,IMU_X_AngularRate:-2.093,IMU_Y_AngularRate:-2.093,IMU_RollAngle:-180,IMU_PitchAngle:-180,IMU_YawAngle:-180,FcwID:0,FCWWarningLevel:0,FCWTTC:0
0,1.98,0,16.55,38,0,0,0,7.7,1.25452e-34,0,0,0,-7,0,0,0,0,-0.00229183,0,0,0,0,0,0,0,0,0,1,87,57,0,0.00034,0.00034,3,5,0,0,0,0,0,0,0,0,0,0,1,0,0,0,0,0,0,0,0,0,0,,0,0,0,0,
1,2.78,0,67.1,30,0,0,0,-9.8,0,0,0,0,18.5,0,0,0,0,-0.00229183,0,0,0,0,0,0,0,0,0,1,79,57,0,0.00034,0.00034,2,-1,0,0,0,0,0,0,0,0,0,0,1,0,0,0,0,0,0,0,0,0,0,,0,0,0,0,
2,3.37,0,14.7,40,0,0,0,4.8,0,0,0,0,-5.5,0,0,0,0,-0.00229183,0,0,0,0,0,0,0,0,0,1,88,57,0,0.00034,0.00034,3,0,0,0,0,0,0,0,0,0,0,0,1,0,0,0,0,0,0,0,0,0,0,,0,0,0,0,
3,5.39,0,11.8,24.5,0,0,0,-0.2,0,0,0,0,-24,0,0,0,0,-0.00229183,0,0,0,0,0,0,0,0,0,1,69,57,0,0.00034,0.00034,3,5,0,0,0,0,0,0,0,0,0,0,1,0,0,0,0,0,0,0,0,0,0,,0,0,0,0,
4,5.81,0,-44.3,28,0,0,0,5.95,0,0,0,0,-4.5,0,0,0,0,-0.00229183,0,0,0,0,0,0,0,0,0,1,73,57,0,0.00034,0.00034,3,5,0,0,0,0,0,0,0,0,0,0,1,0,0,0,0,0,0,0,0,0,0,,0,0,0,0,
END,Total:5
START,FrameNb:230,CameraNb:0,HeSaiNb:0,ARS410Nb:0
2026/08/02 21:35:43:395---->
heightOffset:0,1785677743395,251512,selfCaliBufCnt:0,selfAccObjCnt:0,selfAccAngle:0,installHAngleOffset:0,Interpolation:0,installVAngleOffset:0,radarOffsetH:0,radarOffsetV:0.32,Polynom:-0.001023;-0.0511;-2.047;0;0;0;-0.001023;-0.0511;-2.047;-25.5;0;0,WheelDirection:0;0;0;0,selfAngleOffset:0,selfAngleOffsetPit:0,currCaliAngleHrz:0,currCaliAnglePit:0,selfCaliAngleHrz:0,selfCaliAnglePit:0,servCaliAngleHrz:0,servCaliAnglePit:0,offlineCaliAngleHrz:0,offlineCaliAnglePit:0,determine2useFlag:0,IMU_Z_Accel:-21.592,IMU_X_AngularRate:-2.093,IMU_Y_AngularRate:-2.093,IMU_RollAngle:-180,IMU_PitchAngle:-180,IMU_YawAngle:-180,FcwID:0,FCWWarningLevel:0,FCWTTC:0
0,1.98,0,16.55,37.5,0,0,0,7.7,1.25452e-34,0,0,0,-7,0,0,0,0,-0.00229183,0,0,0,0,0,0,0,0,0,1,87,54,0,0.00034,0.00034,3,5,0,0,0,0,0,0,0,0,0,0,1,0,1,0,0,0,0,0,0,0,0,,0,0,0,0,
1,2.77,0,67,29.5,0,0,0,-10,0,0,0,0,18.5,0,0,0,0,-0.00229183,0,0,0,0,0,0,0,0,0,1,79,54,0,0.00034,0.00034,3,7,0,0,0,0,0,0,0,0,0,0,1,0,1,0,0,0,0,0,0,0,0,,0,0,0,0,
2,3.36,0,14.45,40,0,0,0,4.65,0,0,0,0,-5,0,0,0,0,-0.00229183,0,0,0,0,0,0,0,0,0,1,89,54,0,0.00034,0.00034,3,0,0,0,0,0,0,0,0,0,0,0,1,0,1,0,0,0,0,0,0,0,0,,0,0,0,0,
3,5.4,0,12,23.5,0,0,0,0.05,0,0,0,0,-23.5,0,0,0,0,-0.00229183,0,0,0,0,0,0,0,0,0,1,69,54,0,0.00034,0.00034,3,5,0,0,0,0,0,0,0,0,0,0,1,0,1,0,0,0,0,0,0,0,0,,0,0,0,0,
4,5.81,0,13.95,27,0,0,0,-0.55,0,0,0,0,-20,0,0,0,0,-0.00229183,0,0,0,0,0,0,0,0,0,1,72,54,0,0.00034,0.00034,3,5,0,0,0,0,0,0,0,0,0,0,1,0,1,0,0,0,0,0,0,0,0,,0,0,0,0,
END,Total:5
START,FrameNb:231,CameraNb:0,HeSaiNb:0,ARS410Nb:0
2026/08/02 21:35:43:426---->
heightOffset:0,1785677743426,251568,selfCaliBufCnt:0,selfAccObjCnt:0,selfAccAngle:0,installHAngleOffset:0,Interpolation:0,installVAngleOffset:0,radarOffsetH:0,radarOffsetV:0.32,Polynom:-0.001023;-0.0511;-2.047;0;0;0;-0.001023;-0.0511;-2.047;-25.5;0;0,WheelDirection:0;0;0;0,selfAngleOffset:0,selfAngleOffsetPit:0,currCaliAngleHrz:0,currCaliAnglePit:0,selfCaliAngleHrz:0,selfCaliAnglePit:0,servCaliAngleHrz:0,servCaliAnglePit:0,offlineCaliAngleHrz:0,offlineCaliAnglePit:0,determine2useFlag:0,IMU_Z_Accel:-21.592,IMU_X_AngularRate:-2.093,IMU_Y_AngularRate:-2.093,IMU_RollAngle:-180,IMU_PitchAngle:-180,IMU_YawAngle:-180,FcwID:0,FCWWarningLevel:0,FCWTTC:0
0,1.98,0,16.55,38,0,0,0,7.7,1.25452e-34,0,0,0,-7,0,0,0,0,-0.00229183,0,0,0,0,0,0,0,0,0,1,87,65,0,0.00034,0.00034,3,5,0,0,0,0,0,0,0,0,0,0,1,0,0,0,0,0,0,0,0,0,0,,0,0,0,0,
1,2.76,0,67.05,29.5,0,0,0,-10.1,0,0,0,0,18,0,0,0,0,-0.00229183,0,0,0,0,0,0,0,0,0,1,78,65,0,0.00034,0.00034,3,7,0,0,0,0,0,0,0,0,0,0,1,0,0,0,0,0,0,0,0,0,0,,0,0,0,0,
2,3.37,0,14.5,40,0,0,0,4.65,0,0,0,0,-5,0,0,0,0,-0.00229183,0,0,0,0,0,0,0,0,0,1,89,65,0,0.00034,0.00034,3,0,0,0,0,0,0,0,0,0,0,0,1,0,0,0,0,0,0,0,0,0,0,,0,0,0,0,
3,5.81,0,-44.7,28,0,0,0,6.45,0,0,0,0,-4.5,0,0,0,0,-0.00229183,0,0,0,0,0,0,0,0,0,1,73,65,0,0.00034,0.00034,3,5,0,0,0,0,0,0,0,0,0,0,1,0,0,0,0,0,0,0,0,0,0,,0,0,0,0,
END,Total:4
START,FrameNb:232,CameraNb:0,HeSaiNb:0,ARS410Nb:0
2026/08/02 21:35:43:469---->
heightOffset:0,1785677743469,251628,selfCaliBufCnt:0,selfAccObjCnt:0,selfAccAngle:0,installHAngleOffset:0,Interpolation:0,installVAngleOffset:0,radarOffsetH:0,radarOffsetV:0.32,Polynom:-0.001023;-0.0511;-2.047;0;0;0;-0.001023;-0.0511;-2.047;-25.5;0;0,WheelDirection:0;0;0;0,selfAngleOffset:0,selfAngleOffsetPit:0,currCaliAngleHrz:0,currCaliAnglePit:0,selfCaliAngleHrz:0,selfCaliAnglePit:0,servCaliAngleHrz:0,servCaliAnglePit:0,offlineCaliAngleHrz:0,offlineCaliAnglePit:0,determine2useFlag:0,IMU_Z_Accel:-21.592,IMU_X_AngularRate:-2.093,IMU_Y_AngularRate:-2.093,IMU_RollAngle:-180,IMU_PitchAngle:-180,IMU_YawAngle:-180,FcwID:0,FCWWarningLevel:0,FCWTTC:0
0,1.98,0,16.55,38,0,0,0,7.7,1.25452e-34,0,0,0,-7,0,0,0,0,-0.00229183,0,0,0,0,0,0,0,0,0,1,87,56,0,0.00034,0.00034,3,5,0,0,0,0,0,0,0,0,0,0,1,0,1,0,0,0,0,0,0,0,0,,0,0,0,0,
1,3.36,0,14.45,40,0,0,0,4.55,0,0,0,0,-5.5,0,0,0,0,-0.00229183,0,0,0,0,0,0,0,0,0,1,89,56,0,0.00034,0.00034,3,0,0,0,0,0,0,0,0,0,0,0,1,0,1,0,0,0,0,0,0,0,0,,0,0,0,0,
2,5.41,0,11.9,23.5,0,0,0,11.2,0,0,0,0,-25.5,0,0,0,0,-0.00229183,0,0,0,0,0,0,0,0,0,1,68,56,0,0.00034,0.00034,3,5,0,0,0,0,0,0,0,0,0,0,1,0,1,0,0,0,0,0,0,0,0,,0,0,0,0,
3,5.82,0,14.1,27.5,0,0,0,-0.35,0,0,0,0,-20,0,0,0,0,-0.00229183,0,0,0,0,0,0,0,0,0,1,72,56,0,0.00034,0.00034,3,5,0,0,0,0,0,0,0,0,0,0,1,0,1,0,0,0,0,0,0,0,0,,0,0,0,0,
END,Total:4
START,FrameNb:233,CameraNb:0,HeSaiNb:0,ARS410Nb:0
2026/08/02 21:35:43:523---->
heightOffset:0,1785677743523,251684,selfCaliBufCnt:0,selfAccObjCnt:0,selfAccAngle:0,installHAngleOffset:0,Interpolation:0,installVAngleOffset:0,radarOffsetH:0,radarOffsetV:0.32,Polynom:-0.001023;-0.0511;-2.047;0;0;0;-0.001023;-0.0511;-2.047;-25.5;0;0,WheelDirection:0;0;0;0,selfAngleOffset:0,selfAngleOffsetPit:0,currCaliAngleHrz:0,currCaliAnglePit:0,selfCaliAngleHrz:0,selfCaliAnglePit:0,servCaliAngleHrz:0,servCaliAnglePit:0,offlineCaliAngleHrz:0,offlineCaliAnglePit:0,determine2useFlag:0,IMU_Z_Accel:-21.592,IMU_X_AngularRate:-2.093,IMU_Y_AngularRate:-2.093,IMU_RollAngle:-180,IMU_PitchAngle:-180,IMU_YawAngle:-180,FcwID:0,FCWWarningLevel:0,FCWTTC:0
0,1.98,0,16.55,37.5,0,0,0,7.65,1.25452e-34,0,0,0,-7,0,0,0,0,-0.00229183,0,0,0,0,0,0,0,0,0,1,87,57,0,0.00034,0.00034,3,5,0,0,0,0,0,0,0,0,0,0,1,0,0,0,0,0,0,0,0,0,0,,0,0,0,0,
1,2.75,0,-8.7,28.5,0,0,0,-13.8,0,0,0,0,-18.5,0,0,0,0,-0.00229183,0,0,0,0,0,0,0,0,0,1,78,57,0,0.00034,0.00034,3,5,0,0,0,0,0,0,0,0,0,0,1,0,0,0,0,0,0,0,0,0,0,,0,0,0,0,
2,3.36,0,14.45,40,0,0,0,4.45,0,0,0,0,-5,0,0,0,0,-0.00229183,0,0,0,0,0,0,0,0,0,1,89,57,0,0.00034,0.00034,3,0,0,0,0,0,0,0,0,0,0,0,1,0,0,0,0,0,0,0,0,0,0,,0,0,0,0,
3,5.4,0,11.4,24,0,0,0,0.15,0,0,0,0,-24.5,0,0,0,0,-0.00229183,0,0,0,0,0,0,0,0,0,1,69,57,0,0.00034,0.00034,3,5,0,0,0,0,0,0,0,0,0,0,1,0,0,0,0,0,0,0,0,0,0,,0,0,0,0,
4,5.82,0,-45.55,27.5,0,0,0,6.3,0,0,0,0,-4,0,0,0,0,-0.00229183,0,0,0,0,0,0,0,0,0,1,72,57,0,0.00034,0.00034,3,5,0,0,0,0,0,0,0,0,0,0,1,0,0,0,0,0,0,0,0,0,0,,0,0,0,0,
END,Total:5
START,FrameNb:234,CameraNb:0,HeSaiNb:0,ARS410Nb:0
2026/08/02 21:35:43:589---->
heightOffset:0,1785677743589,251740,selfCaliBufCnt:0,selfAccObjCnt:0,selfAccAngle:0,installHAngleOffset:0,Interpolation:0,installVAngleOffset:0,radarOffsetH:0,radarOffsetV:0.32,Polynom:-0.001023;-0.0511;-2.047;0;0;0;-0.001023;-0.0511;-2.047;-25.5;0;0,WheelDirection:0;0;0;0,selfAngleOffset:0,selfAngleOffsetPit:0,currCaliAngleHrz:0,currCaliAnglePit:0,selfCaliAngleHrz:0,selfCaliAnglePit:0,servCaliAngleHrz:0,servCaliAnglePit:0,offlineCaliAngleHrz:0,offlineCaliAnglePit:0,determine2useFlag:0,IMU_Z_Accel:-21.592,IMU_X_AngularRate:-2.093,IMU_Y_AngularRate:-2.093,IMU_RollAngle:-180,IMU_PitchAngle:-180,IMU_YawAngle:-180,FcwID:0,FCWWarningLevel:0,FCWTTC:0
0,1.99,0,16.55,38,0,0,0,7.65,1.25452e-34,0,0,0,-7,0,0,0,0,-0.00229183,0,0,0,0,0,0,0,0,0,1,87,54,0,0.00034,0.00034,3,5,0,0,0,0,0,0,0,0,0,0,1,0,1,0,0,0,0,0,0,0,0,,0,0,0,0,
1,2.73,0,-8.6,29,0,0,0,-13.95,0,0,0,0,-18,0,0,0,0,-0.00229183,0,0,0,0,0,0,0,0,0,1,78,54,0,0.00034,0.00034,3,5,0,0,0,0,0,0,0,0,0,0,1,0,1,0,0,0,0,0,0,0,0,,0,0,0,0,
2,3.36,0,14.45,40,0,0,0,4.45,0,0,0,0,-5,0,0,0,0,-0.00229183,0,0,0,0,0,0,0,0,0,1,89,54,0,0.00034,0.00034,3,0,0,0,0,0,0,0,0,0,0,0,1,0,1,0,0,0,0,0,0,0,0,,0,0,0,0,
3,5.4,0,-43.55,24,0,0,0,7.2,0,0,0,0,-10,0,0,0,0,-0.00229183,0,0,0,0,0,0,0,0,0,1,69,54,0,0.00034,0.00034,3,5,0,0,0,0,0,0,0,0,0,0,1,0,1,0,0,0,0,0,0,0,0,,0,0,0,0,
4,5.82,0,-44.55,27.5,0,0,0,6,0,0,0,0,-5,0,0,0,0,-0.00229183,0,0,0,0,0,0,0,0,0,1,72,54,0,0.00034,0.00034,3,5,0,0,0,0,0,0,0,0,0,0,1,0,1,0,0,0,0,0,0,0,0,,0,0,0,0,
END,Total:5
START,FrameNb:235,CameraNb:0,HeSaiNb:0,ARS410Nb:0
2026/08/02 21:35:43:675---->
heightOffset:0,1785677743675,251792,selfCaliBufCnt:0,selfAccObjCnt:0,selfAccAngle:0,installHAngleOffset:0,Interpolation:0,installVAngleOffset:0,radarOffsetH:0,radarOffsetV:0.32,Polynom:-0.001023;-0.0511;-2.047;0;0;0;-0.001023;-0.0511;-2.047;-25.5;0;0,WheelDirection:0;0;0;0,selfAngleOffset:0,selfAngleOffsetPit:0,currCaliAngleHrz:0,currCaliAnglePit:0,selfCaliAngleHrz:0,selfCaliAnglePit:0,servCaliAngleHrz:0,servCaliAnglePit:0,offlineCaliAngleHrz:0,offlineCaliAnglePit:0,determine2useFlag:0,IMU_Z_Accel:-21.592,IMU_X_AngularRate:-2.093,IMU_Y_AngularRate:-2.093,IMU_RollAngle:-180,IMU_PitchAngle:-180,IMU_YawAngle:-180,FcwID:0,FCWWarningLevel:0,FCWTTC:0
0,1.98,0,16.55,38,0,0,0,7.65,1.25452e-34,0,0,0,-7,0,0,0,0,-0.00229183,0,0,0,0,0,0,0,0,0,1,87,57,0,0.00034,0.00034,3,5,0,0,0,0,0,0,0,0,0,0,1,0,0,0,0,0,0,0,0,0,0,,0,0,0,0,
1,2.65,0,-8.6,28.5,0,0,0,-13.85,0,0,0,0,-18.5,0,0,0,0,-0.00229183,0,0,0,0,0,0,0,0,0,1,78,57,0,0.00034,0.00034,3,5,0,0,0,0,0,0,0,0,0,0,1,0,0,0,0,0,0,0,0,0,0,,0,0,0,0,
2,3.36,0,14.55,40,0,0,0,4.45,0,0,0,0,-5.5,0,0,0,0,-0.00229183,0,0,0,0,0,0,0,0,0,1,89,57,0,0.00034,0.00034,3,0,0,0,0,0,0,0,0,0,0,0,1,0,0,0,0,0,0,0,0,0,0,,0,0,0,0,
3,5.4,0,-44.05,23.5,0,0,0,9.8,0,0,0,0,-9,0,0,0,0,-0.00229183,0,0,0,0,0,0,0,0,0,1,69,57,0,0.00034,0.00034,3,5,0,0,0,0,0,0,0,0,0,0,1,0,0,0,0,0,0,0,0,0,0,,0,0,0,0,
4,5.81,0,-45.8,27.5,0,0,0,6.4,0,0,0,0,-4,0,0,0,0,-0.00229183,0,0,0,0,0,0,0,0,0,1,72,57,0,0.00034,0.00034,3,5,0,0,0,0,0,0,0,0,0,0,1,0,0,0,0,0,0,0,0,0,0,,0,0,0,0,
END,Total:5
START,FrameNb:236,CameraNb:0,HeSaiNb:0,ARS410Nb:0
2026/08/02 21:35:43:714---->
heightOffset:0,1785677743714,251852,selfCaliBufCnt:0,selfAccObjCnt:0,selfAccAngle:0,installHAngleOffset:0,Interpolation:0,installVAngleOffset:0,radarOffsetH:0,radarOffsetV:0.32,Polynom:-0.001023;-0.0511;-2.047;0;0;0;-0.001023;-0.0511;-2.047;-25.5;0;0,WheelDirection:0;0;0;0,selfAngleOffset:0,selfAngleOffsetPit:0,currCaliAngleHrz:0,currCaliAnglePit:0,selfCaliAngleHrz:0,selfCaliAnglePit:0,servCaliAngleHrz:0,servCaliAnglePit:0,offlineCaliAngleHrz:0,offlineCaliAnglePit:0,determine2useFlag:0,IMU_Z_Accel:-21.592,IMU_X_AngularRate:-2.093,IMU_Y_AngularRate:-2.093,IMU_RollAngle:-180,IMU_PitchAngle:-180,IMU_YawAngle:-180,FcwID:0,FCWWarningLevel:0,FCWTTC:0
0,1.99,0,16.55,37.5,0,0,0,7.65,1.25452e-34,0,0,0,-7,0,0,0,0,-0.00229183,0,0,0,0,0,0,0,0,0,1,87,54,0,0.00034,0.00034,3,5,0,0,0,0,0,0,0,0,0,0,1,0,1,0,0,0,0,0,0,0,0,,0,0,0,0,
1,2.71,0,-8.55,29,0,0,0,-13.8,0,0,0,0,-18,0,0,0,0,-0.00229183,0,0,0,0,0,0,0,0,0,1,78,54,0,0.00034,0.00034,3,5,0,0,0,0,0,0,0,0,0,0,1,0,1,0,0,0,0,0,0,0,0,,0,0,0,0,
2,3.36,0,14.65,40,0,0,0,4.3,0,0,0,0,-5.5,0,0,0,0,-0.00229183,0,0,0,0,0,0,0,0,0,1,89,54,0,0.00034,0.00034,3,0,0,0,0,0,0,0,0,0,0,0,1,0,1,0,0,0,0,0,0,0,0,,0,0,0,0,
3,5.41,0,-43.8,23.5,0,0,0,-11.35,0,0,0,0,-10,0,0,0,0,-0.00229183,0,0,0,0,0,0,0,0,0,1,68,54,0,0.00034,0.00034,3,5,0,0,0,0,0,0,0,0,0,0,1,0,1,0,0,0,0,0,0,0,0,,0,0,0,0,
4,5.82,0,-44.35,27.5,0,0,0,6.2,0,0,0,0,-5,0,0,0,0,-0.00229183,0,0,0,0,0,0,0,0,0,1,72,54,0,0.00034,0.00034,3,5,0,0,0,0,0,0,0,0,0,0,1,0,1,0,0,0,0,0,0,0,0,,0,0,0,0,
END,Total:5
START,FrameNb:237,CameraNb:0,HeSaiNb:0,ARS410Nb:0
2026/08/02 21:35:43:780---->
heightOffset:0,1785677743780,251908,selfCaliBufCnt:0,selfAccObjCnt:0,selfAccAngle:0,installHAngleOffset:0,Interpolation:0,installVAngleOffset:0,radarOffsetH:0,radarOffsetV:0.32,Polynom:-0.001023;-0.0511;-2.047;0;0;0;-0.001023;-0.0511;-2.047;-25.5;0;0,WheelDirection:0;0;0;0,selfAngleOffset:0,selfAngleOffsetPit:0,currCaliAngleHrz:0,currCaliAnglePit:0,selfCaliAngleHrz:0,selfCaliAnglePit:0,servCaliAngleHrz:0,servCaliAnglePit:0,offlineCaliAngleHrz:0,offlineCaliAnglePit:0,determine2useFlag:0,IMU_Z_Accel:-21.592,IMU_X_AngularRate:-2.093,IMU_Y_AngularRate:-2.093,IMU_RollAngle:-180,IMU_PitchAngle:-180,IMU_YawAngle:-180,FcwID:0,FCWWarningLevel:0,FCWTTC:0
0,1.98,0,16.55,38,0,0,0,7.7,1.25452e-34,0,0,0,-7,0,0,0,0,-0.00229183,0,0,0,0,0,0,0,0,0,1,87,58,0,0.00034,0.00034,3,5,0,0,0,0,0,0,0,0,0,0,1,0,0,0,0,0,0,0,0,0,0,,0,0,0,0,
1,2.6,0,-8.6,28.5,0,0,0,-13.8,0,0,0,0,-18.5,0,0,0,0,-0.00229183,0,0,0,0,0,0,0,0,0,1,78,58,0,0.00034,0.00034,3,5,0,0,0,0,0,0,0,0,0,0,1,0,0,0,0,0,0,0,0,0,0,,0,0,0,0,
2,3.36,0,14.65,40,0,0,0,4.3,0,0,0,0,-5.5,0,0,0,0,-0.00229183,0,0,0,0,0,0,0,0,0,1,89,58,0,0.00034,0.00034,3,0,0,0,0,0,0,0,0,0,0,0,1,0,0,0,0,0,0,0,0,0,0,,0,0,0,0,
3,5.4,0,11.4,23,0,0,0,12.05,0,0,0,0,-25.5,0,0,0,0,-0.00229183,0,0,0,0,0,0,0,0,0,1,68,58,0,0.00034,0.00034,3,5,0,0,0,0,0,0,0,0,0,0,1,0,0,0,0,0,0,0,0,0,0,,0,0,0,0,
4,5.81,0,14,28,0,0,0,-0.55,0,0,0,0,-19.5,0,0,0,0,-0.00229183,0,0,0,0,0,0,0,0,0,1,73,58,0,0.00034,0.00034,3,5,0,0,0,0,0,0,0,0,0,0,1,0,0,0,0,0,0,0,0,0,0,,0,0,0,0,
END,Total:5
START,FrameNb:238,CameraNb:0,HeSaiNb:0,ARS410Nb:0
2026/08/02 21:35:43:824---->
heightOffset:0,1785677743824,251968,selfCaliBufCnt:0,selfAccObjCnt:0,selfAccAngle:0,installHAngleOffset:0,Interpolation:0,installVAngleOffset:0,radarOffsetH:0,radarOffsetV:0.32,Polynom:-0.001023;-0.0511;-2.047;0;0;0;-0.001023;-0.0511;-2.047;-25.5;0;0,WheelDirection:0;0;0;0,selfAngleOffset:0,selfAngleOffsetPit:0,currCaliAngleHrz:0,currCaliAnglePit:0,selfCaliAngleHrz:0,selfCaliAnglePit:0,servCaliAngleHrz:0,servCaliAnglePit:0,offlineCaliAngleHrz:0,offlineCaliAnglePit:0,determine2useFlag:0,IMU_Z_Accel:-21.592,IMU_X_AngularRate:-2.093,IMU_Y_AngularRate:-2.093,IMU_RollAngle:-180,IMU_PitchAngle:-180,IMU_YawAngle:-180,FcwID:0,FCWWarningLevel:0,FCWTTC:0
0,1.99,0,16.55,37.5,0,0,0,7.7,1.25452e-34,0,0,0,-7,0,0,0,0,-0.00229183,0,0,0,0,0,0,0,0,0,1,87,59,0,0.00034,0.00034,3,5,0,0,0,0,0,0,0,0,0,0,1,0,1,0,0,0,0,0,0,0,0,,0,0,0,0,
1,2.75,0,-8.6,28.5,0,0,0,-13.8,0,0,0,0,-18.5,0,0,0,0,-0.00229183,0,0,0,0,0,0,0,0,0,1,78,59,0,0.00034,0.00034,3,5,0,0,0,0,0,0,0,0,0,0,1,0,1,0,0,0,0,0,0,0,0,,0,0,0,0,
2,3.36,0,14.65,40,0,0,0,4.45,0,0,0,0,-5.5,0,0,0,0,-0.00229183,0,0,0,0,0,0,0,0,0,1,88,59,0,0.00034,0.00034,3,0,0,0,0,0,0,0,0,0,0,0,1,0,1,0,0,0,0,0,0,0,0,,0,0,0,0,
3,5.41,0,11.4,23,0,0,0,-1.1,0,0,0,0,-25.5,0,0,0,0,-0.00229183,0,0,0,0,0,0,0,0,0,1,68,59,0,0.00034,0.00034,3,5,0,0,0,0,0,0,0,0,0,0,1,0,1,0,0,0,0,0,0,0,0,,0,0,0,0,
4,5.81,0,14.05,28,0,0,0,-0.55,0,0,0,0,-19.5,0,0,0,0,-0.00229183,0,0,0,0,0,0,0,0,0,1,73,59,0,0.00034,0.00034,3,5,0,0,0,0,0,0,0,0,0,0,1,0,1,0,0,0,0,0,0,0,0,,0,0,0,0,
END,Total:5
START,FrameNb:239,CameraNb:0,HeSaiNb:0,ARS410Nb:0
2026/08/02 21:35:43:870---->
heightOffset:0,1785677743870,252024,selfCaliBufCnt:0,selfAccObjCnt:0,selfAccAngle:0,installHAngleOffset:0,Interpolation:0,installVAngleOffset:0,radarOffsetH:0,radarOffsetV:0.32,Polynom:-0.001023;-0.0511;-2.047;0;0;0;-0.001023;-0.0511;-2.047;-25.5;0;0,WheelDirection:0;0;0;0,selfAngleOffset:0,selfAngleOffsetPit:0,currCaliAngleHrz:0,currCaliAnglePit:0,selfCaliAngleHrz:0,selfCaliAnglePit:0,servCaliAngleHrz:0,servCaliAnglePit:0,offlineCaliAngleHrz:0,offlineCaliAnglePit:0,determine2useFlag:0,IMU_Z_Accel:-21.592,IMU_X_AngularRate:-2.093,IMU_Y_AngularRate:-2.093,IMU_RollAngle:-180,IMU_PitchAngle:-180,IMU_YawAngle:-180,FcwID:0,FCWWarningLevel:0,FCWTTC:0
0,1.98,0,16.55,38,0,0,0,7.7,1.25452e-34,0,0,0,-7,0,0,0,0,-0.00229183,0,0,0,0,0,0,0,0,0,1,87,60,0,0.00034,0.00034,3,5,0,0,0,0,0,0,0,0,0,0,1,0,0,0,0,0,0,0,0,0,0,,0,0,0,0,
1,2.75,0,-8.7,28.5,0,0,0,-13.95,0,0,0,0,-18.5,0,0,0,0,-0.00229183,0,0,0,0,0,0,0,0,0,1,78,60,0,0.00034,0.00034,3,5,0,0,0,0,0,0,0,0,0,0,1,0,0,0,0,0,0,0,0,0,0,,0,0,0,0,
2,3.37,0,14.7,40,0,0,0,4.8,0,0,0,0,-5.5,0,0,0,0,-0.00229183,0,0,0,0,0,0,0,0,0,1,88,60,0,0.00034,0.00034,3,0,0,0,0,0,0,0,0,0,0,0,1,0,0,0,0,0,0,0,0,0,0,,0,0,0,0,
3,5.41,0,-43.85,23.5,0,0,0,-11.75,0,0,0,0,-10,0,0,0,0,-0.00229183,0,0,0,0,0,0,0,0,0,1,69,60,0,0.00034,0.00034,3,5,0,0,0,0,0,0,0,0,0,0,1,0,0,0,0,0,0,0,0,0,0,,0,0,0,0,
4,5.8,0,-44.6,28,0,0,0,6.2,0,0,0,0,-4.5,0,0,0,0,-0.00229183,0,0,0,0,0,0,0,0,0,1,73,60,0,0.00034,0.00034,3,5,0,0,0,0,0,0,0,0,0,0,1,0,0,0,0,0,0,0,0,0,0,,0,0,0,0,
END,Total:5
START,FrameNb:240,CameraNb:0,HeSaiNb:0,ARS410Nb:0
2026/08/02 21:35:43:932---->
heightOffset:0,1785677743932,252084,selfCaliBufCnt:0,selfAccObjCnt:0,selfAccAngle:0,installHAngleOffset:0,Interpolation:0,installVAngleOffset:0,radarOffsetH:0,radarOffsetV:0.32,Polynom:-0.001023;-0.0511;-2.047;0;0;0;-0.001023;-0.0511;-2.047;-25.5;0;0,WheelDirection:0;0;0;0,selfAngleOffset:0,selfAngleOffsetPit:0,currCaliAngleHrz:0,currCaliAnglePit:0,selfCaliAngleHrz:0,selfCaliAnglePit:0,servCaliAngleHrz:0,servCaliAnglePit:0,offlineCaliAngleHrz:0,offlineCaliAnglePit:0,determine2useFlag:0,IMU_Z_Accel:-21.592,IMU_X_AngularRate:-2.093,IMU_Y_AngularRate:-2.093,IMU_RollAngle:-180,IMU_PitchAngle:-180,IMU_YawAngle:-180,FcwID:0,FCWWarningLevel:0,FCWTTC:0
0,1.99,0,16.55,37.5,0,0,0,7.7,1.25452e-34,0,0,0,-7,0,0,0,0,-0.00229183,0,0,0,0,0,0,0,0,0,1,87,54,0,0.00034,0.00034,3,5,0,0,0,0,0,0,0,0,0,0,1,0,1,0,0,0,0,0,0,0,0,,0,0,0,0,
1,2.75,0,-8.7,29,0,0,0,-13.85,0,0,0,0,-18,0,0,0,0,-0.00229183,0,0,0,0,0,0,0,0,0,1,78,54,0,0.00034,0.00034,3,5,0,0,0,0,0,0,0,0,0,0,1,0,1,0,0,0,0,0,0,0,0,,0,0,0,0,
2,3.36,0,14.65,40,0,0,0,4.15,0,0,0,0,-5.5,0,0,0,0,-0.00229183,0,0,0,0,0,0,0,0,0,1,88,54,0,0.00034,0.00034,3,0,0,0,0,0,0,0,0,0,0,0,1,0,1,0,0,0,0,0,0,0,0,,0,0,0,0,
3,5.81,0,14.45,28,0,0,0,-0.3,0,0,0,0,-19.5,0,0,0,0,-0.00229183,0,0,0,0,0,0,0,0,0,1,73,54,0,0.00034,0.00034,3,5,0,0,0,0,0,0,0,0,0,0,1,0,1,0,0,0,0,0,0,0,0,,0,0,0,0,
END,Total:4
START,FrameNb:241,CameraNb:0,HeSaiNb:0,ARS410Nb:0
2026/08/02 21:35:43:984---->
heightOffset:0,1785677743984,252136,selfCaliBufCnt:0,selfAccObjCnt:0,selfAccAngle:0,installHAngleOffset:0,Interpolation:0,installVAngleOffset:0,radarOffsetH:0,radarOffsetV:0.32,Polynom:-0.001023;-0.0511;-2.047;0;0;0;-0.001023;-0.0511;-2.047;-25.5;0;0,WheelDirection:0;0;0;0,selfAngleOffset:0,selfAngleOffsetPit:0,currCaliAngleHrz:0,currCaliAnglePit:0,selfCaliAngleHrz:0,selfCaliAnglePit:0,servCaliAngleHrz:0,servCaliAnglePit:0,offlineCaliAngleHrz:0,offlineCaliAnglePit:0,determine2useFlag:0,IMU_Z_Accel:-21.592,IMU_X_AngularRate:-2.093,IMU_Y_AngularRate:-2.093,IMU_RollAngle:-180,IMU_PitchAngle:-180,IMU_YawAngle:-180,FcwID:0,FCWWarningLevel:0,FCWTTC:0
0,1.98,0,16.55,38,0,0,0,7.7,1.25452e-34,0,0,0,-7,0,0,0,0,-0.00229183,0,0,0,0,0,0,0,0,0,1,87,57,0,0.00034,0.00034,3,5,0,0,0,0,0,0,0,0,0,0,1,0,0,0,0,0,0,0,0,0,0,,0,0,0,0,
1,3.36,0,14.6,40,0,0,0,4.25,0,0,0,0,-5.5,0,0,0,0,-0.00229183,0,0,0,0,0,0,0,0,0,1,89,57,0,0.00034,0.00034,3,0,0,0,0,0,0,0,0,0,0,0,1,0,0,0,0,0,0,0,0,0,0,,0,0,0,0,
2,5.8,0,-44.2,28,0,0,0,6.15,0,0,0,0,-4,0,0,0,0,-0.00229183,0,0,0,0,0,0,0,0,0,1,73,57,0,0.00034,0.00034,3,5,0,0,0,0,0,0,0,0,0,0,1,0,0,0,0,0,0,0,0,0,0,,0,0,0,0,
END,Total:3
START,FrameNb:242,CameraNb:0,HeSaiNb:0,ARS410Nb:0
2026/08/02 21:35:44:014---->
heightOffset:0,1785677744014,252192,selfCaliBufCnt:0,selfAccObjCnt:0,selfAccAngle:0,installHAngleOffset:0,Interpolation:0,installVAngleOffset:0,radarOffsetH:0,radarOffsetV:0.32,Polynom:-0.001023;-0.0511;-2.047;0;0;0;-0.001023;-0.0511;-2.047;-25.5;0;0,WheelDirection:0;0;0;0,selfAngleOffset:0,selfAngleOffsetPit:0,currCaliAngleHrz:0,currCaliAnglePit:0,selfCaliAngleHrz:0,selfCaliAnglePit:0,servCaliAngleHrz:0,servCaliAnglePit:0,offlineCaliAngleHrz:0,offlineCaliAnglePit:0,determine2useFlag:0,IMU_Z_Accel:-21.592,IMU_X_AngularRate:-2.093,IMU_Y_AngularRate:-2.093,IMU_RollAngle:-180,IMU_PitchAngle:-180,IMU_YawAngle:-180,FcwID:0,FCWWarningLevel:0,FCWTTC:0
0,1.98,0,16.55,38,0,0,0,7.7,1.25452e-34,0,0,0,-7,0,0,0,0,-0.00229183,0,0,0,0,0,0,0,0,0,1,87,54,0,0.00034,0.00034,3,5,0,0,0,0,0,0,0,0,0,0,1,0,1,0,0,0,0,0,0,0,0,,0,0,0,0,
1,3.36,0,14.55,40,0,0,0,4.3,0,0,0,0,-5,0,0,0,0,-0.00229183,0,0,0,0,0,0,0,0,0,1,89,54,0,0.00034,0.00034,3,0,0,0,0,0,0,0,0,0,0,0,1,0,1,0,0,0,0,0,0,0,0,,0,0,0,0,
2,5.81,0,-44.2,28,0,0,0,6.05,0,0,0,0,-4.5,0,0,0,0,-0.00229183,0,0,0,0,0,0,0,0,0,1,73,54,0,0.00034,0.00034,3,5,0,0,0,0,0,0,0,0,0,0,1,0,1,0,0,0,0,0,0,0,0,,0,0,0,0,
END,Total:3
START,FrameNb:243,CameraNb:0,HeSaiNb:0,ARS410Nb:0
2026/08/02 21:35:44:121---->
heightOffset:0,1785677744121,252248,selfCaliBufCnt:0,selfAccObjCnt:0,selfAccAngle:0,installHAngleOffset:0,Interpolation:0,installVAngleOffset:0,radarOffsetH:0,radarOffsetV:0.32,Polynom:-0.001023;-0.0511;-2.047;0;0;0;-0.001023;-0.0511;-2.047;-25.5;0;0,WheelDirection:0;0;0;0,selfAngleOffset:0,selfAngleOffsetPit:0,currCaliAngleHrz:0,currCaliAnglePit:0,selfCaliAngleHrz:0,selfCaliAnglePit:0,servCaliAngleHrz:0,servCaliAnglePit:0,offlineCaliAngleHrz:0,offlineCaliAnglePit:0,determine2useFlag:0,IMU_Z_Accel:-21.592,IMU_X_AngularRate:-2.093,IMU_Y_AngularRate:-2.093,IMU_RollAngle:-180,IMU_PitchAngle:-180,IMU_YawAngle:-180,FcwID:0,FCWWarningLevel:0,FCWTTC:0
0,1.98,0,16.55,38,0,0,0,7.7,1.25452e-34,0,0,0,-7,0,0,0,0,-0.00229183,0,0,0,0,0,0,0,0,0,1,87,57,0,0.00034,0.00034,3,5,0,0,0,0,0,0,0,0,0,0,1,0,0,0,0,0,0,0,0,0,0,,0,0,0,0,
1,3.36,0,14.55,40,0,0,0,4.4,0,0,0,0,-5,0,0,0,0,-0.00229183,0,0,0,0,0,0,0,0,0,1,89,57,0,0.00034,0.00034,3,0,0,0,0,0,0,0,0,0,0,0,1,0,0,0,0,0,0,0,0,0,0,,0,0,0,0,
2,5.81,0,-44.2,28,0,0,0,6,0,0,0,0,-4,0,0,0,0,-0.00229183,0,0,0,0,0,0,0,0,0,1,73,57,0,0.00034,0.00034,3,5,0,0,0,0,0,0,0,0,0,0,1,0,0,0,0,0,0,0,0,0,0,,0,0,0,0,
END,Total:3
START,FrameNb:244,CameraNb:0,HeSaiNb:0,ARS410Nb:0
2026/08/02 21:35:44:178---->
heightOffset:0,1785677744178,252304,selfCaliBufCnt:0,selfAccObjCnt:0,selfAccAngle:0,installHAngleOffset:0,Interpolation:0,installVAngleOffset:0,radarOffsetH:0,radarOffsetV:0.32,Polynom:-0.001023;-0.0511;-2.047;0;0;0;-0.001023;-0.0511;-2.047;-25.5;0;0,WheelDirection:0;0;0;0,selfAngleOffset:0,selfAngleOffsetPit:0,currCaliAngleHrz:0,currCaliAnglePit:0,selfCaliAngleHrz:0,selfCaliAnglePit:0,servCaliAngleHrz:0,servCaliAnglePit:0,offlineCaliAngleHrz:0,offlineCaliAnglePit:0,determine2useFlag:0,IMU_Z_Accel:-21.592,IMU_X_AngularRate:-2.093,IMU_Y_AngularRate:-2.093,IMU_RollAngle:-180,IMU_PitchAngle:-180,IMU_YawAngle:-180,FcwID:0,FCWWarningLevel:0,FCWTTC:0
0,1.98,0,16.55,37.5,0,0,0,7.75,1.25452e-34,0,0,0,-7,0,0,0,0,-0.00229183,0,0,0,0,0,0,0,0,0,1,87,53,0,0.00034,0.00034,3,5,0,0,0,0,0,0,0,0,0,0,1,0,1,0,0,0,0,0,0,0,0,,0,0,0,0,
1,2.76,0,-22.7,29.5,0,0,0,5.7,0,0,0,0,-13.5,0,0,0,0,-0.00229183,0,0,0,0,0,0,0,0,0,1,79,53,0,0.00034,0.00034,2,-1,0,0,0,0,0,0,0,0,0,0,1,0,1,0,0,0,0,0,0,0,0,,0,0,0,0,
2,3.37,0,14.55,40,0,0,0,4.4,0,0,0,0,-5.5,0,0,0,0,-0.00229183,0,0,0,0,0,0,0,0,0,1,89,53,0,0.00034,0.00034,3,0,0,0,0,0,0,0,0,0,0,0,1,0,1,0,0,0,0,0,0,0,0,,0,0,0,0,
3,5.81,0,-44.05,28,0,0,0,5.75,0,0,0,0,-4,0,0,0,0,-0.00229183,0,0,0,0,0,0,0,0,0,1,73,53,0,0.00034,0.00034,3,5,0,0,0,0,0,0,0,0,0,0,1,0,1,0,0,0,0,0,0,0,0,,0,0,0,0,
END,Total:4
START,FrameNb:245,CameraNb:0,HeSaiNb:0,ARS410Nb:0
2026/08/02 21:35:44:249---->
heightOffset:0,1785677744249,252360,selfCaliBufCnt:0,selfAccObjCnt:0,selfAccAngle:0,installHAngleOffset:0,Interpolation:0,installVAngleOffset:0,radarOffsetH:0,radarOffsetV:0.32,Polynom:-0.001023;-0.0511;-2.047;0;0;0;-0.001023;-0.0511;-2.047;-25.5;0;0,WheelDirection:0;0;0;0,selfAngleOffset:0,selfAngleOffsetPit:0,currCaliAngleHrz:0,currCaliAnglePit:0,selfCaliAngleHrz:0,selfCaliAnglePit:0,servCaliAngleHrz:0,servCaliAnglePit:0,offlineCaliAngleHrz:0,offlineCaliAnglePit:0,determine2useFlag:0,IMU_Z_Accel:-21.592,IMU_X_AngularRate:-2.093,IMU_Y_AngularRate:-2.093,IMU_RollAngle:-180,IMU_PitchAngle:-180,IMU_YawAngle:-180,FcwID:0,FCWWarningLevel:0,FCWTTC:0
0,1.98,0,16.55,38,0,0,0,7.7,1.25452e-34,0,0,0,-7,0,0,0,0,-0.00229183,0,0,0,0,0,0,0,0,0,1,87,60,0,0.00034,0.00034,3,5,0,0,0,0,0,0,0,0,0,0,1,0,0,0,0,0,0,0,0,0,0,,0,0,0,0,
1,2.76,0,-8.7,29.5,0,0,0,-14.45,0,0,0,0,-17.5,0,0,0,0,-0.00229183,0,0,0,0,0,0,0,0,0,1,79,60,0,0.00034,0.00034,3,5,0,0,0,0,0,0,0,0,0,0,1,0,0,0,0,0,0,0,0,0,0,,0,0,0,0,
2,3.36,0,14.55,40,0,0,0,4.2,0,0,0,0,-5.5,0,0,0,0,-0.00229183,0,0,0,0,0,0,0,0,0,1,89,60,0,0.00034,0.00034,3,0,0,0,0,0,0,0,0,0,0,0,1,0,0,0,0,0,0,0,0,0,0,,0,0,0,0,
3,5.81,0,14.2,28.5,0,0,0,-0.75,0,0,0,0,-19,0,0,0,0,-0.00229183,0,0,0,0,0,0,0,0,0,1,73,60,0,0.00034,0.00034,2,-1,0,0,0,0,0,0,0,0,0,0,1,0,0,0,0,0,0,0,0,0,0,,0,0,0,0,
END,Total:4
START,FrameNb:246,CameraNb:0,HeSaiNb:0,ARS410Nb:0
2026/08/02 21:35:44:293---->
heightOffset:0,1785677744293,252420,selfCaliBufCnt:0,selfAccObjCnt:0,selfAccAngle:0,installHAngleOffset:0,Interpolation:0,installVAngleOffset:0,radarOffsetH:0,radarOffsetV:0.32,Polynom:-0.001023;-0.0511;-2.047;0;0;0;-0.001023;-0.0511;-2.047;-25.5;0;0,WheelDirection:0;0;0;0,selfAngleOffset:0,selfAngleOffsetPit:0,currCaliAngleHrz:0,currCaliAnglePit:0,selfCaliAngleHrz:0,selfCaliAnglePit:0,servCaliAngleHrz:0,servCaliAnglePit:0,offlineCaliAngleHrz:0,offlineCaliAnglePit:0,determine2useFlag:0,IMU_Z_Accel:-21.592,IMU_X_AngularRate:-2.093,IMU_Y_AngularRate:-2.093,IMU_RollAngle:-180,IMU_PitchAngle:-180,IMU_YawAngle:-180,FcwID:0,FCWWarningLevel:0,FCWTTC:0
0,1.98,0,16.55,37.5,0,0,0,7.7,1.25452e-34,0,0,0,-7,0,0,0,0,-0.00229183,0,0,0,0,0,0,0,0,0,1,87,58,0,0.00034,0.00034,3,5,0,0,0,0,0,0,0,0,0,0,1,0,1,0,0,0,0,0,0,0,0,,0,0,0,0,
1,2.76,0,-22.95,29,0,0,0,4.55,0,0,0,0,-13.5,0,0,0,0,-0.00229183,0,0,0,0,0,0,0,0,0,1,79,58,0,0.00034,0.00034,2,-1,0,0,0,0,0,0,0,0,0,0,1,0,1,0,0,0,0,0,0,0,0,,0,0,0,0,
2,3.36,0,14.6,40,0,0,0,4.15,0,0,0,0,-5.5,0,0,0,0,-0.00229183,0,0,0,0,0,0,0,0,0,1,88,58,0,0.00034,0.00034,3,0,0,0,0,0,0,0,0,0,0,0,1,0,1,0,0,0,0,0,0,0,0,,0,0,0,0,
3,5.81,0,14.2,28,0,0,0,-0.7,0,0,0,0,-19,0,0,0,0,-0.00229183,0,0,0,0,0,0,0,0,0,1,73,58,0,0.00034,0.00034,3,5,0,0,0,0,0,0,0,0,0,0,1,0,1,0,0,0,0,0,0,0,0,,0,0,0,0,
END,Total:4
START,FrameNb:247,CameraNb:0,HeSaiNb:0,ARS410Nb:0
2026/08/02 21:35:44:340---->
heightOffset:0,1785677744340,252476,selfCaliBufCnt:0,selfAccObjCnt:0,selfAccAngle:0,installHAngleOffset:0,Interpolation:0,installVAngleOffset:0,radarOffsetH:0,radarOffsetV:0.32,Polynom:-0.001023;-0.0511;-2.047;0;0;0;-0.001023;-0.0511;-2.047;-25.5;0;0,WheelDirection:0;0;0;0,selfAngleOffset:0,selfAngleOffsetPit:0,currCaliAngleHrz:0,currCaliAnglePit:0,selfCaliAngleHrz:0,selfCaliAnglePit:0,servCaliAngleHrz:0,servCaliAnglePit:0,offlineCaliAngleHrz:0,offlineCaliAnglePit:0,determine2useFlag:0,IMU_Z_Accel:-21.592,IMU_X_AngularRate:-2.093,IMU_Y_AngularRate:-2.093,IMU_RollAngle:-180,IMU_PitchAngle:-180,IMU_YawAngle:-180,FcwID:0,FCWWarningLevel:0,FCWTTC:0
0,1.98,0,16.55,37.5,0,0,0,7.7,1.25452e-34,0,0,0,-7,0,0,0,0,-0.00229183,0,0,0,0,0,0,0,0,0,1,87,59,0,0.00034,0.00034,3,5,0,0,0,0,0,0,0,0,0,0,1,0,0,0,0,0,0,0,0,0,0,,0,0,0,0,
1,2.76,0,-22.85,29,0,0,0,4.55,0,0,0,0,-14,0,0,0,0,-0.00229183,0,0,0,0,0,0,0,0,0,1,78,59,0,0.00034,0.00034,3,5,0,0,0,0,0,0,0,0,0,0,1,0,0,0,0,0,0,0,0,0,0,,0,0,0,0,
2,3.37,0,14.7,40,0,0,0,4.95,0,0,0,0,-5.5,0,0,0,0,-0.00229183,0,0,0,0,0,0,0,0,0,1,88,59,0,0.00034,0.00034,3,0,0,0,0,0,0,0,0,0,0,0,1,0,0,0,0,0,0,0,0,0,0,,0,0,0,0,
3,5.81,0,-44.05,28.5,0,0,0,6.05,0,0,0,0,-4,0,0,0,0,-0.00229183,0,0,0,0,0,0,0,0,0,1,73,59,0,0.00034,0.00034,3,5,0,0,0,0,0,0,0,0,0,0,1,0,0,0,0,0,0,0,0,0,0,,0,0,0,0,
END,Total:4
START,FrameNb:248,CameraNb:0,HeSaiNb:0,ARS410Nb:0
2026/08/02 21:35:44:407---->
heightOffset:0,1785677744407,252536,selfCaliBufCnt:0,selfAccObjCnt:0,selfAccAngle:0,installHAngleOffset:0,Interpolation:0,installVAngleOffset:0,radarOffsetH:0,radarOffsetV:0.32,Polynom:-0.001023;-0.0511;-2.047;0;0;0;-0.001023;-0.0511;-2.047;-25.5;0;0,WheelDirection:0;0;0;0,selfAngleOffset:0,selfAngleOffsetPit:0,currCaliAngleHrz:0,currCaliAnglePit:0,selfCaliAngleHrz:0,selfCaliAnglePit:0,servCaliAngleHrz:0,servCaliAnglePit:0,offlineCaliAngleHrz:0,offlineCaliAnglePit:0,determine2useFlag:0,IMU_Z_Accel:-21.592,IMU_X_AngularRate:-2.093,IMU_Y_AngularRate:-2.093,IMU_RollAngle:-180,IMU_PitchAngle:-180,IMU_YawAngle:-180,FcwID:0,FCWWarningLevel:0,FCWTTC:0
0,1.98,0,16.55,38,0,0,0,7.7,1.25452e-34,0,0,0,-7,0,0,0,0,-0.00229183,0,0,0,0,0,0,0,0,0,1,87,55,0,0.00034,0.00034,3,5,0,0,0,0,0,0,0,0,0,0,1,0,1,0,0,0,0,0,0,0,0,,0,0,0,0,
1,3.36,0,14.65,40,0,0,0,4.15,0,0,0,0,-5.5,0,0,0,0,-0.00229183,0,0,0,0,0,0,0,0,0,1,88,55,0,0.00034,0.00034,3,0,0,0,0,0,0,0,0,0,0,0,1,0,1,0,0,0,0,0,0,0,0,,0,0,0,0,
2,5.81,0,14.15,28.5,0,0,0,-0.6,0,0,0,0,-19,0,0,0,0,-0.00229183,0,0,0,0,0,0,0,0,0,1,73,55,0,0.00034,0.00034,2,-1,0,0,0,0,0,0,0,0,0,0,1,0,1,0,0,0,0,0,0,0,0,,0,0,0,0,
END,Total:3
START,FrameNb:249,CameraNb:0,HeSaiNb:0,ARS410Nb:0
2026/08/02 21:35:44:421---->
heightOffset:0,1785677744421,252588,selfCaliBufCnt:0,selfAccObjCnt:0,selfAccAngle:0,installHAngleOffset:0,Interpolation:0,installVAngleOffset:0,radarOffsetH:0,radarOffsetV:0.32,Polynom:-0.001023;-0.0511;-2.047;0;0;0;-0.001023;-0.0511;-2.047;-25.5;0;0,WheelDirection:0;0;0;0,selfAngleOffset:0,selfAngleOffsetPit:0,currCaliAngleHrz:0,currCaliAnglePit:0,selfCaliAngleHrz:0,selfCaliAnglePit:0,servCaliAngleHrz:0,servCaliAnglePit:0,offlineCaliAngleHrz:0,offlineCaliAnglePit:0,determine2useFlag:0,IMU_Z_Accel:-21.592,IMU_X_AngularRate:-2.093,IMU_Y_AngularRate:-2.093,IMU_RollAngle:-180,IMU_PitchAngle:-180,IMU_YawAngle:-180,FcwID:0,FCWWarningLevel:0,FCWTTC:0
0,1.98,0,16.55,38,0,0,0,7.7,1.25452e-34,0,0,0,-7,0,0,0,0,-0.00229183,0,0,0,0,0,0,0,0,0,1,87,57,0,0.00034,0.00034,3,5,0,0,0,0,0,0,0,0,0,0,1,0,0,0,0,0,0,0,0,0,0,,0,0,0,0,
1,3.37,0,14.7,40,0,0,0,4.8,0,0,0,0,-5.5,0,0,0,0,-0.00229183,0,0,0,0,0,0,0,0,0,1,88,57,0,0.00034,0.00034,3,0,0,0,0,0,0,0,0,0,0,0,1,0,0,0,0,0,0,0,0,0,0,,0,0,0,0,
2,5.81,0,14.2,28.5,0,0,0,-0.45,0,0,0,0,-19,0,0,0,0,-0.00229183,0,0,0,0,0,0,0,0,0,1,73,57,0,0.00034,0.00034,3,5,0,0,0,0,0,0,0,0,0,0,1,0,0,0,0,0,0,0,0,0,0,,0,0,0,0,
END,Total:3
START,FrameNb:250,CameraNb:0,HeSaiNb:0,ARS410Nb:0
2026/08/02 21:35:44:531---->
heightOffset:0,1785677744531,252644,selfCaliBufCnt:0,selfAccObjCnt:0,selfAccAngle:0,installHAngleOffset:0,Interpolation:0,installVAngleOffset:0,radarOffsetH:0,radarOffsetV:0.32,Polynom:-0.001023;-0.0511;-2.047;0;0;0;-0.001023;-0.0511;-2.047;-25.5;0;0,WheelDirection:0;0;0;0,selfAngleOffset:0,selfAngleOffsetPit:0,currCaliAngleHrz:0,currCaliAnglePit:0,selfCaliAngleHrz:0,selfCaliAnglePit:0,servCaliAngleHrz:0,servCaliAnglePit:0,offlineCaliAngleHrz:0,offlineCaliAnglePit:0,determine2useFlag:0,IMU_Z_Accel:-21.592,IMU_X_AngularRate:-2.093,IMU_Y_AngularRate:-2.093,IMU_RollAngle:-180,IMU_PitchAngle:-180,IMU_YawAngle:-180,FcwID:0,FCWWarningLevel:0,FCWTTC:0
0,1.98,0,16.55,38,0,0,0,7.7,1.25452e-34,0,0,0,-7,0,0,0,0,-0.00229183,0,0,0,0,0,0,0,0,0,1,87,53,0,0.00034,0.00034,3,5,0,0,0,0,0,0,0,0,0,0,1,0,1,0,0,0,0,0,0,0,0,,0,0,0,0,
1,3.37,0,14.7,40,0,0,0,4.9,0,0,0,0,-5.5,0,0,0,0,-0.00229183,0,0,0,0,0,0,0,0,0,1,88,53,0,0.00034,0.00034,3,0,0,0,0,0,0,0,0,0,0,0,1,0,1,0,0,0,0,0,0,0,0,,0,0,0,0,
2,3.91,0,-56.8,21.5,0,0,0,-3.2,0,0,0,0,-1,0,0,0,0,-0.00229183,0,0,0,0,0,0,0,0,0,1,70,53,0,0.00034,0.00034,3,5,0,0,0,0,0,0,0,0,0,0,1,0,1,0,0,0,0,0,0,0,0,,0,0,0,0,
3,5.41,0,11.55,24,0,0,0,-0.8,0,0,0,0,-25,0,0,0,0,-0.00229183,0,0,0,0,0,0,0,0,0,1,69,53,0,0.00034,0.00034,3,5,0,0,0,0,0,0,0,0,0,0,1,0,1,0,0,0,0,0,0,0,0,,0,0,0,0,
4,5.81,0,14.2,28,0,0,0,-0.55,0,0,0,0,-19.5,0,0,0,0,-0.00229183,0,0,0,0,0,0,0,0,0,1,73,53,0,0.00034,0.00034,3,5,0,0,0,0,0,0,0,0,0,0,1,0,1,0,0,0,0,0,0,0,0,,0,0,0,0,
END,Total:5
START,FrameNb:251,CameraNb:0,HeSaiNb:0,ARS410Nb:0
2026/08/02 21:35:44:596---->
heightOffset:0,1785677744596,252700,selfCaliBufCnt:0,selfAccObjCnt:0,selfAccAngle:0,installHAngleOffset:0,Interpolation:0,installVAngleOffset:0,radarOffsetH:0,radarOffsetV:0.32,Polynom:-0.001023;-0.0511;-2.047;0;0;0;-0.001023;-0.0511;-2.047;-25.5;0;0,WheelDirection:0;0;0;0,selfAngleOffset:0,selfAngleOffsetPit:0,currCaliAngleHrz:0,currCaliAnglePit:0,selfCaliAngleHrz:0,selfCaliAnglePit:0,servCaliAngleHrz:0,servCaliAnglePit:0,offlineCaliAngleHrz:0,offlineCaliAnglePit:0,determine2useFlag:0,IMU_Z_Accel:-21.592,IMU_X_AngularRate:-2.093,IMU_Y_AngularRate:-2.093,IMU_RollAngle:-180,IMU_PitchAngle:-180,IMU_YawAngle:-180,FcwID:0,FCWWarningLevel:0,FCWTTC:0
0,1.98,0,16.55,38,0,0,0,7.7,1.25452e-34,0,0,0,-7,0,0,0,0,-0.00229183,0,0,0,0,0,0,0,0,0,1,87,58,0,0.00034,0.00034,3,5,0,0,0,0,0,0,0,0,0,0,1,0,0,0,0,0,0,0,0,0,0,,0,0,0,0,
1,3.37,0,14.7,40,0,0,0,4.9,0,0,0,0,-5.5,0,0,0,0,-0.00229183,0,0,0,0,0,0,0,0,0,1,88,58,0,0.00034,0.00034,3,0,0,0,0,0,0,0,0,0,0,0,1,0,0,0,0,0,0,0,0,0,0,,0,0,0,0,
2,5.41,0,11.7,23.5,0,0,0,12.05,0,0,0,0,-25,0,0,0,0,-0.00229183,0,0,0,0,0,0,0,0,0,1,69,58,0,0.00034,0.00034,3,5,0,0,0,0,0,0,0,0,0,0,1,0,0,0,0,0,0,0,0,0,0,,0,0,0,0,
3,5.81,0,-44.2,28.5,0,0,0,6.15,0,0,0,0,-4,0,0,0,0,-0.00229183,0,0,0,0,0,0,0,0,0,1,73,58,0,0.00034,0.00034,3,5,0,0,0,0,0,0,0,0,0,0,1,0,0,0,0,0,0,0,0,0,0,,0,0,0,0,
END,Total:4
START,FrameNb:252,CameraNb:0,HeSaiNb:0,ARS410Nb:0
2026/08/02 21:35:44:653---->
heightOffset:0,1785677744653,252756,selfCaliBufCnt:0,selfAccObjCnt:0,selfAccAngle:0,installHAngleOffset:0,Interpolation:0,installVAngleOffset:0,radarOffsetH:0,radarOffsetV:0.32,Polynom:-0.001023;-0.0511;-2.047;0;0;0;-0.001023;-0.0511;-2.047;-25.5;0;0,WheelDirection:0;0;0;0,selfAngleOffset:0,selfAngleOffsetPit:0,currCaliAngleHrz:0,currCaliAnglePit:0,selfCaliAngleHrz:0,selfCaliAnglePit:0,servCaliAngleHrz:0,servCaliAnglePit:0,offlineCaliAngleHrz:0,offlineCaliAnglePit:0,determine2useFlag:0,IMU_Z_Accel:-21.592,IMU_X_AngularRate:-2.093,IMU_Y_AngularRate:-2.093,IMU_RollAngle:-180,IMU_PitchAngle:-180,IMU_YawAngle:-180,FcwID:0,FCWWarningLevel:0,FCWTTC:0
0,1.98,0,16.55,37.5,0,0,0,7.7,1.25452e-34,0,0,0,-7,0,0,0,0,-0.00229183,0,0,0,0,0,0,0,0,0,1,87,53,0,0.00034,0.00034,3,5,0,0,0,0,0,0,0,0,0,0,1,0,1,0,0,0,0,0,0,0,0,,0,0,0,0,
1,3.37,0,14.7,39.5,0,0,0,4.8,0,0,0,0,-5.5,0,0,0,0,-0.00229183,0,0,0,0,0,0,0,0,0,1,88,53,0,0.00034,0.00034,3,0,0,0,0,0,0,0,0,0,0,0,1,0,1,0,0,0,0,0,0,0,0,,0,0,0,0,
2,5.41,0,11.7,23.5,0,0,0,0.65,0,0,0,0,-25,0,0,0,0,-0.00229183,0,0,0,0,0,0,0,0,0,1,69,53,0,0.00034,0.00034,3,5,0,0,0,0,0,0,0,0,0,0,1,0,1,0,0,0,0,0,0,0,0,,0,0,0,0,
3,5.81,0,14.3,28,0,0,0,-0.45,0,0,0,0,-19.5,0,0,0,0,-0.00229183,0,0,0,0,0,0,0,0,0,1,73,53,0,0.00034,0.00034,3,5,0,0,0,0,0,0,0,0,0,0,1,0,1,0,0,0,0,0,0,0,0,,0,0,0,0,
END,Total:4
START,FrameNb:253,CameraNb:0,HeSaiNb:0,ARS410Nb:0
2026/08/02 21:35:44:667---->
heightOffset:0,1785677744667,252812,selfCaliBufCnt:0,selfAccObjCnt:0,selfAccAngle:0,installHAngleOffset:0,Interpolation:0,installVAngleOffset:0,radarOffsetH:0,radarOffsetV:0.32,Polynom:-0.001023;-0.0511;-2.047;0;0;0;-0.001023;-0.0511;-2.047;-25.5;0;0,WheelDirection:0;0;0;0,selfAngleOffset:0,selfAngleOffsetPit:0,currCaliAngleHrz:0,currCaliAnglePit:0,selfCaliAngleHrz:0,selfCaliAnglePit:0,servCaliAngleHrz:0,servCaliAnglePit:0,offlineCaliAngleHrz:0,offlineCaliAnglePit:0,determine2useFlag:0,IMU_Z_Accel:-21.592,IMU_X_AngularRate:-2.093,IMU_Y_AngularRate:-2.093,IMU_RollAngle:-180,IMU_PitchAngle:-180,IMU_YawAngle:-180,FcwID:0,FCWWarningLevel:0,FCWTTC:0
0,1.98,0,16.55,37.5,0,0,0,7.7,1.25452e-34,0,0,0,-7,0,0,0,0,-0.00229183,0,0,0,0,0,0,0,0,0,1,87,60,0,0.00034,0.00034,3,5,0,0,0,0,0,0,0,0,0,0,1,0,0,0,0,0,0,0,0,0,0,,0,0,0,0,
1,2.75,0,-8.5,29,0,0,0,-14.45,0,0,0,0,-18,0,0,0,0,-0.00229183,0,0,0,0,0,0,0,0,0,1,78,60,0,0.00034,0.00034,3,5,0,0,0,0,0,0,0,0,0,0,1,0,0,0,0,0,0,0,0,0,0,,0,0,0,0,
2,3.37,0,14.7,40,0,0,0,4.9,0,0,0,0,-5.5,0,0,0,0,-0.00229183,0,0,0,0,0,0,0,0,0,1,88,60,0,0.00034,0.00034,3,0,0,0,0,0,0,0,0,0,0,0,1,0,0,0,0,0,0,0,0,0,0,,0,0,0,0,
3,5.41,0,-43.8,24,0,0,0,11.25,0,0,0,0,-9.5,0,0,0,0,-0.00229183,0,0,0,0,0,0,0,0,0,1,69,60,0,0.00034,0.00034,3,5,0,0,0,0,0,0,0,0,0,0,1,0,0,0,0,0,0,0,0,0,0,,0,0,0,0,
4,5.81,0,-44.05,28,0,0,0,6.2,0,0,0,0,-4,0,0,0,0,-0.00229183,0,0,0,0,0,0,0,0,0,1,73,60,0,0.00034,0.00034,3,5,0,0,0,0,0,0,0,0,0,0,1,0,0,0,0,0,0,0,0,0,0,,0,0,0,0,
END,Total:5
START,FrameNb:254,CameraNb:0,HeSaiNb:0,ARS410Nb:0
2026/08/02 21:35:44:725---->
heightOffset:0,1785677744725,252876,selfCaliBufCnt:0,selfAccObjCnt:0,selfAccAngle:0,installHAngleOffset:0,Interpolation:0,installVAngleOffset:0,radarOffsetH:0,radarOffsetV:0.32,Polynom:-0.001023;-0.0511;-2.047;0;0;0;-0.001023;-0.0511;-2.047;-25.5;0;0,WheelDirection:0;0;0;0,selfAngleOffset:0,selfAngleOffsetPit:0,currCaliAngleHrz:0,currCaliAnglePit:0,selfCaliAngleHrz:0,selfCaliAnglePit:0,servCaliAngleHrz:0,servCaliAnglePit:0,offlineCaliAngleHrz:0,offlineCaliAnglePit:0,determine2useFlag:0,IMU_Z_Accel:-21.592,IMU_X_AngularRate:-2.093,IMU_Y_AngularRate:-2.093,IMU_RollAngle:-180,IMU_PitchAngle:-180,IMU_YawAngle:-180,FcwID:0,FCWWarningLevel:0,FCWTTC:0
0,1.99,0,16.55,37.5,0,0,0,7.7,1.25452e-34,0,0,0,-7,0,0,0,0,-0.00229183,0,0,0,0,0,0,0,0,0,1,87,59,0,0.00034,0.00034,3,5,0,0,0,0,0,0,0,0,0,0,1,0,1,0,0,0,0,0,0,0,0,,0,0,0,0,
1,3.37,0,14.7,40,0,0,0,4.9,0,0,0,0,-5.5,0,0,0,0,-0.00229183,0,0,0,0,0,0,0,0,0,1,88,59,0,0.00034,0.00034,3,0,0,0,0,0,0,0,0,0,0,0,1,0,1,0,0,0,0,0,0,0,0,,0,0,0,0,
2,5.41,0,-44.1,24,0,0,0,-11.05,0,0,0,0,-9,0,0,0,0,-0.00229183,0,0,0,0,0,0,0,0,0,1,69,59,0,0.00034,0.00034,3,5,0,0,0,0,0,0,0,0,0,0,1,0,1,0,0,0,0,0,0,0,0,,0,0,0,0,
3,5.82,0,-44.2,28,0,0,0,6,0,0,0,0,-4.5,0,0,0,0,-0.00229183,0,0,0,0,0,0,0,0,0,1,73,59,0,0.00034,0.00034,3,5,0,0,0,0,0,0,0,0,0,0,1,0,1,0,0,0,0,0,0,0,0,,0,0,0,0,
END,Total:4
START,FrameNb:255,CameraNb:0,HeSaiNb:0,ARS410Nb:0
2026/08/02 21:35:44:780---->
heightOffset:0,1785677744780,252928,selfCaliBufCnt:0,selfAccObjCnt:0,selfAccAngle:0,installHAngleOffset:0,Interpolation:0,installVAngleOffset:0,radarOffsetH:0,radarOffsetV:0.32,Polynom:-0.001023;-0.0511;-2.047;0;0;0;-0.001023;-0.0511;-2.047;-25.5;0;0,WheelDirection:0;0;0;0,selfAngleOffset:0,selfAngleOffsetPit:0,currCaliAngleHrz:0,currCaliAnglePit:0,selfCaliAngleHrz:0,selfCaliAnglePit:0,servCaliAngleHrz:0,servCaliAnglePit:0,offlineCaliAngleHrz:0,offlineCaliAnglePit:0,determine2useFlag:0,IMU_Z_Accel:-21.592,IMU_X_AngularRate:-2.093,IMU_Y_AngularRate:-2.093,IMU_RollAngle:-180,IMU_PitchAngle:-180,IMU_YawAngle:-180,FcwID:0,FCWWarningLevel:0,FCWTTC:0
0,1.98,0,16.55,38,0,0,0,7.7,1.25452e-34,0,0,0,-7,0,0,0,0,-0.00229183,0,0,0,0,0,0,0,0,0,1,87,57,0,0.00034,0.00034,3,5,0,0,0,0,0,0,0,0,0,0,1,0,0,0,0,0,0,0,0,0,0,,0,0,0,0,
1,3.36,0,14.6,40,0,0,0,4.4,0,0,0,0,-5.5,0,0,0,0,-0.00229183,0,0,0,0,0,0,0,0,0,1,88,57,0,0.00034,0.00034,3,0,0,0,0,0,0,0,0,0,0,0,1,0,0,0,0,0,0,0,0,0,0,,0,0,0,0,
2,5.41,0,-43.95,24,0,0,0,11.75,0,0,0,0,-10,0,0,0,0,-0.00229183,0,0,0,0,0,0,0,0,0,1,69,57,0,0.00034,0.00034,3,5,0,0,0,0,0,0,0,0,0,0,1,0,0,0,0,0,0,0,0,0,0,,0,0,0,0,
3,5.81,0,14.05,28.5,0,0,0,-0.45,0,0,0,0,-19,0,0,0,0,-0.00229183,0,0,0,0,0,0,0,0,0,1,73,57,0,0.00034,0.00034,2,-1,0,0,0,0,0,0,0,0,0,0,1,0,0,0,0,0,0,0,0,0,0,,0,0,0,0,
END,Total:4
START,FrameNb:256,CameraNb:0,HeSaiNb:0,ARS410Nb:0
2026/08/02 21:35:44:842---->
heightOffset:0,1785677744842,252988,selfCaliBufCnt:0,selfAccObjCnt:0,selfAccAngle:0,installHAngleOffset:0,Interpolation:0,installVAngleOffset:0,radarOffsetH:0,radarOffsetV:0.32,Polynom:-0.001023;-0.0511;-2.047;0;0;0;-0.001023;-0.0511;-2.047;-25.5;0;0,WheelDirection:0;0;0;0,selfAngleOffset:0,selfAngleOffsetPit:0,currCaliAngleHrz:0,currCaliAnglePit:0,selfCaliAngleHrz:0,selfCaliAnglePit:0,servCaliAngleHrz:0,servCaliAnglePit:0,offlineCaliAngleHrz:0,offlineCaliAnglePit:0,determine2useFlag:0,IMU_Z_Accel:-21.592,IMU_X_AngularRate:-2.093,IMU_Y_AngularRate:-2.093,IMU_RollAngle:-180,IMU_PitchAngle:-180,IMU_YawAngle:-180,FcwID:0,FCWWarningLevel:0,FCWTTC:0
0,1.98,0,16.55,38,0,0,0,7.7,1.25452e-34,0,0,0,-7,0,0,0,0,-0.00229183,0,0,0,0,0,0,0,0,0,1,87,54,0,0.00034,0.00034,3,5,0,0,0,0,0,0,0,0,0,0,1,0,1,0,0,0,0,0,0,0,0,,0,0,0,0,
1,3.36,0,14.6,40,0,0,0,4.25,0,0,0,0,-5.5,0,0,0,0,-0.00229183,0,0,0,0,0,0,0,0,0,1,88,54,0,0.00034,0.00034,3,0,0,0,0,0,0,0,0,0,0,0,1,0,1,0,0,0,0,0,0,0,0,,0,0,0,0,
2,5.81,0,-44.2,28.5,0,0,0,6.15,0,0,0,0,-4,0,0,0,0,-0.00229183,0,0,0,0,0,0,0,0,0,1,73,54,0,0.00034,0.00034,3,5,0,0,0,0,0,0,0,0,0,0,1,0,1,0,0,0,0,0,0,0,0,,0,0,0,0,
END,Total:3
START,FrameNb:257,CameraNb:0,HeSaiNb:0,ARS410Nb:0
2026/08/02 21:35:44:904---->
heightOffset:0,1785677744904,253040,selfCaliBufCnt:0,selfAccObjCnt:0,selfAccAngle:0,installHAngleOffset:0,Interpolation:0,installVAngleOffset:0,radarOffsetH:0,radarOffsetV:0.32,Polynom:-0.001023;-0.0511;-2.047;0;0;0;-0.001023;-0.0511;-2.047;-25.5;0;0,WheelDirection:0;0;0;0,selfAngleOffset:0,selfAngleOffsetPit:0,currCaliAngleHrz:0,currCaliAnglePit:0,selfCaliAngleHrz:0,selfCaliAnglePit:0,servCaliAngleHrz:0,servCaliAnglePit:0,offlineCaliAngleHrz:0,offlineCaliAnglePit:0,determine2useFlag:0,IMU_Z_Accel:-21.592,IMU_X_AngularRate:-2.093,IMU_Y_AngularRate:-2.093,IMU_RollAngle:-180,IMU_PitchAngle:-180,IMU_YawAngle:-180,FcwID:0,FCWWarningLevel:0,FCWTTC:0
0,1.98,0,16.55,37.5,0,0,0,7.65,1.25452e-34,0,0,0,-7,0,0,0,0,-0.00229183,0,0,0,0,0,0,0,0,0,1,87,57,0,0.00034,0.00034,3,5,0,0,0,0,0,0,0,0,0,0,1,0,0,0,0,0,0,0,0,0,0,,0,0,0,0,
1,2.76,0,-8.7,29.5,0,0,0,-14.35,0,0,0,0,-17.5,0,0,0,0,-0.00229183,0,0,0,0,0,0,0,0,0,1,79,57,0,0.00034,0.00034,3,5,0,0,0,0,0,0,0,0,0,0,1,0,0,0,0,0,0,0,0,0,0,,0,0,0,0,
2,3.36,0,14.45,40,0,0,0,4.3,0,0,0,0,-5.5,0,0,0,0,-0.00229183,0,0,0,0,0,0,0,0,0,1,88,57,0,0.00034,0.00034,3,0,0,0,0,0,0,0,0,0,0,0,1,0,0,0,0,0,0,0,0,0,0,,0,0,0,0,
3,5.41,0,11.55,24,0,0,0,1.25,0,0,0,0,-24.5,0,0,0,0,-0.00229183,0,0,0,0,0,0,0,0,0,1,69,57,0,0.00034,0.00034,3,5,0,0,0,0,0,0,0,0,0,0,1,0,0,0,0,0,0,0,0,0,0,,0,0,0,0,
4,5.8,0,-44.1,28.5,0,0,0,6.05,0,0,0,0,-4,0,0,0,0,-0.00229183,0,0,0,0,0,0,0,0,0,1,73,57,0,0.00034,0.00034,3,5,0,0,0,0,0,0,0,0,0,0,1,0,0,0,0,0,0,0,0,0,0,,0,0,0,0,
END,Total:5
START,FrameNb:258,CameraNb:0,HeSaiNb:0,ARS410Nb:0
2026/08/02 21:35:44:973---->
heightOffset:0,1785677744973,253096,selfCaliBufCnt:0,selfAccObjCnt:0,selfAccAngle:0,installHAngleOffset:0,Interpolation:0,installVAngleOffset:0,radarOffsetH:0,radarOffsetV:0.32,Polynom:-0.001023;-0.0511;-2.047;0;0;0;-0.001023;-0.0511;-2.047;-25.5;0;0,WheelDirection:0;0;0;0,selfAngleOffset:0,selfAngleOffsetPit:0,currCaliAngleHrz:0,currCaliAnglePit:0,selfCaliAngleHrz:0,selfCaliAnglePit:0,servCaliAngleHrz:0,servCaliAnglePit:0,offlineCaliAngleHrz:0,offlineCaliAnglePit:0,determine2useFlag:0,IMU_Z_Accel:-21.592,IMU_X_AngularRate:-2.093,IMU_Y_AngularRate:-2.093,IMU_RollAngle:-180,IMU_PitchAngle:-180,IMU_YawAngle:-180,FcwID:0,FCWWarningLevel:0,FCWTTC:0
0,1.98,0,16.55,37.5,0,0,0,7.7,1.25452e-34,0,0,0,-7,0,0,0,0,-0.00229183,0,0,0,0,0,0,0,0,0,1,87,54,0,0.00034,0.00034,3,5,0,0,0,0,0,0,0,0,0,0,1,0,1,0,0,0,0,0,0,0,0,,0,0,0,0,
1,2.75,0,-22.9,29,0,0,0,4.55,0,0,0,0,-13.5,0,0,0,0,-0.00229183,0,0,0,0,0,0,0,0,0,1,79,54,0,0.00034,0.00034,2,-1,0,0,0,0,0,0,0,0,0,0,1,0,1,0,0,0,0,0,0,0,0,,0,0,0,0,
2,3.36,0,14.45,40,0,0,0,4.55,0,0,0,0,-5.5,0,0,0,0,-0.00229183,0,0,0,0,0,0,0,0,0,1,89,54,0,0.00034,0.00034,3,0,0,0,0,0,0,0,0,0,0,0,1,0,1,0,0,0,0,0,0,0,0,,0,0,0,0,
3,3.85,0,15.3,21.5,0,0,0,7.2,0,0,0,0,-23,0,0,0,0,-0.00229183,0,0,0,0,0,0,0,0,0,1,70,54,0,0.00034,0.00034,3,5,0,0,0,0,0,0,0,0,0,0,1,0,1,0,0,0,0,0,0,0,0,,0,0,0,0,
4,5.81,0,14.3,28.5,0,0,0,-0.7,0,0,0,0,-19,0,0,0,0,-0.00229183,0,0,0,0,0,0,0,0,0,1,73,54,0,0.00034,0.00034,3,5,0,0,0,0,0,0,0,0,0,0,1,0,1,0,0,0,0,0,0,0,0,,0,0,0,0,
END,Total:5
START,FrameNb:259,CameraNb:0,HeSaiNb:0,ARS410Nb:0
2026/08/02 21:35:45:026---->
heightOffset:0,1785677745026,253152,selfCaliBufCnt:0,selfAccObjCnt:0,selfAccAngle:0,installHAngleOffset:0,Interpolation:0,installVAngleOffset:0,radarOffsetH:0,radarOffsetV:0.32,Polynom:-0.001023;-0.0511;-2.047;0;0;0;-0.001023;-0.0511;-2.047;-25.5;0;0,WheelDirection:0;0;0;0,selfAngleOffset:0,selfAngleOffsetPit:0,currCaliAngleHrz:0,currCaliAnglePit:0,selfCaliAngleHrz:0,selfCaliAnglePit:0,servCaliAngleHrz:0,servCaliAnglePit:0,offlineCaliAngleHrz:0,offlineCaliAnglePit:0,determine2useFlag:0,IMU_Z_Accel:-21.592,IMU_X_AngularRate:-2.093,IMU_Y_AngularRate:-2.093,IMU_RollAngle:-180,IMU_PitchAngle:-180,IMU_YawAngle:-180,FcwID:0,FCWWarningLevel:0,FCWTTC:0
0,1.98,0,16.55,38,0,0,0,7.7,1.25452e-34,0,0,0,-7,0,0,0,0,-0.00229183,0,0,0,0,0,0,0,0,0,1,87,57,0,0.00034,0.00034,3,5,0,0,0,0,0,0,0,0,0,0,1,0,0,0,0,0,0,0,0,0,0,,0,0,0,0,
1,2.75,0,-22.7,29.5,0,0,0,-6.2,0,0,0,0,-13.5,0,0,0,0,-0.00229183,0,0,0,0,0,0,0,0,0,1,79,57,0,0.00034,0.00034,3,5,0,0,0,0,0,0,0,0,0,0,1,0,0,0,0,0,0,0,0,0,0,,0,0,0,0,
2,3.36,0,14.5,40,0,0,0,4.7,0,0,0,0,-5.5,0,0,0,0,-0.00229183,0,0,0,0,0,0,0,0,0,1,89,57,0,0.00034,0.00034,3,0,0,0,0,0,0,0,0,0,0,0,1,0,0,0,0,0,0,0,0,0,0,,0,0,0,0,
3,5.41,0,11.6,24,0,0,0,11.55,0,0,0,0,-24.5,0,0,0,0,-0.00229183,0,0,0,0,0,0,0,0,0,1,69,57,0,0.00034,0.00034,3,5,0,0,0,0,0,0,0,0,0,0,1,0,0,0,0,0,0,0,0,0,0,,0,0,0,0,
4,5.81,0,-44,28,0,0,0,5.75,0,0,0,0,-4,0,0,0,0,-0.00229183,0,0,0,0,0,0,0,0,0,1,73,57,0,0.00034,0.00034,3,5,0,0,0,0,0,0,0,0,0,0,1,0,0,0,0,0,0,0,0,0,0,,0,0,0,0,
END,Total:5
START,FrameNb:260,CameraNb:0,HeSaiNb:0,ARS410Nb:0
2026/08/02 21:35:45:081---->
heightOffset:0,1785677745081,253212,selfCaliBufCnt:0,selfAccObjCnt:0,selfAccAngle:0,installHAngleOffset:0,Interpolation:0,installVAngleOffset:0,radarOffsetH:0,radarOffsetV:0.32,Polynom:-0.001023;-0.0511;-2.047;0;0;0;-0.001023;-0.0511;-2.047;-25.5;0;0,WheelDirection:0;0;0;0,selfAngleOffset:0,selfAngleOffsetPit:0,currCaliAngleHrz:0,currCaliAnglePit:0,selfCaliAngleHrz:0,selfCaliAnglePit:0,servCaliAngleHrz:0,servCaliAnglePit:0,offlineCaliAngleHrz:0,offlineCaliAnglePit:0,determine2useFlag:0,IMU_Z_Accel:-21.592,IMU_X_AngularRate:-2.093,IMU_Y_AngularRate:-2.093,IMU_RollAngle:-180,IMU_PitchAngle:-180,IMU_YawAngle:-180,FcwID:0,FCWWarningLevel:0,FCWTTC:0
0,1.98,0,16.55,38,0,0,0,7.7,1.25452e-34,0,0,0,-7,0,0,0,0,-0.00229183,0,0,0,0,0,0,0,0,0,1,87,54,0,0.00034,0.00034,3,5,0,0,0,0,0,0,0,0,0,0,1,0,1,0,0,0,0,0,0,0,0,,0,0,0,0,
1,2.76,0,-22.85,29.5,0,0,0,-6.05,0,0,0,0,-13.5,0,0,0,0,-0.00229183,0,0,0,0,0,0,0,0,0,1,79,54,0,0.00034,0.00034,3,5,0,0,0,0,0,0,0,0,0,0,1,0,1,0,0,0,0,0,0,0,0,,0,0,0,0,
2,3.38,0,14.7,40,0,0,0,4.7,0,0,0,0,-5.5,0,0,0,0,-0.00229183,0,0,0,0,0,0,0,0,0,1,88,54,0,0.00034,0.00034,3,0,0,0,0,0,0,0,0,0,0,0,1,0,1,0,0,0,0,0,0,0,0,,0,0,0,0,
3,5.81,0,-44.5,27.5,0,0,0,6.15,0,0,0,0,-4.5,0,0,0,0,-0.00229183,0,0,0,0,0,0,0,0,0,1,73,54,0,0.00034,0.00034,3,5,0,0,0,0,0,0,0,0,0,0,1,0,1,0,0,0,0,0,0,0,0,,0,0,0,0,
END,Total:4
START,FrameNb:261,CameraNb:0,HeSaiNb:0,ARS410Nb:0
2026/08/02 21:35:45:153---->
heightOffset:0,1785677745153,253268,selfCaliBufCnt:0,selfAccObjCnt:0,selfAccAngle:0,installHAngleOffset:0,Interpolation:0,installVAngleOffset:0,radarOffsetH:0,radarOffsetV:0.32,Polynom:-0.001023;-0.0511;-2.047;0;0;0;-0.001023;-0.0511;-2.047;-25.5;0;0,WheelDirection:0;0;0;0,selfAngleOffset:0,selfAngleOffsetPit:0,currCaliAngleHrz:0,currCaliAnglePit:0,selfCaliAngleHrz:0,selfCaliAnglePit:0,servCaliAngleHrz:0,servCaliAnglePit:0,offlineCaliAngleHrz:0,offlineCaliAnglePit:0,determine2useFlag:0,IMU_Z_Accel:-21.592,IMU_X_AngularRate:-2.093,IMU_Y_AngularRate:-2.093,IMU_RollAngle:-180,IMU_PitchAngle:-180,IMU_YawAngle:-180,FcwID:0,FCWWarningLevel:0,FCWTTC:0
0,1.98,0,16.55,37.5,0,0,0,7.65,1.25452e-34,0,0,0,-7,0,0,0,0,-0.00229183,0,0,0,0,0,0,0,0,0,1,87,65,0,0.00034,0.00034,3,5,0,0,0,0,0,0,0,0,0,0,1,0,0,0,0,0,0,0,0,0,0,,0,0,0,0,
1,2.6,0,16.8,29,0,0,0,15,0,0,0,0,-15.5,0,0,0,0,-0.00229183,0,0,0,0,0,0,0,0,0,1,78,65,0,0.00034,0.00034,3,5,0,0,0,0,0,0,0,0,0,0,1,0,0,0,0,0,0,0,0,0,0,,0,0,0,0,
2,3.37,0,14.7,40,0,0,0,4.9,0,0,0,0,-5.5,0,0,0,0,-0.00229183,0,0,0,0,0,0,0,0,0,1,88,65,0,0.00034,0.00034,3,0,0,0,0,0,0,0,0,0,0,0,1,0,0,0,0,0,0,0,0,0,0,,0,0,0,0,
3,5.41,0,-44.3,23.5,0,0,0,7,0,0,0,0,-9,0,0,0,0,-0.00229183,0,0,0,0,0,0,0,0,0,1,69,65,0,0.00034,0.00034,3,5,0,0,0,0,0,0,0,0,0,0,1,0,0,0,0,0,0,0,0,0,0,,0,0,0,0,
4,5.81,0,-45.2,27.5,0,0,0,6.25,0,0,0,0,-3.5,0,0,0,0,-0.00229183,0,0,0,0,0,0,0,0,0,1,73,65,0,0.00034,0.00034,3,5,0,0,0,0,0,0,0,0,0,0,1,0,0,0,0,0,0,0,0,0,0,,0,0,0,0,
END,Total:5
START,FrameNb:262,CameraNb:0,HeSaiNb:0,ARS410Nb:0
2026/08/02 21:35:45:172---->
heightOffset:0,1785677745172,253328,selfCaliBufCnt:0,selfAccObjCnt:0,selfAccAngle:0,installHAngleOffset:0,Interpolation:0,installVAngleOffset:0,radarOffsetH:0,radarOffsetV:0.32,Polynom:-0.001023;-0.0511;-2.047;0;0;0;-0.001023;-0.0511;-2.047;-25.5;0;0,WheelDirection:0;0;0;0,selfAngleOffset:0,selfAngleOffsetPit:0,currCaliAngleHrz:0,currCaliAnglePit:0,selfCaliAngleHrz:0,selfCaliAnglePit:0,servCaliAngleHrz:0,servCaliAnglePit:0,offlineCaliAngleHrz:0,offlineCaliAnglePit:0,determine2useFlag:0,IMU_Z_Accel:-21.592,IMU_X_AngularRate:-2.093,IMU_Y_AngularRate:-2.093,IMU_RollAngle:-180,IMU_PitchAngle:-180,IMU_YawAngle:-180,FcwID:0,FCWWarningLevel:0,FCWTTC:0
0,1.98,0,16.55,38,0,0,0,7.7,1.25452e-34,0,0,0,-7,0,0,0,0,-0.00229183,0,0,0,0,0,0,0,0,0,1,87,55,0,0.00034,0.00034,3,5,0,0,0,0,0,0,0,0,0,0,1,0,1,0,0,0,0,0,0,0,0,,0,0,0,0,
1,3.36,0,14.55,40,0,0,0,4.4,0,0,0,0,-5.5,0,0,0,0,-0.00229183,0,0,0,0,0,0,0,0,0,1,88,55,0,0.00034,0.00034,3,0,0,0,0,0,0,0,0,0,0,0,1,0,1,0,0,0,0,0,0,0,0,,0,0,0,0,
2,5.81,0,14.2,28,0,0,0,-0.45,0,0,0,0,-19.5,0,0,0,0,-0.00229183,0,0,0,0,0,0,0,0,0,1,73,55,0,0.00034,0.00034,2,-1,0,0,0,0,0,0,0,0,0,0,1,0,1,0,0,0,0,0,0,0,0,,0,0,0,0,
END,Total:3
START,FrameNb:263,CameraNb:0,HeSaiNb:0,ARS410Nb:0
2026/08/02 21:35:45:230---->
heightOffset:0,1785677745230,253380,selfCaliBufCnt:0,selfAccObjCnt:0,selfAccAngle:0,installHAngleOffset:0,Interpolation:0,installVAngleOffset:0,radarOffsetH:0,radarOffsetV:0.32,Polynom:-0.001023;-0.0511;-2.047;0;0;0;-0.001023;-0.0511;-2.047;-25.5;0;0,WheelDirection:0;0;0;0,selfAngleOffset:0,selfAngleOffsetPit:0,currCaliAngleHrz:0,currCaliAnglePit:0,selfCaliAngleHrz:0,selfCaliAnglePit:0,servCaliAngleHrz:0,servCaliAnglePit:0,offlineCaliAngleHrz:0,offlineCaliAnglePit:0,determine2useFlag:0,IMU_Z_Accel:-21.592,IMU_X_AngularRate:-2.093,IMU_Y_AngularRate:-2.093,IMU_RollAngle:-180,IMU_PitchAngle:-180,IMU_YawAngle:-180,FcwID:0,FCWWarningLevel:0,FCWTTC:0
0,1.98,0,16.55,38,0,0,0,7.7,1.25452e-34,0,0,0,-7,0,0,0,0,-0.00229183,0,0,0,0,0,0,0,0,0,1,87,58,0,0.00034,0.00034,3,5,0,0,0,0,0,0,0,0,0,0,1,0,0,0,0,0,0,0,0,0,0,,0,0,0,0,
1,2.75,0,16.7,28.5,0,0,0,15,0,0,0,0,-15.5,0,0,0,0,-0.00229183,0,0,0,0,0,0,0,0,0,1,78,58,0,0.00034,0.00034,3,5,0,0,0,0,0,0,0,0,0,0,1,0,0,0,0,0,0,0,0,0,0,,0,0,0,0,
2,3.37,0,14.65,40,0,0,0,4.9,0,0,0,0,-5.5,0,0,0,0,-0.00229183,0,0,0,0,0,0,0,0,0,1,88,58,0,0.00034,0.00034,3,0,0,0,0,0,0,0,0,0,0,0,1,0,0,0,0,0,0,0,0,0,0,,0,0,0,0,
3,5.8,0,14.05,28,0,0,0,-0.45,0,0,0,0,-19.5,0,0,0,0,-0.00229183,0,0,0,0,0,0,0,0,0,1,73,58,0,0.00034,0.00034,3,5,0,0,0,0,0,0,0,0,0,0,1,0,0,0,0,0,0,0,0,0,0,,0,0,0,0,
END,Total:4
START,FrameNb:264,CameraNb:0,HeSaiNb:0,ARS410Nb:0
2026/08/02 21:35:45:292---->
heightOffset:0,1785677745292,253440,selfCaliBufCnt:0,selfAccObjCnt:0,selfAccAngle:0,installHAngleOffset:0,Interpolation:0,installVAngleOffset:0,radarOffsetH:0,radarOffsetV:0.32,Polynom:-0.001023;-0.0511;-2.047;0;0;0;-0.001023;-0.0511;-2.047;-25.5;0;0,WheelDirection:0;0;0;0,selfAngleOffset:0,selfAngleOffsetPit:0,currCaliAngleHrz:0,currCaliAnglePit:0,selfCaliAngleHrz:0,selfCaliAnglePit:0,servCaliAngleHrz:0,servCaliAnglePit:0,offlineCaliAngleHrz:0,offlineCaliAnglePit:0,determine2useFlag:0,IMU_Z_Accel:-21.592,IMU_X_AngularRate:-2.093,IMU_Y_AngularRate:-2.093,IMU_RollAngle:-180,IMU_PitchAngle:-180,IMU_YawAngle:-180,FcwID:0,FCWWarningLevel:0,FCWTTC:0
0,1.99,0,16.55,38,0,0,0,7.7,1.25452e-34,0,0,0,-7,0,0,0,0,-0.00229183,0,0,0,0,0,0,0,0,0,1,87,53,0,0.00034,0.00034,3,5,0,0,0,0,0,0,0,0,0,0,1,0,1,0,0,0,0,0,0,0,0,,0,0,0,0,
1,2.76,0,16.7,29,0,0,0,15,0,0,0,0,-15.5,0,0,0,0,-0.00229183,0,0,0,0,0,0,0,0,0,1,78,53,0,0.00034,0.00034,3,5,0,0,0,0,0,0,0,0,0,0,1,0,1,0,0,0,0,0,0,0,0,,0,0,0,0,
2,3.36,0,14.65,40,0,0,0,4.4,0,0,0,0,-5.5,0,0,0,0,-0.00229183,0,0,0,0,0,0,0,0,0,1,89,53,0,0.00034,0.00034,3,0,0,0,0,0,0,0,0,0,0,0,1,0,1,0,0,0,0,0,0,0,0,,0,0,0,0,
3,5.81,0,14.2,28,0,0,0,-0.45,0,0,0,0,-19.5,0,0,0,0,-0.00229183,0,0,0,0,0,0,0,0,0,1,73,53,0,0.00034,0.00034,3,5,0,0,0,0,0,0,0,0,0,0,1,0,1,0,0,0,0,0,0,0,0,,0,0,0,0,
END,Total:4
START,FrameNb:265,CameraNb:0,HeSaiNb:0,ARS410Nb:0
2026/08/02 21:35:45:404---->
heightOffset:0,1785677745404,253492,selfCaliBufCnt:0,selfAccObjCnt:0,selfAccAngle:0,installHAngleOffset:0,Interpolation:0,installVAngleOffset:0,radarOffsetH:0,radarOffsetV:0.32,Polynom:-0.001023;-0.0511;-2.047;0;0;0;-0.001023;-0.0511;-2.047;-25.5;0;0,WheelDirection:0;0;0;0,selfAngleOffset:0,selfAngleOffsetPit:0,currCaliAngleHrz:0,currCaliAnglePit:0,selfCaliAngleHrz:0,selfCaliAnglePit:0,servCaliAngleHrz:0,servCaliAnglePit:0,offlineCaliAngleHrz:0,offlineCaliAnglePit:0,determine2useFlag:0,IMU_Z_Accel:-21.592,IMU_X_AngularRate:-2.093,IMU_Y_AngularRate:-2.093,IMU_RollAngle:-180,IMU_PitchAngle:-180,IMU_YawAngle:-180,FcwID:0,FCWWarningLevel:0,FCWTTC:0
0,1.98,0,16.55,37.5,0,0,0,7.7,1.25452e-34,0,0,0,-7,0,0,0,0,-0.00229183,0,0,0,0,0,0,0,0,0,1,87,57,0,0.00034,0.00034,3,5,0,0,0,0,0,0,0,0,0,0,1,0,0,0,0,0,0,0,0,0,0,,0,0,0,0,
1,2.75,0,16.85,28.5,0,0,0,15,0,0,0,0,-15.5,0,0,0,0,-0.00229183,0,0,0,0,0,0,0,0,0,1,78,57,0,0.00034,0.00034,3,5,0,0,0,0,0,0,0,0,0,0,1,0,0,0,0,0,0,0,0,0,0,,0,0,0,0,
2,3.37,0,14.7,40,0,0,0,4.8,0,0,0,0,-5.5,0,0,0,0,-0.00229183,0,0,0,0,0,0,0,0,0,1,88,57,0,0.00034,0.00034,3,0,0,0,0,0,0,0,0,0,0,0,1,0,0,0,0,0,0,0,0,0,0,,0,0,0,0,
3,5.81,0,-44.15,27.5,0,0,0,6.15,0,0,0,0,-4.5,0,0,0,0,-0.00229183,0,0,0,0,0,0,0,0,0,1,73,57,0,0.00034,0.00034,3,5,0,0,0,0,0,0,0,0,0,0,1,0,0,0,0,0,0,0,0,0,0,,0,0,0,0,
END,Total:4




BB Hw:V3.1.9.1,app Fw:V6.4.23.11.0.0,boot Fw:V6.4.23.6.0.0,PA cali Fw:V6.4.23.6.0.0,CT_RadarTool FW:V7.0,Can CH:1.4.6.3,Can rate:0,CarSpeedMode:0,
