ObjId,range,speed,angle,snr,Kstate,OboCarSpeed,heigh,heighAngle,X,Y,EstimateCarSpeed,EstimateMagCarSpeed,RCS,WheelSpdFl,WheelSpdFR,WheelSpdRL,WheelSpdRR,YawRate,frameIntervalTimeZ4,SelfCalcAngle,SenceFlag,SortFlag,trkReiablility,RadiusCurvature,Xaccel,Yaccel,noise,using,DbfMag,FrameIntervalTime,installAngleOffset,VehLatAcc,VehLongAcc,matchFlag,tag,deltaRange,clusterID,idx,objLen,weight,MeasCounter,MAtr,SteeringAngle,SteeringAngleSpd,EstCarSpeed,Gear,isDmlMode,waveType,sideSlobe0,sideSlobe1,sideSlobe2,peakNum1,peakNum2,AlgTeam,ObstacleProb,scene,errorCode,FlagJam,FlagTunnelFence,FlagFenceScene,FlagBarnScene
START,FrameNb:0,CameraNb:0,HeSaiNb:0,ARS410Nb:0
2026/08/02 21:39:26:327---->
heightOffset:0,1785677966327,474452,selfCaliBufCnt:0,selfAccObjCnt:0,selfAccAngle:0,installHAngleOffset:0,Interpolation:0,installVAngleOffset:0,radarOffsetH:0,radarOffsetV:0.32,Polynom:-0.001023;-0.0511;-2.047;0;0;0;-0.001023;-0.0511;-2.047;-25.5;0;0,WheelDirection:0;0;0;0,selfAngleOffset:0,selfAngleOffsetPit:0,currCaliAngleHrz:0,currCaliAnglePit:0,selfCaliAngleHrz:0,selfCaliAnglePit:0,servCaliAngleHrz:0,servCaliAnglePit:0,offlineCaliAngleHrz:0,offlineCaliAnglePit:0,determine2useFlag:0,IMU_Z_Accel:-21.592,IMU_X_AngularRate:-2.093,IMU_Y_AngularRate:-2.093,IMU_RollAngle:-180,IMU_PitchAngle:-180,IMU_YawAngle:-180,FcwID:0,FCWWarningLevel:0,FCWTTC:0
0,1.99,0,16.55,38,0,0,0,7.7,1.25452e-34,0,0,0,-7,0,0,0,0,-0.00229183,0,0,0,0,0,0,0,0,0,1,87,53,0,0.00034,0.00034,3,5,0,0,0,0,0,0,0,0,0,0,1,0,1,0,0,0,0,0,0,0,0,,0,0,0,0,
1,2.76,0,-8.8,29,0,0,0,-13.85,0,0,0,0,-18,0,0,0,0,-0.00229183,0,0,0,0,0,0,0,0,0,1,78,53,0,0.00034,0.00034,3,5,0,0,0,0,0,0,0,0,0,0,1,0,1,0,0,0,0,0,0,0,0,,0,0,0,0,
2,3.36,0,14.55,40.5,0,0,0,4.05,0,0,0,0,-5,0,0,0,0,-0.00229183,0,0,0,0,0,0,0,0,0,1,89,53,0,0.00034,0.00034,3,0,0,0,0,0,0,0,0,0,0,0,1,0,1,0,0,0,0,0,0,0,0,,0,0,0,0,
3,5.19,0,23.4,21,0,0,0,10,0,0,0,0,-21.5,0,0,0,0,-0.00229183,0,0,0,0,0,0,0,0,0,1,67,53,0,0.00034,0.00034,3,5,0,0,0,0,0,0,0,0,0,0,1,0,1,0,0,0,0,0,0,0,0,,0,0,0,0,
4,5.77,0,10.45,29,0,0,0,-1.1,0,0,0,0,-19.5,0,0,0,0,-0.00229183,0,0,0,0,0,0,0,0,0,1,74,53,0,0.00034,0.00034,3,5,0,0,0,0,0,0,0,0,0,0,1,0,1,0,0,0,0,0,0,0,0,,0,0,0,0,
5,6.03,0,17.45,28,0,0,0,-2.85,0,0,0,0,-17,0,0,0,0,-0.00229183,0,0,0,0,0,0,0,0,0,1,73,53,0,0.00034,0.00034,3,5,0,0,0,0,0,0,0,0,0,0,1,0,1,0,0,0,0,0,0,0,0,,0,0,0,0,
END,Total:6
START,FrameNb:1,CameraNb:0,HeSaiNb:0,ARS410Nb:0
2026/08/02 21:39:26:383---->
heightOffset:0,1785677966383,474504,selfCaliBufCnt:0,selfAccObjCnt:0,selfAccAngle:0,installHAngleOffset:0,Interpolation:0,installVAngleOffset:0,radarOffsetH:0,radarOffsetV:0.32,Polynom:-0.001023;-0.0511;-2.047;0;0;0;-0.001023;-0.0511;-2.047;-25.5;0;0,WheelDirection:0;0;0;0,selfAngleOffset:0,selfAngleOffsetPit:0,currCaliAngleHrz:0,currCaliAnglePit:0,selfCaliAngleHrz:0,selfCaliAnglePit:0,servCaliAngleHrz:0,servCaliAnglePit:0,offlineCaliAngleHrz:0,offlineCaliAnglePit:0,determine2useFlag:0,IMU_Z_Accel:-21.592,IMU_X_AngularRate:-2.093,IMU_Y_AngularRate:-2.093,IMU_RollAngle:-180,IMU_PitchAngle:-180,IMU_YawAngle:-180,FcwID:0,FCWWarningLevel:0,FCWTTC:0
0,1.98,0,16.55,38.5,0,0,0,7.65,1.25452e-34,0,0,0,-6.5,0,0,0,0,-0.00229183,0,0,0,0,0,0,0,0,0,1,87,58,0,0.00034,0.00034,3,5,0,0,0,0,0,0,0,0,0,0,1,0,0,0,0,0,0,0,0,0,0,,0,0,0,0,
1,3.36,0,14.55,40.5,0,0,0,3.9,0,0,0,0,-5,0,0,0,0,-0.00229183,0,0,0,0,0,0,0,0,0,1,89,58,0,0.00034,0.00034,3,0,0,0,0,0,0,0,0,0,0,0,1,0,0,0,0,0,0,0,0,0,0,,0,0,0,0,
2,5.2,0,8.8,22,0,0,0,-2.75,0,0,0,0,-27.5,0,0,0,0,-0.00229183,0,0,0,0,0,0,0,0,0,1,67,58,0,0.00034,0.00034,3,5,0,0,0,0,0,0,0,0,0,0,1,0,0,0,0,0,0,0,0,0,0,,0,0,0,0,
3,5.78,0,10.45,29.5,0,0,0,-1.1,0,0,0,0,-19,0,0,0,0,-0.00229183,0,0,0,0,0,0,0,0,0,1,74,58,0,0.00034,0.00034,3,5,0,0,0,0,0,0,0,0,0,0,1,0,0,0,0,0,0,0,0,0,0,,0,0,0,0,
4,6.21,0,17.5,28,0,0,0,-2.75,0,0,0,0,-16.5,0,0,0,0,-0.00229183,0,0,0,0,0,0,0,0,0,1,73,58,0,0.00034,0.00034,3,5,0,0,0,0,0,0,0,0,0,0,1,0,0,0,0,0,0,0,0,0,0,,0,0,0,0,
END,Total:5
START,FrameNb:2,CameraNb:0,HeSaiNb:0,ARS410Nb:0
2026/08/02 21:39:26:420---->
heightOffset:0,1785677966420,474564,selfCaliBufCnt:0,selfAccObjCnt:0,selfAccAngle:0,installHAngleOffset:0,Interpolation:0,installVAngleOffset:0,radarOffsetH:0,radarOffsetV:0.32,Polynom:-0.001023;-0.0511;-2.047;0;0;0;-0.001023;-0.0511;-2.047;-25.5;0;0,WheelDirection:0;0;0;0,selfAngleOffset:0,selfAngleOffsetPit:0,currCaliAngleHrz:0,currCaliAnglePit:0,selfCaliAngleHrz:0,selfCaliAnglePit:0,servCaliAngleHrz:0,servCaliAnglePit:0,offlineCaliAngleHrz:0,offlineCaliAnglePit:0,determine2useFlag:0,IMU_Z_Accel:-21.592,IMU_X_AngularRate:-2.093,IMU_Y_AngularRate:-2.093,IMU_RollAngle:-180,IMU_PitchAngle:-180,IMU_YawAngle:-180,FcwID:0,FCWWarningLevel:0,FCWTTC:0
0,1.99,0,16.55,38,0,0,0,7.65,1.25452e-34,0,0,0,-6.5,0,0,0,0,-0.00229183,0,0,0,0,0,0,0,0,0,1,87,57,0,0.00034,0.00034,3,5,0,0,0,0,0,0,0,0,0,0,1,0,1,0,0,0,0,0,0,0,0,,0,0,0,0,
1,2.75,0,-8.8,29,0,0,0,-14.1,0,0,0,0,-18,0,0,0,0,-0.00229183,0,0,0,0,0,0,0,0,0,1,78,57,0,0.00034,0.00034,3,5,0,0,0,0,0,0,0,0,0,0,1,0,1,0,0,0,0,0,0,0,0,,0,0,0,0,
2,3.36,0,14.55,40.5,0,0,0,3.95,0,0,0,0,-4.5,0,0,0,0,-0.00229183,0,0,0,0,0,0,0,0,0,1,89,57,0,0.00034,0.00034,3,0,0,0,0,0,0,0,0,0,0,0,1,0,1,0,0,0,0,0,0,0,0,,0,0,0,0,
3,5.78,0,10.35,29.5,0,0,0,-1.3,0,0,0,0,-19,0,0,0,0,-0.00229183,0,0,0,0,0,0,0,0,0,1,74,57,0,0.00034,0.00034,3,5,0,0,0,0,0,0,0,0,0,0,1,0,1,0,0,0,0,0,0,0,0,,0,0,0,0,
4,6.23,0,17.55,28.5,0,0,0,-2.6,0,0,0,0,-16.5,0,0,0,0,-0.00229183,0,0,0,0,0,0,0,0,0,1,73,57,0,0.00034,0.00034,3,5,0,0,0,0,0,0,0,0,0,0,1,0,1,0,0,0,0,0,0,0,0,,0,0,0,0,
END,Total:5
START,FrameNb:3,CameraNb:0,HeSaiNb:0,ARS410Nb:0
2026/08/02 21:39:26:476---->
heightOffset:0,1785677966476,474624,selfCaliBufCnt:0,selfAccObjCnt:0,selfAccAngle:0,installHAngleOffset:0,Interpolation:0,installVAngleOffset:0,radarOffsetH:0,radarOffsetV:0.32,Polynom:-0.001023;-0.0511;-2.047;0;0;0;-0.001023;-0.0511;-2.047;-25.5;0;0,WheelDirection:0;0;0;0,selfAngleOffset:0,selfAngleOffsetPit:0,currCaliAngleHrz:0,currCaliAnglePit:0,selfCaliAngleHrz:0,selfCaliAnglePit:0,servCaliAngleHrz:0,servCaliAnglePit:0,offlineCaliAngleHrz:0,offlineCaliAnglePit:0,determine2useFlag:0,IMU_Z_Accel:-21.592,IMU_X_AngularRate:-2.093,IMU_Y_AngularRate:-2.093,IMU_RollAngle:-180,IMU_PitchAngle:-180,IMU_YawAngle:-180,FcwID:0,FCWWarningLevel:0,FCWTTC:0
0,1.98,0,16.55,38,0,0,0,7.65,1.25452e-34,0,0,0,-6.5,0,0,0,0,-0.00229183,0,0,0,0,0,0,0,0,0,1,87,62,0,0.00034,0.00034,3,5,0,0,0,0,0,0,0,0,0,0,1,0,0,0,0,0,0,0,0,0,0,,0,0,0,0,
1,2.95,0,-6.95,29,0,0,0,-15,0,0,0,0,-18,0,0,0,0,-0.00229183,0,0,0,0,0,0,0,0,0,1,78,62,0,0.00034,0.00034,3,5,0,0,0,0,0,0,0,0,0,0,1,0,0,0,0,0,0,0,0,0,0,,0,0,0,0,
2,3.37,0,14.7,40.5,0,0,0,4.8,0,0,0,0,-5,0,0,0,0,-0.00229183,0,0,0,0,0,0,0,0,0,1,89,62,0,0.00034,0.00034,3,0,0,0,0,0,0,0,0,0,0,0,1,0,0,0,0,0,0,0,0,0,0,,0,0,0,0,
3,5.75,0,10.45,29.5,0,0,0,-1.05,0,0,0,0,-18.5,0,0,0,0,-0.00229183,0,0,0,0,0,0,0,0,0,1,75,62,0,0.00034,0.00034,3,5,0,0,0,0,0,0,0,0,0,0,1,0,0,0,0,0,0,0,0,0,0,,0,0,0,0,
4,6.2,0,17.45,28,0,0,0,-2.7,0,0,0,0,-16.5,0,0,0,0,-0.00229183,0,0,0,0,0,0,0,0,0,1,73,62,0,0.00034,0.00034,3,5,0,0,0,0,0,0,0,0,0,0,1,0,0,0,0,0,0,0,0,0,0,,0,0,0,0,
END,Total:5
START,FrameNb:4,CameraNb:0,HeSaiNb:0,ARS410Nb:0
2026/08/02 21:39:26:517---->
heightOffset:0,1785677966517,474684,selfCaliBufCnt:0,selfAccObjCnt:0,selfAccAngle:0,installHAngleOffset:0,Interpolation:0,installVAngleOffset:0,radarOffsetH:0,radarOffsetV:0.32,Polynom:-0.001023;-0.0511;-2.047;0;0;0;-0.001023;-0.0511;-2.047;-25.5;0;0,WheelDirection:0;0;0;0,selfAngleOffset:0,selfAngleOffsetPit:0,currCaliAngleHrz:0,currCaliAnglePit:0,selfCaliAngleHrz:0,selfCaliAnglePit:0,servCaliAngleHrz:0,servCaliAnglePit:0,offlineCaliAngleHrz:0,offlineCaliAnglePit:0,determine2useFlag:0,IMU_Z_Accel:-21.592,IMU_X_AngularRate:-2.093,IMU_Y_AngularRate:-2.093,IMU_RollAngle:-180,IMU_PitchAngle:-180,IMU_YawAngle:-180,FcwID:0,FCWWarningLevel:0,FCWTTC:0
0,1.99,0,16.55,38,0,0,0,7.65,1.25452e-34,0,0,0,-6.5,0,0,0,0,-0.00229183,0,0,0,0,0,0,0,0,0,1,87,55,0,0.00034,0.00034,3,5,0,0,0,0,0,0,0,0,0,0,1,0,1,0,0,0,0,0,0,0,0,,0,0,0,0,
1,2.75,0,16.6,29,0,0,0,15,0,0,0,0,-15,0,0,0,0,-0.00229183,0,0,0,0,0,0,0,0,0,1,78,55,0,0.00034,0.00034,3,5,0,0,0,0,0,0,0,0,0,0,1,0,1,0,0,0,0,0,0,0,0,,0,0,0,0,
2,3.37,0,14.7,40.5,0,0,0,4.8,0,0,0,0,-5,0,0,0,0,-0.00229183,0,0,0,0,0,0,0,0,0,1,89,55,0,0.00034,0.00034,3,0,0,0,0,0,0,0,0,0,0,0,1,0,1,0,0,0,0,0,0,0,0,,0,0,0,0,
3,5.76,0,10.35,29.5,0,0,0,-1.3,0,0,0,0,-19,0,0,0,0,-0.00229183,0,0,0,0,0,0,0,0,0,1,74,55,0,0.00034,0.00034,3,5,0,0,0,0,0,0,0,0,0,0,1,0,1,0,0,0,0,0,0,0,0,,0,0,0,0,
4,6.22,0,17.55,28.5,0,0,0,-2.75,0,0,0,0,-16.5,0,0,0,0,-0.00229183,0,0,0,0,0,0,0,0,0,1,73,55,0,0.00034,0.00034,3,5,0,0,0,0,0,0,0,0,0,0,1,0,1,0,0,0,0,0,0,0,0,,0,0,0,0,
END,Total:5
START,FrameNb:5,CameraNb:0,HeSaiNb:0,ARS410Nb:0
2026/08/02 21:39:26:575---->
heightOffset:0,1785677966575,474736,selfCaliBufCnt:0,selfAccObjCnt:0,selfAccAngle:0,installHAngleOffset:0,Interpolation:0,installVAngleOffset:0,radarOffsetH:0,radarOffsetV:0.32,Polynom:-0.001023;-0.0511;-2.047;0;0;0;-0.001023;-0.0511;-2.047;-25.5;0;0,WheelDirection:0;0;0;0,selfAngleOffset:0,selfAngleOffsetPit:0,currCaliAngleHrz:0,currCaliAnglePit:0,selfCaliAngleHrz:0,selfCaliAnglePit:0,servCaliAngleHrz:0,servCaliAnglePit:0,offlineCaliAngleHrz:0,offlineCaliAnglePit:0,determine2useFlag:0,IMU_Z_Accel:-21.592,IMU_X_AngularRate:-2.093,IMU_Y_AngularRate:-2.093,IMU_RollAngle:-180,IMU_PitchAngle:-180,IMU_YawAngle:-180,FcwID:0,FCWWarningLevel:0,FCWTTC:0
0,1.99,0,16.55,38,0,0,0,7.7,1.25452e-34,0,0,0,-6.5,0,0,0,0,-0.00229183,0,0,0,0,0,0,0,0,0,1,87,58,0,0.00034,0.00034,3,5,0,0,0,0,0,0,0,0,0,0,1,0,0,0,0,0,0,0,0,0,0,,0,0,0,0,
1,2.75,0,16.8,29,0,0,0,15,0,0,0,0,-15,0,0,0,0,-0.00229183,0,0,0,0,0,0,0,0,0,1,78,58,0,0.00034,0.00034,3,5,0,0,0,0,0,0,0,0,0,0,1,0,0,0,0,0,0,0,0,0,0,,0,0,0,0,
2,3.37,0,14.7,40.5,0,0,0,4.8,0,0,0,0,-5,0,0,0,0,-0.00229183,0,0,0,0,0,0,0,0,0,1,89,58,0,0.00034,0.00034,3,0,0,0,0,0,0,0,0,0,0,0,1,0,0,0,0,0,0,0,0,0,0,,0,0,0,0,
3,5.76,0,14.1,29.5,0,0,0,-0.8,0,0,0,0,-18,0,0,0,0,-0.00229183,0,0,0,0,0,0,0,0,0,1,74,58,0,0.00034,0.00034,3,5,0,0,0,0,0,0,0,0,0,0,1,0,0,0,0,0,0,0,0,0,0,,0,0,0,0,
4,6.22,0,17.55,28.5,0,0,0,-2.6,0,0,0,0,-16.5,0,0,0,0,-0.00229183,0,0,0,0,0,0,0,0,0,1,73,58,0,0.00034,0.00034,3,5,0,0,0,0,0,0,0,0,0,0,1,0,0,0,0,0,0,0,0,0,0,,0,0,0,0,
END,Total:5
START,FrameNb:6,CameraNb:0,HeSaiNb:0,ARS410Nb:0
2026/08/02 21:39:26:629---->
heightOffset:0,1785677966629,474792,selfCaliBufCnt:0,selfAccObjCnt:0,selfAccAngle:0,installHAngleOffset:0,Interpolation:0,installVAngleOffset:0,radarOffsetH:0,radarOffsetV:0.32,Polynom:-0.001023;-0.0511;-2.047;0;0;0;-0.001023;-0.0511;-2.047;-25.5;0;0,WheelDirection:0;0;0;0,selfAngleOffset:0,selfAngleOffsetPit:0,currCaliAngleHrz:0,currCaliAnglePit:0,selfCaliAngleHrz:0,selfCaliAnglePit:0,servCaliAngleHrz:0,servCaliAnglePit:0,offlineCaliAngleHrz:0,offlineCaliAnglePit:0,determine2useFlag:0,IMU_Z_Accel:-21.592,IMU_X_AngularRate:-2.093,IMU_Y_AngularRate:-2.093,IMU_RollAngle:-180,IMU_PitchAngle:-180,IMU_YawAngle:-180,FcwID:0,FCWWarningLevel:0,FCWTTC:0
0,1.99,0,16.55,38,0,0,0,7.65,1.25452e-34,0,0,0,-6.5,0,0,0,0,-0.00229183,0,0,0,0,0,0,0,0,0,1,87,53,0,0.00034,0.00034,3,5,0,0,0,0,0,0,0,0,0,0,1,0,1,0,0,0,0,0,0,0,0,,0,0,0,0,
1,2.76,0,16.7,29,0,0,0,15,0,0,0,0,-15,0,0,0,0,-0.00229183,0,0,0,0,0,0,0,0,0,1,78,53,0,0.00034,0.00034,3,5,0,0,0,0,0,0,0,0,0,0,1,0,1,0,0,0,0,0,0,0,0,,0,0,0,0,
2,3.36,0,14.6,40.5,0,0,0,4.25,0,0,0,0,-5,0,0,0,0,-0.00229183,0,0,0,0,0,0,0,0,0,1,89,53,0,0.00034,0.00034,3,0,0,0,0,0,0,0,0,0,0,0,1,0,1,0,0,0,0,0,0,0,0,,0,0,0,0,
3,5.77,0,10.3,29,0,0,0,-1.2,0,0,0,0,-19.5,0,0,0,0,-0.00229183,0,0,0,0,0,0,0,0,0,1,74,53,0,0.00034,0.00034,3,5,0,0,0,0,0,0,0,0,0,0,1,0,1,0,0,0,0,0,0,0,0,,0,0,0,0,
4,6.06,0,17.55,28.5,0,0,0,-2.55,0,0,0,0,-16.5,0,0,0,0,-0.00229183,0,0,0,0,0,0,0,0,0,1,73,53,0,0.00034,0.00034,3,5,0,0,0,0,0,0,0,0,0,0,1,0,1,0,0,0,0,0,0,0,0,,0,0,0,0,
END,Total:5
START,FrameNb:7,CameraNb:0,HeSaiNb:0,ARS410Nb:0
2026/08/02 21:39:26:726---->
heightOffset:0,1785677966726,474848,selfCaliBufCnt:0,selfAccObjCnt:0,selfAccAngle:0,installHAngleOffset:0,Interpolation:0,installVAngleOffset:0,radarOffsetH:0,radarOffsetV:0.32,Polynom:-0.001023;-0.0511;-2.047;0;0;0;-0.001023;-0.0511;-2.047;-25.5;0;0,WheelDirection:0;0;0;0,selfAngleOffset:0,selfAngleOffsetPit:0,currCaliAngleHrz:0,currCaliAnglePit:0,selfCaliAngleHrz:0,selfCaliAnglePit:0,servCaliAngleHrz:0,servCaliAnglePit:0,offlineCaliAngleHrz:0,offlineCaliAnglePit:0,determine2useFlag:0,IMU_Z_Accel:-21.592,IMU_X_AngularRate:-2.093,IMU_Y_AngularRate:-2.093,IMU_RollAngle:-180,IMU_PitchAngle:-180,IMU_YawAngle:-180,FcwID:0,FCWWarningLevel:0,FCWTTC:0
0,1.98,0,16.55,38,0,0,0,7.7,1.25452e-34,0,0,0,-6.5,0,0,0,0,-0.00229183,0,0,0,0,0,0,0,0,0,1,87,57,0,0.00034,0.00034,3,5,0,0,0,0,0,0,0,0,0,0,1,0,0,0,0,0,0,0,0,0,0,,0,0,0,0,
1,2.75,0,16.65,29,0,0,0,15,0,0,0,0,-15,0,0,0,0,-0.00229183,0,0,0,0,0,0,0,0,0,1,78,57,0,0.00034,0.00034,3,5,0,0,0,0,0,0,0,0,0,0,1,0,0,0,0,0,0,0,0,0,0,,0,0,0,0,
2,3.37,0,14.7,40.5,0,0,0,4.75,0,0,0,0,-5,0,0,0,0,-0.00229183,0,0,0,0,0,0,0,0,0,1,89,57,0,0.00034,0.00034,3,0,0,0,0,0,0,0,0,0,0,0,1,0,0,0,0,0,0,0,0,0,0,,0,0,0,0,
3,5.78,0,10.45,29.5,0,0,0,-1.35,0,0,0,0,-19,0,0,0,0,-0.00229183,0,0,0,0,0,0,0,0,0,1,74,57,0,0.00034,0.00034,3,5,0,0,0,0,0,0,0,0,0,0,1,0,0,0,0,0,0,0,0,0,0,,0,0,0,0,
4,6.06,0,17.45,28.5,0,0,0,-2.6,0,0,0,0,-16.5,0,0,0,0,-0.00229183,0,0,0,0,0,0,0,0,0,1,74,57,0,0.00034,0.00034,3,5,0,0,0,0,0,0,0,0,0,0,1,0,0,0,0,0,0,0,0,0,0,,0,0,0,0,
END,Total:5
START,FrameNb:8,CameraNb:0,HeSaiNb:0,ARS410Nb:0
2026/08/02 21:39:26:766---->
heightOffset:0,1785677966766,474904,selfCaliBufCnt:0,selfAccObjCnt:0,selfAccAngle:0,installHAngleOffset:0,Interpolation:0,installVAngleOffset:0,radarOffsetH:0,radarOffsetV:0.32,Polynom:-0.001023;-0.0511;-2.047;0;0;0;-0.001023;-0.0511;-2.047;-25.5;0;0,WheelDirection:0;0;0;0,selfAngleOffset:0,selfAngleOffsetPit:0,currCaliAngleHrz:0,currCaliAnglePit:0,selfCaliAngleHrz:0,selfCaliAnglePit:0,servCaliAngleHrz:0,servCaliAnglePit:0,offlineCaliAngleHrz:0,offlineCaliAnglePit:0,determine2useFlag:0,IMU_Z_Accel:-21.592,IMU_X_AngularRate:-2.093,IMU_Y_AngularRate:-2.093,IMU_RollAngle:-180,IMU_PitchAngle:-180,IMU_YawAngle:-180,FcwID:0,FCWWarningLevel:0,FCWTTC:0
0,1.99,0,16.55,38,0,0,0,7.65,1.25452e-34,0,0,0,-7,0,0,0,0,-0.00229183,0,0,0,0,0,0,0,0,0,1,87,53,0,0.00034,0.00034,3,5,0,0,0,0,0,0,0,0,0,0,1,0,1,0,0,0,0,0,0,0,0,,0,0,0,0,
1,2.75,0,-55.15,28.5,0,0,0,5.75,0,0,0,0,7,0,0,0,0,-0.00229183,0,0,0,0,0,0,0,0,0,1,78,53,0,0.00034,0.00034,2,-1,0,0,0,0,0,0,0,0,0,0,1,0,1,0,0,0,0,0,0,0,0,,0,0,0,0,
2,3.37,0,14.7,40,0,0,0,4.75,0,0,0,0,-5,0,0,0,0,-0.00229183,0,0,0,0,0,0,0,0,0,1,89,53,0,0.00034,0.00034,3,0,0,0,0,0,0,0,0,0,0,0,1,0,1,0,0,0,0,0,0,0,0,,0,0,0,0,
3,5.76,0,10.35,29,0,0,0,-1.55,0,0,0,0,-19,0,0,0,0,-0.00229183,0,0,0,0,0,0,0,0,0,1,74,53,0,0.00034,0.00034,3,5,0,0,0,0,0,0,0,0,0,0,1,0,1,0,0,0,0,0,0,0,0,,0,0,0,0,
4,6.2,0,17.2,28,0,0,0,-2.45,0,0,0,0,-16.5,0,0,0,0,-0.00229183,0,0,0,0,0,0,0,0,0,1,73,53,0,0.00034,0.00034,3,5,0,0,0,0,0,0,0,0,0,0,1,0,1,0,0,0,0,0,0,0,0,,0,0,0,0,
END,Total:5
START,FrameNb:9,CameraNb:0,HeSaiNb:0,ARS410Nb:0
2026/08/02 21:39:26:826---->
heightOffset:0,1785677966826,474960,selfCaliBufCnt:0,selfAccObjCnt:0,selfAccAngle:0,installHAngleOffset:0,Interpolation:0,installVAngleOffset:0,radarOffsetH:0,radarOffsetV:0.32,Polynom:-0.001023;-0.0511;-2.047;0;0;0;-0.001023;-0.0511;-2.047;-25.5;0;0,WheelDirection:0;0;0;0,selfAngleOffset:0,selfAngleOffsetPit:0,currCaliAngleHrz:0,currCaliAnglePit:0,selfCaliAngleHrz:0,selfCaliAnglePit:0,servCaliAngleHrz:0,servCaliAnglePit:0,offlineCaliAngleHrz:0,offlineCaliAnglePit:0,determine2useFlag:0,IMU_Z_Accel:-21.592,IMU_X_AngularRate:-2.093,IMU_Y_AngularRate:-2.093,IMU_RollAngle:-180,IMU_PitchAngle:-180,IMU_YawAngle:-180,FcwID:0,FCWWarningLevel:0,FCWTTC:0
0,1.99,0,16.55,38,0,0,0,7.65,1.25452e-34,0,0,0,-6.5,0,0,0,0,-0.00229183,0,0,0,0,0,0,0,0,0,1,87,61,0,0.00034,0.00034,3,5,0,0,0,0,0,0,0,0,0,0,1,0,0,0,0,0,0,0,0,0,0,,0,0,0,0,
1,3.37,0,14.7,40,0,0,0,4.75,0,0,0,0,-5,0,0,0,0,-0.00229183,0,0,0,0,0,0,0,0,0,1,89,61,0,0.00034,0.00034,3,0,0,0,0,0,0,0,0,0,0,0,1,0,0,0,0,0,0,0,0,0,0,,0,0,0,0,
2,5.79,0,10.3,29.5,0,0,0,-1.3,0,0,0,0,-19,0,0,0,0,-0.00229183,0,0,0,0,0,0,0,0,0,1,74,61,0,0.00034,0.00034,3,5,0,0,0,0,0,0,0,0,0,0,1,0,0,0,0,0,0,0,0,0,0,,0,0,0,0,
3,6.04,0,17.4,28,0,0,0,-2.8,0,0,0,0,-16.5,0,0,0,0,-0.00229183,0,0,0,0,0,0,0,0,0,1,73,61,0,0.00034,0.00034,3,5,0,0,0,0,0,0,0,0,0,0,1,0,0,0,0,0,0,0,0,0,0,,0,0,0,0,
END,Total:4
START,FrameNb:10,CameraNb:0,HeSaiNb:0,ARS410Nb:0
2026/08/02 21:39:26:884---->
heightOffset:0,1785677966884,475024,selfCaliBufCnt:0,selfAccObjCnt:0,selfAccAngle:0,installHAngleOffset:0,Interpolation:0,installVAngleOffset:0,radarOffsetH:0,radarOffsetV:0.32,Polynom:-0.001023;-0.0511;-2.047;0;0;0;-0.001023;-0.0511;-2.047;-25.5;0;0,WheelDirection:0;0;0;0,selfAngleOffset:0,selfAngleOffsetPit:0,currCaliAngleHrz:0,currCaliAnglePit:0,selfCaliAngleHrz:0,selfCaliAnglePit:0,servCaliAngleHrz:0,servCaliAnglePit:0,offlineCaliAngleHrz:0,offlineCaliAnglePit:0,determine2useFlag:0,IMU_Z_Accel:-21.592,IMU_X_AngularRate:-2.093,IMU_Y_AngularRate:-2.093,IMU_RollAngle:-180,IMU_PitchAngle:-180,IMU_YawAngle:-180,FcwID:0,FCWWarningLevel:0,FCWTTC:0
0,1.98,0,16.55,38,0,0,0,7.65,1.25452e-34,0,0,0,-6.5,0,0,0,0,-0.00229183,0,0,0,0,0,0,0,0,0,1,87,58,0,0.00034,0.00034,3,5,0,0,0,0,0,0,0,0,0,0,1,0,1,0,0,0,0,0,0,0,0,,0,0,0,0,
1,2.76,0,-7.2,29,0,0,0,-15,0,0,0,0,-18,0,0,0,0,-0.00229183,0,0,0,0,0,0,0,0,0,1,78,58,0,0.00034,0.00034,3,5,0,0,0,0,0,0,0,0,0,0,1,0,1,0,0,0,0,0,0,0,0,,0,0,0,0,
2,3.36,0,14.55,40,0,0,0,4.4,0,0,0,0,-5,0,0,0,0,-0.00229183,0,0,0,0,0,0,0,0,0,1,89,58,0,0.00034,0.00034,3,0,0,0,0,0,0,0,0,0,0,0,1,0,1,0,0,0,0,0,0,0,0,,0,0,0,0,
3,5.8,0,10.2,29,0,0,0,-0.95,0,0,0,0,-19.5,0,0,0,0,-0.00229183,0,0,0,0,0,0,0,0,0,1,74,58,0,0.00034,0.00034,3,5,0,0,0,0,0,0,0,0,0,0,1,0,1,0,0,0,0,0,0,0,0,,0,0,0,0,
4,6.03,0,17.5,28,0,0,0,-2.75,0,0,0,0,-17,0,0,0,0,-0.00229183,0,0,0,0,0,0,0,0,0,1,73,58,0,0.00034,0.00034,3,5,0,0,0,0,0,0,0,0,0,0,1,0,1,0,0,0,0,0,0,0,0,,0,0,0,0,
END,Total:5
START,FrameNb:11,CameraNb:0,HeSaiNb:0,ARS410Nb:0
2026/08/02 21:39:26:920---->
heightOffset:0,1785677966920,475076,selfCaliBufCnt:0,selfAccObjCnt:0,selfAccAngle:0,installHAngleOffset:0,Interpolation:0,installVAngleOffset:0,radarOffsetH:0,radarOffsetV:0.32,Polynom:-0.001023;-0.0511;-2.047;0;0;0;-0.001023;-0.0511;-2.047;-25.5;0;0,WheelDirection:0;0;0;0,selfAngleOffset:0,selfAngleOffsetPit:0,currCaliAngleHrz:0,currCaliAnglePit:0,selfCaliAngleHrz:0,selfCaliAnglePit:0,servCaliAngleHrz:0,servCaliAnglePit:0,offlineCaliAngleHrz:0,offlineCaliAnglePit:0,determine2useFlag:0,IMU_Z_Accel:-21.592,IMU_X_AngularRate:-2.093,IMU_Y_AngularRate:-2.093,IMU_RollAngle:-180,IMU_PitchAngle:-180,IMU_YawAngle:-180,FcwID:0,FCWWarningLevel:0,FCWTTC:0
0,1.98,0,16.55,38,0,0,0,7.65,1.25452e-34,0,0,0,-6.5,0,0,0,0,-0.00229183,0,0,0,0,0,0,0,0,0,1,87,59,0,0.00034,0.00034,3,5,0,0,0,0,0,0,0,0,0,0,1,0,0,0,0,0,0,0,0,0,0,,0,0,0,0,
1,2.76,0,-7.2,29.5,0,0,0,-15,0,0,0,0,-18,0,0,0,0,-0.00229183,0,0,0,0,0,0,0,0,0,1,78,59,0,0.00034,0.00034,3,5,0,0,0,0,0,0,0,0,0,0,1,0,0,0,0,0,0,0,0,0,0,,0,0,0,0,
2,3.37,0,14.7,40,0,0,0,4.8,0,0,0,0,-5.5,0,0,0,0,-0.00229183,0,0,0,0,0,0,0,0,0,1,89,59,0,0.00034,0.00034,3,0,0,0,0,0,0,0,0,0,0,0,1,0,0,0,0,0,0,0,0,0,0,,0,0,0,0,
3,5.2,0,8.2,21.5,0,0,0,-2.25,0,0,0,0,-28,0,0,0,0,-0.00229183,0,0,0,0,0,0,0,0,0,1,67,59,0,0.00034,0.00034,3,5,0,0,0,0,0,0,0,0,0,0,1,0,0,0,0,0,0,0,0,0,0,,0,0,0,0,
4,5.79,0,10.2,29,0,0,0,-1.25,0,0,0,0,-19.5,0,0,0,0,-0.00229183,0,0,0,0,0,0,0,0,0,1,74,59,0,0.00034,0.00034,3,5,0,0,0,0,0,0,0,0,0,0,1,0,0,0,0,0,0,0,0,0,0,,0,0,0,0,
5,6.2,0,17.45,28,0,0,0,-2.85,0,0,0,0,-17,0,0,0,0,-0.00229183,0,0,0,0,0,0,0,0,0,1,73,59,0,0.00034,0.00034,3,5,0,0,0,0,0,0,0,0,0,0,1,0,0,0,0,0,0,0,0,0,0,,0,0,0,0,
END,Total:6
START,FrameNb:12,CameraNb:0,HeSaiNb:0,ARS410Nb:0
2026/08/02 21:39:26:972---->
heightOffset:0,1785677966972,475136,selfCaliBufCnt:0,selfAccObjCnt:0,selfAccAngle:0,installHAngleOffset:0,Interpolation:0,installVAngleOffset:0,radarOffsetH:0,radarOffsetV:0.32,Polynom:-0.001023;-0.0511;-2.047;0;0;0;-0.001023;-0.0511;-2.047;-25.5;0;0,WheelDirection:0;0;0;0,selfAngleOffset:0,selfAngleOffsetPit:0,currCaliAngleHrz:0,currCaliAnglePit:0,selfCaliAngleHrz:0,selfCaliAnglePit:0,servCaliAngleHrz:0,servCaliAnglePit:0,offlineCaliAngleHrz:0,offlineCaliAnglePit:0,determine2useFlag:0,IMU_Z_Accel:-21.592,IMU_X_AngularRate:-2.093,IMU_Y_AngularRate:-2.093,IMU_RollAngle:-180,IMU_PitchAngle:-180,IMU_YawAngle:-180,FcwID:0,FCWWarningLevel:0,FCWTTC:0
0,1.99,0,16.55,38,0,0,0,7.65,1.25452e-34,0,0,0,-6.5,0,0,0,0,-0.00229183,0,0,0,0,0,0,0,0,0,1,87,54,0,0.00034,0.00034,3,5,0,0,0,0,0,0,0,0,0,0,1,0,1,0,0,0,0,0,0,0,0,,0,0,0,0,
1,2.76,0,-7.2,30.5,0,0,0,-15,0,0,0,0,-17,0,0,0,0,-0.00229183,0,0,0,0,0,0,0,0,0,1,79,54,0,0.00034,0.00034,3,5,0,0,0,0,0,0,0,0,0,0,1,0,1,0,0,0,0,0,0,0,0,,0,0,0,0,
2,3.36,0,14.55,40.5,0,0,0,4.9,0,0,0,0,-5,0,0,0,0,-0.00229183,0,0,0,0,0,0,0,0,0,1,89,54,0,0.00034,0.00034,3,0,0,0,0,0,0,0,0,0,0,0,1,0,1,0,0,0,0,0,0,0,0,,0,0,0,0,
3,5.8,0,10.15,29,0,0,0,-1.45,0,0,0,0,-19.5,0,0,0,0,-0.00229183,0,0,0,0,0,0,0,0,0,1,74,54,0,0.00034,0.00034,3,5,0,0,0,0,0,0,0,0,0,0,1,0,1,0,0,0,0,0,0,0,0,,0,0,0,0,
4,6.19,0,17.65,28,0,0,0,-2.85,0,0,0,0,-16.5,0,0,0,0,-0.00229183,0,0,0,0,0,0,0,0,0,1,73,54,0,0.00034,0.00034,3,5,0,0,0,0,0,0,0,0,0,0,1,0,1,0,0,0,0,0,0,0,0,,0,0,0,0,
END,Total:5
START,FrameNb:13,CameraNb:0,HeSaiNb:0,ARS410Nb:0
2026/08/02 21:39:27:015---->
heightOffset:0,1785677967015,475188,selfCaliBufCnt:0,selfAccObjCnt:0,selfAccAngle:0,installHAngleOffset:0,Interpolation:0,installVAngleOffset:0,radarOffsetH:0,radarOffsetV:0.32,Polynom:-0.001023;-0.0511;-2.047;0;0;0;-0.001023;-0.0511;-2.047;-25.5;0;0,WheelDirection:0;0;0;0,selfAngleOffset:0,selfAngleOffsetPit:0,currCaliAngleHrz:0,currCaliAnglePit:0,selfCaliAngleHrz:0,selfCaliAnglePit:0,servCaliAngleHrz:0,servCaliAnglePit:0,offlineCaliAngleHrz:0,offlineCaliAnglePit:0,determine2useFlag:0,IMU_Z_Accel:-21.592,IMU_X_AngularRate:-2.093,IMU_Y_AngularRate:-2.093,IMU_RollAngle:-180,IMU_PitchAngle:-180,IMU_YawAngle:-180,FcwID:0,FCWWarningLevel:0,FCWTTC:0
0,1.99,0,16.55,38,0,0,0,7.65,1.25452e-34,0,0,0,-6.5,0,0,0,0,-0.00229183,0,0,0,0,0,0,0,0,0,1,87,58,0,0.00034,0.00034,3,5,0,0,0,0,0,0,0,0,0,0,1,0,0,0,0,0,0,0,0,0,0,,0,0,0,0,
1,2.76,0,-7.3,30.5,0,0,0,-15,0,0,0,0,-16.5,0,0,0,0,-0.00229183,0,0,0,0,0,0,0,0,0,1,80,58,0,0.00034,0.00034,3,5,0,0,0,0,0,0,0,0,0,0,1,0,0,0,0,0,0,0,0,0,0,,0,0,0,0,
2,3.36,0,14.55,40.5,0,0,0,4.8,0,0,0,0,-5,0,0,0,0,-0.00229183,0,0,0,0,0,0,0,0,0,1,89,58,0,0.00034,0.00034,3,0,0,0,0,0,0,0,0,0,0,0,1,0,0,0,0,0,0,0,0,0,0,,0,0,0,0,
3,5.79,0,10.1,29,0,0,0,-1.25,0,0,0,0,-19.5,0,0,0,0,-0.00229183,0,0,0,0,0,0,0,0,0,1,74,58,0,0.00034,0.00034,3,5,0,0,0,0,0,0,0,0,0,0,1,0,0,0,0,0,0,0,0,0,0,,0,0,0,0,
4,6.23,0,17.45,28,0,0,0,-2.85,0,0,0,0,-16.5,0,0,0,0,-0.00229183,0,0,0,0,0,0,0,0,0,1,73,58,0,0.00034,0.00034,3,5,0,0,0,0,0,0,0,0,0,0,1,0,0,0,0,0,0,0,0,0,0,,0,0,0,0,
END,Total:5
START,FrameNb:14,CameraNb:0,HeSaiNb:0,ARS410Nb:0
2026/08/02 21:39:27:130---->
heightOffset:0,1785677967130,475248,selfCaliBufCnt:0,selfAccObjCnt:0,selfAccAngle:0,installHAngleOffset:0,Interpolation:0,installVAngleOffset:0,radarOffsetH:0,radarOffsetV:0.32,Polynom:-0.001023;-0.0511;-2.047;0;0;0;-0.001023;-0.0511;-2.047;-25.5;0;0,WheelDirection:0;0;0;0,selfAngleOffset:0,selfAngleOffsetPit:0,currCaliAngleHrz:0,currCaliAnglePit:0,selfCaliAngleHrz:0,selfCaliAnglePit:0,servCaliAngleHrz:0,servCaliAnglePit:0,offlineCaliAngleHrz:0,offlineCaliAnglePit:0,determine2useFlag:0,IMU_Z_Accel:-21.592,IMU_X_AngularRate:-2.093,IMU_Y_AngularRate:-2.093,IMU_RollAngle:-180,IMU_PitchAngle:-180,IMU_YawAngle:-180,FcwID:0,FCWWarningLevel:0,FCWTTC:0
0,1.98,0,16.55,38,0,0,0,7.65,1.25452e-34,0,0,0,-6.5,0,0,0,0,-0.00229183,0,0,0,0,0,0,0,0,0,1,87,53,0,0.00034,0.00034,3,5,0,0,0,0,0,0,0,0,0,0,1,0,1,0,0,0,0,0,0,0,0,,0,0,0,0,
1,2.77,0,-7.2,31,0,0,0,-15,0,0,0,0,-16.5,0,0,0,0,-0.00229183,0,0,0,0,0,0,0,0,0,1,80,53,0,0.00034,0.00034,3,5,0,0,0,0,0,0,0,0,0,0,1,0,1,0,0,0,0,0,0,0,0,,0,0,0,0,
2,3.36,0,14.55,40.5,0,0,0,4.65,0,0,0,0,-5,0,0,0,0,-0.00229183,0,0,0,0,0,0,0,0,0,1,89,53,0,0.00034,0.00034,3,0,0,0,0,0,0,0,0,0,0,0,1,0,1,0,0,0,0,0,0,0,0,,0,0,0,0,
3,5.78,0,-43.55,29,0,0,0,5.65,0,0,0,0,-4.5,0,0,0,0,-0.00229183,0,0,0,0,0,0,0,0,0,1,74,53,0,0.00034,0.00034,2,-1,0,0,0,0,0,0,0,0,0,0,1,0,1,0,0,0,0,0,0,0,0,,0,0,0,0,
4,6.22,0,17.4,28,0,0,0,-2.95,0,0,0,0,-16.5,0,0,0,0,-0.00229183,0,0,0,0,0,0,0,0,0,1,73,53,0,0.00034,0.00034,3,5,0,0,0,0,0,0,0,0,0,0,1,0,1,0,0,0,0,0,0,0,0,,0,0,0,0,
END,Total:5
START,FrameNb:15,CameraNb:0,HeSaiNb:0,ARS410Nb:0
2026/08/02 21:39:27:170---->
heightOffset:0,1785677967170,475300,selfCaliBufCnt:0,selfAccObjCnt:0,selfAccAngle:0,installHAngleOffset:0,Interpolation:0,installVAngleOffset:0,radarOffsetH:0,radarOffsetV:0.32,Polynom:-0.001023;-0.0511;-2.047;0;0;0;-0.001023;-0.0511;-2.047;-25.5;0;0,WheelDirection:0;0;0;0,selfAngleOffset:0,selfAngleOffsetPit:0,currCaliAngleHrz:0,currCaliAnglePit:0,selfCaliAngleHrz:0,selfCaliAnglePit:0,servCaliAngleHrz:0,servCaliAnglePit:0,offlineCaliAngleHrz:0,offlineCaliAnglePit:0,determine2useFlag:0,IMU_Z_Accel:-21.592,IMU_X_AngularRate:-2.093,IMU_Y_AngularRate:-2.093,IMU_RollAngle:-180,IMU_PitchAngle:-180,IMU_YawAngle:-180,FcwID:0,FCWWarningLevel:0,FCWTTC:0
0,1.99,0,16.55,38,0,0,0,7.7,1.25452e-34,0,0,0,-6.5,0,0,0,0,-0.00229183,0,0,0,0,0,0,0,0,0,1,87,57,0,0.00034,0.00034,3,5,0,0,0,0,0,0,0,0,0,0,1,0,0,0,0,0,0,0,0,0,0,,0,0,0,0,
1,2.77,0,-7.2,30.5,0,0,0,-15,0,0,0,0,-16.5,0,0,0,0,-0.00229183,0,0,0,0,0,0,0,0,0,1,80,57,0,0.00034,0.00034,3,5,0,0,0,0,0,0,0,0,0,0,1,0,0,0,0,0,0,0,0,0,0,,0,0,0,0,
2,3.35,0,14.55,40.5,0,0,0,4.45,0,0,0,0,-5,0,0,0,0,-0.00229183,0,0,0,0,0,0,0,0,0,1,89,57,0,0.00034,0.00034,3,0,0,0,0,0,0,0,0,0,0,0,1,0,0,0,0,0,0,0,0,0,0,,0,0,0,0,
3,5.79,0,10.2,29,0,0,0,-1.3,0,0,0,0,-19.5,0,0,0,0,-0.00229183,0,0,0,0,0,0,0,0,0,1,74,57,0,0.00034,0.00034,3,5,0,0,0,0,0,0,0,0,0,0,1,0,0,0,0,0,0,0,0,0,0,,0,0,0,0,
4,6.2,0,17.5,28,0,0,0,-2.95,0,0,0,0,-16.5,0,0,0,0,-0.00229183,0,0,0,0,0,0,0,0,0,1,73,57,0,0.00034,0.00034,3,5,0,0,0,0,0,0,0,0,0,0,1,0,0,0,0,0,0,0,0,0,0,,0,0,0,0,
END,Total:5
START,FrameNb:16,CameraNb:0,HeSaiNb:0,ARS410Nb:0
2026/08/02 21:39:27:220---->
heightOffset:0,1785677967220,475356,selfCaliBufCnt:0,selfAccObjCnt:0,selfAccAngle:0,installHAngleOffset:0,Interpolation:0,installVAngleOffset:0,radarOffsetH:0,radarOffsetV:0.32,Polynom:-0.001023;-0.0511;-2.047;0;0;0;-0.001023;-0.0511;-2.047;-25.5;0;0,WheelDirection:0;0;0;0,selfAngleOffset:0,selfAngleOffsetPit:0,currCaliAngleHrz:0,currCaliAnglePit:0,selfCaliAngleHrz:0,selfCaliAnglePit:0,servCaliAngleHrz:0,servCaliAnglePit:0,offlineCaliAngleHrz:0,offlineCaliAnglePit:0,determine2useFlag:0,IMU_Z_Accel:-21.592,IMU_X_AngularRate:-2.093,IMU_Y_AngularRate:-2.093,IMU_RollAngle:-180,IMU_PitchAngle:-180,IMU_YawAngle:-180,FcwID:0,FCWWarningLevel:0,FCWTTC:0
0,1.99,0,16.55,38,0,0,0,7.7,1.25452e-34,0,0,0,-6.5,0,0,0,0,-0.00229183,0,0,0,0,0,0,0,0,0,1,87,54,0,0.00034,0.00034,3,5,0,0,0,0,0,0,0,0,0,0,1,0,1,0,0,0,0,0,0,0,0,,0,0,0,0,
1,2.76,0,-7.15,30.5,0,0,0,-15,0,0,0,0,-16.5,0,0,0,0,-0.00229183,0,0,0,0,0,0,0,0,0,1,80,54,0,0.00034,0.00034,3,5,0,0,0,0,0,0,0,0,0,0,1,0,1,0,0,0,0,0,0,0,0,,0,0,0,0,
2,3.36,0,14.6,40.5,0,0,0,4.45,0,0,0,0,-5,0,0,0,0,-0.00229183,0,0,0,0,0,0,0,0,0,1,89,54,0,0.00034,0.00034,3,0,0,0,0,0,0,0,0,0,0,0,1,0,1,0,0,0,0,0,0,0,0,,0,0,0,0,
3,5.79,0,-43.45,29,0,0,0,5.55,0,0,0,0,-4.5,0,0,0,0,-0.00229183,0,0,0,0,0,0,0,0,0,1,74,54,0,0.00034,0.00034,2,-1,0,0,0,0,0,0,0,0,0,0,1,0,1,0,0,0,0,0,0,0,0,,0,0,0,0,
4,6.03,0,17.65,28,0,0,0,-2.95,0,0,0,0,-17,0,0,0,0,-0.00229183,0,0,0,0,0,0,0,0,0,1,73,54,0,0.00034,0.00034,3,5,0,0,0,0,0,0,0,0,0,0,1,0,1,0,0,0,0,0,0,0,0,,0,0,0,0,
END,Total:5
START,FrameNb:17,CameraNb:0,HeSaiNb:0,ARS410Nb:0
2026/08/02 21:39:27:265---->
heightOffset:0,1785677967265,475412,selfCaliBufCnt:0,selfAccObjCnt:0,selfAccAngle:0,installHAngleOffset:0,Interpolation:0,installVAngleOffset:0,radarOffsetH:0,radarOffsetV:0.32,Polynom:-0.001023;-0.0511;-2.047;0;0;0;-0.001023;-0.0511;-2.047;-25.5;0;0,WheelDirection:0;0;0;0,selfAngleOffset:0,selfAngleOffsetPit:0,currCaliAngleHrz:0,currCaliAnglePit:0,selfCaliAngleHrz:0,selfCaliAnglePit:0,servCaliAngleHrz:0,servCaliAnglePit:0,offlineCaliAngleHrz:0,offlineCaliAnglePit:0,determine2useFlag:0,IMU_Z_Accel:-21.592,IMU_X_AngularRate:-2.093,IMU_Y_AngularRate:-2.093,IMU_RollAngle:-180,IMU_PitchAngle:-180,IMU_YawAngle:-180,FcwID:0,FCWWarningLevel:0,FCWTTC:0
0,1.98,0,16.55,38,0,0,0,7.65,1.25452e-34,0,0,0,-6.5,0,0,0,0,-0.00229183,0,0,0,0,0,0,0,0,0,1,87,60,0,0.00034,0.00034,3,5,0,0,0,0,0,0,0,0,0,0,1,0,0,0,0,0,0,0,0,0,0,,0,0,0,0,
1,2.76,0,16.6,29,0,0,0,15,0,0,0,0,-15,0,0,0,0,-0.00229183,0,0,0,0,0,0,0,0,0,1,78,60,0,0.00034,0.00034,3,5,0,0,0,0,0,0,0,0,0,0,1,0,0,0,0,0,0,0,0,0,0,,0,0,0,0,
2,3.35,0,14.55,40.5,0,0,0,4.45,0,0,0,0,-5,0,0,0,0,-0.00229183,0,0,0,0,0,0,0,0,0,1,89,60,0,0.00034,0.00034,3,0,0,0,0,0,0,0,0,0,0,0,1,0,0,0,0,0,0,0,0,0,0,,0,0,0,0,
3,5.78,0,13.95,29,0,0,0,-0.8,0,0,0,0,-18.5,0,0,0,0,-0.00229183,0,0,0,0,0,0,0,0,0,1,74,60,0,0.00034,0.00034,3,5,0,0,0,0,0,0,0,0,0,0,1,0,0,0,0,0,0,0,0,0,0,,0,0,0,0,
4,6.2,0,17.6,28,0,0,0,-3,0,0,0,0,-17,0,0,0,0,-0.00229183,0,0,0,0,0,0,0,0,0,1,73,60,0,0.00034,0.00034,3,5,0,0,0,0,0,0,0,0,0,0,1,0,0,0,0,0,0,0,0,0,0,,0,0,0,0,
END,Total:5
START,FrameNb:18,CameraNb:0,HeSaiNb:0,ARS410Nb:0
2026/08/02 21:39:27:322---->
heightOffset:0,1785677967322,475476,selfCaliBufCnt:0,selfAccObjCnt:0,selfAccAngle:0,installHAngleOffset:0,Interpolation:0,installVAngleOffset:0,radarOffsetH:0,radarOffsetV:0.32,Polynom:-0.001023;-0.0511;-2.047;0;0;0;-0.001023;-0.0511;-2.047;-25.5;0;0,WheelDirection:0;0;0;0,selfAngleOffset:0,selfAngleOffsetPit:0,currCaliAngleHrz:0,currCaliAnglePit:0,selfCaliAngleHrz:0,selfCaliAnglePit:0,servCaliAngleHrz:0,servCaliAnglePit:0,offlineCaliAngleHrz:0,offlineCaliAnglePit:0,determine2useFlag:0,IMU_Z_Accel:-21.592,IMU_X_AngularRate:-2.093,IMU_Y_AngularRate:-2.093,IMU_RollAngle:-180,IMU_PitchAngle:-180,IMU_YawAngle:-180,FcwID:0,FCWWarningLevel:0,FCWTTC:0
0,1.99,0,16.55,38,0,0,0,7.65,1.25452e-34,0,0,0,-6.5,0,0,0,0,-0.00229183,0,0,0,0,0,0,0,0,0,1,87,58,0,0.00034,0.00034,3,5,0,0,0,0,0,0,0,0,0,0,1,0,1,0,0,0,0,0,0,0,0,,0,0,0,0,
1,2.76,0,-7.3,30,0,0,0,-15,0,0,0,0,-17,0,0,0,0,-0.00229183,0,0,0,0,0,0,0,0,0,1,79,58,0,0.00034,0.00034,3,5,0,0,0,0,0,0,0,0,0,0,1,0,1,0,0,0,0,0,0,0,0,,0,0,0,0,
2,3.36,0,14.65,40.5,0,0,0,4.45,0,0,0,0,-5,0,0,0,0,-0.00229183,0,0,0,0,0,0,0,0,0,1,89,58,0,0.00034,0.00034,3,0,0,0,0,0,0,0,0,0,0,0,1,0,1,0,0,0,0,0,0,0,0,,0,0,0,0,
3,5.78,0,10.2,29,0,0,0,-1.45,0,0,0,0,-19.5,0,0,0,0,-0.00229183,0,0,0,0,0,0,0,0,0,1,74,58,0,0.00034,0.00034,3,5,0,0,0,0,0,0,0,0,0,0,1,0,1,0,0,0,0,0,0,0,0,,0,0,0,0,
4,6.23,0,17.55,28,0,0,0,-3,0,0,0,0,-17,0,0,0,0,-0.00229183,0,0,0,0,0,0,0,0,0,1,73,58,0,0.00034,0.00034,3,5,0,0,0,0,0,0,0,0,0,0,1,0,1,0,0,0,0,0,0,0,0,,0,0,0,0,
END,Total:5
START,FrameNb:19,CameraNb:0,HeSaiNb:0,ARS410Nb:0
2026/08/02 21:39:27:372---->
heightOffset:0,1785677967372,475528,selfCaliBufCnt:0,selfAccObjCnt:0,selfAccAngle:0,installHAngleOffset:0,Interpolation:0,installVAngleOffset:0,radarOffsetH:0,radarOffsetV:0.32,Polynom:-0.001023;-0.0511;-2.047;0;0;0;-0.001023;-0.0511;-2.047;-25.5;0;0,WheelDirection:0;0;0;0,selfAngleOffset:0,selfAngleOffsetPit:0,currCaliAngleHrz:0,currCaliAnglePit:0,selfCaliAngleHrz:0,selfCaliAnglePit:0,servCaliAngleHrz:0,servCaliAnglePit:0,offlineCaliAngleHrz:0,offlineCaliAnglePit:0,determine2useFlag:0,IMU_Z_Accel:-21.592,IMU_X_AngularRate:-2.093,IMU_Y_AngularRate:-2.093,IMU_RollAngle:-180,IMU_PitchAngle:-180,IMU_YawAngle:-180,FcwID:0,FCWWarningLevel:0,FCWTTC:0
0,1.99,0,16.55,38.5,0,0,0,7.65,1.25452e-34,0,0,0,-6.5,0,0,0,0,-0.00229183,0,0,0,0,0,0,0,0,0,1,87,58,0,0.00034,0.00034,3,5,0,0,0,0,0,0,0,0,0,0,1,0,0,0,0,0,0,0,0,0,0,,0,0,0,0,
1,2.76,0,16.65,29.5,0,0,0,15,0,0,0,0,-15,0,0,0,0,-0.00229183,0,0,0,0,0,0,0,0,0,1,78,58,0,0.00034,0.00034,3,5,0,0,0,0,0,0,0,0,0,0,1,0,0,0,0,0,0,0,0,0,0,,0,0,0,0,
2,3.37,0,14.7,40.5,0,0,0,4.75,0,0,0,0,-5,0,0,0,0,-0.00229183,0,0,0,0,0,0,0,0,0,1,89,58,0,0.00034,0.00034,3,0,0,0,0,0,0,0,0,0,0,0,1,0,0,0,0,0,0,0,0,0,0,,0,0,0,0,
3,5.38,0,11.5,24,0,0,0,11.95,0,0,0,0,-25,0,0,0,0,-0.00229183,0,0,0,0,0,0,0,0,0,1,69,58,0,0.00034,0.00034,3,5,0,0,0,0,0,0,0,0,0,0,1,0,0,0,0,0,0,0,0,0,0,,0,0,0,0,
4,5.8,0,-43.35,29,0,0,0,5.95,0,0,0,0,-4.5,0,0,0,0,-0.00229183,0,0,0,0,0,0,0,0,0,1,74,58,0,0.00034,0.00034,2,-1,0,0,0,0,0,0,0,0,0,0,1,0,0,0,0,0,0,0,0,0,0,,0,0,0,0,
5,6.2,0,17.5,28.5,0,0,0,-3,0,0,0,0,-16.5,0,0,0,0,-0.00229183,0,0,0,0,0,0,0,0,0,1,73,58,0,0.00034,0.00034,3,5,0,0,0,0,0,0,0,0,0,0,1,0,0,0,0,0,0,0,0,0,0,,0,0,0,0,
END,Total:6
START,FrameNb:20,CameraNb:0,HeSaiNb:0,ARS410Nb:0
2026/08/02 21:39:27:420---->
heightOffset:0,1785677967420,475588,selfCaliBufCnt:0,selfAccObjCnt:0,selfAccAngle:0,installHAngleOffset:0,Interpolation:0,installVAngleOffset:0,radarOffsetH:0,radarOffsetV:0.32,Polynom:-0.001023;-0.0511;-2.047;0;0;0;-0.001023;-0.0511;-2.047;-25.5;0;0,WheelDirection:0;0;0;0,selfAngleOffset:0,selfAngleOffsetPit:0,currCaliAngleHrz:0,currCaliAnglePit:0,selfCaliAngleHrz:0,selfCaliAnglePit:0,servCaliAngleHrz:0,servCaliAnglePit:0,offlineCaliAngleHrz:0,offlineCaliAnglePit:0,determine2useFlag:0,IMU_Z_Accel:-21.592,IMU_X_AngularRate:-2.093,IMU_Y_AngularRate:-2.093,IMU_RollAngle:-180,IMU_PitchAngle:-180,IMU_YawAngle:-180,FcwID:0,FCWWarningLevel:0,FCWTTC:0
0,1.99,0,16.55,38,0,0,0,7.65,1.25452e-34,0,0,0,-6.5,0,0,0,0,-0.00229183,0,0,0,0,0,0,0,0,0,1,87,54,0,0.00034,0.00034,3,5,0,0,0,0,0,0,0,0,0,0,1,0,1,0,0,0,0,0,0,0,0,,0,0,0,0,
1,2.75,0,16.7,29,0,0,0,15,0,0,0,0,-15,0,0,0,0,-0.00229183,0,0,0,0,0,0,0,0,0,1,78,54,0,0.00034,0.00034,3,5,0,0,0,0,0,0,0,0,0,0,1,0,1,0,0,0,0,0,0,0,0,,0,0,0,0,
2,3.37,0,14.8,40,0,0,0,3.9,0,0,0,0,-5,0,0,0,0,-0.00229183,0,0,0,0,0,0,0,0,0,1,89,54,0,0.00034,0.00034,3,0,0,0,0,0,0,0,0,0,0,0,1,0,1,0,0,0,0,0,0,0,0,,0,0,0,0,
3,5.81,0,-43.7,29,0,0,0,5.75,0,0,0,0,-4.5,0,0,0,0,-0.00229183,0,0,0,0,0,0,0,0,0,1,74,54,0,0.00034,0.00034,3,5,0,0,0,0,0,0,0,0,0,0,1,0,1,0,0,0,0,0,0,0,0,,0,0,0,0,
4,6.19,0,17.8,28.5,0,0,0,-3.2,0,0,0,0,-16,0,0,0,0,-0.00229183,0,0,0,0,0,0,0,0,0,1,74,54,0,0.00034,0.00034,3,5,0,0,0,0,0,0,0,0,0,0,1,0,1,0,0,0,0,0,0,0,0,,0,0,0,0,
END,Total:5
START,FrameNb:21,CameraNb:0,HeSaiNb:0,ARS410Nb:0
2026/08/02 21:39:27:476---->
heightOffset:0,1785677967476,475640,selfCaliBufCnt:0,selfAccObjCnt:0,selfAccAngle:0,installHAngleOffset:0,Interpolation:0,installVAngleOffset:0,radarOffsetH:0,radarOffsetV:0.32,Polynom:-0.001023;-0.0511;-2.047;0;0;0;-0.001023;-0.0511;-2.047;-25.5;0;0,WheelDirection:0;0;0;0,selfAngleOffset:0,selfAngleOffsetPit:0,currCaliAngleHrz:0,currCaliAnglePit:0,selfCaliAngleHrz:0,selfCaliAnglePit:0,servCaliAngleHrz:0,servCaliAnglePit:0,offlineCaliAngleHrz:0,offlineCaliAnglePit:0,determine2useFlag:0,IMU_Z_Accel:-21.592,IMU_X_AngularRate:-2.093,IMU_Y_AngularRate:-2.093,IMU_RollAngle:-180,IMU_PitchAngle:-180,IMU_YawAngle:-180,FcwID:0,FCWWarningLevel:0,FCWTTC:0
0,1.98,0,16.55,38,0,0,0,7.65,1.25452e-34,0,0,0,-6.5,0,0,0,0,-0.00229183,0,0,0,0,0,0,0,0,0,1,87,57,0,0.00034,0.00034,3,5,0,0,0,0,0,0,0,0,0,0,1,0,0,0,0,0,0,0,0,0,0,,0,0,0,0,
1,2.76,0,16.85,29,0,0,0,15,0,0,0,0,-15,0,0,0,0,-0.00229183,0,0,0,0,0,0,0,0,0,1,78,57,0,0.00034,0.00034,3,5,0,0,0,0,0,0,0,0,0,0,1,0,0,0,0,0,0,0,0,0,0,,0,0,0,0,
2,3.37,0,14.7,40,0,0,0,4.8,0,0,0,0,-5,0,0,0,0,-0.00229183,0,0,0,0,0,0,0,0,0,1,89,57,0,0.00034,0.00034,3,0,0,0,0,0,0,0,0,0,0,0,1,0,0,0,0,0,0,0,0,0,0,,0,0,0,0,
3,5.8,0,10.3,29,0,0,0,-1,0,0,0,0,-19.5,0,0,0,0,-0.00229183,0,0,0,0,0,0,0,0,0,1,74,57,0,0.00034,0.00034,3,5,0,0,0,0,0,0,0,0,0,0,1,0,0,0,0,0,0,0,0,0,0,,0,0,0,0,
4,6.21,0,17.65,28.5,0,0,0,-2.8,0,0,0,0,-16.5,0,0,0,0,-0.00229183,0,0,0,0,0,0,0,0,0,1,74,57,0,0.00034,0.00034,3,5,0,0,0,0,0,0,0,0,0,0,1,0,0,0,0,0,0,0,0,0,0,,0,0,0,0,
END,Total:5
START,FrameNb:22,CameraNb:0,HeSaiNb:0,ARS410Nb:0
2026/08/02 21:39:27:574---->
heightOffset:0,1785677967574,475696,selfCaliBufCnt:0,selfAccObjCnt:0,selfAccAngle:0,installHAngleOffset:0,Interpolation:0,installVAngleOffset:0,radarOffsetH:0,radarOffsetV:0.32,Polynom:-0.001023;-0.0511;-2.047;0;0;0;-0.001023;-0.0511;-2.047;-25.5;0;0,WheelDirection:0;0;0;0,selfAngleOffset:0,selfAngleOffsetPit:0,currCaliAngleHrz:0,currCaliAnglePit:0,selfCaliAngleHrz:0,selfCaliAnglePit:0,servCaliAngleHrz:0,servCaliAnglePit:0,offlineCaliAngleHrz:0,offlineCaliAnglePit:0,determine2useFlag:0,IMU_Z_Accel:-21.592,IMU_X_AngularRate:-2.093,IMU_Y_AngularRate:-2.093,IMU_RollAngle:-180,IMU_PitchAngle:-180,IMU_YawAngle:-180,FcwID:0,FCWWarningLevel:0,FCWTTC:0
0,1.99,0,16.55,38,0,0,0,7.7,1.25452e-34,0,0,0,-6.5,0,0,0,0,-0.00229183,0,0,0,0,0,0,0,0,0,1,87,54,0,0.00034,0.00034,3,5,0,0,0,0,0,0,0,0,0,0,1,0,1,0,0,0,0,0,0,0,0,,0,0,0,0,
1,3.36,0,14.55,40,0,0,0,4.45,0,0,0,0,-5,0,0,0,0,-0.00229183,0,0,0,0,0,0,0,0,0,1,89,54,0,0.00034,0.00034,3,0,0,0,0,0,0,0,0,0,0,0,1,0,1,0,0,0,0,0,0,0,0,,0,0,0,0,
2,5.8,0,-43.7,28.5,0,0,0,5.55,0,0,0,0,-4.5,0,0,0,0,-0.00229183,0,0,0,0,0,0,0,0,0,1,74,54,0,0.00034,0.00034,2,-1,0,0,0,0,0,0,0,0,0,0,1,0,1,0,0,0,0,0,0,0,0,,0,0,0,0,
3,6.09,0,17.55,28.5,0,0,0,-2.8,0,0,0,0,-16,0,0,0,0,-0.00229183,0,0,0,0,0,0,0,0,0,1,74,54,0,0.00034,0.00034,3,5,0,0,0,0,0,0,0,0,0,0,1,0,1,0,0,0,0,0,0,0,0,,0,0,0,0,
END,Total:4
START,FrameNb:23,CameraNb:0,HeSaiNb:0,ARS410Nb:0
2026/08/02 21:39:27:630---->
heightOffset:0,1785677967630,475752,selfCaliBufCnt:0,selfAccObjCnt:0,selfAccAngle:0,installHAngleOffset:0,Interpolation:0,installVAngleOffset:0,radarOffsetH:0,radarOffsetV:0.32,Polynom:-0.001023;-0.0511;-2.047;0;0;0;-0.001023;-0.0511;-2.047;-25.5;0;0,WheelDirection:0;0;0;0,selfAngleOffset:0,selfAngleOffsetPit:0,currCaliAngleHrz:0,currCaliAnglePit:0,selfCaliAngleHrz:0,selfCaliAnglePit:0,servCaliAngleHrz:0,servCaliAnglePit:0,offlineCaliAngleHrz:0,offlineCaliAnglePit:0,determine2useFlag:0,IMU_Z_Accel:-21.592,IMU_X_AngularRate:-2.093,IMU_Y_AngularRate:-2.093,IMU_RollAngle:-180,IMU_PitchAngle:-180,IMU_YawAngle:-180,FcwID:0,FCWWarningLevel:0,FCWTTC:0
0,1.99,0,16.55,38,0,0,0,7.65,1.25452e-34,0,0,0,-6.5,0,0,0,0,-0.00229183,0,0,0,0,0,0,0,0,0,1,87,57,0,0.00034,0.00034,3,5,0,0,0,0,0,0,0,0,0,0,1,0,0,0,0,0,0,0,0,0,0,,0,0,0,0,
1,2.76,0,16.55,29,0,0,0,15,0,0,0,0,-15,0,0,0,0,-0.00229183,0,0,0,0,0,0,0,0,0,1,78,57,0,0.00034,0.00034,3,5,0,0,0,0,0,0,0,0,0,0,1,0,0,0,0,0,0,0,0,0,0,,0,0,0,0,
2,3.24,0.1,20.95,22,0,0,0,-4.6,0,0,0,0,-20.5,0,0,0,0,-0.00229183,0,0,0,0,0,0,0,0,0,1,70,57,0,0.00034,0.00034,3,5,0,0,0,0,0,0,0,0,0,0,1,0,0,0,0,0,0,0,0,0,0,,0,0,0,0,
3,3.37,0,14.7,40,0,0,0,4.75,0,0,0,0,-5,0,0,0,0,-0.00229183,0,0,0,0,0,0,0,0,0,1,89,57,0,0.00034,0.00034,3,0,0,0,0,0,0,0,0,0,0,0,1,0,0,0,0,0,0,0,0,0,0,,0,0,0,0,
4,5.79,0,10.45,29.5,0,0,0,-1.25,0,0,0,0,-19,0,0,0,0,-0.00229183,0,0,0,0,0,0,0,0,0,1,74,57,0,0.00034,0.00034,3,5,0,0,0,0,0,0,0,0,0,0,1,0,0,0,0,0,0,0,0,0,0,,0,0,0,0,
5,6.21,0,17.45,28.5,0,0,0,-2.95,0,0,0,0,-16,0,0,0,0,-0.00229183,0,0,0,0,0,0,0,0,0,1,74,57,0,0.00034,0.00034,3,5,0,0,0,0,0,0,0,0,0,0,1,0,0,0,0,0,0,0,0,0,0,,0,0,0,0,
END,Total:6
START,FrameNb:24,CameraNb:0,HeSaiNb:0,ARS410Nb:0
2026/08/02 21:39:27:669---->
heightOffset:0,1785677967669,475808,selfCaliBufCnt:0,selfAccObjCnt:0,selfAccAngle:0,installHAngleOffset:0,Interpolation:0,installVAngleOffset:0,radarOffsetH:0,radarOffsetV:0.32,Polynom:-0.001023;-0.0511;-2.047;0;0;0;-0.001023;-0.0511;-2.047;-25.5;0;0,WheelDirection:0;0;0;0,selfAngleOffset:0,selfAngleOffsetPit:0,currCaliAngleHrz:0,currCaliAnglePit:0,selfCaliAngleHrz:0,selfCaliAnglePit:0,servCaliAngleHrz:0,servCaliAnglePit:0,offlineCaliAngleHrz:0,offlineCaliAnglePit:0,determine2useFlag:0,IMU_Z_Accel:-21.592,IMU_X_AngularRate:-2.093,IMU_Y_AngularRate:-2.093,IMU_RollAngle:-180,IMU_PitchAngle:-180,IMU_YawAngle:-180,FcwID:0,FCWWarningLevel:0,FCWTTC:0
0,1.99,0,16.55,38,0,0,0,7.7,1.25452e-34,0,0,0,-6.5,0,0,0,0,-0.00229183,0,0,0,0,0,0,0,0,0,1,87,53,0,0.00034,0.00034,3,5,0,0,0,0,0,0,0,0,0,0,1,0,1,0,0,0,0,0,0,0,0,,0,0,0,0,
1,3.36,0,14.65,40,0,0,0,4.2,0,0,0,0,-5,0,0,0,0,-0.00229183,0,0,0,0,0,0,0,0,0,1,89,53,0,0.00034,0.00034,3,0,0,0,0,0,0,0,0,0,0,0,1,0,1,0,0,0,0,0,0,0,0,,0,0,0,0,
2,3.25,0.15,20.6,22,0,0,0,-4.7,0,0,0,0,-20.5,0,0,0,0,-0.00229183,0,0,0,0,0,0,0,0,0,1,71,53,0,0.00034,0.00034,3,5,0,0,0,0,0,0,0,0,0,0,1,0,1,0,0,0,0,0,0,0,0,,0,0,0,0,
3,5.79,0,-44.3,28.5,0,0,0,5.95,0,0,0,0,-4,0,0,0,0,-0.00229183,0,0,0,0,0,0,0,0,0,1,73,53,0,0.00034,0.00034,2,-1,0,0,0,0,0,0,0,0,0,0,1,0,1,0,0,0,0,0,0,0,0,,0,0,0,0,
4,6.22,0,17.5,28,0,0,0,-3.2,0,0,0,0,-16,0,0,0,0,-0.00229183,0,0,0,0,0,0,0,0,0,1,74,53,0,0.00034,0.00034,3,5,0,0,0,0,0,0,0,0,0,0,1,0,1,0,0,0,0,0,0,0,0,,0,0,0,0,
END,Total:5
START,FrameNb:25,CameraNb:0,HeSaiNb:0,ARS410Nb:0
2026/08/02 21:39:27:723---->
heightOffset:0,1785677967723,475868,selfCaliBufCnt:0,selfAccObjCnt:0,selfAccAngle:0,installHAngleOffset:0,Interpolation:0,installVAngleOffset:0,radarOffsetH:0,radarOffsetV:0.32,Polynom:-0.001023;-0.0511;-2.047;0;0;0;-0.001023;-0.0511;-2.047;-25.5;0;0,WheelDirection:0;0;0;0,selfAngleOffset:0,selfAngleOffsetPit:0,currCaliAngleHrz:0,currCaliAnglePit:0,selfCaliAngleHrz:0,selfCaliAnglePit:0,servCaliAngleHrz:0,servCaliAnglePit:0,offlineCaliAngleHrz:0,offlineCaliAnglePit:0,determine2useFlag:0,IMU_Z_Accel:-21.592,IMU_X_AngularRate:-2.093,IMU_Y_AngularRate:-2.093,IMU_RollAngle:-180,IMU_PitchAngle:-180,IMU_YawAngle:-180,FcwID:0,FCWWarningLevel:0,FCWTTC:0
0,1.98,0,16.55,38,0,0,0,7.65,1.25452e-34,0,0,0,-6.5,0,0,0,0,-0.00229183,0,0,0,0,0,0,0,0,0,1,87,63,0,0.00034,0.00034,3,5,0,0,0,0,0,0,0,0,0,0,1,0,0,0,0,0,0,0,0,0,0,,0,0,0,0,
1,3.27,0.2,20.4,21,0,0,0,-4.8,0,0,0,0,-21,0,0,0,0,-0.00229183,0,0,0,0,0,0,0,0,0,1,70,63,0,0.00034,0.00034,3,0,0,0,0,0,0,0,0,0,0,0,1,0,0,0,0,0,0,0,0,0,0,,0,0,0,0,
2,3.37,0,14.7,40,0,0,0,4.8,0,0,0,0,-5,0,0,0,0,-0.00229183,0,0,0,0,0,0,0,0,0,1,89,63,0,0.00034,0.00034,3,0,0,0,0,0,0,0,0,0,0,0,1,0,0,0,0,0,0,0,0,0,0,,0,0,0,0,
3,5.74,0,-44.05,28.5,0,0,0,6,0,0,0,0,-3.5,0,0,0,0,-0.00229183,0,0,0,0,0,0,0,0,0,1,74,63,0,0.00034,0.00034,3,5,0,0,0,0,0,0,0,0,0,0,1,0,0,0,0,0,0,0,0,0,0,,0,0,0,0,
4,6.2,0,17.3,28.5,0,0,0,-2.95,0,0,0,0,-16,0,0,0,0,-0.00229183,0,0,0,0,0,0,0,0,0,1,74,63,0,0.00034,0.00034,3,5,0,0,0,0,0,0,0,0,0,0,1,0,0,0,0,0,0,0,0,0,0,,0,0,0,0,
END,Total:5
START,FrameNb:26,CameraNb:0,HeSaiNb:0,ARS410Nb:0
2026/08/02 21:39:27:766---->
heightOffset:0,1785677967766,475928,selfCaliBufCnt:0,selfAccObjCnt:0,selfAccAngle:0,installHAngleOffset:0,Interpolation:0,installVAngleOffset:0,radarOffsetH:0,radarOffsetV:0.32,Polynom:-0.001023;-0.0511;-2.047;0;0;0;-0.001023;-0.0511;-2.047;-25.5;0;0,WheelDirection:0;0;0;0,selfAngleOffset:0,selfAngleOffsetPit:0,currCaliAngleHrz:0,currCaliAnglePit:0,selfCaliAngleHrz:0,selfCaliAnglePit:0,servCaliAngleHrz:0,servCaliAnglePit:0,offlineCaliAngleHrz:0,offlineCaliAnglePit:0,determine2useFlag:0,IMU_Z_Accel:-21.592,IMU_X_AngularRate:-2.093,IMU_Y_AngularRate:-2.093,IMU_RollAngle:-180,IMU_PitchAngle:-180,IMU_YawAngle:-180,FcwID:0,FCWWarningLevel:0,FCWTTC:0
0,1.99,0,16.55,38,0,0,0,7.65,1.25452e-34,0,0,0,-6.5,0,0,0,0,-0.00229183,0,0,0,0,0,0,0,0,0,1,87,57,0,0.00034,0.00034,3,5,0,0,0,0,0,0,0,0,0,0,1,0,1,0,0,0,0,0,0,0,0,,0,0,0,0,
1,2.76,0,-8.7,29.5,0,0,0,-13.05,0,0,0,0,-17.5,0,0,0,0,-0.00229183,0,0,0,0,0,0,0,0,0,1,79,57,0,0.00034,0.00034,3,5,0,0,0,0,0,0,0,0,0,0,1,0,1,0,0,0,0,0,0,0,0,,0,0,0,0,
2,3.36,0,14.55,40,0,0,0,4.45,0,0,0,0,-5,0,0,0,0,-0.00229183,0,0,0,0,0,0,0,0,0,1,89,57,0,0.00034,0.00034,3,0,0,0,0,0,0,0,0,0,0,0,1,0,1,0,0,0,0,0,0,0,0,,0,0,0,0,
3,3.22,0.1,-54.45,24.5,0,0,0,0.65,0,0,0,0,1.5,0,0,0,0,-0.00229183,0,0,0,0,0,0,0,0,0,1,73,57,0,0.00034,0.00034,3,0,0,0,0,0,0,0,0,0,0,0,1,0,1,0,0,0,0,0,0,0,0,,0,0,0,0,
4,5.4,0,24.8,23.5,0,0,0,10.75,0,0,0,0,-19.5,0,0,0,0,-0.00229183,0,0,0,0,0,0,0,0,0,1,68,57,0,0.00034,0.00034,3,5,0,0,0,0,0,0,0,0,0,0,1,0,1,0,0,0,0,0,0,0,0,,0,0,0,0,
5,5.8,0,-45.2,27.5,0,0,0,5.95,0,0,0,0,-3.5,0,0,0,0,-0.00229183,0,0,0,0,0,0,0,0,0,1,73,57,0,0.00034,0.00034,3,5,0,0,0,0,0,0,0,0,0,0,1,0,1,0,0,0,0,0,0,0,0,,0,0,0,0,
6,6.2,0,17.4,28.5,0,0,0,-2.95,0,0,0,0,-16,0,0,0,0,-0.00229183,0,0,0,0,0,0,0,0,0,1,74,57,0,0.00034,0.00034,3,5,0,0,0,0,0,0,0,0,0,0,1,0,1,0,0,0,0,0,0,0,0,,0,0,0,0,
END,Total:7
START,FrameNb:27,CameraNb:0,HeSaiNb:0,ARS410Nb:0
2026/08/02 21:39:27:825---->
heightOffset:0,1785677967825,475984,selfCaliBufCnt:0,selfAccObjCnt:0,selfAccAngle:0,installHAngleOffset:0,Interpolation:0,installVAngleOffset:0,radarOffsetH:0,radarOffsetV:0.32,Polynom:-0.001023;-0.0511;-2.047;0;0;0;-0.001023;-0.0511;-2.047;-25.5;0;0,WheelDirection:0;0;0;0,selfAngleOffset:0,selfAngleOffsetPit:0,currCaliAngleHrz:0,currCaliAnglePit:0,selfCaliAngleHrz:0,selfCaliAnglePit:0,servCaliAngleHrz:0,servCaliAnglePit:0,offlineCaliAngleHrz:0,offlineCaliAnglePit:0,determine2useFlag:0,IMU_Z_Accel:-21.592,IMU_X_AngularRate:-2.093,IMU_Y_AngularRate:-2.093,IMU_RollAngle:-180,IMU_PitchAngle:-180,IMU_YawAngle:-180,FcwID:0,FCWWarningLevel:0,FCWTTC:0
0,1.98,0,16.55,38,0,0,0,7.65,1.25452e-34,0,0,0,-6.5,0,0,0,0,-0.00229183,0,0,0,0,0,0,0,0,0,1,87,58,0,0.00034,0.00034,3,5,0,0,0,0,0,0,0,0,0,0,1,0,0,0,0,0,0,0,0,0,0,,0,0,0,0,
1,3.38,0,14.7,39.5,0,0,0,4.8,0,0,0,0,-5.5,0,0,0,0,-0.00229183,0,0,0,0,0,0,0,0,0,1,88,58,0,0.00034,0.00034,3,0,0,0,0,0,0,0,0,0,0,0,1,0,0,0,0,0,0,0,0,0,0,,0,0,0,0,
2,5.79,0,14.5,27.5,0,0,0,-0.35,0,0,0,0,-20,0,0,0,0,-0.00229183,0,0,0,0,0,0,0,0,0,1,72,58,0,0.00034,0.00034,3,5,0,0,0,0,0,0,0,0,0,0,1,0,0,0,0,0,0,0,0,0,0,,0,0,0,0,
3,6.09,0,17.7,28,0,0,0,-3,0,0,0,0,-16.5,0,0,0,0,-0.00229183,0,0,0,0,0,0,0,0,0,1,74,58,0,0.00034,0.00034,3,5,0,0,0,0,0,0,0,0,0,0,1,0,0,0,0,0,0,0,0,0,0,,0,0,0,0,
END,Total:4
START,FrameNb:28,CameraNb:0,HeSaiNb:0,ARS410Nb:0
2026/08/02 21:39:27:880---->
heightOffset:0,1785677967880,476040,selfCaliBufCnt:0,selfAccObjCnt:0,selfAccAngle:0,installHAngleOffset:0,Interpolation:0,installVAngleOffset:0,radarOffsetH:0,radarOffsetV:0.32,Polynom:-0.001023;-0.0511;-2.047;0;0;0;-0.001023;-0.0511;-2.047;-25.5;0;0,WheelDirection:0;0;0;0,selfAngleOffset:0,selfAngleOffsetPit:0,currCaliAngleHrz:0,currCaliAnglePit:0,selfCaliAngleHrz:0,selfCaliAnglePit:0,servCaliAngleHrz:0,servCaliAnglePit:0,offlineCaliAngleHrz:0,offlineCaliAnglePit:0,determine2useFlag:0,IMU_Z_Accel:-21.592,IMU_X_AngularRate:-2.093,IMU_Y_AngularRate:-2.093,IMU_RollAngle:-180,IMU_PitchAngle:-180,IMU_YawAngle:-180,FcwID:0,FCWWarningLevel:0,FCWTTC:0
0,1.99,0,16.55,38,0,0,0,7.7,1.25452e-34,0,0,0,-6.5,0,0,0,0,-0.00229183,0,0,0,0,0,0,0,0,0,1,87,54,0,0.00034,0.00034,3,5,0,0,0,0,0,0,0,0,0,0,1,0,1,0,0,0,0,0,0,0,0,,0,0,0,0,
1,2.76,0,16.7,29,0,0,0,-14.3,0,0,0,0,-14.5,0,0,0,0,-0.00229183,0,0,0,0,0,0,0,0,0,1,79,54,0,0.00034,0.00034,3,5,0,0,0,0,0,0,0,0,0,0,1,0,1,0,0,0,0,0,0,0,0,,0,0,0,0,
2,3.36,0,14.4,40,0,0,0,4.2,0,0,0,0,-5,0,0,0,0,-0.00229183,0,0,0,0,0,0,0,0,0,1,89,54,0,0.00034,0.00034,3,0,0,0,0,0,0,0,0,0,0,0,1,0,1,0,0,0,0,0,0,0,0,,0,0,0,0,
3,5.77,0,-45.7,29.5,0,0,0,6.25,0,0,0,0,-1.5,0,0,0,0,-0.00229183,0,0,0,0,0,0,0,0,0,1,75,54,0,0.00034,0.00034,2,-1,0,0,0,0,0,0,0,0,0,0,1,0,1,0,0,0,0,0,0,0,0,,0,0,0,0,
4,6.05,0,17.7,27.5,0,0,0,-2.95,0,0,0,0,-17,0,0,0,0,-0.00229183,0,0,0,0,0,0,0,0,0,1,73,54,0,0.00034,0.00034,3,5,0,0,0,0,0,0,0,0,0,0,1,0,1,0,0,0,0,0,0,0,0,,0,0,0,0,
END,Total:5
START,FrameNb:29,CameraNb:0,HeSaiNb:0,ARS410Nb:0
2026/08/02 21:39:27:921---->
heightOffset:0,1785677967921,476092,selfCaliBufCnt:0,selfAccObjCnt:0,selfAccAngle:0,installHAngleOffset:0,Interpolation:0,installVAngleOffset:0,radarOffsetH:0,radarOffsetV:0.32,Polynom:-0.001023;-0.0511;-2.047;0;0;0;-0.001023;-0.0511;-2.047;-25.5;0;0,WheelDirection:0;0;0;0,selfAngleOffset:0,selfAngleOffsetPit:0,currCaliAngleHrz:0,currCaliAnglePit:0,selfCaliAngleHrz:0,selfCaliAnglePit:0,servCaliAngleHrz:0,servCaliAnglePit:0,offlineCaliAngleHrz:0,offlineCaliAnglePit:0,determine2useFlag:0,IMU_Z_Accel:-21.592,IMU_X_AngularRate:-2.093,IMU_Y_AngularRate:-2.093,IMU_RollAngle:-180,IMU_PitchAngle:-180,IMU_YawAngle:-180,FcwID:0,FCWWarningLevel:0,FCWTTC:0
0,1.99,0,16.55,38,0,0,0,7.65,1.25452e-34,0,0,0,-6.5,0,0,0,0,-0.00229183,0,0,0,0,0,0,0,0,0,1,87,57,0,0.00034,0.00034,3,5,0,0,0,0,0,0,0,0,0,0,1,0,0,0,0,0,0,0,0,0,0,,0,0,0,0,
1,3.36,0,14.6,40,0,0,0,4.55,0,0,0,0,-5,0,0,0,0,-0.00229183,0,0,0,0,0,0,0,0,0,1,89,57,0,0.00034,0.00034,3,0,0,0,0,0,0,0,0,0,0,0,1,0,0,0,0,0,0,0,0,0,0,,0,0,0,0,
2,5.81,0,14.45,29.5,0,0,0,-0.7,0,0,0,0,-18,0,0,0,0,-0.00229183,0,0,0,0,0,0,0,0,0,1,74,57,0,0.00034,0.00034,3,5,0,0,0,0,0,0,0,0,0,0,1,0,0,0,0,0,0,0,0,0,0,,0,0,0,0,
3,6.23,0,17.6,28,0,0,0,-2.95,0,0,0,0,-16.5,0,0,0,0,-0.00229183,0,0,0,0,0,0,0,0,0,1,73,57,0,0.00034,0.00034,3,5,0,0,0,0,0,0,0,0,0,0,1,0,0,0,0,0,0,0,0,0,0,,0,0,0,0,
END,Total:4
START,FrameNb:30,CameraNb:0,HeSaiNb:0,ARS410Nb:0
2026/08/02 21:39:28:028---->
heightOffset:0,1785677968028,476152,selfCaliBufCnt:0,selfAccObjCnt:0,selfAccAngle:0,installHAngleOffset:0,Interpolation:0,installVAngleOffset:0,radarOffsetH:0,radarOffsetV:0.32,Polynom:-0.001023;-0.0511;-2.047;0;0;0;-0.001023;-0.0511;-2.047;-25.5;0;0,WheelDirection:0;0;0;0,selfAngleOffset:0,selfAngleOffsetPit:0,currCaliAngleHrz:0,currCaliAnglePit:0,selfCaliAngleHrz:0,selfCaliAnglePit:0,servCaliAngleHrz:0,servCaliAnglePit:0,offlineCaliAngleHrz:0,offlineCaliAnglePit:0,determine2useFlag:0,IMU_Z_Accel:-21.592,IMU_X_AngularRate:-2.093,IMU_Y_AngularRate:-2.093,IMU_RollAngle:-180,IMU_PitchAngle:-180,IMU_YawAngle:-180,FcwID:0,FCWWarningLevel:0,FCWTTC:0
0,1.99,0,16.55,38,0,0,0,7.65,1.25452e-34,0,0,0,-6.5,0,0,0,0,-0.00229183,0,0,0,0,0,0,0,0,0,1,87,54,0,0.00034,0.00034,3,5,0,0,0,0,0,0,0,0,0,0,1,0,1,0,0,0,0,0,0,0,0,,0,0,0,0,
1,3.37,0,14.7,40,0,0,0,4.75,0,0,0,0,-5.5,0,0,0,0,-0.00229183,0,0,0,0,0,0,0,0,0,1,89,54,0,0.00034,0.00034,3,0,0,0,0,0,0,0,0,0,0,0,1,0,1,0,0,0,0,0,0,0,0,,0,0,0,0,
2,5.82,0,10.7,29,0,0,0,-0.05,0,0,0,0,-19,0,0,0,0,-0.00229183,0,0,0,0,0,0,0,0,0,1,74,54,0,0.00034,0.00034,3,5,0,0,0,0,0,0,0,0,0,0,1,0,1,0,0,0,0,0,0,0,0,,0,0,0,0,
3,6.23,0,17.7,26,0,0,0,-0.45,0,0,0,0,-18.5,0,0,0,0,-0.00229183,0,0,0,0,0,0,0,0,0,1,71,54,0,0.00034,0.00034,3,5,0,0,0,0,0,0,0,0,0,0,1,0,1,0,0,0,0,0,0,0,0,,0,0,0,0,
END,Total:4
START,FrameNb:31,CameraNb:0,HeSaiNb:0,ARS410Nb:0
2026/08/02 21:39:28:072---->
heightOffset:0,1785677968072,476204,selfCaliBufCnt:0,selfAccObjCnt:0,selfAccAngle:0,installHAngleOffset:0,Interpolation:0,installVAngleOffset:0,radarOffsetH:0,radarOffsetV:0.32,Polynom:-0.001023;-0.0511;-2.047;0;0;0;-0.001023;-0.0511;-2.047;-25.5;0;0,WheelDirection:0;0;0;0,selfAngleOffset:0,selfAngleOffsetPit:0,currCaliAngleHrz:0,currCaliAnglePit:0,selfCaliAngleHrz:0,selfCaliAnglePit:0,servCaliAngleHrz:0,servCaliAnglePit:0,offlineCaliAngleHrz:0,offlineCaliAnglePit:0,determine2useFlag:0,IMU_Z_Accel:-21.592,IMU_X_AngularRate:-2.093,IMU_Y_AngularRate:-2.093,IMU_RollAngle:-180,IMU_PitchAngle:-180,IMU_YawAngle:-180,FcwID:0,FCWWarningLevel:0,FCWTTC:0
0,1.98,0,16.55,38,0,0,0,7.65,1.25452e-34,0,0,0,-6.5,0,0,0,0,-0.00229183,0,0,0,0,0,0,0,0,0,1,87,57,0,0.00034,0.00034,3,5,0,0,0,0,0,0,0,0,0,0,1,0,0,0,0,0,0,0,0,0,0,,0,0,0,0,
1,2.75,0,-8.8,29.5,0,0,0,-13.45,0,0,0,0,-17.5,0,0,0,0,-0.00229183,0,0,0,0,0,0,0,0,0,1,79,57,0,0.00034,0.00034,3,5,0,0,0,0,0,0,0,0,0,0,1,0,0,0,0,0,0,0,0,0,0,,0,0,0,0,
2,3.37,0,14.65,40,0,0,0,4.75,0,0,0,0,-5.5,0,0,0,0,-0.00229183,0,0,0,0,0,0,0,0,0,1,88,57,0,0.00034,0.00034,3,0,0,0,0,0,0,0,0,0,0,0,1,0,0,0,0,0,0,0,0,0,0,,0,0,0,0,
3,5.22,0,-42.3,23.5,0,0,0,3.45,0,0,0,0,-10.5,0,0,0,0,-0.00229183,0,0,0,0,0,0,0,0,0,1,69,57,0,0.00034,0.00034,2,-1,0,0,0,0,0,0,0,0,0,0,1,0,0,0,0,0,0,0,0,0,0,,0,0,0,0,
4,5.82,0,-46.05,28.5,0,0,0,6.8,0,0,0,0,-2,0,0,0,0,-0.00229183,0,0,0,0,0,0,0,0,0,1,73,57,0,0.00034,0.00034,2,-1,0,0,0,0,0,0,0,0,0,0,1,0,0,0,0,0,0,0,0,0,0,,0,0,0,0,
END,Total:5
START,FrameNb:32,CameraNb:0,HeSaiNb:0,ARS410Nb:0
2026/08/02 21:39:28:128---->
heightOffset:0,1785677968128,476264,selfCaliBufCnt:0,selfAccObjCnt:0,selfAccAngle:0,installHAngleOffset:0,Interpolation:0,installVAngleOffset:0,radarOffsetH:0,radarOffsetV:0.32,Polynom:-0.001023;-0.0511;-2.047;0;0;0;-0.001023;-0.0511;-2.047;-25.5;0;0,WheelDirection:0;0;0;0,selfAngleOffset:0,selfAngleOffsetPit:0,currCaliAngleHrz:0,currCaliAnglePit:0,selfCaliAngleHrz:0,selfCaliAnglePit:0,servCaliAngleHrz:0,servCaliAnglePit:0,offlineCaliAngleHrz:0,offlineCaliAnglePit:0,determine2useFlag:0,IMU_Z_Accel:-21.592,IMU_X_AngularRate:-2.093,IMU_Y_AngularRate:-2.093,IMU_RollAngle:-180,IMU_PitchAngle:-180,IMU_YawAngle:-180,FcwID:0,FCWWarningLevel:0,FCWTTC:0
0,1.98,0,16.55,38,0,0,0,7.7,1.25452e-34,0,0,0,-6.5,0,0,0,0,-0.00229183,0,0,0,0,0,0,0,0,0,1,87,57,0,0.00034,0.00034,3,5,0,0,0,0,0,0,0,0,0,0,1,0,1,0,0,0,0,0,0,0,0,,0,0,0,0,
1,2.76,0,-6.65,30,0,0,0,-15,0,0,0,0,-17,0,0,0,0,-0.00229183,0,0,0,0,0,0,0,0,0,1,79,57,0,0.00034,0.00034,3,5,0,0,0,0,0,0,0,0,0,0,1,0,1,0,0,0,0,0,0,0,0,,0,0,0,0,
2,3.36,0,14.55,40,0,0,0,4.45,0,0,0,0,-5,0,0,0,0,-0.00229183,0,0,0,0,0,0,0,0,0,1,89,57,0,0.00034,0.00034,3,0,0,0,0,0,0,0,0,0,0,0,1,0,1,0,0,0,0,0,0,0,0,,0,0,0,0,
3,3.48,0.1,9.05,20,0,0,0,-1,0,0,0,0,-26,0,0,0,0,-0.00229183,0,0,0,0,0,0,0,0,0,1,69,57,0,0.00034,0.00034,3,5,0,0,0,0,0,0,0,0,0,0,1,0,1,0,0,0,0,0,0,0,0,,0,0,0,0,
4,5.23,0,16.45,23,0,0,0,-2.7,0,0,0,0,-24,0,0,0,0,-0.00229183,0,0,0,0,0,0,0,0,0,1,68,57,0,0.00034,0.00034,3,5,0,0,0,0,0,0,0,0,0,0,1,0,1,0,0,0,0,0,0,0,0,,0,0,0,0,
5,5.81,0,10.7,28,0,0,0,-0.05,0,0,0,0,-20.5,0,0,0,0,-0.00229183,0,0,0,0,0,0,0,0,0,1,73,57,0,0.00034,0.00034,3,5,0,0,0,0,0,0,0,0,0,0,1,0,1,0,0,0,0,0,0,0,0,,0,0,0,0,
END,Total:6
START,FrameNb:33,CameraNb:0,HeSaiNb:0,ARS410Nb:0
2026/08/02 21:39:28:169---->
heightOffset:0,1785677968169,476324,selfCaliBufCnt:0,selfAccObjCnt:0,selfAccAngle:0,installHAngleOffset:0,Interpolation:0,installVAngleOffset:0,radarOffsetH:0,radarOffsetV:0.32,Polynom:-0.001023;-0.0511;-2.047;0;0;0;-0.001023;-0.0511;-2.047;-25.5;0;0,WheelDirection:0;0;0;0,selfAngleOffset:0,selfAngleOffsetPit:0,currCaliAngleHrz:0,currCaliAnglePit:0,selfCaliAngleHrz:0,selfCaliAnglePit:0,servCaliAngleHrz:0,servCaliAnglePit:0,offlineCaliAngleHrz:0,offlineCaliAnglePit:0,determine2useFlag:0,IMU_Z_Accel:-21.592,IMU_X_AngularRate:-2.093,IMU_Y_AngularRate:-2.093,IMU_RollAngle:-180,IMU_PitchAngle:-180,IMU_YawAngle:-180,FcwID:0,FCWWarningLevel:0,FCWTTC:0
0,1.99,0,16.55,38,0,0,0,7.65,1.25452e-34,0,0,0,-6.5,0,0,0,0,-0.00229183,0,0,0,0,0,0,0,0,0,1,87,62,0,0.00034,0.00034,3,5,0,0,0,0,0,0,0,0,0,0,1,0,0,0,0,0,0,0,0,0,0,,0,0,0,0,
1,2.76,0,66.8,29.5,0,0,0,-9.95,0,0,0,0,17.5,0,0,0,0,-0.00229183,0,0,0,0,0,0,0,0,0,1,79,62,0,0.00034,0.00034,2,-1,0,0,0,0,0,0,0,0,0,0,1,0,0,0,0,0,0,0,0,0,0,,0,0,0,0,
2,3.36,0,14.35,40,0,0,0,3.65,0,0,0,0,-5,0,0,0,0,-0.00229183,0,0,0,0,0,0,0,0,0,1,89,62,0,0.00034,0.00034,3,0,0,0,0,0,0,0,0,0,0,0,1,0,0,0,0,0,0,0,0,0,0,,0,0,0,0,
3,3.36,0,11.5,40,0,0,0,-7.85,0,0,0,0,-6,0,0,0,0,-0.00229183,0,0,0,0,0,0,0,0,0,1,89,62,0,0.00034,0.00034,3,0,0,0,0,0,0,0,0,0,0,0,1,0,0,0,0,0,0,0,0,0,0,,0,0,0,0,
4,3.36,0.25,19.9,23,0,0,0,-3.85,0,0,0,0,-19,0,0,0,0,-0.00229183,0,0,0,0,0,0,0,0,0,1,72,62,0,0.00034,0.00034,3,5,0,0,0,0,0,0,0,0,0,0,1,0,0,0,0,0,0,0,0,0,0,,0,0,0,0,
5,3.43,0.25,9.45,20.5,0,0,0,-0.1,0,0,0,0,-25.5,0,0,0,0,-0.00229183,0,0,0,0,0,0,0,0,0,1,69,62,0,0.00034,0.00034,3,5,0,0,0,0,0,0,0,0,0,0,1,0,0,0,0,0,0,0,0,0,0,,0,0,0,0,
6,5.25,0,-37.8,22.5,0,0,0,6.7,0,0,0,0,-16.5,0,0,0,0,-0.00229183,0,0,0,0,0,0,0,0,0,1,67,62,0,0.00034,0.00034,2,-1,0,0,0,0,0,0,0,0,0,0,1,0,0,0,0,0,0,0,0,0,0,,0,0,0,0,
7,5.82,0,-45.95,27.5,0,0,0,6.3,0,0,0,0,-3.5,0,0,0,0,-0.00229183,0,0,0,0,0,0,0,0,0,1,73,62,0,0.00034,0.00034,2,-1,0,0,0,0,0,0,0,0,0,0,1,0,0,0,0,0,0,0,0,0,0,,0,0,0,0,
END,Total:8
START,FrameNb:34,CameraNb:0,HeSaiNb:0,ARS410Nb:0
2026/08/02 21:39:28:221---->
heightOffset:0,1785677968221,476384,selfCaliBufCnt:0,selfAccObjCnt:0,selfAccAngle:0,installHAngleOffset:0,Interpolation:0,installVAngleOffset:0,radarOffsetH:0,radarOffsetV:0.32,Polynom:-0.001023;-0.0511;-2.047;0;0;0;-0.001023;-0.0511;-2.047;-25.5;0;0,WheelDirection:0;0;0;0,selfAngleOffset:0,selfAngleOffsetPit:0,currCaliAngleHrz:0,currCaliAnglePit:0,selfCaliAngleHrz:0,selfCaliAnglePit:0,servCaliAngleHrz:0,servCaliAnglePit:0,offlineCaliAngleHrz:0,offlineCaliAnglePit:0,determine2useFlag:0,IMU_Z_Accel:-21.592,IMU_X_AngularRate:-2.093,IMU_Y_AngularRate:-2.093,IMU_RollAngle:-180,IMU_PitchAngle:-180,IMU_YawAngle:-180,FcwID:0,FCWWarningLevel:0,FCWTTC:0
0,1.99,0,16.55,38,0,0,0,7.65,1.25452e-34,0,0,0,-6.5,0,0,0,0,-0.00229183,0,0,0,0,0,0,0,0,0,1,87,56,0,0.00034,0.00034,3,5,0,0,0,0,0,0,0,0,0,0,1,0,1,0,0,0,0,0,0,0,0,,0,0,0,0,
1,3.36,0,14.55,40,0,0,0,4.55,0,0,0,0,-5,0,0,0,0,-0.00229183,0,0,0,0,0,0,0,0,0,1,89,56,0,0.00034,0.00034,3,0,0,0,0,0,0,0,0,0,0,0,1,0,1,0,0,0,0,0,0,0,0,,0,0,0,0,
2,5.82,0,-43.9,27.5,0,0,0,5.7,0,0,0,0,-5.5,0,0,0,0,-0.00229183,0,0,0,0,0,0,0,0,0,1,73,56,0,0.00034,0.00034,3,5,0,0,0,0,0,0,0,0,0,0,1,0,1,0,0,0,0,0,0,0,0,,0,0,0,0,
END,Total:3
START,FrameNb:35,CameraNb:0,HeSaiNb:0,ARS410Nb:0
2026/08/02 21:39:28:279---->
heightOffset:0,1785677968279,476436,selfCaliBufCnt:0,selfAccObjCnt:0,selfAccAngle:0,installHAngleOffset:0,Interpolation:0,installVAngleOffset:0,radarOffsetH:0,radarOffsetV:0.32,Polynom:-0.001023;-0.0511;-2.047;0;0;0;-0.001023;-0.0511;-2.047;-25.5;0;0,WheelDirection:0;0;0;0,selfAngleOffset:0,selfAngleOffsetPit:0,currCaliAngleHrz:0,currCaliAnglePit:0,selfCaliAngleHrz:0,selfCaliAnglePit:0,servCaliAngleHrz:0,servCaliAnglePit:0,offlineCaliAngleHrz:0,offlineCaliAnglePit:0,determine2useFlag:0,IMU_Z_Accel:-21.592,IMU_X_AngularRate:-2.093,IMU_Y_AngularRate:-2.093,IMU_RollAngle:-180,IMU_PitchAngle:-180,IMU_YawAngle:-180,FcwID:0,FCWWarningLevel:0,FCWTTC:0
0,1.99,0,16.55,38,0,0,0,7.65,1.25452e-34,0,0,0,-6.5,0,0,0,0,-0.00229183,0,0,0,0,0,0,0,0,0,1,87,57,0,0.00034,0.00034,3,5,0,0,0,0,0,0,0,0,0,0,1,0,0,0,0,0,0,0,0,0,0,,0,0,0,0,
1,2.75,0,-8.85,29,0,0,0,-13.55,0,0,0,0,-18,0,0,0,0,-0.00229183,0,0,0,0,0,0,0,0,0,1,78,57,0,0.00034,0.00034,3,5,0,0,0,0,0,0,0,0,0,0,1,0,0,0,0,0,0,0,0,0,0,,0,0,0,0,
2,3.36,0,14.55,40,0,0,0,4.25,0,0,0,0,-5,0,0,0,0,-0.00229183,0,0,0,0,0,0,0,0,0,1,89,57,0,0.00034,0.00034,3,0,0,0,0,0,0,0,0,0,0,0,1,0,0,0,0,0,0,0,0,0,0,,0,0,0,0,
3,5.22,0,16.4,21.5,0,0,0,-3.8,0,0,0,0,-25,0,0,0,0,-0.00229183,0,0,0,0,0,0,0,0,0,1,67,57,0,0.00034,0.00034,3,5,0,0,0,0,0,0,0,0,0,0,1,0,0,0,0,0,0,0,0,0,0,,0,0,0,0,
4,5.83,0,11.95,26,0,0,0,-2.85,0,0,0,0,-22,0,0,0,0,-0.00229183,0,0,0,0,0,0,0,0,0,1,71,57,0,0.00034,0.00034,3,5,0,0,0,0,0,0,0,0,0,0,1,0,0,0,0,0,0,0,0,0,0,,0,0,0,0,
END,Total:5
START,FrameNb:36,CameraNb:0,HeSaiNb:0,ARS410Nb:0
2026/08/02 21:39:28:323---->
heightOffset:0,1785677968323,476492,selfCaliBufCnt:0,selfAccObjCnt:0,selfAccAngle:0,installHAngleOffset:0,Interpolation:0,installVAngleOffset:0,radarOffsetH:0,radarOffsetV:0.32,Polynom:-0.001023;-0.0511;-2.047;0;0;0;-0.001023;-0.0511;-2.047;-25.5;0;0,WheelDirection:0;0;0;0,selfAngleOffset:0,selfAngleOffsetPit:0,currCaliAngleHrz:0,currCaliAnglePit:0,selfCaliAngleHrz:0,selfCaliAnglePit:0,servCaliAngleHrz:0,servCaliAnglePit:0,offlineCaliAngleHrz:0,offlineCaliAnglePit:0,determine2useFlag:0,IMU_Z_Accel:-21.592,IMU_X_AngularRate:-2.093,IMU_Y_AngularRate:-2.093,IMU_RollAngle:-180,IMU_PitchAngle:-180,IMU_YawAngle:-180,FcwID:0,FCWWarningLevel:0,FCWTTC:0
0,1.99,0,16.55,38,0,0,0,7.65,1.25452e-34,0,0,0,-6.5,0,0,0,0,-0.00229183,0,0,0,0,0,0,0,0,0,1,87,53,0,0.00034,0.00034,3,5,0,0,0,0,0,0,0,0,0,0,1,0,1,0,0,0,0,0,0,0,0,,0,0,0,0,
1,2.75,0,-8.85,29,0,0,0,-13.55,0,0,0,0,-18,0,0,0,0,-0.00229183,0,0,0,0,0,0,0,0,0,1,78,53,0,0.00034,0.00034,3,5,0,0,0,0,0,0,0,0,0,0,1,0,1,0,0,0,0,0,0,0,0,,0,0,0,0,
2,3.36,0,14.6,40,0,0,0,4.45,0,0,0,0,-5,0,0,0,0,-0.00229183,0,0,0,0,0,0,0,0,0,1,89,53,0,0.00034,0.00034,3,0,0,0,0,0,0,0,0,0,0,0,1,0,1,0,0,0,0,0,0,0,0,,0,0,0,0,
3,5.21,0,-40.2,21.5,0,0,0,6.3,0,0,0,0,-15,0,0,0,0,-0.00229183,0,0,0,0,0,0,0,0,0,1,67,53,0,0.00034,0.00034,2,-1,0,0,0,0,0,0,0,0,0,0,1,0,1,0,0,0,0,0,0,0,0,,0,0,0,0,
4,5.84,0,10.9,24,0,0,0,-0.1,0,0,0,0,-24,0,0,0,0,-0.00229183,0,0,0,0,0,0,0,0,0,1,69,53,0,0.00034,0.00034,3,5,0,0,0,0,0,0,0,0,0,0,1,0,1,0,0,0,0,0,0,0,0,,0,0,0,0,
END,Total:5
START,FrameNb:37,CameraNb:0,HeSaiNb:0,ARS410Nb:0
2026/08/02 21:39:28:421---->
heightOffset:0,1785677968421,476548,selfCaliBufCnt:0,selfAccObjCnt:0,selfAccAngle:0,installHAngleOffset:0,Interpolation:0,installVAngleOffset:0,radarOffsetH:0,radarOffsetV:0.32,Polynom:-0.001023;-0.0511;-2.047;0;0;0;-0.001023;-0.0511;-2.047;-25.5;0;0,WheelDirection:0;0;0;0,selfAngleOffset:0,selfAngleOffsetPit:0,currCaliAngleHrz:0,currCaliAnglePit:0,selfCaliAngleHrz:0,selfCaliAnglePit:0,servCaliAngleHrz:0,servCaliAnglePit:0,offlineCaliAngleHrz:0,offlineCaliAnglePit:0,determine2useFlag:0,IMU_Z_Accel:-21.592,IMU_X_AngularRate:-2.093,IMU_Y_AngularRate:-2.093,IMU_RollAngle:-180,IMU_PitchAngle:-180,IMU_YawAngle:-180,FcwID:0,FCWWarningLevel:0,FCWTTC:0
0,1.98,0,16.55,38,0,0,0,7.65,1.25452e-34,0,0,0,-6.5,0,0,0,0,-0.00229183,0,0,0,0,0,0,0,0,0,1,87,57,0,0.00034,0.00034,3,5,0,0,0,0,0,0,0,0,0,0,1,0,0,0,0,0,0,0,0,0,0,,0,0,0,0,
1,2.75,0,16.65,29,0,0,0,15,0,0,0,0,-15,0,0,0,0,-0.00229183,0,0,0,0,0,0,0,0,0,1,78,57,0,0.00034,0.00034,3,5,0,0,0,0,0,0,0,0,0,0,1,0,0,0,0,0,0,0,0,0,0,,0,0,0,0,
2,3.37,0,14.65,40,0,0,0,4.8,0,0,0,0,-5.5,0,0,0,0,-0.00229183,0,0,0,0,0,0,0,0,0,1,89,57,0,0.00034,0.00034,3,0,0,0,0,0,0,0,0,0,0,0,1,0,0,0,0,0,0,0,0,0,0,,0,0,0,0,
3,5.21,0,-39.9,22,0,0,0,5.15,0,0,0,0,-14.5,0,0,0,0,-0.00229183,0,0,0,0,0,0,0,0,0,1,67,57,0,0.00034,0.00034,3,5,0,0,0,0,0,0,0,0,0,0,1,0,0,0,0,0,0,0,0,0,0,,0,0,0,0,
4,5.88,0,12.15,20.5,0,0,0,-1.55,0,0,0,0,-26.5,0,0,0,0,-0.00229183,0,0,0,0,0,0,0,0,0,1,66,57,0,0.00034,0.00034,3,5,0,0,0,0,0,0,0,0,0,0,1,0,0,0,0,0,0,0,0,0,0,,0,0,0,0,
END,Total:5
START,FrameNb:38,CameraNb:0,HeSaiNb:0,ARS410Nb:0
2026/08/02 21:39:28:472---->
heightOffset:0,1785677968472,476604,selfCaliBufCnt:0,selfAccObjCnt:0,selfAccAngle:0,installHAngleOffset:0,Interpolation:0,installVAngleOffset:0,radarOffsetH:0,radarOffsetV:0.32,Polynom:-0.001023;-0.0511;-2.047;0;0;0;-0.001023;-0.0511;-2.047;-25.5;0;0,WheelDirection:0;0;0;0,selfAngleOffset:0,selfAngleOffsetPit:0,currCaliAngleHrz:0,currCaliAnglePit:0,selfCaliAngleHrz:0,selfCaliAnglePit:0,servCaliAngleHrz:0,servCaliAnglePit:0,offlineCaliAngleHrz:0,offlineCaliAnglePit:0,determine2useFlag:0,IMU_Z_Accel:-21.592,IMU_X_AngularRate:-2.093,IMU_Y_AngularRate:-2.093,IMU_RollAngle:-180,IMU_PitchAngle:-180,IMU_YawAngle:-180,FcwID:0,FCWWarningLevel:0,FCWTTC:0
0,1.99,0,16.55,38,0,0,0,7.65,1.25452e-34,0,0,0,-6.5,0,0,0,0,-0.00229183,0,0,0,0,0,0,0,0,0,1,87,54,0,0.00034,0.00034,3,5,0,0,0,0,0,0,0,0,0,0,1,0,1,0,0,0,0,0,0,0,0,,0,0,0,0,
1,2.76,0,-8.55,29,0,0,0,-13.1,0,0,0,0,-18,0,0,0,0,-0.00229183,0,0,0,0,0,0,0,0,0,1,78,54,0,0.00034,0.00034,3,5,0,0,0,0,0,0,0,0,0,0,1,0,1,0,0,0,0,0,0,0,0,,0,0,0,0,
2,3.41,0.15,20.6,21.5,0,0,0,-2.75,0,0,0,0,-20.5,0,0,0,0,-0.00229183,0,0,0,0,0,0,0,0,0,1,70,54,0,0.00034,0.00034,3,5,0,0,0,0,0,0,0,0,0,0,1,0,1,0,0,0,0,0,0,0,0,,0,0,0,0,
3,3.37,0,14.7,40,0,0,0,4.75,0,0,0,0,-5.5,0,0,0,0,-0.00229183,0,0,0,0,0,0,0,0,0,1,88,54,0,0.00034,0.00034,3,0,0,0,0,0,0,0,0,0,0,0,1,0,1,0,0,0,0,0,0,0,0,,0,0,0,0,
4,5.21,0,16.55,20.5,0,0,0,-4.7,0,0,0,0,-26,0,0,0,0,-0.00229183,0,0,0,0,0,0,0,0,0,1,66,54,0,0.00034,0.00034,3,5,0,0,0,0,0,0,0,0,0,0,1,0,1,0,0,0,0,0,0,0,0,,0,0,0,0,
END,Total:5
START,FrameNb:39,CameraNb:0,HeSaiNb:0,ARS410Nb:0
2026/08/02 21:39:28:525---->
heightOffset:0,1785677968525,476660,selfCaliBufCnt:0,selfAccObjCnt:0,selfAccAngle:0,installHAngleOffset:0,Interpolation:0,installVAngleOffset:0,radarOffsetH:0,radarOffsetV:0.32,Polynom:-0.001023;-0.0511;-2.047;0;0;0;-0.001023;-0.0511;-2.047;-25.5;0;0,WheelDirection:0;0;0;0,selfAngleOffset:0,selfAngleOffsetPit:0,currCaliAngleHrz:0,currCaliAnglePit:0,selfCaliAngleHrz:0,selfCaliAnglePit:0,servCaliAngleHrz:0,servCaliAnglePit:0,offlineCaliAngleHrz:0,offlineCaliAnglePit:0,determine2useFlag:0,IMU_Z_Accel:-21.592,IMU_X_AngularRate:-2.093,IMU_Y_AngularRate:-2.093,IMU_RollAngle:-180,IMU_PitchAngle:-180,IMU_YawAngle:-180,FcwID:0,FCWWarningLevel:0,FCWTTC:0
0,1.99,0,16.55,38,0,0,0,7.65,1.25452e-34,0,0,0,-6.5,0,0,0,0,-0.00229183,0,0,0,0,0,0,0,0,0,1,87,59,0,0.00034,0.00034,3,5,0,0,0,0,0,0,0,0,0,0,1,0,0,0,0,0,0,0,0,0,0,,0,0,0,0,
1,2.75,0,16.3,29,0,0,0,-14.3,0,0,0,0,-15,0,0,0,0,-0.00229183,0,0,0,0,0,0,0,0,0,1,78,59,0,0.00034,0.00034,3,5,0,0,0,0,0,0,0,0,0,0,1,0,0,0,0,0,0,0,0,0,0,,0,0,0,0,
2,3.36,0,14.55,40,0,0,0,4.25,0,0,0,0,-5,0,0,0,0,-0.00229183,0,0,0,0,0,0,0,0,0,1,89,59,0,0.00034,0.00034,3,0,0,0,0,0,0,0,0,0,0,0,1,0,0,0,0,0,0,0,0,0,0,,0,0,0,0,
3,3.42,0.1,21.8,18,0,0,0,-1.1,0,0,0,0,-23,0,0,0,0,-0.00229183,0,0,0,0,0,0,0,0,0,1,67,59,0,0.00034,0.00034,3,5,0,0,0,0,0,0,0,0,0,0,1,0,0,0,0,0,0,0,0,0,0,,0,0,0,0,
END,Total:4
START,FrameNb:40,CameraNb:0,HeSaiNb:0,ARS410Nb:0
2026/08/02 21:39:28:572---->
heightOffset:0,1785677968572,476724,selfCaliBufCnt:0,selfAccObjCnt:0,selfAccAngle:0,installHAngleOffset:0,Interpolation:0,installVAngleOffset:0,radarOffsetH:0,radarOffsetV:0.32,Polynom:-0.001023;-0.0511;-2.047;0;0;0;-0.001023;-0.0511;-2.047;-25.5;0;0,WheelDirection:0;0;0;0,selfAngleOffset:0,selfAngleOffsetPit:0,currCaliAngleHrz:0,currCaliAnglePit:0,selfCaliAngleHrz:0,selfCaliAnglePit:0,servCaliAngleHrz:0,servCaliAnglePit:0,offlineCaliAngleHrz:0,offlineCaliAnglePit:0,determine2useFlag:0,IMU_Z_Accel:-21.592,IMU_X_AngularRate:-2.093,IMU_Y_AngularRate:-2.093,IMU_RollAngle:-180,IMU_PitchAngle:-180,IMU_YawAngle:-180,FcwID:0,FCWWarningLevel:0,FCWTTC:0
0,1.99,0,16.55,38,0,0,0,7.65,1.25452e-34,0,0,0,-6.5,0,0,0,0,-0.00229183,0,0,0,0,0,0,0,0,0,1,87,58,0,0.00034,0.00034,3,5,0,0,0,0,0,0,0,0,0,0,1,0,1,0,0,0,0,0,0,0,0,,0,0,0,0,
1,2.76,0,-8.6,29,0,0,0,-13.25,0,0,0,0,-18,0,0,0,0,-0.00229183,0,0,0,0,0,0,0,0,0,1,78,58,0,0.00034,0.00034,3,5,0,0,0,0,0,0,0,0,0,0,1,0,1,0,0,0,0,0,0,0,0,,0,0,0,0,
2,3.35,0,14.65,40,0,0,0,4.3,0,0,0,0,-5,0,0,0,0,-0.00229183,0,0,0,0,0,0,0,0,0,1,89,58,0,0.00034,0.00034,3,0,0,0,0,0,0,0,0,0,0,0,1,0,1,0,0,0,0,0,0,0,0,,0,0,0,0,
3,5.91,0,11.2,19.5,0,0,0,-0.6,0,0,0,0,-28.5,0,0,0,0,-0.00229183,0,0,0,0,0,0,0,0,0,1,65,58,0,0.00034,0.00034,1,-1,0,0,0,0,0,0,0,0,0,0,1,0,1,0,0,0,0,0,0,0,0,,0,0,0,0,
END,Total:4
START,FrameNb:41,CameraNb:0,HeSaiNb:0,ARS410Nb:0
2026/08/02 21:39:28:624---->
heightOffset:0,1785677968624,476776,selfCaliBufCnt:0,selfAccObjCnt:0,selfAccAngle:0,installHAngleOffset:0,Interpolation:0,installVAngleOffset:0,radarOffsetH:0,radarOffsetV:0.32,Polynom:-0.001023;-0.0511;-2.047;0;0;0;-0.001023;-0.0511;-2.047;-25.5;0;0,WheelDirection:0;0;0;0,selfAngleOffset:0,selfAngleOffsetPit:0,currCaliAngleHrz:0,currCaliAnglePit:0,selfCaliAngleHrz:0,selfCaliAnglePit:0,servCaliAngleHrz:0,servCaliAnglePit:0,offlineCaliAngleHrz:0,offlineCaliAnglePit:0,determine2useFlag:0,IMU_Z_Accel:-21.592,IMU_X_AngularRate:-2.093,IMU_Y_AngularRate:-2.093,IMU_RollAngle:-180,IMU_PitchAngle:-180,IMU_YawAngle:-180,FcwID:0,FCWWarningLevel:0,FCWTTC:0
0,1.98,0,16.55,38,0,0,0,7.65,1.25452e-34,0,0,0,-6.5,0,0,0,0,-0.00229183,0,0,0,0,0,0,0,0,0,1,87,60,0,0.00034,0.00034,3,5,0,0,0,0,0,0,0,0,0,0,1,0,0,0,0,0,0,0,0,0,0,,0,0,0,0,
1,3.36,0,14.45,40,0,0,0,4.65,0,0,0,0,-5,0,0,0,0,-0.00229183,0,0,0,0,0,0,0,0,0,1,89,60,0,0.00034,0.00034,3,0,0,0,0,0,0,0,0,0,0,0,1,0,0,0,0,0,0,0,0,0,0,,0,0,0,0,
END,Total:2
START,FrameNb:42,CameraNb:0,HeSaiNb:0,ARS410Nb:0
2026/08/02 21:39:28:668---->
heightOffset:0,1785677968668,476836,selfCaliBufCnt:0,selfAccObjCnt:0,selfAccAngle:0,installHAngleOffset:0,Interpolation:0,installVAngleOffset:0,radarOffsetH:0,radarOffsetV:0.32,Polynom:-0.001023;-0.0511;-2.047;0;0;0;-0.001023;-0.0511;-2.047;-25.5;0;0,WheelDirection:0;0;0;0,selfAngleOffset:0,selfAngleOffsetPit:0,currCaliAngleHrz:0,currCaliAnglePit:0,selfCaliAngleHrz:0,selfCaliAnglePit:0,servCaliAngleHrz:0,servCaliAnglePit:0,offlineCaliAngleHrz:0,offlineCaliAnglePit:0,determine2useFlag:0,IMU_Z_Accel:-21.592,IMU_X_AngularRate:-2.093,IMU_Y_AngularRate:-2.093,IMU_RollAngle:-180,IMU_PitchAngle:-180,IMU_YawAngle:-180,FcwID:0,FCWWarningLevel:0,FCWTTC:0
0,1.98,0,16.55,38,0,0,0,7.7,1.25452e-34,0,0,0,-6.5,0,0,0,0,-0.00229183,0,0,0,0,0,0,0,0,0,1,87,53,0,0.00034,0.00034,3,5,0,0,0,0,0,0,0,0,0,0,1,0,1,0,0,0,0,0,0,0,0,,0,0,0,0,
1,2.75,0,16.95,29,0,0,0,-14.2,0,0,0,0,-15,0,0,0,0,-0.00229183,0,0,0,0,0,0,0,0,0,1,78,53,0,0.00034,0.00034,3,5,0,0,0,0,0,0,0,0,0,0,1,0,1,0,0,0,0,0,0,0,0,,0,0,0,0,
2,3.37,0,14.6,40,0,0,0,4.3,0,0,0,0,-5,0,0,0,0,-0.00229183,0,0,0,0,0,0,0,0,0,1,89,53,0,0.00034,0.00034,3,0,0,0,0,0,0,0,0,0,0,0,1,0,1,0,0,0,0,0,0,0,0,,0,0,0,0,
3,5.21,0,16.15,19.5,0,0,0,-4.8,0,0,0,0,-27,0,0,0,0,-0.00229183,0,0,0,0,0,0,0,0,0,1,65,53,0,0.00034,0.00034,3,5,0,0,0,0,0,0,0,0,0,0,1,0,1,0,0,0,0,0,0,0,0,,0,0,0,0,
4,6,0,11.8,19,0,0,0,-0.3,0,0,0,0,-28.5,0,0,0,0,-0.00229183,0,0,0,0,0,0,0,0,0,1,64,53,0,0.00034,0.00034,3,5,0,0,0,0,0,0,0,0,0,0,1,0,1,0,0,0,0,0,0,0,0,,0,0,0,0,
END,Total:5
START,FrameNb:43,CameraNb:0,HeSaiNb:0,ARS410Nb:0
2026/08/02 21:39:28:719---->
heightOffset:0,1785677968719,476888,selfCaliBufCnt:0,selfAccObjCnt:0,selfAccAngle:0,installHAngleOffset:0,Interpolation:0,installVAngleOffset:0,radarOffsetH:0,radarOffsetV:0.32,Polynom:-0.001023;-0.0511;-2.047;0;0;0;-0.001023;-0.0511;-2.047;-25.5;0;0,WheelDirection:0;0;0;0,selfAngleOffset:0,selfAngleOffsetPit:0,currCaliAngleHrz:0,currCaliAnglePit:0,selfCaliAngleHrz:0,selfCaliAnglePit:0,servCaliAngleHrz:0,servCaliAnglePit:0,offlineCaliAngleHrz:0,offlineCaliAnglePit:0,determine2useFlag:0,IMU_Z_Accel:-21.592,IMU_X_AngularRate:-2.093,IMU_Y_AngularRate:-2.093,IMU_RollAngle:-180,IMU_PitchAngle:-180,IMU_YawAngle:-180,FcwID:0,FCWWarningLevel:0,FCWTTC:0
0,1.99,0,16.55,38,0,0,0,7.7,1.25452e-34,0,0,0,-6.5,0,0,0,0,-0.00229183,0,0,0,0,0,0,0,0,0,1,87,58,0,0.00034,0.00034,3,5,0,0,0,0,0,0,0,0,0,0,1,0,0,0,0,0,0,0,0,0,0,,0,0,0,0,
1,3.37,0,14.65,40,0,0,0,4.75,0,0,0,0,-5.5,0,0,0,0,-0.00229183,0,0,0,0,0,0,0,0,0,1,89,58,0,0.00034,0.00034,3,0,0,0,0,0,0,0,0,0,0,0,1,0,0,0,0,0,0,0,0,0,0,,0,0,0,0,
2,3.67,0.2,8.3,21,0,0,0,-2.1,0,0,0,0,-26,0,0,0,0,-0.00229183,0,0,0,0,0,0,0,0,0,1,69,58,0,0.00034,0.00034,3,5,0,0,0,0,0,0,0,0,0,0,1,0,0,0,0,0,0,0,0,0,0,,0,0,0,0,
END,Total:3
START,FrameNb:44,CameraNb:0,HeSaiNb:0,ARS410Nb:0
2026/08/02 21:39:28:824---->
heightOffset:0,1785677968824,476944,selfCaliBufCnt:0,selfAccObjCnt:0,selfAccAngle:0,installHAngleOffset:0,Interpolation:0,installVAngleOffset:0,radarOffsetH:0,radarOffsetV:0.32,Polynom:-0.001023;-0.0511;-2.047;0;0;0;-0.001023;-0.0511;-2.047;-25.5;0;0,WheelDirection:0;0;0;0,selfAngleOffset:0,selfAngleOffsetPit:0,currCaliAngleHrz:0,currCaliAnglePit:0,selfCaliAngleHrz:0,selfCaliAnglePit:0,servCaliAngleHrz:0,servCaliAnglePit:0,offlineCaliAngleHrz:0,offlineCaliAnglePit:0,determine2useFlag:0,IMU_Z_Accel:-21.592,IMU_X_AngularRate:-2.093,IMU_Y_AngularRate:-2.093,IMU_RollAngle:-180,IMU_PitchAngle:-180,IMU_YawAngle:-180,FcwID:0,FCWWarningLevel:0,FCWTTC:0
0,1.99,0,16.55,38,0,0,0,7.65,1.25452e-34,0,0,0,-6.5,0,0,0,0,-0.00229183,0,0,0,0,0,0,0,0,0,1,87,53,0,0.00034,0.00034,3,5,0,0,0,0,0,0,0,0,0,0,1,0,1,0,0,0,0,0,0,0,0,,0,0,0,0,
1,3.36,0,14.55,40.5,0,0,0,4.25,0,0,0,0,-5,0,0,0,0,-0.00229183,0,0,0,0,0,0,0,0,0,1,89,53,0,0.00034,0.00034,3,0,0,0,0,0,0,0,0,0,0,0,1,0,1,0,0,0,0,0,0,0,0,,0,0,0,0,
2,3.69,0.2,8.9,22.5,0,0,0,-1.6,0,0,0,0,-25,0,0,0,0,-0.00229183,0,0,0,0,0,0,0,0,0,1,71,53,0,0.00034,0.00034,3,0,0,0,0,0,0,0,0,0,0,0,1,0,1,0,0,0,0,0,0,0,0,,0,0,0,0,
END,Total:3
START,FrameNb:45,CameraNb:0,HeSaiNb:0,ARS410Nb:0
2026/08/02 21:39:28:876---->
heightOffset:0,1785677968876,477000,selfCaliBufCnt:0,selfAccObjCnt:0,selfAccAngle:0,installHAngleOffset:0,Interpolation:0,installVAngleOffset:0,radarOffsetH:0,radarOffsetV:0.32,Polynom:-0.001023;-0.0511;-2.047;0;0;0;-0.001023;-0.0511;-2.047;-25.5;0;0,WheelDirection:0;0;0;0,selfAngleOffset:0,selfAngleOffsetPit:0,currCaliAngleHrz:0,currCaliAnglePit:0,selfCaliAngleHrz:0,selfCaliAnglePit:0,servCaliAngleHrz:0,servCaliAnglePit:0,offlineCaliAngleHrz:0,offlineCaliAnglePit:0,determine2useFlag:0,IMU_Z_Accel:-21.592,IMU_X_AngularRate:-2.093,IMU_Y_AngularRate:-2.093,IMU_RollAngle:-180,IMU_PitchAngle:-180,IMU_YawAngle:-180,FcwID:0,FCWWarningLevel:0,FCWTTC:0
0,1.98,0,16.55,38,0,0,0,7.65,1.25452e-34,0,0,0,-6.5,0,0,0,0,-0.00229183,0,0,0,0,0,0,0,0,0,1,87,57,0,0.00034,0.00034,3,5,0,0,0,0,0,0,0,0,0,0,1,0,0,0,0,0,0,0,0,0,0,,0,0,0,0,
1,3.36,0,14.6,40.5,0,0,0,4.45,0,0,0,0,-5,0,0,0,0,-0.00229183,0,0,0,0,0,0,0,0,0,1,89,57,0,0.00034,0.00034,3,0,0,0,0,0,0,0,0,0,0,0,1,0,0,0,0,0,0,0,0,0,0,,0,0,0,0,
2,3.68,0.15,8.9,20,0,0,0,-1.35,0,0,0,0,-27,0,0,0,0,-0.00229183,0,0,0,0,0,0,0,0,0,1,69,57,0,0.00034,0.00034,3,0,0,0,0,0,0,0,0,0,0,0,1,0,0,0,0,0,0,0,0,0,0,,0,0,0,0,
END,Total:3
START,FrameNb:46,CameraNb:0,HeSaiNb:0,ARS410Nb:0
2026/08/02 21:39:28:921---->
heightOffset:0,1785677968921,477056,selfCaliBufCnt:0,selfAccObjCnt:0,selfAccAngle:0,installHAngleOffset:0,Interpolation:0,installVAngleOffset:0,radarOffsetH:0,radarOffsetV:0.32,Polynom:-0.001023;-0.0511;-2.047;0;0;0;-0.001023;-0.0511;-2.047;-25.5;0;0,WheelDirection:0;0;0;0,selfAngleOffset:0,selfAngleOffsetPit:0,currCaliAngleHrz:0,currCaliAnglePit:0,selfCaliAngleHrz:0,selfCaliAnglePit:0,servCaliAngleHrz:0,servCaliAnglePit:0,offlineCaliAngleHrz:0,offlineCaliAnglePit:0,determine2useFlag:0,IMU_Z_Accel:-21.592,IMU_X_AngularRate:-2.093,IMU_Y_AngularRate:-2.093,IMU_RollAngle:-180,IMU_PitchAngle:-180,IMU_YawAngle:-180,FcwID:0,FCWWarningLevel:0,FCWTTC:0
0,1.98,0,16.55,38,0,0,0,7.65,1.25452e-34,0,0,0,-6.5,0,0,0,0,-0.00229183,0,0,0,0,0,0,0,0,0,1,87,53,0,0.00034,0.00034,3,5,0,0,0,0,0,0,0,0,0,0,1,0,1,0,0,0,0,0,0,0,0,,0,0,0,0,
1,2.75,0,16.55,29,0,0,0,15,0,0,0,0,-15,0,0,0,0,-0.00229183,0,0,0,0,0,0,0,0,0,1,78,53,0,0.00034,0.00034,3,5,0,0,0,0,0,0,0,0,0,0,1,0,1,0,0,0,0,0,0,0,0,,0,0,0,0,
2,3.37,0,14.7,40,0,0,0,4.65,0,0,0,0,-5.5,0,0,0,0,-0.00229183,0,0,0,0,0,0,0,0,0,1,89,53,0,0.00034,0.00034,3,0,0,0,0,0,0,0,0,0,0,0,1,0,1,0,0,0,0,0,0,0,0,,0,0,0,0,
3,3.69,0.15,7.45,22.5,0,0,0,-1.35,0,0,0,0,-24.5,0,0,0,0,-0.00229183,0,0,0,0,0,0,0,0,0,1,71,53,0,0.00034,0.00034,3,5,0,0,0,0,0,0,0,0,0,0,1,0,1,0,0,0,0,0,0,0,0,,0,0,0,0,
END,Total:4
START,FrameNb:47,CameraNb:0,HeSaiNb:0,ARS410Nb:0
2026/08/02 21:39:28:972---->
heightOffset:0,1785677968972,477112,selfCaliBufCnt:0,selfAccObjCnt:0,selfAccAngle:0,installHAngleOffset:0,Interpolation:0,installVAngleOffset:0,radarOffsetH:0,radarOffsetV:0.32,Polynom:-0.001023;-0.0511;-2.047;0;0;0;-0.001023;-0.0511;-2.047;-25.5;0;0,WheelDirection:0;0;0;0,selfAngleOffset:0,selfAngleOffsetPit:0,currCaliAngleHrz:0,currCaliAnglePit:0,selfCaliAngleHrz:0,selfCaliAnglePit:0,servCaliAngleHrz:0,servCaliAnglePit:0,offlineCaliAngleHrz:0,offlineCaliAnglePit:0,determine2useFlag:0,IMU_Z_Accel:-21.592,IMU_X_AngularRate:-2.093,IMU_Y_AngularRate:-2.093,IMU_RollAngle:-180,IMU_PitchAngle:-180,IMU_YawAngle:-180,FcwID:0,FCWWarningLevel:0,FCWTTC:0
0,1.98,0,16.55,38,0,0,0,7.7,1.25452e-34,0,0,0,-6.5,0,0,0,0,-0.00229183,0,0,0,0,0,0,0,0,0,1,87,61,0,0.00034,0.00034,3,5,0,0,0,0,0,0,0,0,0,0,1,0,0,0,0,0,0,0,0,0,0,,0,0,0,0,
1,2.77,0,-7.35,30,0,0,0,-15,0,0,0,0,-17,0,0,0,0,-0.00229183,0,0,0,0,0,0,0,0,0,1,79,61,0,0.00034,0.00034,3,5,0,0,0,0,0,0,0,0,0,0,1,0,0,0,0,0,0,0,0,0,0,,0,0,0,0,
2,3.37,0,14.7,40,0,0,0,4.8,0,0,0,0,-5,0,0,0,0,-0.00229183,0,0,0,0,0,0,0,0,0,1,89,61,0,0.00034,0.00034,3,0,0,0,0,0,0,0,0,0,0,0,1,0,0,0,0,0,0,0,0,0,0,,0,0,0,0,
3,3.63,0.1,6.9,22.5,0,0,0,-0.55,0,0,0,0,-24.5,0,0,0,0,-0.00229183,0,0,0,0,0,0,0,0,0,1,71,61,0,0.00034,0.00034,3,5,0,0,0,0,0,0,0,0,0,0,1,0,0,0,0,0,0,0,0,0,0,,0,0,0,0,
END,Total:4
START,FrameNb:48,CameraNb:0,HeSaiNb:0,ARS410Nb:0
2026/08/02 21:39:29:015---->
heightOffset:0,1785677969015,477176,selfCaliBufCnt:0,selfAccObjCnt:0,selfAccAngle:0,installHAngleOffset:0,Interpolation:0,installVAngleOffset:0,radarOffsetH:0,radarOffsetV:0.32,Polynom:-0.001023;-0.0511;-2.047;0;0;0;-0.001023;-0.0511;-2.047;-25.5;0;0,WheelDirection:0;0;0;0,selfAngleOffset:0,selfAngleOffsetPit:0,currCaliAngleHrz:0,currCaliAnglePit:0,selfCaliAngleHrz:0,selfCaliAnglePit:0,servCaliAngleHrz:0,servCaliAnglePit:0,offlineCaliAngleHrz:0,offlineCaliAnglePit:0,determine2useFlag:0,IMU_Z_Accel:-21.592,IMU_X_AngularRate:-2.093,IMU_Y_AngularRate:-2.093,IMU_RollAngle:-180,IMU_PitchAngle:-180,IMU_YawAngle:-180,FcwID:0,FCWWarningLevel:0,FCWTTC:0
0,1.99,0,16.55,38.5,0,0,0,7.7,1.25452e-34,0,0,0,-6.5,0,0,0,0,-0.00229183,0,0,0,0,0,0,0,0,0,1,87,59,0,0.00034,0.00034,3,5,0,0,0,0,0,0,0,0,0,0,1,0,1,0,0,0,0,0,0,0,0,,0,0,0,0,
1,2.76,0,-7.2,30,0,0,0,-15,0,0,0,0,-17.5,0,0,0,0,-0.00229183,0,0,0,0,0,0,0,0,0,1,79,59,0,0.00034,0.00034,3,5,0,0,0,0,0,0,0,0,0,0,1,0,1,0,0,0,0,0,0,0,0,,0,0,0,0,
2,3.36,0,14.45,40.5,0,0,0,4.25,0,0,0,0,-5,0,0,0,0,-0.00229183,0,0,0,0,0,0,0,0,0,1,89,59,0,0.00034,0.00034,3,0,0,0,0,0,0,0,0,0,0,0,1,0,1,0,0,0,0,0,0,0,0,,0,0,0,0,
3,3.65,0.1,7.3,22.5,0,0,0,-1.25,0,0,0,0,-25,0,0,0,0,-0.00229183,0,0,0,0,0,0,0,0,0,1,71,59,0,0.00034,0.00034,3,5,0,0,0,0,0,0,0,0,0,0,1,0,1,0,0,0,0,0,0,0,0,,0,0,0,0,
END,Total:4
START,FrameNb:49,CameraNb:0,HeSaiNb:0,ARS410Nb:0
2026/08/02 21:39:29:072---->
heightOffset:0,1785677969072,477228,selfCaliBufCnt:0,selfAccObjCnt:0,selfAccAngle:0,installHAngleOffset:0,Interpolation:0,installVAngleOffset:0,radarOffsetH:0,radarOffsetV:0.32,Polynom:-0.001023;-0.0511;-2.047;0;0;0;-0.001023;-0.0511;-2.047;-25.5;0;0,WheelDirection:0;0;0;0,selfAngleOffset:0,selfAngleOffsetPit:0,currCaliAngleHrz:0,currCaliAnglePit:0,selfCaliAngleHrz:0,selfCaliAnglePit:0,servCaliAngleHrz:0,servCaliAnglePit:0,offlineCaliAngleHrz:0,offlineCaliAnglePit:0,determine2useFlag:0,IMU_Z_Accel:-21.592,IMU_X_AngularRate:-2.093,IMU_Y_AngularRate:-2.093,IMU_RollAngle:-180,IMU_PitchAngle:-180,IMU_YawAngle:-180,FcwID:0,FCWWarningLevel:0,FCWTTC:0
0,1.99,0,16.55,38,0,0,0,7.65,1.25452e-34,0,0,0,-6.5,0,0,0,0,-0.00229183,0,0,0,0,0,0,0,0,0,1,87,58,0,0.00034,0.00034,3,5,0,0,0,0,0,0,0,0,0,0,1,0,0,0,0,0,0,0,0,0,0,,0,0,0,0,
1,2.76,0,-8.8,29,0,0,0,-13.3,0,0,0,0,-18,0,0,0,0,-0.00229183,0,0,0,0,0,0,0,0,0,1,78,58,0,0.00034,0.00034,3,5,0,0,0,0,0,0,0,0,0,0,1,0,0,0,0,0,0,0,0,0,0,,0,0,0,0,
2,3.48,0.1,21.7,22.5,0,0,0,-6.05,0,0,0,0,-18.5,0,0,0,0,-0.00229183,0,0,0,0,0,0,0,0,0,1,71,58,0,0.00034,0.00034,3,5,0,0,0,0,0,0,0,0,0,0,1,0,0,0,0,0,0,0,0,0,0,,0,0,0,0,
3,3.37,0,14.7,40,0,0,0,4.8,0,0,0,0,-5.5,0,0,0,0,-0.00229183,0,0,0,0,0,0,0,0,0,1,89,58,0,0.00034,0.00034,3,0,0,0,0,0,0,0,0,0,0,0,1,0,0,0,0,0,0,0,0,0,0,,0,0,0,0,
4,3.85,0,-56.4,22.5,0,0,0,4.25,0,0,0,0,0.5,0,0,0,0,-0.00229183,0,0,0,0,0,0,0,0,0,1,71,58,0,0.00034,0.00034,2,-1,0,0,0,0,0,0,0,0,0,0,1,0,0,0,0,0,0,0,0,0,0,,0,0,0,0,
END,Total:5
START,FrameNb:50,CameraNb:0,HeSaiNb:0,ARS410Nb:0
2026/08/02 21:39:29:125---->
heightOffset:0,1785677969125,477288,selfCaliBufCnt:0,selfAccObjCnt:0,selfAccAngle:0,installHAngleOffset:0,Interpolation:0,installVAngleOffset:0,radarOffsetH:0,radarOffsetV:0.32,Polynom:-0.001023;-0.0511;-2.047;0;0;0;-0.001023;-0.0511;-2.047;-25.5;0;0,WheelDirection:0;0;0;0,selfAngleOffset:0,selfAngleOffsetPit:0,currCaliAngleHrz:0,currCaliAnglePit:0,selfCaliAngleHrz:0,selfCaliAnglePit:0,servCaliAngleHrz:0,servCaliAnglePit:0,offlineCaliAngleHrz:0,offlineCaliAnglePit:0,determine2useFlag:0,IMU_Z_Accel:-21.592,IMU_X_AngularRate:-2.093,IMU_Y_AngularRate:-2.093,IMU_RollAngle:-180,IMU_PitchAngle:-180,IMU_YawAngle:-180,FcwID:0,FCWWarningLevel:0,FCWTTC:0
0,1.99,0,16.55,38,0,0,0,7.65,1.25452e-34,0,0,0,-6.5,0,0,0,0,-0.00229183,0,0,0,0,0,0,0,0,0,1,87,54,0,0.00034,0.00034,3,5,0,0,0,0,0,0,0,0,0,0,1,0,1,0,0,0,0,0,0,0,0,,0,0,0,0,
1,2.75,0,-8.7,29,0,0,0,-13.3,0,0,0,0,-18,0,0,0,0,-0.00229183,0,0,0,0,0,0,0,0,0,1,78,54,0,0.00034,0.00034,3,5,0,0,0,0,0,0,0,0,0,0,1,0,1,0,0,0,0,0,0,0,0,,0,0,0,0,
2,3.36,0,14.65,40,0,0,0,4.3,0,0,0,0,-5.5,0,0,0,0,-0.00229183,0,0,0,0,0,0,0,0,0,1,89,54,0,0.00034,0.00034,3,0,0,0,0,0,0,0,0,0,0,0,1,0,1,0,0,0,0,0,0,0,0,,0,0,0,0,
3,3.56,0.1,21.7,23,0,0,0,-0.55,0,0,0,0,-18,0,0,0,0,-0.00229183,0,0,0,0,0,0,0,0,0,1,72,54,0,0.00034,0.00034,3,5,0,0,0,0,0,0,0,0,0,0,1,0,1,0,0,0,0,0,0,0,0,,0,0,0,0,
END,Total:4
START,FrameNb:51,CameraNb:0,HeSaiNb:0,ARS410Nb:0
2026/08/02 21:39:29:170---->
heightOffset:0,1785677969170,477340,selfCaliBufCnt:0,selfAccObjCnt:0,selfAccAngle:0,installHAngleOffset:0,Interpolation:0,installVAngleOffset:0,radarOffsetH:0,radarOffsetV:0.32,Polynom:-0.001023;-0.0511;-2.047;0;0;0;-0.001023;-0.0511;-2.047;-25.5;0;0,WheelDirection:0;0;0;0,selfAngleOffset:0,selfAngleOffsetPit:0,currCaliAngleHrz:0,currCaliAnglePit:0,selfCaliAngleHrz:0,selfCaliAnglePit:0,servCaliAngleHrz:0,servCaliAnglePit:0,offlineCaliAngleHrz:0,offlineCaliAnglePit:0,determine2useFlag:0,IMU_Z_Accel:-21.592,IMU_X_AngularRate:-2.093,IMU_Y_AngularRate:-2.093,IMU_RollAngle:-180,IMU_PitchAngle:-180,IMU_YawAngle:-180,FcwID:0,FCWWarningLevel:0,FCWTTC:0
0,1.99,0,16.5,38,0,0,0,7.65,1.25452e-34,0,0,0,-6.5,0,0,0,0,-0.00229183,0,0,0,0,0,0,0,0,0,1,87,57,0,0.00034,0.00034,3,5,0,0,0,0,0,0,0,0,0,0,1,0,0,0,0,0,0,0,0,0,0,,0,0,0,0,
1,2.77,0,70.35,29,0,0,0,2.9,0,0,0,0,22,0,0,0,0,-0.00229183,0,0,0,0,0,0,0,0,0,1,78,57,0,0.00034,0.00034,2,-1,0,0,0,0,0,0,0,0,0,0,1,0,0,0,0,0,0,0,0,0,0,,0,0,0,0,
2,3.53,0.15,-47.2,23,0,0,0,4.25,0,0,0,0,-4,0,0,0,0,-0.00229183,0,0,0,0,0,0,0,0,0,1,72,57,0,0.00034,0.00034,2,-1,0,0,0,0,0,0,0,0,0,0,1,0,0,0,0,0,0,0,0,0,0,,0,0,0,0,
3,3.37,0,14.7,40,0,0,0,4.75,0,0,0,0,-5,0,0,0,0,-0.00229183,0,0,0,0,0,0,0,0,0,1,89,57,0,0.00034,0.00034,3,0,0,0,0,0,0,0,0,0,0,0,1,0,0,0,0,0,0,0,0,0,0,,0,0,0,0,
END,Total:4
START,FrameNb:52,CameraNb:0,HeSaiNb:0,ARS410Nb:0
2026/08/02 21:39:29:283---->
heightOffset:0,1785677969283,477396,selfCaliBufCnt:0,selfAccObjCnt:0,selfAccAngle:0,installHAngleOffset:0,Interpolation:0,installVAngleOffset:0,radarOffsetH:0,radarOffsetV:0.32,Polynom:-0.001023;-0.0511;-2.047;0;0;0;-0.001023;-0.0511;-2.047;-25.5;0;0,WheelDirection:0;0;0;0,selfAngleOffset:0,selfAngleOffsetPit:0,currCaliAngleHrz:0,currCaliAnglePit:0,selfCaliAngleHrz:0,selfCaliAnglePit:0,servCaliAngleHrz:0,servCaliAnglePit:0,offlineCaliAngleHrz:0,offlineCaliAnglePit:0,determine2useFlag:0,IMU_Z_Accel:-21.592,IMU_X_AngularRate:-2.093,IMU_Y_AngularRate:-2.093,IMU_RollAngle:-180,IMU_PitchAngle:-180,IMU_YawAngle:-180,FcwID:0,FCWWarningLevel:0,FCWTTC:0
0,1.99,0,16.55,38,0,0,0,7.65,1.25452e-34,0,0,0,-6.5,0,0,0,0,-0.00229183,0,0,0,0,0,0,0,0,0,1,87,54,0,0.00034,0.00034,3,5,0,0,0,0,0,0,0,0,0,0,1,0,1,0,0,0,0,0,0,0,0,,0,0,0,0,
1,2.76,0,16.7,29,0,0,0,15,0,0,0,0,-14.5,0,0,0,0,-0.00229183,0,0,0,0,0,0,0,0,0,1,79,54,0,0.00034,0.00034,3,5,0,0,0,0,0,0,0,0,0,0,1,0,1,0,0,0,0,0,0,0,0,,0,0,0,0,
2,3.36,0,14.55,40,0,0,0,4.45,0,0,0,0,-5,0,0,0,0,-0.00229183,0,0,0,0,0,0,0,0,0,1,89,54,0,0.00034,0.00034,3,0,0,0,0,0,0,0,0,0,0,0,1,0,1,0,0,0,0,0,0,0,0,,0,0,0,0,
3,3.52,0.15,20.7,25,0,0,0,-2.05,0,0,0,0,-17,0,0,0,0,-0.00229183,0,0,0,0,0,0,0,0,0,1,74,54,0,0.00034,0.00034,3,5,0,0,0,0,0,0,0,0,0,0,1,0,1,0,0,0,0,0,0,0,0,,0,0,0,0,
4,3.59,0.15,10.7,23,0,0,0,-0.75,0,0,0,0,-23,0,0,0,0,-0.00229183,0,0,0,0,0,0,0,0,0,1,72,54,0,0.00034,0.00034,3,5,0,0,0,0,0,0,0,0,0,0,1,0,1,0,0,0,0,0,0,0,0,,0,0,0,0,
END,Total:5
START,FrameNb:53,CameraNb:0,HeSaiNb:0,ARS410Nb:0
2026/08/02 21:39:29:323---->
heightOffset:0,1785677969323,477452,selfCaliBufCnt:0,selfAccObjCnt:0,selfAccAngle:0,installHAngleOffset:0,Interpolation:0,installVAngleOffset:0,radarOffsetH:0,radarOffsetV:0.32,Polynom:-0.001023;-0.0511;-2.047;0;0;0;-0.001023;-0.0511;-2.047;-25.5;0;0,WheelDirection:0;0;0;0,selfAngleOffset:0,selfAngleOffsetPit:0,currCaliAngleHrz:0,currCaliAnglePit:0,selfCaliAngleHrz:0,selfCaliAnglePit:0,servCaliAngleHrz:0,servCaliAnglePit:0,offlineCaliAngleHrz:0,offlineCaliAnglePit:0,determine2useFlag:0,IMU_Z_Accel:-21.592,IMU_X_AngularRate:-2.093,IMU_Y_AngularRate:-2.093,IMU_RollAngle:-180,IMU_PitchAngle:-180,IMU_YawAngle:-180,FcwID:0,FCWWarningLevel:0,FCWTTC:0
0,1.98,0,16.55,38,0,0,0,7.7,1.25452e-34,0,0,0,-6.5,0,0,0,0,-0.00229183,0,0,0,0,0,0,0,0,0,1,87,57,0,0.00034,0.00034,3,5,0,0,0,0,0,0,0,0,0,0,1,0,0,0,0,0,0,0,0,0,0,,0,0,0,0,
1,3.54,0.2,10.8,26,0,0,0,-0.2,0,0,0,0,-20.5,0,0,0,0,-0.00229183,0,0,0,0,0,0,0,0,0,1,74,57,0,0.00034,0.00034,3,0,0,0,0,0,0,0,0,0,0,0,1,0,0,0,0,0,0,0,0,0,0,,0,0,0,0,
2,3.38,0,14.65,40,0,0,0,4.75,0,0,0,0,-5.5,0,0,0,0,-0.00229183,0,0,0,0,0,0,0,0,0,1,89,57,0,0.00034,0.00034,3,0,0,0,0,0,0,0,0,0,0,0,1,0,0,0,0,0,0,0,0,0,0,,0,0,0,0,
3,3.67,0.1,6.3,23.5,0,0,0,-0.6,0,0,0,0,-24,0,0,0,0,-0.00229183,0,0,0,0,0,0,0,0,0,1,72,57,0,0.00034,0.00034,3,5,0,0,0,0,0,0,0,0,0,0,1,0,0,0,0,0,0,0,0,0,0,,0,0,0,0,
END,Total:4
START,FrameNb:54,CameraNb:0,HeSaiNb:0,ARS410Nb:0
2026/08/02 21:39:29:374---->
heightOffset:0,1785677969374,477508,selfCaliBufCnt:0,selfAccObjCnt:0,selfAccAngle:0,installHAngleOffset:0,Interpolation:0,installVAngleOffset:0,radarOffsetH:0,radarOffsetV:0.32,Polynom:-0.001023;-0.0511;-2.047;0;0;0;-0.001023;-0.0511;-2.047;-25.5;0;0,WheelDirection:0;0;0;0,selfAngleOffset:0,selfAngleOffsetPit:0,currCaliAngleHrz:0,currCaliAnglePit:0,selfCaliAngleHrz:0,selfCaliAnglePit:0,servCaliAngleHrz:0,servCaliAnglePit:0,offlineCaliAngleHrz:0,offlineCaliAnglePit:0,determine2useFlag:0,IMU_Z_Accel:-21.592,IMU_X_AngularRate:-2.093,IMU_Y_AngularRate:-2.093,IMU_RollAngle:-180,IMU_PitchAngle:-180,IMU_YawAngle:-180,FcwID:0,FCWWarningLevel:0,FCWTTC:0
0,1.99,0,16.55,38,0,0,0,7.65,1.25452e-34,0,0,0,-6.5,0,0,0,0,-0.00229183,0,0,0,0,0,0,0,0,0,1,87,53,0,0.00034,0.00034,3,5,0,0,0,0,0,0,0,0,0,0,1,0,1,0,0,0,0,0,0,0,0,,0,0,0,0,
1,3.36,0,14.6,40,0,0,0,4.3,0,0,0,0,-5,0,0,0,0,-0.00229183,0,0,0,0,0,0,0,0,0,1,89,53,0,0.00034,0.00034,3,0,0,0,0,0,0,0,0,0,0,0,1,0,1,0,0,0,0,0,0,0,0,,0,0,0,0,
2,3.57,0.15,11.05,22.5,0,0,0,0.25,0,0,0,0,-23.5,0,0,0,0,-0.00229183,0,0,0,0,0,0,0,0,0,1,71,53,0,0.00034,0.00034,3,5,0,0,0,0,0,0,0,0,0,0,1,0,1,0,0,0,0,0,0,0,0,,0,0,0,0,
3,3.52,0.2,21.4,21.5,0,0,0,-1.55,0,0,0,0,-19.5,0,0,0,0,-0.00229183,0,0,0,0,0,0,0,0,0,1,70,53,0,0.00034,0.00034,3,5,0,0,0,0,0,0,0,0,0,0,1,0,1,0,0,0,0,0,0,0,0,,0,0,0,0,
4,3.69,0.1,6.9,22.5,0,0,0,-0.55,0,0,0,0,-24.5,0,0,0,0,-0.00229183,0,0,0,0,0,0,0,0,0,1,71,53,0,0.00034,0.00034,3,5,0,0,0,0,0,0,0,0,0,0,1,0,1,0,0,0,0,0,0,0,0,,0,0,0,0,
5,3.58,0.15,12.05,25,0,0,0,-2.05,0,0,0,0,-20.5,0,0,0,0,-0.00229183,0,0,0,0,0,0,0,0,0,1,73,53,0,0.00034,0.00034,3,5,0,0,0,0,0,0,0,0,0,0,1,0,1,0,0,0,0,0,0,0,0,,0,0,0,0,
END,Total:6
START,FrameNb:55,CameraNb:0,HeSaiNb:0,ARS410Nb:0
2026/08/02 21:39:29:420---->
heightOffset:0,1785677969420,477568,selfCaliBufCnt:0,selfAccObjCnt:0,selfAccAngle:0,installHAngleOffset:0,Interpolation:0,installVAngleOffset:0,radarOffsetH:0,radarOffsetV:0.32,Polynom:-0.001023;-0.0511;-2.047;0;0;0;-0.001023;-0.0511;-2.047;-25.5;0;0,WheelDirection:0;0;0;0,selfAngleOffset:0,selfAngleOffsetPit:0,currCaliAngleHrz:0,currCaliAnglePit:0,selfCaliAngleHrz:0,selfCaliAnglePit:0,servCaliAngleHrz:0,servCaliAnglePit:0,offlineCaliAngleHrz:0,offlineCaliAnglePit:0,determine2useFlag:0,IMU_Z_Accel:-21.592,IMU_X_AngularRate:-2.093,IMU_Y_AngularRate:-2.093,IMU_RollAngle:-180,IMU_PitchAngle:-180,IMU_YawAngle:-180,FcwID:0,FCWWarningLevel:0,FCWTTC:0
0,1.99,0,16.55,38,0,0,0,7.7,1.25452e-34,0,0,0,-6.5,0,0,0,0,-0.00229183,0,0,0,0,0,0,0,0,0,1,87,63,0,0.00034,0.00034,3,5,0,0,0,0,0,0,0,0,0,0,1,0,0,0,0,0,0,0,0,0,0,,0,0,0,0,
1,2.77,0,-6.95,29.5,0,0,0,-15,0,0,0,0,-17.5,0,0,0,0,-0.00229183,0,0,0,0,0,0,0,0,0,1,79,63,0,0.00034,0.00034,3,5,0,0,0,0,0,0,0,0,0,0,1,0,0,0,0,0,0,0,0,0,0,,0,0,0,0,
2,3.37,0,14.7,40,0,0,0,4.8,0,0,0,0,-5,0,0,0,0,-0.00229183,0,0,0,0,0,0,0,0,0,1,89,63,0,0.00034,0.00034,3,0,0,0,0,0,0,0,0,0,0,0,1,0,0,0,0,0,0,0,0,0,0,,0,0,0,0,
3,3.63,0.15,12.1,24.5,0,0,0,-3.1,0,0,0,0,-21,0,0,0,0,-0.00229183,0,0,0,0,0,0,0,0,0,1,73,63,0,0.00034,0.00034,3,5,0,0,0,0,0,0,0,0,0,0,1,0,0,0,0,0,0,0,0,0,0,,0,0,0,0,
4,5.21,0,16.5,21,0,0,0,-3.95,0,0,0,0,-26,0,0,0,0,-0.00229183,0,0,0,0,0,0,0,0,0,1,66,63,0,0.00034,0.00034,3,5,0,0,0,0,0,0,0,0,0,0,1,0,0,0,0,0,0,0,0,0,0,,0,0,0,0,
END,Total:5
START,FrameNb:56,CameraNb:0,HeSaiNb:0,ARS410Nb:0
2026/08/02 21:39:29:467---->
heightOffset:0,1785677969467,477628,selfCaliBufCnt:0,selfAccObjCnt:0,selfAccAngle:0,installHAngleOffset:0,Interpolation:0,installVAngleOffset:0,radarOffsetH:0,radarOffsetV:0.32,Polynom:-0.001023;-0.0511;-2.047;0;0;0;-0.001023;-0.0511;-2.047;-25.5;0;0,WheelDirection:0;0;0;0,selfAngleOffset:0,selfAngleOffsetPit:0,currCaliAngleHrz:0,currCaliAnglePit:0,selfCaliAngleHrz:0,selfCaliAnglePit:0,servCaliAngleHrz:0,servCaliAnglePit:0,offlineCaliAngleHrz:0,offlineCaliAnglePit:0,determine2useFlag:0,IMU_Z_Accel:-21.592,IMU_X_AngularRate:-2.093,IMU_Y_AngularRate:-2.093,IMU_RollAngle:-180,IMU_PitchAngle:-180,IMU_YawAngle:-180,FcwID:0,FCWWarningLevel:0,FCWTTC:0
0,1.98,0,16.55,38,0,0,0,7.7,1.25452e-34,0,0,0,-6.5,0,0,0,0,-0.00229183,0,0,0,0,0,0,0,0,0,1,87,57,0,0.00034,0.00034,3,5,0,0,0,0,0,0,0,0,0,0,1,0,1,0,0,0,0,0,0,0,0,,0,0,0,0,
1,3.36,0,14.55,40,0,0,0,4.4,0,0,0,0,-5,0,0,0,0,-0.00229183,0,0,0,0,0,0,0,0,0,1,89,57,0,0.00034,0.00034,3,0,0,0,0,0,0,0,0,0,0,0,1,0,1,0,0,0,0,0,0,0,0,,0,0,0,0,
2,3.76,0.1,7.4,18.5,0,0,0,-2.1,0,0,0,0,-28.5,0,0,0,0,-0.00229183,0,0,0,0,0,0,0,0,0,1,67,57,0,0.00034,0.00034,3,5,0,0,0,0,0,0,0,0,0,0,1,0,1,0,0,0,0,0,0,0,0,,0,0,0,0,
END,Total:3
START,FrameNb:57,CameraNb:0,HeSaiNb:0,ARS410Nb:0
2026/08/02 21:39:29:524---->
heightOffset:0,1785677969524,477684,selfCaliBufCnt:0,selfAccObjCnt:0,selfAccAngle:0,installHAngleOffset:0,Interpolation:0,installVAngleOffset:0,radarOffsetH:0,radarOffsetV:0.32,Polynom:-0.001023;-0.0511;-2.047;0;0;0;-0.001023;-0.0511;-2.047;-25.5;0;0,WheelDirection:0;0;0;0,selfAngleOffset:0,selfAngleOffsetPit:0,currCaliAngleHrz:0,currCaliAnglePit:0,selfCaliAngleHrz:0,selfCaliAnglePit:0,servCaliAngleHrz:0,servCaliAnglePit:0,offlineCaliAngleHrz:0,offlineCaliAnglePit:0,determine2useFlag:0,IMU_Z_Accel:-21.592,IMU_X_AngularRate:-2.093,IMU_Y_AngularRate:-2.093,IMU_RollAngle:-180,IMU_PitchAngle:-180,IMU_YawAngle:-180,FcwID:0,FCWWarningLevel:0,FCWTTC:0
0,1.99,0,16.55,38,0,0,0,7.65,1.25452e-34,0,0,0,-6.5,0,0,0,0,-0.00229183,0,0,0,0,0,0,0,0,0,1,87,58,0,0.00034,0.00034,3,5,0,0,0,0,0,0,0,0,0,0,1,0,0,0,0,0,0,0,0,0,0,,0,0,0,0,
1,3.54,0.25,11.85,26.5,0,0,0,-0.45,0,0,0,0,-20,0,0,0,0,-0.00229183,0,0,0,0,0,0,0,0,0,1,75,58,0,0.00034,0.00034,3,5,0,0,0,0,0,0,0,0,0,0,1,0,0,0,0,0,0,0,0,0,0,,0,0,0,0,
2,3.37,0,14.7,40,0,0,0,4.9,0,0,0,0,-5,0,0,0,0,-0.00229183,0,0,0,0,0,0,0,0,0,1,89,58,0,0.00034,0.00034,3,0,0,0,0,0,0,0,0,0,0,0,1,0,0,0,0,0,0,0,0,0,0,,0,0,0,0,
3,3.64,0.15,11.65,22.5,0,0,0,-3.1,0,0,0,0,-24,0,0,0,0,-0.00229183,0,0,0,0,0,0,0,0,0,1,71,58,0,0.00034,0.00034,3,5,0,0,0,0,0,0,0,0,0,0,1,0,0,0,0,0,0,0,0,0,0,,0,0,0,0,
4,3.79,0,5.15,23,0,0,0,-1.2,0,0,0,0,-24.5,0,0,0,0,-0.00229183,0,0,0,0,0,0,0,0,0,1,71,58,0,0.00034,0.00034,3,5,0,0,0,0,0,0,0,0,0,0,1,0,0,0,0,0,0,0,0,0,0,,0,0,0,0,
END,Total:5
START,FrameNb:58,CameraNb:0,HeSaiNb:0,ARS410Nb:0
2026/08/02 21:39:29:572---->
heightOffset:0,1785677969572,477740,selfCaliBufCnt:0,selfAccObjCnt:0,selfAccAngle:0,installHAngleOffset:0,Interpolation:0,installVAngleOffset:0,radarOffsetH:0,radarOffsetV:0.32,Polynom:-0.001023;-0.0511;-2.047;0;0;0;-0.001023;-0.0511;-2.047;-25.5;0;0,WheelDirection:0;0;0;0,selfAngleOffset:0,selfAngleOffsetPit:0,currCaliAngleHrz:0,currCaliAnglePit:0,selfCaliAngleHrz:0,selfCaliAnglePit:0,servCaliAngleHrz:0,servCaliAnglePit:0,offlineCaliAngleHrz:0,offlineCaliAnglePit:0,determine2useFlag:0,IMU_Z_Accel:-21.592,IMU_X_AngularRate:-2.093,IMU_Y_AngularRate:-2.093,IMU_RollAngle:-180,IMU_PitchAngle:-180,IMU_YawAngle:-180,FcwID:0,FCWWarningLevel:0,FCWTTC:0
0,1.98,0,16.55,38,0,0,0,7.65,1.25452e-34,0,0,0,-6.5,0,0,0,0,-0.00229183,0,0,0,0,0,0,0,0,0,1,87,53,0,0.00034,0.00034,3,5,0,0,0,0,0,0,0,0,0,0,1,0,1,0,0,0,0,0,0,0,0,,0,0,0,0,
1,2.75,0,16.7,29.5,0,0,0,-14.3,0,0,0,0,-14.5,0,0,0,0,-0.00229183,0,0,0,0,0,0,0,0,0,1,79,53,0,0.00034,0.00034,3,5,0,0,0,0,0,0,0,0,0,0,1,0,1,0,0,0,0,0,0,0,0,,0,0,0,0,
2,3.36,0,14.65,40,0,0,0,4.45,0,0,0,0,-5,0,0,0,0,-0.00229183,0,0,0,0,0,0,0,0,0,1,89,53,0,0.00034,0.00034,3,0,0,0,0,0,0,0,0,0,0,0,1,0,1,0,0,0,0,0,0,0,0,,0,0,0,0,
3,3.65,0.15,10.95,20.5,0,0,0,-2.3,0,0,0,0,-26,0,0,0,0,-0.00229183,0,0,0,0,0,0,0,0,0,1,69,53,0,0.00034,0.00034,3,0,0,0,0,0,0,0,0,0,0,0,1,0,1,0,0,0,0,0,0,0,0,,0,0,0,0,
4,3.58,0.25,10.7,26,0,0,0,0.2,0,0,0,0,-20,0,0,0,0,-0.00229183,0,0,0,0,0,0,0,0,0,1,75,53,0,0.00034,0.00034,3,5,0,0,0,0,0,0,0,0,0,0,1,0,1,0,0,0,0,0,0,0,0,,0,0,0,0,
5,3.79,0,5.4,22.5,0,0,0,-1.35,0,0,0,0,-24.5,0,0,0,0,-0.00229183,0,0,0,0,0,0,0,0,0,1,71,53,0,0.00034,0.00034,3,5,0,0,0,0,0,0,0,0,0,0,1,0,1,0,0,0,0,0,0,0,0,,0,0,0,0,
END,Total:6
START,FrameNb:59,CameraNb:0,HeSaiNb:0,ARS410Nb:0
2026/08/02 21:39:29:622---->
heightOffset:0,1785677969622,477792,selfCaliBufCnt:0,selfAccObjCnt:0,selfAccAngle:0,installHAngleOffset:0,Interpolation:0,installVAngleOffset:0,radarOffsetH:0,radarOffsetV:0.32,Polynom:-0.001023;-0.0511;-2.047;0;0;0;-0.001023;-0.0511;-2.047;-25.5;0;0,WheelDirection:0;0;0;0,selfAngleOffset:0,selfAngleOffsetPit:0,currCaliAngleHrz:0,currCaliAnglePit:0,selfCaliAngleHrz:0,selfCaliAnglePit:0,servCaliAngleHrz:0,servCaliAnglePit:0,offlineCaliAngleHrz:0,offlineCaliAnglePit:0,determine2useFlag:0,IMU_Z_Accel:-21.592,IMU_X_AngularRate:-2.093,IMU_Y_AngularRate:-2.093,IMU_RollAngle:-180,IMU_PitchAngle:-180,IMU_YawAngle:-180,FcwID:0,FCWWarningLevel:0,FCWTTC:0
0,1.99,0,16.55,38,0,0,0,7.65,1.25452e-34,0,0,0,-6.5,0,0,0,0,-0.00229183,0,0,0,0,0,0,0,0,0,1,87,58,0,0.00034,0.00034,3,5,0,0,0,0,0,0,0,0,0,0,1,0,0,0,0,0,0,0,0,0,0,,0,0,0,0,
1,2.76,0,-7.05,29.5,0,0,0,-15,0,0,0,0,-17.5,0,0,0,0,-0.00229183,0,0,0,0,0,0,0,0,0,1,79,58,0,0.00034,0.00034,3,5,0,0,0,0,0,0,0,0,0,0,1,0,0,0,0,0,0,0,0,0,0,,0,0,0,0,
2,3.37,0,14.7,40,0,0,0,4.8,0,0,0,0,-5,0,0,0,0,-0.00229183,0,0,0,0,0,0,0,0,0,1,89,58,0,0.00034,0.00034,3,0,0,0,0,0,0,0,0,0,0,0,1,0,0,0,0,0,0,0,0,0,0,,0,0,0,0,
3,3.68,0.1,11.45,26.5,0,0,0,-2.7,0,0,0,0,-20,0,0,0,0,-0.00229183,0,0,0,0,0,0,0,0,0,1,75,58,0,0.00034,0.00034,3,5,0,0,0,0,0,0,0,0,0,0,1,0,0,0,0,0,0,0,0,0,0,,0,0,0,0,
4,3.8,0,-57.05,23,0,0,0,6.7,0,0,0,0,1.5,0,0,0,0,-0.00229183,0,0,0,0,0,0,0,0,0,1,71,58,0,0.00034,0.00034,2,-1,0,0,0,0,0,0,0,0,0,0,1,0,0,0,0,0,0,0,0,0,0,,0,0,0,0,
END,Total:5
START,FrameNb:60,CameraNb:0,HeSaiNb:0,ARS410Nb:0
2026/08/02 21:39:29:728---->
heightOffset:0,1785677969728,477852,selfCaliBufCnt:0,selfAccObjCnt:0,selfAccAngle:0,installHAngleOffset:0,Interpolation:0,installVAngleOffset:0,radarOffsetH:0,radarOffsetV:0.32,Polynom:-0.001023;-0.0511;-2.047;0;0;0;-0.001023;-0.0511;-2.047;-25.5;0;0,WheelDirection:0;0;0;0,selfAngleOffset:0,selfAngleOffsetPit:0,currCaliAngleHrz:0,currCaliAnglePit:0,selfCaliAngleHrz:0,selfCaliAnglePit:0,servCaliAngleHrz:0,servCaliAnglePit:0,offlineCaliAngleHrz:0,offlineCaliAnglePit:0,determine2useFlag:0,IMU_Z_Accel:-21.592,IMU_X_AngularRate:-2.093,IMU_Y_AngularRate:-2.093,IMU_RollAngle:-180,IMU_PitchAngle:-180,IMU_YawAngle:-180,FcwID:0,FCWWarningLevel:0,FCWTTC:0
0,1.99,0,16.55,38,0,0,0,7.7,1.25452e-34,0,0,0,-6.5,0,0,0,0,-0.00229183,0,0,0,0,0,0,0,0,0,1,87,54,0,0.00034,0.00034,3,5,0,0,0,0,0,0,0,0,0,0,1,0,1,0,0,0,0,0,0,0,0,,0,0,0,0,
1,3.36,0,14.55,40,0,0,0,4.4,0,0,0,0,-5,0,0,0,0,-0.00229183,0,0,0,0,0,0,0,0,0,1,89,54,0,0.00034,0.00034,3,0,0,0,0,0,0,0,0,0,0,0,1,0,1,0,0,0,0,0,0,0,0,,0,0,0,0,
2,3.73,0.1,-58.95,22.5,0,0,0,-6.3,0,0,0,0,1.5,0,0,0,0,-0.00229183,0,0,0,0,0,0,0,0,0,1,71,54,0,0.00034,0.00034,3,5,0,0,0,0,0,0,0,0,0,0,1,0,1,0,0,0,0,0,0,0,0,,0,0,0,0,
END,Total:3
START,FrameNb:61,CameraNb:0,HeSaiNb:0,ARS410Nb:0
2026/08/02 21:39:29:777---->
heightOffset:0,1785677969777,477904,selfCaliBufCnt:0,selfAccObjCnt:0,selfAccAngle:0,installHAngleOffset:0,Interpolation:0,installVAngleOffset:0,radarOffsetH:0,radarOffsetV:0.32,Polynom:-0.001023;-0.0511;-2.047;0;0;0;-0.001023;-0.0511;-2.047;-25.5;0;0,WheelDirection:0;0;0;0,selfAngleOffset:0,selfAngleOffsetPit:0,currCaliAngleHrz:0,currCaliAnglePit:0,selfCaliAngleHrz:0,selfCaliAnglePit:0,servCaliAngleHrz:0,servCaliAnglePit:0,offlineCaliAngleHrz:0,offlineCaliAnglePit:0,determine2useFlag:0,IMU_Z_Accel:-21.592,IMU_X_AngularRate:-2.093,IMU_Y_AngularRate:-2.093,IMU_RollAngle:-180,IMU_PitchAngle:-180,IMU_YawAngle:-180,FcwID:0,FCWWarningLevel:0,FCWTTC:0
0,1.98,0,16.55,38,0,0,0,7.65,1.25452e-34,0,0,0,-6.5,0,0,0,0,-0.00229183,0,0,0,0,0,0,0,0,0,1,87,57,0,0.00034,0.00034,3,5,0,0,0,0,0,0,0,0,0,0,1,0,0,0,0,0,0,0,0,0,0,,0,0,0,0,
1,2.73,0,16.8,29,0,0,0,-14.1,0,0,0,0,-15,0,0,0,0,-0.00229183,0,0,0,0,0,0,0,0,0,1,78,57,0,0.00034,0.00034,3,5,0,0,0,0,0,0,0,0,0,0,1,0,0,0,0,0,0,0,0,0,0,,0,0,0,0,
2,3.36,0,14.55,40,0,0,0,4.3,0,0,0,0,-5,0,0,0,0,-0.00229183,0,0,0,0,0,0,0,0,0,1,89,57,0,0.00034,0.00034,3,0,0,0,0,0,0,0,0,0,0,0,1,0,0,0,0,0,0,0,0,0,0,,0,0,0,0,
3,3.59,0.2,21.5,20.5,0,0,0,-2.85,0,0,0,0,-20.5,0,0,0,0,-0.00229183,0,0,0,0,0,0,0,0,0,1,69,57,0,0.00034,0.00034,3,5,0,0,0,0,0,0,0,0,0,0,1,0,0,0,0,0,0,0,0,0,0,,0,0,0,0,
4,3.91,0.05,15.5,22,0,0,0,12.25,0,0,0,0,-22,0,0,0,0,-0.00229183,0,0,0,0,0,0,0,0,0,1,70,57,0,0.00034,0.00034,3,5,0,0,0,0,0,0,0,0,0,0,1,0,0,0,0,0,0,0,0,0,0,,0,0,0,0,
END,Total:5
START,FrameNb:62,CameraNb:0,HeSaiNb:0,ARS410Nb:0
2026/08/02 21:39:29:821---->
heightOffset:0,1785677969821,477964,selfCaliBufCnt:0,selfAccObjCnt:0,selfAccAngle:0,installHAngleOffset:0,Interpolation:0,installVAngleOffset:0,radarOffsetH:0,radarOffsetV:0.32,Polynom:-0.001023;-0.0511;-2.047;0;0;0;-0.001023;-0.0511;-2.047;-25.5;0;0,WheelDirection:0;0;0;0,selfAngleOffset:0,selfAngleOffsetPit:0,currCaliAngleHrz:0,currCaliAnglePit:0,selfCaliAngleHrz:0,selfCaliAnglePit:0,servCaliAngleHrz:0,servCaliAnglePit:0,offlineCaliAngleHrz:0,offlineCaliAnglePit:0,determine2useFlag:0,IMU_Z_Accel:-21.592,IMU_X_AngularRate:-2.093,IMU_Y_AngularRate:-2.093,IMU_RollAngle:-180,IMU_PitchAngle:-180,IMU_YawAngle:-180,FcwID:0,FCWWarningLevel:0,FCWTTC:0
0,1.99,0,16.55,38,0,0,0,7.65,1.25452e-34,0,0,0,-6.5,0,0,0,0,-0.00229183,0,0,0,0,0,0,0,0,0,1,87,57,0,0.00034,0.00034,3,5,0,0,0,0,0,0,0,0,0,0,1,0,1,0,0,0,0,0,0,0,0,,0,0,0,0,
1,3.36,0,14.6,40,0,0,0,4.55,0,0,0,0,-5,0,0,0,0,-0.00229183,0,0,0,0,0,0,0,0,0,1,89,57,0,0.00034,0.00034,3,0,0,0,0,0,0,0,0,0,0,0,1,0,1,0,0,0,0,0,0,0,0,,0,0,0,0,
2,3.71,0.05,11.4,24,0,0,0,-2.55,0,0,0,0,-22,0,0,0,0,-0.00229183,0,0,0,0,0,0,0,0,0,1,73,57,0,0.00034,0.00034,3,5,0,0,0,0,0,0,0,0,0,0,1,0,1,0,0,0,0,0,0,0,0,,0,0,0,0,
3,3.61,0.15,20.95,25,0,0,0,-2.2,0,0,0,0,-17,0,0,0,0,-0.00229183,0,0,0,0,0,0,0,0,0,1,74,57,0,0.00034,0.00034,3,5,0,0,0,0,0,0,0,0,0,0,1,0,1,0,0,0,0,0,0,0,0,,0,0,0,0,
4,3.81,0,-56.8,24.5,0,0,0,7.05,0,0,0,0,2,0,0,0,0,-0.00229183,0,0,0,0,0,0,0,0,0,1,73,57,0,0.00034,0.00034,2,-1,0,0,0,0,0,0,0,0,0,0,1,0,1,0,0,0,0,0,0,0,0,,0,0,0,0,
END,Total:5
START,FrameNb:63,CameraNb:0,HeSaiNb:0,ARS410Nb:0
2026/08/02 21:39:29:872---->
heightOffset:0,1785677969872,478024,selfCaliBufCnt:0,selfAccObjCnt:0,selfAccAngle:0,installHAngleOffset:0,Interpolation:0,installVAngleOffset:0,radarOffsetH:0,radarOffsetV:0.32,Polynom:-0.001023;-0.0511;-2.047;0;0;0;-0.001023;-0.0511;-2.047;-25.5;0;0,WheelDirection:0;0;0;0,selfAngleOffset:0,selfAngleOffsetPit:0,currCaliAngleHrz:0,currCaliAnglePit:0,selfCaliAngleHrz:0,selfCaliAnglePit:0,servCaliAngleHrz:0,servCaliAnglePit:0,offlineCaliAngleHrz:0,offlineCaliAnglePit:0,determine2useFlag:0,IMU_Z_Accel:-21.592,IMU_X_AngularRate:-2.093,IMU_Y_AngularRate:-2.093,IMU_RollAngle:-180,IMU_PitchAngle:-180,IMU_YawAngle:-180,FcwID:0,FCWWarningLevel:0,FCWTTC:0
0,1.98,0,16.55,38.5,0,0,0,7.65,1.25452e-34,0,0,0,-6.5,0,0,0,0,-0.00229183,0,0,0,0,0,0,0,0,0,1,87,62,0,0.00034,0.00034,3,5,0,0,0,0,0,0,0,0,0,0,1,0,0,0,0,0,0,0,0,0,0,,0,0,0,0,
1,2.78,0,67.1,29.5,0,0,0,-9.95,0,0,0,0,18.5,0,0,0,0,-0.00229183,0,0,0,0,0,0,0,0,0,1,79,62,0,0.00034,0.00034,2,-1,0,0,0,0,0,0,0,0,0,0,1,0,0,0,0,0,0,0,0,0,0,,0,0,0,0,
2,3.37,0,14.7,40,0,0,0,4.7,0,0,0,0,-5,0,0,0,0,-0.00229183,0,0,0,0,0,0,0,0,0,1,89,62,0,0.00034,0.00034,3,0,0,0,0,0,0,0,0,0,0,0,1,0,0,0,0,0,0,0,0,0,0,,0,0,0,0,
3,3.67,0.1,11.55,26,0,0,0,-2.3,0,0,0,0,-20,0,0,0,0,-0.00229183,0,0,0,0,0,0,0,0,0,1,75,62,0,0.00034,0.00034,3,5,0,0,0,0,0,0,0,0,0,0,1,0,0,0,0,0,0,0,0,0,0,,0,0,0,0,
4,3.78,0,9,24.5,0,0,0,-15,0,0,0,0,-21.5,0,0,0,0,-0.00229183,0,0,0,0,0,0,0,0,0,1,73,62,0,0.00034,0.00034,3,5,0,0,0,0,0,0,0,0,0,0,1,0,0,0,0,0,0,0,0,0,0,,0,0,0,0,
END,Total:5
START,FrameNb:64,CameraNb:0,HeSaiNb:0,ARS410Nb:0
2026/08/02 21:39:29:918---->
heightOffset:0,1785677969918,478084,selfCaliBufCnt:0,selfAccObjCnt:0,selfAccAngle:0,installHAngleOffset:0,Interpolation:0,installVAngleOffset:0,radarOffsetH:0,radarOffsetV:0.32,Polynom:-0.001023;-0.0511;-2.047;0;0;0;-0.001023;-0.0511;-2.047;-25.5;0;0,WheelDirection:0;0;0;0,selfAngleOffset:0,selfAngleOffsetPit:0,currCaliAngleHrz:0,currCaliAnglePit:0,selfCaliAngleHrz:0,selfCaliAnglePit:0,servCaliAngleHrz:0,servCaliAnglePit:0,offlineCaliAngleHrz:0,offlineCaliAnglePit:0,determine2useFlag:0,IMU_Z_Accel:-21.592,IMU_X_AngularRate:-2.093,IMU_Y_AngularRate:-2.093,IMU_RollAngle:-180,IMU_PitchAngle:-180,IMU_YawAngle:-180,FcwID:0,FCWWarningLevel:0,FCWTTC:0
0,1.98,0,16.55,38,0,0,0,7.7,1.25452e-34,0,0,0,-6.5,0,0,0,0,-0.00229183,0,0,0,0,0,0,0,0,0,1,87,55,0,0.00034,0.00034,3,5,0,0,0,0,0,0,0,0,0,0,1,0,1,0,0,0,0,0,0,0,0,,0,0,0,0,
1,3.36,0,14.65,40.5,0,0,0,4.25,0,0,0,0,-5,0,0,0,0,-0.00229183,0,0,0,0,0,0,0,0,0,1,89,55,0,0.00034,0.00034,3,0,0,0,0,0,0,0,0,0,0,0,1,0,1,0,0,0,0,0,0,0,0,,0,0,0,0,
2,3.69,0.05,11.65,21,0,0,0,-1.55,0,0,0,0,-25.5,0,0,0,0,-0.00229183,0,0,0,0,0,0,0,0,0,1,69,55,0,0.00034,0.00034,3,5,0,0,0,0,0,0,0,0,0,0,1,0,1,0,0,0,0,0,0,0,0,,0,0,0,0,
3,3.64,0.15,22,22,0,0,0,-2.35,0,0,0,0,-19,0,0,0,0,-0.00229183,0,0,0,0,0,0,0,0,0,1,71,55,0,0.00034,0.00034,3,0,0,0,0,0,0,0,0,0,0,0,1,0,1,0,0,0,0,0,0,0,0,,0,0,0,0,
END,Total:4
START,FrameNb:65,CameraNb:0,HeSaiNb:0,ARS410Nb:0
2026/08/02 21:39:29:977---->
heightOffset:0,1785677969977,478136,selfCaliBufCnt:0,selfAccObjCnt:0,selfAccAngle:0,installHAngleOffset:0,Interpolation:0,installVAngleOffset:0,radarOffsetH:0,radarOffsetV:0.32,Polynom:-0.001023;-0.0511;-2.047;0;0;0;-0.001023;-0.0511;-2.047;-25.5;0;0,WheelDirection:0;0;0;0,selfAngleOffset:0,selfAngleOffsetPit:0,currCaliAngleHrz:0,currCaliAnglePit:0,selfCaliAngleHrz:0,selfCaliAnglePit:0,servCaliAngleHrz:0,servCaliAnglePit:0,offlineCaliAngleHrz:0,offlineCaliAnglePit:0,determine2useFlag:0,IMU_Z_Accel:-21.592,IMU_X_AngularRate:-2.093,IMU_Y_AngularRate:-2.093,IMU_RollAngle:-180,IMU_PitchAngle:-180,IMU_YawAngle:-180,FcwID:0,FCWWarningLevel:0,FCWTTC:0
0,1.99,0,16.5,38,0,0,0,7.65,1.25452e-34,0,0,0,-6.5,0,0,0,0,-0.00229183,0,0,0,0,0,0,0,0,0,1,87,58,0,0.00034,0.00034,3,5,0,0,0,0,0,0,0,0,0,0,1,0,0,0,0,0,0,0,0,0,0,,0,0,0,0,
1,2.74,0,16.9,29.5,0,0,0,-14.05,0,0,0,0,-14.5,0,0,0,0,-0.00229183,0,0,0,0,0,0,0,0,0,1,79,58,0,0.00034,0.00034,3,5,0,0,0,0,0,0,0,0,0,0,1,0,0,0,0,0,0,0,0,0,0,,0,0,0,0,
2,3.36,0,14.6,40,0,0,0,4.45,0,0,0,0,-5,0,0,0,0,-0.00229183,0,0,0,0,0,0,0,0,0,1,89,58,0,0.00034,0.00034,3,0,0,0,0,0,0,0,0,0,0,0,1,0,0,0,0,0,0,0,0,0,0,,0,0,0,0,
3,3.71,0.05,11.4,23.5,0,0,0,-2.1,0,0,0,0,-22.5,0,0,0,0,-0.00229183,0,0,0,0,0,0,0,0,0,1,72,58,0,0.00034,0.00034,3,5,0,0,0,0,0,0,0,0,0,0,1,0,0,0,0,0,0,0,0,0,0,,0,0,0,0,
4,3.79,0,15.4,25,0,0,0,2.95,0,0,0,0,-19,0,0,0,0,-0.00229183,0,0,0,0,0,0,0,0,0,1,73,58,0,0.00034,0.00034,3,5,0,0,0,0,0,0,0,0,0,0,1,0,0,0,0,0,0,0,0,0,0,,0,0,0,0,
5,5.21,0,18.2,21,0,0,0,-3.95,0,0,0,0,-24.5,0,0,0,0,-0.00229183,0,0,0,0,0,0,0,0,0,1,66,58,0,0.00034,0.00034,3,5,0,0,0,0,0,0,0,0,0,0,1,0,0,0,0,0,0,0,0,0,0,,0,0,0,0,
END,Total:6
START,FrameNb:66,CameraNb:0,HeSaiNb:0,ARS410Nb:0
2026/08/02 21:39:30:031---->
heightOffset:0,1785677970031,478192,selfCaliBufCnt:0,selfAccObjCnt:0,selfAccAngle:0,installHAngleOffset:0,Interpolation:0,installVAngleOffset:0,radarOffsetH:0,radarOffsetV:0.32,Polynom:-0.001023;-0.0511;-2.047;0;0;0;-0.001023;-0.0511;-2.047;-25.5;0;0,WheelDirection:0;0;0;0,selfAngleOffset:0,selfAngleOffsetPit:0,currCaliAngleHrz:0,currCaliAnglePit:0,selfCaliAngleHrz:0,selfCaliAnglePit:0,servCaliAngleHrz:0,servCaliAnglePit:0,offlineCaliAngleHrz:0,offlineCaliAnglePit:0,determine2useFlag:0,IMU_Z_Accel:-21.592,IMU_X_AngularRate:-2.093,IMU_Y_AngularRate:-2.093,IMU_RollAngle:-180,IMU_PitchAngle:-180,IMU_YawAngle:-180,FcwID:0,FCWWarningLevel:0,FCWTTC:0
0,1.99,0,16.55,38,0,0,0,7.65,1.25452e-34,0,0,0,-6.5,0,0,0,0,-0.00229183,0,0,0,0,0,0,0,0,0,1,87,53,0,0.00034,0.00034,3,5,0,0,0,0,0,0,0,0,0,0,1,0,1,0,0,0,0,0,0,0,0,,0,0,0,0,
1,3.36,0,14.55,40,0,0,0,4.4,0,0,0,0,-5,0,0,0,0,-0.00229183,0,0,0,0,0,0,0,0,0,1,89,53,0,0.00034,0.00034,3,0,0,0,0,0,0,0,0,0,0,0,1,0,1,0,0,0,0,0,0,0,0,,0,0,0,0,
2,3.62,0.05,11.4,24,0,0,0,-2.6,0,0,0,0,-22,0,0,0,0,-0.00229183,0,0,0,0,0,0,0,0,0,1,73,53,0,0.00034,0.00034,3,0,0,0,0,0,0,0,0,0,0,0,1,0,1,0,0,0,0,0,0,0,0,,0,0,0,0,
3,3.73,-0.05,7.9,23,0,0,0,-2.45,0,0,0,0,-24,0,0,0,0,-0.00229183,0,0,0,0,0,0,0,0,0,1,72,53,0,0.00034,0.00034,3,5,0,0,0,0,0,0,0,0,0,0,1,0,1,0,0,0,0,0,0,0,0,,0,0,0,0,
4,3.78,0,-55.6,24,0,0,0,5,0,0,0,0,2,0,0,0,0,-0.00229183,0,0,0,0,0,0,0,0,0,1,73,53,0,0.00034,0.00034,2,-1,0,0,0,0,0,0,0,0,0,0,1,0,1,0,0,0,0,0,0,0,0,,0,0,0,0,
5,5.21,0,10,20.5,0,0,0,1.9,0,0,0,0,-27.5,0,0,0,0,-0.00229183,0,0,0,0,0,0,0,0,0,1,66,53,0,0.00034,0.00034,3,0,0,0,0,0,0,0,0,0,0,0,1,0,1,0,0,0,0,0,0,0,0,,0,0,0,0,
END,Total:6
START,FrameNb:67,CameraNb:0,HeSaiNb:0,ARS410Nb:0
2026/08/02 21:39:30:122---->
heightOffset:0,1785677970122,478248,selfCaliBufCnt:0,selfAccObjCnt:0,selfAccAngle:0,installHAngleOffset:0,Interpolation:0,installVAngleOffset:0,radarOffsetH:0,radarOffsetV:0.32,Polynom:-0.001023;-0.0511;-2.047;0;0;0;-0.001023;-0.0511;-2.047;-25.5;0;0,WheelDirection:0;0;0;0,selfAngleOffset:0,selfAngleOffsetPit:0,currCaliAngleHrz:0,currCaliAnglePit:0,selfCaliAngleHrz:0,selfCaliAnglePit:0,servCaliAngleHrz:0,servCaliAnglePit:0,offlineCaliAngleHrz:0,offlineCaliAnglePit:0,determine2useFlag:0,IMU_Z_Accel:-21.592,IMU_X_AngularRate:-2.093,IMU_Y_AngularRate:-2.093,IMU_RollAngle:-180,IMU_PitchAngle:-180,IMU_YawAngle:-180,FcwID:0,FCWWarningLevel:0,FCWTTC:0
0,1.99,0,16.5,38,0,0,0,7.7,1.25452e-34,0,0,0,-6.5,0,0,0,0,-0.00229183,0,0,0,0,0,0,0,0,0,1,87,58,0,0.00034,0.00034,3,5,0,0,0,0,0,0,0,0,0,0,1,0,0,0,0,0,0,0,0,0,0,,0,0,0,0,
1,2.77,0,66.95,30,0,0,0,-10.25,0,0,0,0,17.5,0,0,0,0,-0.00229183,0,0,0,0,0,0,0,0,0,1,79,58,0,0.00034,0.00034,2,-1,0,0,0,0,0,0,0,0,0,0,1,0,0,0,0,0,0,0,0,0,0,,0,0,0,0,
2,3.36,0,14.55,40,0,0,0,4.45,0,0,0,0,-5,0,0,0,0,-0.00229183,0,0,0,0,0,0,0,0,0,1,89,58,0,0.00034,0.00034,3,0,0,0,0,0,0,0,0,0,0,0,1,0,0,0,0,0,0,0,0,0,0,,0,0,0,0,
3,3.79,0,9.05,27.5,0,0,0,-0.75,0,0,0,0,-19,0,0,0,0,-0.00229183,0,0,0,0,0,0,0,0,0,1,76,58,0,0.00034,0.00034,3,5,0,0,0,0,0,0,0,0,0,0,1,0,0,0,0,0,0,0,0,0,0,,0,0,0,0,
4,5.21,0,-62.45,21,0,0,0,-6.1,0,0,0,0,0.5,0,0,0,0,-0.00229183,0,0,0,0,0,0,0,0,0,1,67,58,0,0.00034,0.00034,3,5,0,0,0,0,0,0,0,0,0,0,1,0,0,0,0,0,0,0,0,0,0,,0,0,0,0,
END,Total:5
START,FrameNb:68,CameraNb:0,HeSaiNb:0,ARS410Nb:0
2026/08/02 21:39:30:169---->
heightOffset:0,1785677970169,478304,selfCaliBufCnt:0,selfAccObjCnt:0,selfAccAngle:0,installHAngleOffset:0,Interpolation:0,installVAngleOffset:0,radarOffsetH:0,radarOffsetV:0.32,Polynom:-0.001023;-0.0511;-2.047;0;0;0;-0.001023;-0.0511;-2.047;-25.5;0;0,WheelDirection:0;0;0;0,selfAngleOffset:0,selfAngleOffsetPit:0,currCaliAngleHrz:0,currCaliAnglePit:0,selfCaliAngleHrz:0,selfCaliAnglePit:0,servCaliAngleHrz:0,servCaliAnglePit:0,offlineCaliAngleHrz:0,offlineCaliAnglePit:0,determine2useFlag:0,IMU_Z_Accel:-21.592,IMU_X_AngularRate:-2.093,IMU_Y_AngularRate:-2.093,IMU_RollAngle:-180,IMU_PitchAngle:-180,IMU_YawAngle:-180,FcwID:0,FCWWarningLevel:0,FCWTTC:0
0,1.99,0,16.55,38,0,0,0,7.7,1.25452e-34,0,0,0,-6.5,0,0,0,0,-0.00229183,0,0,0,0,0,0,0,0,0,1,87,53,0,0.00034,0.00034,3,5,0,0,0,0,0,0,0,0,0,0,1,0,1,0,0,0,0,0,0,0,0,,0,0,0,0,
1,3.36,0,14.65,40,0,0,0,4.65,0,0,0,0,-5,0,0,0,0,-0.00229183,0,0,0,0,0,0,0,0,0,1,89,53,0,0.00034,0.00034,3,0,0,0,0,0,0,0,0,0,0,0,1,0,1,0,0,0,0,0,0,0,0,,0,0,0,0,
2,3.7,0.1,12.5,25,0,0,0,-2.1,0,0,0,0,-20.5,0,0,0,0,-0.00229183,0,0,0,0,0,0,0,0,0,1,73,53,0,0.00034,0.00034,3,5,0,0,0,0,0,0,0,0,0,0,1,0,1,0,0,0,0,0,0,0,0,,0,0,0,0,
3,3.83,0,6.1,23.5,0,0,0,-0.8,0,0,0,0,-24,0,0,0,0,-0.00229183,0,0,0,0,0,0,0,0,0,1,72,53,0,0.00034,0.00034,3,5,0,0,0,0,0,0,0,0,0,0,1,0,1,0,0,0,0,0,0,0,0,,0,0,0,0,
END,Total:4
START,FrameNb:69,CameraNb:0,HeSaiNb:0,ARS410Nb:0
2026/08/02 21:39:30:217---->
heightOffset:0,1785677970217,478360,selfCaliBufCnt:0,selfAccObjCnt:0,selfAccAngle:0,installHAngleOffset:0,Interpolation:0,installVAngleOffset:0,radarOffsetH:0,radarOffsetV:0.32,Polynom:-0.001023;-0.0511;-2.047;0;0;0;-0.001023;-0.0511;-2.047;-25.5;0;0,WheelDirection:0;0;0;0,selfAngleOffset:0,selfAngleOffsetPit:0,currCaliAngleHrz:0,currCaliAnglePit:0,selfCaliAngleHrz:0,selfCaliAnglePit:0,servCaliAngleHrz:0,servCaliAnglePit:0,offlineCaliAngleHrz:0,offlineCaliAnglePit:0,determine2useFlag:0,IMU_Z_Accel:-21.592,IMU_X_AngularRate:-2.093,IMU_Y_AngularRate:-2.093,IMU_RollAngle:-180,IMU_PitchAngle:-180,IMU_YawAngle:-180,FcwID:0,FCWWarningLevel:0,FCWTTC:0
0,1.99,0,16.55,38,0,0,0,7.65,1.25452e-34,0,0,0,-6.5,0,0,0,0,-0.00229183,0,0,0,0,0,0,0,0,0,1,87,59,0,0.00034,0.00034,3,5,0,0,0,0,0,0,0,0,0,0,1,0,0,0,0,0,0,0,0,0,0,,0,0,0,0,
1,2.77,0,-7.15,30,0,0,0,-15,0,0,0,0,-17.5,0,0,0,0,-0.00229183,0,0,0,0,0,0,0,0,0,1,79,59,0,0.00034,0.00034,3,5,0,0,0,0,0,0,0,0,0,0,1,0,0,0,0,0,0,0,0,0,0,,0,0,0,0,
2,3.36,0,14.6,40,0,0,0,4.4,0,0,0,0,-5,0,0,0,0,-0.00229183,0,0,0,0,0,0,0,0,0,1,89,59,0,0.00034,0.00034,3,0,0,0,0,0,0,0,0,0,0,0,1,0,0,0,0,0,0,0,0,0,0,,0,0,0,0,
3,3.74,0.05,8,25.5,0,0,0,-1,0,0,0,0,-21.5,0,0,0,0,-0.00229183,0,0,0,0,0,0,0,0,0,1,74,59,0,0.00034,0.00034,3,5,0,0,0,0,0,0,0,0,0,0,1,0,0,0,0,0,0,0,0,0,0,,0,0,0,0,
END,Total:4
START,FrameNb:70,CameraNb:0,HeSaiNb:0,ARS410Nb:0
2026/08/02 21:39:30:275---->
heightOffset:0,1785677970275,478424,selfCaliBufCnt:0,selfAccObjCnt:0,selfAccAngle:0,installHAngleOffset:0,Interpolation:0,installVAngleOffset:0,radarOffsetH:0,radarOffsetV:0.32,Polynom:-0.001023;-0.0511;-2.047;0;0;0;-0.001023;-0.0511;-2.047;-25.5;0;0,WheelDirection:0;0;0;0,selfAngleOffset:0,selfAngleOffsetPit:0,currCaliAngleHrz:0,currCaliAnglePit:0,selfCaliAngleHrz:0,selfCaliAnglePit:0,servCaliAngleHrz:0,servCaliAnglePit:0,offlineCaliAngleHrz:0,offlineCaliAnglePit:0,determine2useFlag:0,IMU_Z_Accel:-21.592,IMU_X_AngularRate:-2.093,IMU_Y_AngularRate:-2.093,IMU_RollAngle:-180,IMU_PitchAngle:-180,IMU_YawAngle:-180,FcwID:0,FCWWarningLevel:0,FCWTTC:0
0,1.99,0,16.55,38,0,0,0,7.65,1.25452e-34,0,0,0,-6.5,0,0,0,0,-0.00229183,0,0,0,0,0,0,0,0,0,1,87,58,0,0.00034,0.00034,3,5,0,0,0,0,0,0,0,0,0,0,1,0,1,0,0,0,0,0,0,0,0,,0,0,0,0,
1,3.36,0,14.55,40,0,0,0,4.3,0,0,0,0,-5,0,0,0,0,-0.00229183,0,0,0,0,0,0,0,0,0,1,89,58,0,0.00034,0.00034,3,0,0,0,0,0,0,0,0,0,0,0,1,0,1,0,0,0,0,0,0,0,0,,0,0,0,0,
2,3.76,0.1,11.4,26.5,0,0,0,-2.7,0,0,0,0,-19.5,0,0,0,0,-0.00229183,0,0,0,0,0,0,0,0,0,1,75,58,0,0.00034,0.00034,3,0,0,0,0,0,0,0,0,0,0,0,1,0,1,0,0,0,0,0,0,0,0,,0,0,0,0,
END,Total:3
START,FrameNb:71,CameraNb:0,HeSaiNb:0,ARS410Nb:0
2026/08/02 21:39:30:321---->
heightOffset:0,1785677970321,478476,selfCaliBufCnt:0,selfAccObjCnt:0,selfAccAngle:0,installHAngleOffset:0,Interpolation:0,installVAngleOffset:0,radarOffsetH:0,radarOffsetV:0.32,Polynom:-0.001023;-0.0511;-2.047;0;0;0;-0.001023;-0.0511;-2.047;-25.5;0;0,WheelDirection:0;0;0;0,selfAngleOffset:0,selfAngleOffsetPit:0,currCaliAngleHrz:0,currCaliAnglePit:0,selfCaliAngleHrz:0,selfCaliAnglePit:0,servCaliAngleHrz:0,servCaliAnglePit:0,offlineCaliAngleHrz:0,offlineCaliAnglePit:0,determine2useFlag:0,IMU_Z_Accel:-21.592,IMU_X_AngularRate:-2.093,IMU_Y_AngularRate:-2.093,IMU_RollAngle:-180,IMU_PitchAngle:-180,IMU_YawAngle:-180,FcwID:0,FCWWarningLevel:0,FCWTTC:0
0,1.98,0,16.55,38,0,0,0,7.7,1.25452e-34,0,0,0,-6.5,0,0,0,0,-0.00229183,0,0,0,0,0,0,0,0,0,1,87,60,0,0.00034,0.00034,3,5,0,0,0,0,0,0,0,0,0,0,1,0,0,0,0,0,0,0,0,0,0,,0,0,0,0,
1,2.77,0,-7.3,30,0,0,0,-15,0,0,0,0,-17.5,0,0,0,0,-0.00229183,0,0,0,0,0,0,0,0,0,1,79,60,0,0.00034,0.00034,3,5,0,0,0,0,0,0,0,0,0,0,1,0,0,0,0,0,0,0,0,0,0,,0,0,0,0,
2,3.37,0,14.65,40,0,0,0,4.65,0,0,0,0,-5,0,0,0,0,-0.00229183,0,0,0,0,0,0,0,0,0,1,89,60,0,0.00034,0.00034,3,0,0,0,0,0,0,0,0,0,0,0,1,0,0,0,0,0,0,0,0,0,0,,0,0,0,0,
3,3.74,0.1,21.35,24.5,0,0,0,-2.3,0,0,0,0,-17,0,0,0,0,-0.00229183,0,0,0,0,0,0,0,0,0,1,73,60,0,0.00034,0.00034,3,5,0,0,0,0,0,0,0,0,0,0,1,0,0,0,0,0,0,0,0,0,0,,0,0,0,0,
END,Total:4
START,FrameNb:72,CameraNb:0,HeSaiNb:0,ARS410Nb:0
2026/08/02 21:39:30:371---->
heightOffset:0,1785677970371,478536,selfCaliBufCnt:0,selfAccObjCnt:0,selfAccAngle:0,installHAngleOffset:0,Interpolation:0,installVAngleOffset:0,radarOffsetH:0,radarOffsetV:0.32,Polynom:-0.001023;-0.0511;-2.047;0;0;0;-0.001023;-0.0511;-2.047;-25.5;0;0,WheelDirection:0;0;0;0,selfAngleOffset:0,selfAngleOffsetPit:0,currCaliAngleHrz:0,currCaliAnglePit:0,selfCaliAngleHrz:0,selfCaliAnglePit:0,servCaliAngleHrz:0,servCaliAnglePit:0,offlineCaliAngleHrz:0,offlineCaliAnglePit:0,determine2useFlag:0,IMU_Z_Accel:-21.592,IMU_X_AngularRate:-2.093,IMU_Y_AngularRate:-2.093,IMU_RollAngle:-180,IMU_PitchAngle:-180,IMU_YawAngle:-180,FcwID:0,FCWWarningLevel:0,FCWTTC:0
0,1.99,0,16.55,38.5,0,0,0,7.65,1.25452e-34,0,0,0,-6.5,0,0,0,0,-0.00229183,0,0,0,0,0,0,0,0,0,1,87,53,0,0.00034,0.00034,3,5,0,0,0,0,0,0,0,0,0,0,1,0,1,0,0,0,0,0,0,0,0,,0,0,0,0,
1,2.77,0,-7.3,29.5,0,0,0,-15,0,0,0,0,-17.5,0,0,0,0,-0.00229183,0,0,0,0,0,0,0,0,0,1,79,53,0,0.00034,0.00034,3,7,0,0,0,0,0,0,0,0,0,0,1,0,1,0,0,0,0,0,0,0,0,,0,0,0,0,
2,3.36,0,14.65,40.5,0,0,0,4.55,0,0,0,0,-5,0,0,0,0,-0.00229183,0,0,0,0,0,0,0,0,0,1,89,53,0,0.00034,0.00034,3,0,0,0,0,0,0,0,0,0,0,0,1,0,1,0,0,0,0,0,0,0,0,,0,0,0,0,
3,3.74,0.05,21.65,25,0,0,0,-0.25,0,0,0,0,-16.5,0,0,0,0,-0.00229183,0,0,0,0,0,0,0,0,0,1,73,53,0,0.00034,0.00034,3,5,0,0,0,0,0,0,0,0,0,0,1,0,1,0,0,0,0,0,0,0,0,,0,0,0,0,
END,Total:4
START,FrameNb:73,CameraNb:0,HeSaiNb:0,ARS410Nb:0
2026/08/02 21:39:30:416---->
heightOffset:0,1785677970416,478588,selfCaliBufCnt:0,selfAccObjCnt:0,selfAccAngle:0,installHAngleOffset:0,Interpolation:0,installVAngleOffset:0,radarOffsetH:0,radarOffsetV:0.32,Polynom:-0.001023;-0.0511;-2.047;0;0;0;-0.001023;-0.0511;-2.047;-25.5;0;0,WheelDirection:0;0;0;0,selfAngleOffset:0,selfAngleOffsetPit:0,currCaliAngleHrz:0,currCaliAnglePit:0,selfCaliAngleHrz:0,selfCaliAnglePit:0,servCaliAngleHrz:0,servCaliAnglePit:0,offlineCaliAngleHrz:0,offlineCaliAnglePit:0,determine2useFlag:0,IMU_Z_Accel:-21.592,IMU_X_AngularRate:-2.093,IMU_Y_AngularRate:-2.093,IMU_RollAngle:-180,IMU_PitchAngle:-180,IMU_YawAngle:-180,FcwID:0,FCWWarningLevel:0,FCWTTC:0
0,1.99,0,16.55,38,0,0,0,7.65,1.25452e-34,0,0,0,-6.5,0,0,0,0,-0.00229183,0,0,0,0,0,0,0,0,0,1,87,58,0,0.00034,0.00034,3,5,0,0,0,0,0,0,0,0,0,0,1,0,0,0,0,0,0,0,0,0,0,,0,0,0,0,
1,2.75,0,-8.85,29,0,0,0,-13.7,0,0,0,0,-18,0,0,0,0,-0.00229183,0,0,0,0,0,0,0,0,0,1,78,58,0,0.00034,0.00034,3,5,0,0,0,0,0,0,0,0,0,0,1,0,0,0,0,0,0,0,0,0,0,,0,0,0,0,
2,3.36,0,14.55,40.5,0,0,0,4.2,0,0,0,0,-5,0,0,0,0,-0.00229183,0,0,0,0,0,0,0,0,0,1,89,58,0,0.00034,0.00034,3,0,0,0,0,0,0,0,0,0,0,0,1,0,0,0,0,0,0,0,0,0,0,,0,0,0,0,
3,3.78,0.05,-34.1,25.5,0,0,0,15,0,0,0,0,-12,0,0,0,0,-0.00229183,0,0,0,0,0,0,0,0,0,1,74,58,0,0.00034,0.00034,2,-1,0,0,0,0,0,0,0,0,0,0,1,0,0,0,0,0,0,0,0,0,0,,0,0,0,0,
4,3.81,0.05,5.65,24.5,0,0,0,-0.1,0,0,0,0,-23,0,0,0,0,-0.00229183,0,0,0,0,0,0,0,0,0,1,73,58,0,0.00034,0.00034,3,5,0,0,0,0,0,0,0,0,0,0,1,0,0,0,0,0,0,0,0,0,0,,0,0,0,0,
END,Total:5
START,FrameNb:74,CameraNb:0,HeSaiNb:0,ARS410Nb:0
2026/08/02 21:39:30:527---->
heightOffset:0,1785677970527,478644,selfCaliBufCnt:0,selfAccObjCnt:0,selfAccAngle:0,installHAngleOffset:0,Interpolation:0,installVAngleOffset:0,radarOffsetH:0,radarOffsetV:0.32,Polynom:-0.001023;-0.0511;-2.047;0;0;0;-0.001023;-0.0511;-2.047;-25.5;0;0,WheelDirection:0;0;0;0,selfAngleOffset:0,selfAngleOffsetPit:0,currCaliAngleHrz:0,currCaliAnglePit:0,selfCaliAngleHrz:0,selfCaliAnglePit:0,servCaliAngleHrz:0,servCaliAnglePit:0,offlineCaliAngleHrz:0,offlineCaliAnglePit:0,determine2useFlag:0,IMU_Z_Accel:-21.592,IMU_X_AngularRate:-2.093,IMU_Y_AngularRate:-2.093,IMU_RollAngle:-180,IMU_PitchAngle:-180,IMU_YawAngle:-180,FcwID:0,FCWWarningLevel:0,FCWTTC:0
0,1.98,0,16.55,38,0,0,0,7.7,1.25452e-34,0,0,0,-6.5,0,0,0,0,-0.00229183,0,0,0,0,0,0,0,0,0,1,87,53,0,0.00034,0.00034,3,5,0,0,0,0,0,0,0,0,0,0,1,0,1,0,0,0,0,0,0,0,0,,0,0,0,0,
1,2.76,0,-8.8,29,0,0,0,-13.75,0,0,0,0,-18,0,0,0,0,-0.00229183,0,0,0,0,0,0,0,0,0,1,79,53,0,0.00034,0.00034,3,5,0,0,0,0,0,0,0,0,0,0,1,0,1,0,0,0,0,0,0,0,0,,0,0,0,0,
2,3.36,0,14.55,40,0,0,0,4.2,0,0,0,0,-5,0,0,0,0,-0.00229183,0,0,0,0,0,0,0,0,0,1,89,53,0,0.00034,0.00034,3,0,0,0,0,0,0,0,0,0,0,0,1,0,1,0,0,0,0,0,0,0,0,,0,0,0,0,
END,Total:3
START,FrameNb:75,CameraNb:0,HeSaiNb:0,ARS410Nb:0
2026/08/02 21:39:30:570---->
heightOffset:0,1785677970570,478700,selfCaliBufCnt:0,selfAccObjCnt:0,selfAccAngle:0,installHAngleOffset:0,Interpolation:0,installVAngleOffset:0,radarOffsetH:0,radarOffsetV:0.32,Polynom:-0.001023;-0.0511;-2.047;0;0;0;-0.001023;-0.0511;-2.047;-25.5;0;0,WheelDirection:0;0;0;0,selfAngleOffset:0,selfAngleOffsetPit:0,currCaliAngleHrz:0,currCaliAnglePit:0,selfCaliAngleHrz:0,selfCaliAnglePit:0,servCaliAngleHrz:0,servCaliAnglePit:0,offlineCaliAngleHrz:0,offlineCaliAnglePit:0,determine2useFlag:0,IMU_Z_Accel:-21.592,IMU_X_AngularRate:-2.093,IMU_Y_AngularRate:-2.093,IMU_RollAngle:-180,IMU_PitchAngle:-180,IMU_YawAngle:-180,FcwID:0,FCWWarningLevel:0,FCWTTC:0
0,1.98,0,16.55,38,0,0,0,7.65,1.25452e-34,0,0,0,-6.5,0,0,0,0,-0.00229183,0,0,0,0,0,0,0,0,0,1,87,57,0,0.00034,0.00034,3,5,0,0,0,0,0,0,0,0,0,0,1,0,0,0,0,0,0,0,0,0,0,,0,0,0,0,
1,2.76,0,16.8,29,0,0,0,-14.2,0,0,0,0,-15,0,0,0,0,-0.00229183,0,0,0,0,0,0,0,0,0,1,78,57,0,0.00034,0.00034,3,5,0,0,0,0,0,0,0,0,0,0,1,0,0,0,0,0,0,0,0,0,0,,0,0,0,0,
2,3.36,0,14.55,40,0,0,0,4.45,0,0,0,0,-5,0,0,0,0,-0.00229183,0,0,0,0,0,0,0,0,0,1,89,57,0,0.00034,0.00034,3,0,0,0,0,0,0,0,0,0,0,0,1,0,0,0,0,0,0,0,0,0,0,,0,0,0,0,
3,3.77,0.05,10.4,22,0,0,0,1,0,0,0,0,-24.5,0,0,0,0,-0.00229183,0,0,0,0,0,0,0,0,0,1,70,57,0,0.00034,0.00034,3,5,0,0,0,0,0,0,0,0,0,0,1,0,0,0,0,0,0,0,0,0,0,,0,0,0,0,
END,Total:4
START,FrameNb:76,CameraNb:0,HeSaiNb:0,ARS410Nb:0
2026/08/02 21:39:30:620---->
heightOffset:0,1785677970620,478756,selfCaliBufCnt:0,selfAccObjCnt:0,selfAccAngle:0,installHAngleOffset:0,Interpolation:0,installVAngleOffset:0,radarOffsetH:0,radarOffsetV:0.32,Polynom:-0.001023;-0.0511;-2.047;0;0;0;-0.001023;-0.0511;-2.047;-25.5;0;0,WheelDirection:0;0;0;0,selfAngleOffset:0,selfAngleOffsetPit:0,currCaliAngleHrz:0,currCaliAnglePit:0,selfCaliAngleHrz:0,selfCaliAnglePit:0,servCaliAngleHrz:0,servCaliAnglePit:0,offlineCaliAngleHrz:0,offlineCaliAnglePit:0,determine2useFlag:0,IMU_Z_Accel:-21.592,IMU_X_AngularRate:-2.093,IMU_Y_AngularRate:-2.093,IMU_RollAngle:-180,IMU_PitchAngle:-180,IMU_YawAngle:-180,FcwID:0,FCWWarningLevel:0,FCWTTC:0
0,1.99,0,16.55,38,0,0,0,7.65,1.25452e-34,0,0,0,-6.5,0,0,0,0,-0.00229183,0,0,0,0,0,0,0,0,0,1,87,54,0,0.00034,0.00034,3,5,0,0,0,0,0,0,0,0,0,0,1,0,1,0,0,0,0,0,0,0,0,,0,0,0,0,
1,3.36,0,14.55,40,0,0,0,4.3,0,0,0,0,-5,0,0,0,0,-0.00229183,0,0,0,0,0,0,0,0,0,1,89,54,0,0.00034,0.00034,3,0,0,0,0,0,0,0,0,0,0,0,1,0,1,0,0,0,0,0,0,0,0,,0,0,0,0,
2,3.78,0,6.05,24.5,0,0,0,5.65,0,0,0,0,-23,0,0,0,0,-0.00229183,0,0,0,0,0,0,0,0,0,1,73,54,0,0.00034,0.00034,3,5,0,0,0,0,0,0,0,0,0,0,1,0,1,0,0,0,0,0,0,0,0,,0,0,0,0,
3,5.22,0,15.9,20.5,0,0,0,-5.2,0,0,0,0,-26,0,0,0,0,-0.00229183,0,0,0,0,0,0,0,0,0,1,66,54,0,0.00034,0.00034,3,5,0,0,0,0,0,0,0,0,0,0,1,0,1,0,0,0,0,0,0,0,0,,0,0,0,0,
END,Total:4
START,FrameNb:77,CameraNb:0,HeSaiNb:0,ARS410Nb:0
2026/08/02 21:39:30:665---->
heightOffset:0,1785677970665,478812,selfCaliBufCnt:0,selfAccObjCnt:0,selfAccAngle:0,installHAngleOffset:0,Interpolation:0,installVAngleOffset:0,radarOffsetH:0,radarOffsetV:0.32,Polynom:-0.001023;-0.0511;-2.047;0;0;0;-0.001023;-0.0511;-2.047;-25.5;0;0,WheelDirection:0;0;0;0,selfAngleOffset:0,selfAngleOffsetPit:0,currCaliAngleHrz:0,currCaliAnglePit:0,selfCaliAngleHrz:0,selfCaliAnglePit:0,servCaliAngleHrz:0,servCaliAnglePit:0,offlineCaliAngleHrz:0,offlineCaliAnglePit:0,determine2useFlag:0,IMU_Z_Accel:-21.592,IMU_X_AngularRate:-2.093,IMU_Y_AngularRate:-2.093,IMU_RollAngle:-180,IMU_PitchAngle:-180,IMU_YawAngle:-180,FcwID:0,FCWWarningLevel:0,FCWTTC:0
0,1.98,0,16.5,38.5,0,0,0,7.65,1.25452e-34,0,0,0,-6.5,0,0,0,0,-0.00229183,0,0,0,0,0,0,0,0,0,1,87,60,0,0.00034,0.00034,3,5,0,0,0,0,0,0,0,0,0,0,1,0,0,0,0,0,0,0,0,0,0,,0,0,0,0,
1,2.75,0,16.45,29.5,0,0,0,15,0,0,0,0,-14.5,0,0,0,0,-0.00229183,0,0,0,0,0,0,0,0,0,1,79,60,0,0.00034,0.00034,3,5,0,0,0,0,0,0,0,0,0,0,1,0,0,0,0,0,0,0,0,0,0,,0,0,0,0,
2,3.37,0,14.65,40,0,0,0,4.8,0,0,0,0,-5,0,0,0,0,-0.00229183,0,0,0,0,0,0,0,0,0,1,89,60,0,0.00034,0.00034,3,0,0,0,0,0,0,0,0,0,0,0,1,0,0,0,0,0,0,0,0,0,0,,0,0,0,0,
3,3.79,0.05,-40.95,24,0,0,0,-7,0,0,0,0,-10.5,0,0,0,0,-0.00229183,0,0,0,0,0,0,0,0,0,1,72,60,0,0.00034,0.00034,2,-1,0,0,0,0,0,0,0,0,0,0,1,0,0,0,0,0,0,0,0,0,0,,0,0,0,0,
END,Total:4
START,FrameNb:78,CameraNb:0,HeSaiNb:0,ARS410Nb:0
2026/08/02 21:39:30:714---->
heightOffset:0,1785677970714,478876,selfCaliBufCnt:0,selfAccObjCnt:0,selfAccAngle:0,installHAngleOffset:0,Interpolation:0,installVAngleOffset:0,radarOffsetH:0,radarOffsetV:0.32,Polynom:-0.001023;-0.0511;-2.047;0;0;0;-0.001023;-0.0511;-2.047;-25.5;0;0,WheelDirection:0;0;0;0,selfAngleOffset:0,selfAngleOffsetPit:0,currCaliAngleHrz:0,currCaliAnglePit:0,selfCaliAngleHrz:0,selfCaliAnglePit:0,servCaliAngleHrz:0,servCaliAnglePit:0,offlineCaliAngleHrz:0,offlineCaliAnglePit:0,determine2useFlag:0,IMU_Z_Accel:-21.592,IMU_X_AngularRate:-2.093,IMU_Y_AngularRate:-2.093,IMU_RollAngle:-180,IMU_PitchAngle:-180,IMU_YawAngle:-180,FcwID:0,FCWWarningLevel:0,FCWTTC:0
0,1.98,0,16.55,38,0,0,0,7.65,1.25452e-34,0,0,0,-6.5,0,0,0,0,-0.00229183,0,0,0,0,0,0,0,0,0,1,87,58,0,0.00034,0.00034,3,5,0,0,0,0,0,0,0,0,0,0,1,0,1,0,0,0,0,0,0,0,0,,0,0,0,0,
1,3.36,0,14.55,40.5,0,0,0,4.4,0,0,0,0,-5,0,0,0,0,-0.00229183,0,0,0,0,0,0,0,0,0,1,89,58,0,0.00034,0.00034,3,0,0,0,0,0,0,0,0,0,0,0,1,0,1,0,0,0,0,0,0,0,0,,0,0,0,0,
2,3.76,0.1,11.35,25,0,0,0,-1.6,0,0,0,0,-21.5,0,0,0,0,-0.00229183,0,0,0,0,0,0,0,0,0,1,73,58,0,0.00034,0.00034,3,5,0,0,0,0,0,0,0,0,0,0,1,0,1,0,0,0,0,0,0,0,0,,0,0,0,0,
3,5.22,0,73.5,21.5,0,0,0,7.7,0,0,0,0,14.5,0,0,0,0,-0.00229183,0,0,0,0,0,0,0,0,0,1,66,58,0,0.00034,0.00034,2,-1,0,0,0,0,0,0,0,0,0,0,1,0,1,0,0,0,0,0,0,0,0,,0,0,0,0,
END,Total:4
START,FrameNb:79,CameraNb:0,HeSaiNb:0,ARS410Nb:0
2026/08/02 21:39:30:773---->
heightOffset:0,1785677970773,478928,selfCaliBufCnt:0,selfAccObjCnt:0,selfAccAngle:0,installHAngleOffset:0,Interpolation:0,installVAngleOffset:0,radarOffsetH:0,radarOffsetV:0.32,Polynom:-0.001023;-0.0511;-2.047;0;0;0;-0.001023;-0.0511;-2.047;-25.5;0;0,WheelDirection:0;0;0;0,selfAngleOffset:0,selfAngleOffsetPit:0,currCaliAngleHrz:0,currCaliAnglePit:0,selfCaliAngleHrz:0,selfCaliAnglePit:0,servCaliAngleHrz:0,servCaliAnglePit:0,offlineCaliAngleHrz:0,offlineCaliAnglePit:0,determine2useFlag:0,IMU_Z_Accel:-21.592,IMU_X_AngularRate:-2.093,IMU_Y_AngularRate:-2.093,IMU_RollAngle:-180,IMU_PitchAngle:-180,IMU_YawAngle:-180,FcwID:0,FCWWarningLevel:0,FCWTTC:0
0,1.99,0,16.55,38.5,0,0,0,7.65,1.25452e-34,0,0,0,-6.5,0,0,0,0,-0.00229183,0,0,0,0,0,0,0,0,0,1,87,58,0,0.00034,0.00034,3,5,0,0,0,0,0,0,0,0,0,0,1,0,0,0,0,0,0,0,0,0,0,,0,0,0,0,
1,3.36,0,14.65,40,0,0,0,4.3,0,0,0,0,-5,0,0,0,0,-0.00229183,0,0,0,0,0,0,0,0,0,1,89,58,0,0.00034,0.00034,3,0,0,0,0,0,0,0,0,0,0,0,1,0,0,0,0,0,0,0,0,0,0,,0,0,0,0,
2,5.22,0,73.45,22,0,0,0,8.55,0,0,0,0,15,0,0,0,0,-0.00229183,0,0,0,0,0,0,0,0,0,1,67,58,0,0.00034,0.00034,3,5,0,0,0,0,0,0,0,0,0,0,1,0,0,0,0,0,0,0,0,0,0,,0,0,0,0,
END,Total:3
START,FrameNb:80,CameraNb:0,HeSaiNb:0,ARS410Nb:0
2026/08/02 21:39:30:819---->
heightOffset:0,1785677970819,478984,selfCaliBufCnt:0,selfAccObjCnt:0,selfAccAngle:0,installHAngleOffset:0,Interpolation:0,installVAngleOffset:0,radarOffsetH:0,radarOffsetV:0.32,Polynom:-0.001023;-0.0511;-2.047;0;0;0;-0.001023;-0.0511;-2.047;-25.5;0;0,WheelDirection:0;0;0;0,selfAngleOffset:0,selfAngleOffsetPit:0,currCaliAngleHrz:0,currCaliAnglePit:0,selfCaliAngleHrz:0,selfCaliAnglePit:0,servCaliAngleHrz:0,servCaliAnglePit:0,offlineCaliAngleHrz:0,offlineCaliAnglePit:0,determine2useFlag:0,IMU_Z_Accel:-21.592,IMU_X_AngularRate:-2.093,IMU_Y_AngularRate:-2.093,IMU_RollAngle:-180,IMU_PitchAngle:-180,IMU_YawAngle:-180,FcwID:0,FCWWarningLevel:0,FCWTTC:0
0,1.99,0,16.55,38,0,0,0,7.7,1.25452e-34,0,0,0,-6.5,0,0,0,0,-0.00229183,0,0,0,0,0,0,0,0,0,1,87,53,0,0.00034,0.00034,3,5,0,0,0,0,0,0,0,0,0,0,1,0,1,0,0,0,0,0,0,0,0,,0,0,0,0,
1,2.75,0,-55.05,29.5,0,0,0,6.45,0,0,0,0,7.5,0,0,0,0,-0.00229183,0,0,0,0,0,0,0,0,0,1,79,53,0,0.00034,0.00034,2,-1,0,0,0,0,0,0,0,0,0,0,1,0,1,0,0,0,0,0,0,0,0,,0,0,0,0,
2,3.36,0,14.6,40.5,0,0,0,4.25,0,0,0,0,-5,0,0,0,0,-0.00229183,0,0,0,0,0,0,0,0,0,1,89,53,0,0.00034,0.00034,3,0,0,0,0,0,0,0,0,0,0,0,1,0,1,0,0,0,0,0,0,0,0,,0,0,0,0,
3,3.8,0.05,5.7,23,0,0,0,-1.8,0,0,0,0,-24,0,0,0,0,-0.00229183,0,0,0,0,0,0,0,0,0,1,71,53,0,0.00034,0.00034,3,5,0,0,0,0,0,0,0,0,0,0,1,0,1,0,0,0,0,0,0,0,0,,0,0,0,0,
4,5.21,0,73.45,21.5,0,0,0,7.05,0,0,0,0,14.5,0,0,0,0,-0.00229183,0,0,0,0,0,0,0,0,0,1,67,53,0,0.00034,0.00034,3,5,0,0,0,0,0,0,0,0,0,0,1,0,1,0,0,0,0,0,0,0,0,,0,0,0,0,
5,6.05,0,18.05,20.5,0,0,0,-15,0,0,0,0,-24.5,0,0,0,0,-0.00229183,0,0,0,0,0,0,0,0,0,1,66,53,0,0.00034,0.00034,3,5,0,0,0,0,0,0,0,0,0,0,1,0,1,0,0,0,0,0,0,0,0,,0,0,0,0,
END,Total:6
START,FrameNb:81,CameraNb:0,HeSaiNb:0,ARS410Nb:0
2026/08/02 21:39:30:871---->
heightOffset:0,1785677970871,479040,selfCaliBufCnt:0,selfAccObjCnt:0,selfAccAngle:0,installHAngleOffset:0,Interpolation:0,installVAngleOffset:0,radarOffsetH:0,radarOffsetV:0.32,Polynom:-0.001023;-0.0511;-2.047;0;0;0;-0.001023;-0.0511;-2.047;-25.5;0;0,WheelDirection:0;0;0;0,selfAngleOffset:0,selfAngleOffsetPit:0,currCaliAngleHrz:0,currCaliAnglePit:0,selfCaliAngleHrz:0,selfCaliAnglePit:0,servCaliAngleHrz:0,servCaliAnglePit:0,offlineCaliAngleHrz:0,offlineCaliAnglePit:0,determine2useFlag:0,IMU_Z_Accel:-21.592,IMU_X_AngularRate:-2.093,IMU_Y_AngularRate:-2.093,IMU_RollAngle:-180,IMU_PitchAngle:-180,IMU_YawAngle:-180,FcwID:0,FCWWarningLevel:0,FCWTTC:0
0,1.98,0,16.55,38,0,0,0,7.65,1.25452e-34,0,0,0,-6.5,0,0,0,0,-0.00229183,0,0,0,0,0,0,0,0,0,1,87,58,0,0.00034,0.00034,3,5,0,0,0,0,0,0,0,0,0,0,1,0,0,0,0,0,0,0,0,0,0,,0,0,0,0,
1,3.36,0,14.6,40,0,0,0,4.3,0,0,0,0,-5,0,0,0,0,-0.00229183,0,0,0,0,0,0,0,0,0,1,89,58,0,0.00034,0.00034,3,0,0,0,0,0,0,0,0,0,0,0,1,0,0,0,0,0,0,0,0,0,0,,0,0,0,0,
2,3.8,0.05,-24.2,23.5,0,0,0,-4.75,0,0,0,0,-18.5,0,0,0,0,-0.00229183,0,0,0,0,0,0,0,0,0,1,72,58,0,0.00034,0.00034,3,5,0,0,0,0,0,0,0,0,0,0,1,0,0,0,0,0,0,0,0,0,0,,0,0,0,0,
3,6.04,0,3.3,21,0,0,0,-8.25,0,0,0,0,-27.5,0,0,0,0,-0.00229183,0,0,0,0,0,0,0,0,0,1,66,58,0,0.00034,0.00034,3,5,0,0,0,0,0,0,0,0,0,0,1,0,0,0,0,0,0,0,0,0,0,,0,0,0,0,
END,Total:4
START,FrameNb:82,CameraNb:0,HeSaiNb:0,ARS410Nb:0
2026/08/02 21:39:30:976---->
heightOffset:0,1785677970976,479096,selfCaliBufCnt:0,selfAccObjCnt:0,selfAccAngle:0,installHAngleOffset:0,Interpolation:0,installVAngleOffset:0,radarOffsetH:0,radarOffsetV:0.32,Polynom:-0.001023;-0.0511;-2.047;0;0;0;-0.001023;-0.0511;-2.047;-25.5;0;0,WheelDirection:0;0;0;0,selfAngleOffset:0,selfAngleOffsetPit:0,currCaliAngleHrz:0,currCaliAnglePit:0,selfCaliAngleHrz:0,selfCaliAnglePit:0,servCaliAngleHrz:0,servCaliAnglePit:0,offlineCaliAngleHrz:0,offlineCaliAnglePit:0,determine2useFlag:0,IMU_Z_Accel:-21.592,IMU_X_AngularRate:-2.093,IMU_Y_AngularRate:-2.093,IMU_RollAngle:-180,IMU_PitchAngle:-180,IMU_YawAngle:-180,FcwID:0,FCWWarningLevel:0,FCWTTC:0
0,1.99,0,16.55,38,0,0,0,7.65,1.25452e-34,0,0,0,-6.5,0,0,0,0,-0.00229183,0,0,0,0,0,0,0,0,0,1,87,54,0,0.00034,0.00034,3,5,0,0,0,0,0,0,0,0,0,0,1,0,1,0,0,0,0,0,0,0,0,,0,0,0,0,
1,3.36,0,14.6,40,0,0,0,4.45,0,0,0,0,-5,0,0,0,0,-0.00229183,0,0,0,0,0,0,0,0,0,1,89,54,0,0.00034,0.00034,3,0,0,0,0,0,0,0,0,0,0,0,1,0,1,0,0,0,0,0,0,0,0,,0,0,0,0,
2,3.79,0.05,-51.2,24.5,0,0,0,2.25,0,0,0,0,0,0,0,0,0,-0.00229183,0,0,0,0,0,0,0,0,0,1,73,54,0,0.00034,0.00034,2,-1,0,0,0,0,0,0,0,0,0,0,1,0,1,0,0,0,0,0,0,0,0,,0,0,0,0,
3,5.21,0,-40.6,21,0,0,0,15,0,0,0,0,-16,0,0,0,0,-0.00229183,0,0,0,0,0,0,0,0,0,1,66,54,0,0.00034,0.00034,2,-1,0,0,0,0,0,0,0,0,0,0,1,0,1,0,0,0,0,0,0,0,0,,0,0,0,0,
4,5.78,0,9.45,19.5,0,0,0,1.55,0,0,0,0,-28.5,0,0,0,0,-0.00229183,0,0,0,0,0,0,0,0,0,1,65,54,0,0.00034,0.00034,3,5,0,0,0,0,0,0,0,0,0,0,1,0,1,0,0,0,0,0,0,0,0,,0,0,0,0,
5,6.06,0,10.85,22,0,0,0,-1.75,0,0,0,0,-25.5,0,0,0,0,-0.00229183,0,0,0,0,0,0,0,0,0,1,67,54,0,0.00034,0.00034,3,5,0,0,0,0,0,0,0,0,0,0,1,0,1,0,0,0,0,0,0,0,0,,0,0,0,0,
END,Total:6
START,FrameNb:83,CameraNb:0,HeSaiNb:0,ARS410Nb:0
2026/08/02 21:39:31:029---->
heightOffset:0,1785677971029,479152,selfCaliBufCnt:0,selfAccObjCnt:0,selfAccAngle:0,installHAngleOffset:0,Interpolation:0,installVAngleOffset:0,radarOffsetH:0,radarOffsetV:0.32,Polynom:-0.001023;-0.0511;-2.047;0;0;0;-0.001023;-0.0511;-2.047;-25.5;0;0,WheelDirection:0;0;0;0,selfAngleOffset:0,selfAngleOffsetPit:0,currCaliAngleHrz:0,currCaliAnglePit:0,selfCaliAngleHrz:0,selfCaliAnglePit:0,servCaliAngleHrz:0,servCaliAnglePit:0,offlineCaliAngleHrz:0,offlineCaliAnglePit:0,determine2useFlag:0,IMU_Z_Accel:-21.592,IMU_X_AngularRate:-2.093,IMU_Y_AngularRate:-2.093,IMU_RollAngle:-180,IMU_PitchAngle:-180,IMU_YawAngle:-180,FcwID:0,FCWWarningLevel:0,FCWTTC:0
0,1.98,0,16.55,38,0,0,0,7.65,1.25452e-34,0,0,0,-6.5,0,0,0,0,-0.00229183,0,0,0,0,0,0,0,0,0,1,87,58,0,0.00034,0.00034,3,5,0,0,0,0,0,0,0,0,0,0,1,0,0,0,0,0,0,0,0,0,0,,0,0,0,0,
1,3.37,0,14.7,40,0,0,0,4.7,0,0,0,0,-5,0,0,0,0,-0.00229183,0,0,0,0,0,0,0,0,0,1,89,58,0,0.00034,0.00034,3,0,0,0,0,0,0,0,0,0,0,0,1,0,0,0,0,0,0,0,0,0,0,,0,0,0,0,
2,3.78,0.05,11.65,23,0,0,0,-0.35,0,0,0,0,-23.5,0,0,0,0,-0.00229183,0,0,0,0,0,0,0,0,0,1,71,58,0,0.00034,0.00034,3,5,0,0,0,0,0,0,0,0,0,0,1,0,0,0,0,0,0,0,0,0,0,,0,0,0,0,
3,5.22,0,15.4,21,0,0,0,-5.2,0,0,0,0,-26,0,0,0,0,-0.00229183,0,0,0,0,0,0,0,0,0,1,66,58,0,0.00034,0.00034,3,5,0,0,0,0,0,0,0,0,0,0,1,0,0,0,0,0,0,0,0,0,0,,0,0,0,0,
4,6.21,0,11.55,22.5,0,0,0,-1.75,0,0,0,0,-25,0,0,0,0,-0.00229183,0,0,0,0,0,0,0,0,0,1,68,58,0,0.00034,0.00034,3,5,0,0,0,0,0,0,0,0,0,0,1,0,0,0,0,0,0,0,0,0,0,,0,0,0,0,
END,Total:5
START,FrameNb:84,CameraNb:0,HeSaiNb:0,ARS410Nb:0
2026/08/02 21:39:31:069---->
heightOffset:0,1785677971069,479208,selfCaliBufCnt:0,selfAccObjCnt:0,selfAccAngle:0,installHAngleOffset:0,Interpolation:0,installVAngleOffset:0,radarOffsetH:0,radarOffsetV:0.32,Polynom:-0.001023;-0.0511;-2.047;0;0;0;-0.001023;-0.0511;-2.047;-25.5;0;0,WheelDirection:0;0;0;0,selfAngleOffset:0,selfAngleOffsetPit:0,currCaliAngleHrz:0,currCaliAnglePit:0,selfCaliAngleHrz:0,selfCaliAnglePit:0,servCaliAngleHrz:0,servCaliAnglePit:0,offlineCaliAngleHrz:0,offlineCaliAnglePit:0,determine2useFlag:0,IMU_Z_Accel:-21.592,IMU_X_AngularRate:-2.093,IMU_Y_AngularRate:-2.093,IMU_RollAngle:-180,IMU_PitchAngle:-180,IMU_YawAngle:-180,FcwID:0,FCWWarningLevel:0,FCWTTC:0
0,1.99,0,16.55,38,0,0,0,7.7,1.25452e-34,0,0,0,-7,0,0,0,0,-0.00229183,0,0,0,0,0,0,0,0,0,1,87,53,0,0.00034,0.00034,3,5,0,0,0,0,0,0,0,0,0,0,1,0,1,0,0,0,0,0,0,0,0,,0,0,0,0,
1,3.36,0,14.55,40,0,0,0,4.45,0,0,0,0,-5,0,0,0,0,-0.00229183,0,0,0,0,0,0,0,0,0,1,89,53,0,0.00034,0.00034,3,0,0,0,0,0,0,0,0,0,0,0,1,0,1,0,0,0,0,0,0,0,0,,0,0,0,0,
2,3.71,-0.05,15.15,18.5,0,0,0,-0.6,0,0,0,0,-25.5,0,0,0,0,-0.00229183,0,0,0,0,0,0,0,0,0,1,67,53,0,0.00034,0.00034,3,5,0,0,0,0,0,0,0,0,0,0,1,0,1,0,0,0,0,0,0,0,0,,0,0,0,0,
3,3.79,0.05,12.2,24.5,0,0,0,-0.95,0,0,0,0,-20.5,0,0,0,0,-0.00229183,0,0,0,0,0,0,0,0,0,1,73,53,0,0.00034,0.00034,3,5,0,0,0,0,0,0,0,0,0,0,1,0,1,0,0,0,0,0,0,0,0,,0,0,0,0,
4,5.64,0,13.45,20.5,0,0,0,-3.1,0,0,0,0,-27,0,0,0,0,-0.00229183,0,0,0,0,0,0,0,0,0,1,65,53,0,0.00034,0.00034,3,5,0,0,0,0,0,0,0,0,0,0,1,0,1,0,0,0,0,0,0,0,0,,0,0,0,0,
END,Total:5
START,FrameNb:85,CameraNb:0,HeSaiNb:0,ARS410Nb:0
2026/08/02 21:39:31:120---->
heightOffset:0,1785677971120,479268,selfCaliBufCnt:0,selfAccObjCnt:0,selfAccAngle:0,installHAngleOffset:0,Interpolation:0,installVAngleOffset:0,radarOffsetH:0,radarOffsetV:0.32,Polynom:-0.001023;-0.0511;-2.047;0;0;0;-0.001023;-0.0511;-2.047;-25.5;0;0,WheelDirection:0;0;0;0,selfAngleOffset:0,selfAngleOffsetPit:0,currCaliAngleHrz:0,currCaliAnglePit:0,selfCaliAngleHrz:0,selfCaliAnglePit:0,servCaliAngleHrz:0,servCaliAnglePit:0,offlineCaliAngleHrz:0,offlineCaliAnglePit:0,determine2useFlag:0,IMU_Z_Accel:-21.592,IMU_X_AngularRate:-2.093,IMU_Y_AngularRate:-2.093,IMU_RollAngle:-180,IMU_PitchAngle:-180,IMU_YawAngle:-180,FcwID:0,FCWWarningLevel:0,FCWTTC:0
0,1.98,0,16.55,38.5,0,0,0,7.65,1.25452e-34,0,0,0,-6.5,0,0,0,0,-0.00229183,0,0,0,0,0,0,0,0,0,1,87,62,0,0.00034,0.00034,3,5,0,0,0,0,0,0,0,0,0,0,1,0,0,0,0,0,0,0,0,0,0,,0,0,0,0,
1,2.76,0,-7.15,30,0,0,0,-15,0,0,0,0,-17.5,0,0,0,0,-0.00229183,0,0,0,0,0,0,0,0,0,1,79,62,0,0.00034,0.00034,3,7,0,0,0,0,0,0,0,0,0,0,1,0,0,0,0,0,0,0,0,0,0,,0,0,0,0,
2,3.36,0,14.55,40,0,0,0,4.45,0,0,0,0,-5,0,0,0,0,-0.00229183,0,0,0,0,0,0,0,0,0,1,89,62,0,0.00034,0.00034,3,0,0,0,0,0,0,0,0,0,0,0,1,0,0,0,0,0,0,0,0,0,0,,0,0,0,0,
3,3.79,0.05,13.4,23,0,0,0,-4.05,0,0,0,0,-22.5,0,0,0,0,-0.00229183,0,0,0,0,0,0,0,0,0,1,71,62,0,0.00034,0.00034,3,5,0,0,0,0,0,0,0,0,0,0,1,0,0,0,0,0,0,0,0,0,0,,0,0,0,0,
4,5.21,0,-45.65,22,0,0,0,3.25,0,0,0,0,-10,0,0,0,0,-0.00229183,0,0,0,0,0,0,0,0,0,1,67,62,0,0.00034,0.00034,2,-1,0,0,0,0,0,0,0,0,0,0,1,0,0,0,0,0,0,0,0,0,0,,0,0,0,0,
5,5.67,0,13.55,21.5,0,0,0,-3.45,0,0,0,0,-26,0,0,0,0,-0.00229183,0,0,0,0,0,0,0,0,0,1,66,62,0,0.00034,0.00034,3,5,0,0,0,0,0,0,0,0,0,0,1,0,0,0,0,0,0,0,0,0,0,,0,0,0,0,
6,6.21,0,-46.1,23,0,0,0,4.15,0,0,0,0,-6.5,0,0,0,0,-0.00229183,0,0,0,0,0,0,0,0,0,1,68,62,0,0.00034,0.00034,2,-1,0,0,0,0,0,0,0,0,0,0,1,0,0,0,0,0,0,0,0,0,0,,0,0,0,0,
END,Total:7
START,FrameNb:86,CameraNb:0,HeSaiNb:0,ARS410Nb:0
2026/08/02 21:39:31:165---->
heightOffset:0,1785677971165,479328,selfCaliBufCnt:0,selfAccObjCnt:0,selfAccAngle:0,installHAngleOffset:0,Interpolation:0,installVAngleOffset:0,radarOffsetH:0,radarOffsetV:0.32,Polynom:-0.001023;-0.0511;-2.047;0;0;0;-0.001023;-0.0511;-2.047;-25.5;0;0,WheelDirection:0;0;0;0,selfAngleOffset:0,selfAngleOffsetPit:0,currCaliAngleHrz:0,currCaliAnglePit:0,selfCaliAngleHrz:0,selfCaliAnglePit:0,servCaliAngleHrz:0,servCaliAnglePit:0,offlineCaliAngleHrz:0,offlineCaliAnglePit:0,determine2useFlag:0,IMU_Z_Accel:-21.592,IMU_X_AngularRate:-2.093,IMU_Y_AngularRate:-2.093,IMU_RollAngle:-180,IMU_PitchAngle:-180,IMU_YawAngle:-180,FcwID:0,FCWWarningLevel:0,FCWTTC:0
0,1.99,0,16.55,38,0,0,0,7.7,1.25452e-34,0,0,0,-6.5,0,0,0,0,-0.00229183,0,0,0,0,0,0,0,0,0,1,87,59,0,0.00034,0.00034,3,5,0,0,0,0,0,0,0,0,0,0,1,0,1,0,0,0,0,0,0,0,0,,0,0,0,0,
1,3.36,0,14.5,40,0,0,0,4.4,0,0,0,0,-5,0,0,0,0,-0.00229183,0,0,0,0,0,0,0,0,0,1,89,59,0,0.00034,0.00034,3,0,0,0,0,0,0,0,0,0,0,0,1,0,1,0,0,0,0,0,0,0,0,,0,0,0,0,
2,3.67,-0.05,15.45,20.5,0,0,0,-1.8,0,0,0,0,-23.5,0,0,0,0,-0.00229183,0,0,0,0,0,0,0,0,0,1,69,59,0,0.00034,0.00034,3,5,0,0,0,0,0,0,0,0,0,0,1,0,1,0,0,0,0,0,0,0,0,,0,0,0,0,
3,3.8,0,15.3,22.5,0,0,0,-0.7,0,0,0,0,-22,0,0,0,0,-0.00229183,0,0,0,0,0,0,0,0,0,1,71,59,0,0.00034,0.00034,3,5,0,0,0,0,0,0,0,0,0,0,1,0,1,0,0,0,0,0,0,0,0,,0,0,0,0,
4,5.21,0,-45.6,22,0,0,0,4.45,0,0,0,0,-10,0,0,0,0,-0.00229183,0,0,0,0,0,0,0,0,0,1,67,59,0,0.00034,0.00034,3,5,0,0,0,0,0,0,0,0,0,0,1,0,1,0,0,0,0,0,0,0,0,,0,0,0,0,
5,6.21,0,-46.05,23.5,0,0,0,2.75,0,0,0,0,-6,0,0,0,0,-0.00229183,0,0,0,0,0,0,0,0,0,1,69,59,0,0.00034,0.00034,3,5,0,0,0,0,0,0,0,0,0,0,1,0,1,0,0,0,0,0,0,0,0,,0,0,0,0,
END,Total:6
START,FrameNb:87,CameraNb:0,HeSaiNb:0,ARS410Nb:0
2026/08/02 21:39:31:224---->
heightOffset:0,1785677971224,479384,selfCaliBufCnt:0,selfAccObjCnt:0,selfAccAngle:0,installHAngleOffset:0,Interpolation:0,installVAngleOffset:0,radarOffsetH:0,radarOffsetV:0.32,Polynom:-0.001023;-0.0511;-2.047;0;0;0;-0.001023;-0.0511;-2.047;-25.5;0;0,WheelDirection:0;0;0;0,selfAngleOffset:0,selfAngleOffsetPit:0,currCaliAngleHrz:0,currCaliAnglePit:0,selfCaliAngleHrz:0,selfCaliAnglePit:0,servCaliAngleHrz:0,servCaliAnglePit:0,offlineCaliAngleHrz:0,offlineCaliAnglePit:0,determine2useFlag:0,IMU_Z_Accel:-21.592,IMU_X_AngularRate:-2.093,IMU_Y_AngularRate:-2.093,IMU_RollAngle:-180,IMU_PitchAngle:-180,IMU_YawAngle:-180,FcwID:0,FCWWarningLevel:0,FCWTTC:0
0,1.98,0,16.55,38,0,0,0,7.65,1.25452e-34,0,0,0,-6.5,0,0,0,0,-0.00229183,0,0,0,0,0,0,0,0,0,1,87,57,0,0.00034,0.00034,3,5,0,0,0,0,0,0,0,0,0,0,1,0,0,0,0,0,0,0,0,0,0,,0,0,0,0,
1,2.77,0,-6.95,30,0,0,0,-15,0,0,0,0,-17.5,0,0,0,0,-0.00229183,0,0,0,0,0,0,0,0,0,1,79,57,0,0.00034,0.00034,3,7,0,0,0,0,0,0,0,0,0,0,1,0,0,0,0,0,0,0,0,0,0,,0,0,0,0,
2,3.37,0,14.7,40,0,0,0,4.8,0,0,0,0,-5,0,0,0,0,-0.00229183,0,0,0,0,0,0,0,0,0,1,89,57,0,0.00034,0.00034,3,0,0,0,0,0,0,0,0,0,0,0,1,0,0,0,0,0,0,0,0,0,0,,0,0,0,0,
3,3.78,-0.05,7.15,19.5,0,0,0,-10.75,0,0,0,0,-28,0,0,0,0,-0.00229183,0,0,0,0,0,0,0,0,0,1,68,57,0,0.00034,0.00034,3,5,0,0,0,0,0,0,0,0,0,0,1,0,0,0,0,0,0,0,0,0,0,,0,0,0,0,
4,5.22,0,73.45,21.5,0,0,0,6.2,0,0,0,0,14.5,0,0,0,0,-0.00229183,0,0,0,0,0,0,0,0,0,1,66,57,0,0.00034,0.00034,2,-1,0,0,0,0,0,0,0,0,0,0,1,0,0,0,0,0,0,0,0,0,0,,0,0,0,0,
5,5.66,0,13.65,21.5,0,0,0,-3.3,0,0,0,0,-26,0,0,0,0,-0.00229183,0,0,0,0,0,0,0,0,0,1,66,57,0,0.00034,0.00034,3,5,0,0,0,0,0,0,0,0,0,0,1,0,0,0,0,0,0,0,0,0,0,,0,0,0,0,
6,6.22,0,14.45,24,0,0,0,-2.25,0,0,0,0,-22.5,0,0,0,0,-0.00229183,0,0,0,0,0,0,0,0,0,1,69,57,0,0.00034,0.00034,3,5,0,0,0,0,0,0,0,0,0,0,1,0,0,0,0,0,0,0,0,0,0,,0,0,0,0,
END,Total:7
START,FrameNb:88,CameraNb:0,HeSaiNb:0,ARS410Nb:0
2026/08/02 21:39:31:275---->
heightOffset:0,1785677971275,479440,selfCaliBufCnt:0,selfAccObjCnt:0,selfAccAngle:0,installHAngleOffset:0,Interpolation:0,installVAngleOffset:0,radarOffsetH:0,radarOffsetV:0.32,Polynom:-0.001023;-0.0511;-2.047;0;0;0;-0.001023;-0.0511;-2.047;-25.5;0;0,WheelDirection:0;0;0;0,selfAngleOffset:0,selfAngleOffsetPit:0,currCaliAngleHrz:0,currCaliAnglePit:0,selfCaliAngleHrz:0,selfCaliAnglePit:0,servCaliAngleHrz:0,servCaliAnglePit:0,offlineCaliAngleHrz:0,offlineCaliAnglePit:0,determine2useFlag:0,IMU_Z_Accel:-21.592,IMU_X_AngularRate:-2.093,IMU_Y_AngularRate:-2.093,IMU_RollAngle:-180,IMU_PitchAngle:-180,IMU_YawAngle:-180,FcwID:0,FCWWarningLevel:0,FCWTTC:0
0,1.98,0,16.55,38,0,0,0,7.7,1.25452e-34,0,0,0,-6.5,0,0,0,0,-0.00229183,0,0,0,0,0,0,0,0,0,1,87,54,0,0.00034,0.00034,3,5,0,0,0,0,0,0,0,0,0,0,1,0,1,0,0,0,0,0,0,0,0,,0,0,0,0,
1,2.76,0,-7.15,29.5,0,0,0,-15,0,0,0,0,-17.5,0,0,0,0,-0.00229183,0,0,0,0,0,0,0,0,0,1,79,54,0,0.00034,0.00034,3,5,0,0,0,0,0,0,0,0,0,0,1,0,1,0,0,0,0,0,0,0,0,,0,0,0,0,
2,3.36,0,14.6,40,0,0,0,4.45,0,0,0,0,-5,0,0,0,0,-0.00229183,0,0,0,0,0,0,0,0,0,1,89,54,0,0.00034,0.00034,3,0,0,0,0,0,0,0,0,0,0,0,1,0,1,0,0,0,0,0,0,0,0,,0,0,0,0,
3,5.62,0,13.7,22.5,0,0,0,-1,0,0,0,0,-25,0,0,0,0,-0.00229183,0,0,0,0,0,0,0,0,0,1,67,54,0,0.00034,0.00034,3,5,0,0,0,0,0,0,0,0,0,0,1,0,1,0,0,0,0,0,0,0,0,,0,0,0,0,
4,6.22,0,14.8,24,0,0,0,-7.6,0,0,0,0,-22,0,0,0,0,-0.00229183,0,0,0,0,0,0,0,0,0,1,70,54,0,0.00034,0.00034,3,5,0,0,0,0,0,0,0,0,0,0,1,0,1,0,0,0,0,0,0,0,0,,0,0,0,0,
END,Total:5
START,FrameNb:89,CameraNb:0,HeSaiNb:0,ARS410Nb:0
2026/08/02 21:39:31:372---->
heightOffset:0,1785677971372,479492,selfCaliBufCnt:0,selfAccObjCnt:0,selfAccAngle:0,installHAngleOffset:0,Interpolation:0,installVAngleOffset:0,radarOffsetH:0,radarOffsetV:0.32,Polynom:-0.001023;-0.0511;-2.047;0;0;0;-0.001023;-0.0511;-2.047;-25.5;0;0,WheelDirection:0;0;0;0,selfAngleOffset:0,selfAngleOffsetPit:0,currCaliAngleHrz:0,currCaliAnglePit:0,selfCaliAngleHrz:0,selfCaliAnglePit:0,servCaliAngleHrz:0,servCaliAnglePit:0,offlineCaliAngleHrz:0,offlineCaliAnglePit:0,determine2useFlag:0,IMU_Z_Accel:-21.592,IMU_X_AngularRate:-2.093,IMU_Y_AngularRate:-2.093,IMU_RollAngle:-180,IMU_PitchAngle:-180,IMU_YawAngle:-180,FcwID:0,FCWWarningLevel:0,FCWTTC:0
0,1.99,0,16.6,38,0,0,0,7.65,1.25452e-34,0,0,0,-6.5,0,0,0,0,-0.00229183,0,0,0,0,0,0,0,0,0,1,87,57,0,0.00034,0.00034,3,5,0,0,0,0,0,0,0,0,0,0,1,0,0,0,0,0,0,0,0,0,0,,0,0,0,0,
1,3.37,0,14.7,40.5,0,0,0,4.8,0,0,0,0,-5,0,0,0,0,-0.00229183,0,0,0,0,0,0,0,0,0,1,89,57,0,0.00034,0.00034,3,0,0,0,0,0,0,0,0,0,0,0,1,0,0,0,0,0,0,0,0,0,0,,0,0,0,0,
2,5.64,0,13.45,23.5,0,0,0,-2.85,0,0,0,0,-24,0,0,0,0,-0.00229183,0,0,0,0,0,0,0,0,0,1,68,57,0,0.00034,0.00034,3,5,0,0,0,0,0,0,0,0,0,0,1,0,0,0,0,0,0,0,0,0,0,,0,0,0,0,
3,6.23,0,15.15,24.5,0,0,0,-7.3,0,0,0,0,-21,0,0,0,0,-0.00229183,0,0,0,0,0,0,0,0,0,1,70,57,0,0.00034,0.00034,3,5,0,0,0,0,0,0,0,0,0,0,1,0,0,0,0,0,0,0,0,0,0,,0,0,0,0,
END,Total:4
START,FrameNb:90,CameraNb:0,HeSaiNb:0,ARS410Nb:0
2026/08/02 21:39:31:428---->
heightOffset:0,1785677971428,479552,selfCaliBufCnt:0,selfAccObjCnt:0,selfAccAngle:0,installHAngleOffset:0,Interpolation:0,installVAngleOffset:0,radarOffsetH:0,radarOffsetV:0.32,Polynom:-0.001023;-0.0511;-2.047;0;0;0;-0.001023;-0.0511;-2.047;-25.5;0;0,WheelDirection:0;0;0;0,selfAngleOffset:0,selfAngleOffsetPit:0,currCaliAngleHrz:0,currCaliAnglePit:0,selfCaliAngleHrz:0,selfCaliAnglePit:0,servCaliAngleHrz:0,servCaliAnglePit:0,offlineCaliAngleHrz:0,offlineCaliAnglePit:0,determine2useFlag:0,IMU_Z_Accel:-21.592,IMU_X_AngularRate:-2.093,IMU_Y_AngularRate:-2.093,IMU_RollAngle:-180,IMU_PitchAngle:-180,IMU_YawAngle:-180,FcwID:0,FCWWarningLevel:0,FCWTTC:0
0,1.99,0,16.55,38,0,0,0,7.65,1.25452e-34,0,0,0,-7,0,0,0,0,-0.00229183,0,0,0,0,0,0,0,0,0,1,87,54,0,0.00034,0.00034,3,5,0,0,0,0,0,0,0,0,0,0,1,0,1,0,0,0,0,0,0,0,0,,0,0,0,0,
1,2.79,0,-7.3,29.5,0,0,0,-15,0,0,0,0,-17.5,0,0,0,0,-0.00229183,0,0,0,0,0,0,0,0,0,1,79,54,0,0.00034,0.00034,3,5,0,0,0,0,0,0,0,0,0,0,1,0,1,0,0,0,0,0,0,0,0,,0,0,0,0,
2,3.36,0,14.5,40,0,0,0,4.7,0,0,0,0,-5,0,0,0,0,-0.00229183,0,0,0,0,0,0,0,0,0,1,89,54,0,0.00034,0.00034,3,0,0,0,0,0,0,0,0,0,0,0,1,0,1,0,0,0,0,0,0,0,0,,0,0,0,0,
3,5.63,0,13.45,23.5,0,0,0,-3,0,0,0,0,-24,0,0,0,0,-0.00229183,0,0,0,0,0,0,0,0,0,1,68,54,0,0.00034,0.00034,3,5,0,0,0,0,0,0,0,0,0,0,1,0,1,0,0,0,0,0,0,0,0,,0,0,0,0,
4,6.23,0,15.2,25,0,0,0,-3.3,0,0,0,0,-20,0,0,0,0,-0.00229183,0,0,0,0,0,0,0,0,0,1,71,54,0,0.00034,0.00034,3,5,0,0,0,0,0,0,0,0,0,0,1,0,1,0,0,0,0,0,0,0,0,,0,0,0,0,
END,Total:5
START,FrameNb:91,CameraNb:0,HeSaiNb:0,ARS410Nb:0
2026/08/02 21:39:31:475---->
heightOffset:0,1785677971475,479604,selfCaliBufCnt:0,selfAccObjCnt:0,selfAccAngle:0,installHAngleOffset:0,Interpolation:0,installVAngleOffset:0,radarOffsetH:0,radarOffsetV:0.32,Polynom:-0.001023;-0.0511;-2.047;0;0;0;-0.001023;-0.0511;-2.047;-25.5;0;0,WheelDirection:0;0;0;0,selfAngleOffset:0,selfAngleOffsetPit:0,currCaliAngleHrz:0,currCaliAnglePit:0,selfCaliAngleHrz:0,selfCaliAnglePit:0,servCaliAngleHrz:0,servCaliAnglePit:0,offlineCaliAngleHrz:0,offlineCaliAnglePit:0,determine2useFlag:0,IMU_Z_Accel:-21.592,IMU_X_AngularRate:-2.093,IMU_Y_AngularRate:-2.093,IMU_RollAngle:-180,IMU_PitchAngle:-180,IMU_YawAngle:-180,FcwID:0,FCWWarningLevel:0,FCWTTC:0
0,1.98,0,16.5,38,0,0,0,7.7,1.25452e-34,0,0,0,-6.5,0,0,0,0,-0.00229183,0,0,0,0,0,0,0,0,0,1,87,57,0,0.00034,0.00034,3,5,0,0,0,0,0,0,0,0,0,0,1,0,0,0,0,0,0,0,0,0,0,,0,0,0,0,
1,2.81,0,-7.15,29.5,0,0,0,-15,0,0,0,0,-17.5,0,0,0,0,-0.00229183,0,0,0,0,0,0,0,0,0,1,79,57,0,0.00034,0.00034,3,5,0,0,0,0,0,0,0,0,0,0,1,0,0,0,0,0,0,0,0,0,0,,0,0,0,0,
2,3.37,0,14.7,40,0,0,0,4.8,0,0,0,0,-5,0,0,0,0,-0.00229183,0,0,0,0,0,0,0,0,0,1,89,57,0,0.00034,0.00034,3,0,0,0,0,0,0,0,0,0,0,0,1,0,0,0,0,0,0,0,0,0,0,,0,0,0,0,
3,3.88,0.25,7.4,14.5,0,0,0,1.45,0,0,0,0,-32.5,0,0,0,0,-0.00229183,0,0,0,0,0,0,0,0,0,1,63,57,0,0.00034,0.00034,3,5,0,0,0,0,0,0,0,0,0,0,1,0,0,0,0,0,0,0,0,0,0,,0,0,0,0,
4,5.67,0,13.4,23,0,0,0,-3.45,0,0,0,0,-24.5,0,0,0,0,-0.00229183,0,0,0,0,0,0,0,0,0,1,68,57,0,0.00034,0.00034,3,5,0,0,0,0,0,0,0,0,0,0,1,0,0,0,0,0,0,0,0,0,0,,0,0,0,0,
5,6.23,0,15.2,26,0,0,0,-3.1,0,0,0,0,-20,0,0,0,0,-0.00229183,0,0,0,0,0,0,0,0,0,1,71,57,0,0.00034,0.00034,3,5,0,0,0,0,0,0,0,0,0,0,1,0,0,0,0,0,0,0,0,0,0,,0,0,0,0,
END,Total:6
START,FrameNb:92,CameraNb:0,HeSaiNb:0,ARS410Nb:0
2026/08/02 21:39:31:527---->
heightOffset:0,1785677971527,479664,selfCaliBufCnt:0,selfAccObjCnt:0,selfAccAngle:0,installHAngleOffset:0,Interpolation:0,installVAngleOffset:0,radarOffsetH:0,radarOffsetV:0.32,Polynom:-0.001023;-0.0511;-2.047;0;0;0;-0.001023;-0.0511;-2.047;-25.5;0;0,WheelDirection:0;0;0;0,selfAngleOffset:0,selfAngleOffsetPit:0,currCaliAngleHrz:0,currCaliAnglePit:0,selfCaliAngleHrz:0,selfCaliAnglePit:0,servCaliAngleHrz:0,servCaliAnglePit:0,offlineCaliAngleHrz:0,offlineCaliAnglePit:0,determine2useFlag:0,IMU_Z_Accel:-21.592,IMU_X_AngularRate:-2.093,IMU_Y_AngularRate:-2.093,IMU_RollAngle:-180,IMU_PitchAngle:-180,IMU_YawAngle:-180,FcwID:0,FCWWarningLevel:0,FCWTTC:0
0,1.99,0,16.55,38,0,0,0,7.65,1.25452e-34,0,0,0,-6.5,0,0,0,0,-0.00229183,0,0,0,0,0,0,0,0,0,1,87,57,0,0.00034,0.00034,3,5,0,0,0,0,0,0,0,0,0,0,1,0,1,0,0,0,0,0,0,0,0,,0,0,0,0,
1,3.36,0,14.5,40,0,0,0,4.45,0,0,0,0,-5.5,0,0,0,0,-0.00229183,0,0,0,0,0,0,0,0,0,1,89,57,0,0.00034,0.00034,3,0,0,0,0,0,0,0,0,0,0,0,1,0,1,0,0,0,0,0,0,0,0,,0,0,0,0,
2,3.89,0,15.6,24,0,0,0,1.05,0,0,0,0,-20,0,0,0,0,-0.00229183,0,0,0,0,0,0,0,0,0,1,72,57,0,0.00034,0.00034,3,5,0,0,0,0,0,0,0,0,0,0,1,0,1,0,0,0,0,0,0,0,0,,0,0,0,0,
3,3.9,0.3,6.7,19,0,0,0,1.3,0,0,0,0,-28.5,0,0,0,0,-0.00229183,0,0,0,0,0,0,0,0,0,1,67,57,0,0.00034,0.00034,3,5,0,0,0,0,0,0,0,0,0,0,1,0,1,0,0,0,0,0,0,0,0,,0,0,0,0,
4,5.62,0,13.5,23,0,0,0,-3.45,0,0,0,0,-25,0,0,0,0,-0.00229183,0,0,0,0,0,0,0,0,0,1,68,57,0,0.00034,0.00034,3,5,0,0,0,0,0,0,0,0,0,0,1,0,1,0,0,0,0,0,0,0,0,,0,0,0,0,
5,6.23,0,15.4,26,0,0,0,-3.05,0,0,0,0,-20,0,0,0,0,-0.00229183,0,0,0,0,0,0,0,0,0,1,71,57,0,0.00034,0.00034,3,5,0,0,0,0,0,0,0,0,0,0,1,0,1,0,0,0,0,0,0,0,0,,0,0,0,0,
END,Total:6
START,FrameNb:93,CameraNb:0,HeSaiNb:0,ARS410Nb:0
2026/08/02 21:39:31:569---->
heightOffset:0,1785677971569,479724,selfCaliBufCnt:0,selfAccObjCnt:0,selfAccAngle:0,installHAngleOffset:0,Interpolation:0,installVAngleOffset:0,radarOffsetH:0,radarOffsetV:0.32,Polynom:-0.001023;-0.0511;-2.047;0;0;0;-0.001023;-0.0511;-2.047;-25.5;0;0,WheelDirection:0;0;0;0,selfAngleOffset:0,selfAngleOffsetPit:0,currCaliAngleHrz:0,currCaliAnglePit:0,selfCaliAngleHrz:0,selfCaliAnglePit:0,servCaliAngleHrz:0,servCaliAnglePit:0,offlineCaliAngleHrz:0,offlineCaliAnglePit:0,determine2useFlag:0,IMU_Z_Accel:-21.592,IMU_X_AngularRate:-2.093,IMU_Y_AngularRate:-2.093,IMU_RollAngle:-180,IMU_PitchAngle:-180,IMU_YawAngle:-180,FcwID:0,FCWWarningLevel:0,FCWTTC:0
0,1.99,0,16.55,38,0,0,0,7.65,1.25452e-34,0,0,0,-6.5,0,0,0,0,-0.00229183,0,0,0,0,0,0,0,0,0,1,87,62,0,0.00034,0.00034,3,5,0,0,0,0,0,0,0,0,0,0,1,0,0,0,0,0,0,0,0,0,0,,0,0,0,0,
1,2.77,0,-7.2,29.5,0,0,0,-15,0,0,0,0,-18,0,0,0,0,-0.00229183,0,0,0,0,0,0,0,0,0,1,78,62,0,0.00034,0.00034,3,5,0,0,0,0,0,0,0,0,0,0,1,0,0,0,0,0,0,0,0,0,0,,0,0,0,0,
2,3.37,0,14.65,40,0,0,0,4.7,0,0,0,0,-5.5,0,0,0,0,-0.00229183,0,0,0,0,0,0,0,0,0,1,89,62,0,0.00034,0.00034,3,0,0,0,0,0,0,0,0,0,0,0,1,0,0,0,0,0,0,0,0,0,0,,0,0,0,0,
3,3.91,0.15,7.45,22.5,0,0,0,1.45,0,0,0,0,-24.5,0,0,0,0,-0.00229183,0,0,0,0,0,0,0,0,0,1,71,62,0,0.00034,0.00034,3,5,0,0,0,0,0,0,0,0,0,0,1,0,0,0,0,0,0,0,0,0,0,,0,0,0,0,
4,5.62,0,13.5,23,0,0,0,-2.7,0,0,0,0,-24.5,0,0,0,0,-0.00229183,0,0,0,0,0,0,0,0,0,1,68,62,0,0.00034,0.00034,3,5,0,0,0,0,0,0,0,0,0,0,1,0,0,0,0,0,0,0,0,0,0,,0,0,0,0,
5,6.23,0,15.4,25.5,0,0,0,-2.55,0,0,0,0,-20,0,0,0,0,-0.00229183,0,0,0,0,0,0,0,0,0,1,71,62,0,0.00034,0.00034,3,5,0,0,0,0,0,0,0,0,0,0,1,0,0,0,0,0,0,0,0,0,0,,0,0,0,0,
END,Total:6
START,FrameNb:94,CameraNb:0,HeSaiNb:0,ARS410Nb:0
2026/08/02 21:39:31:618---->
heightOffset:0,1785677971618,479780,selfCaliBufCnt:0,selfAccObjCnt:0,selfAccAngle:0,installHAngleOffset:0,Interpolation:0,installVAngleOffset:0,radarOffsetH:0,radarOffsetV:0.32,Polynom:-0.001023;-0.0511;-2.047;0;0;0;-0.001023;-0.0511;-2.047;-25.5;0;0,WheelDirection:0;0;0;0,selfAngleOffset:0,selfAngleOffsetPit:0,currCaliAngleHrz:0,currCaliAnglePit:0,selfCaliAngleHrz:0,selfCaliAnglePit:0,servCaliAngleHrz:0,servCaliAnglePit:0,offlineCaliAngleHrz:0,offlineCaliAnglePit:0,determine2useFlag:0,IMU_Z_Accel:-21.592,IMU_X_AngularRate:-2.093,IMU_Y_AngularRate:-2.093,IMU_RollAngle:-180,IMU_PitchAngle:-180,IMU_YawAngle:-180,FcwID:0,FCWWarningLevel:0,FCWTTC:0
0,1.99,0,16.55,38,0,0,0,7.65,1.25452e-34,0,0,0,-6.5,0,0,0,0,-0.00229183,0,0,0,0,0,0,0,0,0,1,87,54,0,0.00034,0.00034,3,5,0,0,0,0,0,0,0,0,0,0,1,0,1,0,0,0,0,0,0,0,0,,0,0,0,0,
1,2.79,0,-7.05,29,0,0,0,-15,0,0,0,0,-18,0,0,0,0,-0.00229183,0,0,0,0,0,0,0,0,0,1,78,54,0,0.00034,0.00034,3,5,0,0,0,0,0,0,0,0,0,0,1,0,1,0,0,0,0,0,0,0,0,,0,0,0,0,
2,3.36,0,14.55,40,0,0,0,4.45,0,0,0,0,-5,0,0,0,0,-0.00229183,0,0,0,0,0,0,0,0,0,1,89,54,0,0.00034,0.00034,3,0,0,0,0,0,0,0,0,0,0,0,1,0,1,0,0,0,0,0,0,0,0,,0,0,0,0,
3,3.76,0.05,21.4,20.5,0,0,0,0.9,0,0,0,0,-21,0,0,0,0,-0.00229183,0,0,0,0,0,0,0,0,0,1,69,54,0,0.00034,0.00034,3,5,0,0,0,0,0,0,0,0,0,0,1,0,1,0,0,0,0,0,0,0,0,,0,0,0,0,
4,3.93,0,7.9,23,0,0,0,-9.6,0,0,0,0,-24.5,0,0,0,0,-0.00229183,0,0,0,0,0,0,0,0,0,1,71,54,0,0.00034,0.00034,3,5,0,0,0,0,0,0,0,0,0,0,1,0,1,0,0,0,0,0,0,0,0,,0,0,0,0,
5,5.41,0,-46.05,23,0,0,0,4.45,0,0,0,0,-8,0,0,0,0,-0.00229183,0,0,0,0,0,0,0,0,0,1,68,54,0,0.00034,0.00034,2,-1,0,0,0,0,0,0,0,0,0,0,1,0,1,0,0,0,0,0,0,0,0,,0,0,0,0,
6,5.64,0,13.45,23,0,0,0,-2.3,0,0,0,0,-24.5,0,0,0,0,-0.00229183,0,0,0,0,0,0,0,0,0,1,68,54,0,0.00034,0.00034,3,5,0,0,0,0,0,0,0,0,0,0,1,0,1,0,0,0,0,0,0,0,0,,0,0,0,0,
7,6.23,0,15.65,26,0,0,0,-3,0,0,0,0,-19.5,0,0,0,0,-0.00229183,0,0,0,0,0,0,0,0,0,1,71,54,0,0.00034,0.00034,3,5,0,0,0,0,0,0,0,0,0,0,1,0,1,0,0,0,0,0,0,0,0,,0,0,0,0,
END,Total:8
START,FrameNb:95,CameraNb:0,HeSaiNb:0,ARS410Nb:0
2026/08/02 21:39:31:674---->
heightOffset:0,1785677971674,479836,selfCaliBufCnt:0,selfAccObjCnt:0,selfAccAngle:0,installHAngleOffset:0,Interpolation:0,installVAngleOffset:0,radarOffsetH:0,radarOffsetV:0.32,Polynom:-0.001023;-0.0511;-2.047;0;0;0;-0.001023;-0.0511;-2.047;-25.5;0;0,WheelDirection:0;0;0;0,selfAngleOffset:0,selfAngleOffsetPit:0,currCaliAngleHrz:0,currCaliAnglePit:0,selfCaliAngleHrz:0,selfCaliAnglePit:0,servCaliAngleHrz:0,servCaliAnglePit:0,offlineCaliAngleHrz:0,offlineCaliAnglePit:0,determine2useFlag:0,IMU_Z_Accel:-21.592,IMU_X_AngularRate:-2.093,IMU_Y_AngularRate:-2.093,IMU_RollAngle:-180,IMU_PitchAngle:-180,IMU_YawAngle:-180,FcwID:0,FCWWarningLevel:0,FCWTTC:0
0,1.98,0,16.55,38,0,0,0,7.65,1.25452e-34,0,0,0,-6.5,0,0,0,0,-0.00229183,0,0,0,0,0,0,0,0,0,1,87,58,0,0.00034,0.00034,3,5,0,0,0,0,0,0,0,0,0,0,1,0,0,0,0,0,0,0,0,0,0,,0,0,0,0,
1,2.77,0,-7.1,29,0,0,0,-15,0,0,0,0,-18,0,0,0,0,-0.00229183,0,0,0,0,0,0,0,0,0,1,78,58,0,0.00034,0.00034,3,5,0,0,0,0,0,0,0,0,0,0,1,0,0,0,0,0,0,0,0,0,0,,0,0,0,0,
2,3.36,0,14.55,40.5,0,0,0,4.45,0,0,0,0,-5,0,0,0,0,-0.00229183,0,0,0,0,0,0,0,0,0,1,89,58,0,0.00034,0.00034,3,0,0,0,0,0,0,0,0,0,0,0,1,0,0,0,0,0,0,0,0,0,0,,0,0,0,0,
3,3.77,0.05,-46.45,20.5,0,0,0,6,0,0,0,0,-8,0,0,0,0,-0.00229183,0,0,0,0,0,0,0,0,0,1,69,58,0,0.00034,0.00034,3,5,0,0,0,0,0,0,0,0,0,0,1,0,0,0,0,0,0,0,0,0,0,,0,0,0,0,
4,3.96,0.05,7.95,23.5,0,0,0,1.45,0,0,0,0,-24,0,0,0,0,-0.00229183,0,0,0,0,0,0,0,0,0,1,72,58,0,0.00034,0.00034,3,5,0,0,0,0,0,0,0,0,0,0,1,0,0,0,0,0,0,0,0,0,0,,0,0,0,0,
5,5.62,0,13.45,23,0,0,0,-2.55,0,0,0,0,-24.5,0,0,0,0,-0.00229183,0,0,0,0,0,0,0,0,0,1,68,58,0,0.00034,0.00034,3,5,0,0,0,0,0,0,0,0,0,0,1,0,0,0,0,0,0,0,0,0,0,,0,0,0,0,
6,6.24,0,15.85,26,0,0,0,-4.8,0,0,0,0,-19.5,0,0,0,0,-0.00229183,0,0,0,0,0,0,0,0,0,1,71,58,0,0.00034,0.00034,3,5,0,0,0,0,0,0,0,0,0,0,1,0,0,0,0,0,0,0,0,0,0,,0,0,0,0,
END,Total:7
START,FrameNb:96,CameraNb:0,HeSaiNb:0,ARS410Nb:0
2026/08/02 21:39:31:723---->
heightOffset:0,1785677971723,479892,selfCaliBufCnt:0,selfAccObjCnt:0,selfAccAngle:0,installHAngleOffset:0,Interpolation:0,installVAngleOffset:0,radarOffsetH:0,radarOffsetV:0.32,Polynom:-0.001023;-0.0511;-2.047;0;0;0;-0.001023;-0.0511;-2.047;-25.5;0;0,WheelDirection:0;0;0;0,selfAngleOffset:0,selfAngleOffsetPit:0,currCaliAngleHrz:0,currCaliAnglePit:0,selfCaliAngleHrz:0,selfCaliAnglePit:0,servCaliAngleHrz:0,servCaliAnglePit:0,offlineCaliAngleHrz:0,offlineCaliAnglePit:0,determine2useFlag:0,IMU_Z_Accel:-21.592,IMU_X_AngularRate:-2.093,IMU_Y_AngularRate:-2.093,IMU_RollAngle:-180,IMU_PitchAngle:-180,IMU_YawAngle:-180,FcwID:0,FCWWarningLevel:0,FCWTTC:0
0,1.98,0,16.55,38,0,0,0,7.65,1.25452e-34,0,0,0,-6.5,0,0,0,0,-0.00229183,0,0,0,0,0,0,0,0,0,1,87,54,0,0.00034,0.00034,3,5,0,0,0,0,0,0,0,0,0,0,1,0,1,0,0,0,0,0,0,0,0,,0,0,0,0,
1,2.79,0,-7.2,29.5,0,0,0,-15,0,0,0,0,-18,0,0,0,0,-0.00229183,0,0,0,0,0,0,0,0,0,1,78,54,0,0.00034,0.00034,3,5,0,0,0,0,0,0,0,0,0,0,1,0,1,0,0,0,0,0,0,0,0,,0,0,0,0,
2,3.36,0,14.65,40.5,0,0,0,4.3,0,0,0,0,-5,0,0,0,0,-0.00229183,0,0,0,0,0,0,0,0,0,1,89,54,0,0.00034,0.00034,3,0,0,0,0,0,0,0,0,0,0,0,1,0,1,0,0,0,0,0,0,0,0,,0,0,0,0,
3,3.89,-0.05,8.4,20,0,0,0,0.65,0,0,0,0,-27.5,0,0,0,0,-0.00229183,0,0,0,0,0,0,0,0,0,1,68,54,0,0.00034,0.00034,3,5,0,0,0,0,0,0,0,0,0,0,1,0,1,0,0,0,0,0,0,0,0,,0,0,0,0,
4,5.65,0,13.65,23,0,0,0,-2.45,0,0,0,0,-25,0,0,0,0,-0.00229183,0,0,0,0,0,0,0,0,0,1,68,54,0,0.00034,0.00034,3,5,0,0,0,0,0,0,0,0,0,0,1,0,1,0,0,0,0,0,0,0,0,,0,0,0,0,
5,6.23,0,15.65,26.5,0,0,0,-3.05,0,0,0,0,-19.5,0,0,0,0,-0.00229183,0,0,0,0,0,0,0,0,0,1,71,54,0,0.00034,0.00034,3,5,0,0,0,0,0,0,0,0,0,0,1,0,1,0,0,0,0,0,0,0,0,,0,0,0,0,
END,Total:6
START,FrameNb:97,CameraNb:0,HeSaiNb:0,ARS410Nb:0
2026/08/02 21:39:31:818---->
heightOffset:0,1785677971818,479948,selfCaliBufCnt:0,selfAccObjCnt:0,selfAccAngle:0,installHAngleOffset:0,Interpolation:0,installVAngleOffset:0,radarOffsetH:0,radarOffsetV:0.32,Polynom:-0.001023;-0.0511;-2.047;0;0;0;-0.001023;-0.0511;-2.047;-25.5;0;0,WheelDirection:0;0;0;0,selfAngleOffset:0,selfAngleOffsetPit:0,currCaliAngleHrz:0,currCaliAnglePit:0,selfCaliAngleHrz:0,selfCaliAnglePit:0,servCaliAngleHrz:0,servCaliAnglePit:0,offlineCaliAngleHrz:0,offlineCaliAnglePit:0,determine2useFlag:0,IMU_Z_Accel:-21.592,IMU_X_AngularRate:-2.093,IMU_Y_AngularRate:-2.093,IMU_RollAngle:-180,IMU_PitchAngle:-180,IMU_YawAngle:-180,FcwID:0,FCWWarningLevel:0,FCWTTC:0
0,1.99,0,16.55,37.5,0,0,0,7.65,1.25452e-34,0,0,0,-6.5,0,0,0,0,-0.00229183,0,0,0,0,0,0,0,0,0,1,87,57,0,0.00034,0.00034,3,5,0,0,0,0,0,0,0,0,0,0,1,0,0,0,0,0,0,0,0,0,0,,0,0,0,0,
1,2.78,0,-7.1,29.5,0,0,0,-15,0,0,0,0,-18,0,0,0,0,-0.00229183,0,0,0,0,0,0,0,0,0,1,78,57,0,0.00034,0.00034,3,5,0,0,0,0,0,0,0,0,0,0,1,0,0,0,0,0,0,0,0,0,0,,0,0,0,0,
2,3.36,0,14.55,40,0,0,0,4.45,0,0,0,0,-5,0,0,0,0,-0.00229183,0,0,0,0,0,0,0,0,0,1,89,57,0,0.00034,0.00034,3,0,0,0,0,0,0,0,0,0,0,0,1,0,0,0,0,0,0,0,0,0,0,,0,0,0,0,
3,3.79,0.15,19.95,22,0,0,0,-3.2,0,0,0,0,-20.5,0,0,0,0,-0.00229183,0,0,0,0,0,0,0,0,0,1,70,57,0,0.00034,0.00034,3,5,0,0,0,0,0,0,0,0,0,0,1,0,0,0,0,0,0,0,0,0,0,,0,0,0,0,
4,3.88,-0.05,7.65,19.5,0,0,0,1,0,0,0,0,-28,0,0,0,0,-0.00229183,0,0,0,0,0,0,0,0,0,1,68,57,0,0.00034,0.00034,3,5,0,0,0,0,0,0,0,0,0,0,1,0,0,0,0,0,0,0,0,0,0,,0,0,0,0,
5,5.34,0,-45.85,22,0,0,0,5.05,0,0,0,0,-9.5,0,0,0,0,-0.00229183,0,0,0,0,0,0,0,0,0,1,67,57,0,0.00034,0.00034,2,-1,0,0,0,0,0,0,0,0,0,0,1,0,0,0,0,0,0,0,0,0,0,,0,0,0,0,
6,5.63,0,13.4,22,0,0,0,-3.2,0,0,0,0,-25.5,0,0,0,0,-0.00229183,0,0,0,0,0,0,0,0,0,1,67,57,0,0.00034,0.00034,3,5,0,0,0,0,0,0,0,0,0,0,1,0,0,0,0,0,0,0,0,0,0,,0,0,0,0,
7,6.23,0,15.65,26.5,0,0,0,-2.45,0,0,0,0,-19.5,0,0,0,0,-0.00229183,0,0,0,0,0,0,0,0,0,1,71,57,0,0.00034,0.00034,3,5,0,0,0,0,0,0,0,0,0,0,1,0,0,0,0,0,0,0,0,0,0,,0,0,0,0,
END,Total:8
START,FrameNb:98,CameraNb:0,HeSaiNb:0,ARS410Nb:0
2026/08/02 21:39:31:868---->
heightOffset:0,1785677971868,480004,selfCaliBufCnt:0,selfAccObjCnt:0,selfAccAngle:0,installHAngleOffset:0,Interpolation:0,installVAngleOffset:0,radarOffsetH:0,radarOffsetV:0.32,Polynom:-0.001023;-0.0511;-2.047;0;0;0;-0.001023;-0.0511;-2.047;-25.5;0;0,WheelDirection:0;0;0;0,selfAngleOffset:0,selfAngleOffsetPit:0,currCaliAngleHrz:0,currCaliAnglePit:0,selfCaliAngleHrz:0,selfCaliAnglePit:0,servCaliAngleHrz:0,servCaliAnglePit:0,offlineCaliAngleHrz:0,offlineCaliAnglePit:0,determine2useFlag:0,IMU_Z_Accel:-21.592,IMU_X_AngularRate:-2.093,IMU_Y_AngularRate:-2.093,IMU_RollAngle:-180,IMU_PitchAngle:-180,IMU_YawAngle:-180,FcwID:0,FCWWarningLevel:0,FCWTTC:0
0,1.99,0,16.55,38,0,0,0,7.7,1.25452e-34,0,0,0,-7,0,0,0,0,-0.00229183,0,0,0,0,0,0,0,0,0,1,87,54,0,0.00034,0.00034,3,5,0,0,0,0,0,0,0,0,0,0,1,0,1,0,0,0,0,0,0,0,0,,0,0,0,0,
1,2.76,0,-7.1,30,0,0,0,-15,0,0,0,0,-17.5,0,0,0,0,-0.00229183,0,0,0,0,0,0,0,0,0,1,79,54,0,0.00034,0.00034,3,5,0,0,0,0,0,0,0,0,0,0,1,0,1,0,0,0,0,0,0,0,0,,0,0,0,0,
2,3.36,0,14.55,40,0,0,0,4.4,0,0,0,0,-5,0,0,0,0,-0.00229183,0,0,0,0,0,0,0,0,0,1,89,54,0,0.00034,0.00034,3,0,0,0,0,0,0,0,0,0,0,0,1,0,1,0,0,0,0,0,0,0,0,,0,0,0,0,
3,3.9,-0.05,7.8,24,0,0,0,0.95,0,0,0,0,-23.5,0,0,0,0,-0.00229183,0,0,0,0,0,0,0,0,0,1,72,54,0,0.00034,0.00034,3,5,0,0,0,0,0,0,0,0,0,0,1,0,1,0,0,0,0,0,0,0,0,,0,0,0,0,
4,6.23,0,15.85,26.5,0,0,0,-2.85,0,0,0,0,-19.5,0,0,0,0,-0.00229183,0,0,0,0,0,0,0,0,0,1,71,54,0,0.00034,0.00034,3,5,0,0,0,0,0,0,0,0,0,0,1,0,1,0,0,0,0,0,0,0,0,,0,0,0,0,
END,Total:5
START,FrameNb:99,CameraNb:0,HeSaiNb:0,ARS410Nb:0
2026/08/02 21:39:31:925---->
heightOffset:0,1785677971925,480064,selfCaliBufCnt:0,selfAccObjCnt:0,selfAccAngle:0,installHAngleOffset:0,Interpolation:0,installVAngleOffset:0,radarOffsetH:0,radarOffsetV:0.32,Polynom:-0.001023;-0.0511;-2.047;0;0;0;-0.001023;-0.0511;-2.047;-25.5;0;0,WheelDirection:0;0;0;0,selfAngleOffset:0,selfAngleOffsetPit:0,currCaliAngleHrz:0,currCaliAnglePit:0,selfCaliAngleHrz:0,selfCaliAnglePit:0,servCaliAngleHrz:0,servCaliAnglePit:0,offlineCaliAngleHrz:0,offlineCaliAnglePit:0,determine2useFlag:0,IMU_Z_Accel:-21.592,IMU_X_AngularRate:-2.093,IMU_Y_AngularRate:-2.093,IMU_RollAngle:-180,IMU_PitchAngle:-180,IMU_YawAngle:-180,FcwID:0,FCWWarningLevel:0,FCWTTC:0
0,1.99,0,16.55,38,0,0,0,7.7,1.25452e-34,0,0,0,-6.5,0,0,0,0,-0.00229183,0,0,0,0,0,0,0,0,0,1,87,61,0,0.00034,0.00034,3,5,0,0,0,0,0,0,0,0,0,0,1,0,0,0,0,0,0,0,0,0,0,,0,0,0,0,
1,2.75,0,-55,29.5,0,0,0,6.05,0,0,0,0,7.5,0,0,0,0,-0.00229183,0,0,0,0,0,0,0,0,0,1,79,61,0,0.00034,0.00034,2,-1,0,0,0,0,0,0,0,0,0,0,1,0,0,0,0,0,0,0,0,0,0,,0,0,0,0,
2,3.37,0,14.7,40,0,0,0,4.7,0,0,0,0,-5,0,0,0,0,-0.00229183,0,0,0,0,0,0,0,0,0,1,89,61,0,0.00034,0.00034,3,0,0,0,0,0,0,0,0,0,0,0,1,0,0,0,0,0,0,0,0,0,0,,0,0,0,0,
3,3.77,0.1,22.2,21.5,0,0,0,0.55,0,0,0,0,-19.5,0,0,0,0,-0.00229183,0,0,0,0,0,0,0,0,0,1,70,61,0,0.00034,0.00034,3,0,0,0,0,0,0,0,0,0,0,0,1,0,0,0,0,0,0,0,0,0,0,,0,0,0,0,
4,3.95,0,8,28.5,0,0,0,1.25,0,0,0,0,-19,0,0,0,0,-0.00229183,0,0,0,0,0,0,0,0,0,1,77,61,0,0.00034,0.00034,3,0,0,0,0,0,0,0,0,0,0,0,1,0,0,0,0,0,0,0,0,0,0,,0,0,0,0,
5,5.22,0,11.5,22,0,0,0,-2.1,0,0,0,0,-26.5,0,0,0,0,-0.00229183,0,0,0,0,0,0,0,0,0,1,67,61,0,0.00034,0.00034,3,5,0,0,0,0,0,0,0,0,0,0,1,0,0,0,0,0,0,0,0,0,0,,0,0,0,0,
6,6.23,0,15.8,26,0,0,0,-2.1,0,0,0,0,-19,0,0,0,0,-0.00229183,0,0,0,0,0,0,0,0,0,1,72,61,0,0.00034,0.00034,3,5,0,0,0,0,0,0,0,0,0,0,1,0,0,0,0,0,0,0,0,0,0,,0,0,0,0,
END,Total:7
START,FrameNb:100,CameraNb:0,HeSaiNb:0,ARS410Nb:0
2026/08/02 21:39:31:974---->
heightOffset:0,1785677971974,480124,selfCaliBufCnt:0,selfAccObjCnt:0,selfAccAngle:0,installHAngleOffset:0,Interpolation:0,installVAngleOffset:0,radarOffsetH:0,radarOffsetV:0.32,Polynom:-0.001023;-0.0511;-2.047;0;0;0;-0.001023;-0.0511;-2.047;-25.5;0;0,WheelDirection:0;0;0;0,selfAngleOffset:0,selfAngleOffsetPit:0,currCaliAngleHrz:0,currCaliAnglePit:0,selfCaliAngleHrz:0,selfCaliAnglePit:0,servCaliAngleHrz:0,servCaliAnglePit:0,offlineCaliAngleHrz:0,offlineCaliAnglePit:0,determine2useFlag:0,IMU_Z_Accel:-21.592,IMU_X_AngularRate:-2.093,IMU_Y_AngularRate:-2.093,IMU_RollAngle:-180,IMU_PitchAngle:-180,IMU_YawAngle:-180,FcwID:0,FCWWarningLevel:0,FCWTTC:0
0,1.98,0,16.55,38,0,0,0,7.7,1.25452e-34,0,0,0,-6.5,0,0,0,0,-0.00229183,0,0,0,0,0,0,0,0,0,1,87,59,0,0.00034,0.00034,3,5,0,0,0,0,0,0,0,0,0,0,1,0,1,0,0,0,0,0,0,0,0,,0,0,0,0,
1,2.75,0,16.45,29.5,0,0,0,-14,0,0,0,0,-14.5,0,0,0,0,-0.00229183,0,0,0,0,0,0,0,0,0,1,79,59,0,0.00034,0.00034,3,5,0,0,0,0,0,0,0,0,0,0,1,0,1,0,0,0,0,0,0,0,0,,0,0,0,0,
2,3.36,0,14.55,40.5,0,0,0,4.3,0,0,0,0,-5,0,0,0,0,-0.00229183,0,0,0,0,0,0,0,0,0,1,89,59,0,0.00034,0.00034,3,0,0,0,0,0,0,0,0,0,0,0,1,0,1,0,0,0,0,0,0,0,0,,0,0,0,0,
3,3.74,0.15,21.55,20.5,0,0,0,0.25,0,0,0,0,-21,0,0,0,0,-0.00229183,0,0,0,0,0,0,0,0,0,1,69,59,0,0.00034,0.00034,3,5,0,0,0,0,0,0,0,0,0,0,1,0,1,0,0,0,0,0,0,0,0,,0,0,0,0,
4,3.95,0,7.95,29.5,0,0,0,-0.1,0,0,0,0,-18,0,0,0,0,-0.00229183,0,0,0,0,0,0,0,0,0,1,78,59,0,0.00034,0.00034,3,0,0,0,0,0,0,0,0,0,0,0,1,0,1,0,0,0,0,0,0,0,0,,0,0,0,0,
5,5.22,0,-46,22.5,0,0,0,4.55,0,0,0,0,-8.5,0,0,0,0,-0.00229183,0,0,0,0,0,0,0,0,0,1,67,59,0,0.00034,0.00034,3,5,0,0,0,0,0,0,0,0,0,0,1,0,1,0,0,0,0,0,0,0,0,,0,0,0,0,
6,6.23,0,15.7,27,0,0,0,-2.7,0,0,0,0,-19,0,0,0,0,-0.00229183,0,0,0,0,0,0,0,0,0,1,72,59,0,0.00034,0.00034,3,5,0,0,0,0,0,0,0,0,0,0,1,0,1,0,0,0,0,0,0,0,0,,0,0,0,0,
END,Total:7
START,FrameNb:101,CameraNb:0,HeSaiNb:0,ARS410Nb:0
2026/08/02 21:39:32:025---->
heightOffset:0,1785677972025,480180,selfCaliBufCnt:0,selfAccObjCnt:0,selfAccAngle:0,installHAngleOffset:0,Interpolation:0,installVAngleOffset:0,radarOffsetH:0,radarOffsetV:0.32,Polynom:-0.001023;-0.0511;-2.047;0;0;0;-0.001023;-0.0511;-2.047;-25.5;0;0,WheelDirection:0;0;0;0,selfAngleOffset:0,selfAngleOffsetPit:0,currCaliAngleHrz:0,currCaliAnglePit:0,selfCaliAngleHrz:0,selfCaliAnglePit:0,servCaliAngleHrz:0,servCaliAnglePit:0,offlineCaliAngleHrz:0,offlineCaliAnglePit:0,determine2useFlag:0,IMU_Z_Accel:-21.592,IMU_X_AngularRate:-2.093,IMU_Y_AngularRate:-2.093,IMU_RollAngle:-180,IMU_PitchAngle:-180,IMU_YawAngle:-180,FcwID:0,FCWWarningLevel:0,FCWTTC:0
0,1.98,0,16.5,38,0,0,0,7.55,1.25452e-34,0,0,0,-6.5,0,0,0,0,-0.00229183,0,0,0,0,0,0,0,0,0,1,87,58,0,0.00034,0.00034,3,5,0,0,0,0,0,0,0,0,0,0,1,0,0,0,0,0,0,0,0,0,0,,0,0,0,0,
1,2.74,0,-8.95,29,0,0,0,-13.35,0,0,0,0,-18,0,0,0,0,-0.00229183,0,0,0,0,0,0,0,0,0,1,78,58,0,0.00034,0.00034,3,5,0,0,0,0,0,0,0,0,0,0,1,0,0,0,0,0,0,0,0,0,0,,0,0,0,0,
2,3.37,0,14.65,40,0,0,0,4.75,0,0,0,0,-5,0,0,0,0,-0.00229183,0,0,0,0,0,0,0,0,0,1,89,58,0,0.00034,0.00034,3,0,0,0,0,0,0,0,0,0,0,0,1,0,0,0,0,0,0,0,0,0,0,,0,0,0,0,
3,3.7,0.15,21.7,23,0,0,0,0,0,0,0,0,-18,0,0,0,0,-0.00229183,0,0,0,0,0,0,0,0,0,1,72,58,0,0.00034,0.00034,3,0,0,0,0,0,0,0,0,0,0,0,1,0,0,0,0,0,0,0,0,0,0,,0,0,0,0,
4,3.91,0,8.8,29.5,0,0,0,0.55,0,0,0,0,-17.5,0,0,0,0,-0.00229183,0,0,0,0,0,0,0,0,0,1,78,58,0,0.00034,0.00034,3,5,0,0,0,0,0,0,0,0,0,0,1,0,0,0,0,0,0,0,0,0,0,,0,0,0,0,
5,5.21,0,-45.3,22.5,0,0,0,5.25,0,0,0,0,-9.5,0,0,0,0,-0.00229183,0,0,0,0,0,0,0,0,0,1,67,58,0,0.00034,0.00034,3,5,0,0,0,0,0,0,0,0,0,0,1,0,0,0,0,0,0,0,0,0,0,,0,0,0,0,
6,5.64,0,13.4,22,0,0,0,-2.35,0,0,0,0,-25.5,0,0,0,0,-0.00229183,0,0,0,0,0,0,0,0,0,1,67,58,0,0.00034,0.00034,3,5,0,0,0,0,0,0,0,0,0,0,1,0,0,0,0,0,0,0,0,0,0,,0,0,0,0,
7,6.23,0,16.05,27,0,0,0,-4.25,0,0,0,0,-18.5,0,0,0,0,-0.00229183,0,0,0,0,0,0,0,0,0,1,72,58,0,0.00034,0.00034,3,5,0,0,0,0,0,0,0,0,0,0,1,0,0,0,0,0,0,0,0,0,0,,0,0,0,0,
END,Total:8
START,FrameNb:102,CameraNb:0,HeSaiNb:0,ARS410Nb:0
2026/08/02 21:39:32:067---->
heightOffset:0,1785677972067,480236,selfCaliBufCnt:0,selfAccObjCnt:0,selfAccAngle:0,installHAngleOffset:0,Interpolation:0,installVAngleOffset:0,radarOffsetH:0,radarOffsetV:0.32,Polynom:-0.001023;-0.0511;-2.047;0;0;0;-0.001023;-0.0511;-2.047;-25.5;0;0,WheelDirection:0;0;0;0,selfAngleOffset:0,selfAngleOffsetPit:0,currCaliAngleHrz:0,currCaliAnglePit:0,selfCaliAngleHrz:0,selfCaliAnglePit:0,servCaliAngleHrz:0,servCaliAnglePit:0,offlineCaliAngleHrz:0,offlineCaliAnglePit:0,determine2useFlag:0,IMU_Z_Accel:-21.592,IMU_X_AngularRate:-2.093,IMU_Y_AngularRate:-2.093,IMU_RollAngle:-180,IMU_PitchAngle:-180,IMU_YawAngle:-180,FcwID:0,FCWWarningLevel:0,FCWTTC:0
0,1.99,0,16.55,38,0,0,0,7.65,1.25452e-34,0,0,0,-6.5,0,0,0,0,-0.00229183,0,0,0,0,0,0,0,0,0,1,87,54,0,0.00034,0.00034,3,5,0,0,0,0,0,0,0,0,0,0,1,0,1,0,0,0,0,0,0,0,0,,0,0,0,0,
1,2.76,0,16.9,29.5,0,0,0,15,0,0,0,0,-14.5,0,0,0,0,-0.00229183,0,0,0,0,0,0,0,0,0,1,79,54,0,0.00034,0.00034,3,5,0,0,0,0,0,0,0,0,0,0,1,0,1,0,0,0,0,0,0,0,0,,0,0,0,0,
2,3.37,0,14.7,40,0,0,0,4.75,0,0,0,0,-5,0,0,0,0,-0.00229183,0,0,0,0,0,0,0,0,0,1,89,54,0,0.00034,0.00034,3,0,0,0,0,0,0,0,0,0,0,0,1,0,1,0,0,0,0,0,0,0,0,,0,0,0,0,
3,3.72,0.15,22,21.5,0,0,0,0,0,0,0,0,-20,0,0,0,0,-0.00229183,0,0,0,0,0,0,0,0,0,1,70,54,0,0.00034,0.00034,3,0,0,0,0,0,0,0,0,0,0,0,1,0,1,0,0,0,0,0,0,0,0,,0,0,0,0,
4,3.9,0.05,7.45,27.5,0,0,0,1.55,0,0,0,0,-20,0,0,0,0,-0.00229183,0,0,0,0,0,0,0,0,0,1,76,54,0,0.00034,0.00034,3,5,0,0,0,0,0,0,0,0,0,0,1,0,1,0,0,0,0,0,0,0,0,,0,0,0,0,
5,5.21,0,-46.1,22.5,0,0,0,4.9,0,0,0,0,-8.5,0,0,0,0,-0.00229183,0,0,0,0,0,0,0,0,0,1,68,54,0,0.00034,0.00034,3,5,0,0,0,0,0,0,0,0,0,0,1,0,1,0,0,0,0,0,0,0,0,,0,0,0,0,
6,5.63,0,13.5,22.5,0,0,0,-2.05,0,0,0,0,-25,0,0,0,0,-0.00229183,0,0,0,0,0,0,0,0,0,1,67,54,0,0.00034,0.00034,3,5,0,0,0,0,0,0,0,0,0,0,1,0,1,0,0,0,0,0,0,0,0,,0,0,0,0,
7,6.23,0,15.55,27,0,0,0,-2.25,0,0,0,0,-18.5,0,0,0,0,-0.00229183,0,0,0,0,0,0,0,0,0,1,72,54,0,0.00034,0.00034,3,5,0,0,0,0,0,0,0,0,0,0,1,0,1,0,0,0,0,0,0,0,0,,0,0,0,0,
END,Total:8
START,FrameNb:103,CameraNb:0,HeSaiNb:0,ARS410Nb:0
2026/08/02 21:39:32:120---->
heightOffset:0,1785677972120,480288,selfCaliBufCnt:0,selfAccObjCnt:0,selfAccAngle:0,installHAngleOffset:0,Interpolation:0,installVAngleOffset:0,radarOffsetH:0,radarOffsetV:0.32,Polynom:-0.001023;-0.0511;-2.047;0;0;0;-0.001023;-0.0511;-2.047;-25.5;0;0,WheelDirection:0;0;0;0,selfAngleOffset:0,selfAngleOffsetPit:0,currCaliAngleHrz:0,currCaliAnglePit:0,selfCaliAngleHrz:0,selfCaliAnglePit:0,servCaliAngleHrz:0,servCaliAnglePit:0,offlineCaliAngleHrz:0,offlineCaliAnglePit:0,determine2useFlag:0,IMU_Z_Accel:-21.592,IMU_X_AngularRate:-2.093,IMU_Y_AngularRate:-2.093,IMU_RollAngle:-180,IMU_PitchAngle:-180,IMU_YawAngle:-180,FcwID:0,FCWWarningLevel:0,FCWTTC:0
0,1.98,0,-55.05,38.5,0,0,0,1.15,1.25452e-34,0,0,0,15.5,0,0,0,0,-0.00229183,0,0,0,0,0,0,0,0,0,1,87,58,0,0.00034,0.00034,3,5,0,0,0,0,0,0,0,0,0,0,1,0,0,0,0,0,0,0,0,0,0,,0,0,0,0,
1,2.74,0,-55.05,29.5,0,0,0,6.4,0,0,0,0,7.5,0,0,0,0,-0.00229183,0,0,0,0,0,0,0,0,0,1,79,58,0,0.00034,0.00034,3,5,0,0,0,0,0,0,0,0,0,0,1,0,0,0,0,0,0,0,0,0,0,,0,0,0,0,
2,3.37,0,14.65,40.5,0,0,0,4.8,0,0,0,0,-5,0,0,0,0,-0.00229183,0,0,0,0,0,0,0,0,0,1,89,58,0,0.00034,0.00034,3,0,0,0,0,0,0,0,0,0,0,0,1,0,0,0,0,0,0,0,0,0,0,,0,0,0,0,
3,3.77,0.15,22.3,23.5,0,0,0,-0.1,0,0,0,0,-18,0,0,0,0,-0.00229183,0,0,0,0,0,0,0,0,0,1,72,58,0,0.00034,0.00034,3,5,0,0,0,0,0,0,0,0,0,0,1,0,0,0,0,0,0,0,0,0,0,,0,0,0,0,
4,3.87,0.05,8.05,29,0,0,0,1,0,0,0,0,-18.5,0,0,0,0,-0.00229183,0,0,0,0,0,0,0,0,0,1,77,58,0,0.00034,0.00034,3,5,0,0,0,0,0,0,0,0,0,0,1,0,0,0,0,0,0,0,0,0,0,,0,0,0,0,
5,5.22,0,-45.05,22.5,0,0,0,2.4,0,0,0,0,-9.5,0,0,0,0,-0.00229183,0,0,0,0,0,0,0,0,0,1,67,58,0,0.00034,0.00034,3,5,0,0,0,0,0,0,0,0,0,0,1,0,0,0,0,0,0,0,0,0,0,,0,0,0,0,
6,5.65,0,13.4,23,0,0,0,-2.25,0,0,0,0,-25,0,0,0,0,-0.00229183,0,0,0,0,0,0,0,0,0,1,68,58,0,0.00034,0.00034,3,5,0,0,0,0,0,0,0,0,0,0,1,0,0,0,0,0,0,0,0,0,0,,0,0,0,0,
7,6.23,0,15.5,26.5,0,0,0,-2.2,0,0,0,0,-19,0,0,0,0,-0.00229183,0,0,0,0,0,0,0,0,0,1,72,58,0,0.00034,0.00034,3,5,0,0,0,0,0,0,0,0,0,0,1,0,0,0,0,0,0,0,0,0,0,,0,0,0,0,
END,Total:8
START,FrameNb:104,CameraNb:0,HeSaiNb:0,ARS410Nb:0
2026/08/02 21:39:32:225---->
heightOffset:0,1785677972225,480348,selfCaliBufCnt:0,selfAccObjCnt:0,selfAccAngle:0,installHAngleOffset:0,Interpolation:0,installVAngleOffset:0,radarOffsetH:0,radarOffsetV:0.32,Polynom:-0.001023;-0.0511;-2.047;0;0;0;-0.001023;-0.0511;-2.047;-25.5;0;0,WheelDirection:0;0;0;0,selfAngleOffset:0,selfAngleOffsetPit:0,currCaliAngleHrz:0,currCaliAnglePit:0,selfCaliAngleHrz:0,selfCaliAnglePit:0,servCaliAngleHrz:0,servCaliAnglePit:0,offlineCaliAngleHrz:0,offlineCaliAnglePit:0,determine2useFlag:0,IMU_Z_Accel:-21.592,IMU_X_AngularRate:-2.093,IMU_Y_AngularRate:-2.093,IMU_RollAngle:-180,IMU_PitchAngle:-180,IMU_YawAngle:-180,FcwID:0,FCWWarningLevel:0,FCWTTC:0
0,1.98,0,16.55,38,0,0,0,7.75,1.25452e-34,0,0,0,-7,0,0,0,0,-0.00229183,0,0,0,0,0,0,0,0,0,1,87,53,0,0.00034,0.00034,3,5,0,0,0,0,0,0,0,0,0,0,1,0,1,0,0,0,0,0,0,0,0,,0,0,0,0,
1,2.75,0,-23.7,28.5,0,0,0,5.75,0,0,0,0,-14,0,0,0,0,-0.00229183,0,0,0,0,0,0,0,0,0,1,78,53,0,0.00034,0.00034,2,-1,0,0,0,0,0,0,0,0,0,0,1,0,1,0,0,0,0,0,0,0,0,,0,0,0,0,
2,3.37,0,14.55,40,0,0,0,4.45,0,0,0,0,-5,0,0,0,0,-0.00229183,0,0,0,0,0,0,0,0,0,1,89,53,0,0.00034,0.00034,3,0,0,0,0,0,0,0,0,0,0,0,1,0,1,0,0,0,0,0,0,0,0,,0,0,0,0,
3,3.76,0.2,21.9,22.5,0,0,0,1.4,0,0,0,0,-18.5,0,0,0,0,-0.00229183,0,0,0,0,0,0,0,0,0,1,71,53,0,0.00034,0.00034,3,5,0,0,0,0,0,0,0,0,0,0,1,0,1,0,0,0,0,0,0,0,0,,0,0,0,0,
4,3.91,0.05,8.3,30,0,0,0,0.75,0,0,0,0,-17,0,0,0,0,-0.00229183,0,0,0,0,0,0,0,0,0,1,78,53,0,0.00034,0.00034,3,0,0,0,0,0,0,0,0,0,0,0,1,0,1,0,0,0,0,0,0,0,0,,0,0,0,0,
5,5.21,0,-45.3,22.5,0,0,0,4.8,0,0,0,0,-9,0,0,0,0,-0.00229183,0,0,0,0,0,0,0,0,0,1,68,53,0,0.00034,0.00034,3,5,0,0,0,0,0,0,0,0,0,0,1,0,1,0,0,0,0,0,0,0,0,,0,0,0,0,
6,5.67,0,13.55,22.5,0,0,0,-2.25,0,0,0,0,-24.5,0,0,0,0,-0.00229183,0,0,0,0,0,0,0,0,0,1,68,53,0,0.00034,0.00034,3,5,0,0,0,0,0,0,0,0,0,0,1,0,1,0,0,0,0,0,0,0,0,,0,0,0,0,
7,6.22,0,15.3,26,0,0,0,-2.2,0,0,0,0,-19.5,0,0,0,0,-0.00229183,0,0,0,0,0,0,0,0,0,1,71,53,0,0.00034,0.00034,3,5,0,0,0,0,0,0,0,0,0,0,1,0,1,0,0,0,0,0,0,0,0,,0,0,0,0,
END,Total:8
START,FrameNb:105,CameraNb:0,HeSaiNb:0,ARS410Nb:0
2026/08/02 21:39:32:276---->
heightOffset:0,1785677972276,480400,selfCaliBufCnt:0,selfAccObjCnt:0,selfAccAngle:0,installHAngleOffset:0,Interpolation:0,installVAngleOffset:0,radarOffsetH:0,radarOffsetV:0.32,Polynom:-0.001023;-0.0511;-2.047;0;0;0;-0.001023;-0.0511;-2.047;-25.5;0;0,WheelDirection:0;0;0;0,selfAngleOffset:0,selfAngleOffsetPit:0,currCaliAngleHrz:0,currCaliAnglePit:0,selfCaliAngleHrz:0,selfCaliAnglePit:0,servCaliAngleHrz:0,servCaliAnglePit:0,offlineCaliAngleHrz:0,offlineCaliAnglePit:0,determine2useFlag:0,IMU_Z_Accel:-21.592,IMU_X_AngularRate:-2.093,IMU_Y_AngularRate:-2.093,IMU_RollAngle:-180,IMU_PitchAngle:-180,IMU_YawAngle:-180,FcwID:0,FCWWarningLevel:0,FCWTTC:0
0,1.99,0,16.55,38,0,0,0,7.7,1.25452e-34,0,0,0,-6.5,0,0,0,0,-0.00229183,0,0,0,0,0,0,0,0,0,1,87,58,0,0.00034,0.00034,3,5,0,0,0,0,0,0,0,0,0,0,1,0,0,0,0,0,0,0,0,0,0,,0,0,0,0,
1,2.75,0,16.65,30,0,0,0,15,0,0,0,0,-14,0,0,0,0,-0.00229183,0,0,0,0,0,0,0,0,0,1,79,58,0,0.00034,0.00034,3,5,0,0,0,0,0,0,0,0,0,0,1,0,0,0,0,0,0,0,0,0,0,,0,0,0,0,
2,3.37,0,14.7,40,0,0,0,4.75,0,0,0,0,-5,0,0,0,0,-0.00229183,0,0,0,0,0,0,0,0,0,1,89,58,0,0.00034,0.00034,3,0,0,0,0,0,0,0,0,0,0,0,1,0,0,0,0,0,0,0,0,0,0,,0,0,0,0,
3,3.77,0.2,22.5,23.5,0,0,0,-0.2,0,0,0,0,-18,0,0,0,0,-0.00229183,0,0,0,0,0,0,0,0,0,1,72,58,0,0.00034,0.00034,3,0,0,0,0,0,0,0,0,0,0,0,1,0,0,0,0,0,0,0,0,0,0,,0,0,0,0,
4,3.88,0.05,8.15,30.5,0,0,0,1,0,0,0,0,-17,0,0,0,0,-0.00229183,0,0,0,0,0,0,0,0,0,1,79,58,0,0.00034,0.00034,3,5,0,0,0,0,0,0,0,0,0,0,1,0,0,0,0,0,0,0,0,0,0,,0,0,0,0,
5,5.41,0,15.35,23,0,0,0,3.4,0,0,0,0,-23.5,0,0,0,0,-0.00229183,0,0,0,0,0,0,0,0,0,1,68,58,0,0.00034,0.00034,3,5,0,0,0,0,0,0,0,0,0,0,1,0,0,0,0,0,0,0,0,0,0,,0,0,0,0,
6,5.64,0,13.45,22.5,0,0,0,-2.75,0,0,0,0,-24.5,0,0,0,0,-0.00229183,0,0,0,0,0,0,0,0,0,1,68,58,0,0.00034,0.00034,3,5,0,0,0,0,0,0,0,0,0,0,1,0,0,0,0,0,0,0,0,0,0,,0,0,0,0,
7,6.22,0,15.15,25.5,0,0,0,-0.6,0,0,0,0,-20,0,0,0,0,-0.00229183,0,0,0,0,0,0,0,0,0,1,71,58,0,0.00034,0.00034,3,5,0,0,0,0,0,0,0,0,0,0,1,0,0,0,0,0,0,0,0,0,0,,0,0,0,0,
END,Total:8
START,FrameNb:106,CameraNb:0,HeSaiNb:0,ARS410Nb:0
2026/08/02 21:39:32:318---->
heightOffset:0,1785677972318,480460,selfCaliBufCnt:0,selfAccObjCnt:0,selfAccAngle:0,installHAngleOffset:0,Interpolation:0,installVAngleOffset:0,radarOffsetH:0,radarOffsetV:0.32,Polynom:-0.001023;-0.0511;-2.047;0;0;0;-0.001023;-0.0511;-2.047;-25.5;0;0,WheelDirection:0;0;0;0,selfAngleOffset:0,selfAngleOffsetPit:0,currCaliAngleHrz:0,currCaliAnglePit:0,selfCaliAngleHrz:0,selfCaliAnglePit:0,servCaliAngleHrz:0,servCaliAnglePit:0,offlineCaliAngleHrz:0,offlineCaliAnglePit:0,determine2useFlag:0,IMU_Z_Accel:-21.592,IMU_X_AngularRate:-2.093,IMU_Y_AngularRate:-2.093,IMU_RollAngle:-180,IMU_PitchAngle:-180,IMU_YawAngle:-180,FcwID:0,FCWWarningLevel:0,FCWTTC:0
0,1.98,0,16.55,38,0,0,0,7.65,1.25452e-34,0,0,0,-6.5,0,0,0,0,-0.00229183,0,0,0,0,0,0,0,0,0,1,87,54,0,0.00034,0.00034,3,5,0,0,0,0,0,0,0,0,0,0,1,0,1,0,0,0,0,0,0,0,0,,0,0,0,0,
1,2.78,0,70.2,29.5,0,0,0,3,0,0,0,0,22.5,0,0,0,0,-0.00229183,0,0,0,0,0,0,0,0,0,1,79,54,0,0.00034,0.00034,2,-1,0,0,0,0,0,0,0,0,0,0,1,0,1,0,0,0,0,0,0,0,0,,0,0,0,0,
2,3.36,0,14.55,40,0,0,0,4.4,0,0,0,0,-5,0,0,0,0,-0.00229183,0,0,0,0,0,0,0,0,0,1,89,54,0,0.00034,0.00034,3,0,0,0,0,0,0,0,0,0,0,0,1,0,1,0,0,0,0,0,0,0,0,,0,0,0,0,
3,3.94,0.1,7.95,24,0,0,0,0.75,0,0,0,0,-23.5,0,0,0,0,-0.00229183,0,0,0,0,0,0,0,0,0,1,72,54,0,0.00034,0.00034,3,5,0,0,0,0,0,0,0,0,0,0,1,0,1,0,0,0,0,0,0,0,0,,0,0,0,0,
4,3.82,0.15,12.3,23.5,0,0,0,-0.05,0,0,0,0,-21.5,0,0,0,0,-0.00229183,0,0,0,0,0,0,0,0,0,1,72,54,0,0.00034,0.00034,3,5,0,0,0,0,0,0,0,0,0,0,1,0,1,0,0,0,0,0,0,0,0,,0,0,0,0,
5,5.21,0,15.5,23,0,0,0,-3.8,0,0,0,0,-23.5,0,0,0,0,-0.00229183,0,0,0,0,0,0,0,0,0,1,68,54,0,0.00034,0.00034,3,5,0,0,0,0,0,0,0,0,0,0,1,0,1,0,0,0,0,0,0,0,0,,0,0,0,0,
6,5.63,0,13.6,22,0,0,0,-2.6,0,0,0,0,-25.5,0,0,0,0,-0.00229183,0,0,0,0,0,0,0,0,0,1,67,54,0,0.00034,0.00034,3,5,0,0,0,0,0,0,0,0,0,0,1,0,1,0,0,0,0,0,0,0,0,,0,0,0,0,
7,6.22,0,14.3,24.5,0,0,0,0.2,0,0,0,0,-22,0,0,0,0,-0.00229183,0,0,0,0,0,0,0,0,0,1,70,54,0,0.00034,0.00034,3,5,0,0,0,0,0,0,0,0,0,0,1,0,1,0,0,0,0,0,0,0,0,,0,0,0,0,
END,Total:8
START,FrameNb:107,CameraNb:0,HeSaiNb:0,ARS410Nb:0
2026/08/02 21:39:32:368---->
heightOffset:0,1785677972368,480520,selfCaliBufCnt:0,selfAccObjCnt:0,selfAccAngle:0,installHAngleOffset:0,Interpolation:0,installVAngleOffset:0,radarOffsetH:0,radarOffsetV:0.32,Polynom:-0.001023;-0.0511;-2.047;0;0;0;-0.001023;-0.0511;-2.047;-25.5;0;0,WheelDirection:0;0;0;0,selfAngleOffset:0,selfAngleOffsetPit:0,currCaliAngleHrz:0,currCaliAnglePit:0,selfCaliAngleHrz:0,selfCaliAnglePit:0,servCaliAngleHrz:0,servCaliAnglePit:0,offlineCaliAngleHrz:0,offlineCaliAnglePit:0,determine2useFlag:0,IMU_Z_Accel:-21.592,IMU_X_AngularRate:-2.093,IMU_Y_AngularRate:-2.093,IMU_RollAngle:-180,IMU_PitchAngle:-180,IMU_YawAngle:-180,FcwID:0,FCWWarningLevel:0,FCWTTC:0
0,1.99,0,16.55,38,0,0,0,7.7,1.25452e-34,0,0,0,-6.5,0,0,0,0,-0.00229183,0,0,0,0,0,0,0,0,0,1,87,65,0,0.00034,0.00034,3,5,0,0,0,0,0,0,0,0,0,0,1,0,0,0,0,0,0,0,0,0,0,,0,0,0,0,
1,3.36,0,14.55,40,0,0,0,4.4,0,0,0,0,-5,0,0,0,0,-0.00229183,0,0,0,0,0,0,0,0,0,1,89,65,0,0.00034,0.00034,3,0,0,0,0,0,0,0,0,0,0,0,1,0,0,0,0,0,0,0,0,0,0,,0,0,0,0,
2,3.93,0.05,9.4,17,0,0,0,-0.95,0,0,0,0,-29,0,0,0,0,-0.00229183,0,0,0,0,0,0,0,0,0,1,65,65,0,0.00034,0.00034,3,5,0,0,0,0,0,0,0,0,0,0,1,0,0,0,0,0,0,0,0,0,0,,0,0,0,0,
3,5.37,0,0.85,22.5,0,0,0,-14.3,0,0,0,0,-27,0,0,0,0,-0.00229183,0,0,0,0,0,0,0,0,0,1,68,65,0,0.00034,0.00034,3,5,0,0,0,0,0,0,0,0,0,0,1,0,0,0,0,0,0,0,0,0,0,,0,0,0,0,
4,5.66,0,13.55,22,0,0,0,-3.35,0,0,0,0,-25.5,0,0,0,0,-0.00229183,0,0,0,0,0,0,0,0,0,1,67,65,0,0.00034,0.00034,3,5,0,0,0,0,0,0,0,0,0,0,1,0,0,0,0,0,0,0,0,0,0,,0,0,0,0,
5,6.21,0,13.9,24,0,0,0,0.9,0,0,0,0,-22,0,0,0,0,-0.00229183,0,0,0,0,0,0,0,0,0,1,70,65,0,0.00034,0.00034,3,5,0,0,0,0,0,0,0,0,0,0,1,0,0,0,0,0,0,0,0,0,0,,0,0,0,0,
END,Total:6
START,FrameNb:108,CameraNb:0,HeSaiNb:0,ARS410Nb:0
2026/08/02 21:39:32:415---->
heightOffset:0,1785677972415,480580,selfCaliBufCnt:0,selfAccObjCnt:0,selfAccAngle:0,installHAngleOffset:0,Interpolation:0,installVAngleOffset:0,radarOffsetH:0,radarOffsetV:0.32,Polynom:-0.001023;-0.0511;-2.047;0;0;0;-0.001023;-0.0511;-2.047;-25.5;0;0,WheelDirection:0;0;0;0,selfAngleOffset:0,selfAngleOffsetPit:0,currCaliAngleHrz:0,currCaliAnglePit:0,selfCaliAngleHrz:0,selfCaliAnglePit:0,servCaliAngleHrz:0,servCaliAnglePit:0,offlineCaliAngleHrz:0,offlineCaliAnglePit:0,determine2useFlag:0,IMU_Z_Accel:-21.592,IMU_X_AngularRate:-2.093,IMU_Y_AngularRate:-2.093,IMU_RollAngle:-180,IMU_PitchAngle:-180,IMU_YawAngle:-180,FcwID:0,FCWWarningLevel:0,FCWTTC:0
0,1.99,0,16.55,38,0,0,0,7.7,1.25452e-34,0,0,0,-6.5,0,0,0,0,-0.00229183,0,0,0,0,0,0,0,0,0,1,87,56,0,0.00034,0.00034,3,5,0,0,0,0,0,0,0,0,0,0,1,0,1,0,0,0,0,0,0,0,0,,0,0,0,0,
1,2.78,0,-7.3,29,0,0,0,-15,0,0,0,0,-18,0,0,0,0,-0.00229183,0,0,0,0,0,0,0,0,0,1,78,56,0,0.00034,0.00034,3,5,0,0,0,0,0,0,0,0,0,0,1,0,1,0,0,0,0,0,0,0,0,,0,0,0,0,
2,3.36,0,14.6,40,0,0,0,4.3,0,0,0,0,-5,0,0,0,0,-0.00229183,0,0,0,0,0,0,0,0,0,1,89,56,0,0.00034,0.00034,3,0,0,0,0,0,0,0,0,0,0,0,1,0,1,0,0,0,0,0,0,0,0,,0,0,0,0,
3,3.93,0.1,7.8,27,0,0,0,0.25,0,0,0,0,-20,0,0,0,0,-0.00229183,0,0,0,0,0,0,0,0,0,1,75,56,0,0.00034,0.00034,3,5,0,0,0,0,0,0,0,0,0,0,1,0,1,0,0,0,0,0,0,0,0,,0,0,0,0,
4,5.21,0,-44.7,22,0,0,0,3.95,0,0,0,0,-11,0,0,0,0,-0.00229183,0,0,0,0,0,0,0,0,0,1,67,56,0,0.00034,0.00034,2,-1,0,0,0,0,0,0,0,0,0,0,1,0,1,0,0,0,0,0,0,0,0,,0,0,0,0,
5,6.2,0,11.85,23.5,0,0,0,-0.05,0,0,0,0,-24,0,0,0,0,-0.00229183,0,0,0,0,0,0,0,0,0,1,69,56,0,0.00034,0.00034,3,5,0,0,0,0,0,0,0,0,0,0,1,0,1,0,0,0,0,0,0,0,0,,0,0,0,0,
END,Total:6
START,FrameNb:109,CameraNb:0,HeSaiNb:0,ARS410Nb:0
2026/08/02 21:39:32:473---->
heightOffset:0,1785677972473,480636,selfCaliBufCnt:0,selfAccObjCnt:0,selfAccAngle:0,installHAngleOffset:0,Interpolation:0,installVAngleOffset:0,radarOffsetH:0,radarOffsetV:0.32,Polynom:-0.001023;-0.0511;-2.047;0;0;0;-0.001023;-0.0511;-2.047;-25.5;0;0,WheelDirection:0;0;0;0,selfAngleOffset:0,selfAngleOffsetPit:0,currCaliAngleHrz:0,currCaliAnglePit:0,selfCaliAngleHrz:0,selfCaliAnglePit:0,servCaliAngleHrz:0,servCaliAnglePit:0,offlineCaliAngleHrz:0,offlineCaliAnglePit:0,determine2useFlag:0,IMU_Z_Accel:-21.592,IMU_X_AngularRate:-2.093,IMU_Y_AngularRate:-2.093,IMU_RollAngle:-180,IMU_PitchAngle:-180,IMU_YawAngle:-180,FcwID:0,FCWWarningLevel:0,FCWTTC:0
0,1.99,0,16.55,38.5,0,0,0,7.65,1.25452e-34,0,0,0,-6.5,0,0,0,0,-0.00229183,0,0,0,0,0,0,0,0,0,1,87,58,0,0.00034,0.00034,3,5,0,0,0,0,0,0,0,0,0,0,1,0,0,0,0,0,0,0,0,0,0,,0,0,0,0,
1,2.79,0,-7.2,29.5,0,0,0,-15,0,0,0,0,-18,0,0,0,0,-0.00229183,0,0,0,0,0,0,0,0,0,1,78,58,0,0.00034,0.00034,3,7,0,0,0,0,0,0,0,0,0,0,1,0,0,0,0,0,0,0,0,0,0,,0,0,0,0,
2,3.37,0,14.65,40,0,0,0,4.75,0,0,0,0,-5,0,0,0,0,-0.00229183,0,0,0,0,0,0,0,0,0,1,89,58,0,0.00034,0.00034,3,0,0,0,0,0,0,0,0,0,0,0,1,0,0,0,0,0,0,0,0,0,0,,0,0,0,0,
3,3.88,0.1,13.15,27.5,0,0,0,-0.1,0,0,0,0,-17.5,0,0,0,0,-0.00229183,0,0,0,0,0,0,0,0,0,1,76,58,0,0.00034,0.00034,3,5,0,0,0,0,0,0,0,0,0,0,1,0,0,0,0,0,0,0,0,0,0,,0,0,0,0,
4,5.21,0,-40.2,22,0,0,0,13.8,0,0,0,0,-15,0,0,0,0,-0.00229183,0,0,0,0,0,0,0,0,0,1,67,58,0,0.00034,0.00034,3,5,0,0,0,0,0,0,0,0,0,0,1,0,0,0,0,0,0,0,0,0,0,,0,0,0,0,
5,6.19,0,11.8,23,0,0,0,0.55,0,0,0,0,-24.5,0,0,0,0,-0.00229183,0,0,0,0,0,0,0,0,0,1,68,58,0,0.00034,0.00034,3,5,0,0,0,0,0,0,0,0,0,0,1,0,0,0,0,0,0,0,0,0,0,,0,0,0,0,
END,Total:6
START,FrameNb:110,CameraNb:0,HeSaiNb:0,ARS410Nb:0
2026/08/02 21:39:32:528---->
heightOffset:0,1785677972528,480692,selfCaliBufCnt:0,selfAccObjCnt:0,selfAccAngle:0,installHAngleOffset:0,Interpolation:0,installVAngleOffset:0,radarOffsetH:0,radarOffsetV:0.32,Polynom:-0.001023;-0.0511;-2.047;0;0;0;-0.001023;-0.0511;-2.047;-25.5;0;0,WheelDirection:0;0;0;0,selfAngleOffset:0,selfAngleOffsetPit:0,currCaliAngleHrz:0,currCaliAnglePit:0,selfCaliAngleHrz:0,selfCaliAnglePit:0,servCaliAngleHrz:0,servCaliAnglePit:0,offlineCaliAngleHrz:0,offlineCaliAnglePit:0,determine2useFlag:0,IMU_Z_Accel:-21.592,IMU_X_AngularRate:-2.093,IMU_Y_AngularRate:-2.093,IMU_RollAngle:-180,IMU_PitchAngle:-180,IMU_YawAngle:-180,FcwID:0,FCWWarningLevel:0,FCWTTC:0
0,1.99,0,16.55,38,0,0,0,7.65,1.25452e-34,0,0,0,-6.5,0,0,0,0,-0.00229183,0,0,0,0,0,0,0,0,0,1,87,54,0,0.00034,0.00034,3,5,0,0,0,0,0,0,0,0,0,0,1,0,1,0,0,0,0,0,0,0,0,,0,0,0,0,
1,3.36,0,14.55,40,0,0,0,4.3,0,0,0,0,-5,0,0,0,0,-0.00229183,0,0,0,0,0,0,0,0,0,1,89,54,0,0.00034,0.00034,3,0,0,0,0,0,0,0,0,0,0,0,1,0,1,0,0,0,0,0,0,0,0,,0,0,0,0,
2,3.9,0.1,11.8,28,0,0,0,0.25,0,0,0,0,-18,0,0,0,0,-0.00229183,0,0,0,0,0,0,0,0,0,1,77,54,0,0.00034,0.00034,3,5,0,0,0,0,0,0,0,0,0,0,1,0,1,0,0,0,0,0,0,0,0,,0,0,0,0,
3,5.21,0,11.9,22,0,0,0,-1.7,0,0,0,0,-27,0,0,0,0,-0.00229183,0,0,0,0,0,0,0,0,0,1,67,54,0,0.00034,0.00034,3,5,0,0,0,0,0,0,0,0,0,0,1,0,1,0,0,0,0,0,0,0,0,,0,0,0,0,
4,6.18,0,11.55,22.5,0,0,0,-2,0,0,0,0,-25,0,0,0,0,-0.00229183,0,0,0,0,0,0,0,0,0,1,68,54,0,0.00034,0.00034,3,5,0,0,0,0,0,0,0,0,0,0,1,0,1,0,0,0,0,0,0,0,0,,0,0,0,0,
END,Total:5
START,FrameNb:111,CameraNb:0,HeSaiNb:0,ARS410Nb:0
2026/08/02 21:39:32:628---->
heightOffset:0,1785677972628,480744,selfCaliBufCnt:0,selfAccObjCnt:0,selfAccAngle:0,installHAngleOffset:0,Interpolation:0,installVAngleOffset:0,radarOffsetH:0,radarOffsetV:0.32,Polynom:-0.001023;-0.0511;-2.047;0;0;0;-0.001023;-0.0511;-2.047;-25.5;0;0,WheelDirection:0;0;0;0,selfAngleOffset:0,selfAngleOffsetPit:0,currCaliAngleHrz:0,currCaliAnglePit:0,selfCaliAngleHrz:0,selfCaliAnglePit:0,servCaliAngleHrz:0,servCaliAnglePit:0,offlineCaliAngleHrz:0,offlineCaliAnglePit:0,determine2useFlag:0,IMU_Z_Accel:-21.592,IMU_X_AngularRate:-2.093,IMU_Y_AngularRate:-2.093,IMU_RollAngle:-180,IMU_PitchAngle:-180,IMU_YawAngle:-180,FcwID:0,FCWWarningLevel:0,FCWTTC:0
0,1.99,0,16.55,38,0,0,0,7.7,1.25452e-34,0,0,0,-6.5,0,0,0,0,-0.00229183,0,0,0,0,0,0,0,0,0,1,87,58,0,0.00034,0.00034,3,5,0,0,0,0,0,0,0,0,0,0,1,0,0,0,0,0,0,0,0,0,0,,0,0,0,0,
1,2.76,0,-6.8,29,0,0,0,-15,0,0,0,0,-18,0,0,0,0,-0.00229183,0,0,0,0,0,0,0,0,0,1,78,58,0,0.00034,0.00034,3,7,0,0,0,0,0,0,0,0,0,0,1,0,0,0,0,0,0,0,0,0,0,,0,0,0,0,
2,3.37,0,14.65,40,0,0,0,4.7,0,0,0,0,-5,0,0,0,0,-0.00229183,0,0,0,0,0,0,0,0,0,1,89,58,0,0.00034,0.00034,3,0,0,0,0,0,0,0,0,0,0,0,1,0,0,0,0,0,0,0,0,0,0,,0,0,0,0,
3,3.9,0.1,7.15,26.5,0,0,0,1.9,0,0,0,0,-21,0,0,0,0,-0.00229183,0,0,0,0,0,0,0,0,0,1,75,58,0,0.00034,0.00034,3,5,0,0,0,0,0,0,0,0,0,0,1,0,0,0,0,0,0,0,0,0,0,,0,0,0,0,
4,6.06,0,11.35,22.5,0,0,0,-1.75,0,0,0,0,-25,0,0,0,0,-0.00229183,0,0,0,0,0,0,0,0,0,1,68,58,0,0.00034,0.00034,3,5,0,0,0,0,0,0,0,0,0,0,1,0,0,0,0,0,0,0,0,0,0,,0,0,0,0,
END,Total:5
START,FrameNb:112,CameraNb:0,HeSaiNb:0,ARS410Nb:0
2026/08/02 21:39:32:681---->
heightOffset:0,1785677972681,480804,selfCaliBufCnt:0,selfAccObjCnt:0,selfAccAngle:0,installHAngleOffset:0,Interpolation:0,installVAngleOffset:0,radarOffsetH:0,radarOffsetV:0.32,Polynom:-0.001023;-0.0511;-2.047;0;0;0;-0.001023;-0.0511;-2.047;-25.5;0;0,WheelDirection:0;0;0;0,selfAngleOffset:0,selfAngleOffsetPit:0,currCaliAngleHrz:0,currCaliAnglePit:0,selfCaliAngleHrz:0,selfCaliAnglePit:0,servCaliAngleHrz:0,servCaliAnglePit:0,offlineCaliAngleHrz:0,offlineCaliAnglePit:0,determine2useFlag:0,IMU_Z_Accel:-21.592,IMU_X_AngularRate:-2.093,IMU_Y_AngularRate:-2.093,IMU_RollAngle:-180,IMU_PitchAngle:-180,IMU_YawAngle:-180,FcwID:0,FCWWarningLevel:0,FCWTTC:0
0,1.99,0,16.55,38,0,0,0,7.65,1.25452e-34,0,0,0,-6.5,0,0,0,0,-0.00229183,0,0,0,0,0,0,0,0,0,1,87,53,0,0.00034,0.00034,3,5,0,0,0,0,0,0,0,0,0,0,1,0,1,0,0,0,0,0,0,0,0,,0,0,0,0,
1,3.35,0,14.55,40,0,0,0,4.4,0,0,0,0,-5,0,0,0,0,-0.00229183,0,0,0,0,0,0,0,0,0,1,89,53,0,0.00034,0.00034,3,0,0,0,0,0,0,0,0,0,0,0,1,0,1,0,0,0,0,0,0,0,0,,0,0,0,0,
2,3.93,0.1,8.3,24,0,0,0,-0.6,0,0,0,0,-23,0,0,0,0,-0.00229183,0,0,0,0,0,0,0,0,0,1,72,53,0,0.00034,0.00034,3,5,0,0,0,0,0,0,0,0,0,0,1,0,1,0,0,0,0,0,0,0,0,,0,0,0,0,
3,5.21,0,12.1,22,0,0,0,-1.8,0,0,0,0,-25.5,0,0,0,0,-0.00229183,0,0,0,0,0,0,0,0,0,1,67,53,0,0.00034,0.00034,3,5,0,0,0,0,0,0,0,0,0,0,1,0,1,0,0,0,0,0,0,0,0,,0,0,0,0,
4,6.06,0,11.65,21.5,0,0,0,-1.05,0,0,0,0,-26,0,0,0,0,-0.00229183,0,0,0,0,0,0,0,0,0,1,67,53,0,0.00034,0.00034,3,5,0,0,0,0,0,0,0,0,0,0,1,0,1,0,0,0,0,0,0,0,0,,0,0,0,0,
END,Total:5
START,FrameNb:113,CameraNb:0,HeSaiNb:0,ARS410Nb:0
2026/08/02 21:39:32:724---->
heightOffset:0,1785677972724,480860,selfCaliBufCnt:0,selfAccObjCnt:0,selfAccAngle:0,installHAngleOffset:0,Interpolation:0,installVAngleOffset:0,radarOffsetH:0,radarOffsetV:0.32,Polynom:-0.001023;-0.0511;-2.047;0;0;0;-0.001023;-0.0511;-2.047;-25.5;0;0,WheelDirection:0;0;0;0,selfAngleOffset:0,selfAngleOffsetPit:0,currCaliAngleHrz:0,currCaliAnglePit:0,selfCaliAngleHrz:0,selfCaliAnglePit:0,servCaliAngleHrz:0,servCaliAnglePit:0,offlineCaliAngleHrz:0,offlineCaliAnglePit:0,determine2useFlag:0,IMU_Z_Accel:-21.592,IMU_X_AngularRate:-2.093,IMU_Y_AngularRate:-2.093,IMU_RollAngle:-180,IMU_PitchAngle:-180,IMU_YawAngle:-180,FcwID:0,FCWWarningLevel:0,FCWTTC:0
0,1.99,0,16.55,38,0,0,0,7.55,1.25452e-34,0,0,0,-6.5,0,0,0,0,-0.00229183,0,0,0,0,0,0,0,0,0,1,87,58,0,0.00034,0.00034,3,5,0,0,0,0,0,0,0,0,0,0,1,0,0,0,0,0,0,0,0,0,0,,0,0,0,0,
1,2.76,0,16.6,29,0,0,0,15,0,0,0,0,-15,0,0,0,0,-0.00229183,0,0,0,0,0,0,0,0,0,1,78,58,0,0.00034,0.00034,3,5,0,0,0,0,0,0,0,0,0,0,1,0,0,0,0,0,0,0,0,0,0,,0,0,0,0,
2,3.36,0,14.55,40,0,0,0,4.45,0,0,0,0,-5,0,0,0,0,-0.00229183,0,0,0,0,0,0,0,0,0,1,89,58,0,0.00034,0.00034,3,0,0,0,0,0,0,0,0,0,0,0,1,0,0,0,0,0,0,0,0,0,0,,0,0,0,0,
3,3.93,0.05,12.4,28.5,0,0,0,-0.8,0,0,0,0,-17,0,0,0,0,-0.00229183,0,0,0,0,0,0,0,0,0,1,77,58,0,0.00034,0.00034,3,5,0,0,0,0,0,0,0,0,0,0,1,0,0,0,0,0,0,0,0,0,0,,0,0,0,0,
4,5.22,0,-45,21.5,0,0,0,4.4,0,0,0,0,-10,0,0,0,0,-0.00229183,0,0,0,0,0,0,0,0,0,1,67,58,0,0.00034,0.00034,2,-1,0,0,0,0,0,0,0,0,0,0,1,0,0,0,0,0,0,0,0,0,0,,0,0,0,0,
5,6.03,0,11.8,21.5,0,0,0,-1.95,0,0,0,0,-25.5,0,0,0,0,-0.00229183,0,0,0,0,0,0,0,0,0,1,67,58,0,0.00034,0.00034,3,5,0,0,0,0,0,0,0,0,0,0,1,0,0,0,0,0,0,0,0,0,0,,0,0,0,0,
END,Total:6
START,FrameNb:114,CameraNb:0,HeSaiNb:0,ARS410Nb:0
2026/08/02 21:39:32:777---->
heightOffset:0,1785677972777,480920,selfCaliBufCnt:0,selfAccObjCnt:0,selfAccAngle:0,installHAngleOffset:0,Interpolation:0,installVAngleOffset:0,radarOffsetH:0,radarOffsetV:0.32,Polynom:-0.001023;-0.0511;-2.047;0;0;0;-0.001023;-0.0511;-2.047;-25.5;0;0,WheelDirection:0;0;0;0,selfAngleOffset:0,selfAngleOffsetPit:0,currCaliAngleHrz:0,currCaliAnglePit:0,selfCaliAngleHrz:0,selfCaliAnglePit:0,servCaliAngleHrz:0,servCaliAnglePit:0,offlineCaliAngleHrz:0,offlineCaliAnglePit:0,determine2useFlag:0,IMU_Z_Accel:-21.592,IMU_X_AngularRate:-2.093,IMU_Y_AngularRate:-2.093,IMU_RollAngle:-180,IMU_PitchAngle:-180,IMU_YawAngle:-180,FcwID:0,FCWWarningLevel:0,FCWTTC:0
0,1.98,0,16.55,38,0,0,0,7.7,1.25452e-34,0,0,0,-6.5,0,0,0,0,-0.00229183,0,0,0,0,0,0,0,0,0,1,87,58,0,0.00034,0.00034,3,5,0,0,0,0,0,0,0,0,0,0,1,0,1,0,0,0,0,0,0,0,0,,0,0,0,0,
1,3.36,0,14.55,40.5,0,0,0,4.55,0,0,0,0,-5,0,0,0,0,-0.00229183,0,0,0,0,0,0,0,0,0,1,89,58,0,0.00034,0.00034,3,0,0,0,0,0,0,0,0,0,0,0,1,0,1,0,0,0,0,0,0,0,0,,0,0,0,0,
2,3.93,0.05,12.05,26,0,0,0,-0.6,0,0,0,0,-19.5,0,0,0,0,-0.00229183,0,0,0,0,0,0,0,0,0,1,74,58,0,0.00034,0.00034,3,5,0,0,0,0,0,0,0,0,0,0,1,0,1,0,0,0,0,0,0,0,0,,0,0,0,0,
3,6.04,0,12.15,21.5,0,0,0,-2.35,0,0,0,0,-25.5,0,0,0,0,-0.00229183,0,0,0,0,0,0,0,0,0,1,67,58,0,0.00034,0.00034,3,5,0,0,0,0,0,0,0,0,0,0,1,0,1,0,0,0,0,0,0,0,0,,0,0,0,0,
END,Total:4
START,FrameNb:115,CameraNb:0,HeSaiNb:0,ARS410Nb:0
2026/08/02 21:39:32:819---->
heightOffset:0,1785677972819,480976,selfCaliBufCnt:0,selfAccObjCnt:0,selfAccAngle:0,installHAngleOffset:0,Interpolation:0,installVAngleOffset:0,radarOffsetH:0,radarOffsetV:0.32,Polynom:-0.001023;-0.0511;-2.047;0;0;0;-0.001023;-0.0511;-2.047;-25.5;0;0,WheelDirection:0;0;0;0,selfAngleOffset:0,selfAngleOffsetPit:0,currCaliAngleHrz:0,currCaliAnglePit:0,selfCaliAngleHrz:0,selfCaliAnglePit:0,servCaliAngleHrz:0,servCaliAnglePit:0,offlineCaliAngleHrz:0,offlineCaliAnglePit:0,determine2useFlag:0,IMU_Z_Accel:-21.592,IMU_X_AngularRate:-2.093,IMU_Y_AngularRate:-2.093,IMU_RollAngle:-180,IMU_PitchAngle:-180,IMU_YawAngle:-180,FcwID:0,FCWWarningLevel:0,FCWTTC:0
0,1.98,0,16.55,38,0,0,0,7.65,1.25452e-34,0,0,0,-6.5,0,0,0,0,-0.00229183,0,0,0,0,0,0,0,0,0,1,87,60,0,0.00034,0.00034,3,5,0,0,0,0,0,0,0,0,0,0,1,0,0,0,0,0,0,0,0,0,0,,0,0,0,0,
1,2.73,0,16.7,29,0,0,0,15,0,0,0,0,-14.5,0,0,0,0,-0.00229183,0,0,0,0,0,0,0,0,0,1,79,60,0,0.00034,0.00034,3,5,0,0,0,0,0,0,0,0,0,0,1,0,0,0,0,0,0,0,0,0,0,,0,0,0,0,
2,3.37,0,14.7,40,0,0,0,4.75,0,0,0,0,-5,0,0,0,0,-0.00229183,0,0,0,0,0,0,0,0,0,1,89,60,0,0.00034,0.00034,3,0,0,0,0,0,0,0,0,0,0,0,1,0,0,0,0,0,0,0,0,0,0,,0,0,0,0,
3,3.94,0.05,13.9,23.5,0,0,0,-0.55,0,0,0,0,-22,0,0,0,0,-0.00229183,0,0,0,0,0,0,0,0,0,1,72,60,0,0.00034,0.00034,3,5,0,0,0,0,0,0,0,0,0,0,1,0,0,0,0,0,0,0,0,0,0,,0,0,0,0,
4,5.21,0,1,22,0,0,0,-15,0,0,0,0,-28,0,0,0,0,-0.00229183,0,0,0,0,0,0,0,0,0,1,67,60,0,0.00034,0.00034,3,5,0,0,0,0,0,0,0,0,0,0,1,0,0,0,0,0,0,0,0,0,0,,0,0,0,0,
5,6.05,0,12.2,22,0,0,0,-2.1,0,0,0,0,-24.5,0,0,0,0,-0.00229183,0,0,0,0,0,0,0,0,0,1,67,60,0,0.00034,0.00034,3,5,0,0,0,0,0,0,0,0,0,0,1,0,0,0,0,0,0,0,0,0,0,,0,0,0,0,
END,Total:6
START,FrameNb:116,CameraNb:0,HeSaiNb:0,ARS410Nb:0
2026/08/02 21:39:32:868---->
heightOffset:0,1785677972868,481032,selfCaliBufCnt:0,selfAccObjCnt:0,selfAccAngle:0,installHAngleOffset:0,Interpolation:0,installVAngleOffset:0,radarOffsetH:0,radarOffsetV:0.32,Polynom:-0.001023;-0.0511;-2.047;0;0;0;-0.001023;-0.0511;-2.047;-25.5;0;0,WheelDirection:0;0;0;0,selfAngleOffset:0,selfAngleOffsetPit:0,currCaliAngleHrz:0,currCaliAnglePit:0,selfCaliAngleHrz:0,selfCaliAnglePit:0,servCaliAngleHrz:0,servCaliAnglePit:0,offlineCaliAngleHrz:0,offlineCaliAnglePit:0,determine2useFlag:0,IMU_Z_Accel:-21.592,IMU_X_AngularRate:-2.093,IMU_Y_AngularRate:-2.093,IMU_RollAngle:-180,IMU_PitchAngle:-180,IMU_YawAngle:-180,FcwID:0,FCWWarningLevel:0,FCWTTC:0
0,1.98,0,16.55,38,0,0,0,7.7,1.25452e-34,0,0,0,-6.5,0,0,0,0,-0.00229183,0,0,0,0,0,0,0,0,0,1,87,55,0,0.00034,0.00034,3,5,0,0,0,0,0,0,0,0,0,0,1,0,1,0,0,0,0,0,0,0,0,,0,0,0,0,
1,3.36,0,14.55,40.5,0,0,0,4.45,0,0,0,0,-5,0,0,0,0,-0.00229183,0,0,0,0,0,0,0,0,0,1,89,55,0,0.00034,0.00034,3,0,0,0,0,0,0,0,0,0,0,0,1,0,1,0,0,0,0,0,0,0,0,,0,0,0,0,
2,3.93,0.05,9.3,24.5,0,0,0,1.15,0,0,0,0,-22,0,0,0,0,-0.00229183,0,0,0,0,0,0,0,0,0,1,73,55,0,0.00034,0.00034,3,5,0,0,0,0,0,0,0,0,0,0,1,0,1,0,0,0,0,0,0,0,0,,0,0,0,0,
3,4,0.1,19.2,18.5,0,0,0,-2.85,0,0,0,0,-23.5,0,0,0,0,-0.00229183,0,0,0,0,0,0,0,0,0,1,67,55,0,0.00034,0.00034,3,5,0,0,0,0,0,0,0,0,0,0,1,0,1,0,0,0,0,0,0,0,0,,0,0,0,0,
4,3.99,0.05,8.55,26,0,0,0,0.65,0,0,0,0,-21.5,0,0,0,0,-0.00229183,0,0,0,0,0,0,0,0,0,1,74,55,0,0.00034,0.00034,3,5,0,0,0,0,0,0,0,0,0,0,1,0,1,0,0,0,0,0,0,0,0,,0,0,0,0,
5,5.21,0,11.7,21,0,0,0,-3.05,0,0,0,0,-27.5,0,0,0,0,-0.00229183,0,0,0,0,0,0,0,0,0,1,66,55,0,0.00034,0.00034,3,5,0,0,0,0,0,0,0,0,0,0,1,0,1,0,0,0,0,0,0,0,0,,0,0,0,0,
6,6.06,0,12.1,21.5,0,0,0,-1.85,0,0,0,0,-25,0,0,0,0,-0.00229183,0,0,0,0,0,0,0,0,0,1,67,55,0,0.00034,0.00034,3,5,0,0,0,0,0,0,0,0,0,0,1,0,1,0,0,0,0,0,0,0,0,,0,0,0,0,
END,Total:7
START,FrameNb:117,CameraNb:0,HeSaiNb:0,ARS410Nb:0
2026/08/02 21:39:32:914---->
heightOffset:0,1785677972914,481088,selfCaliBufCnt:0,selfAccObjCnt:0,selfAccAngle:0,installHAngleOffset:0,Interpolation:0,installVAngleOffset:0,radarOffsetH:0,radarOffsetV:0.32,Polynom:-0.001023;-0.0511;-2.047;0;0;0;-0.001023;-0.0511;-2.047;-25.5;0;0,WheelDirection:0;0;0;0,selfAngleOffset:0,selfAngleOffsetPit:0,currCaliAngleHrz:0,currCaliAnglePit:0,selfCaliAngleHrz:0,selfCaliAnglePit:0,servCaliAngleHrz:0,servCaliAnglePit:0,offlineCaliAngleHrz:0,offlineCaliAnglePit:0,determine2useFlag:0,IMU_Z_Accel:-21.592,IMU_X_AngularRate:-2.093,IMU_Y_AngularRate:-2.093,IMU_RollAngle:-180,IMU_PitchAngle:-180,IMU_YawAngle:-180,FcwID:0,FCWWarningLevel:0,FCWTTC:0
0,1.98,0,16.55,38,0,0,0,7.65,1.25452e-34,0,0,0,-6.5,0,0,0,0,-0.00229183,0,0,0,0,0,0,0,0,0,1,87,57,0,0.00034,0.00034,3,5,0,0,0,0,0,0,0,0,0,0,1,0,0,0,0,0,0,0,0,0,0,,0,0,0,0,
1,2.75,0,16.8,29.5,0,0,0,15,0,0,0,0,-14.5,0,0,0,0,-0.00229183,0,0,0,0,0,0,0,0,0,1,79,57,0,0.00034,0.00034,3,5,0,0,0,0,0,0,0,0,0,0,1,0,0,0,0,0,0,0,0,0,0,,0,0,0,0,
2,3.37,0,14.6,40.5,0,0,0,4.75,0,0,0,0,-5,0,0,0,0,-0.00229183,0,0,0,0,0,0,0,0,0,1,89,57,0,0.00034,0.00034,3,0,0,0,0,0,0,0,0,0,0,0,1,0,0,0,0,0,0,0,0,0,0,,0,0,0,0,
3,4.06,0.05,19.3,22.5,0,0,0,-3.1,0,0,0,0,-20,0,0,0,0,-0.00229183,0,0,0,0,0,0,0,0,0,1,70,57,0,0.00034,0.00034,3,0,0,0,0,0,0,0,0,0,0,0,1,0,0,0,0,0,0,0,0,0,0,,0,0,0,0,
4,5.21,0,-63,21.5,0,0,0,3.25,0,0,0,0,0.5,0,0,0,0,-0.00229183,0,0,0,0,0,0,0,0,0,1,66,57,0,0.00034,0.00034,2,-1,0,0,0,0,0,0,0,0,0,0,1,0,0,0,0,0,0,0,0,0,0,,0,0,0,0,
END,Total:5
START,FrameNb:118,CameraNb:0,HeSaiNb:0,ARS410Nb:0
2026/08/02 21:39:33:026---->
heightOffset:0,1785677973026,481144,selfCaliBufCnt:0,selfAccObjCnt:0,selfAccAngle:0,installHAngleOffset:0,Interpolation:0,installVAngleOffset:0,radarOffsetH:0,radarOffsetV:0.32,Polynom:-0.001023;-0.0511;-2.047;0;0;0;-0.001023;-0.0511;-2.047;-25.5;0;0,WheelDirection:0;0;0;0,selfAngleOffset:0,selfAngleOffsetPit:0,currCaliAngleHrz:0,currCaliAnglePit:0,selfCaliAngleHrz:0,selfCaliAnglePit:0,servCaliAngleHrz:0,servCaliAnglePit:0,offlineCaliAngleHrz:0,offlineCaliAnglePit:0,determine2useFlag:0,IMU_Z_Accel:-21.592,IMU_X_AngularRate:-2.093,IMU_Y_AngularRate:-2.093,IMU_RollAngle:-180,IMU_PitchAngle:-180,IMU_YawAngle:-180,FcwID:0,FCWWarningLevel:0,FCWTTC:0
0,1.98,0,16.55,38,0,0,0,7.7,1.25452e-34,0,0,0,-7,0,0,0,0,-0.00229183,0,0,0,0,0,0,0,0,0,1,87,54,0,0.00034,0.00034,3,5,0,0,0,0,0,0,0,0,0,0,1,0,1,0,0,0,0,0,0,0,0,,0,0,0,0,
1,2.73,0,16.65,29.5,0,0,0,-14.25,0,0,0,0,-14.5,0,0,0,0,-0.00229183,0,0,0,0,0,0,0,0,0,1,79,54,0,0.00034,0.00034,3,5,0,0,0,0,0,0,0,0,0,0,1,0,1,0,0,0,0,0,0,0,0,,0,0,0,0,
2,3.37,0,14.6,40,0,0,0,4.55,0,0,0,0,-5,0,0,0,0,-0.00229183,0,0,0,0,0,0,0,0,0,1,89,54,0,0.00034,0.00034,3,0,0,0,0,0,0,0,0,0,0,0,1,0,1,0,0,0,0,0,0,0,0,,0,0,0,0,
3,3.93,0.05,6.3,25,0,0,0,8.2,0,0,0,0,-22,0,0,0,0,-0.00229183,0,0,0,0,0,0,0,0,0,1,73,54,0,0.00034,0.00034,3,5,0,0,0,0,0,0,0,0,0,0,1,0,1,0,0,0,0,0,0,0,0,,0,0,0,0,
4,3.98,0.05,18.95,25,0,0,0,-4.6,0,0,0,0,-18.5,0,0,0,0,-0.00229183,0,0,0,0,0,0,0,0,0,1,73,54,0,0.00034,0.00034,3,5,0,0,0,0,0,0,0,0,0,0,1,0,1,0,0,0,0,0,0,0,0,,0,0,0,0,
5,5.21,0,11.65,20.5,0,0,0,-3,0,0,0,0,-28.5,0,0,0,0,-0.00229183,0,0,0,0,0,0,0,0,0,1,66,54,0,0.00034,0.00034,3,5,0,0,0,0,0,0,0,0,0,0,1,0,1,0,0,0,0,0,0,0,0,,0,0,0,0,
6,6.1,0,11.7,21.5,0,0,0,-1.85,0,0,0,0,-26,0,0,0,0,-0.00229183,0,0,0,0,0,0,0,0,0,1,67,54,0,0.00034,0.00034,3,5,0,0,0,0,0,0,0,0,0,0,1,0,1,0,0,0,0,0,0,0,0,,0,0,0,0,
END,Total:7
START,FrameNb:119,CameraNb:0,HeSaiNb:0,ARS410Nb:0
2026/08/02 21:39:33:072---->
heightOffset:0,1785677973072,481200,selfCaliBufCnt:0,selfAccObjCnt:0,selfAccAngle:0,installHAngleOffset:0,Interpolation:0,installVAngleOffset:0,radarOffsetH:0,radarOffsetV:0.32,Polynom:-0.001023;-0.0511;-2.047;0;0;0;-0.001023;-0.0511;-2.047;-25.5;0;0,WheelDirection:0;0;0;0,selfAngleOffset:0,selfAngleOffsetPit:0,currCaliAngleHrz:0,currCaliAnglePit:0,selfCaliAngleHrz:0,selfCaliAnglePit:0,servCaliAngleHrz:0,servCaliAnglePit:0,offlineCaliAngleHrz:0,offlineCaliAnglePit:0,determine2useFlag:0,IMU_Z_Accel:-21.592,IMU_X_AngularRate:-2.093,IMU_Y_AngularRate:-2.093,IMU_RollAngle:-180,IMU_PitchAngle:-180,IMU_YawAngle:-180,FcwID:0,FCWWarningLevel:0,FCWTTC:0
0,1.98,0,16.55,38.5,0,0,0,7.65,1.25452e-34,0,0,0,-6.5,0,0,0,0,-0.00229183,0,0,0,0,0,0,0,0,0,1,87,57,0,0.00034,0.00034,3,5,0,0,0,0,0,0,0,0,0,0,1,0,0,0,0,0,0,0,0,0,0,,0,0,0,0,
1,2.73,0,16.7,29,0,0,0,-14.3,0,0,0,0,-15,0,0,0,0,-0.00229183,0,0,0,0,0,0,0,0,0,1,78,57,0,0.00034,0.00034,3,5,0,0,0,0,0,0,0,0,0,0,1,0,0,0,0,0,0,0,0,0,0,,0,0,0,0,
2,3.37,0,14.7,40,0,0,0,4.7,0,0,0,0,-5.5,0,0,0,0,-0.00229183,0,0,0,0,0,0,0,0,0,1,89,57,0,0.00034,0.00034,3,0,0,0,0,0,0,0,0,0,0,0,1,0,0,0,0,0,0,0,0,0,0,,0,0,0,0,
3,3.87,0,13.55,27,0,0,0,-3.1,0,0,0,0,-18.5,0,0,0,0,-0.00229183,0,0,0,0,0,0,0,0,0,1,75,57,0,0.00034,0.00034,3,0,0,0,0,0,0,0,0,0,0,0,1,0,0,0,0,0,0,0,0,0,0,,0,0,0,0,
4,5.21,0,11.8,22,0,0,0,-2.7,0,0,0,0,-27,0,0,0,0,-0.00229183,0,0,0,0,0,0,0,0,0,1,67,57,0,0.00034,0.00034,3,5,0,0,0,0,0,0,0,0,0,0,1,0,0,0,0,0,0,0,0,0,0,,0,0,0,0,
5,6.06,0,11.65,22.5,0,0,0,-1.7,0,0,0,0,-25.5,0,0,0,0,-0.00229183,0,0,0,0,0,0,0,0,0,1,67,57,0,0.00034,0.00034,3,5,0,0,0,0,0,0,0,0,0,0,1,0,0,0,0,0,0,0,0,0,0,,0,0,0,0,
END,Total:6
START,FrameNb:120,CameraNb:0,HeSaiNb:0,ARS410Nb:0
2026/08/02 21:39:33:121---->
heightOffset:0,1785677973121,481256,selfCaliBufCnt:0,selfAccObjCnt:0,selfAccAngle:0,installHAngleOffset:0,Interpolation:0,installVAngleOffset:0,radarOffsetH:0,radarOffsetV:0.32,Polynom:-0.001023;-0.0511;-2.047;0;0;0;-0.001023;-0.0511;-2.047;-25.5;0;0,WheelDirection:0;0;0;0,selfAngleOffset:0,selfAngleOffsetPit:0,currCaliAngleHrz:0,currCaliAnglePit:0,selfCaliAngleHrz:0,selfCaliAnglePit:0,servCaliAngleHrz:0,servCaliAnglePit:0,offlineCaliAngleHrz:0,offlineCaliAnglePit:0,determine2useFlag:0,IMU_Z_Accel:-21.592,IMU_X_AngularRate:-2.093,IMU_Y_AngularRate:-2.093,IMU_RollAngle:-180,IMU_PitchAngle:-180,IMU_YawAngle:-180,FcwID:0,FCWWarningLevel:0,FCWTTC:0
0,1.99,0,16.55,38,0,0,0,7.55,1.25452e-34,0,0,0,-6.5,0,0,0,0,-0.00229183,0,0,0,0,0,0,0,0,0,1,87,53,0,0.00034,0.00034,3,5,0,0,0,0,0,0,0,0,0,0,1,0,1,0,0,0,0,0,0,0,0,,0,0,0,0,
1,2.79,0,-7.3,29.5,0,0,0,-15,0,0,0,0,-17.5,0,0,0,0,-0.00229183,0,0,0,0,0,0,0,0,0,1,79,53,0,0.00034,0.00034,3,5,0,0,0,0,0,0,0,0,0,0,1,0,1,0,0,0,0,0,0,0,0,,0,0,0,0,
2,3.36,0,14.55,40,0,0,0,4.7,0,0,0,0,-5,0,0,0,0,-0.00229183,0,0,0,0,0,0,0,0,0,1,89,53,0,0.00034,0.00034,3,0,0,0,0,0,0,0,0,0,0,0,1,0,1,0,0,0,0,0,0,0,0,,0,0,0,0,
3,3.99,0,18.65,26.5,0,0,0,-3.2,0,0,0,0,-17,0,0,0,0,-0.00229183,0,0,0,0,0,0,0,0,0,1,75,53,0,0.00034,0.00034,3,5,0,0,0,0,0,0,0,0,0,0,1,0,1,0,0,0,0,0,0,0,0,,0,0,0,0,
4,5.21,0,-62.85,22.5,0,0,0,-6.25,0,0,0,0,1.5,0,0,0,0,-0.00229183,0,0,0,0,0,0,0,0,0,1,67,53,0,0.00034,0.00034,2,-1,0,0,0,0,0,0,0,0,0,0,1,0,1,0,0,0,0,0,0,0,0,,0,0,0,0,
5,6.07,0,11.8,22.5,0,0,0,-1.55,0,0,0,0,-25.5,0,0,0,0,-0.00229183,0,0,0,0,0,0,0,0,0,1,68,53,0,0.00034,0.00034,3,5,0,0,0,0,0,0,0,0,0,0,1,0,1,0,0,0,0,0,0,0,0,,0,0,0,0,
END,Total:6
START,FrameNb:121,CameraNb:0,HeSaiNb:0,ARS410Nb:0
2026/08/02 21:39:33:165---->
heightOffset:0,1785677973165,481312,selfCaliBufCnt:0,selfAccObjCnt:0,selfAccAngle:0,installHAngleOffset:0,Interpolation:0,installVAngleOffset:0,radarOffsetH:0,radarOffsetV:0.32,Polynom:-0.001023;-0.0511;-2.047;0;0;0;-0.001023;-0.0511;-2.047;-25.5;0;0,WheelDirection:0;0;0;0,selfAngleOffset:0,selfAngleOffsetPit:0,currCaliAngleHrz:0,currCaliAnglePit:0,selfCaliAngleHrz:0,selfCaliAnglePit:0,servCaliAngleHrz:0,servCaliAnglePit:0,offlineCaliAngleHrz:0,offlineCaliAnglePit:0,determine2useFlag:0,IMU_Z_Accel:-21.592,IMU_X_AngularRate:-2.093,IMU_Y_AngularRate:-2.093,IMU_RollAngle:-180,IMU_PitchAngle:-180,IMU_YawAngle:-180,FcwID:0,FCWWarningLevel:0,FCWTTC:0
0,1.98,0,16.55,38.5,0,0,0,7.65,1.25452e-34,0,0,0,-6.5,0,0,0,0,-0.00229183,0,0,0,0,0,0,0,0,0,1,87,61,0,0.00034,0.00034,3,5,0,0,0,0,0,0,0,0,0,0,1,0,0,0,0,0,0,0,0,0,0,,0,0,0,0,
1,2.75,0,-8.85,29,0,0,0,-13.6,0,0,0,0,-18,0,0,0,0,-0.00229183,0,0,0,0,0,0,0,0,0,1,78,61,0,0.00034,0.00034,3,5,0,0,0,0,0,0,0,0,0,0,1,0,0,0,0,0,0,0,0,0,0,,0,0,0,0,
2,3.37,0,14.65,40.5,0,0,0,4.3,0,0,0,0,-5,0,0,0,0,-0.00229183,0,0,0,0,0,0,0,0,0,1,89,61,0,0.00034,0.00034,3,0,0,0,0,0,0,0,0,0,0,0,1,0,0,0,0,0,0,0,0,0,0,,0,0,0,0,
3,3.99,-0.05,-39.5,25.5,0,0,0,7,0,0,0,0,-9,0,0,0,0,-0.00229183,0,0,0,0,0,0,0,0,0,1,73,61,0,0.00034,0.00034,2,-1,0,0,0,0,0,0,0,0,0,0,1,0,0,0,0,0,0,0,0,0,0,,0,0,0,0,
4,5.21,0,-63.1,23.5,0,0,0,3.55,0,0,0,0,3,0,0,0,0,-0.00229183,0,0,0,0,0,0,0,0,0,1,69,61,0,0.00034,0.00034,3,5,0,0,0,0,0,0,0,0,0,0,1,0,0,0,0,0,0,0,0,0,0,,0,0,0,0,
5,6.09,0,12.05,23,0,0,0,-1.3,0,0,0,0,-23.5,0,0,0,0,-0.00229183,0,0,0,0,0,0,0,0,0,1,68,61,0,0.00034,0.00034,3,5,0,0,0,0,0,0,0,0,0,0,1,0,0,0,0,0,0,0,0,0,0,,0,0,0,0,
END,Total:6
START,FrameNb:122,CameraNb:0,HeSaiNb:0,ARS410Nb:0
2026/08/02 21:39:33:216---->
heightOffset:0,1785677973216,481376,selfCaliBufCnt:0,selfAccObjCnt:0,selfAccAngle:0,installHAngleOffset:0,Interpolation:0,installVAngleOffset:0,radarOffsetH:0,radarOffsetV:0.32,Polynom:-0.001023;-0.0511;-2.047;0;0;0;-0.001023;-0.0511;-2.047;-25.5;0;0,WheelDirection:0;0;0;0,selfAngleOffset:0,selfAngleOffsetPit:0,currCaliAngleHrz:0,currCaliAnglePit:0,selfCaliAngleHrz:0,selfCaliAnglePit:0,servCaliAngleHrz:0,servCaliAnglePit:0,offlineCaliAngleHrz:0,offlineCaliAnglePit:0,determine2useFlag:0,IMU_Z_Accel:-21.592,IMU_X_AngularRate:-2.093,IMU_Y_AngularRate:-2.093,IMU_RollAngle:-180,IMU_PitchAngle:-180,IMU_YawAngle:-180,FcwID:0,FCWWarningLevel:0,FCWTTC:0
0,1.98,0,16.55,38,0,0,0,7.55,1.25452e-34,0,0,0,-6.5,0,0,0,0,-0.00229183,0,0,0,0,0,0,0,0,0,1,87,59,0,0.00034,0.00034,3,5,0,0,0,0,0,0,0,0,0,0,1,0,1,0,0,0,0,0,0,0,0,,0,0,0,0,
1,3.37,0,14.65,40,0,0,0,4.4,0,0,0,0,-5,0,0,0,0,-0.00229183,0,0,0,0,0,0,0,0,0,1,89,59,0,0.00034,0.00034,3,0,0,0,0,0,0,0,0,0,0,0,1,0,1,0,0,0,0,0,0,0,0,,0,0,0,0,
2,3.88,0,7.05,25,0,0,0,15,0,0,0,0,-22.5,0,0,0,0,-0.00229183,0,0,0,0,0,0,0,0,0,1,73,59,0,0.00034,0.00034,3,5,0,0,0,0,0,0,0,0,0,0,1,0,1,0,0,0,0,0,0,0,0,,0,0,0,0,
3,4.04,-0.05,19.3,18,0,0,0,-3.35,0,0,0,0,-24.5,0,0,0,0,-0.00229183,0,0,0,0,0,0,0,0,0,1,66,59,0,0.00034,0.00034,3,5,0,0,0,0,0,0,0,0,0,0,1,0,1,0,0,0,0,0,0,0,0,,0,0,0,0,
4,5.22,0,-45.2,23,0,0,0,4,0,0,0,0,-9,0,0,0,0,-0.00229183,0,0,0,0,0,0,0,0,0,1,68,59,0,0.00034,0.00034,3,5,0,0,0,0,0,0,0,0,0,0,1,0,1,0,0,0,0,0,0,0,0,,0,0,0,0,
5,6.19,0,12.1,23.5,0,0,0,0.2,0,0,0,0,-23,0,0,0,0,-0.00229183,0,0,0,0,0,0,0,0,0,1,69,59,0,0.00034,0.00034,3,5,0,0,0,0,0,0,0,0,0,0,1,0,1,0,0,0,0,0,0,0,0,,0,0,0,0,
END,Total:6
START,FrameNb:123,CameraNb:0,HeSaiNb:0,ARS410Nb:0
2026/08/02 21:39:33:273---->
heightOffset:0,1785677973273,481428,selfCaliBufCnt:0,selfAccObjCnt:0,selfAccAngle:0,installHAngleOffset:0,Interpolation:0,installVAngleOffset:0,radarOffsetH:0,radarOffsetV:0.32,Polynom:-0.001023;-0.0511;-2.047;0;0;0;-0.001023;-0.0511;-2.047;-25.5;0;0,WheelDirection:0;0;0;0,selfAngleOffset:0,selfAngleOffsetPit:0,currCaliAngleHrz:0,currCaliAnglePit:0,selfCaliAngleHrz:0,selfCaliAnglePit:0,servCaliAngleHrz:0,servCaliAnglePit:0,offlineCaliAngleHrz:0,offlineCaliAnglePit:0,determine2useFlag:0,IMU_Z_Accel:-21.592,IMU_X_AngularRate:-2.093,IMU_Y_AngularRate:-2.093,IMU_RollAngle:-180,IMU_PitchAngle:-180,IMU_YawAngle:-180,FcwID:0,FCWWarningLevel:0,FCWTTC:0
0,1.98,0,16.55,38,0,0,0,7.65,1.25452e-34,0,0,0,-6.5,0,0,0,0,-0.00229183,0,0,0,0,0,0,0,0,0,1,87,59,0,0.00034,0.00034,3,5,0,0,0,0,0,0,0,0,0,0,1,0,0,0,0,0,0,0,0,0,0,,0,0,0,0,
1,2.77,0,67.15,29.5,0,0,0,-10.05,0,0,0,0,18,0,0,0,0,-0.00229183,0,0,0,0,0,0,0,0,0,1,78,59,0,0.00034,0.00034,2,-1,0,0,0,0,0,0,0,0,0,0,1,0,0,0,0,0,0,0,0,0,0,,0,0,0,0,
2,3.36,0,14.55,40,0,0,0,4.4,0,0,0,0,-5,0,0,0,0,-0.00229183,0,0,0,0,0,0,0,0,0,1,89,59,0,0.00034,0.00034,3,0,0,0,0,0,0,0,0,0,0,0,1,0,0,0,0,0,0,0,0,0,0,,0,0,0,0,
3,3.83,0,6.15,27.5,0,0,0,-0.05,0,0,0,0,-20,0,0,0,0,-0.00229183,0,0,0,0,0,0,0,0,0,1,76,59,0,0.00034,0.00034,3,5,0,0,0,0,0,0,0,0,0,0,1,0,0,0,0,0,0,0,0,0,0,,0,0,0,0,
4,5.21,0,11.95,24,0,0,0,-1.55,0,0,0,0,-25,0,0,0,0,-0.00229183,0,0,0,0,0,0,0,0,0,1,69,59,0,0.00034,0.00034,3,5,0,0,0,0,0,0,0,0,0,0,1,0,0,0,0,0,0,0,0,0,0,,0,0,0,0,
5,5.63,0,13.45,22.5,0,0,0,-2.75,0,0,0,0,-25,0,0,0,0,-0.00229183,0,0,0,0,0,0,0,0,0,1,67,59,0,0.00034,0.00034,3,5,0,0,0,0,0,0,0,0,0,0,1,0,0,0,0,0,0,0,0,0,0,,0,0,0,0,
6,6.22,0,11.6,25,0,0,0,-2.1,0,0,0,0,-22.5,0,0,0,0,-0.00229183,0,0,0,0,0,0,0,0,0,1,70,59,0,0.00034,0.00034,3,5,0,0,0,0,0,0,0,0,0,0,1,0,0,0,0,0,0,0,0,0,0,,0,0,0,0,
END,Total:7
START,FrameNb:124,CameraNb:0,HeSaiNb:0,ARS410Nb:0
2026/08/02 21:39:33:319---->
heightOffset:0,1785677973319,481488,selfCaliBufCnt:0,selfAccObjCnt:0,selfAccAngle:0,installHAngleOffset:0,Interpolation:0,installVAngleOffset:0,radarOffsetH:0,radarOffsetV:0.32,Polynom:-0.001023;-0.0511;-2.047;0;0;0;-0.001023;-0.0511;-2.047;-25.5;0;0,WheelDirection:0;0;0;0,selfAngleOffset:0,selfAngleOffsetPit:0,currCaliAngleHrz:0,currCaliAnglePit:0,selfCaliAngleHrz:0,selfCaliAnglePit:0,servCaliAngleHrz:0,servCaliAnglePit:0,offlineCaliAngleHrz:0,offlineCaliAnglePit:0,determine2useFlag:0,IMU_Z_Accel:-21.592,IMU_X_AngularRate:-2.093,IMU_Y_AngularRate:-2.093,IMU_RollAngle:-180,IMU_PitchAngle:-180,IMU_YawAngle:-180,FcwID:0,FCWWarningLevel:0,FCWTTC:0
0,1.98,0,16.55,38.5,0,0,0,7.7,1.25452e-34,0,0,0,-6.5,0,0,0,0,-0.00229183,0,0,0,0,0,0,0,0,0,1,87,53,0,0.00034,0.00034,3,5,0,0,0,0,0,0,0,0,0,0,1,0,1,0,0,0,0,0,0,0,0,,0,0,0,0,
1,3.37,0,14.55,40.5,0,0,0,4.3,0,0,0,0,-5,0,0,0,0,-0.00229183,0,0,0,0,0,0,0,0,0,1,89,53,0,0.00034,0.00034,3,0,0,0,0,0,0,0,0,0,0,0,1,0,1,0,0,0,0,0,0,0,0,,0,0,0,0,
2,3.91,0,13.65,28,0,0,0,14.45,0,0,0,0,-17.5,0,0,0,0,-0.00229183,0,0,0,0,0,0,0,0,0,1,76,53,0,0.00034,0.00034,3,5,0,0,0,0,0,0,0,0,0,0,1,0,1,0,0,0,0,0,0,0,0,,0,0,0,0,
3,5.23,0,15.6,23,0,0,0,-4.55,0,0,0,0,-24,0,0,0,0,-0.00229183,0,0,0,0,0,0,0,0,0,1,68,53,0,0.00034,0.00034,3,5,0,0,0,0,0,0,0,0,0,0,1,0,1,0,0,0,0,0,0,0,0,,0,0,0,0,
4,5.62,0,13.4,23,0,0,0,-2.25,0,0,0,0,-24.5,0,0,0,0,-0.00229183,0,0,0,0,0,0,0,0,0,1,68,53,0,0.00034,0.00034,3,5,0,0,0,0,0,0,0,0,0,0,1,0,1,0,0,0,0,0,0,0,0,,0,0,0,0,
5,6.22,0,15.5,26,0,0,0,-1.95,0,0,0,0,-20,0,0,0,0,-0.00229183,0,0,0,0,0,0,0,0,0,1,71,53,0,0.00034,0.00034,3,5,0,0,0,0,0,0,0,0,0,0,1,0,1,0,0,0,0,0,0,0,0,,0,0,0,0,
END,Total:6
START,FrameNb:125,CameraNb:0,HeSaiNb:0,ARS410Nb:0
2026/08/02 21:39:33:372---->
heightOffset:0,1785677973372,481540,selfCaliBufCnt:0,selfAccObjCnt:0,selfAccAngle:0,installHAngleOffset:0,Interpolation:0,installVAngleOffset:0,radarOffsetH:0,radarOffsetV:0.32,Polynom:-0.001023;-0.0511;-2.047;0;0;0;-0.001023;-0.0511;-2.047;-25.5;0;0,WheelDirection:0;0;0;0,selfAngleOffset:0,selfAngleOffsetPit:0,currCaliAngleHrz:0,currCaliAnglePit:0,selfCaliAngleHrz:0,selfCaliAnglePit:0,servCaliAngleHrz:0,servCaliAnglePit:0,offlineCaliAngleHrz:0,offlineCaliAnglePit:0,determine2useFlag:0,IMU_Z_Accel:-21.592,IMU_X_AngularRate:-2.093,IMU_Y_AngularRate:-2.093,IMU_RollAngle:-180,IMU_PitchAngle:-180,IMU_YawAngle:-180,FcwID:0,FCWWarningLevel:0,FCWTTC:0
0,1.99,0,16.55,38,0,0,0,7.65,1.25452e-34,0,0,0,-6.5,0,0,0,0,-0.00229183,0,0,0,0,0,0,0,0,0,1,87,58,0,0.00034,0.00034,3,5,0,0,0,0,0,0,0,0,0,0,1,0,0,0,0,0,0,0,0,0,0,,0,0,0,0,
1,3.37,0,14.65,40,0,0,0,4.75,0,0,0,0,-5,0,0,0,0,-0.00229183,0,0,0,0,0,0,0,0,0,1,89,58,0,0.00034,0.00034,3,0,0,0,0,0,0,0,0,0,0,0,1,0,0,0,0,0,0,0,0,0,0,,0,0,0,0,
2,3.94,0,7.45,28,0,0,0,1.8,0,0,0,0,-19.5,0,0,0,0,-0.00229183,0,0,0,0,0,0,0,0,0,1,76,58,0,0.00034,0.00034,3,5,0,0,0,0,0,0,0,0,0,0,1,0,0,0,0,0,0,0,0,0,0,,0,0,0,0,
3,5.21,0,11.8,24,0,0,0,-2.75,0,0,0,0,-25,0,0,0,0,-0.00229183,0,0,0,0,0,0,0,0,0,1,69,58,0,0.00034,0.00034,3,5,0,0,0,0,0,0,0,0,0,0,1,0,0,0,0,0,0,0,0,0,0,,0,0,0,0,
4,5.63,0,13.2,23,0,0,0,-1.75,0,0,0,0,-24.5,0,0,0,0,-0.00229183,0,0,0,0,0,0,0,0,0,1,68,58,0,0.00034,0.00034,3,5,0,0,0,0,0,0,0,0,0,0,1,0,0,0,0,0,0,0,0,0,0,,0,0,0,0,
5,6.23,0,15.7,27.5,0,0,0,-1.85,0,0,0,0,-18.5,0,0,0,0,-0.00229183,0,0,0,0,0,0,0,0,0,1,72,58,0,0.00034,0.00034,3,5,0,0,0,0,0,0,0,0,0,0,1,0,0,0,0,0,0,0,0,0,0,,0,0,0,0,
END,Total:6
START,FrameNb:126,CameraNb:0,HeSaiNb:0,ARS410Nb:0
2026/08/02 21:39:33:476---->
heightOffset:0,1785677973476,481600,selfCaliBufCnt:0,selfAccObjCnt:0,selfAccAngle:0,installHAngleOffset:0,Interpolation:0,installVAngleOffset:0,radarOffsetH:0,radarOffsetV:0.32,Polynom:-0.001023;-0.0511;-2.047;0;0;0;-0.001023;-0.0511;-2.047;-25.5;0;0,WheelDirection:0;0;0;0,selfAngleOffset:0,selfAngleOffsetPit:0,currCaliAngleHrz:0,currCaliAnglePit:0,selfCaliAngleHrz:0,selfCaliAnglePit:0,servCaliAngleHrz:0,servCaliAnglePit:0,offlineCaliAngleHrz:0,offlineCaliAnglePit:0,determine2useFlag:0,IMU_Z_Accel:-21.592,IMU_X_AngularRate:-2.093,IMU_Y_AngularRate:-2.093,IMU_RollAngle:-180,IMU_PitchAngle:-180,IMU_YawAngle:-180,FcwID:0,FCWWarningLevel:0,FCWTTC:0
0,1.99,0,16.55,38,0,0,0,7.65,1.25452e-34,0,0,0,-7,0,0,0,0,-0.00229183,0,0,0,0,0,0,0,0,0,1,87,54,0,0.00034,0.00034,3,5,0,0,0,0,0,0,0,0,0,0,1,0,1,0,0,0,0,0,0,0,0,,0,0,0,0,
1,2.75,0,16.55,29.5,0,0,0,-14.25,0,0,0,0,-15,0,0,0,0,-0.00229183,0,0,0,0,0,0,0,0,0,1,78,54,0,0.00034,0.00034,3,5,0,0,0,0,0,0,0,0,0,0,1,0,1,0,0,0,0,0,0,0,0,,0,0,0,0,
2,3.37,0,14.55,40,0,0,0,4.4,0,0,0,0,-5,0,0,0,0,-0.00229183,0,0,0,0,0,0,0,0,0,1,89,54,0,0.00034,0.00034,3,0,0,0,0,0,0,0,0,0,0,0,1,0,1,0,0,0,0,0,0,0,0,,0,0,0,0,
3,3.95,0,14.95,26.5,0,0,0,-15,0,0,0,0,-19,0,0,0,0,-0.00229183,0,0,0,0,0,0,0,0,0,1,75,54,0,0.00034,0.00034,3,5,0,0,0,0,0,0,0,0,0,0,1,0,1,0,0,0,0,0,0,0,0,,0,0,0,0,
4,5.41,0,15.85,23,0,0,0,-7.35,0,0,0,0,-23.5,0,0,0,0,-0.00229183,0,0,0,0,0,0,0,0,0,1,68,54,0,0.00034,0.00034,3,5,0,0,0,0,0,0,0,0,0,0,1,0,1,0,0,0,0,0,0,0,0,,0,0,0,0,
5,5.76,0,13.3,23,0,0,0,-2.3,0,0,0,0,-24,0,0,0,0,-0.00229183,0,0,0,0,0,0,0,0,0,1,68,54,0,0.00034,0.00034,3,5,0,0,0,0,0,0,0,0,0,0,1,0,1,0,0,0,0,0,0,0,0,,0,0,0,0,
6,6.23,0,16.15,28.5,0,0,0,-2.35,0,0,0,0,-17,0,0,0,0,-0.00229183,0,0,0,0,0,0,0,0,0,1,74,54,0,0.00034,0.00034,3,5,0,0,0,0,0,0,0,0,0,0,1,0,1,0,0,0,0,0,0,0,0,,0,0,0,0,
END,Total:7
START,FrameNb:127,CameraNb:0,HeSaiNb:0,ARS410Nb:0
2026/08/02 21:39:33:527---->
heightOffset:0,1785677973527,481652,selfCaliBufCnt:0,selfAccObjCnt:0,selfAccAngle:0,installHAngleOffset:0,Interpolation:0,installVAngleOffset:0,radarOffsetH:0,radarOffsetV:0.32,Polynom:-0.001023;-0.0511;-2.047;0;0;0;-0.001023;-0.0511;-2.047;-25.5;0;0,WheelDirection:0;0;0;0,selfAngleOffset:0,selfAngleOffsetPit:0,currCaliAngleHrz:0,currCaliAnglePit:0,selfCaliAngleHrz:0,selfCaliAnglePit:0,servCaliAngleHrz:0,servCaliAnglePit:0,offlineCaliAngleHrz:0,offlineCaliAnglePit:0,determine2useFlag:0,IMU_Z_Accel:-21.592,IMU_X_AngularRate:-2.093,IMU_Y_AngularRate:-2.093,IMU_RollAngle:-180,IMU_PitchAngle:-180,IMU_YawAngle:-180,FcwID:0,FCWWarningLevel:0,FCWTTC:0
0,1.98,0,-55,38,0,0,0,1.15,1.25452e-34,0,0,0,15.5,0,0,0,0,-0.00229183,0,0,0,0,0,0,0,0,0,1,87,57,0,0.00034,0.00034,2,-1,0,0,0,0,0,0,0,0,0,0,1,0,0,0,0,0,0,0,0,0,0,,0,0,0,0,
1,3.37,0,14.65,40,0,0,0,4.65,0,0,0,0,-5.5,0,0,0,0,-0.00229183,0,0,0,0,0,0,0,0,0,1,89,57,0,0.00034,0.00034,3,0,0,0,0,0,0,0,0,0,0,0,1,0,0,0,0,0,0,0,0,0,0,,0,0,0,0,
2,3.92,-0.05,7.2,28,0,0,0,0.45,0,0,0,0,-19,0,0,0,0,-0.00229183,0,0,0,0,0,0,0,0,0,1,76,57,0,0.00034,0.00034,3,5,0,0,0,0,0,0,0,0,0,0,1,0,0,0,0,0,0,0,0,0,0,,0,0,0,0,
3,5.62,0,13.05,23,0,0,0,-1.55,0,0,0,0,-24,0,0,0,0,-0.00229183,0,0,0,0,0,0,0,0,0,1,68,57,0,0.00034,0.00034,3,5,0,0,0,0,0,0,0,0,0,0,1,0,0,0,0,0,0,0,0,0,0,,0,0,0,0,
4,6.24,0,16.95,29,0,0,0,-3.8,0,0,0,0,-16,0,0,0,0,-0.00229183,0,0,0,0,0,0,0,0,0,1,75,57,0,0.00034,0.00034,3,5,0,0,0,0,0,0,0,0,0,0,1,0,0,0,0,0,0,0,0,0,0,,0,0,0,0,
END,Total:5
START,FrameNb:128,CameraNb:0,HeSaiNb:0,ARS410Nb:0
2026/08/02 21:39:33:571---->
heightOffset:0,1785677973571,481712,selfCaliBufCnt:0,selfAccObjCnt:0,selfAccAngle:0,installHAngleOffset:0,Interpolation:0,installVAngleOffset:0,radarOffsetH:0,radarOffsetV:0.32,Polynom:-0.001023;-0.0511;-2.047;0;0;0;-0.001023;-0.0511;-2.047;-25.5;0;0,WheelDirection:0;0;0;0,selfAngleOffset:0,selfAngleOffsetPit:0,currCaliAngleHrz:0,currCaliAnglePit:0,selfCaliAngleHrz:0,selfCaliAnglePit:0,servCaliAngleHrz:0,servCaliAnglePit:0,offlineCaliAngleHrz:0,offlineCaliAnglePit:0,determine2useFlag:0,IMU_Z_Accel:-21.592,IMU_X_AngularRate:-2.093,IMU_Y_AngularRate:-2.093,IMU_RollAngle:-180,IMU_PitchAngle:-180,IMU_YawAngle:-180,FcwID:0,FCWWarningLevel:0,FCWTTC:0
0,1.98,0,16.55,38,0,0,0,7.7,1.25452e-34,0,0,0,-6.5,0,0,0,0,-0.00229183,0,0,0,0,0,0,0,0,0,1,87,53,0,0.00034,0.00034,3,5,0,0,0,0,0,0,0,0,0,0,1,0,1,0,0,0,0,0,0,0,0,,0,0,0,0,
1,2.76,0,66.85,30,0,0,0,-10.1,0,0,0,0,17.5,0,0,0,0,-0.00229183,0,0,0,0,0,0,0,0,0,1,79,53,0,0.00034,0.00034,2,-1,0,0,0,0,0,0,0,0,0,0,1,0,1,0,0,0,0,0,0,0,0,,0,0,0,0,
2,3.36,0,14.6,40,0,0,0,4.3,0,0,0,0,-5,0,0,0,0,-0.00229183,0,0,0,0,0,0,0,0,0,1,89,53,0,0.00034,0.00034,3,0,0,0,0,0,0,0,0,0,0,0,1,0,1,0,0,0,0,0,0,0,0,,0,0,0,0,
3,3.91,-0.05,6.55,27.5,0,0,0,1.45,0,0,0,0,-19.5,0,0,0,0,-0.00229183,0,0,0,0,0,0,0,0,0,1,76,53,0,0.00034,0.00034,3,5,0,0,0,0,0,0,0,0,0,0,1,0,1,0,0,0,0,0,0,0,0,,0,0,0,0,
4,5.62,0,13.2,23.5,0,0,0,-1.3,0,0,0,0,-24,0,0,0,0,-0.00229183,0,0,0,0,0,0,0,0,0,1,68,53,0,0.00034,0.00034,3,5,0,0,0,0,0,0,0,0,0,0,1,0,1,0,0,0,0,0,0,0,0,,0,0,0,0,
5,6.23,0,16.7,30.5,0,0,0,-2.55,0,0,0,0,-15,0,0,0,0,-0.00229183,0,0,0,0,0,0,0,0,0,1,76,53,0,0.00034,0.00034,3,5,0,0,0,0,0,0,0,0,0,0,1,0,1,0,0,0,0,0,0,0,0,,0,0,0,0,
END,Total:6
START,FrameNb:129,CameraNb:0,HeSaiNb:0,ARS410Nb:0
2026/08/02 21:39:33:623---->
heightOffset:0,1785677973623,481772,selfCaliBufCnt:0,selfAccObjCnt:0,selfAccAngle:0,installHAngleOffset:0,Interpolation:0,installVAngleOffset:0,radarOffsetH:0,radarOffsetV:0.32,Polynom:-0.001023;-0.0511;-2.047;0;0;0;-0.001023;-0.0511;-2.047;-25.5;0;0,WheelDirection:0;0;0;0,selfAngleOffset:0,selfAngleOffsetPit:0,currCaliAngleHrz:0,currCaliAnglePit:0,selfCaliAngleHrz:0,selfCaliAnglePit:0,servCaliAngleHrz:0,servCaliAnglePit:0,offlineCaliAngleHrz:0,offlineCaliAnglePit:0,determine2useFlag:0,IMU_Z_Accel:-21.592,IMU_X_AngularRate:-2.093,IMU_Y_AngularRate:-2.093,IMU_RollAngle:-180,IMU_PitchAngle:-180,IMU_YawAngle:-180,FcwID:0,FCWWarningLevel:0,FCWTTC:0
0,1.99,0,16.55,38,0,0,0,7.55,1.25452e-34,0,0,0,-6.5,0,0,0,0,-0.00229183,0,0,0,0,0,0,0,0,0,1,87,65,0,0.00034,0.00034,3,5,0,0,0,0,0,0,0,0,0,0,1,0,0,0,0,0,0,0,0,0,0,,0,0,0,0,
1,2.76,0,-9.15,28.5,0,0,0,-15,0,0,0,0,-18,0,0,0,0,-0.00229183,0,0,0,0,0,0,0,0,0,1,78,65,0,0.00034,0.00034,3,5,0,0,0,0,0,0,0,0,0,0,1,0,0,0,0,0,0,0,0,0,0,,0,0,0,0,
2,3.36,0,14.55,40,0,0,0,4.4,0,0,0,0,-5,0,0,0,0,-0.00229183,0,0,0,0,0,0,0,0,0,1,89,65,0,0.00034,0.00034,3,0,0,0,0,0,0,0,0,0,0,0,1,0,0,0,0,0,0,0,0,0,0,,0,0,0,0,
3,3.95,-0.05,7.35,26.5,0,0,0,2.15,0,0,0,0,-21,0,0,0,0,-0.00229183,0,0,0,0,0,0,0,0,0,1,75,65,0,0.00034,0.00034,3,5,0,0,0,0,0,0,0,0,0,0,1,0,0,0,0,0,0,0,0,0,0,,0,0,0,0,
4,5.64,0,13.05,23.5,0,0,0,-1.45,0,0,0,0,-24,0,0,0,0,-0.00229183,0,0,0,0,0,0,0,0,0,1,68,65,0,0.00034,0.00034,3,5,0,0,0,0,0,0,0,0,0,0,1,0,0,0,0,0,0,0,0,0,0,,0,0,0,0,
5,6.24,0,17.4,30.5,0,0,0,-4,0,0,0,0,-13.5,0,0,0,0,-0.00229183,0,0,0,0,0,0,0,0,0,1,76,65,0,0.00034,0.00034,3,5,0,0,0,0,0,0,0,0,0,0,1,0,0,0,0,0,0,0,0,0,0,,0,0,0,0,
END,Total:6
START,FrameNb:130,CameraNb:0,HeSaiNb:0,ARS410Nb:0
2026/08/02 21:39:33:667---->
heightOffset:0,1785677973667,481828,selfCaliBufCnt:0,selfAccObjCnt:0,selfAccAngle:0,installHAngleOffset:0,Interpolation:0,installVAngleOffset:0,radarOffsetH:0,radarOffsetV:0.32,Polynom:-0.001023;-0.0511;-2.047;0;0;0;-0.001023;-0.0511;-2.047;-25.5;0;0,WheelDirection:0;0;0;0,selfAngleOffset:0,selfAngleOffsetPit:0,currCaliAngleHrz:0,currCaliAnglePit:0,selfCaliAngleHrz:0,selfCaliAnglePit:0,servCaliAngleHrz:0,servCaliAnglePit:0,offlineCaliAngleHrz:0,offlineCaliAnglePit:0,determine2useFlag:0,IMU_Z_Accel:-21.592,IMU_X_AngularRate:-2.093,IMU_Y_AngularRate:-2.093,IMU_RollAngle:-180,IMU_PitchAngle:-180,IMU_YawAngle:-180,FcwID:0,FCWWarningLevel:0,FCWTTC:0
0,1.99,0,16.55,38,0,0,0,7.55,1.25452e-34,0,0,0,-6.5,0,0,0,0,-0.00229183,0,0,0,0,0,0,0,0,0,1,87,55,0,0.00034,0.00034,3,5,0,0,0,0,0,0,0,0,0,0,1,0,1,0,0,0,0,0,0,0,0,,0,0,0,0,
1,2.76,0,-7.3,30,0,0,0,-15,0,0,0,0,-17,0,0,0,0,-0.00229183,0,0,0,0,0,0,0,0,0,1,79,55,0,0.00034,0.00034,3,5,0,0,0,0,0,0,0,0,0,0,1,0,1,0,0,0,0,0,0,0,0,,0,0,0,0,
2,3.36,0,14.55,40,0,0,0,4.45,0,0,0,0,-5,0,0,0,0,-0.00229183,0,0,0,0,0,0,0,0,0,1,89,55,0,0.00034,0.00034,3,0,0,0,0,0,0,0,0,0,0,0,1,0,1,0,0,0,0,0,0,0,0,,0,0,0,0,
3,3.97,0,7.7,27,0,0,0,0.05,0,0,0,0,-20,0,0,0,0,-0.00229183,0,0,0,0,0,0,0,0,0,1,75,55,0,0.00034,0.00034,3,5,0,0,0,0,0,0,0,0,0,0,1,0,1,0,0,0,0,0,0,0,0,,0,0,0,0,
4,5.64,0,13.3,24,0,0,0,-0.85,0,0,0,0,-23.5,0,0,0,0,-0.00229183,0,0,0,0,0,0,0,0,0,1,69,55,0,0.00034,0.00034,3,5,0,0,0,0,0,0,0,0,0,0,1,0,1,0,0,0,0,0,0,0,0,,0,0,0,0,
5,6.24,0,17.4,30.5,0,0,0,-3.8,0,0,0,0,-13.5,0,0,0,0,-0.00229183,0,0,0,0,0,0,0,0,0,1,76,55,0,0.00034,0.00034,3,5,0,0,0,0,0,0,0,0,0,0,1,0,1,0,0,0,0,0,0,0,0,,0,0,0,0,
END,Total:6
START,FrameNb:131,CameraNb:0,HeSaiNb:0,ARS410Nb:0
2026/08/02 21:39:33:720---->
heightOffset:0,1785677973720,481884,selfCaliBufCnt:0,selfAccObjCnt:0,selfAccAngle:0,installHAngleOffset:0,Interpolation:0,installVAngleOffset:0,radarOffsetH:0,radarOffsetV:0.32,Polynom:-0.001023;-0.0511;-2.047;0;0;0;-0.001023;-0.0511;-2.047;-25.5;0;0,WheelDirection:0;0;0;0,selfAngleOffset:0,selfAngleOffsetPit:0,currCaliAngleHrz:0,currCaliAnglePit:0,selfCaliAngleHrz:0,selfCaliAnglePit:0,servCaliAngleHrz:0,servCaliAnglePit:0,offlineCaliAngleHrz:0,offlineCaliAnglePit:0,determine2useFlag:0,IMU_Z_Accel:-21.592,IMU_X_AngularRate:-2.093,IMU_Y_AngularRate:-2.093,IMU_RollAngle:-180,IMU_PitchAngle:-180,IMU_YawAngle:-180,FcwID:0,FCWWarningLevel:0,FCWTTC:0
0,1.98,0,16.55,38,0,0,0,7.7,1.25452e-34,0,0,0,-6.5,0,0,0,0,-0.00229183,0,0,0,0,0,0,0,0,0,1,87,58,0,0.00034,0.00034,3,5,0,0,0,0,0,0,0,0,0,0,1,0,0,0,0,0,0,0,0,0,0,,0,0,0,0,
1,2.74,0,-9.05,28.5,0,0,0,-13.8,0,0,0,0,-18.5,0,0,0,0,-0.00229183,0,0,0,0,0,0,0,0,0,1,78,58,0,0.00034,0.00034,3,5,0,0,0,0,0,0,0,0,0,0,1,0,0,0,0,0,0,0,0,0,0,,0,0,0,0,
2,3.37,0,14.65,40.5,0,0,0,4.8,0,0,0,0,-5,0,0,0,0,-0.00229183,0,0,0,0,0,0,0,0,0,1,89,58,0,0.00034,0.00034,3,0,0,0,0,0,0,0,0,0,0,0,1,0,0,0,0,0,0,0,0,0,0,,0,0,0,0,
3,3.92,0,8.65,27,0,0,0,0.3,0,0,0,0,-20,0,0,0,0,-0.00229183,0,0,0,0,0,0,0,0,0,1,75,58,0,0.00034,0.00034,3,5,0,0,0,0,0,0,0,0,0,0,1,0,0,0,0,0,0,0,0,0,0,,0,0,0,0,
4,5.62,0,13.15,24.5,0,0,0,-1.8,0,0,0,0,-22.5,0,0,0,0,-0.00229183,0,0,0,0,0,0,0,0,0,1,70,58,0,0.00034,0.00034,3,5,0,0,0,0,0,0,0,0,0,0,1,0,0,0,0,0,0,0,0,0,0,,0,0,0,0,
5,6.24,0,17.45,30.5,0,0,0,-3.85,0,0,0,0,-14,0,0,0,0,-0.00229183,0,0,0,0,0,0,0,0,0,1,76,58,0,0.00034,0.00034,3,5,0,0,0,0,0,0,0,0,0,0,1,0,0,0,0,0,0,0,0,0,0,,0,0,0,0,
END,Total:6
START,FrameNb:132,CameraNb:0,HeSaiNb:0,ARS410Nb:0
2026/08/02 21:39:33:774---->
heightOffset:0,1785677973774,481940,selfCaliBufCnt:0,selfAccObjCnt:0,selfAccAngle:0,installHAngleOffset:0,Interpolation:0,installVAngleOffset:0,radarOffsetH:0,radarOffsetV:0.32,Polynom:-0.001023;-0.0511;-2.047;0;0;0;-0.001023;-0.0511;-2.047;-25.5;0;0,WheelDirection:0;0;0;0,selfAngleOffset:0,selfAngleOffsetPit:0,currCaliAngleHrz:0,currCaliAnglePit:0,selfCaliAngleHrz:0,selfCaliAnglePit:0,servCaliAngleHrz:0,servCaliAnglePit:0,offlineCaliAngleHrz:0,offlineCaliAnglePit:0,determine2useFlag:0,IMU_Z_Accel:-21.592,IMU_X_AngularRate:-2.093,IMU_Y_AngularRate:-2.093,IMU_RollAngle:-180,IMU_PitchAngle:-180,IMU_YawAngle:-180,FcwID:0,FCWWarningLevel:0,FCWTTC:0
0,1.99,0,16.55,38.5,0,0,0,7.75,1.25452e-34,0,0,0,-6.5,0,0,0,0,-0.00229183,0,0,0,0,0,0,0,0,0,1,87,54,0,0.00034,0.00034,3,5,0,0,0,0,0,0,0,0,0,0,1,0,1,0,0,0,0,0,0,0,0,,0,0,0,0,
1,2.78,0,-7.05,30,0,0,0,-15,0,0,0,0,-17.5,0,0,0,0,-0.00229183,0,0,0,0,0,0,0,0,0,1,79,54,0,0.00034,0.00034,3,5,0,0,0,0,0,0,0,0,0,0,1,0,1,0,0,0,0,0,0,0,0,,0,0,0,0,
2,3.36,0,14.55,40.5,0,0,0,4.45,0,0,0,0,-5,0,0,0,0,-0.00229183,0,0,0,0,0,0,0,0,0,1,89,54,0,0.00034,0.00034,3,0,0,0,0,0,0,0,0,0,0,0,1,0,1,0,0,0,0,0,0,0,0,,0,0,0,0,
3,3.97,0,7.8,27.5,0,0,0,1.55,0,0,0,0,-19.5,0,0,0,0,-0.00229183,0,0,0,0,0,0,0,0,0,1,76,54,0,0.00034,0.00034,3,5,0,0,0,0,0,0,0,0,0,0,1,0,1,0,0,0,0,0,0,0,0,,0,0,0,0,
4,5.4,0,11.95,23,0,0,0,2.45,0,0,0,0,-25.5,0,0,0,0,-0.00229183,0,0,0,0,0,0,0,0,0,1,68,54,0,0.00034,0.00034,3,5,0,0,0,0,0,0,0,0,0,0,1,0,1,0,0,0,0,0,0,0,0,,0,0,0,0,
5,5.63,0,13.3,23.5,0,0,0,-1.3,0,0,0,0,-24,0,0,0,0,-0.00229183,0,0,0,0,0,0,0,0,0,1,68,54,0,0.00034,0.00034,3,5,0,0,0,0,0,0,0,0,0,0,1,0,1,0,0,0,0,0,0,0,0,,0,0,0,0,
6,6.25,0,17.4,30,0,0,0,-3.95,0,0,0,0,-14,0,0,0,0,-0.00229183,0,0,0,0,0,0,0,0,0,1,76,54,0,0.00034,0.00034,3,5,0,0,0,0,0,0,0,0,0,0,1,0,1,0,0,0,0,0,0,0,0,,0,0,0,0,
END,Total:7
START,FrameNb:133,CameraNb:0,HeSaiNb:0,ARS410Nb:0
2026/08/02 21:39:33:872---->
heightOffset:0,1785677973872,481996,selfCaliBufCnt:0,selfAccObjCnt:0,selfAccAngle:0,installHAngleOffset:0,Interpolation:0,installVAngleOffset:0,radarOffsetH:0,radarOffsetV:0.32,Polynom:-0.001023;-0.0511;-2.047;0;0;0;-0.001023;-0.0511;-2.047;-25.5;0;0,WheelDirection:0;0;0;0,selfAngleOffset:0,selfAngleOffsetPit:0,currCaliAngleHrz:0,currCaliAnglePit:0,selfCaliAngleHrz:0,selfCaliAnglePit:0,servCaliAngleHrz:0,servCaliAnglePit:0,offlineCaliAngleHrz:0,offlineCaliAnglePit:0,determine2useFlag:0,IMU_Z_Accel:-21.592,IMU_X_AngularRate:-2.093,IMU_Y_AngularRate:-2.093,IMU_RollAngle:-180,IMU_PitchAngle:-180,IMU_YawAngle:-180,FcwID:0,FCWWarningLevel:0,FCWTTC:0
0,1.98,0,-55,38,0,0,0,1.2,1.25452e-34,0,0,0,15.5,0,0,0,0,-0.00229183,0,0,0,0,0,0,0,0,0,1,87,57,0,0.00034,0.00034,2,-1,0,0,0,0,0,0,0,0,0,0,1,0,0,0,0,0,0,0,0,0,0,,0,0,0,0,
1,2.72,0,16.7,28.5,0,0,0,-14.2,0,0,0,0,-15.5,0,0,0,0,-0.00229183,0,0,0,0,0,0,0,0,0,1,78,57,0,0.00034,0.00034,3,5,0,0,0,0,0,0,0,0,0,0,1,0,0,0,0,0,0,0,0,0,0,,0,0,0,0,
2,3.37,0,14.65,40.5,0,0,0,4.75,0,0,0,0,-5,0,0,0,0,-0.00229183,0,0,0,0,0,0,0,0,0,1,89,57,0,0.00034,0.00034,3,0,0,0,0,0,0,0,0,0,0,0,1,0,0,0,0,0,0,0,0,0,0,,0,0,0,0,
3,3.95,0,6.8,27.5,0,0,0,3.4,0,0,0,0,-20,0,0,0,0,-0.00229183,0,0,0,0,0,0,0,0,0,1,76,57,0,0.00034,0.00034,3,5,0,0,0,0,0,0,0,0,0,0,1,0,0,0,0,0,0,0,0,0,0,,0,0,0,0,
4,5.66,0,13.1,24,0,0,0,-1.55,0,0,0,0,-23.5,0,0,0,0,-0.00229183,0,0,0,0,0,0,0,0,0,1,69,57,0,0.00034,0.00034,3,5,0,0,0,0,0,0,0,0,0,0,1,0,0,0,0,0,0,0,0,0,0,,0,0,0,0,
5,6.24,0,17.3,30,0,0,0,-4,0,0,0,0,-14.5,0,0,0,0,-0.00229183,0,0,0,0,0,0,0,0,0,1,75,57,0,0.00034,0.00034,3,0,0,0,0,0,0,0,0,0,0,0,1,0,0,0,0,0,0,0,0,0,0,,0,0,0,0,
END,Total:6
START,FrameNb:134,CameraNb:0,HeSaiNb:0,ARS410Nb:0
2026/08/02 21:39:33:918---->
heightOffset:0,1785677973918,482052,selfCaliBufCnt:0,selfAccObjCnt:0,selfAccAngle:0,installHAngleOffset:0,Interpolation:0,installVAngleOffset:0,radarOffsetH:0,radarOffsetV:0.32,Polynom:-0.001023;-0.0511;-2.047;0;0;0;-0.001023;-0.0511;-2.047;-25.5;0;0,WheelDirection:0;0;0;0,selfAngleOffset:0,selfAngleOffsetPit:0,currCaliAngleHrz:0,currCaliAnglePit:0,selfCaliAngleHrz:0,selfCaliAnglePit:0,servCaliAngleHrz:0,servCaliAnglePit:0,offlineCaliAngleHrz:0,offlineCaliAnglePit:0,determine2useFlag:0,IMU_Z_Accel:-21.592,IMU_X_AngularRate:-2.093,IMU_Y_AngularRate:-2.093,IMU_RollAngle:-180,IMU_PitchAngle:-180,IMU_YawAngle:-180,FcwID:0,FCWWarningLevel:0,FCWTTC:0
0,1.99,0,16.55,38,0,0,0,7.65,1.25452e-34,0,0,0,-6.5,0,0,0,0,-0.00229183,0,0,0,0,0,0,0,0,0,1,87,54,0,0.00034,0.00034,3,5,0,0,0,0,0,0,0,0,0,0,1,0,1,0,0,0,0,0,0,0,0,,0,0,0,0,
1,2.8,0,-7.1,29.5,0,0,0,-15,0,0,0,0,-18,0,0,0,0,-0.00229183,0,0,0,0,0,0,0,0,0,1,78,54,0,0.00034,0.00034,3,5,0,0,0,0,0,0,0,0,0,0,1,0,1,0,0,0,0,0,0,0,0,,0,0,0,0,
2,3.37,0,14.55,40,0,0,0,4.45,0,0,0,0,-5,0,0,0,0,-0.00229183,0,0,0,0,0,0,0,0,0,1,89,54,0,0.00034,0.00034,3,0,0,0,0,0,0,0,0,0,0,0,1,0,1,0,0,0,0,0,0,0,0,,0,0,0,0,
3,3.92,0,6.4,25,0,0,0,4.4,0,0,0,0,-22.5,0,0,0,0,-0.00229183,0,0,0,0,0,0,0,0,0,1,73,54,0,0.00034,0.00034,3,5,0,0,0,0,0,0,0,0,0,0,1,0,1,0,0,0,0,0,0,0,0,,0,0,0,0,
4,5.4,0,11.8,25.5,0,0,0,-0.6,0,0,0,0,-23,0,0,0,0,-0.00229183,0,0,0,0,0,0,0,0,0,1,70,54,0,0.00034,0.00034,3,5,0,0,0,0,0,0,0,0,0,0,1,0,1,0,0,0,0,0,0,0,0,,0,0,0,0,
5,5.63,0,13.15,26,0,0,0,-1.3,0,0,0,0,-21.5,0,0,0,0,-0.00229183,0,0,0,0,0,0,0,0,0,1,71,54,0,0.00034,0.00034,3,5,0,0,0,0,0,0,0,0,0,0,1,0,1,0,0,0,0,0,0,0,0,,0,0,0,0,
6,6.24,0,17.55,30.5,0,0,0,-3.85,0,0,0,0,-14,0,0,0,0,-0.00229183,0,0,0,0,0,0,0,0,0,1,76,54,0,0.00034,0.00034,3,0,0,0,0,0,0,0,0,0,0,0,1,0,1,0,0,0,0,0,0,0,0,,0,0,0,0,
END,Total:7
START,FrameNb:135,CameraNb:0,HeSaiNb:0,ARS410Nb:0
2026/08/02 21:39:33:965---->
heightOffset:0,1785677973965,482108,selfCaliBufCnt:0,selfAccObjCnt:0,selfAccAngle:0,installHAngleOffset:0,Interpolation:0,installVAngleOffset:0,radarOffsetH:0,radarOffsetV:0.32,Polynom:-0.001023;-0.0511;-2.047;0;0;0;-0.001023;-0.0511;-2.047;-25.5;0;0,WheelDirection:0;0;0;0,selfAngleOffset:0,selfAngleOffsetPit:0,currCaliAngleHrz:0,currCaliAnglePit:0,selfCaliAngleHrz:0,selfCaliAnglePit:0,servCaliAngleHrz:0,servCaliAnglePit:0,offlineCaliAngleHrz:0,offlineCaliAnglePit:0,determine2useFlag:0,IMU_Z_Accel:-21.592,IMU_X_AngularRate:-2.093,IMU_Y_AngularRate:-2.093,IMU_RollAngle:-180,IMU_PitchAngle:-180,IMU_YawAngle:-180,FcwID:0,FCWWarningLevel:0,FCWTTC:0
0,1.98,0,16.55,38,0,0,0,7.65,1.25452e-34,0,0,0,-6.5,0,0,0,0,-0.00229183,0,0,0,0,0,0,0,0,0,1,87,59,0,0.00034,0.00034,3,5,0,0,0,0,0,0,0,0,0,0,1,0,0,0,0,0,0,0,0,0,0,,0,0,0,0,
1,2.76,0,-8.85,29,0,0,0,-13.25,0,0,0,0,-18,0,0,0,0,-0.00229183,0,0,0,0,0,0,0,0,0,1,78,59,0,0.00034,0.00034,3,5,0,0,0,0,0,0,0,0,0,0,1,0,0,0,0,0,0,0,0,0,0,,0,0,0,0,
2,3.37,0,14.65,40.5,0,0,0,4.8,0,0,0,0,-5,0,0,0,0,-0.00229183,0,0,0,0,0,0,0,0,0,1,89,59,0,0.00034,0.00034,3,0,0,0,0,0,0,0,0,0,0,0,1,0,0,0,0,0,0,0,0,0,0,,0,0,0,0,
3,3.98,0,7.45,25.5,0,0,0,-13.55,0,0,0,0,-22,0,0,0,0,-0.00229183,0,0,0,0,0,0,0,0,0,1,74,59,0,0.00034,0.00034,3,5,0,0,0,0,0,0,0,0,0,0,1,0,0,0,0,0,0,0,0,0,0,,0,0,0,0,
4,5.63,0,13.1,25,0,0,0,-1.8,0,0,0,0,-22.5,0,0,0,0,-0.00229183,0,0,0,0,0,0,0,0,0,1,70,59,0,0.00034,0.00034,3,5,0,0,0,0,0,0,0,0,0,0,1,0,0,0,0,0,0,0,0,0,0,,0,0,0,0,
5,6.24,0,17.45,30,0,0,0,-3.95,0,0,0,0,-14.5,0,0,0,0,-0.00229183,0,0,0,0,0,0,0,0,0,1,75,59,0,0.00034,0.00034,3,0,0,0,0,0,0,0,0,0,0,0,1,0,0,0,0,0,0,0,0,0,0,,0,0,0,0,
END,Total:6
START,FrameNb:136,CameraNb:0,HeSaiNb:0,ARS410Nb:0
2026/08/02 21:39:34:023---->
heightOffset:0,1785677974023,482172,selfCaliBufCnt:0,selfAccObjCnt:0,selfAccAngle:0,installHAngleOffset:0,Interpolation:0,installVAngleOffset:0,radarOffsetH:0,radarOffsetV:0.32,Polynom:-0.001023;-0.0511;-2.047;0;0;0;-0.001023;-0.0511;-2.047;-25.5;0;0,WheelDirection:0;0;0;0,selfAngleOffset:0,selfAngleOffsetPit:0,currCaliAngleHrz:0,currCaliAnglePit:0,selfCaliAngleHrz:0,selfCaliAnglePit:0,servCaliAngleHrz:0,servCaliAnglePit:0,offlineCaliAngleHrz:0,offlineCaliAnglePit:0,determine2useFlag:0,IMU_Z_Accel:-21.592,IMU_X_AngularRate:-2.093,IMU_Y_AngularRate:-2.093,IMU_RollAngle:-180,IMU_PitchAngle:-180,IMU_YawAngle:-180,FcwID:0,FCWWarningLevel:0,FCWTTC:0
0,1.98,0,16.55,38,0,0,0,7.7,1.25452e-34,0,0,0,-6.5,0,0,0,0,-0.00229183,0,0,0,0,0,0,0,0,0,1,87,58,0,0.00034,0.00034,3,5,0,0,0,0,0,0,0,0,0,0,1,0,1,0,0,0,0,0,0,0,0,,0,0,0,0,
1,2.77,0,67.15,30,0,0,0,-9.8,0,0,0,0,19,0,0,0,0,-0.00229183,0,0,0,0,0,0,0,0,0,1,79,58,0,0.00034,0.00034,2,-1,0,0,0,0,0,0,0,0,0,0,1,0,1,0,0,0,0,0,0,0,0,,0,0,0,0,
2,3.36,0,14.6,40.5,0,0,0,4.4,0,0,0,0,-5,0,0,0,0,-0.00229183,0,0,0,0,0,0,0,0,0,1,89,58,0,0.00034,0.00034,3,0,0,0,0,0,0,0,0,0,0,0,1,0,1,0,0,0,0,0,0,0,0,,0,0,0,0,
3,3.96,0.05,7.4,22,0,0,0,0.55,0,0,0,0,-25.5,0,0,0,0,-0.00229183,0,0,0,0,0,0,0,0,0,1,70,58,0,0.00034,0.00034,3,5,0,0,0,0,0,0,0,0,0,0,1,0,1,0,0,0,0,0,0,0,0,,0,0,0,0,
4,5.62,0,13.15,24,0,0,0,-2.2,0,0,0,0,-23.5,0,0,0,0,-0.00229183,0,0,0,0,0,0,0,0,0,1,69,58,0,0.00034,0.00034,3,5,0,0,0,0,0,0,0,0,0,0,1,0,1,0,0,0,0,0,0,0,0,,0,0,0,0,
5,6.23,0,-46.95,29,0,0,0,-10.05,0,0,0,0,-0.5,0,0,0,0,-0.00229183,0,0,0,0,0,0,0,0,0,1,74,58,0,0.00034,0.00034,2,-1,0,0,0,0,0,0,0,0,0,0,1,0,1,0,0,0,0,0,0,0,0,,0,0,0,0,
END,Total:6
START,FrameNb:137,CameraNb:0,HeSaiNb:0,ARS410Nb:0
2026/08/02 21:39:34:072---->
heightOffset:0,1785677974072,482228,selfCaliBufCnt:0,selfAccObjCnt:0,selfAccAngle:0,installHAngleOffset:0,Interpolation:0,installVAngleOffset:0,radarOffsetH:0,radarOffsetV:0.32,Polynom:-0.001023;-0.0511;-2.047;0;0;0;-0.001023;-0.0511;-2.047;-25.5;0;0,WheelDirection:0;0;0;0,selfAngleOffset:0,selfAngleOffsetPit:0,currCaliAngleHrz:0,currCaliAnglePit:0,selfCaliAngleHrz:0,selfCaliAnglePit:0,servCaliAngleHrz:0,servCaliAnglePit:0,offlineCaliAngleHrz:0,offlineCaliAnglePit:0,determine2useFlag:0,IMU_Z_Accel:-21.592,IMU_X_AngularRate:-2.093,IMU_Y_AngularRate:-2.093,IMU_RollAngle:-180,IMU_PitchAngle:-180,IMU_YawAngle:-180,FcwID:0,FCWWarningLevel:0,FCWTTC:0
0,1.98,0,16.55,38,0,0,0,7.55,1.25452e-34,0,0,0,-6.5,0,0,0,0,-0.00229183,0,0,0,0,0,0,0,0,0,1,87,61,0,0.00034,0.00034,3,5,0,0,0,0,0,0,0,0,0,0,1,0,0,0,0,0,0,0,0,0,0,,0,0,0,0,
1,2.76,0,-7.2,29.5,0,0,0,-15,0,0,0,0,-17.5,0,0,0,0,-0.00229183,0,0,0,0,0,0,0,0,0,1,79,61,0,0.00034,0.00034,3,5,0,0,0,0,0,0,0,0,0,0,1,0,0,0,0,0,0,0,0,0,0,,0,0,0,0,
2,3.36,0,14.65,40,0,0,0,4.4,0,0,0,0,-5,0,0,0,0,-0.00229183,0,0,0,0,0,0,0,0,0,1,89,61,0,0.00034,0.00034,3,0,0,0,0,0,0,0,0,0,0,0,1,0,0,0,0,0,0,0,0,0,0,,0,0,0,0,
3,5.21,0,11.4,23,0,0,0,-0.85,0,0,0,0,-25.5,0,0,0,0,-0.00229183,0,0,0,0,0,0,0,0,0,1,68,61,0,0.00034,0.00034,3,5,0,0,0,0,0,0,0,0,0,0,1,0,0,0,0,0,0,0,0,0,0,,0,0,0,0,
4,5.64,0,13.3,22.5,0,0,0,-3,0,0,0,0,-24.5,0,0,0,0,-0.00229183,0,0,0,0,0,0,0,0,0,1,68,61,0,0.00034,0.00034,3,5,0,0,0,0,0,0,0,0,0,0,1,0,0,0,0,0,0,0,0,0,0,,0,0,0,0,
5,6.24,0,17.4,28,0,0,0,-3.3,0,0,0,0,-16.5,0,0,0,0,-0.00229183,0,0,0,0,0,0,0,0,0,1,73,61,0,0.00034,0.00034,3,5,0,0,0,0,0,0,0,0,0,0,1,0,0,0,0,0,0,0,0,0,0,,0,0,0,0,
END,Total:6
START,FrameNb:138,CameraNb:0,HeSaiNb:0,ARS410Nb:0
2026/08/02 21:39:34:121---->
heightOffset:0,1785677974121,482284,selfCaliBufCnt:0,selfAccObjCnt:0,selfAccAngle:0,installHAngleOffset:0,Interpolation:0,installVAngleOffset:0,radarOffsetH:0,radarOffsetV:0.32,Polynom:-0.001023;-0.0511;-2.047;0;0;0;-0.001023;-0.0511;-2.047;-25.5;0;0,WheelDirection:0;0;0;0,selfAngleOffset:0,selfAngleOffsetPit:0,currCaliAngleHrz:0,currCaliAnglePit:0,selfCaliAngleHrz:0,selfCaliAnglePit:0,servCaliAngleHrz:0,servCaliAnglePit:0,offlineCaliAngleHrz:0,offlineCaliAnglePit:0,determine2useFlag:0,IMU_Z_Accel:-21.592,IMU_X_AngularRate:-2.093,IMU_Y_AngularRate:-2.093,IMU_RollAngle:-180,IMU_PitchAngle:-180,IMU_YawAngle:-180,FcwID:0,FCWWarningLevel:0,FCWTTC:0
0,1.98,0,16.55,38,0,0,0,7.55,1.25452e-34,0,0,0,-6.5,0,0,0,0,-0.00229183,0,0,0,0,0,0,0,0,0,1,87,53,0,0.00034,0.00034,3,5,0,0,0,0,0,0,0,0,0,0,1,0,1,0,0,0,0,0,0,0,0,,0,0,0,0,
1,2.76,0,-8.95,28.5,0,0,0,-13.55,0,0,0,0,-18,0,0,0,0,-0.00229183,0,0,0,0,0,0,0,0,0,1,78,53,0,0.00034,0.00034,3,5,0,0,0,0,0,0,0,0,0,0,1,0,1,0,0,0,0,0,0,0,0,,0,0,0,0,
2,3.36,0,14.55,40,0,0,0,4.3,0,0,0,0,-5,0,0,0,0,-0.00229183,0,0,0,0,0,0,0,0,0,1,89,53,0,0.00034,0.00034,3,0,0,0,0,0,0,0,0,0,0,0,1,0,1,0,0,0,0,0,0,0,0,,0,0,0,0,
3,3.91,0,-56.6,22,0,0,0,6.9,0,0,0,0,0,0,0,0,0,-0.00229183,0,0,0,0,0,0,0,0,0,1,70,53,0,0.00034,0.00034,2,-1,0,0,0,0,0,0,0,0,0,0,1,0,1,0,0,0,0,0,0,0,0,,0,0,0,0,
4,3.96,0.1,6.65,20.5,0,0,0,2,0,0,0,0,-26.5,0,0,0,0,-0.00229183,0,0,0,0,0,0,0,0,0,1,69,53,0,0.00034,0.00034,3,5,0,0,0,0,0,0,0,0,0,0,1,0,1,0,0,0,0,0,0,0,0,,0,0,0,0,
5,5.22,0,-46.2,22,0,0,0,5.8,0,0,0,0,-8.5,0,0,0,0,-0.00229183,0,0,0,0,0,0,0,0,0,1,67,53,0,0.00034,0.00034,2,-1,0,0,0,0,0,0,0,0,0,0,1,0,1,0,0,0,0,0,0,0,0,,0,0,0,0,
6,5.63,0,13.2,21.5,0,0,0,-2.7,0,0,0,0,-25.5,0,0,0,0,-0.00229183,0,0,0,0,0,0,0,0,0,1,67,53,0,0.00034,0.00034,3,5,0,0,0,0,0,0,0,0,0,0,1,0,1,0,0,0,0,0,0,0,0,,0,0,0,0,
7,6.23,0,-46.6,27,0,0,0,-9.7,0,0,0,0,-2.5,0,0,0,0,-0.00229183,0,0,0,0,0,0,0,0,0,1,72,53,0,0.00034,0.00034,2,-1,0,0,0,0,0,0,0,0,0,0,1,0,1,0,0,0,0,0,0,0,0,,0,0,0,0,
END,Total:8
START,FrameNb:139,CameraNb:0,HeSaiNb:0,ARS410Nb:0
2026/08/02 21:39:34:165---->
heightOffset:0,1785677974165,482336,selfCaliBufCnt:0,selfAccObjCnt:0,selfAccAngle:0,installHAngleOffset:0,Interpolation:0,installVAngleOffset:0,radarOffsetH:0,radarOffsetV:0.32,Polynom:-0.001023;-0.0511;-2.047;0;0;0;-0.001023;-0.0511;-2.047;-25.5;0;0,WheelDirection:0;0;0;0,selfAngleOffset:0,selfAngleOffsetPit:0,currCaliAngleHrz:0,currCaliAnglePit:0,selfCaliAngleHrz:0,selfCaliAnglePit:0,servCaliAngleHrz:0,servCaliAnglePit:0,offlineCaliAngleHrz:0,offlineCaliAnglePit:0,determine2useFlag:0,IMU_Z_Accel:-21.592,IMU_X_AngularRate:-2.093,IMU_Y_AngularRate:-2.093,IMU_RollAngle:-180,IMU_PitchAngle:-180,IMU_YawAngle:-180,FcwID:0,FCWWarningLevel:0,FCWTTC:0
0,1.98,0,16.55,38,0,0,0,7.55,1.25452e-34,0,0,0,-6.5,0,0,0,0,-0.00229183,0,0,0,0,0,0,0,0,0,1,87,58,0,0.00034,0.00034,3,5,0,0,0,0,0,0,0,0,0,0,1,0,0,0,0,0,0,0,0,0,0,,0,0,0,0,
1,2.76,0,-9.15,28.5,0,0,0,-13.6,0,0,0,0,-18.5,0,0,0,0,-0.00229183,0,0,0,0,0,0,0,0,0,1,78,58,0,0.00034,0.00034,3,5,0,0,0,0,0,0,0,0,0,0,1,0,0,0,0,0,0,0,0,0,0,,0,0,0,0,
2,3.36,0,14.55,40,0,0,0,4.3,0,0,0,0,-5,0,0,0,0,-0.00229183,0,0,0,0,0,0,0,0,0,1,89,58,0,0.00034,0.00034,3,0,0,0,0,0,0,0,0,0,0,0,1,0,0,0,0,0,0,0,0,0,0,,0,0,0,0,
3,3.97,0.15,7,18.5,0,0,0,1.55,0,0,0,0,-28.5,0,0,0,0,-0.00229183,0,0,0,0,0,0,0,0,0,1,67,58,0,0.00034,0.00034,3,5,0,0,0,0,0,0,0,0,0,0,1,0,0,0,0,0,0,0,0,0,0,,0,0,0,0,
4,5.22,0,-46.35,22.5,0,0,0,5.7,0,0,0,0,-8.5,0,0,0,0,-0.00229183,0,0,0,0,0,0,0,0,0,1,67,58,0,0.00034,0.00034,3,5,0,0,0,0,0,0,0,0,0,0,1,0,0,0,0,0,0,0,0,0,0,,0,0,0,0,
5,5.64,0,13.65,22,0,0,0,-2.7,0,0,0,0,-25.5,0,0,0,0,-0.00229183,0,0,0,0,0,0,0,0,0,1,67,58,0,0.00034,0.00034,3,5,0,0,0,0,0,0,0,0,0,0,1,0,0,0,0,0,0,0,0,0,0,,0,0,0,0,
6,6.22,0,-46.8,27,0,0,0,-9.75,0,0,0,0,-2.5,0,0,0,0,-0.00229183,0,0,0,0,0,0,0,0,0,1,72,58,0,0.00034,0.00034,3,5,0,0,0,0,0,0,0,0,0,0,1,0,0,0,0,0,0,0,0,0,0,,0,0,0,0,
END,Total:7
START,FrameNb:140,CameraNb:0,HeSaiNb:0,ARS410Nb:0
2026/08/02 21:39:34:277---->
heightOffset:0,1785677974277,482396,selfCaliBufCnt:0,selfAccObjCnt:0,selfAccAngle:0,installHAngleOffset:0,Interpolation:0,installVAngleOffset:0,radarOffsetH:0,radarOffsetV:0.32,Polynom:-0.001023;-0.0511;-2.047;0;0;0;-0.001023;-0.0511;-2.047;-25.5;0;0,WheelDirection:0;0;0;0,selfAngleOffset:0,selfAngleOffsetPit:0,currCaliAngleHrz:0,currCaliAnglePit:0,selfCaliAngleHrz:0,selfCaliAnglePit:0,servCaliAngleHrz:0,servCaliAnglePit:0,offlineCaliAngleHrz:0,offlineCaliAnglePit:0,determine2useFlag:0,IMU_Z_Accel:-21.592,IMU_X_AngularRate:-2.093,IMU_Y_AngularRate:-2.093,IMU_RollAngle:-180,IMU_PitchAngle:-180,IMU_YawAngle:-180,FcwID:0,FCWWarningLevel:0,FCWTTC:0
0,1.99,0,16.55,38,0,0,0,7.55,1.25452e-34,0,0,0,-6.5,0,0,0,0,-0.00229183,0,0,0,0,0,0,0,0,0,1,87,54,0,0.00034,0.00034,3,5,0,0,0,0,0,0,0,0,0,0,1,0,1,0,0,0,0,0,0,0,0,,0,0,0,0,
1,2.76,0,-23.45,29,0,0,0,5.9,0,0,0,0,-14,0,0,0,0,-0.00229183,0,0,0,0,0,0,0,0,0,1,78,54,0,0.00034,0.00034,2,-1,0,0,0,0,0,0,0,0,0,0,1,0,1,0,0,0,0,0,0,0,0,,0,0,0,0,
2,3.36,0,14.65,40,0,0,0,4.4,0,0,0,0,-5,0,0,0,0,-0.00229183,0,0,0,0,0,0,0,0,0,1,89,54,0,0.00034,0.00034,3,0,0,0,0,0,0,0,0,0,0,0,1,0,1,0,0,0,0,0,0,0,0,,0,0,0,0,
3,5.62,0,13.5,23.5,0,0,0,-1.05,0,0,0,0,-24,0,0,0,0,-0.00229183,0,0,0,0,0,0,0,0,0,1,69,54,0,0.00034,0.00034,3,5,0,0,0,0,0,0,0,0,0,0,1,0,1,0,0,0,0,0,0,0,0,,0,0,0,0,
4,6.21,0,-46.7,27,0,0,0,-10.05,0,0,0,0,-2.5,0,0,0,0,-0.00229183,0,0,0,0,0,0,0,0,0,1,72,54,0,0.00034,0.00034,3,5,0,0,0,0,0,0,0,0,0,0,1,0,1,0,0,0,0,0,0,0,0,,0,0,0,0,
END,Total:5
START,FrameNb:141,CameraNb:0,HeSaiNb:0,ARS410Nb:0
2026/08/02 21:39:34:320---->
heightOffset:0,1785677974320,482448,selfCaliBufCnt:0,selfAccObjCnt:0,selfAccAngle:0,installHAngleOffset:0,Interpolation:0,installVAngleOffset:0,radarOffsetH:0,radarOffsetV:0.32,Polynom:-0.001023;-0.0511;-2.047;0;0;0;-0.001023;-0.0511;-2.047;-25.5;0;0,WheelDirection:0;0;0;0,selfAngleOffset:0,selfAngleOffsetPit:0,currCaliAngleHrz:0,currCaliAnglePit:0,selfCaliAngleHrz:0,selfCaliAnglePit:0,servCaliAngleHrz:0,servCaliAnglePit:0,offlineCaliAngleHrz:0,offlineCaliAnglePit:0,determine2useFlag:0,IMU_Z_Accel:-21.592,IMU_X_AngularRate:-2.093,IMU_Y_AngularRate:-2.093,IMU_RollAngle:-180,IMU_PitchAngle:-180,IMU_YawAngle:-180,FcwID:0,FCWWarningLevel:0,FCWTTC:0
0,1.99,0,16.55,38,0,0,0,7.55,1.25452e-34,0,0,0,-6.5,0,0,0,0,-0.00229183,0,0,0,0,0,0,0,0,0,1,87,57,0,0.00034,0.00034,3,5,0,0,0,0,0,0,0,0,0,0,1,0,0,0,0,0,0,0,0,0,0,,0,0,0,0,
1,2.77,0,66.95,29.5,0,0,0,-10.3,0,0,0,0,17.5,0,0,0,0,-0.00229183,0,0,0,0,0,0,0,0,0,1,79,57,0,0.00034,0.00034,2,-1,0,0,0,0,0,0,0,0,0,0,1,0,0,0,0,0,0,0,0,0,0,,0,0,0,0,
2,3.36,0,14.55,40,0,0,0,4.3,0,0,0,0,-5,0,0,0,0,-0.00229183,0,0,0,0,0,0,0,0,0,1,89,57,0,0.00034,0.00034,3,0,0,0,0,0,0,0,0,0,0,0,1,0,0,0,0,0,0,0,0,0,0,,0,0,0,0,
3,5.41,0,10.9,24,0,0,0,-0.7,0,0,0,0,-24.5,0,0,0,0,-0.00229183,0,0,0,0,0,0,0,0,0,1,69,57,0,0.00034,0.00034,3,5,0,0,0,0,0,0,0,0,0,0,1,0,0,0,0,0,0,0,0,0,0,,0,0,0,0,
4,5.63,0,13.55,26.5,0,0,0,-1,0,0,0,0,-21,0,0,0,0,-0.00229183,0,0,0,0,0,0,0,0,0,1,71,57,0,0.00034,0.00034,3,5,0,0,0,0,0,0,0,0,0,0,1,0,0,0,0,0,0,0,0,0,0,,0,0,0,0,
5,6.21,0,-46.9,27,0,0,0,-9.6,0,0,0,0,-2.5,0,0,0,0,-0.00229183,0,0,0,0,0,0,0,0,0,1,72,57,0,0.00034,0.00034,3,5,0,0,0,0,0,0,0,0,0,0,1,0,0,0,0,0,0,0,0,0,0,,0,0,0,0,
END,Total:6
START,FrameNb:142,CameraNb:0,HeSaiNb:0,ARS410Nb:0
2026/08/02 21:39:34:369---->
heightOffset:0,1785677974369,482508,selfCaliBufCnt:0,selfAccObjCnt:0,selfAccAngle:0,installHAngleOffset:0,Interpolation:0,installVAngleOffset:0,radarOffsetH:0,radarOffsetV:0.32,Polynom:-0.001023;-0.0511;-2.047;0;0;0;-0.001023;-0.0511;-2.047;-25.5;0;0,WheelDirection:0;0;0;0,selfAngleOffset:0,selfAngleOffsetPit:0,currCaliAngleHrz:0,currCaliAnglePit:0,selfCaliAngleHrz:0,selfCaliAnglePit:0,servCaliAngleHrz:0,servCaliAnglePit:0,offlineCaliAngleHrz:0,offlineCaliAnglePit:0,determine2useFlag:0,IMU_Z_Accel:-21.592,IMU_X_AngularRate:-2.093,IMU_Y_AngularRate:-2.093,IMU_RollAngle:-180,IMU_PitchAngle:-180,IMU_YawAngle:-180,FcwID:0,FCWWarningLevel:0,FCWTTC:0
0,1.99,0,16.55,38,0,0,0,7.55,1.25452e-34,0,0,0,-6.5,0,0,0,0,-0.00229183,0,0,0,0,0,0,0,0,0,1,87,54,0,0.00034,0.00034,3,5,0,0,0,0,0,0,0,0,0,0,1,0,1,0,0,0,0,0,0,0,0,,0,0,0,0,
1,2.77,0,-7.3,29,0,0,0,-15,0,0,0,0,-18,0,0,0,0,-0.00229183,0,0,0,0,0,0,0,0,0,1,78,54,0,0.00034,0.00034,3,5,0,0,0,0,0,0,0,0,0,0,1,0,1,0,0,0,0,0,0,0,0,,0,0,0,0,
2,3.36,0,14.6,40,0,0,0,4.25,0,0,0,0,-5,0,0,0,0,-0.00229183,0,0,0,0,0,0,0,0,0,1,89,54,0,0.00034,0.00034,3,0,0,0,0,0,0,0,0,0,0,0,1,0,1,0,0,0,0,0,0,0,0,,0,0,0,0,
3,3.83,0,4.7,21.5,0,0,0,-2.85,0,0,0,0,-25.5,0,0,0,0,-0.00229183,0,0,0,0,0,0,0,0,0,1,70,54,0,0.00034,0.00034,3,5,0,0,0,0,0,0,0,0,0,0,1,0,1,0,0,0,0,0,0,0,0,,0,0,0,0,
4,5.62,0,13.55,28,0,0,0,-1.1,0,0,0,0,-19.5,0,0,0,0,-0.00229183,0,0,0,0,0,0,0,0,0,1,73,54,0,0.00034,0.00034,3,5,0,0,0,0,0,0,0,0,0,0,1,0,1,0,0,0,0,0,0,0,0,,0,0,0,0,
5,6.2,0,-46.95,27,0,0,0,-9.75,0,0,0,0,-2.5,0,0,0,0,-0.00229183,0,0,0,0,0,0,0,0,0,1,72,54,0,0.00034,0.00034,3,5,0,0,0,0,0,0,0,0,0,0,1,0,1,0,0,0,0,0,0,0,0,,0,0,0,0,
END,Total:6
START,FrameNb:143,CameraNb:0,HeSaiNb:0,ARS410Nb:0
2026/08/02 21:39:34:415---->
heightOffset:0,1785677974415,482564,selfCaliBufCnt:0,selfAccObjCnt:0,selfAccAngle:0,installHAngleOffset:0,Interpolation:0,installVAngleOffset:0,radarOffsetH:0,radarOffsetV:0.32,Polynom:-0.001023;-0.0511;-2.047;0;0;0;-0.001023;-0.0511;-2.047;-25.5;0;0,WheelDirection:0;0;0;0,selfAngleOffset:0,selfAngleOffsetPit:0,currCaliAngleHrz:0,currCaliAnglePit:0,selfCaliAngleHrz:0,selfCaliAnglePit:0,servCaliAngleHrz:0,servCaliAnglePit:0,offlineCaliAngleHrz:0,offlineCaliAnglePit:0,determine2useFlag:0,IMU_Z_Accel:-21.592,IMU_X_AngularRate:-2.093,IMU_Y_AngularRate:-2.093,IMU_RollAngle:-180,IMU_PitchAngle:-180,IMU_YawAngle:-180,FcwID:0,FCWWarningLevel:0,FCWTTC:0
0,1.98,0,16.55,38,0,0,0,7.55,1.25452e-34,0,0,0,-6.5,0,0,0,0,-0.00229183,0,0,0,0,0,0,0,0,0,1,87,61,0,0.00034,0.00034,3,5,0,0,0,0,0,0,0,0,0,0,1,0,0,0,0,0,0,0,0,0,0,,0,0,0,0,
1,2.79,0,-6.9,29.5,0,0,0,-15,0,0,0,0,-17.5,0,0,0,0,-0.00229183,0,0,0,0,0,0,0,0,0,1,79,61,0,0.00034,0.00034,3,5,0,0,0,0,0,0,0,0,0,0,1,0,0,0,0,0,0,0,0,0,0,,0,0,0,0,
2,3.37,0,14.65,40,0,0,0,4.8,0,0,0,0,-5,0,0,0,0,-0.00229183,0,0,0,0,0,0,0,0,0,1,89,61,0,0.00034,0.00034,3,0,0,0,0,0,0,0,0,0,0,0,1,0,0,0,0,0,0,0,0,0,0,,0,0,0,0,
3,5.62,0,13.5,28.5,0,0,0,-1,0,0,0,0,-18.5,0,0,0,0,-0.00229183,0,0,0,0,0,0,0,0,0,1,74,61,0,0.00034,0.00034,3,5,0,0,0,0,0,0,0,0,0,0,1,0,0,0,0,0,0,0,0,0,0,,0,0,0,0,
4,6.19,0,-46.95,27,0,0,0,-9.55,0,0,0,0,-2.5,0,0,0,0,-0.00229183,0,0,0,0,0,0,0,0,0,1,72,61,0,0.00034,0.00034,3,5,0,0,0,0,0,0,0,0,0,0,1,0,0,0,0,0,0,0,0,0,0,,0,0,0,0,
END,Total:5
START,FrameNb:144,CameraNb:0,HeSaiNb:0,ARS410Nb:0
2026/08/02 21:39:34:475---->
heightOffset:0,1785677974475,482624,selfCaliBufCnt:0,selfAccObjCnt:0,selfAccAngle:0,installHAngleOffset:0,Interpolation:0,installVAngleOffset:0,radarOffsetH:0,radarOffsetV:0.32,Polynom:-0.001023;-0.0511;-2.047;0;0;0;-0.001023;-0.0511;-2.047;-25.5;0;0,WheelDirection:0;0;0;0,selfAngleOffset:0,selfAngleOffsetPit:0,currCaliAngleHrz:0,currCaliAnglePit:0,selfCaliAngleHrz:0,selfCaliAnglePit:0,servCaliAngleHrz:0,servCaliAnglePit:0,offlineCaliAngleHrz:0,offlineCaliAnglePit:0,determine2useFlag:0,IMU_Z_Accel:-21.592,IMU_X_AngularRate:-2.093,IMU_Y_AngularRate:-2.093,IMU_RollAngle:-180,IMU_PitchAngle:-180,IMU_YawAngle:-180,FcwID:0,FCWWarningLevel:0,FCWTTC:0
0,1.99,0,16.6,38,0,0,0,7.65,1.25452e-34,0,0,0,-6.5,0,0,0,0,-0.00229183,0,0,0,0,0,0,0,0,0,1,87,58,0,0.00034,0.00034,3,5,0,0,0,0,0,0,0,0,0,0,1,0,1,0,0,0,0,0,0,0,0,,0,0,0,0,
1,2.79,0,67.2,30,0,0,0,-9.7,0,0,0,0,19,0,0,0,0,-0.00229183,0,0,0,0,0,0,0,0,0,1,79,58,0,0.00034,0.00034,2,-1,0,0,0,0,0,0,0,0,0,0,1,0,1,0,0,0,0,0,0,0,0,,0,0,0,0,
2,3.36,0,14.6,40.5,0,0,0,4.45,0,0,0,0,-5,0,0,0,0,-0.00229183,0,0,0,0,0,0,0,0,0,1,89,58,0,0.00034,0.00034,3,0,0,0,0,0,0,0,0,0,0,0,1,0,1,0,0,0,0,0,0,0,0,,0,0,0,0,
3,3.86,0,4.65,22.5,0,0,0,-1.95,0,0,0,0,-25,0,0,0,0,-0.00229183,0,0,0,0,0,0,0,0,0,1,71,58,0,0.00034,0.00034,3,5,0,0,0,0,0,0,0,0,0,0,1,0,1,0,0,0,0,0,0,0,0,,0,0,0,0,
4,5.62,0,13.5,29.5,0,0,0,-1,0,0,0,0,-18,0,0,0,0,-0.00229183,0,0,0,0,0,0,0,0,0,1,74,58,0,0.00034,0.00034,3,5,0,0,0,0,0,0,0,0,0,0,1,0,1,0,0,0,0,0,0,0,0,,0,0,0,0,
5,6.21,0,-46.85,27,0,0,0,-9.7,0,0,0,0,-2.5,0,0,0,0,-0.00229183,0,0,0,0,0,0,0,0,0,1,72,58,0,0.00034,0.00034,3,5,0,0,0,0,0,0,0,0,0,0,1,0,1,0,0,0,0,0,0,0,0,,0,0,0,0,
END,Total:6
START,FrameNb:145,CameraNb:0,HeSaiNb:0,ARS410Nb:0
2026/08/02 21:39:34:528---->
heightOffset:0,1785677974528,482680,selfCaliBufCnt:0,selfAccObjCnt:0,selfAccAngle:0,installHAngleOffset:0,Interpolation:0,installVAngleOffset:0,radarOffsetH:0,radarOffsetV:0.32,Polynom:-0.001023;-0.0511;-2.047;0;0;0;-0.001023;-0.0511;-2.047;-25.5;0;0,WheelDirection:0;0;0;0,selfAngleOffset:0,selfAngleOffsetPit:0,currCaliAngleHrz:0,currCaliAnglePit:0,selfCaliAngleHrz:0,selfCaliAnglePit:0,servCaliAngleHrz:0,servCaliAnglePit:0,offlineCaliAngleHrz:0,offlineCaliAnglePit:0,determine2useFlag:0,IMU_Z_Accel:-21.592,IMU_X_AngularRate:-2.093,IMU_Y_AngularRate:-2.093,IMU_RollAngle:-180,IMU_PitchAngle:-180,IMU_YawAngle:-180,FcwID:0,FCWWarningLevel:0,FCWTTC:0
0,1.98,0,16.55,38,0,0,0,7.55,1.25452e-34,0,0,0,-6.5,0,0,0,0,-0.00229183,0,0,0,0,0,0,0,0,0,1,87,59,0,0.00034,0.00034,3,5,0,0,0,0,0,0,0,0,0,0,1,0,0,0,0,0,0,0,0,0,0,,0,0,0,0,
1,2.79,0,-7.1,29.5,0,0,0,-11.8,0,0,0,0,-17.5,0,0,0,0,-0.00229183,0,0,0,0,0,0,0,0,0,1,79,59,0,0.00034,0.00034,3,7,0,0,0,0,0,0,0,0,0,0,1,0,0,0,0,0,0,0,0,0,0,,0,0,0,0,
2,3.36,0,14.55,40,0,0,0,4.3,0,0,0,0,-5,0,0,0,0,-0.00229183,0,0,0,0,0,0,0,0,0,1,89,59,0,0.00034,0.00034,3,0,0,0,0,0,0,0,0,0,0,0,1,0,0,0,0,0,0,0,0,0,0,,0,0,0,0,
3,5.62,0,13.55,29.5,0,0,0,-1.05,0,0,0,0,-18,0,0,0,0,-0.00229183,0,0,0,0,0,0,0,0,0,1,75,59,0,0.00034,0.00034,3,5,0,0,0,0,0,0,0,0,0,0,1,0,0,0,0,0,0,0,0,0,0,,0,0,0,0,
4,6.15,0,-46.95,27,0,0,0,-9.7,0,0,0,0,-2.5,0,0,0,0,-0.00229183,0,0,0,0,0,0,0,0,0,1,72,59,0,0.00034,0.00034,3,0,0,0,0,0,0,0,0,0,0,0,1,0,0,0,0,0,0,0,0,0,0,,0,0,0,0,
END,Total:5
START,FrameNb:146,CameraNb:0,HeSaiNb:0,ARS410Nb:0
2026/08/02 21:39:34:570---->
heightOffset:0,1785677974570,482736,selfCaliBufCnt:0,selfAccObjCnt:0,selfAccAngle:0,installHAngleOffset:0,Interpolation:0,installVAngleOffset:0,radarOffsetH:0,radarOffsetV:0.32,Polynom:-0.001023;-0.0511;-2.047;0;0;0;-0.001023;-0.0511;-2.047;-25.5;0;0,WheelDirection:0;0;0;0,selfAngleOffset:0,selfAngleOffsetPit:0,currCaliAngleHrz:0,currCaliAnglePit:0,selfCaliAngleHrz:0,selfCaliAnglePit:0,servCaliAngleHrz:0,servCaliAnglePit:0,offlineCaliAngleHrz:0,offlineCaliAnglePit:0,determine2useFlag:0,IMU_Z_Accel:-21.592,IMU_X_AngularRate:-2.093,IMU_Y_AngularRate:-2.093,IMU_RollAngle:-180,IMU_PitchAngle:-180,IMU_YawAngle:-180,FcwID:0,FCWWarningLevel:0,FCWTTC:0
0,1.98,0,16.55,38,0,0,0,7.7,1.25452e-34,0,0,0,-6.5,0,0,0,0,-0.00229183,0,0,0,0,0,0,0,0,0,1,87,53,0,0.00034,0.00034,3,5,0,0,0,0,0,0,0,0,0,0,1,0,1,0,0,0,0,0,0,0,0,,0,0,0,0,
1,2.78,0,69.95,30,0,0,0,3.4,0,0,0,0,20.5,0,0,0,0,-0.00229183,0,0,0,0,0,0,0,0,0,1,79,53,0,0.00034,0.00034,2,-1,0,0,0,0,0,0,0,0,0,0,1,0,1,0,0,0,0,0,0,0,0,,0,0,0,0,
2,3.36,0,14.55,40.5,0,0,0,4.45,0,0,0,0,-5,0,0,0,0,-0.00229183,0,0,0,0,0,0,0,0,0,1,89,53,0,0.00034,0.00034,3,0,0,0,0,0,0,0,0,0,0,0,1,0,1,0,0,0,0,0,0,0,0,,0,0,0,0,
3,5.62,0,13.45,29.5,0,0,0,-0.95,0,0,0,0,-18,0,0,0,0,-0.00229183,0,0,0,0,0,0,0,0,0,1,74,53,0,0.00034,0.00034,3,5,0,0,0,0,0,0,0,0,0,0,1,0,1,0,0,0,0,0,0,0,0,,0,0,0,0,
4,6.2,0,-46.85,27.5,0,0,0,-9.95,0,0,0,0,-2.5,0,0,0,0,-0.00229183,0,0,0,0,0,0,0,0,0,1,73,53,0,0.00034,0.00034,3,5,0,0,0,0,0,0,0,0,0,0,1,0,1,0,0,0,0,0,0,0,0,,0,0,0,0,
END,Total:5
START,FrameNb:147,CameraNb:0,HeSaiNb:0,ARS410Nb:0
2026/08/02 21:39:34:622---->
heightOffset:0,1785677974622,482792,selfCaliBufCnt:0,selfAccObjCnt:0,selfAccAngle:0,installHAngleOffset:0,Interpolation:0,installVAngleOffset:0,radarOffsetH:0,radarOffsetV:0.32,Polynom:-0.001023;-0.0511;-2.047;0;0;0;-0.001023;-0.0511;-2.047;-25.5;0;0,WheelDirection:0;0;0;0,selfAngleOffset:0,selfAngleOffsetPit:0,currCaliAngleHrz:0,currCaliAnglePit:0,selfCaliAngleHrz:0,selfCaliAnglePit:0,servCaliAngleHrz:0,servCaliAnglePit:0,offlineCaliAngleHrz:0,offlineCaliAnglePit:0,determine2useFlag:0,IMU_Z_Accel:-21.592,IMU_X_AngularRate:-2.093,IMU_Y_AngularRate:-2.093,IMU_RollAngle:-180,IMU_PitchAngle:-180,IMU_YawAngle:-180,FcwID:0,FCWWarningLevel:0,FCWTTC:0
0,1.98,0,16.55,38.5,0,0,0,7.65,1.25452e-34,0,0,0,-6.5,0,0,0,0,-0.00229183,0,0,0,0,0,0,0,0,0,1,87,58,0,0.00034,0.00034,3,5,0,0,0,0,0,0,0,0,0,0,1,0,0,0,0,0,0,0,0,0,0,,0,0,0,0,
1,2.77,0,-7.3,30,0,0,0,-15,0,0,0,0,-17.5,0,0,0,0,-0.00229183,0,0,0,0,0,0,0,0,0,1,79,58,0,0.00034,0.00034,3,5,0,0,0,0,0,0,0,0,0,0,1,0,0,0,0,0,0,0,0,0,0,,0,0,0,0,
2,3.37,0,14.65,40.5,0,0,0,4.75,0,0,0,0,-5,0,0,0,0,-0.00229183,0,0,0,0,0,0,0,0,0,1,89,58,0,0.00034,0.00034,3,0,0,0,0,0,0,0,0,0,0,0,1,0,0,0,0,0,0,0,0,0,0,,0,0,0,0,
3,5.62,0,13.3,29.5,0,0,0,-1,0,0,0,0,-18,0,0,0,0,-0.00229183,0,0,0,0,0,0,0,0,0,1,74,58,0,0.00034,0.00034,3,5,0,0,0,0,0,0,0,0,0,0,1,0,0,0,0,0,0,0,0,0,0,,0,0,0,0,
4,6.27,0,-47.95,26.5,0,0,0,-10.6,0,0,0,0,-1.5,0,0,0,0,-0.00229183,0,0,0,0,0,0,0,0,0,1,72,58,0,0.00034,0.00034,3,5,0,0,0,0,0,0,0,0,0,0,1,0,0,0,0,0,0,0,0,0,0,,0,0,0,0,
END,Total:5
START,FrameNb:148,CameraNb:0,HeSaiNb:0,ARS410Nb:0
2026/08/02 21:39:34:727---->
heightOffset:0,1785677974727,482848,selfCaliBufCnt:0,selfAccObjCnt:0,selfAccAngle:0,installHAngleOffset:0,Interpolation:0,installVAngleOffset:0,radarOffsetH:0,radarOffsetV:0.32,Polynom:-0.001023;-0.0511;-2.047;0;0;0;-0.001023;-0.0511;-2.047;-25.5;0;0,WheelDirection:0;0;0;0,selfAngleOffset:0,selfAngleOffsetPit:0,currCaliAngleHrz:0,currCaliAnglePit:0,selfCaliAngleHrz:0,selfCaliAnglePit:0,servCaliAngleHrz:0,servCaliAnglePit:0,offlineCaliAngleHrz:0,offlineCaliAnglePit:0,determine2useFlag:0,IMU_Z_Accel:-21.592,IMU_X_AngularRate:-2.093,IMU_Y_AngularRate:-2.093,IMU_RollAngle:-180,IMU_PitchAngle:-180,IMU_YawAngle:-180,FcwID:0,FCWWarningLevel:0,FCWTTC:0
0,1.98,0,16.6,38,0,0,0,7.65,1.25452e-34,0,0,0,-6.5,0,0,0,0,-0.00229183,0,0,0,0,0,0,0,0,0,1,87,53,0,0.00034,0.00034,3,5,0,0,0,0,0,0,0,0,0,0,1,0,1,0,0,0,0,0,0,0,0,,0,0,0,0,
1,2.77,0,-7.3,30,0,0,0,-15,0,0,0,0,-17.5,0,0,0,0,-0.00229183,0,0,0,0,0,0,0,0,0,1,79,53,0,0.00034,0.00034,3,5,0,0,0,0,0,0,0,0,0,0,1,0,1,0,0,0,0,0,0,0,0,,0,0,0,0,
2,3.36,0,14.55,40.5,0,0,0,4.4,0,0,0,0,-5,0,0,0,0,-0.00229183,0,0,0,0,0,0,0,0,0,1,89,53,0,0.00034,0.00034,3,0,0,0,0,0,0,0,0,0,0,0,1,0,1,0,0,0,0,0,0,0,0,,0,0,0,0,
3,5.62,0,13.15,29,0,0,0,-0.75,0,0,0,0,-18.5,0,0,0,0,-0.00229183,0,0,0,0,0,0,0,0,0,1,74,53,0,0.00034,0.00034,3,5,0,0,0,0,0,0,0,0,0,0,1,0,1,0,0,0,0,0,0,0,0,,0,0,0,0,
4,6.28,0,17.1,27,0,0,0,-4.8,0,0,0,0,-17.5,0,0,0,0,-0.00229183,0,0,0,0,0,0,0,0,0,1,72,53,0,0.00034,0.00034,3,5,0,0,0,0,0,0,0,0,0,0,1,0,1,0,0,0,0,0,0,0,0,,0,0,0,0,
END,Total:5
START,FrameNb:149,CameraNb:0,HeSaiNb:0,ARS410Nb:0
2026/08/02 21:39:34:776---->
heightOffset:0,1785677974776,482900,selfCaliBufCnt:0,selfAccObjCnt:0,selfAccAngle:0,installHAngleOffset:0,Interpolation:0,installVAngleOffset:0,radarOffsetH:0,radarOffsetV:0.32,Polynom:-0.001023;-0.0511;-2.047;0;0;0;-0.001023;-0.0511;-2.047;-25.5;0;0,WheelDirection:0;0;0;0,selfAngleOffset:0,selfAngleOffsetPit:0,currCaliAngleHrz:0,currCaliAnglePit:0,selfCaliAngleHrz:0,selfCaliAnglePit:0,servCaliAngleHrz:0,servCaliAnglePit:0,offlineCaliAngleHrz:0,offlineCaliAnglePit:0,determine2useFlag:0,IMU_Z_Accel:-21.592,IMU_X_AngularRate:-2.093,IMU_Y_AngularRate:-2.093,IMU_RollAngle:-180,IMU_PitchAngle:-180,IMU_YawAngle:-180,FcwID:0,FCWWarningLevel:0,FCWTTC:0
0,1.98,0,16.55,38,0,0,0,7.65,1.25452e-34,0,0,0,-6.5,0,0,0,0,-0.00229183,0,0,0,0,0,0,0,0,0,1,87,57,0,0.00034,0.00034,3,5,0,0,0,0,0,0,0,0,0,0,1,0,0,0,0,0,0,0,0,0,0,,0,0,0,0,
1,2.78,0,67,29.5,0,0,0,-10.1,0,0,0,0,18.5,0,0,0,0,-0.00229183,0,0,0,0,0,0,0,0,0,1,79,57,0,0.00034,0.00034,2,-1,0,0,0,0,0,0,0,0,0,0,1,0,0,0,0,0,0,0,0,0,0,,0,0,0,0,
2,3.37,0,14.7,40.5,0,0,0,4.7,0,0,0,0,-5,0,0,0,0,-0.00229183,0,0,0,0,0,0,0,0,0,1,89,57,0,0.00034,0.00034,3,0,0,0,0,0,0,0,0,0,0,0,1,0,0,0,0,0,0,0,0,0,0,,0,0,0,0,
3,5.62,0,13,29,0,0,0,-0.7,0,0,0,0,-18.5,0,0,0,0,-0.00229183,0,0,0,0,0,0,0,0,0,1,74,57,0,0.00034,0.00034,3,5,0,0,0,0,0,0,0,0,0,0,1,0,0,0,0,0,0,0,0,0,0,,0,0,0,0,
4,6.26,0,17.1,27,0,0,0,-5.1,0,0,0,0,-17,0,0,0,0,-0.00229183,0,0,0,0,0,0,0,0,0,1,73,57,0,0.00034,0.00034,3,5,0,0,0,0,0,0,0,0,0,0,1,0,0,0,0,0,0,0,0,0,0,,0,0,0,0,
END,Total:5
START,FrameNb:150,CameraNb:0,HeSaiNb:0,ARS410Nb:0
2026/08/02 21:39:34:822---->
heightOffset:0,1785677974822,482964,selfCaliBufCnt:0,selfAccObjCnt:0,selfAccAngle:0,installHAngleOffset:0,Interpolation:0,installVAngleOffset:0,radarOffsetH:0,radarOffsetV:0.32,Polynom:-0.001023;-0.0511;-2.047;0;0;0;-0.001023;-0.0511;-2.047;-25.5;0;0,WheelDirection:0;0;0;0,selfAngleOffset:0,selfAngleOffsetPit:0,currCaliAngleHrz:0,currCaliAnglePit:0,selfCaliAngleHrz:0,selfCaliAnglePit:0,servCaliAngleHrz:0,servCaliAnglePit:0,offlineCaliAngleHrz:0,offlineCaliAnglePit:0,determine2useFlag:0,IMU_Z_Accel:-21.592,IMU_X_AngularRate:-2.093,IMU_Y_AngularRate:-2.093,IMU_RollAngle:-180,IMU_PitchAngle:-180,IMU_YawAngle:-180,FcwID:0,FCWWarningLevel:0,FCWTTC:0
0,1.99,0,16.55,38,0,0,0,7.55,1.25452e-34,0,0,0,-6.5,0,0,0,0,-0.00229183,0,0,0,0,0,0,0,0,0,1,87,54,0,0.00034,0.00034,3,5,0,0,0,0,0,0,0,0,0,0,1,0,1,0,0,0,0,0,0,0,0,,0,0,0,0,
1,2.77,0,-7.15,30,0,0,0,-15,0,0,0,0,-17.5,0,0,0,0,-0.00229183,0,0,0,0,0,0,0,0,0,1,79,54,0,0.00034,0.00034,3,5,0,0,0,0,0,0,0,0,0,0,1,0,1,0,0,0,0,0,0,0,0,,0,0,0,0,
2,3.36,0,14.55,40.5,0,0,0,4.45,0,0,0,0,-5,0,0,0,0,-0.00229183,0,0,0,0,0,0,0,0,0,1,89,54,0,0.00034,0.00034,3,0,0,0,0,0,0,0,0,0,0,0,1,0,1,0,0,0,0,0,0,0,0,,0,0,0,0,
3,5.62,0,13.15,28.5,0,0,0,-0.8,0,0,0,0,-19,0,0,0,0,-0.00229183,0,0,0,0,0,0,0,0,0,1,73,54,0,0.00034,0.00034,3,5,0,0,0,0,0,0,0,0,0,0,1,0,1,0,0,0,0,0,0,0,0,,0,0,0,0,
4,6.22,0,-46.8,27.5,0,0,0,-9.3,0,0,0,0,-2,0,0,0,0,-0.00229183,0,0,0,0,0,0,0,0,0,1,73,54,0,0.00034,0.00034,3,5,0,0,0,0,0,0,0,0,0,0,1,0,1,0,0,0,0,0,0,0,0,,0,0,0,0,
END,Total:5
START,FrameNb:151,CameraNb:0,HeSaiNb:0,ARS410Nb:0
2026/08/02 21:39:34:870---->
heightOffset:0,1785677974870,483020,selfCaliBufCnt:0,selfAccObjCnt:0,selfAccAngle:0,installHAngleOffset:0,Interpolation:0,installVAngleOffset:0,radarOffsetH:0,radarOffsetV:0.32,Polynom:-0.001023;-0.0511;-2.047;0;0;0;-0.001023;-0.0511;-2.047;-25.5;0;0,WheelDirection:0;0;0;0,selfAngleOffset:0,selfAngleOffsetPit:0,currCaliAngleHrz:0,currCaliAnglePit:0,selfCaliAngleHrz:0,selfCaliAnglePit:0,servCaliAngleHrz:0,servCaliAnglePit:0,offlineCaliAngleHrz:0,offlineCaliAnglePit:0,determine2useFlag:0,IMU_Z_Accel:-21.592,IMU_X_AngularRate:-2.093,IMU_Y_AngularRate:-2.093,IMU_RollAngle:-180,IMU_PitchAngle:-180,IMU_YawAngle:-180,FcwID:0,FCWWarningLevel:0,FCWTTC:0
0,1.98,0,16.55,38,0,0,0,7.55,1.25452e-34,0,0,0,-6.5,0,0,0,0,-0.00229183,0,0,0,0,0,0,0,0,0,1,87,66,0,0.00034,0.00034,3,5,0,0,0,0,0,0,0,0,0,0,1,0,0,0,0,0,0,0,0,0,0,,0,0,0,0,
1,2.77,0,67.05,30,0,0,0,-10,0,0,0,0,18.5,0,0,0,0,-0.00229183,0,0,0,0,0,0,0,0,0,1,79,66,0,0.00034,0.00034,2,-1,0,0,0,0,0,0,0,0,0,0,1,0,0,0,0,0,0,0,0,0,0,,0,0,0,0,
2,3.37,0,14.65,40,0,0,0,4.75,0,0,0,0,-5,0,0,0,0,-0.00229183,0,0,0,0,0,0,0,0,0,1,89,66,0,0.00034,0.00034,3,0,0,0,0,0,0,0,0,0,0,0,1,0,0,0,0,0,0,0,0,0,0,,0,0,0,0,
3,5.41,0,11.45,25.5,0,0,0,-0.85,0,0,0,0,-23.5,0,0,0,0,-0.00229183,0,0,0,0,0,0,0,0,0,1,70,66,0,0.00034,0.00034,3,5,0,0,0,0,0,0,0,0,0,0,1,0,0,0,0,0,0,0,0,0,0,,0,0,0,0,
4,5.63,0,13.55,27,0,0,0,-0.95,0,0,0,0,-20.5,0,0,0,0,-0.00229183,0,0,0,0,0,0,0,0,0,1,72,66,0,0.00034,0.00034,3,5,0,0,0,0,0,0,0,0,0,0,1,0,0,0,0,0,0,0,0,0,0,,0,0,0,0,
5,6.25,0,17.05,27,0,0,0,-5.05,0,0,0,0,-17,0,0,0,0,-0.00229183,0,0,0,0,0,0,0,0,0,1,73,66,0,0.00034,0.00034,3,0,0,0,0,0,0,0,0,0,0,0,1,0,0,0,0,0,0,0,0,0,0,,0,0,0,0,
END,Total:6
START,FrameNb:152,CameraNb:0,HeSaiNb:0,ARS410Nb:0
2026/08/02 21:39:34:914---->
heightOffset:0,1785677974914,483080,selfCaliBufCnt:0,selfAccObjCnt:0,selfAccAngle:0,installHAngleOffset:0,Interpolation:0,installVAngleOffset:0,radarOffsetH:0,radarOffsetV:0.32,Polynom:-0.001023;-0.0511;-2.047;0;0;0;-0.001023;-0.0511;-2.047;-25.5;0;0,WheelDirection:0;0;0;0,selfAngleOffset:0,selfAngleOffsetPit:0,currCaliAngleHrz:0,currCaliAnglePit:0,selfCaliAngleHrz:0,selfCaliAnglePit:0,servCaliAngleHrz:0,servCaliAnglePit:0,offlineCaliAngleHrz:0,offlineCaliAnglePit:0,determine2useFlag:0,IMU_Z_Accel:-21.592,IMU_X_AngularRate:-2.093,IMU_Y_AngularRate:-2.093,IMU_RollAngle:-180,IMU_PitchAngle:-180,IMU_YawAngle:-180,FcwID:0,FCWWarningLevel:0,FCWTTC:0
0,1.99,0,16.55,38,0,0,0,7.7,1.25452e-34,0,0,0,-6.5,0,0,0,0,-0.00229183,0,0,0,0,0,0,0,0,0,1,87,55,0,0.00034,0.00034,3,5,0,0,0,0,0,0,0,0,0,0,1,0,1,0,0,0,0,0,0,0,0,,0,0,0,0,
1,2.8,0,67.15,30,0,0,0,-10.1,0,0,0,0,19,0,0,0,0,-0.00229183,0,0,0,0,0,0,0,0,0,1,79,55,0,0.00034,0.00034,3,7,0,0,0,0,0,0,0,0,0,0,1,0,1,0,0,0,0,0,0,0,0,,0,0,0,0,
2,3.36,0,14.6,40,0,0,0,4.3,0,0,0,0,-5,0,0,0,0,-0.00229183,0,0,0,0,0,0,0,0,0,1,89,55,0,0.00034,0.00034,3,0,0,0,0,0,0,0,0,0,0,0,1,0,1,0,0,0,0,0,0,0,0,,0,0,0,0,
3,5.62,0,13.2,27,0,0,0,-0.75,0,0,0,0,-20.5,0,0,0,0,-0.00229183,0,0,0,0,0,0,0,0,0,1,72,55,0,0.00034,0.00034,3,5,0,0,0,0,0,0,0,0,0,0,1,0,1,0,0,0,0,0,0,0,0,,0,0,0,0,
4,6.25,0,17.3,27,0,0,0,-4.25,0,0,0,0,-17.5,0,0,0,0,-0.00229183,0,0,0,0,0,0,0,0,0,1,72,55,0,0.00034,0.00034,3,5,0,0,0,0,0,0,0,0,0,0,1,0,1,0,0,0,0,0,0,0,0,,0,0,0,0,
END,Total:5
START,FrameNb:153,CameraNb:0,HeSaiNb:0,ARS410Nb:0
2026/08/02 21:39:34:975---->
heightOffset:0,1785677974975,483136,selfCaliBufCnt:0,selfAccObjCnt:0,selfAccAngle:0,installHAngleOffset:0,Interpolation:0,installVAngleOffset:0,radarOffsetH:0,radarOffsetV:0.32,Polynom:-0.001023;-0.0511;-2.047;0;0;0;-0.001023;-0.0511;-2.047;-25.5;0;0,WheelDirection:0;0;0;0,selfAngleOffset:0,selfAngleOffsetPit:0,currCaliAngleHrz:0,currCaliAnglePit:0,selfCaliAngleHrz:0,selfCaliAnglePit:0,servCaliAngleHrz:0,servCaliAnglePit:0,offlineCaliAngleHrz:0,offlineCaliAnglePit:0,determine2useFlag:0,IMU_Z_Accel:-21.592,IMU_X_AngularRate:-2.093,IMU_Y_AngularRate:-2.093,IMU_RollAngle:-180,IMU_PitchAngle:-180,IMU_YawAngle:-180,FcwID:0,FCWWarningLevel:0,FCWTTC:0
0,1.98,0,16.55,38,0,0,0,7.55,1.25452e-34,0,0,0,-6.5,0,0,0,0,-0.00229183,0,0,0,0,0,0,0,0,0,1,87,58,0,0.00034,0.00034,3,5,0,0,0,0,0,0,0,0,0,0,1,0,0,0,0,0,0,0,0,0,0,,0,0,0,0,
1,3.37,0,14.7,40,0,0,0,4.8,0,0,0,0,-5,0,0,0,0,-0.00229183,0,0,0,0,0,0,0,0,0,1,89,58,0,0.00034,0.00034,3,0,0,0,0,0,0,0,0,0,0,0,1,0,0,0,0,0,0,0,0,0,0,,0,0,0,0,
2,3.84,0,4.15,22,0,0,0,-4.2,0,0,0,0,-25.5,0,0,0,0,-0.00229183,0,0,0,0,0,0,0,0,0,1,70,58,0,0.00034,0.00034,3,5,0,0,0,0,0,0,0,0,0,0,1,0,0,0,0,0,0,0,0,0,0,,0,0,0,0,
3,5.41,0,11.3,25,0,0,0,-1.25,0,0,0,0,-23.5,0,0,0,0,-0.00229183,0,0,0,0,0,0,0,0,0,1,70,58,0,0.00034,0.00034,3,5,0,0,0,0,0,0,0,0,0,0,1,0,0,0,0,0,0,0,0,0,0,,0,0,0,0,
4,5.62,0,13.2,26.5,0,0,0,-0.6,0,0,0,0,-21,0,0,0,0,-0.00229183,0,0,0,0,0,0,0,0,0,1,71,58,0,0.00034,0.00034,3,5,0,0,0,0,0,0,0,0,0,0,1,0,0,0,0,0,0,0,0,0,0,,0,0,0,0,
5,6.25,0,17.3,27.5,0,0,0,-4.35,0,0,0,0,-17,0,0,0,0,-0.00229183,0,0,0,0,0,0,0,0,0,1,73,58,0,0.00034,0.00034,3,5,0,0,0,0,0,0,0,0,0,0,1,0,0,0,0,0,0,0,0,0,0,,0,0,0,0,
END,Total:6
START,FrameNb:154,CameraNb:0,HeSaiNb:0,ARS410Nb:0
2026/08/02 21:39:35:028---->
heightOffset:0,1785677975028,483192,selfCaliBufCnt:0,selfAccObjCnt:0,selfAccAngle:0,installHAngleOffset:0,Interpolation:0,installVAngleOffset:0,radarOffsetH:0,radarOffsetV:0.32,Polynom:-0.001023;-0.0511;-2.047;0;0;0;-0.001023;-0.0511;-2.047;-25.5;0;0,WheelDirection:0;0;0;0,selfAngleOffset:0,selfAngleOffsetPit:0,currCaliAngleHrz:0,currCaliAnglePit:0,selfCaliAngleHrz:0,selfCaliAnglePit:0,servCaliAngleHrz:0,servCaliAnglePit:0,offlineCaliAngleHrz:0,offlineCaliAnglePit:0,determine2useFlag:0,IMU_Z_Accel:-21.592,IMU_X_AngularRate:-2.093,IMU_Y_AngularRate:-2.093,IMU_RollAngle:-180,IMU_PitchAngle:-180,IMU_YawAngle:-180,FcwID:0,FCWWarningLevel:0,FCWTTC:0
0,1.99,0,16.55,38,0,0,0,7.65,1.25452e-34,0,0,0,-6.5,0,0,0,0,-0.00229183,0,0,0,0,0,0,0,0,0,1,87,54,0,0.00034,0.00034,3,5,0,0,0,0,0,0,0,0,0,0,1,0,1,0,0,0,0,0,0,0,0,,0,0,0,0,
1,2.77,0,66.95,30,0,0,0,-9.85,0,0,0,0,18,0,0,0,0,-0.00229183,0,0,0,0,0,0,0,0,0,1,79,54,0,0.00034,0.00034,2,-1,0,0,0,0,0,0,0,0,0,0,1,0,1,0,0,0,0,0,0,0,0,,0,0,0,0,
2,3.36,0,14.6,40,0,0,0,4.4,0,0,0,0,-5,0,0,0,0,-0.00229183,0,0,0,0,0,0,0,0,0,1,89,54,0,0.00034,0.00034,3,0,0,0,0,0,0,0,0,0,0,0,1,0,1,0,0,0,0,0,0,0,0,,0,0,0,0,
3,5.62,0,13.1,26,0,0,0,-0.6,0,0,0,0,-21.5,0,0,0,0,-0.00229183,0,0,0,0,0,0,0,0,0,1,71,54,0,0.00034,0.00034,3,5,0,0,0,0,0,0,0,0,0,0,1,0,1,0,0,0,0,0,0,0,0,,0,0,0,0,
4,6.22,0,18,28,0,0,0,-3.85,0,0,0,0,-17,0,0,0,0,-0.00229183,0,0,0,0,0,0,0,0,0,1,73,54,0,0.00034,0.00034,3,5,0,0,0,0,0,0,0,0,0,0,1,0,1,0,0,0,0,0,0,0,0,,0,0,0,0,
END,Total:5
START,FrameNb:155,CameraNb:0,HeSaiNb:0,ARS410Nb:0
2026/08/02 21:39:35:131---->
heightOffset:0,1785677975131,483244,selfCaliBufCnt:0,selfAccObjCnt:0,selfAccAngle:0,installHAngleOffset:0,Interpolation:0,installVAngleOffset:0,radarOffsetH:0,radarOffsetV:0.32,Polynom:-0.001023;-0.0511;-2.047;0;0;0;-0.001023;-0.0511;-2.047;-25.5;0;0,WheelDirection:0;0;0;0,selfAngleOffset:0,selfAngleOffsetPit:0,currCaliAngleHrz:0,currCaliAnglePit:0,selfCaliAngleHrz:0,selfCaliAnglePit:0,servCaliAngleHrz:0,servCaliAnglePit:0,offlineCaliAngleHrz:0,offlineCaliAnglePit:0,determine2useFlag:0,IMU_Z_Accel:-21.592,IMU_X_AngularRate:-2.093,IMU_Y_AngularRate:-2.093,IMU_RollAngle:-180,IMU_PitchAngle:-180,IMU_YawAngle:-180,FcwID:0,FCWWarningLevel:0,FCWTTC:0
0,1.99,0,16.55,38,0,0,0,7.55,1.25452e-34,0,0,0,-6.5,0,0,0,0,-0.00229183,0,0,0,0,0,0,0,0,0,1,87,57,0,0.00034,0.00034,3,5,0,0,0,0,0,0,0,0,0,0,1,0,0,0,0,0,0,0,0,0,0,,0,0,0,0,
1,3.36,0,14.6,40,0,0,0,4.3,0,0,0,0,-5,0,0,0,0,-0.00229183,0,0,0,0,0,0,0,0,0,1,89,57,0,0.00034,0.00034,3,0,0,0,0,0,0,0,0,0,0,0,1,0,0,0,0,0,0,0,0,0,0,,0,0,0,0,
2,5.62,0,12.95,26,0,0,0,-0.6,0,0,0,0,-21.5,0,0,0,0,-0.00229183,0,0,0,0,0,0,0,0,0,1,71,57,0,0.00034,0.00034,3,5,0,0,0,0,0,0,0,0,0,0,1,0,0,0,0,0,0,0,0,0,0,,0,0,0,0,
3,6.24,0,17.3,28,0,0,0,-3.95,0,0,0,0,-16,0,0,0,0,-0.00229183,0,0,0,0,0,0,0,0,0,1,74,57,0,0.00034,0.00034,3,0,0,0,0,0,0,0,0,0,0,0,1,0,0,0,0,0,0,0,0,0,0,,0,0,0,0,
END,Total:4
START,FrameNb:156,CameraNb:0,HeSaiNb:0,ARS410Nb:0
2026/08/02 21:39:35:181---->
heightOffset:0,1785677975181,483304,selfCaliBufCnt:0,selfAccObjCnt:0,selfAccAngle:0,installHAngleOffset:0,Interpolation:0,installVAngleOffset:0,radarOffsetH:0,radarOffsetV:0.32,Polynom:-0.001023;-0.0511;-2.047;0;0;0;-0.001023;-0.0511;-2.047;-25.5;0;0,WheelDirection:0;0;0;0,selfAngleOffset:0,selfAngleOffsetPit:0,currCaliAngleHrz:0,currCaliAnglePit:0,selfCaliAngleHrz:0,selfCaliAnglePit:0,servCaliAngleHrz:0,servCaliAnglePit:0,offlineCaliAngleHrz:0,offlineCaliAnglePit:0,determine2useFlag:0,IMU_Z_Accel:-21.592,IMU_X_AngularRate:-2.093,IMU_Y_AngularRate:-2.093,IMU_RollAngle:-180,IMU_PitchAngle:-180,IMU_YawAngle:-180,FcwID:0,FCWWarningLevel:0,FCWTTC:0
0,1.99,0,16.55,38,0,0,0,7.65,1.25452e-34,0,0,0,-6.5,0,0,0,0,-0.00229183,0,0,0,0,0,0,0,0,0,1,87,53,0,0.00034,0.00034,3,5,0,0,0,0,0,0,0,0,0,0,1,0,1,0,0,0,0,0,0,0,0,,0,0,0,0,
1,2.9,0,67.05,30,0,0,0,-9.95,0,0,0,0,18.5,0,0,0,0,-0.00229183,0,0,0,0,0,0,0,0,0,1,79,53,0,0.00034,0.00034,2,-1,0,0,0,0,0,0,0,0,0,0,1,0,1,0,0,0,0,0,0,0,0,,0,0,0,0,
2,3.36,0,14.6,40,0,0,0,4.3,0,0,0,0,-5,0,0,0,0,-0.00229183,0,0,0,0,0,0,0,0,0,1,89,53,0,0.00034,0.00034,3,0,0,0,0,0,0,0,0,0,0,0,1,0,1,0,0,0,0,0,0,0,0,,0,0,0,0,
3,5.63,0,13.05,25.5,0,0,0,-0.55,0,0,0,0,-22,0,0,0,0,-0.00229183,0,0,0,0,0,0,0,0,0,1,70,53,0,0.00034,0.00034,3,5,0,0,0,0,0,0,0,0,0,0,1,0,1,0,0,0,0,0,0,0,0,,0,0,0,0,
4,6.25,0,17.5,28.5,0,0,0,-3.95,0,0,0,0,-16,0,0,0,0,-0.00229183,0,0,0,0,0,0,0,0,0,1,74,53,0,0.00034,0.00034,3,5,0,0,0,0,0,0,0,0,0,0,1,0,1,0,0,0,0,0,0,0,0,,0,0,0,0,
END,Total:5
START,FrameNb:157,CameraNb:0,HeSaiNb:0,ARS410Nb:0
2026/08/02 21:39:35:225---->
heightOffset:0,1785677975225,483360,selfCaliBufCnt:0,selfAccObjCnt:0,selfAccAngle:0,installHAngleOffset:0,Interpolation:0,installVAngleOffset:0,radarOffsetH:0,radarOffsetV:0.32,Polynom:-0.001023;-0.0511;-2.047;0;0;0;-0.001023;-0.0511;-2.047;-25.5;0;0,WheelDirection:0;0;0;0,selfAngleOffset:0,selfAngleOffsetPit:0,currCaliAngleHrz:0,currCaliAnglePit:0,selfCaliAngleHrz:0,selfCaliAnglePit:0,servCaliAngleHrz:0,servCaliAnglePit:0,offlineCaliAngleHrz:0,offlineCaliAnglePit:0,determine2useFlag:0,IMU_Z_Accel:-21.592,IMU_X_AngularRate:-2.093,IMU_Y_AngularRate:-2.093,IMU_RollAngle:-180,IMU_PitchAngle:-180,IMU_YawAngle:-180,FcwID:0,FCWWarningLevel:0,FCWTTC:0
0,1.99,0,16.55,38,0,0,0,7.65,1.25452e-34,0,0,0,-6.5,0,0,0,0,-0.00229183,0,0,0,0,0,0,0,0,0,1,87,61,0,0.00034,0.00034,3,5,0,0,0,0,0,0,0,0,0,0,1,0,0,0,0,0,0,0,0,0,0,,0,0,0,0,
1,2.77,0,-6.9,29.5,0,0,0,-15,0,0,0,0,-18,0,0,0,0,-0.00229183,0,0,0,0,0,0,0,0,0,1,78,61,0,0.00034,0.00034,3,5,0,0,0,0,0,0,0,0,0,0,1,0,0,0,0,0,0,0,0,0,0,,0,0,0,0,
2,3.36,0,14.55,40,0,0,0,4.45,0,0,0,0,-5,0,0,0,0,-0.00229183,0,0,0,0,0,0,0,0,0,1,89,61,0,0.00034,0.00034,3,0,0,0,0,0,0,0,0,0,0,0,1,0,0,0,0,0,0,0,0,0,0,,0,0,0,0,
3,5.4,0,11.15,24,0,0,0,-0.95,0,0,0,0,-25,0,0,0,0,-0.00229183,0,0,0,0,0,0,0,0,0,1,69,61,0,0.00034,0.00034,3,5,0,0,0,0,0,0,0,0,0,0,1,0,0,0,0,0,0,0,0,0,0,,0,0,0,0,
4,5.63,0,13.2,25.5,0,0,0,-0.7,0,0,0,0,-22,0,0,0,0,-0.00229183,0,0,0,0,0,0,0,0,0,1,71,61,0,0.00034,0.00034,3,5,0,0,0,0,0,0,0,0,0,0,1,0,0,0,0,0,0,0,0,0,0,,0,0,0,0,
5,6.24,0,17.3,29,0,0,0,-4.1,0,0,0,0,-15.5,0,0,0,0,-0.00229183,0,0,0,0,0,0,0,0,0,1,74,61,0,0.00034,0.00034,3,5,0,0,0,0,0,0,0,0,0,0,1,0,0,0,0,0,0,0,0,0,0,,0,0,0,0,
END,Total:6
START,FrameNb:158,CameraNb:0,HeSaiNb:0,ARS410Nb:0
2026/08/02 21:39:35:278---->
heightOffset:0,1785677975278,483424,selfCaliBufCnt:0,selfAccObjCnt:0,selfAccAngle:0,installHAngleOffset:0,Interpolation:0,installVAngleOffset:0,radarOffsetH:0,radarOffsetV:0.32,Polynom:-0.001023;-0.0511;-2.047;0;0;0;-0.001023;-0.0511;-2.047;-25.5;0;0,WheelDirection:0;0;0;0,selfAngleOffset:0,selfAngleOffsetPit:0,currCaliAngleHrz:0,currCaliAnglePit:0,selfCaliAngleHrz:0,selfCaliAnglePit:0,servCaliAngleHrz:0,servCaliAnglePit:0,offlineCaliAngleHrz:0,offlineCaliAnglePit:0,determine2useFlag:0,IMU_Z_Accel:-21.592,IMU_X_AngularRate:-2.093,IMU_Y_AngularRate:-2.093,IMU_RollAngle:-180,IMU_PitchAngle:-180,IMU_YawAngle:-180,FcwID:0,FCWWarningLevel:0,FCWTTC:0
0,1.99,0,16.55,38,0,0,0,7.55,1.25452e-34,0,0,0,-6.5,0,0,0,0,-0.00229183,0,0,0,0,0,0,0,0,0,1,87,58,0,0.00034,0.00034,3,5,0,0,0,0,0,0,0,0,0,0,1,0,1,0,0,0,0,0,0,0,0,,0,0,0,0,
1,2.76,0,-55.3,29.5,0,0,0,6.15,0,0,0,0,7,0,0,0,0,-0.00229183,0,0,0,0,0,0,0,0,0,1,78,58,0,0.00034,0.00034,3,5,0,0,0,0,0,0,0,0,0,0,1,0,1,0,0,0,0,0,0,0,0,,0,0,0,0,
2,3.36,0,14.55,40,0,0,0,4.4,0,0,0,0,-5,0,0,0,0,-0.00229183,0,0,0,0,0,0,0,0,0,1,89,58,0,0.00034,0.00034,3,0,0,0,0,0,0,0,0,0,0,0,1,0,1,0,0,0,0,0,0,0,0,,0,0,0,0,
3,3.99,0.1,8.05,20,0,0,0,1.75,0,0,0,0,-27.5,0,0,0,0,-0.00229183,0,0,0,0,0,0,0,0,0,1,68,58,0,0.00034,0.00034,3,5,0,0,0,0,0,0,0,0,0,0,1,0,1,0,0,0,0,0,0,0,0,,0,0,0,0,
4,5.4,0,-46.2,23.5,0,0,0,6,0,0,0,0,-7.5,0,0,0,0,-0.00229183,0,0,0,0,0,0,0,0,0,1,68,58,0,0.00034,0.00034,3,5,0,0,0,0,0,0,0,0,0,0,1,0,1,0,0,0,0,0,0,0,0,,0,0,0,0,
5,5.62,0,13,25,0,0,0,-0.75,0,0,0,0,-23,0,0,0,0,-0.00229183,0,0,0,0,0,0,0,0,0,1,69,58,0,0.00034,0.00034,3,5,0,0,0,0,0,0,0,0,0,0,1,0,1,0,0,0,0,0,0,0,0,,0,0,0,0,
6,6.24,0,17.5,29,0,0,0,-4.2,0,0,0,0,-15.5,0,0,0,0,-0.00229183,0,0,0,0,0,0,0,0,0,1,74,58,0,0.00034,0.00034,3,5,0,0,0,0,0,0,0,0,0,0,1,0,1,0,0,0,0,0,0,0,0,,0,0,0,0,
END,Total:7
START,FrameNb:159,CameraNb:0,HeSaiNb:0,ARS410Nb:0
2026/08/02 21:39:35:321---->
heightOffset:0,1785677975321,483476,selfCaliBufCnt:0,selfAccObjCnt:0,selfAccAngle:0,installHAngleOffset:0,Interpolation:0,installVAngleOffset:0,radarOffsetH:0,radarOffsetV:0.32,Polynom:-0.001023;-0.0511;-2.047;0;0;0;-0.001023;-0.0511;-2.047;-25.5;0;0,WheelDirection:0;0;0;0,selfAngleOffset:0,selfAngleOffsetPit:0,currCaliAngleHrz:0,currCaliAnglePit:0,selfCaliAngleHrz:0,selfCaliAnglePit:0,servCaliAngleHrz:0,servCaliAnglePit:0,offlineCaliAngleHrz:0,offlineCaliAnglePit:0,determine2useFlag:0,IMU_Z_Accel:-21.592,IMU_X_AngularRate:-2.093,IMU_Y_AngularRate:-2.093,IMU_RollAngle:-180,IMU_PitchAngle:-180,IMU_YawAngle:-180,FcwID:0,FCWWarningLevel:0,FCWTTC:0
0,1.99,0,16.55,38,0,0,0,7.55,1.25452e-34,0,0,0,-6.5,0,0,0,0,-0.00229183,0,0,0,0,0,0,0,0,0,1,87,60,0,0.00034,0.00034,3,5,0,0,0,0,0,0,0,0,0,0,1,0,0,0,0,0,0,0,0,0,0,,0,0,0,0,
1,2.74,0,16.2,29,0,0,0,15,0,0,0,0,-15,0,0,0,0,-0.00229183,0,0,0,0,0,0,0,0,0,1,78,60,0,0.00034,0.00034,3,5,0,0,0,0,0,0,0,0,0,0,1,0,0,0,0,0,0,0,0,0,0,,0,0,0,0,
2,3.36,0,14.55,40.5,0,0,0,4.4,0,0,0,0,-5,0,0,0,0,-0.00229183,0,0,0,0,0,0,0,0,0,1,89,60,0,0.00034,0.00034,3,0,0,0,0,0,0,0,0,0,0,0,1,0,0,0,0,0,0,0,0,0,0,,0,0,0,0,
3,5.21,0,11.5,23.5,0,0,0,1.3,0,0,0,0,-25,0,0,0,0,-0.00229183,0,0,0,0,0,0,0,0,0,1,69,60,0,0.00034,0.00034,3,5,0,0,0,0,0,0,0,0,0,0,1,0,0,0,0,0,0,0,0,0,0,,0,0,0,0,
4,5.62,0,12.95,23.5,0,0,0,-1.55,0,0,0,0,-24,0,0,0,0,-0.00229183,0,0,0,0,0,0,0,0,0,1,68,60,0,0.00034,0.00034,3,5,0,0,0,0,0,0,0,0,0,0,1,0,0,0,0,0,0,0,0,0,0,,0,0,0,0,
5,6.24,0,17.4,30,0,0,0,-4.25,0,0,0,0,-14.5,0,0,0,0,-0.00229183,0,0,0,0,0,0,0,0,0,1,75,60,0,0.00034,0.00034,3,0,0,0,0,0,0,0,0,0,0,0,1,0,0,0,0,0,0,0,0,0,0,,0,0,0,0,
END,Total:6
START,FrameNb:160,CameraNb:0,HeSaiNb:0,ARS410Nb:0
2026/08/02 21:39:35:370---->
heightOffset:0,1785677975370,483536,selfCaliBufCnt:0,selfAccObjCnt:0,selfAccAngle:0,installHAngleOffset:0,Interpolation:0,installVAngleOffset:0,radarOffsetH:0,radarOffsetV:0.32,Polynom:-0.001023;-0.0511;-2.047;0;0;0;-0.001023;-0.0511;-2.047;-25.5;0;0,WheelDirection:0;0;0;0,selfAngleOffset:0,selfAngleOffsetPit:0,currCaliAngleHrz:0,currCaliAnglePit:0,selfCaliAngleHrz:0,selfCaliAnglePit:0,servCaliAngleHrz:0,servCaliAnglePit:0,offlineCaliAngleHrz:0,offlineCaliAnglePit:0,determine2useFlag:0,IMU_Z_Accel:-21.592,IMU_X_AngularRate:-2.093,IMU_Y_AngularRate:-2.093,IMU_RollAngle:-180,IMU_PitchAngle:-180,IMU_YawAngle:-180,FcwID:0,FCWWarningLevel:0,FCWTTC:0
0,1.99,0,16.55,38,0,0,0,7.65,1.25452e-34,0,0,0,-6.5,0,0,0,0,-0.00229183,0,0,0,0,0,0,0,0,0,1,87,54,0,0.00034,0.00034,3,5,0,0,0,0,0,0,0,0,0,0,1,0,1,0,0,0,0,0,0,0,0,,0,0,0,0,
1,3.36,0,14.6,40,0,0,0,4.4,0,0,0,0,-5,0,0,0,0,-0.00229183,0,0,0,0,0,0,0,0,0,1,89,54,0,0.00034,0.00034,3,0,0,0,0,0,0,0,0,0,0,0,1,0,1,0,0,0,0,0,0,0,0,,0,0,0,0,
2,4,0.1,7.4,21.5,0,0,0,1.05,0,0,0,0,-26,0,0,0,0,-0.00229183,0,0,0,0,0,0,0,0,0,1,69,54,0,0.00034,0.00034,3,5,0,0,0,0,0,0,0,0,0,0,1,0,1,0,0,0,0,0,0,0,0,,0,0,0,0,
3,5.62,0,13.15,23.5,0,0,0,-1.35,0,0,0,0,-23.5,0,0,0,0,-0.00229183,0,0,0,0,0,0,0,0,0,1,69,54,0,0.00034,0.00034,3,5,0,0,0,0,0,0,0,0,0,0,1,0,1,0,0,0,0,0,0,0,0,,0,0,0,0,
4,6.25,0,17.5,30,0,0,0,-4.05,0,0,0,0,-14,0,0,0,0,-0.00229183,0,0,0,0,0,0,0,0,0,1,76,54,0,0.00034,0.00034,3,0,0,0,0,0,0,0,0,0,0,0,1,0,1,0,0,0,0,0,0,0,0,,0,0,0,0,
END,Total:5
START,FrameNb:161,CameraNb:0,HeSaiNb:0,ARS410Nb:0
2026/08/02 21:39:35:415---->
heightOffset:0,1785677975415,483588,selfCaliBufCnt:0,selfAccObjCnt:0,selfAccAngle:0,installHAngleOffset:0,Interpolation:0,installVAngleOffset:0,radarOffsetH:0,radarOffsetV:0.32,Polynom:-0.001023;-0.0511;-2.047;0;0;0;-0.001023;-0.0511;-2.047;-25.5;0;0,WheelDirection:0;0;0;0,selfAngleOffset:0,selfAngleOffsetPit:0,currCaliAngleHrz:0,currCaliAnglePit:0,selfCaliAngleHrz:0,selfCaliAnglePit:0,servCaliAngleHrz:0,servCaliAnglePit:0,offlineCaliAngleHrz:0,offlineCaliAnglePit:0,determine2useFlag:0,IMU_Z_Accel:-21.592,IMU_X_AngularRate:-2.093,IMU_Y_AngularRate:-2.093,IMU_RollAngle:-180,IMU_PitchAngle:-180,IMU_YawAngle:-180,FcwID:0,FCWWarningLevel:0,FCWTTC:0
0,1.99,0,16.55,38,0,0,0,7.7,1.25452e-34,0,0,0,-6.5,0,0,0,0,-0.00229183,0,0,0,0,0,0,0,0,0,1,87,58,0,0.00034,0.00034,3,5,0,0,0,0,0,0,0,0,0,0,1,0,0,0,0,0,0,0,0,0,0,,0,0,0,0,
1,2.78,0,-7.1,29.5,0,0,0,-15,0,0,0,0,-17.5,0,0,0,0,-0.00229183,0,0,0,0,0,0,0,0,0,1,79,58,0,0.00034,0.00034,3,5,0,0,0,0,0,0,0,0,0,0,1,0,0,0,0,0,0,0,0,0,0,,0,0,0,0,
2,3.37,0,14.7,40,0,0,0,4.8,0,0,0,0,-5,0,0,0,0,-0.00229183,0,0,0,0,0,0,0,0,0,1,89,58,0,0.00034,0.00034,3,0,0,0,0,0,0,0,0,0,0,0,1,0,0,0,0,0,0,0,0,0,0,,0,0,0,0,
3,4.06,0.05,20.9,21,0,0,0,0,0,0,0,0,-21.5,0,0,0,0,-0.00229183,0,0,0,0,0,0,0,0,0,1,69,58,0,0.00034,0.00034,3,5,0,0,0,0,0,0,0,0,0,0,1,0,0,0,0,0,0,0,0,0,0,,0,0,0,0,
4,5.41,0,11.55,24,0,0,0,1.75,0,0,0,0,-25,0,0,0,0,-0.00229183,0,0,0,0,0,0,0,0,0,1,69,58,0,0.00034,0.00034,3,5,0,0,0,0,0,0,0,0,0,0,1,0,0,0,0,0,0,0,0,0,0,,0,0,0,0,
5,5.63,0,13,24,0,0,0,-1,0,0,0,0,-23.5,0,0,0,0,-0.00229183,0,0,0,0,0,0,0,0,0,1,69,58,0,0.00034,0.00034,3,5,0,0,0,0,0,0,0,0,0,0,1,0,0,0,0,0,0,0,0,0,0,,0,0,0,0,
6,6.25,0,17.5,30.5,0,0,0,-4.3,0,0,0,0,-14,0,0,0,0,-0.00229183,0,0,0,0,0,0,0,0,0,1,76,58,0,0.00034,0.00034,3,5,0,0,0,0,0,0,0,0,0,0,1,0,0,0,0,0,0,0,0,0,0,,0,0,0,0,
END,Total:7
START,FrameNb:162,CameraNb:0,HeSaiNb:0,ARS410Nb:0
2026/08/02 21:39:35:527---->
heightOffset:0,1785677975527,483648,selfCaliBufCnt:0,selfAccObjCnt:0,selfAccAngle:0,installHAngleOffset:0,Interpolation:0,installVAngleOffset:0,radarOffsetH:0,radarOffsetV:0.32,Polynom:-0.001023;-0.0511;-2.047;0;0;0;-0.001023;-0.0511;-2.047;-25.5;0;0,WheelDirection:0;0;0;0,selfAngleOffset:0,selfAngleOffsetPit:0,currCaliAngleHrz:0,currCaliAnglePit:0,selfCaliAngleHrz:0,selfCaliAnglePit:0,servCaliAngleHrz:0,servCaliAnglePit:0,offlineCaliAngleHrz:0,offlineCaliAnglePit:0,determine2useFlag:0,IMU_Z_Accel:-21.592,IMU_X_AngularRate:-2.093,IMU_Y_AngularRate:-2.093,IMU_RollAngle:-180,IMU_PitchAngle:-180,IMU_YawAngle:-180,FcwID:0,FCWWarningLevel:0,FCWTTC:0
0,1.99,0,16.55,38,0,0,0,7.65,1.25452e-34,0,0,0,-6.5,0,0,0,0,-0.00229183,0,0,0,0,0,0,0,0,0,1,87,53,0,0.00034,0.00034,3,5,0,0,0,0,0,0,0,0,0,0,1,0,1,0,0,0,0,0,0,0,0,,0,0,0,0,
1,2.72,0,-8.8,29,0,0,0,-13.45,0,0,0,0,-18,0,0,0,0,-0.00229183,0,0,0,0,0,0,0,0,0,1,78,53,0,0.00034,0.00034,3,5,0,0,0,0,0,0,0,0,0,0,1,0,1,0,0,0,0,0,0,0,0,,0,0,0,0,
2,3.36,0,14.55,40,0,0,0,4.4,0,0,0,0,-5,0,0,0,0,-0.00229183,0,0,0,0,0,0,0,0,0,1,89,53,0,0.00034,0.00034,3,0,0,0,0,0,0,0,0,0,0,0,1,0,1,0,0,0,0,0,0,0,0,,0,0,0,0,
3,4.09,0.1,19.15,23.5,0,0,0,-2.6,0,0,0,0,-18.5,0,0,0,0,-0.00229183,0,0,0,0,0,0,0,0,0,1,72,53,0,0.00034,0.00034,3,0,0,0,0,0,0,0,0,0,0,0,1,0,1,0,0,0,0,0,0,0,0,,0,0,0,0,
4,5.4,0,-46.15,24,0,0,0,4.3,0,0,0,0,-6.5,0,0,0,0,-0.00229183,0,0,0,0,0,0,0,0,0,1,69,53,0,0.00034,0.00034,2,-1,0,0,0,0,0,0,0,0,0,0,1,0,1,0,0,0,0,0,0,0,0,,0,0,0,0,
5,5.62,0,13.2,24,0,0,0,-0.95,0,0,0,0,-23.5,0,0,0,0,-0.00229183,0,0,0,0,0,0,0,0,0,1,69,53,0,0.00034,0.00034,3,5,0,0,0,0,0,0,0,0,0,0,1,0,1,0,0,0,0,0,0,0,0,,0,0,0,0,
6,6.25,0,17.45,30.5,0,0,0,-4.1,0,0,0,0,-14,0,0,0,0,-0.00229183,0,0,0,0,0,0,0,0,0,1,76,53,0,0.00034,0.00034,3,5,0,0,0,0,0,0,0,0,0,0,1,0,1,0,0,0,0,0,0,0,0,,0,0,0,0,
END,Total:7
START,FrameNb:163,CameraNb:0,HeSaiNb:0,ARS410Nb:0
2026/08/02 21:39:35:572---->
heightOffset:0,1785677975572,483700,selfCaliBufCnt:0,selfAccObjCnt:0,selfAccAngle:0,installHAngleOffset:0,Interpolation:0,installVAngleOffset:0,radarOffsetH:0,radarOffsetV:0.32,Polynom:-0.001023;-0.0511;-2.047;0;0;0;-0.001023;-0.0511;-2.047;-25.5;0;0,WheelDirection:0;0;0;0,selfAngleOffset:0,selfAngleOffsetPit:0,currCaliAngleHrz:0,currCaliAnglePit:0,selfCaliAngleHrz:0,selfCaliAnglePit:0,servCaliAngleHrz:0,servCaliAnglePit:0,offlineCaliAngleHrz:0,offlineCaliAnglePit:0,determine2useFlag:0,IMU_Z_Accel:-21.592,IMU_X_AngularRate:-2.093,IMU_Y_AngularRate:-2.093,IMU_RollAngle:-180,IMU_PitchAngle:-180,IMU_YawAngle:-180,FcwID:0,FCWWarningLevel:0,FCWTTC:0
0,1.99,0,16.55,38,0,0,0,7.65,1.25452e-34,0,0,0,-6.5,0,0,0,0,-0.00229183,0,0,0,0,0,0,0,0,0,1,87,58,0,0.00034,0.00034,3,5,0,0,0,0,0,0,0,0,0,0,1,0,0,0,0,0,0,0,0,0,0,,0,0,0,0,
1,2.76,0,-7.2,29.5,0,0,0,-15,0,0,0,0,-17.5,0,0,0,0,-0.00229183,0,0,0,0,0,0,0,0,0,1,79,58,0,0.00034,0.00034,3,5,0,0,0,0,0,0,0,0,0,0,1,0,0,0,0,0,0,0,0,0,0,,0,0,0,0,
2,3.37,0,14.65,40.5,0,0,0,4.75,0,0,0,0,-5,0,0,0,0,-0.00229183,0,0,0,0,0,0,0,0,0,1,89,58,0,0.00034,0.00034,3,0,0,0,0,0,0,0,0,0,0,0,1,0,0,0,0,0,0,0,0,0,0,,0,0,0,0,
3,3.91,0.05,5.2,24,0,0,0,-2.55,0,0,0,0,-23.5,0,0,0,0,-0.00229183,0,0,0,0,0,0,0,0,0,1,72,58,0,0.00034,0.00034,3,5,0,0,0,0,0,0,0,0,0,0,1,0,0,0,0,0,0,0,0,0,0,,0,0,0,0,
4,4,0.05,19.65,21,0,0,0,-2.45,0,0,0,0,-21.5,0,0,0,0,-0.00229183,0,0,0,0,0,0,0,0,0,1,69,58,0,0.00034,0.00034,3,5,0,0,0,0,0,0,0,0,0,0,1,0,0,0,0,0,0,0,0,0,0,,0,0,0,0,
5,5.38,0,11.6,24,0,0,0,-0.45,0,0,0,0,-24.5,0,0,0,0,-0.00229183,0,0,0,0,0,0,0,0,0,1,69,58,0,0.00034,0.00034,3,5,0,0,0,0,0,0,0,0,0,0,1,0,0,0,0,0,0,0,0,0,0,,0,0,0,0,
6,5.62,0,13.3,23.5,0,0,0,-0.85,0,0,0,0,-23.5,0,0,0,0,-0.00229183,0,0,0,0,0,0,0,0,0,1,69,58,0,0.00034,0.00034,3,5,0,0,0,0,0,0,0,0,0,0,1,0,0,0,0,0,0,0,0,0,0,,0,0,0,0,
7,6.25,0,17.35,30,0,0,0,-4.25,0,0,0,0,-14,0,0,0,0,-0.00229183,0,0,0,0,0,0,0,0,0,1,76,58,0,0.00034,0.00034,3,5,0,0,0,0,0,0,0,0,0,0,1,0,0,0,0,0,0,0,0,0,0,,0,0,0,0,
END,Total:8
START,FrameNb:164,CameraNb:0,HeSaiNb:0,ARS410Nb:0
2026/08/02 21:39:35:622---->
heightOffset:0,1785677975622,483760,selfCaliBufCnt:0,selfAccObjCnt:0,selfAccAngle:0,installHAngleOffset:0,Interpolation:0,installVAngleOffset:0,radarOffsetH:0,radarOffsetV:0.32,Polynom:-0.001023;-0.0511;-2.047;0;0;0;-0.001023;-0.0511;-2.047;-25.5;0;0,WheelDirection:0;0;0;0,selfAngleOffset:0,selfAngleOffsetPit:0,currCaliAngleHrz:0,currCaliAnglePit:0,selfCaliAngleHrz:0,selfCaliAnglePit:0,servCaliAngleHrz:0,servCaliAnglePit:0,offlineCaliAngleHrz:0,offlineCaliAnglePit:0,determine2useFlag:0,IMU_Z_Accel:-21.592,IMU_X_AngularRate:-2.093,IMU_Y_AngularRate:-2.093,IMU_RollAngle:-180,IMU_PitchAngle:-180,IMU_YawAngle:-180,FcwID:0,FCWWarningLevel:0,FCWTTC:0
0,1.99,0,16.55,38,0,0,0,7.65,1.25452e-34,0,0,0,-6.5,0,0,0,0,-0.00229183,0,0,0,0,0,0,0,0,0,1,87,54,0,0.00034,0.00034,3,5,0,0,0,0,0,0,0,0,0,0,1,0,1,0,0,0,0,0,0,0,0,,0,0,0,0,
1,2.75,0,16.65,29,0,0,0,15,0,0,0,0,-15,0,0,0,0,-0.00229183,0,0,0,0,0,0,0,0,0,1,78,54,0,0.00034,0.00034,3,5,0,0,0,0,0,0,0,0,0,0,1,0,1,0,0,0,0,0,0,0,0,,0,0,0,0,
2,3.36,0,14.55,40,0,0,0,4.4,0,0,0,0,-5,0,0,0,0,-0.00229183,0,0,0,0,0,0,0,0,0,1,89,54,0,0.00034,0.00034,3,0,0,0,0,0,0,0,0,0,0,0,1,0,1,0,0,0,0,0,0,0,0,,0,0,0,0,
3,4.12,0.1,19.95,21.5,0,0,0,-1.75,0,0,0,0,-21,0,0,0,0,-0.00229183,0,0,0,0,0,0,0,0,0,1,70,54,0,0.00034,0.00034,3,5,0,0,0,0,0,0,0,0,0,0,1,0,1,0,0,0,0,0,0,0,0,,0,0,0,0,
4,5.41,0,11.2,22.5,0,0,0,2.25,0,0,0,0,-26,0,0,0,0,-0.00229183,0,0,0,0,0,0,0,0,0,1,68,54,0,0.00034,0.00034,3,5,0,0,0,0,0,0,0,0,0,0,1,0,1,0,0,0,0,0,0,0,0,,0,0,0,0,
5,5.62,0,13.35,22.5,0,0,0,-1.3,0,0,0,0,-25,0,0,0,0,-0.00229183,0,0,0,0,0,0,0,0,0,1,67,54,0,0.00034,0.00034,3,5,0,0,0,0,0,0,0,0,0,0,1,0,1,0,0,0,0,0,0,0,0,,0,0,0,0,
6,6.25,0,17.4,30,0,0,0,-4.3,0,0,0,0,-14.5,0,0,0,0,-0.00229183,0,0,0,0,0,0,0,0,0,1,75,54,0,0.00034,0.00034,3,5,0,0,0,0,0,0,0,0,0,0,1,0,1,0,0,0,0,0,0,0,0,,0,0,0,0,
END,Total:7
START,FrameNb:165,CameraNb:0,HeSaiNb:0,ARS410Nb:0
2026/08/02 21:39:35:665---->
heightOffset:0,1785677975665,483816,selfCaliBufCnt:0,selfAccObjCnt:0,selfAccAngle:0,installHAngleOffset:0,Interpolation:0,installVAngleOffset:0,radarOffsetH:0,radarOffsetV:0.32,Polynom:-0.001023;-0.0511;-2.047;0;0;0;-0.001023;-0.0511;-2.047;-25.5;0;0,WheelDirection:0;0;0;0,selfAngleOffset:0,selfAngleOffsetPit:0,currCaliAngleHrz:0,currCaliAnglePit:0,selfCaliAngleHrz:0,selfCaliAnglePit:0,servCaliAngleHrz:0,servCaliAnglePit:0,offlineCaliAngleHrz:0,offlineCaliAnglePit:0,determine2useFlag:0,IMU_Z_Accel:-21.592,IMU_X_AngularRate:-2.093,IMU_Y_AngularRate:-2.093,IMU_RollAngle:-180,IMU_PitchAngle:-180,IMU_YawAngle:-180,FcwID:0,FCWWarningLevel:0,FCWTTC:0
0,1.98,0,16.55,38.5,0,0,0,7.7,1.25452e-34,0,0,0,-6.5,0,0,0,0,-0.00229183,0,0,0,0,0,0,0,0,0,1,87,62,0,0.00034,0.00034,3,5,0,0,0,0,0,0,0,0,0,0,1,0,0,0,0,0,0,0,0,0,0,,0,0,0,0,
1,3.36,0,14.55,40.5,0,0,0,4.45,0,0,0,0,-5,0,0,0,0,-0.00229183,0,0,0,0,0,0,0,0,0,1,89,62,0,0.00034,0.00034,3,0,0,0,0,0,0,0,0,0,0,0,1,0,0,0,0,0,0,0,0,0,0,,0,0,0,0,
2,5.4,0,11.65,23.5,0,0,0,-0.55,0,0,0,0,-25.5,0,0,0,0,-0.00229183,0,0,0,0,0,0,0,0,0,1,68,62,0,0.00034,0.00034,3,5,0,0,0,0,0,0,0,0,0,0,1,0,0,0,0,0,0,0,0,0,0,,0,0,0,0,
3,5.64,0,13.2,22,0,0,0,-0.35,0,0,0,0,-25.5,0,0,0,0,-0.00229183,0,0,0,0,0,0,0,0,0,1,67,62,0,0.00034,0.00034,3,5,0,0,0,0,0,0,0,0,0,0,1,0,0,0,0,0,0,0,0,0,0,,0,0,0,0,
4,6.26,0,17.4,30,0,0,0,-4.45,0,0,0,0,-14.5,0,0,0,0,-0.00229183,0,0,0,0,0,0,0,0,0,1,75,62,0,0.00034,0.00034,3,5,0,0,0,0,0,0,0,0,0,0,1,0,0,0,0,0,0,0,0,0,0,,0,0,0,0,
END,Total:5
START,FrameNb:166,CameraNb:0,HeSaiNb:0,ARS410Nb:0
2026/08/02 21:39:35:726---->
heightOffset:0,1785677975726,483880,selfCaliBufCnt:0,selfAccObjCnt:0,selfAccAngle:0,installHAngleOffset:0,Interpolation:0,installVAngleOffset:0,radarOffsetH:0,radarOffsetV:0.32,Polynom:-0.001023;-0.0511;-2.047;0;0;0;-0.001023;-0.0511;-2.047;-25.5;0;0,WheelDirection:0;0;0;0,selfAngleOffset:0,selfAngleOffsetPit:0,currCaliAngleHrz:0,currCaliAnglePit:0,selfCaliAngleHrz:0,selfCaliAnglePit:0,servCaliAngleHrz:0,servCaliAnglePit:0,offlineCaliAngleHrz:0,offlineCaliAnglePit:0,determine2useFlag:0,IMU_Z_Accel:-21.592,IMU_X_AngularRate:-2.093,IMU_Y_AngularRate:-2.093,IMU_RollAngle:-180,IMU_PitchAngle:-180,IMU_YawAngle:-180,FcwID:0,FCWWarningLevel:0,FCWTTC:0
0,1.98,0,16.55,38,0,0,0,7.7,1.25452e-34,0,0,0,-6.5,0,0,0,0,-0.00229183,0,0,0,0,0,0,0,0,0,1,87,58,0,0.00034,0.00034,3,5,0,0,0,0,0,0,0,0,0,0,1,0,1,0,0,0,0,0,0,0,0,,0,0,0,0,
1,2.76,0,-7.1,29.5,0,0,0,-15,0,0,0,0,-17.5,0,0,0,0,-0.00229183,0,0,0,0,0,0,0,0,0,1,79,58,0,0.00034,0.00034,3,5,0,0,0,0,0,0,0,0,0,0,1,0,1,0,0,0,0,0,0,0,0,,0,0,0,0,
2,3.36,0,14.55,40,0,0,0,4.45,0,0,0,0,-5,0,0,0,0,-0.00229183,0,0,0,0,0,0,0,0,0,1,89,58,0,0.00034,0.00034,3,0,0,0,0,0,0,0,0,0,0,0,1,0,1,0,0,0,0,0,0,0,0,,0,0,0,0,
3,5.63,0,13.55,22.5,0,0,0,-1.45,0,0,0,0,-25,0,0,0,0,-0.00229183,0,0,0,0,0,0,0,0,0,1,67,58,0,0.00034,0.00034,3,5,0,0,0,0,0,0,0,0,0,0,1,0,1,0,0,0,0,0,0,0,0,,0,0,0,0,
4,6.25,0,17.45,29.5,0,0,0,-4.2,0,0,0,0,-15,0,0,0,0,-0.00229183,0,0,0,0,0,0,0,0,0,1,75,58,0,0.00034,0.00034,3,5,0,0,0,0,0,0,0,0,0,0,1,0,1,0,0,0,0,0,0,0,0,,0,0,0,0,
END,Total:5
START,FrameNb:167,CameraNb:0,HeSaiNb:0,ARS410Nb:0
2026/08/02 21:39:35:776---->
heightOffset:0,1785677975776,483932,selfCaliBufCnt:0,selfAccObjCnt:0,selfAccAngle:0,installHAngleOffset:0,Interpolation:0,installVAngleOffset:0,radarOffsetH:0,radarOffsetV:0.32,Polynom:-0.001023;-0.0511;-2.047;0;0;0;-0.001023;-0.0511;-2.047;-25.5;0;0,WheelDirection:0;0;0;0,selfAngleOffset:0,selfAngleOffsetPit:0,currCaliAngleHrz:0,currCaliAnglePit:0,selfCaliAngleHrz:0,selfCaliAnglePit:0,servCaliAngleHrz:0,servCaliAnglePit:0,offlineCaliAngleHrz:0,offlineCaliAnglePit:0,determine2useFlag:0,IMU_Z_Accel:-21.592,IMU_X_AngularRate:-2.093,IMU_Y_AngularRate:-2.093,IMU_RollAngle:-180,IMU_PitchAngle:-180,IMU_YawAngle:-180,FcwID:0,FCWWarningLevel:0,FCWTTC:0
0,1.99,0,16.55,38,0,0,0,7.65,1.25452e-34,0,0,0,-6.5,0,0,0,0,-0.00229183,0,0,0,0,0,0,0,0,0,1,87,57,0,0.00034,0.00034,3,5,0,0,0,0,0,0,0,0,0,0,1,0,0,0,0,0,0,0,0,0,0,,0,0,0,0,
1,2.76,0,66.85,30,0,0,0,-10.2,0,0,0,0,17.5,0,0,0,0,-0.00229183,0,0,0,0,0,0,0,0,0,1,79,57,0,0.00034,0.00034,2,-1,0,0,0,0,0,0,0,0,0,0,1,0,0,0,0,0,0,0,0,0,0,,0,0,0,0,
2,3.37,0,14.7,40,0,0,0,4.8,0,0,0,0,-5,0,0,0,0,-0.00229183,0,0,0,0,0,0,0,0,0,1,89,57,0,0.00034,0.00034,3,0,0,0,0,0,0,0,0,0,0,0,1,0,0,0,0,0,0,0,0,0,0,,0,0,0,0,
3,3.89,0,-56.7,24.5,0,0,0,8.2,0,0,0,0,2,0,0,0,0,-0.00229183,0,0,0,0,0,0,0,0,0,1,73,57,0,0.00034,0.00034,2,-1,0,0,0,0,0,0,0,0,0,0,1,0,0,0,0,0,0,0,0,0,0,,0,0,0,0,
4,4.06,0.05,18.45,19.5,0,0,0,-2.25,0,0,0,0,-24,0,0,0,0,-0.00229183,0,0,0,0,0,0,0,0,0,1,67,57,0,0.00034,0.00034,3,5,0,0,0,0,0,0,0,0,0,0,1,0,0,0,0,0,0,0,0,0,0,,0,0,0,0,
5,5.4,0,-45.5,24,0,0,0,5.9,0,0,0,0,-7.5,0,0,0,0,-0.00229183,0,0,0,0,0,0,0,0,0,1,69,57,0,0.00034,0.00034,2,-1,0,0,0,0,0,0,0,0,0,0,1,0,0,0,0,0,0,0,0,0,0,,0,0,0,0,
6,5.62,0,13.7,23.5,0,0,0,-0.95,0,0,0,0,-24,0,0,0,0,-0.00229183,0,0,0,0,0,0,0,0,0,1,68,57,0,0.00034,0.00034,3,5,0,0,0,0,0,0,0,0,0,0,1,0,0,0,0,0,0,0,0,0,0,,0,0,0,0,
7,6.25,0,17.45,30,0,0,0,-4.2,0,0,0,0,-14.5,0,0,0,0,-0.00229183,0,0,0,0,0,0,0,0,0,1,75,57,0,0.00034,0.00034,3,5,0,0,0,0,0,0,0,0,0,0,1,0,0,0,0,0,0,0,0,0,0,,0,0,0,0,
END,Total:8
START,FrameNb:168,CameraNb:0,HeSaiNb:0,ARS410Nb:0
2026/08/02 21:39:35:820---->
heightOffset:0,1785677975820,483988,selfCaliBufCnt:0,selfAccObjCnt:0,selfAccAngle:0,installHAngleOffset:0,Interpolation:0,installVAngleOffset:0,radarOffsetH:0,radarOffsetV:0.32,Polynom:-0.001023;-0.0511;-2.047;0;0;0;-0.001023;-0.0511;-2.047;-25.5;0;0,WheelDirection:0;0;0;0,selfAngleOffset:0,selfAngleOffsetPit:0,currCaliAngleHrz:0,currCaliAnglePit:0,selfCaliAngleHrz:0,selfCaliAnglePit:0,servCaliAngleHrz:0,servCaliAnglePit:0,offlineCaliAngleHrz:0,offlineCaliAnglePit:0,determine2useFlag:0,IMU_Z_Accel:-21.592,IMU_X_AngularRate:-2.093,IMU_Y_AngularRate:-2.093,IMU_RollAngle:-180,IMU_PitchAngle:-180,IMU_YawAngle:-180,FcwID:0,FCWWarningLevel:0,FCWTTC:0
0,1.99,0,16.55,38,0,0,0,7.65,1.25452e-34,0,0,0,-6.5,0,0,0,0,-0.00229183,0,0,0,0,0,0,0,0,0,1,87,53,0,0.00034,0.00034,3,5,0,0,0,0,0,0,0,0,0,0,1,0,1,0,0,0,0,0,0,0,0,,0,0,0,0,
1,2.76,0,-7.35,29.5,0,0,0,-15,0,0,0,0,-17.5,0,0,0,0,-0.00229183,0,0,0,0,0,0,0,0,0,1,79,53,0,0.00034,0.00034,3,5,0,0,0,0,0,0,0,0,0,0,1,0,1,0,0,0,0,0,0,0,0,,0,0,0,0,
2,3.36,0,14.55,40,0,0,0,4.45,0,0,0,0,-5,0,0,0,0,-0.00229183,0,0,0,0,0,0,0,0,0,1,89,53,0,0.00034,0.00034,3,0,0,0,0,0,0,0,0,0,0,0,1,0,1,0,0,0,0,0,0,0,0,,0,0,0,0,
3,5.39,0,11.7,23.5,0,0,0,-0.7,0,0,0,0,-25.5,0,0,0,0,-0.00229183,0,0,0,0,0,0,0,0,0,1,68,53,0,0.00034,0.00034,3,5,0,0,0,0,0,0,0,0,0,0,1,0,1,0,0,0,0,0,0,0,0,,0,0,0,0,
4,5.63,0,13.65,23.5,0,0,0,-1.55,0,0,0,0,-24,0,0,0,0,-0.00229183,0,0,0,0,0,0,0,0,0,1,68,53,0,0.00034,0.00034,3,5,0,0,0,0,0,0,0,0,0,0,1,0,1,0,0,0,0,0,0,0,0,,0,0,0,0,
5,6.24,0,17.4,30,0,0,0,-4.05,0,0,0,0,-14.5,0,0,0,0,-0.00229183,0,0,0,0,0,0,0,0,0,1,75,53,0,0.00034,0.00034,3,5,0,0,0,0,0,0,0,0,0,0,1,0,1,0,0,0,0,0,0,0,0,,0,0,0,0,
END,Total:6
START,FrameNb:169,CameraNb:0,HeSaiNb:0,ARS410Nb:0
2026/08/02 21:39:35:871---->
heightOffset:0,1785677975871,484044,selfCaliBufCnt:0,selfAccObjCnt:0,selfAccAngle:0,installHAngleOffset:0,Interpolation:0,installVAngleOffset:0,radarOffsetH:0,radarOffsetV:0.32,Polynom:-0.001023;-0.0511;-2.047;0;0;0;-0.001023;-0.0511;-2.047;-25.5;0;0,WheelDirection:0;0;0;0,selfAngleOffset:0,selfAngleOffsetPit:0,currCaliAngleHrz:0,currCaliAnglePit:0,selfCaliAngleHrz:0,selfCaliAnglePit:0,servCaliAngleHrz:0,servCaliAnglePit:0,offlineCaliAngleHrz:0,offlineCaliAnglePit:0,determine2useFlag:0,IMU_Z_Accel:-21.592,IMU_X_AngularRate:-2.093,IMU_Y_AngularRate:-2.093,IMU_RollAngle:-180,IMU_PitchAngle:-180,IMU_YawAngle:-180,FcwID:0,FCWWarningLevel:0,FCWTTC:0
0,1.99,0,16.55,38,0,0,0,7.65,1.25452e-34,0,0,0,-6.5,0,0,0,0,-0.00229183,0,0,0,0,0,0,0,0,0,1,87,58,0,0.00034,0.00034,3,5,0,0,0,0,0,0,0,0,0,0,1,0,0,0,0,0,0,0,0,0,0,,0,0,0,0,
1,2.75,0,16.65,28.5,0,0,0,15,0,0,0,0,-15,0,0,0,0,-0.00229183,0,0,0,0,0,0,0,0,0,1,78,58,0,0.00034,0.00034,3,5,0,0,0,0,0,0,0,0,0,0,1,0,0,0,0,0,0,0,0,0,0,,0,0,0,0,
2,3.37,0,14.7,40,0,0,0,4.7,0,0,0,0,-5,0,0,0,0,-0.00229183,0,0,0,0,0,0,0,0,0,1,89,58,0,0.00034,0.00034,3,0,0,0,0,0,0,0,0,0,0,0,1,0,0,0,0,0,0,0,0,0,0,,0,0,0,0,
3,5.22,0,-44.4,23,0,0,0,3.2,0,0,0,0,-10,0,0,0,0,-0.00229183,0,0,0,0,0,0,0,0,0,1,68,58,0,0.00034,0.00034,2,-1,0,0,0,0,0,0,0,0,0,0,1,0,0,0,0,0,0,0,0,0,0,,0,0,0,0,
4,5.67,0,13.55,22.5,0,0,0,-1.35,0,0,0,0,-24.5,0,0,0,0,-0.00229183,0,0,0,0,0,0,0,0,0,1,68,58,0,0.00034,0.00034,3,5,0,0,0,0,0,0,0,0,0,0,1,0,0,0,0,0,0,0,0,0,0,,0,0,0,0,
5,6.25,0,17.45,30.5,0,0,0,-4,0,0,0,0,-14,0,0,0,0,-0.00229183,0,0,0,0,0,0,0,0,0,1,76,58,0,0.00034,0.00034,3,5,0,0,0,0,0,0,0,0,0,0,1,0,0,0,0,0,0,0,0,0,0,,0,0,0,0,
END,Total:6
START,FrameNb:170,CameraNb:0,HeSaiNb:0,ARS410Nb:0
2026/08/02 21:39:35:978---->
heightOffset:0,1785677975978,484100,selfCaliBufCnt:0,selfAccObjCnt:0,selfAccAngle:0,installHAngleOffset:0,Interpolation:0,installVAngleOffset:0,radarOffsetH:0,radarOffsetV:0.32,Polynom:-0.001023;-0.0511;-2.047;0;0;0;-0.001023;-0.0511;-2.047;-25.5;0;0,WheelDirection:0;0;0;0,selfAngleOffset:0,selfAngleOffsetPit:0,currCaliAngleHrz:0,currCaliAnglePit:0,selfCaliAngleHrz:0,selfCaliAnglePit:0,servCaliAngleHrz:0,servCaliAnglePit:0,offlineCaliAngleHrz:0,offlineCaliAnglePit:0,determine2useFlag:0,IMU_Z_Accel:-21.592,IMU_X_AngularRate:-2.093,IMU_Y_AngularRate:-2.093,IMU_RollAngle:-180,IMU_PitchAngle:-180,IMU_YawAngle:-180,FcwID:0,FCWWarningLevel:0,FCWTTC:0
0,1.99,0,16.55,38,0,0,0,7.65,1.25452e-34,0,0,0,-6.5,0,0,0,0,-0.00229183,0,0,0,0,0,0,0,0,0,1,87,54,0,0.00034,0.00034,3,5,0,0,0,0,0,0,0,0,0,0,1,0,1,0,0,0,0,0,0,0,0,,0,0,0,0,
1,3.36,0,14.6,40,0,0,0,4.4,0,0,0,0,-5,0,0,0,0,-0.00229183,0,0,0,0,0,0,0,0,0,1,89,54,0,0.00034,0.00034,3,0,0,0,0,0,0,0,0,0,0,0,1,0,1,0,0,0,0,0,0,0,0,,0,0,0,0,
2,5.21,0,11.5,22.5,0,0,0,13.65,0,0,0,0,-26.5,0,0,0,0,-0.00229183,0,0,0,0,0,0,0,0,0,1,68,54,0,0.00034,0.00034,3,5,0,0,0,0,0,0,0,0,0,0,1,0,1,0,0,0,0,0,0,0,0,,0,0,0,0,
3,5.65,0,13.6,21.5,0,0,0,-0.75,0,0,0,0,-25.5,0,0,0,0,-0.00229183,0,0,0,0,0,0,0,0,0,1,67,54,0,0.00034,0.00034,3,5,0,0,0,0,0,0,0,0,0,0,1,0,1,0,0,0,0,0,0,0,0,,0,0,0,0,
4,6.24,0,17.4,30,0,0,0,-3.8,0,0,0,0,-14,0,0,0,0,-0.00229183,0,0,0,0,0,0,0,0,0,1,76,54,0,0.00034,0.00034,3,5,0,0,0,0,0,0,0,0,0,0,1,0,1,0,0,0,0,0,0,0,0,,0,0,0,0,
END,Total:5
START,FrameNb:171,CameraNb:0,HeSaiNb:0,ARS410Nb:0
2026/08/02 21:39:36:027---->
heightOffset:0,1785677976027,484152,selfCaliBufCnt:0,selfAccObjCnt:0,selfAccAngle:0,installHAngleOffset:0,Interpolation:0,installVAngleOffset:0,radarOffsetH:0,radarOffsetV:0.32,Polynom:-0.001023;-0.0511;-2.047;0;0;0;-0.001023;-0.0511;-2.047;-25.5;0;0,WheelDirection:0;0;0;0,selfAngleOffset:0,selfAngleOffsetPit:0,currCaliAngleHrz:0,currCaliAnglePit:0,selfCaliAngleHrz:0,selfCaliAnglePit:0,servCaliAngleHrz:0,servCaliAnglePit:0,offlineCaliAngleHrz:0,offlineCaliAnglePit:0,determine2useFlag:0,IMU_Z_Accel:-21.592,IMU_X_AngularRate:-2.093,IMU_Y_AngularRate:-2.093,IMU_RollAngle:-180,IMU_PitchAngle:-180,IMU_YawAngle:-180,FcwID:0,FCWWarningLevel:0,FCWTTC:0
0,1.99,0,16.55,38,0,0,0,7.7,1.25452e-34,0,0,0,-6.5,0,0,0,0,-0.00229183,0,0,0,0,0,0,0,0,0,1,87,57,0,0.00034,0.00034,3,5,0,0,0,0,0,0,0,0,0,0,1,0,0,0,0,0,0,0,0,0,0,,0,0,0,0,
1,2.76,0,16.6,29.5,0,0,0,15,0,0,0,0,-14.5,0,0,0,0,-0.00229183,0,0,0,0,0,0,0,0,0,1,79,57,0,0.00034,0.00034,3,5,0,0,0,0,0,0,0,0,0,0,1,0,0,0,0,0,0,0,0,0,0,,0,0,0,0,
2,3.37,0,14.65,40,0,0,0,4.75,0,0,0,0,-5,0,0,0,0,-0.00229183,0,0,0,0,0,0,0,0,0,1,89,57,0,0.00034,0.00034,3,0,0,0,0,0,0,0,0,0,0,0,1,0,0,0,0,0,0,0,0,0,0,,0,0,0,0,
3,4.18,0.05,5.3,23.5,0,0,0,0.95,0,0,0,0,-24,0,0,0,0,-0.00229183,0,0,0,0,0,0,0,0,0,1,71,57,0,0.00034,0.00034,3,5,0,0,0,0,0,0,0,0,0,0,1,0,0,0,0,0,0,0,0,0,0,,0,0,0,0,
4,5.22,0,-45.95,22.5,0,0,0,3.9,0,0,0,0,-9,0,0,0,0,-0.00229183,0,0,0,0,0,0,0,0,0,1,68,57,0,0.00034,0.00034,2,-1,0,0,0,0,0,0,0,0,0,0,1,0,0,0,0,0,0,0,0,0,0,,0,0,0,0,
5,5.78,0,13.45,22,0,0,0,-0.1,0,0,0,0,-25,0,0,0,0,-0.00229183,0,0,0,0,0,0,0,0,0,1,67,57,0,0.00034,0.00034,3,5,0,0,0,0,0,0,0,0,0,0,1,0,0,0,0,0,0,0,0,0,0,,0,0,0,0,
6,6.24,0,17.3,30.5,0,0,0,-4.1,0,0,0,0,-14,0,0,0,0,-0.00229183,0,0,0,0,0,0,0,0,0,1,76,57,0,0.00034,0.00034,3,5,0,0,0,0,0,0,0,0,0,0,1,0,0,0,0,0,0,0,0,0,0,,0,0,0,0,
END,Total:7
START,FrameNb:172,CameraNb:0,HeSaiNb:0,ARS410Nb:0
2026/08/02 21:39:36:069---->
heightOffset:0,1785677976069,484216,selfCaliBufCnt:0,selfAccObjCnt:0,selfAccAngle:0,installHAngleOffset:0,Interpolation:0,installVAngleOffset:0,radarOffsetH:0,radarOffsetV:0.32,Polynom:-0.001023;-0.0511;-2.047;0;0;0;-0.001023;-0.0511;-2.047;-25.5;0;0,WheelDirection:0;0;0;0,selfAngleOffset:0,selfAngleOffsetPit:0,currCaliAngleHrz:0,currCaliAnglePit:0,selfCaliAngleHrz:0,selfCaliAnglePit:0,servCaliAngleHrz:0,servCaliAnglePit:0,offlineCaliAngleHrz:0,offlineCaliAnglePit:0,determine2useFlag:0,IMU_Z_Accel:-21.592,IMU_X_AngularRate:-2.093,IMU_Y_AngularRate:-2.093,IMU_RollAngle:-180,IMU_PitchAngle:-180,IMU_YawAngle:-180,FcwID:0,FCWWarningLevel:0,FCWTTC:0
0,1.99,0,16.6,38,0,0,0,7.75,1.25452e-34,0,0,0,-6.5,0,0,0,0,-0.00229183,0,0,0,0,0,0,0,0,0,1,87,57,0,0.00034,0.00034,3,5,0,0,0,0,0,0,0,0,0,0,1,0,1,0,0,0,0,0,0,0,0,,0,0,0,0,
1,2.75,0,-8.85,29,0,0,0,-13.75,0,0,0,0,-18,0,0,0,0,-0.00229183,0,0,0,0,0,0,0,0,0,1,78,57,0,0.00034,0.00034,3,5,0,0,0,0,0,0,0,0,0,0,1,0,1,0,0,0,0,0,0,0,0,,0,0,0,0,
2,3.36,0,14.6,40.5,0,0,0,4.45,0,0,0,0,-5,0,0,0,0,-0.00229183,0,0,0,0,0,0,0,0,0,1,89,57,0,0.00034,0.00034,3,0,0,0,0,0,0,0,0,0,0,0,1,0,1,0,0,0,0,0,0,0,0,,0,0,0,0,
3,3.99,0,19.1,27,0,0,0,-2.75,0,0,0,0,-15.5,0,0,0,0,-0.00229183,0,0,0,0,0,0,0,0,0,1,75,57,0,0.00034,0.00034,3,0,0,0,0,0,0,0,0,0,0,0,1,0,1,0,0,0,0,0,0,0,0,,0,0,0,0,
4,5.21,0,11.3,22.5,0,0,0,-1.25,0,0,0,0,-26.5,0,0,0,0,-0.00229183,0,0,0,0,0,0,0,0,0,1,67,57,0,0.00034,0.00034,3,5,0,0,0,0,0,0,0,0,0,0,1,0,1,0,0,0,0,0,0,0,0,,0,0,0,0,
5,5.76,0,13.5,21.5,0,0,0,-0.35,0,0,0,0,-26,0,0,0,0,-0.00229183,0,0,0,0,0,0,0,0,0,1,66,57,0,0.00034,0.00034,3,5,0,0,0,0,0,0,0,0,0,0,1,0,1,0,0,0,0,0,0,0,0,,0,0,0,0,
6,6.24,0,17.45,30.5,0,0,0,-3.95,0,0,0,0,-14,0,0,0,0,-0.00229183,0,0,0,0,0,0,0,0,0,1,76,57,0,0.00034,0.00034,3,5,0,0,0,0,0,0,0,0,0,0,1,0,1,0,0,0,0,0,0,0,0,,0,0,0,0,
END,Total:7
START,FrameNb:173,CameraNb:0,HeSaiNb:0,ARS410Nb:0
2026/08/02 21:39:36:120---->
heightOffset:0,1785677976120,484272,selfCaliBufCnt:0,selfAccObjCnt:0,selfAccAngle:0,installHAngleOffset:0,Interpolation:0,installVAngleOffset:0,radarOffsetH:0,radarOffsetV:0.32,Polynom:-0.001023;-0.0511;-2.047;0;0;0;-0.001023;-0.0511;-2.047;-25.5;0;0,WheelDirection:0;0;0;0,selfAngleOffset:0,selfAngleOffsetPit:0,currCaliAngleHrz:0,currCaliAnglePit:0,selfCaliAngleHrz:0,selfCaliAnglePit:0,servCaliAngleHrz:0,servCaliAnglePit:0,offlineCaliAngleHrz:0,offlineCaliAnglePit:0,determine2useFlag:0,IMU_Z_Accel:-21.592,IMU_X_AngularRate:-2.093,IMU_Y_AngularRate:-2.093,IMU_RollAngle:-180,IMU_PitchAngle:-180,IMU_YawAngle:-180,FcwID:0,FCWWarningLevel:0,FCWTTC:0
0,1.99,0,16.55,38,0,0,0,7.7,1.25452e-34,0,0,0,-6.5,0,0,0,0,-0.00229183,0,0,0,0,0,0,0,0,0,1,87,63,0,0.00034,0.00034,3,5,0,0,0,0,0,0,0,0,0,0,1,0,0,0,0,0,0,0,0,0,0,,0,0,0,0,
1,2.76,0,-8.85,29,0,0,0,-13.7,0,0,0,0,-18,0,0,0,0,-0.00229183,0,0,0,0,0,0,0,0,0,1,78,63,0,0.00034,0.00034,3,5,0,0,0,0,0,0,0,0,0,0,1,0,0,0,0,0,0,0,0,0,0,,0,0,0,0,
2,3.37,0,14.65,40.5,0,0,0,4.9,0,0,0,0,-5,0,0,0,0,-0.00229183,0,0,0,0,0,0,0,0,0,1,89,63,0,0.00034,0.00034,3,0,0,0,0,0,0,0,0,0,0,0,1,0,0,0,0,0,0,0,0,0,0,,0,0,0,0,
3,3.95,0,-50.55,24.5,0,0,0,-8.3,0,0,0,0,0,0,0,0,0,-0.00229183,0,0,0,0,0,0,0,0,0,1,73,63,0,0.00034,0.00034,2,-1,0,0,0,0,0,0,0,0,0,0,1,0,0,0,0,0,0,0,0,0,0,,0,0,0,0,
4,5.26,0,-46.15,23,0,0,0,3.65,0,0,0,0,-8,0,0,0,0,-0.00229183,0,0,0,0,0,0,0,0,0,1,68,63,0,0.00034,0.00034,2,-1,0,0,0,0,0,0,0,0,0,0,1,0,0,0,0,0,0,0,0,0,0,,0,0,0,0,
5,5.7,0,13.35,21.5,0,0,0,1.55,0,0,0,0,-25.5,0,0,0,0,-0.00229183,0,0,0,0,0,0,0,0,0,1,67,63,0,0.00034,0.00034,3,5,0,0,0,0,0,0,0,0,0,0,1,0,0,0,0,0,0,0,0,0,0,,0,0,0,0,
6,6.24,0,17.3,30.5,0,0,0,-4.05,0,0,0,0,-14,0,0,0,0,-0.00229183,0,0,0,0,0,0,0,0,0,1,76,63,0,0.00034,0.00034,3,5,0,0,0,0,0,0,0,0,0,0,1,0,0,0,0,0,0,0,0,0,0,,0,0,0,0,
END,Total:7
START,FrameNb:174,CameraNb:0,HeSaiNb:0,ARS410Nb:0
2026/08/02 21:39:36:165---->
heightOffset:0,1785677976165,484332,selfCaliBufCnt:0,selfAccObjCnt:0,selfAccAngle:0,installHAngleOffset:0,Interpolation:0,installVAngleOffset:0,radarOffsetH:0,radarOffsetV:0.32,Polynom:-0.001023;-0.0511;-2.047;0;0;0;-0.001023;-0.0511;-2.047;-25.5;0;0,WheelDirection:0;0;0;0,selfAngleOffset:0,selfAngleOffsetPit:0,currCaliAngleHrz:0,currCaliAnglePit:0,selfCaliAngleHrz:0,selfCaliAnglePit:0,servCaliAngleHrz:0,servCaliAnglePit:0,offlineCaliAngleHrz:0,offlineCaliAnglePit:0,determine2useFlag:0,IMU_Z_Accel:-21.592,IMU_X_AngularRate:-2.093,IMU_Y_AngularRate:-2.093,IMU_RollAngle:-180,IMU_PitchAngle:-180,IMU_YawAngle:-180,FcwID:0,FCWWarningLevel:0,FCWTTC:0
0,1.99,0,16.55,38,0,0,0,7.65,1.25452e-34,0,0,0,-6.5,0,0,0,0,-0.00229183,0,0,0,0,0,0,0,0,0,1,87,55,0,0.00034,0.00034,3,5,0,0,0,0,0,0,0,0,0,0,1,0,1,0,0,0,0,0,0,0,0,,0,0,0,0,
1,2.77,0,-7.15,30,0,0,0,-15,0,0,0,0,-17.5,0,0,0,0,-0.00229183,0,0,0,0,0,0,0,0,0,1,79,55,0,0.00034,0.00034,3,5,0,0,0,0,0,0,0,0,0,0,1,0,1,0,0,0,0,0,0,0,0,,0,0,0,0,
2,3.37,0,14.7,40.5,0,0,0,4.75,0,0,0,0,-5,0,0,0,0,-0.00229183,0,0,0,0,0,0,0,0,0,1,89,55,0,0.00034,0.00034,3,0,0,0,0,0,0,0,0,0,0,0,1,0,1,0,0,0,0,0,0,0,0,,0,0,0,0,
3,4,0,-57.2,23.5,0,0,0,-13.45,0,0,0,0,2,0,0,0,0,-0.00229183,0,0,0,0,0,0,0,0,0,1,72,55,0,0.00034,0.00034,3,5,0,0,0,0,0,0,0,0,0,0,1,0,1,0,0,0,0,0,0,0,0,,0,0,0,0,
4,5.21,0,11.6,22.5,0,0,0,-1.7,0,0,0,0,-26,0,0,0,0,-0.00229183,0,0,0,0,0,0,0,0,0,1,68,55,0,0.00034,0.00034,3,5,0,0,0,0,0,0,0,0,0,0,1,0,1,0,0,0,0,0,0,0,0,,0,0,0,0,
5,5.64,0,13.55,21.5,0,0,0,0.3,0,0,0,0,-26,0,0,0,0,-0.00229183,0,0,0,0,0,0,0,0,0,1,66,55,0,0.00034,0.00034,3,5,0,0,0,0,0,0,0,0,0,0,1,0,1,0,0,0,0,0,0,0,0,,0,0,0,0,
6,6.24,0,17.45,30.5,0,0,0,-4.05,0,0,0,0,-14,0,0,0,0,-0.00229183,0,0,0,0,0,0,0,0,0,1,76,55,0,0.00034,0.00034,3,5,0,0,0,0,0,0,0,0,0,0,1,0,1,0,0,0,0,0,0,0,0,,0,0,0,0,
END,Total:7
START,FrameNb:175,CameraNb:0,HeSaiNb:0,ARS410Nb:0
2026/08/02 21:39:36:224---->
heightOffset:0,1785677976224,484388,selfCaliBufCnt:0,selfAccObjCnt:0,selfAccAngle:0,installHAngleOffset:0,Interpolation:0,installVAngleOffset:0,radarOffsetH:0,radarOffsetV:0.32,Polynom:-0.001023;-0.0511;-2.047;0;0;0;-0.001023;-0.0511;-2.047;-25.5;0;0,WheelDirection:0;0;0;0,selfAngleOffset:0,selfAngleOffsetPit:0,currCaliAngleHrz:0,currCaliAnglePit:0,selfCaliAngleHrz:0,selfCaliAnglePit:0,servCaliAngleHrz:0,servCaliAnglePit:0,offlineCaliAngleHrz:0,offlineCaliAnglePit:0,determine2useFlag:0,IMU_Z_Accel:-21.592,IMU_X_AngularRate:-2.093,IMU_Y_AngularRate:-2.093,IMU_RollAngle:-180,IMU_PitchAngle:-180,IMU_YawAngle:-180,FcwID:0,FCWWarningLevel:0,FCWTTC:0
0,1.98,0,16.55,38,0,0,0,7.55,1.25452e-34,0,0,0,-6.5,0,0,0,0,-0.00229183,0,0,0,0,0,0,0,0,0,1,87,58,0,0.00034,0.00034,3,5,0,0,0,0,0,0,0,0,0,0,1,0,0,0,0,0,0,0,0,0,0,,0,0,0,0,
1,2.78,0,-7.05,30,0,0,0,-15,0,0,0,0,-17.5,0,0,0,0,-0.00229183,0,0,0,0,0,0,0,0,0,1,79,58,0,0.00034,0.00034,3,7,0,0,0,0,0,0,0,0,0,0,1,0,0,0,0,0,0,0,0,0,0,,0,0,0,0,
2,3.37,0,14.65,40.5,0,0,0,4.8,0,0,0,0,-5,0,0,0,0,-0.00229183,0,0,0,0,0,0,0,0,0,1,89,58,0,0.00034,0.00034,3,0,0,0,0,0,0,0,0,0,0,0,1,0,0,0,0,0,0,0,0,0,0,,0,0,0,0,
3,4.05,0,-36.05,26,0,0,0,2.15,0,0,0,0,-10.5,0,0,0,0,-0.00229183,0,0,0,0,0,0,0,0,0,1,74,58,0,0.00034,0.00034,2,-1,0,0,0,0,0,0,0,0,0,0,1,0,0,0,0,0,0,0,0,0,0,,0,0,0,0,
4,5.22,0,11.3,23,0,0,0,-1.35,0,0,0,0,-26,0,0,0,0,-0.00229183,0,0,0,0,0,0,0,0,0,1,68,58,0,0.00034,0.00034,3,5,0,0,0,0,0,0,0,0,0,0,1,0,0,0,0,0,0,0,0,0,0,,0,0,0,0,
5,5.71,0,13.65,21.5,0,0,0,-0.55,0,0,0,0,-26,0,0,0,0,-0.00229183,0,0,0,0,0,0,0,0,0,1,66,58,0,0.00034,0.00034,3,5,0,0,0,0,0,0,0,0,0,0,1,0,0,0,0,0,0,0,0,0,0,,0,0,0,0,
6,6.24,0,17.3,31,0,0,0,-4,0,0,0,0,-13.5,0,0,0,0,-0.00229183,0,0,0,0,0,0,0,0,0,1,76,58,0,0.00034,0.00034,3,5,0,0,0,0,0,0,0,0,0,0,1,0,0,0,0,0,0,0,0,0,0,,0,0,0,0,
END,Total:7
START,FrameNb:176,CameraNb:0,HeSaiNb:0,ARS410Nb:0
2026/08/02 21:39:36:321---->
heightOffset:0,1785677976321,484444,selfCaliBufCnt:0,selfAccObjCnt:0,selfAccAngle:0,installHAngleOffset:0,Interpolation:0,installVAngleOffset:0,radarOffsetH:0,radarOffsetV:0.32,Polynom:-0.001023;-0.0511;-2.047;0;0;0;-0.001023;-0.0511;-2.047;-25.5;0;0,WheelDirection:0;0;0;0,selfAngleOffset:0,selfAngleOffsetPit:0,currCaliAngleHrz:0,currCaliAnglePit:0,selfCaliAngleHrz:0,selfCaliAnglePit:0,servCaliAngleHrz:0,servCaliAnglePit:0,offlineCaliAngleHrz:0,offlineCaliAnglePit:0,determine2useFlag:0,IMU_Z_Accel:-21.592,IMU_X_AngularRate:-2.093,IMU_Y_AngularRate:-2.093,IMU_RollAngle:-180,IMU_PitchAngle:-180,IMU_YawAngle:-180,FcwID:0,FCWWarningLevel:0,FCWTTC:0
0,1.99,0,16.55,38,0,0,0,7.65,1.25452e-34,0,0,0,-6.5,0,0,0,0,-0.00229183,0,0,0,0,0,0,0,0,0,1,87,54,0,0.00034,0.00034,3,5,0,0,0,0,0,0,0,0,0,0,1,0,1,0,0,0,0,0,0,0,0,,0,0,0,0,
1,2.76,0,-7.3,30,0,0,0,-15,0,0,0,0,-17,0,0,0,0,-0.00229183,0,0,0,0,0,0,0,0,0,1,79,54,0,0.00034,0.00034,3,5,0,0,0,0,0,0,0,0,0,0,1,0,1,0,0,0,0,0,0,0,0,,0,0,0,0,
2,3.36,0,14.55,40,0,0,0,4.4,0,0,0,0,-5,0,0,0,0,-0.00229183,0,0,0,0,0,0,0,0,0,1,89,54,0,0.00034,0.00034,3,0,0,0,0,0,0,0,0,0,0,0,1,0,1,0,0,0,0,0,0,0,0,,0,0,0,0,
3,4.16,0,19.3,26.5,0,0,0,-3.1,0,0,0,0,-16,0,0,0,0,-0.00229183,0,0,0,0,0,0,0,0,0,1,75,54,0,0.00034,0.00034,3,0,0,0,0,0,0,0,0,0,0,0,1,0,1,0,0,0,0,0,0,0,0,,0,0,0,0,
4,5.22,0,11.4,23,0,0,0,-1.3,0,0,0,0,-26,0,0,0,0,-0.00229183,0,0,0,0,0,0,0,0,0,1,68,54,0,0.00034,0.00034,3,5,0,0,0,0,0,0,0,0,0,0,1,0,1,0,0,0,0,0,0,0,0,,0,0,0,0,
5,5.65,0,13.85,22,0,0,0,0.3,0,0,0,0,-25.5,0,0,0,0,-0.00229183,0,0,0,0,0,0,0,0,0,1,67,54,0,0.00034,0.00034,3,5,0,0,0,0,0,0,0,0,0,0,1,0,1,0,0,0,0,0,0,0,0,,0,0,0,0,
6,6.24,0,17.35,30.5,0,0,0,-4,0,0,0,0,-14,0,0,0,0,-0.00229183,0,0,0,0,0,0,0,0,0,1,76,54,0,0.00034,0.00034,3,5,0,0,0,0,0,0,0,0,0,0,1,0,1,0,0,0,0,0,0,0,0,,0,0,0,0,
END,Total:7
START,FrameNb:177,CameraNb:0,HeSaiNb:0,ARS410Nb:0
2026/08/02 21:39:36:369---->
heightOffset:0,1785677976369,484496,selfCaliBufCnt:0,selfAccObjCnt:0,selfAccAngle:0,installHAngleOffset:0,Interpolation:0,installVAngleOffset:0,radarOffsetH:0,radarOffsetV:0.32,Polynom:-0.001023;-0.0511;-2.047;0;0;0;-0.001023;-0.0511;-2.047;-25.5;0;0,WheelDirection:0;0;0;0,selfAngleOffset:0,selfAngleOffsetPit:0,currCaliAngleHrz:0,currCaliAnglePit:0,selfCaliAngleHrz:0,selfCaliAnglePit:0,servCaliAngleHrz:0,servCaliAnglePit:0,offlineCaliAngleHrz:0,offlineCaliAnglePit:0,determine2useFlag:0,IMU_Z_Accel:-21.592,IMU_X_AngularRate:-2.093,IMU_Y_AngularRate:-2.093,IMU_RollAngle:-180,IMU_PitchAngle:-180,IMU_YawAngle:-180,FcwID:0,FCWWarningLevel:0,FCWTTC:0
0,1.99,0,16.6,38,0,0,0,7.45,1.25452e-34,0,0,0,-6.5,0,0,0,0,-0.00229183,0,0,0,0,0,0,0,0,0,1,87,57,0,0.00034,0.00034,3,5,0,0,0,0,0,0,0,0,0,0,1,0,0,0,0,0,0,0,0,0,0,,0,0,0,0,
1,2.77,0,-7.1,30,0,0,0,-15,0,0,0,0,-17.5,0,0,0,0,-0.00229183,0,0,0,0,0,0,0,0,0,1,79,57,0,0.00034,0.00034,3,5,0,0,0,0,0,0,0,0,0,0,1,0,0,0,0,0,0,0,0,0,0,,0,0,0,0,
2,3.37,0,14.55,40,0,0,0,4.4,0,0,0,0,-5,0,0,0,0,-0.00229183,0,0,0,0,0,0,0,0,0,1,89,57,0,0.00034,0.00034,3,0,0,0,0,0,0,0,0,0,0,0,1,0,0,0,0,0,0,0,0,0,0,,0,0,0,0,
3,4.18,0,-50.85,27,0,0,0,-10,0,0,0,0,2.5,0,0,0,0,-0.00229183,0,0,0,0,0,0,0,0,0,1,75,57,0,0.00034,0.00034,2,-1,0,0,0,0,0,0,0,0,0,0,1,0,0,0,0,0,0,0,0,0,0,,0,0,0,0,
4,5.22,0,11.35,23,0,0,0,-0.8,0,0,0,0,-25.5,0,0,0,0,-0.00229183,0,0,0,0,0,0,0,0,0,1,68,57,0,0.00034,0.00034,3,5,0,0,0,0,0,0,0,0,0,0,1,0,0,0,0,0,0,0,0,0,0,,0,0,0,0,
5,5.69,0,13.55,23,0,0,0,-1.1,0,0,0,0,-24.5,0,0,0,0,-0.00229183,0,0,0,0,0,0,0,0,0,1,68,57,0,0.00034,0.00034,3,5,0,0,0,0,0,0,0,0,0,0,1,0,0,0,0,0,0,0,0,0,0,,0,0,0,0,
6,6.25,0,17.45,30.5,0,0,0,-4,0,0,0,0,-14,0,0,0,0,-0.00229183,0,0,0,0,0,0,0,0,0,1,76,57,0,0.00034,0.00034,3,5,0,0,0,0,0,0,0,0,0,0,1,0,0,0,0,0,0,0,0,0,0,,0,0,0,0,
END,Total:7
START,FrameNb:178,CameraNb:0,HeSaiNb:0,ARS410Nb:0
2026/08/02 21:39:36:427---->
heightOffset:0,1785677976427,484556,selfCaliBufCnt:0,selfAccObjCnt:0,selfAccAngle:0,installHAngleOffset:0,Interpolation:0,installVAngleOffset:0,radarOffsetH:0,radarOffsetV:0.32,Polynom:-0.001023;-0.0511;-2.047;0;0;0;-0.001023;-0.0511;-2.047;-25.5;0;0,WheelDirection:0;0;0;0,selfAngleOffset:0,selfAngleOffsetPit:0,currCaliAngleHrz:0,currCaliAnglePit:0,selfCaliAngleHrz:0,selfCaliAnglePit:0,servCaliAngleHrz:0,servCaliAnglePit:0,offlineCaliAngleHrz:0,offlineCaliAnglePit:0,determine2useFlag:0,IMU_Z_Accel:-21.592,IMU_X_AngularRate:-2.093,IMU_Y_AngularRate:-2.093,IMU_RollAngle:-180,IMU_PitchAngle:-180,IMU_YawAngle:-180,FcwID:0,FCWWarningLevel:0,FCWTTC:0
0,1.98,0,16.55,38,0,0,0,7.65,1.25452e-34,0,0,0,-6.5,0,0,0,0,-0.00229183,0,0,0,0,0,0,0,0,0,1,87,54,0,0.00034,0.00034,3,5,0,0,0,0,0,0,0,0,0,0,1,0,1,0,0,0,0,0,0,0,0,,0,0,0,0,
1,2.76,0,16.6,29,0,0,0,-14.25,0,0,0,0,-15,0,0,0,0,-0.00229183,0,0,0,0,0,0,0,0,0,1,78,54,0,0.00034,0.00034,3,5,0,0,0,0,0,0,0,0,0,0,1,0,1,0,0,0,0,0,0,0,0,,0,0,0,0,
2,3.37,0,14.55,40,0,0,0,4.45,0,0,0,0,-5,0,0,0,0,-0.00229183,0,0,0,0,0,0,0,0,0,1,89,54,0,0.00034,0.00034,3,0,0,0,0,0,0,0,0,0,0,0,1,0,1,0,0,0,0,0,0,0,0,,0,0,0,0,
3,3.99,0,-51.7,27.5,0,0,0,-9.75,0,0,0,0,3,0,0,0,0,-0.00229183,0,0,0,0,0,0,0,0,0,1,76,54,0,0.00034,0.00034,3,5,0,0,0,0,0,0,0,0,0,0,1,0,1,0,0,0,0,0,0,0,0,,0,0,0,0,
4,5.21,0,-45.8,23.5,0,0,0,6,0,0,0,0,-8.5,0,0,0,0,-0.00229183,0,0,0,0,0,0,0,0,0,1,69,54,0,0.00034,0.00034,3,5,0,0,0,0,0,0,0,0,0,0,1,0,1,0,0,0,0,0,0,0,0,,0,0,0,0,
5,5.64,0,13.55,23.5,0,0,0,0.8,0,0,0,0,-24,0,0,0,0,-0.00229183,0,0,0,0,0,0,0,0,0,1,68,54,0,0.00034,0.00034,3,5,0,0,0,0,0,0,0,0,0,0,1,0,1,0,0,0,0,0,0,0,0,,0,0,0,0,
6,6.24,0,17.55,30,0,0,0,-4.05,0,0,0,0,-14.5,0,0,0,0,-0.00229183,0,0,0,0,0,0,0,0,0,1,75,54,0,0.00034,0.00034,3,5,0,0,0,0,0,0,0,0,0,0,1,0,1,0,0,0,0,0,0,0,0,,0,0,0,0,
END,Total:7
START,FrameNb:179,CameraNb:0,HeSaiNb:0,ARS410Nb:0
2026/08/02 21:39:36:475---->
heightOffset:0,1785677976475,484612,selfCaliBufCnt:0,selfAccObjCnt:0,selfAccAngle:0,installHAngleOffset:0,Interpolation:0,installVAngleOffset:0,radarOffsetH:0,radarOffsetV:0.32,Polynom:-0.001023;-0.0511;-2.047;0;0;0;-0.001023;-0.0511;-2.047;-25.5;0;0,WheelDirection:0;0;0;0,selfAngleOffset:0,selfAngleOffsetPit:0,currCaliAngleHrz:0,currCaliAnglePit:0,selfCaliAngleHrz:0,selfCaliAnglePit:0,servCaliAngleHrz:0,servCaliAnglePit:0,offlineCaliAngleHrz:0,offlineCaliAnglePit:0,determine2useFlag:0,IMU_Z_Accel:-21.592,IMU_X_AngularRate:-2.093,IMU_Y_AngularRate:-2.093,IMU_RollAngle:-180,IMU_PitchAngle:-180,IMU_YawAngle:-180,FcwID:0,FCWWarningLevel:0,FCWTTC:0
0,1.99,0,16.55,38,0,0,0,7.65,1.25452e-34,0,0,0,-6.5,0,0,0,0,-0.00229183,0,0,0,0,0,0,0,0,0,1,87,60,0,0.00034,0.00034,3,5,0,0,0,0,0,0,0,0,0,0,1,0,0,0,0,0,0,0,0,0,0,,0,0,0,0,
1,2.78,0,-7.2,30,0,0,0,-15,0,0,0,0,-17.5,0,0,0,0,-0.00229183,0,0,0,0,0,0,0,0,0,1,79,60,0,0.00034,0.00034,3,5,0,0,0,0,0,0,0,0,0,0,1,0,0,0,0,0,0,0,0,0,0,,0,0,0,0,
2,3.36,0,14.55,40,0,0,0,4.4,0,0,0,0,-5,0,0,0,0,-0.00229183,0,0,0,0,0,0,0,0,0,1,89,60,0,0.00034,0.00034,3,0,0,0,0,0,0,0,0,0,0,0,1,0,0,0,0,0,0,0,0,0,0,,0,0,0,0,
3,4.17,0,19.15,27.5,0,0,0,-3.45,0,0,0,0,-15,0,0,0,0,-0.00229183,0,0,0,0,0,0,0,0,0,1,75,60,0,0.00034,0.00034,3,5,0,0,0,0,0,0,0,0,0,0,1,0,0,0,0,0,0,0,0,0,0,,0,0,0,0,
4,5.23,0,10.8,24.5,0,0,0,-0.95,0,0,0,0,-24.5,0,0,0,0,-0.00229183,0,0,0,0,0,0,0,0,0,1,69,60,0,0.00034,0.00034,3,5,0,0,0,0,0,0,0,0,0,0,1,0,0,0,0,0,0,0,0,0,0,,0,0,0,0,
5,5.62,0,13.8,24.5,0,0,0,-0.75,0,0,0,0,-23,0,0,0,0,-0.00229183,0,0,0,0,0,0,0,0,0,1,69,60,0,0.00034,0.00034,3,5,0,0,0,0,0,0,0,0,0,0,1,0,0,0,0,0,0,0,0,0,0,,0,0,0,0,
6,6.26,0,17.4,30,0,0,0,-3.95,0,0,0,0,-14.5,0,0,0,0,-0.00229183,0,0,0,0,0,0,0,0,0,1,75,60,0,0.00034,0.00034,3,5,0,0,0,0,0,0,0,0,0,0,1,0,0,0,0,0,0,0,0,0,0,,0,0,0,0,
END,Total:7
START,FrameNb:180,CameraNb:0,HeSaiNb:0,ARS410Nb:0
2026/08/02 21:39:36:526---->
heightOffset:0,1785677976526,484676,selfCaliBufCnt:0,selfAccObjCnt:0,selfAccAngle:0,installHAngleOffset:0,Interpolation:0,installVAngleOffset:0,radarOffsetH:0,radarOffsetV:0.32,Polynom:-0.001023;-0.0511;-2.047;0;0;0;-0.001023;-0.0511;-2.047;-25.5;0;0,WheelDirection:0;0;0;0,selfAngleOffset:0,selfAngleOffsetPit:0,currCaliAngleHrz:0,currCaliAnglePit:0,selfCaliAngleHrz:0,selfCaliAnglePit:0,servCaliAngleHrz:0,servCaliAnglePit:0,offlineCaliAngleHrz:0,offlineCaliAnglePit:0,determine2useFlag:0,IMU_Z_Accel:-21.592,IMU_X_AngularRate:-2.093,IMU_Y_AngularRate:-2.093,IMU_RollAngle:-180,IMU_PitchAngle:-180,IMU_YawAngle:-180,FcwID:0,FCWWarningLevel:0,FCWTTC:0
0,1.99,0,16.55,38.5,0,0,0,7.65,1.25452e-34,0,0,0,-6.5,0,0,0,0,-0.00229183,0,0,0,0,0,0,0,0,0,1,87,59,0,0.00034,0.00034,3,5,0,0,0,0,0,0,0,0,0,0,1,0,1,0,0,0,0,0,0,0,0,,0,0,0,0,
1,2.76,0,-9.2,28.5,0,0,0,-13.75,0,0,0,0,-18.5,0,0,0,0,-0.00229183,0,0,0,0,0,0,0,0,0,1,78,59,0,0.00034,0.00034,3,5,0,0,0,0,0,0,0,0,0,0,1,0,1,0,0,0,0,0,0,0,0,,0,0,0,0,
2,3.37,0,14.6,40,0,0,0,4.45,0,0,0,0,-5,0,0,0,0,-0.00229183,0,0,0,0,0,0,0,0,0,1,89,59,0,0.00034,0.00034,3,0,0,0,0,0,0,0,0,0,0,0,1,0,1,0,0,0,0,0,0,0,0,,0,0,0,0,
3,3.99,0,17.6,26,0,0,0,-3.2,0,0,0,0,-17.5,0,0,0,0,-0.00229183,0,0,0,0,0,0,0,0,0,1,74,59,0,0.00034,0.00034,3,5,0,0,0,0,0,0,0,0,0,0,1,0,1,0,0,0,0,0,0,0,0,,0,0,0,0,
4,5.62,0,13.7,23,0,0,0,-0.8,0,0,0,0,-24.5,0,0,0,0,-0.00229183,0,0,0,0,0,0,0,0,0,1,68,59,0,0.00034,0.00034,3,5,0,0,0,0,0,0,0,0,0,0,1,0,1,0,0,0,0,0,0,0,0,,0,0,0,0,
5,6.25,0,17.4,29.5,0,0,0,-4.3,0,0,0,0,-15,0,0,0,0,-0.00229183,0,0,0,0,0,0,0,0,0,1,75,59,0,0.00034,0.00034,3,5,0,0,0,0,0,0,0,0,0,0,1,0,1,0,0,0,0,0,0,0,0,,0,0,0,0,
END,Total:6
START,FrameNb:181,CameraNb:0,HeSaiNb:0,ARS410Nb:0
2026/08/02 21:39:36:567---->
heightOffset:0,1785677976567,484728,selfCaliBufCnt:0,selfAccObjCnt:0,selfAccAngle:0,installHAngleOffset:0,Interpolation:0,installVAngleOffset:0,radarOffsetH:0,radarOffsetV:0.32,Polynom:-0.001023;-0.0511;-2.047;0;0;0;-0.001023;-0.0511;-2.047;-25.5;0;0,WheelDirection:0;0;0;0,selfAngleOffset:0,selfAngleOffsetPit:0,currCaliAngleHrz:0,currCaliAnglePit:0,selfCaliAngleHrz:0,selfCaliAnglePit:0,servCaliAngleHrz:0,servCaliAnglePit:0,offlineCaliAngleHrz:0,offlineCaliAnglePit:0,determine2useFlag:0,IMU_Z_Accel:-21.592,IMU_X_AngularRate:-2.093,IMU_Y_AngularRate:-2.093,IMU_RollAngle:-180,IMU_PitchAngle:-180,IMU_YawAngle:-180,FcwID:0,FCWWarningLevel:0,FCWTTC:0
0,1.98,0,16.55,38,0,0,0,7.7,1.25452e-34,0,0,0,-6.5,0,0,0,0,-0.00229183,0,0,0,0,0,0,0,0,0,1,87,58,0,0.00034,0.00034,3,5,0,0,0,0,0,0,0,0,0,0,1,0,0,0,0,0,0,0,0,0,0,,0,0,0,0,
1,3.37,0,14.7,40,0,0,0,4.75,0,0,0,0,-5,0,0,0,0,-0.00229183,0,0,0,0,0,0,0,0,0,1,89,58,0,0.00034,0.00034,3,0,0,0,0,0,0,0,0,0,0,0,1,0,0,0,0,0,0,0,0,0,0,,0,0,0,0,
2,3.97,0,6,24,0,0,0,5.55,0,0,0,0,-23.5,0,0,0,0,-0.00229183,0,0,0,0,0,0,0,0,0,1,72,58,0,0.00034,0.00034,3,5,0,0,0,0,0,0,0,0,0,0,1,0,0,0,0,0,0,0,0,0,0,,0,0,0,0,
3,4.15,-0.05,18.15,21.5,0,0,0,-2.7,0,0,0,0,-22,0,0,0,0,-0.00229183,0,0,0,0,0,0,0,0,0,1,70,58,0,0.00034,0.00034,3,5,0,0,0,0,0,0,0,0,0,0,1,0,0,0,0,0,0,0,0,0,0,,0,0,0,0,
4,5.21,0,11.6,23,0,0,0,-0.95,0,0,0,0,-26,0,0,0,0,-0.00229183,0,0,0,0,0,0,0,0,0,1,68,58,0,0.00034,0.00034,3,5,0,0,0,0,0,0,0,0,0,0,1,0,0,0,0,0,0,0,0,0,0,,0,0,0,0,
5,5.65,0,13.65,22,0,0,0,-0.45,0,0,0,0,-25,0,0,0,0,-0.00229183,0,0,0,0,0,0,0,0,0,1,67,58,0,0.00034,0.00034,3,0,0,0,0,0,0,0,0,0,0,0,1,0,0,0,0,0,0,0,0,0,0,,0,0,0,0,
6,6.25,0,17.4,30,0,0,0,-4.25,0,0,0,0,-14.5,0,0,0,0,-0.00229183,0,0,0,0,0,0,0,0,0,1,75,58,0,0.00034,0.00034,3,5,0,0,0,0,0,0,0,0,0,0,1,0,0,0,0,0,0,0,0,0,0,,0,0,0,0,
END,Total:7
START,FrameNb:182,CameraNb:0,HeSaiNb:0,ARS410Nb:0
2026/08/02 21:39:36:620---->
heightOffset:0,1785677976620,484788,selfCaliBufCnt:0,selfAccObjCnt:0,selfAccAngle:0,installHAngleOffset:0,Interpolation:0,installVAngleOffset:0,radarOffsetH:0,radarOffsetV:0.32,Polynom:-0.001023;-0.0511;-2.047;0;0;0;-0.001023;-0.0511;-2.047;-25.5;0;0,WheelDirection:0;0;0;0,selfAngleOffset:0,selfAngleOffsetPit:0,currCaliAngleHrz:0,currCaliAnglePit:0,selfCaliAngleHrz:0,selfCaliAnglePit:0,servCaliAngleHrz:0,servCaliAnglePit:0,offlineCaliAngleHrz:0,offlineCaliAnglePit:0,determine2useFlag:0,IMU_Z_Accel:-21.592,IMU_X_AngularRate:-2.093,IMU_Y_AngularRate:-2.093,IMU_RollAngle:-180,IMU_PitchAngle:-180,IMU_YawAngle:-180,FcwID:0,FCWWarningLevel:0,FCWTTC:0
0,1.99,0,16.55,38,0,0,0,7.65,1.25452e-34,0,0,0,-6.5,0,0,0,0,-0.00229183,0,0,0,0,0,0,0,0,0,1,87,54,0,0.00034,0.00034,3,5,0,0,0,0,0,0,0,0,0,0,1,0,1,0,0,0,0,0,0,0,0,,0,0,0,0,
1,3.36,0,14.55,40.5,0,0,0,4.4,0,0,0,0,-5,0,0,0,0,-0.00229183,0,0,0,0,0,0,0,0,0,1,89,54,0,0.00034,0.00034,3,0,0,0,0,0,0,0,0,0,0,0,1,0,1,0,0,0,0,0,0,0,0,,0,0,0,0,
2,4.13,-0.05,18.95,26.5,0,0,0,-2.85,0,0,0,0,-17,0,0,0,0,-0.00229183,0,0,0,0,0,0,0,0,0,1,74,54,0,0.00034,0.00034,3,0,0,0,0,0,0,0,0,0,0,0,1,0,1,0,0,0,0,0,0,0,0,,0,0,0,0,
3,5.31,0,11.15,22.5,0,0,0,13.4,0,0,0,0,-26,0,0,0,0,-0.00229183,0,0,0,0,0,0,0,0,0,1,68,54,0,0.00034,0.00034,3,5,0,0,0,0,0,0,0,0,0,0,1,0,1,0,0,0,0,0,0,0,0,,0,0,0,0,
4,6.25,0,17.4,30,0,0,0,-4.1,0,0,0,0,-14,0,0,0,0,-0.00229183,0,0,0,0,0,0,0,0,0,1,76,54,0,0.00034,0.00034,3,5,0,0,0,0,0,0,0,0,0,0,1,0,1,0,0,0,0,0,0,0,0,,0,0,0,0,
END,Total:5
START,FrameNb:183,CameraNb:0,HeSaiNb:0,ARS410Nb:0
2026/08/02 21:39:36:665---->
heightOffset:0,1785677976665,484840,selfCaliBufCnt:0,selfAccObjCnt:0,selfAccAngle:0,installHAngleOffset:0,Interpolation:0,installVAngleOffset:0,radarOffsetH:0,radarOffsetV:0.32,Polynom:-0.001023;-0.0511;-2.047;0;0;0;-0.001023;-0.0511;-2.047;-25.5;0;0,WheelDirection:0;0;0;0,selfAngleOffset:0,selfAngleOffsetPit:0,currCaliAngleHrz:0,currCaliAnglePit:0,selfCaliAngleHrz:0,selfCaliAnglePit:0,servCaliAngleHrz:0,servCaliAnglePit:0,offlineCaliAngleHrz:0,offlineCaliAnglePit:0,determine2useFlag:0,IMU_Z_Accel:-21.592,IMU_X_AngularRate:-2.093,IMU_Y_AngularRate:-2.093,IMU_RollAngle:-180,IMU_PitchAngle:-180,IMU_YawAngle:-180,FcwID:0,FCWWarningLevel:0,FCWTTC:0
0,1.99,0,16.55,38,0,0,0,7.65,1.25452e-34,0,0,0,-6.5,0,0,0,0,-0.00229183,0,0,0,0,0,0,0,0,0,1,87,57,0,0.00034,0.00034,3,5,0,0,0,0,0,0,0,0,0,0,1,0,0,0,0,0,0,0,0,0,0,,0,0,0,0,
1,2.76,0,66.9,30,0,0,0,-10.1,0,0,0,0,18,0,0,0,0,-0.00229183,0,0,0,0,0,0,0,0,0,1,79,57,0,0.00034,0.00034,2,-1,0,0,0,0,0,0,0,0,0,0,1,0,0,0,0,0,0,0,0,0,0,,0,0,0,0,
2,3.36,0,14.55,40,0,0,0,4.45,0,0,0,0,-5,0,0,0,0,-0.00229183,0,0,0,0,0,0,0,0,0,1,89,57,0,0.00034,0.00034,3,0,0,0,0,0,0,0,0,0,0,0,1,0,0,0,0,0,0,0,0,0,0,,0,0,0,0,
3,4.02,0,21.2,28,0,0,0,11.15,0,0,0,0,-13.5,0,0,0,0,-0.00229183,0,0,0,0,0,0,0,0,0,1,76,57,0,0.00034,0.00034,3,5,0,0,0,0,0,0,0,0,0,0,1,0,0,0,0,0,0,0,0,0,0,,0,0,0,0,
4,5.35,0,11.45,23.5,0,0,0,-0.75,0,0,0,0,-25,0,0,0,0,-0.00229183,0,0,0,0,0,0,0,0,0,1,69,57,0,0.00034,0.00034,3,5,0,0,0,0,0,0,0,0,0,0,1,0,0,0,0,0,0,0,0,0,0,,0,0,0,0,
5,5.63,0,13.2,23.5,0,0,0,-0.55,0,0,0,0,-24,0,0,0,0,-0.00229183,0,0,0,0,0,0,0,0,0,1,68,57,0,0.00034,0.00034,3,5,0,0,0,0,0,0,0,0,0,0,1,0,0,0,0,0,0,0,0,0,0,,0,0,0,0,
6,6.25,0,17.4,30.5,0,0,0,-4.1,0,0,0,0,-13.5,0,0,0,0,-0.00229183,0,0,0,0,0,0,0,0,0,1,76,57,0,0.00034,0.00034,3,5,0,0,0,0,0,0,0,0,0,0,1,0,0,0,0,0,0,0,0,0,0,,0,0,0,0,
END,Total:7
START,FrameNb:184,CameraNb:0,HeSaiNb:0,ARS410Nb:0
2026/08/02 21:39:36:774---->
heightOffset:0,1785677976774,484896,selfCaliBufCnt:0,selfAccObjCnt:0,selfAccAngle:0,installHAngleOffset:0,Interpolation:0,installVAngleOffset:0,radarOffsetH:0,radarOffsetV:0.32,Polynom:-0.001023;-0.0511;-2.047;0;0;0;-0.001023;-0.0511;-2.047;-25.5;0;0,WheelDirection:0;0;0;0,selfAngleOffset:0,selfAngleOffsetPit:0,currCaliAngleHrz:0,currCaliAnglePit:0,selfCaliAngleHrz:0,selfCaliAnglePit:0,servCaliAngleHrz:0,servCaliAnglePit:0,offlineCaliAngleHrz:0,offlineCaliAnglePit:0,determine2useFlag:0,IMU_Z_Accel:-21.592,IMU_X_AngularRate:-2.093,IMU_Y_AngularRate:-2.093,IMU_RollAngle:-180,IMU_PitchAngle:-180,IMU_YawAngle:-180,FcwID:0,FCWWarningLevel:0,FCWTTC:0
0,1.99,0,16.55,38,0,0,0,7.55,1.25452e-34,0,0,0,-6.5,0,0,0,0,-0.00229183,0,0,0,0,0,0,0,0,0,1,87,54,0,0.00034,0.00034,3,5,0,0,0,0,0,0,0,0,0,0,1,0,1,0,0,0,0,0,0,0,0,,0,0,0,0,
1,3.36,0,14.55,40.5,0,0,0,4.3,0,0,0,0,-5,0,0,0,0,-0.00229183,0,0,0,0,0,0,0,0,0,1,89,54,0,0.00034,0.00034,3,0,0,0,0,0,0,0,0,0,0,0,1,0,1,0,0,0,0,0,0,0,0,,0,0,0,0,
2,4.12,0,19.4,29.5,0,0,0,-1.75,0,0,0,0,-13.5,0,0,0,0,-0.00229183,0,0,0,0,0,0,0,0,0,1,77,54,0,0.00034,0.00034,3,5,0,0,0,0,0,0,0,0,0,0,1,0,1,0,0,0,0,0,0,0,0,,0,0,0,0,
3,5.4,0,11.55,25,0,0,0,0.95,0,0,0,0,-24,0,0,0,0,-0.00229183,0,0,0,0,0,0,0,0,0,1,70,54,0,0.00034,0.00034,3,5,0,0,0,0,0,0,0,0,0,0,1,0,1,0,0,0,0,0,0,0,0,,0,0,0,0,
4,5.64,0,13,24.5,0,0,0,-0.35,0,0,0,0,-23,0,0,0,0,-0.00229183,0,0,0,0,0,0,0,0,0,1,69,54,0,0.00034,0.00034,3,5,0,0,0,0,0,0,0,0,0,0,1,0,1,0,0,0,0,0,0,0,0,,0,0,0,0,
5,6.25,0,17.45,30.5,0,0,0,-4.2,0,0,0,0,-13.5,0,0,0,0,-0.00229183,0,0,0,0,0,0,0,0,0,1,76,54,0,0.00034,0.00034,3,0,0,0,0,0,0,0,0,0,0,0,1,0,1,0,0,0,0,0,0,0,0,,0,0,0,0,
END,Total:6
START,FrameNb:185,CameraNb:0,HeSaiNb:0,ARS410Nb:0
2026/08/02 21:39:36:821---->
heightOffset:0,1785677976821,484952,selfCaliBufCnt:0,selfAccObjCnt:0,selfAccAngle:0,installHAngleOffset:0,Interpolation:0,installVAngleOffset:0,radarOffsetH:0,radarOffsetV:0.32,Polynom:-0.001023;-0.0511;-2.047;0;0;0;-0.001023;-0.0511;-2.047;-25.5;0;0,WheelDirection:0;0;0;0,selfAngleOffset:0,selfAngleOffsetPit:0,currCaliAngleHrz:0,currCaliAnglePit:0,selfCaliAngleHrz:0,selfCaliAnglePit:0,servCaliAngleHrz:0,servCaliAnglePit:0,offlineCaliAngleHrz:0,offlineCaliAnglePit:0,determine2useFlag:0,IMU_Z_Accel:-21.592,IMU_X_AngularRate:-2.093,IMU_Y_AngularRate:-2.093,IMU_RollAngle:-180,IMU_PitchAngle:-180,IMU_YawAngle:-180,FcwID:0,FCWWarningLevel:0,FCWTTC:0
0,1.99,0,16.55,38,0,0,0,7.55,1.25452e-34,0,0,0,-6.5,0,0,0,0,-0.00229183,0,0,0,0,0,0,0,0,0,1,87,58,0,0.00034,0.00034,3,5,0,0,0,0,0,0,0,0,0,0,1,0,0,0,0,0,0,0,0,0,0,,0,0,0,0,
1,2.8,0,67.1,29.5,0,0,0,-9.85,0,0,0,0,18,0,0,0,0,-0.00229183,0,0,0,0,0,0,0,0,0,1,78,58,0,0.00034,0.00034,2,-1,0,0,0,0,0,0,0,0,0,0,1,0,0,0,0,0,0,0,0,0,0,,0,0,0,0,
2,3.37,0,14.65,40,0,0,0,4.75,0,0,0,0,-5,0,0,0,0,-0.00229183,0,0,0,0,0,0,0,0,0,1,89,58,0,0.00034,0.00034,3,0,0,0,0,0,0,0,0,0,0,0,1,0,0,0,0,0,0,0,0,0,0,,0,0,0,0,
3,4.01,0,19.05,30,0,0,0,-2.7,0,0,0,0,-12.5,0,0,0,0,-0.00229183,0,0,0,0,0,0,0,0,0,1,78,58,0,0.00034,0.00034,3,5,0,0,0,0,0,0,0,0,0,0,1,0,0,0,0,0,0,0,0,0,0,,0,0,0,0,
4,5.4,0,11.15,24,0,0,0,-0.45,0,0,0,0,-24.5,0,0,0,0,-0.00229183,0,0,0,0,0,0,0,0,0,1,69,58,0,0.00034,0.00034,3,5,0,0,0,0,0,0,0,0,0,0,1,0,0,0,0,0,0,0,0,0,0,,0,0,0,0,
5,5.63,0,13.2,24.5,0,0,0,-0.7,0,0,0,0,-23,0,0,0,0,-0.00229183,0,0,0,0,0,0,0,0,0,1,69,58,0,0.00034,0.00034,3,5,0,0,0,0,0,0,0,0,0,0,1,0,0,0,0,0,0,0,0,0,0,,0,0,0,0,
6,6.25,0,17.45,30.5,0,0,0,-4.05,0,0,0,0,-14,0,0,0,0,-0.00229183,0,0,0,0,0,0,0,0,0,1,76,58,0,0.00034,0.00034,3,0,0,0,0,0,0,0,0,0,0,0,1,0,0,0,0,0,0,0,0,0,0,,0,0,0,0,
END,Total:7
START,FrameNb:186,CameraNb:0,HeSaiNb:0,ARS410Nb:0
2026/08/02 21:39:36:872---->
heightOffset:0,1785677976872,485008,selfCaliBufCnt:0,selfAccObjCnt:0,selfAccAngle:0,installHAngleOffset:0,Interpolation:0,installVAngleOffset:0,radarOffsetH:0,radarOffsetV:0.32,Polynom:-0.001023;-0.0511;-2.047;0;0;0;-0.001023;-0.0511;-2.047;-25.5;0;0,WheelDirection:0;0;0;0,selfAngleOffset:0,selfAngleOffsetPit:0,currCaliAngleHrz:0,currCaliAnglePit:0,selfCaliAngleHrz:0,selfCaliAnglePit:0,servCaliAngleHrz:0,servCaliAnglePit:0,offlineCaliAngleHrz:0,offlineCaliAnglePit:0,determine2useFlag:0,IMU_Z_Accel:-21.592,IMU_X_AngularRate:-2.093,IMU_Y_AngularRate:-2.093,IMU_RollAngle:-180,IMU_PitchAngle:-180,IMU_YawAngle:-180,FcwID:0,FCWWarningLevel:0,FCWTTC:0
0,1.99,0,16.55,38,0,0,0,7.65,1.25452e-34,0,0,0,-6.5,0,0,0,0,-0.00229183,0,0,0,0,0,0,0,0,0,1,87,53,0,0.00034,0.00034,3,5,0,0,0,0,0,0,0,0,0,0,1,0,1,0,0,0,0,0,0,0,0,,0,0,0,0,
1,3.36,0,14.55,40,0,0,0,4.45,0,0,0,0,-5,0,0,0,0,-0.00229183,0,0,0,0,0,0,0,0,0,1,89,53,0,0.00034,0.00034,3,0,0,0,0,0,0,0,0,0,0,0,1,0,1,0,0,0,0,0,0,0,0,,0,0,0,0,
2,3.94,0,7.3,26.5,0,0,0,4,0,0,0,0,-20.5,0,0,0,0,-0.00229183,0,0,0,0,0,0,0,0,0,1,75,53,0,0.00034,0.00034,3,5,0,0,0,0,0,0,0,0,0,0,1,0,1,0,0,0,0,0,0,0,0,,0,0,0,0,
3,5.4,0,10.7,24,0,0,0,15,0,0,0,0,-24.5,0,0,0,0,-0.00229183,0,0,0,0,0,0,0,0,0,1,69,53,0,0.00034,0.00034,3,5,0,0,0,0,0,0,0,0,0,0,1,0,1,0,0,0,0,0,0,0,0,,0,0,0,0,
4,5.63,0,13.15,25.5,0,0,0,-0.7,0,0,0,0,-22,0,0,0,0,-0.00229183,0,0,0,0,0,0,0,0,0,1,70,53,0,0.00034,0.00034,3,5,0,0,0,0,0,0,0,0,0,0,1,0,1,0,0,0,0,0,0,0,0,,0,0,0,0,
5,6.25,0,17.45,30,0,0,0,-4.1,0,0,0,0,-14.5,0,0,0,0,-0.00229183,0,0,0,0,0,0,0,0,0,1,75,53,0,0.00034,0.00034,3,0,0,0,0,0,0,0,0,0,0,0,1,0,1,0,0,0,0,0,0,0,0,,0,0,0,0,
END,Total:6
START,FrameNb:187,CameraNb:0,HeSaiNb:0,ARS410Nb:0
2026/08/02 21:39:36:915---->
heightOffset:0,1785677976915,485068,selfCaliBufCnt:0,selfAccObjCnt:0,selfAccAngle:0,installHAngleOffset:0,Interpolation:0,installVAngleOffset:0,radarOffsetH:0,radarOffsetV:0.32,Polynom:-0.001023;-0.0511;-2.047;0;0;0;-0.001023;-0.0511;-2.047;-25.5;0;0,WheelDirection:0;0;0;0,selfAngleOffset:0,selfAngleOffsetPit:0,currCaliAngleHrz:0,currCaliAnglePit:0,selfCaliAngleHrz:0,selfCaliAnglePit:0,servCaliAngleHrz:0,servCaliAnglePit:0,offlineCaliAngleHrz:0,offlineCaliAnglePit:0,determine2useFlag:0,IMU_Z_Accel:-21.592,IMU_X_AngularRate:-2.093,IMU_Y_AngularRate:-2.093,IMU_RollAngle:-180,IMU_PitchAngle:-180,IMU_YawAngle:-180,FcwID:0,FCWWarningLevel:0,FCWTTC:0
0,1.98,0,16.55,38.5,0,0,0,7.55,1.25452e-34,0,0,0,-6.5,0,0,0,0,-0.00229183,0,0,0,0,0,0,0,0,0,1,87,63,0,0.00034,0.00034,3,5,0,0,0,0,0,0,0,0,0,0,1,0,0,0,0,0,0,0,0,0,0,,0,0,0,0,
1,3.36,0,14.55,40.5,0,0,0,4.45,0,0,0,0,-5,0,0,0,0,-0.00229183,0,0,0,0,0,0,0,0,0,1,89,63,0,0.00034,0.00034,3,0,0,0,0,0,0,0,0,0,0,0,1,0,0,0,0,0,0,0,0,0,0,,0,0,0,0,
2,3.99,0,-49.8,25.5,0,0,0,-10.55,0,0,0,0,0,0,0,0,0,-0.00229183,0,0,0,0,0,0,0,0,0,1,74,63,0,0.00034,0.00034,2,-1,0,0,0,0,0,0,0,0,0,0,1,0,0,0,0,0,0,0,0,0,0,,0,0,0,0,
3,5.41,0,11.2,25,0,0,0,-1.35,0,0,0,0,-23.5,0,0,0,0,-0.00229183,0,0,0,0,0,0,0,0,0,1,70,63,0,0.00034,0.00034,3,5,0,0,0,0,0,0,0,0,0,0,1,0,0,0,0,0,0,0,0,0,0,,0,0,0,0,
4,5.62,0,13.15,26.5,0,0,0,-0.95,0,0,0,0,-21.5,0,0,0,0,-0.00229183,0,0,0,0,0,0,0,0,0,1,71,63,0,0.00034,0.00034,3,5,0,0,0,0,0,0,0,0,0,0,1,0,0,0,0,0,0,0,0,0,0,,0,0,0,0,
5,6.25,0,17.35,29.5,0,0,0,-4.25,0,0,0,0,-15,0,0,0,0,-0.00229183,0,0,0,0,0,0,0,0,0,1,75,63,0,0.00034,0.00034,3,5,0,0,0,0,0,0,0,0,0,0,1,0,0,0,0,0,0,0,0,0,0,,0,0,0,0,
END,Total:6
START,FrameNb:188,CameraNb:0,HeSaiNb:0,ARS410Nb:0
2026/08/02 21:39:36:975---->
heightOffset:0,1785677976975,485128,selfCaliBufCnt:0,selfAccObjCnt:0,selfAccAngle:0,installHAngleOffset:0,Interpolation:0,installVAngleOffset:0,radarOffsetH:0,radarOffsetV:0.32,Polynom:-0.001023;-0.0511;-2.047;0;0;0;-0.001023;-0.0511;-2.047;-25.5;0;0,WheelDirection:0;0;0;0,selfAngleOffset:0,selfAngleOffsetPit:0,currCaliAngleHrz:0,currCaliAnglePit:0,selfCaliAngleHrz:0,selfCaliAnglePit:0,servCaliAngleHrz:0,servCaliAnglePit:0,offlineCaliAngleHrz:0,offlineCaliAnglePit:0,determine2useFlag:0,IMU_Z_Accel:-21.592,IMU_X_AngularRate:-2.093,IMU_Y_AngularRate:-2.093,IMU_RollAngle:-180,IMU_PitchAngle:-180,IMU_YawAngle:-180,FcwID:0,FCWWarningLevel:0,FCWTTC:0
0,1.99,0,16.55,38,0,0,0,7.55,1.25452e-34,0,0,0,-6.5,0,0,0,0,-0.00229183,0,0,0,0,0,0,0,0,0,1,87,57,0,0.00034,0.00034,3,5,0,0,0,0,0,0,0,0,0,0,1,0,1,0,0,0,0,0,0,0,0,,0,0,0,0,
1,3.36,0,14.55,40,0,0,0,4.4,0,0,0,0,-5,0,0,0,0,-0.00229183,0,0,0,0,0,0,0,0,0,1,89,57,0,0.00034,0.00034,3,0,0,0,0,0,0,0,0,0,0,0,1,0,1,0,0,0,0,0,0,0,0,,0,0,0,0,
2,4,-0.05,21.8,26.5,0,0,0,13.8,0,0,0,0,-15,0,0,0,0,-0.00229183,0,0,0,0,0,0,0,0,0,1,74,57,0,0.00034,0.00034,3,5,0,0,0,0,0,0,0,0,0,0,1,0,1,0,0,0,0,0,0,0,0,,0,0,0,0,
3,5.41,0,10.95,25,0,0,0,-0.95,0,0,0,0,-24,0,0,0,0,-0.00229183,0,0,0,0,0,0,0,0,0,1,70,57,0,0.00034,0.00034,3,5,0,0,0,0,0,0,0,0,0,0,1,0,1,0,0,0,0,0,0,0,0,,0,0,0,0,
4,5.63,0,12.65,26,0,0,0,-0.7,0,0,0,0,-21.5,0,0,0,0,-0.00229183,0,0,0,0,0,0,0,0,0,1,71,57,0,0.00034,0.00034,3,5,0,0,0,0,0,0,0,0,0,0,1,0,1,0,0,0,0,0,0,0,0,,0,0,0,0,
5,6.23,0,17.8,29,0,0,0,-4.05,0,0,0,0,-15.5,0,0,0,0,-0.00229183,0,0,0,0,0,0,0,0,0,1,75,57,0,0.00034,0.00034,3,5,0,0,0,0,0,0,0,0,0,0,1,0,1,0,0,0,0,0,0,0,0,,0,0,0,0,
END,Total:6
START,FrameNb:189,CameraNb:0,HeSaiNb:0,ARS410Nb:0
2026/08/02 21:39:37:026---->
heightOffset:0,1785677977026,485184,selfCaliBufCnt:0,selfAccObjCnt:0,selfAccAngle:0,installHAngleOffset:0,Interpolation:0,installVAngleOffset:0,radarOffsetH:0,radarOffsetV:0.32,Polynom:-0.001023;-0.0511;-2.047;0;0;0;-0.001023;-0.0511;-2.047;-25.5;0;0,WheelDirection:0;0;0;0,selfAngleOffset:0,selfAngleOffsetPit:0,currCaliAngleHrz:0,currCaliAnglePit:0,selfCaliAngleHrz:0,selfCaliAnglePit:0,servCaliAngleHrz:0,servCaliAnglePit:0,offlineCaliAngleHrz:0,offlineCaliAnglePit:0,determine2useFlag:0,IMU_Z_Accel:-21.592,IMU_X_AngularRate:-2.093,IMU_Y_AngularRate:-2.093,IMU_RollAngle:-180,IMU_PitchAngle:-180,IMU_YawAngle:-180,FcwID:0,FCWWarningLevel:0,FCWTTC:0
0,1.99,0,16.55,38,0,0,0,7.65,1.25452e-34,0,0,0,-6.5,0,0,0,0,-0.00229183,0,0,0,0,0,0,0,0,0,1,87,58,0,0.00034,0.00034,3,5,0,0,0,0,0,0,0,0,0,0,1,0,0,0,0,0,0,0,0,0,0,,0,0,0,0,
1,2.8,0,67.1,30,0,0,0,-9.95,0,0,0,0,18.5,0,0,0,0,-0.00229183,0,0,0,0,0,0,0,0,0,1,79,58,0,0.00034,0.00034,2,-1,0,0,0,0,0,0,0,0,0,0,1,0,0,0,0,0,0,0,0,0,0,,0,0,0,0,
2,3.37,0,14.7,40.5,0,0,0,4.7,0,0,0,0,-5,0,0,0,0,-0.00229183,0,0,0,0,0,0,0,0,0,1,89,58,0,0.00034,0.00034,3,0,0,0,0,0,0,0,0,0,0,0,1,0,0,0,0,0,0,0,0,0,0,,0,0,0,0,
3,4.07,-0.05,19,26.5,0,0,0,-1.7,0,0,0,0,-16,0,0,0,0,-0.00229183,0,0,0,0,0,0,0,0,0,1,74,58,0,0.00034,0.00034,3,0,0,0,0,0,0,0,0,0,0,0,1,0,0,0,0,0,0,0,0,0,0,,0,0,0,0,
4,5.62,0,12.4,26.5,0,0,0,-0.55,0,0,0,0,-21,0,0,0,0,-0.00229183,0,0,0,0,0,0,0,0,0,1,71,58,0,0.00034,0.00034,3,5,0,0,0,0,0,0,0,0,0,0,1,0,0,0,0,0,0,0,0,0,0,,0,0,0,0,
5,6.24,0,17.4,28.5,0,0,0,-3.95,0,0,0,0,-16,0,0,0,0,-0.00229183,0,0,0,0,0,0,0,0,0,1,74,58,0,0.00034,0.00034,3,5,0,0,0,0,0,0,0,0,0,0,1,0,0,0,0,0,0,0,0,0,0,,0,0,0,0,
END,Total:6
START,FrameNb:190,CameraNb:0,HeSaiNb:0,ARS410Nb:0
2026/08/02 21:39:37:068---->
heightOffset:0,1785677977068,485240,selfCaliBufCnt:0,selfAccObjCnt:0,selfAccAngle:0,installHAngleOffset:0,Interpolation:0,installVAngleOffset:0,radarOffsetH:0,radarOffsetV:0.32,Polynom:-0.001023;-0.0511;-2.047;0;0;0;-0.001023;-0.0511;-2.047;-25.5;0;0,WheelDirection:0;0;0;0,selfAngleOffset:0,selfAngleOffsetPit:0,currCaliAngleHrz:0,currCaliAnglePit:0,selfCaliAngleHrz:0,selfCaliAnglePit:0,servCaliAngleHrz:0,servCaliAnglePit:0,offlineCaliAngleHrz:0,offlineCaliAnglePit:0,determine2useFlag:0,IMU_Z_Accel:-21.592,IMU_X_AngularRate:-2.093,IMU_Y_AngularRate:-2.093,IMU_RollAngle:-180,IMU_PitchAngle:-180,IMU_YawAngle:-180,FcwID:0,FCWWarningLevel:0,FCWTTC:0
0,1.98,0,16.55,38,0,0,0,7.55,1.25452e-34,0,0,0,-6.5,0,0,0,0,-0.00229183,0,0,0,0,0,0,0,0,0,1,87,54,0,0.00034,0.00034,3,5,0,0,0,0,0,0,0,0,0,0,1,0,1,0,0,0,0,0,0,0,0,,0,0,0,0,
1,2.81,0,66.95,30,0,0,0,-10.05,0,0,0,0,17.5,0,0,0,0,-0.00229183,0,0,0,0,0,0,0,0,0,1,79,54,0,0.00034,0.00034,3,5,0,0,0,0,0,0,0,0,0,0,1,0,1,0,0,0,0,0,0,0,0,,0,0,0,0,
2,3.36,0,14.55,40,0,0,0,4.4,0,0,0,0,-5,0,0,0,0,-0.00229183,0,0,0,0,0,0,0,0,0,1,89,54,0,0.00034,0.00034,3,0,0,0,0,0,0,0,0,0,0,0,1,0,1,0,0,0,0,0,0,0,0,,0,0,0,0,
3,5.41,0,10.95,24.5,0,0,0,13.65,0,0,0,0,-24,0,0,0,0,-0.00229183,0,0,0,0,0,0,0,0,0,1,70,54,0,0.00034,0.00034,3,5,0,0,0,0,0,0,0,0,0,0,1,0,1,0,0,0,0,0,0,0,0,,0,0,0,0,
4,5.63,0,12.95,27,0,0,0,-0.75,0,0,0,0,-20.5,0,0,0,0,-0.00229183,0,0,0,0,0,0,0,0,0,1,72,54,0,0.00034,0.00034,3,5,0,0,0,0,0,0,0,0,0,0,1,0,1,0,0,0,0,0,0,0,0,,0,0,0,0,
5,6.22,0,17.7,27.5,0,0,0,-3.6,0,0,0,0,-17,0,0,0,0,-0.00229183,0,0,0,0,0,0,0,0,0,1,73,54,0,0.00034,0.00034,3,5,0,0,0,0,0,0,0,0,0,0,1,0,1,0,0,0,0,0,0,0,0,,0,0,0,0,
END,Total:6
START,FrameNb:191,CameraNb:0,HeSaiNb:0,ARS410Nb:0
2026/08/02 21:39:37:177---->
heightOffset:0,1785677977177,485292,selfCaliBufCnt:0,selfAccObjCnt:0,selfAccAngle:0,installHAngleOffset:0,Interpolation:0,installVAngleOffset:0,radarOffsetH:0,radarOffsetV:0.32,Polynom:-0.001023;-0.0511;-2.047;0;0;0;-0.001023;-0.0511;-2.047;-25.5;0;0,WheelDirection:0;0;0;0,selfAngleOffset:0,selfAngleOffsetPit:0,currCaliAngleHrz:0,currCaliAnglePit:0,selfCaliAngleHrz:0,selfCaliAnglePit:0,servCaliAngleHrz:0,servCaliAnglePit:0,offlineCaliAngleHrz:0,offlineCaliAnglePit:0,determine2useFlag:0,IMU_Z_Accel:-21.592,IMU_X_AngularRate:-2.093,IMU_Y_AngularRate:-2.093,IMU_RollAngle:-180,IMU_PitchAngle:-180,IMU_YawAngle:-180,FcwID:0,FCWWarningLevel:0,FCWTTC:0
0,1.99,0,16.55,38,0,0,0,7.65,1.25452e-34,0,0,0,-6.5,0,0,0,0,-0.00229183,0,0,0,0,0,0,0,0,0,1,87,57,0,0.00034,0.00034,3,5,0,0,0,0,0,0,0,0,0,0,1,0,0,0,0,0,0,0,0,0,0,,0,0,0,0,
1,2.75,0,-9,29,0,0,0,-13.45,0,0,0,0,-18,0,0,0,0,-0.00229183,0,0,0,0,0,0,0,0,0,1,78,57,0,0.00034,0.00034,3,5,0,0,0,0,0,0,0,0,0,0,1,0,0,0,0,0,0,0,0,0,0,,0,0,0,0,
2,3.37,0,14.7,40,0,0,0,4.8,0,0,0,0,-5,0,0,0,0,-0.00229183,0,0,0,0,0,0,0,0,0,1,89,57,0,0.00034,0.00034,3,0,0,0,0,0,0,0,0,0,0,0,1,0,0,0,0,0,0,0,0,0,0,,0,0,0,0,
3,3.91,0,4.9,24,0,0,0,-0.45,0,0,0,0,-23.5,0,0,0,0,-0.00229183,0,0,0,0,0,0,0,0,0,1,72,57,0,0.00034,0.00034,3,5,0,0,0,0,0,0,0,0,0,0,1,0,0,0,0,0,0,0,0,0,0,,0,0,0,0,
4,5.63,0,12.95,27.5,0,0,0,-0.95,0,0,0,0,-19.5,0,0,0,0,-0.00229183,0,0,0,0,0,0,0,0,0,1,73,57,0,0.00034,0.00034,3,5,0,0,0,0,0,0,0,0,0,0,1,0,0,0,0,0,0,0,0,0,0,,0,0,0,0,
5,6.24,0,16.95,26.5,0,0,0,-5.2,0,0,0,0,-19,0,0,0,0,-0.00229183,0,0,0,0,0,0,0,0,0,1,72,57,0,0.00034,0.00034,3,5,0,0,0,0,0,0,0,0,0,0,1,0,0,0,0,0,0,0,0,0,0,,0,0,0,0,
END,Total:6
START,FrameNb:192,CameraNb:0,HeSaiNb:0,ARS410Nb:0
2026/08/02 21:39:37:224---->
heightOffset:0,1785677977224,485352,selfCaliBufCnt:0,selfAccObjCnt:0,selfAccAngle:0,installHAngleOffset:0,Interpolation:0,installVAngleOffset:0,radarOffsetH:0,radarOffsetV:0.32,Polynom:-0.001023;-0.0511;-2.047;0;0;0;-0.001023;-0.0511;-2.047;-25.5;0;0,WheelDirection:0;0;0;0,selfAngleOffset:0,selfAngleOffsetPit:0,currCaliAngleHrz:0,currCaliAnglePit:0,selfCaliAngleHrz:0,selfCaliAnglePit:0,servCaliAngleHrz:0,servCaliAnglePit:0,offlineCaliAngleHrz:0,offlineCaliAnglePit:0,determine2useFlag:0,IMU_Z_Accel:-21.592,IMU_X_AngularRate:-2.093,IMU_Y_AngularRate:-2.093,IMU_RollAngle:-180,IMU_PitchAngle:-180,IMU_YawAngle:-180,FcwID:0,FCWWarningLevel:0,FCWTTC:0
0,1.99,0,16.55,38.5,0,0,0,7.65,1.25452e-34,0,0,0,-6.5,0,0,0,0,-0.00229183,0,0,0,0,0,0,0,0,0,1,87,54,0,0.00034,0.00034,3,5,0,0,0,0,0,0,0,0,0,0,1,0,1,0,0,0,0,0,0,0,0,,0,0,0,0,
1,2.78,0,67.05,30,0,0,0,-9.85,0,0,0,0,18.5,0,0,0,0,-0.00229183,0,0,0,0,0,0,0,0,0,1,79,54,0,0.00034,0.00034,2,-1,0,0,0,0,0,0,0,0,0,0,1,0,1,0,0,0,0,0,0,0,0,,0,0,0,0,
2,3.36,0,14.55,40.5,0,0,0,4.4,0,0,0,0,-5,0,0,0,0,-0.00229183,0,0,0,0,0,0,0,0,0,1,89,54,0,0.00034,0.00034,3,0,0,0,0,0,0,0,0,0,0,0,1,0,1,0,0,0,0,0,0,0,0,,0,0,0,0,
3,4.11,0,-64.2,25,0,0,0,0.55,0,0,0,0,7,0,0,0,0,-0.00229183,0,0,0,0,0,0,0,0,0,1,73,54,0,0.00034,0.00034,2,-1,0,0,0,0,0,0,0,0,0,0,1,0,1,0,0,0,0,0,0,0,0,,0,0,0,0,
4,5.63,0,12.95,28.5,0,0,0,-0.95,0,0,0,0,-19.5,0,0,0,0,-0.00229183,0,0,0,0,0,0,0,0,0,1,73,54,0,0.00034,0.00034,3,5,0,0,0,0,0,0,0,0,0,0,1,0,1,0,0,0,0,0,0,0,0,,0,0,0,0,
5,6.2,0,17.8,27.5,0,0,0,-4.05,0,0,0,0,-17.5,0,0,0,0,-0.00229183,0,0,0,0,0,0,0,0,0,1,72,54,0,0.00034,0.00034,3,5,0,0,0,0,0,0,0,0,0,0,1,0,1,0,0,0,0,0,0,0,0,,0,0,0,0,
END,Total:6
START,FrameNb:193,CameraNb:0,HeSaiNb:0,ARS410Nb:0
2026/08/02 21:39:37:273---->
heightOffset:0,1785677977273,485404,selfCaliBufCnt:0,selfAccObjCnt:0,selfAccAngle:0,installHAngleOffset:0,Interpolation:0,installVAngleOffset:0,radarOffsetH:0,radarOffsetV:0.32,Polynom:-0.001023;-0.0511;-2.047;0;0;0;-0.001023;-0.0511;-2.047;-25.5;0;0,WheelDirection:0;0;0;0,selfAngleOffset:0,selfAngleOffsetPit:0,currCaliAngleHrz:0,currCaliAnglePit:0,selfCaliAngleHrz:0,selfCaliAnglePit:0,servCaliAngleHrz:0,servCaliAnglePit:0,offlineCaliAngleHrz:0,offlineCaliAnglePit:0,determine2useFlag:0,IMU_Z_Accel:-21.592,IMU_X_AngularRate:-2.093,IMU_Y_AngularRate:-2.093,IMU_RollAngle:-180,IMU_PitchAngle:-180,IMU_YawAngle:-180,FcwID:0,FCWWarningLevel:0,FCWTTC:0
0,1.99,0,16.55,38.5,0,0,0,7.65,1.25452e-34,0,0,0,-6.5,0,0,0,0,-0.00229183,0,0,0,0,0,0,0,0,0,1,87,58,0,0.00034,0.00034,3,5,0,0,0,0,0,0,0,0,0,0,1,0,0,0,0,0,0,0,0,0,0,,0,0,0,0,
1,3.37,0,14.65,40.5,0,0,0,4.9,0,0,0,0,-5,0,0,0,0,-0.00229183,0,0,0,0,0,0,0,0,0,1,89,58,0,0.00034,0.00034,3,0,0,0,0,0,0,0,0,0,0,0,1,0,0,0,0,0,0,0,0,0,0,,0,0,0,0,
2,3.99,0,7.55,23.5,0,0,0,0,0,0,0,0,-24,0,0,0,0,-0.00229183,0,0,0,0,0,0,0,0,0,1,72,58,0,0.00034,0.00034,3,5,0,0,0,0,0,0,0,0,0,0,1,0,0,0,0,0,0,0,0,0,0,,0,0,0,0,
3,5.62,0,13.2,29,0,0,0,-0.75,0,0,0,0,-19,0,0,0,0,-0.00229183,0,0,0,0,0,0,0,0,0,1,74,58,0,0.00034,0.00034,3,5,0,0,0,0,0,0,0,0,0,0,1,0,0,0,0,0,0,0,0,0,0,,0,0,0,0,
4,6.21,0,-46.95,28,0,0,0,-9.55,0,0,0,0,-1.5,0,0,0,0,-0.00229183,0,0,0,0,0,0,0,0,0,1,73,58,0,0.00034,0.00034,3,5,0,0,0,0,0,0,0,0,0,0,1,0,0,0,0,0,0,0,0,0,0,,0,0,0,0,
END,Total:5
START,FrameNb:194,CameraNb:0,HeSaiNb:0,ARS410Nb:0
2026/08/02 21:39:37:317---->
heightOffset:0,1785677977317,485468,selfCaliBufCnt:0,selfAccObjCnt:0,selfAccAngle:0,installHAngleOffset:0,Interpolation:0,installVAngleOffset:0,radarOffsetH:0,radarOffsetV:0.32,Polynom:-0.001023;-0.0511;-2.047;0;0;0;-0.001023;-0.0511;-2.047;-25.5;0;0,WheelDirection:0;0;0;0,selfAngleOffset:0,selfAngleOffsetPit:0,currCaliAngleHrz:0,currCaliAnglePit:0,selfCaliAngleHrz:0,selfCaliAnglePit:0,servCaliAngleHrz:0,servCaliAnglePit:0,offlineCaliAngleHrz:0,offlineCaliAnglePit:0,determine2useFlag:0,IMU_Z_Accel:-21.592,IMU_X_AngularRate:-2.093,IMU_Y_AngularRate:-2.093,IMU_RollAngle:-180,IMU_PitchAngle:-180,IMU_YawAngle:-180,FcwID:0,FCWWarningLevel:0,FCWTTC:0
0,1.99,0,16.55,38,0,0,0,7.65,1.25452e-34,0,0,0,-6.5,0,0,0,0,-0.00229183,0,0,0,0,0,0,0,0,0,1,87,57,0,0.00034,0.00034,3,5,0,0,0,0,0,0,0,0,0,0,1,0,1,0,0,0,0,0,0,0,0,,0,0,0,0,
1,2.79,0,67.05,30,0,0,0,-10,0,0,0,0,18.5,0,0,0,0,-0.00229183,0,0,0,0,0,0,0,0,0,1,79,57,0,0.00034,0.00034,2,-1,0,0,0,0,0,0,0,0,0,0,1,0,1,0,0,0,0,0,0,0,0,,0,0,0,0,
2,3.36,0,14.55,40,0,0,0,4.4,0,0,0,0,-5,0,0,0,0,-0.00229183,0,0,0,0,0,0,0,0,0,1,89,57,0,0.00034,0.00034,3,0,0,0,0,0,0,0,0,0,0,0,1,0,1,0,0,0,0,0,0,0,0,,0,0,0,0,
3,5.62,0,13.05,28,0,0,0,-1.05,0,0,0,0,-19,0,0,0,0,-0.00229183,0,0,0,0,0,0,0,0,0,1,73,57,0,0.00034,0.00034,3,5,0,0,0,0,0,0,0,0,0,0,1,0,1,0,0,0,0,0,0,0,0,,0,0,0,0,
4,6.22,0,-47,28.5,0,0,0,-9.45,0,0,0,0,0,0,0,0,0,-0.00229183,0,0,0,0,0,0,0,0,0,1,74,57,0,0.00034,0.00034,3,5,0,0,0,0,0,0,0,0,0,0,1,0,1,0,0,0,0,0,0,0,0,,0,0,0,0,
END,Total:5
START,FrameNb:195,CameraNb:0,HeSaiNb:0,ARS410Nb:0
2026/08/02 21:39:37:368---->
heightOffset:0,1785677977368,485524,selfCaliBufCnt:0,selfAccObjCnt:0,selfAccAngle:0,installHAngleOffset:0,Interpolation:0,installVAngleOffset:0,radarOffsetH:0,radarOffsetV:0.32,Polynom:-0.001023;-0.0511;-2.047;0;0;0;-0.001023;-0.0511;-2.047;-25.5;0;0,WheelDirection:0;0;0;0,selfAngleOffset:0,selfAngleOffsetPit:0,currCaliAngleHrz:0,currCaliAnglePit:0,selfCaliAngleHrz:0,selfCaliAnglePit:0,servCaliAngleHrz:0,servCaliAnglePit:0,offlineCaliAngleHrz:0,offlineCaliAnglePit:0,determine2useFlag:0,IMU_Z_Accel:-21.592,IMU_X_AngularRate:-2.093,IMU_Y_AngularRate:-2.093,IMU_RollAngle:-180,IMU_PitchAngle:-180,IMU_YawAngle:-180,FcwID:0,FCWWarningLevel:0,FCWTTC:0
0,1.99,0,16.55,38,0,0,0,7.65,1.25452e-34,0,0,0,-6.5,0,0,0,0,-0.00229183,0,0,0,0,0,0,0,0,0,1,87,63,0,0.00034,0.00034,3,5,0,0,0,0,0,0,0,0,0,0,1,0,0,0,0,0,0,0,0,0,0,,0,0,0,0,
1,2.83,0,67.05,29.5,0,0,0,-10.25,0,0,0,0,18.5,0,0,0,0,-0.00229183,0,0,0,0,0,0,0,0,0,1,79,63,0,0.00034,0.00034,3,7,0,0,0,0,0,0,0,0,0,0,1,0,0,0,0,0,0,0,0,0,0,,0,0,0,0,
2,3.37,0,14.65,40,0,0,0,4.75,0,0,0,0,-5,0,0,0,0,-0.00229183,0,0,0,0,0,0,0,0,0,1,89,63,0,0.00034,0.00034,3,0,0,0,0,0,0,0,0,0,0,0,1,0,0,0,0,0,0,0,0,0,0,,0,0,0,0,
3,4.03,0,22.2,22.5,0,0,0,-14.3,0,0,0,0,-18.5,0,0,0,0,-0.00229183,0,0,0,0,0,0,0,0,0,1,71,63,0,0.00034,0.00034,3,5,0,0,0,0,0,0,0,0,0,0,1,0,0,0,0,0,0,0,0,0,0,,0,0,0,0,
4,5.21,0,14.05,23,0,0,0,-4.1,0,0,0,0,-24.5,0,0,0,0,-0.00229183,0,0,0,0,0,0,0,0,0,1,69,63,0,0.00034,0.00034,3,5,0,0,0,0,0,0,0,0,0,0,1,0,0,0,0,0,0,0,0,0,0,,0,0,0,0,
5,5.62,0,13.2,29,0,0,0,-1,0,0,0,0,-18.5,0,0,0,0,-0.00229183,0,0,0,0,0,0,0,0,0,1,74,63,0,0.00034,0.00034,3,5,0,0,0,0,0,0,0,0,0,0,1,0,0,0,0,0,0,0,0,0,0,,0,0,0,0,
6,6.25,0,17.05,29,0,0,0,-4.95,0,0,0,0,-15.5,0,0,0,0,-0.00229183,0,0,0,0,0,0,0,0,0,1,74,63,0,0.00034,0.00034,3,5,0,0,0,0,0,0,0,0,0,0,1,0,0,0,0,0,0,0,0,0,0,,0,0,0,0,
END,Total:7
START,FrameNb:196,CameraNb:0,HeSaiNb:0,ARS410Nb:0
2026/08/02 21:39:37:414---->
heightOffset:0,1785677977414,485584,selfCaliBufCnt:0,selfAccObjCnt:0,selfAccAngle:0,installHAngleOffset:0,Interpolation:0,installVAngleOffset:0,radarOffsetH:0,radarOffsetV:0.32,Polynom:-0.001023;-0.0511;-2.047;0;0;0;-0.001023;-0.0511;-2.047;-25.5;0;0,WheelDirection:0;0;0;0,selfAngleOffset:0,selfAngleOffsetPit:0,currCaliAngleHrz:0,currCaliAnglePit:0,selfCaliAngleHrz:0,selfCaliAnglePit:0,servCaliAngleHrz:0,servCaliAnglePit:0,offlineCaliAngleHrz:0,offlineCaliAnglePit:0,determine2useFlag:0,IMU_Z_Accel:-21.592,IMU_X_AngularRate:-2.093,IMU_Y_AngularRate:-2.093,IMU_RollAngle:-180,IMU_PitchAngle:-180,IMU_YawAngle:-180,FcwID:0,FCWWarningLevel:0,FCWTTC:0
0,1.99,0,16.6,38,0,0,0,7.65,1.25452e-34,0,0,0,-6.5,0,0,0,0,-0.00229183,0,0,0,0,0,0,0,0,0,1,87,54,0,0.00034,0.00034,3,5,0,0,0,0,0,0,0,0,0,0,1,0,1,0,0,0,0,0,0,0,0,,0,0,0,0,
1,3.36,0,14.6,40,0,0,0,4.4,0,0,0,0,-5,0,0,0,0,-0.00229183,0,0,0,0,0,0,0,0,0,1,89,54,0,0.00034,0.00034,3,0,0,0,0,0,0,0,0,0,0,0,1,0,1,0,0,0,0,0,0,0,0,,0,0,0,0,
2,3.97,0,15.15,24,0,0,0,4.7,0,0,0,0,-20,0,0,0,0,-0.00229183,0,0,0,0,0,0,0,0,0,1,72,54,0,0.00034,0.00034,3,5,0,0,0,0,0,0,0,0,0,0,1,0,1,0,0,0,0,0,0,0,0,,0,0,0,0,
3,5.62,0,12.65,29.5,0,0,0,-0.85,0,0,0,0,-18,0,0,0,0,-0.00229183,0,0,0,0,0,0,0,0,0,1,74,54,0,0.00034,0.00034,3,5,0,0,0,0,0,0,0,0,0,0,1,0,1,0,0,0,0,0,0,0,0,,0,0,0,0,
4,6.23,0,17.4,29.5,0,0,0,-3.95,0,0,0,0,-15,0,0,0,0,-0.00229183,0,0,0,0,0,0,0,0,0,1,75,54,0,0.00034,0.00034,3,5,0,0,0,0,0,0,0,0,0,0,1,0,1,0,0,0,0,0,0,0,0,,0,0,0,0,
END,Total:5
START,FrameNb:197,CameraNb:0,HeSaiNb:0,ARS410Nb:0
2026/08/02 21:39:37:476---->
heightOffset:0,1785677977476,485636,selfCaliBufCnt:0,selfAccObjCnt:0,selfAccAngle:0,installHAngleOffset:0,Interpolation:0,installVAngleOffset:0,radarOffsetH:0,radarOffsetV:0.32,Polynom:-0.001023;-0.0511;-2.047;0;0;0;-0.001023;-0.0511;-2.047;-25.5;0;0,WheelDirection:0;0;0;0,selfAngleOffset:0,selfAngleOffsetPit:0,currCaliAngleHrz:0,currCaliAnglePit:0,selfCaliAngleHrz:0,selfCaliAnglePit:0,servCaliAngleHrz:0,servCaliAnglePit:0,offlineCaliAngleHrz:0,offlineCaliAnglePit:0,determine2useFlag:0,IMU_Z_Accel:-21.592,IMU_X_AngularRate:-2.093,IMU_Y_AngularRate:-2.093,IMU_RollAngle:-180,IMU_PitchAngle:-180,IMU_YawAngle:-180,FcwID:0,FCWWarningLevel:0,FCWTTC:0
0,1.99,0,16.55,38.5,0,0,0,7.65,1.25452e-34,0,0,0,-6.5,0,0,0,0,-0.00229183,0,0,0,0,0,0,0,0,0,1,87,58,0,0.00034,0.00034,3,5,0,0,0,0,0,0,0,0,0,0,1,0,0,0,0,0,0,0,0,0,0,,0,0,0,0,
1,2.78,0,69.95,30,0,0,0,3.45,0,0,0,0,20.5,0,0,0,0,-0.00229183,0,0,0,0,0,0,0,0,0,1,79,58,0,0.00034,0.00034,2,-1,0,0,0,0,0,0,0,0,0,0,1,0,0,0,0,0,0,0,0,0,0,,0,0,0,0,
2,3.37,0,14.7,40.5,0,0,0,4.75,0,0,0,0,-5,0,0,0,0,-0.00229183,0,0,0,0,0,0,0,0,0,1,89,58,0,0.00034,0.00034,3,0,0,0,0,0,0,0,0,0,0,0,1,0,0,0,0,0,0,0,0,0,0,,0,0,0,0,
3,3.94,0,15.2,23.5,0,0,0,4.4,0,0,0,0,-21.5,0,0,0,0,-0.00229183,0,0,0,0,0,0,0,0,0,1,71,58,0,0.00034,0.00034,3,5,0,0,0,0,0,0,0,0,0,0,1,0,0,0,0,0,0,0,0,0,0,,0,0,0,0,
4,5.63,0,12.65,30.5,0,0,0,-1,0,0,0,0,-17.5,0,0,0,0,-0.00229183,0,0,0,0,0,0,0,0,0,1,75,58,0,0.00034,0.00034,3,5,0,0,0,0,0,0,0,0,0,0,1,0,0,0,0,0,0,0,0,0,0,,0,0,0,0,
5,6.25,0,16.95,29.5,0,0,0,-4.45,0,0,0,0,-16,0,0,0,0,-0.00229183,0,0,0,0,0,0,0,0,0,1,75,58,0,0.00034,0.00034,3,5,0,0,0,0,0,0,0,0,0,0,1,0,0,0,0,0,0,0,0,0,0,,0,0,0,0,
END,Total:6
START,FrameNb:198,CameraNb:0,HeSaiNb:0,ARS410Nb:0
2026/08/02 21:39:37:570---->
heightOffset:0,1785677977570,485696,selfCaliBufCnt:0,selfAccObjCnt:0,selfAccAngle:0,installHAngleOffset:0,Interpolation:0,installVAngleOffset:0,radarOffsetH:0,radarOffsetV:0.32,Polynom:-0.001023;-0.0511;-2.047;0;0;0;-0.001023;-0.0511;-2.047;-25.5;0;0,WheelDirection:0;0;0;0,selfAngleOffset:0,selfAngleOffsetPit:0,currCaliAngleHrz:0,currCaliAnglePit:0,selfCaliAngleHrz:0,selfCaliAnglePit:0,servCaliAngleHrz:0,servCaliAnglePit:0,offlineCaliAngleHrz:0,offlineCaliAnglePit:0,determine2useFlag:0,IMU_Z_Accel:-21.592,IMU_X_AngularRate:-2.093,IMU_Y_AngularRate:-2.093,IMU_RollAngle:-180,IMU_PitchAngle:-180,IMU_YawAngle:-180,FcwID:0,FCWWarningLevel:0,FCWTTC:0
0,1.99,0,16.6,38,0,0,0,7.65,1.25452e-34,0,0,0,-6.5,0,0,0,0,-0.00229183,0,0,0,0,0,0,0,0,0,1,87,53,0,0.00034,0.00034,3,5,0,0,0,0,0,0,0,0,0,0,1,0,1,0,0,0,0,0,0,0,0,,0,0,0,0,
1,2.79,0,69.95,30,0,0,0,3.4,0,0,0,0,20.5,0,0,0,0,-0.00229183,0,0,0,0,0,0,0,0,0,1,79,53,0,0.00034,0.00034,3,5,0,0,0,0,0,0,0,0,0,0,1,0,1,0,0,0,0,0,0,0,0,,0,0,0,0,
2,3.36,0,14.55,40,0,0,0,4.45,0,0,0,0,-5,0,0,0,0,-0.00229183,0,0,0,0,0,0,0,0,0,1,89,53,0,0.00034,0.00034,3,0,0,0,0,0,0,0,0,0,0,0,1,0,1,0,0,0,0,0,0,0,0,,0,0,0,0,
3,3.79,0,15.35,23.5,0,0,0,2.05,0,0,0,0,-21,0,0,0,0,-0.00229183,0,0,0,0,0,0,0,0,0,1,72,53,0,0.00034,0.00034,3,5,0,0,0,0,0,0,0,0,0,0,1,0,1,0,0,0,0,0,0,0,0,,0,0,0,0,
4,5.62,0,12.95,30,0,0,0,-1,0,0,0,0,-17.5,0,0,0,0,-0.00229183,0,0,0,0,0,0,0,0,0,1,75,53,0,0.00034,0.00034,3,5,0,0,0,0,0,0,0,0,0,0,1,0,1,0,0,0,0,0,0,0,0,,0,0,0,0,
5,6.22,0,17.65,29,0,0,0,-3.95,0,0,0,0,-15.5,0,0,0,0,-0.00229183,0,0,0,0,0,0,0,0,0,1,74,53,0,0.00034,0.00034,3,5,0,0,0,0,0,0,0,0,0,0,1,0,1,0,0,0,0,0,0,0,0,,0,0,0,0,
END,Total:6
START,FrameNb:199,CameraNb:0,HeSaiNb:0,ARS410Nb:0
2026/08/02 21:39:37:621---->
heightOffset:0,1785677977621,485748,selfCaliBufCnt:0,selfAccObjCnt:0,selfAccAngle:0,installHAngleOffset:0,Interpolation:0,installVAngleOffset:0,radarOffsetH:0,radarOffsetV:0.32,Polynom:-0.001023;-0.0511;-2.047;0;0;0;-0.001023;-0.0511;-2.047;-25.5;0;0,WheelDirection:0;0;0;0,selfAngleOffset:0,selfAngleOffsetPit:0,currCaliAngleHrz:0,currCaliAnglePit:0,selfCaliAngleHrz:0,selfCaliAnglePit:0,servCaliAngleHrz:0,servCaliAnglePit:0,offlineCaliAngleHrz:0,offlineCaliAnglePit:0,determine2useFlag:0,IMU_Z_Accel:-21.592,IMU_X_AngularRate:-2.093,IMU_Y_AngularRate:-2.093,IMU_RollAngle:-180,IMU_PitchAngle:-180,IMU_YawAngle:-180,FcwID:0,FCWWarningLevel:0,FCWTTC:0
0,1.98,0,16.55,38,0,0,0,7.65,1.25452e-34,0,0,0,-6.5,0,0,0,0,-0.00229183,0,0,0,0,0,0,0,0,0,1,87,58,0,0.00034,0.00034,3,5,0,0,0,0,0,0,0,0,0,0,1,0,0,0,0,0,0,0,0,0,0,,0,0,0,0,
1,3.37,0,14.7,40,0,0,0,4.75,0,0,0,0,-5,0,0,0,0,-0.00229183,0,0,0,0,0,0,0,0,0,1,89,58,0,0.00034,0.00034,3,0,0,0,0,0,0,0,0,0,0,0,1,0,0,0,0,0,0,0,0,0,0,,0,0,0,0,
2,3.97,0,14.9,25,0,0,0,1.3,0,0,0,0,-20.5,0,0,0,0,-0.00229183,0,0,0,0,0,0,0,0,0,1,73,58,0,0.00034,0.00034,3,5,0,0,0,0,0,0,0,0,0,0,1,0,0,0,0,0,0,0,0,0,0,,0,0,0,0,
3,5.63,0,13.65,30,0,0,0,-1,0,0,0,0,-17,0,0,0,0,-0.00229183,0,0,0,0,0,0,0,0,0,1,75,58,0,0.00034,0.00034,3,5,0,0,0,0,0,0,0,0,0,0,1,0,0,0,0,0,0,0,0,0,0,,0,0,0,0,
4,6.22,0,17.7,28,0,0,0,-4,0,0,0,0,-16.5,0,0,0,0,-0.00229183,0,0,0,0,0,0,0,0,0,1,73,58,0,0.00034,0.00034,3,5,0,0,0,0,0,0,0,0,0,0,1,0,0,0,0,0,0,0,0,0,0,,0,0,0,0,
END,Total:5
START,FrameNb:200,CameraNb:0,HeSaiNb:0,ARS410Nb:0
2026/08/02 21:39:37:666---->
heightOffset:0,1785677977666,485804,selfCaliBufCnt:0,selfAccObjCnt:0,selfAccAngle:0,installHAngleOffset:0,Interpolation:0,installVAngleOffset:0,radarOffsetH:0,radarOffsetV:0.32,Polynom:-0.001023;-0.0511;-2.047;0;0;0;-0.001023;-0.0511;-2.047;-25.5;0;0,WheelDirection:0;0;0;0,selfAngleOffset:0,selfAngleOffsetPit:0,currCaliAngleHrz:0,currCaliAnglePit:0,selfCaliAngleHrz:0,selfCaliAnglePit:0,servCaliAngleHrz:0,servCaliAnglePit:0,offlineCaliAngleHrz:0,offlineCaliAnglePit:0,determine2useFlag:0,IMU_Z_Accel:-21.592,IMU_X_AngularRate:-2.093,IMU_Y_AngularRate:-2.093,IMU_RollAngle:-180,IMU_PitchAngle:-180,IMU_YawAngle:-180,FcwID:0,FCWWarningLevel:0,FCWTTC:0
0,1.99,0,16.5,38,0,0,0,7.65,1.25452e-34,0,0,0,-6.5,0,0,0,0,-0.00229183,0,0,0,0,0,0,0,0,0,1,87,53,0,0.00034,0.00034,3,5,0,0,0,0,0,0,0,0,0,0,1,0,1,0,0,0,0,0,0,0,0,,0,0,0,0,
1,2.78,0,67,29.5,0,0,0,-10.1,0,0,0,0,18.5,0,0,0,0,-0.00229183,0,0,0,0,0,0,0,0,0,1,79,53,0,0.00034,0.00034,2,-1,0,0,0,0,0,0,0,0,0,0,1,0,1,0,0,0,0,0,0,0,0,,0,0,0,0,
2,3.36,0,14.55,40,0,0,0,4.4,0,0,0,0,-5,0,0,0,0,-0.00229183,0,0,0,0,0,0,0,0,0,1,89,53,0,0.00034,0.00034,3,0,0,0,0,0,0,0,0,0,0,0,1,0,1,0,0,0,0,0,0,0,0,,0,0,0,0,
3,3.95,0,-24.45,22,0,0,0,-5.35,0,0,0,0,-20,0,0,0,0,-0.00229183,0,0,0,0,0,0,0,0,0,1,71,53,0,0.00034,0.00034,2,-1,0,0,0,0,0,0,0,0,0,0,1,0,1,0,0,0,0,0,0,0,0,,0,0,0,0,
4,5.64,0,13.65,30,0,0,0,-1,0,0,0,0,-17.5,0,0,0,0,-0.00229183,0,0,0,0,0,0,0,0,0,1,75,53,0,0.00034,0.00034,3,5,0,0,0,0,0,0,0,0,0,0,1,0,1,0,0,0,0,0,0,0,0,,0,0,0,0,
5,6.21,0,17.8,27.5,0,0,0,-4.2,0,0,0,0,-17,0,0,0,0,-0.00229183,0,0,0,0,0,0,0,0,0,1,73,53,0,0.00034,0.00034,3,5,0,0,0,0,0,0,0,0,0,0,1,0,1,0,0,0,0,0,0,0,0,,0,0,0,0,
END,Total:6
START,FrameNb:201,CameraNb:0,HeSaiNb:0,ARS410Nb:0
2026/08/02 21:39:37:715---->
heightOffset:0,1785677977715,485864,selfCaliBufCnt:0,selfAccObjCnt:0,selfAccAngle:0,installHAngleOffset:0,Interpolation:0,installVAngleOffset:0,radarOffsetH:0,radarOffsetV:0.32,Polynom:-0.001023;-0.0511;-2.047;0;0;0;-0.001023;-0.0511;-2.047;-25.5;0;0,WheelDirection:0;0;0;0,selfAngleOffset:0,selfAngleOffsetPit:0,currCaliAngleHrz:0,currCaliAnglePit:0,selfCaliAngleHrz:0,selfCaliAnglePit:0,servCaliAngleHrz:0,servCaliAnglePit:0,offlineCaliAngleHrz:0,offlineCaliAnglePit:0,determine2useFlag:0,IMU_Z_Accel:-21.592,IMU_X_AngularRate:-2.093,IMU_Y_AngularRate:-2.093,IMU_RollAngle:-180,IMU_PitchAngle:-180,IMU_YawAngle:-180,FcwID:0,FCWWarningLevel:0,FCWTTC:0
0,1.98,0,16.55,38,0,0,0,7.65,1.25452e-34,0,0,0,-6.5,0,0,0,0,-0.00229183,0,0,0,0,0,0,0,0,0,1,87,61,0,0.00034,0.00034,3,5,0,0,0,0,0,0,0,0,0,0,1,0,0,0,0,0,0,0,0,0,0,,0,0,0,0,
1,3.37,0,14.65,40.5,0,0,0,4.8,0,0,0,0,-5,0,0,0,0,-0.00229183,0,0,0,0,0,0,0,0,0,1,89,61,0,0.00034,0.00034,3,0,0,0,0,0,0,0,0,0,0,0,1,0,0,0,0,0,0,0,0,0,0,,0,0,0,0,
2,4.03,0.15,7.2,19,0,0,0,2.55,0,0,0,0,-28.5,0,0,0,0,-0.00229183,0,0,0,0,0,0,0,0,0,1,67,61,0,0.00034,0.00034,3,5,0,0,0,0,0,0,0,0,0,0,1,0,0,0,0,0,0,0,0,0,0,,0,0,0,0,
3,5.65,0,13.55,30,0,0,0,-0.95,0,0,0,0,-17.5,0,0,0,0,-0.00229183,0,0,0,0,0,0,0,0,0,1,75,61,0,0.00034,0.00034,3,5,0,0,0,0,0,0,0,0,0,0,1,0,0,0,0,0,0,0,0,0,0,,0,0,0,0,
4,6.21,0,17.6,27.5,0,0,0,-4.55,0,0,0,0,-16.5,0,0,0,0,-0.00229183,0,0,0,0,0,0,0,0,0,1,73,61,0,0.00034,0.00034,3,5,0,0,0,0,0,0,0,0,0,0,1,0,0,0,0,0,0,0,0,0,0,,0,0,0,0,
END,Total:5
START,FrameNb:202,CameraNb:0,HeSaiNb:0,ARS410Nb:0
2026/08/02 21:39:37:773---->
heightOffset:0,1785677977773,485924,selfCaliBufCnt:0,selfAccObjCnt:0,selfAccAngle:0,installHAngleOffset:0,Interpolation:0,installVAngleOffset:0,radarOffsetH:0,radarOffsetV:0.32,Polynom:-0.001023;-0.0511;-2.047;0;0;0;-0.001023;-0.0511;-2.047;-25.5;0;0,WheelDirection:0;0;0;0,selfAngleOffset:0,selfAngleOffsetPit:0,currCaliAngleHrz:0,currCaliAnglePit:0,selfCaliAngleHrz:0,selfCaliAnglePit:0,servCaliAngleHrz:0,servCaliAnglePit:0,offlineCaliAngleHrz:0,offlineCaliAnglePit:0,determine2useFlag:0,IMU_Z_Accel:-21.592,IMU_X_AngularRate:-2.093,IMU_Y_AngularRate:-2.093,IMU_RollAngle:-180,IMU_PitchAngle:-180,IMU_YawAngle:-180,FcwID:0,FCWWarningLevel:0,FCWTTC:0
0,1.99,0,16.55,38.5,0,0,0,7.7,1.25452e-34,0,0,0,-6.5,0,0,0,0,-0.00229183,0,0,0,0,0,0,0,0,0,1,87,59,0,0.00034,0.00034,3,5,0,0,0,0,0,0,0,0,0,0,1,0,1,0,0,0,0,0,0,0,0,,0,0,0,0,
1,3.36,0,14.55,40,0,0,0,4.4,0,0,0,0,-5,0,0,0,0,-0.00229183,0,0,0,0,0,0,0,0,0,1,89,59,0,0.00034,0.00034,3,0,0,0,0,0,0,0,0,0,0,0,1,0,1,0,0,0,0,0,0,0,0,,0,0,0,0,
2,5.63,0,11.05,30.5,0,0,0,-1,0,0,0,0,-18,0,0,0,0,-0.00229183,0,0,0,0,0,0,0,0,0,1,75,59,0,0.00034,0.00034,3,5,0,0,0,0,0,0,0,0,0,0,1,0,1,0,0,0,0,0,0,0,0,,0,0,0,0,
3,6.21,0,-47,28.5,0,0,0,-9.95,0,0,0,0,0,0,0,0,0,-0.00229183,0,0,0,0,0,0,0,0,0,1,74,59,0,0.00034,0.00034,2,-1,0,0,0,0,0,0,0,0,0,0,1,0,1,0,0,0,0,0,0,0,0,,0,0,0,0,
END,Total:4
START,FrameNb:203,CameraNb:0,HeSaiNb:0,ARS410Nb:0
2026/08/02 21:39:37:820---->
heightOffset:0,1785677977820,485980,selfCaliBufCnt:0,selfAccObjCnt:0,selfAccAngle:0,installHAngleOffset:0,Interpolation:0,installVAngleOffset:0,radarOffsetH:0,radarOffsetV:0.32,Polynom:-0.001023;-0.0511;-2.047;0;0;0;-0.001023;-0.0511;-2.047;-25.5;0;0,WheelDirection:0;0;0;0,selfAngleOffset:0,selfAngleOffsetPit:0,currCaliAngleHrz:0,currCaliAnglePit:0,selfCaliAngleHrz:0,selfCaliAnglePit:0,servCaliAngleHrz:0,servCaliAnglePit:0,offlineCaliAngleHrz:0,offlineCaliAnglePit:0,determine2useFlag:0,IMU_Z_Accel:-21.592,IMU_X_AngularRate:-2.093,IMU_Y_AngularRate:-2.093,IMU_RollAngle:-180,IMU_PitchAngle:-180,IMU_YawAngle:-180,FcwID:0,FCWWarningLevel:0,FCWTTC:0
0,1.98,0,16.55,38,0,0,0,7.45,1.25452e-34,0,0,0,-6.5,0,0,0,0,-0.00229183,0,0,0,0,0,0,0,0,0,1,87,59,0,0.00034,0.00034,3,5,0,0,0,0,0,0,0,0,0,0,1,0,0,0,0,0,0,0,0,0,0,,0,0,0,0,
1,3.37,0,14.65,40,0,0,0,4.75,0,0,0,0,-5,0,0,0,0,-0.00229183,0,0,0,0,0,0,0,0,0,1,89,59,0,0.00034,0.00034,3,0,0,0,0,0,0,0,0,0,0,0,1,0,0,0,0,0,0,0,0,0,0,,0,0,0,0,
2,5.64,0,13.95,30,0,0,0,-1.3,0,0,0,0,-17,0,0,0,0,-0.00229183,0,0,0,0,0,0,0,0,0,1,75,59,0,0.00034,0.00034,3,5,0,0,0,0,0,0,0,0,0,0,1,0,0,0,0,0,0,0,0,0,0,,0,0,0,0,
3,6.21,0,17.7,28.5,0,0,0,-4.25,0,0,0,0,-16,0,0,0,0,-0.00229183,0,0,0,0,0,0,0,0,0,1,74,59,0,0.00034,0.00034,3,5,0,0,0,0,0,0,0,0,0,0,1,0,0,0,0,0,0,0,0,0,0,,0,0,0,0,
END,Total:4
START,FrameNb:204,CameraNb:0,HeSaiNb:0,ARS410Nb:0
2026/08/02 21:39:37:871---->
heightOffset:0,1785677977871,486036,selfCaliBufCnt:0,selfAccObjCnt:0,selfAccAngle:0,installHAngleOffset:0,Interpolation:0,installVAngleOffset:0,radarOffsetH:0,radarOffsetV:0.32,Polynom:-0.001023;-0.0511;-2.047;0;0;0;-0.001023;-0.0511;-2.047;-25.5;0;0,WheelDirection:0;0;0;0,selfAngleOffset:0,selfAngleOffsetPit:0,currCaliAngleHrz:0,currCaliAnglePit:0,selfCaliAngleHrz:0,selfCaliAnglePit:0,servCaliAngleHrz:0,servCaliAnglePit:0,offlineCaliAngleHrz:0,offlineCaliAnglePit:0,determine2useFlag:0,IMU_Z_Accel:-21.592,IMU_X_AngularRate:-2.093,IMU_Y_AngularRate:-2.093,IMU_RollAngle:-180,IMU_PitchAngle:-180,IMU_YawAngle:-180,FcwID:0,FCWWarningLevel:0,FCWTTC:0
0,1.99,0,16.55,38,0,0,0,7.65,1.25452e-34,0,0,0,-6.5,0,0,0,0,-0.00229183,0,0,0,0,0,0,0,0,0,1,87,53,0,0.00034,0.00034,3,5,0,0,0,0,0,0,0,0,0,0,1,0,1,0,0,0,0,0,0,0,0,,0,0,0,0,
1,3.37,0,14.7,40,0,0,0,4.75,0,0,0,0,-5,0,0,0,0,-0.00229183,0,0,0,0,0,0,0,0,0,1,89,53,0,0.00034,0.00034,3,0,0,0,0,0,0,0,0,0,0,0,1,0,1,0,0,0,0,0,0,0,0,,0,0,0,0,
2,3.84,0,-24.45,22,0,0,0,-2.7,0,0,0,0,-20.5,0,0,0,0,-0.00229183,0,0,0,0,0,0,0,0,0,1,70,53,0,0.00034,0.00034,2,-1,0,0,0,0,0,0,0,0,0,0,1,0,1,0,0,0,0,0,0,0,0,,0,0,0,0,
3,5.64,0,14.15,29,0,0,0,-1.45,0,0,0,0,-18.5,0,0,0,0,-0.00229183,0,0,0,0,0,0,0,0,0,1,74,53,0,0.00034,0.00034,3,5,0,0,0,0,0,0,0,0,0,0,1,0,1,0,0,0,0,0,0,0,0,,0,0,0,0,
4,6.22,0,-46.8,28.5,0,0,0,-10,0,0,0,0,-1,0,0,0,0,-0.00229183,0,0,0,0,0,0,0,0,0,1,74,53,0,0.00034,0.00034,2,-1,0,0,0,0,0,0,0,0,0,0,1,0,1,0,0,0,0,0,0,0,0,,0,0,0,0,
END,Total:5
START,FrameNb:205,CameraNb:0,HeSaiNb:0,ARS410Nb:0
2026/08/02 21:39:37:917---->
heightOffset:0,1785677977917,486092,selfCaliBufCnt:0,selfAccObjCnt:0,selfAccAngle:0,installHAngleOffset:0,Interpolation:0,installVAngleOffset:0,radarOffsetH:0,radarOffsetV:0.32,Polynom:-0.001023;-0.0511;-2.047;0;0;0;-0.001023;-0.0511;-2.047;-25.5;0;0,WheelDirection:0;0;0;0,selfAngleOffset:0,selfAngleOffsetPit:0,currCaliAngleHrz:0,currCaliAnglePit:0,selfCaliAngleHrz:0,selfCaliAnglePit:0,servCaliAngleHrz:0,servCaliAnglePit:0,offlineCaliAngleHrz:0,offlineCaliAnglePit:0,determine2useFlag:0,IMU_Z_Accel:-21.592,IMU_X_AngularRate:-2.093,IMU_Y_AngularRate:-2.093,IMU_RollAngle:-180,IMU_PitchAngle:-180,IMU_YawAngle:-180,FcwID:0,FCWWarningLevel:0,FCWTTC:0
0,1.98,0,16.55,38.5,0,0,0,7.55,1.25452e-34,0,0,0,-6.5,0,0,0,0,-0.00229183,0,0,0,0,0,0,0,0,0,1,87,58,0,0.00034,0.00034,3,5,0,0,0,0,0,0,0,0,0,0,1,0,0,0,0,0,0,0,0,0,0,,0,0,0,0,
1,3.37,0,14.65,40,0,0,0,4.7,0,0,0,0,-5,0,0,0,0,-0.00229183,0,0,0,0,0,0,0,0,0,1,89,58,0,0.00034,0.00034,3,0,0,0,0,0,0,0,0,0,0,0,1,0,0,0,0,0,0,0,0,0,0,,0,0,0,0,
2,5.65,0,14.05,29,0,0,0,-1.45,0,0,0,0,-18.5,0,0,0,0,-0.00229183,0,0,0,0,0,0,0,0,0,1,74,58,0,0.00034,0.00034,3,5,0,0,0,0,0,0,0,0,0,0,1,0,0,0,0,0,0,0,0,0,0,,0,0,0,0,
3,6.22,0,17.8,28.5,0,0,0,-4,0,0,0,0,-16,0,0,0,0,-0.00229183,0,0,0,0,0,0,0,0,0,1,74,58,0,0.00034,0.00034,3,5,0,0,0,0,0,0,0,0,0,0,1,0,0,0,0,0,0,0,0,0,0,,0,0,0,0,
END,Total:4
START,FrameNb:206,CameraNb:0,HeSaiNb:0,ARS410Nb:0
2026/08/02 21:39:38:030---->
heightOffset:0,1785677978030,486148,selfCaliBufCnt:0,selfAccObjCnt:0,selfAccAngle:0,installHAngleOffset:0,Interpolation:0,installVAngleOffset:0,radarOffsetH:0,radarOffsetV:0.32,Polynom:-0.001023;-0.0511;-2.047;0;0;0;-0.001023;-0.0511;-2.047;-25.5;0;0,WheelDirection:0;0;0;0,selfAngleOffset:0,selfAngleOffsetPit:0,currCaliAngleHrz:0,currCaliAnglePit:0,selfCaliAngleHrz:0,selfCaliAnglePit:0,servCaliAngleHrz:0,servCaliAnglePit:0,offlineCaliAngleHrz:0,offlineCaliAnglePit:0,determine2useFlag:0,IMU_Z_Accel:-21.592,IMU_X_AngularRate:-2.093,IMU_Y_AngularRate:-2.093,IMU_RollAngle:-180,IMU_PitchAngle:-180,IMU_YawAngle:-180,FcwID:0,FCWWarningLevel:0,FCWTTC:0
0,1.99,0,16.55,38,0,0,0,7.65,1.25452e-34,0,0,0,-6.5,0,0,0,0,-0.00229183,0,0,0,0,0,0,0,0,0,1,87,53,0,0.00034,0.00034,3,5,0,0,0,0,0,0,0,0,0,0,1,0,1,0,0,0,0,0,0,0,0,,0,0,0,0,
1,3.36,0,14.55,40,0,0,0,4.45,0,0,0,0,-5,0,0,0,0,-0.00229183,0,0,0,0,0,0,0,0,0,1,89,53,0,0.00034,0.00034,3,0,0,0,0,0,0,0,0,0,0,0,1,0,1,0,0,0,0,0,0,0,0,,0,0,0,0,
2,5.64,0,14.15,28,0,0,0,-1.6,0,0,0,0,-19,0,0,0,0,-0.00229183,0,0,0,0,0,0,0,0,0,1,73,53,0,0.00034,0.00034,3,5,0,0,0,0,0,0,0,0,0,0,1,0,1,0,0,0,0,0,0,0,0,,0,0,0,0,
3,6.22,0,17.8,28.5,0,0,0,-4.05,0,0,0,0,-16,0,0,0,0,-0.00229183,0,0,0,0,0,0,0,0,0,1,74,53,0,0.00034,0.00034,3,5,0,0,0,0,0,0,0,0,0,0,1,0,1,0,0,0,0,0,0,0,0,,0,0,0,0,
END,Total:4
START,FrameNb:207,CameraNb:0,HeSaiNb:0,ARS410Nb:0
2026/08/02 21:39:38:072---->
heightOffset:0,1785677978072,486200,selfCaliBufCnt:0,selfAccObjCnt:0,selfAccAngle:0,installHAngleOffset:0,Interpolation:0,installVAngleOffset:0,radarOffsetH:0,radarOffsetV:0.32,Polynom:-0.001023;-0.0511;-2.047;0;0;0;-0.001023;-0.0511;-2.047;-25.5;0;0,WheelDirection:0;0;0;0,selfAngleOffset:0,selfAngleOffsetPit:0,currCaliAngleHrz:0,currCaliAnglePit:0,selfCaliAngleHrz:0,selfCaliAnglePit:0,servCaliAngleHrz:0,servCaliAnglePit:0,offlineCaliAngleHrz:0,offlineCaliAnglePit:0,determine2useFlag:0,IMU_Z_Accel:-21.592,IMU_X_AngularRate:-2.093,IMU_Y_AngularRate:-2.093,IMU_RollAngle:-180,IMU_PitchAngle:-180,IMU_YawAngle:-180,FcwID:0,FCWWarningLevel:0,FCWTTC:0
0,1.98,0,16.55,38,0,0,0,7.65,1.25452e-34,0,0,0,-6.5,0,0,0,0,-0.00229183,0,0,0,0,0,0,0,0,0,1,87,57,0,0.00034,0.00034,3,5,0,0,0,0,0,0,0,0,0,0,1,0,0,0,0,0,0,0,0,0,0,,0,0,0,0,
1,2.75,0,-9.2,29,0,0,0,-13.25,0,0,0,0,-18,0,0,0,0,-0.00229183,0,0,0,0,0,0,0,0,0,1,78,57,0,0.00034,0.00034,3,5,0,0,0,0,0,0,0,0,0,0,1,0,0,0,0,0,0,0,0,0,0,,0,0,0,0,
2,3.36,0,14.6,40,0,0,0,4.45,0,0,0,0,-5,0,0,0,0,-0.00229183,0,0,0,0,0,0,0,0,0,1,89,57,0,0.00034,0.00034,3,0,0,0,0,0,0,0,0,0,0,0,1,0,0,0,0,0,0,0,0,0,0,,0,0,0,0,
3,5.64,0,14.2,29,0,0,0,-1.35,0,0,0,0,-18,0,0,0,0,-0.00229183,0,0,0,0,0,0,0,0,0,1,74,57,0,0.00034,0.00034,3,5,0,0,0,0,0,0,0,0,0,0,1,0,0,0,0,0,0,0,0,0,0,,0,0,0,0,
4,6.22,0,17.55,28.5,0,0,0,-4,0,0,0,0,-16,0,0,0,0,-0.00229183,0,0,0,0,0,0,0,0,0,1,74,57,0,0.00034,0.00034,3,5,0,0,0,0,0,0,0,0,0,0,1,0,0,0,0,0,0,0,0,0,0,,0,0,0,0,
END,Total:5
START,FrameNb:208,CameraNb:0,HeSaiNb:0,ARS410Nb:0
2026/08/02 21:39:38:122---->
heightOffset:0,1785677978122,486260,selfCaliBufCnt:0,selfAccObjCnt:0,selfAccAngle:0,installHAngleOffset:0,Interpolation:0,installVAngleOffset:0,radarOffsetH:0,radarOffsetV:0.32,Polynom:-0.001023;-0.0511;-2.047;0;0;0;-0.001023;-0.0511;-2.047;-25.5;0;0,WheelDirection:0;0;0;0,selfAngleOffset:0,selfAngleOffsetPit:0,currCaliAngleHrz:0,currCaliAnglePit:0,selfCaliAngleHrz:0,selfCaliAnglePit:0,servCaliAngleHrz:0,servCaliAnglePit:0,offlineCaliAngleHrz:0,offlineCaliAnglePit:0,determine2useFlag:0,IMU_Z_Accel:-21.592,IMU_X_AngularRate:-2.093,IMU_Y_AngularRate:-2.093,IMU_RollAngle:-180,IMU_PitchAngle:-180,IMU_YawAngle:-180,FcwID:0,FCWWarningLevel:0,FCWTTC:0
0,1.99,0,16.6,38,0,0,0,7.75,1.25452e-34,0,0,0,-6.5,0,0,0,0,-0.00229183,0,0,0,0,0,0,0,0,0,1,87,54,0,0.00034,0.00034,3,5,0,0,0,0,0,0,0,0,0,0,1,0,1,0,0,0,0,0,0,0,0,,0,0,0,0,
1,3.36,0,14.55,40,0,0,0,4.4,0,0,0,0,-5,0,0,0,0,-0.00229183,0,0,0,0,0,0,0,0,0,1,89,54,0,0.00034,0.00034,3,0,0,0,0,0,0,0,0,0,0,0,1,0,1,0,0,0,0,0,0,0,0,,0,0,0,0,
2,5.63,0,14.05,29.5,0,0,0,-1.3,0,0,0,0,-18,0,0,0,0,-0.00229183,0,0,0,0,0,0,0,0,0,1,75,54,0,0.00034,0.00034,3,5,0,0,0,0,0,0,0,0,0,0,1,0,1,0,0,0,0,0,0,0,0,,0,0,0,0,
3,6.22,0,-47,28.5,0,0,0,-10,0,0,0,0,0,0,0,0,0,-0.00229183,0,0,0,0,0,0,0,0,0,1,74,54,0,0.00034,0.00034,2,-1,0,0,0,0,0,0,0,0,0,0,1,0,1,0,0,0,0,0,0,0,0,,0,0,0,0,
END,Total:4
START,FrameNb:209,CameraNb:0,HeSaiNb:0,ARS410Nb:0
2026/08/02 21:39:38:167---->
heightOffset:0,1785677978167,486320,selfCaliBufCnt:0,selfAccObjCnt:0,selfAccAngle:0,installHAngleOffset:0,Interpolation:0,installVAngleOffset:0,radarOffsetH:0,radarOffsetV:0.32,Polynom:-0.001023;-0.0511;-2.047;0;0;0;-0.001023;-0.0511;-2.047;-25.5;0;0,WheelDirection:0;0;0;0,selfAngleOffset:0,selfAngleOffsetPit:0,currCaliAngleHrz:0,currCaliAnglePit:0,selfCaliAngleHrz:0,selfCaliAnglePit:0,servCaliAngleHrz:0,servCaliAnglePit:0,offlineCaliAngleHrz:0,offlineCaliAnglePit:0,determine2useFlag:0,IMU_Z_Accel:-21.592,IMU_X_AngularRate:-2.093,IMU_Y_AngularRate:-2.093,IMU_RollAngle:-180,IMU_PitchAngle:-180,IMU_YawAngle:-180,FcwID:0,FCWWarningLevel:0,FCWTTC:0
0,1.99,0,16.55,38.5,0,0,0,7.65,1.25452e-34,0,0,0,-6.5,0,0,0,0,-0.00229183,0,0,0,0,0,0,0,0,0,1,87,63,0,0.00034,0.00034,3,5,0,0,0,0,0,0,0,0,0,0,1,0,0,0,0,0,0,0,0,0,0,,0,0,0,0,
1,3.37,0,14.65,40,0,0,0,4.75,0,0,0,0,-5,0,0,0,0,-0.00229183,0,0,0,0,0,0,0,0,0,1,89,63,0,0.00034,0.00034,3,0,0,0,0,0,0,0,0,0,0,0,1,0,0,0,0,0,0,0,0,0,0,,0,0,0,0,
2,5.63,0,14.2,30,0,0,0,-1.55,0,0,0,0,-17.5,0,0,0,0,-0.00229183,0,0,0,0,0,0,0,0,0,1,75,63,0,0.00034,0.00034,3,5,0,0,0,0,0,0,0,0,0,0,1,0,0,0,0,0,0,0,0,0,0,,0,0,0,0,
3,6.21,0,17.65,28.5,0,0,0,-4.2,0,0,0,0,-16,0,0,0,0,-0.00229183,0,0,0,0,0,0,0,0,0,1,74,63,0,0.00034,0.00034,3,5,0,0,0,0,0,0,0,0,0,0,1,0,0,0,0,0,0,0,0,0,0,,0,0,0,0,
END,Total:4
START,FrameNb:210,CameraNb:0,HeSaiNb:0,ARS410Nb:0
2026/08/02 21:39:38:218---->
heightOffset:0,1785677978218,486380,selfCaliBufCnt:0,selfAccObjCnt:0,selfAccAngle:0,installHAngleOffset:0,Interpolation:0,installVAngleOffset:0,radarOffsetH:0,radarOffsetV:0.32,Polynom:-0.001023;-0.0511;-2.047;0;0;0;-0.001023;-0.0511;-2.047;-25.5;0;0,WheelDirection:0;0;0;0,selfAngleOffset:0,selfAngleOffsetPit:0,currCaliAngleHrz:0,currCaliAnglePit:0,selfCaliAngleHrz:0,selfCaliAnglePit:0,servCaliAngleHrz:0,servCaliAnglePit:0,offlineCaliAngleHrz:0,offlineCaliAnglePit:0,determine2useFlag:0,IMU_Z_Accel:-21.592,IMU_X_AngularRate:-2.093,IMU_Y_AngularRate:-2.093,IMU_RollAngle:-180,IMU_PitchAngle:-180,IMU_YawAngle:-180,FcwID:0,FCWWarningLevel:0,FCWTTC:0
0,1.99,0,16.55,38,0,0,0,7.55,1.25452e-34,0,0,0,-6.5,0,0,0,0,-0.00229183,0,0,0,0,0,0,0,0,0,1,87,56,0,0.00034,0.00034,3,5,0,0,0,0,0,0,0,0,0,0,1,0,1,0,0,0,0,0,0,0,0,,0,0,0,0,
1,2.77,0,67.05,29.5,0,0,0,-10.2,0,0,0,0,18.5,0,0,0,0,-0.00229183,0,0,0,0,0,0,0,0,0,1,79,56,0,0.00034,0.00034,2,-1,0,0,0,0,0,0,0,0,0,0,1,0,1,0,0,0,0,0,0,0,0,,0,0,0,0,
2,3.36,0,14.55,40,0,0,0,4.4,0,0,0,0,-5,0,0,0,0,-0.00229183,0,0,0,0,0,0,0,0,0,1,89,56,0,0.00034,0.00034,3,0,0,0,0,0,0,0,0,0,0,0,1,0,1,0,0,0,0,0,0,0,0,,0,0,0,0,
3,5.64,0,13.8,30.5,0,0,0,-1.25,0,0,0,0,-17,0,0,0,0,-0.00229183,0,0,0,0,0,0,0,0,0,1,75,56,0,0.00034,0.00034,3,5,0,0,0,0,0,0,0,0,0,0,1,0,1,0,0,0,0,0,0,0,0,,0,0,0,0,
4,6.21,0,17.65,28,0,0,0,-4.2,0,0,0,0,-16,0,0,0,0,-0.00229183,0,0,0,0,0,0,0,0,0,1,74,56,0,0.00034,0.00034,3,5,0,0,0,0,0,0,0,0,0,0,1,0,1,0,0,0,0,0,0,0,0,,0,0,0,0,
END,Total:5
START,FrameNb:211,CameraNb:0,HeSaiNb:0,ARS410Nb:0
2026/08/02 21:39:38:276---->
heightOffset:0,1785677978276,486432,selfCaliBufCnt:0,selfAccObjCnt:0,selfAccAngle:0,installHAngleOffset:0,Interpolation:0,installVAngleOffset:0,radarOffsetH:0,radarOffsetV:0.32,Polynom:-0.001023;-0.0511;-2.047;0;0;0;-0.001023;-0.0511;-2.047;-25.5;0;0,WheelDirection:0;0;0;0,selfAngleOffset:0,selfAngleOffsetPit:0,currCaliAngleHrz:0,currCaliAnglePit:0,selfCaliAngleHrz:0,selfCaliAnglePit:0,servCaliAngleHrz:0,servCaliAnglePit:0,offlineCaliAngleHrz:0,offlineCaliAnglePit:0,determine2useFlag:0,IMU_Z_Accel:-21.592,IMU_X_AngularRate:-2.093,IMU_Y_AngularRate:-2.093,IMU_RollAngle:-180,IMU_PitchAngle:-180,IMU_YawAngle:-180,FcwID:0,FCWWarningLevel:0,FCWTTC:0
0,1.99,0,16.55,38.5,0,0,0,7.65,1.25452e-34,0,0,0,-6.5,0,0,0,0,-0.00229183,0,0,0,0,0,0,0,0,0,1,87,58,0,0.00034,0.00034,3,5,0,0,0,0,0,0,0,0,0,0,1,0,0,0,0,0,0,0,0,0,0,,0,0,0,0,
1,2.77,0,-7.3,30,0,0,0,-15,0,0,0,0,-17,0,0,0,0,-0.00229183,0,0,0,0,0,0,0,0,0,1,79,58,0,0.00034,0.00034,3,5,0,0,0,0,0,0,0,0,0,0,1,0,0,0,0,0,0,0,0,0,0,,0,0,0,0,
2,3.37,0,14.65,40,0,0,0,4.8,0,0,0,0,-5,0,0,0,0,-0.00229183,0,0,0,0,0,0,0,0,0,1,89,58,0,0.00034,0.00034,3,0,0,0,0,0,0,0,0,0,0,0,1,0,0,0,0,0,0,0,0,0,0,,0,0,0,0,
3,5.64,0,14.05,30.5,0,0,0,-1.45,0,0,0,0,-17,0,0,0,0,-0.00229183,0,0,0,0,0,0,0,0,0,1,75,58,0,0.00034,0.00034,3,5,0,0,0,0,0,0,0,0,0,0,1,0,0,0,0,0,0,0,0,0,0,,0,0,0,0,
4,6.21,0,-47.05,28.5,0,0,0,-10.05,0,0,0,0,0,0,0,0,0,-0.00229183,0,0,0,0,0,0,0,0,0,1,74,58,0,0.00034,0.00034,2,-1,0,0,0,0,0,0,0,0,0,0,1,0,0,0,0,0,0,0,0,0,0,,0,0,0,0,
END,Total:5
START,FrameNb:212,CameraNb:0,HeSaiNb:0,ARS410Nb:0
2026/08/02 21:39:38:322---->
heightOffset:0,1785677978322,486492,selfCaliBufCnt:0,selfAccObjCnt:0,selfAccAngle:0,installHAngleOffset:0,Interpolation:0,installVAngleOffset:0,radarOffsetH:0,radarOffsetV:0.32,Polynom:-0.001023;-0.0511;-2.047;0;0;0;-0.001023;-0.0511;-2.047;-25.5;0;0,WheelDirection:0;0;0;0,selfAngleOffset:0,selfAngleOffsetPit:0,currCaliAngleHrz:0,currCaliAnglePit:0,selfCaliAngleHrz:0,selfCaliAnglePit:0,servCaliAngleHrz:0,servCaliAnglePit:0,offlineCaliAngleHrz:0,offlineCaliAnglePit:0,determine2useFlag:0,IMU_Z_Accel:-21.592,IMU_X_AngularRate:-2.093,IMU_Y_AngularRate:-2.093,IMU_RollAngle:-180,IMU_PitchAngle:-180,IMU_YawAngle:-180,FcwID:0,FCWWarningLevel:0,FCWTTC:0
0,1.99,0,16.5,38,0,0,0,7.55,1.25452e-34,0,0,0,-6.5,0,0,0,0,-0.00229183,0,0,0,0,0,0,0,0,0,1,87,54,0,0.00034,0.00034,3,5,0,0,0,0,0,0,0,0,0,0,1,0,1,0,0,0,0,0,0,0,0,,0,0,0,0,
1,3.36,0,14.6,40,0,0,0,4.3,0,0,0,0,-5,0,0,0,0,-0.00229183,0,0,0,0,0,0,0,0,0,1,89,54,0,0.00034,0.00034,3,0,0,0,0,0,0,0,0,0,0,0,1,0,1,0,0,0,0,0,0,0,0,,0,0,0,0,
2,5.63,0,13.8,30.5,0,0,0,-1.2,0,0,0,0,-16.5,0,0,0,0,-0.00229183,0,0,0,0,0,0,0,0,0,1,76,54,0,0.00034,0.00034,3,5,0,0,0,0,0,0,0,0,0,0,1,0,1,0,0,0,0,0,0,0,0,,0,0,0,0,
3,6.21,0,-47.05,28.5,0,0,0,-10.1,0,0,0,0,0,0,0,0,0,-0.00229183,0,0,0,0,0,0,0,0,0,1,74,54,0,0.00034,0.00034,3,5,0,0,0,0,0,0,0,0,0,0,1,0,1,0,0,0,0,0,0,0,0,,0,0,0,0,
END,Total:4
START,FrameNb:213,CameraNb:0,HeSaiNb:0,ARS410Nb:0
2026/08/02 21:39:38:372---->
heightOffset:0,1785677978372,486544,selfCaliBufCnt:0,selfAccObjCnt:0,selfAccAngle:0,installHAngleOffset:0,Interpolation:0,installVAngleOffset:0,radarOffsetH:0,radarOffsetV:0.32,Polynom:-0.001023;-0.0511;-2.047;0;0;0;-0.001023;-0.0511;-2.047;-25.5;0;0,WheelDirection:0;0;0;0,selfAngleOffset:0,selfAngleOffsetPit:0,currCaliAngleHrz:0,currCaliAnglePit:0,selfCaliAngleHrz:0,selfCaliAnglePit:0,servCaliAngleHrz:0,servCaliAnglePit:0,offlineCaliAngleHrz:0,offlineCaliAnglePit:0,determine2useFlag:0,IMU_Z_Accel:-21.592,IMU_X_AngularRate:-2.093,IMU_Y_AngularRate:-2.093,IMU_RollAngle:-180,IMU_PitchAngle:-180,IMU_YawAngle:-180,FcwID:0,FCWWarningLevel:0,FCWTTC:0
0,1.99,0,16.55,38,0,0,0,7.45,1.25452e-34,0,0,0,-6.5,0,0,0,0,-0.00229183,0,0,0,0,0,0,0,0,0,1,87,57,0,0.00034,0.00034,3,5,0,0,0,0,0,0,0,0,0,0,1,0,0,0,0,0,0,0,0,0,0,,0,0,0,0,
1,2.75,0,-9.2,29,0,0,0,-13.2,0,0,0,0,-18,0,0,0,0,-0.00229183,0,0,0,0,0,0,0,0,0,1,78,57,0,0.00034,0.00034,3,5,0,0,0,0,0,0,0,0,0,0,1,0,0,0,0,0,0,0,0,0,0,,0,0,0,0,
2,3.37,0,14.65,40,0,0,0,4.75,0,0,0,0,-5.5,0,0,0,0,-0.00229183,0,0,0,0,0,0,0,0,0,1,89,57,0,0.00034,0.00034,3,0,0,0,0,0,0,0,0,0,0,0,1,0,0,0,0,0,0,0,0,0,0,,0,0,0,0,
3,5.64,0,13.9,30.5,0,0,0,-1.25,0,0,0,0,-16.5,0,0,0,0,-0.00229183,0,0,0,0,0,0,0,0,0,1,76,57,0,0.00034,0.00034,3,5,0,0,0,0,0,0,0,0,0,0,1,0,0,0,0,0,0,0,0,0,0,,0,0,0,0,
4,6.21,0,-47.05,28,0,0,0,-10.1,0,0,0,0,-0.5,0,0,0,0,-0.00229183,0,0,0,0,0,0,0,0,0,1,73,57,0,0.00034,0.00034,3,5,0,0,0,0,0,0,0,0,0,0,1,0,0,0,0,0,0,0,0,0,0,,0,0,0,0,
END,Total:5
START,FrameNb:214,CameraNb:0,HeSaiNb:0,ARS410Nb:0
2026/08/02 21:39:38:477---->
heightOffset:0,1785677978477,486600,selfCaliBufCnt:0,selfAccObjCnt:0,selfAccAngle:0,installHAngleOffset:0,Interpolation:0,installVAngleOffset:0,radarOffsetH:0,radarOffsetV:0.32,Polynom:-0.001023;-0.0511;-2.047;0;0;0;-0.001023;-0.0511;-2.047;-25.5;0;0,WheelDirection:0;0;0;0,selfAngleOffset:0,selfAngleOffsetPit:0,currCaliAngleHrz:0,currCaliAnglePit:0,selfCaliAngleHrz:0,selfCaliAnglePit:0,servCaliAngleHrz:0,servCaliAnglePit:0,offlineCaliAngleHrz:0,offlineCaliAnglePit:0,determine2useFlag:0,IMU_Z_Accel:-21.592,IMU_X_AngularRate:-2.093,IMU_Y_AngularRate:-2.093,IMU_RollAngle:-180,IMU_PitchAngle:-180,IMU_YawAngle:-180,FcwID:0,FCWWarningLevel:0,FCWTTC:0
0,1.99,0,16.55,38,0,0,0,7.55,1.25452e-34,0,0,0,-6.5,0,0,0,0,-0.00229183,0,0,0,0,0,0,0,0,0,1,87,53,0,0.00034,0.00034,3,5,0,0,0,0,0,0,0,0,0,0,1,0,1,0,0,0,0,0,0,0,0,,0,0,0,0,
1,3.36,0,14.55,40,0,0,0,4.4,0,0,0,0,-5,0,0,0,0,-0.00229183,0,0,0,0,0,0,0,0,0,1,89,53,0,0.00034,0.00034,3,0,0,0,0,0,0,0,0,0,0,0,1,0,1,0,0,0,0,0,0,0,0,,0,0,0,0,
2,5.64,0,13.9,29.5,0,0,0,-1.35,0,0,0,0,-17.5,0,0,0,0,-0.00229183,0,0,0,0,0,0,0,0,0,1,75,53,0,0.00034,0.00034,3,5,0,0,0,0,0,0,0,0,0,0,1,0,1,0,0,0,0,0,0,0,0,,0,0,0,0,
3,6.2,0,-47,27.5,0,0,0,-10.05,0,0,0,0,-0.5,0,0,0,0,-0.00229183,0,0,0,0,0,0,0,0,0,1,73,53,0,0.00034,0.00034,3,5,0,0,0,0,0,0,0,0,0,0,1,0,1,0,0,0,0,0,0,0,0,,0,0,0,0,
END,Total:4
START,FrameNb:215,CameraNb:0,HeSaiNb:0,ARS410Nb:0
2026/08/02 21:39:38:531---->
heightOffset:0,1785677978531,486656,selfCaliBufCnt:0,selfAccObjCnt:0,selfAccAngle:0,installHAngleOffset:0,Interpolation:0,installVAngleOffset:0,radarOffsetH:0,radarOffsetV:0.32,Polynom:-0.001023;-0.0511;-2.047;0;0;0;-0.001023;-0.0511;-2.047;-25.5;0;0,WheelDirection:0;0;0;0,selfAngleOffset:0,selfAngleOffsetPit:0,currCaliAngleHrz:0,currCaliAnglePit:0,selfCaliAngleHrz:0,selfCaliAnglePit:0,servCaliAngleHrz:0,servCaliAnglePit:0,offlineCaliAngleHrz:0,offlineCaliAnglePit:0,determine2useFlag:0,IMU_Z_Accel:-21.592,IMU_X_AngularRate:-2.093,IMU_Y_AngularRate:-2.093,IMU_RollAngle:-180,IMU_PitchAngle:-180,IMU_YawAngle:-180,FcwID:0,FCWWarningLevel:0,FCWTTC:0
0,1.98,0,-54.95,38.5,0,0,0,1.2,1.25452e-34,0,0,0,14.5,0,0,0,0,-0.00229183,0,0,0,0,0,0,0,0,0,1,87,58,0,0.00034,0.00034,2,-1,0,0,0,0,0,0,0,0,0,0,1,0,0,0,0,0,0,0,0,0,0,,0,0,0,0,
1,3.37,0,14.65,40,0,0,0,4.8,0,0,0,0,-5,0,0,0,0,-0.00229183,0,0,0,0,0,0,0,0,0,1,89,58,0,0.00034,0.00034,3,0,0,0,0,0,0,0,0,0,0,0,1,0,0,0,0,0,0,0,0,0,0,,0,0,0,0,
2,3.83,0,-57.15,22.5,0,0,0,-3.85,0,0,0,0,1,0,0,0,0,-0.00229183,0,0,0,0,0,0,0,0,0,1,71,58,0,0.00034,0.00034,2,-1,0,0,0,0,0,0,0,0,0,0,1,0,0,0,0,0,0,0,0,0,0,,0,0,0,0,
3,5.64,0,14,30,0,0,0,-1.35,0,0,0,0,-17.5,0,0,0,0,-0.00229183,0,0,0,0,0,0,0,0,0,1,75,58,0,0.00034,0.00034,3,5,0,0,0,0,0,0,0,0,0,0,1,0,0,0,0,0,0,0,0,0,0,,0,0,0,0,
4,6.2,0,-47.05,28,0,0,0,-10.3,0,0,0,0,-0.5,0,0,0,0,-0.00229183,0,0,0,0,0,0,0,0,0,1,73,58,0,0.00034,0.00034,3,5,0,0,0,0,0,0,0,0,0,0,1,0,0,0,0,0,0,0,0,0,0,,0,0,0,0,
END,Total:5
START,FrameNb:216,CameraNb:0,HeSaiNb:0,ARS410Nb:0
2026/08/02 21:39:38:572---->
heightOffset:0,1785677978572,486716,selfCaliBufCnt:0,selfAccObjCnt:0,selfAccAngle:0,installHAngleOffset:0,Interpolation:0,installVAngleOffset:0,radarOffsetH:0,radarOffsetV:0.32,Polynom:-0.001023;-0.0511;-2.047;0;0;0;-0.001023;-0.0511;-2.047;-25.5;0;0,WheelDirection:0;0;0;0,selfAngleOffset:0,selfAngleOffsetPit:0,currCaliAngleHrz:0,currCaliAnglePit:0,selfCaliAngleHrz:0,selfCaliAnglePit:0,servCaliAngleHrz:0,servCaliAnglePit:0,offlineCaliAngleHrz:0,offlineCaliAnglePit:0,determine2useFlag:0,IMU_Z_Accel:-21.592,IMU_X_AngularRate:-2.093,IMU_Y_AngularRate:-2.093,IMU_RollAngle:-180,IMU_PitchAngle:-180,IMU_YawAngle:-180,FcwID:0,FCWWarningLevel:0,FCWTTC:0
0,1.99,0,16.6,38,0,0,0,7.7,1.25452e-34,0,0,0,-6.5,0,0,0,0,-0.00229183,0,0,0,0,0,0,0,0,0,1,87,57,0,0.00034,0.00034,3,5,0,0,0,0,0,0,0,0,0,0,1,0,1,0,0,0,0,0,0,0,0,,0,0,0,0,
1,2.78,0,-6.95,29.5,0,0,0,-15,0,0,0,0,-17.5,0,0,0,0,-0.00229183,0,0,0,0,0,0,0,0,0,1,79,57,0,0.00034,0.00034,3,5,0,0,0,0,0,0,0,0,0,0,1,0,1,0,0,0,0,0,0,0,0,,0,0,0,0,
2,3.36,0,14.55,40.5,0,0,0,4.45,0,0,0,0,-5,0,0,0,0,-0.00229183,0,0,0,0,0,0,0,0,0,1,89,57,0,0.00034,0.00034,3,0,0,0,0,0,0,0,0,0,0,0,1,0,1,0,0,0,0,0,0,0,0,,0,0,0,0,
3,3.81,0,4.65,21.5,0,0,0,-2.85,0,0,0,0,-26,0,0,0,0,-0.00229183,0,0,0,0,0,0,0,0,0,1,70,57,0,0.00034,0.00034,3,5,0,0,0,0,0,0,0,0,0,0,1,0,1,0,0,0,0,0,0,0,0,,0,0,0,0,
4,5.64,0,11.1,30,0,0,0,-0.8,0,0,0,0,-18.5,0,0,0,0,-0.00229183,0,0,0,0,0,0,0,0,0,1,75,57,0,0.00034,0.00034,3,5,0,0,0,0,0,0,0,0,0,0,1,0,1,0,0,0,0,0,0,0,0,,0,0,0,0,
5,6.2,0,-46.95,27.5,0,0,0,-10.3,0,0,0,0,-2,0,0,0,0,-0.00229183,0,0,0,0,0,0,0,0,0,1,73,57,0,0.00034,0.00034,3,5,0,0,0,0,0,0,0,0,0,0,1,0,1,0,0,0,0,0,0,0,0,,0,0,0,0,
END,Total:6
START,FrameNb:217,CameraNb:0,HeSaiNb:0,ARS410Nb:0
2026/08/02 21:39:38:623---->
heightOffset:0,1785677978623,486776,selfCaliBufCnt:0,selfAccObjCnt:0,selfAccAngle:0,installHAngleOffset:0,Interpolation:0,installVAngleOffset:0,radarOffsetH:0,radarOffsetV:0.32,Polynom:-0.001023;-0.0511;-2.047;0;0;0;-0.001023;-0.0511;-2.047;-25.5;0;0,WheelDirection:0;0;0;0,selfAngleOffset:0,selfAngleOffsetPit:0,currCaliAngleHrz:0,currCaliAnglePit:0,selfCaliAngleHrz:0,selfCaliAnglePit:0,servCaliAngleHrz:0,servCaliAnglePit:0,offlineCaliAngleHrz:0,offlineCaliAnglePit:0,determine2useFlag:0,IMU_Z_Accel:-21.592,IMU_X_AngularRate:-2.093,IMU_Y_AngularRate:-2.093,IMU_RollAngle:-180,IMU_PitchAngle:-180,IMU_YawAngle:-180,FcwID:0,FCWWarningLevel:0,FCWTTC:0
0,1.99,0,-54.95,38,0,0,0,1.05,1.25452e-34,0,0,0,14.5,0,0,0,0,-0.00229183,0,0,0,0,0,0,0,0,0,1,87,63,0,0.00034,0.00034,2,-1,0,0,0,0,0,0,0,0,0,0,1,0,0,0,0,0,0,0,0,0,0,,0,0,0,0,
1,3.36,0,14.6,40.5,0,0,0,4.4,0,0,0,0,-5,0,0,0,0,-0.00229183,0,0,0,0,0,0,0,0,0,1,89,63,0,0.00034,0.00034,3,0,0,0,0,0,0,0,0,0,0,0,1,0,0,0,0,0,0,0,0,0,0,,0,0,0,0,
2,5.64,0,10.95,30,0,0,0,-0.75,0,0,0,0,-18.5,0,0,0,0,-0.00229183,0,0,0,0,0,0,0,0,0,1,75,63,0,0.00034,0.00034,3,5,0,0,0,0,0,0,0,0,0,0,1,0,0,0,0,0,0,0,0,0,0,,0,0,0,0,
3,6.2,0,-46.85,27.5,0,0,0,-10.2,0,0,0,0,-2,0,0,0,0,-0.00229183,0,0,0,0,0,0,0,0,0,1,73,63,0,0.00034,0.00034,3,5,0,0,0,0,0,0,0,0,0,0,1,0,0,0,0,0,0,0,0,0,0,,0,0,0,0,
END,Total:4
START,FrameNb:218,CameraNb:0,HeSaiNb:0,ARS410Nb:0
2026/08/02 21:39:38:670---->
heightOffset:0,1785677978670,486832,selfCaliBufCnt:0,selfAccObjCnt:0,selfAccAngle:0,installHAngleOffset:0,Interpolation:0,installVAngleOffset:0,radarOffsetH:0,radarOffsetV:0.32,Polynom:-0.001023;-0.0511;-2.047;0;0;0;-0.001023;-0.0511;-2.047;-25.5;0;0,WheelDirection:0;0;0;0,selfAngleOffset:0,selfAngleOffsetPit:0,currCaliAngleHrz:0,currCaliAnglePit:0,selfCaliAngleHrz:0,selfCaliAnglePit:0,servCaliAngleHrz:0,servCaliAnglePit:0,offlineCaliAngleHrz:0,offlineCaliAnglePit:0,determine2useFlag:0,IMU_Z_Accel:-21.592,IMU_X_AngularRate:-2.093,IMU_Y_AngularRate:-2.093,IMU_RollAngle:-180,IMU_PitchAngle:-180,IMU_YawAngle:-180,FcwID:0,FCWWarningLevel:0,FCWTTC:0
0,1.98,0,16.55,38,0,0,0,7.45,1.25452e-34,0,0,0,-6.5,0,0,0,0,-0.00229183,0,0,0,0,0,0,0,0,0,1,87,54,0,0.00034,0.00034,3,5,0,0,0,0,0,0,0,0,0,0,1,0,1,0,0,0,0,0,0,0,0,,0,0,0,0,
1,2.79,0,67.1,29.5,0,0,0,-10,0,0,0,0,18.5,0,0,0,0,-0.00229183,0,0,0,0,0,0,0,0,0,1,79,54,0,0.00034,0.00034,2,-1,0,0,0,0,0,0,0,0,0,0,1,0,1,0,0,0,0,0,0,0,0,,0,0,0,0,
2,3.37,0,14.55,40,0,0,0,4.45,0,0,0,0,-5,0,0,0,0,-0.00229183,0,0,0,0,0,0,0,0,0,1,89,54,0,0.00034,0.00034,3,0,0,0,0,0,0,0,0,0,0,0,1,0,1,0,0,0,0,0,0,0,0,,0,0,0,0,
3,5.63,0,13.9,29.5,0,0,0,-1.2,0,0,0,0,-17.5,0,0,0,0,-0.00229183,0,0,0,0,0,0,0,0,0,1,75,54,0,0.00034,0.00034,3,5,0,0,0,0,0,0,0,0,0,0,1,0,1,0,0,0,0,0,0,0,0,,0,0,0,0,
4,6.21,0,-46.95,27,0,0,0,-10.2,0,0,0,0,-2.5,0,0,0,0,-0.00229183,0,0,0,0,0,0,0,0,0,1,72,54,0,0.00034,0.00034,3,5,0,0,0,0,0,0,0,0,0,0,1,0,1,0,0,0,0,0,0,0,0,,0,0,0,0,
END,Total:5
START,FrameNb:219,CameraNb:0,HeSaiNb:0,ARS410Nb:0
2026/08/02 21:39:38:718---->
heightOffset:0,1785677978718,486888,selfCaliBufCnt:0,selfAccObjCnt:0,selfAccAngle:0,installHAngleOffset:0,Interpolation:0,installVAngleOffset:0,radarOffsetH:0,radarOffsetV:0.32,Polynom:-0.001023;-0.0511;-2.047;0;0;0;-0.001023;-0.0511;-2.047;-25.5;0;0,WheelDirection:0;0;0;0,selfAngleOffset:0,selfAngleOffsetPit:0,currCaliAngleHrz:0,currCaliAnglePit:0,selfCaliAngleHrz:0,selfCaliAnglePit:0,servCaliAngleHrz:0,servCaliAnglePit:0,offlineCaliAngleHrz:0,offlineCaliAnglePit:0,determine2useFlag:0,IMU_Z_Accel:-21.592,IMU_X_AngularRate:-2.093,IMU_Y_AngularRate:-2.093,IMU_RollAngle:-180,IMU_PitchAngle:-180,IMU_YawAngle:-180,FcwID:0,FCWWarningLevel:0,FCWTTC:0
0,1.98,0,16.55,38,0,0,0,7.65,1.25452e-34,0,0,0,-6.5,0,0,0,0,-0.00229183,0,0,0,0,0,0,0,0,0,1,87,58,0,0.00034,0.00034,3,5,0,0,0,0,0,0,0,0,0,0,1,0,0,0,0,0,0,0,0,0,0,,0,0,0,0,
1,2.8,0,67.2,30,0,0,0,-10.1,0,0,0,0,18.5,0,0,0,0,-0.00229183,0,0,0,0,0,0,0,0,0,1,79,58,0,0.00034,0.00034,3,7,0,0,0,0,0,0,0,0,0,0,1,0,0,0,0,0,0,0,0,0,0,,0,0,0,0,
2,3.37,0,14.7,40,0,0,0,4.75,0,0,0,0,-5,0,0,0,0,-0.00229183,0,0,0,0,0,0,0,0,0,1,89,58,0,0.00034,0.00034,3,0,0,0,0,0,0,0,0,0,0,0,1,0,0,0,0,0,0,0,0,0,0,,0,0,0,0,
3,3.99,0,7.65,21,0,0,0,2.15,0,0,0,0,-26.5,0,0,0,0,-0.00229183,0,0,0,0,0,0,0,0,0,1,69,58,0,0.00034,0.00034,3,5,0,0,0,0,0,0,0,0,0,0,1,0,0,0,0,0,0,0,0,0,0,,0,0,0,0,
4,5.64,0,11.05,30.5,0,0,0,-0.6,0,0,0,0,-18,0,0,0,0,-0.00229183,0,0,0,0,0,0,0,0,0,1,75,58,0,0.00034,0.00034,3,5,0,0,0,0,0,0,0,0,0,0,1,0,0,0,0,0,0,0,0,0,0,,0,0,0,0,
5,6.21,0,-46.85,27.5,0,0,0,-10.25,0,0,0,0,-2,0,0,0,0,-0.00229183,0,0,0,0,0,0,0,0,0,1,73,58,0,0.00034,0.00034,3,5,0,0,0,0,0,0,0,0,0,0,1,0,0,0,0,0,0,0,0,0,0,,0,0,0,0,
END,Total:6
START,FrameNb:220,CameraNb:0,HeSaiNb:0,ARS410Nb:0
2026/08/02 21:39:38:823---->
heightOffset:0,1785677978823,486944,selfCaliBufCnt:0,selfAccObjCnt:0,selfAccAngle:0,installHAngleOffset:0,Interpolation:0,installVAngleOffset:0,radarOffsetH:0,radarOffsetV:0.32,Polynom:-0.001023;-0.0511;-2.047;0;0;0;-0.001023;-0.0511;-2.047;-25.5;0;0,WheelDirection:0;0;0;0,selfAngleOffset:0,selfAngleOffsetPit:0,currCaliAngleHrz:0,currCaliAnglePit:0,selfCaliAngleHrz:0,selfCaliAnglePit:0,servCaliAngleHrz:0,servCaliAnglePit:0,offlineCaliAngleHrz:0,offlineCaliAnglePit:0,determine2useFlag:0,IMU_Z_Accel:-21.592,IMU_X_AngularRate:-2.093,IMU_Y_AngularRate:-2.093,IMU_RollAngle:-180,IMU_PitchAngle:-180,IMU_YawAngle:-180,FcwID:0,FCWWarningLevel:0,FCWTTC:0
0,1.99,0,16.55,38,0,0,0,7.55,1.25452e-34,0,0,0,-6.5,0,0,0,0,-0.00229183,0,0,0,0,0,0,0,0,0,1,87,54,0,0.00034,0.00034,3,5,0,0,0,0,0,0,0,0,0,0,1,0,1,0,0,0,0,0,0,0,0,,0,0,0,0,
1,2.8,0,67,30,0,0,0,-9.75,0,0,0,0,18.5,0,0,0,0,-0.00229183,0,0,0,0,0,0,0,0,0,1,79,54,0,0.00034,0.00034,3,5,0,0,0,0,0,0,0,0,0,0,1,0,1,0,0,0,0,0,0,0,0,,0,0,0,0,
2,3.36,0,14.55,40,0,0,0,4.45,0,0,0,0,-5,0,0,0,0,-0.00229183,0,0,0,0,0,0,0,0,0,1,89,54,0,0.00034,0.00034,3,0,0,0,0,0,0,0,0,0,0,0,1,0,1,0,0,0,0,0,0,0,0,,0,0,0,0,
3,5.63,0,11.15,30.5,0,0,0,-0.75,0,0,0,0,-18.5,0,0,0,0,-0.00229183,0,0,0,0,0,0,0,0,0,1,75,54,0,0.00034,0.00034,3,5,0,0,0,0,0,0,0,0,0,0,1,0,1,0,0,0,0,0,0,0,0,,0,0,0,0,
4,6.22,0,17.5,27.5,0,0,0,-4.25,0,0,0,0,-17,0,0,0,0,-0.00229183,0,0,0,0,0,0,0,0,0,1,73,54,0,0.00034,0.00034,3,5,0,0,0,0,0,0,0,0,0,0,1,0,1,0,0,0,0,0,0,0,0,,0,0,0,0,
END,Total:5
START,FrameNb:221,CameraNb:0,HeSaiNb:0,ARS410Nb:0
2026/08/02 21:39:38:876---->
heightOffset:0,1785677978876,486996,selfCaliBufCnt:0,selfAccObjCnt:0,selfAccAngle:0,installHAngleOffset:0,Interpolation:0,installVAngleOffset:0,radarOffsetH:0,radarOffsetV:0.32,Polynom:-0.001023;-0.0511;-2.047;0;0;0;-0.001023;-0.0511;-2.047;-25.5;0;0,WheelDirection:0;0;0;0,selfAngleOffset:0,selfAngleOffsetPit:0,currCaliAngleHrz:0,currCaliAnglePit:0,selfCaliAngleHrz:0,selfCaliAnglePit:0,servCaliAngleHrz:0,servCaliAnglePit:0,offlineCaliAngleHrz:0,offlineCaliAnglePit:0,determine2useFlag:0,IMU_Z_Accel:-21.592,IMU_X_AngularRate:-2.093,IMU_Y_AngularRate:-2.093,IMU_RollAngle:-180,IMU_PitchAngle:-180,IMU_YawAngle:-180,FcwID:0,FCWWarningLevel:0,FCWTTC:0
0,1.99,0,16.55,38,0,0,0,7.7,1.25452e-34,0,0,0,-6.5,0,0,0,0,-0.00229183,0,0,0,0,0,0,0,0,0,1,87,57,0,0.00034,0.00034,3,5,0,0,0,0,0,0,0,0,0,0,1,0,0,0,0,0,0,0,0,0,0,,0,0,0,0,
1,2.81,0,69.95,30,0,0,0,3.4,0,0,0,0,20.5,0,0,0,0,-0.00229183,0,0,0,0,0,0,0,0,0,1,79,57,0,0.00034,0.00034,3,5,0,0,0,0,0,0,0,0,0,0,1,0,0,0,0,0,0,0,0,0,0,,0,0,0,0,
2,3.37,0,14.7,40,0,0,0,4.8,0,0,0,0,-5,0,0,0,0,-0.00229183,0,0,0,0,0,0,0,0,0,1,89,57,0,0.00034,0.00034,3,0,0,0,0,0,0,0,0,0,0,0,1,0,0,0,0,0,0,0,0,0,0,,0,0,0,0,
3,5.63,0,13.7,30.5,0,0,0,-1,0,0,0,0,-17,0,0,0,0,-0.00229183,0,0,0,0,0,0,0,0,0,1,75,57,0,0.00034,0.00034,3,5,0,0,0,0,0,0,0,0,0,0,1,0,0,0,0,0,0,0,0,0,0,,0,0,0,0,
4,6.25,0,16.8,28,0,0,0,-4.7,0,0,0,0,-17.5,0,0,0,0,-0.00229183,0,0,0,0,0,0,0,0,0,1,73,57,0,0.00034,0.00034,3,5,0,0,0,0,0,0,0,0,0,0,1,0,0,0,0,0,0,0,0,0,0,,0,0,0,0,
END,Total:5
START,FrameNb:222,CameraNb:0,HeSaiNb:0,ARS410Nb:0
2026/08/02 21:39:38:920---->
heightOffset:0,1785677978920,487056,selfCaliBufCnt:0,selfAccObjCnt:0,selfAccAngle:0,installHAngleOffset:0,Interpolation:0,installVAngleOffset:0,radarOffsetH:0,radarOffsetV:0.32,Polynom:-0.001023;-0.0511;-2.047;0;0;0;-0.001023;-0.0511;-2.047;-25.5;0;0,WheelDirection:0;0;0;0,selfAngleOffset:0,selfAngleOffsetPit:0,currCaliAngleHrz:0,currCaliAnglePit:0,selfCaliAngleHrz:0,selfCaliAnglePit:0,servCaliAngleHrz:0,servCaliAnglePit:0,offlineCaliAngleHrz:0,offlineCaliAnglePit:0,determine2useFlag:0,IMU_Z_Accel:-21.592,IMU_X_AngularRate:-2.093,IMU_Y_AngularRate:-2.093,IMU_RollAngle:-180,IMU_PitchAngle:-180,IMU_YawAngle:-180,FcwID:0,FCWWarningLevel:0,FCWTTC:0
0,1.99,0,16.6,38,0,0,0,7.7,1.25452e-34,0,0,0,-6.5,0,0,0,0,-0.00229183,0,0,0,0,0,0,0,0,0,1,87,54,0,0.00034,0.00034,3,5,0,0,0,0,0,0,0,0,0,0,1,0,1,0,0,0,0,0,0,0,0,,0,0,0,0,
1,2.79,0,69.95,30,0,0,0,3.75,0,0,0,0,20.5,0,0,0,0,-0.00229183,0,0,0,0,0,0,0,0,0,1,79,54,0,0.00034,0.00034,3,5,0,0,0,0,0,0,0,0,0,0,1,0,1,0,0,0,0,0,0,0,0,,0,0,0,0,
2,3.36,0,14.55,40,0,0,0,4.4,0,0,0,0,-5,0,0,0,0,-0.00229183,0,0,0,0,0,0,0,0,0,1,89,54,0,0.00034,0.00034,3,0,0,0,0,0,0,0,0,0,0,0,1,0,1,0,0,0,0,0,0,0,0,,0,0,0,0,
3,5.63,0,13.7,30,0,0,0,-1.2,0,0,0,0,-17.5,0,0,0,0,-0.00229183,0,0,0,0,0,0,0,0,0,1,75,54,0,0.00034,0.00034,3,5,0,0,0,0,0,0,0,0,0,0,1,0,1,0,0,0,0,0,0,0,0,,0,0,0,0,
4,6.22,0,17.7,28.5,0,0,0,-3.95,0,0,0,0,-16,0,0,0,0,-0.00229183,0,0,0,0,0,0,0,0,0,1,74,54,0,0.00034,0.00034,3,5,0,0,0,0,0,0,0,0,0,0,1,0,1,0,0,0,0,0,0,0,0,,0,0,0,0,
END,Total:5
START,FrameNb:223,CameraNb:0,HeSaiNb:0,ARS410Nb:0
2026/08/02 21:39:38:968---->
heightOffset:0,1785677978968,487112,selfCaliBufCnt:0,selfAccObjCnt:0,selfAccAngle:0,installHAngleOffset:0,Interpolation:0,installVAngleOffset:0,radarOffsetH:0,radarOffsetV:0.32,Polynom:-0.001023;-0.0511;-2.047;0;0;0;-0.001023;-0.0511;-2.047;-25.5;0;0,WheelDirection:0;0;0;0,selfAngleOffset:0,selfAngleOffsetPit:0,currCaliAngleHrz:0,currCaliAnglePit:0,selfCaliAngleHrz:0,selfCaliAnglePit:0,servCaliAngleHrz:0,servCaliAnglePit:0,offlineCaliAngleHrz:0,offlineCaliAnglePit:0,determine2useFlag:0,IMU_Z_Accel:-21.592,IMU_X_AngularRate:-2.093,IMU_Y_AngularRate:-2.093,IMU_RollAngle:-180,IMU_PitchAngle:-180,IMU_YawAngle:-180,FcwID:0,FCWWarningLevel:0,FCWTTC:0
0,1.98,0,16.55,38,0,0,0,7.55,1.25452e-34,0,0,0,-6.5,0,0,0,0,-0.00229183,0,0,0,0,0,0,0,0,0,1,87,60,0,0.00034,0.00034,3,5,0,0,0,0,0,0,0,0,0,0,1,0,0,0,0,0,0,0,0,0,0,,0,0,0,0,
1,2.79,0,67.1,30,0,0,0,-9.85,0,0,0,0,19,0,0,0,0,-0.00229183,0,0,0,0,0,0,0,0,0,1,79,60,0,0.00034,0.00034,3,7,0,0,0,0,0,0,0,0,0,0,1,0,0,0,0,0,0,0,0,0,0,,0,0,0,0,
2,3.37,0,14.65,40,0,0,0,4.8,0,0,0,0,-5,0,0,0,0,-0.00229183,0,0,0,0,0,0,0,0,0,1,89,60,0,0.00034,0.00034,3,0,0,0,0,0,0,0,0,0,0,0,1,0,0,0,0,0,0,0,0,0,0,,0,0,0,0,
3,4.13,0.05,-49.7,18.5,0,0,0,12.9,0,0,0,0,-7,0,0,0,0,-0.00229183,0,0,0,0,0,0,0,0,0,1,66,60,0,0.00034,0.00034,3,5,0,0,0,0,0,0,0,0,0,0,1,0,0,0,0,0,0,0,0,0,0,,0,0,0,0,
4,5.63,0,13.8,30,0,0,0,-1.1,0,0,0,0,-17.5,0,0,0,0,-0.00229183,0,0,0,0,0,0,0,0,0,1,75,60,0,0.00034,0.00034,3,5,0,0,0,0,0,0,0,0,0,0,1,0,0,0,0,0,0,0,0,0,0,,0,0,0,0,
5,6.25,0,17,29,0,0,0,-4.2,0,0,0,0,-15,0,0,0,0,-0.00229183,0,0,0,0,0,0,0,0,0,1,75,60,0,0.00034,0.00034,3,5,0,0,0,0,0,0,0,0,0,0,1,0,0,0,0,0,0,0,0,0,0,,0,0,0,0,
END,Total:6
START,FrameNb:224,CameraNb:0,HeSaiNb:0,ARS410Nb:0
2026/08/02 21:39:39:013---->
heightOffset:0,1785677979013,487176,selfCaliBufCnt:0,selfAccObjCnt:0,selfAccAngle:0,installHAngleOffset:0,Interpolation:0,installVAngleOffset:0,radarOffsetH:0,radarOffsetV:0.32,Polynom:-0.001023;-0.0511;-2.047;0;0;0;-0.001023;-0.0511;-2.047;-25.5;0;0,WheelDirection:0;0;0;0,selfAngleOffset:0,selfAngleOffsetPit:0,currCaliAngleHrz:0,currCaliAnglePit:0,selfCaliAngleHrz:0,selfCaliAnglePit:0,servCaliAngleHrz:0,servCaliAnglePit:0,offlineCaliAngleHrz:0,offlineCaliAnglePit:0,determine2useFlag:0,IMU_Z_Accel:-21.592,IMU_X_AngularRate:-2.093,IMU_Y_AngularRate:-2.093,IMU_RollAngle:-180,IMU_PitchAngle:-180,IMU_YawAngle:-180,FcwID:0,FCWWarningLevel:0,FCWTTC:0
0,1.99,0,16.6,38,0,0,0,7.65,1.25452e-34,0,0,0,-7,0,0,0,0,-0.00229183,0,0,0,0,0,0,0,0,0,1,87,60,0,0.00034,0.00034,3,5,0,0,0,0,0,0,0,0,0,0,1,0,1,0,0,0,0,0,0,0,0,,0,0,0,0,
1,2.81,0,-7.3,29.5,0,0,0,-15,0,0,0,0,-17.5,0,0,0,0,-0.00229183,0,0,0,0,0,0,0,0,0,1,79,60,0,0.00034,0.00034,3,5,0,0,0,0,0,0,0,0,0,0,1,0,1,0,0,0,0,0,0,0,0,,0,0,0,0,
2,3.36,0,14.55,40,0,0,0,4.4,0,0,0,0,-5,0,0,0,0,-0.00229183,0,0,0,0,0,0,0,0,0,1,89,60,0,0.00034,0.00034,3,0,0,0,0,0,0,0,0,0,0,0,1,0,1,0,0,0,0,0,0,0,0,,0,0,0,0,
3,4.01,0.05,9.55,17.5,0,0,0,2.2,0,0,0,0,-29,0,0,0,0,-0.00229183,0,0,0,0,0,0,0,0,0,1,65,60,0,0.00034,0.00034,3,5,0,0,0,0,0,0,0,0,0,0,1,0,1,0,0,0,0,0,0,0,0,,0,0,0,0,
4,5.62,0,11,30,0,0,0,-0.55,0,0,0,0,-18.5,0,0,0,0,-0.00229183,0,0,0,0,0,0,0,0,0,1,75,60,0,0.00034,0.00034,3,5,0,0,0,0,0,0,0,0,0,0,1,0,1,0,0,0,0,0,0,0,0,,0,0,0,0,
5,6.22,0,17.5,29.5,0,0,0,-4,0,0,0,0,-15,0,0,0,0,-0.00229183,0,0,0,0,0,0,0,0,0,1,75,60,0,0.00034,0.00034,3,5,0,0,0,0,0,0,0,0,0,0,1,0,1,0,0,0,0,0,0,0,0,,0,0,0,0,
END,Total:6
START,FrameNb:225,CameraNb:0,HeSaiNb:0,ARS410Nb:0
2026/08/02 21:39:39:073---->
heightOffset:0,1785677979073,487228,selfCaliBufCnt:0,selfAccObjCnt:0,selfAccAngle:0,installHAngleOffset:0,Interpolation:0,installVAngleOffset:0,radarOffsetH:0,radarOffsetV:0.32,Polynom:-0.001023;-0.0511;-2.047;0;0;0;-0.001023;-0.0511;-2.047;-25.5;0;0,WheelDirection:0;0;0;0,selfAngleOffset:0,selfAngleOffsetPit:0,currCaliAngleHrz:0,currCaliAnglePit:0,selfCaliAngleHrz:0,selfCaliAnglePit:0,servCaliAngleHrz:0,servCaliAnglePit:0,offlineCaliAngleHrz:0,offlineCaliAnglePit:0,determine2useFlag:0,IMU_Z_Accel:-21.592,IMU_X_AngularRate:-2.093,IMU_Y_AngularRate:-2.093,IMU_RollAngle:-180,IMU_PitchAngle:-180,IMU_YawAngle:-180,FcwID:0,FCWWarningLevel:0,FCWTTC:0
0,1.99,0,16.55,38,0,0,0,7.65,1.25452e-34,0,0,0,-6.5,0,0,0,0,-0.00229183,0,0,0,0,0,0,0,0,0,1,87,58,0,0.00034,0.00034,3,5,0,0,0,0,0,0,0,0,0,0,1,0,0,0,0,0,0,0,0,0,0,,0,0,0,0,
1,3.36,0,14.55,40,0,0,0,4.45,0,0,0,0,-5,0,0,0,0,-0.00229183,0,0,0,0,0,0,0,0,0,1,89,58,0,0.00034,0.00034,3,0,0,0,0,0,0,0,0,0,0,0,1,0,0,0,0,0,0,0,0,0,0,,0,0,0,0,
2,3.93,0,0.6,22,0,0,0,-7.1,0,0,0,0,-25.5,0,0,0,0,-0.00229183,0,0,0,0,0,0,0,0,0,1,70,58,0,0.00034,0.00034,3,5,0,0,0,0,0,0,0,0,0,0,1,0,0,0,0,0,0,0,0,0,0,,0,0,0,0,
3,5.63,0,11,30,0,0,0,-0.7,0,0,0,0,-18.5,0,0,0,0,-0.00229183,0,0,0,0,0,0,0,0,0,1,75,58,0,0.00034,0.00034,3,5,0,0,0,0,0,0,0,0,0,0,1,0,0,0,0,0,0,0,0,0,0,,0,0,0,0,
4,6.22,0,17.5,29.5,0,0,0,-4.05,0,0,0,0,-15,0,0,0,0,-0.00229183,0,0,0,0,0,0,0,0,0,1,75,58,0,0.00034,0.00034,3,5,0,0,0,0,0,0,0,0,0,0,1,0,0,0,0,0,0,0,0,0,0,,0,0,0,0,
END,Total:5
START,FrameNb:226,CameraNb:0,HeSaiNb:0,ARS410Nb:0
2026/08/02 21:39:39:126---->
heightOffset:0,1785677979126,487288,selfCaliBufCnt:0,selfAccObjCnt:0,selfAccAngle:0,installHAngleOffset:0,Interpolation:0,installVAngleOffset:0,radarOffsetH:0,radarOffsetV:0.32,Polynom:-0.001023;-0.0511;-2.047;0;0;0;-0.001023;-0.0511;-2.047;-25.5;0;0,WheelDirection:0;0;0;0,selfAngleOffset:0,selfAngleOffsetPit:0,currCaliAngleHrz:0,currCaliAnglePit:0,selfCaliAngleHrz:0,selfCaliAnglePit:0,servCaliAngleHrz:0,servCaliAnglePit:0,offlineCaliAngleHrz:0,offlineCaliAnglePit:0,determine2useFlag:0,IMU_Z_Accel:-21.592,IMU_X_AngularRate:-2.093,IMU_Y_AngularRate:-2.093,IMU_RollAngle:-180,IMU_PitchAngle:-180,IMU_YawAngle:-180,FcwID:0,FCWWarningLevel:0,FCWTTC:0
0,1.99,0,16.6,38.5,0,0,0,7.65,1.25452e-34,0,0,0,-6.5,0,0,0,0,-0.00229183,0,0,0,0,0,0,0,0,0,1,87,53,0,0.00034,0.00034,3,5,0,0,0,0,0,0,0,0,0,0,1,0,1,0,0,0,0,0,0,0,0,,0,0,0,0,
1,2.78,0,67,30,0,0,0,-9.85,0,0,0,0,18.5,0,0,0,0,-0.00229183,0,0,0,0,0,0,0,0,0,1,79,53,0,0.00034,0.00034,2,-1,0,0,0,0,0,0,0,0,0,0,1,0,1,0,0,0,0,0,0,0,0,,0,0,0,0,
2,3.36,0,14.6,40,0,0,0,4.4,0,0,0,0,-5,0,0,0,0,-0.00229183,0,0,0,0,0,0,0,0,0,1,89,53,0,0.00034,0.00034,3,0,0,0,0,0,0,0,0,0,0,0,1,0,1,0,0,0,0,0,0,0,0,,0,0,0,0,
3,5.62,0,11.2,30,0,0,0,-0.7,0,0,0,0,-18.5,0,0,0,0,-0.00229183,0,0,0,0,0,0,0,0,0,1,75,53,0,0.00034,0.00034,3,5,0,0,0,0,0,0,0,0,0,0,1,0,1,0,0,0,0,0,0,0,0,,0,0,0,0,
4,6.22,0,17.4,29.5,0,0,0,-4.05,0,0,0,0,-15,0,0,0,0,-0.00229183,0,0,0,0,0,0,0,0,0,1,75,53,0,0.00034,0.00034,3,5,0,0,0,0,0,0,0,0,0,0,1,0,1,0,0,0,0,0,0,0,0,,0,0,0,0,
END,Total:5
START,FrameNb:227,CameraNb:0,HeSaiNb:0,ARS410Nb:0
2026/08/02 21:39:39:168---->
heightOffset:0,1785677979168,487340,selfCaliBufCnt:0,selfAccObjCnt:0,selfAccAngle:0,installHAngleOffset:0,Interpolation:0,installVAngleOffset:0,radarOffsetH:0,radarOffsetV:0.32,Polynom:-0.001023;-0.0511;-2.047;0;0;0;-0.001023;-0.0511;-2.047;-25.5;0;0,WheelDirection:0;0;0;0,selfAngleOffset:0,selfAngleOffsetPit:0,currCaliAngleHrz:0,currCaliAnglePit:0,selfCaliAngleHrz:0,selfCaliAnglePit:0,servCaliAngleHrz:0,servCaliAnglePit:0,offlineCaliAngleHrz:0,offlineCaliAnglePit:0,determine2useFlag:0,IMU_Z_Accel:-21.592,IMU_X_AngularRate:-2.093,IMU_Y_AngularRate:-2.093,IMU_RollAngle:-180,IMU_PitchAngle:-180,IMU_YawAngle:-180,FcwID:0,FCWWarningLevel:0,FCWTTC:0
0,1.99,0,16.55,38,0,0,0,7.55,1.25452e-34,0,0,0,-6.5,0,0,0,0,-0.00229183,0,0,0,0,0,0,0,0,0,1,87,58,0,0.00034,0.00034,3,5,0,0,0,0,0,0,0,0,0,0,1,0,0,0,0,0,0,0,0,0,0,,0,0,0,0,
1,2.78,0,67.15,29.5,0,0,0,-9.8,0,0,0,0,18,0,0,0,0,-0.00229183,0,0,0,0,0,0,0,0,0,1,78,58,0,0.00034,0.00034,3,7,0,0,0,0,0,0,0,0,0,0,1,0,0,0,0,0,0,0,0,0,0,,0,0,0,0,
2,3.36,0,14.55,40,0,0,0,4.4,0,0,0,0,-5,0,0,0,0,-0.00229183,0,0,0,0,0,0,0,0,0,1,89,58,0,0.00034,0.00034,3,0,0,0,0,0,0,0,0,0,0,0,1,0,0,0,0,0,0,0,0,0,0,,0,0,0,0,
3,5.62,0,11.4,30.5,0,0,0,-0.75,0,0,0,0,-18,0,0,0,0,-0.00229183,0,0,0,0,0,0,0,0,0,1,75,58,0,0.00034,0.00034,3,5,0,0,0,0,0,0,0,0,0,0,1,0,0,0,0,0,0,0,0,0,0,,0,0,0,0,
4,6.25,0,16.95,29,0,0,0,-4.6,0,0,0,0,-16.5,0,0,0,0,-0.00229183,0,0,0,0,0,0,0,0,0,1,74,58,0,0.00034,0.00034,3,5,0,0,0,0,0,0,0,0,0,0,1,0,0,0,0,0,0,0,0,0,0,,0,0,0,0,
END,Total:5
START,FrameNb:228,CameraNb:0,HeSaiNb:0,ARS410Nb:0
2026/08/02 21:39:39:278---->
heightOffset:0,1785677979278,487400,selfCaliBufCnt:0,selfAccObjCnt:0,selfAccAngle:0,installHAngleOffset:0,Interpolation:0,installVAngleOffset:0,radarOffsetH:0,radarOffsetV:0.32,Polynom:-0.001023;-0.0511;-2.047;0;0;0;-0.001023;-0.0511;-2.047;-25.5;0;0,WheelDirection:0;0;0;0,selfAngleOffset:0,selfAngleOffsetPit:0,currCaliAngleHrz:0,currCaliAnglePit:0,selfCaliAngleHrz:0,selfCaliAnglePit:0,servCaliAngleHrz:0,servCaliAnglePit:0,offlineCaliAngleHrz:0,offlineCaliAnglePit:0,determine2useFlag:0,IMU_Z_Accel:-21.592,IMU_X_AngularRate:-2.093,IMU_Y_AngularRate:-2.093,IMU_RollAngle:-180,IMU_PitchAngle:-180,IMU_YawAngle:-180,FcwID:0,FCWWarningLevel:0,FCWTTC:0
0,1.99,0,16.55,38,0,0,0,7.55,1.25452e-34,0,0,0,-6.5,0,0,0,0,-0.00229183,0,0,0,0,0,0,0,0,0,1,87,54,0,0.00034,0.00034,3,5,0,0,0,0,0,0,0,0,0,0,1,0,1,0,0,0,0,0,0,0,0,,0,0,0,0,
1,3.36,0,14.6,40,0,0,0,4.4,0,0,0,0,-5,0,0,0,0,-0.00229183,0,0,0,0,0,0,0,0,0,1,89,54,0,0.00034,0.00034,3,0,0,0,0,0,0,0,0,0,0,0,1,0,1,0,0,0,0,0,0,0,0,,0,0,0,0,
2,5.62,0,11.7,30.5,0,0,0,-0.75,0,0,0,0,-18,0,0,0,0,-0.00229183,0,0,0,0,0,0,0,0,0,1,75,54,0,0.00034,0.00034,3,5,0,0,0,0,0,0,0,0,0,0,1,0,1,0,0,0,0,0,0,0,0,,0,0,0,0,
3,6.22,0,-47.05,28.5,0,0,0,-9.7,0,0,0,0,0,0,0,0,0,-0.00229183,0,0,0,0,0,0,0,0,0,1,74,54,0,0.00034,0.00034,2,-1,0,0,0,0,0,0,0,0,0,0,1,0,1,0,0,0,0,0,0,0,0,,0,0,0,0,
END,Total:4
START,FrameNb:229,CameraNb:0,HeSaiNb:0,ARS410Nb:0
2026/08/02 21:39:39:324---->
heightOffset:0,1785677979324,487452,selfCaliBufCnt:0,selfAccObjCnt:0,selfAccAngle:0,installHAngleOffset:0,Interpolation:0,installVAngleOffset:0,radarOffsetH:0,radarOffsetV:0.32,Polynom:-0.001023;-0.0511;-2.047;0;0;0;-0.001023;-0.0511;-2.047;-25.5;0;0,WheelDirection:0;0;0;0,selfAngleOffset:0,selfAngleOffsetPit:0,currCaliAngleHrz:0,currCaliAnglePit:0,selfCaliAngleHrz:0,selfCaliAnglePit:0,servCaliAngleHrz:0,servCaliAnglePit:0,offlineCaliAngleHrz:0,offlineCaliAnglePit:0,determine2useFlag:0,IMU_Z_Accel:-21.592,IMU_X_AngularRate:-2.093,IMU_Y_AngularRate:-2.093,IMU_RollAngle:-180,IMU_PitchAngle:-180,IMU_YawAngle:-180,FcwID:0,FCWWarningLevel:0,FCWTTC:0
0,1.99,0,16.55,38,0,0,0,7.55,1.25452e-34,0,0,0,-6.5,0,0,0,0,-0.00229183,0,0,0,0,0,0,0,0,0,1,87,57,0,0.00034,0.00034,3,5,0,0,0,0,0,0,0,0,0,0,1,0,0,0,0,0,0,0,0,0,0,,0,0,0,0,
1,2.75,0,16.45,29,0,0,0,-14.3,0,0,0,0,-15,0,0,0,0,-0.00229183,0,0,0,0,0,0,0,0,0,1,78,57,0,0.00034,0.00034,3,5,0,0,0,0,0,0,0,0,0,0,1,0,0,0,0,0,0,0,0,0,0,,0,0,0,0,
2,3.36,0,14.55,40,0,0,0,4.4,0,0,0,0,-5,0,0,0,0,-0.00229183,0,0,0,0,0,0,0,0,0,1,89,57,0,0.00034,0.00034,3,0,0,0,0,0,0,0,0,0,0,0,1,0,0,0,0,0,0,0,0,0,0,,0,0,0,0,
3,4.92,0,14.65,21,0,0,0,10.4,0,0,0,0,-25.5,0,0,0,0,-0.00229183,0,0,0,0,0,0,0,0,0,1,67,57,0,0.00034,0.00034,3,5,0,0,0,0,0,0,0,0,0,0,1,0,0,0,0,0,0,0,0,0,0,,0,0,0,0,
4,5.63,0,12.1,30.5,0,0,0,-0.7,0,0,0,0,-16.5,0,0,0,0,-0.00229183,0,0,0,0,0,0,0,0,0,1,76,57,0,0.00034,0.00034,3,5,0,0,0,0,0,0,0,0,0,0,1,0,0,0,0,0,0,0,0,0,0,,0,0,0,0,
5,6.24,0,-47.7,27.5,0,0,0,-10.95,0,0,0,0,-0.5,0,0,0,0,-0.00229183,0,0,0,0,0,0,0,0,0,1,73,57,0,0.00034,0.00034,3,5,0,0,0,0,0,0,0,0,0,0,1,0,0,0,0,0,0,0,0,0,0,,0,0,0,0,
END,Total:6
START,FrameNb:230,CameraNb:0,HeSaiNb:0,ARS410Nb:0
2026/08/02 21:39:39:374---->
heightOffset:0,1785677979374,487512,selfCaliBufCnt:0,selfAccObjCnt:0,selfAccAngle:0,installHAngleOffset:0,Interpolation:0,installVAngleOffset:0,radarOffsetH:0,radarOffsetV:0.32,Polynom:-0.001023;-0.0511;-2.047;0;0;0;-0.001023;-0.0511;-2.047;-25.5;0;0,WheelDirection:0;0;0;0,selfAngleOffset:0,selfAngleOffsetPit:0,currCaliAngleHrz:0,currCaliAnglePit:0,selfCaliAngleHrz:0,selfCaliAnglePit:0,servCaliAngleHrz:0,servCaliAnglePit:0,offlineCaliAngleHrz:0,offlineCaliAnglePit:0,determine2useFlag:0,IMU_Z_Accel:-21.592,IMU_X_AngularRate:-2.093,IMU_Y_AngularRate:-2.093,IMU_RollAngle:-180,IMU_PitchAngle:-180,IMU_YawAngle:-180,FcwID:0,FCWWarningLevel:0,FCWTTC:0
0,1.99,0,16.55,38,0,0,0,7.65,1.25452e-34,0,0,0,-6.5,0,0,0,0,-0.00229183,0,0,0,0,0,0,0,0,0,1,87,54,0,0.00034,0.00034,3,5,0,0,0,0,0,0,0,0,0,0,1,0,1,0,0,0,0,0,0,0,0,,0,0,0,0,
1,2.77,0,67.05,30,0,0,0,-9.95,0,0,0,0,19,0,0,0,0,-0.00229183,0,0,0,0,0,0,0,0,0,1,79,54,0,0.00034,0.00034,2,-1,0,0,0,0,0,0,0,0,0,0,1,0,1,0,0,0,0,0,0,0,0,,0,0,0,0,
2,3.36,0,14.6,40,0,0,0,4.45,0,0,0,0,-5,0,0,0,0,-0.00229183,0,0,0,0,0,0,0,0,0,1,89,54,0,0.00034,0.00034,3,0,0,0,0,0,0,0,0,0,0,0,1,0,1,0,0,0,0,0,0,0,0,,0,0,0,0,
3,3.8,0,15.4,23.5,0,0,0,3.15,0,0,0,0,-20.5,0,0,0,0,-0.00229183,0,0,0,0,0,0,0,0,0,1,72,54,0,0.00034,0.00034,3,5,0,0,0,0,0,0,0,0,0,0,1,0,1,0,0,0,0,0,0,0,0,,0,0,0,0,
4,5.63,0,12.7,29.5,0,0,0,-1,0,0,0,0,-17.5,0,0,0,0,-0.00229183,0,0,0,0,0,0,0,0,0,1,75,54,0,0.00034,0.00034,3,5,0,0,0,0,0,0,0,0,0,0,1,0,1,0,0,0,0,0,0,0,0,,0,0,0,0,
5,6.22,0,-46.95,27.5,0,0,0,-9.7,0,0,0,0,-2,0,0,0,0,-0.00229183,0,0,0,0,0,0,0,0,0,1,73,54,0,0.00034,0.00034,3,5,0,0,0,0,0,0,0,0,0,0,1,0,1,0,0,0,0,0,0,0,0,,0,0,0,0,
END,Total:6
START,FrameNb:231,CameraNb:0,HeSaiNb:0,ARS410Nb:0
2026/08/02 21:39:39:421---->
heightOffset:0,1785677979421,487572,selfCaliBufCnt:0,selfAccObjCnt:0,selfAccAngle:0,installHAngleOffset:0,Interpolation:0,installVAngleOffset:0,radarOffsetH:0,radarOffsetV:0.32,Polynom:-0.001023;-0.0511;-2.047;0;0;0;-0.001023;-0.0511;-2.047;-25.5;0;0,WheelDirection:0;0;0;0,selfAngleOffset:0,selfAngleOffsetPit:0,currCaliAngleHrz:0,currCaliAnglePit:0,selfCaliAngleHrz:0,selfCaliAnglePit:0,servCaliAngleHrz:0,servCaliAnglePit:0,offlineCaliAngleHrz:0,offlineCaliAnglePit:0,determine2useFlag:0,IMU_Z_Accel:-21.592,IMU_X_AngularRate:-2.093,IMU_Y_AngularRate:-2.093,IMU_RollAngle:-180,IMU_PitchAngle:-180,IMU_YawAngle:-180,FcwID:0,FCWWarningLevel:0,FCWTTC:0
0,1.99,0,16.55,38,0,0,0,7.55,1.25452e-34,0,0,0,-6.5,0,0,0,0,-0.00229183,0,0,0,0,0,0,0,0,0,1,87,65,0,0.00034,0.00034,3,5,0,0,0,0,0,0,0,0,0,0,1,0,0,0,0,0,0,0,0,0,0,,0,0,0,0,
1,2.77,0,67.05,30,0,0,0,-10.25,0,0,0,0,18.5,0,0,0,0,-0.00229183,0,0,0,0,0,0,0,0,0,1,79,65,0,0.00034,0.00034,3,7,0,0,0,0,0,0,0,0,0,0,1,0,0,0,0,0,0,0,0,0,0,,0,0,0,0,
2,3.37,0,14.65,40.5,0,0,0,4.75,0,0,0,0,-5,0,0,0,0,-0.00229183,0,0,0,0,0,0,0,0,0,1,89,65,0,0.00034,0.00034,3,0,0,0,0,0,0,0,0,0,0,0,1,0,0,0,0,0,0,0,0,0,0,,0,0,0,0,
3,5.63,0,12.05,29.5,0,0,0,-0.55,0,0,0,0,-18,0,0,0,0,-0.00229183,0,0,0,0,0,0,0,0,0,1,74,65,0,0.00034,0.00034,3,5,0,0,0,0,0,0,0,0,0,0,1,0,0,0,0,0,0,0,0,0,0,,0,0,0,0,
4,6.2,0,-46.95,27.5,0,0,0,-9.6,0,0,0,0,-2,0,0,0,0,-0.00229183,0,0,0,0,0,0,0,0,0,1,73,65,0,0.00034,0.00034,3,5,0,0,0,0,0,0,0,0,0,0,1,0,0,0,0,0,0,0,0,0,0,,0,0,0,0,
END,Total:5
START,FrameNb:232,CameraNb:0,HeSaiNb:0,ARS410Nb:0
2026/08/02 21:39:39:470---->
heightOffset:0,1785677979470,487632,selfCaliBufCnt:0,selfAccObjCnt:0,selfAccAngle:0,installHAngleOffset:0,Interpolation:0,installVAngleOffset:0,radarOffsetH:0,radarOffsetV:0.32,Polynom:-0.001023;-0.0511;-2.047;0;0;0;-0.001023;-0.0511;-2.047;-25.5;0;0,WheelDirection:0;0;0;0,selfAngleOffset:0,selfAngleOffsetPit:0,currCaliAngleHrz:0,currCaliAnglePit:0,selfCaliAngleHrz:0,selfCaliAnglePit:0,servCaliAngleHrz:0,servCaliAnglePit:0,offlineCaliAngleHrz:0,offlineCaliAnglePit:0,determine2useFlag:0,IMU_Z_Accel:-21.592,IMU_X_AngularRate:-2.093,IMU_Y_AngularRate:-2.093,IMU_RollAngle:-180,IMU_PitchAngle:-180,IMU_YawAngle:-180,FcwID:0,FCWWarningLevel:0,FCWTTC:0
0,1.99,0,16.55,38.5,0,0,0,7.7,1.25452e-34,0,0,0,-6.5,0,0,0,0,-0.00229183,0,0,0,0,0,0,0,0,0,1,87,56,0,0.00034,0.00034,3,5,0,0,0,0,0,0,0,0,0,0,1,0,1,0,0,0,0,0,0,0,0,,0,0,0,0,
1,3.36,0,14.55,40.5,0,0,0,4.45,0,0,0,0,-5,0,0,0,0,-0.00229183,0,0,0,0,0,0,0,0,0,1,89,56,0,0.00034,0.00034,3,0,0,0,0,0,0,0,0,0,0,0,1,0,1,0,0,0,0,0,0,0,0,,0,0,0,0,
2,5.63,0,11.85,28.5,0,0,0,-0.6,0,0,0,0,-20,0,0,0,0,-0.00229183,0,0,0,0,0,0,0,0,0,1,74,56,0,0.00034,0.00034,3,5,0,0,0,0,0,0,0,0,0,0,1,0,1,0,0,0,0,0,0,0,0,,0,0,0,0,
3,6.21,0,-46.95,27,0,0,0,-9.8,0,0,0,0,-3,0,0,0,0,-0.00229183,0,0,0,0,0,0,0,0,0,1,72,56,0,0.00034,0.00034,3,5,0,0,0,0,0,0,0,0,0,0,1,0,1,0,0,0,0,0,0,0,0,,0,0,0,0,
END,Total:4
START,FrameNb:233,CameraNb:0,HeSaiNb:0,ARS410Nb:0
2026/08/02 21:39:39:514---->
heightOffset:0,1785677979514,487684,selfCaliBufCnt:0,selfAccObjCnt:0,selfAccAngle:0,installHAngleOffset:0,Interpolation:0,installVAngleOffset:0,radarOffsetH:0,radarOffsetV:0.32,Polynom:-0.001023;-0.0511;-2.047;0;0;0;-0.001023;-0.0511;-2.047;-25.5;0;0,WheelDirection:0;0;0;0,selfAngleOffset:0,selfAngleOffsetPit:0,currCaliAngleHrz:0,currCaliAnglePit:0,selfCaliAngleHrz:0,selfCaliAnglePit:0,servCaliAngleHrz:0,servCaliAnglePit:0,offlineCaliAngleHrz:0,offlineCaliAnglePit:0,determine2useFlag:0,IMU_Z_Accel:-21.592,IMU_X_AngularRate:-2.093,IMU_Y_AngularRate:-2.093,IMU_RollAngle:-180,IMU_PitchAngle:-180,IMU_YawAngle:-180,FcwID:0,FCWWarningLevel:0,FCWTTC:0
0,1.99,0,16.55,38,0,0,0,7.55,1.25452e-34,0,0,0,-6.5,0,0,0,0,-0.00229183,0,0,0,0,0,0,0,0,0,1,87,58,0,0.00034,0.00034,3,5,0,0,0,0,0,0,0,0,0,0,1,0,0,0,0,0,0,0,0,0,0,,0,0,0,0,
1,3.36,0,14.55,40.5,0,0,0,4.45,0,0,0,0,-5,0,0,0,0,-0.00229183,0,0,0,0,0,0,0,0,0,1,89,58,0,0.00034,0.00034,3,0,0,0,0,0,0,0,0,0,0,0,1,0,0,0,0,0,0,0,0,0,0,,0,0,0,0,
2,5.64,0,11.7,28.5,0,0,0,-0.85,0,0,0,0,-20,0,0,0,0,-0.00229183,0,0,0,0,0,0,0,0,0,1,74,58,0,0.00034,0.00034,3,5,0,0,0,0,0,0,0,0,0,0,1,0,0,0,0,0,0,0,0,0,0,,0,0,0,0,
3,6.2,0,-46.95,26.5,0,0,0,-9.85,0,0,0,0,-3,0,0,0,0,-0.00229183,0,0,0,0,0,0,0,0,0,1,72,58,0,0.00034,0.00034,3,5,0,0,0,0,0,0,0,0,0,0,1,0,0,0,0,0,0,0,0,0,0,,0,0,0,0,
END,Total:4
START,FrameNb:234,CameraNb:0,HeSaiNb:0,ARS410Nb:0
2026/08/02 21:39:39:573---->
heightOffset:0,1785677979573,487740,selfCaliBufCnt:0,selfAccObjCnt:0,selfAccAngle:0,installHAngleOffset:0,Interpolation:0,installVAngleOffset:0,radarOffsetH:0,radarOffsetV:0.32,Polynom:-0.001023;-0.0511;-2.047;0;0;0;-0.001023;-0.0511;-2.047;-25.5;0;0,WheelDirection:0;0;0;0,selfAngleOffset:0,selfAngleOffsetPit:0,currCaliAngleHrz:0,currCaliAnglePit:0,selfCaliAngleHrz:0,selfCaliAnglePit:0,servCaliAngleHrz:0,servCaliAnglePit:0,offlineCaliAngleHrz:0,offlineCaliAnglePit:0,determine2useFlag:0,IMU_Z_Accel:-21.592,IMU_X_AngularRate:-2.093,IMU_Y_AngularRate:-2.093,IMU_RollAngle:-180,IMU_PitchAngle:-180,IMU_YawAngle:-180,FcwID:0,FCWWarningLevel:0,FCWTTC:0
0,1.99,0,16.55,38,0,0,0,7.7,1.25452e-34,0,0,0,-6.5,0,0,0,0,-0.00229183,0,0,0,0,0,0,0,0,0,1,87,53,0,0.00034,0.00034,3,5,0,0,0,0,0,0,0,0,0,0,1,0,1,0,0,0,0,0,0,0,0,,0,0,0,0,
1,2.76,0,-9.05,29,0,0,0,-13.45,0,0,0,0,-18,0,0,0,0,-0.00229183,0,0,0,0,0,0,0,0,0,1,78,53,0,0.00034,0.00034,3,5,0,0,0,0,0,0,0,0,0,0,1,0,1,0,0,0,0,0,0,0,0,,0,0,0,0,
2,3.36,0,14.55,40,0,0,0,4.45,0,0,0,0,-5,0,0,0,0,-0.00229183,0,0,0,0,0,0,0,0,0,1,89,53,0,0.00034,0.00034,3,0,0,0,0,0,0,0,0,0,0,0,1,0,1,0,0,0,0,0,0,0,0,,0,0,0,0,
3,3.82,0,-24.35,22,0,0,0,-13.55,0,0,0,0,-20.5,0,0,0,0,-0.00229183,0,0,0,0,0,0,0,0,0,1,70,53,0,0.00034,0.00034,2,-1,0,0,0,0,0,0,0,0,0,0,1,0,1,0,0,0,0,0,0,0,0,,0,0,0,0,
4,5.63,0,11.95,29,0,0,0,-0.6,0,0,0,0,-19.5,0,0,0,0,-0.00229183,0,0,0,0,0,0,0,0,0,1,74,53,0,0.00034,0.00034,3,5,0,0,0,0,0,0,0,0,0,0,1,0,1,0,0,0,0,0,0,0,0,,0,0,0,0,
5,6.21,0,-46.85,26.5,0,0,0,-10.05,0,0,0,0,-3,0,0,0,0,-0.00229183,0,0,0,0,0,0,0,0,0,1,72,53,0,0.00034,0.00034,3,5,0,0,0,0,0,0,0,0,0,0,1,0,1,0,0,0,0,0,0,0,0,,0,0,0,0,
END,Total:6
START,FrameNb:235,CameraNb:0,HeSaiNb:0,ARS410Nb:0
2026/08/02 21:39:39:670---->
heightOffset:0,1785677979670,487796,selfCaliBufCnt:0,selfAccObjCnt:0,selfAccAngle:0,installHAngleOffset:0,Interpolation:0,installVAngleOffset:0,radarOffsetH:0,radarOffsetV:0.32,Polynom:-0.001023;-0.0511;-2.047;0;0;0;-0.001023;-0.0511;-2.047;-25.5;0;0,WheelDirection:0;0;0;0,selfAngleOffset:0,selfAngleOffsetPit:0,currCaliAngleHrz:0,currCaliAnglePit:0,selfCaliAngleHrz:0,selfCaliAnglePit:0,servCaliAngleHrz:0,servCaliAnglePit:0,offlineCaliAngleHrz:0,offlineCaliAnglePit:0,determine2useFlag:0,IMU_Z_Accel:-21.592,IMU_X_AngularRate:-2.093,IMU_Y_AngularRate:-2.093,IMU_RollAngle:-180,IMU_PitchAngle:-180,IMU_YawAngle:-180,FcwID:0,FCWWarningLevel:0,FCWTTC:0
0,1.99,0,16.55,38,0,0,0,7.55,1.25452e-34,0,0,0,-6.5,0,0,0,0,-0.00229183,0,0,0,0,0,0,0,0,0,1,87,58,0,0.00034,0.00034,3,5,0,0,0,0,0,0,0,0,0,0,1,0,0,0,0,0,0,0,0,0,0,,0,0,0,0,
1,2.76,0,-8.95,29,0,0,0,-13.45,0,0,0,0,-18,0,0,0,0,-0.00229183,0,0,0,0,0,0,0,0,0,1,78,58,0,0.00034,0.00034,3,5,0,0,0,0,0,0,0,0,0,0,1,0,0,0,0,0,0,0,0,0,0,,0,0,0,0,
2,3.37,0,14.7,40.5,0,0,0,4.75,0,0,0,0,-5,0,0,0,0,-0.00229183,0,0,0,0,0,0,0,0,0,1,89,58,0,0.00034,0.00034,3,0,0,0,0,0,0,0,0,0,0,0,1,0,0,0,0,0,0,0,0,0,0,,0,0,0,0,
3,4,0,14.8,22.5,0,0,0,-9.55,0,0,0,0,-23,0,0,0,0,-0.00229183,0,0,0,0,0,0,0,0,0,1,71,58,0,0.00034,0.00034,3,5,0,0,0,0,0,0,0,0,0,0,1,0,0,0,0,0,0,0,0,0,0,,0,0,0,0,
4,4.86,0,6.05,22.5,0,0,0,-13.1,0,0,0,0,-26.5,0,0,0,0,-0.00229183,0,0,0,0,0,0,0,0,0,1,69,58,0,0.00034,0.00034,3,5,0,0,0,0,0,0,0,0,0,0,1,0,0,0,0,0,0,0,0,0,0,,0,0,0,0,
5,5.63,0,12.1,30,0,0,0,-0.55,0,0,0,0,-17.5,0,0,0,0,-0.00229183,0,0,0,0,0,0,0,0,0,1,75,58,0,0.00034,0.00034,3,5,0,0,0,0,0,0,0,0,0,0,1,0,0,0,0,0,0,0,0,0,0,,0,0,0,0,
6,6.2,0,-47.05,27,0,0,0,-10.05,0,0,0,0,-1.5,0,0,0,0,-0.00229183,0,0,0,0,0,0,0,0,0,1,72,58,0,0.00034,0.00034,3,5,0,0,0,0,0,0,0,0,0,0,1,0,0,0,0,0,0,0,0,0,0,,0,0,0,0,
END,Total:7
START,FrameNb:236,CameraNb:0,HeSaiNb:0,ARS410Nb:0
2026/08/02 21:39:39:719---->
heightOffset:0,1785677979719,487852,selfCaliBufCnt:0,selfAccObjCnt:0,selfAccAngle:0,installHAngleOffset:0,Interpolation:0,installVAngleOffset:0,radarOffsetH:0,radarOffsetV:0.32,Polynom:-0.001023;-0.0511;-2.047;0;0;0;-0.001023;-0.0511;-2.047;-25.5;0;0,WheelDirection:0;0;0;0,selfAngleOffset:0,selfAngleOffsetPit:0,currCaliAngleHrz:0,currCaliAnglePit:0,selfCaliAngleHrz:0,selfCaliAnglePit:0,servCaliAngleHrz:0,servCaliAnglePit:0,offlineCaliAngleHrz:0,offlineCaliAnglePit:0,determine2useFlag:0,IMU_Z_Accel:-21.592,IMU_X_AngularRate:-2.093,IMU_Y_AngularRate:-2.093,IMU_RollAngle:-180,IMU_PitchAngle:-180,IMU_YawAngle:-180,FcwID:0,FCWWarningLevel:0,FCWTTC:0
0,1.99,0,16.55,38,0,0,0,7.65,1.25452e-34,0,0,0,-6.5,0,0,0,0,-0.00229183,0,0,0,0,0,0,0,0,0,1,87,53,0,0.00034,0.00034,3,5,0,0,0,0,0,0,0,0,0,0,1,0,1,0,0,0,0,0,0,0,0,,0,0,0,0,
1,2.8,0,66.95,30,0,0,0,-10,0,0,0,0,18,0,0,0,0,-0.00229183,0,0,0,0,0,0,0,0,0,1,79,53,0,0.00034,0.00034,2,-1,0,0,0,0,0,0,0,0,0,0,1,0,1,0,0,0,0,0,0,0,0,,0,0,0,0,
2,3.36,0,14.6,40,0,0,0,4.4,0,0,0,0,-5,0,0,0,0,-0.00229183,0,0,0,0,0,0,0,0,0,1,89,53,0,0.00034,0.00034,3,0,0,0,0,0,0,0,0,0,0,0,1,0,1,0,0,0,0,0,0,0,0,,0,0,0,0,
3,4.95,0,6.5,20.5,0,0,0,-4.55,0,0,0,0,-28,0,0,0,0,-0.00229183,0,0,0,0,0,0,0,0,0,1,67,53,0,0.00034,0.00034,3,5,0,0,0,0,0,0,0,0,0,0,1,0,1,0,0,0,0,0,0,0,0,,0,0,0,0,
4,5.62,0,11.85,29.5,0,0,0,-0.55,0,0,0,0,-19,0,0,0,0,-0.00229183,0,0,0,0,0,0,0,0,0,1,75,53,0,0.00034,0.00034,3,5,0,0,0,0,0,0,0,0,0,0,1,0,1,0,0,0,0,0,0,0,0,,0,0,0,0,
5,6.19,0,-46.95,26.5,0,0,0,-10.2,0,0,0,0,-3,0,0,0,0,-0.00229183,0,0,0,0,0,0,0,0,0,1,72,53,0,0.00034,0.00034,3,5,0,0,0,0,0,0,0,0,0,0,1,0,1,0,0,0,0,0,0,0,0,,0,0,0,0,
END,Total:6
START,FrameNb:237,CameraNb:0,HeSaiNb:0,ARS410Nb:0
2026/08/02 21:39:39:765---->
heightOffset:0,1785677979765,487908,selfCaliBufCnt:0,selfAccObjCnt:0,selfAccAngle:0,installHAngleOffset:0,Interpolation:0,installVAngleOffset:0,radarOffsetH:0,radarOffsetV:0.32,Polynom:-0.001023;-0.0511;-2.047;0;0;0;-0.001023;-0.0511;-2.047;-25.5;0;0,WheelDirection:0;0;0;0,selfAngleOffset:0,selfAngleOffsetPit:0,currCaliAngleHrz:0,currCaliAnglePit:0,selfCaliAngleHrz:0,selfCaliAnglePit:0,servCaliAngleHrz:0,servCaliAnglePit:0,offlineCaliAngleHrz:0,offlineCaliAnglePit:0,determine2useFlag:0,IMU_Z_Accel:-21.592,IMU_X_AngularRate:-2.093,IMU_Y_AngularRate:-2.093,IMU_RollAngle:-180,IMU_PitchAngle:-180,IMU_YawAngle:-180,FcwID:0,FCWWarningLevel:0,FCWTTC:0
0,1.99,0,16.55,38,0,0,0,7.7,1.25452e-34,0,0,0,-6.5,0,0,0,0,-0.00229183,0,0,0,0,0,0,0,0,0,1,87,60,0,0.00034,0.00034,3,5,0,0,0,0,0,0,0,0,0,0,1,0,0,0,0,0,0,0,0,0,0,,0,0,0,0,
1,3.37,0,14.65,40,0,0,0,4.9,0,0,0,0,-5,0,0,0,0,-0.00229183,0,0,0,0,0,0,0,0,0,1,89,60,0,0.00034,0.00034,3,0,0,0,0,0,0,0,0,0,0,0,1,0,0,0,0,0,0,0,0,0,0,,0,0,0,0,
2,5.63,0,12.05,29.5,0,0,0,-0.8,0,0,0,0,-17.5,0,0,0,0,-0.00229183,0,0,0,0,0,0,0,0,0,1,75,60,0,0.00034,0.00034,3,5,0,0,0,0,0,0,0,0,0,0,1,0,0,0,0,0,0,0,0,0,0,,0,0,0,0,
3,6.2,0,-46.85,27,0,0,0,-10.05,0,0,0,0,-2.5,0,0,0,0,-0.00229183,0,0,0,0,0,0,0,0,0,1,72,60,0,0.00034,0.00034,3,5,0,0,0,0,0,0,0,0,0,0,1,0,0,0,0,0,0,0,0,0,0,,0,0,0,0,
END,Total:4




BB Hw:V3.1.9.1,app Fw:V6.4.23.11.0.0,boot Fw:V6.4.23.6.0.0,PA cali Fw:V6.4.23.6.0.0,CT_RadarTool FW:V7.0,Can CH:1.4.6.3,Can rate:0,CarSpeedMode:0,
