ObjId,range,speed,angle,snr,Kstate,OboCarSpeed,heigh,heighAngle,X,Y,EstimateCarSpeed,EstimateMagCarSpeed,RCS,WheelSpdFl,WheelSpdFR,WheelSpdRL,WheelSpdRR,YawRate,frameIntervalTimeZ4,SelfCalcAngle,SenceFlag,SortFlag,trkReiablility,RadiusCurvature,Xaccel,Yaccel,noise,using,DbfMag,FrameIntervalTime,installAngleOffset,VehLatAcc,VehLongAcc,matchFlag,tag,deltaRange,clusterID,idx,objLen,weight,MeasCounter,MAtr,SteeringAngle,SteeringAngleSpd,EstCarSpeed,Gear,isDmlMode,waveType,sideSlobe0,sideSlobe1,sideSlobe2,peakNum1,peakNum2,AlgTeam,ObstacleProb,scene,errorCode,FlagJam,FlagTunnelFence,FlagFenceScene,FlagBarnScene
START,FrameNb:0,CameraNb:0,HeSaiNb:0,ARS410Nb:0
2026/08/02 21:35:30:273---->
heightOffset:0,1785677730273,238530,selfCaliBufCnt:0,selfAccObjCnt:0,selfAccAngle:0,installHAngleOffset:0,Interpolation:0,installVAngleOffset:0,radarOffsetH:0,radarOffsetV:0.32,Polynom:-0.001023;-0.0511;-2.047;0;0;0;-0.001023;-0.0511;-2.047;-25.5;0;0,WheelDirection:0;0;0;0,selfAngleOffset:0,selfAngleOffsetPit:0,currCaliAngleHrz:0,currCaliAnglePit:0,selfCaliAngleHrz:0,selfCaliAnglePit:0,servCaliAngleHrz:0,servCaliAnglePit:0,offlineCaliAngleHrz:0,offlineCaliAnglePit:0,determine2useFlag:0,IMU_Z_Accel:0,IMU_X_AngularRate:0,IMU_Y_AngularRate:0,IMU_RollAngle:0,IMU_PitchAngle:0,IMU_YawAngle:0,FcwID:0,FCWWarningLevel:0,FCWTTC:0
0,5.12,0,-6.88,0,0,0,0,0,0.613,5.0875,0,0,-7.1,0,0,0,0,0.0572958,0,0,0,0,98,0,0,0,0,0,0,53,0,0.00034,0.00034,0,0,0,0,0,3.2,0,0,0,0,0,0,1,0,0,0,0,0,0,0,0,99,0,,0,0,0,0,
24,8.85,-0.11,27.05,0,0,0,0,0,-4.0245,7.8875,0,-0.125,-3.9,0,0,0,0,0.0572958,0,0,0,0,65,0,0,0,0,0,0,53,0,0.00034,0.00034,0,0,0,0,0,0.2,0,0,0,0,0,0,1,0,0,0,0,0,0,0,0,99,0,,0,0,0,0,
122,9.91,-0.12,-11.2,0,0,0,0,0,1.9255,9.725,0,-0.125,-16.1,0,0,0,0,0.0572958,0,0,0,0,98,0,0,0,0,0,0,53,0,0.00034,0.00034,0,0,0,0,0,0.8,0,0,0,0,0,0,1,0,0,0,0,0,0,0,0,99,0,,0,0,0,0,
END,Total:3
START,FrameNb:1,CameraNb:0,HeSaiNb:0,ARS410Nb:0
2026/08/02 21:35:30:327---->
heightOffset:0,1785677730327,238580,selfCaliBufCnt:0,selfAccObjCnt:0,selfAccAngle:0,installHAngleOffset:0,Interpolation:0,installVAngleOffset:0,radarOffsetH:0,radarOffsetV:0.32,Polynom:-0.001023;-0.0511;-2.047;0;0;0;-0.001023;-0.0511;-2.047;-25.5;0;0,WheelDirection:0;0;0;0,selfAngleOffset:0,selfAngleOffsetPit:0,currCaliAngleHrz:0,currCaliAnglePit:0,selfCaliAngleHrz:0,selfCaliAnglePit:0,servCaliAngleHrz:0,servCaliAnglePit:0,offlineCaliAngleHrz:0,offlineCaliAnglePit:0,determine2useFlag:0,IMU_Z_Accel:0,IMU_X_AngularRate:0,IMU_Y_AngularRate:0,IMU_RollAngle:0,IMU_PitchAngle:0,IMU_YawAngle:0,FcwID:0,FCWWarningLevel:0,FCWTTC:0
0,5.12,0,-6.88,0,0,0,0,0,0.613,5.0875,0,0,-7.1,0,0,0,0,0.0572958,0,0,0,0,98,0,0,0,0,0,0,53,0,0.00034,0.00034,0,0,0,0,0,2.6,0,0,0,0,0,0,1,0,0,0,0,0,0,0,0,99,0,,0,0,0,0,
24,8.85,-0.11,27.05,0,0,0,0,0,-4.0245,7.8875,0,-0.125,-3.9,0,0,0,0,0.0572958,0,0,0,0,65,0,0,0,0,0,0,53,0,0.00034,0.00034,0,0,0,0,0,0.4,0,0,0,0,0,0,1,0,0,0,0,0,0,0,0,99,0,,0,0,0,0,
122,9.91,0,-11.2,0,0,0,0,0,1.9255,9.725,0,0,-16.1,0,0,0,0,0.0572958,0,0,0,0,98,0,0,0,0,0,0,53,0,0.00034,0.00034,0,0,0,0,0,0.8,0,0,0,0,0,0,1,0,0,0,0,0,0,0,0,99,0,,0,0,0,0,
END,Total:3
START,FrameNb:2,CameraNb:0,HeSaiNb:0,ARS410Nb:0
2026/08/02 21:35:30:368---->
heightOffset:0,1785677730368,238631,selfCaliBufCnt:0,selfAccObjCnt:0,selfAccAngle:0,installHAngleOffset:0,Interpolation:0,installVAngleOffset:0,radarOffsetH:0,radarOffsetV:0.32,Polynom:-0.001023;-0.0511;-2.047;0;0;0;-0.001023;-0.0511;-2.047;-25.5;0;0,WheelDirection:0;0;0;0,selfAngleOffset:0,selfAngleOffsetPit:0,currCaliAngleHrz:0,currCaliAnglePit:0,selfCaliAngleHrz:0,selfCaliAnglePit:0,servCaliAngleHrz:0,servCaliAnglePit:0,offlineCaliAngleHrz:0,offlineCaliAnglePit:0,determine2useFlag:0,IMU_Z_Accel:0,IMU_X_AngularRate:0,IMU_Y_AngularRate:0,IMU_RollAngle:0,IMU_PitchAngle:0,IMU_YawAngle:0,FcwID:0,FCWWarningLevel:0,FCWTTC:0
0,5.12,0,-6.88,0,0,0,0,0,0.613,5.0875,0,0,-7.1,0,0,0,0,0.0572958,0,0,0,0,98,0,0,0,0,0,0,58,0,0.00034,0.00034,0,0,0,0,0,2.2,0,0,0,0,0,0,1,0,0,0,0,0,0,0,0,99,0,,0,0,0,0,
24,8.85,-0.11,27.05,0,0,0,0,0,-4.0245,7.8875,0,-0.125,-3.7,0,0,0,0,0.0572958,0,0,0,0,65,0,0,0,0,0,0,58,0,0.00034,0.00034,0,0,0,0,0,0.4,0,0,0,0,0,0,1,0,0,0,0,0,0,0,0,99,0,,0,0,0,0,
122,9.91,0,-11.2,0,0,0,0,0,1.9255,9.725,0,0,-16.1,0,0,0,0,0.0572958,0,0,0,0,98,0,0,0,0,0,0,58,0,0.00034,0.00034,0,0,0,0,0,0.8,0,0,0,0,0,0,1,0,0,0,0,0,0,0,0,99,0,,0,0,0,0,
END,Total:3
START,FrameNb:3,CameraNb:0,HeSaiNb:0,ARS410Nb:0
2026/08/02 21:35:30:421---->
heightOffset:0,1785677730421,238680,selfCaliBufCnt:0,selfAccObjCnt:0,selfAccAngle:0,installHAngleOffset:0,Interpolation:0,installVAngleOffset:0,radarOffsetH:0,radarOffsetV:0.32,Polynom:-0.001023;-0.0511;-2.047;0;0;0;-0.001023;-0.0511;-2.047;-25.5;0;0,WheelDirection:0;0;0;0,selfAngleOffset:0,selfAngleOffsetPit:0,currCaliAngleHrz:0,currCaliAnglePit:0,selfCaliAngleHrz:0,selfCaliAnglePit:0,servCaliAngleHrz:0,servCaliAnglePit:0,offlineCaliAngleHrz:0,offlineCaliAnglePit:0,determine2useFlag:0,IMU_Z_Accel:0,IMU_X_AngularRate:0,IMU_Y_AngularRate:0,IMU_RollAngle:0,IMU_PitchAngle:0,IMU_YawAngle:0,FcwID:0,FCWWarningLevel:0,FCWTTC:0
0,5.12,0,-6.88,0,0,0,0,0,0.613,5.0875,0,0,-7.1,0,0,0,0,0.0572958,0,0,0,0,98,0,0,0,0,0,0,55,0,0.00034,0.00034,0,0,0,0,0,2.6,0,0,0,0,0,0,1,0,0,0,0,0,0,0,0,99,0,,0,0,0,0,
24,8.85,-0.11,27.05,0,0,0,0,0,-4.0245,7.8875,0,-0.125,-3.7,0,0,0,0,0.0572958,0,0,0,0,65,0,0,0,0,0,0,55,0,0.00034,0.00034,0,0,0,0,0,0.4,0,0,0,0,0,0,1,0,0,0,0,0,0,0,0,99,0,,0,0,0,0,
122,9.91,0,-11.2,0,0,0,0,0,1.9255,9.725,0,0,-16.1,0,0,0,0,0.0572958,0,0,0,0,98,0,0,0,0,0,0,55,0,0.00034,0.00034,0,0,0,0,0,0.8,0,0,0,0,0,0,1,0,0,0,0,0,0,0,0,99,0,,0,0,0,0,
END,Total:3
START,FrameNb:4,CameraNb:0,HeSaiNb:0,ARS410Nb:0
2026/08/02 21:35:30:464---->
heightOffset:0,1785677730464,238730,selfCaliBufCnt:0,selfAccObjCnt:0,selfAccAngle:0,installHAngleOffset:0,Interpolation:0,installVAngleOffset:0,radarOffsetH:0,radarOffsetV:0.32,Polynom:-0.001023;-0.0511;-2.047;0;0;0;-0.001023;-0.0511;-2.047;-25.5;0;0,WheelDirection:0;0;0;0,selfAngleOffset:0,selfAngleOffsetPit:0,currCaliAngleHrz:0,currCaliAnglePit:0,selfCaliAngleHrz:0,selfCaliAnglePit:0,servCaliAngleHrz:0,servCaliAnglePit:0,offlineCaliAngleHrz:0,offlineCaliAnglePit:0,determine2useFlag:0,IMU_Z_Accel:0,IMU_X_AngularRate:0,IMU_Y_AngularRate:0,IMU_RollAngle:0,IMU_PitchAngle:0,IMU_YawAngle:0,FcwID:0,FCWWarningLevel:0,FCWTTC:0
0,5.12,0,-6.88,0,0,0,0,0,0.613,5.0875,0,0,-7.1,0,0,0,0,0.0572958,0,0,0,0,98,0,0,0,0,0,0,60,0,0.00034,0.00034,0,0,0,0,0,2.2,0,0,0,0,0,0,1,0,0,0,0,0,0,0,0,99,0,,0,0,0,0,
24,8.85,-0.11,27.05,0,0,0,0,0,-4.0245,7.8875,0,-0.125,-3.7,0,0,0,0,0.0572958,0,0,0,0,65,0,0,0,0,0,0,60,0,0.00034,0.00034,0,0,0,0,0,0.4,0,0,0,0,0,0,1,0,0,0,0,0,0,0,0,99,0,,0,0,0,0,
122,9.91,0,-11.2,0,0,0,0,0,1.9255,9.725,0,0,-15.9,0,0,0,0,0.0572958,0,0,0,0,98,0,0,0,0,0,0,60,0,0.00034,0.00034,0,0,0,0,0,0.8,0,0,0,0,0,0,1,0,0,0,0,0,0,0,0,99,0,,0,0,0,0,
END,Total:3
START,FrameNb:5,CameraNb:0,HeSaiNb:0,ARS410Nb:0
2026/08/02 21:35:30:524---->
heightOffset:0,1785677730524,238780,selfCaliBufCnt:0,selfAccObjCnt:0,selfAccAngle:0,installHAngleOffset:0,Interpolation:0,installVAngleOffset:0,radarOffsetH:0,radarOffsetV:0.32,Polynom:-0.001023;-0.0511;-2.047;0;0;0;-0.001023;-0.0511;-2.047;-25.5;0;0,WheelDirection:0;0;0;0,selfAngleOffset:0,selfAngleOffsetPit:0,currCaliAngleHrz:0,currCaliAnglePit:0,selfCaliAngleHrz:0,selfCaliAnglePit:0,servCaliAngleHrz:0,servCaliAnglePit:0,offlineCaliAngleHrz:0,offlineCaliAnglePit:0,determine2useFlag:0,IMU_Z_Accel:0,IMU_X_AngularRate:0,IMU_Y_AngularRate:0,IMU_RollAngle:0,IMU_PitchAngle:0,IMU_YawAngle:0,FcwID:0,FCWWarningLevel:0,FCWTTC:0
0,5.12,0,-6.88,0,0,0,0,0,0.613,5.0875,0,0,-7.1,0,0,0,0,0.0572958,0,0,0,0,98,0,0,0,0,0,0,58,0,0.00034,0.00034,0,0,0,0,0,1.8,0,0,0,0,0,0,1,0,0,0,0,0,0,0,0,99,0,,0,0,0,0,
24,8.85,-0.11,27.05,0,0,0,0,0,-4.0245,7.8875,0,-0.125,-3.7,0,0,0,0,0.0572958,0,0,0,0,65,0,0,0,0,0,0,58,0,0.00034,0.00034,0,0,0,0,0,0.6,0,0,0,0,0,0,1,0,0,0,0,0,0,0,0,99,0,,0,0,0,0,
122,9.91,0,-11.2,0,0,0,0,0,1.9255,9.725,0,0,-15.9,0,0,0,0,0.0572958,0,0,0,0,98,0,0,0,0,0,0,58,0,0.00034,0.00034,0,0,0,0,0,0.8,0,0,0,0,0,0,1,0,0,0,0,0,0,0,0,99,0,,0,0,0,0,
END,Total:3
START,FrameNb:6,CameraNb:0,HeSaiNb:0,ARS410Nb:0
2026/08/02 21:35:30:577---->
heightOffset:0,1785677730577,238830,selfCaliBufCnt:0,selfAccObjCnt:0,selfAccAngle:0,installHAngleOffset:0,Interpolation:0,installVAngleOffset:0,radarOffsetH:0,radarOffsetV:0.32,Polynom:-0.001023;-0.0511;-2.047;0;0;0;-0.001023;-0.0511;-2.047;-25.5;0;0,WheelDirection:0;0;0;0,selfAngleOffset:0,selfAngleOffsetPit:0,currCaliAngleHrz:0,currCaliAnglePit:0,selfCaliAngleHrz:0,selfCaliAnglePit:0,servCaliAngleHrz:0,servCaliAnglePit:0,offlineCaliAngleHrz:0,offlineCaliAnglePit:0,determine2useFlag:0,IMU_Z_Accel:0,IMU_X_AngularRate:0,IMU_Y_AngularRate:0,IMU_RollAngle:0,IMU_PitchAngle:0,IMU_YawAngle:0,FcwID:0,FCWWarningLevel:0,FCWTTC:0
0,5.12,0,-6.88,0,0,0,0,0,0.613,5.0875,0,0,-7.1,0,0,0,0,0.0572958,0,0,0,0,98,0,0,0,0,0,0,60,0,0.00034,0.00034,0,0,0,0,0,1.6,0,0,0,0,0,0,1,0,0,0,0,0,0,0,0,99,0,,0,0,0,0,
24,8.85,-0.11,27.05,0,0,0,0,0,-4.0245,7.8875,0,-0.125,-3.5,0,0,0,0,0.0572958,0,0,0,0,65,0,0,0,0,0,0,60,0,0.00034,0.00034,0,0,0,0,0,0.6,0,0,0,0,0,0,1,0,0,0,0,0,0,0,0,99,0,,0,0,0,0,
122,9.91,-0.12,-11.2,0,0,0,0,0,1.9255,9.725,0,-0.125,-15.9,0,0,0,0,0.0572958,0,0,0,0,98,0,0,0,0,0,0,60,0,0.00034,0.00034,0,0,0,0,0,0.8,0,0,0,0,0,0,1,0,0,0,0,0,0,0,0,99,0,,0,0,0,0,
END,Total:3
START,FrameNb:7,CameraNb:0,HeSaiNb:0,ARS410Nb:0
2026/08/02 21:35:30:617---->
heightOffset:0,1785677730617,238880,selfCaliBufCnt:0,selfAccObjCnt:0,selfAccAngle:0,installHAngleOffset:0,Interpolation:0,installVAngleOffset:0,radarOffsetH:0,radarOffsetV:0.32,Polynom:-0.001023;-0.0511;-2.047;0;0;0;-0.001023;-0.0511;-2.047;-25.5;0;0,WheelDirection:0;0;0;0,selfAngleOffset:0,selfAngleOffsetPit:0,currCaliAngleHrz:0,currCaliAnglePit:0,selfCaliAngleHrz:0,selfCaliAnglePit:0,servCaliAngleHrz:0,servCaliAnglePit:0,offlineCaliAngleHrz:0,offlineCaliAnglePit:0,determine2useFlag:0,IMU_Z_Accel:0,IMU_X_AngularRate:0,IMU_Y_AngularRate:0,IMU_RollAngle:0,IMU_PitchAngle:0,IMU_YawAngle:0,FcwID:0,FCWWarningLevel:0,FCWTTC:0
0,5.12,0,-6.88,0,0,0,0,0,0.613,5.0875,0,0,-7.1,0,0,0,0,0.0572958,0,0,0,0,98,0,0,0,0,0,0,54,0,0.00034,0.00034,0,0,0,0,0,2,0,0,0,0,0,0,1,0,0,0,0,0,0,0,0,99,0,,0,0,0,0,
24,8.85,-0.11,27.05,0,0,0,0,0,-4.0245,7.8875,0,-0.125,-3.5,0,0,0,0,0.0572958,0,0,0,0,65,0,0,0,0,0,0,54,0,0.00034,0.00034,0,0,0,0,0,0.4,0,0,0,0,0,0,1,0,0,0,0,0,0,0,0,99,0,,0,0,0,0,
122,9.91,-0.12,-11.2,0,0,0,0,0,1.9255,9.725,0,-0.125,-15.9,0,0,0,0,0.0572958,0,0,0,0,98,0,0,0,0,0,0,54,0,0.00034,0.00034,0,0,0,0,0,0.8,0,0,0,0,0,0,1,0,0,0,0,0,0,0,0,99,0,,0,0,0,0,
END,Total:3
START,FrameNb:8,CameraNb:0,HeSaiNb:0,ARS410Nb:0
2026/08/02 21:35:30:669---->
heightOffset:0,1785677730669,238930,selfCaliBufCnt:0,selfAccObjCnt:0,selfAccAngle:0,installHAngleOffset:0,Interpolation:0,installVAngleOffset:0,radarOffsetH:0,radarOffsetV:0.32,Polynom:-0.001023;-0.0511;-2.047;0;0;0;-0.001023;-0.0511;-2.047;-25.5;0;0,WheelDirection:0;0;0;0,selfAngleOffset:0,selfAngleOffsetPit:0,currCaliAngleHrz:0,currCaliAnglePit:0,selfCaliAngleHrz:0,selfCaliAnglePit:0,servCaliAngleHrz:0,servCaliAnglePit:0,offlineCaliAngleHrz:0,offlineCaliAnglePit:0,determine2useFlag:0,IMU_Z_Accel:0,IMU_X_AngularRate:0,IMU_Y_AngularRate:0,IMU_RollAngle:0,IMU_PitchAngle:0,IMU_YawAngle:0,FcwID:0,FCWWarningLevel:0,FCWTTC:0
0,5.12,0,-6.88,0,0,0,0,0,0.613,5.0875,0,0,-7.1,0,0,0,0,0.0572958,0,0,0,0,98,0,0,0,0,0,0,57,0,0.00034,0.00034,0,0,0,0,0,2,0,0,0,0,0,0,1,0,0,0,0,0,0,0,0,99,0,,0,0,0,0,
24,8.85,-0.11,27.05,0,0,0,0,0,-4.0245,7.8875,0,-0.125,-3.5,0,0,0,0,0.0572958,0,0,0,0,65,0,0,0,0,0,0,57,0,0.00034,0.00034,0,0,0,0,0,0.4,0,0,0,0,0,0,1,0,0,0,0,0,0,0,0,99,0,,0,0,0,0,
122,9.91,-0.12,-11.2,0,0,0,0,0,1.9255,9.725,0,-0.125,-15.9,0,0,0,0,0.0572958,0,0,0,0,98,0,0,0,0,0,0,57,0,0.00034,0.00034,0,0,0,0,0,0.8,0,0,0,0,0,0,1,0,0,0,0,0,0,0,0,99,0,,0,0,0,0,
END,Total:3
START,FrameNb:9,CameraNb:0,HeSaiNb:0,ARS410Nb:0
2026/08/02 21:35:30:726---->
heightOffset:0,1785677730726,238981,selfCaliBufCnt:0,selfAccObjCnt:0,selfAccAngle:0,installHAngleOffset:0,Interpolation:0,installVAngleOffset:0,radarOffsetH:0,radarOffsetV:0.32,Polynom:-0.001023;-0.0511;-2.047;0;0;0;-0.001023;-0.0511;-2.047;-25.5;0;0,WheelDirection:0;0;0;0,selfAngleOffset:0,selfAngleOffsetPit:0,currCaliAngleHrz:0,currCaliAnglePit:0,selfCaliAngleHrz:0,selfCaliAnglePit:0,servCaliAngleHrz:0,servCaliAnglePit:0,offlineCaliAngleHrz:0,offlineCaliAnglePit:0,determine2useFlag:0,IMU_Z_Accel:0,IMU_X_AngularRate:0,IMU_Y_AngularRate:0,IMU_RollAngle:0,IMU_PitchAngle:0,IMU_YawAngle:0,FcwID:0,FCWWarningLevel:0,FCWTTC:0
0,5.12,0,-6.88,0,0,0,0,0,0.613,5.0875,0,0,-7.1,0,0,0,0,0.0572958,0,0,0,0,98,0,0,0,0,0,0,57,0,0.00034,0.00034,0,0,0,0,0,1.8,0,0,0,0,0,0,1,0,0,0,0,0,0,0,0,99,0,,0,0,0,0,
24,8.85,-0.11,27.05,0,0,0,0,0,-4.0245,7.8875,0,-0.125,-3.3,0,0,0,0,0.0572958,0,0,0,0,65,0,0,0,0,0,0,57,0,0.00034,0.00034,0,0,0,0,0,0.6,0,0,0,0,0,0,1,0,0,0,0,0,0,0,0,99,0,,0,0,0,0,
122,9.91,-0.12,-11.2,0,0,0,0,0,1.9255,9.725,0,-0.125,-15.9,0,0,0,0,0.0572958,0,0,0,0,98,0,0,0,0,0,0,57,0,0.00034,0.00034,0,0,0,0,0,0.8,0,0,0,0,0,0,1,0,0,0,0,0,0,0,0,99,0,,0,0,0,0,
END,Total:3
START,FrameNb:10,CameraNb:0,HeSaiNb:0,ARS410Nb:0
2026/08/02 21:35:30:772---->
heightOffset:0,1785677730772,239031,selfCaliBufCnt:0,selfAccObjCnt:0,selfAccAngle:0,installHAngleOffset:0,Interpolation:0,installVAngleOffset:0,radarOffsetH:0,radarOffsetV:0.32,Polynom:-0.001023;-0.0511;-2.047;0;0;0;-0.001023;-0.0511;-2.047;-25.5;0;0,WheelDirection:0;0;0;0,selfAngleOffset:0,selfAngleOffsetPit:0,currCaliAngleHrz:0,currCaliAnglePit:0,selfCaliAngleHrz:0,selfCaliAnglePit:0,servCaliAngleHrz:0,servCaliAnglePit:0,offlineCaliAngleHrz:0,offlineCaliAnglePit:0,determine2useFlag:0,IMU_Z_Accel:0,IMU_X_AngularRate:0,IMU_Y_AngularRate:0,IMU_RollAngle:0,IMU_PitchAngle:0,IMU_YawAngle:0,FcwID:0,FCWWarningLevel:0,FCWTTC:0
0,5.12,0,-6.88,0,0,0,0,0,0.613,5.0875,0,0,-7.1,0,0,0,0,0.0572958,0,0,0,0,98,0,0,0,0,0,0,54,0,0.00034,0.00034,0,0,0,0,0,2.2,0,0,0,0,0,0,1,0,0,0,0,0,0,0,0,99,0,,0,0,0,0,
24,8.85,-0.11,27.05,0,0,0,0,0,-4.0245,7.8875,0,-0.125,-3.3,0,0,0,0,0.0572958,0,0,0,0,65,0,0,0,0,0,0,54,0,0.00034,0.00034,0,0,0,0,0,0.4,0,0,0,0,0,0,1,0,0,0,0,0,0,0,0,99,0,,0,0,0,0,
122,9.91,-0.12,-11.2,0,0,0,0,0,1.9255,9.725,-0.125,-0.125,-15.9,0,0,0,0,0.0572958,0,0,0,0,98,0,0,0,0,0,0,54,0,0.00034,0.00034,0,0,0,0,0,0.8,0,0,0,0,0,0,1,0,0,0,0,0,0,0,0,99,0,,0,0,0,0,
END,Total:3
START,FrameNb:11,CameraNb:0,HeSaiNb:0,ARS410Nb:0
2026/08/02 21:35:30:823---->
heightOffset:0,1785677730823,239080,selfCaliBufCnt:0,selfAccObjCnt:0,selfAccAngle:0,installHAngleOffset:0,Interpolation:0,installVAngleOffset:0,radarOffsetH:0,radarOffsetV:0.32,Polynom:-0.001023;-0.0511;-2.047;0;0;0;-0.001023;-0.0511;-2.047;-25.5;0;0,WheelDirection:0;0;0;0,selfAngleOffset:0,selfAngleOffsetPit:0,currCaliAngleHrz:0,currCaliAnglePit:0,selfCaliAngleHrz:0,selfCaliAnglePit:0,servCaliAngleHrz:0,servCaliAnglePit:0,offlineCaliAngleHrz:0,offlineCaliAnglePit:0,determine2useFlag:0,IMU_Z_Accel:0,IMU_X_AngularRate:0,IMU_Y_AngularRate:0,IMU_RollAngle:0,IMU_PitchAngle:0,IMU_YawAngle:0,FcwID:0,FCWWarningLevel:0,FCWTTC:0
0,5.12,0,-6.88,0,0,0,0,0,0.613,5.0875,0,0,-7.1,0,0,0,0,0.0572958,0,0,0,0,98,0,0,0,0,0,0,58,0,0.00034,0.00034,0,0,0,0,0,2.6,0,0,0,0,0,0,1,0,0,0,0,0,0,0,0,99,0,,0,0,0,0,
24,8.85,-0.11,27.05,0,0,0,0,0,-4.0245,7.8875,0,-0.125,-3.3,0,0,0,0,0.0572958,0,0,0,0,65,0,0,0,0,0,0,58,0,0.00034,0.00034,0,0,0,0,0,0.4,0,0,0,0,0,0,1,0,0,0,0,0,0,0,0,99,0,,0,0,0,0,
122,9.91,-0.12,-11.2,0,0,0,0,0,1.9255,9.725,-0.125,-0.125,-15.9,0,0,0,0,0.0572958,0,0,0,0,98,0,0,0,0,0,0,58,0,0.00034,0.00034,0,0,0,0,0,0.8,0,0,0,0,0,0,1,0,0,0,0,0,0,0,0,99,0,,0,0,0,0,
END,Total:3
START,FrameNb:12,CameraNb:0,HeSaiNb:0,ARS410Nb:0
2026/08/02 21:35:30:869---->
heightOffset:0,1785677730869,239130,selfCaliBufCnt:0,selfAccObjCnt:0,selfAccAngle:0,installHAngleOffset:0,Interpolation:0,installVAngleOffset:0,radarOffsetH:0,radarOffsetV:0.32,Polynom:-0.001023;-0.0511;-2.047;0;0;0;-0.001023;-0.0511;-2.047;-25.5;0;0,WheelDirection:0;0;0;0,selfAngleOffset:0,selfAngleOffsetPit:0,currCaliAngleHrz:0,currCaliAnglePit:0,selfCaliAngleHrz:0,selfCaliAnglePit:0,servCaliAngleHrz:0,servCaliAnglePit:0,offlineCaliAngleHrz:0,offlineCaliAnglePit:0,determine2useFlag:0,IMU_Z_Accel:0,IMU_X_AngularRate:0,IMU_Y_AngularRate:0,IMU_RollAngle:0,IMU_PitchAngle:0,IMU_YawAngle:0,FcwID:0,FCWWarningLevel:0,FCWTTC:0
0,5.12,0,-6.88,0,0,0,0,0,0.613,5.0875,0,0,-7.1,0,0,0,0,0.0572958,0,0,0,0,98,0,0,0,0,0,0,53,0,0.00034,0.00034,0,0,0,0,0,2.8,0,0,0,0,0,0,1,0,0,0,0,0,0,0,0,99,0,,0,0,0,0,
24,8.85,-0.11,27.05,0,0,0,0,0,-4.0245,7.8875,0,-0.125,-3.3,0,0,0,0,0.0572958,0,0,0,0,65,0,0,0,0,0,0,53,0,0.00034,0.00034,0,0,0,0,0,0.2,0,0,0,0,0,0,1,0,0,0,0,0,0,0,0,99,0,,0,0,0,0,
122,9.91,-0.12,-11.2,0,0,0,0,0,1.9255,9.725,-0.125,-0.125,-16.1,0,0,0,0,0.0572958,0,0,0,0,98,0,0,0,0,0,0,53,0,0.00034,0.00034,0,0,0,0,0,0.8,0,0,0,0,0,0,1,0,0,0,0,0,0,0,0,99,0,,0,0,0,0,
END,Total:3
START,FrameNb:13,CameraNb:0,HeSaiNb:0,ARS410Nb:0
2026/08/02 21:35:30:915---->
heightOffset:0,1785677730915,239180,selfCaliBufCnt:0,selfAccObjCnt:0,selfAccAngle:0,installHAngleOffset:0,Interpolation:0,installVAngleOffset:0,radarOffsetH:0,radarOffsetV:0.32,Polynom:-0.001023;-0.0511;-2.047;0;0;0;-0.001023;-0.0511;-2.047;-25.5;0;0,WheelDirection:0;0;0;0,selfAngleOffset:0,selfAngleOffsetPit:0,currCaliAngleHrz:0,currCaliAnglePit:0,selfCaliAngleHrz:0,selfCaliAnglePit:0,servCaliAngleHrz:0,servCaliAnglePit:0,offlineCaliAngleHrz:0,offlineCaliAnglePit:0,determine2useFlag:0,IMU_Z_Accel:0,IMU_X_AngularRate:0,IMU_Y_AngularRate:0,IMU_RollAngle:0,IMU_PitchAngle:0,IMU_YawAngle:0,FcwID:0,FCWWarningLevel:0,FCWTTC:0
0,5.12,0,-6.88,0,0,0,0,0,0.613,5.0875,0,0,-7.1,0,0,0,0,0.0572958,0,0,0,0,98,0,0,0,0,0,0,63,0,0.00034,0.00034,0,0,0,0,0,2.4,0,0,0,0,0,0,1,0,0,0,0,0,0,0,0,99,0,,0,0,0,0,
24,8.85,-0.11,27.05,0,0,0,0,0,-4.0245,7.8875,0,-0.125,-3.1,0,0,0,0,0.0572958,0,0,0,0,65,0,0,0,0,0,0,63,0,0.00034,0.00034,0,0,0,0,0,0.4,0,0,0,0,0,0,1,0,0,0,0,0,0,0,0,99,0,,0,0,0,0,
122,9.91,-0.12,-11.2,0,0,0,0,0,1.9255,9.725,-0.125,-0.125,-15.9,0,0,0,0,0.0572958,0,0,0,0,98,0,0,0,0,0,0,63,0,0.00034,0.00034,0,0,0,0,0,0.8,0,0,0,0,0,0,1,0,0,0,0,0,0,0,0,99,0,,0,0,0,0,
END,Total:3
START,FrameNb:14,CameraNb:0,HeSaiNb:0,ARS410Nb:0
2026/08/02 21:35:30:972---->
heightOffset:0,1785677730972,239230,selfCaliBufCnt:0,selfAccObjCnt:0,selfAccAngle:0,installHAngleOffset:0,Interpolation:0,installVAngleOffset:0,radarOffsetH:0,radarOffsetV:0.32,Polynom:-0.001023;-0.0511;-2.047;0;0;0;-0.001023;-0.0511;-2.047;-25.5;0;0,WheelDirection:0;0;0;0,selfAngleOffset:0,selfAngleOffsetPit:0,currCaliAngleHrz:0,currCaliAnglePit:0,selfCaliAngleHrz:0,selfCaliAnglePit:0,servCaliAngleHrz:0,servCaliAnglePit:0,offlineCaliAngleHrz:0,offlineCaliAnglePit:0,determine2useFlag:0,IMU_Z_Accel:0,IMU_X_AngularRate:0,IMU_Y_AngularRate:0,IMU_RollAngle:0,IMU_PitchAngle:0,IMU_YawAngle:0,FcwID:0,FCWWarningLevel:0,FCWTTC:0
0,5.12,0,-6.88,0,0,0,0,0,0.613,5.0875,0,0,-7.1,0,0,0,0,0.0572958,0,0,0,0,98,0,0,0,0,0,0,58,0,0.00034,0.00034,0,0,0,0,0,2.6,0,0,0,0,0,0,1,0,0,0,0,0,0,0,0,99,0,,0,0,0,0,
24,8.85,-0.11,27.05,0,0,0,0,0,-4.0245,7.8875,0,-0.125,-3.1,0,0,0,0,0.0572958,0,0,0,0,65,0,0,0,0,0,0,58,0,0.00034,0.00034,0,0,0,0,0,0.2,0,0,0,0,0,0,1,0,0,0,0,0,0,0,0,99,0,,0,0,0,0,
122,9.91,-0.12,-11.2,0,0,0,0,0,1.9255,9.725,-0.125,-0.125,-15.9,0,0,0,0,0.0572958,0,0,0,0,98,0,0,0,0,0,0,58,0,0.00034,0.00034,0,0,0,0,0,0.8,0,0,0,0,0,0,1,0,0,0,0,0,0,0,0,99,0,,0,0,0,0,
END,Total:3
START,FrameNb:15,CameraNb:0,HeSaiNb:0,ARS410Nb:0
2026/08/02 21:35:31:017---->
heightOffset:0,1785677731017,239280,selfCaliBufCnt:0,selfAccObjCnt:0,selfAccAngle:0,installHAngleOffset:0,Interpolation:0,installVAngleOffset:0,radarOffsetH:0,radarOffsetV:0.32,Polynom:-0.001023;-0.0511;-2.047;0;0;0;-0.001023;-0.0511;-2.047;-25.5;0;0,WheelDirection:0;0;0;0,selfAngleOffset:0,selfAngleOffsetPit:0,currCaliAngleHrz:0,currCaliAnglePit:0,selfCaliAngleHrz:0,selfCaliAnglePit:0,servCaliAngleHrz:0,servCaliAnglePit:0,offlineCaliAngleHrz:0,offlineCaliAnglePit:0,determine2useFlag:0,IMU_Z_Accel:0,IMU_X_AngularRate:0,IMU_Y_AngularRate:0,IMU_RollAngle:0,IMU_PitchAngle:0,IMU_YawAngle:0,FcwID:0,FCWWarningLevel:0,FCWTTC:0
0,5.12,0,-6.88,0,0,0,0,0,0.613,5.0875,0,0,-7.1,0,0,0,0,0.0572958,0,0,0,0,98,0,0,0,0,0,0,58,0,0.00034,0.00034,0,0,0,0,0,2.2,0,0,0,0,0,0,1,0,0,0,0,0,0,0,0,99,0,,0,0,0,0,
24,8.85,-0.11,27.05,0,0,0,0,0,-4.0245,7.8875,0,-0.125,-3.3,0,0,0,0,0.0572958,0,0,0,0,65,0,0,0,0,0,0,58,0,0.00034,0.00034,0,0,0,0,0,0.4,0,0,0,0,0,0,1,0,0,0,0,0,0,0,0,99,0,,0,0,0,0,
122,9.91,-0.12,-11.2,0,0,0,0,0,1.9255,9.725,-0.125,-0.125,-15.9,0,0,0,0,0.0572958,0,0,0,0,98,0,0,0,0,0,0,58,0,0.00034,0.00034,0,0,0,0,0,0.8,0,0,0,0,0,0,1,0,0,0,0,0,0,0,0,99,0,,0,0,0,0,
END,Total:3
START,FrameNb:16,CameraNb:0,HeSaiNb:0,ARS410Nb:0
2026/08/02 21:35:31:081---->
heightOffset:0,1785677731081,239330,selfCaliBufCnt:0,selfAccObjCnt:0,selfAccAngle:0,installHAngleOffset:0,Interpolation:0,installVAngleOffset:0,radarOffsetH:0,radarOffsetV:0.32,Polynom:-0.001023;-0.0511;-2.047;0;0;0;-0.001023;-0.0511;-2.047;-25.5;0;0,WheelDirection:0;0;0;0,selfAngleOffset:0,selfAngleOffsetPit:0,currCaliAngleHrz:0,currCaliAnglePit:0,selfCaliAngleHrz:0,selfCaliAnglePit:0,servCaliAngleHrz:0,servCaliAnglePit:0,offlineCaliAngleHrz:0,offlineCaliAnglePit:0,determine2useFlag:0,IMU_Z_Accel:0,IMU_X_AngularRate:0,IMU_Y_AngularRate:0,IMU_RollAngle:0,IMU_PitchAngle:0,IMU_YawAngle:0,FcwID:0,FCWWarningLevel:0,FCWTTC:0
0,5.12,0,-6.88,0,0,0,0,0,0.613,5.0875,0,0,-7.1,0,0,0,0,0.0572958,0,0,0,0,98,0,0,0,0,0,0,53,0,0.00034,0.00034,0,0,0,0,0,2.2,0,0,0,0,0,0,1,0,0,0,0,0,0,0,0,99,0,,0,0,0,0,
24,8.85,-0.11,27.05,0,0,0,0,0,-4.0245,7.8875,0,-0.125,-3.3,0,0,0,0,0.0572958,0,0,0,0,65,0,0,0,0,0,0,53,0,0.00034,0.00034,0,0,0,0,0,0.4,0,0,0,0,0,0,1,0,0,0,0,0,0,0,0,99,0,,0,0,0,0,
122,9.91,-0.12,-11.2,0,0,0,0,0,1.9255,9.725,-0.125,-0.125,-15.9,0,0,0,0,0.0572958,0,0,0,0,98,0,0,0,0,0,0,53,0,0.00034,0.00034,0,0,0,0,0,0.8,0,0,0,0,0,0,1,0,0,0,0,0,0,0,0,99,0,,0,0,0,0,
END,Total:3
START,FrameNb:17,CameraNb:0,HeSaiNb:0,ARS410Nb:0
2026/08/02 21:35:31:128---->
heightOffset:0,1785677731128,239381,selfCaliBufCnt:0,selfAccObjCnt:0,selfAccAngle:0,installHAngleOffset:0,Interpolation:0,installVAngleOffset:0,radarOffsetH:0,radarOffsetV:0.32,Polynom:-0.001023;-0.0511;-2.047;0;0;0;-0.001023;-0.0511;-2.047;-25.5;0;0,WheelDirection:0;0;0;0,selfAngleOffset:0,selfAngleOffsetPit:0,currCaliAngleHrz:0,currCaliAnglePit:0,selfCaliAngleHrz:0,selfCaliAnglePit:0,servCaliAngleHrz:0,servCaliAnglePit:0,offlineCaliAngleHrz:0,offlineCaliAnglePit:0,determine2useFlag:0,IMU_Z_Accel:0,IMU_X_AngularRate:0,IMU_Y_AngularRate:0,IMU_RollAngle:0,IMU_PitchAngle:0,IMU_YawAngle:0,FcwID:0,FCWWarningLevel:0,FCWTTC:0
0,5.12,0,-6.88,0,0,0,0,0,0.613,5.0875,0,0,-7.1,0,0,0,0,0.0572958,0,0,0,0,98,0,0,0,0,0,0,53,0,0.00034,0.00034,0,0,0,0,0,2.6,0,0,0,0,0,0,1,0,0,0,0,0,0,0,0,99,0,,0,0,0,0,
24,8.85,-0.11,27.05,0,0,0,0,0,-4.0245,7.8875,0,-0.125,-3.3,0,0,0,0,0.0572958,0,0,0,0,65,0,0,0,0,0,0,53,0,0.00034,0.00034,0,0,0,0,0,0.4,0,0,0,0,0,0,1,0,0,0,0,0,0,0,0,99,0,,0,0,0,0,
122,9.91,-0.12,-11.2,0,0,0,0,0,1.9255,9.725,-0.125,-0.125,-15.9,0,0,0,0,0.0572958,0,0,0,0,98,0,0,0,0,0,0,53,0,0.00034,0.00034,0,0,0,0,0,0.8,0,0,0,0,0,0,1,0,0,0,0,0,0,0,0,99,0,,0,0,0,0,
END,Total:3
START,FrameNb:18,CameraNb:0,HeSaiNb:0,ARS410Nb:0
2026/08/02 21:35:31:189---->
heightOffset:0,1785677731189,239431,selfCaliBufCnt:0,selfAccObjCnt:0,selfAccAngle:0,installHAngleOffset:0,Interpolation:0,installVAngleOffset:0,radarOffsetH:0,radarOffsetV:0.32,Polynom:-0.001023;-0.0511;-2.047;0;0;0;-0.001023;-0.0511;-2.047;-25.5;0;0,WheelDirection:0;0;0;0,selfAngleOffset:0,selfAngleOffsetPit:0,currCaliAngleHrz:0,currCaliAnglePit:0,selfCaliAngleHrz:0,selfCaliAnglePit:0,servCaliAngleHrz:0,servCaliAnglePit:0,offlineCaliAngleHrz:0,offlineCaliAnglePit:0,determine2useFlag:0,IMU_Z_Accel:0,IMU_X_AngularRate:0,IMU_Y_AngularRate:0,IMU_RollAngle:0,IMU_PitchAngle:0,IMU_YawAngle:0,FcwID:0,FCWWarningLevel:0,FCWTTC:0
0,5.12,0,-6.88,0,0,0,0,0,0.613,5.0875,0,0,-7.1,0,0,0,0,0.0572958,0,0,0,0,98,0,0,0,0,0,0,57,0,0.00034,0.00034,0,0,0,0,0,2.2,0,0,0,0,0,0,1,0,0,0,0,0,0,0,0,99,0,,0,0,0,0,
24,8.85,-0.11,27.05,0,0,0,0,0,-4.0245,7.8875,0,-0.125,-3.3,0,0,0,0,0.0572958,0,0,0,0,65,0,0,0,0,0,0,57,0,0.00034,0.00034,0,0,0,0,0,0.4,0,0,0,0,0,0,1,0,0,0,0,0,0,0,0,99,0,,0,0,0,0,
122,9.91,-0.12,-11.2,0,0,0,0,0,1.9255,9.725,-0.125,-0.125,-15.9,0,0,0,0,0.0572958,0,0,0,0,98,0,0,0,0,0,0,57,0,0.00034,0.00034,0,0,0,0,0,0.8,0,0,0,0,0,0,1,0,0,0,0,0,0,0,0,99,0,,0,0,0,0,
END,Total:3
START,FrameNb:19,CameraNb:0,HeSaiNb:0,ARS410Nb:0
2026/08/02 21:35:31:222---->
heightOffset:0,1785677731222,239480,selfCaliBufCnt:0,selfAccObjCnt:0,selfAccAngle:0,installHAngleOffset:0,Interpolation:0,installVAngleOffset:0,radarOffsetH:0,radarOffsetV:0.32,Polynom:-0.001023;-0.0511;-2.047;0;0;0;-0.001023;-0.0511;-2.047;-25.5;0;0,WheelDirection:0;0;0;0,selfAngleOffset:0,selfAngleOffsetPit:0,currCaliAngleHrz:0,currCaliAnglePit:0,selfCaliAngleHrz:0,selfCaliAnglePit:0,servCaliAngleHrz:0,servCaliAnglePit:0,offlineCaliAngleHrz:0,offlineCaliAnglePit:0,determine2useFlag:0,IMU_Z_Accel:0,IMU_X_AngularRate:0,IMU_Y_AngularRate:0,IMU_RollAngle:0,IMU_PitchAngle:0,IMU_YawAngle:0,FcwID:0,FCWWarningLevel:0,FCWTTC:0
0,5.12,0,-6.88,0,0,0,0,0,0.613,5.0875,0,0,-7.1,0,0,0,0,0.0572958,0,0,0,0,98,0,0,0,0,0,0,54,0,0.00034,0.00034,0,0,0,0,0,2.6,0,0,0,0,0,0,1,0,0,0,0,0,0,0,0,99,0,,0,0,0,0,
24,8.85,-0.11,27.05,0,0,0,0,0,-4.0245,7.8875,0,-0.125,-3.3,0,0,0,0,0.0572958,0,0,0,0,65,0,0,0,0,0,0,54,0,0.00034,0.00034,0,0,0,0,0,0.4,0,0,0,0,0,0,1,0,0,0,0,0,0,0,0,99,0,,0,0,0,0,
122,9.91,-0.12,-11.2,0,0,0,0,0,1.9255,9.725,-0.125,-0.125,-15.9,0,0,0,0,0.0572958,0,0,0,0,98,0,0,0,0,0,0,54,0,0.00034,0.00034,0,0,0,0,0,0.8,0,0,0,0,0,0,1,0,0,0,0,0,0,0,0,99,0,,0,0,0,0,
END,Total:3
START,FrameNb:20,CameraNb:0,HeSaiNb:0,ARS410Nb:0
2026/08/02 21:35:31:269---->
heightOffset:0,1785677731269,239530,selfCaliBufCnt:0,selfAccObjCnt:0,selfAccAngle:0,installHAngleOffset:0,Interpolation:0,installVAngleOffset:0,radarOffsetH:0,radarOffsetV:0.32,Polynom:-0.001023;-0.0511;-2.047;0;0;0;-0.001023;-0.0511;-2.047;-25.5;0;0,WheelDirection:0;0;0;0,selfAngleOffset:0,selfAngleOffsetPit:0,currCaliAngleHrz:0,currCaliAnglePit:0,selfCaliAngleHrz:0,selfCaliAnglePit:0,servCaliAngleHrz:0,servCaliAnglePit:0,offlineCaliAngleHrz:0,offlineCaliAnglePit:0,determine2useFlag:0,IMU_Z_Accel:0,IMU_X_AngularRate:0,IMU_Y_AngularRate:0,IMU_RollAngle:0,IMU_PitchAngle:0,IMU_YawAngle:0,FcwID:0,FCWWarningLevel:0,FCWTTC:0
0,5.12,0,-6.88,0,0,0,0,0,0.613,5.0875,0,0,-7.1,0,0,0,0,0.0572958,0,0,0,0,98,0,0,0,0,0,0,58,0,0.00034,0.00034,0,0,0,0,0,2,0,0,0,0,0,0,1,0,0,0,0,0,0,0,0,99,0,,0,0,0,0,
24,8.85,0,27.05,0,0,0,0,0,-4.0245,7.8875,0,0,-3.3,0,0,0,0,0.0572958,0,0,0,0,65,0,0,0,0,0,0,58,0,0.00034,0.00034,0,0,0,0,0,0.4,0,0,0,0,0,0,1,0,0,0,0,0,0,0,0,99,0,,0,0,0,0,
122,9.91,-0.12,-11.2,0,0,0,0,0,1.9255,9.725,-0.125,-0.125,-15.9,0,0,0,0,0.0572958,0,0,0,0,98,0,0,0,0,0,0,58,0,0.00034,0.00034,0,0,0,0,0,0.8,0,0,0,0,0,0,1,0,0,0,0,0,0,0,0,99,0,,0,0,0,0,
END,Total:3
START,FrameNb:21,CameraNb:0,HeSaiNb:0,ARS410Nb:0
2026/08/02 21:35:31:316---->
heightOffset:0,1785677731316,239580,selfCaliBufCnt:0,selfAccObjCnt:0,selfAccAngle:0,installHAngleOffset:0,Interpolation:0,installVAngleOffset:0,radarOffsetH:0,radarOffsetV:0.32,Polynom:-0.001023;-0.0511;-2.047;0;0;0;-0.001023;-0.0511;-2.047;-25.5;0;0,WheelDirection:0;0;0;0,selfAngleOffset:0,selfAngleOffsetPit:0,currCaliAngleHrz:0,currCaliAnglePit:0,selfCaliAngleHrz:0,selfCaliAnglePit:0,servCaliAngleHrz:0,servCaliAnglePit:0,offlineCaliAngleHrz:0,offlineCaliAnglePit:0,determine2useFlag:0,IMU_Z_Accel:0,IMU_X_AngularRate:0,IMU_Y_AngularRate:0,IMU_RollAngle:0,IMU_PitchAngle:0,IMU_YawAngle:0,FcwID:0,FCWWarningLevel:0,FCWTTC:0
0,5.12,0,-6.88,0,0,0,0,0,0.613,5.0875,0,0,-7.1,0,0,0,0,0.0572958,0,0,0,0,98,0,0,0,0,0,0,59,0,0.00034,0.00034,0,0,0,0,0,2.4,0,0,0,0,0,0,1,0,0,0,0,0,0,0,0,99,0,,0,0,0,0,
24,8.85,0,27.05,0,0,0,0,0,-4.0245,7.8875,0,0,-3.3,0,0,0,0,0.0572958,0,0,0,0,65,0,0,0,0,0,0,59,0,0.00034,0.00034,0,0,0,0,0,0.4,0,0,0,0,0,0,1,0,0,0,0,0,0,0,0,99,0,,0,0,0,0,
122,9.91,-0.12,-11.2,0,0,0,0,0,1.9255,9.725,-0.125,-0.125,-15.9,0,0,0,0,0.0572958,0,0,0,0,98,0,0,0,0,0,0,59,0,0.00034,0.00034,0,0,0,0,0,0.8,0,0,0,0,0,0,1,0,0,0,0,0,0,0,0,99,0,,0,0,0,0,
END,Total:3
START,FrameNb:22,CameraNb:0,HeSaiNb:0,ARS410Nb:0
2026/08/02 21:35:31:374---->
heightOffset:0,1785677731374,239630,selfCaliBufCnt:0,selfAccObjCnt:0,selfAccAngle:0,installHAngleOffset:0,Interpolation:0,installVAngleOffset:0,radarOffsetH:0,radarOffsetV:0.32,Polynom:-0.001023;-0.0511;-2.047;0;0;0;-0.001023;-0.0511;-2.047;-25.5;0;0,WheelDirection:0;0;0;0,selfAngleOffset:0,selfAngleOffsetPit:0,currCaliAngleHrz:0,currCaliAnglePit:0,selfCaliAngleHrz:0,selfCaliAnglePit:0,servCaliAngleHrz:0,servCaliAnglePit:0,offlineCaliAngleHrz:0,offlineCaliAnglePit:0,determine2useFlag:0,IMU_Z_Accel:0,IMU_X_AngularRate:0,IMU_Y_AngularRate:0,IMU_RollAngle:0,IMU_PitchAngle:0,IMU_YawAngle:0,FcwID:0,FCWWarningLevel:0,FCWTTC:0
0,5.12,0,-6.88,0,0,0,0,0,0.613,5.0875,0,0,-7.1,0,0,0,0,0.0572958,0,0,0,0,98,0,0,0,0,0,0,61,0,0.00034,0.00034,0,0,0,0,0,2,0,0,0,0,0,0,1,0,0,0,0,0,0,0,0,99,0,,0,0,0,0,
24,8.85,0,27.05,0,0,0,0,0,-4.0245,7.8875,0,0,-3.3,0,0,0,0,0.0572958,0,0,0,0,65,0,0,0,0,0,0,61,0,0.00034,0.00034,0,0,0,0,0,0.4,0,0,0,0,0,0,1,0,0,0,0,0,0,0,0,99,0,,0,0,0,0,
122,9.91,0,-11.2,0,0,0,0,0,1.9255,9.725,-0.125,0,-15.9,0,0,0,0,0.0572958,0,0,0,0,98,0,0,0,0,0,0,61,0,0.00034,0.00034,0,0,0,0,0,0.8,0,0,0,0,0,0,1,0,0,0,0,0,0,0,0,99,0,,0,0,0,0,
END,Total:3
START,FrameNb:23,CameraNb:0,HeSaiNb:0,ARS410Nb:0
2026/08/02 21:35:31:423---->
heightOffset:0,1785677731423,239680,selfCaliBufCnt:0,selfAccObjCnt:0,selfAccAngle:0,installHAngleOffset:0,Interpolation:0,installVAngleOffset:0,radarOffsetH:0,radarOffsetV:0.32,Polynom:-0.001023;-0.0511;-2.047;0;0;0;-0.001023;-0.0511;-2.047;-25.5;0;0,WheelDirection:0;0;0;0,selfAngleOffset:0,selfAngleOffsetPit:0,currCaliAngleHrz:0,currCaliAnglePit:0,selfCaliAngleHrz:0,selfCaliAnglePit:0,servCaliAngleHrz:0,servCaliAnglePit:0,offlineCaliAngleHrz:0,offlineCaliAnglePit:0,determine2useFlag:0,IMU_Z_Accel:0,IMU_X_AngularRate:0,IMU_Y_AngularRate:0,IMU_RollAngle:0,IMU_PitchAngle:0,IMU_YawAngle:0,FcwID:0,FCWWarningLevel:0,FCWTTC:0
0,5.12,0,-6.88,0,0,0,0,0,0.613,5.0875,0,0,-7.1,0,0,0,0,0.0572958,0,0,0,0,98,0,0,0,0,0,0,54,0,0.00034,0.00034,0,0,0,0,0,2.4,0,0,0,0,0,0,1,0,0,0,0,0,0,0,0,99,0,,0,0,0,0,
24,8.85,0,27.05,0,0,0,0,0,-4.0245,7.8875,0,0,-3.3,0,0,0,0,0.0572958,0,0,0,0,65,0,0,0,0,0,0,54,0,0.00034,0.00034,0,0,0,0,0,0.4,0,0,0,0,0,0,1,0,0,0,0,0,0,0,0,99,0,,0,0,0,0,
122,9.91,0,-11.2,0,0,0,0,0,1.9255,9.725,-0.125,0,-15.9,0,0,0,0,0.0572958,0,0,0,0,98,0,0,0,0,0,0,54,0,0.00034,0.00034,0,0,0,0,0,0.8,0,0,0,0,0,0,1,0,0,0,0,0,0,0,0,99,0,,0,0,0,0,
END,Total:3
START,FrameNb:24,CameraNb:0,HeSaiNb:0,ARS410Nb:0
2026/08/02 21:35:31:496---->
heightOffset:0,1785677731496,239730,selfCaliBufCnt:0,selfAccObjCnt:0,selfAccAngle:0,installHAngleOffset:0,Interpolation:0,installVAngleOffset:0,radarOffsetH:0,radarOffsetV:0.32,Polynom:-0.001023;-0.0511;-2.047;0;0;0;-0.001023;-0.0511;-2.047;-25.5;0;0,WheelDirection:0;0;0;0,selfAngleOffset:0,selfAngleOffsetPit:0,currCaliAngleHrz:0,currCaliAnglePit:0,selfCaliAngleHrz:0,selfCaliAnglePit:0,servCaliAngleHrz:0,servCaliAnglePit:0,offlineCaliAngleHrz:0,offlineCaliAnglePit:0,determine2useFlag:0,IMU_Z_Accel:0,IMU_X_AngularRate:0,IMU_Y_AngularRate:0,IMU_RollAngle:0,IMU_PitchAngle:0,IMU_YawAngle:0,FcwID:0,FCWWarningLevel:0,FCWTTC:0
0,5.12,0,-6.88,0,0,0,0,0,0.613,5.0875,0,0,-7.1,0,0,0,0,0.0572958,0,0,0,0,98,0,0,0,0,0,0,58,0,0.00034,0.00034,0,0,0,0,0,2.4,0,0,0,0,0,0,1,0,0,0,0,0,0,0,0,99,0,,0,0,0,0,
24,8.85,0,27.05,0,0,0,0,0,-4.0245,7.8875,0,0,-3.3,0,0,0,0,0.0572958,0,0,0,0,65,0,0,0,0,0,0,58,0,0.00034,0.00034,0,0,0,0,0,0.4,0,0,0,0,0,0,1,0,0,0,0,0,0,0,0,99,0,,0,0,0,0,
122,9.91,0,-11.2,0,0,0,0,0,1.9255,9.725,-0.125,0,-15.9,0,0,0,0,0.0572958,0,0,0,0,98,0,0,0,0,0,0,58,0,0.00034,0.00034,0,0,0,0,0,0.8,0,0,0,0,0,0,1,0,0,0,0,0,0,0,0,99,0,,0,0,0,0,
END,Total:3
START,FrameNb:25,CameraNb:0,HeSaiNb:0,ARS410Nb:0
2026/08/02 21:35:31:552---->
heightOffset:0,1785677731552,239780,selfCaliBufCnt:0,selfAccObjCnt:0,selfAccAngle:0,installHAngleOffset:0,Interpolation:0,installVAngleOffset:0,radarOffsetH:0,radarOffsetV:0.32,Polynom:-0.001023;-0.0511;-2.047;0;0;0;-0.001023;-0.0511;-2.047;-25.5;0;0,WheelDirection:0;0;0;0,selfAngleOffset:0,selfAngleOffsetPit:0,currCaliAngleHrz:0,currCaliAnglePit:0,selfCaliAngleHrz:0,selfCaliAnglePit:0,servCaliAngleHrz:0,servCaliAnglePit:0,offlineCaliAngleHrz:0,offlineCaliAnglePit:0,determine2useFlag:0,IMU_Z_Accel:0,IMU_X_AngularRate:0,IMU_Y_AngularRate:0,IMU_RollAngle:0,IMU_PitchAngle:0,IMU_YawAngle:0,FcwID:0,FCWWarningLevel:0,FCWTTC:0
0,5.12,0,-6.88,0,0,0,0,0,0.613,5.0875,0,0,-7.1,0,0,0,0,0.0572958,0,0,0,0,98,0,0,0,0,0,0,58,0,0.00034,0.00034,0,0,0,0,0,2,0,0,0,0,0,0,1,0,0,0,0,0,0,0,0,99,0,,0,0,0,0,
24,8.85,0,27.05,0,0,0,0,0,-4.0245,7.8875,0,0,-3.1,0,0,0,0,0.0572958,0,0,0,0,65,0,0,0,0,0,0,58,0,0.00034,0.00034,0,0,0,0,0,0.4,0,0,0,0,0,0,1,0,0,0,0,0,0,0,0,99,0,,0,0,0,0,
122,9.91,0,-11.2,0,0,0,0,0,1.9255,9.725,-0.125,0,-15.9,0,0,0,0,0.0572958,0,0,0,0,98,0,0,0,0,0,0,58,0,0.00034,0.00034,0,0,0,0,0,0.8,0,0,0,0,0,0,1,0,0,0,0,0,0,0,0,99,0,,0,0,0,0,
END,Total:3
START,FrameNb:26,CameraNb:0,HeSaiNb:0,ARS410Nb:0
2026/08/02 21:35:31:566---->
heightOffset:0,1785677731566,239830,selfCaliBufCnt:0,selfAccObjCnt:0,selfAccAngle:0,installHAngleOffset:0,Interpolation:0,installVAngleOffset:0,radarOffsetH:0,radarOffsetV:0.32,Polynom:-0.001023;-0.0511;-2.047;0;0;0;-0.001023;-0.0511;-2.047;-25.5;0;0,WheelDirection:0;0;0;0,selfAngleOffset:0,selfAngleOffsetPit:0,currCaliAngleHrz:0,currCaliAnglePit:0,selfCaliAngleHrz:0,selfCaliAnglePit:0,servCaliAngleHrz:0,servCaliAnglePit:0,offlineCaliAngleHrz:0,offlineCaliAnglePit:0,determine2useFlag:0,IMU_Z_Accel:0,IMU_X_AngularRate:0,IMU_Y_AngularRate:0,IMU_RollAngle:0,IMU_PitchAngle:0,IMU_YawAngle:0,FcwID:0,FCWWarningLevel:0,FCWTTC:0
0,5.12,0,-6.88,0,0,0,0,0,0.613,5.0875,0,0,-7.1,0,0,0,0,0.0572958,0,0,0,0,98,0,0,0,0,0,0,53,0,0.00034,0.00034,0,0,0,0,0,2.4,0,0,0,0,0,0,1,0,0,0,0,0,0,0,0,99,0,,0,0,0,0,
24,8.85,0,27.05,0,0,0,0,0,-4.0245,7.8875,0,0,-3.1,0,0,0,0,0.0572958,0,0,0,0,65,0,0,0,0,0,0,53,0,0.00034,0.00034,0,0,0,0,0,0.4,0,0,0,0,0,0,1,0,0,0,0,0,0,0,0,99,0,,0,0,0,0,
122,9.91,-0.12,-11.2,0,0,0,0,0,1.9255,9.725,-0.125,-0.125,-15.9,0,0,0,0,0.0572958,0,0,0,0,98,0,0,0,0,0,0,53,0,0.00034,0.00034,0,0,0,0,0,0.8,0,0,0,0,0,0,1,0,0,0,0,0,0,0,0,99,0,,0,0,0,0,
END,Total:3
START,FrameNb:27,CameraNb:0,HeSaiNb:0,ARS410Nb:0
2026/08/02 21:35:31:624---->
heightOffset:0,1785677731624,239880,selfCaliBufCnt:0,selfAccObjCnt:0,selfAccAngle:0,installHAngleOffset:0,Interpolation:0,installVAngleOffset:0,radarOffsetH:0,radarOffsetV:0.32,Polynom:-0.001023;-0.0511;-2.047;0;0;0;-0.001023;-0.0511;-2.047;-25.5;0;0,WheelDirection:0;0;0;0,selfAngleOffset:0,selfAngleOffsetPit:0,currCaliAngleHrz:0,currCaliAnglePit:0,selfCaliAngleHrz:0,selfCaliAnglePit:0,servCaliAngleHrz:0,servCaliAnglePit:0,offlineCaliAngleHrz:0,offlineCaliAnglePit:0,determine2useFlag:0,IMU_Z_Accel:0,IMU_X_AngularRate:0,IMU_Y_AngularRate:0,IMU_RollAngle:0,IMU_PitchAngle:0,IMU_YawAngle:0,FcwID:0,FCWWarningLevel:0,FCWTTC:0
0,5.12,0,-6.88,0,0,0,0,0,0.613,5.0875,0,0,-7.1,0,0,0,0,0.0572958,0,0,0,0,98,0,0,0,0,0,0,58,0,0.00034,0.00034,0,0,0,0,0,2,0,0,0,0,0,0,1,0,0,0,0,0,0,0,0,99,0,,0,0,0,0,
24,8.85,0,27.05,0,0,0,0,0,-4.0245,7.8875,0,0,-3.1,0,0,0,0,0.0572958,0,0,0,0,65,0,0,0,0,0,0,58,0,0.00034,0.00034,0,0,0,0,0,0.4,0,0,0,0,0,0,1,0,0,0,0,0,0,0,0,99,0,,0,0,0,0,
122,9.91,-0.12,-11.2,0,0,0,0,0,1.9255,9.725,-0.125,-0.125,-15.9,0,0,0,0,0.0572958,0,0,0,0,98,0,0,0,0,0,0,58,0,0.00034,0.00034,0,0,0,0,0,0.8,0,0,0,0,0,0,1,0,0,0,0,0,0,0,0,99,0,,0,0,0,0,
END,Total:3
START,FrameNb:28,CameraNb:0,HeSaiNb:0,ARS410Nb:0
2026/08/02 21:35:31:693---->
heightOffset:0,1785677731693,239930,selfCaliBufCnt:0,selfAccObjCnt:0,selfAccAngle:0,installHAngleOffset:0,Interpolation:0,installVAngleOffset:0,radarOffsetH:0,radarOffsetV:0.32,Polynom:-0.001023;-0.0511;-2.047;0;0;0;-0.001023;-0.0511;-2.047;-25.5;0;0,WheelDirection:0;0;0;0,selfAngleOffset:0,selfAngleOffsetPit:0,currCaliAngleHrz:0,currCaliAnglePit:0,selfCaliAngleHrz:0,selfCaliAnglePit:0,servCaliAngleHrz:0,servCaliAnglePit:0,offlineCaliAngleHrz:0,offlineCaliAnglePit:0,determine2useFlag:0,IMU_Z_Accel:0,IMU_X_AngularRate:0,IMU_Y_AngularRate:0,IMU_RollAngle:0,IMU_PitchAngle:0,IMU_YawAngle:0,FcwID:0,FCWWarningLevel:0,FCWTTC:0
0,5.12,0,-6.88,0,0,0,0,0,0.613,5.0875,0,0,-7.1,0,0,0,0,0.0572958,0,0,0,0,98,0,0,0,0,0,0,53,0,0.00034,0.00034,0,0,0,0,0,2.4,0,0,0,0,0,0,1,0,0,0,0,0,0,0,0,99,0,,0,0,0,0,
24,8.85,0,27.05,0,0,0,0,0,-4.0245,7.8875,0,0,-3.1,0,0,0,0,0.0572958,0,0,0,0,65,0,0,0,0,0,0,53,0,0.00034,0.00034,0,0,0,0,0,0.4,0,0,0,0,0,0,1,0,0,0,0,0,0,0,0,99,0,,0,0,0,0,
122,9.91,-0.12,-11.2,0,0,0,0,0,1.9255,9.725,-0.125,-0.125,-15.9,0,0,0,0,0.0572958,0,0,0,0,98,0,0,0,0,0,0,53,0,0.00034,0.00034,0,0,0,0,0,0.8,0,0,0,0,0,0,1,0,0,0,0,0,0,0,0,99,0,,0,0,0,0,
END,Total:3
START,FrameNb:29,CameraNb:0,HeSaiNb:0,ARS410Nb:0
2026/08/02 21:35:31:751---->
heightOffset:0,1785677731751,239980,selfCaliBufCnt:0,selfAccObjCnt:0,selfAccAngle:0,installHAngleOffset:0,Interpolation:0,installVAngleOffset:0,radarOffsetH:0,radarOffsetV:0.32,Polynom:-0.001023;-0.0511;-2.047;0;0;0;-0.001023;-0.0511;-2.047;-25.5;0;0,WheelDirection:0;0;0;0,selfAngleOffset:0,selfAngleOffsetPit:0,currCaliAngleHrz:0,currCaliAnglePit:0,selfCaliAngleHrz:0,selfCaliAnglePit:0,servCaliAngleHrz:0,servCaliAnglePit:0,offlineCaliAngleHrz:0,offlineCaliAnglePit:0,determine2useFlag:0,IMU_Z_Accel:0,IMU_X_AngularRate:0,IMU_Y_AngularRate:0,IMU_RollAngle:0,IMU_PitchAngle:0,IMU_YawAngle:0,FcwID:0,FCWWarningLevel:0,FCWTTC:0
0,5.12,0,-6.88,0,0,0,0,0,0.613,5.0875,0,0,-7.1,0,0,0,0,0.0572958,0,0,0,0,98,0,0,0,0,0,0,61,0,0.00034,0.00034,0,0,0,0,0,2.6,0,0,0,0,0,0,1,0,0,0,0,0,0,0,0,99,0,,0,0,0,0,
24,8.85,0,27.05,0,0,0,0,0,-4.0245,7.8875,0,0,-3.1,0,0,0,0,0.0572958,0,0,0,0,65,0,0,0,0,0,0,61,0,0.00034,0.00034,0,0,0,0,0,0.4,0,0,0,0,0,0,1,0,0,0,0,0,0,0,0,99,0,,0,0,0,0,
122,9.91,-0.12,-11.2,0,0,0,0,0,1.9255,9.725,-0.125,-0.125,-15.9,0,0,0,0,0.0572958,0,0,0,0,98,0,0,0,0,0,0,61,0,0.00034,0.00034,0,0,0,0,0,0.8,0,0,0,0,0,0,1,0,0,0,0,0,0,0,0,99,0,,0,0,0,0,
END,Total:3
START,FrameNb:30,CameraNb:0,HeSaiNb:0,ARS410Nb:0
2026/08/02 21:35:31:808---->
heightOffset:0,1785677731808,240030,selfCaliBufCnt:0,selfAccObjCnt:0,selfAccAngle:0,installHAngleOffset:0,Interpolation:0,installVAngleOffset:0,radarOffsetH:0,radarOffsetV:0.32,Polynom:-0.001023;-0.0511;-2.047;0;0;0;-0.001023;-0.0511;-2.047;-25.5;0;0,WheelDirection:0;0;0;0,selfAngleOffset:0,selfAngleOffsetPit:0,currCaliAngleHrz:0,currCaliAnglePit:0,selfCaliAngleHrz:0,selfCaliAnglePit:0,servCaliAngleHrz:0,servCaliAnglePit:0,offlineCaliAngleHrz:0,offlineCaliAnglePit:0,determine2useFlag:0,IMU_Z_Accel:0,IMU_X_AngularRate:0,IMU_Y_AngularRate:0,IMU_RollAngle:0,IMU_PitchAngle:0,IMU_YawAngle:0,FcwID:0,FCWWarningLevel:0,FCWTTC:0
0,5.12,0,-6.88,0,0,0,0,0,0.613,5.0875,0,0,-7.1,0,0,0,0,0.0572958,0,0,0,0,98,0,0,0,0,0,0,60,0,0.00034,0.00034,0,0,0,0,0,2.8,0,0,0,0,0,0,1,0,0,0,0,0,0,0,0,99,0,,0,0,0,0,
24,8.85,0,27.05,0,0,0,0,0,-4.0245,7.8875,0,0,-3.1,0,0,0,0,0.0572958,0,0,0,0,65,0,0,0,0,0,0,60,0,0.00034,0.00034,0,0,0,0,0,0.4,0,0,0,0,0,0,1,0,0,0,0,0,0,0,0,99,0,,0,0,0,0,
122,9.91,-0.12,-11.2,0,0,0,0,0,1.9255,9.725,-0.125,-0.125,-15.7,0,0,0,0,0.0572958,0,0,0,0,98,0,0,0,0,0,0,60,0,0.00034,0.00034,0,0,0,0,0,0.8,0,0,0,0,0,0,1,0,0,0,0,0,0,0,0,99,0,,0,0,0,0,
END,Total:3
START,FrameNb:31,CameraNb:0,HeSaiNb:0,ARS410Nb:0
2026/08/02 21:35:31:864---->
heightOffset:0,1785677731864,240080,selfCaliBufCnt:0,selfAccObjCnt:0,selfAccAngle:0,installHAngleOffset:0,Interpolation:0,installVAngleOffset:0,radarOffsetH:0,radarOffsetV:0.32,Polynom:-0.001023;-0.0511;-2.047;0;0;0;-0.001023;-0.0511;-2.047;-25.5;0;0,WheelDirection:0;0;0;0,selfAngleOffset:0,selfAngleOffsetPit:0,currCaliAngleHrz:0,currCaliAnglePit:0,selfCaliAngleHrz:0,selfCaliAnglePit:0,servCaliAngleHrz:0,servCaliAnglePit:0,offlineCaliAngleHrz:0,offlineCaliAnglePit:0,determine2useFlag:0,IMU_Z_Accel:0,IMU_X_AngularRate:0,IMU_Y_AngularRate:0,IMU_RollAngle:0,IMU_PitchAngle:0,IMU_YawAngle:0,FcwID:0,FCWWarningLevel:0,FCWTTC:0
0,5.12,0,-6.88,0,0,0,0,0,0.613,5.0875,0,0,-7.1,0,0,0,0,0.0572958,0,0,0,0,98,0,0,0,0,0,0,58,0,0.00034,0.00034,0,0,0,0,0,3,0,0,0,0,0,0,1,0,0,0,0,0,0,0,0,99,0,,0,0,0,0,
24,8.85,0,27.05,0,0,0,0,0,-4.0245,7.8875,0,0,-3.1,0,0,0,0,0.0572958,0,0,0,0,65,0,0,0,0,0,0,58,0,0.00034,0.00034,0,0,0,0,0,0.2,0,0,0,0,0,0,1,0,0,0,0,0,0,0,0,99,0,,0,0,0,0,
122,9.91,-0.12,-11.2,0,0,0,0,0,1.9255,9.725,-0.125,-0.125,-15.7,0,0,0,0,0.0572958,0,0,0,0,98,0,0,0,0,0,0,58,0,0.00034,0.00034,0,0,0,0,0,0.8,0,0,0,0,0,0,1,0,0,0,0,0,0,0,0,99,0,,0,0,0,0,
END,Total:3
START,FrameNb:32,CameraNb:0,HeSaiNb:0,ARS410Nb:0
2026/08/02 21:35:31:878---->
heightOffset:0,1785677731878,240130,selfCaliBufCnt:0,selfAccObjCnt:0,selfAccAngle:0,installHAngleOffset:0,Interpolation:0,installVAngleOffset:0,radarOffsetH:0,radarOffsetV:0.32,Polynom:-0.001023;-0.0511;-2.047;0;0;0;-0.001023;-0.0511;-2.047;-25.5;0;0,WheelDirection:0;0;0;0,selfAngleOffset:0,selfAngleOffsetPit:0,currCaliAngleHrz:0,currCaliAnglePit:0,selfCaliAngleHrz:0,selfCaliAnglePit:0,servCaliAngleHrz:0,servCaliAnglePit:0,offlineCaliAngleHrz:0,offlineCaliAnglePit:0,determine2useFlag:0,IMU_Z_Accel:0,IMU_X_AngularRate:0,IMU_Y_AngularRate:0,IMU_RollAngle:0,IMU_PitchAngle:0,IMU_YawAngle:0,FcwID:0,FCWWarningLevel:0,FCWTTC:0
0,5.12,0,-6.88,0,0,0,0,0,0.613,5.0875,0,0,-7.1,0,0,0,0,0.0572958,0,0,0,0,98,0,0,0,0,0,0,54,0,0.00034,0.00034,0,0,0,0,0,3.2,0,0,0,0,0,0,1,0,0,0,0,0,0,0,0,99,0,,0,0,0,0,
24,8.85,0,27.05,0,0,0,0,0,-4.0245,7.8875,0,0,-3.1,0,0,0,0,0.0572958,0,0,0,0,65,0,0,0,0,0,0,54,0,0.00034,0.00034,0,0,0,0,0,0.4,0,0,0,0,0,0,1,0,0,0,0,0,0,0,0,99,0,,0,0,0,0,
122,9.91,-0.12,-11.2,0,0,0,0,0,1.9255,9.725,-0.125,-0.125,-15.7,0,0,0,0,0.0572958,0,0,0,0,98,0,0,0,0,0,0,54,0,0.00034,0.00034,0,0,0,0,0,0.8,0,0,0,0,0,0,1,0,0,0,0,0,0,0,0,99,0,,0,0,0,0,
END,Total:3
START,FrameNb:33,CameraNb:0,HeSaiNb:0,ARS410Nb:0
2026/08/02 21:35:31:935---->
heightOffset:0,1785677731935,240180,selfCaliBufCnt:0,selfAccObjCnt:0,selfAccAngle:0,installHAngleOffset:0,Interpolation:0,installVAngleOffset:0,radarOffsetH:0,radarOffsetV:0.32,Polynom:-0.001023;-0.0511;-2.047;0;0;0;-0.001023;-0.0511;-2.047;-25.5;0;0,WheelDirection:0;0;0;0,selfAngleOffset:0,selfAngleOffsetPit:0,currCaliAngleHrz:0,currCaliAnglePit:0,selfCaliAngleHrz:0,selfCaliAnglePit:0,servCaliAngleHrz:0,servCaliAnglePit:0,offlineCaliAngleHrz:0,offlineCaliAnglePit:0,determine2useFlag:0,IMU_Z_Accel:0,IMU_X_AngularRate:0,IMU_Y_AngularRate:0,IMU_RollAngle:0,IMU_PitchAngle:0,IMU_YawAngle:0,FcwID:0,FCWWarningLevel:0,FCWTTC:0
0,5.12,0,-6.88,0,0,0,0,0,0.613,5.0875,0,0,-7.1,0,0,0,0,0.0572958,0,0,0,0,98,0,0,0,0,0,0,57,0,0.00034,0.00034,0,0,0,0,0,3.2,0,0,0,0,0,0,1,0,0,0,0,0,0,0,0,99,0,,0,0,0,0,
24,8.85,0,27.05,0,0,0,0,0,-4.0245,7.8875,0,0,-3.1,0,0,0,0,0.0572958,0,0,0,0,65,0,0,0,0,0,0,57,0,0.00034,0.00034,0,0,0,0,0,0.4,0,0,0,0,0,0,1,0,0,0,0,0,0,0,0,99,0,,0,0,0,0,
122,9.91,-0.12,-11.2,0,0,0,0,0,1.9255,9.725,-0.125,-0.125,-15.7,0,0,0,0,0.0572958,0,0,0,0,98,0,0,0,0,0,0,57,0,0.00034,0.00034,0,0,0,0,0,0.8,0,0,0,0,0,0,1,0,0,0,0,0,0,0,0,99,0,,0,0,0,0,
END,Total:3
START,FrameNb:34,CameraNb:0,HeSaiNb:0,ARS410Nb:0
2026/08/02 21:35:31:987---->
heightOffset:0,1785677731987,240230,selfCaliBufCnt:0,selfAccObjCnt:0,selfAccAngle:0,installHAngleOffset:0,Interpolation:0,installVAngleOffset:0,radarOffsetH:0,radarOffsetV:0.32,Polynom:-0.001023;-0.0511;-2.047;0;0;0;-0.001023;-0.0511;-2.047;-25.5;0;0,WheelDirection:0;0;0;0,selfAngleOffset:0,selfAngleOffsetPit:0,currCaliAngleHrz:0,currCaliAnglePit:0,selfCaliAngleHrz:0,selfCaliAnglePit:0,servCaliAngleHrz:0,servCaliAnglePit:0,offlineCaliAngleHrz:0,offlineCaliAnglePit:0,determine2useFlag:0,IMU_Z_Accel:0,IMU_X_AngularRate:0,IMU_Y_AngularRate:0,IMU_RollAngle:0,IMU_PitchAngle:0,IMU_YawAngle:0,FcwID:0,FCWWarningLevel:0,FCWTTC:0
0,5.12,0,-6.88,0,0,0,0,0,0.613,5.0875,-0.125,0,-7.1,0,0,0,0,0.0572958,0,0,0,0,98,0,0,0,0,0,0,57,0,0.00034,0.00034,0,0,0,0,0,2.6,0,0,0,0,0,0,1,0,0,0,0,0,0,0,0,99,0,,0,0,0,0,
24,8.85,0,27.05,0,0,0,0,0,-4.0245,7.8875,0,0,-2.9,0,0,0,0,0.0572958,0,0,0,0,65,0,0,0,0,0,0,57,0,0.00034,0.00034,0,0,0,0,0,0.6,0,0,0,0,0,0,1,0,0,0,0,0,0,0,0,99,0,,0,0,0,0,
122,9.91,-0.12,-11.2,0,0,0,0,0,1.9255,9.725,-0.125,-0.125,-15.7,0,0,0,0,0.0572958,0,0,0,0,98,0,0,0,0,0,0,57,0,0.00034,0.00034,0,0,0,0,0,0.8,0,0,0,0,0,0,1,0,0,0,0,0,0,0,0,99,0,,0,0,0,0,
END,Total:3
START,FrameNb:35,CameraNb:0,HeSaiNb:0,ARS410Nb:0
2026/08/02 21:35:32:051---->
heightOffset:0,1785677732051,240280,selfCaliBufCnt:0,selfAccObjCnt:0,selfAccAngle:0,installHAngleOffset:0,Interpolation:0,installVAngleOffset:0,radarOffsetH:0,radarOffsetV:0.32,Polynom:-0.001023;-0.0511;-2.047;0;0;0;-0.001023;-0.0511;-2.047;-25.5;0;0,WheelDirection:0;0;0;0,selfAngleOffset:0,selfAngleOffsetPit:0,currCaliAngleHrz:0,currCaliAnglePit:0,selfCaliAngleHrz:0,selfCaliAnglePit:0,servCaliAngleHrz:0,servCaliAnglePit:0,offlineCaliAngleHrz:0,offlineCaliAnglePit:0,determine2useFlag:0,IMU_Z_Accel:0,IMU_X_AngularRate:0,IMU_Y_AngularRate:0,IMU_RollAngle:0,IMU_PitchAngle:0,IMU_YawAngle:0,FcwID:0,FCWWarningLevel:0,FCWTTC:0
0,5.12,0,-6.88,0,0,0,0,0,0.613,5.0875,-0.125,0,-7.1,0,0,0,0,0.0572958,0,0,0,0,98,0,0,0,0,0,0,54,0,0.00034,0.00034,0,0,0,0,0,2.2,0,0,0,0,0,0,1,0,0,0,0,0,0,0,0,99,0,,0,0,0,0,
24,8.85,-0.11,27.05,0,0,0,0,0,-4.0245,7.8875,0,-0.125,-2.9,0,0,0,0,0.0572958,0,0,0,0,65,0,0,0,0,0,0,54,0,0.00034,0.00034,0,0,0,0,0,0.6,0,0,0,0,0,0,1,0,0,0,0,0,0,0,0,99,0,,0,0,0,0,
122,9.91,-0.12,-11.2,0,0,0,0,0,1.9255,9.725,-0.125,-0.125,-15.9,0,0,0,0,0.0572958,0,0,0,0,98,0,0,0,0,0,0,54,0,0.00034,0.00034,0,0,0,0,0,0.8,0,0,0,0,0,0,1,0,0,0,0,0,0,0,0,99,0,,0,0,0,0,
END,Total:3
START,FrameNb:36,CameraNb:0,HeSaiNb:0,ARS410Nb:0
2026/08/02 21:35:32:116---->
heightOffset:0,1785677732116,240330,selfCaliBufCnt:0,selfAccObjCnt:0,selfAccAngle:0,installHAngleOffset:0,Interpolation:0,installVAngleOffset:0,radarOffsetH:0,radarOffsetV:0.32,Polynom:-0.001023;-0.0511;-2.047;0;0;0;-0.001023;-0.0511;-2.047;-25.5;0;0,WheelDirection:0;0;0;0,selfAngleOffset:0,selfAngleOffsetPit:0,currCaliAngleHrz:0,currCaliAnglePit:0,selfCaliAngleHrz:0,selfCaliAnglePit:0,servCaliAngleHrz:0,servCaliAnglePit:0,offlineCaliAngleHrz:0,offlineCaliAnglePit:0,determine2useFlag:0,IMU_Z_Accel:0,IMU_X_AngularRate:0,IMU_Y_AngularRate:0,IMU_RollAngle:0,IMU_PitchAngle:0,IMU_YawAngle:0,FcwID:0,FCWWarningLevel:0,FCWTTC:0
0,5.12,0,-6.88,0,0,0,0,0,0.613,5.0875,-0.125,0,-7.1,0,0,0,0,0.0572958,0,0,0,0,98,0,0,0,0,0,0,58,0,0.00034,0.00034,0,0,0,0,0,1.8,0,0,0,0,0,0,1,0,0,0,0,0,0,0,0,99,0,,0,0,0,0,
24,8.85,-0.11,27.05,0,0,0,0,0,-4.0245,7.8875,0,-0.125,-2.9,0,0,0,0,0.0572958,0,0,0,0,65,0,0,0,0,0,0,58,0,0.00034,0.00034,0,0,0,0,0,0.6,0,0,0,0,0,0,1,0,0,0,0,0,0,0,0,99,0,,0,0,0,0,
122,9.91,-0.12,-11.2,0,0,0,0,0,1.9255,9.725,-0.125,-0.125,-15.9,0,0,0,0,0.0572958,0,0,0,0,98,0,0,0,0,0,0,58,0,0.00034,0.00034,0,0,0,0,0,0.8,0,0,0,0,0,0,1,0,0,0,0,0,0,0,0,99,0,,0,0,0,0,
END,Total:3
START,FrameNb:37,CameraNb:0,HeSaiNb:0,ARS410Nb:0
2026/08/02 21:35:32:124---->
heightOffset:0,1785677732124,240380,selfCaliBufCnt:0,selfAccObjCnt:0,selfAccAngle:0,installHAngleOffset:0,Interpolation:0,installVAngleOffset:0,radarOffsetH:0,radarOffsetV:0.32,Polynom:-0.001023;-0.0511;-2.047;0;0;0;-0.001023;-0.0511;-2.047;-25.5;0;0,WheelDirection:0;0;0;0,selfAngleOffset:0,selfAngleOffsetPit:0,currCaliAngleHrz:0,currCaliAnglePit:0,selfCaliAngleHrz:0,selfCaliAnglePit:0,servCaliAngleHrz:0,servCaliAnglePit:0,offlineCaliAngleHrz:0,offlineCaliAnglePit:0,determine2useFlag:0,IMU_Z_Accel:0,IMU_X_AngularRate:0,IMU_Y_AngularRate:0,IMU_RollAngle:0,IMU_PitchAngle:0,IMU_YawAngle:0,FcwID:0,FCWWarningLevel:0,FCWTTC:0
0,5.12,0,-6.88,0,0,0,0,0,0.613,5.0875,-0.125,0,-7.1,0,0,0,0,0.0572958,0,0,0,0,98,0,0,0,0,0,0,57,0,0.00034,0.00034,0,0,0,0,0,2.2,0,0,0,0,0,0,1,0,0,0,0,0,0,0,0,99,0,,0,0,0,0,
24,8.85,-0.11,27.05,0,0,0,0,0,-4.0245,7.8875,0,-0.125,-2.9,0,0,0,0,0.0572958,0,0,0,0,65,0,0,0,0,0,0,57,0,0.00034,0.00034,0,0,0,0,0,0.6,0,0,0,0,0,0,1,0,0,0,0,0,0,0,0,99,0,,0,0,0,0,
122,9.91,-0.12,-11.2,0,0,0,0,0,1.9255,9.725,-0.125,-0.125,-15.9,0,0,0,0,0.0572958,0,0,0,0,98,0,0,0,0,0,0,57,0,0.00034,0.00034,0,0,0,0,0,0.8,0,0,0,0,0,0,1,0,0,0,0,0,0,0,0,99,0,,0,0,0,0,
END,Total:3
START,FrameNb:38,CameraNb:0,HeSaiNb:0,ARS410Nb:0
2026/08/02 21:35:32:185---->
heightOffset:0,1785677732185,240430,selfCaliBufCnt:0,selfAccObjCnt:0,selfAccAngle:0,installHAngleOffset:0,Interpolation:0,installVAngleOffset:0,radarOffsetH:0,radarOffsetV:0.32,Polynom:-0.001023;-0.0511;-2.047;0;0;0;-0.001023;-0.0511;-2.047;-25.5;0;0,WheelDirection:0;0;0;0,selfAngleOffset:0,selfAngleOffsetPit:0,currCaliAngleHrz:0,currCaliAnglePit:0,selfCaliAngleHrz:0,selfCaliAnglePit:0,servCaliAngleHrz:0,servCaliAnglePit:0,offlineCaliAngleHrz:0,offlineCaliAnglePit:0,determine2useFlag:0,IMU_Z_Accel:0,IMU_X_AngularRate:0,IMU_Y_AngularRate:0,IMU_RollAngle:0,IMU_PitchAngle:0,IMU_YawAngle:0,FcwID:0,FCWWarningLevel:0,FCWTTC:0
0,5.12,0,-6.88,0,0,0,0,0,0.613,5.0875,-0.125,0,-7.1,0,0,0,0,0.0572958,0,0,0,0,98,0,0,0,0,0,0,62,0,0.00034,0.00034,0,0,0,0,0,2.6,0,0,0,0,0,0,1,0,0,0,0,0,0,0,0,99,0,,0,0,0,0,
24,8.85,-0.11,27.05,0,0,0,0,0,-4.0245,7.8875,0,-0.125,-2.9,0,0,0,0,0.0572958,0,0,0,0,65,0,0,0,0,0,0,62,0,0.00034,0.00034,0,0,0,0,0,0.4,0,0,0,0,0,0,1,0,0,0,0,0,0,0,0,99,0,,0,0,0,0,
122,9.91,-0.12,-11.2,0,0,0,0,0,1.9255,9.725,0,-0.125,-15.9,0,0,0,0,0.0572958,0,0,0,0,98,0,0,0,0,0,0,62,0,0.00034,0.00034,0,0,0,0,0,0.8,0,0,0,0,0,0,1,0,0,0,0,0,0,0,0,99,0,,0,0,0,0,
END,Total:3
START,FrameNb:39,CameraNb:0,HeSaiNb:0,ARS410Nb:0
2026/08/02 21:35:32:238---->
heightOffset:0,1785677732238,240480,selfCaliBufCnt:0,selfAccObjCnt:0,selfAccAngle:0,installHAngleOffset:0,Interpolation:0,installVAngleOffset:0,radarOffsetH:0,radarOffsetV:0.32,Polynom:-0.001023;-0.0511;-2.047;0;0;0;-0.001023;-0.0511;-2.047;-25.5;0;0,WheelDirection:0;0;0;0,selfAngleOffset:0,selfAngleOffsetPit:0,currCaliAngleHrz:0,currCaliAnglePit:0,selfCaliAngleHrz:0,selfCaliAnglePit:0,servCaliAngleHrz:0,servCaliAnglePit:0,offlineCaliAngleHrz:0,offlineCaliAnglePit:0,determine2useFlag:0,IMU_Z_Accel:0,IMU_X_AngularRate:0,IMU_Y_AngularRate:0,IMU_RollAngle:0,IMU_PitchAngle:0,IMU_YawAngle:0,FcwID:0,FCWWarningLevel:0,FCWTTC:0
0,5.12,0,-6.88,0,0,0,0,0,0.613,5.0875,0,0,-7.1,0,0,0,0,0.0572958,0,0,0,0,98,0,0,0,0,0,0,55,0,0.00034,0.00034,0,0,0,0,0,2.2,0,0,0,0,0,0,1,0,0,0,0,0,0,0,0,99,0,,0,0,0,0,
24,8.85,-0.11,27.05,0,0,0,0,0,-4.0245,7.8875,0,-0.125,-2.9,0,0,0,0,0.0572958,0,0,0,0,65,0,0,0,0,0,0,55,0,0.00034,0.00034,0,0,0,0,0,0.4,0,0,0,0,0,0,1,0,0,0,0,0,0,0,0,99,0,,0,0,0,0,
122,9.91,-0.12,-11.2,0,0,0,0,0,1.9255,9.725,0,-0.125,-15.9,0,0,0,0,0.0572958,0,0,0,0,98,0,0,0,0,0,0,55,0,0.00034,0.00034,0,0,0,0,0,0.8,0,0,0,0,0,0,1,0,0,0,0,0,0,0,0,99,0,,0,0,0,0,
END,Total:3
START,FrameNb:40,CameraNb:0,HeSaiNb:0,ARS410Nb:0
2026/08/02 21:35:32:295---->
heightOffset:0,1785677732295,240530,selfCaliBufCnt:0,selfAccObjCnt:0,selfAccAngle:0,installHAngleOffset:0,Interpolation:0,installVAngleOffset:0,radarOffsetH:0,radarOffsetV:0.32,Polynom:-0.001023;-0.0511;-2.047;0;0;0;-0.001023;-0.0511;-2.047;-25.5;0;0,WheelDirection:0;0;0;0,selfAngleOffset:0,selfAngleOffsetPit:0,currCaliAngleHrz:0,currCaliAnglePit:0,selfCaliAngleHrz:0,selfCaliAnglePit:0,servCaliAngleHrz:0,servCaliAnglePit:0,offlineCaliAngleHrz:0,offlineCaliAnglePit:0,determine2useFlag:0,IMU_Z_Accel:0,IMU_X_AngularRate:0,IMU_Y_AngularRate:0,IMU_RollAngle:0,IMU_PitchAngle:0,IMU_YawAngle:0,FcwID:0,FCWWarningLevel:0,FCWTTC:0
0,5.12,0,-6.88,0,0,0,0,0,0.613,5.0875,0,0,-7.1,0,0,0,0,0.0572958,0,0,0,0,98,0,0,0,0,0,0,57,0,0.00034,0.00034,0,0,0,0,0,1.8,0,0,0,0,0,0,1,0,0,0,0,0,0,0,0,99,0,,0,0,0,0,
24,8.85,-0.11,27.05,0,0,0,0,0,-4.0245,7.8875,0,-0.125,-2.9,0,0,0,0,0.0572958,0,0,0,0,65,0,0,0,0,0,0,57,0,0.00034,0.00034,0,0,0,0,0,0.6,0,0,0,0,0,0,1,0,0,0,0,0,0,0,0,99,0,,0,0,0,0,
122,9.91,-0.12,-11.2,0,0,0,0,0,1.9255,9.725,0,-0.125,-15.9,0,0,0,0,0.0572958,0,0,0,0,98,0,0,0,0,0,0,57,0,0.00034,0.00034,0,0,0,0,0,0.8,0,0,0,0,0,0,1,0,0,0,0,0,0,0,0,99,0,,0,0,0,0,
END,Total:3
START,FrameNb:41,CameraNb:0,HeSaiNb:0,ARS410Nb:0
2026/08/02 21:35:32:352---->
heightOffset:0,1785677732352,240580,selfCaliBufCnt:0,selfAccObjCnt:0,selfAccAngle:0,installHAngleOffset:0,Interpolation:0,installVAngleOffset:0,radarOffsetH:0,radarOffsetV:0.32,Polynom:-0.001023;-0.0511;-2.047;0;0;0;-0.001023;-0.0511;-2.047;-25.5;0;0,WheelDirection:0;0;0;0,selfAngleOffset:0,selfAngleOffsetPit:0,currCaliAngleHrz:0,currCaliAnglePit:0,selfCaliAngleHrz:0,selfCaliAnglePit:0,servCaliAngleHrz:0,servCaliAnglePit:0,offlineCaliAngleHrz:0,offlineCaliAnglePit:0,determine2useFlag:0,IMU_Z_Accel:0,IMU_X_AngularRate:0,IMU_Y_AngularRate:0,IMU_RollAngle:0,IMU_PitchAngle:0,IMU_YawAngle:0,FcwID:0,FCWWarningLevel:0,FCWTTC:0
0,5.12,0,-6.88,0,0,0,0,0,0.613,5.0875,0,0,-7.1,0,0,0,0,0.0572958,0,0,0,0,98,0,0,0,0,0,0,54,0,0.00034,0.00034,0,0,0,0,0,1.8,0,0,0,0,0,0,1,0,0,0,0,0,0,0,0,99,0,,0,0,0,0,
24,8.85,-0.11,27.05,0,0,0,0,0,-4.0245,7.8875,0,-0.125,-2.9,0,0,0,0,0.0572958,0,0,0,0,65,0,0,0,0,0,0,54,0,0.00034,0.00034,0,0,0,0,0,0.6,0,0,0,0,0,0,1,0,0,0,0,0,0,0,0,99,0,,0,0,0,0,
122,9.91,-0.12,-11.2,0,0,0,0,0,1.9255,9.725,0,-0.125,-15.9,0,0,0,0,0.0572958,0,0,0,0,98,0,0,0,0,0,0,54,0,0.00034,0.00034,0,0,0,0,0,0.8,0,0,0,0,0,0,1,0,0,0,0,0,0,0,0,99,0,,0,0,0,0,
END,Total:3
START,FrameNb:42,CameraNb:0,HeSaiNb:0,ARS410Nb:0
2026/08/02 21:35:32:394---->
heightOffset:0,1785677732394,240631,selfCaliBufCnt:0,selfAccObjCnt:0,selfAccAngle:0,installHAngleOffset:0,Interpolation:0,installVAngleOffset:0,radarOffsetH:0,radarOffsetV:0.32,Polynom:-0.001023;-0.0511;-2.047;0;0;0;-0.001023;-0.0511;-2.047;-25.5;0;0,WheelDirection:0;0;0;0,selfAngleOffset:0,selfAngleOffsetPit:0,currCaliAngleHrz:0,currCaliAnglePit:0,selfCaliAngleHrz:0,selfCaliAnglePit:0,servCaliAngleHrz:0,servCaliAnglePit:0,offlineCaliAngleHrz:0,offlineCaliAnglePit:0,determine2useFlag:0,IMU_Z_Accel:0,IMU_X_AngularRate:0,IMU_Y_AngularRate:0,IMU_RollAngle:0,IMU_PitchAngle:0,IMU_YawAngle:0,FcwID:0,FCWWarningLevel:0,FCWTTC:0
0,5.12,0,-6.88,0,0,0,0,0,0.613,5.0875,0,0,-7.1,0,0,0,0,0.0572958,0,0,0,0,98,0,0,0,0,0,0,54,0,0.00034,0.00034,0,0,0,0,0,2.2,0,0,0,0,0,0,1,0,0,0,0,0,0,0,0,99,0,,0,0,0,0,
24,8.85,-0.11,27.05,0,0,0,0,0,-4.0245,7.8875,0,-0.125,-2.9,0,0,0,0,0.0572958,0,0,0,0,65,0,0,0,0,0,0,54,0,0.00034,0.00034,0,0,0,0,0,0.4,0,0,0,0,0,0,1,0,0,0,0,0,0,0,0,99,0,,0,0,0,0,
122,9.91,-0.12,-11.2,0,0,0,0,0,1.9255,9.725,0,-0.125,-15.9,0,0,0,0,0.0572958,0,0,0,0,98,0,0,0,0,0,0,54,0,0.00034,0.00034,0,0,0,0,0,0.8,0,0,0,0,0,0,1,0,0,0,0,0,0,0,0,99,0,,0,0,0,0,
END,Total:3
START,FrameNb:43,CameraNb:0,HeSaiNb:0,ARS410Nb:0
2026/08/02 21:35:32:448---->
heightOffset:0,1785677732448,240680,selfCaliBufCnt:0,selfAccObjCnt:0,selfAccAngle:0,installHAngleOffset:0,Interpolation:0,installVAngleOffset:0,radarOffsetH:0,radarOffsetV:0.32,Polynom:-0.001023;-0.0511;-2.047;0;0;0;-0.001023;-0.0511;-2.047;-25.5;0;0,WheelDirection:0;0;0;0,selfAngleOffset:0,selfAngleOffsetPit:0,currCaliAngleHrz:0,currCaliAnglePit:0,selfCaliAngleHrz:0,selfCaliAnglePit:0,servCaliAngleHrz:0,servCaliAnglePit:0,offlineCaliAngleHrz:0,offlineCaliAnglePit:0,determine2useFlag:0,IMU_Z_Accel:0,IMU_X_AngularRate:0,IMU_Y_AngularRate:0,IMU_RollAngle:0,IMU_PitchAngle:0,IMU_YawAngle:0,FcwID:0,FCWWarningLevel:0,FCWTTC:0
0,5.12,0,-6.88,0,0,0,0,0,0.613,5.0875,-0.125,0,-7.1,0,0,0,0,0.0572958,0,0,0,0,98,0,0,0,0,0,0,58,0,0.00034,0.00034,0,0,0,0,0,2.6,0,0,0,0,0,0,1,0,0,0,0,0,0,0,0,99,0,,0,0,0,0,
24,8.85,-0.11,27.05,0,0,0,0,0,-4.0245,7.8875,0,-0.125,-2.9,0,0,0,0,0.0572958,0,0,0,0,65,0,0,0,0,0,0,58,0,0.00034,0.00034,0,0,0,0,0,0.4,0,0,0,0,0,0,1,0,0,0,0,0,0,0,0,99,0,,0,0,0,0,
122,9.91,-0.12,-11.2,0,0,0,0,0,1.9255,9.725,0,-0.125,-15.9,0,0,0,0,0.0572958,0,0,0,0,98,0,0,0,0,0,0,58,0,0.00034,0.00034,0,0,0,0,0,0.8,0,0,0,0,0,0,1,0,0,0,0,0,0,0,0,99,0,,0,0,0,0,
END,Total:3
START,FrameNb:44,CameraNb:0,HeSaiNb:0,ARS410Nb:0
2026/08/02 21:35:32:508---->
heightOffset:0,1785677732508,240730,selfCaliBufCnt:0,selfAccObjCnt:0,selfAccAngle:0,installHAngleOffset:0,Interpolation:0,installVAngleOffset:0,radarOffsetH:0,radarOffsetV:0.32,Polynom:-0.001023;-0.0511;-2.047;0;0;0;-0.001023;-0.0511;-2.047;-25.5;0;0,WheelDirection:0;0;0;0,selfAngleOffset:0,selfAngleOffsetPit:0,currCaliAngleHrz:0,currCaliAnglePit:0,selfCaliAngleHrz:0,selfCaliAnglePit:0,servCaliAngleHrz:0,servCaliAnglePit:0,offlineCaliAngleHrz:0,offlineCaliAnglePit:0,determine2useFlag:0,IMU_Z_Accel:0,IMU_X_AngularRate:0,IMU_Y_AngularRate:0,IMU_RollAngle:0,IMU_PitchAngle:0,IMU_YawAngle:0,FcwID:0,FCWWarningLevel:0,FCWTTC:0
0,5.12,0,-6.88,0,0,0,0,0,0.613,5.0875,0,0,-7.1,0,0,0,0,0.0572958,0,0,0,0,98,0,0,0,0,0,0,53,0,0.00034,0.00034,0,0,0,0,0,2.8,0,0,0,0,0,0,1,0,0,0,0,0,0,0,0,99,0,,0,0,0,0,
24,8.85,-0.11,27.05,0,0,0,0,0,-4.0245,7.8875,0,-0.125,-2.9,0,0,0,0,0.0572958,0,0,0,0,65,0,0,0,0,0,0,53,0,0.00034,0.00034,0,0,0,0,0,0.2,0,0,0,0,0,0,1,0,0,0,0,0,0,0,0,99,0,,0,0,0,0,
122,9.91,0,-11.2,0,0,0,0,0,1.9255,9.725,0,0,-15.9,0,0,0,0,0.0572958,0,0,0,0,98,0,0,0,0,0,0,53,0,0.00034,0.00034,0,0,0,0,0,0.8,0,0,0,0,0,0,1,0,0,0,0,0,0,0,0,99,0,,0,0,0,0,
END,Total:3
START,FrameNb:45,CameraNb:0,HeSaiNb:0,ARS410Nb:0
2026/08/02 21:35:32:558---->
heightOffset:0,1785677732558,240780,selfCaliBufCnt:0,selfAccObjCnt:0,selfAccAngle:0,installHAngleOffset:0,Interpolation:0,installVAngleOffset:0,radarOffsetH:0,radarOffsetV:0.32,Polynom:-0.001023;-0.0511;-2.047;0;0;0;-0.001023;-0.0511;-2.047;-25.5;0;0,WheelDirection:0;0;0;0,selfAngleOffset:0,selfAngleOffsetPit:0,currCaliAngleHrz:0,currCaliAnglePit:0,selfCaliAngleHrz:0,selfCaliAnglePit:0,servCaliAngleHrz:0,servCaliAnglePit:0,offlineCaliAngleHrz:0,offlineCaliAnglePit:0,determine2useFlag:0,IMU_Z_Accel:0,IMU_X_AngularRate:0,IMU_Y_AngularRate:0,IMU_RollAngle:0,IMU_PitchAngle:0,IMU_YawAngle:0,FcwID:0,FCWWarningLevel:0,FCWTTC:0
0,5.12,0,-6.88,0,0,0,0,0,0.613,5.0875,-0.125,0,-7.1,0,0,0,0,0.0572958,0,0,0,0,98,0,0,0,0,0,0,58,0,0.00034,0.00034,0,0,0,0,0,2.4,0,0,0,0,0,0,1,0,0,0,0,0,0,0,0,99,0,,0,0,0,0,
24,8.85,-0.11,27.05,0,0,0,0,0,-4.0245,7.8875,0,-0.125,-2.9,0,0,0,0,0.0572958,0,0,0,0,65,0,0,0,0,0,0,58,0,0.00034,0.00034,0,0,0,0,0,0.4,0,0,0,0,0,0,1,0,0,0,0,0,0,0,0,99,0,,0,0,0,0,
122,9.91,0,-11.2,0,0,0,0,0,1.9255,9.725,0,0,-15.9,0,0,0,0,0.0572958,0,0,0,0,98,0,0,0,0,0,0,58,0,0.00034,0.00034,0,0,0,0,0,0.8,0,0,0,0,0,0,1,0,0,0,0,0,0,0,0,99,0,,0,0,0,0,
END,Total:3
START,FrameNb:46,CameraNb:0,HeSaiNb:0,ARS410Nb:0
2026/08/02 21:35:32:573---->
heightOffset:0,1785677732573,240830,selfCaliBufCnt:0,selfAccObjCnt:0,selfAccAngle:0,installHAngleOffset:0,Interpolation:0,installVAngleOffset:0,radarOffsetH:0,radarOffsetV:0.32,Polynom:-0.001023;-0.0511;-2.047;0;0;0;-0.001023;-0.0511;-2.047;-25.5;0;0,WheelDirection:0;0;0;0,selfAngleOffset:0,selfAngleOffsetPit:0,currCaliAngleHrz:0,currCaliAnglePit:0,selfCaliAngleHrz:0,selfCaliAnglePit:0,servCaliAngleHrz:0,servCaliAnglePit:0,offlineCaliAngleHrz:0,offlineCaliAnglePit:0,determine2useFlag:0,IMU_Z_Accel:0,IMU_X_AngularRate:0,IMU_Y_AngularRate:0,IMU_RollAngle:0,IMU_PitchAngle:0,IMU_YawAngle:0,FcwID:0,FCWWarningLevel:0,FCWTTC:0
0,5.12,0,-6.88,0,0,0,0,0,0.613,5.0875,-0.125,0,-7.1,0,0,0,0,0.0572958,0,0,0,0,98,0,0,0,0,0,0,60,0,0.00034,0.00034,0,0,0,0,0,2.6,0,0,0,0,0,0,1,0,0,0,0,0,0,0,0,99,0,,0,0,0,0,
24,8.85,-0.11,27.05,0,0,0,0,0,-4.0245,7.8875,0,-0.125,-2.9,0,0,0,0,0.0572958,0,0,0,0,65,0,0,0,0,0,0,60,0,0.00034,0.00034,0,0,0,0,0,0.2,0,0,0,0,0,0,1,0,0,0,0,0,0,0,0,99,0,,0,0,0,0,
122,9.91,0,-11.2,0,0,0,0,0,1.9255,9.725,0,0,-16.1,0,0,0,0,0.0572958,0,0,0,0,98,0,0,0,0,0,0,60,0,0.00034,0.00034,0,0,0,0,0,0.8,0,0,0,0,0,0,1,0,0,0,0,0,0,0,0,99,0,,0,0,0,0,
END,Total:3
START,FrameNb:47,CameraNb:0,HeSaiNb:0,ARS410Nb:0
2026/08/02 21:35:32:631---->
heightOffset:0,1785677732631,240880,selfCaliBufCnt:0,selfAccObjCnt:0,selfAccAngle:0,installHAngleOffset:0,Interpolation:0,installVAngleOffset:0,radarOffsetH:0,radarOffsetV:0.32,Polynom:-0.001023;-0.0511;-2.047;0;0;0;-0.001023;-0.0511;-2.047;-25.5;0;0,WheelDirection:0;0;0;0,selfAngleOffset:0,selfAngleOffsetPit:0,currCaliAngleHrz:0,currCaliAnglePit:0,selfCaliAngleHrz:0,selfCaliAnglePit:0,servCaliAngleHrz:0,servCaliAnglePit:0,offlineCaliAngleHrz:0,offlineCaliAnglePit:0,determine2useFlag:0,IMU_Z_Accel:0,IMU_X_AngularRate:0,IMU_Y_AngularRate:0,IMU_RollAngle:0,IMU_PitchAngle:0,IMU_YawAngle:0,FcwID:0,FCWWarningLevel:0,FCWTTC:0
0,5.12,0,-6.88,0,0,0,0,0,0.613,5.0875,-0.125,0,-7.1,0,0,0,0,0.0572958,0,0,0,0,98,0,0,0,0,0,0,60,0,0.00034,0.00034,0,0,0,0,0,2.8,0,0,0,0,0,0,1,0,0,0,0,0,0,0,0,99,0,,0,0,0,0,
24,8.85,-0.11,27.05,0,0,0,0,0,-4.0245,7.8875,0,-0.125,-2.9,0,0,0,0,0.0572958,0,0,0,0,65,0,0,0,0,0,0,60,0,0.00034,0.00034,0,0,0,0,0,0.2,0,0,0,0,0,0,1,0,0,0,0,0,0,0,0,99,0,,0,0,0,0,
122,9.91,0,-11.2,0,0,0,0,0,1.9255,9.725,0,0,-16.1,0,0,0,0,0.0572958,0,0,0,0,98,0,0,0,0,0,0,60,0,0.00034,0.00034,0,0,0,0,0,0.8,0,0,0,0,0,0,1,0,0,0,0,0,0,0,0,99,0,,0,0,0,0,
END,Total:3
START,FrameNb:48,CameraNb:0,HeSaiNb:0,ARS410Nb:0
2026/08/02 21:35:32:685---->
heightOffset:0,1785677732685,240930,selfCaliBufCnt:0,selfAccObjCnt:0,selfAccAngle:0,installHAngleOffset:0,Interpolation:0,installVAngleOffset:0,radarOffsetH:0,radarOffsetV:0.32,Polynom:-0.001023;-0.0511;-2.047;0;0;0;-0.001023;-0.0511;-2.047;-25.5;0;0,WheelDirection:0;0;0;0,selfAngleOffset:0,selfAngleOffsetPit:0,currCaliAngleHrz:0,currCaliAnglePit:0,selfCaliAngleHrz:0,selfCaliAnglePit:0,servCaliAngleHrz:0,servCaliAnglePit:0,offlineCaliAngleHrz:0,offlineCaliAnglePit:0,determine2useFlag:0,IMU_Z_Accel:0,IMU_X_AngularRate:0,IMU_Y_AngularRate:0,IMU_RollAngle:0,IMU_PitchAngle:0,IMU_YawAngle:0,FcwID:0,FCWWarningLevel:0,FCWTTC:0
0,5.12,0,-6.88,0,0,0,0,0,0.613,5.0875,-0.125,0,-7.1,0,0,0,0,0.0572958,0,0,0,0,98,0,0,0,0,0,0,54,0,0.00034,0.00034,0,0,0,0,0,3,0,0,0,0,0,0,1,0,0,0,0,0,0,0,0,99,0,,0,0,0,0,
24,8.85,-0.11,27.05,0,0,0,0,0,-4.0245,7.8875,0,-0.125,-2.9,0,0,0,0,0.0572958,0,0,0,0,65,0,0,0,0,0,0,54,0,0.00034,0.00034,0,0,0,0,0,0.2,0,0,0,0,0,0,1,0,0,0,0,0,0,0,0,99,0,,0,0,0,0,
122,9.91,0,-11.2,0,0,0,0,0,1.9255,9.725,0,0,-16.1,0,0,0,0,0.0572958,0,0,0,0,98,0,0,0,0,0,0,54,0,0.00034,0.00034,0,0,0,0,0,0.8,0,0,0,0,0,0,1,0,0,0,0,0,0,0,0,99,0,,0,0,0,0,
END,Total:3
START,FrameNb:49,CameraNb:0,HeSaiNb:0,ARS410Nb:0
2026/08/02 21:35:32:746---->
heightOffset:0,1785677732746,240980,selfCaliBufCnt:0,selfAccObjCnt:0,selfAccAngle:0,installHAngleOffset:0,Interpolation:0,installVAngleOffset:0,radarOffsetH:0,radarOffsetV:0.32,Polynom:-0.001023;-0.0511;-2.047;0;0;0;-0.001023;-0.0511;-2.047;-25.5;0;0,WheelDirection:0;0;0;0,selfAngleOffset:0,selfAngleOffsetPit:0,currCaliAngleHrz:0,currCaliAnglePit:0,selfCaliAngleHrz:0,selfCaliAnglePit:0,servCaliAngleHrz:0,servCaliAnglePit:0,offlineCaliAngleHrz:0,offlineCaliAnglePit:0,determine2useFlag:0,IMU_Z_Accel:0,IMU_X_AngularRate:0,IMU_Y_AngularRate:0,IMU_RollAngle:0,IMU_PitchAngle:0,IMU_YawAngle:0,FcwID:0,FCWWarningLevel:0,FCWTTC:0
0,5.12,0,-6.88,0,0,0,0,0,0.613,5.0875,-0.125,0,-7.1,0,0,0,0,0.0572958,0,0,0,0,98,0,0,0,0,0,0,57,0,0.00034,0.00034,0,0,0,0,0,3,0,0,0,0,0,0,1,0,0,0,0,0,0,0,0,99,0,,0,0,0,0,
24,8.85,-0.11,27.05,0,0,0,0,0,-4.0245,7.8875,0,-0.125,-2.9,0,0,0,0,0.0572958,0,0,0,0,65,0,0,0,0,0,0,57,0,0.00034,0.00034,0,0,0,0,0,0.2,0,0,0,0,0,0,1,0,0,0,0,0,0,0,0,99,0,,0,0,0,0,
122,9.91,0,-11.2,0,0,0,0,0,1.9255,9.725,0,0,-16.1,0,0,0,0,0.0572958,0,0,0,0,98,0,0,0,0,0,0,57,0,0.00034,0.00034,0,0,0,0,0,0.8,0,0,0,0,0,0,1,0,0,0,0,0,0,0,0,99,0,,0,0,0,0,
END,Total:3
START,FrameNb:50,CameraNb:0,HeSaiNb:0,ARS410Nb:0
2026/08/02 21:35:32:808---->
heightOffset:0,1785677732808,241030,selfCaliBufCnt:0,selfAccObjCnt:0,selfAccAngle:0,installHAngleOffset:0,Interpolation:0,installVAngleOffset:0,radarOffsetH:0,radarOffsetV:0.32,Polynom:-0.001023;-0.0511;-2.047;0;0;0;-0.001023;-0.0511;-2.047;-25.5;0;0,WheelDirection:0;0;0;0,selfAngleOffset:0,selfAngleOffsetPit:0,currCaliAngleHrz:0,currCaliAnglePit:0,selfCaliAngleHrz:0,selfCaliAnglePit:0,servCaliAngleHrz:0,servCaliAnglePit:0,offlineCaliAngleHrz:0,offlineCaliAnglePit:0,determine2useFlag:0,IMU_Z_Accel:0,IMU_X_AngularRate:0,IMU_Y_AngularRate:0,IMU_RollAngle:0,IMU_PitchAngle:0,IMU_YawAngle:0,FcwID:0,FCWWarningLevel:0,FCWTTC:0
0,5.12,0,-6.88,0,0,0,0,0,0.613,5.0875,-0.125,0,-7.1,0,0,0,0,0.0572958,0,0,0,0,98,0,0,0,0,0,0,57,0,0.00034,0.00034,0,0,0,0,0,3.2,0,0,0,0,0,0,1,0,0,0,0,0,0,0,0,99,0,,0,0,0,0,
24,8.85,-0.11,27.05,0,0,0,0,0,-4.0245,7.8875,0,-0.125,-2.9,0,0,0,0,0.0572958,0,0,0,0,65,0,0,0,0,0,0,57,0,0.00034,0.00034,0,0,0,0,0,0,0,0,0,0,0,0,1,0,0,0,0,0,0,0,0,99,0,,0,0,0,0,
122,9.91,0,-11.2,0,0,0,0,0,1.9255,9.725,0,0,-16.1,0,0,0,0,0.0572958,0,0,0,0,98,0,0,0,0,0,0,57,0,0.00034,0.00034,0,0,0,0,0,0.8,0,0,0,0,0,0,1,0,0,0,0,0,0,0,0,99,0,,0,0,0,0,
END,Total:3
START,FrameNb:51,CameraNb:0,HeSaiNb:0,ARS410Nb:0
2026/08/02 21:35:32:868---->
heightOffset:0,1785677732868,241081,selfCaliBufCnt:0,selfAccObjCnt:0,selfAccAngle:0,installHAngleOffset:0,Interpolation:0,installVAngleOffset:0,radarOffsetH:0,radarOffsetV:0.32,Polynom:-0.001023;-0.0511;-2.047;0;0;0;-0.001023;-0.0511;-2.047;-25.5;0;0,WheelDirection:0;0;0;0,selfAngleOffset:0,selfAngleOffsetPit:0,currCaliAngleHrz:0,currCaliAnglePit:0,selfCaliAngleHrz:0,selfCaliAnglePit:0,servCaliAngleHrz:0,servCaliAnglePit:0,offlineCaliAngleHrz:0,offlineCaliAnglePit:0,determine2useFlag:0,IMU_Z_Accel:0,IMU_X_AngularRate:0,IMU_Y_AngularRate:0,IMU_RollAngle:0,IMU_PitchAngle:0,IMU_YawAngle:0,FcwID:0,FCWWarningLevel:0,FCWTTC:0
0,5.12,0,-6.88,0,0,0,0,0,0.613,5.0875,-0.125,0,-7.1,0,0,0,0,0.0572958,0,0,0,0,98,0,0,0,0,0,0,53,0,0.00034,0.00034,0,0,0,0,0,3.2,0,0,0,0,0,0,1,0,0,0,0,0,0,0,0,99,0,,0,0,0,0,
24,8.85,-0.11,27.05,0,0,0,0,0,-4.0245,7.8875,0,-0.125,-2.9,0,0,0,0,0.0572958,0,0,0,0,65,0,0,0,0,0,0,53,0,0.00034,0.00034,0,0,0,0,0,0,0,0,0,0,0,0,1,0,0,0,0,0,0,0,0,99,0,,0,0,0,0,
122,9.91,0,-11.2,0,0,0,0,0,1.9255,9.725,0,0,-15.9,0,0,0,0,0.0572958,0,0,0,0,98,0,0,0,0,0,0,53,0,0.00034,0.00034,0,0,0,0,0,0.8,0,0,0,0,0,0,1,0,0,0,0,0,0,0,0,99,0,,0,0,0,0,
END,Total:3
START,FrameNb:52,CameraNb:0,HeSaiNb:0,ARS410Nb:0
2026/08/02 21:35:32:883---->
heightOffset:0,1785677732883,241130,selfCaliBufCnt:0,selfAccObjCnt:0,selfAccAngle:0,installHAngleOffset:0,Interpolation:0,installVAngleOffset:0,radarOffsetH:0,radarOffsetV:0.32,Polynom:-0.001023;-0.0511;-2.047;0;0;0;-0.001023;-0.0511;-2.047;-25.5;0;0,WheelDirection:0;0;0;0,selfAngleOffset:0,selfAngleOffsetPit:0,currCaliAngleHrz:0,currCaliAnglePit:0,selfCaliAngleHrz:0,selfCaliAnglePit:0,servCaliAngleHrz:0,servCaliAnglePit:0,offlineCaliAngleHrz:0,offlineCaliAnglePit:0,determine2useFlag:0,IMU_Z_Accel:0,IMU_X_AngularRate:0,IMU_Y_AngularRate:0,IMU_RollAngle:0,IMU_PitchAngle:0,IMU_YawAngle:0,FcwID:0,FCWWarningLevel:0,FCWTTC:0
0,5.12,0,-6.88,0,0,0,0,0,0.613,5.0875,-0.125,0,-7.1,0,0,0,0,0.0572958,0,0,0,0,98,0,0,0,0,0,0,58,0,0.00034,0.00034,0,0,0,0,0,2.6,0,0,0,0,0,0,1,0,0,0,0,0,0,0,0,99,0,,0,0,0,0,
24,8.85,-0.11,27.05,0,0,0,0,0,-4.0245,7.8875,0,-0.125,-2.9,0,0,0,0,0.0572958,0,0,0,0,65,0,0,0,0,0,0,58,0,0.00034,0.00034,0,0,0,0,0,0.2,0,0,0,0,0,0,1,0,0,0,0,0,0,0,0,99,0,,0,0,0,0,
122,9.91,0,-11.2,0,0,0,0,0,1.9255,9.725,0,0,-15.9,0,0,0,0,0.0572958,0,0,0,0,98,0,0,0,0,0,0,58,0,0.00034,0.00034,0,0,0,0,0,0.8,0,0,0,0,0,0,1,0,0,0,0,0,0,0,0,99,0,,0,0,0,0,
END,Total:3
START,FrameNb:53,CameraNb:0,HeSaiNb:0,ARS410Nb:0
2026/08/02 21:35:32:940---->
heightOffset:0,1785677732940,241180,selfCaliBufCnt:0,selfAccObjCnt:0,selfAccAngle:0,installHAngleOffset:0,Interpolation:0,installVAngleOffset:0,radarOffsetH:0,radarOffsetV:0.32,Polynom:-0.001023;-0.0511;-2.047;0;0;0;-0.001023;-0.0511;-2.047;-25.5;0;0,WheelDirection:0;0;0;0,selfAngleOffset:0,selfAngleOffsetPit:0,currCaliAngleHrz:0,currCaliAnglePit:0,selfCaliAngleHrz:0,selfCaliAnglePit:0,servCaliAngleHrz:0,servCaliAnglePit:0,offlineCaliAngleHrz:0,offlineCaliAnglePit:0,determine2useFlag:0,IMU_Z_Accel:0,IMU_X_AngularRate:0,IMU_Y_AngularRate:0,IMU_RollAngle:0,IMU_PitchAngle:0,IMU_YawAngle:0,FcwID:0,FCWWarningLevel:0,FCWTTC:0
0,5.12,0,-6.88,0,0,0,0,0,0.613,5.0875,-0.125,0,-7.1,0,0,0,0,0.0572958,0,0,0,0,98,0,0,0,0,0,0,54,0,0.00034,0.00034,0,0,0,0,0,3,0,0,0,0,0,0,1,0,0,0,0,0,0,0,0,99,0,,0,0,0,0,
24,8.85,-0.11,27.05,0,0,0,0,0,-4.0245,7.8875,0,-0.125,-2.9,0,0,0,0,0.0572958,0,0,0,0,65,0,0,0,0,0,0,54,0,0.00034,0.00034,0,0,0,0,0,0.2,0,0,0,0,0,0,1,0,0,0,0,0,0,0,0,99,0,,0,0,0,0,
122,9.91,0,-11.2,0,0,0,0,0,1.9255,9.725,0,0,-16.1,0,0,0,0,0.0572958,0,0,0,0,98,0,0,0,0,0,0,54,0,0.00034,0.00034,0,0,0,0,0,0.8,0,0,0,0,0,0,1,0,0,0,0,0,0,0,0,99,0,,0,0,0,0,
END,Total:3
START,FrameNb:54,CameraNb:0,HeSaiNb:0,ARS410Nb:0
2026/08/02 21:35:32:995---->
heightOffset:0,1785677732995,241230,selfCaliBufCnt:0,selfAccObjCnt:0,selfAccAngle:0,installHAngleOffset:0,Interpolation:0,installVAngleOffset:0,radarOffsetH:0,radarOffsetV:0.32,Polynom:-0.001023;-0.0511;-2.047;0;0;0;-0.001023;-0.0511;-2.047;-25.5;0;0,WheelDirection:0;0;0;0,selfAngleOffset:0,selfAngleOffsetPit:0,currCaliAngleHrz:0,currCaliAnglePit:0,selfCaliAngleHrz:0,selfCaliAnglePit:0,servCaliAngleHrz:0,servCaliAnglePit:0,offlineCaliAngleHrz:0,offlineCaliAnglePit:0,determine2useFlag:0,IMU_Z_Accel:0,IMU_X_AngularRate:0,IMU_Y_AngularRate:0,IMU_RollAngle:0,IMU_PitchAngle:0,IMU_YawAngle:0,FcwID:0,FCWWarningLevel:0,FCWTTC:0
0,5.12,0,-6.88,0,0,0,0,0,0.613,5.0875,-0.125,0,-7.1,0,0,0,0,0.0572958,0,0,0,0,98,0,0,0,0,0,0,61,0,0.00034,0.00034,0,0,0,0,0,3,0,0,0,0,0,0,1,0,0,0,0,0,0,0,0,99,0,,0,0,0,0,
24,8.85,-0.11,27.05,0,0,0,0,0,-4.0245,7.8875,0,-0.125,-2.9,0,0,0,0,0.0572958,0,0,0,0,65,0,0,0,0,0,0,61,0,0.00034,0.00034,0,0,0,0,0,0.4,0,0,0,0,0,0,1,0,0,0,0,0,0,0,0,99,0,,0,0,0,0,
122,9.91,0,-11.2,0,0,0,0,0,1.9255,9.725,0,0,-16.1,0,0,0,0,0.0572958,0,0,0,0,98,0,0,0,0,0,0,61,0,0.00034,0.00034,0,0,0,0,0,0.8,0,0,0,0,0,0,1,0,0,0,0,0,0,0,0,99,0,,0,0,0,0,
END,Total:3
START,FrameNb:55,CameraNb:0,HeSaiNb:0,ARS410Nb:0
2026/08/02 21:35:33:060---->
heightOffset:0,1785677733060,241280,selfCaliBufCnt:0,selfAccObjCnt:0,selfAccAngle:0,installHAngleOffset:0,Interpolation:0,installVAngleOffset:0,radarOffsetH:0,radarOffsetV:0.32,Polynom:-0.001023;-0.0511;-2.047;0;0;0;-0.001023;-0.0511;-2.047;-25.5;0;0,WheelDirection:0;0;0;0,selfAngleOffset:0,selfAngleOffsetPit:0,currCaliAngleHrz:0,currCaliAnglePit:0,selfCaliAngleHrz:0,selfCaliAnglePit:0,servCaliAngleHrz:0,servCaliAnglePit:0,offlineCaliAngleHrz:0,offlineCaliAnglePit:0,determine2useFlag:0,IMU_Z_Accel:0,IMU_X_AngularRate:0,IMU_Y_AngularRate:0,IMU_RollAngle:0,IMU_PitchAngle:0,IMU_YawAngle:0,FcwID:0,FCWWarningLevel:0,FCWTTC:0
0,5.12,0,-6.88,0,0,0,0,0,0.613,5.0875,0,0,-7.1,0,0,0,0,0.0572958,0,0,0,0,98,0,0,0,0,0,0,58,0,0.00034,0.00034,0,0,0,0,0,3.2,0,0,0,0,0,0,1,0,0,0,0,0,0,0,0,99,0,,0,0,0,0,
24,8.85,-0.11,27.05,0,0,0,0,0,-4.0245,7.8875,0,-0.125,-2.9,0,0,0,0,0.0572958,0,0,0,0,65,0,0,0,0,0,0,58,0,0.00034,0.00034,0,0,0,0,0,0.2,0,0,0,0,0,0,1,0,0,0,0,0,0,0,0,99,0,,0,0,0,0,
122,9.91,0,-11.2,0,0,0,0,0,1.9255,9.725,0,0,-16.1,0,0,0,0,0.0572958,0,0,0,0,98,0,0,0,0,0,0,58,0,0.00034,0.00034,0,0,0,0,0,0.8,0,0,0,0,0,0,1,0,0,0,0,0,0,0,0,99,0,,0,0,0,0,
END,Total:3
START,FrameNb:56,CameraNb:0,HeSaiNb:0,ARS410Nb:0
2026/08/02 21:35:33:110---->
heightOffset:0,1785677733110,241330,selfCaliBufCnt:0,selfAccObjCnt:0,selfAccAngle:0,installHAngleOffset:0,Interpolation:0,installVAngleOffset:0,radarOffsetH:0,radarOffsetV:0.32,Polynom:-0.001023;-0.0511;-2.047;0;0;0;-0.001023;-0.0511;-2.047;-25.5;0;0,WheelDirection:0;0;0;0,selfAngleOffset:0,selfAngleOffsetPit:0,currCaliAngleHrz:0,currCaliAnglePit:0,selfCaliAngleHrz:0,selfCaliAnglePit:0,servCaliAngleHrz:0,servCaliAnglePit:0,offlineCaliAngleHrz:0,offlineCaliAnglePit:0,determine2useFlag:0,IMU_Z_Accel:0,IMU_X_AngularRate:0,IMU_Y_AngularRate:0,IMU_RollAngle:0,IMU_PitchAngle:0,IMU_YawAngle:0,FcwID:0,FCWWarningLevel:0,FCWTTC:0
0,5.12,0,-6.88,0,0,0,0,0,0.613,5.0875,-0.125,0,-7.1,0,0,0,0,0.0572958,0,0,0,0,98,0,0,0,0,0,0,59,0,0.00034,0.00034,0,0,0,0,0,3.2,0,0,0,0,0,0,1,0,0,0,0,0,0,0,0,99,0,,0,0,0,0,
24,8.85,-0.11,27.05,0,0,0,0,0,-4.0245,7.8875,0,-0.125,-2.9,0,0,0,0,0.0572958,0,0,0,0,65,0,0,0,0,0,0,59,0,0.00034,0.00034,0,0,0,0,0,0.2,0,0,0,0,0,0,1,0,0,0,0,0,0,0,0,99,0,,0,0,0,0,
122,9.91,0,-11.2,0,0,0,0,0,1.9255,9.725,0,0,-16.1,0,0,0,0,0.0572958,0,0,0,0,98,0,0,0,0,0,0,59,0,0.00034,0.00034,0,0,0,0,0,0.8,0,0,0,0,0,0,1,0,0,0,0,0,0,0,0,99,0,,0,0,0,0,
END,Total:3
START,FrameNb:57,CameraNb:0,HeSaiNb:0,ARS410Nb:0
2026/08/02 21:35:33:124---->
heightOffset:0,1785677733124,241380,selfCaliBufCnt:0,selfAccObjCnt:0,selfAccAngle:0,installHAngleOffset:0,Interpolation:0,installVAngleOffset:0,radarOffsetH:0,radarOffsetV:0.32,Polynom:-0.001023;-0.0511;-2.047;0;0;0;-0.001023;-0.0511;-2.047;-25.5;0;0,WheelDirection:0;0;0;0,selfAngleOffset:0,selfAngleOffsetPit:0,currCaliAngleHrz:0,currCaliAnglePit:0,selfCaliAngleHrz:0,selfCaliAnglePit:0,servCaliAngleHrz:0,servCaliAnglePit:0,offlineCaliAngleHrz:0,offlineCaliAnglePit:0,determine2useFlag:0,IMU_Z_Accel:0,IMU_X_AngularRate:0,IMU_Y_AngularRate:0,IMU_RollAngle:0,IMU_PitchAngle:0,IMU_YawAngle:0,FcwID:0,FCWWarningLevel:0,FCWTTC:0
0,5.12,0,-6.88,0,0,0,0,0,0.613,5.0875,0,0,-7.1,0,0,0,0,0.0572958,0,0,0,0,98,0,0,0,0,0,0,53,0,0.00034,0.00034,0,0,0,0,0,3.4,0,0,0,0,0,0,1,0,0,0,0,0,0,0,0,99,0,,0,0,0,0,
24,8.85,-0.11,27.05,0,0,0,0,0,-4.0245,7.8875,0,-0.125,-2.9,0,0,0,0,0.0572958,0,0,0,0,65,0,0,0,0,0,0,53,0,0.00034,0.00034,0,0,0,0,0,0.2,0,0,0,0,0,0,1,0,0,0,0,0,0,0,0,99,0,,0,0,0,0,
122,9.91,0,-11.2,0,0,0,0,0,1.9255,9.725,0,0,-16.1,0,0,0,0,0.0572958,0,0,0,0,98,0,0,0,0,0,0,53,0,0.00034,0.00034,0,0,0,0,0,0.8,0,0,0,0,0,0,1,0,0,0,0,0,0,0,0,99,0,,0,0,0,0,
END,Total:3
START,FrameNb:58,CameraNb:0,HeSaiNb:0,ARS410Nb:0
2026/08/02 21:35:33:183---->
heightOffset:0,1785677733183,241430,selfCaliBufCnt:0,selfAccObjCnt:0,selfAccAngle:0,installHAngleOffset:0,Interpolation:0,installVAngleOffset:0,radarOffsetH:0,radarOffsetV:0.32,Polynom:-0.001023;-0.0511;-2.047;0;0;0;-0.001023;-0.0511;-2.047;-25.5;0;0,WheelDirection:0;0;0;0,selfAngleOffset:0,selfAngleOffsetPit:0,currCaliAngleHrz:0,currCaliAnglePit:0,selfCaliAngleHrz:0,selfCaliAnglePit:0,servCaliAngleHrz:0,servCaliAnglePit:0,offlineCaliAngleHrz:0,offlineCaliAnglePit:0,determine2useFlag:0,IMU_Z_Accel:0,IMU_X_AngularRate:0,IMU_Y_AngularRate:0,IMU_RollAngle:0,IMU_PitchAngle:0,IMU_YawAngle:0,FcwID:0,FCWWarningLevel:0,FCWTTC:0
0,5.12,0,-6.88,0,0,0,0,0,0.613,5.0875,0,0,-7.1,0,0,0,0,0.0572958,0,0,0,0,98,0,0,0,0,0,0,57,0,0.00034,0.00034,0,0,0,0,0,3.4,0,0,0,0,0,0,1,0,0,0,0,0,0,0,0,99,0,,0,0,0,0,
24,8.85,-0.11,27.05,0,0,0,0,0,-4.0245,7.8875,0,-0.125,-2.9,0,0,0,0,0.0572958,0,0,0,0,65,0,0,0,0,0,0,57,0,0.00034,0.00034,0,0,0,0,0,0.2,0,0,0,0,0,0,1,0,0,0,0,0,0,0,0,99,0,,0,0,0,0,
122,9.91,0,-11.2,0,0,0,0,0,1.9255,9.725,0,0,-16.1,0,0,0,0,0.0572958,0,0,0,0,98,0,0,0,0,0,0,57,0,0.00034,0.00034,0,0,0,0,0,0.8,0,0,0,0,0,0,1,0,0,0,0,0,0,0,0,99,0,,0,0,0,0,
END,Total:3
START,FrameNb:59,CameraNb:0,HeSaiNb:0,ARS410Nb:0
2026/08/02 21:35:33:245---->
heightOffset:0,1785677733245,241481,selfCaliBufCnt:0,selfAccObjCnt:0,selfAccAngle:0,installHAngleOffset:0,Interpolation:0,installVAngleOffset:0,radarOffsetH:0,radarOffsetV:0.32,Polynom:-0.001023;-0.0511;-2.047;0;0;0;-0.001023;-0.0511;-2.047;-25.5;0;0,WheelDirection:0;0;0;0,selfAngleOffset:0,selfAngleOffsetPit:0,currCaliAngleHrz:0,currCaliAnglePit:0,selfCaliAngleHrz:0,selfCaliAnglePit:0,servCaliAngleHrz:0,servCaliAnglePit:0,offlineCaliAngleHrz:0,offlineCaliAnglePit:0,determine2useFlag:0,IMU_Z_Accel:0,IMU_X_AngularRate:0,IMU_Y_AngularRate:0,IMU_RollAngle:0,IMU_PitchAngle:0,IMU_YawAngle:0,FcwID:0,FCWWarningLevel:0,FCWTTC:0
0,5.12,0,-6.88,0,0,0,0,0,0.613,5.0875,0,0,-7.1,0,0,0,0,0.0572958,0,0,0,0,98,0,0,0,0,0,0,57,0,0.00034,0.00034,0,0,0,0,0,3.4,0,0,0,0,0,0,1,0,0,0,0,0,0,0,0,99,0,,0,0,0,0,
24,8.85,-0.11,27.05,0,0,0,0,0,-4.0245,7.8875,0,-0.125,-2.9,0,0,0,0,0.0572958,0,0,0,0,65,0,0,0,0,0,0,57,0,0.00034,0.00034,0,0,0,0,0,0,0,0,0,0,0,0,1,0,0,0,0,0,0,0,0,99,0,,0,0,0,0,
122,9.91,0,-11.2,0,0,0,0,0,1.9255,9.725,0,0,-16.1,0,0,0,0,0.0572958,0,0,0,0,98,0,0,0,0,0,0,57,0,0.00034,0.00034,0,0,0,0,0,0.8,0,0,0,0,0,0,1,0,0,0,0,0,0,0,0,99,0,,0,0,0,0,
END,Total:3
START,FrameNb:60,CameraNb:0,HeSaiNb:0,ARS410Nb:0
2026/08/02 21:35:33:304---->
heightOffset:0,1785677733304,241531,selfCaliBufCnt:0,selfAccObjCnt:0,selfAccAngle:0,installHAngleOffset:0,Interpolation:0,installVAngleOffset:0,radarOffsetH:0,radarOffsetV:0.32,Polynom:-0.001023;-0.0511;-2.047;0;0;0;-0.001023;-0.0511;-2.047;-25.5;0;0,WheelDirection:0;0;0;0,selfAngleOffset:0,selfAngleOffsetPit:0,currCaliAngleHrz:0,currCaliAnglePit:0,selfCaliAngleHrz:0,selfCaliAnglePit:0,servCaliAngleHrz:0,servCaliAnglePit:0,offlineCaliAngleHrz:0,offlineCaliAnglePit:0,determine2useFlag:0,IMU_Z_Accel:0,IMU_X_AngularRate:0,IMU_Y_AngularRate:0,IMU_RollAngle:0,IMU_PitchAngle:0,IMU_YawAngle:0,FcwID:0,FCWWarningLevel:0,FCWTTC:0
0,5.12,0,-6.88,0,0,0,0,0,0.613,5.0875,0,0,-7.1,0,0,0,0,0.0572958,0,0,0,0,98,0,0,0,0,0,0,54,0,0.00034,0.00034,0,0,0,0,0,3.4,0,0,0,0,0,0,1,0,0,0,0,0,0,0,0,99,0,,0,0,0,0,
24,8.85,-0.11,27.05,0,0,0,0,0,-4.0245,7.8875,0,-0.125,-2.9,0,0,0,0,0.0572958,0,0,0,0,64,0,0,0,0,0,0,54,0,0.00034,0.00034,0,0,0,0,0,0,0,0,0,0,0,0,1,0,0,0,0,0,0,0,0,99,0,,0,0,0,0,
122,9.9,-0.12,-10.7,0,0,0,0,0,1.838,9.725,0,-0.125,-16.1,0,0,0,0,0.0572958,0,0,0,0,98,0,0,0,0,0,0,54,0,0.00034,0.00034,0,0,0,0,0,0.8,0,0,0,0,0,0,1,0,0,0,0,0,0,0,0,99,0,,0,0,0,0,
END,Total:3
START,FrameNb:61,CameraNb:0,HeSaiNb:0,ARS410Nb:0
2026/08/02 21:35:33:357---->
heightOffset:0,1785677733357,241580,selfCaliBufCnt:0,selfAccObjCnt:0,selfAccAngle:0,installHAngleOffset:0,Interpolation:0,installVAngleOffset:0,radarOffsetH:0,radarOffsetV:0.32,Polynom:-0.001023;-0.0511;-2.047;0;0;0;-0.001023;-0.0511;-2.047;-25.5;0;0,WheelDirection:0;0;0;0,selfAngleOffset:0,selfAngleOffsetPit:0,currCaliAngleHrz:0,currCaliAnglePit:0,selfCaliAngleHrz:0,selfCaliAnglePit:0,servCaliAngleHrz:0,servCaliAnglePit:0,offlineCaliAngleHrz:0,offlineCaliAnglePit:0,determine2useFlag:0,IMU_Z_Accel:0,IMU_X_AngularRate:0,IMU_Y_AngularRate:0,IMU_RollAngle:0,IMU_PitchAngle:0,IMU_YawAngle:0,FcwID:0,FCWWarningLevel:0,FCWTTC:0
0,5.12,0,-6.88,0,0,0,0,0,0.613,5.0875,0,0,-7.1,0,0,0,0,0.0572958,0,0,0,0,98,0,0,0,0,0,0,57,0,0.00034,0.00034,0,0,0,0,0,3.4,0,0,0,0,0,0,1,0,0,0,0,0,0,0,0,99,0,,0,0,0,0,
24,8.85,-0.11,27.05,0,0,0,0,0,-4.0245,7.8875,-0.125,-0.125,-3.1,0,0,0,0,0.0572958,0,0,0,0,64,0,0,0,0,0,0,57,0,0.00034,0.00034,0,0,0,0,0,0.2,0,0,0,0,0,0,1,0,0,0,0,0,0,0,0,99,0,,0,0,0,0,
122,9.91,-0.12,-11.2,0,0,0,0,0,1.9255,9.725,0,-0.125,-16.1,0,0,0,0,0.0572958,0,0,0,0,98,0,0,0,0,0,0,57,0,0.00034,0.00034,0,0,0,0,0,0.8,0,0,0,0,0,0,1,0,0,0,0,0,0,0,0,99,0,,0,0,0,0,
END,Total:3
START,FrameNb:62,CameraNb:0,HeSaiNb:0,ARS410Nb:0
2026/08/02 21:35:33:372---->
heightOffset:0,1785677733372,241630,selfCaliBufCnt:0,selfAccObjCnt:0,selfAccAngle:0,installHAngleOffset:0,Interpolation:0,installVAngleOffset:0,radarOffsetH:0,radarOffsetV:0.32,Polynom:-0.001023;-0.0511;-2.047;0;0;0;-0.001023;-0.0511;-2.047;-25.5;0;0,WheelDirection:0;0;0;0,selfAngleOffset:0,selfAngleOffsetPit:0,currCaliAngleHrz:0,currCaliAnglePit:0,selfCaliAngleHrz:0,selfCaliAnglePit:0,servCaliAngleHrz:0,servCaliAnglePit:0,offlineCaliAngleHrz:0,offlineCaliAnglePit:0,determine2useFlag:0,IMU_Z_Accel:0,IMU_X_AngularRate:0,IMU_Y_AngularRate:0,IMU_RollAngle:0,IMU_PitchAngle:0,IMU_YawAngle:0,FcwID:0,FCWWarningLevel:0,FCWTTC:0
0,5.12,0,-6.88,0,0,0,0,0,0.613,5.0875,0,0,-7.1,0,0,0,0,0.0572958,0,0,0,0,98,0,0,0,0,0,0,53,0,0.00034,0.00034,0,0,0,0,0,3.4,0,0,0,0,0,0,1,0,0,0,0,0,0,0,0,99,0,,0,0,0,0,
24,8.85,-0.11,27.05,0,0,0,0,0,-4.0245,7.8875,-0.125,-0.125,-3.1,0,0,0,0,0.0572958,0,0,0,0,64,0,0,0,0,0,0,53,0,0.00034,0.00034,0,0,0,0,0,0.4,0,0,0,0,0,0,1,0,0,0,0,0,0,0,0,99,0,,0,0,0,0,
122,9.91,-0.12,-11.2,0,0,0,0,0,1.9255,9.725,0,-0.125,-16.1,0,0,0,0,0.0572958,0,0,0,0,98,0,0,0,0,0,0,53,0,0.00034,0.00034,0,0,0,0,0,0.8,0,0,0,0,0,0,1,0,0,0,0,0,0,0,0,99,0,,0,0,0,0,
END,Total:3
START,FrameNb:63,CameraNb:0,HeSaiNb:0,ARS410Nb:0
2026/08/02 21:35:33:422---->
heightOffset:0,1785677733422,241680,selfCaliBufCnt:0,selfAccObjCnt:0,selfAccAngle:0,installHAngleOffset:0,Interpolation:0,installVAngleOffset:0,radarOffsetH:0,radarOffsetV:0.32,Polynom:-0.001023;-0.0511;-2.047;0;0;0;-0.001023;-0.0511;-2.047;-25.5;0;0,WheelDirection:0;0;0;0,selfAngleOffset:0,selfAngleOffsetPit:0,currCaliAngleHrz:0,currCaliAnglePit:0,selfCaliAngleHrz:0,selfCaliAnglePit:0,servCaliAngleHrz:0,servCaliAnglePit:0,offlineCaliAngleHrz:0,offlineCaliAnglePit:0,determine2useFlag:0,IMU_Z_Accel:0,IMU_X_AngularRate:0,IMU_Y_AngularRate:0,IMU_RollAngle:0,IMU_PitchAngle:0,IMU_YawAngle:0,FcwID:0,FCWWarningLevel:0,FCWTTC:0
0,5.12,0,-6.88,0,0,0,0,0,0.613,5.0875,-0.125,0,-7.1,0,0,0,0,0.0572958,0,0,0,0,98,0,0,0,0,0,0,66,0,0.00034,0.00034,0,0,0,0,0,2.8,0,0,0,0,0,0,1,0,0,0,0,0,0,0,0,99,0,,0,0,0,0,
24,8.85,-0.11,27.05,0,0,0,0,0,-4.0245,7.8875,-0.125,-0.125,-3.1,0,0,0,0,0.0572958,0,0,0,0,65,0,0,0,0,0,0,66,0,0.00034,0.00034,0,0,0,0,0,0.6,0,0,0,0,0,0,1,0,0,0,0,0,0,0,0,99,0,,0,0,0,0,
122,9.9,-0.12,-10.7,0,0,0,0,0,1.838,9.725,0,-0.125,-16.1,0,0,0,0,0.0572958,0,0,0,0,98,0,0,0,0,0,0,66,0,0.00034,0.00034,0,0,0,0,0,0.8,0,0,0,0,0,0,1,0,0,0,0,0,0,0,0,99,0,,0,0,0,0,
END,Total:3
START,FrameNb:64,CameraNb:0,HeSaiNb:0,ARS410Nb:0
2026/08/02 21:35:33:485---->
heightOffset:0,1785677733485,241730,selfCaliBufCnt:0,selfAccObjCnt:0,selfAccAngle:0,installHAngleOffset:0,Interpolation:0,installVAngleOffset:0,radarOffsetH:0,radarOffsetV:0.32,Polynom:-0.001023;-0.0511;-2.047;0;0;0;-0.001023;-0.0511;-2.047;-25.5;0;0,WheelDirection:0;0;0;0,selfAngleOffset:0,selfAngleOffsetPit:0,currCaliAngleHrz:0,currCaliAnglePit:0,selfCaliAngleHrz:0,selfCaliAnglePit:0,servCaliAngleHrz:0,servCaliAnglePit:0,offlineCaliAngleHrz:0,offlineCaliAnglePit:0,determine2useFlag:0,IMU_Z_Accel:0,IMU_X_AngularRate:0,IMU_Y_AngularRate:0,IMU_RollAngle:0,IMU_PitchAngle:0,IMU_YawAngle:0,FcwID:0,FCWWarningLevel:0,FCWTTC:0
0,5.12,0,-6.88,0,0,0,0,0,0.613,5.0875,0,0,-7.1,0,0,0,0,0.0572958,0,0,0,0,98,0,0,0,0,0,0,55,0,0.00034,0.00034,0,0,0,0,0,3,0,0,0,0,0,0,1,0,0,0,0,0,0,0,0,99,0,,0,0,0,0,
24,8.85,-0.11,27.05,0,0,0,0,0,-4.0245,7.8875,-0.125,-0.125,-3.1,0,0,0,0,0.0572958,0,0,0,0,65,0,0,0,0,0,0,55,0,0.00034,0.00034,0,0,0,0,0,0.4,0,0,0,0,0,0,1,0,0,0,0,0,0,0,0,99,0,,0,0,0,0,
122,9.9,-0.12,-10.7,0,0,0,0,0,1.838,9.725,0,-0.125,-16.1,0,0,0,0,0.0572958,0,0,0,0,98,0,0,0,0,0,0,55,0,0.00034,0.00034,0,0,0,0,0,0.8,0,0,0,0,0,0,1,0,0,0,0,0,0,0,0,99,0,,0,0,0,0,
END,Total:3
START,FrameNb:65,CameraNb:0,HeSaiNb:0,ARS410Nb:0
2026/08/02 21:35:33:550---->
heightOffset:0,1785677733550,241780,selfCaliBufCnt:0,selfAccObjCnt:0,selfAccAngle:0,installHAngleOffset:0,Interpolation:0,installVAngleOffset:0,radarOffsetH:0,radarOffsetV:0.32,Polynom:-0.001023;-0.0511;-2.047;0;0;0;-0.001023;-0.0511;-2.047;-25.5;0;0,WheelDirection:0;0;0;0,selfAngleOffset:0,selfAngleOffsetPit:0,currCaliAngleHrz:0,currCaliAnglePit:0,selfCaliAngleHrz:0,selfCaliAnglePit:0,servCaliAngleHrz:0,servCaliAnglePit:0,offlineCaliAngleHrz:0,offlineCaliAnglePit:0,determine2useFlag:0,IMU_Z_Accel:0,IMU_X_AngularRate:0,IMU_Y_AngularRate:0,IMU_RollAngle:0,IMU_PitchAngle:0,IMU_YawAngle:0,FcwID:0,FCWWarningLevel:0,FCWTTC:0
0,5.12,0,-6.88,0,0,0,0,0,0.613,5.0875,-0.125,0,-7.1,0,0,0,0,0.0572958,0,0,0,0,98,0,0,0,0,0,0,57,0,0.00034,0.00034,0,0,0,0,0,2.4,0,0,0,0,0,0,1,0,0,0,0,0,0,0,0,99,0,,0,0,0,0,
24,8.85,-0.11,27.05,0,0,0,0,0,-4.0245,7.8875,-0.125,-0.125,-3.1,0,0,0,0,0.0572958,0,0,0,0,65,0,0,0,0,0,0,57,0,0.00034,0.00034,0,0,0,0,0,0.6,0,0,0,0,0,0,1,0,0,0,0,0,0,0,0,99,0,,0,0,0,0,
122,9.9,-0.12,-10.7,0,0,0,0,0,1.838,9.725,0,-0.125,-16.1,0,0,0,0,0.0572958,0,0,0,0,98,0,0,0,0,0,0,57,0,0.00034,0.00034,0,0,0,0,0,0.8,0,0,0,0,0,0,1,0,0,0,0,0,0,0,0,99,0,,0,0,0,0,
END,Total:3
START,FrameNb:66,CameraNb:0,HeSaiNb:0,ARS410Nb:0
2026/08/02 21:35:33:607---->
heightOffset:0,1785677733607,241830,selfCaliBufCnt:0,selfAccObjCnt:0,selfAccAngle:0,installHAngleOffset:0,Interpolation:0,installVAngleOffset:0,radarOffsetH:0,radarOffsetV:0.32,Polynom:-0.001023;-0.0511;-2.047;0;0;0;-0.001023;-0.0511;-2.047;-25.5;0;0,WheelDirection:0;0;0;0,selfAngleOffset:0,selfAngleOffsetPit:0,currCaliAngleHrz:0,currCaliAnglePit:0,selfCaliAngleHrz:0,selfCaliAnglePit:0,servCaliAngleHrz:0,servCaliAnglePit:0,offlineCaliAngleHrz:0,offlineCaliAnglePit:0,determine2useFlag:0,IMU_Z_Accel:0,IMU_X_AngularRate:0,IMU_Y_AngularRate:0,IMU_RollAngle:0,IMU_PitchAngle:0,IMU_YawAngle:0,FcwID:0,FCWWarningLevel:0,FCWTTC:0
0,5.12,0,-6.88,0,0,0,0,0,0.613,5.0875,-0.125,0,-7.1,0,0,0,0,0.0572958,0,0,0,0,98,0,0,0,0,0,0,54,0,0.00034,0.00034,0,0,0,0,0,2.4,0,0,0,0,0,0,1,0,0,0,0,0,0,0,0,99,0,,0,0,0,0,
24,8.85,-0.11,27.05,0,0,0,0,0,-4.0245,7.8875,-0.125,-0.125,-3.1,0,0,0,0,0.0572958,0,0,0,0,65,0,0,0,0,0,0,54,0,0.00034,0.00034,0,0,0,0,0,0.6,0,0,0,0,0,0,1,0,0,0,0,0,0,0,0,99,0,,0,0,0,0,
122,9.9,-0.12,-10.7,0,0,0,0,0,1.838,9.725,0,-0.125,-16.1,0,0,0,0,0.0572958,0,0,0,0,98,0,0,0,0,0,0,54,0,0.00034,0.00034,0,0,0,0,0,0.8,0,0,0,0,0,0,1,0,0,0,0,0,0,0,0,99,0,,0,0,0,0,
END,Total:3
START,FrameNb:67,CameraNb:0,HeSaiNb:0,ARS410Nb:0
2026/08/02 21:35:33:620---->
heightOffset:0,1785677733620,241881,selfCaliBufCnt:0,selfAccObjCnt:0,selfAccAngle:0,installHAngleOffset:0,Interpolation:0,installVAngleOffset:0,radarOffsetH:0,radarOffsetV:0.32,Polynom:-0.001023;-0.0511;-2.047;0;0;0;-0.001023;-0.0511;-2.047;-25.5;0;0,WheelDirection:0;0;0;0,selfAngleOffset:0,selfAngleOffsetPit:0,currCaliAngleHrz:0,currCaliAnglePit:0,selfCaliAngleHrz:0,selfCaliAnglePit:0,servCaliAngleHrz:0,servCaliAnglePit:0,offlineCaliAngleHrz:0,offlineCaliAnglePit:0,determine2useFlag:0,IMU_Z_Accel:0,IMU_X_AngularRate:0,IMU_Y_AngularRate:0,IMU_RollAngle:0,IMU_PitchAngle:0,IMU_YawAngle:0,FcwID:0,FCWWarningLevel:0,FCWTTC:0
0,5.12,0,-6.88,0,0,0,0,0,0.613,5.0875,-0.125,0,-7.1,0,0,0,0,0.0572958,0,0,0,0,98,0,0,0,0,0,0,54,0,0.00034,0.00034,0,0,0,0,0,2.8,0,0,0,0,0,0,1,0,0,0,0,0,0,0,0,99,0,,0,0,0,0,
24,8.85,-0.11,27.05,0,0,0,0,0,-4.0245,7.8875,-0.125,-0.125,-3.1,0,0,0,0,0.0572958,0,0,0,0,65,0,0,0,0,0,0,54,0,0.00034,0.00034,0,0,0,0,0,0.4,0,0,0,0,0,0,1,0,0,0,0,0,0,0,0,99,0,,0,0,0,0,
122,9.9,-0.12,-10.7,0,0,0,0,0,1.838,9.725,0,-0.125,-16.1,0,0,0,0,0.0572958,0,0,0,0,98,0,0,0,0,0,0,54,0,0.00034,0.00034,0,0,0,0,0,0.8,0,0,0,0,0,0,1,0,0,0,0,0,0,0,0,99,0,,0,0,0,0,
END,Total:3
START,FrameNb:68,CameraNb:0,HeSaiNb:0,ARS410Nb:0
2026/08/02 21:35:33:680---->
heightOffset:0,1785677733680,241931,selfCaliBufCnt:0,selfAccObjCnt:0,selfAccAngle:0,installHAngleOffset:0,Interpolation:0,installVAngleOffset:0,radarOffsetH:0,radarOffsetV:0.32,Polynom:-0.001023;-0.0511;-2.047;0;0;0;-0.001023;-0.0511;-2.047;-25.5;0;0,WheelDirection:0;0;0;0,selfAngleOffset:0,selfAngleOffsetPit:0,currCaliAngleHrz:0,currCaliAnglePit:0,selfCaliAngleHrz:0,selfCaliAnglePit:0,servCaliAngleHrz:0,servCaliAnglePit:0,offlineCaliAngleHrz:0,offlineCaliAnglePit:0,determine2useFlag:0,IMU_Z_Accel:0,IMU_X_AngularRate:0,IMU_Y_AngularRate:0,IMU_RollAngle:0,IMU_PitchAngle:0,IMU_YawAngle:0,FcwID:0,FCWWarningLevel:0,FCWTTC:0
0,5.12,0,-6.88,0,0,0,0,0,0.613,5.0875,-0.125,0,-7.1,0,0,0,0,0.0572958,0,0,0,0,98,0,0,0,0,0,0,58,0,0.00034,0.00034,0,0,0,0,0,3,0,0,0,0,0,0,1,0,0,0,0,0,0,0,0,99,0,,0,0,0,0,
24,8.85,-0.11,27.05,0,0,0,0,0,-4.0245,7.8875,-0.125,-0.125,-3.1,0,0,0,0,0.0572958,0,0,0,0,65,0,0,0,0,0,0,58,0,0.00034,0.00034,0,0,0,0,0,0.2,0,0,0,0,0,0,1,0,0,0,0,0,0,0,0,99,0,,0,0,0,0,
122,9.9,-0.12,-10.7,0,0,0,0,0,1.838,9.725,0,-0.125,-16.1,0,0,0,0,0.0572958,0,0,0,0,98,0,0,0,0,0,0,58,0,0.00034,0.00034,0,0,0,0,0,0.8,0,0,0,0,0,0,1,0,0,0,0,0,0,0,0,99,0,,0,0,0,0,
END,Total:3
START,FrameNb:69,CameraNb:0,HeSaiNb:0,ARS410Nb:0
2026/08/02 21:35:33:735---->
heightOffset:0,1785677733735,241980,selfCaliBufCnt:0,selfAccObjCnt:0,selfAccAngle:0,installHAngleOffset:0,Interpolation:0,installVAngleOffset:0,radarOffsetH:0,radarOffsetV:0.32,Polynom:-0.001023;-0.0511;-2.047;0;0;0;-0.001023;-0.0511;-2.047;-25.5;0;0,WheelDirection:0;0;0;0,selfAngleOffset:0,selfAngleOffsetPit:0,currCaliAngleHrz:0,currCaliAnglePit:0,selfCaliAngleHrz:0,selfCaliAnglePit:0,servCaliAngleHrz:0,servCaliAnglePit:0,offlineCaliAngleHrz:0,offlineCaliAnglePit:0,determine2useFlag:0,IMU_Z_Accel:0,IMU_X_AngularRate:0,IMU_Y_AngularRate:0,IMU_RollAngle:0,IMU_PitchAngle:0,IMU_YawAngle:0,FcwID:0,FCWWarningLevel:0,FCWTTC:0
0,5.12,0,-6.88,0,0,0,0,0,0.613,5.0875,-0.125,0,-7.1,0,0,0,0,0.0572958,0,0,0,0,98,0,0,0,0,0,0,53,0,0.00034,0.00034,0,0,0,0,0,3,0,0,0,0,0,0,1,0,0,0,0,0,0,0,0,99,0,,0,0,0,0,
24,8.85,-0.11,27.05,0,0,0,0,0,-4.0245,7.8875,-0.125,-0.125,-3.1,0,0,0,0,0.0572958,0,0,0,0,65,0,0,0,0,0,0,53,0,0.00034,0.00034,0,0,0,0,0,0.2,0,0,0,0,0,0,1,0,0,0,0,0,0,0,0,99,0,,0,0,0,0,
122,9.9,-0.12,-10.7,0,0,0,0,0,1.838,9.725,0,-0.125,-16.1,0,0,0,0,0.0572958,0,0,0,0,98,0,0,0,0,0,0,53,0,0.00034,0.00034,0,0,0,0,0,0.8,0,0,0,0,0,0,1,0,0,0,0,0,0,0,0,99,0,,0,0,0,0,
END,Total:3
START,FrameNb:70,CameraNb:0,HeSaiNb:0,ARS410Nb:0
2026/08/02 21:35:33:794---->
heightOffset:0,1785677733794,242030,selfCaliBufCnt:0,selfAccObjCnt:0,selfAccAngle:0,installHAngleOffset:0,Interpolation:0,installVAngleOffset:0,radarOffsetH:0,radarOffsetV:0.32,Polynom:-0.001023;-0.0511;-2.047;0;0;0;-0.001023;-0.0511;-2.047;-25.5;0;0,WheelDirection:0;0;0;0,selfAngleOffset:0,selfAngleOffsetPit:0,currCaliAngleHrz:0,currCaliAnglePit:0,selfCaliAngleHrz:0,selfCaliAnglePit:0,servCaliAngleHrz:0,servCaliAnglePit:0,offlineCaliAngleHrz:0,offlineCaliAnglePit:0,determine2useFlag:0,IMU_Z_Accel:0,IMU_X_AngularRate:0,IMU_Y_AngularRate:0,IMU_RollAngle:0,IMU_PitchAngle:0,IMU_YawAngle:0,FcwID:0,FCWWarningLevel:0,FCWTTC:0
0,5.12,0,-6.88,0,0,0,0,0,0.613,5.0875,-0.125,0,-7.1,0,0,0,0,0.0572958,0,0,0,0,98,0,0,0,0,0,0,59,0,0.00034,0.00034,0,0,0,0,0,3.2,0,0,0,0,0,0,1,0,0,0,0,0,0,0,0,99,0,,0,0,0,0,
24,8.85,-0.11,27.05,0,0,0,0,0,-4.0245,7.8875,-0.125,-0.125,-3.1,0,0,0,0,0.0572958,0,0,0,0,65,0,0,0,0,0,0,59,0,0.00034,0.00034,0,0,0,0,0,0.4,0,0,0,0,0,0,1,0,0,0,0,0,0,0,0,99,0,,0,0,0,0,
122,9.9,-0.12,-10.7,0,0,0,0,0,1.838,9.725,0,-0.125,-16.1,0,0,0,0,0.0572958,0,0,0,0,98,0,0,0,0,0,0,59,0,0.00034,0.00034,0,0,0,0,0,0.8,0,0,0,0,0,0,1,0,0,0,0,0,0,0,0,99,0,,0,0,0,0,
END,Total:3
START,FrameNb:71,CameraNb:0,HeSaiNb:0,ARS410Nb:0
2026/08/02 21:35:33:850---->
heightOffset:0,1785677733850,242080,selfCaliBufCnt:0,selfAccObjCnt:0,selfAccAngle:0,installHAngleOffset:0,Interpolation:0,installVAngleOffset:0,radarOffsetH:0,radarOffsetV:0.32,Polynom:-0.001023;-0.0511;-2.047;0;0;0;-0.001023;-0.0511;-2.047;-25.5;0;0,WheelDirection:0;0;0;0,selfAngleOffset:0,selfAngleOffsetPit:0,currCaliAngleHrz:0,currCaliAnglePit:0,selfCaliAngleHrz:0,selfCaliAnglePit:0,servCaliAngleHrz:0,servCaliAnglePit:0,offlineCaliAngleHrz:0,offlineCaliAnglePit:0,determine2useFlag:0,IMU_Z_Accel:0,IMU_X_AngularRate:0,IMU_Y_AngularRate:0,IMU_RollAngle:0,IMU_PitchAngle:0,IMU_YawAngle:0,FcwID:0,FCWWarningLevel:0,FCWTTC:0
0,5.12,0,-6.88,0,0,0,0,0,0.613,5.0875,-0.125,0,-7.1,0,0,0,0,0.0572958,0,0,0,0,98,0,0,0,0,0,0,58,0,0.00034,0.00034,0,0,0,0,0,3.2,0,0,0,0,0,0,1,0,0,0,0,0,0,0,0,99,0,,0,0,0,0,
24,8.85,-0.11,27.05,0,0,0,0,0,-4.0245,7.8875,-0.125,-0.125,-3.1,0,0,0,0,0.0572958,0,0,0,0,65,0,0,0,0,0,0,58,0,0.00034,0.00034,0,0,0,0,0,0.2,0,0,0,0,0,0,1,0,0,0,0,0,0,0,0,99,0,,0,0,0,0,
122,9.9,-0.12,-10.7,0,0,0,0,0,1.838,9.725,0,-0.125,-16.1,0,0,0,0,0.0572958,0,0,0,0,98,0,0,0,0,0,0,58,0,0.00034,0.00034,0,0,0,0,0,0.8,0,0,0,0,0,0,1,0,0,0,0,0,0,0,0,99,0,,0,0,0,0,
END,Total:3
START,FrameNb:72,CameraNb:0,HeSaiNb:0,ARS410Nb:0
2026/08/02 21:35:33:868---->
heightOffset:0,1785677733868,242130,selfCaliBufCnt:0,selfAccObjCnt:0,selfAccAngle:0,installHAngleOffset:0,Interpolation:0,installVAngleOffset:0,radarOffsetH:0,radarOffsetV:0.32,Polynom:-0.001023;-0.0511;-2.047;0;0;0;-0.001023;-0.0511;-2.047;-25.5;0;0,WheelDirection:0;0;0;0,selfAngleOffset:0,selfAngleOffsetPit:0,currCaliAngleHrz:0,currCaliAnglePit:0,selfCaliAngleHrz:0,selfCaliAnglePit:0,servCaliAngleHrz:0,servCaliAnglePit:0,offlineCaliAngleHrz:0,offlineCaliAnglePit:0,determine2useFlag:0,IMU_Z_Accel:0,IMU_X_AngularRate:0,IMU_Y_AngularRate:0,IMU_RollAngle:0,IMU_PitchAngle:0,IMU_YawAngle:0,FcwID:0,FCWWarningLevel:0,FCWTTC:0
0,5.12,0,-6.88,0,0,0,0,0,0.613,5.0875,-0.125,0,-7.1,0,0,0,0,0.0572958,0,0,0,0,98,0,0,0,0,0,0,61,0,0.00034,0.00034,0,0,0,0,0,3.4,0,0,0,0,0,0,1,0,0,0,0,0,0,0,0,99,0,,0,0,0,0,
24,8.85,-0.11,27.05,0,0,0,0,0,-4.0245,7.8875,-0.125,-0.125,-3.1,0,0,0,0,0.0572958,0,0,0,0,65,0,0,0,0,0,0,61,0,0.00034,0.00034,0,0,0,0,0,0.2,0,0,0,0,0,0,1,0,0,0,0,0,0,0,0,99,0,,0,0,0,0,
122,9.9,-0.12,-10.7,0,0,0,0,0,1.838,9.725,0,-0.125,-16.1,0,0,0,0,0.0572958,0,0,0,0,98,0,0,0,0,0,0,61,0,0.00034,0.00034,0,0,0,0,0,0.8,0,0,0,0,0,0,1,0,0,0,0,0,0,0,0,99,0,,0,0,0,0,
END,Total:3
START,FrameNb:73,CameraNb:0,HeSaiNb:0,ARS410Nb:0
2026/08/02 21:35:33:924---->
heightOffset:0,1785677733924,242180,selfCaliBufCnt:0,selfAccObjCnt:0,selfAccAngle:0,installHAngleOffset:0,Interpolation:0,installVAngleOffset:0,radarOffsetH:0,radarOffsetV:0.32,Polynom:-0.001023;-0.0511;-2.047;0;0;0;-0.001023;-0.0511;-2.047;-25.5;0;0,WheelDirection:0;0;0;0,selfAngleOffset:0,selfAngleOffsetPit:0,currCaliAngleHrz:0,currCaliAnglePit:0,selfCaliAngleHrz:0,selfCaliAnglePit:0,servCaliAngleHrz:0,servCaliAnglePit:0,offlineCaliAngleHrz:0,offlineCaliAnglePit:0,determine2useFlag:0,IMU_Z_Accel:0,IMU_X_AngularRate:0,IMU_Y_AngularRate:0,IMU_RollAngle:0,IMU_PitchAngle:0,IMU_YawAngle:0,FcwID:0,FCWWarningLevel:0,FCWTTC:0
0,5.12,0,-6.88,0,0,0,0,0,0.613,5.0875,-0.125,0,-7.1,0,0,0,0,0.0572958,0,0,0,0,98,0,0,0,0,0,0,54,0,0.00034,0.00034,0,0,0,0,0,3.4,0,0,0,0,0,0,1,0,0,0,0,0,0,0,0,99,0,,0,0,0,0,
24,8.85,-0.11,27.05,0,0,0,0,0,-4.0245,7.8875,-0.125,-0.125,-3.1,0,0,0,0,0.0572958,0,0,0,0,65,0,0,0,0,0,0,54,0,0.00034,0.00034,0,0,0,0,0,0.2,0,0,0,0,0,0,1,0,0,0,0,0,0,0,0,99,0,,0,0,0,0,
122,9.9,-0.12,-10.7,0,0,0,0,0,1.838,9.725,0,-0.125,-16.1,0,0,0,0,0.0572958,0,0,0,0,98,0,0,0,0,0,0,54,0,0.00034,0.00034,0,0,0,0,0,0.8,0,0,0,0,0,0,1,0,0,0,0,0,0,0,0,99,0,,0,0,0,0,
END,Total:3
START,FrameNb:74,CameraNb:0,HeSaiNb:0,ARS410Nb:0
2026/08/02 21:35:33:977---->
heightOffset:0,1785677733977,242230,selfCaliBufCnt:0,selfAccObjCnt:0,selfAccAngle:0,installHAngleOffset:0,Interpolation:0,installVAngleOffset:0,radarOffsetH:0,radarOffsetV:0.32,Polynom:-0.001023;-0.0511;-2.047;0;0;0;-0.001023;-0.0511;-2.047;-25.5;0;0,WheelDirection:0;0;0;0,selfAngleOffset:0,selfAngleOffsetPit:0,currCaliAngleHrz:0,currCaliAnglePit:0,selfCaliAngleHrz:0,selfCaliAnglePit:0,servCaliAngleHrz:0,servCaliAnglePit:0,offlineCaliAngleHrz:0,offlineCaliAnglePit:0,determine2useFlag:0,IMU_Z_Accel:0,IMU_X_AngularRate:0,IMU_Y_AngularRate:0,IMU_RollAngle:0,IMU_PitchAngle:0,IMU_YawAngle:0,FcwID:0,FCWWarningLevel:0,FCWTTC:0
0,5.12,0,-6.88,0,0,0,0,0,0.613,5.0875,-0.125,0,-7.1,0,0,0,0,0.0572958,0,0,0,0,98,0,0,0,0,0,0,57,0,0.00034,0.00034,0,0,0,0,0,3.4,0,0,0,0,0,0,1,0,0,0,0,0,0,0,0,99,0,,0,0,0,0,
24,8.85,-0.11,27.05,0,0,0,0,0,-4.0245,7.8875,-0.125,-0.125,-3.1,0,0,0,0,0.0572958,0,0,0,0,65,0,0,0,0,0,0,57,0,0.00034,0.00034,0,0,0,0,0,0.2,0,0,0,0,0,0,1,0,0,0,0,0,0,0,0,99,0,,0,0,0,0,
122,9.9,-0.12,-10.7,0,0,0,0,0,1.838,9.725,0,-0.125,-16.1,0,0,0,0,0.0572958,0,0,0,0,98,0,0,0,0,0,0,57,0,0.00034,0.00034,0,0,0,0,0,0.8,0,0,0,0,0,0,1,0,0,0,0,0,0,0,0,99,0,,0,0,0,0,
END,Total:3
START,FrameNb:75,CameraNb:0,HeSaiNb:0,ARS410Nb:0
2026/08/02 21:35:34:039---->
heightOffset:0,1785677734039,242280,selfCaliBufCnt:0,selfAccObjCnt:0,selfAccAngle:0,installHAngleOffset:0,Interpolation:0,installVAngleOffset:0,radarOffsetH:0,radarOffsetV:0.32,Polynom:-0.001023;-0.0511;-2.047;0;0;0;-0.001023;-0.0511;-2.047;-25.5;0;0,WheelDirection:0;0;0;0,selfAngleOffset:0,selfAngleOffsetPit:0,currCaliAngleHrz:0,currCaliAnglePit:0,selfCaliAngleHrz:0,selfCaliAnglePit:0,servCaliAngleHrz:0,servCaliAnglePit:0,offlineCaliAngleHrz:0,offlineCaliAnglePit:0,determine2useFlag:0,IMU_Z_Accel:0,IMU_X_AngularRate:0,IMU_Y_AngularRate:0,IMU_RollAngle:0,IMU_PitchAngle:0,IMU_YawAngle:0,FcwID:0,FCWWarningLevel:0,FCWTTC:0
0,5.12,0,-6.88,0,0,0,0,0,0.613,5.0875,-0.125,0,-7.1,0,0,0,0,0.0572958,0,0,0,0,98,0,0,0,0,0,0,57,0,0.00034,0.00034,0,0,0,0,0,3.4,0,0,0,0,0,0,1,0,0,0,0,0,0,0,0,99,0,,0,0,0,0,
24,8.85,-0.11,27.05,0,0,0,0,0,-4.0245,7.8875,-0.125,-0.125,-3.1,0,0,0,0,0.0572958,0,0,0,0,65,0,0,0,0,0,0,57,0,0.00034,0.00034,0,0,0,0,0,0,0,0,0,0,0,0,1,0,0,0,0,0,0,0,0,99,0,,0,0,0,0,
122,9.9,-0.12,-10.7,0,0,0,0,0,1.838,9.725,0,-0.125,-16.1,0,0,0,0,0.0572958,0,0,0,0,98,0,0,0,0,0,0,57,0,0.00034,0.00034,0,0,0,0,0,0.8,0,0,0,0,0,0,1,0,0,0,0,0,0,0,0,99,0,,0,0,0,0,
END,Total:3
START,FrameNb:76,CameraNb:0,HeSaiNb:0,ARS410Nb:0
2026/08/02 21:35:34:091---->
heightOffset:0,1785677734091,242330,selfCaliBufCnt:0,selfAccObjCnt:0,selfAccAngle:0,installHAngleOffset:0,Interpolation:0,installVAngleOffset:0,radarOffsetH:0,radarOffsetV:0.32,Polynom:-0.001023;-0.0511;-2.047;0;0;0;-0.001023;-0.0511;-2.047;-25.5;0;0,WheelDirection:0;0;0;0,selfAngleOffset:0,selfAngleOffsetPit:0,currCaliAngleHrz:0,currCaliAnglePit:0,selfCaliAngleHrz:0,selfCaliAnglePit:0,servCaliAngleHrz:0,servCaliAnglePit:0,offlineCaliAngleHrz:0,offlineCaliAnglePit:0,determine2useFlag:0,IMU_Z_Accel:0,IMU_X_AngularRate:0,IMU_Y_AngularRate:0,IMU_RollAngle:0,IMU_PitchAngle:0,IMU_YawAngle:0,FcwID:0,FCWWarningLevel:0,FCWTTC:0
0,5.12,0,-6.88,0,0,0,0,0,0.613,5.0875,-0.125,0,-7.1,0,0,0,0,0.0572958,0,0,0,0,98,0,0,0,0,0,0,54,0,0.00034,0.00034,0,0,0,0,0,3.4,0,0,0,0,0,0,1,0,0,0,0,0,0,0,0,99,0,,0,0,0,0,
24,8.85,-0.11,27.05,0,0,0,0,0,-4.0245,7.8875,-0.125,-0.125,-3.1,0,0,0,0,0.0572958,0,0,0,0,64,0,0,0,0,0,0,54,0,0.00034,0.00034,0,0,0,0,0,0,0,0,0,0,0,0,1,0,0,0,0,0,0,0,0,99,0,,0,0,0,0,
122,9.9,-0.12,-10.7,0,0,0,0,0,1.838,9.725,-0.125,-0.125,-16.1,0,0,0,0,0.0572958,0,0,0,0,98,0,0,0,0,0,0,54,0,0.00034,0.00034,0,0,0,0,0,0.8,0,0,0,0,0,0,1,0,0,0,0,0,0,0,0,99,0,,0,0,0,0,
END,Total:3
START,FrameNb:77,CameraNb:0,HeSaiNb:0,ARS410Nb:0
2026/08/02 21:35:34:135---->
heightOffset:0,1785677734135,242380,selfCaliBufCnt:0,selfAccObjCnt:0,selfAccAngle:0,installHAngleOffset:0,Interpolation:0,installVAngleOffset:0,radarOffsetH:0,radarOffsetV:0.32,Polynom:-0.001023;-0.0511;-2.047;0;0;0;-0.001023;-0.0511;-2.047;-25.5;0;0,WheelDirection:0;0;0;0,selfAngleOffset:0,selfAngleOffsetPit:0,currCaliAngleHrz:0,currCaliAnglePit:0,selfCaliAngleHrz:0,selfCaliAnglePit:0,servCaliAngleHrz:0,servCaliAnglePit:0,offlineCaliAngleHrz:0,offlineCaliAnglePit:0,determine2useFlag:0,IMU_Z_Accel:0,IMU_X_AngularRate:0,IMU_Y_AngularRate:0,IMU_RollAngle:0,IMU_PitchAngle:0,IMU_YawAngle:0,FcwID:0,FCWWarningLevel:0,FCWTTC:0
0,5.12,0,-6.88,0,0,0,0,0,0.613,5.0875,-0.125,0,-7.1,0,0,0,0,0.0572958,0,0,0,0,98,0,0,0,0,0,0,57,0,0.00034,0.00034,0,0,0,0,0,2.8,0,0,0,0,0,0,1,0,0,0,0,0,0,0,0,99,0,,0,0,0,0,
24,8.85,-0.11,27.05,0,0,0,0,0,-4.0245,7.8875,-0.125,-0.125,-3.1,0,0,0,0,0.0572958,0,0,0,0,33,0,0,0,0,0,0,57,0,0.00034,0.00034,0,0,0,0,0,0.2,0,0,0,0,0,0,1,0,0,0,0,0,0,0,0,99,0,,0,0,0,0,
122,9.91,-0.12,-11.2,0,0,0,0,0,1.9255,9.725,-0.125,-0.125,-16.1,0,0,0,0,0.0572958,0,0,0,0,98,0,0,0,0,0,0,57,0,0.00034,0.00034,0,0,0,0,0,0.8,0,0,0,0,0,0,1,0,0,0,0,0,0,0,0,99,0,,0,0,0,0,
END,Total:3
START,FrameNb:78,CameraNb:0,HeSaiNb:0,ARS410Nb:0
2026/08/02 21:35:34:176---->
heightOffset:0,1785677734176,242430,selfCaliBufCnt:0,selfAccObjCnt:0,selfAccAngle:0,installHAngleOffset:0,Interpolation:0,installVAngleOffset:0,radarOffsetH:0,radarOffsetV:0.32,Polynom:-0.001023;-0.0511;-2.047;0;0;0;-0.001023;-0.0511;-2.047;-25.5;0;0,WheelDirection:0;0;0;0,selfAngleOffset:0,selfAngleOffsetPit:0,currCaliAngleHrz:0,currCaliAnglePit:0,selfCaliAngleHrz:0,selfCaliAnglePit:0,servCaliAngleHrz:0,servCaliAnglePit:0,offlineCaliAngleHrz:0,offlineCaliAnglePit:0,determine2useFlag:0,IMU_Z_Accel:0,IMU_X_AngularRate:0,IMU_Y_AngularRate:0,IMU_RollAngle:0,IMU_PitchAngle:0,IMU_YawAngle:0,FcwID:0,FCWWarningLevel:0,FCWTTC:0
0,5.12,0,-6.88,0,0,0,0,0,0.613,5.0875,-0.125,0,-7.1,0,0,0,0,0.0572958,0,0,0,0,98,0,0,0,0,0,0,54,0,0.00034,0.00034,0,0,0,0,0,3,0,0,0,0,0,0,1,0,0,0,0,0,0,0,0,99,0,,0,0,0,0,
24,8.85,-0.11,27.05,0,0,0,0,0,-4.0245,7.8875,-0.125,-0.125,-3.1,0,0,0,0,0.0572958,0,0,0,0,33,0,0,0,0,0,0,54,0,0.00034,0.00034,0,0,0,0,0,0.2,0,0,0,0,0,0,1,0,0,0,0,0,0,0,0,99,0,,0,0,0,0,
122,9.91,-0.12,-11.2,0,0,0,0,0,1.9255,9.725,-0.125,-0.125,-16.1,0,0,0,0,0.0572958,0,0,0,0,98,0,0,0,0,0,0,54,0,0.00034,0.00034,0,0,0,0,0,0.8,0,0,0,0,0,0,1,0,0,0,0,0,0,0,0,99,0,,0,0,0,0,
END,Total:3
START,FrameNb:79,CameraNb:0,HeSaiNb:0,ARS410Nb:0
2026/08/02 21:35:34:235---->
heightOffset:0,1785677734235,242480,selfCaliBufCnt:0,selfAccObjCnt:0,selfAccAngle:0,installHAngleOffset:0,Interpolation:0,installVAngleOffset:0,radarOffsetH:0,radarOffsetV:0.32,Polynom:-0.001023;-0.0511;-2.047;0;0;0;-0.001023;-0.0511;-2.047;-25.5;0;0,WheelDirection:0;0;0;0,selfAngleOffset:0,selfAngleOffsetPit:0,currCaliAngleHrz:0,currCaliAnglePit:0,selfCaliAngleHrz:0,selfCaliAnglePit:0,servCaliAngleHrz:0,servCaliAnglePit:0,offlineCaliAngleHrz:0,offlineCaliAnglePit:0,determine2useFlag:0,IMU_Z_Accel:0,IMU_X_AngularRate:0,IMU_Y_AngularRate:0,IMU_RollAngle:0,IMU_PitchAngle:0,IMU_YawAngle:0,FcwID:0,FCWWarningLevel:0,FCWTTC:0
0,5.12,0,-6.88,0,0,0,0,0,0.613,5.0875,-0.125,0,-7.1,0,0,0,0,0.0572958,0,0,0,0,98,0,0,0,0,0,0,60,0,0.00034,0.00034,0,0,0,0,0,2.4,0,0,0,0,0,0,1,0,0,0,0,0,0,0,0,99,0,,0,0,0,0,
24,8.85,-0.11,27.05,0,0,0,0,0,-4.0245,7.8875,-0.125,-0.125,-2.9,0,0,0,0,0.0572958,0,0,0,0,33,0,0,0,0,0,0,60,0,0.00034,0.00034,0,0,0,0,0,0.4,0,0,0,0,0,0,1,0,0,0,0,0,0,0,0,99,0,,0,0,0,0,
122,9.91,-0.12,-11.2,0,0,0,0,0,1.9255,9.725,-0.125,-0.125,-16.1,0,0,0,0,0.0572958,0,0,0,0,98,0,0,0,0,0,0,60,0,0.00034,0.00034,0,0,0,0,0,0.8,0,0,0,0,0,0,1,0,0,0,0,0,0,0,0,99,0,,0,0,0,0,
END,Total:3
START,FrameNb:80,CameraNb:0,HeSaiNb:0,ARS410Nb:0
2026/08/02 21:35:34:288---->
heightOffset:0,1785677734288,242530,selfCaliBufCnt:0,selfAccObjCnt:0,selfAccAngle:0,installHAngleOffset:0,Interpolation:0,installVAngleOffset:0,radarOffsetH:0,radarOffsetV:0.32,Polynom:-0.001023;-0.0511;-2.047;0;0;0;-0.001023;-0.0511;-2.047;-25.5;0;0,WheelDirection:0;0;0;0,selfAngleOffset:0,selfAngleOffsetPit:0,currCaliAngleHrz:0,currCaliAnglePit:0,selfCaliAngleHrz:0,selfCaliAnglePit:0,servCaliAngleHrz:0,servCaliAnglePit:0,offlineCaliAngleHrz:0,offlineCaliAnglePit:0,determine2useFlag:0,IMU_Z_Accel:0,IMU_X_AngularRate:0,IMU_Y_AngularRate:0,IMU_RollAngle:0,IMU_PitchAngle:0,IMU_YawAngle:0,FcwID:0,FCWWarningLevel:0,FCWTTC:0
0,5.12,0,-6.88,0,0,0,0,0,0.613,5.0875,-0.125,0,-7.1,0,0,0,0,0.0572958,0,0,0,0,98,0,0,0,0,0,0,59,0,0.00034,0.00034,0,0,0,0,0,2,0,0,0,0,0,0,1,0,0,0,0,0,0,0,0,99,0,,0,0,0,0,
24,8.85,-0.11,27.05,0,0,0,0,0,-4.0245,7.8875,0,-0.125,-2.7,0,0,0,0,0.0572958,0,0,0,0,64,0,0,0,0,0,0,59,0,0.00034,0.00034,0,0,0,0,0,0.4,0,0,0,0,0,0,1,0,0,0,0,0,0,0,0,99,0,,0,0,0,0,
122,9.91,-0.12,-11.2,0,0,0,0,0,1.9255,9.725,-0.125,-0.125,-16.1,0,0,0,0,0.0572958,0,0,0,0,98,0,0,0,0,0,0,59,0,0.00034,0.00034,0,0,0,0,0,0.8,0,0,0,0,0,0,1,0,0,0,0,0,0,0,0,99,0,,0,0,0,0,
END,Total:3
START,FrameNb:81,CameraNb:0,HeSaiNb:0,ARS410Nb:0
2026/08/02 21:35:34:317---->
heightOffset:0,1785677734317,242580,selfCaliBufCnt:0,selfAccObjCnt:0,selfAccAngle:0,installHAngleOffset:0,Interpolation:0,installVAngleOffset:0,radarOffsetH:0,radarOffsetV:0.32,Polynom:-0.001023;-0.0511;-2.047;0;0;0;-0.001023;-0.0511;-2.047;-25.5;0;0,WheelDirection:0;0;0;0,selfAngleOffset:0,selfAngleOffsetPit:0,currCaliAngleHrz:0,currCaliAnglePit:0,selfCaliAngleHrz:0,selfCaliAnglePit:0,servCaliAngleHrz:0,servCaliAnglePit:0,offlineCaliAngleHrz:0,offlineCaliAnglePit:0,determine2useFlag:0,IMU_Z_Accel:0,IMU_X_AngularRate:0,IMU_Y_AngularRate:0,IMU_RollAngle:0,IMU_PitchAngle:0,IMU_YawAngle:0,FcwID:0,FCWWarningLevel:0,FCWTTC:0
0,5.12,0,-6.88,0,0,0,0,0,0.613,5.0875,-0.125,0,-7.1,0,0,0,0,0.0572958,0,0,0,0,98,0,0,0,0,0,0,59,0,0.00034,0.00034,0,0,0,0,0,1.8,0,0,0,0,0,0,1,0,0,0,0,0,0,0,0,99,0,,0,0,0,0,
24,8.85,-0.11,27.05,0,0,0,0,0,-4.0245,7.8875,0,-0.125,-2.7,0,0,0,0,0.0572958,0,0,0,0,65,0,0,0,0,0,0,59,0,0.00034,0.00034,0,0,0,0,0,0.6,0,0,0,0,0,0,1,0,0,0,0,0,0,0,0,99,0,,0,0,0,0,
122,9.91,-0.12,-11.2,0,0,0,0,0,1.9255,9.725,-0.125,-0.125,-16.1,0,0,0,0,0.0572958,0,0,0,0,98,0,0,0,0,0,0,59,0,0.00034,0.00034,0,0,0,0,0,0.8,0,0,0,0,0,0,1,0,0,0,0,0,0,0,0,99,0,,0,0,0,0,
END,Total:3
START,FrameNb:82,CameraNb:0,HeSaiNb:0,ARS410Nb:0
2026/08/02 21:35:34:363---->
heightOffset:0,1785677734363,242630,selfCaliBufCnt:0,selfAccObjCnt:0,selfAccAngle:0,installHAngleOffset:0,Interpolation:0,installVAngleOffset:0,radarOffsetH:0,radarOffsetV:0.32,Polynom:-0.001023;-0.0511;-2.047;0;0;0;-0.001023;-0.0511;-2.047;-25.5;0;0,WheelDirection:0;0;0;0,selfAngleOffset:0,selfAngleOffsetPit:0,currCaliAngleHrz:0,currCaliAnglePit:0,selfCaliAngleHrz:0,selfCaliAnglePit:0,servCaliAngleHrz:0,servCaliAnglePit:0,offlineCaliAngleHrz:0,offlineCaliAnglePit:0,determine2useFlag:0,IMU_Z_Accel:0,IMU_X_AngularRate:0,IMU_Y_AngularRate:0,IMU_RollAngle:0,IMU_PitchAngle:0,IMU_YawAngle:0,FcwID:0,FCWWarningLevel:0,FCWTTC:0
0,5.12,0,-6.88,0,0,0,0,0,0.613,5.0875,-0.125,0,-7.1,0,0,0,0,0.0572958,0,0,0,0,98,0,0,0,0,0,0,53,0,0.00034,0.00034,0,0,0,0,0,2.2,0,0,0,0,0,0,1,0,0,0,0,0,0,0,0,99,0,,0,0,0,0,
24,8.85,-0.11,27.05,0,0,0,0,0,-4.0245,7.8875,0,-0.125,-2.7,0,0,0,0,0.0572958,0,0,0,0,65,0,0,0,0,0,0,53,0,0.00034,0.00034,0,0,0,0,0,0.4,0,0,0,0,0,0,1,0,0,0,0,0,0,0,0,99,0,,0,0,0,0,
122,9.91,-0.12,-11.2,0,0,0,0,0,1.9255,9.725,-0.125,-0.125,-15.9,0,0,0,0,0.0572958,0,0,0,0,98,0,0,0,0,0,0,53,0,0.00034,0.00034,0,0,0,0,0,0.8,0,0,0,0,0,0,1,0,0,0,0,0,0,0,0,99,0,,0,0,0,0,
END,Total:3
START,FrameNb:83,CameraNb:0,HeSaiNb:0,ARS410Nb:0
2026/08/02 21:35:34:422---->
heightOffset:0,1785677734422,242680,selfCaliBufCnt:0,selfAccObjCnt:0,selfAccAngle:0,installHAngleOffset:0,Interpolation:0,installVAngleOffset:0,radarOffsetH:0,radarOffsetV:0.32,Polynom:-0.001023;-0.0511;-2.047;0;0;0;-0.001023;-0.0511;-2.047;-25.5;0;0,WheelDirection:0;0;0;0,selfAngleOffset:0,selfAngleOffsetPit:0,currCaliAngleHrz:0,currCaliAnglePit:0,selfCaliAngleHrz:0,selfCaliAnglePit:0,servCaliAngleHrz:0,servCaliAnglePit:0,offlineCaliAngleHrz:0,offlineCaliAnglePit:0,determine2useFlag:0,IMU_Z_Accel:0,IMU_X_AngularRate:0,IMU_Y_AngularRate:0,IMU_RollAngle:0,IMU_PitchAngle:0,IMU_YawAngle:0,FcwID:0,FCWWarningLevel:0,FCWTTC:0
0,5.12,0,-6.88,0,0,0,0,0,0.613,5.0875,-0.125,0,-7.1,0,0,0,0,0.0572958,0,0,0,0,98,0,0,0,0,0,0,58,0,0.00034,0.00034,0,0,0,0,0,2.2,0,0,0,0,0,0,1,0,0,0,0,0,0,0,0,99,0,,0,0,0,0,
24,8.85,-0.11,27.05,0,0,0,0,0,-4.0245,7.8875,0,-0.125,-2.7,0,0,0,0,0.0572958,0,0,0,0,65,0,0,0,0,0,0,58,0,0.00034,0.00034,0,0,0,0,0,0.4,0,0,0,0,0,0,1,0,0,0,0,0,0,0,0,99,0,,0,0,0,0,
122,9.91,-0.12,-11.2,0,0,0,0,0,1.9255,9.725,-0.125,-0.125,-15.9,0,0,0,0,0.0572958,0,0,0,0,98,0,0,0,0,0,0,58,0,0.00034,0.00034,0,0,0,0,0,0.8,0,0,0,0,0,0,1,0,0,0,0,0,0,0,0,99,0,,0,0,0,0,
END,Total:3
START,FrameNb:84,CameraNb:0,HeSaiNb:0,ARS410Nb:0
2026/08/02 21:35:34:471---->
heightOffset:0,1785677734471,242731,selfCaliBufCnt:0,selfAccObjCnt:0,selfAccAngle:0,installHAngleOffset:0,Interpolation:0,installVAngleOffset:0,radarOffsetH:0,radarOffsetV:0.32,Polynom:-0.001023;-0.0511;-2.047;0;0;0;-0.001023;-0.0511;-2.047;-25.5;0;0,WheelDirection:0;0;0;0,selfAngleOffset:0,selfAngleOffsetPit:0,currCaliAngleHrz:0,currCaliAnglePit:0,selfCaliAngleHrz:0,selfCaliAnglePit:0,servCaliAngleHrz:0,servCaliAnglePit:0,offlineCaliAngleHrz:0,offlineCaliAnglePit:0,determine2useFlag:0,IMU_Z_Accel:0,IMU_X_AngularRate:0,IMU_Y_AngularRate:0,IMU_RollAngle:0,IMU_PitchAngle:0,IMU_YawAngle:0,FcwID:0,FCWWarningLevel:0,FCWTTC:0
0,5.12,0,-6.88,0,0,0,0,0,0.613,5.0875,-0.125,0,-7.1,0,0,0,0,0.0572958,0,0,0,0,98,0,0,0,0,0,0,58,0,0.00034,0.00034,0,0,0,0,0,2.6,0,0,0,0,0,0,1,0,0,0,0,0,0,0,0,99,0,,0,0,0,0,
24,8.85,0,27.05,0,0,0,0,0,-4.0245,7.8875,0,0,-2.7,0,0,0,0,0.0572958,0,0,0,0,65,0,0,0,0,0,0,58,0,0.00034,0.00034,0,0,0,0,0,0.6,0,0,0,0,0,0,1,0,0,0,0,0,0,0,0,99,0,,0,0,0,0,
122,9.91,-0.12,-11.2,0,0,0,0,0,1.9255,9.725,-0.125,-0.125,-15.9,0,0,0,0,0.0572958,0,0,0,0,98,0,0,0,0,0,0,58,0,0.00034,0.00034,0,0,0,0,0,0.8,0,0,0,0,0,0,1,0,0,0,0,0,0,0,0,99,0,,0,0,0,0,
END,Total:3
START,FrameNb:85,CameraNb:0,HeSaiNb:0,ARS410Nb:0
2026/08/02 21:35:34:519---->
heightOffset:0,1785677734519,242781,selfCaliBufCnt:0,selfAccObjCnt:0,selfAccAngle:0,installHAngleOffset:0,Interpolation:0,installVAngleOffset:0,radarOffsetH:0,radarOffsetV:0.32,Polynom:-0.001023;-0.0511;-2.047;0;0;0;-0.001023;-0.0511;-2.047;-25.5;0;0,WheelDirection:0;0;0;0,selfAngleOffset:0,selfAngleOffsetPit:0,currCaliAngleHrz:0,currCaliAnglePit:0,selfCaliAngleHrz:0,selfCaliAnglePit:0,servCaliAngleHrz:0,servCaliAnglePit:0,offlineCaliAngleHrz:0,offlineCaliAnglePit:0,determine2useFlag:0,IMU_Z_Accel:0,IMU_X_AngularRate:0,IMU_Y_AngularRate:0,IMU_RollAngle:0,IMU_PitchAngle:0,IMU_YawAngle:0,FcwID:0,FCWWarningLevel:0,FCWTTC:0
0,5.12,0,-6.88,0,0,0,0,0,0.613,5.0875,-0.125,0,-7.1,0,0,0,0,0.0572958,0,0,0,0,98,0,0,0,0,0,0,53,0,0.00034,0.00034,0,0,0,0,0,2.8,0,0,0,0,0,0,1,0,0,0,0,0,0,0,0,99,0,,0,0,0,0,
24,8.85,0,27.05,0,0,0,0,0,-4.0245,7.8875,0,0,-2.7,0,0,0,0,0.0572958,0,0,0,0,65,0,0,0,0,0,0,53,0,0.00034,0.00034,0,0,0,0,0,0.4,0,0,0,0,0,0,1,0,0,0,0,0,0,0,0,99,0,,0,0,0,0,
122,9.91,0,-11.2,0,0,0,0,0,1.9255,9.725,-0.125,0,-15.9,0,0,0,0,0.0572958,0,0,0,0,98,0,0,0,0,0,0,53,0,0.00034,0.00034,0,0,0,0,0,0.8,0,0,0,0,0,0,1,0,0,0,0,0,0,0,0,99,0,,0,0,0,0,
END,Total:3
START,FrameNb:86,CameraNb:0,HeSaiNb:0,ARS410Nb:0
2026/08/02 21:35:34:565---->
heightOffset:0,1785677734565,242830,selfCaliBufCnt:0,selfAccObjCnt:0,selfAccAngle:0,installHAngleOffset:0,Interpolation:0,installVAngleOffset:0,radarOffsetH:0,radarOffsetV:0.32,Polynom:-0.001023;-0.0511;-2.047;0;0;0;-0.001023;-0.0511;-2.047;-25.5;0;0,WheelDirection:0;0;0;0,selfAngleOffset:0,selfAngleOffsetPit:0,currCaliAngleHrz:0,currCaliAnglePit:0,selfCaliAngleHrz:0,selfCaliAnglePit:0,servCaliAngleHrz:0,servCaliAnglePit:0,offlineCaliAngleHrz:0,offlineCaliAnglePit:0,determine2useFlag:0,IMU_Z_Accel:0,IMU_X_AngularRate:0,IMU_Y_AngularRate:0,IMU_RollAngle:0,IMU_PitchAngle:0,IMU_YawAngle:0,FcwID:0,FCWWarningLevel:0,FCWTTC:0
0,5.12,0,-6.88,0,0,0,0,0,0.613,5.0875,-0.125,0,-7.1,0,0,0,0,0.0572958,0,0,0,0,98,0,0,0,0,0,0,58,0,0.00034,0.00034,0,0,0,0,0,2.4,0,0,0,0,0,0,1,0,0,0,0,0,0,0,0,99,0,,0,0,0,0,
24,8.85,0,27.05,0,0,0,0,0,-4.0245,7.8875,0,0,-2.7,0,0,0,0,0.0572958,0,0,0,0,65,0,0,0,0,0,0,58,0,0.00034,0.00034,0,0,0,0,0,0.6,0,0,0,0,0,0,1,0,0,0,0,0,0,0,0,99,0,,0,0,0,0,
122,9.91,0,-11.2,0,0,0,0,0,1.9255,9.725,-0.125,0,-15.9,0,0,0,0,0.0572958,0,0,0,0,98,0,0,0,0,0,0,58,0,0.00034,0.00034,0,0,0,0,0,0.8,0,0,0,0,0,0,1,0,0,0,0,0,0,0,0,99,0,,0,0,0,0,
END,Total:3
START,FrameNb:87,CameraNb:0,HeSaiNb:0,ARS410Nb:0
2026/08/02 21:35:34:625---->
heightOffset:0,1785677734625,242880,selfCaliBufCnt:0,selfAccObjCnt:0,selfAccAngle:0,installHAngleOffset:0,Interpolation:0,installVAngleOffset:0,radarOffsetH:0,radarOffsetV:0.32,Polynom:-0.001023;-0.0511;-2.047;0;0;0;-0.001023;-0.0511;-2.047;-25.5;0;0,WheelDirection:0;0;0;0,selfAngleOffset:0,selfAngleOffsetPit:0,currCaliAngleHrz:0,currCaliAnglePit:0,selfCaliAngleHrz:0,selfCaliAnglePit:0,servCaliAngleHrz:0,servCaliAnglePit:0,offlineCaliAngleHrz:0,offlineCaliAnglePit:0,determine2useFlag:0,IMU_Z_Accel:0,IMU_X_AngularRate:0,IMU_Y_AngularRate:0,IMU_RollAngle:0,IMU_PitchAngle:0,IMU_YawAngle:0,FcwID:0,FCWWarningLevel:0,FCWTTC:0
0,5.12,0,-6.88,0,0,0,0,0,0.613,5.0875,-0.125,0,-7.1,0,0,0,0,0.0572958,0,0,0,0,98,0,0,0,0,0,0,53,0,0.00034,0.00034,0,0,0,0,0,2.6,0,0,0,0,0,0,1,0,0,0,0,0,0,0,0,99,0,,0,0,0,0,
24,8.85,0,27.05,0,0,0,0,0,-4.0245,7.8875,0,0,-2.7,0,0,0,0,0.0572958,0,0,0,0,65,0,0,0,0,0,0,53,0,0.00034,0.00034,0,0,0,0,0,0.4,0,0,0,0,0,0,1,0,0,0,0,0,0,0,0,99,0,,0,0,0,0,
122,9.91,0,-11.2,0,0,0,0,0,1.9255,9.725,-0.125,0,-15.9,0,0,0,0,0.0572958,0,0,0,0,98,0,0,0,0,0,0,53,0,0.00034,0.00034,0,0,0,0,0,0.8,0,0,0,0,0,0,1,0,0,0,0,0,0,0,0,99,0,,0,0,0,0,
END,Total:3
START,FrameNb:88,CameraNb:0,HeSaiNb:0,ARS410Nb:0
2026/08/02 21:35:34:686---->
heightOffset:0,1785677734686,242930,selfCaliBufCnt:0,selfAccObjCnt:0,selfAccAngle:0,installHAngleOffset:0,Interpolation:0,installVAngleOffset:0,radarOffsetH:0,radarOffsetV:0.32,Polynom:-0.001023;-0.0511;-2.047;0;0;0;-0.001023;-0.0511;-2.047;-25.5;0;0,WheelDirection:0;0;0;0,selfAngleOffset:0,selfAngleOffsetPit:0,currCaliAngleHrz:0,currCaliAnglePit:0,selfCaliAngleHrz:0,selfCaliAnglePit:0,servCaliAngleHrz:0,servCaliAnglePit:0,offlineCaliAngleHrz:0,offlineCaliAnglePit:0,determine2useFlag:0,IMU_Z_Accel:0,IMU_X_AngularRate:0,IMU_Y_AngularRate:0,IMU_RollAngle:0,IMU_PitchAngle:0,IMU_YawAngle:0,FcwID:0,FCWWarningLevel:0,FCWTTC:0
0,5.12,0,-6.88,0,0,0,0,0,0.613,5.0875,-0.125,0,-7.1,0,0,0,0,0.0572958,0,0,0,0,98,0,0,0,0,0,0,65,0,0.00034,0.00034,0,0,0,0,0,2.2,0,0,0,0,0,0,1,0,0,0,0,0,0,0,0,99,0,,0,0,0,0,
24,8.85,0,27.05,0,0,0,0,0,-4.0245,7.8875,0,0,-2.7,0,0,0,0,0.0572958,0,0,0,0,65,0,0,0,0,0,0,65,0,0.00034,0.00034,0,0,0,0,0,0.6,0,0,0,0,0,0,1,0,0,0,0,0,0,0,0,99,0,,0,0,0,0,
122,9.91,0,-11.2,0,0,0,0,0,1.9255,9.725,-0.125,0,-15.9,0,0,0,0,0.0572958,0,0,0,0,98,0,0,0,0,0,0,65,0,0.00034,0.00034,0,0,0,0,0,0.8,0,0,0,0,0,0,1,0,0,0,0,0,0,0,0,99,0,,0,0,0,0,
END,Total:3
START,FrameNb:89,CameraNb:0,HeSaiNb:0,ARS410Nb:0
2026/08/02 21:35:34:743---->
heightOffset:0,1785677734743,242980,selfCaliBufCnt:0,selfAccObjCnt:0,selfAccAngle:0,installHAngleOffset:0,Interpolation:0,installVAngleOffset:0,radarOffsetH:0,radarOffsetV:0.32,Polynom:-0.001023;-0.0511;-2.047;0;0;0;-0.001023;-0.0511;-2.047;-25.5;0;0,WheelDirection:0;0;0;0,selfAngleOffset:0,selfAngleOffsetPit:0,currCaliAngleHrz:0,currCaliAnglePit:0,selfCaliAngleHrz:0,selfCaliAnglePit:0,servCaliAngleHrz:0,servCaliAnglePit:0,offlineCaliAngleHrz:0,offlineCaliAnglePit:0,determine2useFlag:0,IMU_Z_Accel:0,IMU_X_AngularRate:0,IMU_Y_AngularRate:0,IMU_RollAngle:0,IMU_PitchAngle:0,IMU_YawAngle:0,FcwID:0,FCWWarningLevel:0,FCWTTC:0
0,5.12,0,-6.88,0,0,0,0,0,0.613,5.0875,-0.125,0,-7.1,0,0,0,0,0.0572958,0,0,0,0,98,0,0,0,0,0,0,56,0,0.00034,0.00034,0,0,0,0,0,1.8,0,0,0,0,0,0,1,0,0,0,0,0,0,0,0,99,0,,0,0,0,0,
24,8.85,0,27.05,0,0,0,0,0,-4.0245,7.8875,0,0,-2.5,0,0,0,0,0.0572958,0,0,0,0,65,0,0,0,0,0,0,56,0,0.00034,0.00034,0,0,0,0,0,0.6,0,0,0,0,0,0,1,0,0,0,0,0,0,0,0,99,0,,0,0,0,0,
122,9.91,0,-11.2,0,0,0,0,0,1.9255,9.725,-0.125,0,-15.9,0,0,0,0,0.0572958,0,0,0,0,98,0,0,0,0,0,0,56,0,0.00034,0.00034,0,0,0,0,0,0.8,0,0,0,0,0,0,1,0,0,0,0,0,0,0,0,99,0,,0,0,0,0,
END,Total:3
START,FrameNb:90,CameraNb:0,HeSaiNb:0,ARS410Nb:0
2026/08/02 21:35:34:792---->
heightOffset:0,1785677734792,243030,selfCaliBufCnt:0,selfAccObjCnt:0,selfAccAngle:0,installHAngleOffset:0,Interpolation:0,installVAngleOffset:0,radarOffsetH:0,radarOffsetV:0.32,Polynom:-0.001023;-0.0511;-2.047;0;0;0;-0.001023;-0.0511;-2.047;-25.5;0;0,WheelDirection:0;0;0;0,selfAngleOffset:0,selfAngleOffsetPit:0,currCaliAngleHrz:0,currCaliAnglePit:0,selfCaliAngleHrz:0,selfCaliAnglePit:0,servCaliAngleHrz:0,servCaliAnglePit:0,offlineCaliAngleHrz:0,offlineCaliAnglePit:0,determine2useFlag:0,IMU_Z_Accel:0,IMU_X_AngularRate:0,IMU_Y_AngularRate:0,IMU_RollAngle:0,IMU_PitchAngle:0,IMU_YawAngle:0,FcwID:0,FCWWarningLevel:0,FCWTTC:0
0,5.12,0,-6.88,0,0,0,0,0,0.613,5.0875,-0.125,0,-7.1,0,0,0,0,0.0572958,0,0,0,0,98,0,0,0,0,0,0,58,0,0.00034,0.00034,0,0,0,0,0,2.2,0,0,0,0,0,0,1,0,0,0,0,0,0,0,0,99,0,,0,0,0,0,
24,8.85,0,27.05,0,0,0,0,0,-4.0245,7.8875,0,0,-2.5,0,0,0,0,0.0572958,0,0,0,0,65,0,0,0,0,0,0,58,0,0.00034,0.00034,0,0,0,0,0,0.4,0,0,0,0,0,0,1,0,0,0,0,0,0,0,0,99,0,,0,0,0,0,
122,9.91,0,-11.2,0,0,0,0,0,1.9255,9.725,-0.125,0,-15.9,0,0,0,0,0.0572958,0,0,0,0,98,0,0,0,0,0,0,58,0,0.00034,0.00034,0,0,0,0,0,0.8,0,0,0,0,0,0,1,0,0,0,0,0,0,0,0,99,0,,0,0,0,0,
END,Total:3
START,FrameNb:91,CameraNb:0,HeSaiNb:0,ARS410Nb:0
2026/08/02 21:35:34:854---->
heightOffset:0,1785677734854,243080,selfCaliBufCnt:0,selfAccObjCnt:0,selfAccAngle:0,installHAngleOffset:0,Interpolation:0,installVAngleOffset:0,radarOffsetH:0,radarOffsetV:0.32,Polynom:-0.001023;-0.0511;-2.047;0;0;0;-0.001023;-0.0511;-2.047;-25.5;0;0,WheelDirection:0;0;0;0,selfAngleOffset:0,selfAngleOffsetPit:0,currCaliAngleHrz:0,currCaliAnglePit:0,selfCaliAngleHrz:0,selfCaliAnglePit:0,servCaliAngleHrz:0,servCaliAnglePit:0,offlineCaliAngleHrz:0,offlineCaliAnglePit:0,determine2useFlag:0,IMU_Z_Accel:0,IMU_X_AngularRate:0,IMU_Y_AngularRate:0,IMU_RollAngle:0,IMU_PitchAngle:0,IMU_YawAngle:0,FcwID:0,FCWWarningLevel:0,FCWTTC:0
0,5.12,0,-6.88,0,0,0,0,0,0.613,5.0875,-0.125,0,-7.1,0,0,0,0,0.0572958,0,0,0,0,98,0,0,0,0,0,0,53,0,0.00034,0.00034,0,0,0,0,0,2.2,0,0,0,0,0,0,1,0,0,0,0,0,0,0,0,99,0,,0,0,0,0,
24,8.85,0,27.05,0,0,0,0,0,-4.0245,7.8875,0,0,-2.5,0,0,0,0,0.0572958,0,0,0,0,65,0,0,0,0,0,0,53,0,0.00034,0.00034,0,0,0,0,0,0.4,0,0,0,0,0,0,1,0,0,0,0,0,0,0,0,99,0,,0,0,0,0,
122,9.91,0,-11.2,0,0,0,0,0,1.9255,9.725,-0.125,0,-15.9,0,0,0,0,0.0572958,0,0,0,0,98,0,0,0,0,0,0,53,0,0.00034,0.00034,0,0,0,0,0,0.8,0,0,0,0,0,0,1,0,0,0,0,0,0,0,0,99,0,,0,0,0,0,
END,Total:3
START,FrameNb:92,CameraNb:0,HeSaiNb:0,ARS410Nb:0
2026/08/02 21:35:34:917---->
heightOffset:0,1785677734917,243130,selfCaliBufCnt:0,selfAccObjCnt:0,selfAccAngle:0,installHAngleOffset:0,Interpolation:0,installVAngleOffset:0,radarOffsetH:0,radarOffsetV:0.32,Polynom:-0.001023;-0.0511;-2.047;0;0;0;-0.001023;-0.0511;-2.047;-25.5;0;0,WheelDirection:0;0;0;0,selfAngleOffset:0,selfAngleOffsetPit:0,currCaliAngleHrz:0,currCaliAnglePit:0,selfCaliAngleHrz:0,selfCaliAnglePit:0,servCaliAngleHrz:0,servCaliAnglePit:0,offlineCaliAngleHrz:0,offlineCaliAnglePit:0,determine2useFlag:0,IMU_Z_Accel:0,IMU_X_AngularRate:0,IMU_Y_AngularRate:0,IMU_RollAngle:0,IMU_PitchAngle:0,IMU_YawAngle:0,FcwID:0,FCWWarningLevel:0,FCWTTC:0
0,5.12,0,-6.88,0,0,0,0,0,0.613,5.0875,-0.125,0,-7.1,0,0,0,0,0.0572958,0,0,0,0,98,0,0,0,0,0,0,53,0,0.00034,0.00034,0,0,0,0,0,2.6,0,0,0,0,0,0,1,0,0,0,0,0,0,0,0,99,0,,0,0,0,0,
24,8.85,0,27.05,0,0,0,0,0,-4.0245,7.8875,0,0,-2.5,0,0,0,0,0.0572958,0,0,0,0,65,0,0,0,0,0,0,53,0,0.00034,0.00034,0,0,0,0,0,0.4,0,0,0,0,0,0,1,0,0,0,0,0,0,0,0,99,0,,0,0,0,0,
122,9.91,-0.12,-11.2,0,0,0,0,0,1.9255,9.725,-0.125,-0.125,-15.9,0,0,0,0,0.0572958,0,0,0,0,98,0,0,0,0,0,0,53,0,0.00034,0.00034,0,0,0,0,0,0.8,0,0,0,0,0,0,1,0,0,0,0,0,0,0,0,99,0,,0,0,0,0,
END,Total:3
START,FrameNb:93,CameraNb:0,HeSaiNb:0,ARS410Nb:0
2026/08/02 21:35:34:930---->
heightOffset:0,1785677734930,243181,selfCaliBufCnt:0,selfAccObjCnt:0,selfAccAngle:0,installHAngleOffset:0,Interpolation:0,installVAngleOffset:0,radarOffsetH:0,radarOffsetV:0.32,Polynom:-0.001023;-0.0511;-2.047;0;0;0;-0.001023;-0.0511;-2.047;-25.5;0;0,WheelDirection:0;0;0;0,selfAngleOffset:0,selfAngleOffsetPit:0,currCaliAngleHrz:0,currCaliAnglePit:0,selfCaliAngleHrz:0,selfCaliAnglePit:0,servCaliAngleHrz:0,servCaliAnglePit:0,offlineCaliAngleHrz:0,offlineCaliAnglePit:0,determine2useFlag:0,IMU_Z_Accel:0,IMU_X_AngularRate:0,IMU_Y_AngularRate:0,IMU_RollAngle:0,IMU_PitchAngle:0,IMU_YawAngle:0,FcwID:0,FCWWarningLevel:0,FCWTTC:0
0,5.12,0,-6.88,0,0,0,0,0,0.613,5.0875,-0.125,0,-7.1,0,0,0,0,0.0572958,0,0,0,0,98,0,0,0,0,0,0,58,0,0.00034,0.00034,0,0,0,0,0,2.8,0,0,0,0,0,0,1,0,0,0,0,0,0,0,0,99,0,,0,0,0,0,
24,8.85,0,27.05,0,0,0,0,0,-4.0245,7.8875,0,0,-2.7,0,0,0,0,0.0572958,0,0,0,0,65,0,0,0,0,0,0,58,0,0.00034,0.00034,0,0,0,0,0,0.4,0,0,0,0,0,0,1,0,0,0,0,0,0,0,0,99,0,,0,0,0,0,
122,9.91,-0.12,-11.2,0,0,0,0,0,1.9255,9.725,-0.125,-0.125,-15.9,0,0,0,0,0.0572958,0,0,0,0,98,0,0,0,0,0,0,58,0,0.00034,0.00034,0,0,0,0,0,0.8,0,0,0,0,0,0,1,0,0,0,0,0,0,0,0,99,0,,0,0,0,0,
END,Total:3
START,FrameNb:94,CameraNb:0,HeSaiNb:0,ARS410Nb:0
2026/08/02 21:35:34:979---->
heightOffset:0,1785677734979,243230,selfCaliBufCnt:0,selfAccObjCnt:0,selfAccAngle:0,installHAngleOffset:0,Interpolation:0,installVAngleOffset:0,radarOffsetH:0,radarOffsetV:0.32,Polynom:-0.001023;-0.0511;-2.047;0;0;0;-0.001023;-0.0511;-2.047;-25.5;0;0,WheelDirection:0;0;0;0,selfAngleOffset:0,selfAngleOffsetPit:0,currCaliAngleHrz:0,currCaliAnglePit:0,selfCaliAngleHrz:0,selfCaliAnglePit:0,servCaliAngleHrz:0,servCaliAnglePit:0,offlineCaliAngleHrz:0,offlineCaliAnglePit:0,determine2useFlag:0,IMU_Z_Accel:0,IMU_X_AngularRate:0,IMU_Y_AngularRate:0,IMU_RollAngle:0,IMU_PitchAngle:0,IMU_YawAngle:0,FcwID:0,FCWWarningLevel:0,FCWTTC:0
0,5.12,0,-6.88,0,0,0,0,0,0.613,5.0875,-0.125,0,-7.1,0,0,0,0,0.0572958,0,0,0,0,98,0,0,0,0,0,0,53,0,0.00034,0.00034,0,0,0,0,0,3,0,0,0,0,0,0,1,0,0,0,0,0,0,0,0,99,0,,0,0,0,0,
24,8.85,0,27.05,0,0,0,0,0,-4.0245,7.8875,0,0,-2.7,0,0,0,0,0.0572958,0,0,0,0,65,0,0,0,0,0,0,53,0,0.00034,0.00034,0,0,0,0,0,0.4,0,0,0,0,0,0,1,0,0,0,0,0,0,0,0,99,0,,0,0,0,0,
122,9.91,-0.12,-11.2,0,0,0,0,0,1.9255,9.725,-0.125,-0.125,-15.9,0,0,0,0,0.0572958,0,0,0,0,98,0,0,0,0,0,0,53,0,0.00034,0.00034,0,0,0,0,0,0.8,0,0,0,0,0,0,1,0,0,0,0,0,0,0,0,99,0,,0,0,0,0,
END,Total:3
START,FrameNb:95,CameraNb:0,HeSaiNb:0,ARS410Nb:0
2026/08/02 21:35:35:038---->
heightOffset:0,1785677735038,243280,selfCaliBufCnt:0,selfAccObjCnt:0,selfAccAngle:0,installHAngleOffset:0,Interpolation:0,installVAngleOffset:0,radarOffsetH:0,radarOffsetV:0.32,Polynom:-0.001023;-0.0511;-2.047;0;0;0;-0.001023;-0.0511;-2.047;-25.5;0;0,WheelDirection:0;0;0;0,selfAngleOffset:0,selfAngleOffsetPit:0,currCaliAngleHrz:0,currCaliAnglePit:0,selfCaliAngleHrz:0,selfCaliAnglePit:0,servCaliAngleHrz:0,servCaliAnglePit:0,offlineCaliAngleHrz:0,offlineCaliAnglePit:0,determine2useFlag:0,IMU_Z_Accel:0,IMU_X_AngularRate:0,IMU_Y_AngularRate:0,IMU_RollAngle:0,IMU_PitchAngle:0,IMU_YawAngle:0,FcwID:0,FCWWarningLevel:0,FCWTTC:0
0,5.12,0,-6.88,0,0,0,0,0,0.613,5.0875,-0.125,0,-7.1,0,0,0,0,0.0572958,0,0,0,0,98,0,0,0,0,0,0,61,0,0.00034,0.00034,0,0,0,0,0,2.4,0,0,0,0,0,0,1,0,0,0,0,0,0,0,0,99,0,,0,0,0,0,
24,8.85,0,27.05,0,0,0,0,0,-4.0245,7.8875,0,0,-2.9,0,0,0,0,0.0572958,0,0,0,0,65,0,0,0,0,0,0,61,0,0.00034,0.00034,0,0,0,0,0,0.4,0,0,0,0,0,0,1,0,0,0,0,0,0,0,0,99,0,,0,0,0,0,
122,9.91,-0.12,-11.2,0,0,0,0,0,1.9255,9.725,-0.125,-0.125,-15.9,0,0,0,0,0.0572958,0,0,0,0,98,0,0,0,0,0,0,61,0,0.00034,0.00034,0,0,0,0,0,0.8,0,0,0,0,0,0,1,0,0,0,0,0,0,0,0,99,0,,0,0,0,0,
END,Total:3
START,FrameNb:96,CameraNb:0,HeSaiNb:0,ARS410Nb:0
2026/08/02 21:35:35:097---->
heightOffset:0,1785677735097,243330,selfCaliBufCnt:0,selfAccObjCnt:0,selfAccAngle:0,installHAngleOffset:0,Interpolation:0,installVAngleOffset:0,radarOffsetH:0,radarOffsetV:0.32,Polynom:-0.001023;-0.0511;-2.047;0;0;0;-0.001023;-0.0511;-2.047;-25.5;0;0,WheelDirection:0;0;0;0,selfAngleOffset:0,selfAngleOffsetPit:0,currCaliAngleHrz:0,currCaliAnglePit:0,selfCaliAngleHrz:0,selfCaliAnglePit:0,servCaliAngleHrz:0,servCaliAnglePit:0,offlineCaliAngleHrz:0,offlineCaliAnglePit:0,determine2useFlag:0,IMU_Z_Accel:0,IMU_X_AngularRate:0,IMU_Y_AngularRate:0,IMU_RollAngle:0,IMU_PitchAngle:0,IMU_YawAngle:0,FcwID:0,FCWWarningLevel:0,FCWTTC:0
0,5.12,0,-6.88,0,0,0,0,0,0.613,5.0875,-0.125,0,-7.1,0,0,0,0,0.0572958,0,0,0,0,98,0,0,0,0,0,0,58,0,0.00034,0.00034,0,0,0,0,0,2.8,0,0,0,0,0,0,1,0,0,0,0,0,0,0,0,99,0,,0,0,0,0,
24,8.85,0,27.05,0,0,0,0,0,-4.0245,7.8875,0,0,-2.9,0,0,0,0,0.0572958,0,0,0,0,65,0,0,0,0,0,0,58,0,0.00034,0.00034,0,0,0,0,0,0.4,0,0,0,0,0,0,1,0,0,0,0,0,0,0,0,99,0,,0,0,0,0,
122,9.91,-0.12,-11.2,0,0,0,0,0,1.9255,9.725,-0.125,-0.125,-15.9,0,0,0,0,0.0572958,0,0,0,0,98,0,0,0,0,0,0,58,0,0.00034,0.00034,0,0,0,0,0,0.8,0,0,0,0,0,0,1,0,0,0,0,0,0,0,0,99,0,,0,0,0,0,
END,Total:3
START,FrameNb:97,CameraNb:0,HeSaiNb:0,ARS410Nb:0
2026/08/02 21:35:35:152---->
heightOffset:0,1785677735152,243380,selfCaliBufCnt:0,selfAccObjCnt:0,selfAccAngle:0,installHAngleOffset:0,Interpolation:0,installVAngleOffset:0,radarOffsetH:0,radarOffsetV:0.32,Polynom:-0.001023;-0.0511;-2.047;0;0;0;-0.001023;-0.0511;-2.047;-25.5;0;0,WheelDirection:0;0;0;0,selfAngleOffset:0,selfAngleOffsetPit:0,currCaliAngleHrz:0,currCaliAnglePit:0,selfCaliAngleHrz:0,selfCaliAnglePit:0,servCaliAngleHrz:0,servCaliAnglePit:0,offlineCaliAngleHrz:0,offlineCaliAnglePit:0,determine2useFlag:0,IMU_Z_Accel:0,IMU_X_AngularRate:0,IMU_Y_AngularRate:0,IMU_RollAngle:0,IMU_PitchAngle:0,IMU_YawAngle:0,FcwID:0,FCWWarningLevel:0,FCWTTC:0
0,5.12,0,-6.88,0,0,0,0,0,0.613,5.0875,-0.125,0,-7.1,0,0,0,0,0.0572958,0,0,0,0,98,0,0,0,0,0,0,60,0,0.00034,0.00034,0,0,0,0,0,2.8,0,0,0,0,0,0,1,0,0,0,0,0,0,0,0,99,0,,0,0,0,0,
24,8.85,0,27.05,0,0,0,0,0,-4.0245,7.8875,0,0,-3.1,0,0,0,0,0.0572958,0,0,0,0,65,0,0,0,0,0,0,60,0,0.00034,0.00034,0,0,0,0,0,0.4,0,0,0,0,0,0,1,0,0,0,0,0,0,0,0,99,0,,0,0,0,0,
122,9.91,-0.12,-11.2,0,0,0,0,0,1.9255,9.725,-0.125,-0.125,-15.9,0,0,0,0,0.0572958,0,0,0,0,98,0,0,0,0,0,0,60,0,0.00034,0.00034,0,0,0,0,0,0.8,0,0,0,0,0,0,1,0,0,0,0,0,0,0,0,99,0,,0,0,0,0,
END,Total:3
START,FrameNb:98,CameraNb:0,HeSaiNb:0,ARS410Nb:0
2026/08/02 21:35:35:170---->
heightOffset:0,1785677735170,243430,selfCaliBufCnt:0,selfAccObjCnt:0,selfAccAngle:0,installHAngleOffset:0,Interpolation:0,installVAngleOffset:0,radarOffsetH:0,radarOffsetV:0.32,Polynom:-0.001023;-0.0511;-2.047;0;0;0;-0.001023;-0.0511;-2.047;-25.5;0;0,WheelDirection:0;0;0;0,selfAngleOffset:0,selfAngleOffsetPit:0,currCaliAngleHrz:0,currCaliAnglePit:0,selfCaliAngleHrz:0,selfCaliAnglePit:0,servCaliAngleHrz:0,servCaliAnglePit:0,offlineCaliAngleHrz:0,offlineCaliAnglePit:0,determine2useFlag:0,IMU_Z_Accel:0,IMU_X_AngularRate:0,IMU_Y_AngularRate:0,IMU_RollAngle:0,IMU_PitchAngle:0,IMU_YawAngle:0,FcwID:0,FCWWarningLevel:0,FCWTTC:0
0,5.12,0,-6.88,0,0,0,0,0,0.613,5.0875,-0.125,0,-7.1,0,0,0,0,0.0572958,0,0,0,0,98,0,0,0,0,0,0,54,0,0.00034,0.00034,0,0,0,0,0,3,0,0,0,0,0,0,1,0,0,0,0,0,0,0,0,99,0,,0,0,0,0,
24,8.85,0,27.05,0,0,0,0,0,-4.0245,7.8875,0,0,-3.1,0,0,0,0,0.0572958,0,0,0,0,65,0,0,0,0,0,0,54,0,0.00034,0.00034,0,0,0,0,0,0.4,0,0,0,0,0,0,1,0,0,0,0,0,0,0,0,99,0,,0,0,0,0,
122,9.91,0,-11.2,0,0,0,0,0,1.9255,9.725,-0.125,0,-15.9,0,0,0,0,0.0572958,0,0,0,0,98,0,0,0,0,0,0,54,0,0.00034,0.00034,0,0,0,0,0,0.8,0,0,0,0,0,0,1,0,0,0,0,0,0,0,0,99,0,,0,0,0,0,
END,Total:3
START,FrameNb:99,CameraNb:0,HeSaiNb:0,ARS410Nb:0
2026/08/02 21:35:35:228---->
heightOffset:0,1785677735228,243480,selfCaliBufCnt:0,selfAccObjCnt:0,selfAccAngle:0,installHAngleOffset:0,Interpolation:0,installVAngleOffset:0,radarOffsetH:0,radarOffsetV:0.32,Polynom:-0.001023;-0.0511;-2.047;0;0;0;-0.001023;-0.0511;-2.047;-25.5;0;0,WheelDirection:0;0;0;0,selfAngleOffset:0,selfAngleOffsetPit:0,currCaliAngleHrz:0,currCaliAnglePit:0,selfCaliAngleHrz:0,selfCaliAnglePit:0,servCaliAngleHrz:0,servCaliAnglePit:0,offlineCaliAngleHrz:0,offlineCaliAnglePit:0,determine2useFlag:0,IMU_Z_Accel:0,IMU_X_AngularRate:0,IMU_Y_AngularRate:0,IMU_RollAngle:0,IMU_PitchAngle:0,IMU_YawAngle:0,FcwID:0,FCWWarningLevel:0,FCWTTC:0
0,5.12,0,-6.88,0,0,0,0,0,0.613,5.0875,-0.125,0,-7.1,0,0,0,0,0.0572958,0,0,0,0,98,0,0,0,0,0,0,58,0,0.00034,0.00034,0,0,0,0,0,3,0,0,0,0,0,0,1,0,0,0,0,0,0,0,0,99,0,,0,0,0,0,
24,8.85,0,27.05,0,0,0,0,0,-4.0245,7.8875,0,0,-3.1,0,0,0,0,0.0572958,0,0,0,0,65,0,0,0,0,0,0,58,0,0.00034,0.00034,0,0,0,0,0,0.4,0,0,0,0,0,0,1,0,0,0,0,0,0,0,0,99,0,,0,0,0,0,
122,9.91,0,-11.2,0,0,0,0,0,1.9255,9.725,-0.125,0,-15.9,0,0,0,0,0.0572958,0,0,0,0,98,0,0,0,0,0,0,58,0,0.00034,0.00034,0,0,0,0,0,0.8,0,0,0,0,0,0,1,0,0,0,0,0,0,0,0,99,0,,0,0,0,0,
END,Total:3
START,FrameNb:100,CameraNb:0,HeSaiNb:0,ARS410Nb:0
2026/08/02 21:35:35:282---->
heightOffset:0,1785677735282,243530,selfCaliBufCnt:0,selfAccObjCnt:0,selfAccAngle:0,installHAngleOffset:0,Interpolation:0,installVAngleOffset:0,radarOffsetH:0,radarOffsetV:0.32,Polynom:-0.001023;-0.0511;-2.047;0;0;0;-0.001023;-0.0511;-2.047;-25.5;0;0,WheelDirection:0;0;0;0,selfAngleOffset:0,selfAngleOffsetPit:0,currCaliAngleHrz:0,currCaliAnglePit:0,selfCaliAngleHrz:0,selfCaliAnglePit:0,servCaliAngleHrz:0,servCaliAnglePit:0,offlineCaliAngleHrz:0,offlineCaliAnglePit:0,determine2useFlag:0,IMU_Z_Accel:0,IMU_X_AngularRate:0,IMU_Y_AngularRate:0,IMU_RollAngle:0,IMU_PitchAngle:0,IMU_YawAngle:0,FcwID:0,FCWWarningLevel:0,FCWTTC:0
0,5.12,0,-6.88,0,0,0,0,0,0.613,5.0875,-0.125,0,-7.1,0,0,0,0,0.0572958,0,0,0,0,98,0,0,0,0,0,0,58,0,0.00034,0.00034,0,0,0,0,0,2.4,0,0,0,0,0,0,1,0,0,0,0,0,0,0,0,99,0,,0,0,0,0,
24,8.85,0,27.05,0,0,0,0,0,-4.0245,7.8875,0,0,-3.1,0,0,0,0,0.0572958,0,0,0,0,65,0,0,0,0,0,0,58,0,0.00034,0.00034,0,0,0,0,0,0.4,0,0,0,0,0,0,1,0,0,0,0,0,0,0,0,99,0,,0,0,0,0,
122,9.91,0,-11.2,0,0,0,0,0,1.9255,9.725,-0.125,0,-15.9,0,0,0,0,0.0572958,0,0,0,0,98,0,0,0,0,0,0,58,0,0.00034,0.00034,0,0,0,0,0,0.8,0,0,0,0,0,0,1,0,0,0,0,0,0,0,0,99,0,,0,0,0,0,
END,Total:3
START,FrameNb:101,CameraNb:0,HeSaiNb:0,ARS410Nb:0
2026/08/02 21:35:35:351---->
heightOffset:0,1785677735351,243581,selfCaliBufCnt:0,selfAccObjCnt:0,selfAccAngle:0,installHAngleOffset:0,Interpolation:0,installVAngleOffset:0,radarOffsetH:0,radarOffsetV:0.32,Polynom:-0.001023;-0.0511;-2.047;0;0;0;-0.001023;-0.0511;-2.047;-25.5;0;0,WheelDirection:0;0;0;0,selfAngleOffset:0,selfAngleOffsetPit:0,currCaliAngleHrz:0,currCaliAnglePit:0,selfCaliAngleHrz:0,selfCaliAnglePit:0,servCaliAngleHrz:0,servCaliAnglePit:0,offlineCaliAngleHrz:0,offlineCaliAnglePit:0,determine2useFlag:0,IMU_Z_Accel:0,IMU_X_AngularRate:0,IMU_Y_AngularRate:0,IMU_RollAngle:0,IMU_PitchAngle:0,IMU_YawAngle:0,FcwID:0,FCWWarningLevel:0,FCWTTC:0
0,5.12,0,-6.88,0,0,0,0,0,0.613,5.0875,-0.125,0,-7.1,0,0,0,0,0.0572958,0,0,0,0,98,0,0,0,0,0,0,53,0,0.00034,0.00034,0,0,0,0,0,2.8,0,0,0,0,0,0,1,0,0,0,0,0,0,0,0,99,0,,0,0,0,0,
24,8.85,0,27.05,0,0,0,0,0,-4.0245,7.8875,0,0,-3.1,0,0,0,0,0.0572958,0,0,0,0,65,0,0,0,0,0,0,53,0,0.00034,0.00034,0,0,0,0,0,0.4,0,0,0,0,0,0,1,0,0,0,0,0,0,0,0,99,0,,0,0,0,0,
122,9.91,0,-11.2,0,0,0,0,0,1.9255,9.725,-0.125,0,-15.9,0,0,0,0,0.0572958,0,0,0,0,98,0,0,0,0,0,0,53,0,0.00034,0.00034,0,0,0,0,0,0.8,0,0,0,0,0,0,1,0,0,0,0,0,0,0,0,99,0,,0,0,0,0,
END,Total:3
START,FrameNb:102,CameraNb:0,HeSaiNb:0,ARS410Nb:0
2026/08/02 21:35:35:408---->
heightOffset:0,1785677735408,243630,selfCaliBufCnt:0,selfAccObjCnt:0,selfAccAngle:0,installHAngleOffset:0,Interpolation:0,installVAngleOffset:0,radarOffsetH:0,radarOffsetV:0.32,Polynom:-0.001023;-0.0511;-2.047;0;0;0;-0.001023;-0.0511;-2.047;-25.5;0;0,WheelDirection:0;0;0;0,selfAngleOffset:0,selfAngleOffsetPit:0,currCaliAngleHrz:0,currCaliAnglePit:0,selfCaliAngleHrz:0,selfCaliAnglePit:0,servCaliAngleHrz:0,servCaliAnglePit:0,offlineCaliAngleHrz:0,offlineCaliAnglePit:0,determine2useFlag:0,IMU_Z_Accel:0,IMU_X_AngularRate:0,IMU_Y_AngularRate:0,IMU_RollAngle:0,IMU_PitchAngle:0,IMU_YawAngle:0,FcwID:0,FCWWarningLevel:0,FCWTTC:0
0,5.12,0,-6.88,0,0,0,0,0,0.613,5.0875,-0.125,0,-7.1,0,0,0,0,0.0572958,0,0,0,0,98,0,0,0,0,0,0,57,0,0.00034,0.00034,0,0,0,0,0,2.2,0,0,0,0,0,0,1,0,0,0,0,0,0,0,0,99,0,,0,0,0,0,
24,8.85,0,27.05,0,0,0,0,0,-4.0245,7.8875,-0.125,0,-3.3,0,0,0,0,0.0572958,0,0,0,0,65,0,0,0,0,0,0,57,0,0.00034,0.00034,0,0,0,0,0,0.4,0,0,0,0,0,0,1,0,0,0,0,0,0,0,0,99,0,,0,0,0,0,
122,9.91,0,-11.2,0,0,0,0,0,1.9255,9.725,-0.125,0,-15.9,0,0,0,0,0.0572958,0,0,0,0,98,0,0,0,0,0,0,57,0,0.00034,0.00034,0,0,0,0,0,0.8,0,0,0,0,0,0,1,0,0,0,0,0,0,0,0,99,0,,0,0,0,0,
END,Total:3
START,FrameNb:103,CameraNb:0,HeSaiNb:0,ARS410Nb:0
2026/08/02 21:35:35:423---->
heightOffset:0,1785677735423,243680,selfCaliBufCnt:0,selfAccObjCnt:0,selfAccAngle:0,installHAngleOffset:0,Interpolation:0,installVAngleOffset:0,radarOffsetH:0,radarOffsetV:0.32,Polynom:-0.001023;-0.0511;-2.047;0;0;0;-0.001023;-0.0511;-2.047;-25.5;0;0,WheelDirection:0;0;0;0,selfAngleOffset:0,selfAngleOffsetPit:0,currCaliAngleHrz:0,currCaliAnglePit:0,selfCaliAngleHrz:0,selfCaliAnglePit:0,servCaliAngleHrz:0,servCaliAnglePit:0,offlineCaliAngleHrz:0,offlineCaliAnglePit:0,determine2useFlag:0,IMU_Z_Accel:0,IMU_X_AngularRate:0,IMU_Y_AngularRate:0,IMU_RollAngle:0,IMU_PitchAngle:0,IMU_YawAngle:0,FcwID:0,FCWWarningLevel:0,FCWTTC:0
0,5.12,0,-6.88,0,0,0,0,0,0.613,5.0875,-0.125,0,-7.1,0,0,0,0,0.0572958,0,0,0,0,98,0,0,0,0,0,0,54,0,0.00034,0.00034,0,0,0,0,0,2.6,0,0,0,0,0,0,1,0,0,0,0,0,0,0,0,99,0,,0,0,0,0,
24,8.85,0,27.05,0,0,0,0,0,-4.0245,7.8875,-0.125,0,-3.5,0,0,0,0,0.0572958,0,0,0,0,65,0,0,0,0,0,0,54,0,0.00034,0.00034,0,0,0,0,0,0.6,0,0,0,0,0,0,1,0,0,0,0,0,0,0,0,99,0,,0,0,0,0,
122,9.91,0,-11.2,0,0,0,0,0,1.9255,9.725,-0.125,0,-15.9,0,0,0,0,0.0572958,0,0,0,0,98,0,0,0,0,0,0,54,0,0.00034,0.00034,0,0,0,0,0,0.8,0,0,0,0,0,0,1,0,0,0,0,0,0,0,0,99,0,,0,0,0,0,
END,Total:3
START,FrameNb:104,CameraNb:0,HeSaiNb:0,ARS410Nb:0
2026/08/02 21:35:35:469---->
heightOffset:0,1785677735469,243730,selfCaliBufCnt:0,selfAccObjCnt:0,selfAccAngle:0,installHAngleOffset:0,Interpolation:0,installVAngleOffset:0,radarOffsetH:0,radarOffsetV:0.32,Polynom:-0.001023;-0.0511;-2.047;0;0;0;-0.001023;-0.0511;-2.047;-25.5;0;0,WheelDirection:0;0;0;0,selfAngleOffset:0,selfAngleOffsetPit:0,currCaliAngleHrz:0,currCaliAnglePit:0,selfCaliAngleHrz:0,selfCaliAnglePit:0,servCaliAngleHrz:0,servCaliAnglePit:0,offlineCaliAngleHrz:0,offlineCaliAnglePit:0,determine2useFlag:0,IMU_Z_Accel:0,IMU_X_AngularRate:0,IMU_Y_AngularRate:0,IMU_RollAngle:0,IMU_PitchAngle:0,IMU_YawAngle:0,FcwID:0,FCWWarningLevel:0,FCWTTC:0
0,5.12,0,-6.88,0,0,0,0,0,0.613,5.0875,-0.125,0,-7.1,0,0,0,0,0.0572958,0,0,0,0,98,0,0,0,0,0,0,61,0,0.00034,0.00034,0,0,0,0,0,2.2,0,0,0,0,0,0,1,0,0,0,0,0,0,0,0,99,0,,0,0,0,0,
24,8.85,0,27.05,0,0,0,0,0,-4.0245,7.8875,-0.125,0,-3.7,0,0,0,0,0.0572958,0,0,0,0,65,0,0,0,0,0,0,61,0,0.00034,0.00034,0,0,0,0,0,0.6,0,0,0,0,0,0,1,0,0,0,0,0,0,0,0,99,0,,0,0,0,0,
122,9.91,0,-11.2,0,0,0,0,0,1.9255,9.725,-0.125,0,-15.9,0,0,0,0,0.0572958,0,0,0,0,98,0,0,0,0,0,0,61,0,0.00034,0.00034,0,0,0,0,0,0.8,0,0,0,0,0,0,1,0,0,0,0,0,0,0,0,99,0,,0,0,0,0,
END,Total:3
START,FrameNb:105,CameraNb:0,HeSaiNb:0,ARS410Nb:0
2026/08/02 21:35:35:538---->
heightOffset:0,1785677735538,243780,selfCaliBufCnt:0,selfAccObjCnt:0,selfAccAngle:0,installHAngleOffset:0,Interpolation:0,installVAngleOffset:0,radarOffsetH:0,radarOffsetV:0.32,Polynom:-0.001023;-0.0511;-2.047;0;0;0;-0.001023;-0.0511;-2.047;-25.5;0;0,WheelDirection:0;0;0;0,selfAngleOffset:0,selfAngleOffsetPit:0,currCaliAngleHrz:0,currCaliAnglePit:0,selfCaliAngleHrz:0,selfCaliAnglePit:0,servCaliAngleHrz:0,servCaliAnglePit:0,offlineCaliAngleHrz:0,offlineCaliAnglePit:0,determine2useFlag:0,IMU_Z_Accel:0,IMU_X_AngularRate:0,IMU_Y_AngularRate:0,IMU_RollAngle:0,IMU_PitchAngle:0,IMU_YawAngle:0,FcwID:0,FCWWarningLevel:0,FCWTTC:0
0,5.12,0,-6.88,0,0,0,0,0,0.613,5.0875,-0.125,0,-7.1,0,0,0,0,0.0572958,0,0,0,0,98,0,0,0,0,0,0,58,0,0.00034,0.00034,0,0,0,0,0,2.4,0,0,0,0,0,0,1,0,0,0,0,0,0,0,0,99,0,,0,0,0,0,
24,8.85,0,27.05,0,0,0,0,0,-4.0245,7.8875,-0.125,0,-3.7,0,0,0,0,0.0572958,0,0,0,0,65,0,0,0,0,0,0,58,0,0.00034,0.00034,0,0,0,0,0,0.8,0,0,0,0,0,0,1,0,0,0,0,0,0,0,0,99,0,,0,0,0,0,
122,9.91,0,-11.2,0,0,0,0,0,1.9255,9.725,-0.125,0,-15.9,0,0,0,0,0.0572958,0,0,0,0,98,0,0,0,0,0,0,58,0,0.00034,0.00034,0,0,0,0,0,0.8,0,0,0,0,0,0,1,0,0,0,0,0,0,0,0,99,0,,0,0,0,0,
END,Total:3
START,FrameNb:106,CameraNb:0,HeSaiNb:0,ARS410Nb:0
2026/08/02 21:35:35:589---->
heightOffset:0,1785677735589,243830,selfCaliBufCnt:0,selfAccObjCnt:0,selfAccAngle:0,installHAngleOffset:0,Interpolation:0,installVAngleOffset:0,radarOffsetH:0,radarOffsetV:0.32,Polynom:-0.001023;-0.0511;-2.047;0;0;0;-0.001023;-0.0511;-2.047;-25.5;0;0,WheelDirection:0;0;0;0,selfAngleOffset:0,selfAngleOffsetPit:0,currCaliAngleHrz:0,currCaliAnglePit:0,selfCaliAngleHrz:0,selfCaliAnglePit:0,servCaliAngleHrz:0,servCaliAnglePit:0,offlineCaliAngleHrz:0,offlineCaliAnglePit:0,determine2useFlag:0,IMU_Z_Accel:0,IMU_X_AngularRate:0,IMU_Y_AngularRate:0,IMU_RollAngle:0,IMU_PitchAngle:0,IMU_YawAngle:0,FcwID:0,FCWWarningLevel:0,FCWTTC:0
0,5.12,0,-6.88,0,0,0,0,0,0.613,5.0875,-0.125,0,-7.1,0,0,0,0,0.0572958,0,0,0,0,98,0,0,0,0,0,0,59,0,0.00034,0.00034,0,0,0,0,0,2,0,0,0,0,0,0,1,0,0,0,0,0,0,0,0,99,0,,0,0,0,0,
24,8.85,0,27.05,0,0,0,0,0,-4.0245,7.8875,-0.125,0,-3.7,0,0,0,0,0.0572958,0,0,0,0,65,0,0,0,0,0,0,59,0,0.00034,0.00034,0,0,0,0,0,0.8,0,0,0,0,0,0,1,0,0,0,0,0,0,0,0,99,0,,0,0,0,0,
122,9.91,0,-11.2,0,0,0,0,0,1.9255,9.725,0,0,-15.9,0,0,0,0,0.0572958,0,0,0,0,98,0,0,0,0,0,0,59,0,0.00034,0.00034,0,0,0,0,0,0.8,0,0,0,0,0,0,1,0,0,0,0,0,0,0,0,99,0,,0,0,0,0,
END,Total:3
START,FrameNb:107,CameraNb:0,HeSaiNb:0,ARS410Nb:0
2026/08/02 21:35:35:662---->
heightOffset:0,1785677735662,243880,selfCaliBufCnt:0,selfAccObjCnt:0,selfAccAngle:0,installHAngleOffset:0,Interpolation:0,installVAngleOffset:0,radarOffsetH:0,radarOffsetV:0.32,Polynom:-0.001023;-0.0511;-2.047;0;0;0;-0.001023;-0.0511;-2.047;-25.5;0;0,WheelDirection:0;0;0;0,selfAngleOffset:0,selfAngleOffsetPit:0,currCaliAngleHrz:0,currCaliAnglePit:0,selfCaliAngleHrz:0,selfCaliAnglePit:0,servCaliAngleHrz:0,servCaliAnglePit:0,offlineCaliAngleHrz:0,offlineCaliAnglePit:0,determine2useFlag:0,IMU_Z_Accel:0,IMU_X_AngularRate:0,IMU_Y_AngularRate:0,IMU_RollAngle:0,IMU_PitchAngle:0,IMU_YawAngle:0,FcwID:0,FCWWarningLevel:0,FCWTTC:0
0,5.12,0,-6.88,0,0,0,0,0,0.613,5.0875,-0.125,0,-7.1,0,0,0,0,0.0572958,0,0,0,0,98,0,0,0,0,0,0,53,0,0.00034,0.00034,0,0,0,0,0,2.4,0,0,0,0,0,0,1,0,0,0,0,0,0,0,0,99,0,,0,0,0,0,
24,8.85,0,27.05,0,0,0,0,0,-4.0245,7.8875,-0.125,0,-3.7,0,0,0,0,0.0572958,0,0,0,0,65,0,0,0,0,0,0,53,0,0.00034,0.00034,0,0,0,0,0,0.6,0,0,0,0,0,0,1,0,0,0,0,0,0,0,0,99,0,,0,0,0,0,
122,9.91,0,-11.2,0,0,0,0,0,1.9255,9.725,0,0,-15.9,0,0,0,0,0.0572958,0,0,0,0,98,0,0,0,0,0,0,53,0,0.00034,0.00034,0,0,0,0,0,0.8,0,0,0,0,0,0,1,0,0,0,0,0,0,0,0,99,0,,0,0,0,0,
END,Total:3
START,FrameNb:108,CameraNb:0,HeSaiNb:0,ARS410Nb:0
2026/08/02 21:35:35:676---->
heightOffset:0,1785677735676,243930,selfCaliBufCnt:0,selfAccObjCnt:0,selfAccAngle:0,installHAngleOffset:0,Interpolation:0,installVAngleOffset:0,radarOffsetH:0,radarOffsetV:0.32,Polynom:-0.001023;-0.0511;-2.047;0;0;0;-0.001023;-0.0511;-2.047;-25.5;0;0,WheelDirection:0;0;0;0,selfAngleOffset:0,selfAngleOffsetPit:0,currCaliAngleHrz:0,currCaliAnglePit:0,selfCaliAngleHrz:0,selfCaliAnglePit:0,servCaliAngleHrz:0,servCaliAnglePit:0,offlineCaliAngleHrz:0,offlineCaliAnglePit:0,determine2useFlag:0,IMU_Z_Accel:0,IMU_X_AngularRate:0,IMU_Y_AngularRate:0,IMU_RollAngle:0,IMU_PitchAngle:0,IMU_YawAngle:0,FcwID:0,FCWWarningLevel:0,FCWTTC:0
0,5.12,0,-6.88,0,0,0,0,0,0.613,5.0875,-0.125,0,-7.1,0,0,0,0,0.0572958,0,0,0,0,98,0,0,0,0,0,0,57,0,0.00034,0.00034,0,0,0,0,0,2.4,0,0,0,0,0,0,1,0,0,0,0,0,0,0,0,99,0,,0,0,0,0,
24,8.85,0,27.05,0,0,0,0,0,-4.0245,7.8875,-0.125,0,-3.7,0,0,0,0,0.0572958,0,0,0,0,65,0,0,0,0,0,0,57,0,0.00034,0.00034,0,0,0,0,0,0.6,0,0,0,0,0,0,1,0,0,0,0,0,0,0,0,99,0,,0,0,0,0,
122,9.91,0,-11.2,0,0,0,0,0,1.9255,9.725,0,0,-15.9,0,0,0,0,0.0572958,0,0,0,0,98,0,0,0,0,0,0,57,0,0.00034,0.00034,0,0,0,0,0,0.8,0,0,0,0,0,0,1,0,0,0,0,0,0,0,0,99,0,,0,0,0,0,
END,Total:3
START,FrameNb:109,CameraNb:0,HeSaiNb:0,ARS410Nb:0
2026/08/02 21:35:35:728---->
heightOffset:0,1785677735728,243981,selfCaliBufCnt:0,selfAccObjCnt:0,selfAccAngle:0,installHAngleOffset:0,Interpolation:0,installVAngleOffset:0,radarOffsetH:0,radarOffsetV:0.32,Polynom:-0.001023;-0.0511;-2.047;0;0;0;-0.001023;-0.0511;-2.047;-25.5;0;0,WheelDirection:0;0;0;0,selfAngleOffset:0,selfAngleOffsetPit:0,currCaliAngleHrz:0,currCaliAnglePit:0,selfCaliAngleHrz:0,selfCaliAnglePit:0,servCaliAngleHrz:0,servCaliAnglePit:0,offlineCaliAngleHrz:0,offlineCaliAnglePit:0,determine2useFlag:0,IMU_Z_Accel:0,IMU_X_AngularRate:0,IMU_Y_AngularRate:0,IMU_RollAngle:0,IMU_PitchAngle:0,IMU_YawAngle:0,FcwID:0,FCWWarningLevel:0,FCWTTC:0
0,5.12,0,-6.88,0,0,0,0,0,0.613,5.0875,-0.125,0,-7.1,0,0,0,0,0.0572958,0,0,0,0,98,0,0,0,0,0,0,57,0,0.00034,0.00034,0,0,0,0,0,2,0,0,0,0,0,0,1,0,0,0,0,0,0,0,0,99,0,,0,0,0,0,
24,8.85,0,27.05,0,0,0,0,0,-4.0245,7.8875,-0.125,0,-3.7,0,0,0,0,0.0572958,0,0,0,0,65,0,0,0,0,0,0,57,0,0.00034,0.00034,0,0,0,0,0,0.6,0,0,0,0,0,0,1,0,0,0,0,0,0,0,0,99,0,,0,0,0,0,
122,9.91,0,-11.2,0,0,0,0,0,1.9255,9.725,0,0,-15.9,0,0,0,0,0.0572958,0,0,0,0,98,0,0,0,0,0,0,57,0,0.00034,0.00034,0,0,0,0,0,0.8,0,0,0,0,0,0,1,0,0,0,0,0,0,0,0,99,0,,0,0,0,0,
END,Total:3
START,FrameNb:110,CameraNb:0,HeSaiNb:0,ARS410Nb:0
2026/08/02 21:35:35:787---->
heightOffset:0,1785677735787,244031,selfCaliBufCnt:0,selfAccObjCnt:0,selfAccAngle:0,installHAngleOffset:0,Interpolation:0,installVAngleOffset:0,radarOffsetH:0,radarOffsetV:0.32,Polynom:-0.001023;-0.0511;-2.047;0;0;0;-0.001023;-0.0511;-2.047;-25.5;0;0,WheelDirection:0;0;0;0,selfAngleOffset:0,selfAngleOffsetPit:0,currCaliAngleHrz:0,currCaliAnglePit:0,selfCaliAngleHrz:0,selfCaliAnglePit:0,servCaliAngleHrz:0,servCaliAnglePit:0,offlineCaliAngleHrz:0,offlineCaliAnglePit:0,determine2useFlag:0,IMU_Z_Accel:0,IMU_X_AngularRate:0,IMU_Y_AngularRate:0,IMU_RollAngle:0,IMU_PitchAngle:0,IMU_YawAngle:0,FcwID:0,FCWWarningLevel:0,FCWTTC:0
0,5.12,0,-6.88,0,0,0,0,0,0.613,5.0875,-0.125,0,-7.1,0,0,0,0,0.0572958,0,0,0,0,98,0,0,0,0,0,0,54,0,0.00034,0.00034,0,0,0,0,0,2.4,0,0,0,0,0,0,1,0,0,0,0,0,0,0,0,99,0,,0,0,0,0,
24,8.85,0,27.05,0,0,0,0,0,-4.0245,7.8875,-0.125,0,-3.7,0,0,0,0,0.0572958,0,0,0,0,65,0,0,0,0,0,0,54,0,0.00034,0.00034,0,0,0,0,0,0.4,0,0,0,0,0,0,1,0,0,0,0,0,0,0,0,99,0,,0,0,0,0,
122,9.91,0,-11.2,0,0,0,0,0,1.9255,9.725,0,0,-15.9,0,0,0,0,0.0572958,0,0,0,0,98,0,0,0,0,0,0,54,0,0.00034,0.00034,0,0,0,0,0,0.8,0,0,0,0,0,0,1,0,0,0,0,0,0,0,0,99,0,,0,0,0,0,
END,Total:3
START,FrameNb:111,CameraNb:0,HeSaiNb:0,ARS410Nb:0
2026/08/02 21:35:35:849---->
heightOffset:0,1785677735849,244080,selfCaliBufCnt:0,selfAccObjCnt:0,selfAccAngle:0,installHAngleOffset:0,Interpolation:0,installVAngleOffset:0,radarOffsetH:0,radarOffsetV:0.32,Polynom:-0.001023;-0.0511;-2.047;0;0;0;-0.001023;-0.0511;-2.047;-25.5;0;0,WheelDirection:0;0;0;0,selfAngleOffset:0,selfAngleOffsetPit:0,currCaliAngleHrz:0,currCaliAnglePit:0,selfCaliAngleHrz:0,selfCaliAnglePit:0,servCaliAngleHrz:0,servCaliAnglePit:0,offlineCaliAngleHrz:0,offlineCaliAnglePit:0,determine2useFlag:0,IMU_Z_Accel:0,IMU_X_AngularRate:0,IMU_Y_AngularRate:0,IMU_RollAngle:0,IMU_PitchAngle:0,IMU_YawAngle:0,FcwID:0,FCWWarningLevel:0,FCWTTC:0
0,5.12,0,-6.88,0,0,0,0,0,0.613,5.0875,-0.125,0,-7.1,0,0,0,0,0.0572958,0,0,0,0,98,0,0,0,0,0,0,58,0,0.00034,0.00034,0,0,0,0,0,2,0,0,0,0,0,0,1,0,0,0,0,0,0,0,0,99,0,,0,0,0,0,
24,8.85,0,27.05,0,0,0,0,0,-4.0245,7.8875,-0.125,0,-3.7,0,0,0,0,0.0572958,0,0,0,0,65,0,0,0,0,0,0,58,0,0.00034,0.00034,0,0,0,0,0,0.6,0,0,0,0,0,0,1,0,0,0,0,0,0,0,0,99,0,,0,0,0,0,
122,9.91,0,-11.2,0,0,0,0,0,1.9255,9.725,0,0,-15.9,0,0,0,0,0.0572958,0,0,0,0,98,0,0,0,0,0,0,58,0,0.00034,0.00034,0,0,0,0,0,0.8,0,0,0,0,0,0,1,0,0,0,0,0,0,0,0,99,0,,0,0,0,0,
END,Total:3
START,FrameNb:112,CameraNb:0,HeSaiNb:0,ARS410Nb:0
2026/08/02 21:35:35:905---->
heightOffset:0,1785677735905,244130,selfCaliBufCnt:0,selfAccObjCnt:0,selfAccAngle:0,installHAngleOffset:0,Interpolation:0,installVAngleOffset:0,radarOffsetH:0,radarOffsetV:0.32,Polynom:-0.001023;-0.0511;-2.047;0;0;0;-0.001023;-0.0511;-2.047;-25.5;0;0,WheelDirection:0;0;0;0,selfAngleOffset:0,selfAngleOffsetPit:0,currCaliAngleHrz:0,currCaliAnglePit:0,selfCaliAngleHrz:0,selfCaliAnglePit:0,servCaliAngleHrz:0,servCaliAnglePit:0,offlineCaliAngleHrz:0,offlineCaliAnglePit:0,determine2useFlag:0,IMU_Z_Accel:0,IMU_X_AngularRate:0,IMU_Y_AngularRate:0,IMU_RollAngle:0,IMU_PitchAngle:0,IMU_YawAngle:0,FcwID:0,FCWWarningLevel:0,FCWTTC:0
0,5.12,0,-6.88,0,0,0,0,0,0.613,5.0875,-0.125,0,-7.1,0,0,0,0,0.0572958,0,0,0,0,98,0,0,0,0,0,0,54,0,0.00034,0.00034,0,0,0,0,0,2.4,0,0,0,0,0,0,1,0,0,0,0,0,0,0,0,99,0,,0,0,0,0,
24,8.85,0,27.05,0,0,0,0,0,-4.0245,7.8875,-0.125,0,-3.9,0,0,0,0,0.0572958,0,0,0,0,65,0,0,0,0,0,0,54,0,0.00034,0.00034,0,0,0,0,0,0.6,0,0,0,0,0,0,1,0,0,0,0,0,0,0,0,99,0,,0,0,0,0,
122,9.91,0,-11.2,0,0,0,0,0,1.9255,9.725,0,0,-15.9,0,0,0,0,0.0572958,0,0,0,0,98,0,0,0,0,0,0,54,0,0.00034,0.00034,0,0,0,0,0,0.8,0,0,0,0,0,0,1,0,0,0,0,0,0,0,0,99,0,,0,0,0,0,
END,Total:3
START,FrameNb:113,CameraNb:0,HeSaiNb:0,ARS410Nb:0
2026/08/02 21:35:35:918---->
heightOffset:0,1785677735918,244180,selfCaliBufCnt:0,selfAccObjCnt:0,selfAccAngle:0,installHAngleOffset:0,Interpolation:0,installVAngleOffset:0,radarOffsetH:0,radarOffsetV:0.32,Polynom:-0.001023;-0.0511;-2.047;0;0;0;-0.001023;-0.0511;-2.047;-25.5;0;0,WheelDirection:0;0;0;0,selfAngleOffset:0,selfAngleOffsetPit:0,currCaliAngleHrz:0,currCaliAnglePit:0,selfCaliAngleHrz:0,selfCaliAnglePit:0,servCaliAngleHrz:0,servCaliAnglePit:0,offlineCaliAngleHrz:0,offlineCaliAnglePit:0,determine2useFlag:0,IMU_Z_Accel:0,IMU_X_AngularRate:0,IMU_Y_AngularRate:0,IMU_RollAngle:0,IMU_PitchAngle:0,IMU_YawAngle:0,FcwID:0,FCWWarningLevel:0,FCWTTC:0
0,5.12,0,-6.88,0,0,0,0,0,0.613,5.0875,-0.125,0,-7.1,0,0,0,0,0.0572958,0,0,0,0,98,0,0,0,0,0,0,64,0,0.00034,0.00034,0,0,0,0,0,2.6,0,0,0,0,0,0,1,0,0,0,0,0,0,0,0,99,0,,0,0,0,0,
24,8.85,0,27.05,0,0,0,0,0,-4.0245,7.8875,-0.125,0,-3.7,0,0,0,0,0.0572958,0,0,0,0,65,0,0,0,0,0,0,64,0,0.00034,0.00034,0,0,0,0,0,0.8,0,0,0,0,0,0,1,0,0,0,0,0,0,0,0,99,0,,0,0,0,0,
122,9.91,0,-11.2,0,0,0,0,0,1.9255,9.725,0,0,-15.9,0,0,0,0,0.0572958,0,0,0,0,98,0,0,0,0,0,0,64,0,0.00034,0.00034,0,0,0,0,0,0.8,0,0,0,0,0,0,1,0,0,0,0,0,0,0,0,99,0,,0,0,0,0,
END,Total:3
START,FrameNb:114,CameraNb:0,HeSaiNb:0,ARS410Nb:0
2026/08/02 21:35:35:976---->
heightOffset:0,1785677735976,244230,selfCaliBufCnt:0,selfAccObjCnt:0,selfAccAngle:0,installHAngleOffset:0,Interpolation:0,installVAngleOffset:0,radarOffsetH:0,radarOffsetV:0.32,Polynom:-0.001023;-0.0511;-2.047;0;0;0;-0.001023;-0.0511;-2.047;-25.5;0;0,WheelDirection:0;0;0;0,selfAngleOffset:0,selfAngleOffsetPit:0,currCaliAngleHrz:0,currCaliAnglePit:0,selfCaliAngleHrz:0,selfCaliAnglePit:0,servCaliAngleHrz:0,servCaliAnglePit:0,offlineCaliAngleHrz:0,offlineCaliAnglePit:0,determine2useFlag:0,IMU_Z_Accel:0,IMU_X_AngularRate:0,IMU_Y_AngularRate:0,IMU_RollAngle:0,IMU_PitchAngle:0,IMU_YawAngle:0,FcwID:0,FCWWarningLevel:0,FCWTTC:0
0,5.12,0,-6.88,0,0,0,0,0,0.613,5.0875,-0.125,0,-7.1,0,0,0,0,0.0572958,0,0,0,0,98,0,0,0,0,0,0,56,0,0.00034,0.00034,0,0,0,0,0,2.8,0,0,0,0,0,0,1,0,0,0,0,0,0,0,0,99,0,,0,0,0,0,
24,8.85,0,27.05,0,0,0,0,0,-4.0245,7.8875,-0.125,0,-3.7,0,0,0,0,0.0572958,0,0,0,0,65,0,0,0,0,0,0,56,0,0.00034,0.00034,0,0,0,0,0,0.6,0,0,0,0,0,0,1,0,0,0,0,0,0,0,0,99,0,,0,0,0,0,
122,9.91,0,-11.2,0,0,0,0,0,1.9255,9.725,0,0,-15.9,0,0,0,0,0.0572958,0,0,0,0,98,0,0,0,0,0,0,56,0,0.00034,0.00034,0,0,0,0,0,0.8,0,0,0,0,0,0,1,0,0,0,0,0,0,0,0,99,0,,0,0,0,0,
END,Total:3
START,FrameNb:115,CameraNb:0,HeSaiNb:0,ARS410Nb:0
2026/08/02 21:35:36:025---->
heightOffset:0,1785677736025,244281,selfCaliBufCnt:0,selfAccObjCnt:0,selfAccAngle:0,installHAngleOffset:0,Interpolation:0,installVAngleOffset:0,radarOffsetH:0,radarOffsetV:0.32,Polynom:-0.001023;-0.0511;-2.047;0;0;0;-0.001023;-0.0511;-2.047;-25.5;0;0,WheelDirection:0;0;0;0,selfAngleOffset:0,selfAngleOffsetPit:0,currCaliAngleHrz:0,currCaliAnglePit:0,selfCaliAngleHrz:0,selfCaliAnglePit:0,servCaliAngleHrz:0,servCaliAnglePit:0,offlineCaliAngleHrz:0,offlineCaliAnglePit:0,determine2useFlag:0,IMU_Z_Accel:0,IMU_X_AngularRate:0,IMU_Y_AngularRate:0,IMU_RollAngle:0,IMU_PitchAngle:0,IMU_YawAngle:0,FcwID:0,FCWWarningLevel:0,FCWTTC:0
0,5.12,0,-6.88,0,0,0,0,0,0.613,5.0875,-0.125,0,-7.1,0,0,0,0,0.0572958,0,0,0,0,98,0,0,0,0,0,0,57,0,0.00034,0.00034,0,0,0,0,0,3,0,0,0,0,0,0,1,0,0,0,0,0,0,0,0,99,0,,0,0,0,0,
24,8.85,0,27.05,0,0,0,0,0,-4.0245,7.8875,-0.125,0,-3.9,0,0,0,0,0.0572958,0,0,0,0,65,0,0,0,0,0,0,57,0,0.00034,0.00034,0,0,0,0,0,0.6,0,0,0,0,0,0,1,0,0,0,0,0,0,0,0,99,0,,0,0,0,0,
122,9.91,0,-11.2,0,0,0,0,0,1.9255,9.725,0,0,-15.9,0,0,0,0,0.0572958,0,0,0,0,98,0,0,0,0,0,0,57,0,0.00034,0.00034,0,0,0,0,0,0.8,0,0,0,0,0,0,1,0,0,0,0,0,0,0,0,99,0,,0,0,0,0,
END,Total:3
START,FrameNb:116,CameraNb:0,HeSaiNb:0,ARS410Nb:0
2026/08/02 21:35:36:081---->
heightOffset:0,1785677736081,244330,selfCaliBufCnt:0,selfAccObjCnt:0,selfAccAngle:0,installHAngleOffset:0,Interpolation:0,installVAngleOffset:0,radarOffsetH:0,radarOffsetV:0.32,Polynom:-0.001023;-0.0511;-2.047;0;0;0;-0.001023;-0.0511;-2.047;-25.5;0;0,WheelDirection:0;0;0;0,selfAngleOffset:0,selfAngleOffsetPit:0,currCaliAngleHrz:0,currCaliAnglePit:0,selfCaliAngleHrz:0,selfCaliAnglePit:0,servCaliAngleHrz:0,servCaliAnglePit:0,offlineCaliAngleHrz:0,offlineCaliAnglePit:0,determine2useFlag:0,IMU_Z_Accel:0,IMU_X_AngularRate:0,IMU_Y_AngularRate:0,IMU_RollAngle:0,IMU_PitchAngle:0,IMU_YawAngle:0,FcwID:0,FCWWarningLevel:0,FCWTTC:0
0,5.12,0,-6.88,0,0,0,0,0,0.613,5.0875,-0.125,0,-7.1,0,0,0,0,0.0572958,0,0,0,0,98,0,0,0,0,0,0,54,0,0.00034,0.00034,0,0,0,0,0,3,0,0,0,0,0,0,1,0,0,0,0,0,0,0,0,99,0,,0,0,0,0,
24,8.85,0,27.05,0,0,0,0,0,-4.0245,7.8875,-0.125,0,-3.9,0,0,0,0,0.0572958,0,0,0,0,65,0,0,0,0,0,0,54,0,0.00034,0.00034,0,0,0,0,0,0.6,0,0,0,0,0,0,1,0,0,0,0,0,0,0,0,99,0,,0,0,0,0,
122,9.91,0,-11.2,0,0,0,0,0,1.9255,9.725,0,0,-15.9,0,0,0,0,0.0572958,0,0,0,0,98,0,0,0,0,0,0,54,0,0.00034,0.00034,0,0,0,0,0,0.8,0,0,0,0,0,0,1,0,0,0,0,0,0,0,0,99,0,,0,0,0,0,
END,Total:3
START,FrameNb:117,CameraNb:0,HeSaiNb:0,ARS410Nb:0
2026/08/02 21:35:36:118---->
heightOffset:0,1785677736118,244380,selfCaliBufCnt:0,selfAccObjCnt:0,selfAccAngle:0,installHAngleOffset:0,Interpolation:0,installVAngleOffset:0,radarOffsetH:0,radarOffsetV:0.32,Polynom:-0.001023;-0.0511;-2.047;0;0;0;-0.001023;-0.0511;-2.047;-25.5;0;0,WheelDirection:0;0;0;0,selfAngleOffset:0,selfAngleOffsetPit:0,currCaliAngleHrz:0,currCaliAnglePit:0,selfCaliAngleHrz:0,selfCaliAnglePit:0,servCaliAngleHrz:0,servCaliAnglePit:0,offlineCaliAngleHrz:0,offlineCaliAnglePit:0,determine2useFlag:0,IMU_Z_Accel:0,IMU_X_AngularRate:0,IMU_Y_AngularRate:0,IMU_RollAngle:0,IMU_PitchAngle:0,IMU_YawAngle:0,FcwID:0,FCWWarningLevel:0,FCWTTC:0
0,5.12,0,-6.88,0,0,0,0,0,0.613,5.0875,-0.125,0,-7.1,0,0,0,0,0.0572958,0,0,0,0,98,0,0,0,0,0,0,54,0,0.00034,0.00034,0,0,0,0,0,2.4,0,0,0,0,0,0,1,0,0,0,0,0,0,0,0,99,0,,0,0,0,0,
24,8.85,0,27.05,0,0,0,0,0,-4.0245,7.8875,-0.125,0,-3.9,0,0,0,0,0.0572958,0,0,0,0,65,0,0,0,0,0,0,54,0,0.00034,0.00034,0,0,0,0,0,0.6,0,0,0,0,0,0,1,0,0,0,0,0,0,0,0,99,0,,0,0,0,0,
122,9.91,0,-11.2,0,0,0,0,0,1.9255,9.725,0,0,-15.9,0,0,0,0,0.0572958,0,0,0,0,98,0,0,0,0,0,0,54,0,0.00034,0.00034,0,0,0,0,0,0.8,0,0,0,0,0,0,1,0,0,0,0,0,0,0,0,99,0,,0,0,0,0,
END,Total:3
START,FrameNb:118,CameraNb:0,HeSaiNb:0,ARS410Nb:0
2026/08/02 21:35:36:187---->
heightOffset:0,1785677736187,244431,selfCaliBufCnt:0,selfAccObjCnt:0,selfAccAngle:0,installHAngleOffset:0,Interpolation:0,installVAngleOffset:0,radarOffsetH:0,radarOffsetV:0.32,Polynom:-0.001023;-0.0511;-2.047;0;0;0;-0.001023;-0.0511;-2.047;-25.5;0;0,WheelDirection:0;0;0;0,selfAngleOffset:0,selfAngleOffsetPit:0,currCaliAngleHrz:0,currCaliAnglePit:0,selfCaliAngleHrz:0,selfCaliAnglePit:0,servCaliAngleHrz:0,servCaliAnglePit:0,offlineCaliAngleHrz:0,offlineCaliAnglePit:0,determine2useFlag:0,IMU_Z_Accel:0,IMU_X_AngularRate:0,IMU_Y_AngularRate:0,IMU_RollAngle:0,IMU_PitchAngle:0,IMU_YawAngle:0,FcwID:0,FCWWarningLevel:0,FCWTTC:0
0,5.12,0,-6.88,0,0,0,0,0,0.613,5.0875,-0.125,0,-7.1,0,0,0,0,0.0572958,0,0,0,0,98,0,0,0,0,0,0,58,0,0.00034,0.00034,0,0,0,0,0,2.6,0,0,0,0,0,0,1,0,0,0,0,0,0,0,0,99,0,,0,0,0,0,
24,8.85,0,27.05,0,0,0,0,0,-4.0245,7.8875,-0.125,0,-3.9,0,0,0,0,0.0572958,0,0,0,0,65,0,0,0,0,0,0,58,0,0.00034,0.00034,0,0,0,0,0,0.8,0,0,0,0,0,0,1,0,0,0,0,0,0,0,0,99,0,,0,0,0,0,
122,9.91,0,-11.2,0,0,0,0,0,1.9255,9.725,0,0,-15.9,0,0,0,0,0.0572958,0,0,0,0,98,0,0,0,0,0,0,58,0,0.00034,0.00034,0,0,0,0,0,0.8,0,0,0,0,0,0,1,0,0,0,0,0,0,0,0,99,0,,0,0,0,0,
END,Total:3
START,FrameNb:119,CameraNb:0,HeSaiNb:0,ARS410Nb:0
2026/08/02 21:35:36:248---->
heightOffset:0,1785677736248,244480,selfCaliBufCnt:0,selfAccObjCnt:0,selfAccAngle:0,installHAngleOffset:0,Interpolation:0,installVAngleOffset:0,radarOffsetH:0,radarOffsetV:0.32,Polynom:-0.001023;-0.0511;-2.047;0;0;0;-0.001023;-0.0511;-2.047;-25.5;0;0,WheelDirection:0;0;0;0,selfAngleOffset:0,selfAngleOffsetPit:0,currCaliAngleHrz:0,currCaliAnglePit:0,selfCaliAngleHrz:0,selfCaliAnglePit:0,servCaliAngleHrz:0,servCaliAnglePit:0,offlineCaliAngleHrz:0,offlineCaliAnglePit:0,determine2useFlag:0,IMU_Z_Accel:0,IMU_X_AngularRate:0,IMU_Y_AngularRate:0,IMU_RollAngle:0,IMU_PitchAngle:0,IMU_YawAngle:0,FcwID:0,FCWWarningLevel:0,FCWTTC:0
0,5.12,0,-6.88,0,0,0,0,0,0.613,5.0875,-0.125,0,-7.1,0,0,0,0,0.0572958,0,0,0,0,98,0,0,0,0,0,0,53,0,0.00034,0.00034,0,0,0,0,0,2.8,0,0,0,0,0,0,1,0,0,0,0,0,0,0,0,99,0,,0,0,0,0,
24,8.85,0,27.05,0,0,0,0,0,-4.0245,7.8875,-0.125,0,-3.9,0,0,0,0,0.0572958,0,0,0,0,65,0,0,0,0,0,0,53,0,0.00034,0.00034,0,0,0,0,0,0.8,0,0,0,0,0,0,1,0,0,0,0,0,0,0,0,99,0,,0,0,0,0,
122,9.91,0,-11.2,0,0,0,0,0,1.9255,9.725,0,0,-15.9,0,0,0,0,0.0572958,0,0,0,0,98,0,0,0,0,0,0,53,0,0.00034,0.00034,0,0,0,0,0,0.8,0,0,0,0,0,0,1,0,0,0,0,0,0,0,0,99,0,,0,0,0,0,
END,Total:3
START,FrameNb:120,CameraNb:0,HeSaiNb:0,ARS410Nb:0
2026/08/02 21:35:36:310---->
heightOffset:0,1785677736310,244530,selfCaliBufCnt:0,selfAccObjCnt:0,selfAccAngle:0,installHAngleOffset:0,Interpolation:0,installVAngleOffset:0,radarOffsetH:0,radarOffsetV:0.32,Polynom:-0.001023;-0.0511;-2.047;0;0;0;-0.001023;-0.0511;-2.047;-25.5;0;0,WheelDirection:0;0;0;0,selfAngleOffset:0,selfAngleOffsetPit:0,currCaliAngleHrz:0,currCaliAnglePit:0,selfCaliAngleHrz:0,selfCaliAnglePit:0,servCaliAngleHrz:0,servCaliAnglePit:0,offlineCaliAngleHrz:0,offlineCaliAnglePit:0,determine2useFlag:0,IMU_Z_Accel:0,IMU_X_AngularRate:0,IMU_Y_AngularRate:0,IMU_RollAngle:0,IMU_PitchAngle:0,IMU_YawAngle:0,FcwID:0,FCWWarningLevel:0,FCWTTC:0
0,5.12,0,-6.88,0,0,0,0,0,0.613,5.0875,-0.125,0,-7.1,0,0,0,0,0.0572958,0,0,0,0,98,0,0,0,0,0,0,60,0,0.00034,0.00034,0,0,0,0,0,3,0,0,0,0,0,0,1,0,0,0,0,0,0,0,0,99,0,,0,0,0,0,
24,8.85,0,27.05,0,0,0,0,0,-4.0245,7.8875,-0.125,0,-3.9,0,0,0,0,0.0572958,0,0,0,0,65,0,0,0,0,0,0,60,0,0.00034,0.00034,0,0,0,0,0,0.8,0,0,0,0,0,0,1,0,0,0,0,0,0,0,0,99,0,,0,0,0,0,
122,9.91,0,-11.2,0,0,0,0,0,1.9255,9.725,0,0,-15.9,0,0,0,0,0.0572958,0,0,0,0,98,0,0,0,0,0,0,60,0,0.00034,0.00034,0,0,0,0,0,0.8,0,0,0,0,0,0,1,0,0,0,0,0,0,0,0,99,0,,0,0,0,0,
END,Total:3
START,FrameNb:121,CameraNb:0,HeSaiNb:0,ARS410Nb:0
2026/08/02 21:35:36:323---->
heightOffset:0,1785677736323,244580,selfCaliBufCnt:0,selfAccObjCnt:0,selfAccAngle:0,installHAngleOffset:0,Interpolation:0,installVAngleOffset:0,radarOffsetH:0,radarOffsetV:0.32,Polynom:-0.001023;-0.0511;-2.047;0;0;0;-0.001023;-0.0511;-2.047;-25.5;0;0,WheelDirection:0;0;0;0,selfAngleOffset:0,selfAngleOffsetPit:0,currCaliAngleHrz:0,currCaliAnglePit:0,selfCaliAngleHrz:0,selfCaliAnglePit:0,servCaliAngleHrz:0,servCaliAnglePit:0,offlineCaliAngleHrz:0,offlineCaliAnglePit:0,determine2useFlag:0,IMU_Z_Accel:0,IMU_X_AngularRate:0,IMU_Y_AngularRate:0,IMU_RollAngle:0,IMU_PitchAngle:0,IMU_YawAngle:0,FcwID:0,FCWWarningLevel:0,FCWTTC:0
0,5.12,0,-6.88,0,0,0,0,0,0.613,5.0875,-0.125,0,-7.1,0,0,0,0,0.0572958,0,0,0,0,98,0,0,0,0,0,0,58,0,0.00034,0.00034,0,0,0,0,0,3,0,0,0,0,0,0,1,0,0,0,0,0,0,0,0,99,0,,0,0,0,0,
24,8.85,0,27.05,0,0,0,0,0,-4.0245,7.8875,-0.125,0,-3.9,0,0,0,0,0.0572958,0,0,0,0,65,0,0,0,0,0,0,58,0,0.00034,0.00034,0,0,0,0,0,0.6,0,0,0,0,0,0,1,0,0,0,0,0,0,0,0,99,0,,0,0,0,0,
122,9.91,0,-11.2,0,0,0,0,0,1.9255,9.725,0,0,-16.1,0,0,0,0,0.0572958,0,0,0,0,98,0,0,0,0,0,0,58,0,0.00034,0.00034,0,0,0,0,0,0.8,0,0,0,0,0,0,1,0,0,0,0,0,0,0,0,99,0,,0,0,0,0,
END,Total:3
START,FrameNb:122,CameraNb:0,HeSaiNb:0,ARS410Nb:0
2026/08/02 21:35:36:373---->
heightOffset:0,1785677736373,244630,selfCaliBufCnt:0,selfAccObjCnt:0,selfAccAngle:0,installHAngleOffset:0,Interpolation:0,installVAngleOffset:0,radarOffsetH:0,radarOffsetV:0.32,Polynom:-0.001023;-0.0511;-2.047;0;0;0;-0.001023;-0.0511;-2.047;-25.5;0;0,WheelDirection:0;0;0;0,selfAngleOffset:0,selfAngleOffsetPit:0,currCaliAngleHrz:0,currCaliAnglePit:0,selfCaliAngleHrz:0,selfCaliAnglePit:0,servCaliAngleHrz:0,servCaliAnglePit:0,offlineCaliAngleHrz:0,offlineCaliAnglePit:0,determine2useFlag:0,IMU_Z_Accel:0,IMU_X_AngularRate:0,IMU_Y_AngularRate:0,IMU_RollAngle:0,IMU_PitchAngle:0,IMU_YawAngle:0,FcwID:0,FCWWarningLevel:0,FCWTTC:0
0,5.12,0,-6.88,0,0,0,0,0,0.613,5.0875,-0.125,0,-7.1,0,0,0,0,0.0572958,0,0,0,0,98,0,0,0,0,0,0,60,0,0.00034,0.00034,0,0,0,0,0,2.6,0,0,0,0,0,0,1,0,0,0,0,0,0,0,0,99,0,,0,0,0,0,
24,8.85,0,27.05,0,0,0,0,0,-4.0245,7.8875,-0.125,0,-3.9,0,0,0,0,0.0572958,0,0,0,0,65,0,0,0,0,0,0,60,0,0.00034,0.00034,0,0,0,0,0,0.6,0,0,0,0,0,0,1,0,0,0,0,0,0,0,0,99,0,,0,0,0,0,
122,9.91,0,-11.2,0,0,0,0,0,1.9255,9.725,0,0,-16.1,0,0,0,0,0.0572958,0,0,0,0,98,0,0,0,0,0,0,60,0,0.00034,0.00034,0,0,0,0,0,0.8,0,0,0,0,0,0,1,0,0,0,0,0,0,0,0,99,0,,0,0,0,0,
END,Total:3
START,FrameNb:123,CameraNb:0,HeSaiNb:0,ARS410Nb:0
2026/08/02 21:35:36:437---->
heightOffset:0,1785677736437,244680,selfCaliBufCnt:0,selfAccObjCnt:0,selfAccAngle:0,installHAngleOffset:0,Interpolation:0,installVAngleOffset:0,radarOffsetH:0,radarOffsetV:0.32,Polynom:-0.001023;-0.0511;-2.047;0;0;0;-0.001023;-0.0511;-2.047;-25.5;0;0,WheelDirection:0;0;0;0,selfAngleOffset:0,selfAngleOffsetPit:0,currCaliAngleHrz:0,currCaliAnglePit:0,selfCaliAngleHrz:0,selfCaliAnglePit:0,servCaliAngleHrz:0,servCaliAnglePit:0,offlineCaliAngleHrz:0,offlineCaliAnglePit:0,determine2useFlag:0,IMU_Z_Accel:0,IMU_X_AngularRate:0,IMU_Y_AngularRate:0,IMU_RollAngle:0,IMU_PitchAngle:0,IMU_YawAngle:0,FcwID:0,FCWWarningLevel:0,FCWTTC:0
0,5.12,0,-6.88,0,0,0,0,0,0.613,5.0875,0,0,-7.1,0,0,0,0,0.0572958,0,0,0,0,98,0,0,0,0,0,0,53,0,0.00034,0.00034,0,0,0,0,0,2.2,0,0,0,0,0,0,1,0,0,0,0,0,0,0,0,99,0,,0,0,0,0,
24,8.85,0,27.05,0,0,0,0,0,-4.0245,7.8875,-0.125,0,-3.7,0,0,0,0,0.0572958,0,0,0,0,65,0,0,0,0,0,0,53,0,0.00034,0.00034,0,0,0,0,0,0.8,0,0,0,0,0,0,1,0,0,0,0,0,0,0,0,99,0,,0,0,0,0,
122,9.91,0,-11.2,0,0,0,0,0,1.9255,9.725,0,0,-16.1,0,0,0,0,0.0572958,0,0,0,0,98,0,0,0,0,0,0,53,0,0.00034,0.00034,0,0,0,0,0,0.8,0,0,0,0,0,0,1,0,0,0,0,0,0,0,0,99,0,,0,0,0,0,
END,Total:3
START,FrameNb:124,CameraNb:0,HeSaiNb:0,ARS410Nb:0
2026/08/02 21:35:36:497---->
heightOffset:0,1785677736497,244730,selfCaliBufCnt:0,selfAccObjCnt:0,selfAccAngle:0,installHAngleOffset:0,Interpolation:0,installVAngleOffset:0,radarOffsetH:0,radarOffsetV:0.32,Polynom:-0.001023;-0.0511;-2.047;0;0;0;-0.001023;-0.0511;-2.047;-25.5;0;0,WheelDirection:0;0;0;0,selfAngleOffset:0,selfAngleOffsetPit:0,currCaliAngleHrz:0,currCaliAnglePit:0,selfCaliAngleHrz:0,selfCaliAnglePit:0,servCaliAngleHrz:0,servCaliAnglePit:0,offlineCaliAngleHrz:0,offlineCaliAnglePit:0,determine2useFlag:0,IMU_Z_Accel:0,IMU_X_AngularRate:0,IMU_Y_AngularRate:0,IMU_RollAngle:0,IMU_PitchAngle:0,IMU_YawAngle:0,FcwID:0,FCWWarningLevel:0,FCWTTC:0
0,5.12,0,-6.88,0,0,0,0,0,0.613,5.0875,0,0,-7.1,0,0,0,0,0.0572958,0,0,0,0,98,0,0,0,0,0,0,58,0,0.00034,0.00034,0,0,0,0,0,2.2,0,0,0,0,0,0,1,0,0,0,0,0,0,0,0,99,0,,0,0,0,0,
24,8.85,0,27.05,0,0,0,0,0,-4.0245,7.8875,-0.125,0,-3.7,0,0,0,0,0.0572958,0,0,0,0,65,0,0,0,0,0,0,58,0,0.00034,0.00034,0,0,0,0,0,0.8,0,0,0,0,0,0,1,0,0,0,0,0,0,0,0,99,0,,0,0,0,0,
122,9.91,0,-11.2,0,0,0,0,0,1.9255,9.725,0,0,-16.1,0,0,0,0,0.0572958,0,0,0,0,98,0,0,0,0,0,0,58,0,0.00034,0.00034,0,0,0,0,0,0.8,0,0,0,0,0,0,1,0,0,0,0,0,0,0,0,99,0,,0,0,0,0,
END,Total:3
START,FrameNb:125,CameraNb:0,HeSaiNb:0,ARS410Nb:0
2026/08/02 21:35:36:548---->
heightOffset:0,1785677736548,244780,selfCaliBufCnt:0,selfAccObjCnt:0,selfAccAngle:0,installHAngleOffset:0,Interpolation:0,installVAngleOffset:0,radarOffsetH:0,radarOffsetV:0.32,Polynom:-0.001023;-0.0511;-2.047;0;0;0;-0.001023;-0.0511;-2.047;-25.5;0;0,WheelDirection:0;0;0;0,selfAngleOffset:0,selfAngleOffsetPit:0,currCaliAngleHrz:0,currCaliAnglePit:0,selfCaliAngleHrz:0,selfCaliAnglePit:0,servCaliAngleHrz:0,servCaliAnglePit:0,offlineCaliAngleHrz:0,offlineCaliAnglePit:0,determine2useFlag:0,IMU_Z_Accel:0,IMU_X_AngularRate:0,IMU_Y_AngularRate:0,IMU_RollAngle:0,IMU_PitchAngle:0,IMU_YawAngle:0,FcwID:0,FCWWarningLevel:0,FCWTTC:0
0,5.12,0,-6.88,0,0,0,0,0,0.613,5.0875,0,0,-7.1,0,0,0,0,0.0572958,0,0,0,0,98,0,0,0,0,0,0,58,0,0.00034,0.00034,0,0,0,0,0,1.8,0,0,0,0,0,0,1,0,0,0,0,0,0,0,0,99,0,,0,0,0,0,
24,8.85,0,27.05,0,0,0,0,0,-4.0245,7.8875,-0.125,0,-3.7,0,0,0,0,0.0572958,0,0,0,0,65,0,0,0,0,0,0,58,0,0.00034,0.00034,0,0,0,0,0,0.8,0,0,0,0,0,0,1,0,0,0,0,0,0,0,0,99,0,,0,0,0,0,
122,9.91,0,-11.2,0,0,0,0,0,1.9255,9.725,0,0,-16.1,0,0,0,0,0.0572958,0,0,0,0,98,0,0,0,0,0,0,58,0,0.00034,0.00034,0,0,0,0,0,0.8,0,0,0,0,0,0,1,0,0,0,0,0,0,0,0,99,0,,0,0,0,0,
END,Total:3
START,FrameNb:126,CameraNb:0,HeSaiNb:0,ARS410Nb:0
2026/08/02 21:35:36:569---->
heightOffset:0,1785677736569,244831,selfCaliBufCnt:0,selfAccObjCnt:0,selfAccAngle:0,installHAngleOffset:0,Interpolation:0,installVAngleOffset:0,radarOffsetH:0,radarOffsetV:0.32,Polynom:-0.001023;-0.0511;-2.047;0;0;0;-0.001023;-0.0511;-2.047;-25.5;0;0,WheelDirection:0;0;0;0,selfAngleOffset:0,selfAngleOffsetPit:0,currCaliAngleHrz:0,currCaliAnglePit:0,selfCaliAngleHrz:0,selfCaliAnglePit:0,servCaliAngleHrz:0,servCaliAnglePit:0,offlineCaliAngleHrz:0,offlineCaliAnglePit:0,determine2useFlag:0,IMU_Z_Accel:0,IMU_X_AngularRate:0,IMU_Y_AngularRate:0,IMU_RollAngle:0,IMU_PitchAngle:0,IMU_YawAngle:0,FcwID:0,FCWWarningLevel:0,FCWTTC:0
0,5.12,0,-6.88,0,0,0,0,0,0.613,5.0875,0,0,-7.1,0,0,0,0,0.0572958,0,0,0,0,98,0,0,0,0,0,0,54,0,0.00034,0.00034,0,0,0,0,0,2.2,0,0,0,0,0,0,1,0,0,0,0,0,0,0,0,99,0,,0,0,0,0,
24,8.85,0,27.05,0,0,0,0,0,-4.0245,7.8875,-0.125,0,-3.7,0,0,0,0,0.0572958,0,0,0,0,65,0,0,0,0,0,0,54,0,0.00034,0.00034,0,0,0,0,0,0.6,0,0,0,0,0,0,1,0,0,0,0,0,0,0,0,99,0,,0,0,0,0,
122,9.91,0,-11.2,0,0,0,0,0,1.9255,9.725,0,0,-16.1,0,0,0,0,0.0572958,0,0,0,0,98,0,0,0,0,0,0,54,0,0.00034,0.00034,0,0,0,0,0,0.8,0,0,0,0,0,0,1,0,0,0,0,0,0,0,0,99,0,,0,0,0,0,
END,Total:3
START,FrameNb:127,CameraNb:0,HeSaiNb:0,ARS410Nb:0
2026/08/02 21:35:36:620---->
heightOffset:0,1785677736620,244880,selfCaliBufCnt:0,selfAccObjCnt:0,selfAccAngle:0,installHAngleOffset:0,Interpolation:0,installVAngleOffset:0,radarOffsetH:0,radarOffsetV:0.32,Polynom:-0.001023;-0.0511;-2.047;0;0;0;-0.001023;-0.0511;-2.047;-25.5;0;0,WheelDirection:0;0;0;0,selfAngleOffset:0,selfAngleOffsetPit:0,currCaliAngleHrz:0,currCaliAnglePit:0,selfCaliAngleHrz:0,selfCaliAnglePit:0,servCaliAngleHrz:0,servCaliAnglePit:0,offlineCaliAngleHrz:0,offlineCaliAnglePit:0,determine2useFlag:0,IMU_Z_Accel:0,IMU_X_AngularRate:0,IMU_Y_AngularRate:0,IMU_RollAngle:0,IMU_PitchAngle:0,IMU_YawAngle:0,FcwID:0,FCWWarningLevel:0,FCWTTC:0
0,5.12,0,-6.88,0,0,0,0,0,0.613,5.0875,0,0,-7.1,0,0,0,0,0.0572958,0,0,0,0,98,0,0,0,0,0,0,58,0,0.00034,0.00034,0,0,0,0,0,2.6,0,0,0,0,0,0,1,0,0,0,0,0,0,0,0,99,0,,0,0,0,0,
24,8.85,0,27.05,0,0,0,0,0,-4.0245,7.8875,-0.125,0,-3.7,0,0,0,0,0.0572958,0,0,0,0,65,0,0,0,0,0,0,58,0,0.00034,0.00034,0,0,0,0,0,0.4,0,0,0,0,0,0,1,0,0,0,0,0,0,0,0,99,0,,0,0,0,0,
122,9.91,-0.12,-11.2,0,0,0,0,0,1.9255,9.725,0,-0.125,-16.1,0,0,0,0,0.0572958,0,0,0,0,98,0,0,0,0,0,0,58,0,0.00034,0.00034,0,0,0,0,0,0.8,0,0,0,0,0,0,1,0,0,0,0,0,0,0,0,99,0,,0,0,0,0,
END,Total:3
START,FrameNb:128,CameraNb:0,HeSaiNb:0,ARS410Nb:0
2026/08/02 21:35:36:680---->
heightOffset:0,1785677736680,244930,selfCaliBufCnt:0,selfAccObjCnt:0,selfAccAngle:0,installHAngleOffset:0,Interpolation:0,installVAngleOffset:0,radarOffsetH:0,radarOffsetV:0.32,Polynom:-0.001023;-0.0511;-2.047;0;0;0;-0.001023;-0.0511;-2.047;-25.5;0;0,WheelDirection:0;0;0;0,selfAngleOffset:0,selfAngleOffsetPit:0,currCaliAngleHrz:0,currCaliAnglePit:0,selfCaliAngleHrz:0,selfCaliAnglePit:0,servCaliAngleHrz:0,servCaliAnglePit:0,offlineCaliAngleHrz:0,offlineCaliAnglePit:0,determine2useFlag:0,IMU_Z_Accel:0,IMU_X_AngularRate:0,IMU_Y_AngularRate:0,IMU_RollAngle:0,IMU_PitchAngle:0,IMU_YawAngle:0,FcwID:0,FCWWarningLevel:0,FCWTTC:0
0,5.12,0,-6.88,0,0,0,0,0,0.613,5.0875,0,0,-7.1,0,0,0,0,0.0572958,0,0,0,0,98,0,0,0,0,0,0,53,0,0.00034,0.00034,0,0,0,0,0,2.8,0,0,0,0,0,0,1,0,0,0,0,0,0,0,0,99,0,,0,0,0,0,
24,8.85,0,27.05,0,0,0,0,0,-4.0245,7.8875,-0.125,0,-3.7,0,0,0,0,0.0572958,0,0,0,0,65,0,0,0,0,0,0,53,0,0.00034,0.00034,0,0,0,0,0,0.4,0,0,0,0,0,0,1,0,0,0,0,0,0,0,0,99,0,,0,0,0,0,
122,9.91,0,-11.2,0,0,0,0,0,1.9255,9.725,0,0,-16.1,0,0,0,0,0.0572958,0,0,0,0,98,0,0,0,0,0,0,53,0,0.00034,0.00034,0,0,0,0,0,0.8,0,0,0,0,0,0,1,0,0,0,0,0,0,0,0,99,0,,0,0,0,0,
END,Total:3
START,FrameNb:129,CameraNb:0,HeSaiNb:0,ARS410Nb:0
2026/08/02 21:35:36:732---->
heightOffset:0,1785677736732,244980,selfCaliBufCnt:0,selfAccObjCnt:0,selfAccAngle:0,installHAngleOffset:0,Interpolation:0,installVAngleOffset:0,radarOffsetH:0,radarOffsetV:0.32,Polynom:-0.001023;-0.0511;-2.047;0;0;0;-0.001023;-0.0511;-2.047;-25.5;0;0,WheelDirection:0;0;0;0,selfAngleOffset:0,selfAngleOffsetPit:0,currCaliAngleHrz:0,currCaliAnglePit:0,selfCaliAngleHrz:0,selfCaliAnglePit:0,servCaliAngleHrz:0,servCaliAnglePit:0,offlineCaliAngleHrz:0,offlineCaliAnglePit:0,determine2useFlag:0,IMU_Z_Accel:0,IMU_X_AngularRate:0,IMU_Y_AngularRate:0,IMU_RollAngle:0,IMU_PitchAngle:0,IMU_YawAngle:0,FcwID:0,FCWWarningLevel:0,FCWTTC:0
0,5.12,0,-6.88,0,0,0,0,0,0.613,5.0875,0,0,-7.1,0,0,0,0,0.0572958,0,0,0,0,98,0,0,0,0,0,0,61,0,0.00034,0.00034,0,0,0,0,0,3,0,0,0,0,0,0,1,0,0,0,0,0,0,0,0,99,0,,0,0,0,0,
24,8.85,0,27.05,0,0,0,0,0,-4.0245,7.8875,-0.125,0,-3.7,0,0,0,0,0.0572958,0,0,0,0,65,0,0,0,0,0,0,61,0,0.00034,0.00034,0,0,0,0,0,0.2,0,0,0,0,0,0,1,0,0,0,0,0,0,0,0,99,0,,0,0,0,0,
122,9.91,0,-11.2,0,0,0,0,0,1.9255,9.725,0,0,-16.1,0,0,0,0,0.0572958,0,0,0,0,98,0,0,0,0,0,0,61,0,0.00034,0.00034,0,0,0,0,0,0.8,0,0,0,0,0,0,1,0,0,0,0,0,0,0,0,99,0,,0,0,0,0,
END,Total:3
START,FrameNb:130,CameraNb:0,HeSaiNb:0,ARS410Nb:0
2026/08/02 21:35:36:774---->
heightOffset:0,1785677736774,245030,selfCaliBufCnt:0,selfAccObjCnt:0,selfAccAngle:0,installHAngleOffset:0,Interpolation:0,installVAngleOffset:0,radarOffsetH:0,radarOffsetV:0.32,Polynom:-0.001023;-0.0511;-2.047;0;0;0;-0.001023;-0.0511;-2.047;-25.5;0;0,WheelDirection:0;0;0;0,selfAngleOffset:0,selfAngleOffsetPit:0,currCaliAngleHrz:0,currCaliAnglePit:0,selfCaliAngleHrz:0,selfCaliAnglePit:0,servCaliAngleHrz:0,servCaliAnglePit:0,offlineCaliAngleHrz:0,offlineCaliAnglePit:0,determine2useFlag:0,IMU_Z_Accel:0,IMU_X_AngularRate:0,IMU_Y_AngularRate:0,IMU_RollAngle:0,IMU_PitchAngle:0,IMU_YawAngle:0,FcwID:0,FCWWarningLevel:0,FCWTTC:0
0,5.12,0,-6.88,0,0,0,0,0,0.613,5.0875,-0.125,0,-7.1,0,0,0,0,0.0572958,0,0,0,0,98,0,0,0,0,0,0,58,0,0.00034,0.00034,0,0,0,0,0,2.6,0,0,0,0,0,0,1,0,0,0,0,0,0,0,0,99,0,,0,0,0,0,
24,8.85,0,27.05,0,0,0,0,0,-4.0245,7.8875,0,0,-3.3,0,0,0,0,0.0572958,0,0,0,0,65,0,0,0,0,0,0,58,0,0.00034,0.00034,0,0,0,0,0,0.4,0,0,0,0,0,0,1,0,0,0,0,0,0,0,0,99,0,,0,0,0,0,
122,9.91,0,-11.2,0,0,0,0,0,1.9255,9.725,0,0,-16.1,0,0,0,0,0.0572958,0,0,0,0,98,0,0,0,0,0,0,58,0,0.00034,0.00034,0,0,0,0,0,0.8,0,0,0,0,0,0,1,0,0,0,0,0,0,0,0,99,0,,0,0,0,0,
END,Total:3
START,FrameNb:131,CameraNb:0,HeSaiNb:0,ARS410Nb:0
2026/08/02 21:35:36:821---->
heightOffset:0,1785677736821,245080,selfCaliBufCnt:0,selfAccObjCnt:0,selfAccAngle:0,installHAngleOffset:0,Interpolation:0,installVAngleOffset:0,radarOffsetH:0,radarOffsetV:0.32,Polynom:-0.001023;-0.0511;-2.047;0;0;0;-0.001023;-0.0511;-2.047;-25.5;0;0,WheelDirection:0;0;0;0,selfAngleOffset:0,selfAngleOffsetPit:0,currCaliAngleHrz:0,currCaliAnglePit:0,selfCaliAngleHrz:0,selfCaliAnglePit:0,servCaliAngleHrz:0,servCaliAnglePit:0,offlineCaliAngleHrz:0,offlineCaliAnglePit:0,determine2useFlag:0,IMU_Z_Accel:0,IMU_X_AngularRate:0,IMU_Y_AngularRate:0,IMU_RollAngle:0,IMU_PitchAngle:0,IMU_YawAngle:0,FcwID:0,FCWWarningLevel:0,FCWTTC:0
0,5.12,0,-6.88,0,0,0,0,0,0.613,5.0875,0,0,-7.1,0,0,0,0,0.0572958,0,0,0,0,98,0,0,0,0,0,0,58,0,0.00034,0.00034,0,0,0,0,0,2.2,0,0,0,0,0,0,1,0,0,0,0,0,0,0,0,99,0,,0,0,0,0,
24,8.85,0,27.05,0,0,0,0,0,-4.0245,7.8875,0,0,-3.3,0,0,0,0,0.0572958,0,0,0,0,65,0,0,0,0,0,0,58,0,0.00034,0.00034,0,0,0,0,0,0.6,0,0,0,0,0,0,1,0,0,0,0,0,0,0,0,99,0,,0,0,0,0,
122,9.91,-0.12,-11.2,0,0,0,0,0,1.9255,9.725,0,-0.125,-16.1,0,0,0,0,0.0572958,0,0,0,0,98,0,0,0,0,0,0,58,0,0.00034,0.00034,0,0,0,0,0,0.8,0,0,0,0,0,0,1,0,0,0,0,0,0,0,0,99,0,,0,0,0,0,
END,Total:3
START,FrameNb:132,CameraNb:0,HeSaiNb:0,ARS410Nb:0
2026/08/02 21:35:36:866---->
heightOffset:0,1785677736866,245130,selfCaliBufCnt:0,selfAccObjCnt:0,selfAccAngle:0,installHAngleOffset:0,Interpolation:0,installVAngleOffset:0,radarOffsetH:0,radarOffsetV:0.32,Polynom:-0.001023;-0.0511;-2.047;0;0;0;-0.001023;-0.0511;-2.047;-25.5;0;0,WheelDirection:0;0;0;0,selfAngleOffset:0,selfAngleOffsetPit:0,currCaliAngleHrz:0,currCaliAnglePit:0,selfCaliAngleHrz:0,selfCaliAnglePit:0,servCaliAngleHrz:0,servCaliAnglePit:0,offlineCaliAngleHrz:0,offlineCaliAnglePit:0,determine2useFlag:0,IMU_Z_Accel:0,IMU_X_AngularRate:0,IMU_Y_AngularRate:0,IMU_RollAngle:0,IMU_PitchAngle:0,IMU_YawAngle:0,FcwID:0,FCWWarningLevel:0,FCWTTC:0
0,5.12,0,-6.88,0,0,0,0,0,0.613,5.0875,0,0,-7.1,0,0,0,0,0.0572958,0,0,0,0,98,0,0,0,0,0,0,54,0,0.00034,0.00034,0,0,0,0,0,2.6,0,0,0,0,0,0,1,0,0,0,0,0,0,0,0,99,0,,0,0,0,0,
24,8.85,0,27.05,0,0,0,0,0,-4.0245,7.8875,0,0,-3.3,0,0,0,0,0.0572958,0,0,0,0,65,0,0,0,0,0,0,54,0,0.00034,0.00034,0,0,0,0,0,0.4,0,0,0,0,0,0,1,0,0,0,0,0,0,0,0,99,0,,0,0,0,0,
122,9.91,0,-11.2,0,0,0,0,0,1.9255,9.725,-0.125,0,-16.1,0,0,0,0,0.0572958,0,0,0,0,98,0,0,0,0,0,0,54,0,0.00034,0.00034,0,0,0,0,0,0.8,0,0,0,0,0,0,1,0,0,0,0,0,0,0,0,99,0,,0,0,0,0,
END,Total:3
START,FrameNb:133,CameraNb:0,HeSaiNb:0,ARS410Nb:0
2026/08/02 21:35:36:926---->
heightOffset:0,1785677736926,245180,selfCaliBufCnt:0,selfAccObjCnt:0,selfAccAngle:0,installHAngleOffset:0,Interpolation:0,installVAngleOffset:0,radarOffsetH:0,radarOffsetV:0.32,Polynom:-0.001023;-0.0511;-2.047;0;0;0;-0.001023;-0.0511;-2.047;-25.5;0;0,WheelDirection:0;0;0;0,selfAngleOffset:0,selfAngleOffsetPit:0,currCaliAngleHrz:0,currCaliAnglePit:0,selfCaliAngleHrz:0,selfCaliAnglePit:0,servCaliAngleHrz:0,servCaliAnglePit:0,offlineCaliAngleHrz:0,offlineCaliAnglePit:0,determine2useFlag:0,IMU_Z_Accel:0,IMU_X_AngularRate:0,IMU_Y_AngularRate:0,IMU_RollAngle:0,IMU_PitchAngle:0,IMU_YawAngle:0,FcwID:0,FCWWarningLevel:0,FCWTTC:0
0,5.12,0,-6.88,0,0,0,0,0,0.613,5.0875,0,0,-7.1,0,0,0,0,0.0572958,0,0,0,0,98,0,0,0,0,0,0,58,0,0.00034,0.00034,0,0,0,0,0,2.6,0,0,0,0,0,0,1,0,0,0,0,0,0,0,0,99,0,,0,0,0,0,
24,8.85,0,27.05,0,0,0,0,0,-4.0245,7.8875,0,0,-3.3,0,0,0,0,0.0572958,0,0,0,0,65,0,0,0,0,0,0,58,0,0.00034,0.00034,0,0,0,0,0,0.4,0,0,0,0,0,0,1,0,0,0,0,0,0,0,0,99,0,,0,0,0,0,
122,9.91,0,-11.2,0,0,0,0,0,1.9255,9.725,-0.125,0,-16.1,0,0,0,0,0.0572958,0,0,0,0,98,0,0,0,0,0,0,58,0,0.00034,0.00034,0,0,0,0,0,0.8,0,0,0,0,0,0,1,0,0,0,0,0,0,0,0,99,0,,0,0,0,0,
END,Total:3
START,FrameNb:134,CameraNb:0,HeSaiNb:0,ARS410Nb:0
2026/08/02 21:35:36:984---->
heightOffset:0,1785677736984,245231,selfCaliBufCnt:0,selfAccObjCnt:0,selfAccAngle:0,installHAngleOffset:0,Interpolation:0,installVAngleOffset:0,radarOffsetH:0,radarOffsetV:0.32,Polynom:-0.001023;-0.0511;-2.047;0;0;0;-0.001023;-0.0511;-2.047;-25.5;0;0,WheelDirection:0;0;0;0,selfAngleOffset:0,selfAngleOffsetPit:0,currCaliAngleHrz:0,currCaliAnglePit:0,selfCaliAngleHrz:0,selfCaliAnglePit:0,servCaliAngleHrz:0,servCaliAnglePit:0,offlineCaliAngleHrz:0,offlineCaliAnglePit:0,determine2useFlag:0,IMU_Z_Accel:0,IMU_X_AngularRate:0,IMU_Y_AngularRate:0,IMU_RollAngle:0,IMU_PitchAngle:0,IMU_YawAngle:0,FcwID:0,FCWWarningLevel:0,FCWTTC:0
0,5.12,0,-6.88,0,0,0,0,0,0.613,5.0875,-0.125,0,-7.1,0,0,0,0,0.0572958,0,0,0,0,98,0,0,0,0,0,0,58,0,0.00034,0.00034,0,0,0,0,0,2.2,0,0,0,0,0,0,1,0,0,0,0,0,0,0,0,99,0,,0,0,0,0,
24,8.85,0,27.05,0,0,0,0,0,-4.0245,7.8875,0,0,-3.3,0,0,0,0,0.0572958,0,0,0,0,65,0,0,0,0,0,0,58,0,0.00034,0.00034,0,0,0,0,0,0.6,0,0,0,0,0,0,1,0,0,0,0,0,0,0,0,99,0,,0,0,0,0,
122,9.91,0,-11.2,0,0,0,0,0,1.9255,9.725,-0.125,0,-16.1,0,0,0,0,0.0572958,0,0,0,0,98,0,0,0,0,0,0,58,0,0.00034,0.00034,0,0,0,0,0,0.8,0,0,0,0,0,0,1,0,0,0,0,0,0,0,0,99,0,,0,0,0,0,
END,Total:3
START,FrameNb:135,CameraNb:0,HeSaiNb:0,ARS410Nb:0
2026/08/02 21:35:37:036---->
heightOffset:0,1785677737036,245281,selfCaliBufCnt:0,selfAccObjCnt:0,selfAccAngle:0,installHAngleOffset:0,Interpolation:0,installVAngleOffset:0,radarOffsetH:0,radarOffsetV:0.32,Polynom:-0.001023;-0.0511;-2.047;0;0;0;-0.001023;-0.0511;-2.047;-25.5;0;0,WheelDirection:0;0;0;0,selfAngleOffset:0,selfAngleOffsetPit:0,currCaliAngleHrz:0,currCaliAnglePit:0,selfCaliAngleHrz:0,selfCaliAnglePit:0,servCaliAngleHrz:0,servCaliAnglePit:0,offlineCaliAngleHrz:0,offlineCaliAnglePit:0,determine2useFlag:0,IMU_Z_Accel:0,IMU_X_AngularRate:0,IMU_Y_AngularRate:0,IMU_RollAngle:0,IMU_PitchAngle:0,IMU_YawAngle:0,FcwID:0,FCWWarningLevel:0,FCWTTC:0
0,5.12,0,-6.88,0,0,0,0,0,0.613,5.0875,-0.125,0,-7.1,0,0,0,0,0.0572958,0,0,0,0,98,0,0,0,0,0,0,53,0,0.00034,0.00034,0,0,0,0,0,2.4,0,0,0,0,0,0,1,0,0,0,0,0,0,0,0,99,0,,0,0,0,0,
24,8.85,0,27.05,0,0,0,0,0,-4.0245,7.8875,0,0,-3.3,0,0,0,0,0.0572958,0,0,0,0,65,0,0,0,0,0,0,53,0,0.00034,0.00034,0,0,0,0,0,0.4,0,0,0,0,0,0,1,0,0,0,0,0,0,0,0,99,0,,0,0,0,0,
122,9.91,0,-11.2,0,0,0,0,0,1.9255,9.725,-0.125,0,-16.1,0,0,0,0,0.0572958,0,0,0,0,98,0,0,0,0,0,0,53,0,0.00034,0.00034,0,0,0,0,0,0.8,0,0,0,0,0,0,1,0,0,0,0,0,0,0,0,99,0,,0,0,0,0,
END,Total:3
START,FrameNb:136,CameraNb:0,HeSaiNb:0,ARS410Nb:0
2026/08/02 21:35:37:080---->
heightOffset:0,1785677737080,245330,selfCaliBufCnt:0,selfAccObjCnt:0,selfAccAngle:0,installHAngleOffset:0,Interpolation:0,installVAngleOffset:0,radarOffsetH:0,radarOffsetV:0.32,Polynom:-0.001023;-0.0511;-2.047;0;0;0;-0.001023;-0.0511;-2.047;-25.5;0;0,WheelDirection:0;0;0;0,selfAngleOffset:0,selfAngleOffsetPit:0,currCaliAngleHrz:0,currCaliAnglePit:0,selfCaliAngleHrz:0,selfCaliAnglePit:0,servCaliAngleHrz:0,servCaliAnglePit:0,offlineCaliAngleHrz:0,offlineCaliAnglePit:0,determine2useFlag:0,IMU_Z_Accel:0,IMU_X_AngularRate:0,IMU_Y_AngularRate:0,IMU_RollAngle:0,IMU_PitchAngle:0,IMU_YawAngle:0,FcwID:0,FCWWarningLevel:0,FCWTTC:0
0,5.12,0,-6.88,0,0,0,0,0,0.613,5.0875,-0.125,0,-7.1,0,0,0,0,0.0572958,0,0,0,0,98,0,0,0,0,0,0,57,0,0.00034,0.00034,0,0,0,0,0,2,0,0,0,0,0,0,1,0,0,0,0,0,0,0,0,99,0,,0,0,0,0,
24,8.85,0,27.05,0,0,0,0,0,-4.0245,7.8875,0,0,-3.3,0,0,0,0,0.0572958,0,0,0,0,65,0,0,0,0,0,0,57,0,0.00034,0.00034,0,0,0,0,0,0.4,0,0,0,0,0,0,1,0,0,0,0,0,0,0,0,99,0,,0,0,0,0,
122,9.91,0,-11.2,0,0,0,0,0,1.9255,9.725,-0.125,0,-16.1,0,0,0,0,0.0572958,0,0,0,0,98,0,0,0,0,0,0,57,0,0.00034,0.00034,0,0,0,0,0,0.8,0,0,0,0,0,0,1,0,0,0,0,0,0,0,0,99,0,,0,0,0,0,
END,Total:3
START,FrameNb:137,CameraNb:0,HeSaiNb:0,ARS410Nb:0
2026/08/02 21:35:37:116---->
heightOffset:0,1785677737116,245380,selfCaliBufCnt:0,selfAccObjCnt:0,selfAccAngle:0,installHAngleOffset:0,Interpolation:0,installVAngleOffset:0,radarOffsetH:0,radarOffsetV:0.32,Polynom:-0.001023;-0.0511;-2.047;0;0;0;-0.001023;-0.0511;-2.047;-25.5;0;0,WheelDirection:0;0;0;0,selfAngleOffset:0,selfAngleOffsetPit:0,currCaliAngleHrz:0,currCaliAnglePit:0,selfCaliAngleHrz:0,selfCaliAnglePit:0,servCaliAngleHrz:0,servCaliAnglePit:0,offlineCaliAngleHrz:0,offlineCaliAnglePit:0,determine2useFlag:0,IMU_Z_Accel:0,IMU_X_AngularRate:0,IMU_Y_AngularRate:0,IMU_RollAngle:0,IMU_PitchAngle:0,IMU_YawAngle:0,FcwID:0,FCWWarningLevel:0,FCWTTC:0
0,5.12,0,-6.88,0,0,0,0,0,0.613,5.0875,-0.125,0,-7.1,0,0,0,0,0.0572958,0,0,0,0,98,0,0,0,0,0,0,53,0,0.00034,0.00034,0,0,0,0,0,2.4,0,0,0,0,0,0,1,0,0,0,0,0,0,0,0,99,0,,0,0,0,0,
24,8.85,0,27.05,0,0,0,0,0,-4.0245,7.8875,0,0,-3.3,0,0,0,0,0.0572958,0,0,0,0,65,0,0,0,0,0,0,53,0,0.00034,0.00034,0,0,0,0,0,0.4,0,0,0,0,0,0,1,0,0,0,0,0,0,0,0,99,0,,0,0,0,0,
122,9.91,-0.12,-11.2,0,0,0,0,0,1.9255,9.725,0,-0.125,-16.1,0,0,0,0,0.0572958,0,0,0,0,98,0,0,0,0,0,0,53,0,0.00034,0.00034,0,0,0,0,0,0.8,0,0,0,0,0,0,1,0,0,0,0,0,0,0,0,99,0,,0,0,0,0,
END,Total:3
START,FrameNb:138,CameraNb:0,HeSaiNb:0,ARS410Nb:0
2026/08/02 21:35:37:171---->
heightOffset:0,1785677737171,245430,selfCaliBufCnt:0,selfAccObjCnt:0,selfAccAngle:0,installHAngleOffset:0,Interpolation:0,installVAngleOffset:0,radarOffsetH:0,radarOffsetV:0.32,Polynom:-0.001023;-0.0511;-2.047;0;0;0;-0.001023;-0.0511;-2.047;-25.5;0;0,WheelDirection:0;0;0;0,selfAngleOffset:0,selfAngleOffsetPit:0,currCaliAngleHrz:0,currCaliAnglePit:0,selfCaliAngleHrz:0,selfCaliAnglePit:0,servCaliAngleHrz:0,servCaliAnglePit:0,offlineCaliAngleHrz:0,offlineCaliAnglePit:0,determine2useFlag:0,IMU_Z_Accel:0,IMU_X_AngularRate:0,IMU_Y_AngularRate:0,IMU_RollAngle:0,IMU_PitchAngle:0,IMU_YawAngle:0,FcwID:0,FCWWarningLevel:0,FCWTTC:0
0,5.12,0,-6.88,0,0,0,0,0,0.613,5.0875,-0.125,0,-7.1,0,0,0,0,0.0572958,0,0,0,0,98,0,0,0,0,0,0,65,0,0.00034,0.00034,0,0,0,0,0,2.8,0,0,0,0,0,0,1,0,0,0,0,0,0,0,0,99,0,,0,0,0,0,
24,8.85,0,27.05,0,0,0,0,0,-4.0245,7.8875,0,0,-3.3,0,0,0,0,0.0572958,0,0,0,0,65,0,0,0,0,0,0,65,0,0.00034,0.00034,0,0,0,0,0,0.2,0,0,0,0,0,0,1,0,0,0,0,0,0,0,0,99,0,,0,0,0,0,
122,9.91,-0.12,-11.2,0,0,0,0,0,1.9255,9.725,0,-0.125,-16.1,0,0,0,0,0.0572958,0,0,0,0,98,0,0,0,0,0,0,65,0,0.00034,0.00034,0,0,0,0,0,0.8,0,0,0,0,0,0,1,0,0,0,0,0,0,0,0,99,0,,0,0,0,0,
END,Total:3
START,FrameNb:139,CameraNb:0,HeSaiNb:0,ARS410Nb:0
2026/08/02 21:35:37:218---->
heightOffset:0,1785677737218,245480,selfCaliBufCnt:0,selfAccObjCnt:0,selfAccAngle:0,installHAngleOffset:0,Interpolation:0,installVAngleOffset:0,radarOffsetH:0,radarOffsetV:0.32,Polynom:-0.001023;-0.0511;-2.047;0;0;0;-0.001023;-0.0511;-2.047;-25.5;0;0,WheelDirection:0;0;0;0,selfAngleOffset:0,selfAngleOffsetPit:0,currCaliAngleHrz:0,currCaliAnglePit:0,selfCaliAngleHrz:0,selfCaliAnglePit:0,servCaliAngleHrz:0,servCaliAnglePit:0,offlineCaliAngleHrz:0,offlineCaliAnglePit:0,determine2useFlag:0,IMU_Z_Accel:0,IMU_X_AngularRate:0,IMU_Y_AngularRate:0,IMU_RollAngle:0,IMU_PitchAngle:0,IMU_YawAngle:0,FcwID:0,FCWWarningLevel:0,FCWTTC:0
0,5.12,0,-6.88,0,0,0,0,0,0.613,5.0875,-0.125,0,-7.1,0,0,0,0,0.0572958,0,0,0,0,98,0,0,0,0,0,0,56,0,0.00034,0.00034,0,0,0,0,0,3,0,0,0,0,0,0,1,0,0,0,0,0,0,0,0,99,0,,0,0,0,0,
24,8.85,0,27.05,0,0,0,0,0,-4.0245,7.8875,0,0,-3.3,0,0,0,0,0.0572958,0,0,0,0,65,0,0,0,0,0,0,56,0,0.00034,0.00034,0,0,0,0,0,0.2,0,0,0,0,0,0,1,0,0,0,0,0,0,0,0,99,0,,0,0,0,0,
122,9.91,-0.12,-11.2,0,0,0,0,0,1.9255,9.725,0,-0.125,-16.1,0,0,0,0,0.0572958,0,0,0,0,98,0,0,0,0,0,0,56,0,0.00034,0.00034,0,0,0,0,0,0.8,0,0,0,0,0,0,1,0,0,0,0,0,0,0,0,99,0,,0,0,0,0,
END,Total:3
START,FrameNb:140,CameraNb:0,HeSaiNb:0,ARS410Nb:0
2026/08/02 21:35:37:269---->
heightOffset:0,1785677737269,245530,selfCaliBufCnt:0,selfAccObjCnt:0,selfAccAngle:0,installHAngleOffset:0,Interpolation:0,installVAngleOffset:0,radarOffsetH:0,radarOffsetV:0.32,Polynom:-0.001023;-0.0511;-2.047;0;0;0;-0.001023;-0.0511;-2.047;-25.5;0;0,WheelDirection:0;0;0;0,selfAngleOffset:0,selfAngleOffsetPit:0,currCaliAngleHrz:0,currCaliAnglePit:0,selfCaliAngleHrz:0,selfCaliAnglePit:0,servCaliAngleHrz:0,servCaliAnglePit:0,offlineCaliAngleHrz:0,offlineCaliAnglePit:0,determine2useFlag:0,IMU_Z_Accel:0,IMU_X_AngularRate:0,IMU_Y_AngularRate:0,IMU_RollAngle:0,IMU_PitchAngle:0,IMU_YawAngle:0,FcwID:0,FCWWarningLevel:0,FCWTTC:0
0,5.12,0,-6.88,0,0,0,0,0,0.613,5.0875,-0.125,0,-7.1,0,0,0,0,0.0572958,0,0,0,0,98,0,0,0,0,0,0,57,0,0.00034,0.00034,0,0,0,0,0,3,0,0,0,0,0,0,1,0,0,0,0,0,0,0,0,99,0,,0,0,0,0,
24,8.85,0,27.05,0,0,0,0,0,-4.0245,7.8875,0,0,-3.3,0,0,0,0,0.0572958,0,0,0,0,65,0,0,0,0,0,0,57,0,0.00034,0.00034,0,0,0,0,0,0.2,0,0,0,0,0,0,1,0,0,0,0,0,0,0,0,99,0,,0,0,0,0,
122,9.91,-0.12,-11.2,0,0,0,0,0,1.9255,9.725,0,-0.125,-16.1,0,0,0,0,0.0572958,0,0,0,0,98,0,0,0,0,0,0,57,0,0.00034,0.00034,0,0,0,0,0,0.8,0,0,0,0,0,0,1,0,0,0,0,0,0,0,0,99,0,,0,0,0,0,
END,Total:3
START,FrameNb:141,CameraNb:0,HeSaiNb:0,ARS410Nb:0
2026/08/02 21:35:37:313---->
heightOffset:0,1785677737313,245580,selfCaliBufCnt:0,selfAccObjCnt:0,selfAccAngle:0,installHAngleOffset:0,Interpolation:0,installVAngleOffset:0,radarOffsetH:0,radarOffsetV:0.32,Polynom:-0.001023;-0.0511;-2.047;0;0;0;-0.001023;-0.0511;-2.047;-25.5;0;0,WheelDirection:0;0;0;0,selfAngleOffset:0,selfAngleOffsetPit:0,currCaliAngleHrz:0,currCaliAnglePit:0,selfCaliAngleHrz:0,selfCaliAnglePit:0,servCaliAngleHrz:0,servCaliAnglePit:0,offlineCaliAngleHrz:0,offlineCaliAnglePit:0,determine2useFlag:0,IMU_Z_Accel:0,IMU_X_AngularRate:0,IMU_Y_AngularRate:0,IMU_RollAngle:0,IMU_PitchAngle:0,IMU_YawAngle:0,FcwID:0,FCWWarningLevel:0,FCWTTC:0
0,5.12,0,-6.88,0,0,0,0,0,0.613,5.0875,-0.125,0,-7.1,0,0,0,0,0.0572958,0,0,0,0,98,0,0,0,0,0,0,54,0,0.00034,0.00034,0,0,0,0,0,3,0,0,0,0,0,0,1,0,0,0,0,0,0,0,0,99,0,,0,0,0,0,
24,8.85,0,27.05,0,0,0,0,0,-4.0245,7.8875,0,0,-3.3,0,0,0,0,0.0572958,0,0,0,0,65,0,0,0,0,0,0,54,0,0.00034,0.00034,0,0,0,0,0,0.2,0,0,0,0,0,0,1,0,0,0,0,0,0,0,0,99,0,,0,0,0,0,
122,9.91,-0.12,-11.2,0,0,0,0,0,1.9255,9.725,0,-0.125,-16.1,0,0,0,0,0.0572958,0,0,0,0,98,0,0,0,0,0,0,54,0,0.00034,0.00034,0,0,0,0,0,0.8,0,0,0,0,0,0,1,0,0,0,0,0,0,0,0,99,0,,0,0,0,0,
END,Total:3
START,FrameNb:142,CameraNb:0,HeSaiNb:0,ARS410Nb:0
2026/08/02 21:35:37:372---->
heightOffset:0,1785677737372,245631,selfCaliBufCnt:0,selfAccObjCnt:0,selfAccAngle:0,installHAngleOffset:0,Interpolation:0,installVAngleOffset:0,radarOffsetH:0,radarOffsetV:0.32,Polynom:-0.001023;-0.0511;-2.047;0;0;0;-0.001023;-0.0511;-2.047;-25.5;0;0,WheelDirection:0;0;0;0,selfAngleOffset:0,selfAngleOffsetPit:0,currCaliAngleHrz:0,currCaliAnglePit:0,selfCaliAngleHrz:0,selfCaliAnglePit:0,servCaliAngleHrz:0,servCaliAnglePit:0,offlineCaliAngleHrz:0,offlineCaliAnglePit:0,determine2useFlag:0,IMU_Z_Accel:0,IMU_X_AngularRate:0,IMU_Y_AngularRate:0,IMU_RollAngle:0,IMU_PitchAngle:0,IMU_YawAngle:0,FcwID:0,FCWWarningLevel:0,FCWTTC:0
0,5.12,0,-6.88,0,0,0,0,0,0.613,5.0875,-0.125,0,-7.1,0,0,0,0,0.0572958,0,0,0,0,98,0,0,0,0,0,0,54,0,0.00034,0.00034,0,0,0,0,0,3.2,0,0,0,0,0,0,1,0,0,0,0,0,0,0,0,99,0,,0,0,0,0,
24,8.85,-0.11,27.05,0,0,0,0,0,-4.0245,7.8875,-0.125,-0.125,-4.1,0,0,0,0,0.0572958,0,0,0,0,65,0,0,0,0,0,0,54,0,0.00034,0.00034,0,0,0,0,0,0.4,0,0,0,0,0,0,1,0,0,0,0,0,0,0,0,99,0,,0,0,0,0,
122,9.91,-0.12,-11.2,0,0,0,0,0,1.9255,9.725,0,-0.125,-16.1,0,0,0,0,0.0572958,0,0,0,0,98,0,0,0,0,0,0,54,0,0.00034,0.00034,0,0,0,0,0,0.8,0,0,0,0,0,0,1,0,0,0,0,0,0,0,0,99,0,,0,0,0,0,
END,Total:3
START,FrameNb:143,CameraNb:0,HeSaiNb:0,ARS410Nb:0
2026/08/02 21:35:37:424---->
heightOffset:0,1785677737424,245681,selfCaliBufCnt:0,selfAccObjCnt:0,selfAccAngle:0,installHAngleOffset:0,Interpolation:0,installVAngleOffset:0,radarOffsetH:0,radarOffsetV:0.32,Polynom:-0.001023;-0.0511;-2.047;0;0;0;-0.001023;-0.0511;-2.047;-25.5;0;0,WheelDirection:0;0;0;0,selfAngleOffset:0,selfAngleOffsetPit:0,currCaliAngleHrz:0,currCaliAnglePit:0,selfCaliAngleHrz:0,selfCaliAnglePit:0,servCaliAngleHrz:0,servCaliAnglePit:0,offlineCaliAngleHrz:0,offlineCaliAnglePit:0,determine2useFlag:0,IMU_Z_Accel:0,IMU_X_AngularRate:0,IMU_Y_AngularRate:0,IMU_RollAngle:0,IMU_PitchAngle:0,IMU_YawAngle:0,FcwID:0,FCWWarningLevel:0,FCWTTC:0
0,5.12,0,-6.88,0,0,0,0,0,0.613,5.0875,0,0,-7.1,0,0,0,0,0.0572958,0,0,0,0,98,0,0,0,0,0,0,57,0,0.00034,0.00034,0,0,0,0,0,2.6,0,0,0,0,0,0,1,0,0,0,0,0,0,0,0,99,0,,0,0,0,0,
24,8.85,-0.11,27.05,0,0,0,0,0,-4.0245,7.8875,-0.125,-0.125,-3.9,0,0,0,0,0.0572958,0,0,0,0,65,0,0,0,0,0,0,57,0,0.00034,0.00034,0,0,0,0,0,0.4,0,0,0,0,0,0,1,0,0,0,0,0,0,0,0,99,0,,0,0,0,0,
122,9.91,-0.12,-11.2,0,0,0,0,0,1.9255,9.725,0,-0.125,-16.1,0,0,0,0,0.0572958,0,0,0,0,98,0,0,0,0,0,0,57,0,0.00034,0.00034,0,0,0,0,0,0.8,0,0,0,0,0,0,1,0,0,0,0,0,0,0,0,99,0,,0,0,0,0,
END,Total:3
START,FrameNb:144,CameraNb:0,HeSaiNb:0,ARS410Nb:0
2026/08/02 21:35:37:468---->
heightOffset:0,1785677737468,245730,selfCaliBufCnt:0,selfAccObjCnt:0,selfAccAngle:0,installHAngleOffset:0,Interpolation:0,installVAngleOffset:0,radarOffsetH:0,radarOffsetV:0.32,Polynom:-0.001023;-0.0511;-2.047;0;0;0;-0.001023;-0.0511;-2.047;-25.5;0;0,WheelDirection:0;0;0;0,selfAngleOffset:0,selfAngleOffsetPit:0,currCaliAngleHrz:0,currCaliAnglePit:0,selfCaliAngleHrz:0,selfCaliAnglePit:0,servCaliAngleHrz:0,servCaliAnglePit:0,offlineCaliAngleHrz:0,offlineCaliAnglePit:0,determine2useFlag:0,IMU_Z_Accel:0,IMU_X_AngularRate:0,IMU_Y_AngularRate:0,IMU_RollAngle:0,IMU_PitchAngle:0,IMU_YawAngle:0,FcwID:0,FCWWarningLevel:0,FCWTTC:0
0,5.12,0,-6.88,0,0,0,0,0,0.613,5.0875,0,0,-7.1,0,0,0,0,0.0572958,0,0,0,0,98,0,0,0,0,0,0,54,0,0.00034,0.00034,0,0,0,0,0,2.8,0,0,0,0,0,0,1,0,0,0,0,0,0,0,0,99,0,,0,0,0,0,
24,8.85,-0.11,27.05,0,0,0,0,0,-4.0245,7.8875,-0.125,-0.125,-3.9,0,0,0,0,0.0572958,0,0,0,0,65,0,0,0,0,0,0,54,0,0.00034,0.00034,0,0,0,0,0,0.4,0,0,0,0,0,0,1,0,0,0,0,0,0,0,0,99,0,,0,0,0,0,
122,9.9,-0.12,-10.7,0,0,0,0,0,1.838,9.725,0,-0.125,-16.1,0,0,0,0,0.0572958,0,0,0,0,98,0,0,0,0,0,0,54,0,0.00034,0.00034,0,0,0,0,0,0.8,0,0,0,0,0,0,1,0,0,0,0,0,0,0,0,99,0,,0,0,0,0,
END,Total:3
START,FrameNb:145,CameraNb:0,HeSaiNb:0,ARS410Nb:0
2026/08/02 21:35:37:514---->
heightOffset:0,1785677737514,245780,selfCaliBufCnt:0,selfAccObjCnt:0,selfAccAngle:0,installHAngleOffset:0,Interpolation:0,installVAngleOffset:0,radarOffsetH:0,radarOffsetV:0.32,Polynom:-0.001023;-0.0511;-2.047;0;0;0;-0.001023;-0.0511;-2.047;-25.5;0;0,WheelDirection:0;0;0;0,selfAngleOffset:0,selfAngleOffsetPit:0,currCaliAngleHrz:0,currCaliAnglePit:0,selfCaliAngleHrz:0,selfCaliAnglePit:0,servCaliAngleHrz:0,servCaliAnglePit:0,offlineCaliAngleHrz:0,offlineCaliAnglePit:0,determine2useFlag:0,IMU_Z_Accel:0,IMU_X_AngularRate:0,IMU_Y_AngularRate:0,IMU_RollAngle:0,IMU_PitchAngle:0,IMU_YawAngle:0,FcwID:0,FCWWarningLevel:0,FCWTTC:0
0,5.12,0,-6.88,0,0,0,0,0,0.613,5.0875,0,0,-7.1,0,0,0,0,0.0572958,0,0,0,0,98,0,0,0,0,0,0,59,0,0.00034,0.00034,0,0,0,0,0,3,0,0,0,0,0,0,1,0,0,0,0,0,0,0,0,99,0,,0,0,0,0,
24,8.85,-0.11,27.05,0,0,0,0,0,-4.0245,7.8875,-0.125,-0.125,-3.9,0,0,0,0,0.0572958,0,0,0,0,65,0,0,0,0,0,0,59,0,0.00034,0.00034,0,0,0,0,0,0.4,0,0,0,0,0,0,1,0,0,0,0,0,0,0,0,99,0,,0,0,0,0,
122,9.9,-0.12,-10.7,0,0,0,0,0,1.838,9.725,0,-0.125,-16.1,0,0,0,0,0.0572958,0,0,0,0,98,0,0,0,0,0,0,59,0,0.00034,0.00034,0,0,0,0,0,0.8,0,0,0,0,0,0,1,0,0,0,0,0,0,0,0,99,0,,0,0,0,0,
END,Total:3
START,FrameNb:146,CameraNb:0,HeSaiNb:0,ARS410Nb:0
2026/08/02 21:35:37:573---->
heightOffset:0,1785677737573,245830,selfCaliBufCnt:0,selfAccObjCnt:0,selfAccAngle:0,installHAngleOffset:0,Interpolation:0,installVAngleOffset:0,radarOffsetH:0,radarOffsetV:0.32,Polynom:-0.001023;-0.0511;-2.047;0;0;0;-0.001023;-0.0511;-2.047;-25.5;0;0,WheelDirection:0;0;0;0,selfAngleOffset:0,selfAngleOffsetPit:0,currCaliAngleHrz:0,currCaliAnglePit:0,selfCaliAngleHrz:0,selfCaliAnglePit:0,servCaliAngleHrz:0,servCaliAnglePit:0,offlineCaliAngleHrz:0,offlineCaliAnglePit:0,determine2useFlag:0,IMU_Z_Accel:0,IMU_X_AngularRate:0,IMU_Y_AngularRate:0,IMU_RollAngle:0,IMU_PitchAngle:0,IMU_YawAngle:0,FcwID:0,FCWWarningLevel:0,FCWTTC:0
0,5.12,0,-6.88,0,0,0,0,0,0.613,5.0875,0,0,-7.1,0,0,0,0,0.0572958,0,0,0,0,98,0,0,0,0,0,0,58,0,0.00034,0.00034,0,0,0,0,0,3,0,0,0,0,0,0,1,0,0,0,0,0,0,0,0,99,0,,0,0,0,0,
24,8.85,-0.11,27.05,0,0,0,0,0,-4.0245,7.8875,-0.125,-0.125,-3.9,0,0,0,0,0.0572958,0,0,0,0,65,0,0,0,0,0,0,58,0,0.00034,0.00034,0,0,0,0,0,0.4,0,0,0,0,0,0,1,0,0,0,0,0,0,0,0,99,0,,0,0,0,0,
122,9.9,-0.12,-10.7,0,0,0,0,0,1.838,9.725,0,-0.125,-16.1,0,0,0,0,0.0572958,0,0,0,0,98,0,0,0,0,0,0,58,0,0.00034,0.00034,0,0,0,0,0,0.8,0,0,0,0,0,0,1,0,0,0,0,0,0,0,0,99,0,,0,0,0,0,
END,Total:3
START,FrameNb:147,CameraNb:0,HeSaiNb:0,ARS410Nb:0
2026/08/02 21:35:37:623---->
heightOffset:0,1785677737623,245880,selfCaliBufCnt:0,selfAccObjCnt:0,selfAccAngle:0,installHAngleOffset:0,Interpolation:0,installVAngleOffset:0,radarOffsetH:0,radarOffsetV:0.32,Polynom:-0.001023;-0.0511;-2.047;0;0;0;-0.001023;-0.0511;-2.047;-25.5;0;0,WheelDirection:0;0;0;0,selfAngleOffset:0,selfAngleOffsetPit:0,currCaliAngleHrz:0,currCaliAnglePit:0,selfCaliAngleHrz:0,selfCaliAnglePit:0,servCaliAngleHrz:0,servCaliAnglePit:0,offlineCaliAngleHrz:0,offlineCaliAnglePit:0,determine2useFlag:0,IMU_Z_Accel:0,IMU_X_AngularRate:0,IMU_Y_AngularRate:0,IMU_RollAngle:0,IMU_PitchAngle:0,IMU_YawAngle:0,FcwID:0,FCWWarningLevel:0,FCWTTC:0
0,5.12,0,-6.88,0,0,0,0,0,0.613,5.0875,0,0,-7.1,0,0,0,0,0.0572958,0,0,0,0,98,0,0,0,0,0,0,61,0,0.00034,0.00034,0,0,0,0,0,3.2,0,0,0,0,0,0,1,0,0,0,0,0,0,0,0,99,0,,0,0,0,0,
24,8.85,-0.11,27.05,0,0,0,0,0,-4.0245,7.8875,-0.125,-0.125,-3.9,0,0,0,0,0.0572958,0,0,0,0,65,0,0,0,0,0,0,61,0,0.00034,0.00034,0,0,0,0,0,0.2,0,0,0,0,0,0,1,0,0,0,0,0,0,0,0,99,0,,0,0,0,0,
122,9.9,-0.12,-10.7,0,0,0,0,0,1.838,9.725,0,-0.125,-16.1,0,0,0,0,0.0572958,0,0,0,0,98,0,0,0,0,0,0,61,0,0.00034,0.00034,0,0,0,0,0,0.8,0,0,0,0,0,0,1,0,0,0,0,0,0,0,0,99,0,,0,0,0,0,
END,Total:3
START,FrameNb:148,CameraNb:0,HeSaiNb:0,ARS410Nb:0
2026/08/02 21:35:37:681---->
heightOffset:0,1785677737681,245930,selfCaliBufCnt:0,selfAccObjCnt:0,selfAccAngle:0,installHAngleOffset:0,Interpolation:0,installVAngleOffset:0,radarOffsetH:0,radarOffsetV:0.32,Polynom:-0.001023;-0.0511;-2.047;0;0;0;-0.001023;-0.0511;-2.047;-25.5;0;0,WheelDirection:0;0;0;0,selfAngleOffset:0,selfAngleOffsetPit:0,currCaliAngleHrz:0,currCaliAnglePit:0,selfCaliAngleHrz:0,selfCaliAnglePit:0,servCaliAngleHrz:0,servCaliAnglePit:0,offlineCaliAngleHrz:0,offlineCaliAnglePit:0,determine2useFlag:0,IMU_Z_Accel:0,IMU_X_AngularRate:0,IMU_Y_AngularRate:0,IMU_RollAngle:0,IMU_PitchAngle:0,IMU_YawAngle:0,FcwID:0,FCWWarningLevel:0,FCWTTC:0
0,5.12,0,-6.88,0,0,0,0,0,0.613,5.0875,0,0,-7.1,0,0,0,0,0.0572958,0,0,0,0,98,0,0,0,0,0,0,54,0,0.00034,0.00034,0,0,0,0,0,3.2,0,0,0,0,0,0,1,0,0,0,0,0,0,0,0,99,0,,0,0,0,0,
24,8.85,-0.11,27.05,0,0,0,0,0,-4.0245,7.8875,-0.125,-0.125,-3.9,0,0,0,0,0.0572958,0,0,0,0,65,0,0,0,0,0,0,54,0,0.00034,0.00034,0,0,0,0,0,0.2,0,0,0,0,0,0,1,0,0,0,0,0,0,0,0,99,0,,0,0,0,0,
122,9.9,-0.12,-10.7,0,0,0,0,0,1.838,9.725,0,-0.125,-16.1,0,0,0,0,0.0572958,0,0,0,0,98,0,0,0,0,0,0,54,0,0.00034,0.00034,0,0,0,0,0,0.8,0,0,0,0,0,0,1,0,0,0,0,0,0,0,0,99,0,,0,0,0,0,
END,Total:3
START,FrameNb:149,CameraNb:0,HeSaiNb:0,ARS410Nb:0
2026/08/02 21:35:37:740---->
heightOffset:0,1785677737740,245980,selfCaliBufCnt:0,selfAccObjCnt:0,selfAccAngle:0,installHAngleOffset:0,Interpolation:0,installVAngleOffset:0,radarOffsetH:0,radarOffsetV:0.32,Polynom:-0.001023;-0.0511;-2.047;0;0;0;-0.001023;-0.0511;-2.047;-25.5;0;0,WheelDirection:0;0;0;0,selfAngleOffset:0,selfAngleOffsetPit:0,currCaliAngleHrz:0,currCaliAnglePit:0,selfCaliAngleHrz:0,selfCaliAnglePit:0,servCaliAngleHrz:0,servCaliAnglePit:0,offlineCaliAngleHrz:0,offlineCaliAnglePit:0,determine2useFlag:0,IMU_Z_Accel:0,IMU_X_AngularRate:0,IMU_Y_AngularRate:0,IMU_RollAngle:0,IMU_PitchAngle:0,IMU_YawAngle:0,FcwID:0,FCWWarningLevel:0,FCWTTC:0
0,5.12,0,-6.88,0,0,0,0,0,0.613,5.0875,0,0,-7.1,0,0,0,0,0.0572958,0,0,0,0,98,0,0,0,0,0,0,58,0,0.00034,0.00034,0,0,0,0,0,3.2,0,0,0,0,0,0,1,0,0,0,0,0,0,0,0,99,0,,0,0,0,0,
24,8.85,-0.11,27.05,0,0,0,0,0,-4.0245,7.8875,-0.125,-0.125,-3.9,0,0,0,0,0.0572958,0,0,0,0,65,0,0,0,0,0,0,58,0,0.00034,0.00034,0,0,0,0,0,0.2,0,0,0,0,0,0,1,0,0,0,0,0,0,0,0,99,0,,0,0,0,0,
122,9.9,-0.12,-10.7,0,0,0,0,0,1.838,9.725,0,-0.125,-16.1,0,0,0,0,0.0572958,0,0,0,0,98,0,0,0,0,0,0,58,0,0.00034,0.00034,0,0,0,0,0,0.8,0,0,0,0,0,0,1,0,0,0,0,0,0,0,0,99,0,,0,0,0,0,
END,Total:3
START,FrameNb:150,CameraNb:0,HeSaiNb:0,ARS410Nb:0
2026/08/02 21:35:37:777---->
heightOffset:0,1785677737777,246030,selfCaliBufCnt:0,selfAccObjCnt:0,selfAccAngle:0,installHAngleOffset:0,Interpolation:0,installVAngleOffset:0,radarOffsetH:0,radarOffsetV:0.32,Polynom:-0.001023;-0.0511;-2.047;0;0;0;-0.001023;-0.0511;-2.047;-25.5;0;0,WheelDirection:0;0;0;0,selfAngleOffset:0,selfAngleOffsetPit:0,currCaliAngleHrz:0,currCaliAnglePit:0,selfCaliAngleHrz:0,selfCaliAnglePit:0,servCaliAngleHrz:0,servCaliAnglePit:0,offlineCaliAngleHrz:0,offlineCaliAnglePit:0,determine2useFlag:0,IMU_Z_Accel:0,IMU_X_AngularRate:0,IMU_Y_AngularRate:0,IMU_RollAngle:0,IMU_PitchAngle:0,IMU_YawAngle:0,FcwID:0,FCWWarningLevel:0,FCWTTC:0
0,5.12,0,-6.88,0,0,0,0,0,0.613,5.0875,0,0,-7.1,0,0,0,0,0.0572958,0,0,0,0,98,0,0,0,0,0,0,58,0,0.00034,0.00034,0,0,0,0,0,3.2,0,0,0,0,0,0,1,0,0,0,0,0,0,0,0,99,0,,0,0,0,0,
24,8.85,-0.11,27.05,0,0,0,0,0,-4.0245,7.8875,-0.125,-0.125,-3.5,0,0,0,0,0.0572958,0,0,0,0,65,0,0,0,0,0,0,58,0,0.00034,0.00034,0,0,0,0,0,0.4,0,0,0,0,0,0,1,0,0,0,0,0,0,0,0,99,0,,0,0,0,0,
122,9.9,0,-10.7,0,0,0,0,0,1.838,9.725,0,0,-16.1,0,0,0,0,0.0572958,0,0,0,0,98,0,0,0,0,0,0,58,0,0.00034,0.00034,0,0,0,0,0,0.8,0,0,0,0,0,0,1,0,0,0,0,0,0,0,0,99,0,,0,0,0,0,
END,Total:3
START,FrameNb:151,CameraNb:0,HeSaiNb:0,ARS410Nb:0
2026/08/02 21:35:37:839---->
heightOffset:0,1785677737839,246080,selfCaliBufCnt:0,selfAccObjCnt:0,selfAccAngle:0,installHAngleOffset:0,Interpolation:0,installVAngleOffset:0,radarOffsetH:0,radarOffsetV:0.32,Polynom:-0.001023;-0.0511;-2.047;0;0;0;-0.001023;-0.0511;-2.047;-25.5;0;0,WheelDirection:0;0;0;0,selfAngleOffset:0,selfAngleOffsetPit:0,currCaliAngleHrz:0,currCaliAnglePit:0,selfCaliAngleHrz:0,selfCaliAnglePit:0,servCaliAngleHrz:0,servCaliAnglePit:0,offlineCaliAngleHrz:0,offlineCaliAnglePit:0,determine2useFlag:0,IMU_Z_Accel:0,IMU_X_AngularRate:0,IMU_Y_AngularRate:0,IMU_RollAngle:0,IMU_PitchAngle:0,IMU_YawAngle:0,FcwID:0,FCWWarningLevel:0,FCWTTC:0
0,5.12,0,-6.88,0,0,0,0,0,0.613,5.0875,0,0,-7.1,0,0,0,0,0.0572958,0,0,0,0,98,0,0,0,0,0,0,53,0,0.00034,0.00034,0,0,0,0,0,3.4,0,0,0,0,0,0,1,0,0,0,0,0,0,0,0,99,0,,0,0,0,0,
24,8.85,-0.11,27.05,0,0,0,0,0,-4.0245,7.8875,-0.125,-0.125,-3.5,0,0,0,0,0.0572958,0,0,0,0,65,0,0,0,0,0,0,53,0,0.00034,0.00034,0,0,0,0,0,0.2,0,0,0,0,0,0,1,0,0,0,0,0,0,0,0,99,0,,0,0,0,0,
122,9.9,0,-10.7,0,0,0,0,0,1.838,9.725,0,0,-16.1,0,0,0,0,0.0572958,0,0,0,0,98,0,0,0,0,0,0,53,0,0.00034,0.00034,0,0,0,0,0,0.8,0,0,0,0,0,0,1,0,0,0,0,0,0,0,0,99,0,,0,0,0,0,
END,Total:3
START,FrameNb:152,CameraNb:0,HeSaiNb:0,ARS410Nb:0
2026/08/02 21:35:37:889---->
heightOffset:0,1785677737889,246130,selfCaliBufCnt:0,selfAccObjCnt:0,selfAccAngle:0,installHAngleOffset:0,Interpolation:0,installVAngleOffset:0,radarOffsetH:0,radarOffsetV:0.32,Polynom:-0.001023;-0.0511;-2.047;0;0;0;-0.001023;-0.0511;-2.047;-25.5;0;0,WheelDirection:0;0;0;0,selfAngleOffset:0,selfAngleOffsetPit:0,currCaliAngleHrz:0,currCaliAnglePit:0,selfCaliAngleHrz:0,selfCaliAnglePit:0,servCaliAngleHrz:0,servCaliAnglePit:0,offlineCaliAngleHrz:0,offlineCaliAnglePit:0,determine2useFlag:0,IMU_Z_Accel:0,IMU_X_AngularRate:0,IMU_Y_AngularRate:0,IMU_RollAngle:0,IMU_PitchAngle:0,IMU_YawAngle:0,FcwID:0,FCWWarningLevel:0,FCWTTC:0
0,5.12,0,-6.88,0,0,0,0,0,0.613,5.0875,0,0,-7.1,0,0,0,0,0.0572958,0,0,0,0,98,0,0,0,0,0,0,58,0,0.00034,0.00034,0,0,0,0,0,3.4,0,0,0,0,0,0,1,0,0,0,0,0,0,0,0,99,0,,0,0,0,0,
24,8.85,-0.11,27.05,0,0,0,0,0,-4.0245,7.8875,-0.125,-0.125,-3.5,0,0,0,0,0.0572958,0,0,0,0,65,0,0,0,0,0,0,58,0,0.00034,0.00034,0,0,0,0,0,0.2,0,0,0,0,0,0,1,0,0,0,0,0,0,0,0,99,0,,0,0,0,0,
122,9.9,0,-10.7,0,0,0,0,0,1.838,9.725,0,0,-15.9,0,0,0,0,0.0572958,0,0,0,0,98,0,0,0,0,0,0,58,0,0.00034,0.00034,0,0,0,0,0,0.8,0,0,0,0,0,0,1,0,0,0,0,0,0,0,0,99,0,,0,0,0,0,
END,Total:3
START,FrameNb:153,CameraNb:0,HeSaiNb:0,ARS410Nb:0
2026/08/02 21:35:37:922---->
heightOffset:0,1785677737922,246180,selfCaliBufCnt:0,selfAccObjCnt:0,selfAccAngle:0,installHAngleOffset:0,Interpolation:0,installVAngleOffset:0,radarOffsetH:0,radarOffsetV:0.32,Polynom:-0.001023;-0.0511;-2.047;0;0;0;-0.001023;-0.0511;-2.047;-25.5;0;0,WheelDirection:0;0;0;0,selfAngleOffset:0,selfAngleOffsetPit:0,currCaliAngleHrz:0,currCaliAnglePit:0,selfCaliAngleHrz:0,selfCaliAnglePit:0,servCaliAngleHrz:0,servCaliAnglePit:0,offlineCaliAngleHrz:0,offlineCaliAnglePit:0,determine2useFlag:0,IMU_Z_Accel:0,IMU_X_AngularRate:0,IMU_Y_AngularRate:0,IMU_RollAngle:0,IMU_PitchAngle:0,IMU_YawAngle:0,FcwID:0,FCWWarningLevel:0,FCWTTC:0
0,5.12,0,-6.88,0,0,0,0,0,0.613,5.0875,0,0,-7.1,0,0,0,0,0.0572958,0,0,0,0,98,0,0,0,0,0,0,54,0,0.00034,0.00034,0,0,0,0,0,3.4,0,0,0,0,0,0,1,0,0,0,0,0,0,0,0,99,0,,0,0,0,0,
24,8.85,-0.11,27.05,0,0,0,0,0,-4.0245,7.8875,-0.125,-0.125,-3.5,0,0,0,0,0.0572958,0,0,0,0,65,0,0,0,0,0,0,54,0,0.00034,0.00034,0,0,0,0,0,0.2,0,0,0,0,0,0,1,0,0,0,0,0,0,0,0,99,0,,0,0,0,0,
122,9.9,0,-10.7,0,0,0,0,0,1.838,9.725,0,0,-15.9,0,0,0,0,0.0572958,0,0,0,0,98,0,0,0,0,0,0,54,0,0.00034,0.00034,0,0,0,0,0,0.8,0,0,0,0,0,0,1,0,0,0,0,0,0,0,0,99,0,,0,0,0,0,
END,Total:3
START,FrameNb:154,CameraNb:0,HeSaiNb:0,ARS410Nb:0
2026/08/02 21:35:37:965---->
heightOffset:0,1785677737965,246230,selfCaliBufCnt:0,selfAccObjCnt:0,selfAccAngle:0,installHAngleOffset:0,Interpolation:0,installVAngleOffset:0,radarOffsetH:0,radarOffsetV:0.32,Polynom:-0.001023;-0.0511;-2.047;0;0;0;-0.001023;-0.0511;-2.047;-25.5;0;0,WheelDirection:0;0;0;0,selfAngleOffset:0,selfAngleOffsetPit:0,currCaliAngleHrz:0,currCaliAnglePit:0,selfCaliAngleHrz:0,selfCaliAnglePit:0,servCaliAngleHrz:0,servCaliAnglePit:0,offlineCaliAngleHrz:0,offlineCaliAnglePit:0,determine2useFlag:0,IMU_Z_Accel:0,IMU_X_AngularRate:0,IMU_Y_AngularRate:0,IMU_RollAngle:0,IMU_PitchAngle:0,IMU_YawAngle:0,FcwID:0,FCWWarningLevel:0,FCWTTC:0
0,5.12,0,-6.88,0,0,0,0,0,0.613,5.0875,0,0,-7.1,0,0,0,0,0.0572958,0,0,0,0,98,0,0,0,0,0,0,60,0,0.00034,0.00034,0,0,0,0,0,3.4,0,0,0,0,0,0,1,0,0,0,0,0,0,0,0,99,0,,0,0,0,0,
24,8.85,-0.11,27.05,0,0,0,0,0,-4.0245,7.8875,-0.125,-0.125,-3.5,0,0,0,0,0.0572958,0,0,0,0,65,0,0,0,0,0,0,60,0,0.00034,0.00034,0,0,0,0,0,0,0,0,0,0,0,0,1,0,0,0,0,0,0,0,0,99,0,,0,0,0,0,
122,9.9,0,-10.7,0,0,0,0,0,1.838,9.725,0,0,-15.9,0,0,0,0,0.0572958,0,0,0,0,98,0,0,0,0,0,0,60,0,0.00034,0.00034,0,0,0,0,0,0.8,0,0,0,0,0,0,1,0,0,0,0,0,0,0,0,99,0,,0,0,0,0,
END,Total:3
START,FrameNb:155,CameraNb:0,HeSaiNb:0,ARS410Nb:0
2026/08/02 21:35:38:031---->
heightOffset:0,1785677738031,246280,selfCaliBufCnt:0,selfAccObjCnt:0,selfAccAngle:0,installHAngleOffset:0,Interpolation:0,installVAngleOffset:0,radarOffsetH:0,radarOffsetV:0.32,Polynom:-0.001023;-0.0511;-2.047;0;0;0;-0.001023;-0.0511;-2.047;-25.5;0;0,WheelDirection:0;0;0;0,selfAngleOffset:0,selfAngleOffsetPit:0,currCaliAngleHrz:0,currCaliAnglePit:0,selfCaliAngleHrz:0,selfCaliAnglePit:0,servCaliAngleHrz:0,servCaliAnglePit:0,offlineCaliAngleHrz:0,offlineCaliAnglePit:0,determine2useFlag:0,IMU_Z_Accel:0,IMU_X_AngularRate:0,IMU_Y_AngularRate:0,IMU_RollAngle:0,IMU_PitchAngle:0,IMU_YawAngle:0,FcwID:0,FCWWarningLevel:0,FCWTTC:0
0,5.12,0,-6.88,0,0,0,0,0,0.613,5.0875,0,0,-7.1,0,0,0,0,0.0572958,0,0,0,0,98,0,0,0,0,0,0,59,0,0.00034,0.00034,0,0,0,0,0,3.4,0,0,0,0,0,0,1,0,0,0,0,0,0,0,0,99,0,,0,0,0,0,
24,8.85,-0.11,27.05,0,0,0,0,0,-4.0245,7.8875,-0.125,-0.125,-3.5,0,0,0,0,0.0572958,0,0,0,0,65,0,0,0,0,0,0,59,0,0.00034,0.00034,0,0,0,0,0,0,0,0,0,0,0,0,1,0,0,0,0,0,0,0,0,99,0,,0,0,0,0,
122,9.9,0,-10.7,0,0,0,0,0,1.838,9.725,-0.125,0,-15.9,0,0,0,0,0.0572958,0,0,0,0,98,0,0,0,0,0,0,59,0,0.00034,0.00034,0,0,0,0,0,0.8,0,0,0,0,0,0,1,0,0,0,0,0,0,0,0,99,0,,0,0,0,0,
END,Total:3
START,FrameNb:156,CameraNb:0,HeSaiNb:0,ARS410Nb:0
2026/08/02 21:35:38:071---->
heightOffset:0,1785677738071,246330,selfCaliBufCnt:0,selfAccObjCnt:0,selfAccAngle:0,installHAngleOffset:0,Interpolation:0,installVAngleOffset:0,radarOffsetH:0,radarOffsetV:0.32,Polynom:-0.001023;-0.0511;-2.047;0;0;0;-0.001023;-0.0511;-2.047;-25.5;0;0,WheelDirection:0;0;0;0,selfAngleOffset:0,selfAngleOffsetPit:0,currCaliAngleHrz:0,currCaliAnglePit:0,selfCaliAngleHrz:0,selfCaliAnglePit:0,servCaliAngleHrz:0,servCaliAnglePit:0,offlineCaliAngleHrz:0,offlineCaliAnglePit:0,determine2useFlag:0,IMU_Z_Accel:0,IMU_X_AngularRate:0,IMU_Y_AngularRate:0,IMU_RollAngle:0,IMU_PitchAngle:0,IMU_YawAngle:0,FcwID:0,FCWWarningLevel:0,FCWTTC:0
0,5.12,0,-6.88,0,0,0,0,0,0.613,5.0875,0,0,-7.1,0,0,0,0,0.0572958,0,0,0,0,98,0,0,0,0,0,0,57,0,0.00034,0.00034,0,0,0,0,0,3.6,0,0,0,0,0,0,1,0,0,0,0,0,0,0,0,99,0,,0,0,0,0,
24,8.85,-0.11,27.05,0,0,0,0,0,-4.0245,7.8875,-0.125,-0.125,-3.5,0,0,0,0,0.0572958,0,0,0,0,33,0,0,0,0,0,0,57,0,0.00034,0.00034,0,0,0,0,0,0,0,0,0,0,0,0,1,0,0,0,0,0,0,0,0,99,0,,0,0,0,0,
122,9.9,-0.12,-10.7,0,0,0,0,0,1.838,9.725,-0.125,-0.125,-15.9,0,0,0,0,0.0572958,0,0,0,0,98,0,0,0,0,0,0,57,0,0.00034,0.00034,0,0,0,0,0,0.8,0,0,0,0,0,0,1,0,0,0,0,0,0,0,0,99,0,,0,0,0,0,
END,Total:3
START,FrameNb:157,CameraNb:0,HeSaiNb:0,ARS410Nb:0
2026/08/02 21:35:38:117---->
heightOffset:0,1785677738117,246380,selfCaliBufCnt:0,selfAccObjCnt:0,selfAccAngle:0,installHAngleOffset:0,Interpolation:0,installVAngleOffset:0,radarOffsetH:0,radarOffsetV:0.32,Polynom:-0.001023;-0.0511;-2.047;0;0;0;-0.001023;-0.0511;-2.047;-25.5;0;0,WheelDirection:0;0;0;0,selfAngleOffset:0,selfAngleOffsetPit:0,currCaliAngleHrz:0,currCaliAnglePit:0,selfCaliAngleHrz:0,selfCaliAnglePit:0,servCaliAngleHrz:0,servCaliAnglePit:0,offlineCaliAngleHrz:0,offlineCaliAnglePit:0,determine2useFlag:0,IMU_Z_Accel:0,IMU_X_AngularRate:0,IMU_Y_AngularRate:0,IMU_RollAngle:0,IMU_PitchAngle:0,IMU_YawAngle:0,FcwID:0,FCWWarningLevel:0,FCWTTC:0
0,5.12,0,-6.88,0,0,0,0,0,0.613,5.0875,0,0,-7.1,0,0,0,0,0.0572958,0,0,0,0,98,0,0,0,0,0,0,54,0,0.00034,0.00034,0,0,0,0,0,3.6,0,0,0,0,0,0,1,0,0,0,0,0,0,0,0,99,0,,0,0,0,0,
24,8.85,-0.11,27.05,0,0,0,0,0,-4.0245,7.8875,-0.125,-0.125,-3.5,0,0,0,0,0.0572958,0,0,0,0,33,0,0,0,0,0,0,54,0,0.00034,0.00034,0,0,0,0,0,0,0,0,0,0,0,0,1,0,0,0,0,0,0,0,0,99,0,,0,0,0,0,
122,9.91,-0.12,-11.2,0,0,0,0,0,1.9255,9.725,-0.125,-0.125,-15.9,0,0,0,0,0.0572958,0,0,0,0,98,0,0,0,0,0,0,54,0,0.00034,0.00034,0,0,0,0,0,0.8,0,0,0,0,0,0,1,0,0,0,0,0,0,0,0,99,0,,0,0,0,0,
END,Total:3
START,FrameNb:158,CameraNb:0,HeSaiNb:0,ARS410Nb:0
2026/08/02 21:35:38:181---->
heightOffset:0,1785677738181,246430,selfCaliBufCnt:0,selfAccObjCnt:0,selfAccAngle:0,installHAngleOffset:0,Interpolation:0,installVAngleOffset:0,radarOffsetH:0,radarOffsetV:0.32,Polynom:-0.001023;-0.0511;-2.047;0;0;0;-0.001023;-0.0511;-2.047;-25.5;0;0,WheelDirection:0;0;0;0,selfAngleOffset:0,selfAngleOffsetPit:0,currCaliAngleHrz:0,currCaliAnglePit:0,selfCaliAngleHrz:0,selfCaliAnglePit:0,servCaliAngleHrz:0,servCaliAnglePit:0,offlineCaliAngleHrz:0,offlineCaliAnglePit:0,determine2useFlag:0,IMU_Z_Accel:0,IMU_X_AngularRate:0,IMU_Y_AngularRate:0,IMU_RollAngle:0,IMU_PitchAngle:0,IMU_YawAngle:0,FcwID:0,FCWWarningLevel:0,FCWTTC:0
0,5.12,0,-6.88,0,0,0,0,0,0.613,5.0875,0,0,-7.1,0,0,0,0,0.0572958,0,0,0,0,98,0,0,0,0,0,0,58,0,0.00034,0.00034,0,0,0,0,0,3.6,0,0,0,0,0,0,1,0,0,0,0,0,0,0,0,99,0,,0,0,0,0,
24,8.85,-0.11,27.05,0,0,0,0,0,-4.0245,7.8875,-0.125,-0.125,-3.5,0,0,0,0,0.0572958,0,0,0,0,33,0,0,0,0,0,0,58,0,0.00034,0.00034,0,0,0,0,0,0,0,0,0,0,0,0,1,0,0,0,0,0,0,0,0,99,0,,0,0,0,0,
122,9.91,-0.12,-11.2,0,0,0,0,0,1.9255,9.725,-0.125,-0.125,-15.9,0,0,0,0,0.0572958,0,0,0,0,98,0,0,0,0,0,0,58,0,0.00034,0.00034,0,0,0,0,0,0.8,0,0,0,0,0,0,1,0,0,0,0,0,0,0,0,99,0,,0,0,0,0,
END,Total:3
START,FrameNb:159,CameraNb:0,HeSaiNb:0,ARS410Nb:0
2026/08/02 21:35:38:246---->
heightOffset:0,1785677738246,246481,selfCaliBufCnt:0,selfAccObjCnt:0,selfAccAngle:0,installHAngleOffset:0,Interpolation:0,installVAngleOffset:0,radarOffsetH:0,radarOffsetV:0.32,Polynom:-0.001023;-0.0511;-2.047;0;0;0;-0.001023;-0.0511;-2.047;-25.5;0;0,WheelDirection:0;0;0;0,selfAngleOffset:0,selfAngleOffsetPit:0,currCaliAngleHrz:0,currCaliAnglePit:0,selfCaliAngleHrz:0,selfCaliAnglePit:0,servCaliAngleHrz:0,servCaliAnglePit:0,offlineCaliAngleHrz:0,offlineCaliAnglePit:0,determine2useFlag:0,IMU_Z_Accel:0,IMU_X_AngularRate:0,IMU_Y_AngularRate:0,IMU_RollAngle:0,IMU_PitchAngle:0,IMU_YawAngle:0,FcwID:0,FCWWarningLevel:0,FCWTTC:0
0,5.12,0,-6.88,0,0,0,0,0,0.613,5.0875,0,0,-7.1,0,0,0,0,0.0572958,0,0,0,0,98,0,0,0,0,0,0,58,0,0.00034,0.00034,0,0,0,0,0,3.6,0,0,0,0,0,0,1,0,0,0,0,0,0,0,0,99,0,,0,0,0,0,
24,8.85,-0.11,27.05,0,0,0,0,0,-4.0245,7.8875,-0.125,-0.125,-3.5,0,0,0,0,0.0572958,0,0,0,0,33,0,0,0,0,0,0,58,0,0.00034,0.00034,0,0,0,0,0,0,0,0,0,0,0,0,1,0,0,0,0,0,0,0,0,99,0,,0,0,0,0,
122,9.91,-0.12,-11.2,0,0,0,0,0,1.9255,9.725,-0.125,-0.125,-15.7,0,0,0,0,0.0572958,0,0,0,0,98,0,0,0,0,0,0,58,0,0.00034,0.00034,0,0,0,0,0,0.8,0,0,0,0,0,0,1,0,0,0,0,0,0,0,0,99,0,,0,0,0,0,
END,Total:3
START,FrameNb:160,CameraNb:0,HeSaiNb:0,ARS410Nb:0
2026/08/02 21:35:38:293---->
heightOffset:0,1785677738293,246532,selfCaliBufCnt:0,selfAccObjCnt:0,selfAccAngle:0,installHAngleOffset:0,Interpolation:0,installVAngleOffset:0,radarOffsetH:0,radarOffsetV:0.32,Polynom:-0.001023;-0.0511;-2.047;0;0;0;-0.001023;-0.0511;-2.047;-25.5;0;0,WheelDirection:0;0;0;0,selfAngleOffset:0,selfAngleOffsetPit:0,currCaliAngleHrz:0,currCaliAnglePit:0,selfCaliAngleHrz:0,selfCaliAnglePit:0,servCaliAngleHrz:0,servCaliAnglePit:0,offlineCaliAngleHrz:0,offlineCaliAnglePit:0,determine2useFlag:0,IMU_Z_Accel:0,IMU_X_AngularRate:0,IMU_Y_AngularRate:0,IMU_RollAngle:0,IMU_PitchAngle:0,IMU_YawAngle:0,FcwID:0,FCWWarningLevel:0,FCWTTC:0
0,5.12,0,-6.88,0,0,0,0,0,0.613,5.0875,0,0,-7.1,0,0,0,0,0.0572958,0,0,0,0,98,0,0,0,0,0,0,53,0,0.00034,0.00034,0,0,0,0,0,3.6,0,0,0,0,0,0,1,0,0,0,0,0,0,0,0,99,0,,0,0,0,0,
24,8.85,-0.11,27.05,0,0,0,0,0,-4.0245,7.8875,-0.125,-0.125,-3.5,0,0,0,0,0.0572958,0,0,0,0,33,0,0,0,0,0,0,53,0,0.00034,0.00034,0,0,0,0,0,0,0,0,0,0,0,0,1,0,0,0,0,0,0,0,0,99,0,,0,0,0,0,
122,9.91,-0.12,-11.2,0,0,0,0,0,1.9255,9.725,-0.125,-0.125,-15.7,0,0,0,0,0.0572958,0,0,0,0,98,0,0,0,0,0,0,53,0,0.00034,0.00034,0,0,0,0,0,0.8,0,0,0,0,0,0,1,0,0,0,0,0,0,0,0,99,0,,0,0,0,0,
END,Total:3
START,FrameNb:161,CameraNb:0,HeSaiNb:0,ARS410Nb:0
2026/08/02 21:35:38:338---->
heightOffset:0,1785677738338,246580,selfCaliBufCnt:0,selfAccObjCnt:0,selfAccAngle:0,installHAngleOffset:0,Interpolation:0,installVAngleOffset:0,radarOffsetH:0,radarOffsetV:0.32,Polynom:-0.001023;-0.0511;-2.047;0;0;0;-0.001023;-0.0511;-2.047;-25.5;0;0,WheelDirection:0;0;0;0,selfAngleOffset:0,selfAngleOffsetPit:0,currCaliAngleHrz:0,currCaliAnglePit:0,selfCaliAngleHrz:0,selfCaliAnglePit:0,servCaliAngleHrz:0,servCaliAnglePit:0,offlineCaliAngleHrz:0,offlineCaliAnglePit:0,determine2useFlag:0,IMU_Z_Accel:0,IMU_X_AngularRate:0,IMU_Y_AngularRate:0,IMU_RollAngle:0,IMU_PitchAngle:0,IMU_YawAngle:0,FcwID:0,FCWWarningLevel:0,FCWTTC:0
0,5.12,0,-6.88,0,0,0,0,0,0.613,5.0875,0,0,-7.1,0,0,0,0,0.0572958,0,0,0,0,98,0,0,0,0,0,0,57,0,0.00034,0.00034,0,0,0,0,0,3.6,0,0,0,0,0,0,1,0,0,0,0,0,0,0,0,99,0,,0,0,0,0,
122,9.91,-0.12,-11.2,0,0,0,0,0,1.9255,9.725,-0.125,-0.125,-15.7,0,0,0,0,0.0572958,0,0,0,0,98,0,0,0,0,0,0,57,0,0.00034,0.00034,0,0,0,0,0,0.8,0,0,0,0,0,0,1,0,0,0,0,0,0,0,0,99,0,,0,0,0,0,
END,Total:2
START,FrameNb:162,CameraNb:0,HeSaiNb:0,ARS410Nb:0
2026/08/02 21:35:38:394---->
heightOffset:0,1785677738394,246630,selfCaliBufCnt:0,selfAccObjCnt:0,selfAccAngle:0,installHAngleOffset:0,Interpolation:0,installVAngleOffset:0,radarOffsetH:0,radarOffsetV:0.32,Polynom:-0.001023;-0.0511;-2.047;0;0;0;-0.001023;-0.0511;-2.047;-25.5;0;0,WheelDirection:0;0;0;0,selfAngleOffset:0,selfAngleOffsetPit:0,currCaliAngleHrz:0,currCaliAnglePit:0,selfCaliAngleHrz:0,selfCaliAnglePit:0,servCaliAngleHrz:0,servCaliAnglePit:0,offlineCaliAngleHrz:0,offlineCaliAnglePit:0,determine2useFlag:0,IMU_Z_Accel:0,IMU_X_AngularRate:0,IMU_Y_AngularRate:0,IMU_RollAngle:0,IMU_PitchAngle:0,IMU_YawAngle:0,FcwID:0,FCWWarningLevel:0,FCWTTC:0
0,5.12,0,-6.88,0,0,0,0,0,0.613,5.0875,0,0,-7.1,0,0,0,0,0.0572958,0,0,0,0,98,0,0,0,0,0,0,54,0,0.00034,0.00034,0,0,0,0,0,3.6,0,0,0,0,0,0,1,0,0,0,0,0,0,0,0,99,0,,0,0,0,0,
122,9.91,-0.12,-11.2,0,0,0,0,0,1.9255,9.725,-0.125,-0.125,-15.7,0,0,0,0,0.0572958,0,0,0,0,98,0,0,0,0,0,0,54,0,0.00034,0.00034,0,0,0,0,0,0.8,0,0,0,0,0,0,1,0,0,0,0,0,0,0,0,99,0,,0,0,0,0,
END,Total:2
START,FrameNb:163,CameraNb:0,HeSaiNb:0,ARS410Nb:0
2026/08/02 21:35:38:440---->
heightOffset:0,1785677738440,246680,selfCaliBufCnt:0,selfAccObjCnt:0,selfAccAngle:0,installHAngleOffset:0,Interpolation:0,installVAngleOffset:0,radarOffsetH:0,radarOffsetV:0.32,Polynom:-0.001023;-0.0511;-2.047;0;0;0;-0.001023;-0.0511;-2.047;-25.5;0;0,WheelDirection:0;0;0;0,selfAngleOffset:0,selfAngleOffsetPit:0,currCaliAngleHrz:0,currCaliAnglePit:0,selfCaliAngleHrz:0,selfCaliAnglePit:0,servCaliAngleHrz:0,servCaliAnglePit:0,offlineCaliAngleHrz:0,offlineCaliAnglePit:0,determine2useFlag:0,IMU_Z_Accel:0,IMU_X_AngularRate:0,IMU_Y_AngularRate:0,IMU_RollAngle:0,IMU_PitchAngle:0,IMU_YawAngle:0,FcwID:0,FCWWarningLevel:0,FCWTTC:0
0,5.12,0,-6.88,0,0,0,0,0,0.613,5.0875,-0.125,0,-7.1,0,0,0,0,0.0572958,0,0,0,0,98,0,0,0,0,0,0,64,0,0.00034,0.00034,0,0,0,0,0,3,0,0,0,0,0,0,1,0,0,0,0,0,0,0,0,99,0,,0,0,0,0,
122,9.91,-0.12,-11.2,0,0,0,0,0,1.9255,9.725,-0.125,-0.125,-15.7,0,0,0,0,0.0572958,0,0,0,0,98,0,0,0,0,0,0,64,0,0.00034,0.00034,0,0,0,0,0,0.8,0,0,0,0,0,0,1,0,0,0,0,0,0,0,0,99,0,,0,0,0,0,
END,Total:2
START,FrameNb:164,CameraNb:0,HeSaiNb:0,ARS410Nb:0
2026/08/02 21:35:38:476---->
heightOffset:0,1785677738476,246730,selfCaliBufCnt:0,selfAccObjCnt:0,selfAccAngle:0,installHAngleOffset:0,Interpolation:0,installVAngleOffset:0,radarOffsetH:0,radarOffsetV:0.32,Polynom:-0.001023;-0.0511;-2.047;0;0;0;-0.001023;-0.0511;-2.047;-25.5;0;0,WheelDirection:0;0;0;0,selfAngleOffset:0,selfAngleOffsetPit:0,currCaliAngleHrz:0,currCaliAnglePit:0,selfCaliAngleHrz:0,selfCaliAnglePit:0,servCaliAngleHrz:0,servCaliAnglePit:0,offlineCaliAngleHrz:0,offlineCaliAnglePit:0,determine2useFlag:0,IMU_Z_Accel:0,IMU_X_AngularRate:0,IMU_Y_AngularRate:0,IMU_RollAngle:0,IMU_PitchAngle:0,IMU_YawAngle:0,FcwID:0,FCWWarningLevel:0,FCWTTC:0
0,5.12,0,-6.88,0,0,0,0,0,0.613,5.0875,-0.125,0,-7.1,0,0,0,0,0.0572958,0,0,0,0,98,0,0,0,0,0,0,56,0,0.00034,0.00034,0,0,0,0,0,3,0,0,0,0,0,0,1,0,0,0,0,0,0,0,0,99,0,,0,0,0,0,
122,9.91,0,-11.2,0,0,0,0,0,1.9255,9.725,-0.125,0,-15.7,0,0,0,0,0.0572958,0,0,0,0,98,0,0,0,0,0,0,56,0,0.00034,0.00034,0,0,0,0,0,0.8,0,0,0,0,0,0,1,0,0,0,0,0,0,0,0,99,0,,0,0,0,0,
END,Total:2
START,FrameNb:165,CameraNb:0,HeSaiNb:0,ARS410Nb:0
2026/08/02 21:35:38:518---->
heightOffset:0,1785677738518,246780,selfCaliBufCnt:0,selfAccObjCnt:0,selfAccAngle:0,installHAngleOffset:0,Interpolation:0,installVAngleOffset:0,radarOffsetH:0,radarOffsetV:0.32,Polynom:-0.001023;-0.0511;-2.047;0;0;0;-0.001023;-0.0511;-2.047;-25.5;0;0,WheelDirection:0;0;0;0,selfAngleOffset:0,selfAngleOffsetPit:0,currCaliAngleHrz:0,currCaliAnglePit:0,selfCaliAngleHrz:0,selfCaliAnglePit:0,servCaliAngleHrz:0,servCaliAnglePit:0,offlineCaliAngleHrz:0,offlineCaliAnglePit:0,determine2useFlag:0,IMU_Z_Accel:0,IMU_X_AngularRate:0,IMU_Y_AngularRate:0,IMU_RollAngle:0,IMU_PitchAngle:0,IMU_YawAngle:0,FcwID:0,FCWWarningLevel:0,FCWTTC:0
0,5.12,0,-6.88,0,0,0,0,0,0.613,5.0875,-0.125,0,-7.1,0,0,0,0,0.0572958,0,0,0,0,98,0,0,0,0,0,0,58,0,0.00034,0.00034,0,0,0,0,0,2.4,0,0,0,0,0,0,1,0,0,0,0,0,0,0,0,99,0,,0,0,0,0,
122,9.91,0,-11.2,0,0,0,0,0,1.9255,9.725,-0.125,0,-15.7,0,0,0,0,0.0572958,0,0,0,0,98,0,0,0,0,0,0,58,0,0.00034,0.00034,0,0,0,0,0,0.8,0,0,0,0,0,0,1,0,0,0,0,0,0,0,0,99,0,,0,0,0,0,
END,Total:2
START,FrameNb:166,CameraNb:0,HeSaiNb:0,ARS410Nb:0
2026/08/02 21:35:38:567---->
heightOffset:0,1785677738567,246830,selfCaliBufCnt:0,selfAccObjCnt:0,selfAccAngle:0,installHAngleOffset:0,Interpolation:0,installVAngleOffset:0,radarOffsetH:0,radarOffsetV:0.32,Polynom:-0.001023;-0.0511;-2.047;0;0;0;-0.001023;-0.0511;-2.047;-25.5;0;0,WheelDirection:0;0;0;0,selfAngleOffset:0,selfAngleOffsetPit:0,currCaliAngleHrz:0,currCaliAnglePit:0,selfCaliAngleHrz:0,selfCaliAnglePit:0,servCaliAngleHrz:0,servCaliAnglePit:0,offlineCaliAngleHrz:0,offlineCaliAnglePit:0,determine2useFlag:0,IMU_Z_Accel:0,IMU_X_AngularRate:0,IMU_Y_AngularRate:0,IMU_RollAngle:0,IMU_PitchAngle:0,IMU_YawAngle:0,FcwID:0,FCWWarningLevel:0,FCWTTC:0
0,5.12,0,-6.88,0,0,0,0,0,0.613,5.0875,-0.125,0,-7.1,0,0,0,0,0.0572958,0,0,0,0,98,0,0,0,0,0,0,54,0,0.00034,0.00034,0,0,0,0,0,2.4,0,0,0,0,0,0,1,0,0,0,0,0,0,0,0,99,0,,0,0,0,0,
122,9.91,0,-11.2,0,0,0,0,0,1.9255,9.725,-0.125,0,-15.7,0,0,0,0,0.0572958,0,0,0,0,98,0,0,0,0,0,0,54,0,0.00034,0.00034,0,0,0,0,0,0.8,0,0,0,0,0,0,1,0,0,0,0,0,0,0,0,99,0,,0,0,0,0,
END,Total:2
START,FrameNb:167,CameraNb:0,HeSaiNb:0,ARS410Nb:0
2026/08/02 21:35:38:625---->
heightOffset:0,1785677738625,246881,selfCaliBufCnt:0,selfAccObjCnt:0,selfAccAngle:0,installHAngleOffset:0,Interpolation:0,installVAngleOffset:0,radarOffsetH:0,radarOffsetV:0.32,Polynom:-0.001023;-0.0511;-2.047;0;0;0;-0.001023;-0.0511;-2.047;-25.5;0;0,WheelDirection:0;0;0;0,selfAngleOffset:0,selfAngleOffsetPit:0,currCaliAngleHrz:0,currCaliAnglePit:0,selfCaliAngleHrz:0,selfCaliAnglePit:0,servCaliAngleHrz:0,servCaliAnglePit:0,offlineCaliAngleHrz:0,offlineCaliAnglePit:0,determine2useFlag:0,IMU_Z_Accel:0,IMU_X_AngularRate:0,IMU_Y_AngularRate:0,IMU_RollAngle:0,IMU_PitchAngle:0,IMU_YawAngle:0,FcwID:0,FCWWarningLevel:0,FCWTTC:0
0,5.12,0,-6.88,0,0,0,0,0,0.613,5.0875,-0.125,0,-7.1,0,0,0,0,0.0572958,0,0,0,0,98,0,0,0,0,0,0,54,0,0.00034,0.00034,0,0,0,0,0,2.8,0,0,0,0,0,0,1,0,0,0,0,0,0,0,0,99,0,,0,0,0,0,
122,9.91,0,-11.2,0,0,0,0,0,1.9255,9.725,-0.125,0,-15.7,0,0,0,0,0.0572958,0,0,0,0,98,0,0,0,0,0,0,54,0,0.00034,0.00034,0,0,0,0,0,0.8,0,0,0,0,0,0,1,0,0,0,0,0,0,0,0,99,0,,0,0,0,0,
END,Total:2
START,FrameNb:168,CameraNb:0,HeSaiNb:0,ARS410Nb:0
2026/08/02 21:35:38:687---->
heightOffset:0,1785677738687,246931,selfCaliBufCnt:0,selfAccObjCnt:0,selfAccAngle:0,installHAngleOffset:0,Interpolation:0,installVAngleOffset:0,radarOffsetH:0,radarOffsetV:0.32,Polynom:-0.001023;-0.0511;-2.047;0;0;0;-0.001023;-0.0511;-2.047;-25.5;0;0,WheelDirection:0;0;0;0,selfAngleOffset:0,selfAngleOffsetPit:0,currCaliAngleHrz:0,currCaliAnglePit:0,selfCaliAngleHrz:0,selfCaliAnglePit:0,servCaliAngleHrz:0,servCaliAnglePit:0,offlineCaliAngleHrz:0,offlineCaliAnglePit:0,determine2useFlag:0,IMU_Z_Accel:0,IMU_X_AngularRate:0,IMU_Y_AngularRate:0,IMU_RollAngle:0,IMU_PitchAngle:0,IMU_YawAngle:0,FcwID:0,FCWWarningLevel:0,FCWTTC:0
0,5.12,0,-6.88,0,0,0,0,0,0.613,5.0875,-0.125,0,-7.1,0,0,0,0,0.0572958,0,0,0,0,98,0,0,0,0,0,0,57,0,0.00034,0.00034,0,0,0,0,0,3,0,0,0,0,0,0,1,0,0,0,0,0,0,0,0,99,0,,0,0,0,0,
122,9.91,0,-11.2,0,0,0,0,0,1.9255,9.725,-0.125,0,-15.7,0,0,0,0,0.0572958,0,0,0,0,98,0,0,0,0,0,0,57,0,0.00034,0.00034,0,0,0,0,0,0.8,0,0,0,0,0,0,1,0,0,0,0,0,0,0,0,99,0,,0,0,0,0,
END,Total:2
START,FrameNb:169,CameraNb:0,HeSaiNb:0,ARS410Nb:0
2026/08/02 21:35:38:740---->
heightOffset:0,1785677738740,246980,selfCaliBufCnt:0,selfAccObjCnt:0,selfAccAngle:0,installHAngleOffset:0,Interpolation:0,installVAngleOffset:0,radarOffsetH:0,radarOffsetV:0.32,Polynom:-0.001023;-0.0511;-2.047;0;0;0;-0.001023;-0.0511;-2.047;-25.5;0;0,WheelDirection:0;0;0;0,selfAngleOffset:0,selfAngleOffsetPit:0,currCaliAngleHrz:0,currCaliAnglePit:0,selfCaliAngleHrz:0,selfCaliAnglePit:0,servCaliAngleHrz:0,servCaliAnglePit:0,offlineCaliAngleHrz:0,offlineCaliAnglePit:0,determine2useFlag:0,IMU_Z_Accel:0,IMU_X_AngularRate:0,IMU_Y_AngularRate:0,IMU_RollAngle:0,IMU_PitchAngle:0,IMU_YawAngle:0,FcwID:0,FCWWarningLevel:0,FCWTTC:0
0,5.12,0,-6.88,0,0,0,0,0,0.613,5.0875,-0.125,0,-7.1,0,0,0,0,0.0572958,0,0,0,0,98,0,0,0,0,0,0,54,0,0.00034,0.00034,0,0,0,0,0,3.2,0,0,0,0,0,0,1,0,0,0,0,0,0,0,0,99,0,,0,0,0,0,
122,9.91,0,-11.2,0,0,0,0,0,1.9255,9.725,-0.125,0,-15.7,0,0,0,0,0.0572958,0,0,0,0,98,0,0,0,0,0,0,54,0,0.00034,0.00034,0,0,0,0,0,0.8,0,0,0,0,0,0,1,0,0,0,0,0,0,0,0,99,0,,0,0,0,0,
END,Total:2
START,FrameNb:170,CameraNb:0,HeSaiNb:0,ARS410Nb:0
2026/08/02 21:35:38:767---->
heightOffset:0,1785677738767,247030,selfCaliBufCnt:0,selfAccObjCnt:0,selfAccAngle:0,installHAngleOffset:0,Interpolation:0,installVAngleOffset:0,radarOffsetH:0,radarOffsetV:0.32,Polynom:-0.001023;-0.0511;-2.047;0;0;0;-0.001023;-0.0511;-2.047;-25.5;0;0,WheelDirection:0;0;0;0,selfAngleOffset:0,selfAngleOffsetPit:0,currCaliAngleHrz:0,currCaliAnglePit:0,selfCaliAngleHrz:0,selfCaliAnglePit:0,servCaliAngleHrz:0,servCaliAnglePit:0,offlineCaliAngleHrz:0,offlineCaliAnglePit:0,determine2useFlag:0,IMU_Z_Accel:0,IMU_X_AngularRate:0,IMU_Y_AngularRate:0,IMU_RollAngle:0,IMU_PitchAngle:0,IMU_YawAngle:0,FcwID:0,FCWWarningLevel:0,FCWTTC:0
0,5.12,0,-6.88,0,0,0,0,0,0.613,5.0875,-0.125,0,-7.1,0,0,0,0,0.0572958,0,0,0,0,98,0,0,0,0,0,0,59,0,0.00034,0.00034,0,0,0,0,0,3.2,0,0,0,0,0,0,1,0,0,0,0,0,0,0,0,99,0,,0,0,0,0,
122,9.91,0,-11.2,0,0,0,0,0,1.9255,9.725,-0.125,0,-15.9,0,0,0,0,0.0572958,0,0,0,0,98,0,0,0,0,0,0,59,0,0.00034,0.00034,0,0,0,0,0,1.6,0,0,0,0,0,0,1,0,0,0,0,0,0,0,0,99,0,,0,0,0,0,
END,Total:2
START,FrameNb:171,CameraNb:0,HeSaiNb:0,ARS410Nb:0
2026/08/02 21:35:38:814---->
heightOffset:0,1785677738814,247080,selfCaliBufCnt:0,selfAccObjCnt:0,selfAccAngle:0,installHAngleOffset:0,Interpolation:0,installVAngleOffset:0,radarOffsetH:0,radarOffsetV:0.32,Polynom:-0.001023;-0.0511;-2.047;0;0;0;-0.001023;-0.0511;-2.047;-25.5;0;0,WheelDirection:0;0;0;0,selfAngleOffset:0,selfAngleOffsetPit:0,currCaliAngleHrz:0,currCaliAnglePit:0,selfCaliAngleHrz:0,selfCaliAnglePit:0,servCaliAngleHrz:0,servCaliAnglePit:0,offlineCaliAngleHrz:0,offlineCaliAnglePit:0,determine2useFlag:0,IMU_Z_Accel:0,IMU_X_AngularRate:0,IMU_Y_AngularRate:0,IMU_RollAngle:0,IMU_PitchAngle:0,IMU_YawAngle:0,FcwID:0,FCWWarningLevel:0,FCWTTC:0
0,5.12,0,-6.88,0,0,0,0,0,0.613,5.0875,-0.125,0,-7.1,0,0,0,0,0.0572958,0,0,0,0,98,0,0,0,0,0,0,58,0,0.00034,0.00034,0,0,0,0,0,3.4,0,0,0,0,0,0,1,0,0,0,0,0,0,0,0,99,0,,0,0,0,0,
122,9.91,0,-11.2,0,0,0,0,0,1.9255,9.725,-0.125,0,-15.9,0,0,0,0,0.0572958,0,0,0,0,98,0,0,0,0,0,0,58,0,0.00034,0.00034,0,0,0,0,0,1.4,0,0,0,0,0,0,1,0,0,0,0,0,0,0,0,99,0,,0,0,0,0,
END,Total:2
START,FrameNb:172,CameraNb:0,HeSaiNb:0,ARS410Nb:0
2026/08/02 21:35:38:873---->
heightOffset:0,1785677738873,247130,selfCaliBufCnt:0,selfAccObjCnt:0,selfAccAngle:0,installHAngleOffset:0,Interpolation:0,installVAngleOffset:0,radarOffsetH:0,radarOffsetV:0.32,Polynom:-0.001023;-0.0511;-2.047;0;0;0;-0.001023;-0.0511;-2.047;-25.5;0;0,WheelDirection:0;0;0;0,selfAngleOffset:0,selfAngleOffsetPit:0,currCaliAngleHrz:0,currCaliAnglePit:0,selfCaliAngleHrz:0,selfCaliAnglePit:0,servCaliAngleHrz:0,servCaliAnglePit:0,offlineCaliAngleHrz:0,offlineCaliAnglePit:0,determine2useFlag:0,IMU_Z_Accel:0,IMU_X_AngularRate:0,IMU_Y_AngularRate:0,IMU_RollAngle:0,IMU_PitchAngle:0,IMU_YawAngle:0,FcwID:0,FCWWarningLevel:0,FCWTTC:0
0,5.12,0,-6.88,0,0,0,0,0,0.613,5.0875,-0.125,0,-7.1,0,0,0,0,0.0572958,0,0,0,0,98,0,0,0,0,0,0,61,0,0.00034,0.00034,0,0,0,0,0,3.4,0,0,0,0,0,0,1,0,0,0,0,0,0,0,0,99,0,,0,0,0,0,
122,9.91,0,-11.2,0,0,0,0,0,1.9255,9.725,-0.125,0,-15.9,0,0,0,0,0.0572958,0,0,0,0,98,0,0,0,0,0,0,61,0,0.00034,0.00034,0,0,0,0,0,1.4,0,0,0,0,0,0,1,0,0,0,0,0,0,0,0,99,0,,0,0,0,0,
END,Total:2
START,FrameNb:173,CameraNb:0,HeSaiNb:0,ARS410Nb:0
2026/08/02 21:35:38:922---->
heightOffset:0,1785677738922,247180,selfCaliBufCnt:0,selfAccObjCnt:0,selfAccAngle:0,installHAngleOffset:0,Interpolation:0,installVAngleOffset:0,radarOffsetH:0,radarOffsetV:0.32,Polynom:-0.001023;-0.0511;-2.047;0;0;0;-0.001023;-0.0511;-2.047;-25.5;0;0,WheelDirection:0;0;0;0,selfAngleOffset:0,selfAngleOffsetPit:0,currCaliAngleHrz:0,currCaliAnglePit:0,selfCaliAngleHrz:0,selfCaliAnglePit:0,servCaliAngleHrz:0,servCaliAnglePit:0,offlineCaliAngleHrz:0,offlineCaliAnglePit:0,determine2useFlag:0,IMU_Z_Accel:0,IMU_X_AngularRate:0,IMU_Y_AngularRate:0,IMU_RollAngle:0,IMU_PitchAngle:0,IMU_YawAngle:0,FcwID:0,FCWWarningLevel:0,FCWTTC:0
0,5.12,0,-6.88,0,0,0,0,0,0.613,5.0875,-0.125,0,-7.1,0,0,0,0,0.0572958,0,0,0,0,98,0,0,0,0,0,0,54,0,0.00034,0.00034,0,0,0,0,0,3.4,0,0,0,0,0,0,1,0,0,0,0,0,0,0,0,99,0,,0,0,0,0,
122,9.91,0,-11.2,0,0,0,0,0,1.9255,9.725,-0.125,0,-15.9,0,0,0,0,0.0572958,0,0,0,0,98,0,0,0,0,0,0,54,0,0.00034,0.00034,0,0,0,0,0,1.2,0,0,0,0,0,0,1,0,0,0,0,0,0,0,0,99,0,,0,0,0,0,
END,Total:2
START,FrameNb:174,CameraNb:0,HeSaiNb:0,ARS410Nb:0
2026/08/02 21:35:38:968---->
heightOffset:0,1785677738968,247230,selfCaliBufCnt:0,selfAccObjCnt:0,selfAccAngle:0,installHAngleOffset:0,Interpolation:0,installVAngleOffset:0,radarOffsetH:0,radarOffsetV:0.32,Polynom:-0.001023;-0.0511;-2.047;0;0;0;-0.001023;-0.0511;-2.047;-25.5;0;0,WheelDirection:0;0;0;0,selfAngleOffset:0,selfAngleOffsetPit:0,currCaliAngleHrz:0,currCaliAnglePit:0,selfCaliAngleHrz:0,selfCaliAnglePit:0,servCaliAngleHrz:0,servCaliAnglePit:0,offlineCaliAngleHrz:0,offlineCaliAnglePit:0,determine2useFlag:0,IMU_Z_Accel:0,IMU_X_AngularRate:0,IMU_Y_AngularRate:0,IMU_RollAngle:0,IMU_PitchAngle:0,IMU_YawAngle:0,FcwID:0,FCWWarningLevel:0,FCWTTC:0
0,5.12,0,-6.88,0,0,0,0,0,0.613,5.0875,-0.125,0,-7.1,0,0,0,0,0.0572958,0,0,0,0,98,0,0,0,0,0,0,57,0,0.00034,0.00034,0,0,0,0,0,3.4,0,0,0,0,0,0,1,0,0,0,0,0,0,0,0,99,0,,0,0,0,0,
122,9.91,0,-11.2,0,0,0,0,0,1.9255,9.725,-0.125,0,-15.9,0,0,0,0,0.0572958,0,0,0,0,98,0,0,0,0,0,0,57,0,0.00034,0.00034,0,0,0,0,0,1.2,0,0,0,0,0,0,1,0,0,0,0,0,0,0,0,99,0,,0,0,0,0,
END,Total:2
START,FrameNb:175,CameraNb:0,HeSaiNb:0,ARS410Nb:0
2026/08/02 21:35:39:027---->
heightOffset:0,1785677739027,247280,selfCaliBufCnt:0,selfAccObjCnt:0,selfAccAngle:0,installHAngleOffset:0,Interpolation:0,installVAngleOffset:0,radarOffsetH:0,radarOffsetV:0.32,Polynom:-0.001023;-0.0511;-2.047;0;0;0;-0.001023;-0.0511;-2.047;-25.5;0;0,WheelDirection:0;0;0;0,selfAngleOffset:0,selfAngleOffsetPit:0,currCaliAngleHrz:0,currCaliAnglePit:0,selfCaliAngleHrz:0,selfCaliAnglePit:0,servCaliAngleHrz:0,servCaliAnglePit:0,offlineCaliAngleHrz:0,offlineCaliAnglePit:0,determine2useFlag:0,IMU_Z_Accel:0,IMU_X_AngularRate:0,IMU_Y_AngularRate:0,IMU_RollAngle:0,IMU_PitchAngle:0,IMU_YawAngle:0,FcwID:0,FCWWarningLevel:0,FCWTTC:0
0,5.12,0,-6.88,0,0,0,0,0,0.613,5.0875,-0.125,0,-7.1,0,0,0,0,0.0572958,0,0,0,0,98,0,0,0,0,0,0,57,0,0.00034,0.00034,0,0,0,0,0,3.4,0,0,0,0,0,0,1,0,0,0,0,0,0,0,0,99,0,,0,0,0,0,
122,9.91,0,-11.2,0,0,0,0,0,1.9255,9.725,-0.125,0,-15.9,0,0,0,0,0.0572958,0,0,0,0,98,0,0,0,0,0,0,57,0,0.00034,0.00034,0,0,0,0,0,1.2,0,0,0,0,0,0,1,0,0,0,0,0,0,0,0,99,0,,0,0,0,0,
END,Total:2
START,FrameNb:176,CameraNb:0,HeSaiNb:0,ARS410Nb:0
2026/08/02 21:35:39:074---->
heightOffset:0,1785677739074,247330,selfCaliBufCnt:0,selfAccObjCnt:0,selfAccAngle:0,installHAngleOffset:0,Interpolation:0,installVAngleOffset:0,radarOffsetH:0,radarOffsetV:0.32,Polynom:-0.001023;-0.0511;-2.047;0;0;0;-0.001023;-0.0511;-2.047;-25.5;0;0,WheelDirection:0;0;0;0,selfAngleOffset:0,selfAngleOffsetPit:0,currCaliAngleHrz:0,currCaliAnglePit:0,selfCaliAngleHrz:0,selfCaliAnglePit:0,servCaliAngleHrz:0,servCaliAnglePit:0,offlineCaliAngleHrz:0,offlineCaliAnglePit:0,determine2useFlag:0,IMU_Z_Accel:0,IMU_X_AngularRate:0,IMU_Y_AngularRate:0,IMU_RollAngle:0,IMU_PitchAngle:0,IMU_YawAngle:0,FcwID:0,FCWWarningLevel:0,FCWTTC:0
0,5.12,0,-6.88,0,0,0,0,0,0.613,5.0875,0,0,-7.1,0,0,0,0,0.0572958,0,0,0,0,98,0,0,0,0,0,0,54,0,0.00034,0.00034,0,0,0,0,0,3.4,0,0,0,0,0,0,1,0,0,0,0,0,0,0,0,99,0,,0,0,0,0,
122,9.91,0,-11.2,0,0,0,0,0,1.9255,9.725,-0.125,0,-15.9,0,0,0,0,0.0572958,0,0,0,0,98,0,0,0,0,0,0,54,0,0.00034,0.00034,0,0,0,0,0,1,0,0,0,0,0,0,1,0,0,0,0,0,0,0,0,99,0,,0,0,0,0,
END,Total:2
START,FrameNb:177,CameraNb:0,HeSaiNb:0,ARS410Nb:0
2026/08/02 21:35:39:120---->
heightOffset:0,1785677739120,247380,selfCaliBufCnt:0,selfAccObjCnt:0,selfAccAngle:0,installHAngleOffset:0,Interpolation:0,installVAngleOffset:0,radarOffsetH:0,radarOffsetV:0.32,Polynom:-0.001023;-0.0511;-2.047;0;0;0;-0.001023;-0.0511;-2.047;-25.5;0;0,WheelDirection:0;0;0;0,selfAngleOffset:0,selfAngleOffsetPit:0,currCaliAngleHrz:0,currCaliAnglePit:0,selfCaliAngleHrz:0,selfCaliAnglePit:0,servCaliAngleHrz:0,servCaliAnglePit:0,offlineCaliAngleHrz:0,offlineCaliAnglePit:0,determine2useFlag:0,IMU_Z_Accel:0,IMU_X_AngularRate:0,IMU_Y_AngularRate:0,IMU_RollAngle:0,IMU_PitchAngle:0,IMU_YawAngle:0,FcwID:0,FCWWarningLevel:0,FCWTTC:0
0,5.12,0,-6.88,0,0,0,0,0,0.613,5.0875,0,0,-7.1,0,0,0,0,0.0572958,0,0,0,0,98,0,0,0,0,0,0,57,0,0.00034,0.00034,0,0,0,0,0,3.6,0,0,0,0,0,0,1,0,0,0,0,0,0,0,0,99,0,,0,0,0,0,
122,9.91,0,-11.2,0,0,0,0,0,1.9255,9.725,0,0,-15.9,0,0,0,0,0.0572958,0,0,0,0,98,0,0,0,0,0,0,57,0,0.00034,0.00034,0,0,0,0,0,1,0,0,0,0,0,0,1,0,0,0,0,0,0,0,0,99,0,,0,0,0,0,
END,Total:2
START,FrameNb:178,CameraNb:0,HeSaiNb:0,ARS410Nb:0
2026/08/02 21:35:39:169---->
heightOffset:0,1785677739169,247430,selfCaliBufCnt:0,selfAccObjCnt:0,selfAccAngle:0,installHAngleOffset:0,Interpolation:0,installVAngleOffset:0,radarOffsetH:0,radarOffsetV:0.32,Polynom:-0.001023;-0.0511;-2.047;0;0;0;-0.001023;-0.0511;-2.047;-25.5;0;0,WheelDirection:0;0;0;0,selfAngleOffset:0,selfAngleOffsetPit:0,currCaliAngleHrz:0,currCaliAnglePit:0,selfCaliAngleHrz:0,selfCaliAnglePit:0,servCaliAngleHrz:0,servCaliAnglePit:0,offlineCaliAngleHrz:0,offlineCaliAnglePit:0,determine2useFlag:0,IMU_Z_Accel:0,IMU_X_AngularRate:0,IMU_Y_AngularRate:0,IMU_RollAngle:0,IMU_PitchAngle:0,IMU_YawAngle:0,FcwID:0,FCWWarningLevel:0,FCWTTC:0
0,5.12,0,-6.88,0,0,0,0,0,0.613,5.0875,0,0,-7.1,0,0,0,0,0.0572958,0,0,0,0,98,0,0,0,0,0,0,54,0,0.00034,0.00034,0,0,0,0,0,3.6,0,0,0,0,0,0,1,0,0,0,0,0,0,0,0,99,0,,0,0,0,0,
122,9.91,0,-11.2,0,0,0,0,0,1.9255,9.725,0,0,-15.9,0,0,0,0,0.0572958,0,0,0,0,98,0,0,0,0,0,0,54,0,0.00034,0.00034,0,0,0,0,0,1,0,0,0,0,0,0,1,0,0,0,0,0,0,0,0,99,0,,0,0,0,0,
END,Total:2
START,FrameNb:179,CameraNb:0,HeSaiNb:0,ARS410Nb:0
2026/08/02 21:35:39:213---->
heightOffset:0,1785677739213,247480,selfCaliBufCnt:0,selfAccObjCnt:0,selfAccAngle:0,installHAngleOffset:0,Interpolation:0,installVAngleOffset:0,radarOffsetH:0,radarOffsetV:0.32,Polynom:-0.001023;-0.0511;-2.047;0;0;0;-0.001023;-0.0511;-2.047;-25.5;0;0,WheelDirection:0;0;0;0,selfAngleOffset:0,selfAngleOffsetPit:0,currCaliAngleHrz:0,currCaliAnglePit:0,selfCaliAngleHrz:0,selfCaliAnglePit:0,servCaliAngleHrz:0,servCaliAnglePit:0,offlineCaliAngleHrz:0,offlineCaliAnglePit:0,determine2useFlag:0,IMU_Z_Accel:0,IMU_X_AngularRate:0,IMU_Y_AngularRate:0,IMU_RollAngle:0,IMU_PitchAngle:0,IMU_YawAngle:0,FcwID:0,FCWWarningLevel:0,FCWTTC:0
0,5.12,0,-6.88,0,0,0,0,0,0.613,5.0875,0,0,-7.1,0,0,0,0,0.0572958,0,0,0,0,98,0,0,0,0,0,0,60,0,0.00034,0.00034,0,0,0,0,0,3.6,0,0,0,0,0,0,1,0,0,0,0,0,0,0,0,99,0,,0,0,0,0,
122,9.91,0,-11.2,0,0,0,0,0,1.9255,9.725,0,0,-15.9,0,0,0,0,0.0572958,0,0,0,0,98,0,0,0,0,0,0,60,0,0.00034,0.00034,0,0,0,0,0,1,0,0,0,0,0,0,1,0,0,0,0,0,0,0,0,99,0,,0,0,0,0,
END,Total:2
START,FrameNb:180,CameraNb:0,HeSaiNb:0,ARS410Nb:0
2026/08/02 21:35:39:274---->
heightOffset:0,1785677739274,247530,selfCaliBufCnt:0,selfAccObjCnt:0,selfAccAngle:0,installHAngleOffset:0,Interpolation:0,installVAngleOffset:0,radarOffsetH:0,radarOffsetV:0.32,Polynom:-0.001023;-0.0511;-2.047;0;0;0;-0.001023;-0.0511;-2.047;-25.5;0;0,WheelDirection:0;0;0;0,selfAngleOffset:0,selfAngleOffsetPit:0,currCaliAngleHrz:0,currCaliAnglePit:0,selfCaliAngleHrz:0,selfCaliAnglePit:0,servCaliAngleHrz:0,servCaliAnglePit:0,offlineCaliAngleHrz:0,offlineCaliAnglePit:0,determine2useFlag:0,IMU_Z_Accel:0,IMU_X_AngularRate:0,IMU_Y_AngularRate:0,IMU_RollAngle:0,IMU_PitchAngle:0,IMU_YawAngle:0,FcwID:0,FCWWarningLevel:0,FCWTTC:0
0,5.12,0,-6.88,0,0,0,0,0,0.613,5.0875,0,0,-7.1,0,0,0,0,0.0572958,0,0,0,0,98,0,0,0,0,0,0,59,0,0.00034,0.00034,0,0,0,0,0,3.6,0,0,0,0,0,0,1,0,0,0,0,0,0,0,0,99,0,,0,0,0,0,
122,9.91,0,-11.2,0,0,0,0,0,1.9255,9.725,0,0,-15.9,0,0,0,0,0.0572958,0,0,0,0,98,0,0,0,0,0,0,59,0,0.00034,0.00034,0,0,0,0,0,1,0,0,0,0,0,0,1,0,0,0,0,0,0,0,0,99,0,,0,0,0,0,
END,Total:2
START,FrameNb:181,CameraNb:0,HeSaiNb:0,ARS410Nb:0
2026/08/02 21:35:39:323---->
heightOffset:0,1785677739323,247580,selfCaliBufCnt:0,selfAccObjCnt:0,selfAccAngle:0,installHAngleOffset:0,Interpolation:0,installVAngleOffset:0,radarOffsetH:0,radarOffsetV:0.32,Polynom:-0.001023;-0.0511;-2.047;0;0;0;-0.001023;-0.0511;-2.047;-25.5;0;0,WheelDirection:0;0;0;0,selfAngleOffset:0,selfAngleOffsetPit:0,currCaliAngleHrz:0,currCaliAnglePit:0,selfCaliAngleHrz:0,selfCaliAnglePit:0,servCaliAngleHrz:0,servCaliAnglePit:0,offlineCaliAngleHrz:0,offlineCaliAnglePit:0,determine2useFlag:0,IMU_Z_Accel:0,IMU_X_AngularRate:0,IMU_Y_AngularRate:0,IMU_RollAngle:0,IMU_PitchAngle:0,IMU_YawAngle:0,FcwID:0,FCWWarningLevel:0,FCWTTC:0
0,5.12,0,-6.88,0,0,0,0,0,0.613,5.0875,-0.125,0,-7.1,0,0,0,0,0.0572958,0,0,0,0,98,0,0,0,0,0,0,59,0,0.00034,0.00034,0,0,0,0,0,3.6,0,0,0,0,0,0,1,0,0,0,0,0,0,0,0,99,0,,0,0,0,0,
122,9.91,0,-11.2,0,0,0,0,0,1.9255,9.725,0,0,-15.9,0,0,0,0,0.0572958,0,0,0,0,98,0,0,0,0,0,0,59,0,0.00034,0.00034,0,0,0,0,0,1,0,0,0,0,0,0,1,0,0,0,0,0,0,0,0,99,0,,0,0,0,0,
END,Total:2
START,FrameNb:182,CameraNb:0,HeSaiNb:0,ARS410Nb:0
2026/08/02 21:35:39:369---->
heightOffset:0,1785677739369,247630,selfCaliBufCnt:0,selfAccObjCnt:0,selfAccAngle:0,installHAngleOffset:0,Interpolation:0,installVAngleOffset:0,radarOffsetH:0,radarOffsetV:0.32,Polynom:-0.001023;-0.0511;-2.047;0;0;0;-0.001023;-0.0511;-2.047;-25.5;0;0,WheelDirection:0;0;0;0,selfAngleOffset:0,selfAngleOffsetPit:0,currCaliAngleHrz:0,currCaliAnglePit:0,selfCaliAngleHrz:0,selfCaliAnglePit:0,servCaliAngleHrz:0,servCaliAnglePit:0,offlineCaliAngleHrz:0,offlineCaliAnglePit:0,determine2useFlag:0,IMU_Z_Accel:0,IMU_X_AngularRate:0,IMU_Y_AngularRate:0,IMU_RollAngle:0,IMU_PitchAngle:0,IMU_YawAngle:0,FcwID:0,FCWWarningLevel:0,FCWTTC:0
0,5.12,0,-6.88,0,0,0,0,0,0.613,5.0875,-0.125,0,-7.1,0,0,0,0,0.0572958,0,0,0,0,98,0,0,0,0,0,0,53,0,0.00034,0.00034,0,0,0,0,0,3.6,0,0,0,0,0,0,1,0,0,0,0,0,0,0,0,99,0,,0,0,0,0,
122,9.91,0,-11.2,0,0,0,0,0,1.9255,9.725,0,0,-15.9,0,0,0,0,0.0572958,0,0,0,0,98,0,0,0,0,0,0,53,0,0.00034,0.00034,0,0,0,0,0,1,0,0,0,0,0,0,1,0,0,0,0,0,0,0,0,99,0,,0,0,0,0,
END,Total:2
START,FrameNb:183,CameraNb:0,HeSaiNb:0,ARS410Nb:0
2026/08/02 21:35:39:435---->
heightOffset:0,1785677739435,247680,selfCaliBufCnt:0,selfAccObjCnt:0,selfAccAngle:0,installHAngleOffset:0,Interpolation:0,installVAngleOffset:0,radarOffsetH:0,radarOffsetV:0.32,Polynom:-0.001023;-0.0511;-2.047;0;0;0;-0.001023;-0.0511;-2.047;-25.5;0;0,WheelDirection:0;0;0;0,selfAngleOffset:0,selfAngleOffsetPit:0,currCaliAngleHrz:0,currCaliAnglePit:0,selfCaliAngleHrz:0,selfCaliAnglePit:0,servCaliAngleHrz:0,servCaliAnglePit:0,offlineCaliAngleHrz:0,offlineCaliAnglePit:0,determine2useFlag:0,IMU_Z_Accel:0,IMU_X_AngularRate:0,IMU_Y_AngularRate:0,IMU_RollAngle:0,IMU_PitchAngle:0,IMU_YawAngle:0,FcwID:0,FCWWarningLevel:0,FCWTTC:0
0,5.12,0,-6.88,0,0,0,0,0,0.613,5.0875,-0.125,0,-7.1,0,0,0,0,0.0572958,0,0,0,0,98,0,0,0,0,0,0,59,0,0.00034,0.00034,0,0,0,0,0,3.6,0,0,0,0,0,0,1,0,0,0,0,0,0,0,0,99,0,,0,0,0,0,
122,9.91,0,-11.2,0,0,0,0,0,1.9255,9.725,0,0,-15.9,0,0,0,0,0.0572958,0,0,0,0,98,0,0,0,0,0,0,59,0,0.00034,0.00034,0,0,0,0,0,1,0,0,0,0,0,0,1,0,0,0,0,0,0,0,0,99,0,,0,0,0,0,
END,Total:2
START,FrameNb:184,CameraNb:0,HeSaiNb:0,ARS410Nb:0
2026/08/02 21:35:39:480---->
heightOffset:0,1785677739480,247731,selfCaliBufCnt:0,selfAccObjCnt:0,selfAccAngle:0,installHAngleOffset:0,Interpolation:0,installVAngleOffset:0,radarOffsetH:0,radarOffsetV:0.32,Polynom:-0.001023;-0.0511;-2.047;0;0;0;-0.001023;-0.0511;-2.047;-25.5;0;0,WheelDirection:0;0;0;0,selfAngleOffset:0,selfAngleOffsetPit:0,currCaliAngleHrz:0,currCaliAnglePit:0,selfCaliAngleHrz:0,selfCaliAnglePit:0,servCaliAngleHrz:0,servCaliAnglePit:0,offlineCaliAngleHrz:0,offlineCaliAnglePit:0,determine2useFlag:0,IMU_Z_Accel:0,IMU_X_AngularRate:0,IMU_Y_AngularRate:0,IMU_RollAngle:0,IMU_PitchAngle:0,IMU_YawAngle:0,FcwID:0,FCWWarningLevel:0,FCWTTC:0
0,5.12,0,-6.88,0,0,0,0,0,0.613,5.0875,-0.125,0,-7.1,0,0,0,0,0.0572958,0,0,0,0,98,0,0,0,0,0,0,59,0,0.00034,0.00034,0,0,0,0,0,3.6,0,0,0,0,0,0,1,0,0,0,0,0,0,0,0,99,0,,0,0,0,0,
122,9.91,0,-11.2,0,0,0,0,0,1.9255,9.725,0,0,-15.9,0,0,0,0,0.0572958,0,0,0,0,98,0,0,0,0,0,0,59,0,0.00034,0.00034,0,0,0,0,0,1,0,0,0,0,0,0,1,0,0,0,0,0,0,0,0,99,0,,0,0,0,0,
END,Total:2
START,FrameNb:185,CameraNb:0,HeSaiNb:0,ARS410Nb:0
2026/08/02 21:35:39:523---->
heightOffset:0,1785677739523,247781,selfCaliBufCnt:0,selfAccObjCnt:0,selfAccAngle:0,installHAngleOffset:0,Interpolation:0,installVAngleOffset:0,radarOffsetH:0,radarOffsetV:0.32,Polynom:-0.001023;-0.0511;-2.047;0;0;0;-0.001023;-0.0511;-2.047;-25.5;0;0,WheelDirection:0;0;0;0,selfAngleOffset:0,selfAngleOffsetPit:0,currCaliAngleHrz:0,currCaliAnglePit:0,selfCaliAngleHrz:0,selfCaliAnglePit:0,servCaliAngleHrz:0,servCaliAnglePit:0,offlineCaliAngleHrz:0,offlineCaliAnglePit:0,determine2useFlag:0,IMU_Z_Accel:0,IMU_X_AngularRate:0,IMU_Y_AngularRate:0,IMU_RollAngle:0,IMU_PitchAngle:0,IMU_YawAngle:0,FcwID:0,FCWWarningLevel:0,FCWTTC:0
0,5.12,0,-6.88,0,0,0,0,0,0.613,5.0875,-0.125,0,-7.1,0,0,0,0,0.0572958,0,0,0,0,98,0,0,0,0,0,0,53,0,0.00034,0.00034,0,0,0,0,0,3.6,0,0,0,0,0,0,1,0,0,0,0,0,0,0,0,99,0,,0,0,0,0,
122,9.91,0,-11.2,0,0,0,0,0,1.9255,9.725,0,0,-15.9,0,0,0,0,0.0572958,0,0,0,0,98,0,0,0,0,0,0,53,0,0.00034,0.00034,0,0,0,0,0,1.6,0,0,0,0,0,0,1,0,0,0,0,0,0,0,0,99,0,,0,0,0,0,
END,Total:2
START,FrameNb:186,CameraNb:0,HeSaiNb:0,ARS410Nb:0
2026/08/02 21:35:39:578---->
heightOffset:0,1785677739578,247830,selfCaliBufCnt:0,selfAccObjCnt:0,selfAccAngle:0,installHAngleOffset:0,Interpolation:0,installVAngleOffset:0,radarOffsetH:0,radarOffsetV:0.32,Polynom:-0.001023;-0.0511;-2.047;0;0;0;-0.001023;-0.0511;-2.047;-25.5;0;0,WheelDirection:0;0;0;0,selfAngleOffset:0,selfAngleOffsetPit:0,currCaliAngleHrz:0,currCaliAnglePit:0,selfCaliAngleHrz:0,selfCaliAnglePit:0,servCaliAngleHrz:0,servCaliAnglePit:0,offlineCaliAngleHrz:0,offlineCaliAnglePit:0,determine2useFlag:0,IMU_Z_Accel:0,IMU_X_AngularRate:0,IMU_Y_AngularRate:0,IMU_RollAngle:0,IMU_PitchAngle:0,IMU_YawAngle:0,FcwID:0,FCWWarningLevel:0,FCWTTC:0
0,5.12,0,-6.88,0,0,0,0,0,0.613,5.0875,-0.125,0,-7.1,0,0,0,0,0.0572958,0,0,0,0,98,0,0,0,0,0,0,58,0,0.00034,0.00034,0,0,0,0,0,3.6,0,0,0,0,0,0,1,0,0,0,0,0,0,0,0,99,0,,0,0,0,0,
122,9.91,-0.12,-11.2,0,0,0,0,0,1.9255,9.725,0,-0.125,-15.9,0,0,0,0,0.0572958,0,0,0,0,98,0,0,0,0,0,0,58,0,0.00034,0.00034,0,0,0,0,0,2.2,0,0,0,0,0,0,1,0,0,0,0,0,0,0,0,99,0,,0,0,0,0,
END,Total:2
START,FrameNb:187,CameraNb:0,HeSaiNb:0,ARS410Nb:0
2026/08/02 21:35:39:618---->
heightOffset:0,1785677739618,247880,selfCaliBufCnt:0,selfAccObjCnt:0,selfAccAngle:0,installHAngleOffset:0,Interpolation:0,installVAngleOffset:0,radarOffsetH:0,radarOffsetV:0.32,Polynom:-0.001023;-0.0511;-2.047;0;0;0;-0.001023;-0.0511;-2.047;-25.5;0;0,WheelDirection:0;0;0;0,selfAngleOffset:0,selfAngleOffsetPit:0,currCaliAngleHrz:0,currCaliAnglePit:0,selfCaliAngleHrz:0,selfCaliAnglePit:0,servCaliAngleHrz:0,servCaliAnglePit:0,offlineCaliAngleHrz:0,offlineCaliAnglePit:0,determine2useFlag:0,IMU_Z_Accel:0,IMU_X_AngularRate:0,IMU_Y_AngularRate:0,IMU_RollAngle:0,IMU_PitchAngle:0,IMU_YawAngle:0,FcwID:0,FCWWarningLevel:0,FCWTTC:0
0,5.12,0,-6.88,0,0,0,0,0,0.613,5.0875,-0.125,0,-7.1,0,0,0,0,0.0572958,0,0,0,0,98,0,0,0,0,0,0,54,0,0.00034,0.00034,0,0,0,0,0,3.6,0,0,0,0,0,0,1,0,0,0,0,0,0,0,0,99,0,,0,0,0,0,
122,9.91,-0.12,-11.2,0,0,0,0,0,1.9255,9.725,0,-0.125,-15.9,0,0,0,0,0.0572958,0,0,0,0,98,0,0,0,0,0,0,54,0,0.00034,0.00034,0,0,0,0,0,2.8,0,0,0,0,0,0,1,0,0,0,0,0,0,0,0,99,0,,0,0,0,0,
END,Total:2
START,FrameNb:188,CameraNb:0,HeSaiNb:0,ARS410Nb:0
2026/08/02 21:35:39:666---->
heightOffset:0,1785677739666,247930,selfCaliBufCnt:0,selfAccObjCnt:0,selfAccAngle:0,installHAngleOffset:0,Interpolation:0,installVAngleOffset:0,radarOffsetH:0,radarOffsetV:0.32,Polynom:-0.001023;-0.0511;-2.047;0;0;0;-0.001023;-0.0511;-2.047;-25.5;0;0,WheelDirection:0;0;0;0,selfAngleOffset:0,selfAngleOffsetPit:0,currCaliAngleHrz:0,currCaliAnglePit:0,selfCaliAngleHrz:0,selfCaliAnglePit:0,servCaliAngleHrz:0,servCaliAnglePit:0,offlineCaliAngleHrz:0,offlineCaliAnglePit:0,determine2useFlag:0,IMU_Z_Accel:0,IMU_X_AngularRate:0,IMU_Y_AngularRate:0,IMU_RollAngle:0,IMU_PitchAngle:0,IMU_YawAngle:0,FcwID:0,FCWWarningLevel:0,FCWTTC:0
0,5.12,0,-6.88,0,0,0,0,0,0.613,5.0875,-0.125,0,-7.1,0,0,0,0,0.0572958,0,0,0,0,98,0,0,0,0,0,0,64,0,0.00034,0.00034,0,0,0,0,0,3.6,0,0,0,0,0,0,1,0,0,0,0,0,0,0,0,99,0,,0,0,0,0,
122,9.91,-0.12,-11.2,0,0,0,0,0,1.9255,9.725,0,-0.125,-15.9,0,0,0,0,0.0572958,0,0,0,0,98,0,0,0,0,0,0,64,0,0.00034,0.00034,0,0,0,0,0,3.2,0,0,0,0,0,0,1,0,0,0,0,0,0,0,0,99,0,,0,0,0,0,
END,Total:2
START,FrameNb:189,CameraNb:0,HeSaiNb:0,ARS410Nb:0
2026/08/02 21:35:39:712---->
heightOffset:0,1785677739712,247980,selfCaliBufCnt:0,selfAccObjCnt:0,selfAccAngle:0,installHAngleOffset:0,Interpolation:0,installVAngleOffset:0,radarOffsetH:0,radarOffsetV:0.32,Polynom:-0.001023;-0.0511;-2.047;0;0;0;-0.001023;-0.0511;-2.047;-25.5;0;0,WheelDirection:0;0;0;0,selfAngleOffset:0,selfAngleOffsetPit:0,currCaliAngleHrz:0,currCaliAnglePit:0,selfCaliAngleHrz:0,selfCaliAnglePit:0,servCaliAngleHrz:0,servCaliAnglePit:0,offlineCaliAngleHrz:0,offlineCaliAnglePit:0,determine2useFlag:0,IMU_Z_Accel:0,IMU_X_AngularRate:0,IMU_Y_AngularRate:0,IMU_RollAngle:0,IMU_PitchAngle:0,IMU_YawAngle:0,FcwID:0,FCWWarningLevel:0,FCWTTC:0
0,5.12,0,-6.88,0,0,0,0,0,0.613,5.0875,-0.125,0,-7.1,0,0,0,0,0.0572958,0,0,0,0,98,0,0,0,0,0,0,56,0,0.00034,0.00034,0,0,0,0,0,3.6,0,0,0,0,0,0,1,0,0,0,0,0,0,0,0,99,0,,0,0,0,0,
122,9.91,-0.12,-11.2,0,0,0,0,0,1.9255,9.725,0,-0.125,-15.9,0,0,0,0,0.0572958,0,0,0,0,98,0,0,0,0,0,0,56,0,0.00034,0.00034,0,0,0,0,0,3.6,0,0,0,0,0,0,1,0,0,0,0,0,0,0,0,99,0,,0,0,0,0,
END,Total:2
START,FrameNb:190,CameraNb:0,HeSaiNb:0,ARS410Nb:0
2026/08/02 21:35:39:772---->
heightOffset:0,1785677739772,248031,selfCaliBufCnt:0,selfAccObjCnt:0,selfAccAngle:0,installHAngleOffset:0,Interpolation:0,installVAngleOffset:0,radarOffsetH:0,radarOffsetV:0.32,Polynom:-0.001023;-0.0511;-2.047;0;0;0;-0.001023;-0.0511;-2.047;-25.5;0;0,WheelDirection:0;0;0;0,selfAngleOffset:0,selfAngleOffsetPit:0,currCaliAngleHrz:0,currCaliAnglePit:0,selfCaliAngleHrz:0,selfCaliAnglePit:0,servCaliAngleHrz:0,servCaliAnglePit:0,offlineCaliAngleHrz:0,offlineCaliAnglePit:0,determine2useFlag:0,IMU_Z_Accel:0,IMU_X_AngularRate:0,IMU_Y_AngularRate:0,IMU_RollAngle:0,IMU_PitchAngle:0,IMU_YawAngle:0,FcwID:0,FCWWarningLevel:0,FCWTTC:0
0,5.12,0,-6.88,0,0,0,0,0,0.613,5.0875,-0.125,0,-7.1,0,0,0,0,0.0572958,0,0,0,0,98,0,0,0,0,0,0,57,0,0.00034,0.00034,0,0,0,0,0,3.4,0,0,0,0,0,0,1,0,0,0,0,0,0,0,0,99,0,,0,0,0,0,
122,9.91,-0.12,-11.2,0,0,0,0,0,1.9255,9.725,0,-0.125,-15.9,0,0,0,0,0.0572958,0,0,0,0,98,0,0,0,0,0,0,57,0,0.00034,0.00034,0,0,0,0,0,2.8,0,0,0,0,0,0,1,0,0,0,0,0,0,0,0,99,0,,0,0,0,0,
END,Total:2
START,FrameNb:191,CameraNb:0,HeSaiNb:0,ARS410Nb:0
2026/08/02 21:35:39:834---->
heightOffset:0,1785677739834,248080,selfCaliBufCnt:0,selfAccObjCnt:0,selfAccAngle:0,installHAngleOffset:0,Interpolation:0,installVAngleOffset:0,radarOffsetH:0,radarOffsetV:0.32,Polynom:-0.001023;-0.0511;-2.047;0;0;0;-0.001023;-0.0511;-2.047;-25.5;0;0,WheelDirection:0;0;0;0,selfAngleOffset:0,selfAngleOffsetPit:0,currCaliAngleHrz:0,currCaliAnglePit:0,selfCaliAngleHrz:0,selfCaliAnglePit:0,servCaliAngleHrz:0,servCaliAnglePit:0,offlineCaliAngleHrz:0,offlineCaliAnglePit:0,determine2useFlag:0,IMU_Z_Accel:0,IMU_X_AngularRate:0,IMU_Y_AngularRate:0,IMU_RollAngle:0,IMU_PitchAngle:0,IMU_YawAngle:0,FcwID:0,FCWWarningLevel:0,FCWTTC:0
0,5.12,0,-6.88,0,0,0,0,0,0.613,5.0875,-0.125,0,-7.1,0,0,0,0,0.0572958,0,0,0,0,98,0,0,0,0,0,0,54,0,0.00034,0.00034,0,0,0,0,0,3.4,0,0,0,0,0,0,1,0,0,0,0,0,0,0,0,99,0,,0,0,0,0,
122,9.91,-0.12,-11.2,0,0,0,0,0,1.9255,9.725,0,-0.125,-15.9,0,0,0,0,0.0572958,0,0,0,0,98,0,0,0,0,0,0,54,0,0.00034,0.00034,0,0,0,0,0,2.8,0,0,0,0,0,0,1,0,0,0,0,0,0,0,0,99,0,,0,0,0,0,
END,Total:2
START,FrameNb:192,CameraNb:0,HeSaiNb:0,ARS410Nb:0
2026/08/02 21:35:39:889---->
heightOffset:0,1785677739889,248130,selfCaliBufCnt:0,selfAccObjCnt:0,selfAccAngle:0,installHAngleOffset:0,Interpolation:0,installVAngleOffset:0,radarOffsetH:0,radarOffsetV:0.32,Polynom:-0.001023;-0.0511;-2.047;0;0;0;-0.001023;-0.0511;-2.047;-25.5;0;0,WheelDirection:0;0;0;0,selfAngleOffset:0,selfAngleOffsetPit:0,currCaliAngleHrz:0,currCaliAnglePit:0,selfCaliAngleHrz:0,selfCaliAnglePit:0,servCaliAngleHrz:0,servCaliAnglePit:0,offlineCaliAngleHrz:0,offlineCaliAnglePit:0,determine2useFlag:0,IMU_Z_Accel:0,IMU_X_AngularRate:0,IMU_Y_AngularRate:0,IMU_RollAngle:0,IMU_PitchAngle:0,IMU_YawAngle:0,FcwID:0,FCWWarningLevel:0,FCWTTC:0
0,5.12,0,-6.88,0,0,0,0,0,0.613,5.0875,-0.125,0,-7.1,0,0,0,0,0.0572958,0,0,0,0,98,0,0,0,0,0,0,54,0,0.00034,0.00034,0,0,0,0,0,3.6,0,0,0,0,0,0,1,0,0,0,0,0,0,0,0,99,0,,0,0,0,0,
122,9.91,-0.12,-11.2,0,0,0,0,0,1.9255,9.725,0,-0.125,-15.9,0,0,0,0,0.0572958,0,0,0,0,98,0,0,0,0,0,0,54,0,0.00034,0.00034,0,0,0,0,0,2.4,0,0,0,0,0,0,1,0,0,0,0,0,0,0,0,99,0,,0,0,0,0,
END,Total:2
START,FrameNb:193,CameraNb:0,HeSaiNb:0,ARS410Nb:0
2026/08/02 21:35:39:925---->
heightOffset:0,1785677739925,248181,selfCaliBufCnt:0,selfAccObjCnt:0,selfAccAngle:0,installHAngleOffset:0,Interpolation:0,installVAngleOffset:0,radarOffsetH:0,radarOffsetV:0.32,Polynom:-0.001023;-0.0511;-2.047;0;0;0;-0.001023;-0.0511;-2.047;-25.5;0;0,WheelDirection:0;0;0;0,selfAngleOffset:0,selfAngleOffsetPit:0,currCaliAngleHrz:0,currCaliAnglePit:0,selfCaliAngleHrz:0,selfCaliAnglePit:0,servCaliAngleHrz:0,servCaliAnglePit:0,offlineCaliAngleHrz:0,offlineCaliAnglePit:0,determine2useFlag:0,IMU_Z_Accel:0,IMU_X_AngularRate:0,IMU_Y_AngularRate:0,IMU_RollAngle:0,IMU_PitchAngle:0,IMU_YawAngle:0,FcwID:0,FCWWarningLevel:0,FCWTTC:0
0,5.12,0,-6.88,0,0,0,0,0,0.613,5.0875,-0.125,0,-7.1,0,0,0,0,0.0572958,0,0,0,0,98,0,0,0,0,0,0,58,0,0.00034,0.00034,0,0,0,0,0,3.4,0,0,0,0,0,0,1,0,0,0,0,0,0,0,0,99,0,,0,0,0,0,
122,9.91,-0.12,-11.2,0,0,0,0,0,1.9255,9.725,0,-0.125,-16.1,0,0,0,0,0.0572958,0,0,0,0,98,0,0,0,0,0,0,58,0,0.00034,0.00034,0,0,0,0,0,2,0,0,0,0,0,0,1,0,0,0,0,0,0,0,0,99,0,,0,0,0,0,
END,Total:2
START,FrameNb:194,CameraNb:0,HeSaiNb:0,ARS410Nb:0
2026/08/02 21:35:39:999---->
heightOffset:0,1785677739999,248230,selfCaliBufCnt:0,selfAccObjCnt:0,selfAccAngle:0,installHAngleOffset:0,Interpolation:0,installVAngleOffset:0,radarOffsetH:0,radarOffsetV:0.32,Polynom:-0.001023;-0.0511;-2.047;0;0;0;-0.001023;-0.0511;-2.047;-25.5;0;0,WheelDirection:0;0;0;0,selfAngleOffset:0,selfAngleOffsetPit:0,currCaliAngleHrz:0,currCaliAnglePit:0,selfCaliAngleHrz:0,selfCaliAnglePit:0,servCaliAngleHrz:0,servCaliAnglePit:0,offlineCaliAngleHrz:0,offlineCaliAnglePit:0,determine2useFlag:0,IMU_Z_Accel:0,IMU_X_AngularRate:0,IMU_Y_AngularRate:0,IMU_RollAngle:0,IMU_PitchAngle:0,IMU_YawAngle:0,FcwID:0,FCWWarningLevel:0,FCWTTC:0
0,5.12,0,-6.88,0,0,0,0,0,0.613,5.0875,-0.125,0,-7.1,0,0,0,0,0.0572958,0,0,0,0,98,0,0,0,0,0,0,53,0,0.00034,0.00034,0,0,0,0,0,3.4,0,0,0,0,0,0,1,0,0,0,0,0,0,0,0,99,0,,0,0,0,0,
122,9.91,0,-11.2,0,0,0,0,0,1.9255,9.725,0,0,-16.1,0,0,0,0,0.0572958,0,0,0,0,98,0,0,0,0,0,0,53,0,0.00034,0.00034,0,0,0,0,0,1.8,0,0,0,0,0,0,1,0,0,0,0,0,0,0,0,99,0,,0,0,0,0,
END,Total:2
START,FrameNb:195,CameraNb:0,HeSaiNb:0,ARS410Nb:0
2026/08/02 21:35:40:017---->
heightOffset:0,1785677740017,248280,selfCaliBufCnt:0,selfAccObjCnt:0,selfAccAngle:0,installHAngleOffset:0,Interpolation:0,installVAngleOffset:0,radarOffsetH:0,radarOffsetV:0.32,Polynom:-0.001023;-0.0511;-2.047;0;0;0;-0.001023;-0.0511;-2.047;-25.5;0;0,WheelDirection:0;0;0;0,selfAngleOffset:0,selfAngleOffsetPit:0,currCaliAngleHrz:0,currCaliAnglePit:0,selfCaliAngleHrz:0,selfCaliAnglePit:0,servCaliAngleHrz:0,servCaliAnglePit:0,offlineCaliAngleHrz:0,offlineCaliAnglePit:0,determine2useFlag:0,IMU_Z_Accel:0,IMU_X_AngularRate:0,IMU_Y_AngularRate:0,IMU_RollAngle:0,IMU_PitchAngle:0,IMU_YawAngle:0,FcwID:0,FCWWarningLevel:0,FCWTTC:0
0,5.12,0,-6.88,0,0,0,0,0,0.613,5.0875,-0.125,0,-7.1,0,0,0,0,0.0572958,0,0,0,0,98,0,0,0,0,0,0,61,0,0.00034,0.00034,0,0,0,0,0,3.4,0,0,0,0,0,0,1,0,0,0,0,0,0,0,0,99,0,,0,0,0,0,
122,9.9,0,-10.7,0,0,0,0,0,1.838,9.725,0,0,-16.1,0,0,0,0,0.0572958,0,0,0,0,98,0,0,0,0,0,0,61,0,0.00034,0.00034,0,0,0,0,0,1.6,0,0,0,0,0,0,1,0,0,0,0,0,0,0,0,99,0,,0,0,0,0,
END,Total:2
START,FrameNb:196,CameraNb:0,HeSaiNb:0,ARS410Nb:0
2026/08/02 21:35:40:110---->
heightOffset:0,1785677740110,248330,selfCaliBufCnt:0,selfAccObjCnt:0,selfAccAngle:0,installHAngleOffset:0,Interpolation:0,installVAngleOffset:0,radarOffsetH:0,radarOffsetV:0.32,Polynom:-0.001023;-0.0511;-2.047;0;0;0;-0.001023;-0.0511;-2.047;-25.5;0;0,WheelDirection:0;0;0;0,selfAngleOffset:0,selfAngleOffsetPit:0,currCaliAngleHrz:0,currCaliAnglePit:0,selfCaliAngleHrz:0,selfCaliAnglePit:0,servCaliAngleHrz:0,servCaliAnglePit:0,offlineCaliAngleHrz:0,offlineCaliAnglePit:0,determine2useFlag:0,IMU_Z_Accel:0,IMU_X_AngularRate:0,IMU_Y_AngularRate:0,IMU_RollAngle:0,IMU_PitchAngle:0,IMU_YawAngle:0,FcwID:0,FCWWarningLevel:0,FCWTTC:0
0,5.12,0,-6.88,0,0,0,0,0,0.613,5.0875,0,0,-7.1,0,0,0,0,0.0572958,0,0,0,0,98,0,0,0,0,0,0,58,0,0.00034,0.00034,0,0,0,0,0,3.4,0,0,0,0,0,0,1,0,0,0,0,0,0,0,0,99,0,,0,0,0,0,
122,9.9,0,-10.7,0,0,0,0,0,1.838,9.725,0,0,-16.1,0,0,0,0,0.0572958,0,0,0,0,98,0,0,0,0,0,0,58,0,0.00034,0.00034,0,0,0,0,0,1.4,0,0,0,0,0,0,1,0,0,0,0,0,0,0,0,99,0,,0,0,0,0,
END,Total:2
START,FrameNb:197,CameraNb:0,HeSaiNb:0,ARS410Nb:0
2026/08/02 21:35:40:166---->
heightOffset:0,1785677740166,248380,selfCaliBufCnt:0,selfAccObjCnt:0,selfAccAngle:0,installHAngleOffset:0,Interpolation:0,installVAngleOffset:0,radarOffsetH:0,radarOffsetV:0.32,Polynom:-0.001023;-0.0511;-2.047;0;0;0;-0.001023;-0.0511;-2.047;-25.5;0;0,WheelDirection:0;0;0;0,selfAngleOffset:0,selfAngleOffsetPit:0,currCaliAngleHrz:0,currCaliAnglePit:0,selfCaliAngleHrz:0,selfCaliAnglePit:0,servCaliAngleHrz:0,servCaliAnglePit:0,offlineCaliAngleHrz:0,offlineCaliAnglePit:0,determine2useFlag:0,IMU_Z_Accel:0,IMU_X_AngularRate:0,IMU_Y_AngularRate:0,IMU_RollAngle:0,IMU_PitchAngle:0,IMU_YawAngle:0,FcwID:0,FCWWarningLevel:0,FCWTTC:0
0,5.12,0,-6.88,0,0,0,0,0,0.613,5.0875,-0.125,0,-7.1,0,0,0,0,0.0572958,0,0,0,0,98,0,0,0,0,0,0,60,0,0.00034,0.00034,0,0,0,0,0,3.4,0,0,0,0,0,0,1,0,0,0,0,0,0,0,0,99,0,,0,0,0,0,
122,9.9,0,-10.7,0,0,0,0,0,1.838,9.725,0,0,-16.1,0,0,0,0,0.0572958,0,0,0,0,98,0,0,0,0,0,0,60,0,0.00034,0.00034,0,0,0,0,0,1.2,0,0,0,0,0,0,1,0,0,0,0,0,0,0,0,99,0,,0,0,0,0,
END,Total:2
START,FrameNb:198,CameraNb:0,HeSaiNb:0,ARS410Nb:0
2026/08/02 21:35:40:180---->
heightOffset:0,1785677740180,248430,selfCaliBufCnt:0,selfAccObjCnt:0,selfAccAngle:0,installHAngleOffset:0,Interpolation:0,installVAngleOffset:0,radarOffsetH:0,radarOffsetV:0.32,Polynom:-0.001023;-0.0511;-2.047;0;0;0;-0.001023;-0.0511;-2.047;-25.5;0;0,WheelDirection:0;0;0;0,selfAngleOffset:0,selfAngleOffsetPit:0,currCaliAngleHrz:0,currCaliAnglePit:0,selfCaliAngleHrz:0,selfCaliAnglePit:0,servCaliAngleHrz:0,servCaliAnglePit:0,offlineCaliAngleHrz:0,offlineCaliAnglePit:0,determine2useFlag:0,IMU_Z_Accel:0,IMU_X_AngularRate:0,IMU_Y_AngularRate:0,IMU_RollAngle:0,IMU_PitchAngle:0,IMU_YawAngle:0,FcwID:0,FCWWarningLevel:0,FCWTTC:0
0,5.12,0,-6.88,0,0,0,0,0,0.613,5.0875,-0.125,0,-7.1,0,0,0,0,0.0572958,0,0,0,0,98,0,0,0,0,0,0,53,0,0.00034,0.00034,0,0,0,0,0,3.4,0,0,0,0,0,0,1,0,0,0,0,0,0,0,0,99,0,,0,0,0,0,
122,9.9,0,-10.7,0,0,0,0,0,1.838,9.725,0,0,-16.1,0,0,0,0,0.0572958,0,0,0,0,98,0,0,0,0,0,0,53,0,0.00034,0.00034,0,0,0,0,0,1.2,0,0,0,0,0,0,1,0,0,0,0,0,0,0,0,99,0,,0,0,0,0,
END,Total:2
START,FrameNb:199,CameraNb:0,HeSaiNb:0,ARS410Nb:0
2026/08/02 21:35:40:231---->
heightOffset:0,1785677740231,248480,selfCaliBufCnt:0,selfAccObjCnt:0,selfAccAngle:0,installHAngleOffset:0,Interpolation:0,installVAngleOffset:0,radarOffsetH:0,radarOffsetV:0.32,Polynom:-0.001023;-0.0511;-2.047;0;0;0;-0.001023;-0.0511;-2.047;-25.5;0;0,WheelDirection:0;0;0;0,selfAngleOffset:0,selfAngleOffsetPit:0,currCaliAngleHrz:0,currCaliAnglePit:0,selfCaliAngleHrz:0,selfCaliAnglePit:0,servCaliAngleHrz:0,servCaliAnglePit:0,offlineCaliAngleHrz:0,offlineCaliAnglePit:0,determine2useFlag:0,IMU_Z_Accel:0,IMU_X_AngularRate:0,IMU_Y_AngularRate:0,IMU_RollAngle:0,IMU_PitchAngle:0,IMU_YawAngle:0,FcwID:0,FCWWarningLevel:0,FCWTTC:0
0,5.12,0,-6.88,0,0,0,0,0,0.613,5.0875,-0.125,0,-7.1,0,0,0,0,0.0572958,0,0,0,0,98,0,0,0,0,0,0,58,0,0.00034,0.00034,0,0,0,0,0,3.4,0,0,0,0,0,0,1,0,0,0,0,0,0,0,0,99,0,,0,0,0,0,
122,9.9,0,-10.7,0,0,0,0,0,1.838,9.725,0,0,-16.1,0,0,0,0,0.0572958,0,0,0,0,98,0,0,0,0,0,0,58,0,0.00034,0.00034,0,0,0,0,0,1.2,0,0,0,0,0,0,1,0,0,0,0,0,0,0,0,99,0,,0,0,0,0,
END,Total:2
START,FrameNb:200,CameraNb:0,HeSaiNb:0,ARS410Nb:0
2026/08/02 21:35:40:292---->
heightOffset:0,1785677740292,248531,selfCaliBufCnt:0,selfAccObjCnt:0,selfAccAngle:0,installHAngleOffset:0,Interpolation:0,installVAngleOffset:0,radarOffsetH:0,radarOffsetV:0.32,Polynom:-0.001023;-0.0511;-2.047;0;0;0;-0.001023;-0.0511;-2.047;-25.5;0;0,WheelDirection:0;0;0;0,selfAngleOffset:0,selfAngleOffsetPit:0,currCaliAngleHrz:0,currCaliAnglePit:0,selfCaliAngleHrz:0,selfCaliAnglePit:0,servCaliAngleHrz:0,servCaliAnglePit:0,offlineCaliAngleHrz:0,offlineCaliAnglePit:0,determine2useFlag:0,IMU_Z_Accel:0,IMU_X_AngularRate:0,IMU_Y_AngularRate:0,IMU_RollAngle:0,IMU_PitchAngle:0,IMU_YawAngle:0,FcwID:0,FCWWarningLevel:0,FCWTTC:0
0,5.12,0,-6.88,0,0,0,0,0,0.613,5.0875,-0.125,0,-7.1,0,0,0,0,0.0572958,0,0,0,0,98,0,0,0,0,0,0,58,0,0.00034,0.00034,0,0,0,0,0,3.4,0,0,0,0,0,0,1,0,0,0,0,0,0,0,0,99,0,,0,0,0,0,
122,9.9,0,-10.7,0,0,0,0,0,1.838,9.725,0,0,-16.1,0,0,0,0,0.0572958,0,0,0,0,98,0,0,0,0,0,0,58,0,0.00034,0.00034,0,0,0,0,0,1,0,0,0,0,0,0,1,0,0,0,0,0,0,0,0,99,0,,0,0,0,0,
END,Total:2
START,FrameNb:201,CameraNb:0,HeSaiNb:0,ARS410Nb:0
2026/08/02 21:35:40:346---->
heightOffset:0,1785677740346,248581,selfCaliBufCnt:0,selfAccObjCnt:0,selfAccAngle:0,installHAngleOffset:0,Interpolation:0,installVAngleOffset:0,radarOffsetH:0,radarOffsetV:0.32,Polynom:-0.001023;-0.0511;-2.047;0;0;0;-0.001023;-0.0511;-2.047;-25.5;0;0,WheelDirection:0;0;0;0,selfAngleOffset:0,selfAngleOffsetPit:0,currCaliAngleHrz:0,currCaliAnglePit:0,selfCaliAngleHrz:0,selfCaliAnglePit:0,servCaliAngleHrz:0,servCaliAnglePit:0,offlineCaliAngleHrz:0,offlineCaliAnglePit:0,determine2useFlag:0,IMU_Z_Accel:0,IMU_X_AngularRate:0,IMU_Y_AngularRate:0,IMU_RollAngle:0,IMU_PitchAngle:0,IMU_YawAngle:0,FcwID:0,FCWWarningLevel:0,FCWTTC:0
0,5.12,0,-6.88,0,0,0,0,0,0.613,5.0875,-0.125,0,-7.1,0,0,0,0,0.0572958,0,0,0,0,98,0,0,0,0,0,0,53,0,0.00034,0.00034,0,0,0,0,0,3.2,0,0,0,0,0,0,1,0,0,0,0,0,0,0,0,99,0,,0,0,0,0,
122,9.9,-0.12,-10.7,0,0,0,0,0,1.838,9.725,0,-0.125,-16.1,0,0,0,0,0.0572958,0,0,0,0,98,0,0,0,0,0,0,53,0,0.00034,0.00034,0,0,0,0,0,1,0,0,0,0,0,0,1,0,0,0,0,0,0,0,0,99,0,,0,0,0,0,
END,Total:2
START,FrameNb:202,CameraNb:0,HeSaiNb:0,ARS410Nb:0
2026/08/02 21:35:40:400---->
heightOffset:0,1785677740400,248630,selfCaliBufCnt:0,selfAccObjCnt:0,selfAccAngle:0,installHAngleOffset:0,Interpolation:0,installVAngleOffset:0,radarOffsetH:0,radarOffsetV:0.32,Polynom:-0.001023;-0.0511;-2.047;0;0;0;-0.001023;-0.0511;-2.047;-25.5;0;0,WheelDirection:0;0;0;0,selfAngleOffset:0,selfAngleOffsetPit:0,currCaliAngleHrz:0,currCaliAnglePit:0,selfCaliAngleHrz:0,selfCaliAnglePit:0,servCaliAngleHrz:0,servCaliAnglePit:0,offlineCaliAngleHrz:0,offlineCaliAnglePit:0,determine2useFlag:0,IMU_Z_Accel:0,IMU_X_AngularRate:0,IMU_Y_AngularRate:0,IMU_RollAngle:0,IMU_PitchAngle:0,IMU_YawAngle:0,FcwID:0,FCWWarningLevel:0,FCWTTC:0
0,5.12,0,-6.88,0,0,0,0,0,0.613,5.0875,-0.125,0,-7.1,0,0,0,0,0.0572958,0,0,0,0,98,0,0,0,0,0,0,58,0,0.00034,0.00034,0,0,0,0,0,3.2,0,0,0,0,0,0,1,0,0,0,0,0,0,0,0,99,0,,0,0,0,0,
28,8.82,0,26.51,0,0,0,0,0,-3.937,7.8875,-0.125,0,-3.9,0,0,0,0,0.0572958,0,0,0,0,65,0,0,0,0,0,0,58,0,0.00034,0.00034,0,0,0,0,0,0.2,0,0,0,0,0,0,1,0,0,0,0,0,0,0,0,69,0,,0,0,0,0,
122,9.9,-0.12,-10.7,0,0,0,0,0,1.838,9.725,0,-0.125,-16.1,0,0,0,0,0.0572958,0,0,0,0,98,0,0,0,0,0,0,58,0,0.00034,0.00034,0,0,0,0,0,1,0,0,0,0,0,0,1,0,0,0,0,0,0,0,0,99,0,,0,0,0,0,
END,Total:3
START,FrameNb:203,CameraNb:0,HeSaiNb:0,ARS410Nb:0
2026/08/02 21:35:40:421---->
heightOffset:0,1785677740421,248680,selfCaliBufCnt:0,selfAccObjCnt:0,selfAccAngle:0,installHAngleOffset:0,Interpolation:0,installVAngleOffset:0,radarOffsetH:0,radarOffsetV:0.32,Polynom:-0.001023;-0.0511;-2.047;0;0;0;-0.001023;-0.0511;-2.047;-25.5;0;0,WheelDirection:0;0;0;0,selfAngleOffset:0,selfAngleOffsetPit:0,currCaliAngleHrz:0,currCaliAnglePit:0,selfCaliAngleHrz:0,selfCaliAnglePit:0,servCaliAngleHrz:0,servCaliAnglePit:0,offlineCaliAngleHrz:0,offlineCaliAnglePit:0,determine2useFlag:0,IMU_Z_Accel:0,IMU_X_AngularRate:0,IMU_Y_AngularRate:0,IMU_RollAngle:0,IMU_PitchAngle:0,IMU_YawAngle:0,FcwID:0,FCWWarningLevel:0,FCWTTC:0
0,5.12,0,-6.88,0,0,0,0,0,0.613,5.0875,0,0,-7.1,0,0,0,0,0.0572958,0,0,0,0,98,0,0,0,0,0,0,53,0,0.00034,0.00034,0,0,0,0,0,3.4,0,0,0,0,0,0,1,0,0,0,0,0,0,0,0,99,0,,0,0,0,0,
28,8.82,0,26.51,0,0,0,0,0,-3.937,7.8875,-0.125,0,-3.9,0,0,0,0,0.0572958,0,0,0,0,65,0,0,0,0,0,0,53,0,0.00034,0.00034,0,0,0,0,0,0,0,0,0,0,0,0,1,0,0,0,0,0,0,0,0,74,0,,0,0,0,0,
122,9.9,-0.12,-10.7,0,0,0,0,0,1.838,9.725,0,-0.125,-16.1,0,0,0,0,0.0572958,0,0,0,0,98,0,0,0,0,0,0,53,0,0.00034,0.00034,0,0,0,0,0,1,0,0,0,0,0,0,1,0,0,0,0,0,0,0,0,99,0,,0,0,0,0,
END,Total:3
START,FrameNb:204,CameraNb:0,HeSaiNb:0,ARS410Nb:0
2026/08/02 21:35:40:469---->
heightOffset:0,1785677740469,248730,selfCaliBufCnt:0,selfAccObjCnt:0,selfAccAngle:0,installHAngleOffset:0,Interpolation:0,installVAngleOffset:0,radarOffsetH:0,radarOffsetV:0.32,Polynom:-0.001023;-0.0511;-2.047;0;0;0;-0.001023;-0.0511;-2.047;-25.5;0;0,WheelDirection:0;0;0;0,selfAngleOffset:0,selfAngleOffsetPit:0,currCaliAngleHrz:0,currCaliAnglePit:0,selfCaliAngleHrz:0,selfCaliAnglePit:0,servCaliAngleHrz:0,servCaliAnglePit:0,offlineCaliAngleHrz:0,offlineCaliAnglePit:0,determine2useFlag:0,IMU_Z_Accel:0,IMU_X_AngularRate:0,IMU_Y_AngularRate:0,IMU_RollAngle:0,IMU_PitchAngle:0,IMU_YawAngle:0,FcwID:0,FCWWarningLevel:0,FCWTTC:0
0,5.12,0,-6.88,0,0,0,0,0,0.613,5.0875,0,0,-7.1,0,0,0,0,0.0572958,0,0,0,0,98,0,0,0,0,0,0,61,0,0.00034,0.00034,0,0,0,0,0,3.4,0,0,0,0,0,0,1,0,0,0,0,0,0,0,0,99,0,,0,0,0,0,
28,8.82,0,26.51,0,0,0,0,0,-3.937,7.8875,-0.125,0,-3.9,0,0,0,0,0.0572958,0,0,0,0,65,0,0,0,0,0,0,61,0,0.00034,0.00034,0,0,0,0,0,0,0,0,0,0,0,0,1,0,0,0,0,0,0,0,0,79,0,,0,0,0,0,
122,9.9,-0.12,-10.7,0,0,0,0,0,1.838,9.725,0,-0.125,-16.1,0,0,0,0,0.0572958,0,0,0,0,98,0,0,0,0,0,0,61,0,0.00034,0.00034,0,0,0,0,0,1,0,0,0,0,0,0,1,0,0,0,0,0,0,0,0,99,0,,0,0,0,0,
END,Total:3
START,FrameNb:205,CameraNb:0,HeSaiNb:0,ARS410Nb:0
2026/08/02 21:35:40:528---->
heightOffset:0,1785677740528,248780,selfCaliBufCnt:0,selfAccObjCnt:0,selfAccAngle:0,installHAngleOffset:0,Interpolation:0,installVAngleOffset:0,radarOffsetH:0,radarOffsetV:0.32,Polynom:-0.001023;-0.0511;-2.047;0;0;0;-0.001023;-0.0511;-2.047;-25.5;0;0,WheelDirection:0;0;0;0,selfAngleOffset:0,selfAngleOffsetPit:0,currCaliAngleHrz:0,currCaliAnglePit:0,selfCaliAngleHrz:0,selfCaliAnglePit:0,servCaliAngleHrz:0,servCaliAnglePit:0,offlineCaliAngleHrz:0,offlineCaliAnglePit:0,determine2useFlag:0,IMU_Z_Accel:0,IMU_X_AngularRate:0,IMU_Y_AngularRate:0,IMU_RollAngle:0,IMU_PitchAngle:0,IMU_YawAngle:0,FcwID:0,FCWWarningLevel:0,FCWTTC:0
0,5.12,0,-6.88,0,0,0,0,0,0.613,5.0875,0,0,-7.1,0,0,0,0,0.0572958,0,0,0,0,98,0,0,0,0,0,0,59,0,0.00034,0.00034,0,0,0,0,0,3.4,0,0,0,0,0,0,1,0,0,0,0,0,0,0,0,99,0,,0,0,0,0,
28,8.82,0,26.51,0,0,0,0,0,-3.937,7.8875,-0.125,0,-3.9,0,0,0,0,0.0572958,0,0,0,0,65,0,0,0,0,0,0,59,0,0.00034,0.00034,0,0,0,0,0,0,0,0,0,0,0,0,1,0,0,0,0,0,0,0,0,82,0,,0,0,0,0,
122,9.9,-0.12,-10.7,0,0,0,0,0,1.838,9.725,0,-0.125,-16.1,0,0,0,0,0.0572958,0,0,0,0,98,0,0,0,0,0,0,59,0,0.00034,0.00034,0,0,0,0,0,1,0,0,0,0,0,0,1,0,0,0,0,0,0,0,0,99,0,,0,0,0,0,
END,Total:3
START,FrameNb:206,CameraNb:0,HeSaiNb:0,ARS410Nb:0
2026/08/02 21:35:40:576---->
heightOffset:0,1785677740576,248830,selfCaliBufCnt:0,selfAccObjCnt:0,selfAccAngle:0,installHAngleOffset:0,Interpolation:0,installVAngleOffset:0,radarOffsetH:0,radarOffsetV:0.32,Polynom:-0.001023;-0.0511;-2.047;0;0;0;-0.001023;-0.0511;-2.047;-25.5;0;0,WheelDirection:0;0;0;0,selfAngleOffset:0,selfAngleOffsetPit:0,currCaliAngleHrz:0,currCaliAnglePit:0,selfCaliAngleHrz:0,selfCaliAnglePit:0,servCaliAngleHrz:0,servCaliAnglePit:0,offlineCaliAngleHrz:0,offlineCaliAnglePit:0,determine2useFlag:0,IMU_Z_Accel:0,IMU_X_AngularRate:0,IMU_Y_AngularRate:0,IMU_RollAngle:0,IMU_PitchAngle:0,IMU_YawAngle:0,FcwID:0,FCWWarningLevel:0,FCWTTC:0
0,5.12,0,-6.88,0,0,0,0,0,0.613,5.0875,0,0,-7.1,0,0,0,0,0.0572958,0,0,0,0,98,0,0,0,0,0,0,57,0,0.00034,0.00034,0,0,0,0,0,3.4,0,0,0,0,0,0,1,0,0,0,0,0,0,0,0,99,0,,0,0,0,0,
28,8.82,0,26.51,0,0,0,0,0,-3.937,7.8875,-0.125,0,-3.9,0,0,0,0,0.0572958,0,0,0,0,65,0,0,0,0,0,0,57,0,0.00034,0.00034,0,0,0,0,0,0,0,0,0,0,0,0,1,0,0,0,0,0,0,0,0,84,0,,0,0,0,0,
122,9.9,-0.12,-10.7,0,0,0,0,0,1.838,9.725,0,-0.125,-16.1,0,0,0,0,0.0572958,0,0,0,0,98,0,0,0,0,0,0,57,0,0.00034,0.00034,0,0,0,0,0,1,0,0,0,0,0,0,1,0,0,0,0,0,0,0,0,99,0,,0,0,0,0,
END,Total:3
START,FrameNb:207,CameraNb:0,HeSaiNb:0,ARS410Nb:0
2026/08/02 21:35:40:618---->
heightOffset:0,1785677740618,248880,selfCaliBufCnt:0,selfAccObjCnt:0,selfAccAngle:0,installHAngleOffset:0,Interpolation:0,installVAngleOffset:0,radarOffsetH:0,radarOffsetV:0.32,Polynom:-0.001023;-0.0511;-2.047;0;0;0;-0.001023;-0.0511;-2.047;-25.5;0;0,WheelDirection:0;0;0;0,selfAngleOffset:0,selfAngleOffsetPit:0,currCaliAngleHrz:0,currCaliAnglePit:0,selfCaliAngleHrz:0,selfCaliAnglePit:0,servCaliAngleHrz:0,servCaliAnglePit:0,offlineCaliAngleHrz:0,offlineCaliAnglePit:0,determine2useFlag:0,IMU_Z_Accel:0,IMU_X_AngularRate:0,IMU_Y_AngularRate:0,IMU_RollAngle:0,IMU_PitchAngle:0,IMU_YawAngle:0,FcwID:0,FCWWarningLevel:0,FCWTTC:0
0,5.12,0,-6.88,0,0,0,0,0,0.613,5.0875,0,0,-7.1,0,0,0,0,0.0572958,0,0,0,0,98,0,0,0,0,0,0,54,0,0.00034,0.00034,0,0,0,0,0,3.4,0,0,0,0,0,0,1,0,0,0,0,0,0,0,0,99,0,,0,0,0,0,
122,9.9,-0.12,-10.7,0,0,0,0,0,1.838,9.725,0,-0.125,-16.1,0,0,0,0,0.0572958,0,0,0,0,98,0,0,0,0,0,0,54,0,0.00034,0.00034,0,0,0,0,0,1,0,0,0,0,0,0,1,0,0,0,0,0,0,0,0,99,0,,0,0,0,0,
END,Total:2
START,FrameNb:208,CameraNb:0,HeSaiNb:0,ARS410Nb:0
2026/08/02 21:35:40:668---->
heightOffset:0,1785677740668,248930,selfCaliBufCnt:0,selfAccObjCnt:0,selfAccAngle:0,installHAngleOffset:0,Interpolation:0,installVAngleOffset:0,radarOffsetH:0,radarOffsetV:0.32,Polynom:-0.001023;-0.0511;-2.047;0;0;0;-0.001023;-0.0511;-2.047;-25.5;0;0,WheelDirection:0;0;0;0,selfAngleOffset:0,selfAngleOffsetPit:0,currCaliAngleHrz:0,currCaliAnglePit:0,selfCaliAngleHrz:0,selfCaliAnglePit:0,servCaliAngleHrz:0,servCaliAnglePit:0,offlineCaliAngleHrz:0,offlineCaliAnglePit:0,determine2useFlag:0,IMU_Z_Accel:0,IMU_X_AngularRate:0,IMU_Y_AngularRate:0,IMU_RollAngle:0,IMU_PitchAngle:0,IMU_YawAngle:0,FcwID:0,FCWWarningLevel:0,FCWTTC:0
0,5.12,0,-6.88,0,0,0,0,0,0.613,5.0875,0,0,-7.1,0,0,0,0,0.0572958,0,0,0,0,98,0,0,0,0,0,0,57,0,0.00034,0.00034,0,0,0,0,0,3.4,0,0,0,0,0,0,1,0,0,0,0,0,0,0,0,99,0,,0,0,0,0,
122,9.9,-0.12,-10.7,0,0,0,0,0,1.838,9.725,0,-0.125,-16.1,0,0,0,0,0.0572958,0,0,0,0,98,0,0,0,0,0,0,57,0,0.00034,0.00034,0,0,0,0,0,1,0,0,0,0,0,0,1,0,0,0,0,0,0,0,0,99,0,,0,0,0,0,
END,Total:2
START,FrameNb:209,CameraNb:0,HeSaiNb:0,ARS410Nb:0
2026/08/02 21:35:40:724---->
heightOffset:0,1785677740724,248981,selfCaliBufCnt:0,selfAccObjCnt:0,selfAccAngle:0,installHAngleOffset:0,Interpolation:0,installVAngleOffset:0,radarOffsetH:0,radarOffsetV:0.32,Polynom:-0.001023;-0.0511;-2.047;0;0;0;-0.001023;-0.0511;-2.047;-25.5;0;0,WheelDirection:0;0;0;0,selfAngleOffset:0,selfAngleOffsetPit:0,currCaliAngleHrz:0,currCaliAnglePit:0,selfCaliAngleHrz:0,selfCaliAnglePit:0,servCaliAngleHrz:0,servCaliAnglePit:0,offlineCaliAngleHrz:0,offlineCaliAnglePit:0,determine2useFlag:0,IMU_Z_Accel:0,IMU_X_AngularRate:0,IMU_Y_AngularRate:0,IMU_RollAngle:0,IMU_PitchAngle:0,IMU_YawAngle:0,FcwID:0,FCWWarningLevel:0,FCWTTC:0
0,5.12,0,-6.88,0,0,0,0,0,0.613,5.0875,0,0,-7.1,0,0,0,0,0.0572958,0,0,0,0,98,0,0,0,0,0,0,57,0,0.00034,0.00034,0,0,0,0,0,3.4,0,0,0,0,0,0,1,0,0,0,0,0,0,0,0,99,0,,0,0,0,0,
122,9.9,0,-10.7,0,0,0,0,0,1.838,9.725,0,0,-16.1,0,0,0,0,0.0572958,0,0,0,0,98,0,0,0,0,0,0,57,0,0.00034,0.00034,0,0,0,0,0,1,0,0,0,0,0,0,1,0,0,0,0,0,0,0,0,99,0,,0,0,0,0,
END,Total:2
START,FrameNb:210,CameraNb:0,HeSaiNb:0,ARS410Nb:0
2026/08/02 21:35:40:772---->
heightOffset:0,1785677740772,249031,selfCaliBufCnt:0,selfAccObjCnt:0,selfAccAngle:0,installHAngleOffset:0,Interpolation:0,installVAngleOffset:0,radarOffsetH:0,radarOffsetV:0.32,Polynom:-0.001023;-0.0511;-2.047;0;0;0;-0.001023;-0.0511;-2.047;-25.5;0;0,WheelDirection:0;0;0;0,selfAngleOffset:0,selfAngleOffsetPit:0,currCaliAngleHrz:0,currCaliAnglePit:0,selfCaliAngleHrz:0,selfCaliAnglePit:0,servCaliAngleHrz:0,servCaliAnglePit:0,offlineCaliAngleHrz:0,offlineCaliAnglePit:0,determine2useFlag:0,IMU_Z_Accel:0,IMU_X_AngularRate:0,IMU_Y_AngularRate:0,IMU_RollAngle:0,IMU_PitchAngle:0,IMU_YawAngle:0,FcwID:0,FCWWarningLevel:0,FCWTTC:0
0,5.12,0,-6.88,0,0,0,0,0,0.613,5.0875,0,0,-7.1,0,0,0,0,0.0572958,0,0,0,0,98,0,0,0,0,0,0,54,0,0.00034,0.00034,0,0,0,0,0,3.6,0,0,0,0,0,0,1,0,0,0,0,0,0,0,0,99,0,,0,0,0,0,
122,9.9,0,-10.7,0,0,0,0,0,1.838,9.725,0,0,-16.1,0,0,0,0,0.0572958,0,0,0,0,98,0,0,0,0,0,0,54,0,0.00034,0.00034,0,0,0,0,0,1,0,0,0,0,0,0,1,0,0,0,0,0,0,0,0,99,0,,0,0,0,0,
END,Total:2
START,FrameNb:211,CameraNb:0,HeSaiNb:0,ARS410Nb:0
2026/08/02 21:35:40:836---->
heightOffset:0,1785677740836,249080,selfCaliBufCnt:0,selfAccObjCnt:0,selfAccAngle:0,installHAngleOffset:0,Interpolation:0,installVAngleOffset:0,radarOffsetH:0,radarOffsetV:0.32,Polynom:-0.001023;-0.0511;-2.047;0;0;0;-0.001023;-0.0511;-2.047;-25.5;0;0,WheelDirection:0;0;0;0,selfAngleOffset:0,selfAngleOffsetPit:0,currCaliAngleHrz:0,currCaliAnglePit:0,selfCaliAngleHrz:0,selfCaliAnglePit:0,servCaliAngleHrz:0,servCaliAnglePit:0,offlineCaliAngleHrz:0,offlineCaliAnglePit:0,determine2useFlag:0,IMU_Z_Accel:0,IMU_X_AngularRate:0,IMU_Y_AngularRate:0,IMU_RollAngle:0,IMU_PitchAngle:0,IMU_YawAngle:0,FcwID:0,FCWWarningLevel:0,FCWTTC:0
0,5.12,0,-6.88,0,0,0,0,0,0.613,5.0875,-0.125,0,-7.1,0,0,0,0,0.0572958,0,0,0,0,98,0,0,0,0,0,0,57,0,0.00034,0.00034,0,0,0,0,0,3.6,0,0,0,0,0,0,1,0,0,0,0,0,0,0,0,99,0,,0,0,0,0,
122,9.9,0,-10.7,0,0,0,0,0,1.838,9.725,0,0,-16.1,0,0,0,0,0.0572958,0,0,0,0,98,0,0,0,0,0,0,57,0,0.00034,0.00034,0,0,0,0,0,1,0,0,0,0,0,0,1,0,0,0,0,0,0,0,0,99,0,,0,0,0,0,
END,Total:2
START,FrameNb:212,CameraNb:0,HeSaiNb:0,ARS410Nb:0
2026/08/02 21:35:40:895---->
heightOffset:0,1785677740895,249130,selfCaliBufCnt:0,selfAccObjCnt:0,selfAccAngle:0,installHAngleOffset:0,Interpolation:0,installVAngleOffset:0,radarOffsetH:0,radarOffsetV:0.32,Polynom:-0.001023;-0.0511;-2.047;0;0;0;-0.001023;-0.0511;-2.047;-25.5;0;0,WheelDirection:0;0;0;0,selfAngleOffset:0,selfAngleOffsetPit:0,currCaliAngleHrz:0,currCaliAnglePit:0,selfCaliAngleHrz:0,selfCaliAnglePit:0,servCaliAngleHrz:0,servCaliAnglePit:0,offlineCaliAngleHrz:0,offlineCaliAnglePit:0,determine2useFlag:0,IMU_Z_Accel:0,IMU_X_AngularRate:0,IMU_Y_AngularRate:0,IMU_RollAngle:0,IMU_PitchAngle:0,IMU_YawAngle:0,FcwID:0,FCWWarningLevel:0,FCWTTC:0
0,5.12,0,-6.88,0,0,0,0,0,0.613,5.0875,0,0,-7.1,0,0,0,0,0.0572958,0,0,0,0,98,0,0,0,0,0,0,53,0,0.00034,0.00034,0,0,0,0,0,3.6,0,0,0,0,0,0,1,0,0,0,0,0,0,0,0,99,0,,0,0,0,0,
122,9.9,0,-10.7,0,0,0,0,0,1.838,9.725,0,0,-16.1,0,0,0,0,0.0572958,0,0,0,0,98,0,0,0,0,0,0,53,0,0.00034,0.00034,0,0,0,0,0,0.8,0,0,0,0,0,0,1,0,0,0,0,0,0,0,0,99,0,,0,0,0,0,
END,Total:2
START,FrameNb:213,CameraNb:0,HeSaiNb:0,ARS410Nb:0
2026/08/02 21:35:40:953---->
heightOffset:0,1785677740953,249180,selfCaliBufCnt:0,selfAccObjCnt:0,selfAccAngle:0,installHAngleOffset:0,Interpolation:0,installVAngleOffset:0,radarOffsetH:0,radarOffsetV:0.32,Polynom:-0.001023;-0.0511;-2.047;0;0;0;-0.001023;-0.0511;-2.047;-25.5;0;0,WheelDirection:0;0;0;0,selfAngleOffset:0,selfAngleOffsetPit:0,currCaliAngleHrz:0,currCaliAnglePit:0,selfCaliAngleHrz:0,selfCaliAnglePit:0,servCaliAngleHrz:0,servCaliAnglePit:0,offlineCaliAngleHrz:0,offlineCaliAnglePit:0,determine2useFlag:0,IMU_Z_Accel:0,IMU_X_AngularRate:0,IMU_Y_AngularRate:0,IMU_RollAngle:0,IMU_PitchAngle:0,IMU_YawAngle:0,FcwID:0,FCWWarningLevel:0,FCWTTC:0
0,5.12,0,-6.88,0,0,0,0,0,0.613,5.0875,-0.125,0,-7.1,0,0,0,0,0.0572958,0,0,0,0,98,0,0,0,0,0,0,65,0,0.00034,0.00034,0,0,0,0,0,3.6,0,0,0,0,0,0,1,0,0,0,0,0,0,0,0,99,0,,0,0,0,0,
122,9.9,0,-10.7,0,0,0,0,0,1.838,9.725,0,0,-16.1,0,0,0,0,0.0572958,0,0,0,0,98,0,0,0,0,0,0,65,0,0.00034,0.00034,0,0,0,0,0,1.6,0,0,0,0,0,0,1,0,0,0,0,0,0,0,0,99,0,,0,0,0,0,
END,Total:2
START,FrameNb:214,CameraNb:0,HeSaiNb:0,ARS410Nb:0
2026/08/02 21:35:40:971---->
heightOffset:0,1785677740971,249230,selfCaliBufCnt:0,selfAccObjCnt:0,selfAccAngle:0,installHAngleOffset:0,Interpolation:0,installVAngleOffset:0,radarOffsetH:0,radarOffsetV:0.32,Polynom:-0.001023;-0.0511;-2.047;0;0;0;-0.001023;-0.0511;-2.047;-25.5;0;0,WheelDirection:0;0;0;0,selfAngleOffset:0,selfAngleOffsetPit:0,currCaliAngleHrz:0,currCaliAnglePit:0,selfCaliAngleHrz:0,selfCaliAnglePit:0,servCaliAngleHrz:0,servCaliAnglePit:0,offlineCaliAngleHrz:0,offlineCaliAnglePit:0,determine2useFlag:0,IMU_Z_Accel:0,IMU_X_AngularRate:0,IMU_Y_AngularRate:0,IMU_RollAngle:0,IMU_PitchAngle:0,IMU_YawAngle:0,FcwID:0,FCWWarningLevel:0,FCWTTC:0
0,5.12,0,-6.88,0,0,0,0,0,0.613,5.0875,0,0,-7.1,0,0,0,0,0.0572958,0,0,0,0,98,0,0,0,0,0,0,56,0,0.00034,0.00034,0,0,0,0,0,3.6,0,0,0,0,0,0,1,0,0,0,0,0,0,0,0,99,0,,0,0,0,0,
122,9.9,0,-10.7,0,0,0,0,0,1.838,9.725,-0.125,0,-15.9,0,0,0,0,0.0572958,0,0,0,0,98,0,0,0,0,0,0,56,0,0.00034,0.00034,0,0,0,0,0,1.4,0,0,0,0,0,0,1,0,0,0,0,0,0,0,0,99,0,,0,0,0,0,
END,Total:2
START,FrameNb:215,CameraNb:0,HeSaiNb:0,ARS410Nb:0
2026/08/02 21:35:41:017---->
heightOffset:0,1785677741017,249280,selfCaliBufCnt:0,selfAccObjCnt:0,selfAccAngle:0,installHAngleOffset:0,Interpolation:0,installVAngleOffset:0,radarOffsetH:0,radarOffsetV:0.32,Polynom:-0.001023;-0.0511;-2.047;0;0;0;-0.001023;-0.0511;-2.047;-25.5;0;0,WheelDirection:0;0;0;0,selfAngleOffset:0,selfAngleOffsetPit:0,currCaliAngleHrz:0,currCaliAnglePit:0,selfCaliAngleHrz:0,selfCaliAnglePit:0,servCaliAngleHrz:0,servCaliAnglePit:0,offlineCaliAngleHrz:0,offlineCaliAnglePit:0,determine2useFlag:0,IMU_Z_Accel:0,IMU_X_AngularRate:0,IMU_Y_AngularRate:0,IMU_RollAngle:0,IMU_PitchAngle:0,IMU_YawAngle:0,FcwID:0,FCWWarningLevel:0,FCWTTC:0
0,5.12,0,-6.88,0,0,0,0,0,0.613,5.0875,0,0,-7.1,0,0,0,0,0.0572958,0,0,0,0,98,0,0,0,0,0,0,58,0,0.00034,0.00034,0,0,0,0,0,3.4,0,0,0,0,0,0,1,0,0,0,0,0,0,0,0,99,0,,0,0,0,0,
122,9.9,0,-10.7,0,0,0,0,0,1.838,9.725,-0.125,0,-15.9,0,0,0,0,0.0572958,0,0,0,0,98,0,0,0,0,0,0,58,0,0.00034,0.00034,0,0,0,0,0,1.4,0,0,0,0,0,0,1,0,0,0,0,0,0,0,0,99,0,,0,0,0,0,
END,Total:2
START,FrameNb:216,CameraNb:0,HeSaiNb:0,ARS410Nb:0
2026/08/02 21:35:41:104---->
heightOffset:0,1785677741104,249330,selfCaliBufCnt:0,selfAccObjCnt:0,selfAccAngle:0,installHAngleOffset:0,Interpolation:0,installVAngleOffset:0,radarOffsetH:0,radarOffsetV:0.32,Polynom:-0.001023;-0.0511;-2.047;0;0;0;-0.001023;-0.0511;-2.047;-25.5;0;0,WheelDirection:0;0;0;0,selfAngleOffset:0,selfAngleOffsetPit:0,currCaliAngleHrz:0,currCaliAnglePit:0,selfCaliAngleHrz:0,selfCaliAnglePit:0,servCaliAngleHrz:0,servCaliAnglePit:0,offlineCaliAngleHrz:0,offlineCaliAnglePit:0,determine2useFlag:0,IMU_Z_Accel:0,IMU_X_AngularRate:0,IMU_Y_AngularRate:0,IMU_RollAngle:0,IMU_PitchAngle:0,IMU_YawAngle:0,FcwID:0,FCWWarningLevel:0,FCWTTC:0
0,5.12,0,-6.88,0,0,0,0,0,0.613,5.0875,0,0,-7.1,0,0,0,0,0.0572958,0,0,0,0,98,0,0,0,0,0,0,53,0,0.00034,0.00034,0,0,0,0,0,3.4,0,0,0,0,0,0,1,0,0,0,0,0,0,0,0,99,0,,0,0,0,0,
122,9.9,0,-10.7,0,0,0,0,0,1.838,9.725,-0.125,0,-15.9,0,0,0,0,0.0572958,0,0,0,0,98,0,0,0,0,0,0,53,0,0.00034,0.00034,0,0,0,0,0,1.4,0,0,0,0,0,0,1,0,0,0,0,0,0,0,0,99,0,,0,0,0,0,
END,Total:2
START,FrameNb:217,CameraNb:0,HeSaiNb:0,ARS410Nb:0
2026/08/02 21:35:41:157---->
heightOffset:0,1785677741157,249381,selfCaliBufCnt:0,selfAccObjCnt:0,selfAccAngle:0,installHAngleOffset:0,Interpolation:0,installVAngleOffset:0,radarOffsetH:0,radarOffsetV:0.32,Polynom:-0.001023;-0.0511;-2.047;0;0;0;-0.001023;-0.0511;-2.047;-25.5;0;0,WheelDirection:0;0;0;0,selfAngleOffset:0,selfAngleOffsetPit:0,currCaliAngleHrz:0,currCaliAnglePit:0,selfCaliAngleHrz:0,selfCaliAnglePit:0,servCaliAngleHrz:0,servCaliAnglePit:0,offlineCaliAngleHrz:0,offlineCaliAnglePit:0,determine2useFlag:0,IMU_Z_Accel:0,IMU_X_AngularRate:0,IMU_Y_AngularRate:0,IMU_RollAngle:0,IMU_PitchAngle:0,IMU_YawAngle:0,FcwID:0,FCWWarningLevel:0,FCWTTC:0
0,5.12,0,-6.88,0,0,0,0,0,0.613,5.0875,0,0,-7.1,0,0,0,0,0.0572958,0,0,0,0,98,0,0,0,0,0,0,53,0,0.00034,0.00034,0,0,0,0,0,3.4,0,0,0,0,0,0,1,0,0,0,0,0,0,0,0,99,0,,0,0,0,0,
122,9.9,0,-10.7,0,0,0,0,0,1.838,9.725,-0.125,0,-15.9,0,0,0,0,0.0572958,0,0,0,0,98,0,0,0,0,0,0,53,0,0.00034,0.00034,0,0,0,0,0,1.2,0,0,0,0,0,0,1,0,0,0,0,0,0,0,0,99,0,,0,0,0,0,
END,Total:2
START,FrameNb:218,CameraNb:0,HeSaiNb:0,ARS410Nb:0
2026/08/02 21:35:41:170---->
heightOffset:0,1785677741170,249431,selfCaliBufCnt:0,selfAccObjCnt:0,selfAccAngle:0,installHAngleOffset:0,Interpolation:0,installVAngleOffset:0,radarOffsetH:0,radarOffsetV:0.32,Polynom:-0.001023;-0.0511;-2.047;0;0;0;-0.001023;-0.0511;-2.047;-25.5;0;0,WheelDirection:0;0;0;0,selfAngleOffset:0,selfAngleOffsetPit:0,currCaliAngleHrz:0,currCaliAnglePit:0,selfCaliAngleHrz:0,selfCaliAnglePit:0,servCaliAngleHrz:0,servCaliAnglePit:0,offlineCaliAngleHrz:0,offlineCaliAnglePit:0,determine2useFlag:0,IMU_Z_Accel:0,IMU_X_AngularRate:0,IMU_Y_AngularRate:0,IMU_RollAngle:0,IMU_PitchAngle:0,IMU_YawAngle:0,FcwID:0,FCWWarningLevel:0,FCWTTC:0
0,5.12,0,-6.88,0,0,0,0,0,0.613,5.0875,-0.125,0,-7.1,0,0,0,0,0.0572958,0,0,0,0,98,0,0,0,0,0,0,58,0,0.00034,0.00034,0,0,0,0,0,2.8,0,0,0,0,0,0,1,0,0,0,0,0,0,0,0,99,0,,0,0,0,0,
122,9.9,0,-10.7,0,0,0,0,0,1.838,9.725,-0.125,0,-15.9,0,0,0,0,0.0572958,0,0,0,0,98,0,0,0,0,0,0,58,0,0.00034,0.00034,0,0,0,0,0,1.2,0,0,0,0,0,0,1,0,0,0,0,0,0,0,0,99,0,,0,0,0,0,
END,Total:2
START,FrameNb:219,CameraNb:0,HeSaiNb:0,ARS410Nb:0
2026/08/02 21:35:41:219---->
heightOffset:0,1785677741219,249480,selfCaliBufCnt:0,selfAccObjCnt:0,selfAccAngle:0,installHAngleOffset:0,Interpolation:0,installVAngleOffset:0,radarOffsetH:0,radarOffsetV:0.32,Polynom:-0.001023;-0.0511;-2.047;0;0;0;-0.001023;-0.0511;-2.047;-25.5;0;0,WheelDirection:0;0;0;0,selfAngleOffset:0,selfAngleOffsetPit:0,currCaliAngleHrz:0,currCaliAnglePit:0,selfCaliAngleHrz:0,selfCaliAnglePit:0,servCaliAngleHrz:0,servCaliAnglePit:0,offlineCaliAngleHrz:0,offlineCaliAnglePit:0,determine2useFlag:0,IMU_Z_Accel:0,IMU_X_AngularRate:0,IMU_Y_AngularRate:0,IMU_RollAngle:0,IMU_PitchAngle:0,IMU_YawAngle:0,FcwID:0,FCWWarningLevel:0,FCWTTC:0
0,5.12,0,-6.88,0,0,0,0,0,0.613,5.0875,-0.125,0,-7.1,0,0,0,0,0.0572958,0,0,0,0,98,0,0,0,0,0,0,53,0,0.00034,0.00034,0,0,0,0,0,3,0,0,0,0,0,0,1,0,0,0,0,0,0,0,0,99,0,,0,0,0,0,
122,9.9,-0.12,-10.7,0,0,0,0,0,1.838,9.725,-0.125,-0.125,-15.9,0,0,0,0,0.0572958,0,0,0,0,98,0,0,0,0,0,0,53,0,0.00034,0.00034,0,0,0,0,0,1,0,0,0,0,0,0,1,0,0,0,0,0,0,0,0,99,0,,0,0,0,0,
END,Total:2
START,FrameNb:220,CameraNb:0,HeSaiNb:0,ARS410Nb:0
2026/08/02 21:35:41:277---->
heightOffset:0,1785677741277,249530,selfCaliBufCnt:0,selfAccObjCnt:0,selfAccAngle:0,installHAngleOffset:0,Interpolation:0,installVAngleOffset:0,radarOffsetH:0,radarOffsetV:0.32,Polynom:-0.001023;-0.0511;-2.047;0;0;0;-0.001023;-0.0511;-2.047;-25.5;0;0,WheelDirection:0;0;0;0,selfAngleOffset:0,selfAngleOffsetPit:0,currCaliAngleHrz:0,currCaliAnglePit:0,selfCaliAngleHrz:0,selfCaliAnglePit:0,servCaliAngleHrz:0,servCaliAnglePit:0,offlineCaliAngleHrz:0,offlineCaliAnglePit:0,determine2useFlag:0,IMU_Z_Accel:0,IMU_X_AngularRate:0,IMU_Y_AngularRate:0,IMU_RollAngle:0,IMU_PitchAngle:0,IMU_YawAngle:0,FcwID:0,FCWWarningLevel:0,FCWTTC:0
0,5.12,0,-6.88,0,0,0,0,0,0.613,5.0875,-0.125,0,-7.1,0,0,0,0,0.0572958,0,0,0,0,98,0,0,0,0,0,0,58,0,0.00034,0.00034,0,0,0,0,0,2.4,0,0,0,0,0,0,1,0,0,0,0,0,0,0,0,99,0,,0,0,0,0,
122,9.9,-0.12,-10.7,0,0,0,0,0,1.838,9.725,-0.125,-0.125,-16.1,0,0,0,0,0.0572958,0,0,0,0,98,0,0,0,0,0,0,58,0,0.00034,0.00034,0,0,0,0,0,1,0,0,0,0,0,0,1,0,0,0,0,0,0,0,0,99,0,,0,0,0,0,
END,Total:2
START,FrameNb:221,CameraNb:0,HeSaiNb:0,ARS410Nb:0
2026/08/02 21:35:41:350---->
heightOffset:0,1785677741350,249580,selfCaliBufCnt:0,selfAccObjCnt:0,selfAccAngle:0,installHAngleOffset:0,Interpolation:0,installVAngleOffset:0,radarOffsetH:0,radarOffsetV:0.32,Polynom:-0.001023;-0.0511;-2.047;0;0;0;-0.001023;-0.0511;-2.047;-25.5;0;0,WheelDirection:0;0;0;0,selfAngleOffset:0,selfAngleOffsetPit:0,currCaliAngleHrz:0,currCaliAnglePit:0,selfCaliAngleHrz:0,selfCaliAnglePit:0,servCaliAngleHrz:0,servCaliAnglePit:0,offlineCaliAngleHrz:0,offlineCaliAnglePit:0,determine2useFlag:0,IMU_Z_Accel:0,IMU_X_AngularRate:0,IMU_Y_AngularRate:0,IMU_RollAngle:0,IMU_PitchAngle:0,IMU_YawAngle:0,FcwID:0,FCWWarningLevel:0,FCWTTC:0
0,5.12,0,-6.88,0,0,0,0,0,0.613,5.0875,0,0,-7.1,0,0,0,0,0.0572958,0,0,0,0,98,0,0,0,0,0,0,58,0,0.00034,0.00034,0,0,0,0,0,2,0,0,0,0,0,0,1,0,0,0,0,0,0,0,0,99,0,,0,0,0,0,
122,9.9,0,-10.7,0,0,0,0,0,1.838,9.725,-0.125,0,-16.1,0,0,0,0,0.0572958,0,0,0,0,98,0,0,0,0,0,0,58,0,0.00034,0.00034,0,0,0,0,0,1,0,0,0,0,0,0,1,0,0,0,0,0,0,0,0,99,0,,0,0,0,0,
END,Total:2
START,FrameNb:222,CameraNb:0,HeSaiNb:0,ARS410Nb:0
2026/08/02 21:35:41:408---->
heightOffset:0,1785677741408,249630,selfCaliBufCnt:0,selfAccObjCnt:0,selfAccAngle:0,installHAngleOffset:0,Interpolation:0,installVAngleOffset:0,radarOffsetH:0,radarOffsetV:0.32,Polynom:-0.001023;-0.0511;-2.047;0;0;0;-0.001023;-0.0511;-2.047;-25.5;0;0,WheelDirection:0;0;0;0,selfAngleOffset:0,selfAngleOffsetPit:0,currCaliAngleHrz:0,currCaliAnglePit:0,selfCaliAngleHrz:0,selfCaliAnglePit:0,servCaliAngleHrz:0,servCaliAnglePit:0,offlineCaliAngleHrz:0,offlineCaliAnglePit:0,determine2useFlag:0,IMU_Z_Accel:0,IMU_X_AngularRate:0,IMU_Y_AngularRate:0,IMU_RollAngle:0,IMU_PitchAngle:0,IMU_YawAngle:0,FcwID:0,FCWWarningLevel:0,FCWTTC:0
0,5.12,0,-6.88,0,0,0,0,0,0.613,5.0875,-0.125,0,-7.1,0,0,0,0,0.0572958,0,0,0,0,98,0,0,0,0,0,0,61,0,0.00034,0.00034,0,0,0,0,0,1.8,0,0,0,0,0,0,1,0,0,0,0,0,0,0,0,99,0,,0,0,0,0,
122,9.91,0,-11.2,0,0,0,0,0,1.9255,9.725,-0.125,0,-16.3,0,0,0,0,0.0572958,0,0,0,0,98,0,0,0,0,0,0,61,0,0.00034,0.00034,0,0,0,0,0,1,0,0,0,0,0,0,1,0,0,0,0,0,0,0,0,99,0,,0,0,0,0,
END,Total:2
START,FrameNb:223,CameraNb:0,HeSaiNb:0,ARS410Nb:0
2026/08/02 21:35:41:421---->
heightOffset:0,1785677741421,249680,selfCaliBufCnt:0,selfAccObjCnt:0,selfAccAngle:0,installHAngleOffset:0,Interpolation:0,installVAngleOffset:0,radarOffsetH:0,radarOffsetV:0.32,Polynom:-0.001023;-0.0511;-2.047;0;0;0;-0.001023;-0.0511;-2.047;-25.5;0;0,WheelDirection:0;0;0;0,selfAngleOffset:0,selfAngleOffsetPit:0,currCaliAngleHrz:0,currCaliAnglePit:0,selfCaliAngleHrz:0,selfCaliAnglePit:0,servCaliAngleHrz:0,servCaliAnglePit:0,offlineCaliAngleHrz:0,offlineCaliAnglePit:0,determine2useFlag:0,IMU_Z_Accel:0,IMU_X_AngularRate:0,IMU_Y_AngularRate:0,IMU_RollAngle:0,IMU_PitchAngle:0,IMU_YawAngle:0,FcwID:0,FCWWarningLevel:0,FCWTTC:0
0,5.12,0,-6.88,0,0,0,0,0,0.613,5.0875,-0.125,0,-7.1,0,0,0,0,0.0572958,0,0,0,0,98,0,0,0,0,0,0,54,0,0.00034,0.00034,0,0,0,0,0,1.6,0,0,0,0,0,0,1,0,0,0,0,0,0,0,0,99,0,,0,0,0,0,
122,9.91,0,-11.2,0,0,0,0,0,1.9255,9.725,-0.125,0,-16.5,0,0,0,0,0.0572958,0,0,0,0,98,0,0,0,0,0,0,54,0,0.00034,0.00034,0,0,0,0,0,1.6,0,0,0,0,0,0,1,0,0,0,0,0,0,0,0,99,0,,0,0,0,0,
END,Total:2
START,FrameNb:224,CameraNb:0,HeSaiNb:0,ARS410Nb:0
2026/08/02 21:35:41:475---->
heightOffset:0,1785677741475,249730,selfCaliBufCnt:0,selfAccObjCnt:0,selfAccAngle:0,installHAngleOffset:0,Interpolation:0,installVAngleOffset:0,radarOffsetH:0,radarOffsetV:0.32,Polynom:-0.001023;-0.0511;-2.047;0;0;0;-0.001023;-0.0511;-2.047;-25.5;0;0,WheelDirection:0;0;0;0,selfAngleOffset:0,selfAngleOffsetPit:0,currCaliAngleHrz:0,currCaliAnglePit:0,selfCaliAngleHrz:0,selfCaliAnglePit:0,servCaliAngleHrz:0,servCaliAnglePit:0,offlineCaliAngleHrz:0,offlineCaliAnglePit:0,determine2useFlag:0,IMU_Z_Accel:0,IMU_X_AngularRate:0,IMU_Y_AngularRate:0,IMU_RollAngle:0,IMU_PitchAngle:0,IMU_YawAngle:0,FcwID:0,FCWWarningLevel:0,FCWTTC:0
0,5.12,0,-6.88,0,0,0,0,0,0.613,5.0875,-0.125,0,-7.1,0,0,0,0,0.0572958,0,0,0,0,98,0,0,0,0,0,0,58,0,0.00034,0.00034,0,0,0,0,0,1.6,0,0,0,0,0,0,1,0,0,0,0,0,0,0,0,99,0,,0,0,0,0,
122,9.91,0,-11.2,0,0,0,0,0,1.9255,9.725,-0.125,0,-16.5,0,0,0,0,0.0572958,0,0,0,0,98,0,0,0,0,0,0,58,0,0.00034,0.00034,0,0,0,0,0,1.6,0,0,0,0,0,0,1,0,0,0,0,0,0,0,0,99,0,,0,0,0,0,
END,Total:2
START,FrameNb:225,CameraNb:0,HeSaiNb:0,ARS410Nb:0
2026/08/02 21:35:41:537---->
heightOffset:0,1785677741537,249780,selfCaliBufCnt:0,selfAccObjCnt:0,selfAccAngle:0,installHAngleOffset:0,Interpolation:0,installVAngleOffset:0,radarOffsetH:0,radarOffsetV:0.32,Polynom:-0.001023;-0.0511;-2.047;0;0;0;-0.001023;-0.0511;-2.047;-25.5;0;0,WheelDirection:0;0;0;0,selfAngleOffset:0,selfAngleOffsetPit:0,currCaliAngleHrz:0,currCaliAnglePit:0,selfCaliAngleHrz:0,selfCaliAnglePit:0,servCaliAngleHrz:0,servCaliAnglePit:0,offlineCaliAngleHrz:0,offlineCaliAnglePit:0,determine2useFlag:0,IMU_Z_Accel:0,IMU_X_AngularRate:0,IMU_Y_AngularRate:0,IMU_RollAngle:0,IMU_PitchAngle:0,IMU_YawAngle:0,FcwID:0,FCWWarningLevel:0,FCWTTC:0
0,5.12,0,-6.88,0,0,0,0,0,0.613,5.0875,-0.125,0,-7.1,0,0,0,0,0.0572958,0,0,0,0,98,0,0,0,0,0,0,58,0,0.00034,0.00034,0,0,0,0,0,1.4,0,0,0,0,0,0,1,0,0,0,0,0,0,0,0,99,0,,0,0,0,0,
122,9.91,0,-11.2,0,0,0,0,0,1.9255,9.725,-0.125,0,-16.7,0,0,0,0,0.0572958,0,0,0,0,98,0,0,0,0,0,0,58,0,0.00034,0.00034,0,0,0,0,0,2.4,0,0,0,0,0,0,1,0,0,0,0,0,0,0,0,99,0,,0,0,0,0,
END,Total:2
START,FrameNb:226,CameraNb:0,HeSaiNb:0,ARS410Nb:0
2026/08/02 21:35:41:597---->
heightOffset:0,1785677741597,249830,selfCaliBufCnt:0,selfAccObjCnt:0,selfAccAngle:0,installHAngleOffset:0,Interpolation:0,installVAngleOffset:0,radarOffsetH:0,radarOffsetV:0.32,Polynom:-0.001023;-0.0511;-2.047;0;0;0;-0.001023;-0.0511;-2.047;-25.5;0;0,WheelDirection:0;0;0;0,selfAngleOffset:0,selfAngleOffsetPit:0,currCaliAngleHrz:0,currCaliAnglePit:0,selfCaliAngleHrz:0,selfCaliAnglePit:0,servCaliAngleHrz:0,servCaliAnglePit:0,offlineCaliAngleHrz:0,offlineCaliAnglePit:0,determine2useFlag:0,IMU_Z_Accel:0,IMU_X_AngularRate:0,IMU_Y_AngularRate:0,IMU_RollAngle:0,IMU_PitchAngle:0,IMU_YawAngle:0,FcwID:0,FCWWarningLevel:0,FCWTTC:0
0,5.12,0,-6.88,0,0,0,0,0,0.613,5.0875,-0.125,0,-7.1,0,0,0,0,0.0572958,0,0,0,0,98,0,0,0,0,0,0,53,0,0.00034,0.00034,0,0,0,0,0,2,0,0,0,0,0,0,1,0,0,0,0,0,0,0,0,99,0,,0,0,0,0,
122,9.91,-0.12,-11.2,0,0,0,0,0,1.9255,9.725,-0.125,-0.125,-16.9,0,0,0,0,0.0572958,0,0,0,0,98,0,0,0,0,0,0,53,0,0.00034,0.00034,0,0,0,0,0,2.8,0,0,0,0,0,0,1,0,0,0,0,0,0,0,0,99,0,,0,0,0,0,
END,Total:2
START,FrameNb:227,CameraNb:0,HeSaiNb:0,ARS410Nb:0
2026/08/02 21:35:41:658---->
heightOffset:0,1785677741658,249881,selfCaliBufCnt:0,selfAccObjCnt:0,selfAccAngle:0,installHAngleOffset:0,Interpolation:0,installVAngleOffset:0,radarOffsetH:0,radarOffsetV:0.32,Polynom:-0.001023;-0.0511;-2.047;0;0;0;-0.001023;-0.0511;-2.047;-25.5;0;0,WheelDirection:0;0;0;0,selfAngleOffset:0,selfAngleOffsetPit:0,currCaliAngleHrz:0,currCaliAnglePit:0,selfCaliAngleHrz:0,selfCaliAnglePit:0,servCaliAngleHrz:0,servCaliAnglePit:0,offlineCaliAngleHrz:0,offlineCaliAnglePit:0,determine2useFlag:0,IMU_Z_Accel:0,IMU_X_AngularRate:0,IMU_Y_AngularRate:0,IMU_RollAngle:0,IMU_PitchAngle:0,IMU_YawAngle:0,FcwID:0,FCWWarningLevel:0,FCWTTC:0
0,5.12,0,-6.88,0,0,0,0,0,0.613,5.0875,-0.125,0,-7.1,0,0,0,0,0.0572958,0,0,0,0,98,0,0,0,0,0,0,57,0,0.00034,0.00034,0,0,0,0,0,1.6,0,0,0,0,0,0,1,0,0,0,0,0,0,0,0,99,0,,0,0,0,0,
122,9.91,0,-11.2,0,0,0,0,0,1.9255,9.725,-0.125,0,-17.1,0,0,0,0,0.0572958,0,0,0,0,98,0,0,0,0,0,0,57,0,0.00034,0.00034,0,0,0,0,0,2.4,0,0,0,0,0,0,1,0,0,0,0,0,0,0,0,99,0,,0,0,0,0,
END,Total:2
START,FrameNb:228,CameraNb:0,HeSaiNb:0,ARS410Nb:0
2026/08/02 21:35:41:671---->
heightOffset:0,1785677741671,249930,selfCaliBufCnt:0,selfAccObjCnt:0,selfAccAngle:0,installHAngleOffset:0,Interpolation:0,installVAngleOffset:0,radarOffsetH:0,radarOffsetV:0.32,Polynom:-0.001023;-0.0511;-2.047;0;0;0;-0.001023;-0.0511;-2.047;-25.5;0;0,WheelDirection:0;0;0;0,selfAngleOffset:0,selfAngleOffsetPit:0,currCaliAngleHrz:0,currCaliAnglePit:0,selfCaliAngleHrz:0,selfCaliAnglePit:0,servCaliAngleHrz:0,servCaliAnglePit:0,offlineCaliAngleHrz:0,offlineCaliAnglePit:0,determine2useFlag:0,IMU_Z_Accel:0,IMU_X_AngularRate:0,IMU_Y_AngularRate:0,IMU_RollAngle:0,IMU_PitchAngle:0,IMU_YawAngle:0,FcwID:0,FCWWarningLevel:0,FCWTTC:0
0,5.12,0,-6.88,0,0,0,0,0,0.613,5.0875,-0.125,0,-7.1,0,0,0,0,0.0572958,0,0,0,0,98,0,0,0,0,0,0,54,0,0.00034,0.00034,0,0,0,0,0,2.2,0,0,0,0,0,0,1,0,0,0,0,0,0,0,0,99,0,,0,0,0,0,
122,9.91,0,-11.2,0,0,0,0,0,1.9255,9.725,-0.125,0,-17.3,0,0,0,0,0.0572958,0,0,0,0,98,0,0,0,0,0,0,54,0,0.00034,0.00034,0,0,0,0,0,2,0,0,0,0,0,0,1,0,0,0,0,0,0,0,0,99,0,,0,0,0,0,
END,Total:2
START,FrameNb:229,CameraNb:0,HeSaiNb:0,ARS410Nb:0
2026/08/02 21:35:41:725---->
heightOffset:0,1785677741725,249980,selfCaliBufCnt:0,selfAccObjCnt:0,selfAccAngle:0,installHAngleOffset:0,Interpolation:0,installVAngleOffset:0,radarOffsetH:0,radarOffsetV:0.32,Polynom:-0.001023;-0.0511;-2.047;0;0;0;-0.001023;-0.0511;-2.047;-25.5;0;0,WheelDirection:0;0;0;0,selfAngleOffset:0,selfAngleOffsetPit:0,currCaliAngleHrz:0,currCaliAnglePit:0,selfCaliAngleHrz:0,selfCaliAnglePit:0,servCaliAngleHrz:0,servCaliAnglePit:0,offlineCaliAngleHrz:0,offlineCaliAnglePit:0,determine2useFlag:0,IMU_Z_Accel:0,IMU_X_AngularRate:0,IMU_Y_AngularRate:0,IMU_RollAngle:0,IMU_PitchAngle:0,IMU_YawAngle:0,FcwID:0,FCWWarningLevel:0,FCWTTC:0
0,5.12,0,-6.88,0,0,0,0,0,0.613,5.0875,-0.125,0,-7.1,0,0,0,0,0.0572958,0,0,0,0,98,0,0,0,0,0,0,61,0,0.00034,0.00034,0,0,0,0,0,2.6,0,0,0,0,0,0,1,0,0,0,0,0,0,0,0,99,0,,0,0,0,0,
122,9.91,0,-11.2,0,0,0,0,0,1.9255,9.725,-0.125,0,-17.3,0,0,0,0,0.0572958,0,0,0,0,98,0,0,0,0,0,0,61,0,0.00034,0.00034,0,0,0,0,0,1.8,0,0,0,0,0,0,1,0,0,0,0,0,0,0,0,99,0,,0,0,0,0,
END,Total:2
START,FrameNb:230,CameraNb:0,HeSaiNb:0,ARS410Nb:0
2026/08/02 21:35:41:785---->
heightOffset:0,1785677741785,250030,selfCaliBufCnt:0,selfAccObjCnt:0,selfAccAngle:0,installHAngleOffset:0,Interpolation:0,installVAngleOffset:0,radarOffsetH:0,radarOffsetV:0.32,Polynom:-0.001023;-0.0511;-2.047;0;0;0;-0.001023;-0.0511;-2.047;-25.5;0;0,WheelDirection:0;0;0;0,selfAngleOffset:0,selfAngleOffsetPit:0,currCaliAngleHrz:0,currCaliAnglePit:0,selfCaliAngleHrz:0,selfCaliAnglePit:0,servCaliAngleHrz:0,servCaliAnglePit:0,offlineCaliAngleHrz:0,offlineCaliAnglePit:0,determine2useFlag:0,IMU_Z_Accel:0,IMU_X_AngularRate:0,IMU_Y_AngularRate:0,IMU_RollAngle:0,IMU_PitchAngle:0,IMU_YawAngle:0,FcwID:0,FCWWarningLevel:0,FCWTTC:0
0,5.12,0,-6.88,0,0,0,0,0,0.613,5.0875,-0.125,0,-7.1,0,0,0,0,0.0572958,0,0,0,0,98,0,0,0,0,0,0,59,0,0.00034,0.00034,0,0,0,0,0,2.8,0,0,0,0,0,0,1,0,0,0,0,0,0,0,0,99,0,,0,0,0,0,
122,9.91,0,-11.2,0,0,0,0,0,1.9255,9.725,-0.125,0,-17.5,0,0,0,0,0.0572958,0,0,0,0,98,0,0,0,0,0,0,59,0,0.00034,0.00034,0,0,0,0,0,1.6,0,0,0,0,0,0,1,0,0,0,0,0,0,0,0,99,0,,0,0,0,0,
END,Total:2
START,FrameNb:231,CameraNb:0,HeSaiNb:0,ARS410Nb:0
2026/08/02 21:35:41:844---->
heightOffset:0,1785677741844,250080,selfCaliBufCnt:0,selfAccObjCnt:0,selfAccAngle:0,installHAngleOffset:0,Interpolation:0,installVAngleOffset:0,radarOffsetH:0,radarOffsetV:0.32,Polynom:-0.001023;-0.0511;-2.047;0;0;0;-0.001023;-0.0511;-2.047;-25.5;0;0,WheelDirection:0;0;0;0,selfAngleOffset:0,selfAngleOffsetPit:0,currCaliAngleHrz:0,currCaliAnglePit:0,selfCaliAngleHrz:0,selfCaliAnglePit:0,servCaliAngleHrz:0,servCaliAnglePit:0,offlineCaliAngleHrz:0,offlineCaliAnglePit:0,determine2useFlag:0,IMU_Z_Accel:0,IMU_X_AngularRate:0,IMU_Y_AngularRate:0,IMU_RollAngle:0,IMU_PitchAngle:0,IMU_YawAngle:0,FcwID:0,FCWWarningLevel:0,FCWTTC:0
0,5.12,0,-6.88,0,0,0,0,0,0.613,5.0875,-0.125,0,-7.1,0,0,0,0,0.0572958,0,0,0,0,98,0,0,0,0,0,0,57,0,0.00034,0.00034,0,0,0,0,0,3,0,0,0,0,0,0,1,0,0,0,0,0,0,0,0,99,0,,0,0,0,0,
122,9.91,0,-11.2,0,0,0,0,0,1.9255,9.725,-0.125,0,-17.7,0,0,0,0,0.0572958,0,0,0,0,98,0,0,0,0,0,0,57,0,0.00034,0.00034,0,0,0,0,0,1.4,0,0,0,0,0,0,1,0,0,0,0,0,0,0,0,99,0,,0,0,0,0,
END,Total:2
START,FrameNb:232,CameraNb:0,HeSaiNb:0,ARS410Nb:0
2026/08/02 21:35:41:896---->
heightOffset:0,1785677741896,250130,selfCaliBufCnt:0,selfAccObjCnt:0,selfAccAngle:0,installHAngleOffset:0,Interpolation:0,installVAngleOffset:0,radarOffsetH:0,radarOffsetV:0.32,Polynom:-0.001023;-0.0511;-2.047;0;0;0;-0.001023;-0.0511;-2.047;-25.5;0;0,WheelDirection:0;0;0;0,selfAngleOffset:0,selfAngleOffsetPit:0,currCaliAngleHrz:0,currCaliAnglePit:0,selfCaliAngleHrz:0,selfCaliAnglePit:0,servCaliAngleHrz:0,servCaliAnglePit:0,offlineCaliAngleHrz:0,offlineCaliAnglePit:0,determine2useFlag:0,IMU_Z_Accel:0,IMU_X_AngularRate:0,IMU_Y_AngularRate:0,IMU_RollAngle:0,IMU_PitchAngle:0,IMU_YawAngle:0,FcwID:0,FCWWarningLevel:0,FCWTTC:0
0,5.12,0,-6.88,0,0,0,0,0,0.613,5.0875,-0.125,0,-7.1,0,0,0,0,0.0572958,0,0,0,0,98,0,0,0,0,0,0,54,0,0.00034,0.00034,0,0,0,0,0,3.2,0,0,0,0,0,0,1,0,0,0,0,0,0,0,0,99,0,,0,0,0,0,
122,9.91,0,-11.2,0,0,0,0,0,1.9255,9.725,-0.125,0,-17.9,0,0,0,0,0.0572958,0,0,0,0,98,0,0,0,0,0,0,54,0,0.00034,0.00034,0,0,0,0,0,1.2,0,0,0,0,0,0,1,0,0,0,0,0,0,0,0,99,0,,0,0,0,0,
END,Total:2
START,FrameNb:233,CameraNb:0,HeSaiNb:0,ARS410Nb:0
2026/08/02 21:35:41:916---->
heightOffset:0,1785677741916,250180,selfCaliBufCnt:0,selfAccObjCnt:0,selfAccAngle:0,installHAngleOffset:0,Interpolation:0,installVAngleOffset:0,radarOffsetH:0,radarOffsetV:0.32,Polynom:-0.001023;-0.0511;-2.047;0;0;0;-0.001023;-0.0511;-2.047;-25.5;0;0,WheelDirection:0;0;0;0,selfAngleOffset:0,selfAngleOffsetPit:0,currCaliAngleHrz:0,currCaliAnglePit:0,selfCaliAngleHrz:0,selfCaliAnglePit:0,servCaliAngleHrz:0,servCaliAnglePit:0,offlineCaliAngleHrz:0,offlineCaliAnglePit:0,determine2useFlag:0,IMU_Z_Accel:0,IMU_X_AngularRate:0,IMU_Y_AngularRate:0,IMU_RollAngle:0,IMU_PitchAngle:0,IMU_YawAngle:0,FcwID:0,FCWWarningLevel:0,FCWTTC:0
0,5.12,0,-6.88,0,0,0,0,0,0.613,5.0875,-0.125,0,-7.1,0,0,0,0,0.0572958,0,0,0,0,98,0,0,0,0,0,0,58,0,0.00034,0.00034,0,0,0,0,0,3.2,0,0,0,0,0,0,1,0,0,0,0,0,0,0,0,99,0,,0,0,0,0,
122,9.91,0,-11.2,0,0,0,0,0,1.9255,9.725,-0.125,0,-17.9,0,0,0,0,0.0572958,0,0,0,0,98,0,0,0,0,0,0,58,0,0.00034,0.00034,0,0,0,0,0,1.2,0,0,0,0,0,0,1,0,0,0,0,0,0,0,0,99,0,,0,0,0,0,
END,Total:2
START,FrameNb:234,CameraNb:0,HeSaiNb:0,ARS410Nb:0
2026/08/02 21:35:41:974---->
heightOffset:0,1785677741974,250231,selfCaliBufCnt:0,selfAccObjCnt:0,selfAccAngle:0,installHAngleOffset:0,Interpolation:0,installVAngleOffset:0,radarOffsetH:0,radarOffsetV:0.32,Polynom:-0.001023;-0.0511;-2.047;0;0;0;-0.001023;-0.0511;-2.047;-25.5;0;0,WheelDirection:0;0;0;0,selfAngleOffset:0,selfAngleOffsetPit:0,currCaliAngleHrz:0,currCaliAnglePit:0,selfCaliAngleHrz:0,selfCaliAnglePit:0,servCaliAngleHrz:0,servCaliAnglePit:0,offlineCaliAngleHrz:0,offlineCaliAnglePit:0,determine2useFlag:0,IMU_Z_Accel:0,IMU_X_AngularRate:0,IMU_Y_AngularRate:0,IMU_RollAngle:0,IMU_PitchAngle:0,IMU_YawAngle:0,FcwID:0,FCWWarningLevel:0,FCWTTC:0
0,5.12,0,-6.88,0,0,0,0,0,0.613,5.0875,-0.125,0,-7.1,0,0,0,0,0.0572958,0,0,0,0,98,0,0,0,0,0,0,58,0,0.00034,0.00034,0,0,0,0,0,3.2,0,0,0,0,0,0,1,0,0,0,0,0,0,0,0,99,0,,0,0,0,0,
122,9.91,0,-11.2,0,0,0,0,0,1.9255,9.725,-0.125,0,-18.1,0,0,0,0,0.0572958,0,0,0,0,98,0,0,0,0,0,0,58,0,0.00034,0.00034,0,0,0,0,0,1.2,0,0,0,0,0,0,1,0,0,0,0,0,0,0,0,99,0,,0,0,0,0,
END,Total:2
START,FrameNb:235,CameraNb:0,HeSaiNb:0,ARS410Nb:0
2026/08/02 21:35:42:031---->
heightOffset:0,1785677742031,250281,selfCaliBufCnt:0,selfAccObjCnt:0,selfAccAngle:0,installHAngleOffset:0,Interpolation:0,installVAngleOffset:0,radarOffsetH:0,radarOffsetV:0.32,Polynom:-0.001023;-0.0511;-2.047;0;0;0;-0.001023;-0.0511;-2.047;-25.5;0;0,WheelDirection:0;0;0;0,selfAngleOffset:0,selfAngleOffsetPit:0,currCaliAngleHrz:0,currCaliAnglePit:0,selfCaliAngleHrz:0,selfCaliAnglePit:0,servCaliAngleHrz:0,servCaliAnglePit:0,offlineCaliAngleHrz:0,offlineCaliAnglePit:0,determine2useFlag:0,IMU_Z_Accel:0,IMU_X_AngularRate:0,IMU_Y_AngularRate:0,IMU_RollAngle:0,IMU_PitchAngle:0,IMU_YawAngle:0,FcwID:0,FCWWarningLevel:0,FCWTTC:0
0,5.12,0,-6.88,0,0,0,0,0,0.613,5.0875,-0.125,0,-7.1,0,0,0,0,0.0572958,0,0,0,0,98,0,0,0,0,0,0,53,0,0.00034,0.00034,0,0,0,0,0,3.2,0,0,0,0,0,0,1,0,0,0,0,0,0,0,0,99,0,,0,0,0,0,
122,9.91,-0.12,-11.2,0,0,0,0,0,1.9255,9.725,-0.125,-0.125,-18.1,0,0,0,0,0.0572958,0,0,0,0,98,0,0,0,0,0,0,53,0,0.00034,0.00034,0,0,0,0,0,1,0,0,0,0,0,0,1,0,0,0,0,0,0,0,0,99,0,,0,0,0,0,
END,Total:2
START,FrameNb:236,CameraNb:0,HeSaiNb:0,ARS410Nb:0
2026/08/02 21:35:42:091---->
heightOffset:0,1785677742091,250330,selfCaliBufCnt:0,selfAccObjCnt:0,selfAccAngle:0,installHAngleOffset:0,Interpolation:0,installVAngleOffset:0,radarOffsetH:0,radarOffsetV:0.32,Polynom:-0.001023;-0.0511;-2.047;0;0;0;-0.001023;-0.0511;-2.047;-25.5;0;0,WheelDirection:0;0;0;0,selfAngleOffset:0,selfAngleOffsetPit:0,currCaliAngleHrz:0,currCaliAnglePit:0,selfCaliAngleHrz:0,selfCaliAnglePit:0,servCaliAngleHrz:0,servCaliAnglePit:0,offlineCaliAngleHrz:0,offlineCaliAnglePit:0,determine2useFlag:0,IMU_Z_Accel:0,IMU_X_AngularRate:0,IMU_Y_AngularRate:0,IMU_RollAngle:0,IMU_PitchAngle:0,IMU_YawAngle:0,FcwID:0,FCWWarningLevel:0,FCWTTC:0
0,5.12,0,-6.88,0,0,0,0,0,0.613,5.0875,-0.125,0,-7.1,0,0,0,0,0.0572958,0,0,0,0,98,0,0,0,0,0,0,58,0,0.00034,0.00034,0,0,0,0,0,2.6,0,0,0,0,0,0,1,0,0,0,0,0,0,0,0,99,0,,0,0,0,0,
122,9.91,-0.12,-11.2,0,0,0,0,0,1.9255,9.725,-0.125,-0.125,-18.3,0,0,0,0,0.0572958,0,0,0,0,98,0,0,0,0,0,0,58,0,0.00034,0.00034,0,0,0,0,0,1,0,0,0,0,0,0,1,0,0,0,0,0,0,0,0,99,0,,0,0,0,0,
END,Total:2
START,FrameNb:237,CameraNb:0,HeSaiNb:0,ARS410Nb:0
2026/08/02 21:35:42:154---->
heightOffset:0,1785677742154,250380,selfCaliBufCnt:0,selfAccObjCnt:0,selfAccAngle:0,installHAngleOffset:0,Interpolation:0,installVAngleOffset:0,radarOffsetH:0,radarOffsetV:0.32,Polynom:-0.001023;-0.0511;-2.047;0;0;0;-0.001023;-0.0511;-2.047;-25.5;0;0,WheelDirection:0;0;0;0,selfAngleOffset:0,selfAngleOffsetPit:0,currCaliAngleHrz:0,currCaliAnglePit:0,selfCaliAngleHrz:0,selfCaliAnglePit:0,servCaliAngleHrz:0,servCaliAnglePit:0,offlineCaliAngleHrz:0,offlineCaliAnglePit:0,determine2useFlag:0,IMU_Z_Accel:0,IMU_X_AngularRate:0,IMU_Y_AngularRate:0,IMU_RollAngle:0,IMU_PitchAngle:0,IMU_YawAngle:0,FcwID:0,FCWWarningLevel:0,FCWTTC:0
0,5.12,0,-6.88,0,0,0,0,0,0.613,5.0875,-0.125,0,-7.1,0,0,0,0,0.0572958,0,0,0,0,98,0,0,0,0,0,0,53,0,0.00034,0.00034,0,0,0,0,0,2.2,0,0,0,0,0,0,1,0,0,0,0,0,0,0,0,99,0,,0,0,0,0,
122,9.91,-0.12,-11.2,0,0,0,0,0,1.9255,9.725,-0.125,-0.125,-18.3,0,0,0,0,0.0572958,0,0,0,0,98,0,0,0,0,0,0,53,0,0.00034,0.00034,0,0,0,0,0,1,0,0,0,0,0,0,1,0,0,0,0,0,0,0,0,99,0,,0,0,0,0,
END,Total:2
START,FrameNb:238,CameraNb:0,HeSaiNb:0,ARS410Nb:0
2026/08/02 21:35:42:166---->
heightOffset:0,1785677742166,250430,selfCaliBufCnt:0,selfAccObjCnt:0,selfAccAngle:0,installHAngleOffset:0,Interpolation:0,installVAngleOffset:0,radarOffsetH:0,radarOffsetV:0.32,Polynom:-0.001023;-0.0511;-2.047;0;0;0;-0.001023;-0.0511;-2.047;-25.5;0;0,WheelDirection:0;0;0;0,selfAngleOffset:0,selfAngleOffsetPit:0,currCaliAngleHrz:0,currCaliAnglePit:0,selfCaliAngleHrz:0,selfCaliAnglePit:0,servCaliAngleHrz:0,servCaliAnglePit:0,offlineCaliAngleHrz:0,offlineCaliAnglePit:0,determine2useFlag:0,IMU_Z_Accel:0,IMU_X_AngularRate:0,IMU_Y_AngularRate:0,IMU_RollAngle:0,IMU_PitchAngle:0,IMU_YawAngle:0,FcwID:0,FCWWarningLevel:0,FCWTTC:0
0,5.12,0,-6.88,0,0,0,0,0,0.613,5.0875,-0.125,0,-7.1,0,0,0,0,0.0572958,0,0,0,0,98,0,0,0,0,0,0,63,0,0.00034,0.00034,0,0,0,0,0,2,0,0,0,0,0,0,1,0,0,0,0,0,0,0,0,99,0,,0,0,0,0,
122,9.91,0,-11.2,0,0,0,0,0,1.9255,9.725,-0.125,0,-18.5,0,0,0,0,0.0572958,0,0,0,0,98,0,0,0,0,0,0,63,0,0.00034,0.00034,0,0,0,0,0,1.8,0,0,0,0,0,0,1,0,0,0,0,0,0,0,0,99,0,,0,0,0,0,
END,Total:2
START,FrameNb:239,CameraNb:0,HeSaiNb:0,ARS410Nb:0
2026/08/02 21:35:42:223---->
heightOffset:0,1785677742223,250480,selfCaliBufCnt:0,selfAccObjCnt:0,selfAccAngle:0,installHAngleOffset:0,Interpolation:0,installVAngleOffset:0,radarOffsetH:0,radarOffsetV:0.32,Polynom:-0.001023;-0.0511;-2.047;0;0;0;-0.001023;-0.0511;-2.047;-25.5;0;0,WheelDirection:0;0;0;0,selfAngleOffset:0,selfAngleOffsetPit:0,currCaliAngleHrz:0,currCaliAnglePit:0,selfCaliAngleHrz:0,selfCaliAnglePit:0,servCaliAngleHrz:0,servCaliAnglePit:0,offlineCaliAngleHrz:0,offlineCaliAnglePit:0,determine2useFlag:0,IMU_Z_Accel:0,IMU_X_AngularRate:0,IMU_Y_AngularRate:0,IMU_RollAngle:0,IMU_PitchAngle:0,IMU_YawAngle:0,FcwID:0,FCWWarningLevel:0,FCWTTC:0
0,5.12,0,-6.88,0,0,0,0,0,0.613,5.0875,-0.125,0,-7.1,0,0,0,0,0.0572958,0,0,0,0,98,0,0,0,0,0,0,57,0,0.00034,0.00034,0,0,0,0,0,1.6,0,0,0,0,0,0,1,0,0,0,0,0,0,0,0,99,0,,0,0,0,0,
122,9.91,-0.12,-11.2,0,0,0,0,0,1.9255,9.725,-0.125,-0.125,-18.7,0,0,0,0,0.0572958,0,0,0,0,98,0,0,0,0,0,0,57,0,0.00034,0.00034,0,0,0,0,0,2.4,0,0,0,0,0,0,1,0,0,0,0,0,0,0,0,99,0,,0,0,0,0,
END,Total:2
START,FrameNb:240,CameraNb:0,HeSaiNb:0,ARS410Nb:0
2026/08/02 21:35:42:280---->
heightOffset:0,1785677742280,250530,selfCaliBufCnt:0,selfAccObjCnt:0,selfAccAngle:0,installHAngleOffset:0,Interpolation:0,installVAngleOffset:0,radarOffsetH:0,radarOffsetV:0.32,Polynom:-0.001023;-0.0511;-2.047;0;0;0;-0.001023;-0.0511;-2.047;-25.5;0;0,WheelDirection:0;0;0;0,selfAngleOffset:0,selfAngleOffsetPit:0,currCaliAngleHrz:0,currCaliAnglePit:0,selfCaliAngleHrz:0,selfCaliAnglePit:0,servCaliAngleHrz:0,servCaliAnglePit:0,offlineCaliAngleHrz:0,offlineCaliAnglePit:0,determine2useFlag:0,IMU_Z_Accel:0,IMU_X_AngularRate:0,IMU_Y_AngularRate:0,IMU_RollAngle:0,IMU_PitchAngle:0,IMU_YawAngle:0,FcwID:0,FCWWarningLevel:0,FCWTTC:0
0,5.12,0,-6.88,0,0,0,0,0,0.613,5.0875,-0.125,0,-7.1,0,0,0,0,0.0572958,0,0,0,0,98,0,0,0,0,0,0,58,0,0.00034,0.00034,0,0,0,0,0,1.4,0,0,0,0,0,0,1,0,0,0,0,0,0,0,0,99,0,,0,0,0,0,
122,9.91,-0.12,-11.2,0,0,0,0,0,1.9255,9.725,-0.125,-0.125,-18.7,0,0,0,0,0.0572958,0,0,0,0,98,0,0,0,0,0,0,58,0,0.00034,0.00034,0,0,0,0,0,2.8,0,0,0,0,0,0,1,0,0,0,0,0,0,0,0,99,0,,0,0,0,0,
END,Total:2
START,FrameNb:241,CameraNb:0,HeSaiNb:0,ARS410Nb:0
2026/08/02 21:35:42:340---->
heightOffset:0,1785677742340,250580,selfCaliBufCnt:0,selfAccObjCnt:0,selfAccAngle:0,installHAngleOffset:0,Interpolation:0,installVAngleOffset:0,radarOffsetH:0,radarOffsetV:0.32,Polynom:-0.001023;-0.0511;-2.047;0;0;0;-0.001023;-0.0511;-2.047;-25.5;0;0,WheelDirection:0;0;0;0,selfAngleOffset:0,selfAngleOffsetPit:0,currCaliAngleHrz:0,currCaliAnglePit:0,selfCaliAngleHrz:0,selfCaliAnglePit:0,servCaliAngleHrz:0,servCaliAnglePit:0,offlineCaliAngleHrz:0,offlineCaliAnglePit:0,determine2useFlag:0,IMU_Z_Accel:0,IMU_X_AngularRate:0,IMU_Y_AngularRate:0,IMU_RollAngle:0,IMU_PitchAngle:0,IMU_YawAngle:0,FcwID:0,FCWWarningLevel:0,FCWTTC:0
0,5.12,0,-6.88,0,0,0,0,0,0.613,5.0875,-0.125,0,-7.1,0,0,0,0,0.0572958,0,0,0,0,98,0,0,0,0,0,0,54,0,0.00034,0.00034,0,0,0,0,0,1.4,0,0,0,0,0,0,1,0,0,0,0,0,0,0,0,99,0,,0,0,0,0,
122,9.91,-0.12,-11.2,0,0,0,0,0,1.9255,9.725,-0.125,-0.125,-18.7,0,0,0,0,0.0572958,0,0,0,0,98,0,0,0,0,0,0,54,0,0.00034,0.00034,0,0,0,0,0,2.8,0,0,0,0,0,0,1,0,0,0,0,0,0,0,0,99,0,,0,0,0,0,
END,Total:2
START,FrameNb:242,CameraNb:0,HeSaiNb:0,ARS410Nb:0
2026/08/02 21:35:42:404---->
heightOffset:0,1785677742404,250631,selfCaliBufCnt:0,selfAccObjCnt:0,selfAccAngle:0,installHAngleOffset:0,Interpolation:0,installVAngleOffset:0,radarOffsetH:0,radarOffsetV:0.32,Polynom:-0.001023;-0.0511;-2.047;0;0;0;-0.001023;-0.0511;-2.047;-25.5;0;0,WheelDirection:0;0;0;0,selfAngleOffset:0,selfAngleOffsetPit:0,currCaliAngleHrz:0,currCaliAnglePit:0,selfCaliAngleHrz:0,selfCaliAnglePit:0,servCaliAngleHrz:0,servCaliAnglePit:0,offlineCaliAngleHrz:0,offlineCaliAnglePit:0,determine2useFlag:0,IMU_Z_Accel:0,IMU_X_AngularRate:0,IMU_Y_AngularRate:0,IMU_RollAngle:0,IMU_PitchAngle:0,IMU_YawAngle:0,FcwID:0,FCWWarningLevel:0,FCWTTC:0
0,5.12,0,-6.88,0,0,0,0,0,0.613,5.0875,-0.125,0,-7.1,0,0,0,0,0.0572958,0,0,0,0,98,0,0,0,0,0,0,54,0,0.00034,0.00034,0,0,0,0,0,2,0,0,0,0,0,0,1,0,0,0,0,0,0,0,0,99,0,,0,0,0,0,
122,9.91,-0.12,-11.2,0,0,0,0,0,1.9255,9.725,-0.125,-0.125,-18.7,0,0,0,0,0.0572958,0,0,0,0,98,0,0,0,0,0,0,54,0,0.00034,0.00034,0,0,0,0,0,2.4,0,0,0,0,0,0,1,0,0,0,0,0,0,0,0,99,0,,0,0,0,0,
END,Total:2
START,FrameNb:243,CameraNb:0,HeSaiNb:0,ARS410Nb:0
2026/08/02 21:35:42:462---->
heightOffset:0,1785677742462,250680,selfCaliBufCnt:0,selfAccObjCnt:0,selfAccAngle:0,installHAngleOffset:0,Interpolation:0,installVAngleOffset:0,radarOffsetH:0,radarOffsetV:0.32,Polynom:-0.001023;-0.0511;-2.047;0;0;0;-0.001023;-0.0511;-2.047;-25.5;0;0,WheelDirection:0;0;0;0,selfAngleOffset:0,selfAngleOffsetPit:0,currCaliAngleHrz:0,currCaliAnglePit:0,selfCaliAngleHrz:0,selfCaliAnglePit:0,servCaliAngleHrz:0,servCaliAnglePit:0,offlineCaliAngleHrz:0,offlineCaliAnglePit:0,determine2useFlag:0,IMU_Z_Accel:0,IMU_X_AngularRate:0,IMU_Y_AngularRate:0,IMU_RollAngle:0,IMU_PitchAngle:0,IMU_YawAngle:0,FcwID:0,FCWWarningLevel:0,FCWTTC:0
0,5.12,0,-6.88,0,0,0,0,0,0.613,5.0875,-0.125,0,-7.1,0,0,0,0,0.0572958,0,0,0,0,98,0,0,0,0,0,0,57,0,0.00034,0.00034,0,0,0,0,0,2.4,0,0,0,0,0,0,1,0,0,0,0,0,0,0,0,99,0,,0,0,0,0,
122,9.91,-0.12,-11.2,0,0,0,0,0,1.9255,9.725,-0.125,-0.125,-18.9,0,0,0,0,0.0572958,0,0,0,0,98,0,0,0,0,0,0,57,0,0.00034,0.00034,0,0,0,0,0,2,0,0,0,0,0,0,1,0,0,0,0,0,0,0,0,99,0,,0,0,0,0,
END,Total:2
START,FrameNb:244,CameraNb:0,HeSaiNb:0,ARS410Nb:0
2026/08/02 21:35:42:476---->
heightOffset:0,1785677742476,250731,selfCaliBufCnt:0,selfAccObjCnt:0,selfAccAngle:0,installHAngleOffset:0,Interpolation:0,installVAngleOffset:0,radarOffsetH:0,radarOffsetV:0.32,Polynom:-0.001023;-0.0511;-2.047;0;0;0;-0.001023;-0.0511;-2.047;-25.5;0;0,WheelDirection:0;0;0;0,selfAngleOffset:0,selfAngleOffsetPit:0,currCaliAngleHrz:0,currCaliAnglePit:0,selfCaliAngleHrz:0,selfCaliAnglePit:0,servCaliAngleHrz:0,servCaliAnglePit:0,offlineCaliAngleHrz:0,offlineCaliAnglePit:0,determine2useFlag:0,IMU_Z_Accel:0,IMU_X_AngularRate:0,IMU_Y_AngularRate:0,IMU_RollAngle:0,IMU_PitchAngle:0,IMU_YawAngle:0,FcwID:0,FCWWarningLevel:0,FCWTTC:0
0,5.12,0,-6.88,0,0,0,0,0,0.613,5.0875,-0.125,0,-7.1,0,0,0,0,0.0572958,0,0,0,0,98,0,0,0,0,0,0,54,0,0.00034,0.00034,0,0,0,0,0,2.6,0,0,0,0,0,0,1,0,0,0,0,0,0,0,0,99,0,,0,0,0,0,
122,9.91,-0.12,-11.2,0,0,0,0,0,1.9255,9.725,-0.125,-0.125,-19.1,0,0,0,0,0.0572958,0,0,0,0,98,0,0,0,0,0,0,54,0,0.00034,0.00034,0,0,0,0,0,1.8,0,0,0,0,0,0,1,0,0,0,0,0,0,0,0,99,0,,0,0,0,0,
END,Total:2
START,FrameNb:245,CameraNb:0,HeSaiNb:0,ARS410Nb:0
2026/08/02 21:35:42:532---->
heightOffset:0,1785677742532,250780,selfCaliBufCnt:0,selfAccObjCnt:0,selfAccAngle:0,installHAngleOffset:0,Interpolation:0,installVAngleOffset:0,radarOffsetH:0,radarOffsetV:0.32,Polynom:-0.001023;-0.0511;-2.047;0;0;0;-0.001023;-0.0511;-2.047;-25.5;0;0,WheelDirection:0;0;0;0,selfAngleOffset:0,selfAngleOffsetPit:0,currCaliAngleHrz:0,currCaliAnglePit:0,selfCaliAngleHrz:0,selfCaliAnglePit:0,servCaliAngleHrz:0,servCaliAnglePit:0,offlineCaliAngleHrz:0,offlineCaliAnglePit:0,determine2useFlag:0,IMU_Z_Accel:0,IMU_X_AngularRate:0,IMU_Y_AngularRate:0,IMU_RollAngle:0,IMU_PitchAngle:0,IMU_YawAngle:0,FcwID:0,FCWWarningLevel:0,FCWTTC:0
0,5.12,0,-6.88,0,0,0,0,0,0.613,5.0875,-0.125,0,-7.1,0,0,0,0,0.0572958,0,0,0,0,98,0,0,0,0,0,0,57,0,0.00034,0.00034,0,0,0,0,0,2.8,0,0,0,0,0,0,1,0,0,0,0,0,0,0,0,99,0,,0,0,0,0,
122,9.91,-0.12,-11.2,0,0,0,0,0,1.9255,9.725,-0.125,-0.125,-19.3,0,0,0,0,0.0572958,0,0,0,0,98,0,0,0,0,0,0,57,0,0.00034,0.00034,0,0,0,0,0,2.4,0,0,0,0,0,0,1,0,0,0,0,0,0,0,0,99,0,,0,0,0,0,
END,Total:2
START,FrameNb:246,CameraNb:0,HeSaiNb:0,ARS410Nb:0
2026/08/02 21:35:42:592---->
heightOffset:0,1785677742592,250830,selfCaliBufCnt:0,selfAccObjCnt:0,selfAccAngle:0,installHAngleOffset:0,Interpolation:0,installVAngleOffset:0,radarOffsetH:0,radarOffsetV:0.32,Polynom:-0.001023;-0.0511;-2.047;0;0;0;-0.001023;-0.0511;-2.047;-25.5;0;0,WheelDirection:0;0;0;0,selfAngleOffset:0,selfAngleOffsetPit:0,currCaliAngleHrz:0,currCaliAnglePit:0,selfCaliAngleHrz:0,selfCaliAnglePit:0,servCaliAngleHrz:0,servCaliAnglePit:0,offlineCaliAngleHrz:0,offlineCaliAnglePit:0,determine2useFlag:0,IMU_Z_Accel:0,IMU_X_AngularRate:0,IMU_Y_AngularRate:0,IMU_RollAngle:0,IMU_PitchAngle:0,IMU_YawAngle:0,FcwID:0,FCWWarningLevel:0,FCWTTC:0
0,5.12,0,-6.88,0,0,0,0,0,0.613,5.0875,-0.125,0,-7.1,0,0,0,0,0.0572958,0,0,0,0,98,0,0,0,0,0,0,57,0,0.00034,0.00034,0,0,0,0,0,3,0,0,0,0,0,0,1,0,0,0,0,0,0,0,0,99,0,,0,0,0,0,
122,9.91,-0.12,-11.2,0,0,0,0,0,1.9255,9.725,-0.125,-0.125,-19.3,0,0,0,0,0.0572958,0,0,0,0,97,0,0,0,0,0,0,57,0,0.00034,0.00034,0,0,0,0,0,2.2,0,0,0,0,0,0,1,0,0,0,0,0,0,0,0,99,0,,0,0,0,0,
END,Total:2
START,FrameNb:247,CameraNb:0,HeSaiNb:0,ARS410Nb:0
2026/08/02 21:35:42:654---->
heightOffset:0,1785677742654,250880,selfCaliBufCnt:0,selfAccObjCnt:0,selfAccAngle:0,installHAngleOffset:0,Interpolation:0,installVAngleOffset:0,radarOffsetH:0,radarOffsetV:0.32,Polynom:-0.001023;-0.0511;-2.047;0;0;0;-0.001023;-0.0511;-2.047;-25.5;0;0,WheelDirection:0;0;0;0,selfAngleOffset:0,selfAngleOffsetPit:0,currCaliAngleHrz:0,currCaliAnglePit:0,selfCaliAngleHrz:0,selfCaliAnglePit:0,servCaliAngleHrz:0,servCaliAnglePit:0,offlineCaliAngleHrz:0,offlineCaliAnglePit:0,determine2useFlag:0,IMU_Z_Accel:0,IMU_X_AngularRate:0,IMU_Y_AngularRate:0,IMU_RollAngle:0,IMU_PitchAngle:0,IMU_YawAngle:0,FcwID:0,FCWWarningLevel:0,FCWTTC:0
0,5.12,0,-6.88,0,0,0,0,0,0.613,5.0875,-0.125,0,-7.1,0,0,0,0,0.0572958,0,0,0,0,98,0,0,0,0,0,0,62,0,0.00034,0.00034,0,0,0,0,0,3.2,0,0,0,0,0,0,1,0,0,0,0,0,0,0,0,99,0,,0,0,0,0,
122,9.91,-0.12,-11.2,0,0,0,0,0,1.9255,9.725,-0.125,-0.125,-19.3,0,0,0,0,0.0572958,0,0,0,0,95,0,0,0,0,0,0,62,0,0.00034,0.00034,0,0,0,0,0,2.2,0,0,0,0,0,0,1,0,0,0,0,0,0,0,0,99,0,,0,0,0,0,
END,Total:2
START,FrameNb:248,CameraNb:0,HeSaiNb:0,ARS410Nb:0
2026/08/02 21:35:42:673---->
heightOffset:0,1785677742673,250930,selfCaliBufCnt:0,selfAccObjCnt:0,selfAccAngle:0,installHAngleOffset:0,Interpolation:0,installVAngleOffset:0,radarOffsetH:0,radarOffsetV:0.32,Polynom:-0.001023;-0.0511;-2.047;0;0;0;-0.001023;-0.0511;-2.047;-25.5;0;0,WheelDirection:0;0;0;0,selfAngleOffset:0,selfAngleOffsetPit:0,currCaliAngleHrz:0,currCaliAnglePit:0,selfCaliAngleHrz:0,selfCaliAnglePit:0,servCaliAngleHrz:0,servCaliAnglePit:0,offlineCaliAngleHrz:0,offlineCaliAnglePit:0,determine2useFlag:0,IMU_Z_Accel:0,IMU_X_AngularRate:0,IMU_Y_AngularRate:0,IMU_RollAngle:0,IMU_PitchAngle:0,IMU_YawAngle:0,FcwID:0,FCWWarningLevel:0,FCWTTC:0
0,5.12,0,-6.88,0,0,0,0,0,0.613,5.0875,-0.125,0,-7.1,0,0,0,0,0.0572958,0,0,0,0,98,0,0,0,0,0,0,55,0,0.00034,0.00034,0,0,0,0,0,3.2,0,0,0,0,0,0,1,0,0,0,0,0,0,0,0,99,0,,0,0,0,0,
122,9.91,-0.12,-11.2,0,0,0,0,0,1.9255,9.725,-0.125,-0.125,-13.9,0,0,0,0,0.0572958,0,0,0,0,95,0,0,0,0,0,0,55,0,0.00034,0.00034,0,0,0,0,0,1.8,0,0,0,0,0,0,1,0,0,0,0,0,0,0,0,99,0,,0,0,0,0,
END,Total:2
START,FrameNb:249,CameraNb:0,HeSaiNb:0,ARS410Nb:0
2026/08/02 21:35:42:733---->
heightOffset:0,1785677742733,250980,selfCaliBufCnt:0,selfAccObjCnt:0,selfAccAngle:0,installHAngleOffset:0,Interpolation:0,installVAngleOffset:0,radarOffsetH:0,radarOffsetV:0.32,Polynom:-0.001023;-0.0511;-2.047;0;0;0;-0.001023;-0.0511;-2.047;-25.5;0;0,WheelDirection:0;0;0;0,selfAngleOffset:0,selfAngleOffsetPit:0,currCaliAngleHrz:0,currCaliAnglePit:0,selfCaliAngleHrz:0,selfCaliAnglePit:0,servCaliAngleHrz:0,servCaliAnglePit:0,offlineCaliAngleHrz:0,offlineCaliAnglePit:0,determine2useFlag:0,IMU_Z_Accel:0,IMU_X_AngularRate:0,IMU_Y_AngularRate:0,IMU_RollAngle:0,IMU_PitchAngle:0,IMU_YawAngle:0,FcwID:0,FCWWarningLevel:0,FCWTTC:0
0,5.12,0,-6.88,0,0,0,0,0,0.613,5.0875,-0.125,0,-7.1,0,0,0,0,0.0572958,0,0,0,0,98,0,0,0,0,0,0,58,0,0.00034,0.00034,0,0,0,0,0,3.2,0,0,0,0,0,0,1,0,0,0,0,0,0,0,0,99,0,,0,0,0,0,
122,9.91,-0.12,-11.2,0,0,0,0,0,1.9255,9.725,-0.125,-0.125,-13.9,0,0,0,0,0.0572958,0,0,0,0,95,0,0,0,0,0,0,58,0,0.00034,0.00034,0,0,0,0,0,1.8,0,0,0,0,0,0,1,0,0,0,0,0,0,0,0,99,0,,0,0,0,0,
END,Total:2
START,FrameNb:250,CameraNb:0,HeSaiNb:0,ARS410Nb:0
2026/08/02 21:35:42:797---->
heightOffset:0,1785677742797,251030,selfCaliBufCnt:0,selfAccObjCnt:0,selfAccAngle:0,installHAngleOffset:0,Interpolation:0,installVAngleOffset:0,radarOffsetH:0,radarOffsetV:0.32,Polynom:-0.001023;-0.0511;-2.047;0;0;0;-0.001023;-0.0511;-2.047;-25.5;0;0,WheelDirection:0;0;0;0,selfAngleOffset:0,selfAngleOffsetPit:0,currCaliAngleHrz:0,currCaliAnglePit:0,selfCaliAngleHrz:0,selfCaliAnglePit:0,servCaliAngleHrz:0,servCaliAnglePit:0,offlineCaliAngleHrz:0,offlineCaliAnglePit:0,determine2useFlag:0,IMU_Z_Accel:0,IMU_X_AngularRate:0,IMU_Y_AngularRate:0,IMU_RollAngle:0,IMU_PitchAngle:0,IMU_YawAngle:0,FcwID:0,FCWWarningLevel:0,FCWTTC:0
0,5.12,0,-6.88,0,0,0,0,0,0.613,5.0875,-0.125,0,-7.1,0,0,0,0,0.0572958,0,0,0,0,98,0,0,0,0,0,0,58,0,0.00034,0.00034,0,0,0,0,0,2.6,0,0,0,0,0,0,1,0,0,0,0,0,0,0,0,99,0,,0,0,0,0,
122,9.91,-0.12,-11.2,0,0,0,0,0,1.9255,9.725,-0.125,-0.125,-9.1,0,0,0,0,0.0572958,0,0,0,0,95,0,0,0,0,0,0,58,0,0.00034,0.00034,0,0,0,0,0,2.4,0,0,0,0,0,0,1,0,0,0,0,0,0,0,0,99,0,,0,0,0,0,
END,Total:2
START,FrameNb:251,CameraNb:0,HeSaiNb:0,ARS410Nb:0
2026/08/02 21:35:42:854---->
heightOffset:0,1785677742854,251080,selfCaliBufCnt:0,selfAccObjCnt:0,selfAccAngle:0,installHAngleOffset:0,Interpolation:0,installVAngleOffset:0,radarOffsetH:0,radarOffsetV:0.32,Polynom:-0.001023;-0.0511;-2.047;0;0;0;-0.001023;-0.0511;-2.047;-25.5;0;0,WheelDirection:0;0;0;0,selfAngleOffset:0,selfAngleOffsetPit:0,currCaliAngleHrz:0,currCaliAnglePit:0,selfCaliAngleHrz:0,selfCaliAnglePit:0,servCaliAngleHrz:0,servCaliAnglePit:0,offlineCaliAngleHrz:0,offlineCaliAnglePit:0,determine2useFlag:0,IMU_Z_Accel:0,IMU_X_AngularRate:0,IMU_Y_AngularRate:0,IMU_RollAngle:0,IMU_PitchAngle:0,IMU_YawAngle:0,FcwID:0,FCWWarningLevel:0,FCWTTC:0
0,5.12,0,-6.88,0,0,0,0,0,0.613,5.0875,0,0,-7.1,0,0,0,0,0.0572958,0,0,0,0,98,0,0,0,0,0,0,54,0,0.00034,0.00034,0,0,0,0,0,2.2,0,0,0,0,0,0,1,0,0,0,0,0,0,0,0,99,0,,0,0,0,0,
122,9.91,-0.12,-11.2,0,0,0,0,0,1.9255,9.725,-0.125,-0.125,-4.9,0,0,0,0,0.0572958,0,0,0,0,95,0,0,0,0,0,0,54,0,0.00034,0.00034,0,0,0,0,0,2,0,0,0,0,0,0,1,0,0,0,0,0,0,0,0,99,0,,0,0,0,0,
END,Total:2
START,FrameNb:252,CameraNb:0,HeSaiNb:0,ARS410Nb:0
2026/08/02 21:35:42:914---->
heightOffset:0,1785677742914,251131,selfCaliBufCnt:0,selfAccObjCnt:0,selfAccAngle:0,installHAngleOffset:0,Interpolation:0,installVAngleOffset:0,radarOffsetH:0,radarOffsetV:0.32,Polynom:-0.001023;-0.0511;-2.047;0;0;0;-0.001023;-0.0511;-2.047;-25.5;0;0,WheelDirection:0;0;0;0,selfAngleOffset:0,selfAngleOffsetPit:0,currCaliAngleHrz:0,currCaliAnglePit:0,selfCaliAngleHrz:0,selfCaliAnglePit:0,servCaliAngleHrz:0,servCaliAnglePit:0,offlineCaliAngleHrz:0,offlineCaliAnglePit:0,determine2useFlag:0,IMU_Z_Accel:0,IMU_X_AngularRate:0,IMU_Y_AngularRate:0,IMU_RollAngle:0,IMU_PitchAngle:0,IMU_YawAngle:0,FcwID:0,FCWWarningLevel:0,FCWTTC:0
0,5.12,0,-6.88,0,0,0,0,0,0.613,5.0875,0,0,-7.1,0,0,0,0,0.0572958,0,0,0,0,98,0,0,0,0,0,0,57,0,0.00034,0.00034,0,0,0,0,0,2.6,0,0,0,0,0,0,1,0,0,0,0,0,0,0,0,99,0,,0,0,0,0,
122,9.91,-0.12,-11.2,0,0,0,0,0,1.9255,9.725,-0.125,-0.125,-1.3,0,0,0,0,0.0572958,0,0,0,0,95,0,0,0,0,0,0,57,0,0.00034,0.00034,0,0,0,0,0,2.6,0,0,0,0,0,0,1,0,0,0,0,0,0,0,0,99,0,,0,0,0,0,
END,Total:2
START,FrameNb:253,CameraNb:0,HeSaiNb:0,ARS410Nb:0
2026/08/02 21:35:42:926---->
heightOffset:0,1785677742926,251180,selfCaliBufCnt:0,selfAccObjCnt:0,selfAccAngle:0,installHAngleOffset:0,Interpolation:0,installVAngleOffset:0,radarOffsetH:0,radarOffsetV:0.32,Polynom:-0.001023;-0.0511;-2.047;0;0;0;-0.001023;-0.0511;-2.047;-25.5;0;0,WheelDirection:0;0;0;0,selfAngleOffset:0,selfAngleOffsetPit:0,currCaliAngleHrz:0,currCaliAnglePit:0,selfCaliAngleHrz:0,selfCaliAnglePit:0,servCaliAngleHrz:0,servCaliAnglePit:0,offlineCaliAngleHrz:0,offlineCaliAnglePit:0,determine2useFlag:0,IMU_Z_Accel:0,IMU_X_AngularRate:0,IMU_Y_AngularRate:0,IMU_RollAngle:0,IMU_PitchAngle:0,IMU_YawAngle:0,FcwID:0,FCWWarningLevel:0,FCWTTC:0
0,5.12,0,-6.88,0,0,0,0,0,0.613,5.0875,-0.125,0,-6.9,0,0,0,0,0.0572958,0,0,0,0,98,0,0,0,0,0,0,54,0,0.00034,0.00034,0,0,0,0,0,2.2,0,0,0,0,0,0,1,0,0,0,0,0,0,0,0,99,0,,0,0,0,0,
122,9.91,-0.12,-11.2,0,0,0,0,0,1.9255,9.725,-0.125,-0.125,1.7,0,0,0,0,0.0572958,0,0,0,0,95,0,0,0,0,0,0,54,0,0.00034,0.00034,0,0,0,0,0,3,0,0,0,0,0,0,1,0,0,0,0,0,0,0,0,99,0,,0,0,0,0,
END,Total:2
START,FrameNb:254,CameraNb:0,HeSaiNb:0,ARS410Nb:0
2026/08/02 21:35:42:979---->
heightOffset:0,1785677742979,251230,selfCaliBufCnt:0,selfAccObjCnt:0,selfAccAngle:0,installHAngleOffset:0,Interpolation:0,installVAngleOffset:0,radarOffsetH:0,radarOffsetV:0.32,Polynom:-0.001023;-0.0511;-2.047;0;0;0;-0.001023;-0.0511;-2.047;-25.5;0;0,WheelDirection:0;0;0;0,selfAngleOffset:0,selfAngleOffsetPit:0,currCaliAngleHrz:0,currCaliAnglePit:0,selfCaliAngleHrz:0,selfCaliAnglePit:0,servCaliAngleHrz:0,servCaliAnglePit:0,offlineCaliAngleHrz:0,offlineCaliAnglePit:0,determine2useFlag:0,IMU_Z_Accel:0,IMU_X_AngularRate:0,IMU_Y_AngularRate:0,IMU_RollAngle:0,IMU_PitchAngle:0,IMU_YawAngle:0,FcwID:0,FCWWarningLevel:0,FCWTTC:0
0,5.12,0,-6.88,0,0,0,0,0,0.613,5.0875,-0.125,0,-6.9,0,0,0,0,0.0572958,0,0,0,0,98,0,0,0,0,0,0,60,0,0.00034,0.00034,0,0,0,0,0,1.8,0,0,0,0,0,0,1,0,0,0,0,0,0,0,0,99,0,,0,0,0,0,
122,9.91,-0.12,-11.2,0,0,0,0,0,1.9255,9.725,-0.125,-0.125,4.3,0,0,0,0,0.0572958,0,0,0,0,95,0,0,0,0,0,0,60,0,0.00034,0.00034,0,0,0,0,0,3.4,0,0,0,0,0,0,1,0,0,0,0,0,0,0,0,99,0,,0,0,0,0,
END,Total:2
START,FrameNb:255,CameraNb:0,HeSaiNb:0,ARS410Nb:0
2026/08/02 21:35:43:044---->
heightOffset:0,1785677743044,251280,selfCaliBufCnt:0,selfAccObjCnt:0,selfAccAngle:0,installHAngleOffset:0,Interpolation:0,installVAngleOffset:0,radarOffsetH:0,radarOffsetV:0.32,Polynom:-0.001023;-0.0511;-2.047;0;0;0;-0.001023;-0.0511;-2.047;-25.5;0;0,WheelDirection:0;0;0;0,selfAngleOffset:0,selfAngleOffsetPit:0,currCaliAngleHrz:0,currCaliAnglePit:0,selfCaliAngleHrz:0,selfCaliAnglePit:0,servCaliAngleHrz:0,servCaliAnglePit:0,offlineCaliAngleHrz:0,offlineCaliAnglePit:0,determine2useFlag:0,IMU_Z_Accel:0,IMU_X_AngularRate:0,IMU_Y_AngularRate:0,IMU_RollAngle:0,IMU_PitchAngle:0,IMU_YawAngle:0,FcwID:0,FCWWarningLevel:0,FCWTTC:0
0,5.12,0,-6.88,0,0,0,0,0,0.613,5.0875,-0.125,0,-6.9,0,0,0,0,0.0572958,0,0,0,0,98,0,0,0,0,0,0,60,0,0.00034,0.00034,0,0,0,0,0,1.6,0,0,0,0,0,0,1,0,0,0,0,0,0,0,0,99,0,,0,0,0,0,
122,9.91,-0.12,-11.2,0,0,0,0,0,1.9255,9.725,-0.125,-0.125,6.9,0,0,0,0,0.0572958,0,0,0,0,95,0,0,0,0,0,0,60,0,0.00034,0.00034,0,0,0,0,0,2.8,0,0,0,0,0,0,1,0,0,0,0,0,0,0,0,99,0,,0,0,0,0,
END,Total:2
START,FrameNb:256,CameraNb:0,HeSaiNb:0,ARS410Nb:0
2026/08/02 21:35:43:104---->
heightOffset:0,1785677743104,251330,selfCaliBufCnt:0,selfAccObjCnt:0,selfAccAngle:0,installHAngleOffset:0,Interpolation:0,installVAngleOffset:0,radarOffsetH:0,radarOffsetV:0.32,Polynom:-0.001023;-0.0511;-2.047;0;0;0;-0.001023;-0.0511;-2.047;-25.5;0;0,WheelDirection:0;0;0;0,selfAngleOffset:0,selfAngleOffsetPit:0,currCaliAngleHrz:0,currCaliAnglePit:0,selfCaliAngleHrz:0,selfCaliAnglePit:0,servCaliAngleHrz:0,servCaliAnglePit:0,offlineCaliAngleHrz:0,offlineCaliAnglePit:0,determine2useFlag:0,IMU_Z_Accel:0,IMU_X_AngularRate:0,IMU_Y_AngularRate:0,IMU_RollAngle:0,IMU_PitchAngle:0,IMU_YawAngle:0,FcwID:0,FCWWarningLevel:0,FCWTTC:0
0,5.12,0,-6.88,0,0,0,0,0,0.613,5.0875,-0.125,0,-6.9,0,0,0,0,0.0572958,0,0,0,0,98,0,0,0,0,0,0,58,0,0.00034,0.00034,0,0,0,0,0,1.4,0,0,0,0,0,0,1,0,0,0,0,0,0,0,0,99,0,,0,0,0,0,
122,9.91,0,-11.2,0,0,0,0,0,1.9255,9.725,-0.125,0,2.7,0,0,0,0,0.0572958,0,0,0,0,95,0,0,0,0,0,0,58,0,0.00034,0.00034,0,0,0,0,0,2.4,0,0,0,0,0,0,1,0,0,0,0,0,0,0,0,99,0,,0,0,0,0,
END,Total:2
START,FrameNb:257,CameraNb:0,HeSaiNb:0,ARS410Nb:0
2026/08/02 21:35:43:158---->
heightOffset:0,1785677743158,251380,selfCaliBufCnt:0,selfAccObjCnt:0,selfAccAngle:0,installHAngleOffset:0,Interpolation:0,installVAngleOffset:0,radarOffsetH:0,radarOffsetV:0.32,Polynom:-0.001023;-0.0511;-2.047;0;0;0;-0.001023;-0.0511;-2.047;-25.5;0;0,WheelDirection:0;0;0;0,selfAngleOffset:0,selfAngleOffsetPit:0,currCaliAngleHrz:0,currCaliAnglePit:0,selfCaliAngleHrz:0,selfCaliAnglePit:0,servCaliAngleHrz:0,servCaliAnglePit:0,offlineCaliAngleHrz:0,offlineCaliAnglePit:0,determine2useFlag:0,IMU_Z_Accel:0,IMU_X_AngularRate:0,IMU_Y_AngularRate:0,IMU_RollAngle:0,IMU_PitchAngle:0,IMU_YawAngle:0,FcwID:0,FCWWarningLevel:0,FCWTTC:0
0,5.12,0,-6.88,0,0,0,0,0,0.613,5.0875,-0.125,0,-6.9,0,0,0,0,0.0572958,0,0,0,0,98,0,0,0,0,0,0,53,0,0.00034,0.00034,0,0,0,0,0,1.2,0,0,0,0,0,0,1,0,0,0,0,0,0,0,0,99,0,,0,0,0,0,
122,9.91,0,-11.2,0,0,0,0,0,1.9255,9.725,-0.125,0,-0.7,0,0,0,0,0.0572958,0,0,0,0,96,0,0,0,0,0,0,53,0,0.00034,0.00034,0,0,0,0,0,2,0,0,0,0,0,0,1,0,0,0,0,0,0,0,0,99,0,,0,0,0,0,
END,Total:2
START,FrameNb:258,CameraNb:0,HeSaiNb:0,ARS410Nb:0
2026/08/02 21:35:43:171---->
heightOffset:0,1785677743171,251430,selfCaliBufCnt:0,selfAccObjCnt:0,selfAccAngle:0,installHAngleOffset:0,Interpolation:0,installVAngleOffset:0,radarOffsetH:0,radarOffsetV:0.32,Polynom:-0.001023;-0.0511;-2.047;0;0;0;-0.001023;-0.0511;-2.047;-25.5;0;0,WheelDirection:0;0;0;0,selfAngleOffset:0,selfAngleOffsetPit:0,currCaliAngleHrz:0,currCaliAnglePit:0,selfCaliAngleHrz:0,selfCaliAnglePit:0,servCaliAngleHrz:0,servCaliAnglePit:0,offlineCaliAngleHrz:0,offlineCaliAnglePit:0,determine2useFlag:0,IMU_Z_Accel:0,IMU_X_AngularRate:0,IMU_Y_AngularRate:0,IMU_RollAngle:0,IMU_PitchAngle:0,IMU_YawAngle:0,FcwID:0,FCWWarningLevel:0,FCWTTC:0
0,5.12,0,-6.88,0,0,0,0,0,0.613,5.0875,-0.125,0,-6.9,0,0,0,0,0.0572958,0,0,0,0,98,0,0,0,0,0,0,59,0,0.00034,0.00034,0,0,0,0,0,1.2,0,0,0,0,0,0,1,0,0,0,0,0,0,0,0,99,0,,0,0,0,0,
122,9.91,0,-11.2,0,0,0,0,0,1.9255,9.725,-0.125,0,-0.7,0,0,0,0,0.0572958,0,0,0,0,96,0,0,0,0,0,0,59,0,0.00034,0.00034,0,0,0,0,0,2,0,0,0,0,0,0,1,0,0,0,0,0,0,0,0,99,0,,0,0,0,0,
END,Total:2
START,FrameNb:259,CameraNb:0,HeSaiNb:0,ARS410Nb:0
2026/08/02 21:35:43:230---->
heightOffset:0,1785677743230,251481,selfCaliBufCnt:0,selfAccObjCnt:0,selfAccAngle:0,installHAngleOffset:0,Interpolation:0,installVAngleOffset:0,radarOffsetH:0,radarOffsetV:0.32,Polynom:-0.001023;-0.0511;-2.047;0;0;0;-0.001023;-0.0511;-2.047;-25.5;0;0,WheelDirection:0;0;0;0,selfAngleOffset:0,selfAngleOffsetPit:0,currCaliAngleHrz:0,currCaliAnglePit:0,selfCaliAngleHrz:0,selfCaliAnglePit:0,servCaliAngleHrz:0,servCaliAnglePit:0,offlineCaliAngleHrz:0,offlineCaliAnglePit:0,determine2useFlag:0,IMU_Z_Accel:0,IMU_X_AngularRate:0,IMU_Y_AngularRate:0,IMU_RollAngle:0,IMU_PitchAngle:0,IMU_YawAngle:0,FcwID:0,FCWWarningLevel:0,FCWTTC:0
0,5.12,0,-6.88,0,0,0,0,0,0.613,5.0875,-0.125,0,-6.9,0,0,0,0,0.0572958,0,0,0,0,98,0,0,0,0,0,0,59,0,0.00034,0.00034,0,0,0,0,0,1.8,0,0,0,0,0,0,1,0,0,0,0,0,0,0,0,99,0,,0,0,0,0,
122,9.91,0,-11.2,0,0,0,0,0,1.9255,9.725,-0.125,0,-0.7,0,0,0,0,0.0572958,0,0,0,0,95,0,0,0,0,0,0,59,0,0.00034,0.00034,0,0,0,0,0,2,0,0,0,0,0,0,1,0,0,0,0,0,0,0,0,99,0,,0,0,0,0,
END,Total:2
START,FrameNb:260,CameraNb:0,HeSaiNb:0,ARS410Nb:0
2026/08/02 21:35:43:283---->
heightOffset:0,1785677743283,251531,selfCaliBufCnt:0,selfAccObjCnt:0,selfAccAngle:0,installHAngleOffset:0,Interpolation:0,installVAngleOffset:0,radarOffsetH:0,radarOffsetV:0.32,Polynom:-0.001023;-0.0511;-2.047;0;0;0;-0.001023;-0.0511;-2.047;-25.5;0;0,WheelDirection:0;0;0;0,selfAngleOffset:0,selfAngleOffsetPit:0,currCaliAngleHrz:0,currCaliAnglePit:0,selfCaliAngleHrz:0,selfCaliAnglePit:0,servCaliAngleHrz:0,servCaliAnglePit:0,offlineCaliAngleHrz:0,offlineCaliAnglePit:0,determine2useFlag:0,IMU_Z_Accel:0,IMU_X_AngularRate:0,IMU_Y_AngularRate:0,IMU_RollAngle:0,IMU_PitchAngle:0,IMU_YawAngle:0,FcwID:0,FCWWarningLevel:0,FCWTTC:0
0,5.12,0,-6.88,0,0,0,0,0,0.613,5.0875,-0.125,0,-6.9,0,0,0,0,0.0572958,0,0,0,0,98,0,0,0,0,0,0,53,0,0.00034,0.00034,0,0,0,0,0,2.2,0,0,0,0,0,0,1,0,0,0,0,0,0,0,0,99,0,,0,0,0,0,
36,8.89,0,26.29,0,0,0,0,0,-3.937,7.975,-0.125,0,-5.3,0,0,0,0,0.0572958,0,0,0,0,65,0,0,0,0,0,0,53,0,0.00034,0.00034,0,0,0,0,0,0.2,0,0,0,0,0,0,1,0,0,0,0,0,0,0,0,69,0,,0,0,0,0,
122,9.91,0,-11.2,0,0,0,0,0,1.9255,9.725,-0.125,0,-0.7,0,0,0,0,0.0572958,0,0,0,0,93,0,0,0,0,0,0,53,0,0.00034,0.00034,0,0,0,0,0,2,0,0,0,0,0,0,1,0,0,0,0,0,0,0,0,99,0,,0,0,0,0,
END,Total:3
START,FrameNb:261,CameraNb:0,HeSaiNb:0,ARS410Nb:0
2026/08/02 21:35:43:337---->
heightOffset:0,1785677743337,251580,selfCaliBufCnt:0,selfAccObjCnt:0,selfAccAngle:0,installHAngleOffset:0,Interpolation:0,installVAngleOffset:0,radarOffsetH:0,radarOffsetV:0.32,Polynom:-0.001023;-0.0511;-2.047;0;0;0;-0.001023;-0.0511;-2.047;-25.5;0;0,WheelDirection:0;0;0;0,selfAngleOffset:0,selfAngleOffsetPit:0,currCaliAngleHrz:0,currCaliAnglePit:0,selfCaliAngleHrz:0,selfCaliAnglePit:0,servCaliAngleHrz:0,servCaliAnglePit:0,offlineCaliAngleHrz:0,offlineCaliAnglePit:0,determine2useFlag:0,IMU_Z_Accel:0,IMU_X_AngularRate:0,IMU_Y_AngularRate:0,IMU_RollAngle:0,IMU_PitchAngle:0,IMU_YawAngle:0,FcwID:0,FCWWarningLevel:0,FCWTTC:0
0,5.12,0,-6.88,0,0,0,0,0,0.613,5.0875,-0.125,0,-7.1,0,0,0,0,0.0572958,0,0,0,0,98,0,0,0,0,0,0,57,0,0.00034,0.00034,0,0,0,0,0,2.6,0,0,0,0,0,0,1,0,0,0,0,0,0,0,0,99,0,,0,0,0,0,
36,8.89,0,26.29,0,0,0,0,0,-3.937,7.975,-0.125,0,-5.3,0,0,0,0,0.0572958,0,0,0,0,65,0,0,0,0,0,0,57,0,0.00034,0.00034,0,0,0,0,0,0.2,0,0,0,0,0,0,1,0,0,0,0,0,0,0,0,74,0,,0,0,0,0,
122,9.91,-0.12,-11.2,0,0,0,0,0,1.9255,9.725,-0.125,-0.125,2.1,0,0,0,0,0.0572958,0,0,0,0,93,0,0,0,0,0,0,57,0,0.00034,0.00034,0,0,0,0,0,1.6,0,0,0,0,0,0,1,0,0,0,0,0,0,0,0,99,0,,0,0,0,0,
END,Total:3
START,FrameNb:262,CameraNb:0,HeSaiNb:0,ARS410Nb:0
2026/08/02 21:35:43:395---->
heightOffset:0,1785677743395,251630,selfCaliBufCnt:0,selfAccObjCnt:0,selfAccAngle:0,installHAngleOffset:0,Interpolation:0,installVAngleOffset:0,radarOffsetH:0,radarOffsetV:0.32,Polynom:-0.001023;-0.0511;-2.047;0;0;0;-0.001023;-0.0511;-2.047;-25.5;0;0,WheelDirection:0;0;0;0,selfAngleOffset:0,selfAngleOffsetPit:0,currCaliAngleHrz:0,currCaliAnglePit:0,selfCaliAngleHrz:0,selfCaliAnglePit:0,servCaliAngleHrz:0,servCaliAnglePit:0,offlineCaliAngleHrz:0,offlineCaliAnglePit:0,determine2useFlag:0,IMU_Z_Accel:0,IMU_X_AngularRate:0,IMU_Y_AngularRate:0,IMU_RollAngle:0,IMU_PitchAngle:0,IMU_YawAngle:0,FcwID:0,FCWWarningLevel:0,FCWTTC:0
0,5.12,0,-6.88,0,0,0,0,0,0.613,5.0875,-0.125,0,-7.1,0,0,0,0,0.0572958,0,0,0,0,98,0,0,0,0,0,0,54,0,0.00034,0.00034,0,0,0,0,0,2.2,0,0,0,0,0,0,1,0,0,0,0,0,0,0,0,99,0,,0,0,0,0,
36,8.89,-0.11,26.29,0,0,0,0,0,-3.937,7.975,-0.125,-0.125,-5.1,0,0,0,0,0.0572958,0,0,0,0,65,0,0,0,0,0,0,54,0,0.00034,0.00034,0,0,0,0,0,0.4,0,0,0,0,0,0,1,0,0,0,0,0,0,0,0,79,0,,0,0,0,0,
122,9.91,-0.12,-11.2,0,0,0,0,0,1.9255,9.725,-0.125,-0.125,4.5,0,0,0,0,0.0572958,0,0,0,0,93,0,0,0,0,0,0,54,0,0.00034,0.00034,0,0,0,0,0,1.4,0,0,0,0,0,0,1,0,0,0,0,0,0,0,0,99,0,,0,0,0,0,
END,Total:3
START,FrameNb:263,CameraNb:0,HeSaiNb:0,ARS410Nb:0
2026/08/02 21:35:43:426---->
heightOffset:0,1785677743426,251680,selfCaliBufCnt:0,selfAccObjCnt:0,selfAccAngle:0,installHAngleOffset:0,Interpolation:0,installVAngleOffset:0,radarOffsetH:0,radarOffsetV:0.32,Polynom:-0.001023;-0.0511;-2.047;0;0;0;-0.001023;-0.0511;-2.047;-25.5;0;0,WheelDirection:0;0;0;0,selfAngleOffset:0,selfAngleOffsetPit:0,currCaliAngleHrz:0,currCaliAnglePit:0,selfCaliAngleHrz:0,selfCaliAnglePit:0,servCaliAngleHrz:0,servCaliAnglePit:0,offlineCaliAngleHrz:0,offlineCaliAnglePit:0,determine2useFlag:0,IMU_Z_Accel:0,IMU_X_AngularRate:0,IMU_Y_AngularRate:0,IMU_RollAngle:0,IMU_PitchAngle:0,IMU_YawAngle:0,FcwID:0,FCWWarningLevel:0,FCWTTC:0
0,5.12,0,-6.88,0,0,0,0,0,0.613,5.0875,-0.125,0,-7.1,0,0,0,0,0.0572958,0,0,0,0,98,0,0,0,0,0,0,65,0,0.00034,0.00034,0,0,0,0,0,2.6,0,0,0,0,0,0,1,0,0,0,0,0,0,0,0,99,0,,0,0,0,0,
36,8.89,-0.11,26.29,0,0,0,0,0,-3.937,7.975,-0.125,-0.125,-5.1,0,0,0,0,0.0572958,0,0,0,0,65,0,0,0,0,0,0,65,0,0.00034,0.00034,0,0,0,0,0,0.2,0,0,0,0,0,0,1,0,0,0,0,0,0,0,0,82,0,,0,0,0,0,
122,9.91,-0.12,-11.2,0,0,0,0,0,1.9255,9.725,-0.125,-0.125,4.5,0,0,0,0,0.0572958,0,0,0,0,92,0,0,0,0,0,0,65,0,0.00034,0.00034,0,0,0,0,0,1.6,0,0,0,0,0,0,1,0,0,0,0,0,0,0,0,99,0,,0,0,0,0,
END,Total:3
START,FrameNb:264,CameraNb:0,HeSaiNb:0,ARS410Nb:0
2026/08/02 21:35:43:469---->
heightOffset:0,1785677743469,251730,selfCaliBufCnt:0,selfAccObjCnt:0,selfAccAngle:0,installHAngleOffset:0,Interpolation:0,installVAngleOffset:0,radarOffsetH:0,radarOffsetV:0.32,Polynom:-0.001023;-0.0511;-2.047;0;0;0;-0.001023;-0.0511;-2.047;-25.5;0;0,WheelDirection:0;0;0;0,selfAngleOffset:0,selfAngleOffsetPit:0,currCaliAngleHrz:0,currCaliAnglePit:0,selfCaliAngleHrz:0,selfCaliAnglePit:0,servCaliAngleHrz:0,servCaliAnglePit:0,offlineCaliAngleHrz:0,offlineCaliAnglePit:0,determine2useFlag:0,IMU_Z_Accel:0,IMU_X_AngularRate:0,IMU_Y_AngularRate:0,IMU_RollAngle:0,IMU_PitchAngle:0,IMU_YawAngle:0,FcwID:0,FCWWarningLevel:0,FCWTTC:0
0,5.12,0,-6.88,0,0,0,0,0,0.613,5.0875,-0.125,0,-7.1,0,0,0,0,0.0572958,0,0,0,0,98,0,0,0,0,0,0,56,0,0.00034,0.00034,0,0,0,0,0,2.8,0,0,0,0,0,0,1,0,0,0,0,0,0,0,0,99,0,,0,0,0,0,
36,8.89,-0.11,26.29,0,0,0,0,0,-3.937,7.975,0,-0.125,-4.9,0,0,0,0,0.0572958,0,0,0,0,65,0,0,0,0,0,0,56,0,0.00034,0.00034,0,0,0,0,0,0.4,0,0,0,0,0,0,1,0,0,0,0,0,0,0,0,85,0,,0,0,0,0,
122,9.91,-0.12,-11.2,0,0,0,0,0,1.9255,9.725,-0.125,-0.125,4.5,0,0,0,0,0.0572958,0,0,0,0,91,0,0,0,0,0,0,56,0,0.00034,0.00034,0,0,0,0,0,1.6,0,0,0,0,0,0,1,0,0,0,0,0,0,0,0,99,0,,0,0,0,0,
END,Total:3
START,FrameNb:265,CameraNb:0,HeSaiNb:0,ARS410Nb:0
2026/08/02 21:35:43:523---->
heightOffset:0,1785677743523,251780,selfCaliBufCnt:0,selfAccObjCnt:0,selfAccAngle:0,installHAngleOffset:0,Interpolation:0,installVAngleOffset:0,radarOffsetH:0,radarOffsetV:0.32,Polynom:-0.001023;-0.0511;-2.047;0;0;0;-0.001023;-0.0511;-2.047;-25.5;0;0,WheelDirection:0;0;0;0,selfAngleOffset:0,selfAngleOffsetPit:0,currCaliAngleHrz:0,currCaliAnglePit:0,selfCaliAngleHrz:0,selfCaliAnglePit:0,servCaliAngleHrz:0,servCaliAnglePit:0,offlineCaliAngleHrz:0,offlineCaliAnglePit:0,determine2useFlag:0,IMU_Z_Accel:0,IMU_X_AngularRate:0,IMU_Y_AngularRate:0,IMU_RollAngle:0,IMU_PitchAngle:0,IMU_YawAngle:0,FcwID:0,FCWWarningLevel:0,FCWTTC:0
0,5.12,0,-6.88,0,0,0,0,0,0.613,5.0875,-0.125,0,-7.1,0,0,0,0,0.0572958,0,0,0,0,98,0,0,0,0,0,0,57,0,0.00034,0.00034,0,0,0,0,0,2.2,0,0,0,0,0,0,1,0,0,0,0,0,0,0,0,99,0,,0,0,0,0,
36,8.89,0,26.29,0,0,0,0,0,-3.937,7.975,0,0,-4.9,0,0,0,0,0.0572958,0,0,0,0,65,0,0,0,0,0,0,57,0,0.00034,0.00034,0,0,0,0,0,0.6,0,0,0,0,0,0,1,0,0,0,0,0,0,0,0,87,0,,0,0,0,0,
122,9.91,-0.12,-11.2,0,0,0,0,0,1.9255,9.725,-0.125,-0.125,4.5,0,0,0,0,0.0572958,0,0,0,0,89,0,0,0,0,0,0,57,0,0.00034,0.00034,0,0,0,0,0,1.8,0,0,0,0,0,0,1,0,0,0,0,0,0,0,0,99,0,,0,0,0,0,
END,Total:3
START,FrameNb:266,CameraNb:0,HeSaiNb:0,ARS410Nb:0
2026/08/02 21:35:43:589---->
heightOffset:0,1785677743589,251830,selfCaliBufCnt:0,selfAccObjCnt:0,selfAccAngle:0,installHAngleOffset:0,Interpolation:0,installVAngleOffset:0,radarOffsetH:0,radarOffsetV:0.32,Polynom:-0.001023;-0.0511;-2.047;0;0;0;-0.001023;-0.0511;-2.047;-25.5;0;0,WheelDirection:0;0;0;0,selfAngleOffset:0,selfAngleOffsetPit:0,currCaliAngleHrz:0,currCaliAnglePit:0,selfCaliAngleHrz:0,selfCaliAnglePit:0,servCaliAngleHrz:0,servCaliAnglePit:0,offlineCaliAngleHrz:0,offlineCaliAnglePit:0,determine2useFlag:0,IMU_Z_Accel:0,IMU_X_AngularRate:0,IMU_Y_AngularRate:0,IMU_RollAngle:0,IMU_PitchAngle:0,IMU_YawAngle:0,FcwID:0,FCWWarningLevel:0,FCWTTC:0
0,5.12,0,-6.88,0,0,0,0,0,0.613,5.0875,-0.125,0,-7.1,0,0,0,0,0.0572958,0,0,0,0,98,0,0,0,0,0,0,54,0,0.00034,0.00034,0,0,0,0,0,2.2,0,0,0,0,0,0,1,0,0,0,0,0,0,0,0,99,0,,0,0,0,0,
36,8.89,0,26.29,0,0,0,0,0,-3.937,7.975,0,0,-4.9,0,0,0,0,0.0572958,0,0,0,0,65,0,0,0,0,0,0,54,0,0.00034,0.00034,0,0,0,0,0,0.6,0,0,0,0,0,0,1,0,0,0,0,0,0,0,0,87,0,,0,0,0,0,
122,9.91,-0.12,-11.2,0,0,0,0,0,1.9255,9.725,-0.125,-0.125,4.5,0,0,0,0,0.0572958,0,0,0,0,89,0,0,0,0,0,0,54,0,0.00034,0.00034,0,0,0,0,0,1.8,0,0,0,0,0,0,1,0,0,0,0,0,0,0,0,99,0,,0,0,0,0,
END,Total:3
START,FrameNb:267,CameraNb:0,HeSaiNb:0,ARS410Nb:0
2026/08/02 21:35:43:636---->
heightOffset:0,1785677743636,251881,selfCaliBufCnt:0,selfAccObjCnt:0,selfAccAngle:0,installHAngleOffset:0,Interpolation:0,installVAngleOffset:0,radarOffsetH:0,radarOffsetV:0.32,Polynom:-0.001023;-0.0511;-2.047;0;0;0;-0.001023;-0.0511;-2.047;-25.5;0;0,WheelDirection:0;0;0;0,selfAngleOffset:0,selfAngleOffsetPit:0,currCaliAngleHrz:0,currCaliAnglePit:0,selfCaliAngleHrz:0,selfCaliAnglePit:0,servCaliAngleHrz:0,servCaliAnglePit:0,offlineCaliAngleHrz:0,offlineCaliAnglePit:0,determine2useFlag:0,IMU_Z_Accel:0,IMU_X_AngularRate:0,IMU_Y_AngularRate:0,IMU_RollAngle:0,IMU_PitchAngle:0,IMU_YawAngle:0,FcwID:0,FCWWarningLevel:0,FCWTTC:0
0,5.12,0,-6.88,0,0,0,0,0,0.613,5.0875,0,0,-7.1,0,0,0,0,0.0572958,0,0,0,0,98,0,0,0,0,0,0,54,0,0.00034,0.00034,0,0,0,0,0,2,0,0,0,0,0,0,1,0,0,0,0,0,0,0,0,99,0,,0,0,0,0,
36,8.93,0,26.79,0,0,0,0,0,-4.0245,7.975,0,0,-4.9,0,0,0,0,0.0572958,0,0,0,0,65,0,0,0,0,0,0,54,0,0.00034,0.00034,0,0,0,0,0,0.6,0,0,0,0,0,0,1,0,0,0,0,0,0,0,0,89,0,,0,0,0,0,
122,9.91,-0.12,-11.2,0,0,0,0,0,1.9255,9.725,-0.125,-0.125,4.5,0,0,0,0,0.0572958,0,0,0,0,86,0,0,0,0,0,0,54,0,0.00034,0.00034,0,0,0,0,0,1.8,0,0,0,0,0,0,1,0,0,0,0,0,0,0,0,99,0,,0,0,0,0,
END,Total:3
START,FrameNb:268,CameraNb:0,HeSaiNb:0,ARS410Nb:0
2026/08/02 21:35:43:675---->
heightOffset:0,1785677743675,251931,selfCaliBufCnt:0,selfAccObjCnt:0,selfAccAngle:0,installHAngleOffset:0,Interpolation:0,installVAngleOffset:0,radarOffsetH:0,radarOffsetV:0.32,Polynom:-0.001023;-0.0511;-2.047;0;0;0;-0.001023;-0.0511;-2.047;-25.5;0;0,WheelDirection:0;0;0;0,selfAngleOffset:0,selfAngleOffsetPit:0,currCaliAngleHrz:0,currCaliAnglePit:0,selfCaliAngleHrz:0,selfCaliAnglePit:0,servCaliAngleHrz:0,servCaliAnglePit:0,offlineCaliAngleHrz:0,offlineCaliAnglePit:0,determine2useFlag:0,IMU_Z_Accel:0,IMU_X_AngularRate:0,IMU_Y_AngularRate:0,IMU_RollAngle:0,IMU_PitchAngle:0,IMU_YawAngle:0,FcwID:0,FCWWarningLevel:0,FCWTTC:0
0,5.12,0,-6.88,0,0,0,0,0,0.613,5.0875,0,0,-7.1,0,0,0,0,0.0572958,0,0,0,0,98,0,0,0,0,0,0,57,0,0.00034,0.00034,0,0,0,0,0,1.6,0,0,0,0,0,0,1,0,0,0,0,0,0,0,0,99,0,,0,0,0,0,
36,8.93,0,26.79,0,0,0,0,0,-4.0245,7.975,0,0,-4.9,0,0,0,0,0.0572958,0,0,0,0,65,0,0,0,0,0,0,57,0,0.00034,0.00034,0,0,0,0,0,0.6,0,0,0,0,0,0,1,0,0,0,0,0,0,0,0,91,0,,0,0,0,0,
122,9.91,-0.12,-11.2,0,0,0,0,0,1.9255,9.725,-0.125,-0.125,4.5,0,0,0,0,0.0572958,0,0,0,0,83,0,0,0,0,0,0,57,0,0.00034,0.00034,0,0,0,0,0,1.8,0,0,0,0,0,0,1,0,0,0,0,0,0,0,0,99,0,,0,0,0,0,
END,Total:3
START,FrameNb:269,CameraNb:0,HeSaiNb:0,ARS410Nb:0
2026/08/02 21:35:43:714---->
heightOffset:0,1785677743714,251980,selfCaliBufCnt:0,selfAccObjCnt:0,selfAccAngle:0,installHAngleOffset:0,Interpolation:0,installVAngleOffset:0,radarOffsetH:0,radarOffsetV:0.32,Polynom:-0.001023;-0.0511;-2.047;0;0;0;-0.001023;-0.0511;-2.047;-25.5;0;0,WheelDirection:0;0;0;0,selfAngleOffset:0,selfAngleOffsetPit:0,currCaliAngleHrz:0,currCaliAnglePit:0,selfCaliAngleHrz:0,selfCaliAnglePit:0,servCaliAngleHrz:0,servCaliAnglePit:0,offlineCaliAngleHrz:0,offlineCaliAnglePit:0,determine2useFlag:0,IMU_Z_Accel:0,IMU_X_AngularRate:0,IMU_Y_AngularRate:0,IMU_RollAngle:0,IMU_PitchAngle:0,IMU_YawAngle:0,FcwID:0,FCWWarningLevel:0,FCWTTC:0
0,5.12,0,-6.88,0,0,0,0,0,0.613,5.0875,0,0,-7.1,0,0,0,0,0.0572958,0,0,0,0,98,0,0,0,0,0,0,54,0,0.00034,0.00034,0,0,0,0,0,2.2,0,0,0,0,0,0,1,0,0,0,0,0,0,0,0,99,0,,0,0,0,0,
36,8.93,0,26.79,0,0,0,0,0,-4.0245,7.975,0,0,-4.9,0,0,0,0,0.0572958,0,0,0,0,65,0,0,0,0,0,0,54,0,0.00034,0.00034,0,0,0,0,0,0.6,0,0,0,0,0,0,1,0,0,0,0,0,0,0,0,92,0,,0,0,0,0,
122,9.91,-0.12,-11.2,0,0,0,0,0,1.9255,9.725,-0.125,-0.125,4.5,0,0,0,0,0.0572958,0,0,0,0,79,0,0,0,0,0,0,54,0,0.00034,0.00034,0,0,0,0,0,1.8,0,0,0,0,0,0,1,0,0,0,0,0,0,0,0,99,0,,0,0,0,0,
END,Total:3
START,FrameNb:270,CameraNb:0,HeSaiNb:0,ARS410Nb:0
2026/08/02 21:35:43:780---->
heightOffset:0,1785677743780,252030,selfCaliBufCnt:0,selfAccObjCnt:0,selfAccAngle:0,installHAngleOffset:0,Interpolation:0,installVAngleOffset:0,radarOffsetH:0,radarOffsetV:0.32,Polynom:-0.001023;-0.0511;-2.047;0;0;0;-0.001023;-0.0511;-2.047;-25.5;0;0,WheelDirection:0;0;0;0,selfAngleOffset:0,selfAngleOffsetPit:0,currCaliAngleHrz:0,currCaliAnglePit:0,selfCaliAngleHrz:0,selfCaliAnglePit:0,servCaliAngleHrz:0,servCaliAnglePit:0,offlineCaliAngleHrz:0,offlineCaliAnglePit:0,determine2useFlag:0,IMU_Z_Accel:0,IMU_X_AngularRate:0,IMU_Y_AngularRate:0,IMU_RollAngle:0,IMU_PitchAngle:0,IMU_YawAngle:0,FcwID:0,FCWWarningLevel:0,FCWTTC:0
0,5.12,0,-6.88,0,0,0,0,0,0.613,5.0875,0,0,-7.1,0,0,0,0,0.0572958,0,0,0,0,98,0,0,0,0,0,0,58,0,0.00034,0.00034,0,0,0,0,0,2.6,0,0,0,0,0,0,1,0,0,0,0,0,0,0,0,99,0,,0,0,0,0,
36,8.93,0,26.79,0,0,0,0,0,-4.0245,7.975,0,0,-4.9,0,0,0,0,0.0572958,0,0,0,0,65,0,0,0,0,0,0,58,0,0.00034,0.00034,0,0,0,0,0,0.4,0,0,0,0,0,0,1,0,0,0,0,0,0,0,0,94,0,,0,0,0,0,
122,9.91,-0.12,-11.2,0,0,0,0,0,1.9255,9.725,-0.125,-0.125,4.5,0,0,0,0,0.0572958,0,0,0,0,74,0,0,0,0,0,0,58,0,0.00034,0.00034,0,0,0,0,0,1.8,0,0,0,0,0,0,1,0,0,0,0,0,0,0,0,99,0,,0,0,0,0,
END,Total:3
START,FrameNb:271,CameraNb:0,HeSaiNb:0,ARS410Nb:0
2026/08/02 21:35:43:824---->
heightOffset:0,1785677743824,252080,selfCaliBufCnt:0,selfAccObjCnt:0,selfAccAngle:0,installHAngleOffset:0,Interpolation:0,installVAngleOffset:0,radarOffsetH:0,radarOffsetV:0.32,Polynom:-0.001023;-0.0511;-2.047;0;0;0;-0.001023;-0.0511;-2.047;-25.5;0;0,WheelDirection:0;0;0;0,selfAngleOffset:0,selfAngleOffsetPit:0,currCaliAngleHrz:0,currCaliAnglePit:0,selfCaliAngleHrz:0,selfCaliAnglePit:0,servCaliAngleHrz:0,servCaliAnglePit:0,offlineCaliAngleHrz:0,offlineCaliAnglePit:0,determine2useFlag:0,IMU_Z_Accel:0,IMU_X_AngularRate:0,IMU_Y_AngularRate:0,IMU_RollAngle:0,IMU_PitchAngle:0,IMU_YawAngle:0,FcwID:0,FCWWarningLevel:0,FCWTTC:0
0,5.12,0,-6.88,0,0,0,0,0,0.613,5.0875,0,0,-7.1,0,0,0,0,0.0572958,0,0,0,0,98,0,0,0,0,0,0,59,0,0.00034,0.00034,0,0,0,0,0,2.2,0,0,0,0,0,0,1,0,0,0,0,0,0,0,0,99,0,,0,0,0,0,
36,8.93,0,26.79,0,0,0,0,0,-4.0245,7.975,0,0,-4.7,0,0,0,0,0.0572958,0,0,0,0,65,0,0,0,0,0,0,59,0,0.00034,0.00034,0,0,0,0,0,0.6,0,0,0,0,0,0,1,0,0,0,0,0,0,0,0,94,0,,0,0,0,0,
122,9.91,-0.12,-11.2,0,0,0,0,0,1.9255,9.725,-0.125,-0.125,4.5,0,0,0,0,0.0572958,0,0,0,0,70,0,0,0,0,0,0,59,0,0.00034,0.00034,0,0,0,0,0,1.8,0,0,0,0,0,0,1,0,0,0,0,0,0,0,0,99,0,,0,0,0,0,
END,Total:3
START,FrameNb:272,CameraNb:0,HeSaiNb:0,ARS410Nb:0
2026/08/02 21:35:43:870---->
heightOffset:0,1785677743870,252130,selfCaliBufCnt:0,selfAccObjCnt:0,selfAccAngle:0,installHAngleOffset:0,Interpolation:0,installVAngleOffset:0,radarOffsetH:0,radarOffsetV:0.32,Polynom:-0.001023;-0.0511;-2.047;0;0;0;-0.001023;-0.0511;-2.047;-25.5;0;0,WheelDirection:0;0;0;0,selfAngleOffset:0,selfAngleOffsetPit:0,currCaliAngleHrz:0,currCaliAnglePit:0,selfCaliAngleHrz:0,selfCaliAnglePit:0,servCaliAngleHrz:0,servCaliAnglePit:0,offlineCaliAngleHrz:0,offlineCaliAnglePit:0,determine2useFlag:0,IMU_Z_Accel:0,IMU_X_AngularRate:0,IMU_Y_AngularRate:0,IMU_RollAngle:0,IMU_PitchAngle:0,IMU_YawAngle:0,FcwID:0,FCWWarningLevel:0,FCWTTC:0
0,5.12,0,-6.88,0,0,0,0,0,0.613,5.0875,0,0,-7.1,0,0,0,0,0.0572958,0,0,0,0,98,0,0,0,0,0,0,60,0,0.00034,0.00034,0,0,0,0,0,2.4,0,0,0,0,0,0,1,0,0,0,0,0,0,0,0,99,0,,0,0,0,0,
36,8.93,0,26.79,0,0,0,0,0,-4.0245,7.975,0,0,-4.7,0,0,0,0,0.0572958,0,0,0,0,65,0,0,0,0,0,0,60,0,0.00034,0.00034,0,0,0,0,0,0.4,0,0,0,0,0,0,1,0,0,0,0,0,0,0,0,94,0,,0,0,0,0,
122,9.91,-0.12,-11.2,0,0,0,0,0,1.9255,9.725,-0.125,-0.125,4.5,0,0,0,0,0.0572958,0,0,0,0,66,0,0,0,0,0,0,60,0,0.00034,0.00034,0,0,0,0,0,1.8,0,0,0,0,0,0,1,0,0,0,0,0,0,0,0,99,0,,0,0,0,0,
END,Total:3
START,FrameNb:273,CameraNb:0,HeSaiNb:0,ARS410Nb:0
2026/08/02 21:35:43:932---->
heightOffset:0,1785677743932,252180,selfCaliBufCnt:0,selfAccObjCnt:0,selfAccAngle:0,installHAngleOffset:0,Interpolation:0,installVAngleOffset:0,radarOffsetH:0,radarOffsetV:0.32,Polynom:-0.001023;-0.0511;-2.047;0;0;0;-0.001023;-0.0511;-2.047;-25.5;0;0,WheelDirection:0;0;0;0,selfAngleOffset:0,selfAngleOffsetPit:0,currCaliAngleHrz:0,currCaliAnglePit:0,selfCaliAngleHrz:0,selfCaliAnglePit:0,servCaliAngleHrz:0,servCaliAnglePit:0,offlineCaliAngleHrz:0,offlineCaliAnglePit:0,determine2useFlag:0,IMU_Z_Accel:0,IMU_X_AngularRate:0,IMU_Y_AngularRate:0,IMU_RollAngle:0,IMU_PitchAngle:0,IMU_YawAngle:0,FcwID:0,FCWWarningLevel:0,FCWTTC:0
0,5.12,0,-6.88,0,0,0,0,0,0.613,5.0875,0,0,-7.1,0,0,0,0,0.0572958,0,0,0,0,98,0,0,0,0,0,0,54,0,0.00034,0.00034,0,0,0,0,0,2,0,0,0,0,0,0,1,0,0,0,0,0,0,0,0,99,0,,0,0,0,0,
36,8.93,0,26.79,0,0,0,0,0,-4.0245,7.975,0,0,-4.7,0,0,0,0,0.0572958,0,0,0,0,65,0,0,0,0,0,0,54,0,0.00034,0.00034,0,0,0,0,0,0.6,0,0,0,0,0,0,1,0,0,0,0,0,0,0,0,95,0,,0,0,0,0,
END,Total:2
START,FrameNb:274,CameraNb:0,HeSaiNb:0,ARS410Nb:0
2026/08/02 21:35:43:984---->
heightOffset:0,1785677743984,252231,selfCaliBufCnt:0,selfAccObjCnt:0,selfAccAngle:0,installHAngleOffset:0,Interpolation:0,installVAngleOffset:0,radarOffsetH:0,radarOffsetV:0.32,Polynom:-0.001023;-0.0511;-2.047;0;0;0;-0.001023;-0.0511;-2.047;-25.5;0;0,WheelDirection:0;0;0;0,selfAngleOffset:0,selfAngleOffsetPit:0,currCaliAngleHrz:0,currCaliAnglePit:0,selfCaliAngleHrz:0,selfCaliAnglePit:0,servCaliAngleHrz:0,servCaliAnglePit:0,offlineCaliAngleHrz:0,offlineCaliAnglePit:0,determine2useFlag:0,IMU_Z_Accel:0,IMU_X_AngularRate:0,IMU_Y_AngularRate:0,IMU_RollAngle:0,IMU_PitchAngle:0,IMU_YawAngle:0,FcwID:0,FCWWarningLevel:0,FCWTTC:0
0,5.12,0,-6.88,0,0,0,0,0,0.613,5.0875,0,0,-7.1,0,0,0,0,0.0572958,0,0,0,0,98,0,0,0,0,0,0,57,0,0.00034,0.00034,0,0,0,0,0,1.8,0,0,0,0,0,0,1,0,0,0,0,0,0,0,0,99,0,,0,0,0,0,
36,8.93,0,26.79,0,0,0,0,0,-4.0245,7.975,0,0,-4.7,0,0,0,0,0.0572958,0,0,0,0,65,0,0,0,0,0,0,57,0,0.00034,0.00034,0,0,0,0,0,0.6,0,0,0,0,0,0,1,0,0,0,0,0,0,0,0,96,0,,0,0,0,0,
END,Total:2
START,FrameNb:275,CameraNb:0,HeSaiNb:0,ARS410Nb:0
2026/08/02 21:35:44:014---->
heightOffset:0,1785677744014,252280,selfCaliBufCnt:0,selfAccObjCnt:0,selfAccAngle:0,installHAngleOffset:0,Interpolation:0,installVAngleOffset:0,radarOffsetH:0,radarOffsetV:0.32,Polynom:-0.001023;-0.0511;-2.047;0;0;0;-0.001023;-0.0511;-2.047;-25.5;0;0,WheelDirection:0;0;0;0,selfAngleOffset:0,selfAngleOffsetPit:0,currCaliAngleHrz:0,currCaliAnglePit:0,selfCaliAngleHrz:0,selfCaliAnglePit:0,servCaliAngleHrz:0,servCaliAnglePit:0,offlineCaliAngleHrz:0,offlineCaliAnglePit:0,determine2useFlag:0,IMU_Z_Accel:0,IMU_X_AngularRate:0,IMU_Y_AngularRate:0,IMU_RollAngle:0,IMU_PitchAngle:0,IMU_YawAngle:0,FcwID:0,FCWWarningLevel:0,FCWTTC:0
0,5.12,0,-6.88,0,0,0,0,0,0.613,5.0875,0,0,-7.1,0,0,0,0,0.0572958,0,0,0,0,98,0,0,0,0,0,0,54,0,0.00034,0.00034,0,0,0,0,0,1.8,0,0,0,0,0,0,1,0,0,0,0,0,0,0,0,99,0,,0,0,0,0,
36,8.93,0,26.79,0,0,0,0,0,-4.0245,7.975,0,0,-4.7,0,0,0,0,0.0572958,0,0,0,0,65,0,0,0,0,0,0,54,0,0.00034,0.00034,0,0,0,0,0,0.6,0,0,0,0,0,0,1,0,0,0,0,0,0,0,0,96,0,,0,0,0,0,
END,Total:2
START,FrameNb:276,CameraNb:0,HeSaiNb:0,ARS410Nb:0
2026/08/02 21:35:44:071---->
heightOffset:0,1785677744071,252330,selfCaliBufCnt:0,selfAccObjCnt:0,selfAccAngle:0,installHAngleOffset:0,Interpolation:0,installVAngleOffset:0,radarOffsetH:0,radarOffsetV:0.32,Polynom:-0.001023;-0.0511;-2.047;0;0;0;-0.001023;-0.0511;-2.047;-25.5;0;0,WheelDirection:0;0;0;0,selfAngleOffset:0,selfAngleOffsetPit:0,currCaliAngleHrz:0,currCaliAnglePit:0,selfCaliAngleHrz:0,selfCaliAnglePit:0,servCaliAngleHrz:0,servCaliAnglePit:0,offlineCaliAngleHrz:0,offlineCaliAnglePit:0,determine2useFlag:0,IMU_Z_Accel:0,IMU_X_AngularRate:0,IMU_Y_AngularRate:0,IMU_RollAngle:0,IMU_PitchAngle:0,IMU_YawAngle:0,FcwID:0,FCWWarningLevel:0,FCWTTC:0
0,5.12,0,-6.88,0,0,0,0,0,0.613,5.0875,0,0,-7.1,0,0,0,0,0.0572958,0,0,0,0,98,0,0,0,0,0,0,54,0,0.00034,0.00034,0,0,0,0,0,1.6,0,0,0,0,0,0,1,0,0,0,0,0,0,0,0,99,0,,0,0,0,0,
36,8.93,0,26.79,0,0,0,0,0,-4.0245,7.975,0,0,-4.7,0,0,0,0,0.0572958,0,0,0,0,65,0,0,0,0,0,0,54,0,0.00034,0.00034,0,0,0,0,0,0.6,0,0,0,0,0,0,1,0,0,0,0,0,0,0,0,96,0,,0,0,0,0,
END,Total:2
START,FrameNb:277,CameraNb:0,HeSaiNb:0,ARS410Nb:0
2026/08/02 21:35:44:121---->
heightOffset:0,1785677744121,252381,selfCaliBufCnt:0,selfAccObjCnt:0,selfAccAngle:0,installHAngleOffset:0,Interpolation:0,installVAngleOffset:0,radarOffsetH:0,radarOffsetV:0.32,Polynom:-0.001023;-0.0511;-2.047;0;0;0;-0.001023;-0.0511;-2.047;-25.5;0;0,WheelDirection:0;0;0;0,selfAngleOffset:0,selfAngleOffsetPit:0,currCaliAngleHrz:0,currCaliAnglePit:0,selfCaliAngleHrz:0,selfCaliAnglePit:0,servCaliAngleHrz:0,servCaliAnglePit:0,offlineCaliAngleHrz:0,offlineCaliAnglePit:0,determine2useFlag:0,IMU_Z_Accel:0,IMU_X_AngularRate:0,IMU_Y_AngularRate:0,IMU_RollAngle:0,IMU_PitchAngle:0,IMU_YawAngle:0,FcwID:0,FCWWarningLevel:0,FCWTTC:0
0,5.12,0,-6.88,0,0,0,0,0,0.613,5.0875,0,0,-7.1,0,0,0,0,0.0572958,0,0,0,0,98,0,0,0,0,0,0,57,0,0.00034,0.00034,0,0,0,0,0,1.4,0,0,0,0,0,0,1,0,0,0,0,0,0,0,0,99,0,,0,0,0,0,
36,8.93,0,26.79,0,0,0,0,0,-4.0245,7.975,0,0,-4.5,0,0,0,0,0.0572958,0,0,0,0,65,0,0,0,0,0,0,57,0,0.00034,0.00034,0,0,0,0,0,0.8,0,0,0,0,0,0,1,0,0,0,0,0,0,0,0,97,0,,0,0,0,0,
END,Total:2
START,FrameNb:278,CameraNb:0,HeSaiNb:0,ARS410Nb:0
2026/08/02 21:35:44:178---->
heightOffset:0,1785677744178,252430,selfCaliBufCnt:0,selfAccObjCnt:0,selfAccAngle:0,installHAngleOffset:0,Interpolation:0,installVAngleOffset:0,radarOffsetH:0,radarOffsetV:0.32,Polynom:-0.001023;-0.0511;-2.047;0;0;0;-0.001023;-0.0511;-2.047;-25.5;0;0,WheelDirection:0;0;0;0,selfAngleOffset:0,selfAngleOffsetPit:0,currCaliAngleHrz:0,currCaliAnglePit:0,selfCaliAngleHrz:0,selfCaliAnglePit:0,servCaliAngleHrz:0,servCaliAnglePit:0,offlineCaliAngleHrz:0,offlineCaliAnglePit:0,determine2useFlag:0,IMU_Z_Accel:0,IMU_X_AngularRate:0,IMU_Y_AngularRate:0,IMU_RollAngle:0,IMU_PitchAngle:0,IMU_YawAngle:0,FcwID:0,FCWWarningLevel:0,FCWTTC:0
0,5.12,0,-6.88,0,0,0,0,0,0.613,5.0875,0,0,-7.1,0,0,0,0,0.0572958,0,0,0,0,98,0,0,0,0,0,0,53,0,0.00034,0.00034,0,0,0,0,0,1.2,0,0,0,0,0,0,1,0,0,0,0,0,0,0,0,99,0,,0,0,0,0,
36,8.93,0,26.79,0,0,0,0,0,-4.0245,7.975,0,0,-4.5,0,0,0,0,0.0572958,0,0,0,0,65,0,0,0,0,0,0,53,0,0.00034,0.00034,0,0,0,0,0,0.6,0,0,0,0,0,0,1,0,0,0,0,0,0,0,0,97,0,,0,0,0,0,
END,Total:2
START,FrameNb:279,CameraNb:0,HeSaiNb:0,ARS410Nb:0
2026/08/02 21:35:44:249---->
heightOffset:0,1785677744249,252480,selfCaliBufCnt:0,selfAccObjCnt:0,selfAccAngle:0,installHAngleOffset:0,Interpolation:0,installVAngleOffset:0,radarOffsetH:0,radarOffsetV:0.32,Polynom:-0.001023;-0.0511;-2.047;0;0;0;-0.001023;-0.0511;-2.047;-25.5;0;0,WheelDirection:0;0;0;0,selfAngleOffset:0,selfAngleOffsetPit:0,currCaliAngleHrz:0,currCaliAnglePit:0,selfCaliAngleHrz:0,selfCaliAnglePit:0,servCaliAngleHrz:0,servCaliAnglePit:0,offlineCaliAngleHrz:0,offlineCaliAnglePit:0,determine2useFlag:0,IMU_Z_Accel:0,IMU_X_AngularRate:0,IMU_Y_AngularRate:0,IMU_RollAngle:0,IMU_PitchAngle:0,IMU_YawAngle:0,FcwID:0,FCWWarningLevel:0,FCWTTC:0
0,5.12,0,-6.88,0,0,0,0,0,0.613,5.0875,0,0,-7.1,0,0,0,0,0.0572958,0,0,0,0,98,0,0,0,0,0,0,60,0,0.00034,0.00034,0,0,0,0,0,1.8,0,0,0,0,0,0,1,0,0,0,0,0,0,0,0,99,0,,0,0,0,0,
36,8.93,0,26.79,0,0,0,0,0,-4.0245,7.975,0,0,-4.5,0,0,0,0,0.0572958,0,0,0,0,65,0,0,0,0,0,0,60,0,0.00034,0.00034,0,0,0,0,0,0.4,0,0,0,0,0,0,1,0,0,0,0,0,0,0,0,98,0,,0,0,0,0,
END,Total:2
START,FrameNb:280,CameraNb:0,HeSaiNb:0,ARS410Nb:0
2026/08/02 21:35:44:293---->
heightOffset:0,1785677744293,252530,selfCaliBufCnt:0,selfAccObjCnt:0,selfAccAngle:0,installHAngleOffset:0,Interpolation:0,installVAngleOffset:0,radarOffsetH:0,radarOffsetV:0.32,Polynom:-0.001023;-0.0511;-2.047;0;0;0;-0.001023;-0.0511;-2.047;-25.5;0;0,WheelDirection:0;0;0;0,selfAngleOffset:0,selfAngleOffsetPit:0,currCaliAngleHrz:0,currCaliAnglePit:0,selfCaliAngleHrz:0,selfCaliAnglePit:0,servCaliAngleHrz:0,servCaliAnglePit:0,offlineCaliAngleHrz:0,offlineCaliAnglePit:0,determine2useFlag:0,IMU_Z_Accel:0,IMU_X_AngularRate:0,IMU_Y_AngularRate:0,IMU_RollAngle:0,IMU_PitchAngle:0,IMU_YawAngle:0,FcwID:0,FCWWarningLevel:0,FCWTTC:0
0,5.12,0,-6.88,0,0,0,0,0,0.613,5.0875,0,0,-7.1,0,0,0,0,0.0572958,0,0,0,0,98,0,0,0,0,0,0,58,0,0.00034,0.00034,0,0,0,0,0,1.6,0,0,0,0,0,0,1,0,0,0,0,0,0,0,0,99,0,,0,0,0,0,
36,8.93,0,26.79,0,0,0,0,0,-4.0245,7.975,0,0,-4.5,0,0,0,0,0.0572958,0,0,0,0,65,0,0,0,0,0,0,58,0,0.00034,0.00034,0,0,0,0,0,0.6,0,0,0,0,0,0,1,0,0,0,0,0,0,0,0,98,0,,0,0,0,0,
END,Total:2
START,FrameNb:281,CameraNb:0,HeSaiNb:0,ARS410Nb:0
2026/08/02 21:35:44:340---->
heightOffset:0,1785677744340,252580,selfCaliBufCnt:0,selfAccObjCnt:0,selfAccAngle:0,installHAngleOffset:0,Interpolation:0,installVAngleOffset:0,radarOffsetH:0,radarOffsetV:0.32,Polynom:-0.001023;-0.0511;-2.047;0;0;0;-0.001023;-0.0511;-2.047;-25.5;0;0,WheelDirection:0;0;0;0,selfAngleOffset:0,selfAngleOffsetPit:0,currCaliAngleHrz:0,currCaliAnglePit:0,selfCaliAngleHrz:0,selfCaliAnglePit:0,servCaliAngleHrz:0,servCaliAnglePit:0,offlineCaliAngleHrz:0,offlineCaliAnglePit:0,determine2useFlag:0,IMU_Z_Accel:0,IMU_X_AngularRate:0,IMU_Y_AngularRate:0,IMU_RollAngle:0,IMU_PitchAngle:0,IMU_YawAngle:0,FcwID:0,FCWWarningLevel:0,FCWTTC:0
0,5.12,0,-6.88,0,0,0,0,0,0.613,5.0875,0,0,-7.1,0,0,0,0,0.0572958,0,0,0,0,98,0,0,0,0,0,0,59,0,0.00034,0.00034,0,0,0,0,0,1.4,0,0,0,0,0,0,1,0,0,0,0,0,0,0,0,99,0,,0,0,0,0,
36,8.93,0,26.79,0,0,0,0,0,-4.0245,7.975,0,0,-4.5,0,0,0,0,0.0572958,0,0,0,0,65,0,0,0,0,0,0,59,0,0.00034,0.00034,0,0,0,0,0,0.4,0,0,0,0,0,0,1,0,0,0,0,0,0,0,0,98,0,,0,0,0,0,
END,Total:2
START,FrameNb:282,CameraNb:0,HeSaiNb:0,ARS410Nb:0
2026/08/02 21:35:44:407---->
heightOffset:0,1785677744407,252630,selfCaliBufCnt:0,selfAccObjCnt:0,selfAccAngle:0,installHAngleOffset:0,Interpolation:0,installVAngleOffset:0,radarOffsetH:0,radarOffsetV:0.32,Polynom:-0.001023;-0.0511;-2.047;0;0;0;-0.001023;-0.0511;-2.047;-25.5;0;0,WheelDirection:0;0;0;0,selfAngleOffset:0,selfAngleOffsetPit:0,currCaliAngleHrz:0,currCaliAnglePit:0,selfCaliAngleHrz:0,selfCaliAnglePit:0,servCaliAngleHrz:0,servCaliAnglePit:0,offlineCaliAngleHrz:0,offlineCaliAnglePit:0,determine2useFlag:0,IMU_Z_Accel:0,IMU_X_AngularRate:0,IMU_Y_AngularRate:0,IMU_RollAngle:0,IMU_PitchAngle:0,IMU_YawAngle:0,FcwID:0,FCWWarningLevel:0,FCWTTC:0
0,5.12,0,-6.88,0,0,0,0,0,0.613,5.0875,0,0,-7.1,0,0,0,0,0.0572958,0,0,0,0,98,0,0,0,0,0,0,55,0,0.00034,0.00034,0,0,0,0,0,2,0,0,0,0,0,0,1,0,0,0,0,0,0,0,0,99,0,,0,0,0,0,
36,8.93,0,26.79,0,0,0,0,0,-4.0245,7.975,0,0,-4.5,0,0,0,0,0.0572958,0,0,0,0,65,0,0,0,0,0,0,55,0,0.00034,0.00034,0,0,0,0,0,0.4,0,0,0,0,0,0,1,0,0,0,0,0,0,0,0,98,0,,0,0,0,0,
END,Total:2
START,FrameNb:283,CameraNb:0,HeSaiNb:0,ARS410Nb:0
2026/08/02 21:35:44:421---->
heightOffset:0,1785677744421,252680,selfCaliBufCnt:0,selfAccObjCnt:0,selfAccAngle:0,installHAngleOffset:0,Interpolation:0,installVAngleOffset:0,radarOffsetH:0,radarOffsetV:0.32,Polynom:-0.001023;-0.0511;-2.047;0;0;0;-0.001023;-0.0511;-2.047;-25.5;0;0,WheelDirection:0;0;0;0,selfAngleOffset:0,selfAngleOffsetPit:0,currCaliAngleHrz:0,currCaliAnglePit:0,selfCaliAngleHrz:0,selfCaliAnglePit:0,servCaliAngleHrz:0,servCaliAnglePit:0,offlineCaliAngleHrz:0,offlineCaliAnglePit:0,determine2useFlag:0,IMU_Z_Accel:0,IMU_X_AngularRate:0,IMU_Y_AngularRate:0,IMU_RollAngle:0,IMU_PitchAngle:0,IMU_YawAngle:0,FcwID:0,FCWWarningLevel:0,FCWTTC:0
0,5.12,0,-6.88,0,0,0,0,0,0.613,5.0875,0,0,-7.1,0,0,0,0,0.0572958,0,0,0,0,98,0,0,0,0,0,0,57,0,0.00034,0.00034,0,0,0,0,0,2,0,0,0,0,0,0,1,0,0,0,0,0,0,0,0,99,0,,0,0,0,0,
36,8.93,0,26.79,0,0,0,0,0,-4.0245,7.975,0,0,-4.5,0,0,0,0,0.0572958,0,0,0,0,65,0,0,0,0,0,0,57,0,0.00034,0.00034,0,0,0,0,0,0.4,0,0,0,0,0,0,1,0,0,0,0,0,0,0,0,98,0,,0,0,0,0,
END,Total:2
START,FrameNb:284,CameraNb:0,HeSaiNb:0,ARS410Nb:0
2026/08/02 21:35:44:477---->
heightOffset:0,1785677744477,252730,selfCaliBufCnt:0,selfAccObjCnt:0,selfAccAngle:0,installHAngleOffset:0,Interpolation:0,installVAngleOffset:0,radarOffsetH:0,radarOffsetV:0.32,Polynom:-0.001023;-0.0511;-2.047;0;0;0;-0.001023;-0.0511;-2.047;-25.5;0;0,WheelDirection:0;0;0;0,selfAngleOffset:0,selfAngleOffsetPit:0,currCaliAngleHrz:0,currCaliAnglePit:0,selfCaliAngleHrz:0,selfCaliAnglePit:0,servCaliAngleHrz:0,servCaliAnglePit:0,offlineCaliAngleHrz:0,offlineCaliAnglePit:0,determine2useFlag:0,IMU_Z_Accel:0,IMU_X_AngularRate:0,IMU_Y_AngularRate:0,IMU_RollAngle:0,IMU_PitchAngle:0,IMU_YawAngle:0,FcwID:0,FCWWarningLevel:0,FCWTTC:0
0,5.12,0,-6.88,0,0,0,0,0,0.613,5.0875,0,0,-7.1,0,0,0,0,0.0572958,0,0,0,0,98,0,0,0,0,0,0,57,0,0.00034,0.00034,0,0,0,0,0,2.4,0,0,0,0,0,0,1,0,0,0,0,0,0,0,0,99,0,,0,0,0,0,
36,8.89,0,26.29,0,0,0,0,0,-3.937,7.975,-0.125,0,-3.9,0,0,0,0,0.0572958,0,0,0,0,65,0,0,0,0,0,0,57,0,0.00034,0.00034,0,0,0,0,0,0.4,0,0,0,0,0,0,1,0,0,0,0,0,0,0,0,99,0,,0,0,0,0,
END,Total:2
START,FrameNb:285,CameraNb:0,HeSaiNb:0,ARS410Nb:0
2026/08/02 21:35:44:531---->
heightOffset:0,1785677744531,252781,selfCaliBufCnt:0,selfAccObjCnt:0,selfAccAngle:0,installHAngleOffset:0,Interpolation:0,installVAngleOffset:0,radarOffsetH:0,radarOffsetV:0.32,Polynom:-0.001023;-0.0511;-2.047;0;0;0;-0.001023;-0.0511;-2.047;-25.5;0;0,WheelDirection:0;0;0;0,selfAngleOffset:0,selfAngleOffsetPit:0,currCaliAngleHrz:0,currCaliAnglePit:0,selfCaliAngleHrz:0,selfCaliAnglePit:0,servCaliAngleHrz:0,servCaliAnglePit:0,offlineCaliAngleHrz:0,offlineCaliAnglePit:0,determine2useFlag:0,IMU_Z_Accel:0,IMU_X_AngularRate:0,IMU_Y_AngularRate:0,IMU_RollAngle:0,IMU_PitchAngle:0,IMU_YawAngle:0,FcwID:0,FCWWarningLevel:0,FCWTTC:0
0,5.12,0,-6.88,0,0,0,0,0,0.613,5.0875,0,0,-7.1,0,0,0,0,0.0572958,0,0,0,0,98,0,0,0,0,0,0,53,0,0.00034,0.00034,0,0,0,0,0,2,0,0,0,0,0,0,1,0,0,0,0,0,0,0,0,99,0,,0,0,0,0,
36,8.89,0,26.29,0,0,0,0,0,-3.937,7.975,-0.125,0,-3.9,0,0,0,0,0.0572958,0,0,0,0,65,0,0,0,0,0,0,53,0,0.00034,0.00034,0,0,0,0,0,0.6,0,0,0,0,0,0,1,0,0,0,0,0,0,0,0,99,0,,0,0,0,0,
END,Total:2
START,FrameNb:286,CameraNb:0,HeSaiNb:0,ARS410Nb:0
2026/08/02 21:35:44:596---->
heightOffset:0,1785677744596,252830,selfCaliBufCnt:0,selfAccObjCnt:0,selfAccAngle:0,installHAngleOffset:0,Interpolation:0,installVAngleOffset:0,radarOffsetH:0,radarOffsetV:0.32,Polynom:-0.001023;-0.0511;-2.047;0;0;0;-0.001023;-0.0511;-2.047;-25.5;0;0,WheelDirection:0;0;0;0,selfAngleOffset:0,selfAngleOffsetPit:0,currCaliAngleHrz:0,currCaliAnglePit:0,selfCaliAngleHrz:0,selfCaliAnglePit:0,servCaliAngleHrz:0,servCaliAnglePit:0,offlineCaliAngleHrz:0,offlineCaliAnglePit:0,determine2useFlag:0,IMU_Z_Accel:0,IMU_X_AngularRate:0,IMU_Y_AngularRate:0,IMU_RollAngle:0,IMU_PitchAngle:0,IMU_YawAngle:0,FcwID:0,FCWWarningLevel:0,FCWTTC:0
0,5.12,0,-6.88,0,0,0,0,0,0.613,5.0875,0,0,-7.1,0,0,0,0,0.0572958,0,0,0,0,98,0,0,0,0,0,0,58,0,0.00034,0.00034,0,0,0,0,0,2.4,0,0,0,0,0,0,1,0,0,0,0,0,0,0,0,99,0,,0,0,0,0,
36,8.89,0,26.29,0,0,0,0,0,-3.937,7.975,-0.125,0,-3.9,0,0,0,0,0.0572958,0,0,0,0,65,0,0,0,0,0,0,58,0,0.00034,0.00034,0,0,0,0,0,0.6,0,0,0,0,0,0,1,0,0,0,0,0,0,0,0,99,0,,0,0,0,0,
END,Total:2
START,FrameNb:287,CameraNb:0,HeSaiNb:0,ARS410Nb:0
2026/08/02 21:35:44:653---->
heightOffset:0,1785677744653,252880,selfCaliBufCnt:0,selfAccObjCnt:0,selfAccAngle:0,installHAngleOffset:0,Interpolation:0,installVAngleOffset:0,radarOffsetH:0,radarOffsetV:0.32,Polynom:-0.001023;-0.0511;-2.047;0;0;0;-0.001023;-0.0511;-2.047;-25.5;0;0,WheelDirection:0;0;0;0,selfAngleOffset:0,selfAngleOffsetPit:0,currCaliAngleHrz:0,currCaliAnglePit:0,selfCaliAngleHrz:0,selfCaliAnglePit:0,servCaliAngleHrz:0,servCaliAnglePit:0,offlineCaliAngleHrz:0,offlineCaliAnglePit:0,determine2useFlag:0,IMU_Z_Accel:0,IMU_X_AngularRate:0,IMU_Y_AngularRate:0,IMU_RollAngle:0,IMU_PitchAngle:0,IMU_YawAngle:0,FcwID:0,FCWWarningLevel:0,FCWTTC:0
0,5.12,0,-6.88,0,0,0,0,0,0.613,5.0875,0,0,-7.1,0,0,0,0,0.0572958,0,0,0,0,98,0,0,0,0,0,0,53,0,0.00034,0.00034,0,0,0,0,0,2,0,0,0,0,0,0,1,0,0,0,0,0,0,0,0,99,0,,0,0,0,0,
36,8.89,0,26.29,0,0,0,0,0,-3.937,7.975,-0.125,0,-4.9,0,0,0,0,0.0572958,0,0,0,0,65,0,0,0,0,0,0,53,0,0.00034,0.00034,0,0,0,0,0,0.6,0,0,0,0,0,0,1,0,0,0,0,0,0,0,0,99,0,,0,0,0,0,
END,Total:2
START,FrameNb:288,CameraNb:0,HeSaiNb:0,ARS410Nb:0
2026/08/02 21:35:44:667---->
heightOffset:0,1785677744667,252930,selfCaliBufCnt:0,selfAccObjCnt:0,selfAccAngle:0,installHAngleOffset:0,Interpolation:0,installVAngleOffset:0,radarOffsetH:0,radarOffsetV:0.32,Polynom:-0.001023;-0.0511;-2.047;0;0;0;-0.001023;-0.0511;-2.047;-25.5;0;0,WheelDirection:0;0;0;0,selfAngleOffset:0,selfAngleOffsetPit:0,currCaliAngleHrz:0,currCaliAnglePit:0,selfCaliAngleHrz:0,selfCaliAnglePit:0,servCaliAngleHrz:0,servCaliAnglePit:0,offlineCaliAngleHrz:0,offlineCaliAnglePit:0,determine2useFlag:0,IMU_Z_Accel:0,IMU_X_AngularRate:0,IMU_Y_AngularRate:0,IMU_RollAngle:0,IMU_PitchAngle:0,IMU_YawAngle:0,FcwID:0,FCWWarningLevel:0,FCWTTC:0
0,5.12,0,-6.88,0,0,0,0,0,0.613,5.0875,0,0,-7.1,0,0,0,0,0.0572958,0,0,0,0,98,0,0,0,0,0,0,60,0,0.00034,0.00034,0,0,0,0,0,1.8,0,0,0,0,0,0,1,0,0,0,0,0,0,0,0,99,0,,0,0,0,0,
36,8.89,0,26.29,0,0,0,0,0,-3.937,7.975,-0.125,0,-5.5,0,0,0,0,0.0572958,0,0,0,0,65,0,0,0,0,0,0,60,0,0.00034,0.00034,0,0,0,0,0,0.6,0,0,0,0,0,0,1,0,0,0,0,0,0,0,0,99,0,,0,0,0,0,
END,Total:2
START,FrameNb:289,CameraNb:0,HeSaiNb:0,ARS410Nb:0
2026/08/02 21:35:44:725---->
heightOffset:0,1785677744725,252980,selfCaliBufCnt:0,selfAccObjCnt:0,selfAccAngle:0,installHAngleOffset:0,Interpolation:0,installVAngleOffset:0,radarOffsetH:0,radarOffsetV:0.32,Polynom:-0.001023;-0.0511;-2.047;0;0;0;-0.001023;-0.0511;-2.047;-25.5;0;0,WheelDirection:0;0;0;0,selfAngleOffset:0,selfAngleOffsetPit:0,currCaliAngleHrz:0,currCaliAnglePit:0,selfCaliAngleHrz:0,selfCaliAnglePit:0,servCaliAngleHrz:0,servCaliAnglePit:0,offlineCaliAngleHrz:0,offlineCaliAnglePit:0,determine2useFlag:0,IMU_Z_Accel:0,IMU_X_AngularRate:0,IMU_Y_AngularRate:0,IMU_RollAngle:0,IMU_PitchAngle:0,IMU_YawAngle:0,FcwID:0,FCWWarningLevel:0,FCWTTC:0
0,5.12,0,-6.88,0,0,0,0,0,0.613,5.0875,0,0,-7.1,0,0,0,0,0.0572958,0,0,0,0,98,0,0,0,0,0,0,59,0,0.00034,0.00034,0,0,0,0,0,1.6,0,0,0,0,0,0,1,0,0,0,0,0,0,0,0,99,0,,0,0,0,0,
36,8.89,0,26.29,0,0,0,0,0,-3.937,7.975,-0.125,0,-6.1,0,0,0,0,0.0572958,0,0,0,0,65,0,0,0,0,0,0,59,0,0.00034,0.00034,0,0,0,0,0,0.8,0,0,0,0,0,0,1,0,0,0,0,0,0,0,0,99,0,,0,0,0,0,
END,Total:2
START,FrameNb:290,CameraNb:0,HeSaiNb:0,ARS410Nb:0
2026/08/02 21:35:44:780---->
heightOffset:0,1785677744780,253030,selfCaliBufCnt:0,selfAccObjCnt:0,selfAccAngle:0,installHAngleOffset:0,Interpolation:0,installVAngleOffset:0,radarOffsetH:0,radarOffsetV:0.32,Polynom:-0.001023;-0.0511;-2.047;0;0;0;-0.001023;-0.0511;-2.047;-25.5;0;0,WheelDirection:0;0;0;0,selfAngleOffset:0,selfAngleOffsetPit:0,currCaliAngleHrz:0,currCaliAnglePit:0,selfCaliAngleHrz:0,selfCaliAnglePit:0,servCaliAngleHrz:0,servCaliAnglePit:0,offlineCaliAngleHrz:0,offlineCaliAnglePit:0,determine2useFlag:0,IMU_Z_Accel:0,IMU_X_AngularRate:0,IMU_Y_AngularRate:0,IMU_RollAngle:0,IMU_PitchAngle:0,IMU_YawAngle:0,FcwID:0,FCWWarningLevel:0,FCWTTC:0
0,5.12,0,-6.88,0,0,0,0,0,0.613,5.0875,0,0,-7.1,0,0,0,0,0.0572958,0,0,0,0,98,0,0,0,0,0,0,57,0,0.00034,0.00034,0,0,0,0,0,1.4,0,0,0,0,0,0,1,0,0,0,0,0,0,0,0,99,0,,0,0,0,0,
36,8.89,0,26.29,0,0,0,0,0,-3.937,7.975,-0.125,0,-5.9,0,0,0,0,0.0572958,0,0,0,0,65,0,0,0,0,0,0,57,0,0.00034,0.00034,0,0,0,0,0,0.8,0,0,0,0,0,0,1,0,0,0,0,0,0,0,0,99,0,,0,0,0,0,
END,Total:2
START,FrameNb:291,CameraNb:0,HeSaiNb:0,ARS410Nb:0
2026/08/02 21:35:44:842---->
heightOffset:0,1785677744842,253080,selfCaliBufCnt:0,selfAccObjCnt:0,selfAccAngle:0,installHAngleOffset:0,Interpolation:0,installVAngleOffset:0,radarOffsetH:0,radarOffsetV:0.32,Polynom:-0.001023;-0.0511;-2.047;0;0;0;-0.001023;-0.0511;-2.047;-25.5;0;0,WheelDirection:0;0;0;0,selfAngleOffset:0,selfAngleOffsetPit:0,currCaliAngleHrz:0,currCaliAnglePit:0,selfCaliAngleHrz:0,selfCaliAnglePit:0,servCaliAngleHrz:0,servCaliAnglePit:0,offlineCaliAngleHrz:0,offlineCaliAnglePit:0,determine2useFlag:0,IMU_Z_Accel:0,IMU_X_AngularRate:0,IMU_Y_AngularRate:0,IMU_RollAngle:0,IMU_PitchAngle:0,IMU_YawAngle:0,FcwID:0,FCWWarningLevel:0,FCWTTC:0
0,5.12,0,-6.88,0,0,0,0,0,0.613,5.0875,0,0,-7.1,0,0,0,0,0.0572958,0,0,0,0,98,0,0,0,0,0,0,54,0,0.00034,0.00034,0,0,0,0,0,1.8,0,0,0,0,0,0,1,0,0,0,0,0,0,0,0,99,0,,0,0,0,0,
36,8.89,0,26.29,0,0,0,0,0,-3.937,7.975,-0.125,0,-5.5,0,0,0,0,0.0572958,0,0,0,0,65,0,0,0,0,0,0,54,0,0.00034,0.00034,0,0,0,0,0,0.8,0,0,0,0,0,0,1,0,0,0,0,0,0,0,0,99,0,,0,0,0,0,
END,Total:2
START,FrameNb:292,CameraNb:0,HeSaiNb:0,ARS410Nb:0
2026/08/02 21:35:44:904---->
heightOffset:0,1785677744904,253130,selfCaliBufCnt:0,selfAccObjCnt:0,selfAccAngle:0,installHAngleOffset:0,Interpolation:0,installVAngleOffset:0,radarOffsetH:0,radarOffsetV:0.32,Polynom:-0.001023;-0.0511;-2.047;0;0;0;-0.001023;-0.0511;-2.047;-25.5;0;0,WheelDirection:0;0;0;0,selfAngleOffset:0,selfAngleOffsetPit:0,currCaliAngleHrz:0,currCaliAnglePit:0,selfCaliAngleHrz:0,selfCaliAnglePit:0,servCaliAngleHrz:0,servCaliAnglePit:0,offlineCaliAngleHrz:0,offlineCaliAnglePit:0,determine2useFlag:0,IMU_Z_Accel:0,IMU_X_AngularRate:0,IMU_Y_AngularRate:0,IMU_RollAngle:0,IMU_PitchAngle:0,IMU_YawAngle:0,FcwID:0,FCWWarningLevel:0,FCWTTC:0
0,5.12,0,-6.88,0,0,0,0,0,0.613,5.0875,0,0,-7.1,0,0,0,0,0.0572958,0,0,0,0,98,0,0,0,0,0,0,57,0,0.00034,0.00034,0,0,0,0,0,1.8,0,0,0,0,0,0,1,0,0,0,0,0,0,0,0,99,0,,0,0,0,0,
36,8.89,0,26.29,0,0,0,0,0,-3.937,7.975,-0.125,0,-5.5,0,0,0,0,0.0572958,0,0,0,0,65,0,0,0,0,0,0,57,0,0.00034,0.00034,0,0,0,0,0,0.8,0,0,0,0,0,0,1,0,0,0,0,0,0,0,0,99,0,,0,0,0,0,
END,Total:2
START,FrameNb:293,CameraNb:0,HeSaiNb:0,ARS410Nb:0
2026/08/02 21:35:44:957---->
heightOffset:0,1785677744957,253181,selfCaliBufCnt:0,selfAccObjCnt:0,selfAccAngle:0,installHAngleOffset:0,Interpolation:0,installVAngleOffset:0,radarOffsetH:0,radarOffsetV:0.32,Polynom:-0.001023;-0.0511;-2.047;0;0;0;-0.001023;-0.0511;-2.047;-25.5;0;0,WheelDirection:0;0;0;0,selfAngleOffset:0,selfAngleOffsetPit:0,currCaliAngleHrz:0,currCaliAnglePit:0,selfCaliAngleHrz:0,selfCaliAnglePit:0,servCaliAngleHrz:0,servCaliAnglePit:0,offlineCaliAngleHrz:0,offlineCaliAnglePit:0,determine2useFlag:0,IMU_Z_Accel:0,IMU_X_AngularRate:0,IMU_Y_AngularRate:0,IMU_RollAngle:0,IMU_PitchAngle:0,IMU_YawAngle:0,FcwID:0,FCWWarningLevel:0,FCWTTC:0
0,5.12,0,-6.88,0,0,0,0,0,0.613,5.0875,0,0,-7.1,0,0,0,0,0.0572958,0,0,0,0,98,0,0,0,0,0,0,57,0,0.00034,0.00034,0,0,0,0,0,2.4,0,0,0,0,0,0,1,0,0,0,0,0,0,0,0,99,0,,0,0,0,0,
36,8.89,0,26.29,0,0,0,0,0,-3.937,7.975,-0.125,0,-5.5,0,0,0,0,0.0572958,0,0,0,0,65,0,0,0,0,0,0,57,0,0.00034,0.00034,0,0,0,0,0,0.6,0,0,0,0,0,0,1,0,0,0,0,0,0,0,0,99,0,,0,0,0,0,
END,Total:2
START,FrameNb:294,CameraNb:0,HeSaiNb:0,ARS410Nb:0
2026/08/02 21:35:44:973---->
heightOffset:0,1785677744973,253231,selfCaliBufCnt:0,selfAccObjCnt:0,selfAccAngle:0,installHAngleOffset:0,Interpolation:0,installVAngleOffset:0,radarOffsetH:0,radarOffsetV:0.32,Polynom:-0.001023;-0.0511;-2.047;0;0;0;-0.001023;-0.0511;-2.047;-25.5;0;0,WheelDirection:0;0;0;0,selfAngleOffset:0,selfAngleOffsetPit:0,currCaliAngleHrz:0,currCaliAnglePit:0,selfCaliAngleHrz:0,selfCaliAnglePit:0,servCaliAngleHrz:0,servCaliAnglePit:0,offlineCaliAngleHrz:0,offlineCaliAnglePit:0,determine2useFlag:0,IMU_Z_Accel:0,IMU_X_AngularRate:0,IMU_Y_AngularRate:0,IMU_RollAngle:0,IMU_PitchAngle:0,IMU_YawAngle:0,FcwID:0,FCWWarningLevel:0,FCWTTC:0
0,5.12,0,-6.88,0,0,0,0,0,0.613,5.0875,0,0,-7.1,0,0,0,0,0.0572958,0,0,0,0,98,0,0,0,0,0,0,54,0,0.00034,0.00034,0,0,0,0,0,2,0,0,0,0,0,0,1,0,0,0,0,0,0,0,0,99,0,,0,0,0,0,
36,8.89,0,26.29,0,0,0,0,0,-3.937,7.975,-0.125,0,-5.5,0,0,0,0,0.0572958,0,0,0,0,65,0,0,0,0,0,0,54,0,0.00034,0.00034,0,0,0,0,0,0.8,0,0,0,0,0,0,1,0,0,0,0,0,0,0,0,99,0,,0,0,0,0,
END,Total:2
START,FrameNb:295,CameraNb:0,HeSaiNb:0,ARS410Nb:0
2026/08/02 21:35:45:026---->
heightOffset:0,1785677745026,253280,selfCaliBufCnt:0,selfAccObjCnt:0,selfAccAngle:0,installHAngleOffset:0,Interpolation:0,installVAngleOffset:0,radarOffsetH:0,radarOffsetV:0.32,Polynom:-0.001023;-0.0511;-2.047;0;0;0;-0.001023;-0.0511;-2.047;-25.5;0;0,WheelDirection:0;0;0;0,selfAngleOffset:0,selfAngleOffsetPit:0,currCaliAngleHrz:0,currCaliAnglePit:0,selfCaliAngleHrz:0,selfCaliAnglePit:0,servCaliAngleHrz:0,servCaliAnglePit:0,offlineCaliAngleHrz:0,offlineCaliAnglePit:0,determine2useFlag:0,IMU_Z_Accel:0,IMU_X_AngularRate:0,IMU_Y_AngularRate:0,IMU_RollAngle:0,IMU_PitchAngle:0,IMU_YawAngle:0,FcwID:0,FCWWarningLevel:0,FCWTTC:0
0,5.12,0,-6.88,0,0,0,0,0,0.613,5.0875,0,0,-7.1,0,0,0,0,0.0572958,0,0,0,0,98,0,0,0,0,0,0,57,0,0.00034,0.00034,0,0,0,0,0,1.6,0,0,0,0,0,0,1,0,0,0,0,0,0,0,0,99,0,,0,0,0,0,
36,8.89,0,26.29,0,0,0,0,0,-3.937,7.975,-0.125,0,-5.3,0,0,0,0,0.0572958,0,0,0,0,65,0,0,0,0,0,0,57,0,0.00034,0.00034,0,0,0,0,0,0.8,0,0,0,0,0,0,1,0,0,0,0,0,0,0,0,99,0,,0,0,0,0,
END,Total:2
START,FrameNb:296,CameraNb:0,HeSaiNb:0,ARS410Nb:0
2026/08/02 21:35:45:081---->
heightOffset:0,1785677745081,253330,selfCaliBufCnt:0,selfAccObjCnt:0,selfAccAngle:0,installHAngleOffset:0,Interpolation:0,installVAngleOffset:0,radarOffsetH:0,radarOffsetV:0.32,Polynom:-0.001023;-0.0511;-2.047;0;0;0;-0.001023;-0.0511;-2.047;-25.5;0;0,WheelDirection:0;0;0;0,selfAngleOffset:0,selfAngleOffsetPit:0,currCaliAngleHrz:0,currCaliAnglePit:0,selfCaliAngleHrz:0,selfCaliAnglePit:0,servCaliAngleHrz:0,servCaliAnglePit:0,offlineCaliAngleHrz:0,offlineCaliAnglePit:0,determine2useFlag:0,IMU_Z_Accel:0,IMU_X_AngularRate:0,IMU_Y_AngularRate:0,IMU_RollAngle:0,IMU_PitchAngle:0,IMU_YawAngle:0,FcwID:0,FCWWarningLevel:0,FCWTTC:0
0,5.12,0,-6.88,0,0,0,0,0,0.613,5.0875,0,0,-7.1,0,0,0,0,0.0572958,0,0,0,0,98,0,0,0,0,0,0,54,0,0.00034,0.00034,0,0,0,0,0,1.4,0,0,0,0,0,0,1,0,0,0,0,0,0,0,0,99,0,,0,0,0,0,
36,8.89,-0.11,26.29,0,0,0,0,0,-3.937,7.975,-0.125,-0.125,-5.9,0,0,0,0,0.0572958,0,0,0,0,65,0,0,0,0,0,0,54,0,0.00034,0.00034,0,0,0,0,0,0.8,0,0,0,0,0,0,1,0,0,0,0,0,0,0,0,99,0,,0,0,0,0,
END,Total:2
START,FrameNb:297,CameraNb:0,HeSaiNb:0,ARS410Nb:0
2026/08/02 21:35:45:153---->
heightOffset:0,1785677745153,253380,selfCaliBufCnt:0,selfAccObjCnt:0,selfAccAngle:0,installHAngleOffset:0,Interpolation:0,installVAngleOffset:0,radarOffsetH:0,radarOffsetV:0.32,Polynom:-0.001023;-0.0511;-2.047;0;0;0;-0.001023;-0.0511;-2.047;-25.5;0;0,WheelDirection:0;0;0;0,selfAngleOffset:0,selfAngleOffsetPit:0,currCaliAngleHrz:0,currCaliAnglePit:0,selfCaliAngleHrz:0,selfCaliAnglePit:0,servCaliAngleHrz:0,servCaliAnglePit:0,offlineCaliAngleHrz:0,offlineCaliAnglePit:0,determine2useFlag:0,IMU_Z_Accel:0,IMU_X_AngularRate:0,IMU_Y_AngularRate:0,IMU_RollAngle:0,IMU_PitchAngle:0,IMU_YawAngle:0,FcwID:0,FCWWarningLevel:0,FCWTTC:0
0,5.12,0,-6.88,0,0,0,0,0,0.613,5.0875,0,0,-7.1,0,0,0,0,0.0572958,0,0,0,0,98,0,0,0,0,0,0,65,0,0.00034,0.00034,0,0,0,0,0,1.4,0,0,0,0,0,0,1,0,0,0,0,0,0,0,0,99,0,,0,0,0,0,
36,8.89,-0.11,26.29,0,0,0,0,0,-3.937,7.975,-0.125,-0.125,-5.9,0,0,0,0,0.0572958,0,0,0,0,65,0,0,0,0,0,0,65,0,0.00034,0.00034,0,0,0,0,0,0.6,0,0,0,0,0,0,1,0,0,0,0,0,0,0,0,99,0,,0,0,0,0,
END,Total:2
START,FrameNb:298,CameraNb:0,HeSaiNb:0,ARS410Nb:0
2026/08/02 21:35:45:172---->
heightOffset:0,1785677745172,253430,selfCaliBufCnt:0,selfAccObjCnt:0,selfAccAngle:0,installHAngleOffset:0,Interpolation:0,installVAngleOffset:0,radarOffsetH:0,radarOffsetV:0.32,Polynom:-0.001023;-0.0511;-2.047;0;0;0;-0.001023;-0.0511;-2.047;-25.5;0;0,WheelDirection:0;0;0;0,selfAngleOffset:0,selfAngleOffsetPit:0,currCaliAngleHrz:0,currCaliAnglePit:0,selfCaliAngleHrz:0,selfCaliAnglePit:0,servCaliAngleHrz:0,servCaliAnglePit:0,offlineCaliAngleHrz:0,offlineCaliAnglePit:0,determine2useFlag:0,IMU_Z_Accel:0,IMU_X_AngularRate:0,IMU_Y_AngularRate:0,IMU_RollAngle:0,IMU_PitchAngle:0,IMU_YawAngle:0,FcwID:0,FCWWarningLevel:0,FCWTTC:0
0,5.12,0,-6.88,0,0,0,0,0,0.613,5.0875,0,0,-7.1,0,0,0,0,0.0572958,0,0,0,0,98,0,0,0,0,0,0,55,0,0.00034,0.00034,0,0,0,0,0,2,0,0,0,0,0,0,1,0,0,0,0,0,0,0,0,99,0,,0,0,0,0,
36,8.89,-0.11,26.29,0,0,0,0,0,-3.937,7.975,-0.125,-0.125,-5.9,0,0,0,0,0.0572958,0,0,0,0,65,0,0,0,0,0,0,55,0,0.00034,0.00034,0,0,0,0,0,0.6,0,0,0,0,0,0,1,0,0,0,0,0,0,0,0,99,0,,0,0,0,0,
END,Total:2
START,FrameNb:299,CameraNb:0,HeSaiNb:0,ARS410Nb:0
2026/08/02 21:35:45:230---->
heightOffset:0,1785677745230,253480,selfCaliBufCnt:0,selfAccObjCnt:0,selfAccAngle:0,installHAngleOffset:0,Interpolation:0,installVAngleOffset:0,radarOffsetH:0,radarOffsetV:0.32,Polynom:-0.001023;-0.0511;-2.047;0;0;0;-0.001023;-0.0511;-2.047;-25.5;0;0,WheelDirection:0;0;0;0,selfAngleOffset:0,selfAngleOffsetPit:0,currCaliAngleHrz:0,currCaliAnglePit:0,selfCaliAngleHrz:0,selfCaliAnglePit:0,servCaliAngleHrz:0,servCaliAnglePit:0,offlineCaliAngleHrz:0,offlineCaliAnglePit:0,determine2useFlag:0,IMU_Z_Accel:0,IMU_X_AngularRate:0,IMU_Y_AngularRate:0,IMU_RollAngle:0,IMU_PitchAngle:0,IMU_YawAngle:0,FcwID:0,FCWWarningLevel:0,FCWTTC:0
0,5.12,0,-6.88,0,0,0,0,0,0.613,5.0875,0,0,-7.1,0,0,0,0,0.0572958,0,0,0,0,98,0,0,0,0,0,0,58,0,0.00034,0.00034,0,0,0,0,0,2.4,0,0,0,0,0,0,1,0,0,0,0,0,0,0,0,99,0,,0,0,0,0,
36,8.89,-0.11,26.29,0,0,0,0,0,-3.937,7.975,-0.125,-0.125,-5.9,0,0,0,0,0.0572958,0,0,0,0,65,0,0,0,0,0,0,58,0,0.00034,0.00034,0,0,0,0,0,0.6,0,0,0,0,0,0,1,0,0,0,0,0,0,0,0,99,0,,0,0,0,0,
END,Total:2
START,FrameNb:300,CameraNb:0,HeSaiNb:0,ARS410Nb:0
2026/08/02 21:35:45:292---->
heightOffset:0,1785677745292,253530,selfCaliBufCnt:0,selfAccObjCnt:0,selfAccAngle:0,installHAngleOffset:0,Interpolation:0,installVAngleOffset:0,radarOffsetH:0,radarOffsetV:0.32,Polynom:-0.001023;-0.0511;-2.047;0;0;0;-0.001023;-0.0511;-2.047;-25.5;0;0,WheelDirection:0;0;0;0,selfAngleOffset:0,selfAngleOffsetPit:0,currCaliAngleHrz:0,currCaliAnglePit:0,selfCaliAngleHrz:0,selfCaliAnglePit:0,servCaliAngleHrz:0,servCaliAnglePit:0,offlineCaliAngleHrz:0,offlineCaliAnglePit:0,determine2useFlag:0,IMU_Z_Accel:0,IMU_X_AngularRate:0,IMU_Y_AngularRate:0,IMU_RollAngle:0,IMU_PitchAngle:0,IMU_YawAngle:0,FcwID:0,FCWWarningLevel:0,FCWTTC:0
0,5.12,0,-6.88,0,0,0,0,0,0.613,5.0875,0,0,-7.1,0,0,0,0,0.0572958,0,0,0,0,98,0,0,0,0,0,0,53,0,0.00034,0.00034,0,0,0,0,0,2.4,0,0,0,0,0,0,1,0,0,0,0,0,0,0,0,99,0,,0,0,0,0,
36,8.89,-0.11,26.29,0,0,0,0,0,-3.937,7.975,-0.125,-0.125,-5.9,0,0,0,0,0.0572958,0,0,0,0,65,0,0,0,0,0,0,53,0,0.00034,0.00034,0,0,0,0,0,0.6,0,0,0,0,0,0,1,0,0,0,0,0,0,0,0,99,0,,0,0,0,0,
END,Total:2
START,FrameNb:301,CameraNb:0,HeSaiNb:0,ARS410Nb:0
2026/08/02 21:35:45:353---->
heightOffset:0,1785677745353,253581,selfCaliBufCnt:0,selfAccObjCnt:0,selfAccAngle:0,installHAngleOffset:0,Interpolation:0,installVAngleOffset:0,radarOffsetH:0,radarOffsetV:0.32,Polynom:-0.001023;-0.0511;-2.047;0;0;0;-0.001023;-0.0511;-2.047;-25.5;0;0,WheelDirection:0;0;0;0,selfAngleOffset:0,selfAngleOffsetPit:0,currCaliAngleHrz:0,currCaliAnglePit:0,selfCaliAngleHrz:0,selfCaliAnglePit:0,servCaliAngleHrz:0,servCaliAnglePit:0,offlineCaliAngleHrz:0,offlineCaliAnglePit:0,determine2useFlag:0,IMU_Z_Accel:0,IMU_X_AngularRate:0,IMU_Y_AngularRate:0,IMU_RollAngle:0,IMU_PitchAngle:0,IMU_YawAngle:0,FcwID:0,FCWWarningLevel:0,FCWTTC:0
0,5.12,0,-6.88,0,0,0,0,0,0.613,5.0875,0,0,-7.1,0,0,0,0,0.0572958,0,0,0,0,98,0,0,0,0,0,0,53,0,0.00034,0.00034,0,0,0,0,0,2,0,0,0,0,0,0,1,0,0,0,0,0,0,0,0,99,0,,0,0,0,0,
36,8.89,-0.11,26.29,0,0,0,0,0,-3.937,7.975,0,-0.125,-5.7,0,0,0,0,0.0572958,0,0,0,0,65,0,0,0,0,0,0,53,0,0.00034,0.00034,0,0,0,0,0,0.6,0,0,0,0,0,0,1,0,0,0,0,0,0,0,0,99,0,,0,0,0,0,
END,Total:2
START,FrameNb:302,CameraNb:0,HeSaiNb:0,ARS410Nb:0
2026/08/02 21:35:45:404---->
heightOffset:0,1785677745404,253630,selfCaliBufCnt:0,selfAccObjCnt:0,selfAccAngle:0,installHAngleOffset:0,Interpolation:0,installVAngleOffset:0,radarOffsetH:0,radarOffsetV:0.32,Polynom:-0.001023;-0.0511;-2.047;0;0;0;-0.001023;-0.0511;-2.047;-25.5;0;0,WheelDirection:0;0;0;0,selfAngleOffset:0,selfAngleOffsetPit:0,currCaliAngleHrz:0,currCaliAnglePit:0,selfCaliAngleHrz:0,selfCaliAnglePit:0,servCaliAngleHrz:0,servCaliAnglePit:0,offlineCaliAngleHrz:0,offlineCaliAnglePit:0,determine2useFlag:0,IMU_Z_Accel:0,IMU_X_AngularRate:0,IMU_Y_AngularRate:0,IMU_RollAngle:0,IMU_PitchAngle:0,IMU_YawAngle:0,FcwID:0,FCWWarningLevel:0,FCWTTC:0
0,5.12,0,-6.88,0,0,0,0,0,0.613,5.0875,0,0,-7.1,0,0,0,0,0.0572958,0,0,0,0,98,0,0,0,0,0,0,57,0,0.00034,0.00034,0,0,0,0,0,1.8,0,0,0,0,0,0,1,0,0,0,0,0,0,0,0,99,0,,0,0,0,0,
36,8.89,-0.11,26.29,0,0,0,0,0,-3.937,7.975,0,-0.125,-5.5,0,0,0,0,0.0572958,0,0,0,0,65,0,0,0,0,0,0,57,0,0.00034,0.00034,0,0,0,0,0,0.6,0,0,0,0,0,0,1,0,0,0,0,0,0,0,0,99,0,,0,0,0,0,
END,Total:2




BB Hw:V3.1.9.1,app Fw:V6.4.23.11.0.0,boot Fw:V6.4.23.6.0.0,PA cali Fw:V6.4.23.6.0.0,CT_RadarTool FW:V7.0,Can CH:1.4.6.3,Can rate:0,CarSpeedMode:0,
