ObjId,range,speed,angle,snr,Kstate,OboCarSpeed,heigh,heighAngle,X,Y,EstimateCarSpeed,EstimateMagCarSpeed,RCS,WheelSpdFl,WheelSpdFR,WheelSpdRL,WheelSpdRR,YawRate,frameIntervalTimeZ4,SelfCalcAngle,SenceFlag,SortFlag,trkReiablility,RadiusCurvature,Xaccel,Yaccel,noise,using,DbfMag,FrameIntervalTime,installAngleOffset,VehLatAcc,VehLongAcc,matchFlag,tag,deltaRange,clusterID,idx,objLen,weight,MeasCounter,MAtr,SteeringAngle,SteeringAngleSpd,EstCarSpeed,Gear,isDmlMode,waveType,sideSlobe0,sideSlobe1,sideSlobe2,peakNum1,peakNum2,AlgTeam,ObstacleProb,scene,errorCode,FlagJam,FlagTunnelFence,FlagFenceScene,FlagBarnScene
START,FrameNb:0,CameraNb:0,HeSaiNb:0,ARS410Nb:0
2026/08/02 21:39:26:327---->
heightOffset:0,1785677966327,474581,selfCaliBufCnt:0,selfAccObjCnt:0,selfAccAngle:0,installHAngleOffset:0,Interpolation:0,installVAngleOffset:0,radarOffsetH:0,radarOffsetV:0.32,Polynom:-0.001023;-0.0511;-2.047;0;0;0;-0.001023;-0.0511;-2.047;-25.5;0;0,WheelDirection:0;0;0;0,selfAngleOffset:0,selfAngleOffsetPit:0,currCaliAngleHrz:0,currCaliAnglePit:0,selfCaliAngleHrz:0,selfCaliAnglePit:0,servCaliAngleHrz:0,servCaliAnglePit:0,offlineCaliAngleHrz:0,offlineCaliAnglePit:0,determine2useFlag:0,IMU_Z_Accel:0,IMU_X_AngularRate:0,IMU_Y_AngularRate:0,IMU_RollAngle:0,IMU_PitchAngle:0,IMU_YawAngle:0,FcwID:0,FCWWarningLevel:0,FCWTTC:0
0,5.04,0,-6.99,0,0,0,0,0,0.613,5,0,0,-6.9,0,0,0,0,0.0572958,0,0,0,0,98,0,0,0,0,0,0,53,0,0.00034,0.00034,0,0,0,0,0,3.6,0,0,0,0,0,0,1,0,0,0,0,0,0,0,0,98,0,,0,0,0,0,
73,9.95,0,-12.19,0,0,0,0,0,2.1005,9.725,0,0,-17.1,0,0,0,0,0.0572958,0,0,0,0,65,0,0,0,0,0,0,53,0,0.00034,0.00034,0,0,0,0,0,0.8,0,0,0,0,0,0,1,0,0,0,0,0,0,0,0,30,0,,0,0,0,0,
END,Total:2
START,FrameNb:1,CameraNb:0,HeSaiNb:0,ARS410Nb:0
2026/08/02 21:39:26:383---->
heightOffset:0,1785677966383,474631,selfCaliBufCnt:0,selfAccObjCnt:0,selfAccAngle:0,installHAngleOffset:0,Interpolation:0,installVAngleOffset:0,radarOffsetH:0,radarOffsetV:0.32,Polynom:-0.001023;-0.0511;-2.047;0;0;0;-0.001023;-0.0511;-2.047;-25.5;0;0,WheelDirection:0;0;0;0,selfAngleOffset:0,selfAngleOffsetPit:0,currCaliAngleHrz:0,currCaliAnglePit:0,selfCaliAngleHrz:0,selfCaliAnglePit:0,servCaliAngleHrz:0,servCaliAnglePit:0,offlineCaliAngleHrz:0,offlineCaliAnglePit:0,determine2useFlag:0,IMU_Z_Accel:0,IMU_X_AngularRate:0,IMU_Y_AngularRate:0,IMU_RollAngle:0,IMU_PitchAngle:0,IMU_YawAngle:0,FcwID:0,FCWWarningLevel:0,FCWTTC:0
0,5.04,0,-6.99,0,0,0,0,0,0.613,5,-0.125,0,-6.9,0,0,0,0,0.0572958,0,0,0,0,98,0,0,0,0,0,0,58,0,0.00034,0.00034,0,0,0,0,0,3.6,0,0,0,0,0,0,1,0,0,0,0,0,0,0,0,98,0,,0,0,0,0,
73,9.95,0,-12.19,0,0,0,0,0,2.1005,9.725,0,0,-17.1,0,0,0,0,0.0572958,0,0,0,0,65,0,0,0,0,0,0,58,0,0.00034,0.00034,0,0,0,0,0,0.8,0,0,0,0,0,0,1,0,0,0,0,0,0,0,0,30,0,,0,0,0,0,
END,Total:2
START,FrameNb:2,CameraNb:0,HeSaiNb:0,ARS410Nb:0
2026/08/02 21:39:26:420---->
heightOffset:0,1785677966420,474681,selfCaliBufCnt:0,selfAccObjCnt:0,selfAccAngle:0,installHAngleOffset:0,Interpolation:0,installVAngleOffset:0,radarOffsetH:0,radarOffsetV:0.32,Polynom:-0.001023;-0.0511;-2.047;0;0;0;-0.001023;-0.0511;-2.047;-25.5;0;0,WheelDirection:0;0;0;0,selfAngleOffset:0,selfAngleOffsetPit:0,currCaliAngleHrz:0,currCaliAnglePit:0,selfCaliAngleHrz:0,selfCaliAnglePit:0,servCaliAngleHrz:0,servCaliAnglePit:0,offlineCaliAngleHrz:0,offlineCaliAnglePit:0,determine2useFlag:0,IMU_Z_Accel:0,IMU_X_AngularRate:0,IMU_Y_AngularRate:0,IMU_RollAngle:0,IMU_PitchAngle:0,IMU_YawAngle:0,FcwID:0,FCWWarningLevel:0,FCWTTC:0
0,5.04,0,-6.99,0,0,0,0,0,0.613,5,-0.125,0,-6.9,0,0,0,0,0.0572958,0,0,0,0,98,0,0,0,0,0,0,57,0,0.00034,0.00034,0,0,0,0,0,3.6,0,0,0,0,0,0,1,0,0,0,0,0,0,0,0,98,0,,0,0,0,0,
73,9.95,0,-12.19,0,0,0,0,0,2.1005,9.725,0,0,-17.1,0,0,0,0,0.0572958,0,0,0,0,65,0,0,0,0,0,0,57,0,0.00034,0.00034,0,0,0,0,0,0.8,0,0,0,0,0,0,1,0,0,0,0,0,0,0,0,30,0,,0,0,0,0,
END,Total:2
START,FrameNb:3,CameraNb:0,HeSaiNb:0,ARS410Nb:0
2026/08/02 21:39:26:476---->
heightOffset:0,1785677966476,474731,selfCaliBufCnt:0,selfAccObjCnt:0,selfAccAngle:0,installHAngleOffset:0,Interpolation:0,installVAngleOffset:0,radarOffsetH:0,radarOffsetV:0.32,Polynom:-0.001023;-0.0511;-2.047;0;0;0;-0.001023;-0.0511;-2.047;-25.5;0;0,WheelDirection:0;0;0;0,selfAngleOffset:0,selfAngleOffsetPit:0,currCaliAngleHrz:0,currCaliAnglePit:0,selfCaliAngleHrz:0,selfCaliAnglePit:0,servCaliAngleHrz:0,servCaliAnglePit:0,offlineCaliAngleHrz:0,offlineCaliAnglePit:0,determine2useFlag:0,IMU_Z_Accel:0,IMU_X_AngularRate:0,IMU_Y_AngularRate:0,IMU_RollAngle:0,IMU_PitchAngle:0,IMU_YawAngle:0,FcwID:0,FCWWarningLevel:0,FCWTTC:0
0,5.04,0,-6.99,0,0,0,0,0,0.613,5,-0.125,0,-6.9,0,0,0,0,0.0572958,0,0,0,0,98,0,0,0,0,0,0,62,0,0.00034,0.00034,0,0,0,0,0,3.6,0,0,0,0,0,0,1,0,0,0,0,0,0,0,0,98,0,,0,0,0,0,
73,9.95,0,-12.19,0,0,0,0,0,2.1005,9.725,0,0,-16.9,0,0,0,0,0.0572958,0,0,0,0,65,0,0,0,0,0,0,62,0,0.00034,0.00034,0,0,0,0,0,0.8,0,0,0,0,0,0,1,0,0,0,0,0,0,0,0,30,0,,0,0,0,0,
END,Total:2
START,FrameNb:4,CameraNb:0,HeSaiNb:0,ARS410Nb:0
2026/08/02 21:39:26:517---->
heightOffset:0,1785677966517,474781,selfCaliBufCnt:0,selfAccObjCnt:0,selfAccAngle:0,installHAngleOffset:0,Interpolation:0,installVAngleOffset:0,radarOffsetH:0,radarOffsetV:0.32,Polynom:-0.001023;-0.0511;-2.047;0;0;0;-0.001023;-0.0511;-2.047;-25.5;0;0,WheelDirection:0;0;0;0,selfAngleOffset:0,selfAngleOffsetPit:0,currCaliAngleHrz:0,currCaliAnglePit:0,selfCaliAngleHrz:0,selfCaliAnglePit:0,servCaliAngleHrz:0,servCaliAnglePit:0,offlineCaliAngleHrz:0,offlineCaliAnglePit:0,determine2useFlag:0,IMU_Z_Accel:0,IMU_X_AngularRate:0,IMU_Y_AngularRate:0,IMU_RollAngle:0,IMU_PitchAngle:0,IMU_YawAngle:0,FcwID:0,FCWWarningLevel:0,FCWTTC:0
0,5.04,0,-6.99,0,0,0,0,0,0.613,5,-0.125,0,-6.9,0,0,0,0,0.0572958,0,0,0,0,98,0,0,0,0,0,0,55,0,0.00034,0.00034,0,0,0,0,0,3.6,0,0,0,0,0,0,1,0,0,0,0,0,0,0,0,98,0,,0,0,0,0,
73,9.95,0,-12.19,0,0,0,0,0,2.1005,9.725,0,0,-16.9,0,0,0,0,0.0572958,0,0,0,0,65,0,0,0,0,0,0,55,0,0.00034,0.00034,0,0,0,0,0,0.8,0,0,0,0,0,0,1,0,0,0,0,0,0,0,0,30,0,,0,0,0,0,
END,Total:2
START,FrameNb:5,CameraNb:0,HeSaiNb:0,ARS410Nb:0
2026/08/02 21:39:26:575---->
heightOffset:0,1785677966575,474831,selfCaliBufCnt:0,selfAccObjCnt:0,selfAccAngle:0,installHAngleOffset:0,Interpolation:0,installVAngleOffset:0,radarOffsetH:0,radarOffsetV:0.32,Polynom:-0.001023;-0.0511;-2.047;0;0;0;-0.001023;-0.0511;-2.047;-25.5;0;0,WheelDirection:0;0;0;0,selfAngleOffset:0,selfAngleOffsetPit:0,currCaliAngleHrz:0,currCaliAnglePit:0,selfCaliAngleHrz:0,selfCaliAnglePit:0,servCaliAngleHrz:0,servCaliAnglePit:0,offlineCaliAngleHrz:0,offlineCaliAnglePit:0,determine2useFlag:0,IMU_Z_Accel:0,IMU_X_AngularRate:0,IMU_Y_AngularRate:0,IMU_RollAngle:0,IMU_PitchAngle:0,IMU_YawAngle:0,FcwID:0,FCWWarningLevel:0,FCWTTC:0
0,5.04,0,-6.99,0,0,0,0,0,0.613,5,-0.125,0,-6.9,0,0,0,0,0.0572958,0,0,0,0,98,0,0,0,0,0,0,58,0,0.00034,0.00034,0,0,0,0,0,3.6,0,0,0,0,0,0,1,0,0,0,0,0,0,0,0,98,0,,0,0,0,0,
73,9.95,0,-12.19,0,0,0,0,0,2.1005,9.725,0,0,-16.9,0,0,0,0,0.0572958,0,0,0,0,65,0,0,0,0,0,0,58,0,0.00034,0.00034,0,0,0,0,0,0.8,0,0,0,0,0,0,1,0,0,0,0,0,0,0,0,30,0,,0,0,0,0,
END,Total:2
START,FrameNb:6,CameraNb:0,HeSaiNb:0,ARS410Nb:0
2026/08/02 21:39:26:629---->
heightOffset:0,1785677966629,474881,selfCaliBufCnt:0,selfAccObjCnt:0,selfAccAngle:0,installHAngleOffset:0,Interpolation:0,installVAngleOffset:0,radarOffsetH:0,radarOffsetV:0.32,Polynom:-0.001023;-0.0511;-2.047;0;0;0;-0.001023;-0.0511;-2.047;-25.5;0;0,WheelDirection:0;0;0;0,selfAngleOffset:0,selfAngleOffsetPit:0,currCaliAngleHrz:0,currCaliAnglePit:0,selfCaliAngleHrz:0,selfCaliAnglePit:0,servCaliAngleHrz:0,servCaliAnglePit:0,offlineCaliAngleHrz:0,offlineCaliAnglePit:0,determine2useFlag:0,IMU_Z_Accel:0,IMU_X_AngularRate:0,IMU_Y_AngularRate:0,IMU_RollAngle:0,IMU_PitchAngle:0,IMU_YawAngle:0,FcwID:0,FCWWarningLevel:0,FCWTTC:0
0,5.04,0,-6.99,0,0,0,0,0,0.613,5,-0.125,0,-6.9,0,0,0,0,0.0572958,0,0,0,0,98,0,0,0,0,0,0,53,0,0.00034,0.00034,0,0,0,0,0,3.6,0,0,0,0,0,0,1,0,0,0,0,0,0,0,0,98,0,,0,0,0,0,
73,9.95,0,-12.19,0,0,0,0,0,2.1005,9.725,0,0,-16.9,0,0,0,0,0.0572958,0,0,0,0,65,0,0,0,0,0,0,53,0,0.00034,0.00034,0,0,0,0,0,0.8,0,0,0,0,0,0,1,0,0,0,0,0,0,0,0,30,0,,0,0,0,0,
END,Total:2
START,FrameNb:7,CameraNb:0,HeSaiNb:0,ARS410Nb:0
2026/08/02 21:39:26:672---->
heightOffset:0,1785677966672,474931,selfCaliBufCnt:0,selfAccObjCnt:0,selfAccAngle:0,installHAngleOffset:0,Interpolation:0,installVAngleOffset:0,radarOffsetH:0,radarOffsetV:0.32,Polynom:-0.001023;-0.0511;-2.047;0;0;0;-0.001023;-0.0511;-2.047;-25.5;0;0,WheelDirection:0;0;0;0,selfAngleOffset:0,selfAngleOffsetPit:0,currCaliAngleHrz:0,currCaliAnglePit:0,selfCaliAngleHrz:0,selfCaliAnglePit:0,servCaliAngleHrz:0,servCaliAnglePit:0,offlineCaliAngleHrz:0,offlineCaliAnglePit:0,determine2useFlag:0,IMU_Z_Accel:0,IMU_X_AngularRate:0,IMU_Y_AngularRate:0,IMU_RollAngle:0,IMU_PitchAngle:0,IMU_YawAngle:0,FcwID:0,FCWWarningLevel:0,FCWTTC:0
0,5.04,0,-6.99,0,0,0,0,0,0.613,5,0,0,-6.9,0,0,0,0,0.0572958,0,0,0,0,98,0,0,0,0,0,0,53,0,0.00034,0.00034,0,0,0,0,0,3.6,0,0,0,0,0,0,1,0,0,0,0,0,0,0,0,98,0,,0,0,0,0,
73,9.95,0,-12.19,0,0,0,0,0,2.1005,9.725,0,0,-16.9,0,0,0,0,0.0572958,0,0,0,0,65,0,0,0,0,0,0,53,0,0.00034,0.00034,0,0,0,0,0,0.8,0,0,0,0,0,0,1,0,0,0,0,0,0,0,0,30,0,,0,0,0,0,
END,Total:2
START,FrameNb:8,CameraNb:0,HeSaiNb:0,ARS410Nb:0
2026/08/02 21:39:26:726---->
heightOffset:0,1785677966726,474982,selfCaliBufCnt:0,selfAccObjCnt:0,selfAccAngle:0,installHAngleOffset:0,Interpolation:0,installVAngleOffset:0,radarOffsetH:0,radarOffsetV:0.32,Polynom:-0.001023;-0.0511;-2.047;0;0;0;-0.001023;-0.0511;-2.047;-25.5;0;0,WheelDirection:0;0;0;0,selfAngleOffset:0,selfAngleOffsetPit:0,currCaliAngleHrz:0,currCaliAnglePit:0,selfCaliAngleHrz:0,selfCaliAnglePit:0,servCaliAngleHrz:0,servCaliAnglePit:0,offlineCaliAngleHrz:0,offlineCaliAnglePit:0,determine2useFlag:0,IMU_Z_Accel:0,IMU_X_AngularRate:0,IMU_Y_AngularRate:0,IMU_RollAngle:0,IMU_PitchAngle:0,IMU_YawAngle:0,FcwID:0,FCWWarningLevel:0,FCWTTC:0
0,5.04,0,-6.99,0,0,0,0,0,0.613,5,-0.125,0,-6.9,0,0,0,0,0.0572958,0,0,0,0,98,0,0,0,0,0,0,57,0,0.00034,0.00034,0,0,0,0,0,3.6,0,0,0,0,0,0,1,0,0,0,0,0,0,0,0,98,0,,0,0,0,0,
73,9.95,0,-12.19,0,0,0,0,0,2.1005,9.725,0,0,-16.7,0,0,0,0,0.0572958,0,0,0,0,65,0,0,0,0,0,0,57,0,0.00034,0.00034,0,0,0,0,0,0.8,0,0,0,0,0,0,1,0,0,0,0,0,0,0,0,30,0,,0,0,0,0,
END,Total:2
START,FrameNb:9,CameraNb:0,HeSaiNb:0,ARS410Nb:0
2026/08/02 21:39:26:766---->
heightOffset:0,1785677966766,475031,selfCaliBufCnt:0,selfAccObjCnt:0,selfAccAngle:0,installHAngleOffset:0,Interpolation:0,installVAngleOffset:0,radarOffsetH:0,radarOffsetV:0.32,Polynom:-0.001023;-0.0511;-2.047;0;0;0;-0.001023;-0.0511;-2.047;-25.5;0;0,WheelDirection:0;0;0;0,selfAngleOffset:0,selfAngleOffsetPit:0,currCaliAngleHrz:0,currCaliAnglePit:0,selfCaliAngleHrz:0,selfCaliAnglePit:0,servCaliAngleHrz:0,servCaliAnglePit:0,offlineCaliAngleHrz:0,offlineCaliAnglePit:0,determine2useFlag:0,IMU_Z_Accel:0,IMU_X_AngularRate:0,IMU_Y_AngularRate:0,IMU_RollAngle:0,IMU_PitchAngle:0,IMU_YawAngle:0,FcwID:0,FCWWarningLevel:0,FCWTTC:0
0,5.04,0,-6.99,0,0,0,0,0,0.613,5,-0.125,0,-6.9,0,0,0,0,0.0572958,0,0,0,0,98,0,0,0,0,0,0,53,0,0.00034,0.00034,0,0,0,0,0,3.6,0,0,0,0,0,0,1,0,0,0,0,0,0,0,0,98,0,,0,0,0,0,
73,9.95,0,-12.19,0,0,0,0,0,2.1005,9.725,0,0,-16.7,0,0,0,0,0.0572958,0,0,0,0,65,0,0,0,0,0,0,53,0,0.00034,0.00034,0,0,0,0,0,0.8,0,0,0,0,0,0,1,0,0,0,0,0,0,0,0,30,0,,0,0,0,0,
END,Total:2
START,FrameNb:10,CameraNb:0,HeSaiNb:0,ARS410Nb:0
2026/08/02 21:39:26:826---->
heightOffset:0,1785677966826,475081,selfCaliBufCnt:0,selfAccObjCnt:0,selfAccAngle:0,installHAngleOffset:0,Interpolation:0,installVAngleOffset:0,radarOffsetH:0,radarOffsetV:0.32,Polynom:-0.001023;-0.0511;-2.047;0;0;0;-0.001023;-0.0511;-2.047;-25.5;0;0,WheelDirection:0;0;0;0,selfAngleOffset:0,selfAngleOffsetPit:0,currCaliAngleHrz:0,currCaliAnglePit:0,selfCaliAngleHrz:0,selfCaliAnglePit:0,servCaliAngleHrz:0,servCaliAnglePit:0,offlineCaliAngleHrz:0,offlineCaliAnglePit:0,determine2useFlag:0,IMU_Z_Accel:0,IMU_X_AngularRate:0,IMU_Y_AngularRate:0,IMU_RollAngle:0,IMU_PitchAngle:0,IMU_YawAngle:0,FcwID:0,FCWWarningLevel:0,FCWTTC:0
0,5.04,0,-6.99,0,0,0,0,0,0.613,5,0,0,-6.9,0,0,0,0,0.0572958,0,0,0,0,98,0,0,0,0,0,0,61,0,0.00034,0.00034,0,0,0,0,0,3.6,0,0,0,0,0,0,1,0,0,0,0,0,0,0,0,98,0,,0,0,0,0,
73,9.95,0,-12.19,0,0,0,0,0,2.1005,9.725,0,0,-16.7,0,0,0,0,0.0572958,0,0,0,0,65,0,0,0,0,0,0,61,0,0.00034,0.00034,0,0,0,0,0,0.8,0,0,0,0,0,0,1,0,0,0,0,0,0,0,0,30,0,,0,0,0,0,
END,Total:2
START,FrameNb:11,CameraNb:0,HeSaiNb:0,ARS410Nb:0
2026/08/02 21:39:26:884---->
heightOffset:0,1785677966884,475131,selfCaliBufCnt:0,selfAccObjCnt:0,selfAccAngle:0,installHAngleOffset:0,Interpolation:0,installVAngleOffset:0,radarOffsetH:0,radarOffsetV:0.32,Polynom:-0.001023;-0.0511;-2.047;0;0;0;-0.001023;-0.0511;-2.047;-25.5;0;0,WheelDirection:0;0;0;0,selfAngleOffset:0,selfAngleOffsetPit:0,currCaliAngleHrz:0,currCaliAnglePit:0,selfCaliAngleHrz:0,selfCaliAnglePit:0,servCaliAngleHrz:0,servCaliAnglePit:0,offlineCaliAngleHrz:0,offlineCaliAnglePit:0,determine2useFlag:0,IMU_Z_Accel:0,IMU_X_AngularRate:0,IMU_Y_AngularRate:0,IMU_RollAngle:0,IMU_PitchAngle:0,IMU_YawAngle:0,FcwID:0,FCWWarningLevel:0,FCWTTC:0
0,5.04,0,-6.99,0,0,0,0,0,0.613,5,0,0,-6.9,0,0,0,0,0.0572958,0,0,0,0,98,0,0,0,0,0,0,58,0,0.00034,0.00034,0,0,0,0,0,3.6,0,0,0,0,0,0,1,0,0,0,0,0,0,0,0,98,0,,0,0,0,0,
73,9.95,0,-12.19,0,0,0,0,0,2.1005,9.725,0,0,-16.9,0,0,0,0,0.0572958,0,0,0,0,65,0,0,0,0,0,0,58,0,0.00034,0.00034,0,0,0,0,0,0.8,0,0,0,0,0,0,1,0,0,0,0,0,0,0,0,30,0,,0,0,0,0,
END,Total:2
START,FrameNb:12,CameraNb:0,HeSaiNb:0,ARS410Nb:0
2026/08/02 21:39:26:920---->
heightOffset:0,1785677966920,475181,selfCaliBufCnt:0,selfAccObjCnt:0,selfAccAngle:0,installHAngleOffset:0,Interpolation:0,installVAngleOffset:0,radarOffsetH:0,radarOffsetV:0.32,Polynom:-0.001023;-0.0511;-2.047;0;0;0;-0.001023;-0.0511;-2.047;-25.5;0;0,WheelDirection:0;0;0;0,selfAngleOffset:0,selfAngleOffsetPit:0,currCaliAngleHrz:0,currCaliAnglePit:0,selfCaliAngleHrz:0,selfCaliAnglePit:0,servCaliAngleHrz:0,servCaliAnglePit:0,offlineCaliAngleHrz:0,offlineCaliAnglePit:0,determine2useFlag:0,IMU_Z_Accel:0,IMU_X_AngularRate:0,IMU_Y_AngularRate:0,IMU_RollAngle:0,IMU_PitchAngle:0,IMU_YawAngle:0,FcwID:0,FCWWarningLevel:0,FCWTTC:0
0,5.04,0,-6.99,0,0,0,0,0,0.613,5,0,0,-6.9,0,0,0,0,0.0572958,0,0,0,0,98,0,0,0,0,0,0,59,0,0.00034,0.00034,0,0,0,0,0,3.6,0,0,0,0,0,0,1,0,0,0,0,0,0,0,0,98,0,,0,0,0,0,
73,9.95,0,-12.19,0,0,0,0,0,2.1005,9.725,0,0,-16.9,0,0,0,0,0.0572958,0,0,0,0,65,0,0,0,0,0,0,59,0,0.00034,0.00034,0,0,0,0,0,0.8,0,0,0,0,0,0,1,0,0,0,0,0,0,0,0,30,0,,0,0,0,0,
END,Total:2
START,FrameNb:13,CameraNb:0,HeSaiNb:0,ARS410Nb:0
2026/08/02 21:39:26:972---->
heightOffset:0,1785677966972,475231,selfCaliBufCnt:0,selfAccObjCnt:0,selfAccAngle:0,installHAngleOffset:0,Interpolation:0,installVAngleOffset:0,radarOffsetH:0,radarOffsetV:0.32,Polynom:-0.001023;-0.0511;-2.047;0;0;0;-0.001023;-0.0511;-2.047;-25.5;0;0,WheelDirection:0;0;0;0,selfAngleOffset:0,selfAngleOffsetPit:0,currCaliAngleHrz:0,currCaliAnglePit:0,selfCaliAngleHrz:0,selfCaliAnglePit:0,servCaliAngleHrz:0,servCaliAnglePit:0,offlineCaliAngleHrz:0,offlineCaliAnglePit:0,determine2useFlag:0,IMU_Z_Accel:0,IMU_X_AngularRate:0,IMU_Y_AngularRate:0,IMU_RollAngle:0,IMU_PitchAngle:0,IMU_YawAngle:0,FcwID:0,FCWWarningLevel:0,FCWTTC:0
0,5.04,0,-6.99,0,0,0,0,0,0.613,5,0,0,-6.9,0,0,0,0,0.0572958,0,0,0,0,98,0,0,0,0,0,0,54,0,0.00034,0.00034,0,0,0,0,0,3.6,0,0,0,0,0,0,1,0,0,0,0,0,0,0,0,98,0,,0,0,0,0,
73,9.95,0,-12.19,0,0,0,0,0,2.1005,9.725,0,0,-16.7,0,0,0,0,0.0572958,0,0,0,0,65,0,0,0,0,0,0,54,0,0.00034,0.00034,0,0,0,0,0,0.8,0,0,0,0,0,0,1,0,0,0,0,0,0,0,0,30,0,,0,0,0,0,
END,Total:2
START,FrameNb:14,CameraNb:0,HeSaiNb:0,ARS410Nb:0
2026/08/02 21:39:27:015---->
heightOffset:0,1785677967015,475281,selfCaliBufCnt:0,selfAccObjCnt:0,selfAccAngle:0,installHAngleOffset:0,Interpolation:0,installVAngleOffset:0,radarOffsetH:0,radarOffsetV:0.32,Polynom:-0.001023;-0.0511;-2.047;0;0;0;-0.001023;-0.0511;-2.047;-25.5;0;0,WheelDirection:0;0;0;0,selfAngleOffset:0,selfAngleOffsetPit:0,currCaliAngleHrz:0,currCaliAnglePit:0,selfCaliAngleHrz:0,selfCaliAnglePit:0,servCaliAngleHrz:0,servCaliAnglePit:0,offlineCaliAngleHrz:0,offlineCaliAnglePit:0,determine2useFlag:0,IMU_Z_Accel:0,IMU_X_AngularRate:0,IMU_Y_AngularRate:0,IMU_RollAngle:0,IMU_PitchAngle:0,IMU_YawAngle:0,FcwID:0,FCWWarningLevel:0,FCWTTC:0
0,5.04,0,-6.99,0,0,0,0,0,0.613,5,0,0,-6.9,0,0,0,0,0.0572958,0,0,0,0,98,0,0,0,0,0,0,58,0,0.00034,0.00034,0,0,0,0,0,3.6,0,0,0,0,0,0,1,0,0,0,0,0,0,0,0,98,0,,0,0,0,0,
73,9.95,0,-12.19,0,0,0,0,0,2.1005,9.725,0,0,-16.7,0,0,0,0,0.0572958,0,0,0,0,65,0,0,0,0,0,0,58,0,0.00034,0.00034,0,0,0,0,0,0.8,0,0,0,0,0,0,1,0,0,0,0,0,0,0,0,30,0,,0,0,0,0,
END,Total:2
START,FrameNb:15,CameraNb:0,HeSaiNb:0,ARS410Nb:0
2026/08/02 21:39:27:077---->
heightOffset:0,1785677967077,475331,selfCaliBufCnt:0,selfAccObjCnt:0,selfAccAngle:0,installHAngleOffset:0,Interpolation:0,installVAngleOffset:0,radarOffsetH:0,radarOffsetV:0.32,Polynom:-0.001023;-0.0511;-2.047;0;0;0;-0.001023;-0.0511;-2.047;-25.5;0;0,WheelDirection:0;0;0;0,selfAngleOffset:0,selfAngleOffsetPit:0,currCaliAngleHrz:0,currCaliAnglePit:0,selfCaliAngleHrz:0,selfCaliAnglePit:0,servCaliAngleHrz:0,servCaliAnglePit:0,offlineCaliAngleHrz:0,offlineCaliAnglePit:0,determine2useFlag:0,IMU_Z_Accel:0,IMU_X_AngularRate:0,IMU_Y_AngularRate:0,IMU_RollAngle:0,IMU_PitchAngle:0,IMU_YawAngle:0,FcwID:0,FCWWarningLevel:0,FCWTTC:0
0,5.04,0,-6.99,0,0,0,0,0,0.613,5,-0.125,0,-6.9,0,0,0,0,0.0572958,0,0,0,0,98,0,0,0,0,0,0,58,0,0.00034,0.00034,0,0,0,0,0,3,0,0,0,0,0,0,1,0,0,0,0,0,0,0,0,98,0,,0,0,0,0,
73,9.95,0,-12.19,0,0,0,0,0,2.1005,9.725,0,0,-16.7,0,0,0,0,0.0572958,0,0,0,0,65,0,0,0,0,0,0,58,0,0.00034,0.00034,0,0,0,0,0,0.8,0,0,0,0,0,0,1,0,0,0,0,0,0,0,0,30,0,,0,0,0,0,
END,Total:2
START,FrameNb:16,CameraNb:0,HeSaiNb:0,ARS410Nb:0
2026/08/02 21:39:27:130---->
heightOffset:0,1785677967130,475382,selfCaliBufCnt:0,selfAccObjCnt:0,selfAccAngle:0,installHAngleOffset:0,Interpolation:0,installVAngleOffset:0,radarOffsetH:0,radarOffsetV:0.32,Polynom:-0.001023;-0.0511;-2.047;0;0;0;-0.001023;-0.0511;-2.047;-25.5;0;0,WheelDirection:0;0;0;0,selfAngleOffset:0,selfAngleOffsetPit:0,currCaliAngleHrz:0,currCaliAnglePit:0,selfCaliAngleHrz:0,selfCaliAnglePit:0,servCaliAngleHrz:0,servCaliAnglePit:0,offlineCaliAngleHrz:0,offlineCaliAnglePit:0,determine2useFlag:0,IMU_Z_Accel:0,IMU_X_AngularRate:0,IMU_Y_AngularRate:0,IMU_RollAngle:0,IMU_PitchAngle:0,IMU_YawAngle:0,FcwID:0,FCWWarningLevel:0,FCWTTC:0
0,5.04,0,-6.99,0,0,0,0,0,0.613,5,-0.125,0,-6.9,0,0,0,0,0.0572958,0,0,0,0,98,0,0,0,0,0,0,53,0,0.00034,0.00034,0,0,0,0,0,3.2,0,0,0,0,0,0,1,0,0,0,0,0,0,0,0,98,0,,0,0,0,0,
73,9.95,0,-12.19,0,0,0,0,0,2.1005,9.725,0,0,-16.7,0,0,0,0,0.0572958,0,0,0,0,65,0,0,0,0,0,0,53,0,0.00034,0.00034,0,0,0,0,0,0.8,0,0,0,0,0,0,1,0,0,0,0,0,0,0,0,30,0,,0,0,0,0,
END,Total:2
START,FrameNb:17,CameraNb:0,HeSaiNb:0,ARS410Nb:0
2026/08/02 21:39:27:170---->
heightOffset:0,1785677967170,475431,selfCaliBufCnt:0,selfAccObjCnt:0,selfAccAngle:0,installHAngleOffset:0,Interpolation:0,installVAngleOffset:0,radarOffsetH:0,radarOffsetV:0.32,Polynom:-0.001023;-0.0511;-2.047;0;0;0;-0.001023;-0.0511;-2.047;-25.5;0;0,WheelDirection:0;0;0;0,selfAngleOffset:0,selfAngleOffsetPit:0,currCaliAngleHrz:0,currCaliAnglePit:0,selfCaliAngleHrz:0,selfCaliAnglePit:0,servCaliAngleHrz:0,servCaliAnglePit:0,offlineCaliAngleHrz:0,offlineCaliAnglePit:0,determine2useFlag:0,IMU_Z_Accel:0,IMU_X_AngularRate:0,IMU_Y_AngularRate:0,IMU_RollAngle:0,IMU_PitchAngle:0,IMU_YawAngle:0,FcwID:0,FCWWarningLevel:0,FCWTTC:0
0,5.04,0,-6.99,0,0,0,0,0,0.613,5,-0.125,0,-6.9,0,0,0,0,0.0572958,0,0,0,0,98,0,0,0,0,0,0,57,0,0.00034,0.00034,0,0,0,0,0,2.6,0,0,0,0,0,0,1,0,0,0,0,0,0,0,0,98,0,,0,0,0,0,
73,9.95,0,-12.19,0,0,0,0,0,2.1005,9.725,0,0,-16.9,0,0,0,0,0.0572958,0,0,0,0,65,0,0,0,0,0,0,57,0,0.00034,0.00034,0,0,0,0,0,0.8,0,0,0,0,0,0,1,0,0,0,0,0,0,0,0,30,0,,0,0,0,0,
END,Total:2
START,FrameNb:18,CameraNb:0,HeSaiNb:0,ARS410Nb:0
2026/08/02 21:39:27:220---->
heightOffset:0,1785677967220,475481,selfCaliBufCnt:0,selfAccObjCnt:0,selfAccAngle:0,installHAngleOffset:0,Interpolation:0,installVAngleOffset:0,radarOffsetH:0,radarOffsetV:0.32,Polynom:-0.001023;-0.0511;-2.047;0;0;0;-0.001023;-0.0511;-2.047;-25.5;0;0,WheelDirection:0;0;0;0,selfAngleOffset:0,selfAngleOffsetPit:0,currCaliAngleHrz:0,currCaliAnglePit:0,selfCaliAngleHrz:0,selfCaliAnglePit:0,servCaliAngleHrz:0,servCaliAnglePit:0,offlineCaliAngleHrz:0,offlineCaliAnglePit:0,determine2useFlag:0,IMU_Z_Accel:0,IMU_X_AngularRate:0,IMU_Y_AngularRate:0,IMU_RollAngle:0,IMU_PitchAngle:0,IMU_YawAngle:0,FcwID:0,FCWWarningLevel:0,FCWTTC:0
0,5.04,0,-6.99,0,0,0,0,0,0.613,5,-0.125,0,-6.9,0,0,0,0,0.0572958,0,0,0,0,98,0,0,0,0,0,0,54,0,0.00034,0.00034,0,0,0,0,0,2.8,0,0,0,0,0,0,1,0,0,0,0,0,0,0,0,98,0,,0,0,0,0,
73,9.95,0,-12.19,0,0,0,0,0,2.1005,9.725,0,0,-16.9,0,0,0,0,0.0572958,0,0,0,0,65,0,0,0,0,0,0,54,0,0.00034,0.00034,0,0,0,0,0,0.8,0,0,0,0,0,0,1,0,0,0,0,0,0,0,0,30,0,,0,0,0,0,
END,Total:2
START,FrameNb:19,CameraNb:0,HeSaiNb:0,ARS410Nb:0
2026/08/02 21:39:27:265---->
heightOffset:0,1785677967265,475531,selfCaliBufCnt:0,selfAccObjCnt:0,selfAccAngle:0,installHAngleOffset:0,Interpolation:0,installVAngleOffset:0,radarOffsetH:0,radarOffsetV:0.32,Polynom:-0.001023;-0.0511;-2.047;0;0;0;-0.001023;-0.0511;-2.047;-25.5;0;0,WheelDirection:0;0;0;0,selfAngleOffset:0,selfAngleOffsetPit:0,currCaliAngleHrz:0,currCaliAnglePit:0,selfCaliAngleHrz:0,selfCaliAnglePit:0,servCaliAngleHrz:0,servCaliAnglePit:0,offlineCaliAngleHrz:0,offlineCaliAnglePit:0,determine2useFlag:0,IMU_Z_Accel:0,IMU_X_AngularRate:0,IMU_Y_AngularRate:0,IMU_RollAngle:0,IMU_PitchAngle:0,IMU_YawAngle:0,FcwID:0,FCWWarningLevel:0,FCWTTC:0
0,5.04,0,-6.99,0,0,0,0,0,0.613,5,-0.125,0,-6.9,0,0,0,0,0.0572958,0,0,0,0,98,0,0,0,0,0,0,60,0,0.00034,0.00034,0,0,0,0,0,3,0,0,0,0,0,0,1,0,0,0,0,0,0,0,0,98,0,,0,0,0,0,
73,9.95,0,-12.19,0,0,0,0,0,2.1005,9.725,0,0,-16.9,0,0,0,0,0.0572958,0,0,0,0,65,0,0,0,0,0,0,60,0,0.00034,0.00034,0,0,0,0,0,0.8,0,0,0,0,0,0,1,0,0,0,0,0,0,0,0,30,0,,0,0,0,0,
END,Total:2
START,FrameNb:20,CameraNb:0,HeSaiNb:0,ARS410Nb:0
2026/08/02 21:39:27:322---->
heightOffset:0,1785677967322,475581,selfCaliBufCnt:0,selfAccObjCnt:0,selfAccAngle:0,installHAngleOffset:0,Interpolation:0,installVAngleOffset:0,radarOffsetH:0,radarOffsetV:0.32,Polynom:-0.001023;-0.0511;-2.047;0;0;0;-0.001023;-0.0511;-2.047;-25.5;0;0,WheelDirection:0;0;0;0,selfAngleOffset:0,selfAngleOffsetPit:0,currCaliAngleHrz:0,currCaliAnglePit:0,selfCaliAngleHrz:0,selfCaliAnglePit:0,servCaliAngleHrz:0,servCaliAnglePit:0,offlineCaliAngleHrz:0,offlineCaliAnglePit:0,determine2useFlag:0,IMU_Z_Accel:0,IMU_X_AngularRate:0,IMU_Y_AngularRate:0,IMU_RollAngle:0,IMU_PitchAngle:0,IMU_YawAngle:0,FcwID:0,FCWWarningLevel:0,FCWTTC:0
0,5.04,0,-6.99,0,0,0,0,0,0.613,5,-0.125,0,-6.9,0,0,0,0,0.0572958,0,0,0,0,98,0,0,0,0,0,0,58,0,0.00034,0.00034,0,0,0,0,0,2.6,0,0,0,0,0,0,1,0,0,0,0,0,0,0,0,98,0,,0,0,0,0,
73,9.95,0,-12.19,0,0,0,0,0,2.1005,9.725,0,0,-16.9,0,0,0,0,0.0572958,0,0,0,0,65,0,0,0,0,0,0,58,0,0.00034,0.00034,0,0,0,0,0,0.8,0,0,0,0,0,0,1,0,0,0,0,0,0,0,0,30,0,,0,0,0,0,
END,Total:2
START,FrameNb:21,CameraNb:0,HeSaiNb:0,ARS410Nb:0
2026/08/02 21:39:27:372---->
heightOffset:0,1785677967372,475631,selfCaliBufCnt:0,selfAccObjCnt:0,selfAccAngle:0,installHAngleOffset:0,Interpolation:0,installVAngleOffset:0,radarOffsetH:0,radarOffsetV:0.32,Polynom:-0.001023;-0.0511;-2.047;0;0;0;-0.001023;-0.0511;-2.047;-25.5;0;0,WheelDirection:0;0;0;0,selfAngleOffset:0,selfAngleOffsetPit:0,currCaliAngleHrz:0,currCaliAnglePit:0,selfCaliAngleHrz:0,selfCaliAnglePit:0,servCaliAngleHrz:0,servCaliAnglePit:0,offlineCaliAngleHrz:0,offlineCaliAnglePit:0,determine2useFlag:0,IMU_Z_Accel:0,IMU_X_AngularRate:0,IMU_Y_AngularRate:0,IMU_RollAngle:0,IMU_PitchAngle:0,IMU_YawAngle:0,FcwID:0,FCWWarningLevel:0,FCWTTC:0
0,5.04,0,-6.99,0,0,0,0,0,0.613,5,-0.125,0,-6.9,0,0,0,0,0.0572958,0,0,0,0,98,0,0,0,0,0,0,58,0,0.00034,0.00034,0,0,0,0,0,2.2,0,0,0,0,0,0,1,0,0,0,0,0,0,0,0,98,0,,0,0,0,0,
73,9.95,0,-12.19,0,0,0,0,0,2.1005,9.725,0,0,-16.7,0,0,0,0,0.0572958,0,0,0,0,65,0,0,0,0,0,0,58,0,0.00034,0.00034,0,0,0,0,0,0.8,0,0,0,0,0,0,1,0,0,0,0,0,0,0,0,30,0,,0,0,0,0,
END,Total:2
START,FrameNb:22,CameraNb:0,HeSaiNb:0,ARS410Nb:0
2026/08/02 21:39:27:420---->
heightOffset:0,1785677967420,475681,selfCaliBufCnt:0,selfAccObjCnt:0,selfAccAngle:0,installHAngleOffset:0,Interpolation:0,installVAngleOffset:0,radarOffsetH:0,radarOffsetV:0.32,Polynom:-0.001023;-0.0511;-2.047;0;0;0;-0.001023;-0.0511;-2.047;-25.5;0;0,WheelDirection:0;0;0;0,selfAngleOffset:0,selfAngleOffsetPit:0,currCaliAngleHrz:0,currCaliAnglePit:0,selfCaliAngleHrz:0,selfCaliAnglePit:0,servCaliAngleHrz:0,servCaliAnglePit:0,offlineCaliAngleHrz:0,offlineCaliAnglePit:0,determine2useFlag:0,IMU_Z_Accel:0,IMU_X_AngularRate:0,IMU_Y_AngularRate:0,IMU_RollAngle:0,IMU_PitchAngle:0,IMU_YawAngle:0,FcwID:0,FCWWarningLevel:0,FCWTTC:0
0,5.04,0,-6.99,0,0,0,0,0,0.613,5,-0.125,0,-6.9,0,0,0,0,0.0572958,0,0,0,0,98,0,0,0,0,0,0,54,0,0.00034,0.00034,0,0,0,0,0,2.6,0,0,0,0,0,0,1,0,0,0,0,0,0,0,0,98,0,,0,0,0,0,
73,9.95,0,-12.19,0,0,0,0,0,2.1005,9.725,0,0,-16.7,0,0,0,0,0.0572958,0,0,0,0,65,0,0,0,0,0,0,54,0,0.00034,0.00034,0,0,0,0,0,0.8,0,0,0,0,0,0,1,0,0,0,0,0,0,0,0,30,0,,0,0,0,0,
END,Total:2
START,FrameNb:23,CameraNb:0,HeSaiNb:0,ARS410Nb:0
2026/08/02 21:39:27:476---->
heightOffset:0,1785677967476,475731,selfCaliBufCnt:0,selfAccObjCnt:0,selfAccAngle:0,installHAngleOffset:0,Interpolation:0,installVAngleOffset:0,radarOffsetH:0,radarOffsetV:0.32,Polynom:-0.001023;-0.0511;-2.047;0;0;0;-0.001023;-0.0511;-2.047;-25.5;0;0,WheelDirection:0;0;0;0,selfAngleOffset:0,selfAngleOffsetPit:0,currCaliAngleHrz:0,currCaliAnglePit:0,selfCaliAngleHrz:0,selfCaliAnglePit:0,servCaliAngleHrz:0,servCaliAnglePit:0,offlineCaliAngleHrz:0,offlineCaliAnglePit:0,determine2useFlag:0,IMU_Z_Accel:0,IMU_X_AngularRate:0,IMU_Y_AngularRate:0,IMU_RollAngle:0,IMU_PitchAngle:0,IMU_YawAngle:0,FcwID:0,FCWWarningLevel:0,FCWTTC:0
0,5.04,0,-6.99,0,0,0,0,0,0.613,5,-0.125,0,-6.9,0,0,0,0,0.0572958,0,0,0,0,98,0,0,0,0,0,0,57,0,0.00034,0.00034,0,0,0,0,0,2.6,0,0,0,0,0,0,1,0,0,0,0,0,0,0,0,98,0,,0,0,0,0,
73,9.95,0,-12.19,0,0,0,0,0,2.1005,9.725,0,0,-16.7,0,0,0,0,0.0572958,0,0,0,0,65,0,0,0,0,0,0,57,0,0.00034,0.00034,0,0,0,0,0,0.8,0,0,0,0,0,0,1,0,0,0,0,0,0,0,0,30,0,,0,0,0,0,
END,Total:2
START,FrameNb:24,CameraNb:0,HeSaiNb:0,ARS410Nb:0
2026/08/02 21:39:27:527---->
heightOffset:0,1785677967527,475782,selfCaliBufCnt:0,selfAccObjCnt:0,selfAccAngle:0,installHAngleOffset:0,Interpolation:0,installVAngleOffset:0,radarOffsetH:0,radarOffsetV:0.32,Polynom:-0.001023;-0.0511;-2.047;0;0;0;-0.001023;-0.0511;-2.047;-25.5;0;0,WheelDirection:0;0;0;0,selfAngleOffset:0,selfAngleOffsetPit:0,currCaliAngleHrz:0,currCaliAnglePit:0,selfCaliAngleHrz:0,selfCaliAnglePit:0,servCaliAngleHrz:0,servCaliAnglePit:0,offlineCaliAngleHrz:0,offlineCaliAnglePit:0,determine2useFlag:0,IMU_Z_Accel:0,IMU_X_AngularRate:0,IMU_Y_AngularRate:0,IMU_RollAngle:0,IMU_PitchAngle:0,IMU_YawAngle:0,FcwID:0,FCWWarningLevel:0,FCWTTC:0
0,5.04,0,-6.99,0,0,0,0,0,0.613,5,-0.125,0,-6.9,0,0,0,0,0.0572958,0,0,0,0,98,0,0,0,0,0,0,57,0,0.00034,0.00034,0,0,0,0,0,2.2,0,0,0,0,0,0,1,0,0,0,0,0,0,0,0,98,0,,0,0,0,0,
73,9.95,0,-12.19,0,0,0,0,0,2.1005,9.725,0,0,-16.7,0,0,0,0,0.0572958,0,0,0,0,65,0,0,0,0,0,0,57,0,0.00034,0.00034,0,0,0,0,0,0.8,0,0,0,0,0,0,1,0,0,0,0,0,0,0,0,30,0,,0,0,0,0,
END,Total:2
START,FrameNb:25,CameraNb:0,HeSaiNb:0,ARS410Nb:0
2026/08/02 21:39:27:574---->
heightOffset:0,1785677967574,475832,selfCaliBufCnt:0,selfAccObjCnt:0,selfAccAngle:0,installHAngleOffset:0,Interpolation:0,installVAngleOffset:0,radarOffsetH:0,radarOffsetV:0.32,Polynom:-0.001023;-0.0511;-2.047;0;0;0;-0.001023;-0.0511;-2.047;-25.5;0;0,WheelDirection:0;0;0;0,selfAngleOffset:0,selfAngleOffsetPit:0,currCaliAngleHrz:0,currCaliAnglePit:0,selfCaliAngleHrz:0,selfCaliAnglePit:0,servCaliAngleHrz:0,servCaliAnglePit:0,offlineCaliAngleHrz:0,offlineCaliAnglePit:0,determine2useFlag:0,IMU_Z_Accel:0,IMU_X_AngularRate:0,IMU_Y_AngularRate:0,IMU_RollAngle:0,IMU_PitchAngle:0,IMU_YawAngle:0,FcwID:0,FCWWarningLevel:0,FCWTTC:0
0,5.04,0,-6.99,0,0,0,0,0,0.613,5,-0.125,0,-6.9,0,0,0,0,0.0572958,0,0,0,0,98,0,0,0,0,0,0,54,0,0.00034,0.00034,0,0,0,0,0,2.6,0,0,0,0,0,0,1,0,0,0,0,0,0,0,0,98,0,,0,0,0,0,
73,9.95,0,-12.19,0,0,0,0,0,2.1005,9.725,0,0,-16.5,0,0,0,0,0.0572958,0,0,0,0,65,0,0,0,0,0,0,54,0,0.00034,0.00034,0,0,0,0,0,0.8,0,0,0,0,0,0,1,0,0,0,0,0,0,0,0,30,0,,0,0,0,0,
END,Total:2
START,FrameNb:26,CameraNb:0,HeSaiNb:0,ARS410Nb:0
2026/08/02 21:39:27:630---->
heightOffset:0,1785677967630,475881,selfCaliBufCnt:0,selfAccObjCnt:0,selfAccAngle:0,installHAngleOffset:0,Interpolation:0,installVAngleOffset:0,radarOffsetH:0,radarOffsetV:0.32,Polynom:-0.001023;-0.0511;-2.047;0;0;0;-0.001023;-0.0511;-2.047;-25.5;0;0,WheelDirection:0;0;0;0,selfAngleOffset:0,selfAngleOffsetPit:0,currCaliAngleHrz:0,currCaliAnglePit:0,selfCaliAngleHrz:0,selfCaliAnglePit:0,servCaliAngleHrz:0,servCaliAnglePit:0,offlineCaliAngleHrz:0,offlineCaliAnglePit:0,determine2useFlag:0,IMU_Z_Accel:0,IMU_X_AngularRate:0,IMU_Y_AngularRate:0,IMU_RollAngle:0,IMU_PitchAngle:0,IMU_YawAngle:0,FcwID:0,FCWWarningLevel:0,FCWTTC:0
0,5.04,0,-6.99,0,0,0,0,0,0.613,5,-0.125,0,-6.9,0,0,0,0,0.0572958,0,0,0,0,98,0,0,0,0,0,0,57,0,0.00034,0.00034,0,0,0,0,0,2.2,0,0,0,0,0,0,1,0,0,0,0,0,0,0,0,98,0,,0,0,0,0,
73,9.95,-0.12,-12.19,0,0,0,0,0,2.1005,9.725,0,-0.125,-16.5,0,0,0,0,0.0572958,0,0,0,0,65,0,0,0,0,0,0,57,0,0.00034,0.00034,0,0,0,0,0,0.8,0,0,0,0,0,0,1,0,0,0,0,0,0,0,0,30,0,,0,0,0,0,
END,Total:2
START,FrameNb:27,CameraNb:0,HeSaiNb:0,ARS410Nb:0
2026/08/02 21:39:27:669---->
heightOffset:0,1785677967669,475931,selfCaliBufCnt:0,selfAccObjCnt:0,selfAccAngle:0,installHAngleOffset:0,Interpolation:0,installVAngleOffset:0,radarOffsetH:0,radarOffsetV:0.32,Polynom:-0.001023;-0.0511;-2.047;0;0;0;-0.001023;-0.0511;-2.047;-25.5;0;0,WheelDirection:0;0;0;0,selfAngleOffset:0,selfAngleOffsetPit:0,currCaliAngleHrz:0,currCaliAnglePit:0,selfCaliAngleHrz:0,selfCaliAnglePit:0,servCaliAngleHrz:0,servCaliAnglePit:0,offlineCaliAngleHrz:0,offlineCaliAnglePit:0,determine2useFlag:0,IMU_Z_Accel:0,IMU_X_AngularRate:0,IMU_Y_AngularRate:0,IMU_RollAngle:0,IMU_PitchAngle:0,IMU_YawAngle:0,FcwID:0,FCWWarningLevel:0,FCWTTC:0
0,5.04,0,-6.99,0,0,0,0,0,0.613,5,-0.125,0,-6.9,0,0,0,0,0.0572958,0,0,0,0,98,0,0,0,0,0,0,53,0,0.00034,0.00034,0,0,0,0,0,2,0,0,0,0,0,0,1,0,0,0,0,0,0,0,0,98,0,,0,0,0,0,
73,9.95,0,-12.19,0,0,0,0,0,2.1005,9.725,0,0,-16.5,0,0,0,0,0.0572958,0,0,0,0,65,0,0,0,0,0,0,53,0,0.00034,0.00034,0,0,0,0,0,0.8,0,0,0,0,0,0,1,0,0,0,0,0,0,0,0,30,0,,0,0,0,0,
END,Total:2
START,FrameNb:28,CameraNb:0,HeSaiNb:0,ARS410Nb:0
2026/08/02 21:39:27:723---->
heightOffset:0,1785677967723,475981,selfCaliBufCnt:0,selfAccObjCnt:0,selfAccAngle:0,installHAngleOffset:0,Interpolation:0,installVAngleOffset:0,radarOffsetH:0,radarOffsetV:0.32,Polynom:-0.001023;-0.0511;-2.047;0;0;0;-0.001023;-0.0511;-2.047;-25.5;0;0,WheelDirection:0;0;0;0,selfAngleOffset:0,selfAngleOffsetPit:0,currCaliAngleHrz:0,currCaliAnglePit:0,selfCaliAngleHrz:0,selfCaliAnglePit:0,servCaliAngleHrz:0,servCaliAnglePit:0,offlineCaliAngleHrz:0,offlineCaliAnglePit:0,determine2useFlag:0,IMU_Z_Accel:0,IMU_X_AngularRate:0,IMU_Y_AngularRate:0,IMU_RollAngle:0,IMU_PitchAngle:0,IMU_YawAngle:0,FcwID:0,FCWWarningLevel:0,FCWTTC:0
0,5.04,0,-6.99,0,0,0,0,0,0.613,5,-0.125,0,-6.9,0,0,0,0,0.0572958,0,0,0,0,98,0,0,0,0,0,0,63,0,0.00034,0.00034,0,0,0,0,0,1.6,0,0,0,0,0,0,1,0,0,0,0,0,0,0,0,98,0,,0,0,0,0,
73,9.95,-0.12,-12.19,0,0,0,0,0,2.1005,9.725,0,-0.125,-16.3,0,0,0,0,0.0572958,0,0,0,0,65,0,0,0,0,0,0,63,0,0.00034,0.00034,0,0,0,0,0,0.8,0,0,0,0,0,0,1,0,0,0,0,0,0,0,0,30,0,,0,0,0,0,
END,Total:2
START,FrameNb:29,CameraNb:0,HeSaiNb:0,ARS410Nb:0
2026/08/02 21:39:27:766---->
heightOffset:0,1785677967766,476031,selfCaliBufCnt:0,selfAccObjCnt:0,selfAccAngle:0,installHAngleOffset:0,Interpolation:0,installVAngleOffset:0,radarOffsetH:0,radarOffsetV:0.32,Polynom:-0.001023;-0.0511;-2.047;0;0;0;-0.001023;-0.0511;-2.047;-25.5;0;0,WheelDirection:0;0;0;0,selfAngleOffset:0,selfAngleOffsetPit:0,currCaliAngleHrz:0,currCaliAnglePit:0,selfCaliAngleHrz:0,selfCaliAnglePit:0,servCaliAngleHrz:0,servCaliAnglePit:0,offlineCaliAngleHrz:0,offlineCaliAnglePit:0,determine2useFlag:0,IMU_Z_Accel:0,IMU_X_AngularRate:0,IMU_Y_AngularRate:0,IMU_RollAngle:0,IMU_PitchAngle:0,IMU_YawAngle:0,FcwID:0,FCWWarningLevel:0,FCWTTC:0
0,5.04,0,-6.99,0,0,0,0,0,0.613,5,-0.125,0,-6.9,0,0,0,0,0.0572958,0,0,0,0,98,0,0,0,0,0,0,57,0,0.00034,0.00034,0,0,0,0,0,2.2,0,0,0,0,0,0,1,0,0,0,0,0,0,0,0,98,0,,0,0,0,0,
73,9.95,-0.12,-12.19,0,0,0,0,0,2.1005,9.725,0,-0.125,-16.3,0,0,0,0,0.0572958,0,0,0,0,65,0,0,0,0,0,0,57,0,0.00034,0.00034,0,0,0,0,0,0.8,0,0,0,0,0,0,1,0,0,0,0,0,0,0,0,30,0,,0,0,0,0,
END,Total:2
START,FrameNb:30,CameraNb:0,HeSaiNb:0,ARS410Nb:0
2026/08/02 21:39:27:825---->
heightOffset:0,1785677967825,476081,selfCaliBufCnt:0,selfAccObjCnt:0,selfAccAngle:0,installHAngleOffset:0,Interpolation:0,installVAngleOffset:0,radarOffsetH:0,radarOffsetV:0.32,Polynom:-0.001023;-0.0511;-2.047;0;0;0;-0.001023;-0.0511;-2.047;-25.5;0;0,WheelDirection:0;0;0;0,selfAngleOffset:0,selfAngleOffsetPit:0,currCaliAngleHrz:0,currCaliAnglePit:0,selfCaliAngleHrz:0,selfCaliAnglePit:0,servCaliAngleHrz:0,servCaliAnglePit:0,offlineCaliAngleHrz:0,offlineCaliAnglePit:0,determine2useFlag:0,IMU_Z_Accel:0,IMU_X_AngularRate:0,IMU_Y_AngularRate:0,IMU_RollAngle:0,IMU_PitchAngle:0,IMU_YawAngle:0,FcwID:0,FCWWarningLevel:0,FCWTTC:0
0,5.04,0,-6.99,0,0,0,0,0,0.613,5,-0.125,0,-6.9,0,0,0,0,0.0572958,0,0,0,0,98,0,0,0,0,0,0,58,0,0.00034,0.00034,0,0,0,0,0,1.8,0,0,0,0,0,0,1,0,0,0,0,0,0,0,0,98,0,,0,0,0,0,
73,9.95,-0.12,-12.19,0,0,0,0,0,2.1005,9.725,0,-0.125,-16.5,0,0,0,0,0.0572958,0,0,0,0,65,0,0,0,0,0,0,58,0,0.00034,0.00034,0,0,0,0,0,0.8,0,0,0,0,0,0,1,0,0,0,0,0,0,0,0,30,0,,0,0,0,0,
END,Total:2
START,FrameNb:31,CameraNb:0,HeSaiNb:0,ARS410Nb:0
2026/08/02 21:39:27:880---->
heightOffset:0,1785677967880,476132,selfCaliBufCnt:0,selfAccObjCnt:0,selfAccAngle:0,installHAngleOffset:0,Interpolation:0,installVAngleOffset:0,radarOffsetH:0,radarOffsetV:0.32,Polynom:-0.001023;-0.0511;-2.047;0;0;0;-0.001023;-0.0511;-2.047;-25.5;0;0,WheelDirection:0;0;0;0,selfAngleOffset:0,selfAngleOffsetPit:0,currCaliAngleHrz:0,currCaliAnglePit:0,selfCaliAngleHrz:0,selfCaliAnglePit:0,servCaliAngleHrz:0,servCaliAnglePit:0,offlineCaliAngleHrz:0,offlineCaliAnglePit:0,determine2useFlag:0,IMU_Z_Accel:0,IMU_X_AngularRate:0,IMU_Y_AngularRate:0,IMU_RollAngle:0,IMU_PitchAngle:0,IMU_YawAngle:0,FcwID:0,FCWWarningLevel:0,FCWTTC:0
0,5.04,0,-6.99,0,0,0,0,0,0.613,5,-0.125,0,-6.9,0,0,0,0,0.0572958,0,0,0,0,98,0,0,0,0,0,0,54,0,0.00034,0.00034,0,0,0,0,0,2.2,0,0,0,0,0,0,1,0,0,0,0,0,0,0,0,98,0,,0,0,0,0,
73,9.95,0,-12.19,0,0,0,0,0,2.1005,9.725,0,0,-16.5,0,0,0,0,0.0572958,0,0,0,0,65,0,0,0,0,0,0,54,0,0.00034,0.00034,0,0,0,0,0,0.8,0,0,0,0,0,0,1,0,0,0,0,0,0,0,0,30,0,,0,0,0,0,
END,Total:2
START,FrameNb:32,CameraNb:0,HeSaiNb:0,ARS410Nb:0
2026/08/02 21:39:27:921---->
heightOffset:0,1785677967921,476181,selfCaliBufCnt:0,selfAccObjCnt:0,selfAccAngle:0,installHAngleOffset:0,Interpolation:0,installVAngleOffset:0,radarOffsetH:0,radarOffsetV:0.32,Polynom:-0.001023;-0.0511;-2.047;0;0;0;-0.001023;-0.0511;-2.047;-25.5;0;0,WheelDirection:0;0;0;0,selfAngleOffset:0,selfAngleOffsetPit:0,currCaliAngleHrz:0,currCaliAnglePit:0,selfCaliAngleHrz:0,selfCaliAnglePit:0,servCaliAngleHrz:0,servCaliAnglePit:0,offlineCaliAngleHrz:0,offlineCaliAnglePit:0,determine2useFlag:0,IMU_Z_Accel:0,IMU_X_AngularRate:0,IMU_Y_AngularRate:0,IMU_RollAngle:0,IMU_PitchAngle:0,IMU_YawAngle:0,FcwID:0,FCWWarningLevel:0,FCWTTC:0
0,5.04,0,-6.99,0,0,0,0,0,0.613,5,-0.125,0,-6.9,0,0,0,0,0.0572958,0,0,0,0,98,0,0,0,0,0,0,57,0,0.00034,0.00034,0,0,0,0,0,2.2,0,0,0,0,0,0,1,0,0,0,0,0,0,0,0,98,0,,0,0,0,0,
73,9.95,0,-12.19,0,0,0,0,0,2.1005,9.725,0,0,-16.5,0,0,0,0,0.0572958,0,0,0,0,65,0,0,0,0,0,0,57,0,0.00034,0.00034,0,0,0,0,0,0.8,0,0,0,0,0,0,1,0,0,0,0,0,0,0,0,30,0,,0,0,0,0,
END,Total:2
START,FrameNb:33,CameraNb:0,HeSaiNb:0,ARS410Nb:0
2026/08/02 21:39:27:974---->
heightOffset:0,1785677967974,476231,selfCaliBufCnt:0,selfAccObjCnt:0,selfAccAngle:0,installHAngleOffset:0,Interpolation:0,installVAngleOffset:0,radarOffsetH:0,radarOffsetV:0.32,Polynom:-0.001023;-0.0511;-2.047;0;0;0;-0.001023;-0.0511;-2.047;-25.5;0;0,WheelDirection:0;0;0;0,selfAngleOffset:0,selfAngleOffsetPit:0,currCaliAngleHrz:0,currCaliAnglePit:0,selfCaliAngleHrz:0,selfCaliAnglePit:0,servCaliAngleHrz:0,servCaliAnglePit:0,offlineCaliAngleHrz:0,offlineCaliAnglePit:0,determine2useFlag:0,IMU_Z_Accel:0,IMU_X_AngularRate:0,IMU_Y_AngularRate:0,IMU_RollAngle:0,IMU_PitchAngle:0,IMU_YawAngle:0,FcwID:0,FCWWarningLevel:0,FCWTTC:0
0,5.04,0,-6.99,0,0,0,0,0,0.613,5,-0.125,0,-6.9,0,0,0,0,0.0572958,0,0,0,0,98,0,0,0,0,0,0,57,0,0.00034,0.00034,0,0,0,0,0,2.6,0,0,0,0,0,0,1,0,0,0,0,0,0,0,0,98,0,,0,0,0,0,
73,9.95,-0.12,-12.19,0,0,0,0,0,2.1005,9.725,0,-0.125,-16.7,0,0,0,0,0.0572958,0,0,0,0,65,0,0,0,0,0,0,57,0,0.00034,0.00034,0,0,0,0,0,0.8,0,0,0,0,0,0,1,0,0,0,0,0,0,0,0,30,0,,0,0,0,0,
END,Total:2
START,FrameNb:34,CameraNb:0,HeSaiNb:0,ARS410Nb:0
2026/08/02 21:39:28:028---->
heightOffset:0,1785677968028,476281,selfCaliBufCnt:0,selfAccObjCnt:0,selfAccAngle:0,installHAngleOffset:0,Interpolation:0,installVAngleOffset:0,radarOffsetH:0,radarOffsetV:0.32,Polynom:-0.001023;-0.0511;-2.047;0;0;0;-0.001023;-0.0511;-2.047;-25.5;0;0,WheelDirection:0;0;0;0,selfAngleOffset:0,selfAngleOffsetPit:0,currCaliAngleHrz:0,currCaliAnglePit:0,selfCaliAngleHrz:0,selfCaliAnglePit:0,servCaliAngleHrz:0,servCaliAnglePit:0,offlineCaliAngleHrz:0,offlineCaliAnglePit:0,determine2useFlag:0,IMU_Z_Accel:0,IMU_X_AngularRate:0,IMU_Y_AngularRate:0,IMU_RollAngle:0,IMU_PitchAngle:0,IMU_YawAngle:0,FcwID:0,FCWWarningLevel:0,FCWTTC:0
0,5.04,0,-6.99,0,0,0,0,0,0.613,5,-0.125,0,-6.9,0,0,0,0,0.0572958,0,0,0,0,98,0,0,0,0,0,0,54,0,0.00034,0.00034,0,0,0,0,0,2.2,0,0,0,0,0,0,1,0,0,0,0,0,0,0,0,98,0,,0,0,0,0,
73,9.95,-0.12,-12.19,0,0,0,0,0,2.1005,9.725,0,-0.125,-16.7,0,0,0,0,0.0572958,0,0,0,0,65,0,0,0,0,0,0,54,0,0.00034,0.00034,0,0,0,0,0,1,0,0,0,0,0,0,1,0,0,0,0,0,0,0,0,30,0,,0,0,0,0,
END,Total:2
START,FrameNb:35,CameraNb:0,HeSaiNb:0,ARS410Nb:0
2026/08/02 21:39:28:072---->
heightOffset:0,1785677968072,476331,selfCaliBufCnt:0,selfAccObjCnt:0,selfAccAngle:0,installHAngleOffset:0,Interpolation:0,installVAngleOffset:0,radarOffsetH:0,radarOffsetV:0.32,Polynom:-0.001023;-0.0511;-2.047;0;0;0;-0.001023;-0.0511;-2.047;-25.5;0;0,WheelDirection:0;0;0;0,selfAngleOffset:0,selfAngleOffsetPit:0,currCaliAngleHrz:0,currCaliAnglePit:0,selfCaliAngleHrz:0,selfCaliAnglePit:0,servCaliAngleHrz:0,servCaliAnglePit:0,offlineCaliAngleHrz:0,offlineCaliAnglePit:0,determine2useFlag:0,IMU_Z_Accel:0,IMU_X_AngularRate:0,IMU_Y_AngularRate:0,IMU_RollAngle:0,IMU_PitchAngle:0,IMU_YawAngle:0,FcwID:0,FCWWarningLevel:0,FCWTTC:0
0,5.04,0,-6.99,0,0,0,0,0,0.613,5,-0.125,0,-6.9,0,0,0,0,0.0572958,0,0,0,0,98,0,0,0,0,0,0,57,0,0.00034,0.00034,0,0,0,0,0,2.6,0,0,0,0,0,0,1,0,0,0,0,0,0,0,0,98,0,,0,0,0,0,
73,9.95,-0.12,-12.19,0,0,0,0,0,2.1005,9.725,0,-0.125,-16.7,0,0,0,0,0.0572958,0,0,0,0,65,0,0,0,0,0,0,57,0,0.00034,0.00034,0,0,0,0,0,1.2,0,0,0,0,0,0,1,0,0,0,0,0,0,0,0,30,0,,0,0,0,0,
END,Total:2
START,FrameNb:36,CameraNb:0,HeSaiNb:0,ARS410Nb:0
2026/08/02 21:39:28:128---->
heightOffset:0,1785677968128,476381,selfCaliBufCnt:0,selfAccObjCnt:0,selfAccAngle:0,installHAngleOffset:0,Interpolation:0,installVAngleOffset:0,radarOffsetH:0,radarOffsetV:0.32,Polynom:-0.001023;-0.0511;-2.047;0;0;0;-0.001023;-0.0511;-2.047;-25.5;0;0,WheelDirection:0;0;0;0,selfAngleOffset:0,selfAngleOffsetPit:0,currCaliAngleHrz:0,currCaliAnglePit:0,selfCaliAngleHrz:0,selfCaliAnglePit:0,servCaliAngleHrz:0,servCaliAnglePit:0,offlineCaliAngleHrz:0,offlineCaliAnglePit:0,determine2useFlag:0,IMU_Z_Accel:0,IMU_X_AngularRate:0,IMU_Y_AngularRate:0,IMU_RollAngle:0,IMU_PitchAngle:0,IMU_YawAngle:0,FcwID:0,FCWWarningLevel:0,FCWTTC:0
0,5.04,0,-6.99,0,0,0,0,0,0.613,5,0,0,-6.9,0,0,0,0,0.0572958,0,0,0,0,98,0,0,0,0,0,0,57,0,0.00034,0.00034,0,0,0,0,0,2.2,0,0,0,0,0,0,1,0,0,0,0,0,0,0,0,98,0,,0,0,0,0,
73,9.95,-0.12,-12.19,0,0,0,0,0,2.1005,9.725,0,-0.125,-16.7,0,0,0,0,0.0572958,0,0,0,0,65,0,0,0,0,0,0,57,0,0.00034,0.00034,0,0,0,0,0,1.4,0,0,0,0,0,0,1,0,0,0,0,0,0,0,0,30,0,,0,0,0,0,
END,Total:2
START,FrameNb:37,CameraNb:0,HeSaiNb:0,ARS410Nb:0
2026/08/02 21:39:28:169---->
heightOffset:0,1785677968169,476431,selfCaliBufCnt:0,selfAccObjCnt:0,selfAccAngle:0,installHAngleOffset:0,Interpolation:0,installVAngleOffset:0,radarOffsetH:0,radarOffsetV:0.32,Polynom:-0.001023;-0.0511;-2.047;0;0;0;-0.001023;-0.0511;-2.047;-25.5;0;0,WheelDirection:0;0;0;0,selfAngleOffset:0,selfAngleOffsetPit:0,currCaliAngleHrz:0,currCaliAnglePit:0,selfCaliAngleHrz:0,selfCaliAnglePit:0,servCaliAngleHrz:0,servCaliAnglePit:0,offlineCaliAngleHrz:0,offlineCaliAnglePit:0,determine2useFlag:0,IMU_Z_Accel:0,IMU_X_AngularRate:0,IMU_Y_AngularRate:0,IMU_RollAngle:0,IMU_PitchAngle:0,IMU_YawAngle:0,FcwID:0,FCWWarningLevel:0,FCWTTC:0
0,5.04,0,-6.99,0,0,0,0,0,0.613,5,0,0,-6.9,0,0,0,0,0.0572958,0,0,0,0,98,0,0,0,0,0,0,62,0,0.00034,0.00034,0,0,0,0,0,2,0,0,0,0,0,0,1,0,0,0,0,0,0,0,0,98,0,,0,0,0,0,
73,9.95,-0.12,-12.19,0,0,0,0,0,2.1005,9.725,0,-0.125,-16.7,0,0,0,0,0.0572958,0,0,0,0,65,0,0,0,0,0,0,62,0,0.00034,0.00034,0,0,0,0,0,1.4,0,0,0,0,0,0,1,0,0,0,0,0,0,0,0,30,0,,0,0,0,0,
END,Total:2
START,FrameNb:38,CameraNb:0,HeSaiNb:0,ARS410Nb:0
2026/08/02 21:39:28:221---->
heightOffset:0,1785677968221,476481,selfCaliBufCnt:0,selfAccObjCnt:0,selfAccAngle:0,installHAngleOffset:0,Interpolation:0,installVAngleOffset:0,radarOffsetH:0,radarOffsetV:0.32,Polynom:-0.001023;-0.0511;-2.047;0;0;0;-0.001023;-0.0511;-2.047;-25.5;0;0,WheelDirection:0;0;0;0,selfAngleOffset:0,selfAngleOffsetPit:0,currCaliAngleHrz:0,currCaliAnglePit:0,selfCaliAngleHrz:0,selfCaliAnglePit:0,servCaliAngleHrz:0,servCaliAnglePit:0,offlineCaliAngleHrz:0,offlineCaliAnglePit:0,determine2useFlag:0,IMU_Z_Accel:0,IMU_X_AngularRate:0,IMU_Y_AngularRate:0,IMU_RollAngle:0,IMU_PitchAngle:0,IMU_YawAngle:0,FcwID:0,FCWWarningLevel:0,FCWTTC:0
0,5.04,0,-6.99,0,0,0,0,0,0.613,5,0,0,-6.9,0,0,0,0,0.0572958,0,0,0,0,98,0,0,0,0,0,0,56,0,0.00034,0.00034,0,0,0,0,0,2.4,0,0,0,0,0,0,1,0,0,0,0,0,0,0,0,98,0,,0,0,0,0,
73,9.95,-0.12,-12.19,0,0,0,0,0,2.1005,9.725,0,-0.125,-16.7,0,0,0,0,0.0572958,0,0,0,0,65,0,0,0,0,0,0,56,0,0.00034,0.00034,0,0,0,0,0,1.4,0,0,0,0,0,0,1,0,0,0,0,0,0,0,0,30,0,,0,0,0,0,
END,Total:2
START,FrameNb:39,CameraNb:0,HeSaiNb:0,ARS410Nb:0
2026/08/02 21:39:28:279---->
heightOffset:0,1785677968279,476531,selfCaliBufCnt:0,selfAccObjCnt:0,selfAccAngle:0,installHAngleOffset:0,Interpolation:0,installVAngleOffset:0,radarOffsetH:0,radarOffsetV:0.32,Polynom:-0.001023;-0.0511;-2.047;0;0;0;-0.001023;-0.0511;-2.047;-25.5;0;0,WheelDirection:0;0;0;0,selfAngleOffset:0,selfAngleOffsetPit:0,currCaliAngleHrz:0,currCaliAnglePit:0,selfCaliAngleHrz:0,selfCaliAnglePit:0,servCaliAngleHrz:0,servCaliAnglePit:0,offlineCaliAngleHrz:0,offlineCaliAnglePit:0,determine2useFlag:0,IMU_Z_Accel:0,IMU_X_AngularRate:0,IMU_Y_AngularRate:0,IMU_RollAngle:0,IMU_PitchAngle:0,IMU_YawAngle:0,FcwID:0,FCWWarningLevel:0,FCWTTC:0
0,5.04,0,-6.99,0,0,0,0,0,0.613,5,0,0,-6.9,0,0,0,0,0.0572958,0,0,0,0,98,0,0,0,0,0,0,57,0,0.00034,0.00034,0,0,0,0,0,2.8,0,0,0,0,0,0,1,0,0,0,0,0,0,0,0,98,0,,0,0,0,0,
73,9.95,-0.12,-12.19,0,0,0,0,0,2.1005,9.725,0,-0.125,-16.7,0,0,0,0,0.0572958,0,0,0,0,65,0,0,0,0,0,0,57,0,0.00034,0.00034,0,0,0,0,0,1.6,0,0,0,0,0,0,1,0,0,0,0,0,0,0,0,30,0,,0,0,0,0,
END,Total:2
START,FrameNb:40,CameraNb:0,HeSaiNb:0,ARS410Nb:0
2026/08/02 21:39:28:323---->
heightOffset:0,1785677968323,476581,selfCaliBufCnt:0,selfAccObjCnt:0,selfAccAngle:0,installHAngleOffset:0,Interpolation:0,installVAngleOffset:0,radarOffsetH:0,radarOffsetV:0.32,Polynom:-0.001023;-0.0511;-2.047;0;0;0;-0.001023;-0.0511;-2.047;-25.5;0;0,WheelDirection:0;0;0;0,selfAngleOffset:0,selfAngleOffsetPit:0,currCaliAngleHrz:0,currCaliAnglePit:0,selfCaliAngleHrz:0,selfCaliAnglePit:0,servCaliAngleHrz:0,servCaliAnglePit:0,offlineCaliAngleHrz:0,offlineCaliAnglePit:0,determine2useFlag:0,IMU_Z_Accel:0,IMU_X_AngularRate:0,IMU_Y_AngularRate:0,IMU_RollAngle:0,IMU_PitchAngle:0,IMU_YawAngle:0,FcwID:0,FCWWarningLevel:0,FCWTTC:0
0,5.04,0,-6.99,0,0,0,0,0,0.613,5,0,0,-6.9,0,0,0,0,0.0572958,0,0,0,0,98,0,0,0,0,0,0,53,0,0.00034,0.00034,0,0,0,0,0,2.8,0,0,0,0,0,0,1,0,0,0,0,0,0,0,0,98,0,,0,0,0,0,
73,9.95,-0.12,-12.19,0,0,0,0,0,2.1005,9.725,0,-0.125,-16.7,0,0,0,0,0.0572958,0,0,0,0,65,0,0,0,0,0,0,53,0,0.00034,0.00034,0,0,0,0,0,1.6,0,0,0,0,0,0,1,0,0,0,0,0,0,0,0,30,0,,0,0,0,0,
END,Total:2
START,FrameNb:41,CameraNb:0,HeSaiNb:0,ARS410Nb:0
2026/08/02 21:39:28:378---->
heightOffset:0,1785677968378,476631,selfCaliBufCnt:0,selfAccObjCnt:0,selfAccAngle:0,installHAngleOffset:0,Interpolation:0,installVAngleOffset:0,radarOffsetH:0,radarOffsetV:0.32,Polynom:-0.001023;-0.0511;-2.047;0;0;0;-0.001023;-0.0511;-2.047;-25.5;0;0,WheelDirection:0;0;0;0,selfAngleOffset:0,selfAngleOffsetPit:0,currCaliAngleHrz:0,currCaliAnglePit:0,selfCaliAngleHrz:0,selfCaliAnglePit:0,servCaliAngleHrz:0,servCaliAnglePit:0,offlineCaliAngleHrz:0,offlineCaliAnglePit:0,determine2useFlag:0,IMU_Z_Accel:0,IMU_X_AngularRate:0,IMU_Y_AngularRate:0,IMU_RollAngle:0,IMU_PitchAngle:0,IMU_YawAngle:0,FcwID:0,FCWWarningLevel:0,FCWTTC:0
0,5.04,0,-6.99,0,0,0,0,0,0.613,5,0,0,-6.9,0,0,0,0,0.0572958,0,0,0,0,98,0,0,0,0,0,0,53,0,0.00034,0.00034,0,0,0,0,0,3,0,0,0,0,0,0,1,0,0,0,0,0,0,0,0,98,0,,0,0,0,0,
73,9.95,-0.12,-12.19,0,0,0,0,0,2.1005,9.725,0,-0.125,-16.7,0,0,0,0,0.0572958,0,0,0,0,65,0,0,0,0,0,0,53,0,0.00034,0.00034,0,0,0,0,0,1.6,0,0,0,0,0,0,1,0,0,0,0,0,0,0,0,30,0,,0,0,0,0,
END,Total:2
START,FrameNb:42,CameraNb:0,HeSaiNb:0,ARS410Nb:0
2026/08/02 21:39:28:421---->
heightOffset:0,1785677968421,476682,selfCaliBufCnt:0,selfAccObjCnt:0,selfAccAngle:0,installHAngleOffset:0,Interpolation:0,installVAngleOffset:0,radarOffsetH:0,radarOffsetV:0.32,Polynom:-0.001023;-0.0511;-2.047;0;0;0;-0.001023;-0.0511;-2.047;-25.5;0;0,WheelDirection:0;0;0;0,selfAngleOffset:0,selfAngleOffsetPit:0,currCaliAngleHrz:0,currCaliAnglePit:0,selfCaliAngleHrz:0,selfCaliAnglePit:0,servCaliAngleHrz:0,servCaliAnglePit:0,offlineCaliAngleHrz:0,offlineCaliAnglePit:0,determine2useFlag:0,IMU_Z_Accel:0,IMU_X_AngularRate:0,IMU_Y_AngularRate:0,IMU_RollAngle:0,IMU_PitchAngle:0,IMU_YawAngle:0,FcwID:0,FCWWarningLevel:0,FCWTTC:0
0,5.04,0,-6.99,0,0,0,0,0,0.613,5,0,0,-6.9,0,0,0,0,0.0572958,0,0,0,0,98,0,0,0,0,0,0,57,0,0.00034,0.00034,0,0,0,0,0,3,0,0,0,0,0,0,1,0,0,0,0,0,0,0,0,98,0,,0,0,0,0,
73,9.95,-0.12,-12.19,0,0,0,0,0,2.1005,9.725,0,-0.125,-16.7,0,0,0,0,0.0572958,0,0,0,0,65,0,0,0,0,0,0,57,0,0.00034,0.00034,0,0,0,0,0,1.6,0,0,0,0,0,0,1,0,0,0,0,0,0,0,0,30,0,,0,0,0,0,
END,Total:2
START,FrameNb:43,CameraNb:0,HeSaiNb:0,ARS410Nb:0
2026/08/02 21:39:28:472---->
heightOffset:0,1785677968472,476731,selfCaliBufCnt:0,selfAccObjCnt:0,selfAccAngle:0,installHAngleOffset:0,Interpolation:0,installVAngleOffset:0,radarOffsetH:0,radarOffsetV:0.32,Polynom:-0.001023;-0.0511;-2.047;0;0;0;-0.001023;-0.0511;-2.047;-25.5;0;0,WheelDirection:0;0;0;0,selfAngleOffset:0,selfAngleOffsetPit:0,currCaliAngleHrz:0,currCaliAnglePit:0,selfCaliAngleHrz:0,selfCaliAnglePit:0,servCaliAngleHrz:0,servCaliAnglePit:0,offlineCaliAngleHrz:0,offlineCaliAnglePit:0,determine2useFlag:0,IMU_Z_Accel:0,IMU_X_AngularRate:0,IMU_Y_AngularRate:0,IMU_RollAngle:0,IMU_PitchAngle:0,IMU_YawAngle:0,FcwID:0,FCWWarningLevel:0,FCWTTC:0
0,5.04,0,-6.99,0,0,0,0,0,0.613,5,0,0,-6.9,0,0,0,0,0.0572958,0,0,0,0,98,0,0,0,0,0,0,54,0,0.00034,0.00034,0,0,0,0,0,2.6,0,0,0,0,0,0,1,0,0,0,0,0,0,0,0,98,0,,0,0,0,0,
73,9.95,-0.12,-12.19,0,0,0,0,0,2.1005,9.725,0,-0.125,-16.7,0,0,0,0,0.0572958,0,0,0,0,65,0,0,0,0,0,0,54,0,0.00034,0.00034,0,0,0,0,0,1.6,0,0,0,0,0,0,1,0,0,0,0,0,0,0,0,30,0,,0,0,0,0,
END,Total:2
START,FrameNb:44,CameraNb:0,HeSaiNb:0,ARS410Nb:0
2026/08/02 21:39:28:525---->
heightOffset:0,1785677968525,476781,selfCaliBufCnt:0,selfAccObjCnt:0,selfAccAngle:0,installHAngleOffset:0,Interpolation:0,installVAngleOffset:0,radarOffsetH:0,radarOffsetV:0.32,Polynom:-0.001023;-0.0511;-2.047;0;0;0;-0.001023;-0.0511;-2.047;-25.5;0;0,WheelDirection:0;0;0;0,selfAngleOffset:0,selfAngleOffsetPit:0,currCaliAngleHrz:0,currCaliAnglePit:0,selfCaliAngleHrz:0,selfCaliAnglePit:0,servCaliAngleHrz:0,servCaliAnglePit:0,offlineCaliAngleHrz:0,offlineCaliAnglePit:0,determine2useFlag:0,IMU_Z_Accel:0,IMU_X_AngularRate:0,IMU_Y_AngularRate:0,IMU_RollAngle:0,IMU_PitchAngle:0,IMU_YawAngle:0,FcwID:0,FCWWarningLevel:0,FCWTTC:0
0,5.04,0,-6.99,0,0,0,0,0,0.613,5,-0.125,0,-6.9,0,0,0,0,0.0572958,0,0,0,0,98,0,0,0,0,0,0,59,0,0.00034,0.00034,0,0,0,0,0,2.2,0,0,0,0,0,0,1,0,0,0,0,0,0,0,0,98,0,,0,0,0,0,
END,Total:1
START,FrameNb:45,CameraNb:0,HeSaiNb:0,ARS410Nb:0
2026/08/02 21:39:28:572---->
heightOffset:0,1785677968572,476831,selfCaliBufCnt:0,selfAccObjCnt:0,selfAccAngle:0,installHAngleOffset:0,Interpolation:0,installVAngleOffset:0,radarOffsetH:0,radarOffsetV:0.32,Polynom:-0.001023;-0.0511;-2.047;0;0;0;-0.001023;-0.0511;-2.047;-25.5;0;0,WheelDirection:0;0;0;0,selfAngleOffset:0,selfAngleOffsetPit:0,currCaliAngleHrz:0,currCaliAnglePit:0,selfCaliAngleHrz:0,selfCaliAnglePit:0,servCaliAngleHrz:0,servCaliAnglePit:0,offlineCaliAngleHrz:0,offlineCaliAnglePit:0,determine2useFlag:0,IMU_Z_Accel:0,IMU_X_AngularRate:0,IMU_Y_AngularRate:0,IMU_RollAngle:0,IMU_PitchAngle:0,IMU_YawAngle:0,FcwID:0,FCWWarningLevel:0,FCWTTC:0
0,5.04,0,-6.99,0,0,0,0,0,0.613,5,0,0,-6.7,0,0,0,0,0.0572958,0,0,0,0,98,0,0,0,0,0,0,58,0,0.00034,0.00034,0,0,0,0,0,1.8,0,0,0,0,0,0,1,0,0,0,0,0,0,0,0,98,0,,0,0,0,0,
END,Total:1
START,FrameNb:46,CameraNb:0,HeSaiNb:0,ARS410Nb:0
2026/08/02 21:39:28:624---->
heightOffset:0,1785677968624,476881,selfCaliBufCnt:0,selfAccObjCnt:0,selfAccAngle:0,installHAngleOffset:0,Interpolation:0,installVAngleOffset:0,radarOffsetH:0,radarOffsetV:0.32,Polynom:-0.001023;-0.0511;-2.047;0;0;0;-0.001023;-0.0511;-2.047;-25.5;0;0,WheelDirection:0;0;0;0,selfAngleOffset:0,selfAngleOffsetPit:0,currCaliAngleHrz:0,currCaliAnglePit:0,selfCaliAngleHrz:0,selfCaliAnglePit:0,servCaliAngleHrz:0,servCaliAnglePit:0,offlineCaliAngleHrz:0,offlineCaliAnglePit:0,determine2useFlag:0,IMU_Z_Accel:0,IMU_X_AngularRate:0,IMU_Y_AngularRate:0,IMU_RollAngle:0,IMU_PitchAngle:0,IMU_YawAngle:0,FcwID:0,FCWWarningLevel:0,FCWTTC:0
0,5.04,0,-6.99,0,0,0,0,0,0.613,5,0,0,-6.9,0,0,0,0,0.0572958,0,0,0,0,98,0,0,0,0,0,0,60,0,0.00034,0.00034,0,0,0,0,0,2.4,0,0,0,0,0,0,1,0,0,0,0,0,0,0,0,98,0,,0,0,0,0,
END,Total:1
START,FrameNb:47,CameraNb:0,HeSaiNb:0,ARS410Nb:0
2026/08/02 21:39:28:668---->
heightOffset:0,1785677968668,476931,selfCaliBufCnt:0,selfAccObjCnt:0,selfAccAngle:0,installHAngleOffset:0,Interpolation:0,installVAngleOffset:0,radarOffsetH:0,radarOffsetV:0.32,Polynom:-0.001023;-0.0511;-2.047;0;0;0;-0.001023;-0.0511;-2.047;-25.5;0;0,WheelDirection:0;0;0;0,selfAngleOffset:0,selfAngleOffsetPit:0,currCaliAngleHrz:0,currCaliAnglePit:0,selfCaliAngleHrz:0,selfCaliAnglePit:0,servCaliAngleHrz:0,servCaliAnglePit:0,offlineCaliAngleHrz:0,offlineCaliAnglePit:0,determine2useFlag:0,IMU_Z_Accel:0,IMU_X_AngularRate:0,IMU_Y_AngularRate:0,IMU_RollAngle:0,IMU_PitchAngle:0,IMU_YawAngle:0,FcwID:0,FCWWarningLevel:0,FCWTTC:0
0,5.04,0,-6.99,0,0,0,0,0,0.613,5,0,0,-6.9,0,0,0,0,0.0572958,0,0,0,0,98,0,0,0,0,0,0,53,0,0.00034,0.00034,0,0,0,0,0,2.2,0,0,0,0,0,0,1,0,0,0,0,0,0,0,0,98,0,,0,0,0,0,
END,Total:1
START,FrameNb:48,CameraNb:0,HeSaiNb:0,ARS410Nb:0
2026/08/02 21:39:28:719---->
heightOffset:0,1785677968719,476981,selfCaliBufCnt:0,selfAccObjCnt:0,selfAccAngle:0,installHAngleOffset:0,Interpolation:0,installVAngleOffset:0,radarOffsetH:0,radarOffsetV:0.32,Polynom:-0.001023;-0.0511;-2.047;0;0;0;-0.001023;-0.0511;-2.047;-25.5;0;0,WheelDirection:0;0;0;0,selfAngleOffset:0,selfAngleOffsetPit:0,currCaliAngleHrz:0,currCaliAnglePit:0,selfCaliAngleHrz:0,selfCaliAnglePit:0,servCaliAngleHrz:0,servCaliAnglePit:0,offlineCaliAngleHrz:0,offlineCaliAnglePit:0,determine2useFlag:0,IMU_Z_Accel:0,IMU_X_AngularRate:0,IMU_Y_AngularRate:0,IMU_RollAngle:0,IMU_PitchAngle:0,IMU_YawAngle:0,FcwID:0,FCWWarningLevel:0,FCWTTC:0
0,5.04,0,-6.99,0,0,0,0,0,0.613,5,0,0,-6.9,0,0,0,0,0.0572958,0,0,0,0,98,0,0,0,0,0,0,58,0,0.00034,0.00034,0,0,0,0,0,2.2,0,0,0,0,0,0,1,0,0,0,0,0,0,0,0,98,0,,0,0,0,0,
END,Total:1
START,FrameNb:49,CameraNb:0,HeSaiNb:0,ARS410Nb:0
2026/08/02 21:39:28:777---->
heightOffset:0,1785677968777,477031,selfCaliBufCnt:0,selfAccObjCnt:0,selfAccAngle:0,installHAngleOffset:0,Interpolation:0,installVAngleOffset:0,radarOffsetH:0,radarOffsetV:0.32,Polynom:-0.001023;-0.0511;-2.047;0;0;0;-0.001023;-0.0511;-2.047;-25.5;0;0,WheelDirection:0;0;0;0,selfAngleOffset:0,selfAngleOffsetPit:0,currCaliAngleHrz:0,currCaliAnglePit:0,selfCaliAngleHrz:0,selfCaliAnglePit:0,servCaliAngleHrz:0,servCaliAnglePit:0,offlineCaliAngleHrz:0,offlineCaliAnglePit:0,determine2useFlag:0,IMU_Z_Accel:0,IMU_X_AngularRate:0,IMU_Y_AngularRate:0,IMU_RollAngle:0,IMU_PitchAngle:0,IMU_YawAngle:0,FcwID:0,FCWWarningLevel:0,FCWTTC:0
0,5.04,0,-6.99,0,0,0,0,0,0.613,5,0,0,-6.9,0,0,0,0,0.0572958,0,0,0,0,98,0,0,0,0,0,0,58,0,0.00034,0.00034,0,0,0,0,0,1.8,0,0,0,0,0,0,1,0,0,0,0,0,0,0,0,98,0,,0,0,0,0,
END,Total:1
START,FrameNb:50,CameraNb:0,HeSaiNb:0,ARS410Nb:0
2026/08/02 21:39:28:824---->
heightOffset:0,1785677968824,477081,selfCaliBufCnt:0,selfAccObjCnt:0,selfAccAngle:0,installHAngleOffset:0,Interpolation:0,installVAngleOffset:0,radarOffsetH:0,radarOffsetV:0.32,Polynom:-0.001023;-0.0511;-2.047;0;0;0;-0.001023;-0.0511;-2.047;-25.5;0;0,WheelDirection:0;0;0;0,selfAngleOffset:0,selfAngleOffsetPit:0,currCaliAngleHrz:0,currCaliAnglePit:0,selfCaliAngleHrz:0,selfCaliAnglePit:0,servCaliAngleHrz:0,servCaliAnglePit:0,offlineCaliAngleHrz:0,offlineCaliAnglePit:0,determine2useFlag:0,IMU_Z_Accel:0,IMU_X_AngularRate:0,IMU_Y_AngularRate:0,IMU_RollAngle:0,IMU_PitchAngle:0,IMU_YawAngle:0,FcwID:0,FCWWarningLevel:0,FCWTTC:0
0,5.04,0,-6.99,0,0,0,0,0,0.613,5,0,0,-6.9,0,0,0,0,0.0572958,0,0,0,0,98,0,0,0,0,0,0,53,0,0.00034,0.00034,0,0,0,0,0,1.6,0,0,0,0,0,0,1,0,0,0,0,0,0,0,0,98,0,,0,0,0,0,
END,Total:1
START,FrameNb:51,CameraNb:0,HeSaiNb:0,ARS410Nb:0
2026/08/02 21:39:28:876---->
heightOffset:0,1785677968876,477131,selfCaliBufCnt:0,selfAccObjCnt:0,selfAccAngle:0,installHAngleOffset:0,Interpolation:0,installVAngleOffset:0,radarOffsetH:0,radarOffsetV:0.32,Polynom:-0.001023;-0.0511;-2.047;0;0;0;-0.001023;-0.0511;-2.047;-25.5;0;0,WheelDirection:0;0;0;0,selfAngleOffset:0,selfAngleOffsetPit:0,currCaliAngleHrz:0,currCaliAnglePit:0,selfCaliAngleHrz:0,selfCaliAnglePit:0,servCaliAngleHrz:0,servCaliAnglePit:0,offlineCaliAngleHrz:0,offlineCaliAnglePit:0,determine2useFlag:0,IMU_Z_Accel:0,IMU_X_AngularRate:0,IMU_Y_AngularRate:0,IMU_RollAngle:0,IMU_PitchAngle:0,IMU_YawAngle:0,FcwID:0,FCWWarningLevel:0,FCWTTC:0
0,5.04,0,-6.99,0,0,0,0,0,0.613,5,0,0,-6.9,0,0,0,0,0.0572958,0,0,0,0,98,0,0,0,0,0,0,57,0,0.00034,0.00034,0,0,0,0,0,1.6,0,0,0,0,0,0,1,0,0,0,0,0,0,0,0,98,0,,0,0,0,0,
END,Total:1
START,FrameNb:52,CameraNb:0,HeSaiNb:0,ARS410Nb:0
2026/08/02 21:39:28:921---->
heightOffset:0,1785677968921,477181,selfCaliBufCnt:0,selfAccObjCnt:0,selfAccAngle:0,installHAngleOffset:0,Interpolation:0,installVAngleOffset:0,radarOffsetH:0,radarOffsetV:0.32,Polynom:-0.001023;-0.0511;-2.047;0;0;0;-0.001023;-0.0511;-2.047;-25.5;0;0,WheelDirection:0;0;0;0,selfAngleOffset:0,selfAngleOffsetPit:0,currCaliAngleHrz:0,currCaliAnglePit:0,selfCaliAngleHrz:0,selfCaliAnglePit:0,servCaliAngleHrz:0,servCaliAnglePit:0,offlineCaliAngleHrz:0,offlineCaliAnglePit:0,determine2useFlag:0,IMU_Z_Accel:0,IMU_X_AngularRate:0,IMU_Y_AngularRate:0,IMU_RollAngle:0,IMU_PitchAngle:0,IMU_YawAngle:0,FcwID:0,FCWWarningLevel:0,FCWTTC:0
0,5.04,0,-6.99,0,0,0,0,0,0.613,5,0,0,-6.9,0,0,0,0,0.0572958,0,0,0,0,98,0,0,0,0,0,0,53,0,0.00034,0.00034,0,0,0,0,0,1.6,0,0,0,0,0,0,1,0,0,0,0,0,0,0,0,98,0,,0,0,0,0,
END,Total:1
START,FrameNb:53,CameraNb:0,HeSaiNb:0,ARS410Nb:0
2026/08/02 21:39:28:972---->
heightOffset:0,1785677968972,477231,selfCaliBufCnt:0,selfAccObjCnt:0,selfAccAngle:0,installHAngleOffset:0,Interpolation:0,installVAngleOffset:0,radarOffsetH:0,radarOffsetV:0.32,Polynom:-0.001023;-0.0511;-2.047;0;0;0;-0.001023;-0.0511;-2.047;-25.5;0;0,WheelDirection:0;0;0;0,selfAngleOffset:0,selfAngleOffsetPit:0,currCaliAngleHrz:0,currCaliAnglePit:0,selfCaliAngleHrz:0,selfCaliAnglePit:0,servCaliAngleHrz:0,servCaliAnglePit:0,offlineCaliAngleHrz:0,offlineCaliAnglePit:0,determine2useFlag:0,IMU_Z_Accel:0,IMU_X_AngularRate:0,IMU_Y_AngularRate:0,IMU_RollAngle:0,IMU_PitchAngle:0,IMU_YawAngle:0,FcwID:0,FCWWarningLevel:0,FCWTTC:0
0,5.04,0,-6.99,0,0,0,0,0,0.613,5,0,0,-6.9,0,0,0,0,0.0572958,0,0,0,0,98,0,0,0,0,0,0,61,0,0.00034,0.00034,0,0,0,0,0,1.6,0,0,0,0,0,0,1,0,0,0,0,0,0,0,0,98,0,,0,0,0,0,
END,Total:1
START,FrameNb:54,CameraNb:0,HeSaiNb:0,ARS410Nb:0
2026/08/02 21:39:29:015---->
heightOffset:0,1785677969015,477281,selfCaliBufCnt:0,selfAccObjCnt:0,selfAccAngle:0,installHAngleOffset:0,Interpolation:0,installVAngleOffset:0,radarOffsetH:0,radarOffsetV:0.32,Polynom:-0.001023;-0.0511;-2.047;0;0;0;-0.001023;-0.0511;-2.047;-25.5;0;0,WheelDirection:0;0;0;0,selfAngleOffset:0,selfAngleOffsetPit:0,currCaliAngleHrz:0,currCaliAnglePit:0,selfCaliAngleHrz:0,selfCaliAnglePit:0,servCaliAngleHrz:0,servCaliAnglePit:0,offlineCaliAngleHrz:0,offlineCaliAnglePit:0,determine2useFlag:0,IMU_Z_Accel:0,IMU_X_AngularRate:0,IMU_Y_AngularRate:0,IMU_RollAngle:0,IMU_PitchAngle:0,IMU_YawAngle:0,FcwID:0,FCWWarningLevel:0,FCWTTC:0
0,5.04,0,-6.99,0,0,0,0,0,0.613,5,0,0,-6.9,0,0,0,0,0.0572958,0,0,0,0,98,0,0,0,0,0,0,59,0,0.00034,0.00034,0,0,0,0,0,1.6,0,0,0,0,0,0,1,0,0,0,0,0,0,0,0,98,0,,0,0,0,0,
END,Total:1
START,FrameNb:55,CameraNb:0,HeSaiNb:0,ARS410Nb:0
2026/08/02 21:39:29:072---->
heightOffset:0,1785677969072,477331,selfCaliBufCnt:0,selfAccObjCnt:0,selfAccAngle:0,installHAngleOffset:0,Interpolation:0,installVAngleOffset:0,radarOffsetH:0,radarOffsetV:0.32,Polynom:-0.001023;-0.0511;-2.047;0;0;0;-0.001023;-0.0511;-2.047;-25.5;0;0,WheelDirection:0;0;0;0,selfAngleOffset:0,selfAngleOffsetPit:0,currCaliAngleHrz:0,currCaliAnglePit:0,selfCaliAngleHrz:0,selfCaliAnglePit:0,servCaliAngleHrz:0,servCaliAnglePit:0,offlineCaliAngleHrz:0,offlineCaliAnglePit:0,determine2useFlag:0,IMU_Z_Accel:0,IMU_X_AngularRate:0,IMU_Y_AngularRate:0,IMU_RollAngle:0,IMU_PitchAngle:0,IMU_YawAngle:0,FcwID:0,FCWWarningLevel:0,FCWTTC:0
0,5.04,0,-6.99,0,0,0,0,0,0.613,5,0,0,-6.9,0,0,0,0,0.0572958,0,0,0,0,98,0,0,0,0,0,0,58,0,0.00034,0.00034,0,0,0,0,0,1.4,0,0,0,0,0,0,1,0,0,0,0,0,0,0,0,98,0,,0,0,0,0,
END,Total:1
START,FrameNb:56,CameraNb:0,HeSaiNb:0,ARS410Nb:0
2026/08/02 21:39:29:125---->
heightOffset:0,1785677969125,477381,selfCaliBufCnt:0,selfAccObjCnt:0,selfAccAngle:0,installHAngleOffset:0,Interpolation:0,installVAngleOffset:0,radarOffsetH:0,radarOffsetV:0.32,Polynom:-0.001023;-0.0511;-2.047;0;0;0;-0.001023;-0.0511;-2.047;-25.5;0;0,WheelDirection:0;0;0;0,selfAngleOffset:0,selfAngleOffsetPit:0,currCaliAngleHrz:0,currCaliAnglePit:0,selfCaliAngleHrz:0,selfCaliAnglePit:0,servCaliAngleHrz:0,servCaliAnglePit:0,offlineCaliAngleHrz:0,offlineCaliAnglePit:0,determine2useFlag:0,IMU_Z_Accel:0,IMU_X_AngularRate:0,IMU_Y_AngularRate:0,IMU_RollAngle:0,IMU_PitchAngle:0,IMU_YawAngle:0,FcwID:0,FCWWarningLevel:0,FCWTTC:0
0,5.04,0,-6.99,0,0,0,0,0,0.613,5,0,0,-6.9,0,0,0,0,0.0572958,0,0,0,0,98,0,0,0,0,0,0,54,0,0.00034,0.00034,0,0,0,0,0,1.4,0,0,0,0,0,0,1,0,0,0,0,0,0,0,0,98,0,,0,0,0,0,
END,Total:1
START,FrameNb:57,CameraNb:0,HeSaiNb:0,ARS410Nb:0
2026/08/02 21:39:29:170---->
heightOffset:0,1785677969170,477431,selfCaliBufCnt:0,selfAccObjCnt:0,selfAccAngle:0,installHAngleOffset:0,Interpolation:0,installVAngleOffset:0,radarOffsetH:0,radarOffsetV:0.32,Polynom:-0.001023;-0.0511;-2.047;0;0;0;-0.001023;-0.0511;-2.047;-25.5;0;0,WheelDirection:0;0;0;0,selfAngleOffset:0,selfAngleOffsetPit:0,currCaliAngleHrz:0,currCaliAnglePit:0,selfCaliAngleHrz:0,selfCaliAnglePit:0,servCaliAngleHrz:0,servCaliAnglePit:0,offlineCaliAngleHrz:0,offlineCaliAnglePit:0,determine2useFlag:0,IMU_Z_Accel:0,IMU_X_AngularRate:0,IMU_Y_AngularRate:0,IMU_RollAngle:0,IMU_PitchAngle:0,IMU_YawAngle:0,FcwID:0,FCWWarningLevel:0,FCWTTC:0
0,5.04,0,-6.99,0,0,0,0,0,0.613,5,0,0,-6.9,0,0,0,0,0.0572958,0,0,0,0,98,0,0,0,0,0,0,57,0,0.00034,0.00034,0,0,0,0,0,1.4,0,0,0,0,0,0,1,0,0,0,0,0,0,0,0,98,0,,0,0,0,0,
END,Total:1
START,FrameNb:58,CameraNb:0,HeSaiNb:0,ARS410Nb:0
2026/08/02 21:39:29:230---->
heightOffset:0,1785677969230,477482,selfCaliBufCnt:0,selfAccObjCnt:0,selfAccAngle:0,installHAngleOffset:0,Interpolation:0,installVAngleOffset:0,radarOffsetH:0,radarOffsetV:0.32,Polynom:-0.001023;-0.0511;-2.047;0;0;0;-0.001023;-0.0511;-2.047;-25.5;0;0,WheelDirection:0;0;0;0,selfAngleOffset:0,selfAngleOffsetPit:0,currCaliAngleHrz:0,currCaliAnglePit:0,selfCaliAngleHrz:0,selfCaliAnglePit:0,servCaliAngleHrz:0,servCaliAnglePit:0,offlineCaliAngleHrz:0,offlineCaliAnglePit:0,determine2useFlag:0,IMU_Z_Accel:0,IMU_X_AngularRate:0,IMU_Y_AngularRate:0,IMU_RollAngle:0,IMU_PitchAngle:0,IMU_YawAngle:0,FcwID:0,FCWWarningLevel:0,FCWTTC:0
0,5.04,0,-6.99,0,0,0,0,0,0.613,5,0,0,-6.9,0,0,0,0,0.0572958,0,0,0,0,98,0,0,0,0,0,0,57,0,0.00034,0.00034,0,0,0,0,0,1.4,0,0,0,0,0,0,1,0,0,0,0,0,0,0,0,98,0,,0,0,0,0,
END,Total:1
START,FrameNb:59,CameraNb:0,HeSaiNb:0,ARS410Nb:0
2026/08/02 21:39:29:283---->
heightOffset:0,1785677969283,477532,selfCaliBufCnt:0,selfAccObjCnt:0,selfAccAngle:0,installHAngleOffset:0,Interpolation:0,installVAngleOffset:0,radarOffsetH:0,radarOffsetV:0.32,Polynom:-0.001023;-0.0511;-2.047;0;0;0;-0.001023;-0.0511;-2.047;-25.5;0;0,WheelDirection:0;0;0;0,selfAngleOffset:0,selfAngleOffsetPit:0,currCaliAngleHrz:0,currCaliAnglePit:0,selfCaliAngleHrz:0,selfCaliAnglePit:0,servCaliAngleHrz:0,servCaliAnglePit:0,offlineCaliAngleHrz:0,offlineCaliAnglePit:0,determine2useFlag:0,IMU_Z_Accel:0,IMU_X_AngularRate:0,IMU_Y_AngularRate:0,IMU_RollAngle:0,IMU_PitchAngle:0,IMU_YawAngle:0,FcwID:0,FCWWarningLevel:0,FCWTTC:0
0,5.04,0,-6.99,0,0,0,0,0,0.613,5,0,0,-6.9,0,0,0,0,0.0572958,0,0,0,0,98,0,0,0,0,0,0,54,0,0.00034,0.00034,0,0,0,0,0,1.4,0,0,0,0,0,0,1,0,0,0,0,0,0,0,0,98,0,,0,0,0,0,
END,Total:1
START,FrameNb:60,CameraNb:0,HeSaiNb:0,ARS410Nb:0
2026/08/02 21:39:29:323---->
heightOffset:0,1785677969323,477581,selfCaliBufCnt:0,selfAccObjCnt:0,selfAccAngle:0,installHAngleOffset:0,Interpolation:0,installVAngleOffset:0,radarOffsetH:0,radarOffsetV:0.32,Polynom:-0.001023;-0.0511;-2.047;0;0;0;-0.001023;-0.0511;-2.047;-25.5;0;0,WheelDirection:0;0;0;0,selfAngleOffset:0,selfAngleOffsetPit:0,currCaliAngleHrz:0,currCaliAnglePit:0,selfCaliAngleHrz:0,selfCaliAnglePit:0,servCaliAngleHrz:0,servCaliAnglePit:0,offlineCaliAngleHrz:0,offlineCaliAnglePit:0,determine2useFlag:0,IMU_Z_Accel:0,IMU_X_AngularRate:0,IMU_Y_AngularRate:0,IMU_RollAngle:0,IMU_PitchAngle:0,IMU_YawAngle:0,FcwID:0,FCWWarningLevel:0,FCWTTC:0
0,5.04,0,-6.99,0,0,0,0,0,0.613,5,0,0,-6.9,0,0,0,0,0.0572958,0,0,0,0,98,0,0,0,0,0,0,57,0,0.00034,0.00034,0,0,0,0,0,1.4,0,0,0,0,0,0,1,0,0,0,0,0,0,0,0,98,0,,0,0,0,0,
END,Total:1
START,FrameNb:61,CameraNb:0,HeSaiNb:0,ARS410Nb:0
2026/08/02 21:39:29:374---->
heightOffset:0,1785677969374,477631,selfCaliBufCnt:0,selfAccObjCnt:0,selfAccAngle:0,installHAngleOffset:0,Interpolation:0,installVAngleOffset:0,radarOffsetH:0,radarOffsetV:0.32,Polynom:-0.001023;-0.0511;-2.047;0;0;0;-0.001023;-0.0511;-2.047;-25.5;0;0,WheelDirection:0;0;0;0,selfAngleOffset:0,selfAngleOffsetPit:0,currCaliAngleHrz:0,currCaliAnglePit:0,selfCaliAngleHrz:0,selfCaliAnglePit:0,servCaliAngleHrz:0,servCaliAnglePit:0,offlineCaliAngleHrz:0,offlineCaliAnglePit:0,determine2useFlag:0,IMU_Z_Accel:0,IMU_X_AngularRate:0,IMU_Y_AngularRate:0,IMU_RollAngle:0,IMU_PitchAngle:0,IMU_YawAngle:0,FcwID:0,FCWWarningLevel:0,FCWTTC:0
0,5.04,0,-6.99,0,0,0,0,0,0.613,5,0,0,-6.9,0,0,0,0,0.0572958,0,0,0,0,98,0,0,0,0,0,0,53,0,0.00034,0.00034,0,0,0,0,0,1.8,0,0,0,0,0,0,1,0,0,0,0,0,0,0,0,98,0,,0,0,0,0,
END,Total:1
START,FrameNb:62,CameraNb:0,HeSaiNb:0,ARS410Nb:0
2026/08/02 21:39:29:420---->
heightOffset:0,1785677969420,477681,selfCaliBufCnt:0,selfAccObjCnt:0,selfAccAngle:0,installHAngleOffset:0,Interpolation:0,installVAngleOffset:0,radarOffsetH:0,radarOffsetV:0.32,Polynom:-0.001023;-0.0511;-2.047;0;0;0;-0.001023;-0.0511;-2.047;-25.5;0;0,WheelDirection:0;0;0;0,selfAngleOffset:0,selfAngleOffsetPit:0,currCaliAngleHrz:0,currCaliAnglePit:0,selfCaliAngleHrz:0,selfCaliAnglePit:0,servCaliAngleHrz:0,servCaliAnglePit:0,offlineCaliAngleHrz:0,offlineCaliAnglePit:0,determine2useFlag:0,IMU_Z_Accel:0,IMU_X_AngularRate:0,IMU_Y_AngularRate:0,IMU_RollAngle:0,IMU_PitchAngle:0,IMU_YawAngle:0,FcwID:0,FCWWarningLevel:0,FCWTTC:0
0,5.04,0,-6.99,0,0,0,0,0,0.613,5,0,0,-6.9,0,0,0,0,0.0572958,0,0,0,0,98,0,0,0,0,0,0,63,0,0.00034,0.00034,0,0,0,0,0,1.8,0,0,0,0,0,0,1,0,0,0,0,0,0,0,0,98,0,,0,0,0,0,
END,Total:1
START,FrameNb:63,CameraNb:0,HeSaiNb:0,ARS410Nb:0
2026/08/02 21:39:29:467---->
heightOffset:0,1785677969467,477731,selfCaliBufCnt:0,selfAccObjCnt:0,selfAccAngle:0,installHAngleOffset:0,Interpolation:0,installVAngleOffset:0,radarOffsetH:0,radarOffsetV:0.32,Polynom:-0.001023;-0.0511;-2.047;0;0;0;-0.001023;-0.0511;-2.047;-25.5;0;0,WheelDirection:0;0;0;0,selfAngleOffset:0,selfAngleOffsetPit:0,currCaliAngleHrz:0,currCaliAnglePit:0,selfCaliAngleHrz:0,selfCaliAnglePit:0,servCaliAngleHrz:0,servCaliAnglePit:0,offlineCaliAngleHrz:0,offlineCaliAnglePit:0,determine2useFlag:0,IMU_Z_Accel:0,IMU_X_AngularRate:0,IMU_Y_AngularRate:0,IMU_RollAngle:0,IMU_PitchAngle:0,IMU_YawAngle:0,FcwID:0,FCWWarningLevel:0,FCWTTC:0
0,5.04,0,-6.99,0,0,0,0,0,0.613,5,0,0,-6.9,0,0,0,0,0.0572958,0,0,0,0,98,0,0,0,0,0,0,57,0,0.00034,0.00034,0,0,0,0,0,1.8,0,0,0,0,0,0,1,0,0,0,0,0,0,0,0,98,0,,0,0,0,0,
END,Total:1
START,FrameNb:64,CameraNb:0,HeSaiNb:0,ARS410Nb:0
2026/08/02 21:39:29:524---->
heightOffset:0,1785677969524,477781,selfCaliBufCnt:0,selfAccObjCnt:0,selfAccAngle:0,installHAngleOffset:0,Interpolation:0,installVAngleOffset:0,radarOffsetH:0,radarOffsetV:0.32,Polynom:-0.001023;-0.0511;-2.047;0;0;0;-0.001023;-0.0511;-2.047;-25.5;0;0,WheelDirection:0;0;0;0,selfAngleOffset:0,selfAngleOffsetPit:0,currCaliAngleHrz:0,currCaliAnglePit:0,selfCaliAngleHrz:0,selfCaliAnglePit:0,servCaliAngleHrz:0,servCaliAnglePit:0,offlineCaliAngleHrz:0,offlineCaliAnglePit:0,determine2useFlag:0,IMU_Z_Accel:0,IMU_X_AngularRate:0,IMU_Y_AngularRate:0,IMU_RollAngle:0,IMU_PitchAngle:0,IMU_YawAngle:0,FcwID:0,FCWWarningLevel:0,FCWTTC:0
0,5.04,0,-6.99,0,0,0,0,0,0.613,5,0,0,-6.9,0,0,0,0,0.0572958,0,0,0,0,98,0,0,0,0,0,0,58,0,0.00034,0.00034,0,0,0,0,0,1.8,0,0,0,0,0,0,1,0,0,0,0,0,0,0,0,98,0,,0,0,0,0,
END,Total:1
START,FrameNb:65,CameraNb:0,HeSaiNb:0,ARS410Nb:0
2026/08/02 21:39:29:572---->
heightOffset:0,1785677969572,477831,selfCaliBufCnt:0,selfAccObjCnt:0,selfAccAngle:0,installHAngleOffset:0,Interpolation:0,installVAngleOffset:0,radarOffsetH:0,radarOffsetV:0.32,Polynom:-0.001023;-0.0511;-2.047;0;0;0;-0.001023;-0.0511;-2.047;-25.5;0;0,WheelDirection:0;0;0;0,selfAngleOffset:0,selfAngleOffsetPit:0,currCaliAngleHrz:0,currCaliAnglePit:0,selfCaliAngleHrz:0,selfCaliAnglePit:0,servCaliAngleHrz:0,servCaliAnglePit:0,offlineCaliAngleHrz:0,offlineCaliAnglePit:0,determine2useFlag:0,IMU_Z_Accel:0,IMU_X_AngularRate:0,IMU_Y_AngularRate:0,IMU_RollAngle:0,IMU_PitchAngle:0,IMU_YawAngle:0,FcwID:0,FCWWarningLevel:0,FCWTTC:0
0,5.04,0,-6.99,0,0,0,0,0,0.613,5,0,0,-6.9,0,0,0,0,0.0572958,0,0,0,0,98,0,0,0,0,0,0,53,0,0.00034,0.00034,0,0,0,0,0,1.6,0,0,0,0,0,0,1,0,0,0,0,0,0,0,0,98,0,,0,0,0,0,
END,Total:1
START,FrameNb:66,CameraNb:0,HeSaiNb:0,ARS410Nb:0
2026/08/02 21:39:29:622---->
heightOffset:0,1785677969622,477882,selfCaliBufCnt:0,selfAccObjCnt:0,selfAccAngle:0,installHAngleOffset:0,Interpolation:0,installVAngleOffset:0,radarOffsetH:0,radarOffsetV:0.32,Polynom:-0.001023;-0.0511;-2.047;0;0;0;-0.001023;-0.0511;-2.047;-25.5;0;0,WheelDirection:0;0;0;0,selfAngleOffset:0,selfAngleOffsetPit:0,currCaliAngleHrz:0,currCaliAnglePit:0,selfCaliAngleHrz:0,selfCaliAnglePit:0,servCaliAngleHrz:0,servCaliAnglePit:0,offlineCaliAngleHrz:0,offlineCaliAnglePit:0,determine2useFlag:0,IMU_Z_Accel:0,IMU_X_AngularRate:0,IMU_Y_AngularRate:0,IMU_RollAngle:0,IMU_PitchAngle:0,IMU_YawAngle:0,FcwID:0,FCWWarningLevel:0,FCWTTC:0
0,5.04,0,-6.99,0,0,0,0,0,0.613,5,0,0,-6.9,0,0,0,0,0.0572958,0,0,0,0,98,0,0,0,0,0,0,58,0,0.00034,0.00034,0,0,0,0,0,1.6,0,0,0,0,0,0,1,0,0,0,0,0,0,0,0,98,0,,0,0,0,0,
END,Total:1
START,FrameNb:67,CameraNb:0,HeSaiNb:0,ARS410Nb:0
2026/08/02 21:39:29:668---->
heightOffset:0,1785677969668,477931,selfCaliBufCnt:0,selfAccObjCnt:0,selfAccAngle:0,installHAngleOffset:0,Interpolation:0,installVAngleOffset:0,radarOffsetH:0,radarOffsetV:0.32,Polynom:-0.001023;-0.0511;-2.047;0;0;0;-0.001023;-0.0511;-2.047;-25.5;0;0,WheelDirection:0;0;0;0,selfAngleOffset:0,selfAngleOffsetPit:0,currCaliAngleHrz:0,currCaliAnglePit:0,selfCaliAngleHrz:0,selfCaliAnglePit:0,servCaliAngleHrz:0,servCaliAnglePit:0,offlineCaliAngleHrz:0,offlineCaliAnglePit:0,determine2useFlag:0,IMU_Z_Accel:0,IMU_X_AngularRate:0,IMU_Y_AngularRate:0,IMU_RollAngle:0,IMU_PitchAngle:0,IMU_YawAngle:0,FcwID:0,FCWWarningLevel:0,FCWTTC:0
0,5.04,0,-6.99,0,0,0,0,0,0.613,5,-0.125,0,-6.9,0,0,0,0,0.0572958,0,0,0,0,98,0,0,0,0,0,0,58,0,0.00034,0.00034,0,0,0,0,0,1.4,0,0,0,0,0,0,1,0,0,0,0,0,0,0,0,98,0,,0,0,0,0,
END,Total:1
START,FrameNb:68,CameraNb:0,HeSaiNb:0,ARS410Nb:0
2026/08/02 21:39:29:728---->
heightOffset:0,1785677969728,477981,selfCaliBufCnt:0,selfAccObjCnt:0,selfAccAngle:0,installHAngleOffset:0,Interpolation:0,installVAngleOffset:0,radarOffsetH:0,radarOffsetV:0.32,Polynom:-0.001023;-0.0511;-2.047;0;0;0;-0.001023;-0.0511;-2.047;-25.5;0;0,WheelDirection:0;0;0;0,selfAngleOffset:0,selfAngleOffsetPit:0,currCaliAngleHrz:0,currCaliAnglePit:0,selfCaliAngleHrz:0,selfCaliAnglePit:0,servCaliAngleHrz:0,servCaliAnglePit:0,offlineCaliAngleHrz:0,offlineCaliAnglePit:0,determine2useFlag:0,IMU_Z_Accel:0,IMU_X_AngularRate:0,IMU_Y_AngularRate:0,IMU_RollAngle:0,IMU_PitchAngle:0,IMU_YawAngle:0,FcwID:0,FCWWarningLevel:0,FCWTTC:0
0,5.04,0,-6.99,0,0,0,0,0,0.613,5,-0.125,0,-6.9,0,0,0,0,0.0572958,0,0,0,0,98,0,0,0,0,0,0,54,0,0.00034,0.00034,0,0,0,0,0,1.4,0,0,0,0,0,0,1,0,0,0,0,0,0,0,0,98,0,,0,0,0,0,
END,Total:1
START,FrameNb:69,CameraNb:0,HeSaiNb:0,ARS410Nb:0
2026/08/02 21:39:29:777---->
heightOffset:0,1785677969777,478031,selfCaliBufCnt:0,selfAccObjCnt:0,selfAccAngle:0,installHAngleOffset:0,Interpolation:0,installVAngleOffset:0,radarOffsetH:0,radarOffsetV:0.32,Polynom:-0.001023;-0.0511;-2.047;0;0;0;-0.001023;-0.0511;-2.047;-25.5;0;0,WheelDirection:0;0;0;0,selfAngleOffset:0,selfAngleOffsetPit:0,currCaliAngleHrz:0,currCaliAnglePit:0,selfCaliAngleHrz:0,selfCaliAnglePit:0,servCaliAngleHrz:0,servCaliAnglePit:0,offlineCaliAngleHrz:0,offlineCaliAnglePit:0,determine2useFlag:0,IMU_Z_Accel:0,IMU_X_AngularRate:0,IMU_Y_AngularRate:0,IMU_RollAngle:0,IMU_PitchAngle:0,IMU_YawAngle:0,FcwID:0,FCWWarningLevel:0,FCWTTC:0
0,5.04,0,-6.99,0,0,0,0,0,0.613,5,-0.125,0,-6.9,0,0,0,0,0.0572958,0,0,0,0,98,0,0,0,0,0,0,57,0,0.00034,0.00034,0,0,0,0,0,1.4,0,0,0,0,0,0,1,0,0,0,0,0,0,0,0,98,0,,0,0,0,0,
END,Total:1
START,FrameNb:70,CameraNb:0,HeSaiNb:0,ARS410Nb:0
2026/08/02 21:39:29:821---->
heightOffset:0,1785677969821,478081,selfCaliBufCnt:0,selfAccObjCnt:0,selfAccAngle:0,installHAngleOffset:0,Interpolation:0,installVAngleOffset:0,radarOffsetH:0,radarOffsetV:0.32,Polynom:-0.001023;-0.0511;-2.047;0;0;0;-0.001023;-0.0511;-2.047;-25.5;0;0,WheelDirection:0;0;0;0,selfAngleOffset:0,selfAngleOffsetPit:0,currCaliAngleHrz:0,currCaliAnglePit:0,selfCaliAngleHrz:0,selfCaliAnglePit:0,servCaliAngleHrz:0,servCaliAnglePit:0,offlineCaliAngleHrz:0,offlineCaliAnglePit:0,determine2useFlag:0,IMU_Z_Accel:0,IMU_X_AngularRate:0,IMU_Y_AngularRate:0,IMU_RollAngle:0,IMU_PitchAngle:0,IMU_YawAngle:0,FcwID:0,FCWWarningLevel:0,FCWTTC:0
0,5.04,0,-6.99,0,0,0,0,0,0.613,5,0,0,-6.7,0,0,0,0,0.0572958,0,0,0,0,98,0,0,0,0,0,0,57,0,0.00034,0.00034,0,0,0,0,0,1.4,0,0,0,0,0,0,1,0,0,0,0,0,0,0,0,98,0,,0,0,0,0,
END,Total:1
START,FrameNb:71,CameraNb:0,HeSaiNb:0,ARS410Nb:0
2026/08/02 21:39:29:872---->
heightOffset:0,1785677969872,478131,selfCaliBufCnt:0,selfAccObjCnt:0,selfAccAngle:0,installHAngleOffset:0,Interpolation:0,installVAngleOffset:0,radarOffsetH:0,radarOffsetV:0.32,Polynom:-0.001023;-0.0511;-2.047;0;0;0;-0.001023;-0.0511;-2.047;-25.5;0;0,WheelDirection:0;0;0;0,selfAngleOffset:0,selfAngleOffsetPit:0,currCaliAngleHrz:0,currCaliAnglePit:0,selfCaliAngleHrz:0,selfCaliAnglePit:0,servCaliAngleHrz:0,servCaliAnglePit:0,offlineCaliAngleHrz:0,offlineCaliAnglePit:0,determine2useFlag:0,IMU_Z_Accel:0,IMU_X_AngularRate:0,IMU_Y_AngularRate:0,IMU_RollAngle:0,IMU_PitchAngle:0,IMU_YawAngle:0,FcwID:0,FCWWarningLevel:0,FCWTTC:0
0,5.04,0,-6.99,0,0,0,0,0,0.613,5,0,0,-6.7,0,0,0,0,0.0572958,0,0,0,0,98,0,0,0,0,0,0,62,0,0.00034,0.00034,0,0,0,0,0,1.4,0,0,0,0,0,0,1,0,0,0,0,0,0,0,0,98,0,,0,0,0,0,
END,Total:1
START,FrameNb:72,CameraNb:0,HeSaiNb:0,ARS410Nb:0
2026/08/02 21:39:29:918---->
heightOffset:0,1785677969918,478181,selfCaliBufCnt:0,selfAccObjCnt:0,selfAccAngle:0,installHAngleOffset:0,Interpolation:0,installVAngleOffset:0,radarOffsetH:0,radarOffsetV:0.32,Polynom:-0.001023;-0.0511;-2.047;0;0;0;-0.001023;-0.0511;-2.047;-25.5;0;0,WheelDirection:0;0;0;0,selfAngleOffset:0,selfAngleOffsetPit:0,currCaliAngleHrz:0,currCaliAnglePit:0,selfCaliAngleHrz:0,selfCaliAnglePit:0,servCaliAngleHrz:0,servCaliAnglePit:0,offlineCaliAngleHrz:0,offlineCaliAnglePit:0,determine2useFlag:0,IMU_Z_Accel:0,IMU_X_AngularRate:0,IMU_Y_AngularRate:0,IMU_RollAngle:0,IMU_PitchAngle:0,IMU_YawAngle:0,FcwID:0,FCWWarningLevel:0,FCWTTC:0
0,5.04,0,-6.99,0,0,0,0,0,0.613,5,0,0,-6.7,0,0,0,0,0.0572958,0,0,0,0,98,0,0,0,0,0,0,55,0,0.00034,0.00034,0,0,0,0,0,1.4,0,0,0,0,0,0,1,0,0,0,0,0,0,0,0,98,0,,0,0,0,0,
END,Total:1
START,FrameNb:73,CameraNb:0,HeSaiNb:0,ARS410Nb:0
2026/08/02 21:39:29:977---->
heightOffset:0,1785677969977,478232,selfCaliBufCnt:0,selfAccObjCnt:0,selfAccAngle:0,installHAngleOffset:0,Interpolation:0,installVAngleOffset:0,radarOffsetH:0,radarOffsetV:0.32,Polynom:-0.001023;-0.0511;-2.047;0;0;0;-0.001023;-0.0511;-2.047;-25.5;0;0,WheelDirection:0;0;0;0,selfAngleOffset:0,selfAngleOffsetPit:0,currCaliAngleHrz:0,currCaliAnglePit:0,selfCaliAngleHrz:0,selfCaliAnglePit:0,servCaliAngleHrz:0,servCaliAnglePit:0,offlineCaliAngleHrz:0,offlineCaliAnglePit:0,determine2useFlag:0,IMU_Z_Accel:0,IMU_X_AngularRate:0,IMU_Y_AngularRate:0,IMU_RollAngle:0,IMU_PitchAngle:0,IMU_YawAngle:0,FcwID:0,FCWWarningLevel:0,FCWTTC:0
0,5.04,0,-6.99,0,0,0,0,0,0.613,5,0,0,-6.7,0,0,0,0,0.0572958,0,0,0,0,98,0,0,0,0,0,0,58,0,0.00034,0.00034,0,0,0,0,0,1.8,0,0,0,0,0,0,1,0,0,0,0,0,0,0,0,98,0,,0,0,0,0,
END,Total:1
START,FrameNb:74,CameraNb:0,HeSaiNb:0,ARS410Nb:0
2026/08/02 21:39:30:031---->
heightOffset:0,1785677970031,478281,selfCaliBufCnt:0,selfAccObjCnt:0,selfAccAngle:0,installHAngleOffset:0,Interpolation:0,installVAngleOffset:0,radarOffsetH:0,radarOffsetV:0.32,Polynom:-0.001023;-0.0511;-2.047;0;0;0;-0.001023;-0.0511;-2.047;-25.5;0;0,WheelDirection:0;0;0;0,selfAngleOffset:0,selfAngleOffsetPit:0,currCaliAngleHrz:0,currCaliAnglePit:0,selfCaliAngleHrz:0,selfCaliAnglePit:0,servCaliAngleHrz:0,servCaliAnglePit:0,offlineCaliAngleHrz:0,offlineCaliAnglePit:0,determine2useFlag:0,IMU_Z_Accel:0,IMU_X_AngularRate:0,IMU_Y_AngularRate:0,IMU_RollAngle:0,IMU_PitchAngle:0,IMU_YawAngle:0,FcwID:0,FCWWarningLevel:0,FCWTTC:0
0,5.04,0,-6.99,0,0,0,0,0,0.613,5,0,0,-6.7,0,0,0,0,0.0572958,0,0,0,0,98,0,0,0,0,0,0,53,0,0.00034,0.00034,0,0,0,0,0,1.8,0,0,0,0,0,0,1,0,0,0,0,0,0,0,0,98,0,,0,0,0,0,
END,Total:1
START,FrameNb:75,CameraNb:0,HeSaiNb:0,ARS410Nb:0
2026/08/02 21:39:30:072---->
heightOffset:0,1785677970072,478331,selfCaliBufCnt:0,selfAccObjCnt:0,selfAccAngle:0,installHAngleOffset:0,Interpolation:0,installVAngleOffset:0,radarOffsetH:0,radarOffsetV:0.32,Polynom:-0.001023;-0.0511;-2.047;0;0;0;-0.001023;-0.0511;-2.047;-25.5;0;0,WheelDirection:0;0;0;0,selfAngleOffset:0,selfAngleOffsetPit:0,currCaliAngleHrz:0,currCaliAnglePit:0,selfCaliAngleHrz:0,selfCaliAnglePit:0,servCaliAngleHrz:0,servCaliAnglePit:0,offlineCaliAngleHrz:0,offlineCaliAnglePit:0,determine2useFlag:0,IMU_Z_Accel:0,IMU_X_AngularRate:0,IMU_Y_AngularRate:0,IMU_RollAngle:0,IMU_PitchAngle:0,IMU_YawAngle:0,FcwID:0,FCWWarningLevel:0,FCWTTC:0
0,5.04,0,-6.99,0,0,0,0,0,0.613,5,0,0,-6.9,0,0,0,0,0.0572958,0,0,0,0,98,0,0,0,0,0,0,53,0,0.00034,0.00034,0,0,0,0,0,1.6,0,0,0,0,0,0,1,0,0,0,0,0,0,0,0,98,0,,0,0,0,0,
END,Total:1
START,FrameNb:76,CameraNb:0,HeSaiNb:0,ARS410Nb:0
2026/08/02 21:39:30:122---->
heightOffset:0,1785677970122,478382,selfCaliBufCnt:0,selfAccObjCnt:0,selfAccAngle:0,installHAngleOffset:0,Interpolation:0,installVAngleOffset:0,radarOffsetH:0,radarOffsetV:0.32,Polynom:-0.001023;-0.0511;-2.047;0;0;0;-0.001023;-0.0511;-2.047;-25.5;0;0,WheelDirection:0;0;0;0,selfAngleOffset:0,selfAngleOffsetPit:0,currCaliAngleHrz:0,currCaliAnglePit:0,selfCaliAngleHrz:0,selfCaliAnglePit:0,servCaliAngleHrz:0,servCaliAnglePit:0,offlineCaliAngleHrz:0,offlineCaliAnglePit:0,determine2useFlag:0,IMU_Z_Accel:0,IMU_X_AngularRate:0,IMU_Y_AngularRate:0,IMU_RollAngle:0,IMU_PitchAngle:0,IMU_YawAngle:0,FcwID:0,FCWWarningLevel:0,FCWTTC:0
0,5.04,0,-6.99,0,0,0,0,0,0.613,5,-0.125,0,-6.9,0,0,0,0,0.0572958,0,0,0,0,98,0,0,0,0,0,0,58,0,0.00034,0.00034,0,0,0,0,0,1.6,0,0,0,0,0,0,1,0,0,0,0,0,0,0,0,98,0,,0,0,0,0,
END,Total:1
START,FrameNb:77,CameraNb:0,HeSaiNb:0,ARS410Nb:0
2026/08/02 21:39:30:169---->
heightOffset:0,1785677970169,478431,selfCaliBufCnt:0,selfAccObjCnt:0,selfAccAngle:0,installHAngleOffset:0,Interpolation:0,installVAngleOffset:0,radarOffsetH:0,radarOffsetV:0.32,Polynom:-0.001023;-0.0511;-2.047;0;0;0;-0.001023;-0.0511;-2.047;-25.5;0;0,WheelDirection:0;0;0;0,selfAngleOffset:0,selfAngleOffsetPit:0,currCaliAngleHrz:0,currCaliAnglePit:0,selfCaliAngleHrz:0,selfCaliAnglePit:0,servCaliAngleHrz:0,servCaliAnglePit:0,offlineCaliAngleHrz:0,offlineCaliAnglePit:0,determine2useFlag:0,IMU_Z_Accel:0,IMU_X_AngularRate:0,IMU_Y_AngularRate:0,IMU_RollAngle:0,IMU_PitchAngle:0,IMU_YawAngle:0,FcwID:0,FCWWarningLevel:0,FCWTTC:0
0,5.04,0,-6.99,0,0,0,0,0,0.613,5,-0.125,0,-6.9,0,0,0,0,0.0572958,0,0,0,0,98,0,0,0,0,0,0,53,0,0.00034,0.00034,0,0,0,0,0,1.6,0,0,0,0,0,0,1,0,0,0,0,0,0,0,0,98,0,,0,0,0,0,
END,Total:1
START,FrameNb:78,CameraNb:0,HeSaiNb:0,ARS410Nb:0
2026/08/02 21:39:30:217---->
heightOffset:0,1785677970217,478481,selfCaliBufCnt:0,selfAccObjCnt:0,selfAccAngle:0,installHAngleOffset:0,Interpolation:0,installVAngleOffset:0,radarOffsetH:0,radarOffsetV:0.32,Polynom:-0.001023;-0.0511;-2.047;0;0;0;-0.001023;-0.0511;-2.047;-25.5;0;0,WheelDirection:0;0;0;0,selfAngleOffset:0,selfAngleOffsetPit:0,currCaliAngleHrz:0,currCaliAnglePit:0,selfCaliAngleHrz:0,selfCaliAnglePit:0,servCaliAngleHrz:0,servCaliAnglePit:0,offlineCaliAngleHrz:0,offlineCaliAnglePit:0,determine2useFlag:0,IMU_Z_Accel:0,IMU_X_AngularRate:0,IMU_Y_AngularRate:0,IMU_RollAngle:0,IMU_PitchAngle:0,IMU_YawAngle:0,FcwID:0,FCWWarningLevel:0,FCWTTC:0
0,5.04,0,-6.99,0,0,0,0,0,0.613,5,-0.125,0,-6.9,0,0,0,0,0.0572958,0,0,0,0,98,0,0,0,0,0,0,59,0,0.00034,0.00034,0,0,0,0,0,1.4,0,0,0,0,0,0,1,0,0,0,0,0,0,0,0,98,0,,0,0,0,0,
END,Total:1
START,FrameNb:79,CameraNb:0,HeSaiNb:0,ARS410Nb:0
2026/08/02 21:39:30:275---->
heightOffset:0,1785677970275,478531,selfCaliBufCnt:0,selfAccObjCnt:0,selfAccAngle:0,installHAngleOffset:0,Interpolation:0,installVAngleOffset:0,radarOffsetH:0,radarOffsetV:0.32,Polynom:-0.001023;-0.0511;-2.047;0;0;0;-0.001023;-0.0511;-2.047;-25.5;0;0,WheelDirection:0;0;0;0,selfAngleOffset:0,selfAngleOffsetPit:0,currCaliAngleHrz:0,currCaliAnglePit:0,selfCaliAngleHrz:0,selfCaliAnglePit:0,servCaliAngleHrz:0,servCaliAnglePit:0,offlineCaliAngleHrz:0,offlineCaliAnglePit:0,determine2useFlag:0,IMU_Z_Accel:0,IMU_X_AngularRate:0,IMU_Y_AngularRate:0,IMU_RollAngle:0,IMU_PitchAngle:0,IMU_YawAngle:0,FcwID:0,FCWWarningLevel:0,FCWTTC:0
0,5.04,0,-6.99,0,0,0,0,0,0.613,5,-0.125,0,-6.9,0,0,0,0,0.0572958,0,0,0,0,98,0,0,0,0,0,0,58,0,0.00034,0.00034,0,0,0,0,0,1.4,0,0,0,0,0,0,1,0,0,0,0,0,0,0,0,98,0,,0,0,0,0,
END,Total:1
START,FrameNb:80,CameraNb:0,HeSaiNb:0,ARS410Nb:0
2026/08/02 21:39:30:321---->
heightOffset:0,1785677970321,478581,selfCaliBufCnt:0,selfAccObjCnt:0,selfAccAngle:0,installHAngleOffset:0,Interpolation:0,installVAngleOffset:0,radarOffsetH:0,radarOffsetV:0.32,Polynom:-0.001023;-0.0511;-2.047;0;0;0;-0.001023;-0.0511;-2.047;-25.5;0;0,WheelDirection:0;0;0;0,selfAngleOffset:0,selfAngleOffsetPit:0,currCaliAngleHrz:0,currCaliAnglePit:0,selfCaliAngleHrz:0,selfCaliAnglePit:0,servCaliAngleHrz:0,servCaliAnglePit:0,offlineCaliAngleHrz:0,offlineCaliAnglePit:0,determine2useFlag:0,IMU_Z_Accel:0,IMU_X_AngularRate:0,IMU_Y_AngularRate:0,IMU_RollAngle:0,IMU_PitchAngle:0,IMU_YawAngle:0,FcwID:0,FCWWarningLevel:0,FCWTTC:0
0,5.04,0,-6.99,0,0,0,0,0,0.613,5,-0.125,0,-6.9,0,0,0,0,0.0572958,0,0,0,0,98,0,0,0,0,0,0,60,0,0.00034,0.00034,0,0,0,0,0,1.4,0,0,0,0,0,0,1,0,0,0,0,0,0,0,0,98,0,,0,0,0,0,
END,Total:1
START,FrameNb:81,CameraNb:0,HeSaiNb:0,ARS410Nb:0
2026/08/02 21:39:30:371---->
heightOffset:0,1785677970371,478631,selfCaliBufCnt:0,selfAccObjCnt:0,selfAccAngle:0,installHAngleOffset:0,Interpolation:0,installVAngleOffset:0,radarOffsetH:0,radarOffsetV:0.32,Polynom:-0.001023;-0.0511;-2.047;0;0;0;-0.001023;-0.0511;-2.047;-25.5;0;0,WheelDirection:0;0;0;0,selfAngleOffset:0,selfAngleOffsetPit:0,currCaliAngleHrz:0,currCaliAnglePit:0,selfCaliAngleHrz:0,selfCaliAnglePit:0,servCaliAngleHrz:0,servCaliAnglePit:0,offlineCaliAngleHrz:0,offlineCaliAnglePit:0,determine2useFlag:0,IMU_Z_Accel:0,IMU_X_AngularRate:0,IMU_Y_AngularRate:0,IMU_RollAngle:0,IMU_PitchAngle:0,IMU_YawAngle:0,FcwID:0,FCWWarningLevel:0,FCWTTC:0
0,5.04,0,-6.99,0,0,0,0,0,0.613,5,-0.125,0,-6.9,0,0,0,0,0.0572958,0,0,0,0,98,0,0,0,0,0,0,53,0,0.00034,0.00034,0,0,0,0,0,1.6,0,0,0,0,0,0,1,0,0,0,0,0,0,0,0,98,0,,0,0,0,0,
END,Total:1
START,FrameNb:82,CameraNb:0,HeSaiNb:0,ARS410Nb:0
2026/08/02 21:39:30:416---->
heightOffset:0,1785677970416,478681,selfCaliBufCnt:0,selfAccObjCnt:0,selfAccAngle:0,installHAngleOffset:0,Interpolation:0,installVAngleOffset:0,radarOffsetH:0,radarOffsetV:0.32,Polynom:-0.001023;-0.0511;-2.047;0;0;0;-0.001023;-0.0511;-2.047;-25.5;0;0,WheelDirection:0;0;0;0,selfAngleOffset:0,selfAngleOffsetPit:0,currCaliAngleHrz:0,currCaliAnglePit:0,selfCaliAngleHrz:0,selfCaliAnglePit:0,servCaliAngleHrz:0,servCaliAnglePit:0,offlineCaliAngleHrz:0,offlineCaliAnglePit:0,determine2useFlag:0,IMU_Z_Accel:0,IMU_X_AngularRate:0,IMU_Y_AngularRate:0,IMU_RollAngle:0,IMU_PitchAngle:0,IMU_YawAngle:0,FcwID:0,FCWWarningLevel:0,FCWTTC:0
0,5.04,0,-6.99,0,0,0,0,0,0.613,5,-0.125,0,-6.9,0,0,0,0,0.0572958,0,0,0,0,98,0,0,0,0,0,0,58,0,0.00034,0.00034,0,0,0,0,0,1.6,0,0,0,0,0,0,1,0,0,0,0,0,0,0,0,98,0,,0,0,0,0,
END,Total:1
START,FrameNb:83,CameraNb:0,HeSaiNb:0,ARS410Nb:0
2026/08/02 21:39:30:478---->
heightOffset:0,1785677970478,478731,selfCaliBufCnt:0,selfAccObjCnt:0,selfAccAngle:0,installHAngleOffset:0,Interpolation:0,installVAngleOffset:0,radarOffsetH:0,radarOffsetV:0.32,Polynom:-0.001023;-0.0511;-2.047;0;0;0;-0.001023;-0.0511;-2.047;-25.5;0;0,WheelDirection:0;0;0;0,selfAngleOffset:0,selfAngleOffsetPit:0,currCaliAngleHrz:0,currCaliAnglePit:0,selfCaliAngleHrz:0,selfCaliAnglePit:0,servCaliAngleHrz:0,servCaliAnglePit:0,offlineCaliAngleHrz:0,offlineCaliAnglePit:0,determine2useFlag:0,IMU_Z_Accel:0,IMU_X_AngularRate:0,IMU_Y_AngularRate:0,IMU_RollAngle:0,IMU_PitchAngle:0,IMU_YawAngle:0,FcwID:0,FCWWarningLevel:0,FCWTTC:0
0,5.04,0,-6.99,0,0,0,0,0,0.613,5,-0.125,0,-6.9,0,0,0,0,0.0572958,0,0,0,0,98,0,0,0,0,0,0,58,0,0.00034,0.00034,0,0,0,0,0,1.4,0,0,0,0,0,0,1,0,0,0,0,0,0,0,0,98,0,,0,0,0,0,
END,Total:1
START,FrameNb:84,CameraNb:0,HeSaiNb:0,ARS410Nb:0
2026/08/02 21:39:30:527---->
heightOffset:0,1785677970527,478781,selfCaliBufCnt:0,selfAccObjCnt:0,selfAccAngle:0,installHAngleOffset:0,Interpolation:0,installVAngleOffset:0,radarOffsetH:0,radarOffsetV:0.32,Polynom:-0.001023;-0.0511;-2.047;0;0;0;-0.001023;-0.0511;-2.047;-25.5;0;0,WheelDirection:0;0;0;0,selfAngleOffset:0,selfAngleOffsetPit:0,currCaliAngleHrz:0,currCaliAnglePit:0,selfCaliAngleHrz:0,selfCaliAnglePit:0,servCaliAngleHrz:0,servCaliAnglePit:0,offlineCaliAngleHrz:0,offlineCaliAnglePit:0,determine2useFlag:0,IMU_Z_Accel:0,IMU_X_AngularRate:0,IMU_Y_AngularRate:0,IMU_RollAngle:0,IMU_PitchAngle:0,IMU_YawAngle:0,FcwID:0,FCWWarningLevel:0,FCWTTC:0
0,5.04,0,-6.99,0,0,0,0,0,0.613,5,-0.125,0,-6.9,0,0,0,0,0.0572958,0,0,0,0,98,0,0,0,0,0,0,53,0,0.00034,0.00034,0,0,0,0,0,1.2,0,0,0,0,0,0,1,0,0,0,0,0,0,0,0,98,0,,0,0,0,0,
END,Total:1
START,FrameNb:85,CameraNb:0,HeSaiNb:0,ARS410Nb:0
2026/08/02 21:39:30:570---->
heightOffset:0,1785677970570,478832,selfCaliBufCnt:0,selfAccObjCnt:0,selfAccAngle:0,installHAngleOffset:0,Interpolation:0,installVAngleOffset:0,radarOffsetH:0,radarOffsetV:0.32,Polynom:-0.001023;-0.0511;-2.047;0;0;0;-0.001023;-0.0511;-2.047;-25.5;0;0,WheelDirection:0;0;0;0,selfAngleOffset:0,selfAngleOffsetPit:0,currCaliAngleHrz:0,currCaliAnglePit:0,selfCaliAngleHrz:0,selfCaliAnglePit:0,servCaliAngleHrz:0,servCaliAnglePit:0,offlineCaliAngleHrz:0,offlineCaliAnglePit:0,determine2useFlag:0,IMU_Z_Accel:0,IMU_X_AngularRate:0,IMU_Y_AngularRate:0,IMU_RollAngle:0,IMU_PitchAngle:0,IMU_YawAngle:0,FcwID:0,FCWWarningLevel:0,FCWTTC:0
0,5.04,0,-6.99,0,0,0,0,0,0.613,5,-0.125,0,-6.9,0,0,0,0,0.0572958,0,0,0,0,98,0,0,0,0,0,0,57,0,0.00034,0.00034,0,0,0,0,0,1.8,0,0,0,0,0,0,1,0,0,0,0,0,0,0,0,98,0,,0,0,0,0,
END,Total:1
START,FrameNb:86,CameraNb:0,HeSaiNb:0,ARS410Nb:0
2026/08/02 21:39:30:620---->
heightOffset:0,1785677970620,478881,selfCaliBufCnt:0,selfAccObjCnt:0,selfAccAngle:0,installHAngleOffset:0,Interpolation:0,installVAngleOffset:0,radarOffsetH:0,radarOffsetV:0.32,Polynom:-0.001023;-0.0511;-2.047;0;0;0;-0.001023;-0.0511;-2.047;-25.5;0;0,WheelDirection:0;0;0;0,selfAngleOffset:0,selfAngleOffsetPit:0,currCaliAngleHrz:0,currCaliAnglePit:0,selfCaliAngleHrz:0,selfCaliAnglePit:0,servCaliAngleHrz:0,servCaliAnglePit:0,offlineCaliAngleHrz:0,offlineCaliAnglePit:0,determine2useFlag:0,IMU_Z_Accel:0,IMU_X_AngularRate:0,IMU_Y_AngularRate:0,IMU_RollAngle:0,IMU_PitchAngle:0,IMU_YawAngle:0,FcwID:0,FCWWarningLevel:0,FCWTTC:0
0,5.04,0,-6.99,0,0,0,0,0,0.613,5,0,0,-6.9,0,0,0,0,0.0572958,0,0,0,0,98,0,0,0,0,0,0,54,0,0.00034,0.00034,0,0,0,0,0,1.4,0,0,0,0,0,0,1,0,0,0,0,0,0,0,0,98,0,,0,0,0,0,
END,Total:1
START,FrameNb:87,CameraNb:0,HeSaiNb:0,ARS410Nb:0
2026/08/02 21:39:30:665---->
heightOffset:0,1785677970665,478931,selfCaliBufCnt:0,selfAccObjCnt:0,selfAccAngle:0,installHAngleOffset:0,Interpolation:0,installVAngleOffset:0,radarOffsetH:0,radarOffsetV:0.32,Polynom:-0.001023;-0.0511;-2.047;0;0;0;-0.001023;-0.0511;-2.047;-25.5;0;0,WheelDirection:0;0;0;0,selfAngleOffset:0,selfAngleOffsetPit:0,currCaliAngleHrz:0,currCaliAnglePit:0,selfCaliAngleHrz:0,selfCaliAnglePit:0,servCaliAngleHrz:0,servCaliAnglePit:0,offlineCaliAngleHrz:0,offlineCaliAnglePit:0,determine2useFlag:0,IMU_Z_Accel:0,IMU_X_AngularRate:0,IMU_Y_AngularRate:0,IMU_RollAngle:0,IMU_PitchAngle:0,IMU_YawAngle:0,FcwID:0,FCWWarningLevel:0,FCWTTC:0
0,5.04,0,-6.99,0,0,0,0,0,0.613,5,0,0,-6.9,0,0,0,0,0.0572958,0,0,0,0,98,0,0,0,0,0,0,60,0,0.00034,0.00034,0,0,0,0,0,1.4,0,0,0,0,0,0,1,0,0,0,0,0,0,0,0,98,0,,0,0,0,0,
END,Total:1
START,FrameNb:88,CameraNb:0,HeSaiNb:0,ARS410Nb:0
2026/08/02 21:39:30:714---->
heightOffset:0,1785677970714,478981,selfCaliBufCnt:0,selfAccObjCnt:0,selfAccAngle:0,installHAngleOffset:0,Interpolation:0,installVAngleOffset:0,radarOffsetH:0,radarOffsetV:0.32,Polynom:-0.001023;-0.0511;-2.047;0;0;0;-0.001023;-0.0511;-2.047;-25.5;0;0,WheelDirection:0;0;0;0,selfAngleOffset:0,selfAngleOffsetPit:0,currCaliAngleHrz:0,currCaliAnglePit:0,selfCaliAngleHrz:0,selfCaliAnglePit:0,servCaliAngleHrz:0,servCaliAnglePit:0,offlineCaliAngleHrz:0,offlineCaliAnglePit:0,determine2useFlag:0,IMU_Z_Accel:0,IMU_X_AngularRate:0,IMU_Y_AngularRate:0,IMU_RollAngle:0,IMU_PitchAngle:0,IMU_YawAngle:0,FcwID:0,FCWWarningLevel:0,FCWTTC:0
0,5.04,0,-6.99,0,0,0,0,0,0.613,5,-0.125,0,-6.7,0,0,0,0,0.0572958,0,0,0,0,98,0,0,0,0,0,0,58,0,0.00034,0.00034,0,0,0,0,0,1.2,0,0,0,0,0,0,1,0,0,0,0,0,0,0,0,98,0,,0,0,0,0,
END,Total:1
START,FrameNb:89,CameraNb:0,HeSaiNb:0,ARS410Nb:0
2026/08/02 21:39:30:773---->
heightOffset:0,1785677970773,479031,selfCaliBufCnt:0,selfAccObjCnt:0,selfAccAngle:0,installHAngleOffset:0,Interpolation:0,installVAngleOffset:0,radarOffsetH:0,radarOffsetV:0.32,Polynom:-0.001023;-0.0511;-2.047;0;0;0;-0.001023;-0.0511;-2.047;-25.5;0;0,WheelDirection:0;0;0;0,selfAngleOffset:0,selfAngleOffsetPit:0,currCaliAngleHrz:0,currCaliAnglePit:0,selfCaliAngleHrz:0,selfCaliAnglePit:0,servCaliAngleHrz:0,servCaliAnglePit:0,offlineCaliAngleHrz:0,offlineCaliAnglePit:0,determine2useFlag:0,IMU_Z_Accel:0,IMU_X_AngularRate:0,IMU_Y_AngularRate:0,IMU_RollAngle:0,IMU_PitchAngle:0,IMU_YawAngle:0,FcwID:0,FCWWarningLevel:0,FCWTTC:0
0,5.04,0,-6.99,0,0,0,0,0,0.613,5,-0.125,0,-6.7,0,0,0,0,0.0572958,0,0,0,0,98,0,0,0,0,0,0,58,0,0.00034,0.00034,0,0,0,0,0,1.4,0,0,0,0,0,0,1,0,0,0,0,0,0,0,0,98,0,,0,0,0,0,
END,Total:1
START,FrameNb:90,CameraNb:0,HeSaiNb:0,ARS410Nb:0
2026/08/02 21:39:30:819---->
heightOffset:0,1785677970819,479081,selfCaliBufCnt:0,selfAccObjCnt:0,selfAccAngle:0,installHAngleOffset:0,Interpolation:0,installVAngleOffset:0,radarOffsetH:0,radarOffsetV:0.32,Polynom:-0.001023;-0.0511;-2.047;0;0;0;-0.001023;-0.0511;-2.047;-25.5;0;0,WheelDirection:0;0;0;0,selfAngleOffset:0,selfAngleOffsetPit:0,currCaliAngleHrz:0,currCaliAnglePit:0,selfCaliAngleHrz:0,selfCaliAnglePit:0,servCaliAngleHrz:0,servCaliAnglePit:0,offlineCaliAngleHrz:0,offlineCaliAnglePit:0,determine2useFlag:0,IMU_Z_Accel:0,IMU_X_AngularRate:0,IMU_Y_AngularRate:0,IMU_RollAngle:0,IMU_PitchAngle:0,IMU_YawAngle:0,FcwID:0,FCWWarningLevel:0,FCWTTC:0
0,5.04,0,-6.99,0,0,0,0,0,0.613,5,-0.125,0,-6.7,0,0,0,0,0.0572958,0,0,0,0,98,0,0,0,0,0,0,53,0,0.00034,0.00034,0,0,0,0,0,2,0,0,0,0,0,0,1,0,0,0,0,0,0,0,0,98,0,,0,0,0,0,
END,Total:1
START,FrameNb:91,CameraNb:0,HeSaiNb:0,ARS410Nb:0
2026/08/02 21:39:30:871---->
heightOffset:0,1785677970871,479131,selfCaliBufCnt:0,selfAccObjCnt:0,selfAccAngle:0,installHAngleOffset:0,Interpolation:0,installVAngleOffset:0,radarOffsetH:0,radarOffsetV:0.32,Polynom:-0.001023;-0.0511;-2.047;0;0;0;-0.001023;-0.0511;-2.047;-25.5;0;0,WheelDirection:0;0;0;0,selfAngleOffset:0,selfAngleOffsetPit:0,currCaliAngleHrz:0,currCaliAnglePit:0,selfCaliAngleHrz:0,selfCaliAnglePit:0,servCaliAngleHrz:0,servCaliAnglePit:0,offlineCaliAngleHrz:0,offlineCaliAnglePit:0,determine2useFlag:0,IMU_Z_Accel:0,IMU_X_AngularRate:0,IMU_Y_AngularRate:0,IMU_RollAngle:0,IMU_PitchAngle:0,IMU_YawAngle:0,FcwID:0,FCWWarningLevel:0,FCWTTC:0
0,5.04,0,-6.99,0,0,0,0,0,0.613,5,-0.125,0,-6.7,0,0,0,0,0.0572958,0,0,0,0,98,0,0,0,0,0,0,58,0,0.00034,0.00034,0,0,0,0,0,2,0,0,0,0,0,0,1,0,0,0,0,0,0,0,0,98,0,,0,0,0,0,
END,Total:1
START,FrameNb:92,CameraNb:0,HeSaiNb:0,ARS410Nb:0
2026/08/02 21:39:30:928---->
heightOffset:0,1785677970928,479182,selfCaliBufCnt:0,selfAccObjCnt:0,selfAccAngle:0,installHAngleOffset:0,Interpolation:0,installVAngleOffset:0,radarOffsetH:0,radarOffsetV:0.32,Polynom:-0.001023;-0.0511;-2.047;0;0;0;-0.001023;-0.0511;-2.047;-25.5;0;0,WheelDirection:0;0;0;0,selfAngleOffset:0,selfAngleOffsetPit:0,currCaliAngleHrz:0,currCaliAnglePit:0,selfCaliAngleHrz:0,selfCaliAnglePit:0,servCaliAngleHrz:0,servCaliAnglePit:0,offlineCaliAngleHrz:0,offlineCaliAnglePit:0,determine2useFlag:0,IMU_Z_Accel:0,IMU_X_AngularRate:0,IMU_Y_AngularRate:0,IMU_RollAngle:0,IMU_PitchAngle:0,IMU_YawAngle:0,FcwID:0,FCWWarningLevel:0,FCWTTC:0
0,5.04,0,-6.99,0,0,0,0,0,0.613,5,-0.125,0,-6.7,0,0,0,0,0.0572958,0,0,0,0,98,0,0,0,0,0,0,58,0,0.00034,0.00034,0,0,0,0,0,2.4,0,0,0,0,0,0,1,0,0,0,0,0,0,0,0,98,0,,0,0,0,0,
END,Total:1
START,FrameNb:93,CameraNb:0,HeSaiNb:0,ARS410Nb:0
2026/08/02 21:39:30:976---->
heightOffset:0,1785677970976,479231,selfCaliBufCnt:0,selfAccObjCnt:0,selfAccAngle:0,installHAngleOffset:0,Interpolation:0,installVAngleOffset:0,radarOffsetH:0,radarOffsetV:0.32,Polynom:-0.001023;-0.0511;-2.047;0;0;0;-0.001023;-0.0511;-2.047;-25.5;0;0,WheelDirection:0;0;0;0,selfAngleOffset:0,selfAngleOffsetPit:0,currCaliAngleHrz:0,currCaliAnglePit:0,selfCaliAngleHrz:0,selfCaliAnglePit:0,servCaliAngleHrz:0,servCaliAnglePit:0,offlineCaliAngleHrz:0,offlineCaliAnglePit:0,determine2useFlag:0,IMU_Z_Accel:0,IMU_X_AngularRate:0,IMU_Y_AngularRate:0,IMU_RollAngle:0,IMU_PitchAngle:0,IMU_YawAngle:0,FcwID:0,FCWWarningLevel:0,FCWTTC:0
0,5.04,0,-6.99,0,0,0,0,0,0.613,5,-0.125,0,-6.7,0,0,0,0,0.0572958,0,0,0,0,98,0,0,0,0,0,0,54,0,0.00034,0.00034,0,0,0,0,0,2.8,0,0,0,0,0,0,1,0,0,0,0,0,0,0,0,98,0,,0,0,0,0,
END,Total:1
START,FrameNb:94,CameraNb:0,HeSaiNb:0,ARS410Nb:0
2026/08/02 21:39:31:029---->
heightOffset:0,1785677971029,479281,selfCaliBufCnt:0,selfAccObjCnt:0,selfAccAngle:0,installHAngleOffset:0,Interpolation:0,installVAngleOffset:0,radarOffsetH:0,radarOffsetV:0.32,Polynom:-0.001023;-0.0511;-2.047;0;0;0;-0.001023;-0.0511;-2.047;-25.5;0;0,WheelDirection:0;0;0;0,selfAngleOffset:0,selfAngleOffsetPit:0,currCaliAngleHrz:0,currCaliAnglePit:0,selfCaliAngleHrz:0,selfCaliAnglePit:0,servCaliAngleHrz:0,servCaliAnglePit:0,offlineCaliAngleHrz:0,offlineCaliAnglePit:0,determine2useFlag:0,IMU_Z_Accel:0,IMU_X_AngularRate:0,IMU_Y_AngularRate:0,IMU_RollAngle:0,IMU_PitchAngle:0,IMU_YawAngle:0,FcwID:0,FCWWarningLevel:0,FCWTTC:0
0,5.04,0,-6.99,0,0,0,0,0,0.613,5,-0.125,0,-6.9,0,0,0,0,0.0572958,0,0,0,0,98,0,0,0,0,0,0,58,0,0.00034,0.00034,0,0,0,0,0,3,0,0,0,0,0,0,1,0,0,0,0,0,0,0,0,98,0,,0,0,0,0,
END,Total:1
START,FrameNb:95,CameraNb:0,HeSaiNb:0,ARS410Nb:0
2026/08/02 21:39:31:069---->
heightOffset:0,1785677971069,479331,selfCaliBufCnt:0,selfAccObjCnt:0,selfAccAngle:0,installHAngleOffset:0,Interpolation:0,installVAngleOffset:0,radarOffsetH:0,radarOffsetV:0.32,Polynom:-0.001023;-0.0511;-2.047;0;0;0;-0.001023;-0.0511;-2.047;-25.5;0;0,WheelDirection:0;0;0;0,selfAngleOffset:0,selfAngleOffsetPit:0,currCaliAngleHrz:0,currCaliAnglePit:0,selfCaliAngleHrz:0,selfCaliAnglePit:0,servCaliAngleHrz:0,servCaliAnglePit:0,offlineCaliAngleHrz:0,offlineCaliAnglePit:0,determine2useFlag:0,IMU_Z_Accel:0,IMU_X_AngularRate:0,IMU_Y_AngularRate:0,IMU_RollAngle:0,IMU_PitchAngle:0,IMU_YawAngle:0,FcwID:0,FCWWarningLevel:0,FCWTTC:0
0,5.04,0,-6.99,0,0,0,0,0,0.613,5,-0.125,0,-6.9,0,0,0,0,0.0572958,0,0,0,0,98,0,0,0,0,0,0,53,0,0.00034,0.00034,0,0,0,0,0,3.2,0,0,0,0,0,0,1,0,0,0,0,0,0,0,0,98,0,,0,0,0,0,
END,Total:1
START,FrameNb:96,CameraNb:0,HeSaiNb:0,ARS410Nb:0
2026/08/02 21:39:31:120---->
heightOffset:0,1785677971120,479381,selfCaliBufCnt:0,selfAccObjCnt:0,selfAccAngle:0,installHAngleOffset:0,Interpolation:0,installVAngleOffset:0,radarOffsetH:0,radarOffsetV:0.32,Polynom:-0.001023;-0.0511;-2.047;0;0;0;-0.001023;-0.0511;-2.047;-25.5;0;0,WheelDirection:0;0;0;0,selfAngleOffset:0,selfAngleOffsetPit:0,currCaliAngleHrz:0,currCaliAnglePit:0,selfCaliAngleHrz:0,selfCaliAnglePit:0,servCaliAngleHrz:0,servCaliAnglePit:0,offlineCaliAngleHrz:0,offlineCaliAnglePit:0,determine2useFlag:0,IMU_Z_Accel:0,IMU_X_AngularRate:0,IMU_Y_AngularRate:0,IMU_RollAngle:0,IMU_PitchAngle:0,IMU_YawAngle:0,FcwID:0,FCWWarningLevel:0,FCWTTC:0
0,5.04,0,-6.99,0,0,0,0,0,0.613,5,-0.125,0,-6.9,0,0,0,0,0.0572958,0,0,0,0,98,0,0,0,0,0,0,62,0,0.00034,0.00034,0,0,0,0,0,2.8,0,0,0,0,0,0,1,0,0,0,0,0,0,0,0,98,0,,0,0,0,0,
END,Total:1
START,FrameNb:97,CameraNb:0,HeSaiNb:0,ARS410Nb:0
2026/08/02 21:39:31:165---->
heightOffset:0,1785677971165,479431,selfCaliBufCnt:0,selfAccObjCnt:0,selfAccAngle:0,installHAngleOffset:0,Interpolation:0,installVAngleOffset:0,radarOffsetH:0,radarOffsetV:0.32,Polynom:-0.001023;-0.0511;-2.047;0;0;0;-0.001023;-0.0511;-2.047;-25.5;0;0,WheelDirection:0;0;0;0,selfAngleOffset:0,selfAngleOffsetPit:0,currCaliAngleHrz:0,currCaliAnglePit:0,selfCaliAngleHrz:0,selfCaliAnglePit:0,servCaliAngleHrz:0,servCaliAnglePit:0,offlineCaliAngleHrz:0,offlineCaliAnglePit:0,determine2useFlag:0,IMU_Z_Accel:0,IMU_X_AngularRate:0,IMU_Y_AngularRate:0,IMU_RollAngle:0,IMU_PitchAngle:0,IMU_YawAngle:0,FcwID:0,FCWWarningLevel:0,FCWTTC:0
0,5.04,0,-6.99,0,0,0,0,0,0.613,5,-0.125,0,-6.7,0,0,0,0,0.0572958,0,0,0,0,98,0,0,0,0,0,0,59,0,0.00034,0.00034,0,0,0,0,0,3,0,0,0,0,0,0,1,0,0,0,0,0,0,0,0,98,0,,0,0,0,0,
END,Total:1
START,FrameNb:98,CameraNb:0,HeSaiNb:0,ARS410Nb:0
2026/08/02 21:39:31:224---->
heightOffset:0,1785677971224,479481,selfCaliBufCnt:0,selfAccObjCnt:0,selfAccAngle:0,installHAngleOffset:0,Interpolation:0,installVAngleOffset:0,radarOffsetH:0,radarOffsetV:0.32,Polynom:-0.001023;-0.0511;-2.047;0;0;0;-0.001023;-0.0511;-2.047;-25.5;0;0,WheelDirection:0;0;0;0,selfAngleOffset:0,selfAngleOffsetPit:0,currCaliAngleHrz:0,currCaliAnglePit:0,selfCaliAngleHrz:0,selfCaliAnglePit:0,servCaliAngleHrz:0,servCaliAnglePit:0,offlineCaliAngleHrz:0,offlineCaliAnglePit:0,determine2useFlag:0,IMU_Z_Accel:0,IMU_X_AngularRate:0,IMU_Y_AngularRate:0,IMU_RollAngle:0,IMU_PitchAngle:0,IMU_YawAngle:0,FcwID:0,FCWWarningLevel:0,FCWTTC:0
0,5.04,0,-6.99,0,0,0,0,0,0.613,5,-0.125,0,-6.7,0,0,0,0,0.0572958,0,0,0,0,98,0,0,0,0,0,0,57,0,0.00034,0.00034,0,0,0,0,0,3,0,0,0,0,0,0,1,0,0,0,0,0,0,0,0,98,0,,0,0,0,0,
END,Total:1
START,FrameNb:99,CameraNb:0,HeSaiNb:0,ARS410Nb:0
2026/08/02 21:39:31:275---->
heightOffset:0,1785677971275,479531,selfCaliBufCnt:0,selfAccObjCnt:0,selfAccAngle:0,installHAngleOffset:0,Interpolation:0,installVAngleOffset:0,radarOffsetH:0,radarOffsetV:0.32,Polynom:-0.001023;-0.0511;-2.047;0;0;0;-0.001023;-0.0511;-2.047;-25.5;0;0,WheelDirection:0;0;0;0,selfAngleOffset:0,selfAngleOffsetPit:0,currCaliAngleHrz:0,currCaliAnglePit:0,selfCaliAngleHrz:0,selfCaliAnglePit:0,servCaliAngleHrz:0,servCaliAnglePit:0,offlineCaliAngleHrz:0,offlineCaliAnglePit:0,determine2useFlag:0,IMU_Z_Accel:0,IMU_X_AngularRate:0,IMU_Y_AngularRate:0,IMU_RollAngle:0,IMU_PitchAngle:0,IMU_YawAngle:0,FcwID:0,FCWWarningLevel:0,FCWTTC:0
0,5.04,0,-6.99,0,0,0,0,0,0.613,5,-0.125,0,-6.7,0,0,0,0,0.0572958,0,0,0,0,98,0,0,0,0,0,0,54,0,0.00034,0.00034,0,0,0,0,0,3,0,0,0,0,0,0,1,0,0,0,0,0,0,0,0,98,0,,0,0,0,0,
END,Total:1
START,FrameNb:100,CameraNb:0,HeSaiNb:0,ARS410Nb:0
2026/08/02 21:39:31:320---->
heightOffset:0,1785677971320,479582,selfCaliBufCnt:0,selfAccObjCnt:0,selfAccAngle:0,installHAngleOffset:0,Interpolation:0,installVAngleOffset:0,radarOffsetH:0,radarOffsetV:0.32,Polynom:-0.001023;-0.0511;-2.047;0;0;0;-0.001023;-0.0511;-2.047;-25.5;0;0,WheelDirection:0;0;0;0,selfAngleOffset:0,selfAngleOffsetPit:0,currCaliAngleHrz:0,currCaliAnglePit:0,selfCaliAngleHrz:0,selfCaliAnglePit:0,servCaliAngleHrz:0,servCaliAnglePit:0,offlineCaliAngleHrz:0,offlineCaliAnglePit:0,determine2useFlag:0,IMU_Z_Accel:0,IMU_X_AngularRate:0,IMU_Y_AngularRate:0,IMU_RollAngle:0,IMU_PitchAngle:0,IMU_YawAngle:0,FcwID:0,FCWWarningLevel:0,FCWTTC:0
0,5.04,0,-6.99,0,0,0,0,0,0.613,5,-0.125,0,-6.7,0,0,0,0,0.0572958,0,0,0,0,98,0,0,0,0,0,0,54,0,0.00034,0.00034,0,0,0,0,0,3.2,0,0,0,0,0,0,1,0,0,0,0,0,0,0,0,98,0,,0,0,0,0,
END,Total:1
START,FrameNb:101,CameraNb:0,HeSaiNb:0,ARS410Nb:0
2026/08/02 21:39:31:372---->
heightOffset:0,1785677971372,479631,selfCaliBufCnt:0,selfAccObjCnt:0,selfAccAngle:0,installHAngleOffset:0,Interpolation:0,installVAngleOffset:0,radarOffsetH:0,radarOffsetV:0.32,Polynom:-0.001023;-0.0511;-2.047;0;0;0;-0.001023;-0.0511;-2.047;-25.5;0;0,WheelDirection:0;0;0;0,selfAngleOffset:0,selfAngleOffsetPit:0,currCaliAngleHrz:0,currCaliAnglePit:0,selfCaliAngleHrz:0,selfCaliAnglePit:0,servCaliAngleHrz:0,servCaliAnglePit:0,offlineCaliAngleHrz:0,offlineCaliAnglePit:0,determine2useFlag:0,IMU_Z_Accel:0,IMU_X_AngularRate:0,IMU_Y_AngularRate:0,IMU_RollAngle:0,IMU_PitchAngle:0,IMU_YawAngle:0,FcwID:0,FCWWarningLevel:0,FCWTTC:0
0,5.04,0,-6.99,0,0,0,0,0,0.613,5,-0.125,0,-6.7,0,0,0,0,0.0572958,0,0,0,0,98,0,0,0,0,0,0,57,0,0.00034,0.00034,0,0,0,0,0,3.2,0,0,0,0,0,0,1,0,0,0,0,0,0,0,0,98,0,,0,0,0,0,
END,Total:1
START,FrameNb:102,CameraNb:0,HeSaiNb:0,ARS410Nb:0
2026/08/02 21:39:31:428---->
heightOffset:0,1785677971428,479681,selfCaliBufCnt:0,selfAccObjCnt:0,selfAccAngle:0,installHAngleOffset:0,Interpolation:0,installVAngleOffset:0,radarOffsetH:0,radarOffsetV:0.32,Polynom:-0.001023;-0.0511;-2.047;0;0;0;-0.001023;-0.0511;-2.047;-25.5;0;0,WheelDirection:0;0;0;0,selfAngleOffset:0,selfAngleOffsetPit:0,currCaliAngleHrz:0,currCaliAnglePit:0,selfCaliAngleHrz:0,selfCaliAnglePit:0,servCaliAngleHrz:0,servCaliAnglePit:0,offlineCaliAngleHrz:0,offlineCaliAnglePit:0,determine2useFlag:0,IMU_Z_Accel:0,IMU_X_AngularRate:0,IMU_Y_AngularRate:0,IMU_RollAngle:0,IMU_PitchAngle:0,IMU_YawAngle:0,FcwID:0,FCWWarningLevel:0,FCWTTC:0
0,5.04,0,-6.99,0,0,0,0,0,0.613,5,-0.125,0,-6.9,0,0,0,0,0.0572958,0,0,0,0,98,0,0,0,0,0,0,54,0,0.00034,0.00034,0,0,0,0,0,3.4,0,0,0,0,0,0,1,0,0,0,0,0,0,0,0,98,0,,0,0,0,0,
END,Total:1
START,FrameNb:103,CameraNb:0,HeSaiNb:0,ARS410Nb:0
2026/08/02 21:39:31:475---->
heightOffset:0,1785677971475,479731,selfCaliBufCnt:0,selfAccObjCnt:0,selfAccAngle:0,installHAngleOffset:0,Interpolation:0,installVAngleOffset:0,radarOffsetH:0,radarOffsetV:0.32,Polynom:-0.001023;-0.0511;-2.047;0;0;0;-0.001023;-0.0511;-2.047;-25.5;0;0,WheelDirection:0;0;0;0,selfAngleOffset:0,selfAngleOffsetPit:0,currCaliAngleHrz:0,currCaliAnglePit:0,selfCaliAngleHrz:0,selfCaliAnglePit:0,servCaliAngleHrz:0,servCaliAnglePit:0,offlineCaliAngleHrz:0,offlineCaliAnglePit:0,determine2useFlag:0,IMU_Z_Accel:0,IMU_X_AngularRate:0,IMU_Y_AngularRate:0,IMU_RollAngle:0,IMU_PitchAngle:0,IMU_YawAngle:0,FcwID:0,FCWWarningLevel:0,FCWTTC:0
0,5.04,0,-6.99,0,0,0,0,0,0.613,5,-0.125,0,-6.9,0,0,0,0,0.0572958,0,0,0,0,98,0,0,0,0,0,0,57,0,0.00034,0.00034,0,0,0,0,0,3.4,0,0,0,0,0,0,1,0,0,0,0,0,0,0,0,98,0,,0,0,0,0,
16,9.95,0,-9.62,0,0,0,0,0,1.663,9.8125,-0.125,0,-21.3,0,0,0,0,0.0572958,0,0,0,0,65,0,0,0,0,0,0,57,0,0.00034,0.00034,0,0,0,0,0,0.2,0,0,0,0,0,0,1,0,0,0,0,0,0,0,0,67,0,,0,0,0,0,
END,Total:2
START,FrameNb:104,CameraNb:0,HeSaiNb:0,ARS410Nb:0
2026/08/02 21:39:31:527---->
heightOffset:0,1785677971527,479781,selfCaliBufCnt:0,selfAccObjCnt:0,selfAccAngle:0,installHAngleOffset:0,Interpolation:0,installVAngleOffset:0,radarOffsetH:0,radarOffsetV:0.32,Polynom:-0.001023;-0.0511;-2.047;0;0;0;-0.001023;-0.0511;-2.047;-25.5;0;0,WheelDirection:0;0;0;0,selfAngleOffset:0,selfAngleOffsetPit:0,currCaliAngleHrz:0,currCaliAnglePit:0,selfCaliAngleHrz:0,selfCaliAnglePit:0,servCaliAngleHrz:0,servCaliAnglePit:0,offlineCaliAngleHrz:0,offlineCaliAnglePit:0,determine2useFlag:0,IMU_Z_Accel:0,IMU_X_AngularRate:0,IMU_Y_AngularRate:0,IMU_RollAngle:0,IMU_PitchAngle:0,IMU_YawAngle:0,FcwID:0,FCWWarningLevel:0,FCWTTC:0
0,5.04,0,-6.99,0,0,0,0,0,0.613,5,-0.125,0,-6.7,0,0,0,0,0.0572958,0,0,0,0,98,0,0,0,0,0,0,57,0,0.00034,0.00034,0,0,0,0,0,3.4,0,0,0,0,0,0,1,0,0,0,0,0,0,0,0,98,0,,0,0,0,0,
16,9.95,0,-9.62,0,0,0,0,0,1.663,9.8125,-0.125,0,-21.1,0,0,0,0,0.0572958,0,0,0,0,65,0,0,0,0,0,0,57,0,0.00034,0.00034,0,0,0,0,0,0.4,0,0,0,0,0,0,1,0,0,0,0,0,0,0,0,74,0,,0,0,0,0,
END,Total:2
START,FrameNb:105,CameraNb:0,HeSaiNb:0,ARS410Nb:0
2026/08/02 21:39:31:569---->
heightOffset:0,1785677971569,479831,selfCaliBufCnt:0,selfAccObjCnt:0,selfAccAngle:0,installHAngleOffset:0,Interpolation:0,installVAngleOffset:0,radarOffsetH:0,radarOffsetV:0.32,Polynom:-0.001023;-0.0511;-2.047;0;0;0;-0.001023;-0.0511;-2.047;-25.5;0;0,WheelDirection:0;0;0;0,selfAngleOffset:0,selfAngleOffsetPit:0,currCaliAngleHrz:0,currCaliAnglePit:0,selfCaliAngleHrz:0,selfCaliAnglePit:0,servCaliAngleHrz:0,servCaliAnglePit:0,offlineCaliAngleHrz:0,offlineCaliAnglePit:0,determine2useFlag:0,IMU_Z_Accel:0,IMU_X_AngularRate:0,IMU_Y_AngularRate:0,IMU_RollAngle:0,IMU_PitchAngle:0,IMU_YawAngle:0,FcwID:0,FCWWarningLevel:0,FCWTTC:0
0,5.04,0,-6.99,0,0,0,0,0,0.613,5,-0.125,0,-6.7,0,0,0,0,0.0572958,0,0,0,0,98,0,0,0,0,0,0,62,0,0.00034,0.00034,0,0,0,0,0,3.4,0,0,0,0,0,0,1,0,0,0,0,0,0,0,0,98,0,,0,0,0,0,
16,9.95,0,-9.62,0,0,0,0,0,1.663,9.8125,-0.125,0,-20.9,0,0,0,0,0.0572958,0,0,0,0,65,0,0,0,0,0,0,62,0,0.00034,0.00034,0,0,0,0,0,0.4,0,0,0,0,0,0,1,0,0,0,0,0,0,0,0,79,0,,0,0,0,0,
END,Total:2
START,FrameNb:106,CameraNb:0,HeSaiNb:0,ARS410Nb:0
2026/08/02 21:39:31:618---->
heightOffset:0,1785677971618,479881,selfCaliBufCnt:0,selfAccObjCnt:0,selfAccAngle:0,installHAngleOffset:0,Interpolation:0,installVAngleOffset:0,radarOffsetH:0,radarOffsetV:0.32,Polynom:-0.001023;-0.0511;-2.047;0;0;0;-0.001023;-0.0511;-2.047;-25.5;0;0,WheelDirection:0;0;0;0,selfAngleOffset:0,selfAngleOffsetPit:0,currCaliAngleHrz:0,currCaliAnglePit:0,selfCaliAngleHrz:0,selfCaliAnglePit:0,servCaliAngleHrz:0,servCaliAnglePit:0,offlineCaliAngleHrz:0,offlineCaliAnglePit:0,determine2useFlag:0,IMU_Z_Accel:0,IMU_X_AngularRate:0,IMU_Y_AngularRate:0,IMU_RollAngle:0,IMU_PitchAngle:0,IMU_YawAngle:0,FcwID:0,FCWWarningLevel:0,FCWTTC:0
0,5.04,0,-6.99,0,0,0,0,0,0.613,5,-0.125,0,-6.9,0,0,0,0,0.0572958,0,0,0,0,98,0,0,0,0,0,0,54,0,0.00034,0.00034,0,0,0,0,0,3.4,0,0,0,0,0,0,1,0,0,0,0,0,0,0,0,98,0,,0,0,0,0,
16,9.95,0,-9.62,0,0,0,0,0,1.663,9.8125,-0.125,0,-20.7,0,0,0,0,0.0572958,0,0,0,0,65,0,0,0,0,0,0,54,0,0.00034,0.00034,0,0,0,0,0,0.6,0,0,0,0,0,0,1,0,0,0,0,0,0,0,0,83,0,,0,0,0,0,
END,Total:2
START,FrameNb:107,CameraNb:0,HeSaiNb:0,ARS410Nb:0
2026/08/02 21:39:31:674---->
heightOffset:0,1785677971674,479931,selfCaliBufCnt:0,selfAccObjCnt:0,selfAccAngle:0,installHAngleOffset:0,Interpolation:0,installVAngleOffset:0,radarOffsetH:0,radarOffsetV:0.32,Polynom:-0.001023;-0.0511;-2.047;0;0;0;-0.001023;-0.0511;-2.047;-25.5;0;0,WheelDirection:0;0;0;0,selfAngleOffset:0,selfAngleOffsetPit:0,currCaliAngleHrz:0,currCaliAnglePit:0,selfCaliAngleHrz:0,selfCaliAnglePit:0,servCaliAngleHrz:0,servCaliAnglePit:0,offlineCaliAngleHrz:0,offlineCaliAnglePit:0,determine2useFlag:0,IMU_Z_Accel:0,IMU_X_AngularRate:0,IMU_Y_AngularRate:0,IMU_RollAngle:0,IMU_PitchAngle:0,IMU_YawAngle:0,FcwID:0,FCWWarningLevel:0,FCWTTC:0
0,5.04,0,-6.99,0,0,0,0,0,0.613,5,-0.125,0,-6.9,0,0,0,0,0.0572958,0,0,0,0,98,0,0,0,0,0,0,58,0,0.00034,0.00034,0,0,0,0,0,3.4,0,0,0,0,0,0,1,0,0,0,0,0,0,0,0,98,0,,0,0,0,0,
16,9.95,0,-9.62,0,0,0,0,0,1.663,9.8125,-0.125,0,-20.5,0,0,0,0,0.0572958,0,0,0,0,65,0,0,0,0,0,0,58,0,0.00034,0.00034,0,0,0,0,0,0.6,0,0,0,0,0,0,1,0,0,0,0,0,0,0,0,87,0,,0,0,0,0,
END,Total:2
START,FrameNb:108,CameraNb:0,HeSaiNb:0,ARS410Nb:0
2026/08/02 21:39:31:723---->
heightOffset:0,1785677971723,479981,selfCaliBufCnt:0,selfAccObjCnt:0,selfAccAngle:0,installHAngleOffset:0,Interpolation:0,installVAngleOffset:0,radarOffsetH:0,radarOffsetV:0.32,Polynom:-0.001023;-0.0511;-2.047;0;0;0;-0.001023;-0.0511;-2.047;-25.5;0;0,WheelDirection:0;0;0;0,selfAngleOffset:0,selfAngleOffsetPit:0,currCaliAngleHrz:0,currCaliAnglePit:0,selfCaliAngleHrz:0,selfCaliAnglePit:0,servCaliAngleHrz:0,servCaliAnglePit:0,offlineCaliAngleHrz:0,offlineCaliAnglePit:0,determine2useFlag:0,IMU_Z_Accel:0,IMU_X_AngularRate:0,IMU_Y_AngularRate:0,IMU_RollAngle:0,IMU_PitchAngle:0,IMU_YawAngle:0,FcwID:0,FCWWarningLevel:0,FCWTTC:0
0,5.04,0,-6.99,0,0,0,0,0,0.613,5,-0.125,0,-6.9,0,0,0,0,0.0572958,0,0,0,0,98,0,0,0,0,0,0,54,0,0.00034,0.00034,0,0,0,0,0,3.4,0,0,0,0,0,0,1,0,0,0,0,0,0,0,0,98,0,,0,0,0,0,
16,9.95,0,-9.62,0,0,0,0,0,1.663,9.8125,-0.125,0,-20.5,0,0,0,0,0.0572958,0,0,0,0,65,0,0,0,0,0,0,54,0,0.00034,0.00034,0,0,0,0,0,0.6,0,0,0,0,0,0,1,0,0,0,0,0,0,0,0,87,0,,0,0,0,0,
END,Total:2
START,FrameNb:109,CameraNb:0,HeSaiNb:0,ARS410Nb:0
2026/08/02 21:39:31:772---->
heightOffset:0,1785677971772,480031,selfCaliBufCnt:0,selfAccObjCnt:0,selfAccAngle:0,installHAngleOffset:0,Interpolation:0,installVAngleOffset:0,radarOffsetH:0,radarOffsetV:0.32,Polynom:-0.001023;-0.0511;-2.047;0;0;0;-0.001023;-0.0511;-2.047;-25.5;0;0,WheelDirection:0;0;0;0,selfAngleOffset:0,selfAngleOffsetPit:0,currCaliAngleHrz:0,currCaliAnglePit:0,selfCaliAngleHrz:0,selfCaliAnglePit:0,servCaliAngleHrz:0,servCaliAnglePit:0,offlineCaliAngleHrz:0,offlineCaliAnglePit:0,determine2useFlag:0,IMU_Z_Accel:0,IMU_X_AngularRate:0,IMU_Y_AngularRate:0,IMU_RollAngle:0,IMU_PitchAngle:0,IMU_YawAngle:0,FcwID:0,FCWWarningLevel:0,FCWTTC:0
0,5.04,0,-6.99,0,0,0,0,0,0.613,5,-0.125,0,-6.9,0,0,0,0,0.0572958,0,0,0,0,98,0,0,0,0,0,0,54,0,0.00034,0.00034,0,0,0,0,0,3.4,0,0,0,0,0,0,1,0,0,0,0,0,0,0,0,98,0,,0,0,0,0,
16,9.95,0,-9.62,0,0,0,0,0,1.663,9.8125,-0.125,0,-20.3,0,0,0,0,0.0572958,0,0,0,0,65,0,0,0,0,0,0,54,0,0.00034,0.00034,0,0,0,0,0,0.8,0,0,0,0,0,0,1,0,0,0,0,0,0,0,0,89,0,,0,0,0,0,
END,Total:2
START,FrameNb:110,CameraNb:0,HeSaiNb:0,ARS410Nb:0
2026/08/02 21:39:31:818---->
heightOffset:0,1785677971818,480082,selfCaliBufCnt:0,selfAccObjCnt:0,selfAccAngle:0,installHAngleOffset:0,Interpolation:0,installVAngleOffset:0,radarOffsetH:0,radarOffsetV:0.32,Polynom:-0.001023;-0.0511;-2.047;0;0;0;-0.001023;-0.0511;-2.047;-25.5;0;0,WheelDirection:0;0;0;0,selfAngleOffset:0,selfAngleOffsetPit:0,currCaliAngleHrz:0,currCaliAnglePit:0,selfCaliAngleHrz:0,selfCaliAnglePit:0,servCaliAngleHrz:0,servCaliAnglePit:0,offlineCaliAngleHrz:0,offlineCaliAnglePit:0,determine2useFlag:0,IMU_Z_Accel:0,IMU_X_AngularRate:0,IMU_Y_AngularRate:0,IMU_RollAngle:0,IMU_PitchAngle:0,IMU_YawAngle:0,FcwID:0,FCWWarningLevel:0,FCWTTC:0
0,5.04,0,-6.99,0,0,0,0,0,0.613,5,-0.125,0,-6.9,0,0,0,0,0.0572958,0,0,0,0,98,0,0,0,0,0,0,57,0,0.00034,0.00034,0,0,0,0,0,3,0,0,0,0,0,0,1,0,0,0,0,0,0,0,0,98,0,,0,0,0,0,
16,9.95,0,-9.62,0,0,0,0,0,1.663,9.8125,-0.125,0,-20.3,0,0,0,0,0.0572958,0,0,0,0,65,0,0,0,0,0,0,57,0,0.00034,0.00034,0,0,0,0,0,0.8,0,0,0,0,0,0,1,0,0,0,0,0,0,0,0,91,0,,0,0,0,0,
END,Total:2
START,FrameNb:111,CameraNb:0,HeSaiNb:0,ARS410Nb:0
2026/08/02 21:39:31:868---->
heightOffset:0,1785677971868,480131,selfCaliBufCnt:0,selfAccObjCnt:0,selfAccAngle:0,installHAngleOffset:0,Interpolation:0,installVAngleOffset:0,radarOffsetH:0,radarOffsetV:0.32,Polynom:-0.001023;-0.0511;-2.047;0;0;0;-0.001023;-0.0511;-2.047;-25.5;0;0,WheelDirection:0;0;0;0,selfAngleOffset:0,selfAngleOffsetPit:0,currCaliAngleHrz:0,currCaliAnglePit:0,selfCaliAngleHrz:0,selfCaliAnglePit:0,servCaliAngleHrz:0,servCaliAnglePit:0,offlineCaliAngleHrz:0,offlineCaliAnglePit:0,determine2useFlag:0,IMU_Z_Accel:0,IMU_X_AngularRate:0,IMU_Y_AngularRate:0,IMU_RollAngle:0,IMU_PitchAngle:0,IMU_YawAngle:0,FcwID:0,FCWWarningLevel:0,FCWTTC:0
0,5.04,0,-6.99,0,0,0,0,0,0.613,5,-0.125,0,-6.9,0,0,0,0,0.0572958,0,0,0,0,98,0,0,0,0,0,0,54,0,0.00034,0.00034,0,0,0,0,0,3,0,0,0,0,0,0,1,0,0,0,0,0,0,0,0,98,0,,0,0,0,0,
16,9.95,0,-9.62,0,0,0,0,0,1.663,9.8125,-0.125,0,-20.1,0,0,0,0,0.0572958,0,0,0,0,65,0,0,0,0,0,0,54,0,0.00034,0.00034,0,0,0,0,0,0.8,0,0,0,0,0,0,1,0,0,0,0,0,0,0,0,93,0,,0,0,0,0,
END,Total:2
START,FrameNb:112,CameraNb:0,HeSaiNb:0,ARS410Nb:0
2026/08/02 21:39:31:925---->
heightOffset:0,1785677971925,480181,selfCaliBufCnt:0,selfAccObjCnt:0,selfAccAngle:0,installHAngleOffset:0,Interpolation:0,installVAngleOffset:0,radarOffsetH:0,radarOffsetV:0.32,Polynom:-0.001023;-0.0511;-2.047;0;0;0;-0.001023;-0.0511;-2.047;-25.5;0;0,WheelDirection:0;0;0;0,selfAngleOffset:0,selfAngleOffsetPit:0,currCaliAngleHrz:0,currCaliAnglePit:0,selfCaliAngleHrz:0,selfCaliAnglePit:0,servCaliAngleHrz:0,servCaliAnglePit:0,offlineCaliAngleHrz:0,offlineCaliAnglePit:0,determine2useFlag:0,IMU_Z_Accel:0,IMU_X_AngularRate:0,IMU_Y_AngularRate:0,IMU_RollAngle:0,IMU_PitchAngle:0,IMU_YawAngle:0,FcwID:0,FCWWarningLevel:0,FCWTTC:0
0,5.04,0,-6.99,0,0,0,0,0,0.613,5,0,0,-6.7,0,0,0,0,0.0572958,0,0,0,0,98,0,0,0,0,0,0,61,0,0.00034,0.00034,0,0,0,0,0,2.8,0,0,0,0,0,0,1,0,0,0,0,0,0,0,0,98,0,,0,0,0,0,
16,9.95,0,-9.62,0,0,0,0,0,1.663,9.8125,-0.125,0,-19.9,0,0,0,0,0.0572958,0,0,0,0,65,0,0,0,0,0,0,61,0,0.00034,0.00034,0,0,0,0,0,0.8,0,0,0,0,0,0,1,0,0,0,0,0,0,0,0,94,0,,0,0,0,0,
END,Total:2
START,FrameNb:113,CameraNb:0,HeSaiNb:0,ARS410Nb:0
2026/08/02 21:39:31:974---->
heightOffset:0,1785677971974,480231,selfCaliBufCnt:0,selfAccObjCnt:0,selfAccAngle:0,installHAngleOffset:0,Interpolation:0,installVAngleOffset:0,radarOffsetH:0,radarOffsetV:0.32,Polynom:-0.001023;-0.0511;-2.047;0;0;0;-0.001023;-0.0511;-2.047;-25.5;0;0,WheelDirection:0;0;0;0,selfAngleOffset:0,selfAngleOffsetPit:0,currCaliAngleHrz:0,currCaliAnglePit:0,selfCaliAngleHrz:0,selfCaliAnglePit:0,servCaliAngleHrz:0,servCaliAnglePit:0,offlineCaliAngleHrz:0,offlineCaliAnglePit:0,determine2useFlag:0,IMU_Z_Accel:0,IMU_X_AngularRate:0,IMU_Y_AngularRate:0,IMU_RollAngle:0,IMU_PitchAngle:0,IMU_YawAngle:0,FcwID:0,FCWWarningLevel:0,FCWTTC:0
0,5.04,0,-6.99,0,0,0,0,0,0.613,5,0,0,-6.7,0,0,0,0,0.0572958,0,0,0,0,98,0,0,0,0,0,0,59,0,0.00034,0.00034,0,0,0,0,0,3,0,0,0,0,0,0,1,0,0,0,0,0,0,0,0,98,0,,0,0,0,0,
16,9.95,0,-9.62,0,0,0,0,0,1.663,9.8125,-0.125,0,-19.7,0,0,0,0,0.0572958,0,0,0,0,65,0,0,0,0,0,0,59,0,0.00034,0.00034,0,0,0,0,0,0.8,0,0,0,0,0,0,1,0,0,0,0,0,0,0,0,95,0,,0,0,0,0,
END,Total:2
START,FrameNb:114,CameraNb:0,HeSaiNb:0,ARS410Nb:0
2026/08/02 21:39:32:025---->
heightOffset:0,1785677972025,480281,selfCaliBufCnt:0,selfAccObjCnt:0,selfAccAngle:0,installHAngleOffset:0,Interpolation:0,installVAngleOffset:0,radarOffsetH:0,radarOffsetV:0.32,Polynom:-0.001023;-0.0511;-2.047;0;0;0;-0.001023;-0.0511;-2.047;-25.5;0;0,WheelDirection:0;0;0;0,selfAngleOffset:0,selfAngleOffsetPit:0,currCaliAngleHrz:0,currCaliAnglePit:0,selfCaliAngleHrz:0,selfCaliAnglePit:0,servCaliAngleHrz:0,servCaliAnglePit:0,offlineCaliAngleHrz:0,offlineCaliAnglePit:0,determine2useFlag:0,IMU_Z_Accel:0,IMU_X_AngularRate:0,IMU_Y_AngularRate:0,IMU_RollAngle:0,IMU_PitchAngle:0,IMU_YawAngle:0,FcwID:0,FCWWarningLevel:0,FCWTTC:0
0,5.04,0,-6.99,0,0,0,0,0,0.613,5,0,0,-6.9,0,0,0,0,0.0572958,0,0,0,0,98,0,0,0,0,0,0,58,0,0.00034,0.00034,0,0,0,0,0,3,0,0,0,0,0,0,1,0,0,0,0,0,0,0,0,98,0,,0,0,0,0,
16,9.95,0,-9.62,0,0,0,0,0,1.663,9.8125,-0.125,0,-19.5,0,0,0,0,0.0572958,0,0,0,0,65,0,0,0,0,0,0,58,0,0.00034,0.00034,0,0,0,0,0,0.8,0,0,0,0,0,0,1,0,0,0,0,0,0,0,0,96,0,,0,0,0,0,
END,Total:2
START,FrameNb:115,CameraNb:0,HeSaiNb:0,ARS410Nb:0
2026/08/02 21:39:32:067---->
heightOffset:0,1785677972067,480331,selfCaliBufCnt:0,selfAccObjCnt:0,selfAccAngle:0,installHAngleOffset:0,Interpolation:0,installVAngleOffset:0,radarOffsetH:0,radarOffsetV:0.32,Polynom:-0.001023;-0.0511;-2.047;0;0;0;-0.001023;-0.0511;-2.047;-25.5;0;0,WheelDirection:0;0;0;0,selfAngleOffset:0,selfAngleOffsetPit:0,currCaliAngleHrz:0,currCaliAnglePit:0,selfCaliAngleHrz:0,selfCaliAnglePit:0,servCaliAngleHrz:0,servCaliAnglePit:0,offlineCaliAngleHrz:0,offlineCaliAnglePit:0,determine2useFlag:0,IMU_Z_Accel:0,IMU_X_AngularRate:0,IMU_Y_AngularRate:0,IMU_RollAngle:0,IMU_PitchAngle:0,IMU_YawAngle:0,FcwID:0,FCWWarningLevel:0,FCWTTC:0
0,5.04,0,-6.99,0,0,0,0,0,0.613,5,-0.125,0,-6.5,0,0,0,0,0.0572958,0,0,0,0,98,0,0,0,0,0,0,54,0,0.00034,0.00034,0,0,0,0,0,2.8,0,0,0,0,0,0,1,0,0,0,0,0,0,0,0,98,0,,0,0,0,0,
16,9.97,-0.12,-10.11,0,0,0,0,0,1.7505,9.8125,-0.125,-0.125,-19.5,0,0,0,0,0.0572958,0,0,0,0,65,0,0,0,0,0,0,54,0,0.00034,0.00034,0,0,0,0,0,0.8,0,0,0,0,0,0,1,0,0,0,0,0,0,0,0,97,0,,0,0,0,0,
END,Total:2
START,FrameNb:116,CameraNb:0,HeSaiNb:0,ARS410Nb:0
2026/08/02 21:39:32:120---->
heightOffset:0,1785677972120,480381,selfCaliBufCnt:0,selfAccObjCnt:0,selfAccAngle:0,installHAngleOffset:0,Interpolation:0,installVAngleOffset:0,radarOffsetH:0,radarOffsetV:0.32,Polynom:-0.001023;-0.0511;-2.047;0;0;0;-0.001023;-0.0511;-2.047;-25.5;0;0,WheelDirection:0;0;0;0,selfAngleOffset:0,selfAngleOffsetPit:0,currCaliAngleHrz:0,currCaliAnglePit:0,selfCaliAngleHrz:0,selfCaliAnglePit:0,servCaliAngleHrz:0,servCaliAnglePit:0,offlineCaliAngleHrz:0,offlineCaliAnglePit:0,determine2useFlag:0,IMU_Z_Accel:0,IMU_X_AngularRate:0,IMU_Y_AngularRate:0,IMU_RollAngle:0,IMU_PitchAngle:0,IMU_YawAngle:0,FcwID:0,FCWWarningLevel:0,FCWTTC:0
0,5.04,0,-6.99,0,0,0,0,0,0.613,5,-0.125,0,-6.5,0,0,0,0,0.0572958,0,0,0,0,98,0,0,0,0,0,0,58,0,0.00034,0.00034,0,0,0,0,0,2.8,0,0,0,0,0,0,1,0,0,0,0,0,0,0,0,98,0,,0,0,0,0,
16,9.97,-0.12,-10.11,0,0,0,0,0,1.7505,9.8125,-0.125,-0.125,-19.5,0,0,0,0,0.0572958,0,0,0,0,65,0,0,0,0,0,0,58,0,0.00034,0.00034,0,0,0,0,0,0.8,0,0,0,0,0,0,1,0,0,0,0,0,0,0,0,97,0,,0,0,0,0,
END,Total:2
START,FrameNb:117,CameraNb:0,HeSaiNb:0,ARS410Nb:0
2026/08/02 21:39:32:179---->
heightOffset:0,1785677972179,480432,selfCaliBufCnt:0,selfAccObjCnt:0,selfAccAngle:0,installHAngleOffset:0,Interpolation:0,installVAngleOffset:0,radarOffsetH:0,radarOffsetV:0.32,Polynom:-0.001023;-0.0511;-2.047;0;0;0;-0.001023;-0.0511;-2.047;-25.5;0;0,WheelDirection:0;0;0;0,selfAngleOffset:0,selfAngleOffsetPit:0,currCaliAngleHrz:0,currCaliAnglePit:0,selfCaliAngleHrz:0,selfCaliAnglePit:0,servCaliAngleHrz:0,servCaliAnglePit:0,offlineCaliAngleHrz:0,offlineCaliAnglePit:0,determine2useFlag:0,IMU_Z_Accel:0,IMU_X_AngularRate:0,IMU_Y_AngularRate:0,IMU_RollAngle:0,IMU_PitchAngle:0,IMU_YawAngle:0,FcwID:0,FCWWarningLevel:0,FCWTTC:0
0,5.04,0,-6.99,0,0,0,0,0,0.613,5,-0.125,0,-6.7,0,0,0,0,0.0572958,0,0,0,0,98,0,0,0,0,0,0,58,0,0.00034,0.00034,0,0,0,0,0,3,0,0,0,0,0,0,1,0,0,0,0,0,0,0,0,98,0,,0,0,0,0,
16,9.97,-0.12,-10.11,0,0,0,0,0,1.7505,9.8125,-0.125,-0.125,-19.5,0,0,0,0,0.0572958,0,0,0,0,65,0,0,0,0,0,0,58,0,0.00034,0.00034,0,0,0,0,0,0.8,0,0,0,0,0,0,1,0,0,0,0,0,0,0,0,97,0,,0,0,0,0,
END,Total:2
START,FrameNb:118,CameraNb:0,HeSaiNb:0,ARS410Nb:0
2026/08/02 21:39:32:225---->
heightOffset:0,1785677972225,480482,selfCaliBufCnt:0,selfAccObjCnt:0,selfAccAngle:0,installHAngleOffset:0,Interpolation:0,installVAngleOffset:0,radarOffsetH:0,radarOffsetV:0.32,Polynom:-0.001023;-0.0511;-2.047;0;0;0;-0.001023;-0.0511;-2.047;-25.5;0;0,WheelDirection:0;0;0;0,selfAngleOffset:0,selfAngleOffsetPit:0,currCaliAngleHrz:0,currCaliAnglePit:0,selfCaliAngleHrz:0,selfCaliAnglePit:0,servCaliAngleHrz:0,servCaliAnglePit:0,offlineCaliAngleHrz:0,offlineCaliAnglePit:0,determine2useFlag:0,IMU_Z_Accel:0,IMU_X_AngularRate:0,IMU_Y_AngularRate:0,IMU_RollAngle:0,IMU_PitchAngle:0,IMU_YawAngle:0,FcwID:0,FCWWarningLevel:0,FCWTTC:0
0,5.04,0,-6.99,0,0,0,0,0,0.613,5,-0.125,0,-6.7,0,0,0,0,0.0572958,0,0,0,0,98,0,0,0,0,0,0,53,0,0.00034,0.00034,0,0,0,0,0,3.2,0,0,0,0,0,0,1,0,0,0,0,0,0,0,0,98,0,,0,0,0,0,
16,9.97,-0.12,-10.11,0,0,0,0,0,1.7505,9.8125,-0.125,-0.125,-19.5,0,0,0,0,0.0572958,0,0,0,0,65,0,0,0,0,0,0,53,0,0.00034,0.00034,0,0,0,0,0,0.8,0,0,0,0,0,0,1,0,0,0,0,0,0,0,0,98,0,,0,0,0,0,
END,Total:2
START,FrameNb:119,CameraNb:0,HeSaiNb:0,ARS410Nb:0
2026/08/02 21:39:32:276---->
heightOffset:0,1785677972276,480531,selfCaliBufCnt:0,selfAccObjCnt:0,selfAccAngle:0,installHAngleOffset:0,Interpolation:0,installVAngleOffset:0,radarOffsetH:0,radarOffsetV:0.32,Polynom:-0.001023;-0.0511;-2.047;0;0;0;-0.001023;-0.0511;-2.047;-25.5;0;0,WheelDirection:0;0;0;0,selfAngleOffset:0,selfAngleOffsetPit:0,currCaliAngleHrz:0,currCaliAnglePit:0,selfCaliAngleHrz:0,selfCaliAnglePit:0,servCaliAngleHrz:0,servCaliAnglePit:0,offlineCaliAngleHrz:0,offlineCaliAnglePit:0,determine2useFlag:0,IMU_Z_Accel:0,IMU_X_AngularRate:0,IMU_Y_AngularRate:0,IMU_RollAngle:0,IMU_PitchAngle:0,IMU_YawAngle:0,FcwID:0,FCWWarningLevel:0,FCWTTC:0
0,5.04,0,-6.99,0,0,0,0,0,0.613,5,-0.125,0,-6.7,0,0,0,0,0.0572958,0,0,0,0,98,0,0,0,0,0,0,58,0,0.00034,0.00034,0,0,0,0,0,3.2,0,0,0,0,0,0,1,0,0,0,0,0,0,0,0,98,0,,0,0,0,0,
16,9.97,0,-10.11,0,0,0,0,0,1.7505,9.8125,-0.125,0,-19.9,0,0,0,0,0.0572958,0,0,0,0,65,0,0,0,0,0,0,58,0,0.00034,0.00034,0,0,0,0,0,0.8,0,0,0,0,0,0,1,0,0,0,0,0,0,0,0,98,0,,0,0,0,0,
END,Total:2
START,FrameNb:120,CameraNb:0,HeSaiNb:0,ARS410Nb:0
2026/08/02 21:39:32:318---->
heightOffset:0,1785677972318,480581,selfCaliBufCnt:0,selfAccObjCnt:0,selfAccAngle:0,installHAngleOffset:0,Interpolation:0,installVAngleOffset:0,radarOffsetH:0,radarOffsetV:0.32,Polynom:-0.001023;-0.0511;-2.047;0;0;0;-0.001023;-0.0511;-2.047;-25.5;0;0,WheelDirection:0;0;0;0,selfAngleOffset:0,selfAngleOffsetPit:0,currCaliAngleHrz:0,currCaliAnglePit:0,selfCaliAngleHrz:0,selfCaliAnglePit:0,servCaliAngleHrz:0,servCaliAnglePit:0,offlineCaliAngleHrz:0,offlineCaliAnglePit:0,determine2useFlag:0,IMU_Z_Accel:0,IMU_X_AngularRate:0,IMU_Y_AngularRate:0,IMU_RollAngle:0,IMU_PitchAngle:0,IMU_YawAngle:0,FcwID:0,FCWWarningLevel:0,FCWTTC:0
0,5.04,0,-6.99,0,0,0,0,0,0.613,5,-0.125,0,-6.7,0,0,0,0,0.0572958,0,0,0,0,98,0,0,0,0,0,0,54,0,0.00034,0.00034,0,0,0,0,0,3.4,0,0,0,0,0,0,1,0,0,0,0,0,0,0,0,98,0,,0,0,0,0,
16,9.97,0,-10.11,0,0,0,0,0,1.7505,9.8125,-0.125,0,-19.9,0,0,0,0,0.0572958,0,0,0,0,65,0,0,0,0,0,0,54,0,0.00034,0.00034,0,0,0,0,0,0.6,0,0,0,0,0,0,1,0,0,0,0,0,0,0,0,98,0,,0,0,0,0,
END,Total:2
START,FrameNb:121,CameraNb:0,HeSaiNb:0,ARS410Nb:0
2026/08/02 21:39:32:368---->
heightOffset:0,1785677972368,480631,selfCaliBufCnt:0,selfAccObjCnt:0,selfAccAngle:0,installHAngleOffset:0,Interpolation:0,installVAngleOffset:0,radarOffsetH:0,radarOffsetV:0.32,Polynom:-0.001023;-0.0511;-2.047;0;0;0;-0.001023;-0.0511;-2.047;-25.5;0;0,WheelDirection:0;0;0;0,selfAngleOffset:0,selfAngleOffsetPit:0,currCaliAngleHrz:0,currCaliAnglePit:0,selfCaliAngleHrz:0,selfCaliAnglePit:0,servCaliAngleHrz:0,servCaliAnglePit:0,offlineCaliAngleHrz:0,offlineCaliAnglePit:0,determine2useFlag:0,IMU_Z_Accel:0,IMU_X_AngularRate:0,IMU_Y_AngularRate:0,IMU_RollAngle:0,IMU_PitchAngle:0,IMU_YawAngle:0,FcwID:0,FCWWarningLevel:0,FCWTTC:0
0,5.04,0,-6.99,0,0,0,0,0,0.613,5,-0.125,0,-6.7,0,0,0,0,0.0572958,0,0,0,0,98,0,0,0,0,0,0,65,0,0.00034,0.00034,0,0,0,0,0,3.6,0,0,0,0,0,0,1,0,0,0,0,0,0,0,0,98,0,,0,0,0,0,
16,9.97,0,-10.11,0,0,0,0,0,1.7505,9.8125,-0.125,0,-19.9,0,0,0,0,0.0572958,0,0,0,0,65,0,0,0,0,0,0,65,0,0.00034,0.00034,0,0,0,0,0,0.4,0,0,0,0,0,0,1,0,0,0,0,0,0,0,0,98,0,,0,0,0,0,
END,Total:2
START,FrameNb:122,CameraNb:0,HeSaiNb:0,ARS410Nb:0
2026/08/02 21:39:32:415---->
heightOffset:0,1785677972415,480681,selfCaliBufCnt:0,selfAccObjCnt:0,selfAccAngle:0,installHAngleOffset:0,Interpolation:0,installVAngleOffset:0,radarOffsetH:0,radarOffsetV:0.32,Polynom:-0.001023;-0.0511;-2.047;0;0;0;-0.001023;-0.0511;-2.047;-25.5;0;0,WheelDirection:0;0;0;0,selfAngleOffset:0,selfAngleOffsetPit:0,currCaliAngleHrz:0,currCaliAnglePit:0,selfCaliAngleHrz:0,selfCaliAnglePit:0,servCaliAngleHrz:0,servCaliAnglePit:0,offlineCaliAngleHrz:0,offlineCaliAnglePit:0,determine2useFlag:0,IMU_Z_Accel:0,IMU_X_AngularRate:0,IMU_Y_AngularRate:0,IMU_RollAngle:0,IMU_PitchAngle:0,IMU_YawAngle:0,FcwID:0,FCWWarningLevel:0,FCWTTC:0
0,5.04,0,-6.99,0,0,0,0,0,0.613,5,-0.125,0,-6.7,0,0,0,0,0.0572958,0,0,0,0,98,0,0,0,0,0,0,56,0,0.00034,0.00034,0,0,0,0,0,3.6,0,0,0,0,0,0,1,0,0,0,0,0,0,0,0,98,0,,0,0,0,0,
16,9.97,0,-10.11,0,0,0,0,0,1.7505,9.8125,-0.125,0,-19.9,0,0,0,0,0.0572958,0,0,0,0,65,0,0,0,0,0,0,56,0,0.00034,0.00034,0,0,0,0,0,0.4,0,0,0,0,0,0,1,0,0,0,0,0,0,0,0,98,0,,0,0,0,0,
END,Total:2
START,FrameNb:123,CameraNb:0,HeSaiNb:0,ARS410Nb:0
2026/08/02 21:39:32:473---->
heightOffset:0,1785677972473,480731,selfCaliBufCnt:0,selfAccObjCnt:0,selfAccAngle:0,installHAngleOffset:0,Interpolation:0,installVAngleOffset:0,radarOffsetH:0,radarOffsetV:0.32,Polynom:-0.001023;-0.0511;-2.047;0;0;0;-0.001023;-0.0511;-2.047;-25.5;0;0,WheelDirection:0;0;0;0,selfAngleOffset:0,selfAngleOffsetPit:0,currCaliAngleHrz:0,currCaliAnglePit:0,selfCaliAngleHrz:0,selfCaliAnglePit:0,servCaliAngleHrz:0,servCaliAnglePit:0,offlineCaliAngleHrz:0,offlineCaliAnglePit:0,determine2useFlag:0,IMU_Z_Accel:0,IMU_X_AngularRate:0,IMU_Y_AngularRate:0,IMU_RollAngle:0,IMU_PitchAngle:0,IMU_YawAngle:0,FcwID:0,FCWWarningLevel:0,FCWTTC:0
0,5.04,0,-6.99,0,0,0,0,0,0.613,5,-0.125,0,-6.7,0,0,0,0,0.0572958,0,0,0,0,98,0,0,0,0,0,0,58,0,0.00034,0.00034,0,0,0,0,0,3.8,0,0,0,0,0,0,1,0,0,0,0,0,0,0,0,98,0,,0,0,0,0,
16,9.97,0,-10.11,0,0,0,0,0,1.7505,9.8125,-0.125,0,-19.9,0,0,0,0,0.0572958,0,0,0,0,65,0,0,0,0,0,0,58,0,0.00034,0.00034,0,0,0,0,0,0.2,0,0,0,0,0,0,1,0,0,0,0,0,0,0,0,98,0,,0,0,0,0,
END,Total:2
START,FrameNb:124,CameraNb:0,HeSaiNb:0,ARS410Nb:0
2026/08/02 21:39:32:528---->
heightOffset:0,1785677972528,480781,selfCaliBufCnt:0,selfAccObjCnt:0,selfAccAngle:0,installHAngleOffset:0,Interpolation:0,installVAngleOffset:0,radarOffsetH:0,radarOffsetV:0.32,Polynom:-0.001023;-0.0511;-2.047;0;0;0;-0.001023;-0.0511;-2.047;-25.5;0;0,WheelDirection:0;0;0;0,selfAngleOffset:0,selfAngleOffsetPit:0,currCaliAngleHrz:0,currCaliAnglePit:0,selfCaliAngleHrz:0,selfCaliAnglePit:0,servCaliAngleHrz:0,servCaliAnglePit:0,offlineCaliAngleHrz:0,offlineCaliAnglePit:0,determine2useFlag:0,IMU_Z_Accel:0,IMU_X_AngularRate:0,IMU_Y_AngularRate:0,IMU_RollAngle:0,IMU_PitchAngle:0,IMU_YawAngle:0,FcwID:0,FCWWarningLevel:0,FCWTTC:0
0,5.04,0,-6.99,0,0,0,0,0,0.613,5,-0.125,0,-6.7,0,0,0,0,0.0572958,0,0,0,0,98,0,0,0,0,0,0,54,0,0.00034,0.00034,0,0,0,0,0,3.8,0,0,0,0,0,0,1,0,0,0,0,0,0,0,0,98,0,,0,0,0,0,
16,9.97,0,-10.11,0,0,0,0,0,1.7505,9.8125,-0.125,0,-19.9,0,0,0,0,0.0572958,0,0,0,0,65,0,0,0,0,0,0,54,0,0.00034,0.00034,0,0,0,0,0,0.2,0,0,0,0,0,0,1,0,0,0,0,0,0,0,0,98,0,,0,0,0,0,
END,Total:2
START,FrameNb:125,CameraNb:0,HeSaiNb:0,ARS410Nb:0
2026/08/02 21:39:32:570---->
heightOffset:0,1785677972570,480831,selfCaliBufCnt:0,selfAccObjCnt:0,selfAccAngle:0,installHAngleOffset:0,Interpolation:0,installVAngleOffset:0,radarOffsetH:0,radarOffsetV:0.32,Polynom:-0.001023;-0.0511;-2.047;0;0;0;-0.001023;-0.0511;-2.047;-25.5;0;0,WheelDirection:0;0;0;0,selfAngleOffset:0,selfAngleOffsetPit:0,currCaliAngleHrz:0,currCaliAnglePit:0,selfCaliAngleHrz:0,selfCaliAnglePit:0,servCaliAngleHrz:0,servCaliAnglePit:0,offlineCaliAngleHrz:0,offlineCaliAnglePit:0,determine2useFlag:0,IMU_Z_Accel:0,IMU_X_AngularRate:0,IMU_Y_AngularRate:0,IMU_RollAngle:0,IMU_PitchAngle:0,IMU_YawAngle:0,FcwID:0,FCWWarningLevel:0,FCWTTC:0
0,5.04,0,-6.99,0,0,0,0,0,0.613,5,-0.125,0,-6.7,0,0,0,0,0.0572958,0,0,0,0,98,0,0,0,0,0,0,54,0,0.00034,0.00034,0,0,0,0,0,3.8,0,0,0,0,0,0,1,0,0,0,0,0,0,0,0,98,0,,0,0,0,0,
16,9.97,0,-10.11,0,0,0,0,0,1.7505,9.8125,-0.125,0,-19.9,0,0,0,0,0.0572958,0,0,0,0,65,0,0,0,0,0,0,54,0,0.00034,0.00034,0,0,0,0,0,0.2,0,0,0,0,0,0,1,0,0,0,0,0,0,0,0,98,0,,0,0,0,0,
END,Total:2
START,FrameNb:126,CameraNb:0,HeSaiNb:0,ARS410Nb:0
2026/08/02 21:39:32:628---->
heightOffset:0,1785677972628,480882,selfCaliBufCnt:0,selfAccObjCnt:0,selfAccAngle:0,installHAngleOffset:0,Interpolation:0,installVAngleOffset:0,radarOffsetH:0,radarOffsetV:0.32,Polynom:-0.001023;-0.0511;-2.047;0;0;0;-0.001023;-0.0511;-2.047;-25.5;0;0,WheelDirection:0;0;0;0,selfAngleOffset:0,selfAngleOffsetPit:0,currCaliAngleHrz:0,currCaliAnglePit:0,selfCaliAngleHrz:0,selfCaliAnglePit:0,servCaliAngleHrz:0,servCaliAnglePit:0,offlineCaliAngleHrz:0,offlineCaliAnglePit:0,determine2useFlag:0,IMU_Z_Accel:0,IMU_X_AngularRate:0,IMU_Y_AngularRate:0,IMU_RollAngle:0,IMU_PitchAngle:0,IMU_YawAngle:0,FcwID:0,FCWWarningLevel:0,FCWTTC:0
0,5.04,0,-6.99,0,0,0,0,0,0.613,5,-0.125,0,-6.7,0,0,0,0,0.0572958,0,0,0,0,98,0,0,0,0,0,0,58,0,0.00034,0.00034,0,0,0,0,0,3.8,0,0,0,0,0,0,1,0,0,0,0,0,0,0,0,98,0,,0,0,0,0,
16,9.97,0,-10.11,0,0,0,0,0,1.7505,9.8125,-0.125,0,-19.9,0,0,0,0,0.0572958,0,0,0,0,65,0,0,0,0,0,0,58,0,0.00034,0.00034,0,0,0,0,0,0,0,0,0,0,0,0,1,0,0,0,0,0,0,0,0,98,0,,0,0,0,0,
END,Total:2
START,FrameNb:127,CameraNb:0,HeSaiNb:0,ARS410Nb:0
2026/08/02 21:39:32:681---->
heightOffset:0,1785677972681,480931,selfCaliBufCnt:0,selfAccObjCnt:0,selfAccAngle:0,installHAngleOffset:0,Interpolation:0,installVAngleOffset:0,radarOffsetH:0,radarOffsetV:0.32,Polynom:-0.001023;-0.0511;-2.047;0;0;0;-0.001023;-0.0511;-2.047;-25.5;0;0,WheelDirection:0;0;0;0,selfAngleOffset:0,selfAngleOffsetPit:0,currCaliAngleHrz:0,currCaliAnglePit:0,selfCaliAngleHrz:0,selfCaliAnglePit:0,servCaliAngleHrz:0,servCaliAnglePit:0,offlineCaliAngleHrz:0,offlineCaliAnglePit:0,determine2useFlag:0,IMU_Z_Accel:0,IMU_X_AngularRate:0,IMU_Y_AngularRate:0,IMU_RollAngle:0,IMU_PitchAngle:0,IMU_YawAngle:0,FcwID:0,FCWWarningLevel:0,FCWTTC:0
0,5.04,0,-6.99,0,0,0,0,0,0.613,5,-0.125,0,-6.7,0,0,0,0,0.0572958,0,0,0,0,98,0,0,0,0,0,0,53,0,0.00034,0.00034,0,0,0,0,0,3.8,0,0,0,0,0,0,1,0,0,0,0,0,0,0,0,98,0,,0,0,0,0,
16,9.97,0,-10.11,0,0,0,0,0,1.7505,9.8125,-0.125,0,-19.9,0,0,0,0,0.0572958,0,0,0,0,65,0,0,0,0,0,0,53,0,0.00034,0.00034,0,0,0,0,0,0,0,0,0,0,0,0,1,0,0,0,0,0,0,0,0,98,0,,0,0,0,0,
END,Total:2
START,FrameNb:128,CameraNb:0,HeSaiNb:0,ARS410Nb:0
2026/08/02 21:39:32:724---->
heightOffset:0,1785677972724,480981,selfCaliBufCnt:0,selfAccObjCnt:0,selfAccAngle:0,installHAngleOffset:0,Interpolation:0,installVAngleOffset:0,radarOffsetH:0,radarOffsetV:0.32,Polynom:-0.001023;-0.0511;-2.047;0;0;0;-0.001023;-0.0511;-2.047;-25.5;0;0,WheelDirection:0;0;0;0,selfAngleOffset:0,selfAngleOffsetPit:0,currCaliAngleHrz:0,currCaliAnglePit:0,selfCaliAngleHrz:0,selfCaliAnglePit:0,servCaliAngleHrz:0,servCaliAnglePit:0,offlineCaliAngleHrz:0,offlineCaliAnglePit:0,determine2useFlag:0,IMU_Z_Accel:0,IMU_X_AngularRate:0,IMU_Y_AngularRate:0,IMU_RollAngle:0,IMU_PitchAngle:0,IMU_YawAngle:0,FcwID:0,FCWWarningLevel:0,FCWTTC:0
0,5.04,0,-6.99,0,0,0,0,0,0.613,5,-0.125,0,-6.7,0,0,0,0,0.0572958,0,0,0,0,98,0,0,0,0,0,0,58,0,0.00034,0.00034,0,0,0,0,0,3.8,0,0,0,0,0,0,1,0,0,0,0,0,0,0,0,98,0,,0,0,0,0,
16,9.97,0,-10.11,0,0,0,0,0,1.7505,9.8125,-0.125,0,-19.9,0,0,0,0,0.0572958,0,0,0,0,65,0,0,0,0,0,0,58,0,0.00034,0.00034,0,0,0,0,0,0,0,0,0,0,0,0,1,0,0,0,0,0,0,0,0,98,0,,0,0,0,0,
END,Total:2
START,FrameNb:129,CameraNb:0,HeSaiNb:0,ARS410Nb:0
2026/08/02 21:39:32:777---->
heightOffset:0,1785677972777,481031,selfCaliBufCnt:0,selfAccObjCnt:0,selfAccAngle:0,installHAngleOffset:0,Interpolation:0,installVAngleOffset:0,radarOffsetH:0,radarOffsetV:0.32,Polynom:-0.001023;-0.0511;-2.047;0;0;0;-0.001023;-0.0511;-2.047;-25.5;0;0,WheelDirection:0;0;0;0,selfAngleOffset:0,selfAngleOffsetPit:0,currCaliAngleHrz:0,currCaliAnglePit:0,selfCaliAngleHrz:0,selfCaliAnglePit:0,servCaliAngleHrz:0,servCaliAnglePit:0,offlineCaliAngleHrz:0,offlineCaliAnglePit:0,determine2useFlag:0,IMU_Z_Accel:0,IMU_X_AngularRate:0,IMU_Y_AngularRate:0,IMU_RollAngle:0,IMU_PitchAngle:0,IMU_YawAngle:0,FcwID:0,FCWWarningLevel:0,FCWTTC:0
0,5.04,0,-6.99,0,0,0,0,0,0.613,5,-0.125,0,-6.7,0,0,0,0,0.0572958,0,0,0,0,98,0,0,0,0,0,0,58,0,0.00034,0.00034,0,0,0,0,0,3.8,0,0,0,0,0,0,1,0,0,0,0,0,0,0,0,98,0,,0,0,0,0,
16,9.97,0,-10.11,0,0,0,0,0,1.7505,9.8125,-0.125,0,-19.9,0,0,0,0,0.0572958,0,0,0,0,65,0,0,0,0,0,0,58,0,0.00034,0.00034,0,0,0,0,0,0,0,0,0,0,0,0,1,0,0,0,0,0,0,0,0,98,0,,0,0,0,0,
END,Total:2
START,FrameNb:130,CameraNb:0,HeSaiNb:0,ARS410Nb:0
2026/08/02 21:39:32:819---->
heightOffset:0,1785677972819,481081,selfCaliBufCnt:0,selfAccObjCnt:0,selfAccAngle:0,installHAngleOffset:0,Interpolation:0,installVAngleOffset:0,radarOffsetH:0,radarOffsetV:0.32,Polynom:-0.001023;-0.0511;-2.047;0;0;0;-0.001023;-0.0511;-2.047;-25.5;0;0,WheelDirection:0;0;0;0,selfAngleOffset:0,selfAngleOffsetPit:0,currCaliAngleHrz:0,currCaliAnglePit:0,selfCaliAngleHrz:0,selfCaliAnglePit:0,servCaliAngleHrz:0,servCaliAnglePit:0,offlineCaliAngleHrz:0,offlineCaliAnglePit:0,determine2useFlag:0,IMU_Z_Accel:0,IMU_X_AngularRate:0,IMU_Y_AngularRate:0,IMU_RollAngle:0,IMU_PitchAngle:0,IMU_YawAngle:0,FcwID:0,FCWWarningLevel:0,FCWTTC:0
0,5.04,0,-6.99,0,0,0,0,0,0.613,5,-0.125,0,-6.7,0,0,0,0,0.0572958,0,0,0,0,98,0,0,0,0,0,0,60,0,0.00034,0.00034,0,0,0,0,0,3.8,0,0,0,0,0,0,1,0,0,0,0,0,0,0,0,98,0,,0,0,0,0,
END,Total:1
START,FrameNb:131,CameraNb:0,HeSaiNb:0,ARS410Nb:0
2026/08/02 21:39:32:868---->
heightOffset:0,1785677972868,481131,selfCaliBufCnt:0,selfAccObjCnt:0,selfAccAngle:0,installHAngleOffset:0,Interpolation:0,installVAngleOffset:0,radarOffsetH:0,radarOffsetV:0.32,Polynom:-0.001023;-0.0511;-2.047;0;0;0;-0.001023;-0.0511;-2.047;-25.5;0;0,WheelDirection:0;0;0;0,selfAngleOffset:0,selfAngleOffsetPit:0,currCaliAngleHrz:0,currCaliAnglePit:0,selfCaliAngleHrz:0,selfCaliAnglePit:0,servCaliAngleHrz:0,servCaliAnglePit:0,offlineCaliAngleHrz:0,offlineCaliAnglePit:0,determine2useFlag:0,IMU_Z_Accel:0,IMU_X_AngularRate:0,IMU_Y_AngularRate:0,IMU_RollAngle:0,IMU_PitchAngle:0,IMU_YawAngle:0,FcwID:0,FCWWarningLevel:0,FCWTTC:0
0,5.04,0,-6.99,0,0,0,0,0,0.613,5,0,0,-6.7,0,0,0,0,0.0572958,0,0,0,0,98,0,0,0,0,0,0,55,0,0.00034,0.00034,0,0,0,0,0,3.4,0,0,0,0,0,0,1,0,0,0,0,0,0,0,0,98,0,,0,0,0,0,
END,Total:1
START,FrameNb:132,CameraNb:0,HeSaiNb:0,ARS410Nb:0
2026/08/02 21:39:32:914---->
heightOffset:0,1785677972914,481181,selfCaliBufCnt:0,selfAccObjCnt:0,selfAccAngle:0,installHAngleOffset:0,Interpolation:0,installVAngleOffset:0,radarOffsetH:0,radarOffsetV:0.32,Polynom:-0.001023;-0.0511;-2.047;0;0;0;-0.001023;-0.0511;-2.047;-25.5;0;0,WheelDirection:0;0;0;0,selfAngleOffset:0,selfAngleOffsetPit:0,currCaliAngleHrz:0,currCaliAnglePit:0,selfCaliAngleHrz:0,selfCaliAnglePit:0,servCaliAngleHrz:0,servCaliAnglePit:0,offlineCaliAngleHrz:0,offlineCaliAnglePit:0,determine2useFlag:0,IMU_Z_Accel:0,IMU_X_AngularRate:0,IMU_Y_AngularRate:0,IMU_RollAngle:0,IMU_PitchAngle:0,IMU_YawAngle:0,FcwID:0,FCWWarningLevel:0,FCWTTC:0
0,5.04,0,-6.99,0,0,0,0,0,0.613,5,0,0,-6.7,0,0,0,0,0.0572958,0,0,0,0,98,0,0,0,0,0,0,57,0,0.00034,0.00034,0,0,0,0,0,3.4,0,0,0,0,0,0,1,0,0,0,0,0,0,0,0,98,0,,0,0,0,0,
END,Total:1
START,FrameNb:133,CameraNb:0,HeSaiNb:0,ARS410Nb:0
2026/08/02 21:39:32:975---->
heightOffset:0,1785677972975,481231,selfCaliBufCnt:0,selfAccObjCnt:0,selfAccAngle:0,installHAngleOffset:0,Interpolation:0,installVAngleOffset:0,radarOffsetH:0,radarOffsetV:0.32,Polynom:-0.001023;-0.0511;-2.047;0;0;0;-0.001023;-0.0511;-2.047;-25.5;0;0,WheelDirection:0;0;0;0,selfAngleOffset:0,selfAngleOffsetPit:0,currCaliAngleHrz:0,currCaliAnglePit:0,selfCaliAngleHrz:0,selfCaliAnglePit:0,servCaliAngleHrz:0,servCaliAnglePit:0,offlineCaliAngleHrz:0,offlineCaliAnglePit:0,determine2useFlag:0,IMU_Z_Accel:0,IMU_X_AngularRate:0,IMU_Y_AngularRate:0,IMU_RollAngle:0,IMU_PitchAngle:0,IMU_YawAngle:0,FcwID:0,FCWWarningLevel:0,FCWTTC:0
0,5.04,0,-6.99,0,0,0,0,0,0.613,5,0,0,-6.7,0,0,0,0,0.0572958,0,0,0,0,98,0,0,0,0,0,0,57,0,0.00034,0.00034,0,0,0,0,0,3.6,0,0,0,0,0,0,1,0,0,0,0,0,0,0,0,98,0,,0,0,0,0,
END,Total:1
START,FrameNb:134,CameraNb:0,HeSaiNb:0,ARS410Nb:0
2026/08/02 21:39:33:026---->
heightOffset:0,1785677973026,481281,selfCaliBufCnt:0,selfAccObjCnt:0,selfAccAngle:0,installHAngleOffset:0,Interpolation:0,installVAngleOffset:0,radarOffsetH:0,radarOffsetV:0.32,Polynom:-0.001023;-0.0511;-2.047;0;0;0;-0.001023;-0.0511;-2.047;-25.5;0;0,WheelDirection:0;0;0;0,selfAngleOffset:0,selfAngleOffsetPit:0,currCaliAngleHrz:0,currCaliAnglePit:0,selfCaliAngleHrz:0,selfCaliAnglePit:0,servCaliAngleHrz:0,servCaliAnglePit:0,offlineCaliAngleHrz:0,offlineCaliAnglePit:0,determine2useFlag:0,IMU_Z_Accel:0,IMU_X_AngularRate:0,IMU_Y_AngularRate:0,IMU_RollAngle:0,IMU_PitchAngle:0,IMU_YawAngle:0,FcwID:0,FCWWarningLevel:0,FCWTTC:0
0,5.04,0,-6.99,0,0,0,0,0,0.613,5,0,0,-6.7,0,0,0,0,0.0572958,0,0,0,0,98,0,0,0,0,0,0,54,0,0.00034,0.00034,0,0,0,0,0,3.6,0,0,0,0,0,0,1,0,0,0,0,0,0,0,0,98,0,,0,0,0,0,
END,Total:1
START,FrameNb:135,CameraNb:0,HeSaiNb:0,ARS410Nb:0
2026/08/02 21:39:33:072---->
heightOffset:0,1785677973072,481332,selfCaliBufCnt:0,selfAccObjCnt:0,selfAccAngle:0,installHAngleOffset:0,Interpolation:0,installVAngleOffset:0,radarOffsetH:0,radarOffsetV:0.32,Polynom:-0.001023;-0.0511;-2.047;0;0;0;-0.001023;-0.0511;-2.047;-25.5;0;0,WheelDirection:0;0;0;0,selfAngleOffset:0,selfAngleOffsetPit:0,currCaliAngleHrz:0,currCaliAnglePit:0,selfCaliAngleHrz:0,selfCaliAnglePit:0,servCaliAngleHrz:0,servCaliAnglePit:0,offlineCaliAngleHrz:0,offlineCaliAnglePit:0,determine2useFlag:0,IMU_Z_Accel:0,IMU_X_AngularRate:0,IMU_Y_AngularRate:0,IMU_RollAngle:0,IMU_PitchAngle:0,IMU_YawAngle:0,FcwID:0,FCWWarningLevel:0,FCWTTC:0
0,5.04,0,-6.99,0,0,0,0,0,0.613,5,0,0,-6.7,0,0,0,0,0.0572958,0,0,0,0,98,0,0,0,0,0,0,57,0,0.00034,0.00034,0,0,0,0,0,3.8,0,0,0,0,0,0,1,0,0,0,0,0,0,0,0,98,0,,0,0,0,0,
END,Total:1
START,FrameNb:136,CameraNb:0,HeSaiNb:0,ARS410Nb:0
2026/08/02 21:39:33:121---->
heightOffset:0,1785677973121,481381,selfCaliBufCnt:0,selfAccObjCnt:0,selfAccAngle:0,installHAngleOffset:0,Interpolation:0,installVAngleOffset:0,radarOffsetH:0,radarOffsetV:0.32,Polynom:-0.001023;-0.0511;-2.047;0;0;0;-0.001023;-0.0511;-2.047;-25.5;0;0,WheelDirection:0;0;0;0,selfAngleOffset:0,selfAngleOffsetPit:0,currCaliAngleHrz:0,currCaliAnglePit:0,selfCaliAngleHrz:0,selfCaliAnglePit:0,servCaliAngleHrz:0,servCaliAnglePit:0,offlineCaliAngleHrz:0,offlineCaliAnglePit:0,determine2useFlag:0,IMU_Z_Accel:0,IMU_X_AngularRate:0,IMU_Y_AngularRate:0,IMU_RollAngle:0,IMU_PitchAngle:0,IMU_YawAngle:0,FcwID:0,FCWWarningLevel:0,FCWTTC:0
0,5.04,0,-6.99,0,0,0,0,0,0.613,5,0,0,-6.7,0,0,0,0,0.0572958,0,0,0,0,98,0,0,0,0,0,0,53,0,0.00034,0.00034,0,0,0,0,0,3.8,0,0,0,0,0,0,1,0,0,0,0,0,0,0,0,98,0,,0,0,0,0,
END,Total:1
START,FrameNb:137,CameraNb:0,HeSaiNb:0,ARS410Nb:0
2026/08/02 21:39:33:165---->
heightOffset:0,1785677973165,481431,selfCaliBufCnt:0,selfAccObjCnt:0,selfAccAngle:0,installHAngleOffset:0,Interpolation:0,installVAngleOffset:0,radarOffsetH:0,radarOffsetV:0.32,Polynom:-0.001023;-0.0511;-2.047;0;0;0;-0.001023;-0.0511;-2.047;-25.5;0;0,WheelDirection:0;0;0;0,selfAngleOffset:0,selfAngleOffsetPit:0,currCaliAngleHrz:0,currCaliAnglePit:0,selfCaliAngleHrz:0,selfCaliAnglePit:0,servCaliAngleHrz:0,servCaliAnglePit:0,offlineCaliAngleHrz:0,offlineCaliAnglePit:0,determine2useFlag:0,IMU_Z_Accel:0,IMU_X_AngularRate:0,IMU_Y_AngularRate:0,IMU_RollAngle:0,IMU_PitchAngle:0,IMU_YawAngle:0,FcwID:0,FCWWarningLevel:0,FCWTTC:0
0,5.04,0,-6.99,0,0,0,0,0,0.613,5,0,0,-6.7,0,0,0,0,0.0572958,0,0,0,0,98,0,0,0,0,0,0,61,0,0.00034,0.00034,0,0,0,0,0,3.8,0,0,0,0,0,0,1,0,0,0,0,0,0,0,0,98,0,,0,0,0,0,
END,Total:1
START,FrameNb:138,CameraNb:0,HeSaiNb:0,ARS410Nb:0
2026/08/02 21:39:33:216---->
heightOffset:0,1785677973216,481481,selfCaliBufCnt:0,selfAccObjCnt:0,selfAccAngle:0,installHAngleOffset:0,Interpolation:0,installVAngleOffset:0,radarOffsetH:0,radarOffsetV:0.32,Polynom:-0.001023;-0.0511;-2.047;0;0;0;-0.001023;-0.0511;-2.047;-25.5;0;0,WheelDirection:0;0;0;0,selfAngleOffset:0,selfAngleOffsetPit:0,currCaliAngleHrz:0,currCaliAnglePit:0,selfCaliAngleHrz:0,selfCaliAnglePit:0,servCaliAngleHrz:0,servCaliAnglePit:0,offlineCaliAngleHrz:0,offlineCaliAnglePit:0,determine2useFlag:0,IMU_Z_Accel:0,IMU_X_AngularRate:0,IMU_Y_AngularRate:0,IMU_RollAngle:0,IMU_PitchAngle:0,IMU_YawAngle:0,FcwID:0,FCWWarningLevel:0,FCWTTC:0
0,5.04,0,-6.99,0,0,0,0,0,0.613,5,0,0,-6.7,0,0,0,0,0.0572958,0,0,0,0,98,0,0,0,0,0,0,59,0,0.00034,0.00034,0,0,0,0,0,4,0,0,0,0,0,0,1,0,0,0,0,0,0,0,0,98,0,,0,0,0,0,
END,Total:1
START,FrameNb:139,CameraNb:0,HeSaiNb:0,ARS410Nb:0
2026/08/02 21:39:33:273---->
heightOffset:0,1785677973273,481531,selfCaliBufCnt:0,selfAccObjCnt:0,selfAccAngle:0,installHAngleOffset:0,Interpolation:0,installVAngleOffset:0,radarOffsetH:0,radarOffsetV:0.32,Polynom:-0.001023;-0.0511;-2.047;0;0;0;-0.001023;-0.0511;-2.047;-25.5;0;0,WheelDirection:0;0;0;0,selfAngleOffset:0,selfAngleOffsetPit:0,currCaliAngleHrz:0,currCaliAnglePit:0,selfCaliAngleHrz:0,selfCaliAnglePit:0,servCaliAngleHrz:0,servCaliAnglePit:0,offlineCaliAngleHrz:0,offlineCaliAnglePit:0,determine2useFlag:0,IMU_Z_Accel:0,IMU_X_AngularRate:0,IMU_Y_AngularRate:0,IMU_RollAngle:0,IMU_PitchAngle:0,IMU_YawAngle:0,FcwID:0,FCWWarningLevel:0,FCWTTC:0
0,5.04,0,-6.99,0,0,0,0,0,0.613,5,0,0,-6.7,0,0,0,0,0.0572958,0,0,0,0,98,0,0,0,0,0,0,59,0,0.00034,0.00034,0,0,0,0,0,3.8,0,0,0,0,0,0,1,0,0,0,0,0,0,0,0,98,0,,0,0,0,0,
END,Total:1
START,FrameNb:140,CameraNb:0,HeSaiNb:0,ARS410Nb:0
2026/08/02 21:39:33:319---->
heightOffset:0,1785677973319,481581,selfCaliBufCnt:0,selfAccObjCnt:0,selfAccAngle:0,installHAngleOffset:0,Interpolation:0,installVAngleOffset:0,radarOffsetH:0,radarOffsetV:0.32,Polynom:-0.001023;-0.0511;-2.047;0;0;0;-0.001023;-0.0511;-2.047;-25.5;0;0,WheelDirection:0;0;0;0,selfAngleOffset:0,selfAngleOffsetPit:0,currCaliAngleHrz:0,currCaliAnglePit:0,selfCaliAngleHrz:0,selfCaliAnglePit:0,servCaliAngleHrz:0,servCaliAnglePit:0,offlineCaliAngleHrz:0,offlineCaliAnglePit:0,determine2useFlag:0,IMU_Z_Accel:0,IMU_X_AngularRate:0,IMU_Y_AngularRate:0,IMU_RollAngle:0,IMU_PitchAngle:0,IMU_YawAngle:0,FcwID:0,FCWWarningLevel:0,FCWTTC:0
0,5.04,0,-6.99,0,0,0,0,0,0.613,5,0,0,-6.7,0,0,0,0,0.0572958,0,0,0,0,98,0,0,0,0,0,0,53,0,0.00034,0.00034,0,0,0,0,0,3.8,0,0,0,0,0,0,1,0,0,0,0,0,0,0,0,98,0,,0,0,0,0,
END,Total:1
START,FrameNb:141,CameraNb:0,HeSaiNb:0,ARS410Nb:0
2026/08/02 21:39:33:372---->
heightOffset:0,1785677973372,481631,selfCaliBufCnt:0,selfAccObjCnt:0,selfAccAngle:0,installHAngleOffset:0,Interpolation:0,installVAngleOffset:0,radarOffsetH:0,radarOffsetV:0.32,Polynom:-0.001023;-0.0511;-2.047;0;0;0;-0.001023;-0.0511;-2.047;-25.5;0;0,WheelDirection:0;0;0;0,selfAngleOffset:0,selfAngleOffsetPit:0,currCaliAngleHrz:0,currCaliAnglePit:0,selfCaliAngleHrz:0,selfCaliAnglePit:0,servCaliAngleHrz:0,servCaliAnglePit:0,offlineCaliAngleHrz:0,offlineCaliAnglePit:0,determine2useFlag:0,IMU_Z_Accel:0,IMU_X_AngularRate:0,IMU_Y_AngularRate:0,IMU_RollAngle:0,IMU_PitchAngle:0,IMU_YawAngle:0,FcwID:0,FCWWarningLevel:0,FCWTTC:0
0,5.04,0,-6.99,0,0,0,0,0,0.613,5,0,0,-6.7,0,0,0,0,0.0572958,0,0,0,0,98,0,0,0,0,0,0,58,0,0.00034,0.00034,0,0,0,0,0,3.8,0,0,0,0,0,0,1,0,0,0,0,0,0,0,0,98,0,,0,0,0,0,
END,Total:1
START,FrameNb:142,CameraNb:0,HeSaiNb:0,ARS410Nb:0
2026/08/02 21:39:33:428---->
heightOffset:0,1785677973428,481682,selfCaliBufCnt:0,selfAccObjCnt:0,selfAccAngle:0,installHAngleOffset:0,Interpolation:0,installVAngleOffset:0,radarOffsetH:0,radarOffsetV:0.32,Polynom:-0.001023;-0.0511;-2.047;0;0;0;-0.001023;-0.0511;-2.047;-25.5;0;0,WheelDirection:0;0;0;0,selfAngleOffset:0,selfAngleOffsetPit:0,currCaliAngleHrz:0,currCaliAnglePit:0,selfCaliAngleHrz:0,selfCaliAnglePit:0,servCaliAngleHrz:0,servCaliAnglePit:0,offlineCaliAngleHrz:0,offlineCaliAnglePit:0,determine2useFlag:0,IMU_Z_Accel:0,IMU_X_AngularRate:0,IMU_Y_AngularRate:0,IMU_RollAngle:0,IMU_PitchAngle:0,IMU_YawAngle:0,FcwID:0,FCWWarningLevel:0,FCWTTC:0
0,5.04,0,-6.99,0,0,0,0,0,0.613,5,0,0,-6.7,0,0,0,0,0.0572958,0,0,0,0,98,0,0,0,0,0,0,58,0,0.00034,0.00034,0,0,0,0,0,3.6,0,0,0,0,0,0,1,0,0,0,0,0,0,0,0,98,0,,0,0,0,0,
END,Total:1
START,FrameNb:143,CameraNb:0,HeSaiNb:0,ARS410Nb:0
2026/08/02 21:39:33:476---->
heightOffset:0,1785677973476,481732,selfCaliBufCnt:0,selfAccObjCnt:0,selfAccAngle:0,installHAngleOffset:0,Interpolation:0,installVAngleOffset:0,radarOffsetH:0,radarOffsetV:0.32,Polynom:-0.001023;-0.0511;-2.047;0;0;0;-0.001023;-0.0511;-2.047;-25.5;0;0,WheelDirection:0;0;0;0,selfAngleOffset:0,selfAngleOffsetPit:0,currCaliAngleHrz:0,currCaliAnglePit:0,selfCaliAngleHrz:0,selfCaliAnglePit:0,servCaliAngleHrz:0,servCaliAnglePit:0,offlineCaliAngleHrz:0,offlineCaliAnglePit:0,determine2useFlag:0,IMU_Z_Accel:0,IMU_X_AngularRate:0,IMU_Y_AngularRate:0,IMU_RollAngle:0,IMU_PitchAngle:0,IMU_YawAngle:0,FcwID:0,FCWWarningLevel:0,FCWTTC:0
0,5.04,-0.12,-6.99,0,0,0,0,0,0.613,5,-0.125,-0.125,-6.5,0,0,0,0,0.0572958,0,0,0,0,98,0,0,0,0,0,0,54,0,0.00034,0.00034,0,0,0,0,0,3.2,0,0,0,0,0,0,1,0,0,0,0,0,0,0,0,98,0,,0,0,0,0,
END,Total:1
START,FrameNb:144,CameraNb:0,HeSaiNb:0,ARS410Nb:0
2026/08/02 21:39:33:527---->
heightOffset:0,1785677973527,481781,selfCaliBufCnt:0,selfAccObjCnt:0,selfAccAngle:0,installHAngleOffset:0,Interpolation:0,installVAngleOffset:0,radarOffsetH:0,radarOffsetV:0.32,Polynom:-0.001023;-0.0511;-2.047;0;0;0;-0.001023;-0.0511;-2.047;-25.5;0;0,WheelDirection:0;0;0;0,selfAngleOffset:0,selfAngleOffsetPit:0,currCaliAngleHrz:0,currCaliAnglePit:0,selfCaliAngleHrz:0,selfCaliAnglePit:0,servCaliAngleHrz:0,servCaliAnglePit:0,offlineCaliAngleHrz:0,offlineCaliAnglePit:0,determine2useFlag:0,IMU_Z_Accel:0,IMU_X_AngularRate:0,IMU_Y_AngularRate:0,IMU_RollAngle:0,IMU_PitchAngle:0,IMU_YawAngle:0,FcwID:0,FCWWarningLevel:0,FCWTTC:0
0,5.04,-0.12,-6.99,0,0,0,0,0,0.613,5,-0.125,-0.125,-6.7,0,0,0,0,0.0572958,0,0,0,0,98,0,0,0,0,0,0,57,0,0.00034,0.00034,0,0,0,0,0,3.4,0,0,0,0,0,0,1,0,0,0,0,0,0,0,0,98,0,,0,0,0,0,
END,Total:1
START,FrameNb:145,CameraNb:0,HeSaiNb:0,ARS410Nb:0
2026/08/02 21:39:33:571---->
heightOffset:0,1785677973571,481831,selfCaliBufCnt:0,selfAccObjCnt:0,selfAccAngle:0,installHAngleOffset:0,Interpolation:0,installVAngleOffset:0,radarOffsetH:0,radarOffsetV:0.32,Polynom:-0.001023;-0.0511;-2.047;0;0;0;-0.001023;-0.0511;-2.047;-25.5;0;0,WheelDirection:0;0;0;0,selfAngleOffset:0,selfAngleOffsetPit:0,currCaliAngleHrz:0,currCaliAnglePit:0,selfCaliAngleHrz:0,selfCaliAnglePit:0,servCaliAngleHrz:0,servCaliAnglePit:0,offlineCaliAngleHrz:0,offlineCaliAnglePit:0,determine2useFlag:0,IMU_Z_Accel:0,IMU_X_AngularRate:0,IMU_Y_AngularRate:0,IMU_RollAngle:0,IMU_PitchAngle:0,IMU_YawAngle:0,FcwID:0,FCWWarningLevel:0,FCWTTC:0
0,5.04,-0.12,-6.99,0,0,0,0,0,0.613,5,-0.125,-0.125,-6.7,0,0,0,0,0.0572958,0,0,0,0,98,0,0,0,0,0,0,53,0,0.00034,0.00034,0,0,0,0,0,3.4,0,0,0,0,0,0,1,0,0,0,0,0,0,0,0,98,0,,0,0,0,0,
22,9.97,-0.12,-10.11,0,0,0,0,0,1.7505,9.8125,-0.125,-0.125,-17.7,0,0,0,0,0.0572958,0,0,0,0,65,0,0,0,0,0,0,53,0,0.00034,0.00034,0,0,0,0,0,0.2,0,0,0,0,0,0,1,0,0,0,0,0,0,0,0,68,0,,0,0,0,0,
END,Total:2
START,FrameNb:146,CameraNb:0,HeSaiNb:0,ARS410Nb:0
2026/08/02 21:39:33:623---->
heightOffset:0,1785677973623,481881,selfCaliBufCnt:0,selfAccObjCnt:0,selfAccAngle:0,installHAngleOffset:0,Interpolation:0,installVAngleOffset:0,radarOffsetH:0,radarOffsetV:0.32,Polynom:-0.001023;-0.0511;-2.047;0;0;0;-0.001023;-0.0511;-2.047;-25.5;0;0,WheelDirection:0;0;0;0,selfAngleOffset:0,selfAngleOffsetPit:0,currCaliAngleHrz:0,currCaliAnglePit:0,selfCaliAngleHrz:0,selfCaliAnglePit:0,servCaliAngleHrz:0,servCaliAnglePit:0,offlineCaliAngleHrz:0,offlineCaliAnglePit:0,determine2useFlag:0,IMU_Z_Accel:0,IMU_X_AngularRate:0,IMU_Y_AngularRate:0,IMU_RollAngle:0,IMU_PitchAngle:0,IMU_YawAngle:0,FcwID:0,FCWWarningLevel:0,FCWTTC:0
0,5.04,-0.12,-6.99,0,0,0,0,0,0.613,5,-0.125,-0.125,-6.7,0,0,0,0,0.0572958,0,0,0,0,98,0,0,0,0,0,0,65,0,0.00034,0.00034,0,0,0,0,0,3.4,0,0,0,0,0,0,1,0,0,0,0,0,0,0,0,98,0,,0,0,0,0,
22,9.97,-0.12,-10.11,0,0,0,0,0,1.7505,9.8125,-0.125,-0.125,-17.1,0,0,0,0,0.0572958,0,0,0,0,65,0,0,0,0,0,0,65,0,0.00034,0.00034,0,0,0,0,0,0.4,0,0,0,0,0,0,1,0,0,0,0,0,0,0,0,74,0,,0,0,0,0,
END,Total:2
START,FrameNb:147,CameraNb:0,HeSaiNb:0,ARS410Nb:0
2026/08/02 21:39:33:667---->
heightOffset:0,1785677973667,481931,selfCaliBufCnt:0,selfAccObjCnt:0,selfAccAngle:0,installHAngleOffset:0,Interpolation:0,installVAngleOffset:0,radarOffsetH:0,radarOffsetV:0.32,Polynom:-0.001023;-0.0511;-2.047;0;0;0;-0.001023;-0.0511;-2.047;-25.5;0;0,WheelDirection:0;0;0;0,selfAngleOffset:0,selfAngleOffsetPit:0,currCaliAngleHrz:0,currCaliAnglePit:0,selfCaliAngleHrz:0,selfCaliAnglePit:0,servCaliAngleHrz:0,servCaliAnglePit:0,offlineCaliAngleHrz:0,offlineCaliAnglePit:0,determine2useFlag:0,IMU_Z_Accel:0,IMU_X_AngularRate:0,IMU_Y_AngularRate:0,IMU_RollAngle:0,IMU_PitchAngle:0,IMU_YawAngle:0,FcwID:0,FCWWarningLevel:0,FCWTTC:0
0,5.04,-0.12,-6.99,0,0,0,0,0,0.613,5,-0.125,-0.125,-6.7,0,0,0,0,0.0572958,0,0,0,0,98,0,0,0,0,0,0,55,0,0.00034,0.00034,0,0,0,0,0,3.4,0,0,0,0,0,0,1,0,0,0,0,0,0,0,0,98,0,,0,0,0,0,
22,9.97,0,-10.11,0,0,0,0,0,1.7505,9.8125,-0.125,0,-16.7,0,0,0,0,0.0572958,0,0,0,0,65,0,0,0,0,0,0,55,0,0.00034,0.00034,0,0,0,0,0,0.4,0,0,0,0,0,0,1,0,0,0,0,0,0,0,0,79,0,,0,0,0,0,
END,Total:2
START,FrameNb:148,CameraNb:0,HeSaiNb:0,ARS410Nb:0
2026/08/02 21:39:33:720---->
heightOffset:0,1785677973720,481981,selfCaliBufCnt:0,selfAccObjCnt:0,selfAccAngle:0,installHAngleOffset:0,Interpolation:0,installVAngleOffset:0,radarOffsetH:0,radarOffsetV:0.32,Polynom:-0.001023;-0.0511;-2.047;0;0;0;-0.001023;-0.0511;-2.047;-25.5;0;0,WheelDirection:0;0;0;0,selfAngleOffset:0,selfAngleOffsetPit:0,currCaliAngleHrz:0,currCaliAnglePit:0,selfCaliAngleHrz:0,selfCaliAnglePit:0,servCaliAngleHrz:0,servCaliAnglePit:0,offlineCaliAngleHrz:0,offlineCaliAnglePit:0,determine2useFlag:0,IMU_Z_Accel:0,IMU_X_AngularRate:0,IMU_Y_AngularRate:0,IMU_RollAngle:0,IMU_PitchAngle:0,IMU_YawAngle:0,FcwID:0,FCWWarningLevel:0,FCWTTC:0
0,5.04,-0.12,-6.99,0,0,0,0,0,0.613,5,-0.125,-0.125,-6.7,0,0,0,0,0.0572958,0,0,0,0,98,0,0,0,0,0,0,58,0,0.00034,0.00034,0,0,0,0,0,3.4,0,0,0,0,0,0,1,0,0,0,0,0,0,0,0,98,0,,0,0,0,0,
22,9.97,0,-10.11,0,0,0,0,0,1.7505,9.8125,-0.125,0,-16.3,0,0,0,0,0.0572958,0,0,0,0,65,0,0,0,0,0,0,58,0,0.00034,0.00034,0,0,0,0,0,0.6,0,0,0,0,0,0,1,0,0,0,0,0,0,0,0,84,0,,0,0,0,0,
END,Total:2
START,FrameNb:149,CameraNb:0,HeSaiNb:0,ARS410Nb:0
2026/08/02 21:39:33:774---->
heightOffset:0,1785677973774,482031,selfCaliBufCnt:0,selfAccObjCnt:0,selfAccAngle:0,installHAngleOffset:0,Interpolation:0,installVAngleOffset:0,radarOffsetH:0,radarOffsetV:0.32,Polynom:-0.001023;-0.0511;-2.047;0;0;0;-0.001023;-0.0511;-2.047;-25.5;0;0,WheelDirection:0;0;0;0,selfAngleOffset:0,selfAngleOffsetPit:0,currCaliAngleHrz:0,currCaliAnglePit:0,selfCaliAngleHrz:0,selfCaliAnglePit:0,servCaliAngleHrz:0,servCaliAnglePit:0,offlineCaliAngleHrz:0,offlineCaliAnglePit:0,determine2useFlag:0,IMU_Z_Accel:0,IMU_X_AngularRate:0,IMU_Y_AngularRate:0,IMU_RollAngle:0,IMU_PitchAngle:0,IMU_YawAngle:0,FcwID:0,FCWWarningLevel:0,FCWTTC:0
0,5.04,-0.12,-6.99,0,0,0,0,0,0.613,5,-0.125,-0.125,-6.7,0,0,0,0,0.0572958,0,0,0,0,98,0,0,0,0,0,0,54,0,0.00034,0.00034,0,0,0,0,0,3.4,0,0,0,0,0,0,1,0,0,0,0,0,0,0,0,98,0,,0,0,0,0,
22,9.97,0,-10.11,0,0,0,0,0,1.7505,9.8125,-0.125,0,-16.3,0,0,0,0,0.0572958,0,0,0,0,65,0,0,0,0,0,0,54,0,0.00034,0.00034,0,0,0,0,0,0.6,0,0,0,0,0,0,1,0,0,0,0,0,0,0,0,84,0,,0,0,0,0,
END,Total:2
START,FrameNb:150,CameraNb:0,HeSaiNb:0,ARS410Nb:0
2026/08/02 21:39:33:822---->
heightOffset:0,1785677973822,482081,selfCaliBufCnt:0,selfAccObjCnt:0,selfAccAngle:0,installHAngleOffset:0,Interpolation:0,installVAngleOffset:0,radarOffsetH:0,radarOffsetV:0.32,Polynom:-0.001023;-0.0511;-2.047;0;0;0;-0.001023;-0.0511;-2.047;-25.5;0;0,WheelDirection:0;0;0;0,selfAngleOffset:0,selfAngleOffsetPit:0,currCaliAngleHrz:0,currCaliAnglePit:0,selfCaliAngleHrz:0,selfCaliAnglePit:0,servCaliAngleHrz:0,servCaliAnglePit:0,offlineCaliAngleHrz:0,offlineCaliAnglePit:0,determine2useFlag:0,IMU_Z_Accel:0,IMU_X_AngularRate:0,IMU_Y_AngularRate:0,IMU_RollAngle:0,IMU_PitchAngle:0,IMU_YawAngle:0,FcwID:0,FCWWarningLevel:0,FCWTTC:0
0,5.04,-0.12,-6.99,0,0,0,0,0,0.613,5,-0.125,-0.125,-6.5,0,0,0,0,0.0572958,0,0,0,0,98,0,0,0,0,0,0,54,0,0.00034,0.00034,0,0,0,0,0,3.2,0,0,0,0,0,0,1,0,0,0,0,0,0,0,0,98,0,,0,0,0,0,
22,9.98,0,-10.61,0,0,0,0,0,1.838,9.8125,-0.125,0,-15.9,0,0,0,0,0.0572958,0,0,0,0,65,0,0,0,0,0,0,54,0,0.00034,0.00034,0,0,0,0,0,0.6,0,0,0,0,0,0,1,0,0,0,0,0,0,0,0,87,0,,0,0,0,0,
END,Total:2
START,FrameNb:151,CameraNb:0,HeSaiNb:0,ARS410Nb:0
2026/08/02 21:39:33:872---->
heightOffset:0,1785677973872,482133,selfCaliBufCnt:0,selfAccObjCnt:0,selfAccAngle:0,installHAngleOffset:0,Interpolation:0,installVAngleOffset:0,radarOffsetH:0,radarOffsetV:0.32,Polynom:-0.001023;-0.0511;-2.047;0;0;0;-0.001023;-0.0511;-2.047;-25.5;0;0,WheelDirection:0;0;0;0,selfAngleOffset:0,selfAngleOffsetPit:0,currCaliAngleHrz:0,currCaliAnglePit:0,selfCaliAngleHrz:0,selfCaliAnglePit:0,servCaliAngleHrz:0,servCaliAnglePit:0,offlineCaliAngleHrz:0,offlineCaliAnglePit:0,determine2useFlag:0,IMU_Z_Accel:0,IMU_X_AngularRate:0,IMU_Y_AngularRate:0,IMU_RollAngle:0,IMU_PitchAngle:0,IMU_YawAngle:0,FcwID:0,FCWWarningLevel:0,FCWTTC:0
0,5.04,-0.12,-6.99,0,0,0,0,0,0.613,5,-0.125,-0.125,-6.5,0,0,0,0,0.0572958,0,0,0,0,98,0,0,0,0,0,0,57,0,0.00034,0.00034,0,0,0,0,0,3.2,0,0,0,0,0,0,1,0,0,0,0,0,0,0,0,98,0,,0,0,0,0,
22,9.98,0,-10.61,0,0,0,0,0,1.838,9.8125,-0.25,0,-15.7,0,0,0,0,0.0572958,0,0,0,0,65,0,0,0,0,0,0,57,0,0.00034,0.00034,0,0,0,0,0,0.8,0,0,0,0,0,0,1,0,0,0,0,0,0,0,0,89,0,,0,0,0,0,
END,Total:2
START,FrameNb:152,CameraNb:0,HeSaiNb:0,ARS410Nb:0
2026/08/02 21:39:33:918---->
heightOffset:0,1785677973918,482181,selfCaliBufCnt:0,selfAccObjCnt:0,selfAccAngle:0,installHAngleOffset:0,Interpolation:0,installVAngleOffset:0,radarOffsetH:0,radarOffsetV:0.32,Polynom:-0.001023;-0.0511;-2.047;0;0;0;-0.001023;-0.0511;-2.047;-25.5;0;0,WheelDirection:0;0;0;0,selfAngleOffset:0,selfAngleOffsetPit:0,currCaliAngleHrz:0,currCaliAnglePit:0,selfCaliAngleHrz:0,selfCaliAnglePit:0,servCaliAngleHrz:0,servCaliAnglePit:0,offlineCaliAngleHrz:0,offlineCaliAnglePit:0,determine2useFlag:0,IMU_Z_Accel:0,IMU_X_AngularRate:0,IMU_Y_AngularRate:0,IMU_RollAngle:0,IMU_PitchAngle:0,IMU_YawAngle:0,FcwID:0,FCWWarningLevel:0,FCWTTC:0
0,5.04,-0.12,-6.99,0,0,0,0,0,0.613,5,-0.125,-0.125,-6.5,0,0,0,0,0.0572958,0,0,0,0,98,0,0,0,0,0,0,54,0,0.00034,0.00034,0,0,0,0,0,3.2,0,0,0,0,0,0,1,0,0,0,0,0,0,0,0,98,0,,0,0,0,0,
22,9.98,0,-10.61,0,0,0,0,0,1.838,9.8125,-0.25,0,-15.5,0,0,0,0,0.0572958,0,0,0,0,65,0,0,0,0,0,0,54,0,0.00034,0.00034,0,0,0,0,0,0.8,0,0,0,0,0,0,1,0,0,0,0,0,0,0,0,92,0,,0,0,0,0,
END,Total:2
START,FrameNb:153,CameraNb:0,HeSaiNb:0,ARS410Nb:0
2026/08/02 21:39:33:965---->
heightOffset:0,1785677973965,482231,selfCaliBufCnt:0,selfAccObjCnt:0,selfAccAngle:0,installHAngleOffset:0,Interpolation:0,installVAngleOffset:0,radarOffsetH:0,radarOffsetV:0.32,Polynom:-0.001023;-0.0511;-2.047;0;0;0;-0.001023;-0.0511;-2.047;-25.5;0;0,WheelDirection:0;0;0;0,selfAngleOffset:0,selfAngleOffsetPit:0,currCaliAngleHrz:0,currCaliAnglePit:0,selfCaliAngleHrz:0,selfCaliAnglePit:0,servCaliAngleHrz:0,servCaliAnglePit:0,offlineCaliAngleHrz:0,offlineCaliAnglePit:0,determine2useFlag:0,IMU_Z_Accel:0,IMU_X_AngularRate:0,IMU_Y_AngularRate:0,IMU_RollAngle:0,IMU_PitchAngle:0,IMU_YawAngle:0,FcwID:0,FCWWarningLevel:0,FCWTTC:0
0,5.04,-0.12,-6.99,0,0,0,0,0,0.613,5,-0.125,-0.125,-6.7,0,0,0,0,0.0572958,0,0,0,0,98,0,0,0,0,0,0,59,0,0.00034,0.00034,0,0,0,0,0,3.4,0,0,0,0,0,0,1,0,0,0,0,0,0,0,0,98,0,,0,0,0,0,
22,9.98,0,-10.61,0,0,0,0,0,1.838,9.8125,-0.25,0,-15.5,0,0,0,0,0.0572958,0,0,0,0,65,0,0,0,0,0,0,59,0,0.00034,0.00034,0,0,0,0,0,0.6,0,0,0,0,0,0,1,0,0,0,0,0,0,0,0,93,0,,0,0,0,0,
END,Total:2
START,FrameNb:154,CameraNb:0,HeSaiNb:0,ARS410Nb:0
2026/08/02 21:39:34:023---->
heightOffset:0,1785677974023,482281,selfCaliBufCnt:0,selfAccObjCnt:0,selfAccAngle:0,installHAngleOffset:0,Interpolation:0,installVAngleOffset:0,radarOffsetH:0,radarOffsetV:0.32,Polynom:-0.001023;-0.0511;-2.047;0;0;0;-0.001023;-0.0511;-2.047;-25.5;0;0,WheelDirection:0;0;0;0,selfAngleOffset:0,selfAngleOffsetPit:0,currCaliAngleHrz:0,currCaliAnglePit:0,selfCaliAngleHrz:0,selfCaliAnglePit:0,servCaliAngleHrz:0,servCaliAnglePit:0,offlineCaliAngleHrz:0,offlineCaliAnglePit:0,determine2useFlag:0,IMU_Z_Accel:0,IMU_X_AngularRate:0,IMU_Y_AngularRate:0,IMU_RollAngle:0,IMU_PitchAngle:0,IMU_YawAngle:0,FcwID:0,FCWWarningLevel:0,FCWTTC:0
0,5.04,-0.12,-6.99,0,0,0,0,0,0.613,5,-0.125,-0.125,-6.7,0,0,0,0,0.0572958,0,0,0,0,98,0,0,0,0,0,0,58,0,0.00034,0.00034,0,0,0,0,0,3.4,0,0,0,0,0,0,1,0,0,0,0,0,0,0,0,98,0,,0,0,0,0,
22,9.98,-0.12,-10.61,0,0,0,0,0,1.838,9.8125,-0.25,-0.125,-15.7,0,0,0,0,0.0572958,0,0,0,0,65,0,0,0,0,0,0,58,0,0.00034,0.00034,0,0,0,0,0,0.6,0,0,0,0,0,0,1,0,0,0,0,0,0,0,0,94,0,,0,0,0,0,
END,Total:2
START,FrameNb:155,CameraNb:0,HeSaiNb:0,ARS410Nb:0
2026/08/02 21:39:34:072---->
heightOffset:0,1785677974072,482331,selfCaliBufCnt:0,selfAccObjCnt:0,selfAccAngle:0,installHAngleOffset:0,Interpolation:0,installVAngleOffset:0,radarOffsetH:0,radarOffsetV:0.32,Polynom:-0.001023;-0.0511;-2.047;0;0;0;-0.001023;-0.0511;-2.047;-25.5;0;0,WheelDirection:0;0;0;0,selfAngleOffset:0,selfAngleOffsetPit:0,currCaliAngleHrz:0,currCaliAnglePit:0,selfCaliAngleHrz:0,selfCaliAnglePit:0,servCaliAngleHrz:0,servCaliAnglePit:0,offlineCaliAngleHrz:0,offlineCaliAnglePit:0,determine2useFlag:0,IMU_Z_Accel:0,IMU_X_AngularRate:0,IMU_Y_AngularRate:0,IMU_RollAngle:0,IMU_PitchAngle:0,IMU_YawAngle:0,FcwID:0,FCWWarningLevel:0,FCWTTC:0
0,5.04,-0.12,-6.99,0,0,0,0,0,0.613,5,-0.125,-0.125,-6.7,0,0,0,0,0.0572958,0,0,0,0,98,0,0,0,0,0,0,61,0,0.00034,0.00034,0,0,0,0,0,3.4,0,0,0,0,0,0,1,0,0,0,0,0,0,0,0,98,0,,0,0,0,0,
22,9.98,-0.12,-10.61,0,0,0,0,0,1.838,9.8125,-0.25,-0.125,-15.7,0,0,0,0,0.0572958,0,0,0,0,65,0,0,0,0,0,0,61,0,0.00034,0.00034,0,0,0,0,0,0.4,0,0,0,0,0,0,1,0,0,0,0,0,0,0,0,95,0,,0,0,0,0,
END,Total:2
START,FrameNb:156,CameraNb:0,HeSaiNb:0,ARS410Nb:0
2026/08/02 21:39:34:121---->
heightOffset:0,1785677974121,482381,selfCaliBufCnt:0,selfAccObjCnt:0,selfAccAngle:0,installHAngleOffset:0,Interpolation:0,installVAngleOffset:0,radarOffsetH:0,radarOffsetV:0.32,Polynom:-0.001023;-0.0511;-2.047;0;0;0;-0.001023;-0.0511;-2.047;-25.5;0;0,WheelDirection:0;0;0;0,selfAngleOffset:0,selfAngleOffsetPit:0,currCaliAngleHrz:0,currCaliAnglePit:0,selfCaliAngleHrz:0,selfCaliAnglePit:0,servCaliAngleHrz:0,servCaliAnglePit:0,offlineCaliAngleHrz:0,offlineCaliAnglePit:0,determine2useFlag:0,IMU_Z_Accel:0,IMU_X_AngularRate:0,IMU_Y_AngularRate:0,IMU_RollAngle:0,IMU_PitchAngle:0,IMU_YawAngle:0,FcwID:0,FCWWarningLevel:0,FCWTTC:0
0,5.04,-0.12,-6.99,0,0,0,0,0,0.613,5,-0.125,-0.125,-6.7,0,0,0,0,0.0572958,0,0,0,0,98,0,0,0,0,0,0,53,0,0.00034,0.00034,0,0,0,0,0,3.4,0,0,0,0,0,0,1,0,0,0,0,0,0,0,0,98,0,,0,0,0,0,
22,9.98,-0.12,-10.61,0,0,0,0,0,1.838,9.8125,-0.25,-0.125,-15.7,0,0,0,0,0.0572958,0,0,0,0,65,0,0,0,0,0,0,53,0,0.00034,0.00034,0,0,0,0,0,0.4,0,0,0,0,0,0,1,0,0,0,0,0,0,0,0,95,0,,0,0,0,0,
END,Total:2
START,FrameNb:157,CameraNb:0,HeSaiNb:0,ARS410Nb:0
2026/08/02 21:39:34:165---->
heightOffset:0,1785677974165,482431,selfCaliBufCnt:0,selfAccObjCnt:0,selfAccAngle:0,installHAngleOffset:0,Interpolation:0,installVAngleOffset:0,radarOffsetH:0,radarOffsetV:0.32,Polynom:-0.001023;-0.0511;-2.047;0;0;0;-0.001023;-0.0511;-2.047;-25.5;0;0,WheelDirection:0;0;0;0,selfAngleOffset:0,selfAngleOffsetPit:0,currCaliAngleHrz:0,currCaliAnglePit:0,selfCaliAngleHrz:0,selfCaliAnglePit:0,servCaliAngleHrz:0,servCaliAnglePit:0,offlineCaliAngleHrz:0,offlineCaliAnglePit:0,determine2useFlag:0,IMU_Z_Accel:0,IMU_X_AngularRate:0,IMU_Y_AngularRate:0,IMU_RollAngle:0,IMU_PitchAngle:0,IMU_YawAngle:0,FcwID:0,FCWWarningLevel:0,FCWTTC:0
0,5.04,-0.12,-6.99,0,0,0,0,0,0.613,5,-0.125,-0.125,-6.7,0,0,0,0,0.0572958,0,0,0,0,98,0,0,0,0,0,0,58,0,0.00034,0.00034,0,0,0,0,0,3.4,0,0,0,0,0,0,1,0,0,0,0,0,0,0,0,98,0,,0,0,0,0,
22,9.98,-0.12,-10.61,0,0,0,0,0,1.838,9.8125,-0.25,-0.125,-15.7,0,0,0,0,0.0572958,0,0,0,0,65,0,0,0,0,0,0,58,0,0.00034,0.00034,0,0,0,0,0,0.4,0,0,0,0,0,0,1,0,0,0,0,0,0,0,0,95,0,,0,0,0,0,
END,Total:2
START,FrameNb:158,CameraNb:0,HeSaiNb:0,ARS410Nb:0
2026/08/02 21:39:34:226---->
heightOffset:0,1785677974226,482481,selfCaliBufCnt:0,selfAccObjCnt:0,selfAccAngle:0,installHAngleOffset:0,Interpolation:0,installVAngleOffset:0,radarOffsetH:0,radarOffsetV:0.32,Polynom:-0.001023;-0.0511;-2.047;0;0;0;-0.001023;-0.0511;-2.047;-25.5;0;0,WheelDirection:0;0;0;0,selfAngleOffset:0,selfAngleOffsetPit:0,currCaliAngleHrz:0,currCaliAnglePit:0,selfCaliAngleHrz:0,selfCaliAnglePit:0,servCaliAngleHrz:0,servCaliAnglePit:0,offlineCaliAngleHrz:0,offlineCaliAnglePit:0,determine2useFlag:0,IMU_Z_Accel:0,IMU_X_AngularRate:0,IMU_Y_AngularRate:0,IMU_RollAngle:0,IMU_PitchAngle:0,IMU_YawAngle:0,FcwID:0,FCWWarningLevel:0,FCWTTC:0
0,5.04,-0.12,-6.99,0,0,0,0,0,0.613,5,-0.125,-0.125,-6.7,0,0,0,0,0.0572958,0,0,0,0,98,0,0,0,0,0,0,58,0,0.00034,0.00034,0,0,0,0,0,3.4,0,0,0,0,0,0,1,0,0,0,0,0,0,0,0,98,0,,0,0,0,0,
22,9.98,-0.12,-10.61,0,0,0,0,0,1.838,9.8125,-0.25,-0.125,-15.7,0,0,0,0,0.0572958,0,0,0,0,65,0,0,0,0,0,0,58,0,0.00034,0.00034,0,0,0,0,0,0.2,0,0,0,0,0,0,1,0,0,0,0,0,0,0,0,95,0,,0,0,0,0,
END,Total:2
START,FrameNb:159,CameraNb:0,HeSaiNb:0,ARS410Nb:0
2026/08/02 21:39:34:277---->
heightOffset:0,1785677974277,482531,selfCaliBufCnt:0,selfAccObjCnt:0,selfAccAngle:0,installHAngleOffset:0,Interpolation:0,installVAngleOffset:0,radarOffsetH:0,radarOffsetV:0.32,Polynom:-0.001023;-0.0511;-2.047;0;0;0;-0.001023;-0.0511;-2.047;-25.5;0;0,WheelDirection:0;0;0;0,selfAngleOffset:0,selfAngleOffsetPit:0,currCaliAngleHrz:0,currCaliAnglePit:0,selfCaliAngleHrz:0,selfCaliAnglePit:0,servCaliAngleHrz:0,servCaliAnglePit:0,offlineCaliAngleHrz:0,offlineCaliAnglePit:0,determine2useFlag:0,IMU_Z_Accel:0,IMU_X_AngularRate:0,IMU_Y_AngularRate:0,IMU_RollAngle:0,IMU_PitchAngle:0,IMU_YawAngle:0,FcwID:0,FCWWarningLevel:0,FCWTTC:0
0,5.04,-0.12,-6.99,0,0,0,0,0,0.613,5,-0.125,-0.125,-6.7,0,0,0,0,0.0572958,0,0,0,0,98,0,0,0,0,0,0,54,0,0.00034,0.00034,0,0,0,0,0,3.4,0,0,0,0,0,0,1,0,0,0,0,0,0,0,0,98,0,,0,0,0,0,
22,9.98,-0.12,-10.61,0,0,0,0,0,1.838,9.8125,-0.25,-0.125,-15.7,0,0,0,0,0.0572958,0,0,0,0,65,0,0,0,0,0,0,54,0,0.00034,0.00034,0,0,0,0,0,0.2,0,0,0,0,0,0,1,0,0,0,0,0,0,0,0,95,0,,0,0,0,0,
END,Total:2
START,FrameNb:160,CameraNb:0,HeSaiNb:0,ARS410Nb:0
2026/08/02 21:39:34:320---->
heightOffset:0,1785677974320,482581,selfCaliBufCnt:0,selfAccObjCnt:0,selfAccAngle:0,installHAngleOffset:0,Interpolation:0,installVAngleOffset:0,radarOffsetH:0,radarOffsetV:0.32,Polynom:-0.001023;-0.0511;-2.047;0;0;0;-0.001023;-0.0511;-2.047;-25.5;0;0,WheelDirection:0;0;0;0,selfAngleOffset:0,selfAngleOffsetPit:0,currCaliAngleHrz:0,currCaliAnglePit:0,selfCaliAngleHrz:0,selfCaliAnglePit:0,servCaliAngleHrz:0,servCaliAnglePit:0,offlineCaliAngleHrz:0,offlineCaliAnglePit:0,determine2useFlag:0,IMU_Z_Accel:0,IMU_X_AngularRate:0,IMU_Y_AngularRate:0,IMU_RollAngle:0,IMU_PitchAngle:0,IMU_YawAngle:0,FcwID:0,FCWWarningLevel:0,FCWTTC:0
0,5.04,-0.12,-6.99,0,0,0,0,0,0.613,5,-0.125,-0.125,-6.7,0,0,0,0,0.0572958,0,0,0,0,98,0,0,0,0,0,0,57,0,0.00034,0.00034,0,0,0,0,0,3.4,0,0,0,0,0,0,1,0,0,0,0,0,0,0,0,98,0,,0,0,0,0,
22,10,-0.12,-11.1,0,0,0,0,0,1.9255,9.8125,-0.25,-0.125,-15.7,0,0,0,0,0.0572958,0,0,0,0,65,0,0,0,0,0,0,57,0,0.00034,0.00034,0,0,0,0,0,0,0,0,0,0,0,0,1,0,0,0,0,0,0,0,0,95,0,,0,0,0,0,
END,Total:2
START,FrameNb:161,CameraNb:0,HeSaiNb:0,ARS410Nb:0
2026/08/02 21:39:34:369---->
heightOffset:0,1785677974369,482631,selfCaliBufCnt:0,selfAccObjCnt:0,selfAccAngle:0,installHAngleOffset:0,Interpolation:0,installVAngleOffset:0,radarOffsetH:0,radarOffsetV:0.32,Polynom:-0.001023;-0.0511;-2.047;0;0;0;-0.001023;-0.0511;-2.047;-25.5;0;0,WheelDirection:0;0;0;0,selfAngleOffset:0,selfAngleOffsetPit:0,currCaliAngleHrz:0,currCaliAnglePit:0,selfCaliAngleHrz:0,selfCaliAnglePit:0,servCaliAngleHrz:0,servCaliAnglePit:0,offlineCaliAngleHrz:0,offlineCaliAnglePit:0,determine2useFlag:0,IMU_Z_Accel:0,IMU_X_AngularRate:0,IMU_Y_AngularRate:0,IMU_RollAngle:0,IMU_PitchAngle:0,IMU_YawAngle:0,FcwID:0,FCWWarningLevel:0,FCWTTC:0
0,5.04,0,-6.99,0,0,0,0,0,0.613,5,-0.125,0,-6.7,0,0,0,0,0.0572958,0,0,0,0,98,0,0,0,0,0,0,54,0,0.00034,0.00034,0,0,0,0,0,3.4,0,0,0,0,0,0,1,0,0,0,0,0,0,0,0,98,0,,0,0,0,0,
22,10,-0.12,-11.1,0,0,0,0,0,1.9255,9.8125,-0.25,-0.125,-15.7,0,0,0,0,0.0572958,0,0,0,0,65,0,0,0,0,0,0,54,0,0.00034,0.00034,0,0,0,0,0,0,0,0,0,0,0,0,1,0,0,0,0,0,0,0,0,94,0,,0,0,0,0,
END,Total:2
START,FrameNb:162,CameraNb:0,HeSaiNb:0,ARS410Nb:0
2026/08/02 21:39:34:415---->
heightOffset:0,1785677974415,482681,selfCaliBufCnt:0,selfAccObjCnt:0,selfAccAngle:0,installHAngleOffset:0,Interpolation:0,installVAngleOffset:0,radarOffsetH:0,radarOffsetV:0.32,Polynom:-0.001023;-0.0511;-2.047;0;0;0;-0.001023;-0.0511;-2.047;-25.5;0;0,WheelDirection:0;0;0;0,selfAngleOffset:0,selfAngleOffsetPit:0,currCaliAngleHrz:0,currCaliAnglePit:0,selfCaliAngleHrz:0,selfCaliAnglePit:0,servCaliAngleHrz:0,servCaliAnglePit:0,offlineCaliAngleHrz:0,offlineCaliAnglePit:0,determine2useFlag:0,IMU_Z_Accel:0,IMU_X_AngularRate:0,IMU_Y_AngularRate:0,IMU_RollAngle:0,IMU_PitchAngle:0,IMU_YawAngle:0,FcwID:0,FCWWarningLevel:0,FCWTTC:0
0,5.04,0,-6.99,0,0,0,0,0,0.613,5,-0.125,0,-6.7,0,0,0,0,0.0572958,0,0,0,0,98,0,0,0,0,0,0,61,0,0.00034,0.00034,0,0,0,0,0,3.4,0,0,0,0,0,0,1,0,0,0,0,0,0,0,0,98,0,,0,0,0,0,
22,10,-0.12,-11.1,0,0,0,0,0,1.9255,9.8125,-0.25,-0.125,-15.7,0,0,0,0,0.0572958,0,0,0,0,65,0,0,0,0,0,0,61,0,0.00034,0.00034,0,0,0,0,0,0,0,0,0,0,0,0,1,0,0,0,0,0,0,0,0,94,0,,0,0,0,0,
23,9.21,-0.11,28.98,0,0,0,0,0,-4.462,8.0625,-0.125,-0.125,-2.5,0,0,0,0,0.0572958,0,0,0,0,82,0,0,0,0,0,0,61,0,0.00034,0.00034,0,0,0,0,0,0.8,0,0,0,0,0,0,1,0,0,0,0,0,0,0,0,69,0,,0,0,0,0,
END,Total:3
START,FrameNb:163,CameraNb:0,HeSaiNb:0,ARS410Nb:0
2026/08/02 21:39:34:475---->
heightOffset:0,1785677974475,482731,selfCaliBufCnt:0,selfAccObjCnt:0,selfAccAngle:0,installHAngleOffset:0,Interpolation:0,installVAngleOffset:0,radarOffsetH:0,radarOffsetV:0.32,Polynom:-0.001023;-0.0511;-2.047;0;0;0;-0.001023;-0.0511;-2.047;-25.5;0;0,WheelDirection:0;0;0;0,selfAngleOffset:0,selfAngleOffsetPit:0,currCaliAngleHrz:0,currCaliAnglePit:0,selfCaliAngleHrz:0,selfCaliAnglePit:0,servCaliAngleHrz:0,servCaliAnglePit:0,offlineCaliAngleHrz:0,offlineCaliAnglePit:0,determine2useFlag:0,IMU_Z_Accel:0,IMU_X_AngularRate:0,IMU_Y_AngularRate:0,IMU_RollAngle:0,IMU_PitchAngle:0,IMU_YawAngle:0,FcwID:0,FCWWarningLevel:0,FCWTTC:0
0,5.04,0,-6.99,0,0,0,0,0,0.613,5,-0.125,0,-6.7,0,0,0,0,0.0572958,0,0,0,0,98,0,0,0,0,0,0,58,0,0.00034,0.00034,0,0,0,0,0,3.4,0,0,0,0,0,0,1,0,0,0,0,0,0,0,0,98,0,,0,0,0,0,
22,10,-0.12,-11.1,0,0,0,0,0,1.9255,9.8125,-0.25,-0.125,-15.7,0,0,0,0,0.0572958,0,0,0,0,65,0,0,0,0,0,0,58,0,0.00034,0.00034,0,0,0,0,0,0,0,0,0,0,0,0,1,0,0,0,0,0,0,0,0,93,0,,0,0,0,0,
23,9.21,-0.11,28.98,0,0,0,0,0,-4.462,8.0625,-0.125,-0.125,-2.5,0,0,0,0,0.0572958,0,0,0,0,83,0,0,0,0,0,0,58,0,0.00034,0.00034,0,0,0,0,0,0.8,0,0,0,0,0,0,1,0,0,0,0,0,0,0,0,75,0,,0,0,0,0,
END,Total:3
START,FrameNb:164,CameraNb:0,HeSaiNb:0,ARS410Nb:0
2026/08/02 21:39:34:528---->
heightOffset:0,1785677974528,482781,selfCaliBufCnt:0,selfAccObjCnt:0,selfAccAngle:0,installHAngleOffset:0,Interpolation:0,installVAngleOffset:0,radarOffsetH:0,radarOffsetV:0.32,Polynom:-0.001023;-0.0511;-2.047;0;0;0;-0.001023;-0.0511;-2.047;-25.5;0;0,WheelDirection:0;0;0;0,selfAngleOffset:0,selfAngleOffsetPit:0,currCaliAngleHrz:0,currCaliAnglePit:0,selfCaliAngleHrz:0,selfCaliAnglePit:0,servCaliAngleHrz:0,servCaliAnglePit:0,offlineCaliAngleHrz:0,offlineCaliAnglePit:0,determine2useFlag:0,IMU_Z_Accel:0,IMU_X_AngularRate:0,IMU_Y_AngularRate:0,IMU_RollAngle:0,IMU_PitchAngle:0,IMU_YawAngle:0,FcwID:0,FCWWarningLevel:0,FCWTTC:0
0,5.04,0,-6.99,0,0,0,0,0,0.613,5,-0.125,0,-6.7,0,0,0,0,0.0572958,0,0,0,0,98,0,0,0,0,0,0,59,0,0.00034,0.00034,0,0,0,0,0,3.4,0,0,0,0,0,0,1,0,0,0,0,0,0,0,0,98,0,,0,0,0,0,
22,10,-0.12,-11.1,0,0,0,0,0,1.9255,9.8125,-0.25,-0.125,-15.7,0,0,0,0,0.0572958,0,0,0,0,65,0,0,0,0,0,0,59,0,0.00034,0.00034,0,0,0,0,0,0,0,0,0,0,0,0,1,0,0,0,0,0,0,0,0,92,0,,0,0,0,0,
23,9.21,-0.11,28.98,0,0,0,0,0,-4.462,8.0625,-0.125,-0.125,-2.5,0,0,0,0,0.0572958,0,0,0,0,84,0,0,0,0,0,0,59,0,0.00034,0.00034,0,0,0,0,0,0.8,0,0,0,0,0,0,1,0,0,0,0,0,0,0,0,80,0,,0,0,0,0,
END,Total:3
START,FrameNb:165,CameraNb:0,HeSaiNb:0,ARS410Nb:0
2026/08/02 21:39:34:570---->
heightOffset:0,1785677974570,482831,selfCaliBufCnt:0,selfAccObjCnt:0,selfAccAngle:0,installHAngleOffset:0,Interpolation:0,installVAngleOffset:0,radarOffsetH:0,radarOffsetV:0.32,Polynom:-0.001023;-0.0511;-2.047;0;0;0;-0.001023;-0.0511;-2.047;-25.5;0;0,WheelDirection:0;0;0;0,selfAngleOffset:0,selfAngleOffsetPit:0,currCaliAngleHrz:0,currCaliAnglePit:0,selfCaliAngleHrz:0,selfCaliAnglePit:0,servCaliAngleHrz:0,servCaliAnglePit:0,offlineCaliAngleHrz:0,offlineCaliAnglePit:0,determine2useFlag:0,IMU_Z_Accel:0,IMU_X_AngularRate:0,IMU_Y_AngularRate:0,IMU_RollAngle:0,IMU_PitchAngle:0,IMU_YawAngle:0,FcwID:0,FCWWarningLevel:0,FCWTTC:0
0,5.04,0,-6.99,0,0,0,0,0,0.613,5,-0.125,0,-6.7,0,0,0,0,0.0572958,0,0,0,0,98,0,0,0,0,0,0,53,0,0.00034,0.00034,0,0,0,0,0,3.4,0,0,0,0,0,0,1,0,0,0,0,0,0,0,0,98,0,,0,0,0,0,
23,9.21,-0.11,28.98,0,0,0,0,0,-4.462,8.0625,0,-0.125,-2.5,0,0,0,0,0.0572958,0,0,0,0,85,0,0,0,0,0,0,53,0,0.00034,0.00034,0,0,0,0,0,0.8,0,0,0,0,0,0,1,0,0,0,0,0,0,0,0,84,0,,0,0,0,0,
END,Total:2
START,FrameNb:166,CameraNb:0,HeSaiNb:0,ARS410Nb:0
2026/08/02 21:39:34:622---->
heightOffset:0,1785677974622,482881,selfCaliBufCnt:0,selfAccObjCnt:0,selfAccAngle:0,installHAngleOffset:0,Interpolation:0,installVAngleOffset:0,radarOffsetH:0,radarOffsetV:0.32,Polynom:-0.001023;-0.0511;-2.047;0;0;0;-0.001023;-0.0511;-2.047;-25.5;0;0,WheelDirection:0;0;0;0,selfAngleOffset:0,selfAngleOffsetPit:0,currCaliAngleHrz:0,currCaliAnglePit:0,selfCaliAngleHrz:0,selfCaliAnglePit:0,servCaliAngleHrz:0,servCaliAnglePit:0,offlineCaliAngleHrz:0,offlineCaliAnglePit:0,determine2useFlag:0,IMU_Z_Accel:0,IMU_X_AngularRate:0,IMU_Y_AngularRate:0,IMU_RollAngle:0,IMU_PitchAngle:0,IMU_YawAngle:0,FcwID:0,FCWWarningLevel:0,FCWTTC:0
0,5.04,0,-6.99,0,0,0,0,0,0.613,5,-0.125,0,-6.7,0,0,0,0,0.0572958,0,0,0,0,98,0,0,0,0,0,0,58,0,0.00034,0.00034,0,0,0,0,0,3.4,0,0,0,0,0,0,1,0,0,0,0,0,0,0,0,98,0,,0,0,0,0,
23,9.21,-0.11,28.98,0,0,0,0,0,-4.462,8.0625,0,-0.125,-2.5,0,0,0,0,0.0572958,0,0,0,0,85,0,0,0,0,0,0,58,0,0.00034,0.00034,0,0,0,0,0,0.8,0,0,0,0,0,0,1,0,0,0,0,0,0,0,0,84,0,,0,0,0,0,
END,Total:2
START,FrameNb:167,CameraNb:0,HeSaiNb:0,ARS410Nb:0
2026/08/02 21:39:34:666---->
heightOffset:0,1785677974666,482932,selfCaliBufCnt:0,selfAccObjCnt:0,selfAccAngle:0,installHAngleOffset:0,Interpolation:0,installVAngleOffset:0,radarOffsetH:0,radarOffsetV:0.32,Polynom:-0.001023;-0.0511;-2.047;0;0;0;-0.001023;-0.0511;-2.047;-25.5;0;0,WheelDirection:0;0;0;0,selfAngleOffset:0,selfAngleOffsetPit:0,currCaliAngleHrz:0,currCaliAnglePit:0,selfCaliAngleHrz:0,selfCaliAnglePit:0,servCaliAngleHrz:0,servCaliAnglePit:0,offlineCaliAngleHrz:0,offlineCaliAnglePit:0,determine2useFlag:0,IMU_Z_Accel:0,IMU_X_AngularRate:0,IMU_Y_AngularRate:0,IMU_RollAngle:0,IMU_PitchAngle:0,IMU_YawAngle:0,FcwID:0,FCWWarningLevel:0,FCWTTC:0
0,5.04,0,-6.99,0,0,0,0,0,0.613,5,0,0,-6.7,0,0,0,0,0.0572958,0,0,0,0,98,0,0,0,0,0,0,58,0,0.00034,0.00034,0,0,0,0,0,3.4,0,0,0,0,0,0,1,0,0,0,0,0,0,0,0,98,0,,0,0,0,0,
23,9.21,-0.11,28.98,0,0,0,0,0,-4.462,8.0625,0,-0.125,-2.5,0,0,0,0,0.0572958,0,0,0,0,85,0,0,0,0,0,0,58,0,0.00034,0.00034,0,0,0,0,0,0.6,0,0,0,0,0,0,1,0,0,0,0,0,0,0,0,87,0,,0,0,0,0,
END,Total:2
START,FrameNb:168,CameraNb:0,HeSaiNb:0,ARS410Nb:0
2026/08/02 21:39:34:727---->
heightOffset:0,1785677974727,482982,selfCaliBufCnt:0,selfAccObjCnt:0,selfAccAngle:0,installHAngleOffset:0,Interpolation:0,installVAngleOffset:0,radarOffsetH:0,radarOffsetV:0.32,Polynom:-0.001023;-0.0511;-2.047;0;0;0;-0.001023;-0.0511;-2.047;-25.5;0;0,WheelDirection:0;0;0;0,selfAngleOffset:0,selfAngleOffsetPit:0,currCaliAngleHrz:0,currCaliAnglePit:0,selfCaliAngleHrz:0,selfCaliAnglePit:0,servCaliAngleHrz:0,servCaliAnglePit:0,offlineCaliAngleHrz:0,offlineCaliAnglePit:0,determine2useFlag:0,IMU_Z_Accel:0,IMU_X_AngularRate:0,IMU_Y_AngularRate:0,IMU_RollAngle:0,IMU_PitchAngle:0,IMU_YawAngle:0,FcwID:0,FCWWarningLevel:0,FCWTTC:0
0,5.04,0,-6.99,0,0,0,0,0,0.613,5,0,0,-6.7,0,0,0,0,0.0572958,0,0,0,0,98,0,0,0,0,0,0,53,0,0.00034,0.00034,0,0,0,0,0,3.4,0,0,0,0,0,0,1,0,0,0,0,0,0,0,0,98,0,,0,0,0,0,
23,9.21,-0.11,28.98,0,0,0,0,0,-4.462,8.0625,0,-0.125,-2.5,0,0,0,0,0.0572958,0,0,0,0,84,0,0,0,0,0,0,53,0,0.00034,0.00034,0,0,0,0,0,0.4,0,0,0,0,0,0,1,0,0,0,0,0,0,0,0,89,0,,0,0,0,0,
END,Total:2
START,FrameNb:169,CameraNb:0,HeSaiNb:0,ARS410Nb:0
2026/08/02 21:39:34:776---->
heightOffset:0,1785677974776,483031,selfCaliBufCnt:0,selfAccObjCnt:0,selfAccAngle:0,installHAngleOffset:0,Interpolation:0,installVAngleOffset:0,radarOffsetH:0,radarOffsetV:0.32,Polynom:-0.001023;-0.0511;-2.047;0;0;0;-0.001023;-0.0511;-2.047;-25.5;0;0,WheelDirection:0;0;0;0,selfAngleOffset:0,selfAngleOffsetPit:0,currCaliAngleHrz:0,currCaliAnglePit:0,selfCaliAngleHrz:0,selfCaliAnglePit:0,servCaliAngleHrz:0,servCaliAnglePit:0,offlineCaliAngleHrz:0,offlineCaliAnglePit:0,determine2useFlag:0,IMU_Z_Accel:0,IMU_X_AngularRate:0,IMU_Y_AngularRate:0,IMU_RollAngle:0,IMU_PitchAngle:0,IMU_YawAngle:0,FcwID:0,FCWWarningLevel:0,FCWTTC:0
0,5.04,0,-6.99,0,0,0,0,0,0.613,5,0,0,-6.7,0,0,0,0,0.0572958,0,0,0,0,98,0,0,0,0,0,0,57,0,0.00034,0.00034,0,0,0,0,0,3.4,0,0,0,0,0,0,1,0,0,0,0,0,0,0,0,98,0,,0,0,0,0,
23,9.21,0,28.98,0,0,0,0,0,-4.462,8.0625,0,0,-2.3,0,0,0,0,0.0572958,0,0,0,0,85,0,0,0,0,0,0,57,0,0.00034,0.00034,0,0,0,0,0,0.6,0,0,0,0,0,0,1,0,0,0,0,0,0,0,0,90,0,,0,0,0,0,
END,Total:2
START,FrameNb:170,CameraNb:0,HeSaiNb:0,ARS410Nb:0
2026/08/02 21:39:34:822---->
heightOffset:0,1785677974822,483081,selfCaliBufCnt:0,selfAccObjCnt:0,selfAccAngle:0,installHAngleOffset:0,Interpolation:0,installVAngleOffset:0,radarOffsetH:0,radarOffsetV:0.32,Polynom:-0.001023;-0.0511;-2.047;0;0;0;-0.001023;-0.0511;-2.047;-25.5;0;0,WheelDirection:0;0;0;0,selfAngleOffset:0,selfAngleOffsetPit:0,currCaliAngleHrz:0,currCaliAnglePit:0,selfCaliAngleHrz:0,selfCaliAnglePit:0,servCaliAngleHrz:0,servCaliAnglePit:0,offlineCaliAngleHrz:0,offlineCaliAnglePit:0,determine2useFlag:0,IMU_Z_Accel:0,IMU_X_AngularRate:0,IMU_Y_AngularRate:0,IMU_RollAngle:0,IMU_PitchAngle:0,IMU_YawAngle:0,FcwID:0,FCWWarningLevel:0,FCWTTC:0
0,5.04,0,-6.99,0,0,0,0,0,0.613,5,0,0,-6.7,0,0,0,0,0.0572958,0,0,0,0,98,0,0,0,0,0,0,54,0,0.00034,0.00034,0,0,0,0,0,3.4,0,0,0,0,0,0,1,0,0,0,0,0,0,0,0,98,0,,0,0,0,0,
23,9.21,0,28.98,0,0,0,0,0,-4.462,8.0625,0,0,-2.3,0,0,0,0,0.0572958,0,0,0,0,85,0,0,0,0,0,0,54,0,0.00034,0.00034,0,0,0,0,0,0.4,0,0,0,0,0,0,1,0,0,0,0,0,0,0,0,91,0,,0,0,0,0,
END,Total:2
START,FrameNb:171,CameraNb:0,HeSaiNb:0,ARS410Nb:0
2026/08/02 21:39:34:870---->
heightOffset:0,1785677974870,483131,selfCaliBufCnt:0,selfAccObjCnt:0,selfAccAngle:0,installHAngleOffset:0,Interpolation:0,installVAngleOffset:0,radarOffsetH:0,radarOffsetV:0.32,Polynom:-0.001023;-0.0511;-2.047;0;0;0;-0.001023;-0.0511;-2.047;-25.5;0;0,WheelDirection:0;0;0;0,selfAngleOffset:0,selfAngleOffsetPit:0,currCaliAngleHrz:0,currCaliAnglePit:0,selfCaliAngleHrz:0,selfCaliAnglePit:0,servCaliAngleHrz:0,servCaliAnglePit:0,offlineCaliAngleHrz:0,offlineCaliAnglePit:0,determine2useFlag:0,IMU_Z_Accel:0,IMU_X_AngularRate:0,IMU_Y_AngularRate:0,IMU_RollAngle:0,IMU_PitchAngle:0,IMU_YawAngle:0,FcwID:0,FCWWarningLevel:0,FCWTTC:0
0,5.04,0,-6.99,0,0,0,0,0,0.613,5,0,0,-6.7,0,0,0,0,0.0572958,0,0,0,0,98,0,0,0,0,0,0,66,0,0.00034,0.00034,0,0,0,0,0,3.4,0,0,0,0,0,0,1,0,0,0,0,0,0,0,0,98,0,,0,0,0,0,
23,9.21,0,28.98,0,0,0,0,0,-4.462,8.0625,0,0,-2.3,0,0,0,0,0.0572958,0,0,0,0,84,0,0,0,0,0,0,66,0,0.00034,0.00034,0,0,0,0,0,0.2,0,0,0,0,0,0,1,0,0,0,0,0,0,0,0,92,0,,0,0,0,0,
END,Total:2
START,FrameNb:172,CameraNb:0,HeSaiNb:0,ARS410Nb:0
2026/08/02 21:39:34:914---->
heightOffset:0,1785677974914,483181,selfCaliBufCnt:0,selfAccObjCnt:0,selfAccAngle:0,installHAngleOffset:0,Interpolation:0,installVAngleOffset:0,radarOffsetH:0,radarOffsetV:0.32,Polynom:-0.001023;-0.0511;-2.047;0;0;0;-0.001023;-0.0511;-2.047;-25.5;0;0,WheelDirection:0;0;0;0,selfAngleOffset:0,selfAngleOffsetPit:0,currCaliAngleHrz:0,currCaliAnglePit:0,selfCaliAngleHrz:0,selfCaliAnglePit:0,servCaliAngleHrz:0,servCaliAnglePit:0,offlineCaliAngleHrz:0,offlineCaliAnglePit:0,determine2useFlag:0,IMU_Z_Accel:0,IMU_X_AngularRate:0,IMU_Y_AngularRate:0,IMU_RollAngle:0,IMU_PitchAngle:0,IMU_YawAngle:0,FcwID:0,FCWWarningLevel:0,FCWTTC:0
0,5.04,0,-6.99,0,0,0,0,0,0.613,5,0,0,-6.7,0,0,0,0,0.0572958,0,0,0,0,98,0,0,0,0,0,0,55,0,0.00034,0.00034,0,0,0,0,0,3.4,0,0,0,0,0,0,1,0,0,0,0,0,0,0,0,98,0,,0,0,0,0,
23,9.21,0,28.98,0,0,0,0,0,-4.462,8.0625,0,0,-2.3,0,0,0,0,0.0572958,0,0,0,0,82,0,0,0,0,0,0,55,0,0.00034,0.00034,0,0,0,0,0,0.2,0,0,0,0,0,0,1,0,0,0,0,0,0,0,0,93,0,,0,0,0,0,
END,Total:2
START,FrameNb:173,CameraNb:0,HeSaiNb:0,ARS410Nb:0
2026/08/02 21:39:34:975---->
heightOffset:0,1785677974975,483231,selfCaliBufCnt:0,selfAccObjCnt:0,selfAccAngle:0,installHAngleOffset:0,Interpolation:0,installVAngleOffset:0,radarOffsetH:0,radarOffsetV:0.32,Polynom:-0.001023;-0.0511;-2.047;0;0;0;-0.001023;-0.0511;-2.047;-25.5;0;0,WheelDirection:0;0;0;0,selfAngleOffset:0,selfAngleOffsetPit:0,currCaliAngleHrz:0,currCaliAnglePit:0,selfCaliAngleHrz:0,selfCaliAnglePit:0,servCaliAngleHrz:0,servCaliAnglePit:0,offlineCaliAngleHrz:0,offlineCaliAnglePit:0,determine2useFlag:0,IMU_Z_Accel:0,IMU_X_AngularRate:0,IMU_Y_AngularRate:0,IMU_RollAngle:0,IMU_PitchAngle:0,IMU_YawAngle:0,FcwID:0,FCWWarningLevel:0,FCWTTC:0
0,5.04,0,-6.99,0,0,0,0,0,0.613,5,0,0,-6.7,0,0,0,0,0.0572958,0,0,0,0,98,0,0,0,0,0,0,58,0,0.00034,0.00034,0,0,0,0,0,3.4,0,0,0,0,0,0,1,0,0,0,0,0,0,0,0,98,0,,0,0,0,0,
23,9.21,0,28.98,0,0,0,0,0,-4.462,8.0625,0,0,-2.3,0,0,0,0,0.0572958,0,0,0,0,80,0,0,0,0,0,0,58,0,0.00034,0.00034,0,0,0,0,0,0.2,0,0,0,0,0,0,1,0,0,0,0,0,0,0,0,93,0,,0,0,0,0,
END,Total:2
START,FrameNb:174,CameraNb:0,HeSaiNb:0,ARS410Nb:0
2026/08/02 21:39:35:028---->
heightOffset:0,1785677975028,483281,selfCaliBufCnt:0,selfAccObjCnt:0,selfAccAngle:0,installHAngleOffset:0,Interpolation:0,installVAngleOffset:0,radarOffsetH:0,radarOffsetV:0.32,Polynom:-0.001023;-0.0511;-2.047;0;0;0;-0.001023;-0.0511;-2.047;-25.5;0;0,WheelDirection:0;0;0;0,selfAngleOffset:0,selfAngleOffsetPit:0,currCaliAngleHrz:0,currCaliAnglePit:0,selfCaliAngleHrz:0,selfCaliAnglePit:0,servCaliAngleHrz:0,servCaliAnglePit:0,offlineCaliAngleHrz:0,offlineCaliAnglePit:0,determine2useFlag:0,IMU_Z_Accel:0,IMU_X_AngularRate:0,IMU_Y_AngularRate:0,IMU_RollAngle:0,IMU_PitchAngle:0,IMU_YawAngle:0,FcwID:0,FCWWarningLevel:0,FCWTTC:0
0,5.04,0,-6.99,0,0,0,0,0,0.613,5,0,0,-6.7,0,0,0,0,0.0572958,0,0,0,0,98,0,0,0,0,0,0,54,0,0.00034,0.00034,0,0,0,0,0,3.4,0,0,0,0,0,0,1,0,0,0,0,0,0,0,0,98,0,,0,0,0,0,
23,9.21,0,28.98,0,0,0,0,0,-4.462,8.0625,0,0,-2.3,0,0,0,0,0.0572958,0,0,0,0,80,0,0,0,0,0,0,54,0,0.00034,0.00034,0,0,0,0,0,0.2,0,0,0,0,0,0,1,0,0,0,0,0,0,0,0,93,0,,0,0,0,0,
END,Total:2
START,FrameNb:175,CameraNb:0,HeSaiNb:0,ARS410Nb:0
2026/08/02 21:39:35:067---->
heightOffset:0,1785677975067,483331,selfCaliBufCnt:0,selfAccObjCnt:0,selfAccAngle:0,installHAngleOffset:0,Interpolation:0,installVAngleOffset:0,radarOffsetH:0,radarOffsetV:0.32,Polynom:-0.001023;-0.0511;-2.047;0;0;0;-0.001023;-0.0511;-2.047;-25.5;0;0,WheelDirection:0;0;0;0,selfAngleOffset:0,selfAngleOffsetPit:0,currCaliAngleHrz:0,currCaliAnglePit:0,selfCaliAngleHrz:0,selfCaliAnglePit:0,servCaliAngleHrz:0,servCaliAnglePit:0,offlineCaliAngleHrz:0,offlineCaliAnglePit:0,determine2useFlag:0,IMU_Z_Accel:0,IMU_X_AngularRate:0,IMU_Y_AngularRate:0,IMU_RollAngle:0,IMU_PitchAngle:0,IMU_YawAngle:0,FcwID:0,FCWWarningLevel:0,FCWTTC:0
0,5.04,0,-6.99,0,0,0,0,0,0.613,5,0,0,-6.7,0,0,0,0,0.0572958,0,0,0,0,98,0,0,0,0,0,0,54,0,0.00034,0.00034,0,0,0,0,0,3.4,0,0,0,0,0,0,1,0,0,0,0,0,0,0,0,98,0,,0,0,0,0,
23,9.21,0,28.98,0,0,0,0,0,-4.462,8.0625,0,0,-2.3,0,0,0,0,0.0572958,0,0,0,0,76,0,0,0,0,0,0,54,0,0.00034,0.00034,0,0,0,0,0,0,0,0,0,0,0,0,1,0,0,0,0,0,0,0,0,92,0,,0,0,0,0,
END,Total:2
START,FrameNb:176,CameraNb:0,HeSaiNb:0,ARS410Nb:0
2026/08/02 21:39:35:131---->
heightOffset:0,1785677975131,483382,selfCaliBufCnt:0,selfAccObjCnt:0,selfAccAngle:0,installHAngleOffset:0,Interpolation:0,installVAngleOffset:0,radarOffsetH:0,radarOffsetV:0.32,Polynom:-0.001023;-0.0511;-2.047;0;0;0;-0.001023;-0.0511;-2.047;-25.5;0;0,WheelDirection:0;0;0;0,selfAngleOffset:0,selfAngleOffsetPit:0,currCaliAngleHrz:0,currCaliAnglePit:0,selfCaliAngleHrz:0,selfCaliAnglePit:0,servCaliAngleHrz:0,servCaliAnglePit:0,offlineCaliAngleHrz:0,offlineCaliAnglePit:0,determine2useFlag:0,IMU_Z_Accel:0,IMU_X_AngularRate:0,IMU_Y_AngularRate:0,IMU_RollAngle:0,IMU_PitchAngle:0,IMU_YawAngle:0,FcwID:0,FCWWarningLevel:0,FCWTTC:0
0,5.04,0,-6.99,0,0,0,0,0,0.613,5,0,0,-6.7,0,0,0,0,0.0572958,0,0,0,0,98,0,0,0,0,0,0,57,0,0.00034,0.00034,0,0,0,0,0,3.4,0,0,0,0,0,0,1,0,0,0,0,0,0,0,0,98,0,,0,0,0,0,
23,9.21,0,28.98,0,0,0,0,0,-4.462,8.0625,0,0,-2.3,0,0,0,0,0.0572958,0,0,0,0,73,0,0,0,0,0,0,57,0,0.00034,0.00034,0,0,0,0,0,0,0,0,0,0,0,0,1,0,0,0,0,0,0,0,0,92,0,,0,0,0,0,
25,10,-0.12,-11.1,0,0,0,0,0,1.9255,9.8125,-0.125,-0.125,-16.9,0,0,0,0,0.0572958,0,0,0,0,65,0,0,0,0,0,0,57,0,0.00034,0.00034,0,0,0,0,0,0.2,0,0,0,0,0,0,1,0,0,0,0,0,0,0,0,69,0,,0,0,0,0,
END,Total:3
START,FrameNb:177,CameraNb:0,HeSaiNb:0,ARS410Nb:0
2026/08/02 21:39:35:181---->
heightOffset:0,1785677975181,483431,selfCaliBufCnt:0,selfAccObjCnt:0,selfAccAngle:0,installHAngleOffset:0,Interpolation:0,installVAngleOffset:0,radarOffsetH:0,radarOffsetV:0.32,Polynom:-0.001023;-0.0511;-2.047;0;0;0;-0.001023;-0.0511;-2.047;-25.5;0;0,WheelDirection:0;0;0;0,selfAngleOffset:0,selfAngleOffsetPit:0,currCaliAngleHrz:0,currCaliAnglePit:0,selfCaliAngleHrz:0,selfCaliAnglePit:0,servCaliAngleHrz:0,servCaliAnglePit:0,offlineCaliAngleHrz:0,offlineCaliAnglePit:0,determine2useFlag:0,IMU_Z_Accel:0,IMU_X_AngularRate:0,IMU_Y_AngularRate:0,IMU_RollAngle:0,IMU_PitchAngle:0,IMU_YawAngle:0,FcwID:0,FCWWarningLevel:0,FCWTTC:0
0,5.04,0,-6.99,0,0,0,0,0,0.613,5,0,0,-6.7,0,0,0,0,0.0572958,0,0,0,0,98,0,0,0,0,0,0,53,0,0.00034,0.00034,0,0,0,0,0,3.4,0,0,0,0,0,0,1,0,0,0,0,0,0,0,0,98,0,,0,0,0,0,
23,9.21,0,28.98,0,0,0,0,0,-4.462,8.0625,0,0,-2.3,0,0,0,0,0.0572958,0,0,0,0,69,0,0,0,0,0,0,53,0,0.00034,0.00034,0,0,0,0,0,0,0,0,0,0,0,0,1,0,0,0,0,0,0,0,0,91,0,,0,0,0,0,
25,10,-0.12,-11.1,0,0,0,0,0,1.9255,9.8125,-0.125,-0.125,-16.7,0,0,0,0,0.0572958,0,0,0,0,65,0,0,0,0,0,0,53,0,0.00034,0.00034,0,0,0,0,0,0.4,0,0,0,0,0,0,1,0,0,0,0,0,0,0,0,75,0,,0,0,0,0,
END,Total:3
START,FrameNb:178,CameraNb:0,HeSaiNb:0,ARS410Nb:0
2026/08/02 21:39:35:225---->
heightOffset:0,1785677975225,483481,selfCaliBufCnt:0,selfAccObjCnt:0,selfAccAngle:0,installHAngleOffset:0,Interpolation:0,installVAngleOffset:0,radarOffsetH:0,radarOffsetV:0.32,Polynom:-0.001023;-0.0511;-2.047;0;0;0;-0.001023;-0.0511;-2.047;-25.5;0;0,WheelDirection:0;0;0;0,selfAngleOffset:0,selfAngleOffsetPit:0,currCaliAngleHrz:0,currCaliAnglePit:0,selfCaliAngleHrz:0,selfCaliAnglePit:0,servCaliAngleHrz:0,servCaliAnglePit:0,offlineCaliAngleHrz:0,offlineCaliAnglePit:0,determine2useFlag:0,IMU_Z_Accel:0,IMU_X_AngularRate:0,IMU_Y_AngularRate:0,IMU_RollAngle:0,IMU_PitchAngle:0,IMU_YawAngle:0,FcwID:0,FCWWarningLevel:0,FCWTTC:0
0,5.04,0,-6.99,0,0,0,0,0,0.613,5,0,0,-6.7,0,0,0,0,0.0572958,0,0,0,0,98,0,0,0,0,0,0,61,0,0.00034,0.00034,0,0,0,0,0,3.4,0,0,0,0,0,0,1,0,0,0,0,0,0,0,0,98,0,,0,0,0,0,
23,9.21,0,28.98,0,0,0,0,0,-4.462,8.0625,0,0,-2.3,0,0,0,0,0.0572958,0,0,0,0,65,0,0,0,0,0,0,61,0,0.00034,0.00034,0,0,0,0,0,0,0,0,0,0,0,0,1,0,0,0,0,0,0,0,0,89,0,,0,0,0,0,
25,10,-0.12,-11.1,0,0,0,0,0,1.9255,9.8125,-0.125,-0.125,-16.5,0,0,0,0,0.0572958,0,0,0,0,65,0,0,0,0,0,0,61,0,0.00034,0.00034,0,0,0,0,0,0.4,0,0,0,0,0,0,1,0,0,0,0,0,0,0,0,80,0,,0,0,0,0,
END,Total:3
START,FrameNb:179,CameraNb:0,HeSaiNb:0,ARS410Nb:0
2026/08/02 21:39:35:278---->
heightOffset:0,1785677975278,483531,selfCaliBufCnt:0,selfAccObjCnt:0,selfAccAngle:0,installHAngleOffset:0,Interpolation:0,installVAngleOffset:0,radarOffsetH:0,radarOffsetV:0.32,Polynom:-0.001023;-0.0511;-2.047;0;0;0;-0.001023;-0.0511;-2.047;-25.5;0;0,WheelDirection:0;0;0;0,selfAngleOffset:0,selfAngleOffsetPit:0,currCaliAngleHrz:0,currCaliAnglePit:0,selfCaliAngleHrz:0,selfCaliAnglePit:0,servCaliAngleHrz:0,servCaliAnglePit:0,offlineCaliAngleHrz:0,offlineCaliAnglePit:0,determine2useFlag:0,IMU_Z_Accel:0,IMU_X_AngularRate:0,IMU_Y_AngularRate:0,IMU_RollAngle:0,IMU_PitchAngle:0,IMU_YawAngle:0,FcwID:0,FCWWarningLevel:0,FCWTTC:0
0,5.04,0,-6.99,0,0,0,0,0,0.613,5,0,0,-6.7,0,0,0,0,0.0572958,0,0,0,0,98,0,0,0,0,0,0,58,0,0.00034,0.00034,0,0,0,0,0,3.4,0,0,0,0,0,0,1,0,0,0,0,0,0,0,0,98,0,,0,0,0,0,
25,10,-0.12,-11.1,0,0,0,0,0,1.9255,9.8125,-0.125,-0.125,-16.3,0,0,0,0,0.0572958,0,0,0,0,65,0,0,0,0,0,0,58,0,0.00034,0.00034,0,0,0,0,0,0.6,0,0,0,0,0,0,1,0,0,0,0,0,0,0,0,84,0,,0,0,0,0,
END,Total:2
START,FrameNb:180,CameraNb:0,HeSaiNb:0,ARS410Nb:0
2026/08/02 21:39:35:321---->
heightOffset:0,1785677975321,483581,selfCaliBufCnt:0,selfAccObjCnt:0,selfAccAngle:0,installHAngleOffset:0,Interpolation:0,installVAngleOffset:0,radarOffsetH:0,radarOffsetV:0.32,Polynom:-0.001023;-0.0511;-2.047;0;0;0;-0.001023;-0.0511;-2.047;-25.5;0;0,WheelDirection:0;0;0;0,selfAngleOffset:0,selfAngleOffsetPit:0,currCaliAngleHrz:0,currCaliAnglePit:0,selfCaliAngleHrz:0,selfCaliAnglePit:0,servCaliAngleHrz:0,servCaliAnglePit:0,offlineCaliAngleHrz:0,offlineCaliAnglePit:0,determine2useFlag:0,IMU_Z_Accel:0,IMU_X_AngularRate:0,IMU_Y_AngularRate:0,IMU_RollAngle:0,IMU_PitchAngle:0,IMU_YawAngle:0,FcwID:0,FCWWarningLevel:0,FCWTTC:0
0,5.04,0,-6.99,0,0,0,0,0,0.613,5,0,0,-6.7,0,0,0,0,0.0572958,0,0,0,0,98,0,0,0,0,0,0,60,0,0.00034,0.00034,0,0,0,0,0,3.4,0,0,0,0,0,0,1,0,0,0,0,0,0,0,0,98,0,,0,0,0,0,
25,10,-0.12,-11.1,0,0,0,0,0,1.9255,9.8125,-0.125,-0.125,-16.1,0,0,0,0,0.0572958,0,0,0,0,65,0,0,0,0,0,0,60,0,0.00034,0.00034,0,0,0,0,0,0.6,0,0,0,0,0,0,1,0,0,0,0,0,0,0,0,87,0,,0,0,0,0,
END,Total:2
START,FrameNb:181,CameraNb:0,HeSaiNb:0,ARS410Nb:0
2026/08/02 21:39:35:370---->
heightOffset:0,1785677975370,483631,selfCaliBufCnt:0,selfAccObjCnt:0,selfAccAngle:0,installHAngleOffset:0,Interpolation:0,installVAngleOffset:0,radarOffsetH:0,radarOffsetV:0.32,Polynom:-0.001023;-0.0511;-2.047;0;0;0;-0.001023;-0.0511;-2.047;-25.5;0;0,WheelDirection:0;0;0;0,selfAngleOffset:0,selfAngleOffsetPit:0,currCaliAngleHrz:0,currCaliAnglePit:0,selfCaliAngleHrz:0,selfCaliAnglePit:0,servCaliAngleHrz:0,servCaliAnglePit:0,offlineCaliAngleHrz:0,offlineCaliAnglePit:0,determine2useFlag:0,IMU_Z_Accel:0,IMU_X_AngularRate:0,IMU_Y_AngularRate:0,IMU_RollAngle:0,IMU_PitchAngle:0,IMU_YawAngle:0,FcwID:0,FCWWarningLevel:0,FCWTTC:0
0,5.04,0,-6.99,0,0,0,0,0,0.613,5,0,0,-6.7,0,0,0,0,0.0572958,0,0,0,0,98,0,0,0,0,0,0,54,0,0.00034,0.00034,0,0,0,0,0,3.4,0,0,0,0,0,0,1,0,0,0,0,0,0,0,0,98,0,,0,0,0,0,
25,10,-0.12,-11.1,0,0,0,0,0,1.9255,9.8125,-0.125,-0.125,-15.7,0,0,0,0,0.0572958,0,0,0,0,65,0,0,0,0,0,0,54,0,0.00034,0.00034,0,0,0,0,0,0.8,0,0,0,0,0,0,1,0,0,0,0,0,0,0,0,90,0,,0,0,0,0,
END,Total:2
START,FrameNb:182,CameraNb:0,HeSaiNb:0,ARS410Nb:0
2026/08/02 21:39:35:415---->
heightOffset:0,1785677975415,483681,selfCaliBufCnt:0,selfAccObjCnt:0,selfAccAngle:0,installHAngleOffset:0,Interpolation:0,installVAngleOffset:0,radarOffsetH:0,radarOffsetV:0.32,Polynom:-0.001023;-0.0511;-2.047;0;0;0;-0.001023;-0.0511;-2.047;-25.5;0;0,WheelDirection:0;0;0;0,selfAngleOffset:0,selfAngleOffsetPit:0,currCaliAngleHrz:0,currCaliAnglePit:0,selfCaliAngleHrz:0,selfCaliAnglePit:0,servCaliAngleHrz:0,servCaliAnglePit:0,offlineCaliAngleHrz:0,offlineCaliAnglePit:0,determine2useFlag:0,IMU_Z_Accel:0,IMU_X_AngularRate:0,IMU_Y_AngularRate:0,IMU_RollAngle:0,IMU_PitchAngle:0,IMU_YawAngle:0,FcwID:0,FCWWarningLevel:0,FCWTTC:0
0,5.04,0,-6.99,0,0,0,0,0,0.613,5,0,0,-6.7,0,0,0,0,0.0572958,0,0,0,0,98,0,0,0,0,0,0,58,0,0.00034,0.00034,0,0,0,0,0,3.4,0,0,0,0,0,0,1,0,0,0,0,0,0,0,0,98,0,,0,0,0,0,
25,10,-0.12,-11.1,0,0,0,0,0,1.9255,9.8125,-0.125,-0.125,-15.7,0,0,0,0,0.0572958,0,0,0,0,65,0,0,0,0,0,0,58,0,0.00034,0.00034,0,0,0,0,0,0.8,0,0,0,0,0,0,1,0,0,0,0,0,0,0,0,90,0,,0,0,0,0,
END,Total:2
START,FrameNb:183,CameraNb:0,HeSaiNb:0,ARS410Nb:0
2026/08/02 21:39:35:476---->
heightOffset:0,1785677975476,483732,selfCaliBufCnt:0,selfAccObjCnt:0,selfAccAngle:0,installHAngleOffset:0,Interpolation:0,installVAngleOffset:0,radarOffsetH:0,radarOffsetV:0.32,Polynom:-0.001023;-0.0511;-2.047;0;0;0;-0.001023;-0.0511;-2.047;-25.5;0;0,WheelDirection:0;0;0;0,selfAngleOffset:0,selfAngleOffsetPit:0,currCaliAngleHrz:0,currCaliAnglePit:0,selfCaliAngleHrz:0,selfCaliAnglePit:0,servCaliAngleHrz:0,servCaliAnglePit:0,offlineCaliAngleHrz:0,offlineCaliAnglePit:0,determine2useFlag:0,IMU_Z_Accel:0,IMU_X_AngularRate:0,IMU_Y_AngularRate:0,IMU_RollAngle:0,IMU_PitchAngle:0,IMU_YawAngle:0,FcwID:0,FCWWarningLevel:0,FCWTTC:0
0,5.04,0,-6.99,0,0,0,0,0,0.613,5,0,0,-6.7,0,0,0,0,0.0572958,0,0,0,0,98,0,0,0,0,0,0,58,0,0.00034,0.00034,0,0,0,0,0,3.4,0,0,0,0,0,0,1,0,0,0,0,0,0,0,0,98,0,,0,0,0,0,
25,10,-0.12,-11.1,0,0,0,0,0,1.9255,9.8125,-0.125,-0.125,-15.5,0,0,0,0,0.0572958,0,0,0,0,65,0,0,0,0,0,0,58,0,0.00034,0.00034,0,0,0,0,0,0.8,0,0,0,0,0,0,1,0,0,0,0,0,0,0,0,92,0,,0,0,0,0,
END,Total:2
START,FrameNb:184,CameraNb:0,HeSaiNb:0,ARS410Nb:0
2026/08/02 21:39:35:527---->
heightOffset:0,1785677975527,483781,selfCaliBufCnt:0,selfAccObjCnt:0,selfAccAngle:0,installHAngleOffset:0,Interpolation:0,installVAngleOffset:0,radarOffsetH:0,radarOffsetV:0.32,Polynom:-0.001023;-0.0511;-2.047;0;0;0;-0.001023;-0.0511;-2.047;-25.5;0;0,WheelDirection:0;0;0;0,selfAngleOffset:0,selfAngleOffsetPit:0,currCaliAngleHrz:0,currCaliAnglePit:0,selfCaliAngleHrz:0,selfCaliAnglePit:0,servCaliAngleHrz:0,servCaliAnglePit:0,offlineCaliAngleHrz:0,offlineCaliAnglePit:0,determine2useFlag:0,IMU_Z_Accel:0,IMU_X_AngularRate:0,IMU_Y_AngularRate:0,IMU_RollAngle:0,IMU_PitchAngle:0,IMU_YawAngle:0,FcwID:0,FCWWarningLevel:0,FCWTTC:0
0,5.04,0,-6.99,0,0,0,0,0,0.613,5,0,0,-6.7,0,0,0,0,0.0572958,0,0,0,0,98,0,0,0,0,0,0,53,0,0.00034,0.00034,0,0,0,0,0,3.4,0,0,0,0,0,0,1,0,0,0,0,0,0,0,0,98,0,,0,0,0,0,
25,10,-0.12,-11.1,0,0,0,0,0,1.9255,9.8125,-0.125,-0.125,-15.3,0,0,0,0,0.0572958,0,0,0,0,65,0,0,0,0,0,0,53,0,0.00034,0.00034,0,0,0,0,0,0.8,0,0,0,0,0,0,1,0,0,0,0,0,0,0,0,93,0,,0,0,0,0,
END,Total:2
START,FrameNb:185,CameraNb:0,HeSaiNb:0,ARS410Nb:0
2026/08/02 21:39:35:572---->
heightOffset:0,1785677975572,483831,selfCaliBufCnt:0,selfAccObjCnt:0,selfAccAngle:0,installHAngleOffset:0,Interpolation:0,installVAngleOffset:0,radarOffsetH:0,radarOffsetV:0.32,Polynom:-0.001023;-0.0511;-2.047;0;0;0;-0.001023;-0.0511;-2.047;-25.5;0;0,WheelDirection:0;0;0;0,selfAngleOffset:0,selfAngleOffsetPit:0,currCaliAngleHrz:0,currCaliAnglePit:0,selfCaliAngleHrz:0,selfCaliAnglePit:0,servCaliAngleHrz:0,servCaliAnglePit:0,offlineCaliAngleHrz:0,offlineCaliAnglePit:0,determine2useFlag:0,IMU_Z_Accel:0,IMU_X_AngularRate:0,IMU_Y_AngularRate:0,IMU_RollAngle:0,IMU_PitchAngle:0,IMU_YawAngle:0,FcwID:0,FCWWarningLevel:0,FCWTTC:0
0,5.04,0,-6.99,0,0,0,0,0,0.613,5,0,0,-6.7,0,0,0,0,0.0572958,0,0,0,0,98,0,0,0,0,0,0,58,0,0.00034,0.00034,0,0,0,0,0,3.4,0,0,0,0,0,0,1,0,0,0,0,0,0,0,0,98,0,,0,0,0,0,
25,10,-0.12,-11.1,0,0,0,0,0,1.9255,9.8125,-0.125,-0.125,-15.1,0,0,0,0,0.0572958,0,0,0,0,65,0,0,0,0,0,0,58,0,0.00034,0.00034,0,0,0,0,0,0.8,0,0,0,0,0,0,1,0,0,0,0,0,0,0,0,94,0,,0,0,0,0,
END,Total:2
START,FrameNb:186,CameraNb:0,HeSaiNb:0,ARS410Nb:0
2026/08/02 21:39:35:622---->
heightOffset:0,1785677975622,483881,selfCaliBufCnt:0,selfAccObjCnt:0,selfAccAngle:0,installHAngleOffset:0,Interpolation:0,installVAngleOffset:0,radarOffsetH:0,radarOffsetV:0.32,Polynom:-0.001023;-0.0511;-2.047;0;0;0;-0.001023;-0.0511;-2.047;-25.5;0;0,WheelDirection:0;0;0;0,selfAngleOffset:0,selfAngleOffsetPit:0,currCaliAngleHrz:0,currCaliAnglePit:0,selfCaliAngleHrz:0,selfCaliAnglePit:0,servCaliAngleHrz:0,servCaliAnglePit:0,offlineCaliAngleHrz:0,offlineCaliAnglePit:0,determine2useFlag:0,IMU_Z_Accel:0,IMU_X_AngularRate:0,IMU_Y_AngularRate:0,IMU_RollAngle:0,IMU_PitchAngle:0,IMU_YawAngle:0,FcwID:0,FCWWarningLevel:0,FCWTTC:0
0,5.04,0,-6.99,0,0,0,0,0,0.613,5,0,0,-6.7,0,0,0,0,0.0572958,0,0,0,0,98,0,0,0,0,0,0,54,0,0.00034,0.00034,0,0,0,0,0,3.4,0,0,0,0,0,0,1,0,0,0,0,0,0,0,0,98,0,,0,0,0,0,
25,10,-0.12,-11.1,0,0,0,0,0,1.9255,9.8125,-0.125,-0.125,-15.1,0,0,0,0,0.0572958,0,0,0,0,65,0,0,0,0,0,0,54,0,0.00034,0.00034,0,0,0,0,0,0.8,0,0,0,0,0,0,1,0,0,0,0,0,0,0,0,95,0,,0,0,0,0,
END,Total:2
START,FrameNb:187,CameraNb:0,HeSaiNb:0,ARS410Nb:0
2026/08/02 21:39:35:665---->
heightOffset:0,1785677975665,483931,selfCaliBufCnt:0,selfAccObjCnt:0,selfAccAngle:0,installHAngleOffset:0,Interpolation:0,installVAngleOffset:0,radarOffsetH:0,radarOffsetV:0.32,Polynom:-0.001023;-0.0511;-2.047;0;0;0;-0.001023;-0.0511;-2.047;-25.5;0;0,WheelDirection:0;0;0;0,selfAngleOffset:0,selfAngleOffsetPit:0,currCaliAngleHrz:0,currCaliAnglePit:0,selfCaliAngleHrz:0,selfCaliAnglePit:0,servCaliAngleHrz:0,servCaliAnglePit:0,offlineCaliAngleHrz:0,offlineCaliAnglePit:0,determine2useFlag:0,IMU_Z_Accel:0,IMU_X_AngularRate:0,IMU_Y_AngularRate:0,IMU_RollAngle:0,IMU_PitchAngle:0,IMU_YawAngle:0,FcwID:0,FCWWarningLevel:0,FCWTTC:0
0,5.04,0,-6.99,0,0,0,0,0,0.613,5,0,0,-6.7,0,0,0,0,0.0572958,0,0,0,0,98,0,0,0,0,0,0,62,0,0.00034,0.00034,0,0,0,0,0,3.4,0,0,0,0,0,0,1,0,0,0,0,0,0,0,0,98,0,,0,0,0,0,
25,10,-0.12,-11.1,0,0,0,0,0,1.9255,9.8125,-0.125,-0.125,-15.1,0,0,0,0,0.0572958,0,0,0,0,65,0,0,0,0,0,0,62,0,0.00034,0.00034,0,0,0,0,0,0.8,0,0,0,0,0,0,1,0,0,0,0,0,0,0,0,96,0,,0,0,0,0,
END,Total:2
START,FrameNb:188,CameraNb:0,HeSaiNb:0,ARS410Nb:0
2026/08/02 21:39:35:726---->
heightOffset:0,1785677975726,483981,selfCaliBufCnt:0,selfAccObjCnt:0,selfAccAngle:0,installHAngleOffset:0,Interpolation:0,installVAngleOffset:0,radarOffsetH:0,radarOffsetV:0.32,Polynom:-0.001023;-0.0511;-2.047;0;0;0;-0.001023;-0.0511;-2.047;-25.5;0;0,WheelDirection:0;0;0;0,selfAngleOffset:0,selfAngleOffsetPit:0,currCaliAngleHrz:0,currCaliAnglePit:0,selfCaliAngleHrz:0,selfCaliAnglePit:0,servCaliAngleHrz:0,servCaliAnglePit:0,offlineCaliAngleHrz:0,offlineCaliAnglePit:0,determine2useFlag:0,IMU_Z_Accel:0,IMU_X_AngularRate:0,IMU_Y_AngularRate:0,IMU_RollAngle:0,IMU_PitchAngle:0,IMU_YawAngle:0,FcwID:0,FCWWarningLevel:0,FCWTTC:0
0,5.04,0,-6.99,0,0,0,0,0,0.613,5,0,0,-6.7,0,0,0,0,0.0572958,0,0,0,0,98,0,0,0,0,0,0,58,0,0.00034,0.00034,0,0,0,0,0,3.4,0,0,0,0,0,0,1,0,0,0,0,0,0,0,0,98,0,,0,0,0,0,
25,10,-0.12,-11.1,0,0,0,0,0,1.9255,9.8125,-0.125,-0.125,-14.9,0,0,0,0,0.0572958,0,0,0,0,65,0,0,0,0,0,0,58,0,0.00034,0.00034,0,0,0,0,0,0.8,0,0,0,0,0,0,1,0,0,0,0,0,0,0,0,97,0,,0,0,0,0,
END,Total:2
START,FrameNb:189,CameraNb:0,HeSaiNb:0,ARS410Nb:0
2026/08/02 21:39:35:776---->
heightOffset:0,1785677975776,484031,selfCaliBufCnt:0,selfAccObjCnt:0,selfAccAngle:0,installHAngleOffset:0,Interpolation:0,installVAngleOffset:0,radarOffsetH:0,radarOffsetV:0.32,Polynom:-0.001023;-0.0511;-2.047;0;0;0;-0.001023;-0.0511;-2.047;-25.5;0;0,WheelDirection:0;0;0;0,selfAngleOffset:0,selfAngleOffsetPit:0,currCaliAngleHrz:0,currCaliAnglePit:0,selfCaliAngleHrz:0,selfCaliAnglePit:0,servCaliAngleHrz:0,servCaliAnglePit:0,offlineCaliAngleHrz:0,offlineCaliAnglePit:0,determine2useFlag:0,IMU_Z_Accel:0,IMU_X_AngularRate:0,IMU_Y_AngularRate:0,IMU_RollAngle:0,IMU_PitchAngle:0,IMU_YawAngle:0,FcwID:0,FCWWarningLevel:0,FCWTTC:0
0,5.04,0,-6.99,0,0,0,0,0,0.613,5,0,0,-6.7,0,0,0,0,0.0572958,0,0,0,0,98,0,0,0,0,0,0,57,0,0.00034,0.00034,0,0,0,0,0,3.4,0,0,0,0,0,0,1,0,0,0,0,0,0,0,0,98,0,,0,0,0,0,
25,10,0,-11.1,0,0,0,0,0,1.9255,9.8125,-0.125,0,-14.9,0,0,0,0,0.0572958,0,0,0,0,65,0,0,0,0,0,0,57,0,0.00034,0.00034,0,0,0,0,0,0.8,0,0,0,0,0,0,1,0,0,0,0,0,0,0,0,97,0,,0,0,0,0,
END,Total:2
START,FrameNb:190,CameraNb:0,HeSaiNb:0,ARS410Nb:0
2026/08/02 21:39:35:820---->
heightOffset:0,1785677975820,484081,selfCaliBufCnt:0,selfAccObjCnt:0,selfAccAngle:0,installHAngleOffset:0,Interpolation:0,installVAngleOffset:0,radarOffsetH:0,radarOffsetV:0.32,Polynom:-0.001023;-0.0511;-2.047;0;0;0;-0.001023;-0.0511;-2.047;-25.5;0;0,WheelDirection:0;0;0;0,selfAngleOffset:0,selfAngleOffsetPit:0,currCaliAngleHrz:0,currCaliAnglePit:0,selfCaliAngleHrz:0,selfCaliAnglePit:0,servCaliAngleHrz:0,servCaliAnglePit:0,offlineCaliAngleHrz:0,offlineCaliAnglePit:0,determine2useFlag:0,IMU_Z_Accel:0,IMU_X_AngularRate:0,IMU_Y_AngularRate:0,IMU_RollAngle:0,IMU_PitchAngle:0,IMU_YawAngle:0,FcwID:0,FCWWarningLevel:0,FCWTTC:0
0,5.04,0,-6.99,0,0,0,0,0,0.613,5,0,0,-6.7,0,0,0,0,0.0572958,0,0,0,0,98,0,0,0,0,0,0,53,0,0.00034,0.00034,0,0,0,0,0,3.4,0,0,0,0,0,0,1,0,0,0,0,0,0,0,0,98,0,,0,0,0,0,
25,10,0,-11.1,0,0,0,0,0,1.9255,9.8125,-0.125,0,-14.7,0,0,0,0,0.0572958,0,0,0,0,65,0,0,0,0,0,0,53,0,0.00034,0.00034,0,0,0,0,0,0.8,0,0,0,0,0,0,1,0,0,0,0,0,0,0,0,98,0,,0,0,0,0,
END,Total:2
START,FrameNb:191,CameraNb:0,HeSaiNb:0,ARS410Nb:0
2026/08/02 21:39:35:871---->
heightOffset:0,1785677975871,484131,selfCaliBufCnt:0,selfAccObjCnt:0,selfAccAngle:0,installHAngleOffset:0,Interpolation:0,installVAngleOffset:0,radarOffsetH:0,radarOffsetV:0.32,Polynom:-0.001023;-0.0511;-2.047;0;0;0;-0.001023;-0.0511;-2.047;-25.5;0;0,WheelDirection:0;0;0;0,selfAngleOffset:0,selfAngleOffsetPit:0,currCaliAngleHrz:0,currCaliAnglePit:0,selfCaliAngleHrz:0,selfCaliAnglePit:0,servCaliAngleHrz:0,servCaliAnglePit:0,offlineCaliAngleHrz:0,offlineCaliAnglePit:0,determine2useFlag:0,IMU_Z_Accel:0,IMU_X_AngularRate:0,IMU_Y_AngularRate:0,IMU_RollAngle:0,IMU_PitchAngle:0,IMU_YawAngle:0,FcwID:0,FCWWarningLevel:0,FCWTTC:0
0,5.04,0,-6.99,0,0,0,0,0,0.613,5,0,0,-6.7,0,0,0,0,0.0572958,0,0,0,0,98,0,0,0,0,0,0,58,0,0.00034,0.00034,0,0,0,0,0,3.4,0,0,0,0,0,0,1,0,0,0,0,0,0,0,0,98,0,,0,0,0,0,
25,10,0,-11.1,0,0,0,0,0,1.9255,9.8125,-0.125,0,-14.7,0,0,0,0,0.0572958,0,0,0,0,65,0,0,0,0,0,0,58,0,0.00034,0.00034,0,0,0,0,0,0.8,0,0,0,0,0,0,1,0,0,0,0,0,0,0,0,98,0,,0,0,0,0,
END,Total:2
START,FrameNb:192,CameraNb:0,HeSaiNb:0,ARS410Nb:0
2026/08/02 21:39:35:915---->
heightOffset:0,1785677975915,484181,selfCaliBufCnt:0,selfAccObjCnt:0,selfAccAngle:0,installHAngleOffset:0,Interpolation:0,installVAngleOffset:0,radarOffsetH:0,radarOffsetV:0.32,Polynom:-0.001023;-0.0511;-2.047;0;0;0;-0.001023;-0.0511;-2.047;-25.5;0;0,WheelDirection:0;0;0;0,selfAngleOffset:0,selfAngleOffsetPit:0,currCaliAngleHrz:0,currCaliAnglePit:0,selfCaliAngleHrz:0,selfCaliAnglePit:0,servCaliAngleHrz:0,servCaliAnglePit:0,offlineCaliAngleHrz:0,offlineCaliAnglePit:0,determine2useFlag:0,IMU_Z_Accel:0,IMU_X_AngularRate:0,IMU_Y_AngularRate:0,IMU_RollAngle:0,IMU_PitchAngle:0,IMU_YawAngle:0,FcwID:0,FCWWarningLevel:0,FCWTTC:0
0,5.04,0,-6.99,0,0,0,0,0,0.613,5,0,0,-6.7,0,0,0,0,0.0572958,0,0,0,0,98,0,0,0,0,0,0,58,0,0.00034,0.00034,0,0,0,0,0,3.4,0,0,0,0,0,0,1,0,0,0,0,0,0,0,0,98,0,,0,0,0,0,
25,10,0,-11.1,0,0,0,0,0,1.9255,9.8125,-0.125,0,-14.7,0,0,0,0,0.0572958,0,0,0,0,65,0,0,0,0,0,0,58,0,0.00034,0.00034,0,0,0,0,0,0.8,0,0,0,0,0,0,1,0,0,0,0,0,0,0,0,98,0,,0,0,0,0,
END,Total:2
START,FrameNb:193,CameraNb:0,HeSaiNb:0,ARS410Nb:0
2026/08/02 21:39:35:978---->
heightOffset:0,1785677975978,484231,selfCaliBufCnt:0,selfAccObjCnt:0,selfAccAngle:0,installHAngleOffset:0,Interpolation:0,installVAngleOffset:0,radarOffsetH:0,radarOffsetV:0.32,Polynom:-0.001023;-0.0511;-2.047;0;0;0;-0.001023;-0.0511;-2.047;-25.5;0;0,WheelDirection:0;0;0;0,selfAngleOffset:0,selfAngleOffsetPit:0,currCaliAngleHrz:0,currCaliAnglePit:0,selfCaliAngleHrz:0,selfCaliAnglePit:0,servCaliAngleHrz:0,servCaliAnglePit:0,offlineCaliAngleHrz:0,offlineCaliAnglePit:0,determine2useFlag:0,IMU_Z_Accel:0,IMU_X_AngularRate:0,IMU_Y_AngularRate:0,IMU_RollAngle:0,IMU_PitchAngle:0,IMU_YawAngle:0,FcwID:0,FCWWarningLevel:0,FCWTTC:0
0,5.04,0,-6.99,0,0,0,0,0,0.613,5,0,0,-6.7,0,0,0,0,0.0572958,0,0,0,0,98,0,0,0,0,0,0,54,0,0.00034,0.00034,0,0,0,0,0,3.6,0,0,0,0,0,0,1,0,0,0,0,0,0,0,0,98,0,,0,0,0,0,
25,10,0,-11.1,0,0,0,0,0,1.9255,9.8125,-0.125,0,-14.7,0,0,0,0,0.0572958,0,0,0,0,65,0,0,0,0,0,0,54,0,0.00034,0.00034,0,0,0,0,0,0.8,0,0,0,0,0,0,1,0,0,0,0,0,0,0,0,98,0,,0,0,0,0,
END,Total:2
START,FrameNb:194,CameraNb:0,HeSaiNb:0,ARS410Nb:0
2026/08/02 21:39:36:027---->
heightOffset:0,1785677976027,484281,selfCaliBufCnt:0,selfAccObjCnt:0,selfAccAngle:0,installHAngleOffset:0,Interpolation:0,installVAngleOffset:0,radarOffsetH:0,radarOffsetV:0.32,Polynom:-0.001023;-0.0511;-2.047;0;0;0;-0.001023;-0.0511;-2.047;-25.5;0;0,WheelDirection:0;0;0;0,selfAngleOffset:0,selfAngleOffsetPit:0,currCaliAngleHrz:0,currCaliAnglePit:0,selfCaliAngleHrz:0,selfCaliAnglePit:0,servCaliAngleHrz:0,servCaliAnglePit:0,offlineCaliAngleHrz:0,offlineCaliAnglePit:0,determine2useFlag:0,IMU_Z_Accel:0,IMU_X_AngularRate:0,IMU_Y_AngularRate:0,IMU_RollAngle:0,IMU_PitchAngle:0,IMU_YawAngle:0,FcwID:0,FCWWarningLevel:0,FCWTTC:0
0,5.04,0,-6.99,0,0,0,0,0,0.613,5,0,0,-6.7,0,0,0,0,0.0572958,0,0,0,0,98,0,0,0,0,0,0,57,0,0.00034,0.00034,0,0,0,0,0,3.6,0,0,0,0,0,0,1,0,0,0,0,0,0,0,0,98,0,,0,0,0,0,
25,10,0,-11.1,0,0,0,0,0,1.9255,9.8125,-0.125,0,-14.5,0,0,0,0,0.0572958,0,0,0,0,96,0,0,0,0,0,0,57,0,0.00034,0.00034,0,0,0,0,0,0.8,0,0,0,0,0,0,1,0,0,0,0,0,0,0,0,98,0,,0,0,0,0,
END,Total:2
START,FrameNb:195,CameraNb:0,HeSaiNb:0,ARS410Nb:0
2026/08/02 21:39:36:069---->
heightOffset:0,1785677976069,484331,selfCaliBufCnt:0,selfAccObjCnt:0,selfAccAngle:0,installHAngleOffset:0,Interpolation:0,installVAngleOffset:0,radarOffsetH:0,radarOffsetV:0.32,Polynom:-0.001023;-0.0511;-2.047;0;0;0;-0.001023;-0.0511;-2.047;-25.5;0;0,WheelDirection:0;0;0;0,selfAngleOffset:0,selfAngleOffsetPit:0,currCaliAngleHrz:0,currCaliAnglePit:0,selfCaliAngleHrz:0,selfCaliAnglePit:0,servCaliAngleHrz:0,servCaliAnglePit:0,offlineCaliAngleHrz:0,offlineCaliAnglePit:0,determine2useFlag:0,IMU_Z_Accel:0,IMU_X_AngularRate:0,IMU_Y_AngularRate:0,IMU_RollAngle:0,IMU_PitchAngle:0,IMU_YawAngle:0,FcwID:0,FCWWarningLevel:0,FCWTTC:0
0,5.04,0,-6.99,0,0,0,0,0,0.613,5,0,0,-6.7,0,0,0,0,0.0572958,0,0,0,0,98,0,0,0,0,0,0,57,0,0.00034,0.00034,0,0,0,0,0,3.6,0,0,0,0,0,0,1,0,0,0,0,0,0,0,0,98,0,,0,0,0,0,
25,10,0,-11.1,0,0,0,0,0,1.9255,9.8125,-0.125,0,-14.5,0,0,0,0,0.0572958,0,0,0,0,96,0,0,0,0,0,0,57,0,0.00034,0.00034,0,0,0,0,0,0.8,0,0,0,0,0,0,1,0,0,0,0,0,0,0,0,99,0,,0,0,0,0,
END,Total:2
START,FrameNb:196,CameraNb:0,HeSaiNb:0,ARS410Nb:0
2026/08/02 21:39:36:120---->
heightOffset:0,1785677976120,484381,selfCaliBufCnt:0,selfAccObjCnt:0,selfAccAngle:0,installHAngleOffset:0,Interpolation:0,installVAngleOffset:0,radarOffsetH:0,radarOffsetV:0.32,Polynom:-0.001023;-0.0511;-2.047;0;0;0;-0.001023;-0.0511;-2.047;-25.5;0;0,WheelDirection:0;0;0;0,selfAngleOffset:0,selfAngleOffsetPit:0,currCaliAngleHrz:0,currCaliAnglePit:0,selfCaliAngleHrz:0,selfCaliAnglePit:0,servCaliAngleHrz:0,servCaliAnglePit:0,offlineCaliAngleHrz:0,offlineCaliAnglePit:0,determine2useFlag:0,IMU_Z_Accel:0,IMU_X_AngularRate:0,IMU_Y_AngularRate:0,IMU_RollAngle:0,IMU_PitchAngle:0,IMU_YawAngle:0,FcwID:0,FCWWarningLevel:0,FCWTTC:0
0,5.04,0,-6.99,0,0,0,0,0,0.613,5,0,0,-6.7,0,0,0,0,0.0572958,0,0,0,0,98,0,0,0,0,0,0,63,0,0.00034,0.00034,0,0,0,0,0,3.6,0,0,0,0,0,0,1,0,0,0,0,0,0,0,0,98,0,,0,0,0,0,
25,10,0,-11.1,0,0,0,0,0,1.9255,9.8125,-0.125,0,-14.3,0,0,0,0,0.0572958,0,0,0,0,96,0,0,0,0,0,0,63,0,0.00034,0.00034,0,0,0,0,0,0.8,0,0,0,0,0,0,1,0,0,0,0,0,0,0,0,99,0,,0,0,0,0,
END,Total:2
START,FrameNb:197,CameraNb:0,HeSaiNb:0,ARS410Nb:0
2026/08/02 21:39:36:165---->
heightOffset:0,1785677976165,484431,selfCaliBufCnt:0,selfAccObjCnt:0,selfAccAngle:0,installHAngleOffset:0,Interpolation:0,installVAngleOffset:0,radarOffsetH:0,radarOffsetV:0.32,Polynom:-0.001023;-0.0511;-2.047;0;0;0;-0.001023;-0.0511;-2.047;-25.5;0;0,WheelDirection:0;0;0;0,selfAngleOffset:0,selfAngleOffsetPit:0,currCaliAngleHrz:0,currCaliAnglePit:0,selfCaliAngleHrz:0,selfCaliAnglePit:0,servCaliAngleHrz:0,servCaliAnglePit:0,offlineCaliAngleHrz:0,offlineCaliAnglePit:0,determine2useFlag:0,IMU_Z_Accel:0,IMU_X_AngularRate:0,IMU_Y_AngularRate:0,IMU_RollAngle:0,IMU_PitchAngle:0,IMU_YawAngle:0,FcwID:0,FCWWarningLevel:0,FCWTTC:0
0,5.04,0,-6.99,0,0,0,0,0,0.613,5,0,0,-6.7,0,0,0,0,0.0572958,0,0,0,0,98,0,0,0,0,0,0,55,0,0.00034,0.00034,0,0,0,0,0,3.6,0,0,0,0,0,0,1,0,0,0,0,0,0,0,0,98,0,,0,0,0,0,
25,10,0,-11.1,0,0,0,0,0,1.9255,9.8125,-0.125,0,-14.3,0,0,0,0,0.0572958,0,0,0,0,97,0,0,0,0,0,0,55,0,0.00034,0.00034,0,0,0,0,0,0.8,0,0,0,0,0,0,1,0,0,0,0,0,0,0,0,99,0,,0,0,0,0,
END,Total:2
START,FrameNb:198,CameraNb:0,HeSaiNb:0,ARS410Nb:0
2026/08/02 21:39:36:224---->
heightOffset:0,1785677976224,484481,selfCaliBufCnt:0,selfAccObjCnt:0,selfAccAngle:0,installHAngleOffset:0,Interpolation:0,installVAngleOffset:0,radarOffsetH:0,radarOffsetV:0.32,Polynom:-0.001023;-0.0511;-2.047;0;0;0;-0.001023;-0.0511;-2.047;-25.5;0;0,WheelDirection:0;0;0;0,selfAngleOffset:0,selfAngleOffsetPit:0,currCaliAngleHrz:0,currCaliAnglePit:0,selfCaliAngleHrz:0,selfCaliAnglePit:0,servCaliAngleHrz:0,servCaliAnglePit:0,offlineCaliAngleHrz:0,offlineCaliAnglePit:0,determine2useFlag:0,IMU_Z_Accel:0,IMU_X_AngularRate:0,IMU_Y_AngularRate:0,IMU_RollAngle:0,IMU_PitchAngle:0,IMU_YawAngle:0,FcwID:0,FCWWarningLevel:0,FCWTTC:0
0,5.04,0,-6.99,0,0,0,0,0,0.613,5,0,0,-6.7,0,0,0,0,0.0572958,0,0,0,0,98,0,0,0,0,0,0,58,0,0.00034,0.00034,0,0,0,0,0,3.6,0,0,0,0,0,0,1,0,0,0,0,0,0,0,0,98,0,,0,0,0,0,
25,10,0,-11.1,0,0,0,0,0,1.9255,9.8125,-0.125,0,-14.3,0,0,0,0,0.0572958,0,0,0,0,97,0,0,0,0,0,0,58,0,0.00034,0.00034,0,0,0,0,0,0.8,0,0,0,0,0,0,1,0,0,0,0,0,0,0,0,99,0,,0,0,0,0,
END,Total:2
START,FrameNb:199,CameraNb:0,HeSaiNb:0,ARS410Nb:0
2026/08/02 21:39:36:277---->
heightOffset:0,1785677976277,484531,selfCaliBufCnt:0,selfAccObjCnt:0,selfAccAngle:0,installHAngleOffset:0,Interpolation:0,installVAngleOffset:0,radarOffsetH:0,radarOffsetV:0.32,Polynom:-0.001023;-0.0511;-2.047;0;0;0;-0.001023;-0.0511;-2.047;-25.5;0;0,WheelDirection:0;0;0;0,selfAngleOffset:0,selfAngleOffsetPit:0,currCaliAngleHrz:0,currCaliAnglePit:0,selfCaliAngleHrz:0,selfCaliAnglePit:0,servCaliAngleHrz:0,servCaliAnglePit:0,offlineCaliAngleHrz:0,offlineCaliAnglePit:0,determine2useFlag:0,IMU_Z_Accel:0,IMU_X_AngularRate:0,IMU_Y_AngularRate:0,IMU_RollAngle:0,IMU_PitchAngle:0,IMU_YawAngle:0,FcwID:0,FCWWarningLevel:0,FCWTTC:0
0,5.04,0,-6.99,0,0,0,0,0,0.613,5,0,0,-6.7,0,0,0,0,0.0572958,0,0,0,0,98,0,0,0,0,0,0,58,0,0.00034,0.00034,0,0,0,0,0,3.6,0,0,0,0,0,0,1,0,0,0,0,0,0,0,0,98,0,,0,0,0,0,
25,10,0,-11.1,0,0,0,0,0,1.9255,9.8125,-0.125,0,-14.1,0,0,0,0,0.0572958,0,0,0,0,97,0,0,0,0,0,0,58,0,0.00034,0.00034,0,0,0,0,0,0.8,0,0,0,0,0,0,1,0,0,0,0,0,0,0,0,99,0,,0,0,0,0,
END,Total:2
START,FrameNb:200,CameraNb:0,HeSaiNb:0,ARS410Nb:0
2026/08/02 21:39:36:321---->
heightOffset:0,1785677976321,484581,selfCaliBufCnt:0,selfAccObjCnt:0,selfAccAngle:0,installHAngleOffset:0,Interpolation:0,installVAngleOffset:0,radarOffsetH:0,radarOffsetV:0.32,Polynom:-0.001023;-0.0511;-2.047;0;0;0;-0.001023;-0.0511;-2.047;-25.5;0;0,WheelDirection:0;0;0;0,selfAngleOffset:0,selfAngleOffsetPit:0,currCaliAngleHrz:0,currCaliAnglePit:0,selfCaliAngleHrz:0,selfCaliAnglePit:0,servCaliAngleHrz:0,servCaliAnglePit:0,offlineCaliAngleHrz:0,offlineCaliAnglePit:0,determine2useFlag:0,IMU_Z_Accel:0,IMU_X_AngularRate:0,IMU_Y_AngularRate:0,IMU_RollAngle:0,IMU_PitchAngle:0,IMU_YawAngle:0,FcwID:0,FCWWarningLevel:0,FCWTTC:0
0,5.04,0,-6.99,0,0,0,0,0,0.613,5,0,0,-6.7,0,0,0,0,0.0572958,0,0,0,0,98,0,0,0,0,0,0,54,0,0.00034,0.00034,0,0,0,0,0,3.6,0,0,0,0,0,0,1,0,0,0,0,0,0,0,0,98,0,,0,0,0,0,
25,10,0,-11.1,0,0,0,0,0,1.9255,9.8125,-0.125,0,-14.1,0,0,0,0,0.0572958,0,0,0,0,97,0,0,0,0,0,0,54,0,0.00034,0.00034,0,0,0,0,0,0.8,0,0,0,0,0,0,1,0,0,0,0,0,0,0,0,99,0,,0,0,0,0,
END,Total:2
START,FrameNb:201,CameraNb:0,HeSaiNb:0,ARS410Nb:0
2026/08/02 21:39:36:369---->
heightOffset:0,1785677976369,484632,selfCaliBufCnt:0,selfAccObjCnt:0,selfAccAngle:0,installHAngleOffset:0,Interpolation:0,installVAngleOffset:0,radarOffsetH:0,radarOffsetV:0.32,Polynom:-0.001023;-0.0511;-2.047;0;0;0;-0.001023;-0.0511;-2.047;-25.5;0;0,WheelDirection:0;0;0;0,selfAngleOffset:0,selfAngleOffsetPit:0,currCaliAngleHrz:0,currCaliAnglePit:0,selfCaliAngleHrz:0,selfCaliAnglePit:0,servCaliAngleHrz:0,servCaliAnglePit:0,offlineCaliAngleHrz:0,offlineCaliAnglePit:0,determine2useFlag:0,IMU_Z_Accel:0,IMU_X_AngularRate:0,IMU_Y_AngularRate:0,IMU_RollAngle:0,IMU_PitchAngle:0,IMU_YawAngle:0,FcwID:0,FCWWarningLevel:0,FCWTTC:0
0,5.04,0,-6.99,0,0,0,0,0,0.613,5,0,0,-6.7,0,0,0,0,0.0572958,0,0,0,0,98,0,0,0,0,0,0,57,0,0.00034,0.00034,0,0,0,0,0,3.6,0,0,0,0,0,0,1,0,0,0,0,0,0,0,0,98,0,,0,0,0,0,
25,10,-0.12,-11.1,0,0,0,0,0,1.9255,9.8125,-0.125,-0.125,-14.3,0,0,0,0,0.0572958,0,0,0,0,97,0,0,0,0,0,0,57,0,0.00034,0.00034,0,0,0,0,0,0.8,0,0,0,0,0,0,1,0,0,0,0,0,0,0,0,99,0,,0,0,0,0,
END,Total:2
START,FrameNb:202,CameraNb:0,HeSaiNb:0,ARS410Nb:0
2026/08/02 21:39:36:427---->
heightOffset:0,1785677976427,484681,selfCaliBufCnt:0,selfAccObjCnt:0,selfAccAngle:0,installHAngleOffset:0,Interpolation:0,installVAngleOffset:0,radarOffsetH:0,radarOffsetV:0.32,Polynom:-0.001023;-0.0511;-2.047;0;0;0;-0.001023;-0.0511;-2.047;-25.5;0;0,WheelDirection:0;0;0;0,selfAngleOffset:0,selfAngleOffsetPit:0,currCaliAngleHrz:0,currCaliAnglePit:0,selfCaliAngleHrz:0,selfCaliAnglePit:0,servCaliAngleHrz:0,servCaliAnglePit:0,offlineCaliAngleHrz:0,offlineCaliAnglePit:0,determine2useFlag:0,IMU_Z_Accel:0,IMU_X_AngularRate:0,IMU_Y_AngularRate:0,IMU_RollAngle:0,IMU_PitchAngle:0,IMU_YawAngle:0,FcwID:0,FCWWarningLevel:0,FCWTTC:0
0,5.04,0,-6.99,0,0,0,0,0,0.613,5,0,0,-6.7,0,0,0,0,0.0572958,0,0,0,0,98,0,0,0,0,0,0,54,0,0.00034,0.00034,0,0,0,0,0,3.4,0,0,0,0,0,0,1,0,0,0,0,0,0,0,0,98,0,,0,0,0,0,
25,10,-0.12,-11.1,0,0,0,0,0,1.9255,9.8125,-0.125,-0.125,-14.3,0,0,0,0,0.0572958,0,0,0,0,97,0,0,0,0,0,0,54,0,0.00034,0.00034,0,0,0,0,0,0.8,0,0,0,0,0,0,1,0,0,0,0,0,0,0,0,99,0,,0,0,0,0,
END,Total:2
START,FrameNb:203,CameraNb:0,HeSaiNb:0,ARS410Nb:0
2026/08/02 21:39:36:475---->
heightOffset:0,1785677976475,484731,selfCaliBufCnt:0,selfAccObjCnt:0,selfAccAngle:0,installHAngleOffset:0,Interpolation:0,installVAngleOffset:0,radarOffsetH:0,radarOffsetV:0.32,Polynom:-0.001023;-0.0511;-2.047;0;0;0;-0.001023;-0.0511;-2.047;-25.5;0;0,WheelDirection:0;0;0;0,selfAngleOffset:0,selfAngleOffsetPit:0,currCaliAngleHrz:0,currCaliAnglePit:0,selfCaliAngleHrz:0,selfCaliAnglePit:0,servCaliAngleHrz:0,servCaliAnglePit:0,offlineCaliAngleHrz:0,offlineCaliAnglePit:0,determine2useFlag:0,IMU_Z_Accel:0,IMU_X_AngularRate:0,IMU_Y_AngularRate:0,IMU_RollAngle:0,IMU_PitchAngle:0,IMU_YawAngle:0,FcwID:0,FCWWarningLevel:0,FCWTTC:0
0,5.04,0,-6.99,0,0,0,0,0,0.613,5,0,0,-6.7,0,0,0,0,0.0572958,0,0,0,0,98,0,0,0,0,0,0,60,0,0.00034,0.00034,0,0,0,0,0,3.4,0,0,0,0,0,0,1,0,0,0,0,0,0,0,0,98,0,,0,0,0,0,
25,10,-0.12,-11.1,0,0,0,0,0,1.9255,9.8125,-0.125,-0.125,-14.3,0,0,0,0,0.0572958,0,0,0,0,97,0,0,0,0,0,0,60,0,0.00034,0.00034,0,0,0,0,0,0.8,0,0,0,0,0,0,1,0,0,0,0,0,0,0,0,99,0,,0,0,0,0,
END,Total:2
START,FrameNb:204,CameraNb:0,HeSaiNb:0,ARS410Nb:0
2026/08/02 21:39:36:526---->
heightOffset:0,1785677976526,484781,selfCaliBufCnt:0,selfAccObjCnt:0,selfAccAngle:0,installHAngleOffset:0,Interpolation:0,installVAngleOffset:0,radarOffsetH:0,radarOffsetV:0.32,Polynom:-0.001023;-0.0511;-2.047;0;0;0;-0.001023;-0.0511;-2.047;-25.5;0;0,WheelDirection:0;0;0;0,selfAngleOffset:0,selfAngleOffsetPit:0,currCaliAngleHrz:0,currCaliAnglePit:0,selfCaliAngleHrz:0,selfCaliAnglePit:0,servCaliAngleHrz:0,servCaliAnglePit:0,offlineCaliAngleHrz:0,offlineCaliAnglePit:0,determine2useFlag:0,IMU_Z_Accel:0,IMU_X_AngularRate:0,IMU_Y_AngularRate:0,IMU_RollAngle:0,IMU_PitchAngle:0,IMU_YawAngle:0,FcwID:0,FCWWarningLevel:0,FCWTTC:0
0,5.04,0,-6.99,0,0,0,0,0,0.613,5,0,0,-6.7,0,0,0,0,0.0572958,0,0,0,0,98,0,0,0,0,0,0,59,0,0.00034,0.00034,0,0,0,0,0,3.4,0,0,0,0,0,0,1,0,0,0,0,0,0,0,0,98,0,,0,0,0,0,
25,10,-0.12,-11.1,0,0,0,0,0,1.9255,9.8125,-0.125,-0.125,-14.3,0,0,0,0,0.0572958,0,0,0,0,97,0,0,0,0,0,0,59,0,0.00034,0.00034,0,0,0,0,0,0.8,0,0,0,0,0,0,1,0,0,0,0,0,0,0,0,99,0,,0,0,0,0,
END,Total:2
START,FrameNb:205,CameraNb:0,HeSaiNb:0,ARS410Nb:0
2026/08/02 21:39:36:567---->
heightOffset:0,1785677976567,484831,selfCaliBufCnt:0,selfAccObjCnt:0,selfAccAngle:0,installHAngleOffset:0,Interpolation:0,installVAngleOffset:0,radarOffsetH:0,radarOffsetV:0.32,Polynom:-0.001023;-0.0511;-2.047;0;0;0;-0.001023;-0.0511;-2.047;-25.5;0;0,WheelDirection:0;0;0;0,selfAngleOffset:0,selfAngleOffsetPit:0,currCaliAngleHrz:0,currCaliAnglePit:0,selfCaliAngleHrz:0,selfCaliAnglePit:0,servCaliAngleHrz:0,servCaliAnglePit:0,offlineCaliAngleHrz:0,offlineCaliAnglePit:0,determine2useFlag:0,IMU_Z_Accel:0,IMU_X_AngularRate:0,IMU_Y_AngularRate:0,IMU_RollAngle:0,IMU_PitchAngle:0,IMU_YawAngle:0,FcwID:0,FCWWarningLevel:0,FCWTTC:0
0,5.04,0,-6.99,0,0,0,0,0,0.613,5,0,0,-6.7,0,0,0,0,0.0572958,0,0,0,0,98,0,0,0,0,0,0,58,0,0.00034,0.00034,0,0,0,0,0,3,0,0,0,0,0,0,1,0,0,0,0,0,0,0,0,98,0,,0,0,0,0,
25,10,0,-11.1,0,0,0,0,0,1.9255,9.8125,-0.125,0,-14.3,0,0,0,0,0.0572958,0,0,0,0,97,0,0,0,0,0,0,58,0,0.00034,0.00034,0,0,0,0,0,0.8,0,0,0,0,0,0,1,0,0,0,0,0,0,0,0,99,0,,0,0,0,0,
END,Total:2
START,FrameNb:206,CameraNb:0,HeSaiNb:0,ARS410Nb:0
2026/08/02 21:39:36:620---->
heightOffset:0,1785677976620,484881,selfCaliBufCnt:0,selfAccObjCnt:0,selfAccAngle:0,installHAngleOffset:0,Interpolation:0,installVAngleOffset:0,radarOffsetH:0,radarOffsetV:0.32,Polynom:-0.001023;-0.0511;-2.047;0;0;0;-0.001023;-0.0511;-2.047;-25.5;0;0,WheelDirection:0;0;0;0,selfAngleOffset:0,selfAngleOffsetPit:0,currCaliAngleHrz:0,currCaliAnglePit:0,selfCaliAngleHrz:0,selfCaliAnglePit:0,servCaliAngleHrz:0,servCaliAnglePit:0,offlineCaliAngleHrz:0,offlineCaliAnglePit:0,determine2useFlag:0,IMU_Z_Accel:0,IMU_X_AngularRate:0,IMU_Y_AngularRate:0,IMU_RollAngle:0,IMU_PitchAngle:0,IMU_YawAngle:0,FcwID:0,FCWWarningLevel:0,FCWTTC:0
0,5.04,0,-6.99,0,0,0,0,0,0.613,5,0,0,-6.7,0,0,0,0,0.0572958,0,0,0,0,98,0,0,0,0,0,0,54,0,0.00034,0.00034,0,0,0,0,0,3.2,0,0,0,0,0,0,1,0,0,0,0,0,0,0,0,98,0,,0,0,0,0,
25,10,0,-11.1,0,0,0,0,0,1.9255,9.8125,-0.125,0,-14.3,0,0,0,0,0.0572958,0,0,0,0,97,0,0,0,0,0,0,54,0,0.00034,0.00034,0,0,0,0,0,0.8,0,0,0,0,0,0,1,0,0,0,0,0,0,0,0,99,0,,0,0,0,0,
END,Total:2
START,FrameNb:207,CameraNb:0,HeSaiNb:0,ARS410Nb:0
2026/08/02 21:39:36:665---->
heightOffset:0,1785677976665,484931,selfCaliBufCnt:0,selfAccObjCnt:0,selfAccAngle:0,installHAngleOffset:0,Interpolation:0,installVAngleOffset:0,radarOffsetH:0,radarOffsetV:0.32,Polynom:-0.001023;-0.0511;-2.047;0;0;0;-0.001023;-0.0511;-2.047;-25.5;0;0,WheelDirection:0;0;0;0,selfAngleOffset:0,selfAngleOffsetPit:0,currCaliAngleHrz:0,currCaliAnglePit:0,selfCaliAngleHrz:0,selfCaliAnglePit:0,servCaliAngleHrz:0,servCaliAnglePit:0,offlineCaliAngleHrz:0,offlineCaliAnglePit:0,determine2useFlag:0,IMU_Z_Accel:0,IMU_X_AngularRate:0,IMU_Y_AngularRate:0,IMU_RollAngle:0,IMU_PitchAngle:0,IMU_YawAngle:0,FcwID:0,FCWWarningLevel:0,FCWTTC:0
0,5.04,0,-6.99,0,0,0,0,0,0.613,5,0,0,-6.7,0,0,0,0,0.0572958,0,0,0,0,98,0,0,0,0,0,0,57,0,0.00034,0.00034,0,0,0,0,0,3.2,0,0,0,0,0,0,1,0,0,0,0,0,0,0,0,98,0,,0,0,0,0,
25,10,0,-11.1,0,0,0,0,0,1.9255,9.8125,-0.125,0,-14.3,0,0,0,0,0.0572958,0,0,0,0,97,0,0,0,0,0,0,57,0,0.00034,0.00034,0,0,0,0,0,0.8,0,0,0,0,0,0,1,0,0,0,0,0,0,0,0,99,0,,0,0,0,0,
END,Total:2
START,FrameNb:208,CameraNb:0,HeSaiNb:0,ARS410Nb:0
2026/08/02 21:39:36:724---->
heightOffset:0,1785677976724,484982,selfCaliBufCnt:0,selfAccObjCnt:0,selfAccAngle:0,installHAngleOffset:0,Interpolation:0,installVAngleOffset:0,radarOffsetH:0,radarOffsetV:0.32,Polynom:-0.001023;-0.0511;-2.047;0;0;0;-0.001023;-0.0511;-2.047;-25.5;0;0,WheelDirection:0;0;0;0,selfAngleOffset:0,selfAngleOffsetPit:0,currCaliAngleHrz:0,currCaliAnglePit:0,selfCaliAngleHrz:0,selfCaliAnglePit:0,servCaliAngleHrz:0,servCaliAnglePit:0,offlineCaliAngleHrz:0,offlineCaliAnglePit:0,determine2useFlag:0,IMU_Z_Accel:0,IMU_X_AngularRate:0,IMU_Y_AngularRate:0,IMU_RollAngle:0,IMU_PitchAngle:0,IMU_YawAngle:0,FcwID:0,FCWWarningLevel:0,FCWTTC:0
0,5.04,0,-6.99,0,0,0,0,0,0.613,5,0,0,-6.7,0,0,0,0,0.0572958,0,0,0,0,98,0,0,0,0,0,0,57,0,0.00034,0.00034,0,0,0,0,0,3.2,0,0,0,0,0,0,1,0,0,0,0,0,0,0,0,98,0,,0,0,0,0,
25,10,0,-11.1,0,0,0,0,0,1.9255,9.8125,-0.125,0,-14.1,0,0,0,0,0.0572958,0,0,0,0,97,0,0,0,0,0,0,57,0,0.00034,0.00034,0,0,0,0,0,0.8,0,0,0,0,0,0,1,0,0,0,0,0,0,0,0,99,0,,0,0,0,0,
END,Total:2
START,FrameNb:209,CameraNb:0,HeSaiNb:0,ARS410Nb:0
2026/08/02 21:39:36:774---->
heightOffset:0,1785677976774,485032,selfCaliBufCnt:0,selfAccObjCnt:0,selfAccAngle:0,installHAngleOffset:0,Interpolation:0,installVAngleOffset:0,radarOffsetH:0,radarOffsetV:0.32,Polynom:-0.001023;-0.0511;-2.047;0;0;0;-0.001023;-0.0511;-2.047;-25.5;0;0,WheelDirection:0;0;0;0,selfAngleOffset:0,selfAngleOffsetPit:0,currCaliAngleHrz:0,currCaliAnglePit:0,selfCaliAngleHrz:0,selfCaliAnglePit:0,servCaliAngleHrz:0,servCaliAnglePit:0,offlineCaliAngleHrz:0,offlineCaliAnglePit:0,determine2useFlag:0,IMU_Z_Accel:0,IMU_X_AngularRate:0,IMU_Y_AngularRate:0,IMU_RollAngle:0,IMU_PitchAngle:0,IMU_YawAngle:0,FcwID:0,FCWWarningLevel:0,FCWTTC:0
0,5.04,0,-6.99,0,0,0,0,0,0.613,5,0,0,-6.7,0,0,0,0,0.0572958,0,0,0,0,98,0,0,0,0,0,0,54,0,0.00034,0.00034,0,0,0,0,0,3.4,0,0,0,0,0,0,1,0,0,0,0,0,0,0,0,98,0,,0,0,0,0,
25,10,0,-11.1,0,0,0,0,0,1.9255,9.8125,-0.125,0,-14.1,0,0,0,0,0.0572958,0,0,0,0,97,0,0,0,0,0,0,54,0,0.00034,0.00034,0,0,0,0,0,0.8,0,0,0,0,0,0,1,0,0,0,0,0,0,0,0,99,0,,0,0,0,0,
END,Total:2
START,FrameNb:210,CameraNb:0,HeSaiNb:0,ARS410Nb:0
2026/08/02 21:39:36:821---->
heightOffset:0,1785677976821,485081,selfCaliBufCnt:0,selfAccObjCnt:0,selfAccAngle:0,installHAngleOffset:0,Interpolation:0,installVAngleOffset:0,radarOffsetH:0,radarOffsetV:0.32,Polynom:-0.001023;-0.0511;-2.047;0;0;0;-0.001023;-0.0511;-2.047;-25.5;0;0,WheelDirection:0;0;0;0,selfAngleOffset:0,selfAngleOffsetPit:0,currCaliAngleHrz:0,currCaliAnglePit:0,selfCaliAngleHrz:0,selfCaliAnglePit:0,servCaliAngleHrz:0,servCaliAnglePit:0,offlineCaliAngleHrz:0,offlineCaliAnglePit:0,determine2useFlag:0,IMU_Z_Accel:0,IMU_X_AngularRate:0,IMU_Y_AngularRate:0,IMU_RollAngle:0,IMU_PitchAngle:0,IMU_YawAngle:0,FcwID:0,FCWWarningLevel:0,FCWTTC:0
0,5.04,0,-6.99,0,0,0,0,0,0.613,5,0,0,-6.7,0,0,0,0,0.0572958,0,0,0,0,98,0,0,0,0,0,0,58,0,0.00034,0.00034,0,0,0,0,0,3.4,0,0,0,0,0,0,1,0,0,0,0,0,0,0,0,98,0,,0,0,0,0,
25,10,0,-11.1,0,0,0,0,0,1.9255,9.8125,-0.125,0,-14.3,0,0,0,0,0.0572958,0,0,0,0,97,0,0,0,0,0,0,58,0,0.00034,0.00034,0,0,0,0,0,0.8,0,0,0,0,0,0,1,0,0,0,0,0,0,0,0,99,0,,0,0,0,0,
END,Total:2
START,FrameNb:211,CameraNb:0,HeSaiNb:0,ARS410Nb:0
2026/08/02 21:39:36:872---->
heightOffset:0,1785677976872,485131,selfCaliBufCnt:0,selfAccObjCnt:0,selfAccAngle:0,installHAngleOffset:0,Interpolation:0,installVAngleOffset:0,radarOffsetH:0,radarOffsetV:0.32,Polynom:-0.001023;-0.0511;-2.047;0;0;0;-0.001023;-0.0511;-2.047;-25.5;0;0,WheelDirection:0;0;0;0,selfAngleOffset:0,selfAngleOffsetPit:0,currCaliAngleHrz:0,currCaliAnglePit:0,selfCaliAngleHrz:0,selfCaliAnglePit:0,servCaliAngleHrz:0,servCaliAnglePit:0,offlineCaliAngleHrz:0,offlineCaliAnglePit:0,determine2useFlag:0,IMU_Z_Accel:0,IMU_X_AngularRate:0,IMU_Y_AngularRate:0,IMU_RollAngle:0,IMU_PitchAngle:0,IMU_YawAngle:0,FcwID:0,FCWWarningLevel:0,FCWTTC:0
0,5.04,0,-6.99,0,0,0,0,0,0.613,5,0,0,-6.7,0,0,0,0,0.0572958,0,0,0,0,98,0,0,0,0,0,0,53,0,0.00034,0.00034,0,0,0,0,0,3.4,0,0,0,0,0,0,1,0,0,0,0,0,0,0,0,98,0,,0,0,0,0,
25,10,0,-11.1,0,0,0,0,0,1.9255,9.8125,-0.125,0,-14.3,0,0,0,0,0.0572958,0,0,0,0,97,0,0,0,0,0,0,53,0,0.00034,0.00034,0,0,0,0,0,0.8,0,0,0,0,0,0,1,0,0,0,0,0,0,0,0,99,0,,0,0,0,0,
END,Total:2
START,FrameNb:212,CameraNb:0,HeSaiNb:0,ARS410Nb:0
2026/08/02 21:39:36:915---->
heightOffset:0,1785677976915,485181,selfCaliBufCnt:0,selfAccObjCnt:0,selfAccAngle:0,installHAngleOffset:0,Interpolation:0,installVAngleOffset:0,radarOffsetH:0,radarOffsetV:0.32,Polynom:-0.001023;-0.0511;-2.047;0;0;0;-0.001023;-0.0511;-2.047;-25.5;0;0,WheelDirection:0;0;0;0,selfAngleOffset:0,selfAngleOffsetPit:0,currCaliAngleHrz:0,currCaliAnglePit:0,selfCaliAngleHrz:0,selfCaliAnglePit:0,servCaliAngleHrz:0,servCaliAnglePit:0,offlineCaliAngleHrz:0,offlineCaliAnglePit:0,determine2useFlag:0,IMU_Z_Accel:0,IMU_X_AngularRate:0,IMU_Y_AngularRate:0,IMU_RollAngle:0,IMU_PitchAngle:0,IMU_YawAngle:0,FcwID:0,FCWWarningLevel:0,FCWTTC:0
0,5.04,0,-6.99,0,0,0,0,0,0.613,5,0,0,-6.7,0,0,0,0,0.0572958,0,0,0,0,98,0,0,0,0,0,0,63,0,0.00034,0.00034,0,0,0,0,0,3.4,0,0,0,0,0,0,1,0,0,0,0,0,0,0,0,98,0,,0,0,0,0,
25,10,0,-11.1,0,0,0,0,0,1.9255,9.8125,-0.125,0,-14.5,0,0,0,0,0.0572958,0,0,0,0,97,0,0,0,0,0,0,63,0,0.00034,0.00034,0,0,0,0,0,0.8,0,0,0,0,0,0,1,0,0,0,0,0,0,0,0,99,0,,0,0,0,0,
END,Total:2
START,FrameNb:213,CameraNb:0,HeSaiNb:0,ARS410Nb:0
2026/08/02 21:39:36:975---->
heightOffset:0,1785677976975,485231,selfCaliBufCnt:0,selfAccObjCnt:0,selfAccAngle:0,installHAngleOffset:0,Interpolation:0,installVAngleOffset:0,radarOffsetH:0,radarOffsetV:0.32,Polynom:-0.001023;-0.0511;-2.047;0;0;0;-0.001023;-0.0511;-2.047;-25.5;0;0,WheelDirection:0;0;0;0,selfAngleOffset:0,selfAngleOffsetPit:0,currCaliAngleHrz:0,currCaliAnglePit:0,selfCaliAngleHrz:0,selfCaliAnglePit:0,servCaliAngleHrz:0,servCaliAnglePit:0,offlineCaliAngleHrz:0,offlineCaliAnglePit:0,determine2useFlag:0,IMU_Z_Accel:0,IMU_X_AngularRate:0,IMU_Y_AngularRate:0,IMU_RollAngle:0,IMU_PitchAngle:0,IMU_YawAngle:0,FcwID:0,FCWWarningLevel:0,FCWTTC:0
0,5.04,0,-6.99,0,0,0,0,0,0.613,5,0,0,-6.7,0,0,0,0,0.0572958,0,0,0,0,98,0,0,0,0,0,0,57,0,0.00034,0.00034,0,0,0,0,0,3.4,0,0,0,0,0,0,1,0,0,0,0,0,0,0,0,98,0,,0,0,0,0,
25,10,-0.12,-11.1,0,0,0,0,0,1.9255,9.8125,-0.125,-0.125,-14.7,0,0,0,0,0.0572958,0,0,0,0,97,0,0,0,0,0,0,57,0,0.00034,0.00034,0,0,0,0,0,0.8,0,0,0,0,0,0,1,0,0,0,0,0,0,0,0,99,0,,0,0,0,0,
END,Total:2
START,FrameNb:214,CameraNb:0,HeSaiNb:0,ARS410Nb:0
2026/08/02 21:39:37:026---->
heightOffset:0,1785677977026,485281,selfCaliBufCnt:0,selfAccObjCnt:0,selfAccAngle:0,installHAngleOffset:0,Interpolation:0,installVAngleOffset:0,radarOffsetH:0,radarOffsetV:0.32,Polynom:-0.001023;-0.0511;-2.047;0;0;0;-0.001023;-0.0511;-2.047;-25.5;0;0,WheelDirection:0;0;0;0,selfAngleOffset:0,selfAngleOffsetPit:0,currCaliAngleHrz:0,currCaliAnglePit:0,selfCaliAngleHrz:0,selfCaliAnglePit:0,servCaliAngleHrz:0,servCaliAnglePit:0,offlineCaliAngleHrz:0,offlineCaliAnglePit:0,determine2useFlag:0,IMU_Z_Accel:0,IMU_X_AngularRate:0,IMU_Y_AngularRate:0,IMU_RollAngle:0,IMU_PitchAngle:0,IMU_YawAngle:0,FcwID:0,FCWWarningLevel:0,FCWTTC:0
0,5.04,0,-6.99,0,0,0,0,0,0.613,5,0,0,-6.7,0,0,0,0,0.0572958,0,0,0,0,98,0,0,0,0,0,0,58,0,0.00034,0.00034,0,0,0,0,0,3.4,0,0,0,0,0,0,1,0,0,0,0,0,0,0,0,98,0,,0,0,0,0,
25,10,-0.12,-11.1,0,0,0,0,0,1.9255,9.8125,-0.125,-0.125,-15.1,0,0,0,0,0.0572958,0,0,0,0,97,0,0,0,0,0,0,58,0,0.00034,0.00034,0,0,0,0,0,0.8,0,0,0,0,0,0,1,0,0,0,0,0,0,0,0,99,0,,0,0,0,0,
END,Total:2
START,FrameNb:215,CameraNb:0,HeSaiNb:0,ARS410Nb:0
2026/08/02 21:39:37:068---->
heightOffset:0,1785677977068,485331,selfCaliBufCnt:0,selfAccObjCnt:0,selfAccAngle:0,installHAngleOffset:0,Interpolation:0,installVAngleOffset:0,radarOffsetH:0,radarOffsetV:0.32,Polynom:-0.001023;-0.0511;-2.047;0;0;0;-0.001023;-0.0511;-2.047;-25.5;0;0,WheelDirection:0;0;0;0,selfAngleOffset:0,selfAngleOffsetPit:0,currCaliAngleHrz:0,currCaliAnglePit:0,selfCaliAngleHrz:0,selfCaliAnglePit:0,servCaliAngleHrz:0,servCaliAnglePit:0,offlineCaliAngleHrz:0,offlineCaliAnglePit:0,determine2useFlag:0,IMU_Z_Accel:0,IMU_X_AngularRate:0,IMU_Y_AngularRate:0,IMU_RollAngle:0,IMU_PitchAngle:0,IMU_YawAngle:0,FcwID:0,FCWWarningLevel:0,FCWTTC:0
0,5.04,0,-6.99,0,0,0,0,0,0.613,5,0,0,-6.7,0,0,0,0,0.0572958,0,0,0,0,98,0,0,0,0,0,0,54,0,0.00034,0.00034,0,0,0,0,0,3.4,0,0,0,0,0,0,1,0,0,0,0,0,0,0,0,98,0,,0,0,0,0,
25,10,-0.12,-11.1,0,0,0,0,0,1.9255,9.8125,-0.125,-0.125,-15.1,0,0,0,0,0.0572958,0,0,0,0,97,0,0,0,0,0,0,54,0,0.00034,0.00034,0,0,0,0,0,0.8,0,0,0,0,0,0,1,0,0,0,0,0,0,0,0,99,0,,0,0,0,0,
END,Total:2
START,FrameNb:216,CameraNb:0,HeSaiNb:0,ARS410Nb:0
2026/08/02 21:39:37:118---->
heightOffset:0,1785677977118,485382,selfCaliBufCnt:0,selfAccObjCnt:0,selfAccAngle:0,installHAngleOffset:0,Interpolation:0,installVAngleOffset:0,radarOffsetH:0,radarOffsetV:0.32,Polynom:-0.001023;-0.0511;-2.047;0;0;0;-0.001023;-0.0511;-2.047;-25.5;0;0,WheelDirection:0;0;0;0,selfAngleOffset:0,selfAngleOffsetPit:0,currCaliAngleHrz:0,currCaliAnglePit:0,selfCaliAngleHrz:0,selfCaliAnglePit:0,servCaliAngleHrz:0,servCaliAnglePit:0,offlineCaliAngleHrz:0,offlineCaliAnglePit:0,determine2useFlag:0,IMU_Z_Accel:0,IMU_X_AngularRate:0,IMU_Y_AngularRate:0,IMU_RollAngle:0,IMU_PitchAngle:0,IMU_YawAngle:0,FcwID:0,FCWWarningLevel:0,FCWTTC:0
0,5.04,0,-6.99,0,0,0,0,0,0.613,5,0,0,-6.7,0,0,0,0,0.0572958,0,0,0,0,98,0,0,0,0,0,0,54,0,0.00034,0.00034,0,0,0,0,0,3.4,0,0,0,0,0,0,1,0,0,0,0,0,0,0,0,98,0,,0,0,0,0,
25,10,-0.12,-11.1,0,0,0,0,0,1.9255,9.8125,0,-0.125,-15.7,0,0,0,0,0.0572958,0,0,0,0,97,0,0,0,0,0,0,54,0,0.00034,0.00034,0,0,0,0,0,0.8,0,0,0,0,0,0,1,0,0,0,0,0,0,0,0,99,0,,0,0,0,0,
END,Total:2
START,FrameNb:217,CameraNb:0,HeSaiNb:0,ARS410Nb:0
2026/08/02 21:39:37:177---->
heightOffset:0,1785677977177,485431,selfCaliBufCnt:0,selfAccObjCnt:0,selfAccAngle:0,installHAngleOffset:0,Interpolation:0,installVAngleOffset:0,radarOffsetH:0,radarOffsetV:0.32,Polynom:-0.001023;-0.0511;-2.047;0;0;0;-0.001023;-0.0511;-2.047;-25.5;0;0,WheelDirection:0;0;0;0,selfAngleOffset:0,selfAngleOffsetPit:0,currCaliAngleHrz:0,currCaliAnglePit:0,selfCaliAngleHrz:0,selfCaliAnglePit:0,servCaliAngleHrz:0,servCaliAnglePit:0,offlineCaliAngleHrz:0,offlineCaliAnglePit:0,determine2useFlag:0,IMU_Z_Accel:0,IMU_X_AngularRate:0,IMU_Y_AngularRate:0,IMU_RollAngle:0,IMU_PitchAngle:0,IMU_YawAngle:0,FcwID:0,FCWWarningLevel:0,FCWTTC:0
0,5.04,0,-6.99,0,0,0,0,0,0.613,5,0,0,-6.7,0,0,0,0,0.0572958,0,0,0,0,98,0,0,0,0,0,0,57,0,0.00034,0.00034,0,0,0,0,0,3.4,0,0,0,0,0,0,1,0,0,0,0,0,0,0,0,98,0,,0,0,0,0,
25,10,-0.12,-11.1,0,0,0,0,0,1.9255,9.8125,0,-0.125,-15.9,0,0,0,0,0.0572958,0,0,0,0,97,0,0,0,0,0,0,57,0,0.00034,0.00034,0,0,0,0,0,0.8,0,0,0,0,0,0,1,0,0,0,0,0,0,0,0,99,0,,0,0,0,0,
END,Total:2
START,FrameNb:218,CameraNb:0,HeSaiNb:0,ARS410Nb:0
2026/08/02 21:39:37:224---->
heightOffset:0,1785677977224,485481,selfCaliBufCnt:0,selfAccObjCnt:0,selfAccAngle:0,installHAngleOffset:0,Interpolation:0,installVAngleOffset:0,radarOffsetH:0,radarOffsetV:0.32,Polynom:-0.001023;-0.0511;-2.047;0;0;0;-0.001023;-0.0511;-2.047;-25.5;0;0,WheelDirection:0;0;0;0,selfAngleOffset:0,selfAngleOffsetPit:0,currCaliAngleHrz:0,currCaliAnglePit:0,selfCaliAngleHrz:0,selfCaliAnglePit:0,servCaliAngleHrz:0,servCaliAnglePit:0,offlineCaliAngleHrz:0,offlineCaliAnglePit:0,determine2useFlag:0,IMU_Z_Accel:0,IMU_X_AngularRate:0,IMU_Y_AngularRate:0,IMU_RollAngle:0,IMU_PitchAngle:0,IMU_YawAngle:0,FcwID:0,FCWWarningLevel:0,FCWTTC:0
0,5.04,0,-6.99,0,0,0,0,0,0.613,5,0,0,-6.7,0,0,0,0,0.0572958,0,0,0,0,98,0,0,0,0,0,0,54,0,0.00034,0.00034,0,0,0,0,0,3.4,0,0,0,0,0,0,1,0,0,0,0,0,0,0,0,98,0,,0,0,0,0,
25,10,-0.12,-11.1,0,0,0,0,0,1.9255,9.8125,0,-0.125,-15.9,0,0,0,0,0.0572958,0,0,0,0,97,0,0,0,0,0,0,54,0,0.00034,0.00034,0,0,0,0,0,0.8,0,0,0,0,0,0,1,0,0,0,0,0,0,0,0,99,0,,0,0,0,0,
END,Total:2
START,FrameNb:219,CameraNb:0,HeSaiNb:0,ARS410Nb:0
2026/08/02 21:39:37:273---->
heightOffset:0,1785677977273,485531,selfCaliBufCnt:0,selfAccObjCnt:0,selfAccAngle:0,installHAngleOffset:0,Interpolation:0,installVAngleOffset:0,radarOffsetH:0,radarOffsetV:0.32,Polynom:-0.001023;-0.0511;-2.047;0;0;0;-0.001023;-0.0511;-2.047;-25.5;0;0,WheelDirection:0;0;0;0,selfAngleOffset:0,selfAngleOffsetPit:0,currCaliAngleHrz:0,currCaliAnglePit:0,selfCaliAngleHrz:0,selfCaliAnglePit:0,servCaliAngleHrz:0,servCaliAnglePit:0,offlineCaliAngleHrz:0,offlineCaliAnglePit:0,determine2useFlag:0,IMU_Z_Accel:0,IMU_X_AngularRate:0,IMU_Y_AngularRate:0,IMU_RollAngle:0,IMU_PitchAngle:0,IMU_YawAngle:0,FcwID:0,FCWWarningLevel:0,FCWTTC:0
0,5.04,0,-6.99,0,0,0,0,0,0.613,5,0,0,-6.7,0,0,0,0,0.0572958,0,0,0,0,98,0,0,0,0,0,0,58,0,0.00034,0.00034,0,0,0,0,0,3.4,0,0,0,0,0,0,1,0,0,0,0,0,0,0,0,98,0,,0,0,0,0,
25,10,-0.12,-11.1,0,0,0,0,0,1.9255,9.8125,0,-0.125,-15.9,0,0,0,0,0.0572958,0,0,0,0,96,0,0,0,0,0,0,58,0,0.00034,0.00034,0,0,0,0,0,0.8,0,0,0,0,0,0,1,0,0,0,0,0,0,0,0,99,0,,0,0,0,0,
END,Total:2
START,FrameNb:220,CameraNb:0,HeSaiNb:0,ARS410Nb:0
2026/08/02 21:39:37:317---->
heightOffset:0,1785677977317,485581,selfCaliBufCnt:0,selfAccObjCnt:0,selfAccAngle:0,installHAngleOffset:0,Interpolation:0,installVAngleOffset:0,radarOffsetH:0,radarOffsetV:0.32,Polynom:-0.001023;-0.0511;-2.047;0;0;0;-0.001023;-0.0511;-2.047;-25.5;0;0,WheelDirection:0;0;0;0,selfAngleOffset:0,selfAngleOffsetPit:0,currCaliAngleHrz:0,currCaliAnglePit:0,selfCaliAngleHrz:0,selfCaliAnglePit:0,servCaliAngleHrz:0,servCaliAnglePit:0,offlineCaliAngleHrz:0,offlineCaliAnglePit:0,determine2useFlag:0,IMU_Z_Accel:0,IMU_X_AngularRate:0,IMU_Y_AngularRate:0,IMU_RollAngle:0,IMU_PitchAngle:0,IMU_YawAngle:0,FcwID:0,FCWWarningLevel:0,FCWTTC:0
0,5.04,0,-6.99,0,0,0,0,0,0.613,5,0,0,-6.7,0,0,0,0,0.0572958,0,0,0,0,98,0,0,0,0,0,0,57,0,0.00034,0.00034,0,0,0,0,0,3.4,0,0,0,0,0,0,1,0,0,0,0,0,0,0,0,98,0,,0,0,0,0,
25,10,-0.12,-11.1,0,0,0,0,0,1.9255,9.8125,0,-0.125,-15.9,0,0,0,0,0.0572958,0,0,0,0,65,0,0,0,0,0,0,57,0,0.00034,0.00034,0,0,0,0,0,1,0,0,0,0,0,0,1,0,0,0,0,0,0,0,0,99,0,,0,0,0,0,
END,Total:2
START,FrameNb:221,CameraNb:0,HeSaiNb:0,ARS410Nb:0
2026/08/02 21:39:37:368---->
heightOffset:0,1785677977368,485631,selfCaliBufCnt:0,selfAccObjCnt:0,selfAccAngle:0,installHAngleOffset:0,Interpolation:0,installVAngleOffset:0,radarOffsetH:0,radarOffsetV:0.32,Polynom:-0.001023;-0.0511;-2.047;0;0;0;-0.001023;-0.0511;-2.047;-25.5;0;0,WheelDirection:0;0;0;0,selfAngleOffset:0,selfAngleOffsetPit:0,currCaliAngleHrz:0,currCaliAnglePit:0,selfCaliAngleHrz:0,selfCaliAnglePit:0,servCaliAngleHrz:0,servCaliAnglePit:0,offlineCaliAngleHrz:0,offlineCaliAnglePit:0,determine2useFlag:0,IMU_Z_Accel:0,IMU_X_AngularRate:0,IMU_Y_AngularRate:0,IMU_RollAngle:0,IMU_PitchAngle:0,IMU_YawAngle:0,FcwID:0,FCWWarningLevel:0,FCWTTC:0
0,5.04,0,-6.99,0,0,0,0,0,0.613,5,0,0,-6.7,0,0,0,0,0.0572958,0,0,0,0,98,0,0,0,0,0,0,63,0,0.00034,0.00034,0,0,0,0,0,3.4,0,0,0,0,0,0,1,0,0,0,0,0,0,0,0,98,0,,0,0,0,0,
25,10,-0.12,-11.1,0,0,0,0,0,1.9255,9.8125,0,-0.125,-15.7,0,0,0,0,0.0572958,0,0,0,0,65,0,0,0,0,0,0,63,0,0.00034,0.00034,0,0,0,0,0,1,0,0,0,0,0,0,1,0,0,0,0,0,0,0,0,99,0,,0,0,0,0,
END,Total:2
START,FrameNb:222,CameraNb:0,HeSaiNb:0,ARS410Nb:0
2026/08/02 21:39:37:414---->
heightOffset:0,1785677977414,485681,selfCaliBufCnt:0,selfAccObjCnt:0,selfAccAngle:0,installHAngleOffset:0,Interpolation:0,installVAngleOffset:0,radarOffsetH:0,radarOffsetV:0.32,Polynom:-0.001023;-0.0511;-2.047;0;0;0;-0.001023;-0.0511;-2.047;-25.5;0;0,WheelDirection:0;0;0;0,selfAngleOffset:0,selfAngleOffsetPit:0,currCaliAngleHrz:0,currCaliAnglePit:0,selfCaliAngleHrz:0,selfCaliAnglePit:0,servCaliAngleHrz:0,servCaliAnglePit:0,offlineCaliAngleHrz:0,offlineCaliAnglePit:0,determine2useFlag:0,IMU_Z_Accel:0,IMU_X_AngularRate:0,IMU_Y_AngularRate:0,IMU_RollAngle:0,IMU_PitchAngle:0,IMU_YawAngle:0,FcwID:0,FCWWarningLevel:0,FCWTTC:0
0,5.04,0,-6.99,0,0,0,0,0,0.613,5,0,0,-6.7,0,0,0,0,0.0572958,0,0,0,0,98,0,0,0,0,0,0,54,0,0.00034,0.00034,0,0,0,0,0,3.4,0,0,0,0,0,0,1,0,0,0,0,0,0,0,0,98,0,,0,0,0,0,
25,10,-0.12,-11.1,0,0,0,0,0,1.9255,9.8125,0,-0.125,-15.9,0,0,0,0,0.0572958,0,0,0,0,65,0,0,0,0,0,0,54,0,0.00034,0.00034,0,0,0,0,0,1,0,0,0,0,0,0,1,0,0,0,0,0,0,0,0,99,0,,0,0,0,0,
END,Total:2
START,FrameNb:223,CameraNb:0,HeSaiNb:0,ARS410Nb:0
2026/08/02 21:39:37:476---->
heightOffset:0,1785677977476,485731,selfCaliBufCnt:0,selfAccObjCnt:0,selfAccAngle:0,installHAngleOffset:0,Interpolation:0,installVAngleOffset:0,radarOffsetH:0,radarOffsetV:0.32,Polynom:-0.001023;-0.0511;-2.047;0;0;0;-0.001023;-0.0511;-2.047;-25.5;0;0,WheelDirection:0;0;0;0,selfAngleOffset:0,selfAngleOffsetPit:0,currCaliAngleHrz:0,currCaliAnglePit:0,selfCaliAngleHrz:0,selfCaliAnglePit:0,servCaliAngleHrz:0,servCaliAnglePit:0,offlineCaliAngleHrz:0,offlineCaliAnglePit:0,determine2useFlag:0,IMU_Z_Accel:0,IMU_X_AngularRate:0,IMU_Y_AngularRate:0,IMU_RollAngle:0,IMU_PitchAngle:0,IMU_YawAngle:0,FcwID:0,FCWWarningLevel:0,FCWTTC:0
0,5.04,0,-6.99,0,0,0,0,0,0.613,5,0,0,-6.7,0,0,0,0,0.0572958,0,0,0,0,98,0,0,0,0,0,0,58,0,0.00034,0.00034,0,0,0,0,0,3.4,0,0,0,0,0,0,1,0,0,0,0,0,0,0,0,98,0,,0,0,0,0,
25,10,-0.12,-11.1,0,0,0,0,0,1.9255,9.8125,0,-0.125,-15.9,0,0,0,0,0.0572958,0,0,0,0,65,0,0,0,0,0,0,58,0,0.00034,0.00034,0,0,0,0,0,1,0,0,0,0,0,0,1,0,0,0,0,0,0,0,0,99,0,,0,0,0,0,
END,Total:2
START,FrameNb:224,CameraNb:0,HeSaiNb:0,ARS410Nb:0
2026/08/02 21:39:37:528---->
heightOffset:0,1785677977528,485781,selfCaliBufCnt:0,selfAccObjCnt:0,selfAccAngle:0,installHAngleOffset:0,Interpolation:0,installVAngleOffset:0,radarOffsetH:0,radarOffsetV:0.32,Polynom:-0.001023;-0.0511;-2.047;0;0;0;-0.001023;-0.0511;-2.047;-25.5;0;0,WheelDirection:0;0;0;0,selfAngleOffset:0,selfAngleOffsetPit:0,currCaliAngleHrz:0,currCaliAnglePit:0,selfCaliAngleHrz:0,selfCaliAnglePit:0,servCaliAngleHrz:0,servCaliAnglePit:0,offlineCaliAngleHrz:0,offlineCaliAnglePit:0,determine2useFlag:0,IMU_Z_Accel:0,IMU_X_AngularRate:0,IMU_Y_AngularRate:0,IMU_RollAngle:0,IMU_PitchAngle:0,IMU_YawAngle:0,FcwID:0,FCWWarningLevel:0,FCWTTC:0
0,5.04,0,-6.99,0,0,0,0,0,0.613,5,0,0,-6.7,0,0,0,0,0.0572958,0,0,0,0,98,0,0,0,0,0,0,58,0,0.00034,0.00034,0,0,0,0,0,3.4,0,0,0,0,0,0,1,0,0,0,0,0,0,0,0,98,0,,0,0,0,0,
25,10,-0.12,-11.1,0,0,0,0,0,1.9255,9.8125,0,-0.125,-15.7,0,0,0,0,0.0572958,0,0,0,0,65,0,0,0,0,0,0,58,0,0.00034,0.00034,0,0,0,0,0,1,0,0,0,0,0,0,1,0,0,0,0,0,0,0,0,99,0,,0,0,0,0,
END,Total:2
START,FrameNb:225,CameraNb:0,HeSaiNb:0,ARS410Nb:0
2026/08/02 21:39:37:570---->
heightOffset:0,1785677977570,485831,selfCaliBufCnt:0,selfAccObjCnt:0,selfAccAngle:0,installHAngleOffset:0,Interpolation:0,installVAngleOffset:0,radarOffsetH:0,radarOffsetV:0.32,Polynom:-0.001023;-0.0511;-2.047;0;0;0;-0.001023;-0.0511;-2.047;-25.5;0;0,WheelDirection:0;0;0;0,selfAngleOffset:0,selfAngleOffsetPit:0,currCaliAngleHrz:0,currCaliAnglePit:0,selfCaliAngleHrz:0,selfCaliAnglePit:0,servCaliAngleHrz:0,servCaliAnglePit:0,offlineCaliAngleHrz:0,offlineCaliAnglePit:0,determine2useFlag:0,IMU_Z_Accel:0,IMU_X_AngularRate:0,IMU_Y_AngularRate:0,IMU_RollAngle:0,IMU_PitchAngle:0,IMU_YawAngle:0,FcwID:0,FCWWarningLevel:0,FCWTTC:0
0,5.04,0,-6.99,0,0,0,0,0,0.613,5,0,0,-6.7,0,0,0,0,0.0572958,0,0,0,0,98,0,0,0,0,0,0,53,0,0.00034,0.00034,0,0,0,0,0,3.4,0,0,0,0,0,0,1,0,0,0,0,0,0,0,0,98,0,,0,0,0,0,
25,10,0,-11.1,0,0,0,0,0,1.9255,9.8125,0,0,-15.9,0,0,0,0,0.0572958,0,0,0,0,65,0,0,0,0,0,0,53,0,0.00034,0.00034,0,0,0,0,0,1,0,0,0,0,0,0,1,0,0,0,0,0,0,0,0,99,0,,0,0,0,0,
END,Total:2
START,FrameNb:226,CameraNb:0,HeSaiNb:0,ARS410Nb:0
2026/08/02 21:39:37:621---->
heightOffset:0,1785677977621,485881,selfCaliBufCnt:0,selfAccObjCnt:0,selfAccAngle:0,installHAngleOffset:0,Interpolation:0,installVAngleOffset:0,radarOffsetH:0,radarOffsetV:0.32,Polynom:-0.001023;-0.0511;-2.047;0;0;0;-0.001023;-0.0511;-2.047;-25.5;0;0,WheelDirection:0;0;0;0,selfAngleOffset:0,selfAngleOffsetPit:0,currCaliAngleHrz:0,currCaliAnglePit:0,selfCaliAngleHrz:0,selfCaliAnglePit:0,servCaliAngleHrz:0,servCaliAnglePit:0,offlineCaliAngleHrz:0,offlineCaliAnglePit:0,determine2useFlag:0,IMU_Z_Accel:0,IMU_X_AngularRate:0,IMU_Y_AngularRate:0,IMU_RollAngle:0,IMU_PitchAngle:0,IMU_YawAngle:0,FcwID:0,FCWWarningLevel:0,FCWTTC:0
0,5.04,0,-6.99,0,0,0,0,0,0.613,5,0,0,-6.7,0,0,0,0,0.0572958,0,0,0,0,98,0,0,0,0,0,0,58,0,0.00034,0.00034,0,0,0,0,0,3.4,0,0,0,0,0,0,1,0,0,0,0,0,0,0,0,98,0,,0,0,0,0,
25,10,-0.12,-11.1,0,0,0,0,0,1.9255,9.8125,-0.125,-0.125,-16.1,0,0,0,0,0.0572958,0,0,0,0,65,0,0,0,0,0,0,58,0,0.00034,0.00034,0,0,0,0,0,0.8,0,0,0,0,0,0,1,0,0,0,0,0,0,0,0,99,0,,0,0,0,0,
END,Total:2
START,FrameNb:227,CameraNb:0,HeSaiNb:0,ARS410Nb:0
2026/08/02 21:39:37:666---->
heightOffset:0,1785677977666,485931,selfCaliBufCnt:0,selfAccObjCnt:0,selfAccAngle:0,installHAngleOffset:0,Interpolation:0,installVAngleOffset:0,radarOffsetH:0,radarOffsetV:0.32,Polynom:-0.001023;-0.0511;-2.047;0;0;0;-0.001023;-0.0511;-2.047;-25.5;0;0,WheelDirection:0;0;0;0,selfAngleOffset:0,selfAngleOffsetPit:0,currCaliAngleHrz:0,currCaliAnglePit:0,selfCaliAngleHrz:0,selfCaliAnglePit:0,servCaliAngleHrz:0,servCaliAnglePit:0,offlineCaliAngleHrz:0,offlineCaliAnglePit:0,determine2useFlag:0,IMU_Z_Accel:0,IMU_X_AngularRate:0,IMU_Y_AngularRate:0,IMU_RollAngle:0,IMU_PitchAngle:0,IMU_YawAngle:0,FcwID:0,FCWWarningLevel:0,FCWTTC:0
0,5.04,0,-6.99,0,0,0,0,0,0.613,5,0,0,-6.7,0,0,0,0,0.0572958,0,0,0,0,98,0,0,0,0,0,0,53,0,0.00034,0.00034,0,0,0,0,0,3.4,0,0,0,0,0,0,1,0,0,0,0,0,0,0,0,98,0,,0,0,0,0,
25,10,-0.12,-11.1,0,0,0,0,0,1.9255,9.8125,-0.125,-0.125,-16.1,0,0,0,0,0.0572958,0,0,0,0,65,0,0,0,0,0,0,53,0,0.00034,0.00034,0,0,0,0,0,0.8,0,0,0,0,0,0,1,0,0,0,0,0,0,0,0,99,0,,0,0,0,0,
END,Total:2
START,FrameNb:228,CameraNb:0,HeSaiNb:0,ARS410Nb:0
2026/08/02 21:39:37:715---->
heightOffset:0,1785677977715,485981,selfCaliBufCnt:0,selfAccObjCnt:0,selfAccAngle:0,installHAngleOffset:0,Interpolation:0,installVAngleOffset:0,radarOffsetH:0,radarOffsetV:0.32,Polynom:-0.001023;-0.0511;-2.047;0;0;0;-0.001023;-0.0511;-2.047;-25.5;0;0,WheelDirection:0;0;0;0,selfAngleOffset:0,selfAngleOffsetPit:0,currCaliAngleHrz:0,currCaliAnglePit:0,selfCaliAngleHrz:0,selfCaliAnglePit:0,servCaliAngleHrz:0,servCaliAnglePit:0,offlineCaliAngleHrz:0,offlineCaliAnglePit:0,determine2useFlag:0,IMU_Z_Accel:0,IMU_X_AngularRate:0,IMU_Y_AngularRate:0,IMU_RollAngle:0,IMU_PitchAngle:0,IMU_YawAngle:0,FcwID:0,FCWWarningLevel:0,FCWTTC:0
0,5.04,0,-6.99,0,0,0,0,0,0.613,5,0,0,-6.7,0,0,0,0,0.0572958,0,0,0,0,98,0,0,0,0,0,0,61,0,0.00034,0.00034,0,0,0,0,0,3.4,0,0,0,0,0,0,1,0,0,0,0,0,0,0,0,98,0,,0,0,0,0,
25,10,-0.12,-11.1,0,0,0,0,0,1.9255,9.8125,-0.125,-0.125,-16.1,0,0,0,0,0.0572958,0,0,0,0,65,0,0,0,0,0,0,61,0,0.00034,0.00034,0,0,0,0,0,0.8,0,0,0,0,0,0,1,0,0,0,0,0,0,0,0,99,0,,0,0,0,0,
END,Total:2
START,FrameNb:229,CameraNb:0,HeSaiNb:0,ARS410Nb:0
2026/08/02 21:39:37:773---->
heightOffset:0,1785677977773,486031,selfCaliBufCnt:0,selfAccObjCnt:0,selfAccAngle:0,installHAngleOffset:0,Interpolation:0,installVAngleOffset:0,radarOffsetH:0,radarOffsetV:0.32,Polynom:-0.001023;-0.0511;-2.047;0;0;0;-0.001023;-0.0511;-2.047;-25.5;0;0,WheelDirection:0;0;0;0,selfAngleOffset:0,selfAngleOffsetPit:0,currCaliAngleHrz:0,currCaliAnglePit:0,selfCaliAngleHrz:0,selfCaliAnglePit:0,servCaliAngleHrz:0,servCaliAnglePit:0,offlineCaliAngleHrz:0,offlineCaliAnglePit:0,determine2useFlag:0,IMU_Z_Accel:0,IMU_X_AngularRate:0,IMU_Y_AngularRate:0,IMU_RollAngle:0,IMU_PitchAngle:0,IMU_YawAngle:0,FcwID:0,FCWWarningLevel:0,FCWTTC:0
0,5.04,0,-6.99,0,0,0,0,0,0.613,5,0,0,-6.7,0,0,0,0,0.0572958,0,0,0,0,98,0,0,0,0,0,0,59,0,0.00034,0.00034,0,0,0,0,0,3.4,0,0,0,0,0,0,1,0,0,0,0,0,0,0,0,98,0,,0,0,0,0,
25,10,0,-11.1,0,0,0,0,0,1.9255,9.8125,-0.125,0,-16.1,0,0,0,0,0.0572958,0,0,0,0,65,0,0,0,0,0,0,59,0,0.00034,0.00034,0,0,0,0,0,0.8,0,0,0,0,0,0,1,0,0,0,0,0,0,0,0,99,0,,0,0,0,0,
END,Total:2
START,FrameNb:230,CameraNb:0,HeSaiNb:0,ARS410Nb:0
2026/08/02 21:39:37:820---->
heightOffset:0,1785677977820,486081,selfCaliBufCnt:0,selfAccObjCnt:0,selfAccAngle:0,installHAngleOffset:0,Interpolation:0,installVAngleOffset:0,radarOffsetH:0,radarOffsetV:0.32,Polynom:-0.001023;-0.0511;-2.047;0;0;0;-0.001023;-0.0511;-2.047;-25.5;0;0,WheelDirection:0;0;0;0,selfAngleOffset:0,selfAngleOffsetPit:0,currCaliAngleHrz:0,currCaliAnglePit:0,selfCaliAngleHrz:0,selfCaliAnglePit:0,servCaliAngleHrz:0,servCaliAnglePit:0,offlineCaliAngleHrz:0,offlineCaliAnglePit:0,determine2useFlag:0,IMU_Z_Accel:0,IMU_X_AngularRate:0,IMU_Y_AngularRate:0,IMU_RollAngle:0,IMU_PitchAngle:0,IMU_YawAngle:0,FcwID:0,FCWWarningLevel:0,FCWTTC:0
0,5.04,0,-6.99,0,0,0,0,0,0.613,5,0,0,-6.7,0,0,0,0,0.0572958,0,0,0,0,98,0,0,0,0,0,0,59,0,0.00034,0.00034,0,0,0,0,0,3.4,0,0,0,0,0,0,1,0,0,0,0,0,0,0,0,98,0,,0,0,0,0,
25,10,0,-11.1,0,0,0,0,0,1.9255,9.8125,-0.125,0,-16.1,0,0,0,0,0.0572958,0,0,0,0,65,0,0,0,0,0,0,59,0,0.00034,0.00034,0,0,0,0,0,0.8,0,0,0,0,0,0,1,0,0,0,0,0,0,0,0,99,0,,0,0,0,0,
END,Total:2
START,FrameNb:231,CameraNb:0,HeSaiNb:0,ARS410Nb:0
2026/08/02 21:39:37:871---->
heightOffset:0,1785677977871,486131,selfCaliBufCnt:0,selfAccObjCnt:0,selfAccAngle:0,installHAngleOffset:0,Interpolation:0,installVAngleOffset:0,radarOffsetH:0,radarOffsetV:0.32,Polynom:-0.001023;-0.0511;-2.047;0;0;0;-0.001023;-0.0511;-2.047;-25.5;0;0,WheelDirection:0;0;0;0,selfAngleOffset:0,selfAngleOffsetPit:0,currCaliAngleHrz:0,currCaliAnglePit:0,selfCaliAngleHrz:0,selfCaliAnglePit:0,servCaliAngleHrz:0,servCaliAnglePit:0,offlineCaliAngleHrz:0,offlineCaliAnglePit:0,determine2useFlag:0,IMU_Z_Accel:0,IMU_X_AngularRate:0,IMU_Y_AngularRate:0,IMU_RollAngle:0,IMU_PitchAngle:0,IMU_YawAngle:0,FcwID:0,FCWWarningLevel:0,FCWTTC:0
0,5.04,0,-6.99,0,0,0,0,0,0.613,5,0,0,-6.7,0,0,0,0,0.0572958,0,0,0,0,98,0,0,0,0,0,0,53,0,0.00034,0.00034,0,0,0,0,0,3.4,0,0,0,0,0,0,1,0,0,0,0,0,0,0,0,98,0,,0,0,0,0,
25,10,0,-11.1,0,0,0,0,0,1.9255,9.8125,-0.125,0,-16.1,0,0,0,0,0.0572958,0,0,0,0,65,0,0,0,0,0,0,53,0,0.00034,0.00034,0,0,0,0,0,0.8,0,0,0,0,0,0,1,0,0,0,0,0,0,0,0,99,0,,0,0,0,0,
END,Total:2
START,FrameNb:232,CameraNb:0,HeSaiNb:0,ARS410Nb:0
2026/08/02 21:39:37:917---->
heightOffset:0,1785677977917,486181,selfCaliBufCnt:0,selfAccObjCnt:0,selfAccAngle:0,installHAngleOffset:0,Interpolation:0,installVAngleOffset:0,radarOffsetH:0,radarOffsetV:0.32,Polynom:-0.001023;-0.0511;-2.047;0;0;0;-0.001023;-0.0511;-2.047;-25.5;0;0,WheelDirection:0;0;0;0,selfAngleOffset:0,selfAngleOffsetPit:0,currCaliAngleHrz:0,currCaliAnglePit:0,selfCaliAngleHrz:0,selfCaliAnglePit:0,servCaliAngleHrz:0,servCaliAnglePit:0,offlineCaliAngleHrz:0,offlineCaliAnglePit:0,determine2useFlag:0,IMU_Z_Accel:0,IMU_X_AngularRate:0,IMU_Y_AngularRate:0,IMU_RollAngle:0,IMU_PitchAngle:0,IMU_YawAngle:0,FcwID:0,FCWWarningLevel:0,FCWTTC:0
0,5.04,0,-6.99,0,0,0,0,0,0.613,5,0,0,-6.7,0,0,0,0,0.0572958,0,0,0,0,98,0,0,0,0,0,0,58,0,0.00034,0.00034,0,0,0,0,0,3.4,0,0,0,0,0,0,1,0,0,0,0,0,0,0,0,98,0,,0,0,0,0,
25,10,0,-11.1,0,0,0,0,0,1.9255,9.8125,-0.125,0,-16.1,0,0,0,0,0.0572958,0,0,0,0,65,0,0,0,0,0,0,58,0,0.00034,0.00034,0,0,0,0,0,0.8,0,0,0,0,0,0,1,0,0,0,0,0,0,0,0,99,0,,0,0,0,0,
END,Total:2
START,FrameNb:233,CameraNb:0,HeSaiNb:0,ARS410Nb:0
2026/08/02 21:39:37:978---->
heightOffset:0,1785677977978,486232,selfCaliBufCnt:0,selfAccObjCnt:0,selfAccAngle:0,installHAngleOffset:0,Interpolation:0,installVAngleOffset:0,radarOffsetH:0,radarOffsetV:0.32,Polynom:-0.001023;-0.0511;-2.047;0;0;0;-0.001023;-0.0511;-2.047;-25.5;0;0,WheelDirection:0;0;0;0,selfAngleOffset:0,selfAngleOffsetPit:0,currCaliAngleHrz:0,currCaliAnglePit:0,selfCaliAngleHrz:0,selfCaliAnglePit:0,servCaliAngleHrz:0,servCaliAnglePit:0,offlineCaliAngleHrz:0,offlineCaliAnglePit:0,determine2useFlag:0,IMU_Z_Accel:0,IMU_X_AngularRate:0,IMU_Y_AngularRate:0,IMU_RollAngle:0,IMU_PitchAngle:0,IMU_YawAngle:0,FcwID:0,FCWWarningLevel:0,FCWTTC:0
0,5.04,0,-6.99,0,0,0,0,0,0.613,5,0,0,-6.7,0,0,0,0,0.0572958,0,0,0,0,98,0,0,0,0,0,0,58,0,0.00034,0.00034,0,0,0,0,0,3.4,0,0,0,0,0,0,1,0,0,0,0,0,0,0,0,98,0,,0,0,0,0,
25,10,0,-11.1,0,0,0,0,0,1.9255,9.8125,-0.125,0,-16.1,0,0,0,0,0.0572958,0,0,0,0,65,0,0,0,0,0,0,58,0,0.00034,0.00034,0,0,0,0,0,0.8,0,0,0,0,0,0,1,0,0,0,0,0,0,0,0,99,0,,0,0,0,0,
END,Total:2
START,FrameNb:234,CameraNb:0,HeSaiNb:0,ARS410Nb:0
2026/08/02 21:39:38:030---->
heightOffset:0,1785677978030,486282,selfCaliBufCnt:0,selfAccObjCnt:0,selfAccAngle:0,installHAngleOffset:0,Interpolation:0,installVAngleOffset:0,radarOffsetH:0,radarOffsetV:0.32,Polynom:-0.001023;-0.0511;-2.047;0;0;0;-0.001023;-0.0511;-2.047;-25.5;0;0,WheelDirection:0;0;0;0,selfAngleOffset:0,selfAngleOffsetPit:0,currCaliAngleHrz:0,currCaliAnglePit:0,selfCaliAngleHrz:0,selfCaliAnglePit:0,servCaliAngleHrz:0,servCaliAnglePit:0,offlineCaliAngleHrz:0,offlineCaliAnglePit:0,determine2useFlag:0,IMU_Z_Accel:0,IMU_X_AngularRate:0,IMU_Y_AngularRate:0,IMU_RollAngle:0,IMU_PitchAngle:0,IMU_YawAngle:0,FcwID:0,FCWWarningLevel:0,FCWTTC:0
0,5.04,0,-6.99,0,0,0,0,0,0.613,5,0,0,-6.7,0,0,0,0,0.0572958,0,0,0,0,98,0,0,0,0,0,0,53,0,0.00034,0.00034,0,0,0,0,0,3.4,0,0,0,0,0,0,1,0,0,0,0,0,0,0,0,98,0,,0,0,0,0,
25,10,0,-11.1,0,0,0,0,0,1.9255,9.8125,-0.125,0,-16.1,0,0,0,0,0.0572958,0,0,0,0,65,0,0,0,0,0,0,53,0,0.00034,0.00034,0,0,0,0,0,0.8,0,0,0,0,0,0,1,0,0,0,0,0,0,0,0,99,0,,0,0,0,0,
END,Total:2
START,FrameNb:235,CameraNb:0,HeSaiNb:0,ARS410Nb:0
2026/08/02 21:39:38:072---->
heightOffset:0,1785677978072,486331,selfCaliBufCnt:0,selfAccObjCnt:0,selfAccAngle:0,installHAngleOffset:0,Interpolation:0,installVAngleOffset:0,radarOffsetH:0,radarOffsetV:0.32,Polynom:-0.001023;-0.0511;-2.047;0;0;0;-0.001023;-0.0511;-2.047;-25.5;0;0,WheelDirection:0;0;0;0,selfAngleOffset:0,selfAngleOffsetPit:0,currCaliAngleHrz:0,currCaliAnglePit:0,selfCaliAngleHrz:0,selfCaliAnglePit:0,servCaliAngleHrz:0,servCaliAnglePit:0,offlineCaliAngleHrz:0,offlineCaliAnglePit:0,determine2useFlag:0,IMU_Z_Accel:0,IMU_X_AngularRate:0,IMU_Y_AngularRate:0,IMU_RollAngle:0,IMU_PitchAngle:0,IMU_YawAngle:0,FcwID:0,FCWWarningLevel:0,FCWTTC:0
0,5.04,0,-6.99,0,0,0,0,0,0.613,5,0,0,-6.7,0,0,0,0,0.0572958,0,0,0,0,98,0,0,0,0,0,0,57,0,0.00034,0.00034,0,0,0,0,0,3.4,0,0,0,0,0,0,1,0,0,0,0,0,0,0,0,98,0,,0,0,0,0,
25,10,0,-11.1,0,0,0,0,0,1.9255,9.8125,-0.125,0,-16.1,0,0,0,0,0.0572958,0,0,0,0,65,0,0,0,0,0,0,57,0,0.00034,0.00034,0,0,0,0,0,0.8,0,0,0,0,0,0,1,0,0,0,0,0,0,0,0,99,0,,0,0,0,0,
END,Total:2
START,FrameNb:236,CameraNb:0,HeSaiNb:0,ARS410Nb:0
2026/08/02 21:39:38:122---->
heightOffset:0,1785677978122,486381,selfCaliBufCnt:0,selfAccObjCnt:0,selfAccAngle:0,installHAngleOffset:0,Interpolation:0,installVAngleOffset:0,radarOffsetH:0,radarOffsetV:0.32,Polynom:-0.001023;-0.0511;-2.047;0;0;0;-0.001023;-0.0511;-2.047;-25.5;0;0,WheelDirection:0;0;0;0,selfAngleOffset:0,selfAngleOffsetPit:0,currCaliAngleHrz:0,currCaliAnglePit:0,selfCaliAngleHrz:0,selfCaliAnglePit:0,servCaliAngleHrz:0,servCaliAnglePit:0,offlineCaliAngleHrz:0,offlineCaliAnglePit:0,determine2useFlag:0,IMU_Z_Accel:0,IMU_X_AngularRate:0,IMU_Y_AngularRate:0,IMU_RollAngle:0,IMU_PitchAngle:0,IMU_YawAngle:0,FcwID:0,FCWWarningLevel:0,FCWTTC:0
0,5.04,0,-6.99,0,0,0,0,0,0.613,5,0,0,-6.7,0,0,0,0,0.0572958,0,0,0,0,98,0,0,0,0,0,0,54,0,0.00034,0.00034,0,0,0,0,0,3.4,0,0,0,0,0,0,1,0,0,0,0,0,0,0,0,98,0,,0,0,0,0,
25,10,-0.12,-11.1,0,0,0,0,0,1.9255,9.8125,-0.125,-0.125,-16.1,0,0,0,0,0.0572958,0,0,0,0,65,0,0,0,0,0,0,54,0,0.00034,0.00034,0,0,0,0,0,0.8,0,0,0,0,0,0,1,0,0,0,0,0,0,0,0,99,0,,0,0,0,0,
END,Total:2
START,FrameNb:237,CameraNb:0,HeSaiNb:0,ARS410Nb:0
2026/08/02 21:39:38:167---->
heightOffset:0,1785677978167,486431,selfCaliBufCnt:0,selfAccObjCnt:0,selfAccAngle:0,installHAngleOffset:0,Interpolation:0,installVAngleOffset:0,radarOffsetH:0,radarOffsetV:0.32,Polynom:-0.001023;-0.0511;-2.047;0;0;0;-0.001023;-0.0511;-2.047;-25.5;0;0,WheelDirection:0;0;0;0,selfAngleOffset:0,selfAngleOffsetPit:0,currCaliAngleHrz:0,currCaliAnglePit:0,selfCaliAngleHrz:0,selfCaliAnglePit:0,servCaliAngleHrz:0,servCaliAnglePit:0,offlineCaliAngleHrz:0,offlineCaliAnglePit:0,determine2useFlag:0,IMU_Z_Accel:0,IMU_X_AngularRate:0,IMU_Y_AngularRate:0,IMU_RollAngle:0,IMU_PitchAngle:0,IMU_YawAngle:0,FcwID:0,FCWWarningLevel:0,FCWTTC:0
0,5.04,0,-6.99,0,0,0,0,0,0.613,5,0,0,-6.7,0,0,0,0,0.0572958,0,0,0,0,98,0,0,0,0,0,0,63,0,0.00034,0.00034,0,0,0,0,0,3.4,0,0,0,0,0,0,1,0,0,0,0,0,0,0,0,98,0,,0,0,0,0,
25,10,-0.12,-11.1,0,0,0,0,0,1.9255,9.8125,-0.125,-0.125,-16.1,0,0,0,0,0.0572958,0,0,0,0,65,0,0,0,0,0,0,63,0,0.00034,0.00034,0,0,0,0,0,0.8,0,0,0,0,0,0,1,0,0,0,0,0,0,0,0,99,0,,0,0,0,0,
END,Total:2
START,FrameNb:238,CameraNb:0,HeSaiNb:0,ARS410Nb:0
2026/08/02 21:39:38:218---->
heightOffset:0,1785677978218,486481,selfCaliBufCnt:0,selfAccObjCnt:0,selfAccAngle:0,installHAngleOffset:0,Interpolation:0,installVAngleOffset:0,radarOffsetH:0,radarOffsetV:0.32,Polynom:-0.001023;-0.0511;-2.047;0;0;0;-0.001023;-0.0511;-2.047;-25.5;0;0,WheelDirection:0;0;0;0,selfAngleOffset:0,selfAngleOffsetPit:0,currCaliAngleHrz:0,currCaliAnglePit:0,selfCaliAngleHrz:0,selfCaliAnglePit:0,servCaliAngleHrz:0,servCaliAnglePit:0,offlineCaliAngleHrz:0,offlineCaliAnglePit:0,determine2useFlag:0,IMU_Z_Accel:0,IMU_X_AngularRate:0,IMU_Y_AngularRate:0,IMU_RollAngle:0,IMU_PitchAngle:0,IMU_YawAngle:0,FcwID:0,FCWWarningLevel:0,FCWTTC:0
0,5.04,0,-6.99,0,0,0,0,0,0.613,5,0,0,-6.7,0,0,0,0,0.0572958,0,0,0,0,98,0,0,0,0,0,0,56,0,0.00034,0.00034,0,0,0,0,0,3.4,0,0,0,0,0,0,1,0,0,0,0,0,0,0,0,98,0,,0,0,0,0,
25,10,-0.12,-11.1,0,0,0,0,0,1.9255,9.8125,-0.125,-0.125,-16.1,0,0,0,0,0.0572958,0,0,0,0,65,0,0,0,0,0,0,56,0,0.00034,0.00034,0,0,0,0,0,0.8,0,0,0,0,0,0,1,0,0,0,0,0,0,0,0,99,0,,0,0,0,0,
END,Total:2
START,FrameNb:239,CameraNb:0,HeSaiNb:0,ARS410Nb:0
2026/08/02 21:39:38:276---->
heightOffset:0,1785677978276,486531,selfCaliBufCnt:0,selfAccObjCnt:0,selfAccAngle:0,installHAngleOffset:0,Interpolation:0,installVAngleOffset:0,radarOffsetH:0,radarOffsetV:0.32,Polynom:-0.001023;-0.0511;-2.047;0;0;0;-0.001023;-0.0511;-2.047;-25.5;0;0,WheelDirection:0;0;0;0,selfAngleOffset:0,selfAngleOffsetPit:0,currCaliAngleHrz:0,currCaliAnglePit:0,selfCaliAngleHrz:0,selfCaliAnglePit:0,servCaliAngleHrz:0,servCaliAnglePit:0,offlineCaliAngleHrz:0,offlineCaliAnglePit:0,determine2useFlag:0,IMU_Z_Accel:0,IMU_X_AngularRate:0,IMU_Y_AngularRate:0,IMU_RollAngle:0,IMU_PitchAngle:0,IMU_YawAngle:0,FcwID:0,FCWWarningLevel:0,FCWTTC:0
0,5.04,0,-6.99,0,0,0,0,0,0.613,5,0,0,-6.7,0,0,0,0,0.0572958,0,0,0,0,98,0,0,0,0,0,0,58,0,0.00034,0.00034,0,0,0,0,0,3.4,0,0,0,0,0,0,1,0,0,0,0,0,0,0,0,98,0,,0,0,0,0,
25,10,-0.12,-11.1,0,0,0,0,0,1.9255,9.8125,-0.125,-0.125,-16.1,0,0,0,0,0.0572958,0,0,0,0,65,0,0,0,0,0,0,58,0,0.00034,0.00034,0,0,0,0,0,0.8,0,0,0,0,0,0,1,0,0,0,0,0,0,0,0,99,0,,0,0,0,0,
END,Total:2
START,FrameNb:240,CameraNb:0,HeSaiNb:0,ARS410Nb:0
2026/08/02 21:39:38:322---->
heightOffset:0,1785677978322,486582,selfCaliBufCnt:0,selfAccObjCnt:0,selfAccAngle:0,installHAngleOffset:0,Interpolation:0,installVAngleOffset:0,radarOffsetH:0,radarOffsetV:0.32,Polynom:-0.001023;-0.0511;-2.047;0;0;0;-0.001023;-0.0511;-2.047;-25.5;0;0,WheelDirection:0;0;0;0,selfAngleOffset:0,selfAngleOffsetPit:0,currCaliAngleHrz:0,currCaliAnglePit:0,selfCaliAngleHrz:0,selfCaliAnglePit:0,servCaliAngleHrz:0,servCaliAnglePit:0,offlineCaliAngleHrz:0,offlineCaliAnglePit:0,determine2useFlag:0,IMU_Z_Accel:0,IMU_X_AngularRate:0,IMU_Y_AngularRate:0,IMU_RollAngle:0,IMU_PitchAngle:0,IMU_YawAngle:0,FcwID:0,FCWWarningLevel:0,FCWTTC:0
0,5.04,0,-6.99,0,0,0,0,0,0.613,5,0,0,-6.7,0,0,0,0,0.0572958,0,0,0,0,98,0,0,0,0,0,0,54,0,0.00034,0.00034,0,0,0,0,0,3.4,0,0,0,0,0,0,1,0,0,0,0,0,0,0,0,98,0,,0,0,0,0,
25,10,-0.12,-11.1,0,0,0,0,0,1.9255,9.8125,-0.125,-0.125,-16.1,0,0,0,0,0.0572958,0,0,0,0,65,0,0,0,0,0,0,54,0,0.00034,0.00034,0,0,0,0,0,0.8,0,0,0,0,0,0,1,0,0,0,0,0,0,0,0,99,0,,0,0,0,0,
END,Total:2
START,FrameNb:241,CameraNb:0,HeSaiNb:0,ARS410Nb:0
2026/08/02 21:39:38:372---->
heightOffset:0,1785677978372,486632,selfCaliBufCnt:0,selfAccObjCnt:0,selfAccAngle:0,installHAngleOffset:0,Interpolation:0,installVAngleOffset:0,radarOffsetH:0,radarOffsetV:0.32,Polynom:-0.001023;-0.0511;-2.047;0;0;0;-0.001023;-0.0511;-2.047;-25.5;0;0,WheelDirection:0;0;0;0,selfAngleOffset:0,selfAngleOffsetPit:0,currCaliAngleHrz:0,currCaliAnglePit:0,selfCaliAngleHrz:0,selfCaliAnglePit:0,servCaliAngleHrz:0,servCaliAnglePit:0,offlineCaliAngleHrz:0,offlineCaliAnglePit:0,determine2useFlag:0,IMU_Z_Accel:0,IMU_X_AngularRate:0,IMU_Y_AngularRate:0,IMU_RollAngle:0,IMU_PitchAngle:0,IMU_YawAngle:0,FcwID:0,FCWWarningLevel:0,FCWTTC:0
0,5.04,0,-6.99,0,0,0,0,0,0.613,5,0,0,-6.7,0,0,0,0,0.0572958,0,0,0,0,98,0,0,0,0,0,0,57,0,0.00034,0.00034,0,0,0,0,0,3.4,0,0,0,0,0,0,1,0,0,0,0,0,0,0,0,98,0,,0,0,0,0,
25,10,-0.12,-11.1,0,0,0,0,0,1.9255,9.8125,-0.125,-0.125,-16.1,0,0,0,0,0.0572958,0,0,0,0,65,0,0,0,0,0,0,57,0,0.00034,0.00034,0,0,0,0,0,0.8,0,0,0,0,0,0,1,0,0,0,0,0,0,0,0,99,0,,0,0,0,0,
END,Total:2
START,FrameNb:242,CameraNb:0,HeSaiNb:0,ARS410Nb:0
2026/08/02 21:39:38:417---->
heightOffset:0,1785677978417,486681,selfCaliBufCnt:0,selfAccObjCnt:0,selfAccAngle:0,installHAngleOffset:0,Interpolation:0,installVAngleOffset:0,radarOffsetH:0,radarOffsetV:0.32,Polynom:-0.001023;-0.0511;-2.047;0;0;0;-0.001023;-0.0511;-2.047;-25.5;0;0,WheelDirection:0;0;0;0,selfAngleOffset:0,selfAngleOffsetPit:0,currCaliAngleHrz:0,currCaliAnglePit:0,selfCaliAngleHrz:0,selfCaliAnglePit:0,servCaliAngleHrz:0,servCaliAnglePit:0,offlineCaliAngleHrz:0,offlineCaliAnglePit:0,determine2useFlag:0,IMU_Z_Accel:0,IMU_X_AngularRate:0,IMU_Y_AngularRate:0,IMU_RollAngle:0,IMU_PitchAngle:0,IMU_YawAngle:0,FcwID:0,FCWWarningLevel:0,FCWTTC:0
0,5.04,0,-6.99,0,0,0,0,0,0.613,5,0,0,-6.7,0,0,0,0,0.0572958,0,0,0,0,98,0,0,0,0,0,0,57,0,0.00034,0.00034,0,0,0,0,0,3.4,0,0,0,0,0,0,1,0,0,0,0,0,0,0,0,98,0,,0,0,0,0,
25,10,-0.12,-11.1,0,0,0,0,0,1.9255,9.8125,-0.125,-0.125,-16.1,0,0,0,0,0.0572958,0,0,0,0,65,0,0,0,0,0,0,57,0,0.00034,0.00034,0,0,0,0,0,0.6,0,0,0,0,0,0,1,0,0,0,0,0,0,0,0,99,0,,0,0,0,0,
END,Total:2
START,FrameNb:243,CameraNb:0,HeSaiNb:0,ARS410Nb:0
2026/08/02 21:39:38:477---->
heightOffset:0,1785677978477,486731,selfCaliBufCnt:0,selfAccObjCnt:0,selfAccAngle:0,installHAngleOffset:0,Interpolation:0,installVAngleOffset:0,radarOffsetH:0,radarOffsetV:0.32,Polynom:-0.001023;-0.0511;-2.047;0;0;0;-0.001023;-0.0511;-2.047;-25.5;0;0,WheelDirection:0;0;0;0,selfAngleOffset:0,selfAngleOffsetPit:0,currCaliAngleHrz:0,currCaliAnglePit:0,selfCaliAngleHrz:0,selfCaliAnglePit:0,servCaliAngleHrz:0,servCaliAnglePit:0,offlineCaliAngleHrz:0,offlineCaliAnglePit:0,determine2useFlag:0,IMU_Z_Accel:0,IMU_X_AngularRate:0,IMU_Y_AngularRate:0,IMU_RollAngle:0,IMU_PitchAngle:0,IMU_YawAngle:0,FcwID:0,FCWWarningLevel:0,FCWTTC:0
0,5.04,0,-6.99,0,0,0,0,0,0.613,5,-0.125,0,-6.5,0,0,0,0,0.0572958,0,0,0,0,98,0,0,0,0,0,0,53,0,0.00034,0.00034,0,0,0,0,0,3.2,0,0,0,0,0,0,1,0,0,0,0,0,0,0,0,98,0,,0,0,0,0,
25,10,-0.12,-11.1,0,0,0,0,0,1.9255,9.8125,-0.125,-0.125,-16.1,0,0,0,0,0.0572958,0,0,0,0,65,0,0,0,0,0,0,53,0,0.00034,0.00034,0,0,0,0,0,0.6,0,0,0,0,0,0,1,0,0,0,0,0,0,0,0,99,0,,0,0,0,0,
END,Total:2
START,FrameNb:244,CameraNb:0,HeSaiNb:0,ARS410Nb:0
2026/08/02 21:39:38:531---->
heightOffset:0,1785677978531,486781,selfCaliBufCnt:0,selfAccObjCnt:0,selfAccAngle:0,installHAngleOffset:0,Interpolation:0,installVAngleOffset:0,radarOffsetH:0,radarOffsetV:0.32,Polynom:-0.001023;-0.0511;-2.047;0;0;0;-0.001023;-0.0511;-2.047;-25.5;0;0,WheelDirection:0;0;0;0,selfAngleOffset:0,selfAngleOffsetPit:0,currCaliAngleHrz:0,currCaliAnglePit:0,selfCaliAngleHrz:0,selfCaliAnglePit:0,servCaliAngleHrz:0,servCaliAnglePit:0,offlineCaliAngleHrz:0,offlineCaliAnglePit:0,determine2useFlag:0,IMU_Z_Accel:0,IMU_X_AngularRate:0,IMU_Y_AngularRate:0,IMU_RollAngle:0,IMU_PitchAngle:0,IMU_YawAngle:0,FcwID:0,FCWWarningLevel:0,FCWTTC:0
0,5.04,0,-6.99,0,0,0,0,0,0.613,5,-0.125,0,-6.5,0,0,0,0,0.0572958,0,0,0,0,98,0,0,0,0,0,0,58,0,0.00034,0.00034,0,0,0,0,0,3.2,0,0,0,0,0,0,1,0,0,0,0,0,0,0,0,98,0,,0,0,0,0,
25,10,-0.12,-11.1,0,0,0,0,0,1.9255,9.8125,-0.125,-0.125,-16.1,0,0,0,0,0.0572958,0,0,0,0,65,0,0,0,0,0,0,58,0,0.00034,0.00034,0,0,0,0,0,0.6,0,0,0,0,0,0,1,0,0,0,0,0,0,0,0,99,0,,0,0,0,0,
END,Total:2
START,FrameNb:245,CameraNb:0,HeSaiNb:0,ARS410Nb:0
2026/08/02 21:39:38:572---->
heightOffset:0,1785677978572,486831,selfCaliBufCnt:0,selfAccObjCnt:0,selfAccAngle:0,installHAngleOffset:0,Interpolation:0,installVAngleOffset:0,radarOffsetH:0,radarOffsetV:0.32,Polynom:-0.001023;-0.0511;-2.047;0;0;0;-0.001023;-0.0511;-2.047;-25.5;0;0,WheelDirection:0;0;0;0,selfAngleOffset:0,selfAngleOffsetPit:0,currCaliAngleHrz:0,currCaliAnglePit:0,selfCaliAngleHrz:0,selfCaliAnglePit:0,servCaliAngleHrz:0,servCaliAnglePit:0,offlineCaliAngleHrz:0,offlineCaliAnglePit:0,determine2useFlag:0,IMU_Z_Accel:0,IMU_X_AngularRate:0,IMU_Y_AngularRate:0,IMU_RollAngle:0,IMU_PitchAngle:0,IMU_YawAngle:0,FcwID:0,FCWWarningLevel:0,FCWTTC:0
0,5.04,0,-6.99,0,0,0,0,0,0.613,5,-0.125,0,-6.3,0,0,0,0,0.0572958,0,0,0,0,98,0,0,0,0,0,0,57,0,0.00034,0.00034,0,0,0,0,0,2.6,0,0,0,0,0,0,1,0,0,0,0,0,0,0,0,98,0,,0,0,0,0,
25,10,-0.12,-11.1,0,0,0,0,0,1.9255,9.8125,-0.125,-0.125,-16.1,0,0,0,0,0.0572958,0,0,0,0,65,0,0,0,0,0,0,57,0,0.00034,0.00034,0,0,0,0,0,0.6,0,0,0,0,0,0,1,0,0,0,0,0,0,0,0,99,0,,0,0,0,0,
32,9.21,0,28.98,0,0,0,0,0,-4.462,8.0625,-0.125,0,-0.9,0,0,0,0,0.0572958,0,0,0,0,82,0,0,0,0,0,0,57,0,0.00034,0.00034,0,0,0,0,0,0.2,0,0,0,0,0,0,1,0,0,0,0,0,0,0,0,69,0,,0,0,0,0,
END,Total:3
START,FrameNb:246,CameraNb:0,HeSaiNb:0,ARS410Nb:0
2026/08/02 21:39:38:623---->
heightOffset:0,1785677978623,486881,selfCaliBufCnt:0,selfAccObjCnt:0,selfAccAngle:0,installHAngleOffset:0,Interpolation:0,installVAngleOffset:0,radarOffsetH:0,radarOffsetV:0.32,Polynom:-0.001023;-0.0511;-2.047;0;0;0;-0.001023;-0.0511;-2.047;-25.5;0;0,WheelDirection:0;0;0;0,selfAngleOffset:0,selfAngleOffsetPit:0,currCaliAngleHrz:0,currCaliAnglePit:0,selfCaliAngleHrz:0,selfCaliAnglePit:0,servCaliAngleHrz:0,servCaliAnglePit:0,offlineCaliAngleHrz:0,offlineCaliAnglePit:0,determine2useFlag:0,IMU_Z_Accel:0,IMU_X_AngularRate:0,IMU_Y_AngularRate:0,IMU_RollAngle:0,IMU_PitchAngle:0,IMU_YawAngle:0,FcwID:0,FCWWarningLevel:0,FCWTTC:0
0,5.04,0,-6.99,0,0,0,0,0,0.613,5,-0.125,0,-6.5,0,0,0,0,0.0572958,0,0,0,0,98,0,0,0,0,0,0,63,0,0.00034,0.00034,0,0,0,0,0,2.8,0,0,0,0,0,0,1,0,0,0,0,0,0,0,0,98,0,,0,0,0,0,
25,10,-0.12,-11.1,0,0,0,0,0,1.9255,9.8125,-0.125,-0.125,-16.1,0,0,0,0,0.0572958,0,0,0,0,65,0,0,0,0,0,0,63,0,0.00034,0.00034,0,0,0,0,0,0.6,0,0,0,0,0,0,1,0,0,0,0,0,0,0,0,99,0,,0,0,0,0,
32,9.21,0,28.98,0,0,0,0,0,-4.462,8.0625,-0.125,0,-1.1,0,0,0,0,0.0572958,0,0,0,0,83,0,0,0,0,0,0,63,0,0.00034,0.00034,0,0,0,0,0,0.4,0,0,0,0,0,0,1,0,0,0,0,0,0,0,0,75,0,,0,0,0,0,
END,Total:3
START,FrameNb:247,CameraNb:0,HeSaiNb:0,ARS410Nb:0
2026/08/02 21:39:38:670---->
heightOffset:0,1785677978670,486931,selfCaliBufCnt:0,selfAccObjCnt:0,selfAccAngle:0,installHAngleOffset:0,Interpolation:0,installVAngleOffset:0,radarOffsetH:0,radarOffsetV:0.32,Polynom:-0.001023;-0.0511;-2.047;0;0;0;-0.001023;-0.0511;-2.047;-25.5;0;0,WheelDirection:0;0;0;0,selfAngleOffset:0,selfAngleOffsetPit:0,currCaliAngleHrz:0,currCaliAnglePit:0,selfCaliAngleHrz:0,selfCaliAnglePit:0,servCaliAngleHrz:0,servCaliAnglePit:0,offlineCaliAngleHrz:0,offlineCaliAnglePit:0,determine2useFlag:0,IMU_Z_Accel:0,IMU_X_AngularRate:0,IMU_Y_AngularRate:0,IMU_RollAngle:0,IMU_PitchAngle:0,IMU_YawAngle:0,FcwID:0,FCWWarningLevel:0,FCWTTC:0
0,5.04,0,-6.99,0,0,0,0,0,0.613,5,-0.125,0,-6.5,0,0,0,0,0.0572958,0,0,0,0,98,0,0,0,0,0,0,54,0,0.00034,0.00034,0,0,0,0,0,3,0,0,0,0,0,0,1,0,0,0,0,0,0,0,0,98,0,,0,0,0,0,
25,10,0,-11.1,0,0,0,0,0,1.9255,9.8125,-0.125,0,-10.9,0,0,0,0,0.0572958,0,0,0,0,65,0,0,0,0,0,0,54,0,0.00034,0.00034,0,0,0,0,0,0.8,0,0,0,0,0,0,1,0,0,0,0,0,0,0,0,99,0,,0,0,0,0,
32,9.21,0,28.98,0,0,0,0,0,-4.462,8.0625,-0.125,0,-1.3,0,0,0,0,0.0572958,0,0,0,0,84,0,0,0,0,0,0,54,0,0.00034,0.00034,0,0,0,0,0,0.4,0,0,0,0,0,0,1,0,0,0,0,0,0,0,0,80,0,,0,0,0,0,
END,Total:3
START,FrameNb:248,CameraNb:0,HeSaiNb:0,ARS410Nb:0
2026/08/02 21:39:38:718---->
heightOffset:0,1785677978718,486981,selfCaliBufCnt:0,selfAccObjCnt:0,selfAccAngle:0,installHAngleOffset:0,Interpolation:0,installVAngleOffset:0,radarOffsetH:0,radarOffsetV:0.32,Polynom:-0.001023;-0.0511;-2.047;0;0;0;-0.001023;-0.0511;-2.047;-25.5;0;0,WheelDirection:0;0;0;0,selfAngleOffset:0,selfAngleOffsetPit:0,currCaliAngleHrz:0,currCaliAnglePit:0,selfCaliAngleHrz:0,selfCaliAnglePit:0,servCaliAngleHrz:0,servCaliAnglePit:0,offlineCaliAngleHrz:0,offlineCaliAnglePit:0,determine2useFlag:0,IMU_Z_Accel:0,IMU_X_AngularRate:0,IMU_Y_AngularRate:0,IMU_RollAngle:0,IMU_PitchAngle:0,IMU_YawAngle:0,FcwID:0,FCWWarningLevel:0,FCWTTC:0
0,5.04,0,-6.99,0,0,0,0,0,0.613,5,-0.125,0,-6.5,0,0,0,0,0.0572958,0,0,0,0,98,0,0,0,0,0,0,58,0,0.00034,0.00034,0,0,0,0,0,3,0,0,0,0,0,0,1,0,0,0,0,0,0,0,0,98,0,,0,0,0,0,
25,10,0,-11.1,0,0,0,0,0,1.9255,9.8125,-0.125,0,-10.9,0,0,0,0,0.0572958,0,0,0,0,65,0,0,0,0,0,0,58,0,0.00034,0.00034,0,0,0,0,0,0.8,0,0,0,0,0,0,1,0,0,0,0,0,0,0,0,99,0,,0,0,0,0,
32,9.21,0,28.98,0,0,0,0,0,-4.462,8.0625,-0.125,0,-1.3,0,0,0,0,0.0572958,0,0,0,0,84,0,0,0,0,0,0,58,0,0.00034,0.00034,0,0,0,0,0,0.4,0,0,0,0,0,0,1,0,0,0,0,0,0,0,0,80,0,,0,0,0,0,
END,Total:3
START,FrameNb:249,CameraNb:0,HeSaiNb:0,ARS410Nb:0
2026/08/02 21:39:38:777---->
heightOffset:0,1785677978777,487031,selfCaliBufCnt:0,selfAccObjCnt:0,selfAccAngle:0,installHAngleOffset:0,Interpolation:0,installVAngleOffset:0,radarOffsetH:0,radarOffsetV:0.32,Polynom:-0.001023;-0.0511;-2.047;0;0;0;-0.001023;-0.0511;-2.047;-25.5;0;0,WheelDirection:0;0;0;0,selfAngleOffset:0,selfAngleOffsetPit:0,currCaliAngleHrz:0,currCaliAnglePit:0,selfCaliAngleHrz:0,selfCaliAnglePit:0,servCaliAngleHrz:0,servCaliAnglePit:0,offlineCaliAngleHrz:0,offlineCaliAnglePit:0,determine2useFlag:0,IMU_Z_Accel:0,IMU_X_AngularRate:0,IMU_Y_AngularRate:0,IMU_RollAngle:0,IMU_PitchAngle:0,IMU_YawAngle:0,FcwID:0,FCWWarningLevel:0,FCWTTC:0
0,5.04,0,-6.99,0,0,0,0,0,0.613,5,-0.125,0,-6.5,0,0,0,0,0.0572958,0,0,0,0,98,0,0,0,0,0,0,58,0,0.00034,0.00034,0,0,0,0,0,3.2,0,0,0,0,0,0,1,0,0,0,0,0,0,0,0,98,0,,0,0,0,0,
25,10,0,-11.1,0,0,0,0,0,1.9255,9.8125,-0.125,0,-6.5,0,0,0,0,0.0572958,0,0,0,0,65,0,0,0,0,0,0,58,0,0.00034,0.00034,0,0,0,0,0,1.2,0,0,0,0,0,0,1,0,0,0,0,0,0,0,0,99,0,,0,0,0,0,
32,9.21,0,28.98,0,0,0,0,0,-4.462,8.0625,-0.125,0,-1.3,0,0,0,0,0.0572958,0,0,0,0,84,0,0,0,0,0,0,58,0,0.00034,0.00034,0,0,0,0,0,0.4,0,0,0,0,0,0,1,0,0,0,0,0,0,0,0,84,0,,0,0,0,0,
END,Total:3
START,FrameNb:250,CameraNb:0,HeSaiNb:0,ARS410Nb:0
2026/08/02 21:39:38:823---->
heightOffset:0,1785677978823,487081,selfCaliBufCnt:0,selfAccObjCnt:0,selfAccAngle:0,installHAngleOffset:0,Interpolation:0,installVAngleOffset:0,radarOffsetH:0,radarOffsetV:0.32,Polynom:-0.001023;-0.0511;-2.047;0;0;0;-0.001023;-0.0511;-2.047;-25.5;0;0,WheelDirection:0;0;0;0,selfAngleOffset:0,selfAngleOffsetPit:0,currCaliAngleHrz:0,currCaliAnglePit:0,selfCaliAngleHrz:0,selfCaliAnglePit:0,servCaliAngleHrz:0,servCaliAnglePit:0,offlineCaliAngleHrz:0,offlineCaliAnglePit:0,determine2useFlag:0,IMU_Z_Accel:0,IMU_X_AngularRate:0,IMU_Y_AngularRate:0,IMU_RollAngle:0,IMU_PitchAngle:0,IMU_YawAngle:0,FcwID:0,FCWWarningLevel:0,FCWTTC:0
0,5.04,0,-6.99,0,0,0,0,0,0.613,5,-0.125,0,-6.5,0,0,0,0,0.0572958,0,0,0,0,98,0,0,0,0,0,0,54,0,0.00034,0.00034,0,0,0,0,0,3.2,0,0,0,0,0,0,1,0,0,0,0,0,0,0,0,98,0,,0,0,0,0,
25,10,0,-11.1,0,0,0,0,0,1.9255,9.8125,-0.125,0,-8.1,0,0,0,0,0.0572958,0,0,0,0,65,0,0,0,0,0,0,54,0,0.00034,0.00034,0,0,0,0,0,1.2,0,0,0,0,0,0,1,0,0,0,0,0,0,0,0,99,0,,0,0,0,0,
32,9.21,0,28.98,0,0,0,0,0,-4.462,8.0625,-0.125,0,-1.3,0,0,0,0,0.0572958,0,0,0,0,84,0,0,0,0,0,0,54,0,0.00034,0.00034,0,0,0,0,0,0.2,0,0,0,0,0,0,1,0,0,0,0,0,0,0,0,87,0,,0,0,0,0,
END,Total:3
START,FrameNb:251,CameraNb:0,HeSaiNb:0,ARS410Nb:0
2026/08/02 21:39:38:876---->
heightOffset:0,1785677978876,487132,selfCaliBufCnt:0,selfAccObjCnt:0,selfAccAngle:0,installHAngleOffset:0,Interpolation:0,installVAngleOffset:0,radarOffsetH:0,radarOffsetV:0.32,Polynom:-0.001023;-0.0511;-2.047;0;0;0;-0.001023;-0.0511;-2.047;-25.5;0;0,WheelDirection:0;0;0;0,selfAngleOffset:0,selfAngleOffsetPit:0,currCaliAngleHrz:0,currCaliAnglePit:0,selfCaliAngleHrz:0,selfCaliAnglePit:0,servCaliAngleHrz:0,servCaliAnglePit:0,offlineCaliAngleHrz:0,offlineCaliAnglePit:0,determine2useFlag:0,IMU_Z_Accel:0,IMU_X_AngularRate:0,IMU_Y_AngularRate:0,IMU_RollAngle:0,IMU_PitchAngle:0,IMU_YawAngle:0,FcwID:0,FCWWarningLevel:0,FCWTTC:0
0,5.04,0,-6.99,0,0,0,0,0,0.613,5,-0.125,0,-6.5,0,0,0,0,0.0572958,0,0,0,0,98,0,0,0,0,0,0,57,0,0.00034,0.00034,0,0,0,0,0,3.2,0,0,0,0,0,0,1,0,0,0,0,0,0,0,0,98,0,,0,0,0,0,
25,10,0,-11.1,0,0,0,0,0,1.9255,9.8125,-0.125,0,-9.3,0,0,0,0,0.0572958,0,0,0,0,65,0,0,0,0,0,0,57,0,0.00034,0.00034,0,0,0,0,0,1.2,0,0,0,0,0,0,1,0,0,0,0,0,0,0,0,99,0,,0,0,0,0,
32,9.21,0,28.98,0,0,0,0,0,-4.462,8.0625,-0.125,0,-1.3,0,0,0,0,0.0572958,0,0,0,0,82,0,0,0,0,0,0,57,0,0.00034,0.00034,0,0,0,0,0,0.2,0,0,0,0,0,0,1,0,0,0,0,0,0,0,0,88,0,,0,0,0,0,
END,Total:3
START,FrameNb:252,CameraNb:0,HeSaiNb:0,ARS410Nb:0
2026/08/02 21:39:38:920---->
heightOffset:0,1785677978920,487181,selfCaliBufCnt:0,selfAccObjCnt:0,selfAccAngle:0,installHAngleOffset:0,Interpolation:0,installVAngleOffset:0,radarOffsetH:0,radarOffsetV:0.32,Polynom:-0.001023;-0.0511;-2.047;0;0;0;-0.001023;-0.0511;-2.047;-25.5;0;0,WheelDirection:0;0;0;0,selfAngleOffset:0,selfAngleOffsetPit:0,currCaliAngleHrz:0,currCaliAnglePit:0,selfCaliAngleHrz:0,selfCaliAnglePit:0,servCaliAngleHrz:0,servCaliAnglePit:0,offlineCaliAngleHrz:0,offlineCaliAnglePit:0,determine2useFlag:0,IMU_Z_Accel:0,IMU_X_AngularRate:0,IMU_Y_AngularRate:0,IMU_RollAngle:0,IMU_PitchAngle:0,IMU_YawAngle:0,FcwID:0,FCWWarningLevel:0,FCWTTC:0
0,5.04,0,-6.99,0,0,0,0,0,0.613,5,-0.125,0,-6.7,0,0,0,0,0.0572958,0,0,0,0,98,0,0,0,0,0,0,54,0,0.00034,0.00034,0,0,0,0,0,3.4,0,0,0,0,0,0,1,0,0,0,0,0,0,0,0,98,0,,0,0,0,0,
25,10,0,-11.1,0,0,0,0,0,1.9255,9.8125,-0.125,0,-5.1,0,0,0,0,0.0572958,0,0,0,0,65,0,0,0,0,0,0,54,0,0.00034,0.00034,0,0,0,0,0,1.6,0,0,0,0,0,0,1,0,0,0,0,0,0,0,0,99,0,,0,0,0,0,
32,9.21,0,28.98,0,0,0,0,0,-4.462,8.0625,-0.125,0,-1.3,0,0,0,0,0.0572958,0,0,0,0,80,0,0,0,0,0,0,54,0,0.00034,0.00034,0,0,0,0,0,0,0,0,0,0,0,0,1,0,0,0,0,0,0,0,0,89,0,,0,0,0,0,
END,Total:3
START,FrameNb:253,CameraNb:0,HeSaiNb:0,ARS410Nb:0
2026/08/02 21:39:38:968---->
heightOffset:0,1785677978968,487231,selfCaliBufCnt:0,selfAccObjCnt:0,selfAccAngle:0,installHAngleOffset:0,Interpolation:0,installVAngleOffset:0,radarOffsetH:0,radarOffsetV:0.32,Polynom:-0.001023;-0.0511;-2.047;0;0;0;-0.001023;-0.0511;-2.047;-25.5;0;0,WheelDirection:0;0;0;0,selfAngleOffset:0,selfAngleOffsetPit:0,currCaliAngleHrz:0,currCaliAnglePit:0,selfCaliAngleHrz:0,selfCaliAnglePit:0,servCaliAngleHrz:0,servCaliAnglePit:0,offlineCaliAngleHrz:0,offlineCaliAnglePit:0,determine2useFlag:0,IMU_Z_Accel:0,IMU_X_AngularRate:0,IMU_Y_AngularRate:0,IMU_RollAngle:0,IMU_PitchAngle:0,IMU_YawAngle:0,FcwID:0,FCWWarningLevel:0,FCWTTC:0
0,5.04,0,-6.99,0,0,0,0,0,0.613,5,-0.125,0,-6.7,0,0,0,0,0.0572958,0,0,0,0,98,0,0,0,0,0,0,60,0,0.00034,0.00034,0,0,0,0,0,3.4,0,0,0,0,0,0,1,0,0,0,0,0,0,0,0,98,0,,0,0,0,0,
25,10,0,-11.1,0,0,0,0,0,1.9255,9.8125,-0.125,0,-6.7,0,0,0,0,0.0572958,0,0,0,0,65,0,0,0,0,0,0,60,0,0.00034,0.00034,0,0,0,0,0,1.4,0,0,0,0,0,0,1,0,0,0,0,0,0,0,0,99,0,,0,0,0,0,
32,9.21,0,28.98,0,0,0,0,0,-4.462,8.0625,-0.125,0,-1.3,0,0,0,0,0.0572958,0,0,0,0,77,0,0,0,0,0,0,60,0,0.00034,0.00034,0,0,0,0,0,0,0,0,0,0,0,0,1,0,0,0,0,0,0,0,0,89,0,,0,0,0,0,
END,Total:3
START,FrameNb:254,CameraNb:0,HeSaiNb:0,ARS410Nb:0
2026/08/02 21:39:39:013---->
heightOffset:0,1785677979013,487281,selfCaliBufCnt:0,selfAccObjCnt:0,selfAccAngle:0,installHAngleOffset:0,Interpolation:0,installVAngleOffset:0,radarOffsetH:0,radarOffsetV:0.32,Polynom:-0.001023;-0.0511;-2.047;0;0;0;-0.001023;-0.0511;-2.047;-25.5;0;0,WheelDirection:0;0;0;0,selfAngleOffset:0,selfAngleOffsetPit:0,currCaliAngleHrz:0,currCaliAnglePit:0,selfCaliAngleHrz:0,selfCaliAnglePit:0,servCaliAngleHrz:0,servCaliAnglePit:0,offlineCaliAngleHrz:0,offlineCaliAnglePit:0,determine2useFlag:0,IMU_Z_Accel:0,IMU_X_AngularRate:0,IMU_Y_AngularRate:0,IMU_RollAngle:0,IMU_PitchAngle:0,IMU_YawAngle:0,FcwID:0,FCWWarningLevel:0,FCWTTC:0
0,5.04,0,-6.99,0,0,0,0,0,0.613,5,-0.125,0,-6.7,0,0,0,0,0.0572958,0,0,0,0,98,0,0,0,0,0,0,60,0,0.00034,0.00034,0,0,0,0,0,3.4,0,0,0,0,0,0,1,0,0,0,0,0,0,0,0,98,0,,0,0,0,0,
25,10,0,-11.1,0,0,0,0,0,1.9255,9.8125,-0.125,0,-7.9,0,0,0,0,0.0572958,0,0,0,0,65,0,0,0,0,0,0,60,0,0.00034,0.00034,0,0,0,0,0,1.4,0,0,0,0,0,0,1,0,0,0,0,0,0,0,0,99,0,,0,0,0,0,
32,9.21,0,28.98,0,0,0,0,0,-4.462,8.0625,-0.125,0,-1.3,0,0,0,0,0.0572958,0,0,0,0,74,0,0,0,0,0,0,60,0,0.00034,0.00034,0,0,0,0,0,0,0,0,0,0,0,0,1,0,0,0,0,0,0,0,0,88,0,,0,0,0,0,
END,Total:3
START,FrameNb:255,CameraNb:0,HeSaiNb:0,ARS410Nb:0
2026/08/02 21:39:39:073---->
heightOffset:0,1785677979073,487331,selfCaliBufCnt:0,selfAccObjCnt:0,selfAccAngle:0,installHAngleOffset:0,Interpolation:0,installVAngleOffset:0,radarOffsetH:0,radarOffsetV:0.32,Polynom:-0.001023;-0.0511;-2.047;0;0;0;-0.001023;-0.0511;-2.047;-25.5;0;0,WheelDirection:0;0;0;0,selfAngleOffset:0,selfAngleOffsetPit:0,currCaliAngleHrz:0,currCaliAnglePit:0,selfCaliAngleHrz:0,selfCaliAnglePit:0,servCaliAngleHrz:0,servCaliAnglePit:0,offlineCaliAngleHrz:0,offlineCaliAnglePit:0,determine2useFlag:0,IMU_Z_Accel:0,IMU_X_AngularRate:0,IMU_Y_AngularRate:0,IMU_RollAngle:0,IMU_PitchAngle:0,IMU_YawAngle:0,FcwID:0,FCWWarningLevel:0,FCWTTC:0
0,5.04,0,-6.99,0,0,0,0,0,0.613,5,-0.125,0,-6.7,0,0,0,0,0.0572958,0,0,0,0,98,0,0,0,0,0,0,58,0,0.00034,0.00034,0,0,0,0,0,3.4,0,0,0,0,0,0,1,0,0,0,0,0,0,0,0,98,0,,0,0,0,0,
25,10,0,-11.1,0,0,0,0,0,1.9255,9.8125,-0.125,0,-8.9,0,0,0,0,0.0572958,0,0,0,0,65,0,0,0,0,0,0,58,0,0.00034,0.00034,0,0,0,0,0,1.2,0,0,0,0,0,0,1,0,0,0,0,0,0,0,0,99,0,,0,0,0,0,
END,Total:2
START,FrameNb:256,CameraNb:0,HeSaiNb:0,ARS410Nb:0
2026/08/02 21:39:39:126---->
heightOffset:0,1785677979126,487381,selfCaliBufCnt:0,selfAccObjCnt:0,selfAccAngle:0,installHAngleOffset:0,Interpolation:0,installVAngleOffset:0,radarOffsetH:0,radarOffsetV:0.32,Polynom:-0.001023;-0.0511;-2.047;0;0;0;-0.001023;-0.0511;-2.047;-25.5;0;0,WheelDirection:0;0;0;0,selfAngleOffset:0,selfAngleOffsetPit:0,currCaliAngleHrz:0,currCaliAnglePit:0,selfCaliAngleHrz:0,selfCaliAnglePit:0,servCaliAngleHrz:0,servCaliAnglePit:0,offlineCaliAngleHrz:0,offlineCaliAnglePit:0,determine2useFlag:0,IMU_Z_Accel:0,IMU_X_AngularRate:0,IMU_Y_AngularRate:0,IMU_RollAngle:0,IMU_PitchAngle:0,IMU_YawAngle:0,FcwID:0,FCWWarningLevel:0,FCWTTC:0
0,5.04,0,-6.99,0,0,0,0,0,0.613,5,-0.125,0,-6.7,0,0,0,0,0.0572958,0,0,0,0,98,0,0,0,0,0,0,53,0,0.00034,0.00034,0,0,0,0,0,3.4,0,0,0,0,0,0,1,0,0,0,0,0,0,0,0,98,0,,0,0,0,0,
25,10,0,-11.1,0,0,0,0,0,1.9255,9.8125,-0.125,0,-4.9,0,0,0,0,0.0572958,0,0,0,0,65,0,0,0,0,0,0,53,0,0.00034,0.00034,0,0,0,0,0,1.8,0,0,0,0,0,0,1,0,0,0,0,0,0,0,0,99,0,,0,0,0,0,
END,Total:2
START,FrameNb:257,CameraNb:0,HeSaiNb:0,ARS410Nb:0
2026/08/02 21:39:39:168---->
heightOffset:0,1785677979168,487431,selfCaliBufCnt:0,selfAccObjCnt:0,selfAccAngle:0,installHAngleOffset:0,Interpolation:0,installVAngleOffset:0,radarOffsetH:0,radarOffsetV:0.32,Polynom:-0.001023;-0.0511;-2.047;0;0;0;-0.001023;-0.0511;-2.047;-25.5;0;0,WheelDirection:0;0;0;0,selfAngleOffset:0,selfAngleOffsetPit:0,currCaliAngleHrz:0,currCaliAnglePit:0,selfCaliAngleHrz:0,selfCaliAnglePit:0,servCaliAngleHrz:0,servCaliAnglePit:0,offlineCaliAngleHrz:0,offlineCaliAnglePit:0,determine2useFlag:0,IMU_Z_Accel:0,IMU_X_AngularRate:0,IMU_Y_AngularRate:0,IMU_RollAngle:0,IMU_PitchAngle:0,IMU_YawAngle:0,FcwID:0,FCWWarningLevel:0,FCWTTC:0
0,5.04,0,-6.99,0,0,0,0,0,0.613,5,-0.125,0,-6.7,0,0,0,0,0.0572958,0,0,0,0,98,0,0,0,0,0,0,58,0,0.00034,0.00034,0,0,0,0,0,3.4,0,0,0,0,0,0,1,0,0,0,0,0,0,0,0,98,0,,0,0,0,0,
25,10,0,-11.1,0,0,0,0,0,1.9255,9.8125,-0.125,0,-4.9,0,0,0,0,0.0572958,0,0,0,0,65,0,0,0,0,0,0,58,0,0.00034,0.00034,0,0,0,0,0,1.8,0,0,0,0,0,0,1,0,0,0,0,0,0,0,0,99,0,,0,0,0,0,
END,Total:2
START,FrameNb:258,CameraNb:0,HeSaiNb:0,ARS410Nb:0
2026/08/02 21:39:39:219---->
heightOffset:0,1785677979219,487482,selfCaliBufCnt:0,selfAccObjCnt:0,selfAccAngle:0,installHAngleOffset:0,Interpolation:0,installVAngleOffset:0,radarOffsetH:0,radarOffsetV:0.32,Polynom:-0.001023;-0.0511;-2.047;0;0;0;-0.001023;-0.0511;-2.047;-25.5;0;0,WheelDirection:0;0;0;0,selfAngleOffset:0,selfAngleOffsetPit:0,currCaliAngleHrz:0,currCaliAnglePit:0,selfCaliAngleHrz:0,selfCaliAnglePit:0,servCaliAngleHrz:0,servCaliAnglePit:0,offlineCaliAngleHrz:0,offlineCaliAnglePit:0,determine2useFlag:0,IMU_Z_Accel:0,IMU_X_AngularRate:0,IMU_Y_AngularRate:0,IMU_RollAngle:0,IMU_PitchAngle:0,IMU_YawAngle:0,FcwID:0,FCWWarningLevel:0,FCWTTC:0
0,5.04,0,-6.99,0,0,0,0,0,0.613,5,-0.125,0,-6.7,0,0,0,0,0.0572958,0,0,0,0,98,0,0,0,0,0,0,58,0,0.00034,0.00034,0,0,0,0,0,3.4,0,0,0,0,0,0,1,0,0,0,0,0,0,0,0,98,0,,0,0,0,0,
25,10,0,-11.1,0,0,0,0,0,1.9255,9.8125,-0.125,0,-4.9,0,0,0,0,0.0572958,0,0,0,0,65,0,0,0,0,0,0,58,0,0.00034,0.00034,0,0,0,0,0,1.8,0,0,0,0,0,0,1,0,0,0,0,0,0,0,0,99,0,,0,0,0,0,
END,Total:2
START,FrameNb:259,CameraNb:0,HeSaiNb:0,ARS410Nb:0
2026/08/02 21:39:39:278---->
heightOffset:0,1785677979278,487532,selfCaliBufCnt:0,selfAccObjCnt:0,selfAccAngle:0,installHAngleOffset:0,Interpolation:0,installVAngleOffset:0,radarOffsetH:0,radarOffsetV:0.32,Polynom:-0.001023;-0.0511;-2.047;0;0;0;-0.001023;-0.0511;-2.047;-25.5;0;0,WheelDirection:0;0;0;0,selfAngleOffset:0,selfAngleOffsetPit:0,currCaliAngleHrz:0,currCaliAnglePit:0,selfCaliAngleHrz:0,selfCaliAnglePit:0,servCaliAngleHrz:0,servCaliAnglePit:0,offlineCaliAngleHrz:0,offlineCaliAnglePit:0,determine2useFlag:0,IMU_Z_Accel:0,IMU_X_AngularRate:0,IMU_Y_AngularRate:0,IMU_RollAngle:0,IMU_PitchAngle:0,IMU_YawAngle:0,FcwID:0,FCWWarningLevel:0,FCWTTC:0
0,5.04,0,-6.99,0,0,0,0,0,0.613,5,-0.125,0,-6.7,0,0,0,0,0.0572958,0,0,0,0,98,0,0,0,0,0,0,54,0,0.00034,0.00034,0,0,0,0,0,3.4,0,0,0,0,0,0,1,0,0,0,0,0,0,0,0,98,0,,0,0,0,0,
25,10,0,-11.1,0,0,0,0,0,1.9255,9.8125,-0.125,0,-4.9,0,0,0,0,0.0572958,0,0,0,0,65,0,0,0,0,0,0,54,0,0.00034,0.00034,0,0,0,0,0,1.8,0,0,0,0,0,0,1,0,0,0,0,0,0,0,0,99,0,,0,0,0,0,
END,Total:2
START,FrameNb:260,CameraNb:0,HeSaiNb:0,ARS410Nb:0
2026/08/02 21:39:39:324---->
heightOffset:0,1785677979324,487581,selfCaliBufCnt:0,selfAccObjCnt:0,selfAccAngle:0,installHAngleOffset:0,Interpolation:0,installVAngleOffset:0,radarOffsetH:0,radarOffsetV:0.32,Polynom:-0.001023;-0.0511;-2.047;0;0;0;-0.001023;-0.0511;-2.047;-25.5;0;0,WheelDirection:0;0;0;0,selfAngleOffset:0,selfAngleOffsetPit:0,currCaliAngleHrz:0,currCaliAnglePit:0,selfCaliAngleHrz:0,selfCaliAnglePit:0,servCaliAngleHrz:0,servCaliAnglePit:0,offlineCaliAngleHrz:0,offlineCaliAnglePit:0,determine2useFlag:0,IMU_Z_Accel:0,IMU_X_AngularRate:0,IMU_Y_AngularRate:0,IMU_RollAngle:0,IMU_PitchAngle:0,IMU_YawAngle:0,FcwID:0,FCWWarningLevel:0,FCWTTC:0
0,5.04,0,-6.99,0,0,0,0,0,0.613,5,-0.125,0,-6.7,0,0,0,0,0.0572958,0,0,0,0,98,0,0,0,0,0,0,57,0,0.00034,0.00034,0,0,0,0,0,3.4,0,0,0,0,0,0,1,0,0,0,0,0,0,0,0,98,0,,0,0,0,0,
25,10,0,-11.1,0,0,0,0,0,1.9255,9.8125,-0.125,0,-4.9,0,0,0,0,0.0572958,0,0,0,0,65,0,0,0,0,0,0,57,0,0.00034,0.00034,0,0,0,0,0,1.8,0,0,0,0,0,0,1,0,0,0,0,0,0,0,0,99,0,,0,0,0,0,
END,Total:2
START,FrameNb:261,CameraNb:0,HeSaiNb:0,ARS410Nb:0
2026/08/02 21:39:39:374---->
heightOffset:0,1785677979374,487631,selfCaliBufCnt:0,selfAccObjCnt:0,selfAccAngle:0,installHAngleOffset:0,Interpolation:0,installVAngleOffset:0,radarOffsetH:0,radarOffsetV:0.32,Polynom:-0.001023;-0.0511;-2.047;0;0;0;-0.001023;-0.0511;-2.047;-25.5;0;0,WheelDirection:0;0;0;0,selfAngleOffset:0,selfAngleOffsetPit:0,currCaliAngleHrz:0,currCaliAnglePit:0,selfCaliAngleHrz:0,selfCaliAnglePit:0,servCaliAngleHrz:0,servCaliAnglePit:0,offlineCaliAngleHrz:0,offlineCaliAnglePit:0,determine2useFlag:0,IMU_Z_Accel:0,IMU_X_AngularRate:0,IMU_Y_AngularRate:0,IMU_RollAngle:0,IMU_PitchAngle:0,IMU_YawAngle:0,FcwID:0,FCWWarningLevel:0,FCWTTC:0
0,5.04,0,-6.99,0,0,0,0,0,0.613,5,-0.125,0,-6.7,0,0,0,0,0.0572958,0,0,0,0,98,0,0,0,0,0,0,54,0,0.00034,0.00034,0,0,0,0,0,3.4,0,0,0,0,0,0,1,0,0,0,0,0,0,0,0,98,0,,0,0,0,0,
25,10,0,-11.1,0,0,0,0,0,1.9255,9.8125,-0.125,0,-1.3,0,0,0,0,0.0572958,0,0,0,0,65,0,0,0,0,0,0,54,0,0.00034,0.00034,0,0,0,0,0,1.6,0,0,0,0,0,0,1,0,0,0,0,0,0,0,0,99,0,,0,0,0,0,
END,Total:2
START,FrameNb:262,CameraNb:0,HeSaiNb:0,ARS410Nb:0
2026/08/02 21:39:39:421---->
heightOffset:0,1785677979421,487681,selfCaliBufCnt:0,selfAccObjCnt:0,selfAccAngle:0,installHAngleOffset:0,Interpolation:0,installVAngleOffset:0,radarOffsetH:0,radarOffsetV:0.32,Polynom:-0.001023;-0.0511;-2.047;0;0;0;-0.001023;-0.0511;-2.047;-25.5;0;0,WheelDirection:0;0;0;0,selfAngleOffset:0,selfAngleOffsetPit:0,currCaliAngleHrz:0,currCaliAnglePit:0,selfCaliAngleHrz:0,selfCaliAnglePit:0,servCaliAngleHrz:0,servCaliAnglePit:0,offlineCaliAngleHrz:0,offlineCaliAnglePit:0,determine2useFlag:0,IMU_Z_Accel:0,IMU_X_AngularRate:0,IMU_Y_AngularRate:0,IMU_RollAngle:0,IMU_PitchAngle:0,IMU_YawAngle:0,FcwID:0,FCWWarningLevel:0,FCWTTC:0
0,5.04,0,-6.99,0,0,0,0,0,0.613,5,-0.125,0,-6.7,0,0,0,0,0.0572958,0,0,0,0,98,0,0,0,0,0,0,65,0,0.00034,0.00034,0,0,0,0,0,3.4,0,0,0,0,0,0,1,0,0,0,0,0,0,0,0,98,0,,0,0,0,0,
25,10,0,-11.1,0,0,0,0,0,1.9255,9.8125,-0.125,0,-1.3,0,0,0,0,0.0572958,0,0,0,0,65,0,0,0,0,0,0,65,0,0.00034,0.00034,0,0,0,0,0,1.8,0,0,0,0,0,0,1,0,0,0,0,0,0,0,0,99,0,,0,0,0,0,
END,Total:2
START,FrameNb:263,CameraNb:0,HeSaiNb:0,ARS410Nb:0
2026/08/02 21:39:39:470---->
heightOffset:0,1785677979470,487731,selfCaliBufCnt:0,selfAccObjCnt:0,selfAccAngle:0,installHAngleOffset:0,Interpolation:0,installVAngleOffset:0,radarOffsetH:0,radarOffsetV:0.32,Polynom:-0.001023;-0.0511;-2.047;0;0;0;-0.001023;-0.0511;-2.047;-25.5;0;0,WheelDirection:0;0;0;0,selfAngleOffset:0,selfAngleOffsetPit:0,currCaliAngleHrz:0,currCaliAnglePit:0,selfCaliAngleHrz:0,selfCaliAnglePit:0,servCaliAngleHrz:0,servCaliAnglePit:0,offlineCaliAngleHrz:0,offlineCaliAnglePit:0,determine2useFlag:0,IMU_Z_Accel:0,IMU_X_AngularRate:0,IMU_Y_AngularRate:0,IMU_RollAngle:0,IMU_PitchAngle:0,IMU_YawAngle:0,FcwID:0,FCWWarningLevel:0,FCWTTC:0
0,5.04,0,-6.99,0,0,0,0,0,0.613,5,0,0,-6.7,0,0,0,0,0.0572958,0,0,0,0,98,0,0,0,0,0,0,56,0,0.00034,0.00034,0,0,0,0,0,3.4,0,0,0,0,0,0,1,0,0,0,0,0,0,0,0,98,0,,0,0,0,0,
25,10,0,-11.1,0,0,0,0,0,1.9255,9.8125,-0.125,0,-1.3,0,0,0,0,0.0572958,0,0,0,0,65,0,0,0,0,0,0,56,0,0.00034,0.00034,0,0,0,0,0,1.8,0,0,0,0,0,0,1,0,0,0,0,0,0,0,0,99,0,,0,0,0,0,
END,Total:2
START,FrameNb:264,CameraNb:0,HeSaiNb:0,ARS410Nb:0
2026/08/02 21:39:39:514---->
heightOffset:0,1785677979514,487781,selfCaliBufCnt:0,selfAccObjCnt:0,selfAccAngle:0,installHAngleOffset:0,Interpolation:0,installVAngleOffset:0,radarOffsetH:0,radarOffsetV:0.32,Polynom:-0.001023;-0.0511;-2.047;0;0;0;-0.001023;-0.0511;-2.047;-25.5;0;0,WheelDirection:0;0;0;0,selfAngleOffset:0,selfAngleOffsetPit:0,currCaliAngleHrz:0,currCaliAnglePit:0,selfCaliAngleHrz:0,selfCaliAnglePit:0,servCaliAngleHrz:0,servCaliAnglePit:0,offlineCaliAngleHrz:0,offlineCaliAnglePit:0,determine2useFlag:0,IMU_Z_Accel:0,IMU_X_AngularRate:0,IMU_Y_AngularRate:0,IMU_RollAngle:0,IMU_PitchAngle:0,IMU_YawAngle:0,FcwID:0,FCWWarningLevel:0,FCWTTC:0
0,5.04,0,-6.99,0,0,0,0,0,0.613,5,0,0,-6.7,0,0,0,0,0.0572958,0,0,0,0,98,0,0,0,0,0,0,58,0,0.00034,0.00034,0,0,0,0,0,3.4,0,0,0,0,0,0,1,0,0,0,0,0,0,0,0,98,0,,0,0,0,0,
25,10,0,-11.1,0,0,0,0,0,1.9255,9.8125,-0.125,0,-1.3,0,0,0,0,0.0572958,0,0,0,0,65,0,0,0,0,0,0,58,0,0.00034,0.00034,0,0,0,0,0,1.8,0,0,0,0,0,0,1,0,0,0,0,0,0,0,0,99,0,,0,0,0,0,
35,9.18,0,29.71,0,0,0,0,0,-4.5495,7.975,-0.125,0,-1.9,0,0,0,0,0.0572958,0,0,0,0,82,0,0,0,0,0,0,58,0,0.00034,0.00034,0,0,0,0,0,0.2,0,0,0,0,0,0,1,0,0,0,0,0,0,0,0,69,0,,0,0,0,0,
END,Total:3
START,FrameNb:265,CameraNb:0,HeSaiNb:0,ARS410Nb:0
2026/08/02 21:39:39:573---->
heightOffset:0,1785677979573,487831,selfCaliBufCnt:0,selfAccObjCnt:0,selfAccAngle:0,installHAngleOffset:0,Interpolation:0,installVAngleOffset:0,radarOffsetH:0,radarOffsetV:0.32,Polynom:-0.001023;-0.0511;-2.047;0;0;0;-0.001023;-0.0511;-2.047;-25.5;0;0,WheelDirection:0;0;0;0,selfAngleOffset:0,selfAngleOffsetPit:0,currCaliAngleHrz:0,currCaliAnglePit:0,selfCaliAngleHrz:0,selfCaliAnglePit:0,servCaliAngleHrz:0,servCaliAnglePit:0,offlineCaliAngleHrz:0,offlineCaliAnglePit:0,determine2useFlag:0,IMU_Z_Accel:0,IMU_X_AngularRate:0,IMU_Y_AngularRate:0,IMU_RollAngle:0,IMU_PitchAngle:0,IMU_YawAngle:0,FcwID:0,FCWWarningLevel:0,FCWTTC:0
0,5.04,0,-6.99,0,0,0,0,0,0.613,5,0,0,-6.7,0,0,0,0,0.0572958,0,0,0,0,98,0,0,0,0,0,0,53,0,0.00034,0.00034,0,0,0,0,0,3.4,0,0,0,0,0,0,1,0,0,0,0,0,0,0,0,98,0,,0,0,0,0,
25,10,0,-11.1,0,0,0,0,0,1.9255,9.8125,-0.125,0,-1.3,0,0,0,0,0.0572958,0,0,0,0,65,0,0,0,0,0,0,53,0,0.00034,0.00034,0,0,0,0,0,1.8,0,0,0,0,0,0,1,0,0,0,0,0,0,0,0,99,0,,0,0,0,0,
35,9.18,0,29.71,0,0,0,0,0,-4.5495,7.975,-0.125,0,-1.9,0,0,0,0,0.0572958,0,0,0,0,82,0,0,0,0,0,0,53,0,0.00034,0.00034,0,0,0,0,0,0.2,0,0,0,0,0,0,1,0,0,0,0,0,0,0,0,69,0,,0,0,0,0,
END,Total:3
START,FrameNb:266,CameraNb:0,HeSaiNb:0,ARS410Nb:0
2026/08/02 21:39:39:625---->
heightOffset:0,1785677979625,487881,selfCaliBufCnt:0,selfAccObjCnt:0,selfAccAngle:0,installHAngleOffset:0,Interpolation:0,installVAngleOffset:0,radarOffsetH:0,radarOffsetV:0.32,Polynom:-0.001023;-0.0511;-2.047;0;0;0;-0.001023;-0.0511;-2.047;-25.5;0;0,WheelDirection:0;0;0;0,selfAngleOffset:0,selfAngleOffsetPit:0,currCaliAngleHrz:0,currCaliAnglePit:0,selfCaliAngleHrz:0,selfCaliAnglePit:0,servCaliAngleHrz:0,servCaliAnglePit:0,offlineCaliAngleHrz:0,offlineCaliAnglePit:0,determine2useFlag:0,IMU_Z_Accel:0,IMU_X_AngularRate:0,IMU_Y_AngularRate:0,IMU_RollAngle:0,IMU_PitchAngle:0,IMU_YawAngle:0,FcwID:0,FCWWarningLevel:0,FCWTTC:0
0,5.04,0,-6.99,0,0,0,0,0,0.613,5,0,0,-6.7,0,0,0,0,0.0572958,0,0,0,0,98,0,0,0,0,0,0,53,0,0.00034,0.00034,0,0,0,0,0,3.4,0,0,0,0,0,0,1,0,0,0,0,0,0,0,0,98,0,,0,0,0,0,
25,10,0,-11.1,0,0,0,0,0,1.9255,9.8125,-0.125,0,-1.3,0,0,0,0,0.0572958,0,0,0,0,65,0,0,0,0,0,0,53,0,0.00034,0.00034,0,0,0,0,0,1.8,0,0,0,0,0,0,1,0,0,0,0,0,0,0,0,99,0,,0,0,0,0,
35,9.18,0,29.71,0,0,0,0,0,-4.5495,7.975,-0.125,0,-1.9,0,0,0,0,0.0572958,0,0,0,0,83,0,0,0,0,0,0,53,0,0.00034,0.00034,0,0,0,0,0,0.4,0,0,0,0,0,0,1,0,0,0,0,0,0,0,0,75,0,,0,0,0,0,
END,Total:3
START,FrameNb:267,CameraNb:0,HeSaiNb:0,ARS410Nb:0
2026/08/02 21:39:39:670---->
heightOffset:0,1785677979670,487932,selfCaliBufCnt:0,selfAccObjCnt:0,selfAccAngle:0,installHAngleOffset:0,Interpolation:0,installVAngleOffset:0,radarOffsetH:0,radarOffsetV:0.32,Polynom:-0.001023;-0.0511;-2.047;0;0;0;-0.001023;-0.0511;-2.047;-25.5;0;0,WheelDirection:0;0;0;0,selfAngleOffset:0,selfAngleOffsetPit:0,currCaliAngleHrz:0,currCaliAnglePit:0,selfCaliAngleHrz:0,selfCaliAnglePit:0,servCaliAngleHrz:0,servCaliAnglePit:0,offlineCaliAngleHrz:0,offlineCaliAnglePit:0,determine2useFlag:0,IMU_Z_Accel:0,IMU_X_AngularRate:0,IMU_Y_AngularRate:0,IMU_RollAngle:0,IMU_PitchAngle:0,IMU_YawAngle:0,FcwID:0,FCWWarningLevel:0,FCWTTC:0
0,5.04,0,-6.99,0,0,0,0,0,0.613,5,0,0,-6.7,0,0,0,0,0.0572958,0,0,0,0,98,0,0,0,0,0,0,58,0,0.00034,0.00034,0,0,0,0,0,3.4,0,0,0,0,0,0,1,0,0,0,0,0,0,0,0,98,0,,0,0,0,0,
25,10,0,-11.1,0,0,0,0,0,1.9255,9.8125,-0.125,0,-1.3,0,0,0,0,0.0572958,0,0,0,0,65,0,0,0,0,0,0,58,0,0.00034,0.00034,0,0,0,0,0,1.8,0,0,0,0,0,0,1,0,0,0,0,0,0,0,0,99,0,,0,0,0,0,
35,9.18,0,29.71,0,0,0,0,0,-4.5495,7.975,-0.125,0,-2.1,0,0,0,0,0.0572958,0,0,0,0,84,0,0,0,0,0,0,58,0,0.00034,0.00034,0,0,0,0,0,0.4,0,0,0,0,0,0,1,0,0,0,0,0,0,0,0,80,0,,0,0,0,0,
END,Total:3
START,FrameNb:268,CameraNb:0,HeSaiNb:0,ARS410Nb:0
2026/08/02 21:39:39:719---->
heightOffset:0,1785677979719,487981,selfCaliBufCnt:0,selfAccObjCnt:0,selfAccAngle:0,installHAngleOffset:0,Interpolation:0,installVAngleOffset:0,radarOffsetH:0,radarOffsetV:0.32,Polynom:-0.001023;-0.0511;-2.047;0;0;0;-0.001023;-0.0511;-2.047;-25.5;0;0,WheelDirection:0;0;0;0,selfAngleOffset:0,selfAngleOffsetPit:0,currCaliAngleHrz:0,currCaliAnglePit:0,selfCaliAngleHrz:0,selfCaliAnglePit:0,servCaliAngleHrz:0,servCaliAnglePit:0,offlineCaliAngleHrz:0,offlineCaliAnglePit:0,determine2useFlag:0,IMU_Z_Accel:0,IMU_X_AngularRate:0,IMU_Y_AngularRate:0,IMU_RollAngle:0,IMU_PitchAngle:0,IMU_YawAngle:0,FcwID:0,FCWWarningLevel:0,FCWTTC:0
0,5.04,0,-6.99,0,0,0,0,0,0.613,5,0,0,-6.7,0,0,0,0,0.0572958,0,0,0,0,98,0,0,0,0,0,0,53,0,0.00034,0.00034,0,0,0,0,0,3.4,0,0,0,0,0,0,1,0,0,0,0,0,0,0,0,98,0,,0,0,0,0,
25,10,0,-11.1,0,0,0,0,0,1.9255,9.8125,-0.125,0,-1.3,0,0,0,0,0.0572958,0,0,0,0,65,0,0,0,0,0,0,53,0,0.00034,0.00034,0,0,0,0,0,1.8,0,0,0,0,0,0,1,0,0,0,0,0,0,0,0,99,0,,0,0,0,0,
35,9.18,0,29.71,0,0,0,0,0,-4.5495,7.975,-0.125,0,-2.1,0,0,0,0,0.0572958,0,0,0,0,85,0,0,0,0,0,0,53,0,0.00034,0.00034,0,0,0,0,0,0.6,0,0,0,0,0,0,1,0,0,0,0,0,0,0,0,84,0,,0,0,0,0,
END,Total:3
START,FrameNb:269,CameraNb:0,HeSaiNb:0,ARS410Nb:0
2026/08/02 21:39:39:765---->
heightOffset:0,1785677979765,488031,selfCaliBufCnt:0,selfAccObjCnt:0,selfAccAngle:0,installHAngleOffset:0,Interpolation:0,installVAngleOffset:0,radarOffsetH:0,radarOffsetV:0.32,Polynom:-0.001023;-0.0511;-2.047;0;0;0;-0.001023;-0.0511;-2.047;-25.5;0;0,WheelDirection:0;0;0;0,selfAngleOffset:0,selfAngleOffsetPit:0,currCaliAngleHrz:0,currCaliAnglePit:0,selfCaliAngleHrz:0,selfCaliAnglePit:0,servCaliAngleHrz:0,servCaliAnglePit:0,offlineCaliAngleHrz:0,offlineCaliAnglePit:0,determine2useFlag:0,IMU_Z_Accel:0,IMU_X_AngularRate:0,IMU_Y_AngularRate:0,IMU_RollAngle:0,IMU_PitchAngle:0,IMU_YawAngle:0,FcwID:0,FCWWarningLevel:0,FCWTTC:0
0,5.04,0,-6.99,0,0,0,0,0,0.613,5,0,0,-6.7,0,0,0,0,0.0572958,0,0,0,0,98,0,0,0,0,0,0,60,0,0.00034,0.00034,0,0,0,0,0,3.4,0,0,0,0,0,0,1,0,0,0,0,0,0,0,0,98,0,,0,0,0,0,
25,10,0,-11.1,0,0,0,0,0,1.9255,9.8125,-0.125,0,-1.3,0,0,0,0,0.0572958,0,0,0,0,65,0,0,0,0,0,0,60,0,0.00034,0.00034,0,0,0,0,0,1.8,0,0,0,0,0,0,1,0,0,0,0,0,0,0,0,99,0,,0,0,0,0,
35,9.18,0,29.71,0,0,0,0,0,-4.5495,7.975,-0.125,0,-2.1,0,0,0,0,0.0572958,0,0,0,0,86,0,0,0,0,0,0,60,0,0.00034,0.00034,0,0,0,0,0,0.6,0,0,0,0,0,0,1,0,0,0,0,0,0,0,0,87,0,,0,0,0,0,
END,Total:3




BB Hw:V3.1.9.1,app Fw:V6.4.23.11.0.0,boot Fw:V6.4.23.6.0.0,PA cali Fw:V6.4.23.6.0.0,CT_RadarTool FW:V7.0,Can CH:1.4.6.3,Can rate:0,CarSpeedMode:0,
