ObjId,range,speed,angle,snr,Kstate,OboCarSpeed,heigh,heighAngle,X,Y,EstimateCarSpeed,EstimateMagCarSpeed,RCS,WheelSpdFl,WheelSpdFR,WheelSpdRL,WheelSpdRR,YawRate,frameIntervalTimeZ4,SelfCalcAngle,SenceFlag,SortFlag,trkReiablility,RadiusCurvature,Xaccel,Yaccel,noise,using,DbfMag,FrameIntervalTime,installAngleOffset,VehLatAcc,VehLongAcc,matchFlag,tag,deltaRange,clusterID,idx,objLen,weight,MeasCounter,MAtr,SteeringAngle,SteeringAngleSpd,EstCarSpeed,Gear,isDmlMode,waveType,sideSlobe0,sideSlobe1,sideSlobe2,peakNum1,peakNum2,AlgTeam,ObstacleProb,scene,errorCode,FlagJam,FlagTunnelFence,FlagFenceScene,FlagBarnScene
START,FrameNb:0,CameraNb:0,HeSaiNb:0,ARS410Nb:0
2026/08/02 16:19:35:604---->
heightOffset:0,1785658775604,1065144,selfCaliBufCnt:0,selfAccObjCnt:0,selfAccAngle:0,installHAngleOffset:0,Interpolation:0,installVAngleOffset:0,radarOffsetH:0,radarOffsetV:0.32,Polynom:-0.001023;-0.0511;-2.047;0;0;0;-0.001023;-0.0511;-2.047;-25.5;0;0,WheelDirection:0;0;0;0,selfAngleOffset:0,selfAngleOffsetPit:0,currCaliAngleHrz:0,currCaliAnglePit:0,selfCaliAngleHrz:0,selfCaliAnglePit:0,servCaliAngleHrz:0,servCaliAnglePit:0,offlineCaliAngleHrz:0,offlineCaliAnglePit:0,determine2useFlag:0,IMU_Z_Accel:-21.592,IMU_X_AngularRate:-2.093,IMU_Y_AngularRate:-2.093,IMU_RollAngle:-180,IMU_PitchAngle:-180,IMU_YawAngle:-180,FcwID:0,FCWWarningLevel:0,FCWTTC:0
0,2.35,0,51.1,29,0,0,0,-10.2,1.37605e-33,0,0,0,5.5,0,0,0,0,-0.00229183,0,0,0,0,0,0,0,0,0,1,78,54,0,0.00034,0.00034,3,5,0,0,0,0,0,0,0,0,0,0,1,0,1,0,0,0,0,0,0,0,0,,0,0,0,0,
1,2.79,0,-33.8,45,0,0,0,1.2,0,0,0,0,7,0,0,0,0,-0.00229183,0,0,0,0,0,0,0,0,0,1,94,54,0,0.00034,0.00034,3,5,0,0,0,0,0,0,0,0,0,0,1,0,1,0,0,0,0,0,0,0,0,,0,0,0,0,
2,3.26,0,13.8,37.5,0,0,0,1.3,0,0,0,0,-8,0,0,0,0,-0.00229183,0,0,0,0,0,0,0,0,0,1,86,54,0,0.00034,0.00034,3,0,0,0,0,0,0,0,0,0,0,0,1,0,1,0,0,0,0,0,0,0,0,,0,0,0,0,
3,3.58,0,-50.1,32.5,0,0,0,-5.95,0,0,0,0,7.5,0,0,0,0,-0.00229183,0,0,0,0,0,0,0,0,0,1,80,54,0,0.00034,0.00034,3,7,0,0,0,0,0,0,0,0,0,0,1,0,1,0,0,0,0,0,0,0,0,,0,0,0,0,
4,4.07,0,1.9,38.5,0,0,0,2.95,0,0,0,0,-9,0,0,0,0,-0.00229183,0,0,0,0,0,0,0,0,0,1,87,54,0,0.00034,0.00034,3,5,0,0,0,0,0,0,0,0,0,0,1,0,1,0,0,0,0,0,0,0,0,,0,0,0,0,
5,5.11,0,-35.95,32.5,0,0,0,-1.2,0,0,0,0,-7.5,0,0,0,0,-0.00229183,0,0,0,0,0,0,0,0,0,1,78,54,0,0.00034,0.00034,3,0,0,0,0,0,0,0,0,0,0,0,1,0,1,0,0,0,0,0,0,0,0,,0,0,0,0,
6,5.61,0,-34.55,35,0,0,0,-4,0,0,0,0,-4.5,0,0,0,0,-0.00229183,0,0,0,0,0,0,0,0,0,1,80,54,0,0.00034,0.00034,3,5,0,0,0,0,0,0,0,0,0,0,1,0,1,0,0,0,0,0,0,0,0,,0,0,0,0,
7,5.61,0,-24.2,35,0,0,0,-6,0,0,0,0,-9.5,0,0,0,0,-0.00229183,0,0,0,0,0,0,0,0,0,1,80,54,0,0.00034,0.00034,3,5,0,0,0,0,0,0,0,0,0,0,1,0,1,0,0,0,0,0,0,0,0,,0,0,0,0,
8,6.39,0,71.6,25.5,0,0,0,-15,0,0,0,0,18.5,0,0,0,0,-0.00229183,0,0,0,0,0,0,0,0,0,1,71,54,0,0.00034,0.00034,3,5,0,0,0,0,0,0,0,0,0,0,1,0,1,0,0,0,0,0,0,0,0,,0,0,0,0,
9,7.59,0,32.7,43.5,0,0,0,6.95,0,0,0,0,8,0,0,0,0,-0.00229183,0,0,0,0,0,0,0,0,0,1,89,54,0,0.00034,0.00034,3,5,0,0,0,0,0,0,0,0,0,0,1,0,1,0,0,0,0,0,0,0,0,,0,0,0,0,
10,8.07,0,-25,29,0,0,0,-2.3,0,0,0,0,-12,0,0,0,0,-0.00229183,0,0,0,0,0,0,0,0,0,1,75,54,0,0.00034,0.00034,3,5,0,0,0,0,0,0,0,0,0,0,1,0,1,0,0,0,0,0,0,0,0,,0,0,0,0,
11,8.51,0,45.3,31.5,0,0,0,5.65,0,0,0,0,7,0,0,0,0,-0.00229183,0,0,0,0,0,0,0,0,0,1,78,54,0,0.00034,0.00034,3,5,0,0,0,0,0,0,0,0,0,0,1,0,1,0,0,0,0,0,0,0,0,,0,0,0,0,
12,8.95,0,-32.85,26.5,0,0,0,-1.3,0,0,0,0,-10,0,0,0,0,-0.00229183,0,0,0,0,0,0,0,0,0,1,73,54,0,0.00034,0.00034,3,5,0,0,0,0,0,0,0,0,0,0,1,0,1,0,0,0,0,0,0,0,0,,0,0,0,0,
13,9.41,0,-29.2,24.5,0,0,0,-3.45,0,0,0,0,-13,0,0,0,0,-0.00229183,0,0,0,0,0,0,0,0,0,1,71,54,0,0.00034,0.00034,3,5,0,0,0,0,0,0,0,0,0,0,1,0,1,0,0,0,0,0,0,0,0,,0,0,0,0,
14,9.82,0,-28.2,21,0,0,0,-1.95,0,0,0,0,-17.5,0,0,0,0,-0.00229183,0,0,0,0,0,0,0,0,0,1,68,54,0,0.00034,0.00034,3,5,0,0,0,0,0,0,0,0,0,0,1,0,1,0,0,0,0,0,0,0,0,,0,0,0,0,
15,12.16,0,-12.85,27,0,0,0,12.25,0,0,0,0,-16,0,0,0,0,-0.00229183,0,0,0,0,0,0,0,0,0,1,74,54,0,0.00034,0.00034,3,5,0,0,0,0,0,0,0,0,0,0,1,0,1,0,0,0,0,0,0,0,0,,0,0,0,0,
16,12.99,0,-23.1,20.5,0,0,0,-1.75,0,0,0,0,-18,0,0,0,0,-0.00229183,0,0,0,0,0,0,0,0,0,1,67,54,0,0.00034,0.00034,3,5,0,0,0,0,0,0,0,0,0,0,1,0,1,0,0,0,0,0,0,0,0,,0,0,0,0,
END,Total:17
START,FrameNb:1,CameraNb:0,HeSaiNb:0,ARS410Nb:0
2026/08/02 16:19:35:654---->
heightOffset:0,1785658775654,1065200,selfCaliBufCnt:0,selfAccObjCnt:0,selfAccAngle:0,installHAngleOffset:0,Interpolation:0,installVAngleOffset:0,radarOffsetH:0,radarOffsetV:0.32,Polynom:-0.001023;-0.0511;-2.047;0;0;0;-0.001023;-0.0511;-2.047;-25.5;0;0,WheelDirection:0;0;0;0,selfAngleOffset:0,selfAngleOffsetPit:0,currCaliAngleHrz:0,currCaliAnglePit:0,selfCaliAngleHrz:0,selfCaliAnglePit:0,servCaliAngleHrz:0,servCaliAnglePit:0,offlineCaliAngleHrz:0,offlineCaliAnglePit:0,determine2useFlag:0,IMU_Z_Accel:-21.592,IMU_X_AngularRate:-2.093,IMU_Y_AngularRate:-2.093,IMU_RollAngle:-180,IMU_PitchAngle:-180,IMU_YawAngle:-180,FcwID:0,FCWWarningLevel:0,FCWTTC:0
0,2.35,0,50.3,29,0,0,0,-10.1,1.37605e-33,0,0,0,4.5,0,0,0,0,-0.00229183,0,0,0,0,0,0,0,0,0,1,78,59,0,0.00034,0.00034,3,5,0,0,0,0,0,0,0,0,0,0,1,0,0,0,0,0,0,0,0,0,0,,0,0,0,0,
1,2.79,0,-33.8,45,0,0,0,1.2,0,0,0,0,7,0,0,0,0,-0.00229183,0,0,0,0,0,0,0,0,0,1,94,59,0,0.00034,0.00034,3,5,0,0,0,0,0,0,0,0,0,0,1,0,0,0,0,0,0,0,0,0,0,,0,0,0,0,
2,3.26,0,13.8,37.5,0,0,0,1.4,0,0,0,0,-8,0,0,0,0,-0.00229183,0,0,0,0,0,0,0,0,0,1,86,59,0,0.00034,0.00034,3,0,0,0,0,0,0,0,0,0,0,0,1,0,0,0,0,0,0,0,0,0,0,,0,0,0,0,
3,3.58,0,-50.3,32.5,0,0,0,-5.75,0,0,0,0,8,0,0,0,0,-0.00229183,0,0,0,0,0,0,0,0,0,1,81,59,0,0.00034,0.00034,3,7,0,0,0,0,0,0,0,0,0,0,1,0,0,0,0,0,0,0,0,0,0,,0,0,0,0,
4,4.07,0,1.9,38.5,0,0,0,2.95,0,0,0,0,-9,0,0,0,0,-0.00229183,0,0,0,0,0,0,0,0,0,1,87,59,0,0.00034,0.00034,3,5,0,0,0,0,0,0,0,0,0,0,1,0,0,0,0,0,0,0,0,0,0,,0,0,0,0,
5,5.1,0,-35.8,32.5,0,0,0,-1.2,0,0,0,0,-7.5,0,0,0,0,-0.00229183,0,0,0,0,0,0,0,0,0,1,78,59,0,0.00034,0.00034,3,5,0,0,0,0,0,0,0,0,0,0,1,0,0,0,0,0,0,0,0,0,0,,0,0,0,0,
6,5.61,0,-34.6,35,0,0,0,-4.2,0,0,0,0,-4.5,0,0,0,0,-0.00229183,0,0,0,0,0,0,0,0,0,1,80,59,0,0.00034,0.00034,3,5,0,0,0,0,0,0,0,0,0,0,1,0,0,0,0,0,0,0,0,0,0,,0,0,0,0,
7,5.61,0,-24.2,35,0,0,0,-6.05,0,0,0,0,-9.5,0,0,0,0,-0.00229183,0,0,0,0,0,0,0,0,0,1,80,59,0,0.00034,0.00034,3,5,0,0,0,0,0,0,0,0,0,0,1,0,0,0,0,0,0,0,0,0,0,,0,0,0,0,
8,6.41,0,71.6,25.5,0,0,0,-13.25,0,0,0,0,18.5,0,0,0,0,-0.00229183,0,0,0,0,0,0,0,0,0,1,71,59,0,0.00034,0.00034,3,5,0,0,0,0,0,0,0,0,0,0,1,0,0,0,0,0,0,0,0,0,0,,0,0,0,0,
9,6.84,0,-19.65,26.5,0,0,0,-2.45,0,0,0,0,-19,0,0,0,0,-0.00229183,0,0,0,0,0,0,0,0,0,1,72,59,0,0.00034,0.00034,3,5,0,0,0,0,0,0,0,0,0,0,1,0,0,0,0,0,0,0,0,0,0,,0,0,0,0,
10,7.59,0,32.7,43,0,0,0,6.95,0,0,0,0,8,0,0,0,0,-0.00229183,0,0,0,0,0,0,0,0,0,1,89,59,0,0.00034,0.00034,3,5,0,0,0,0,0,0,0,0,0,0,1,0,0,0,0,0,0,0,0,0,0,,0,0,0,0,
11,8.51,0,45.3,31.5,0,0,0,5.75,0,0,0,0,7,0,0,0,0,-0.00229183,0,0,0,0,0,0,0,0,0,1,78,59,0,0.00034,0.00034,3,5,0,0,0,0,0,0,0,0,0,0,1,0,0,0,0,0,0,0,0,0,0,,0,0,0,0,
12,8.94,0,-32.95,26.5,0,0,0,-1.3,0,0,0,0,-9.5,0,0,0,0,-0.00229183,0,0,0,0,0,0,0,0,0,1,73,59,0,0.00034,0.00034,3,5,0,0,0,0,0,0,0,0,0,0,1,0,0,0,0,0,0,0,0,0,0,,0,0,0,0,
13,9.42,0,-29.3,24.5,0,0,0,-3.25,0,0,0,0,-13.5,0,0,0,0,-0.00229183,0,0,0,0,0,0,0,0,0,1,71,59,0,0.00034,0.00034,3,5,0,0,0,0,0,0,0,0,0,0,1,0,0,0,0,0,0,0,0,0,0,,0,0,0,0,
14,12.16,0,-12.9,27,0,0,0,12.25,0,0,0,0,-16,0,0,0,0,-0.00229183,0,0,0,0,0,0,0,0,0,1,74,59,0,0.00034,0.00034,3,5,0,0,0,0,0,0,0,0,0,0,1,0,0,0,0,0,0,0,0,0,0,,0,0,0,0,
15,12.98,0,-23.35,21,0,0,0,-1.8,0,0,0,0,-18,0,0,0,0,-0.00229183,0,0,0,0,0,0,0,0,0,1,67,59,0,0.00034,0.00034,3,5,0,0,0,0,0,0,0,0,0,0,1,0,0,0,0,0,0,0,0,0,0,,0,0,0,0,
END,Total:16
START,FrameNb:2,CameraNb:0,HeSaiNb:0,ARS410Nb:0
2026/08/02 16:19:35:704---->
heightOffset:0,1785658775704,1065260,selfCaliBufCnt:0,selfAccObjCnt:0,selfAccAngle:0,installHAngleOffset:0,Interpolation:0,installVAngleOffset:0,radarOffsetH:0,radarOffsetV:0.32,Polynom:-0.001023;-0.0511;-2.047;0;0;0;-0.001023;-0.0511;-2.047;-25.5;0;0,WheelDirection:0;0;0;0,selfAngleOffset:0,selfAngleOffsetPit:0,currCaliAngleHrz:0,currCaliAnglePit:0,selfCaliAngleHrz:0,selfCaliAnglePit:0,servCaliAngleHrz:0,servCaliAnglePit:0,offlineCaliAngleHrz:0,offlineCaliAnglePit:0,determine2useFlag:0,IMU_Z_Accel:-21.592,IMU_X_AngularRate:-2.093,IMU_Y_AngularRate:-2.093,IMU_RollAngle:-180,IMU_PitchAngle:-180,IMU_YawAngle:-180,FcwID:0,FCWWarningLevel:0,FCWTTC:0
0,2.35,0,51.2,29,0,0,0,-10.2,1.37605e-33,0,0,0,5.5,0,0,0,0,-0.00229183,0,0,0,0,0,0,0,0,0,1,78,56,0,0.00034,0.00034,3,5,0,0,0,0,0,0,0,0,0,0,1,0,1,0,0,0,0,0,0,0,0,,0,0,0,0,
1,2.79,0,-33.8,45,0,0,0,1.2,0,0,0,0,7,0,0,0,0,-0.00229183,0,0,0,0,0,0,0,0,0,1,94,56,0,0.00034,0.00034,3,5,0,0,0,0,0,0,0,0,0,0,1,0,1,0,0,0,0,0,0,0,0,,0,0,0,0,
2,3.25,0,13.8,37.5,0,0,0,1.3,0,0,0,0,-8,0,0,0,0,-0.00229183,0,0,0,0,0,0,0,0,0,1,86,56,0,0.00034,0.00034,3,0,0,0,0,0,0,0,0,0,0,0,1,0,1,0,0,0,0,0,0,0,0,,0,0,0,0,
3,3.58,0,-50.2,32.5,0,0,0,-5.95,0,0,0,0,8,0,0,0,0,-0.00229183,0,0,0,0,0,0,0,0,0,1,81,56,0,0.00034,0.00034,3,7,0,0,0,0,0,0,0,0,0,0,1,0,1,0,0,0,0,0,0,0,0,,0,0,0,0,
4,4.07,0,1.9,38.5,0,0,0,2.95,0,0,0,0,-9,0,0,0,0,-0.00229183,0,0,0,0,0,0,0,0,0,1,87,56,0,0.00034,0.00034,3,5,0,0,0,0,0,0,0,0,0,0,1,0,1,0,0,0,0,0,0,0,0,,0,0,0,0,
5,5.1,0,-35.95,32,0,0,0,-1.25,0,0,0,0,-7.5,0,0,0,0,-0.00229183,0,0,0,0,0,0,0,0,0,1,78,56,0,0.00034,0.00034,3,0,0,0,0,0,0,0,0,0,0,0,1,0,1,0,0,0,0,0,0,0,0,,0,0,0,0,
6,5.61,0,-34.6,35,0,0,0,-4.05,0,0,0,0,-4.5,0,0,0,0,-0.00229183,0,0,0,0,0,0,0,0,0,1,80,56,0,0.00034,0.00034,3,5,0,0,0,0,0,0,0,0,0,0,1,0,1,0,0,0,0,0,0,0,0,,0,0,0,0,
7,5.61,0,-24.2,35,0,0,0,-6,0,0,0,0,-9.5,0,0,0,0,-0.00229183,0,0,0,0,0,0,0,0,0,1,80,56,0,0.00034,0.00034,3,5,0,0,0,0,0,0,0,0,0,0,1,0,1,0,0,0,0,0,0,0,0,,0,0,0,0,
8,6.42,0,33.9,25.5,0,0,0,-10,0,0,0,0,-10.5,0,0,0,0,-0.00229183,0,0,0,0,0,0,0,0,0,1,71,56,0,0.00034,0.00034,3,5,0,0,0,0,0,0,0,0,0,0,1,0,1,0,0,0,0,0,0,0,0,,0,0,0,0,
9,6.83,0,49.6,26.5,0,0,0,-9.75,0,0,0,0,2,0,0,0,0,-0.00229183,0,0,0,0,0,0,0,0,0,1,72,56,0,0.00034,0.00034,3,5,0,0,0,0,0,0,0,0,0,0,1,0,1,0,0,0,0,0,0,0,0,,0,0,0,0,
10,7.59,0,32.7,43.5,0,0,0,7.05,0,0,0,0,8,0,0,0,0,-0.00229183,0,0,0,0,0,0,0,0,0,1,89,56,0,0.00034,0.00034,3,5,0,0,0,0,0,0,0,0,0,0,1,0,1,0,0,0,0,0,0,0,0,,0,0,0,0,
11,8.07,0,-24.85,29,0,0,0,9.9,0,0,0,0,-12,0,0,0,0,-0.00229183,0,0,0,0,0,0,0,0,0,1,75,56,0,0.00034,0.00034,3,5,0,0,0,0,0,0,0,0,0,0,1,0,1,0,0,0,0,0,0,0,0,,0,0,0,0,
12,8.51,0,45.3,31.5,0,0,0,5.65,0,0,0,0,7,0,0,0,0,-0.00229183,0,0,0,0,0,0,0,0,0,1,78,56,0,0.00034,0.00034,3,5,0,0,0,0,0,0,0,0,0,0,1,0,1,0,0,0,0,0,0,0,0,,0,0,0,0,
13,8.94,0,-32.8,26.5,0,0,0,-1.45,0,0,0,0,-10,0,0,0,0,-0.00229183,0,0,0,0,0,0,0,0,0,1,73,56,0,0.00034,0.00034,3,5,0,0,0,0,0,0,0,0,0,0,1,0,1,0,0,0,0,0,0,0,0,,0,0,0,0,
14,9.41,0,-29.15,24.5,0,0,0,-3.45,0,0,0,0,-13,0,0,0,0,-0.00229183,0,0,0,0,0,0,0,0,0,1,71,56,0,0.00034,0.00034,3,5,0,0,0,0,0,0,0,0,0,0,1,0,1,0,0,0,0,0,0,0,0,,0,0,0,0,
15,12.16,0,-12.85,26.5,0,0,0,12.05,0,0,0,0,-16,0,0,0,0,-0.00229183,0,0,0,0,0,0,0,0,0,1,74,56,0,0.00034,0.00034,3,5,0,0,0,0,0,0,0,0,0,0,1,0,1,0,0,0,0,0,0,0,0,,0,0,0,0,
16,12.98,0,-23.2,21,0,0,0,-1.6,0,0,0,0,-18,0,0,0,0,-0.00229183,0,0,0,0,0,0,0,0,0,1,67,56,0,0.00034,0.00034,3,5,0,0,0,0,0,0,0,0,0,0,1,0,1,0,0,0,0,0,0,0,0,,0,0,0,0,
END,Total:17
START,FrameNb:3,CameraNb:0,HeSaiNb:0,ARS410Nb:0
2026/08/02 16:19:35:762---->
heightOffset:0,1785658775762,1065320,selfCaliBufCnt:0,selfAccObjCnt:0,selfAccAngle:0,installHAngleOffset:0,Interpolation:0,installVAngleOffset:0,radarOffsetH:0,radarOffsetV:0.32,Polynom:-0.001023;-0.0511;-2.047;0;0;0;-0.001023;-0.0511;-2.047;-25.5;0;0,WheelDirection:0;0;0;0,selfAngleOffset:0,selfAngleOffsetPit:0,currCaliAngleHrz:0,currCaliAnglePit:0,selfCaliAngleHrz:0,selfCaliAnglePit:0,servCaliAngleHrz:0,servCaliAnglePit:0,offlineCaliAngleHrz:0,offlineCaliAnglePit:0,determine2useFlag:0,IMU_Z_Accel:-21.592,IMU_X_AngularRate:-2.093,IMU_Y_AngularRate:-2.093,IMU_RollAngle:-180,IMU_PitchAngle:-180,IMU_YawAngle:-180,FcwID:0,FCWWarningLevel:0,FCWTTC:0
0,2.35,0,31.7,29,0,0,0,10.3,1.37605e-33,0,0,0,-8.5,0,0,0,0,-0.00229183,0,0,0,0,0,0,0,0,0,1,78,62,0,0.00034,0.00034,3,5,0,0,0,0,0,0,0,0,0,0,1,0,0,0,0,0,0,0,0,0,0,,0,0,0,0,
1,2.79,0,-33.8,45,0,0,0,1.2,0,0,0,0,7,0,0,0,0,-0.00229183,0,0,0,0,0,0,0,0,0,1,94,62,0,0.00034,0.00034,3,5,0,0,0,0,0,0,0,0,0,0,1,0,0,0,0,0,0,0,0,0,0,,0,0,0,0,
2,3.27,0,13.8,37.5,0,0,0,1.3,0,0,0,0,-8,0,0,0,0,-0.00229183,0,0,0,0,0,0,0,0,0,1,86,62,0,0.00034,0.00034,3,0,0,0,0,0,0,0,0,0,0,0,1,0,0,0,0,0,0,0,0,0,0,,0,0,0,0,
3,3.58,0,-3.5,32.5,0,0,0,-8.45,0,0,0,0,-16,0,0,0,0,-0.00229183,0,0,0,0,0,0,0,0,0,1,81,62,0,0.00034,0.00034,3,7,0,0,0,0,0,0,0,0,0,0,1,0,0,0,0,0,0,0,0,0,0,,0,0,0,0,
4,4.07,0,1.9,38.5,0,0,0,2.95,0,0,0,0,-9,0,0,0,0,-0.00229183,0,0,0,0,0,0,0,0,0,1,87,62,0,0.00034,0.00034,3,5,0,0,0,0,0,0,0,0,0,0,1,0,0,0,0,0,0,0,0,0,0,,0,0,0,0,
5,5.09,0,-35.8,32,0,0,0,-1.2,0,0,0,0,-7.5,0,0,0,0,-0.00229183,0,0,0,0,0,0,0,0,0,1,78,62,0,0.00034,0.00034,3,5,0,0,0,0,0,0,0,0,0,0,1,0,0,0,0,0,0,0,0,0,0,,0,0,0,0,
6,5.61,0,-24.2,35,0,0,0,-6.1,0,0,0,0,-9.5,0,0,0,0,-0.00229183,0,0,0,0,0,0,0,0,0,1,80,62,0,0.00034,0.00034,3,5,0,0,0,0,0,0,0,0,0,0,1,0,0,0,0,0,0,0,0,0,0,,0,0,0,0,
7,5.61,0,-34.6,35,0,0,0,-4.2,0,0,0,0,-4.5,0,0,0,0,-0.00229183,0,0,0,0,0,0,0,0,0,1,80,62,0,0.00034,0.00034,3,5,0,0,0,0,0,0,0,0,0,0,1,0,0,0,0,0,0,0,0,0,0,,0,0,0,0,
8,6.41,0,71.65,25.5,0,0,0,-15,0,0,0,0,18.5,0,0,0,0,-0.00229183,0,0,0,0,0,0,0,0,0,1,71,62,0,0.00034,0.00034,3,5,0,0,0,0,0,0,0,0,0,0,1,0,0,0,0,0,0,0,0,0,0,,0,0,0,0,
9,6.84,0,49.85,26.5,0,0,0,-10.3,0,0,0,0,2,0,0,0,0,-0.00229183,0,0,0,0,0,0,0,0,0,1,72,62,0,0.00034,0.00034,3,5,0,0,0,0,0,0,0,0,0,0,1,0,0,0,0,0,0,0,0,0,0,,0,0,0,0,
10,7.59,0,32.6,43,0,0,0,6.95,0,0,0,0,8,0,0,0,0,-0.00229183,0,0,0,0,0,0,0,0,0,1,89,62,0,0.00034,0.00034,3,5,0,0,0,0,0,0,0,0,0,0,1,0,0,0,0,0,0,0,0,0,0,,0,0,0,0,
11,8.51,0,45.3,31.5,0,0,0,5.9,0,0,0,0,7,0,0,0,0,-0.00229183,0,0,0,0,0,0,0,0,0,1,78,62,0,0.00034,0.00034,3,5,0,0,0,0,0,0,0,0,0,0,1,0,0,0,0,0,0,0,0,0,0,,0,0,0,0,
12,8.94,0,-32.85,26.5,0,0,0,-1.3,0,0,0,0,-9.5,0,0,0,0,-0.00229183,0,0,0,0,0,0,0,0,0,1,73,62,0,0.00034,0.00034,3,5,0,0,0,0,0,0,0,0,0,0,1,0,0,0,0,0,0,0,0,0,0,,0,0,0,0,
13,9.41,0,-29.15,24.5,0,0,0,-3.55,0,0,0,0,-13,0,0,0,0,-0.00229183,0,0,0,0,0,0,0,0,0,1,71,62,0,0.00034,0.00034,3,5,0,0,0,0,0,0,0,0,0,0,1,0,0,0,0,0,0,0,0,0,0,,0,0,0,0,
14,12.16,0,-12.9,26.5,0,0,0,12.25,0,0,0,0,-16,0,0,0,0,-0.00229183,0,0,0,0,0,0,0,0,0,1,74,62,0,0.00034,0.00034,3,5,0,0,0,0,0,0,0,0,0,0,1,0,0,0,0,0,0,0,0,0,0,,0,0,0,0,
15,12.98,0,-23.35,21,0,0,0,-1.8,0,0,0,0,-18,0,0,0,0,-0.00229183,0,0,0,0,0,0,0,0,0,1,67,62,0,0.00034,0.00034,3,5,0,0,0,0,0,0,0,0,0,0,1,0,0,0,0,0,0,0,0,0,0,,0,0,0,0,
END,Total:16
START,FrameNb:4,CameraNb:0,HeSaiNb:0,ARS410Nb:0
2026/08/02 16:19:35:789---->
heightOffset:0,1785658775789,1065380,selfCaliBufCnt:0,selfAccObjCnt:0,selfAccAngle:0,installHAngleOffset:0,Interpolation:0,installVAngleOffset:0,radarOffsetH:0,radarOffsetV:0.32,Polynom:-0.001023;-0.0511;-2.047;0;0;0;-0.001023;-0.0511;-2.047;-25.5;0;0,WheelDirection:0;0;0;0,selfAngleOffset:0,selfAngleOffsetPit:0,currCaliAngleHrz:0,currCaliAnglePit:0,selfCaliAngleHrz:0,selfCaliAnglePit:0,servCaliAngleHrz:0,servCaliAnglePit:0,offlineCaliAngleHrz:0,offlineCaliAnglePit:0,determine2useFlag:0,IMU_Z_Accel:-21.592,IMU_X_AngularRate:-2.093,IMU_Y_AngularRate:-2.093,IMU_RollAngle:-180,IMU_PitchAngle:-180,IMU_YawAngle:-180,FcwID:0,FCWWarningLevel:0,FCWTTC:0
0,2.35,0,51.15,29,0,0,0,-10.1,1.37605e-33,0,0,0,5.5,0,0,0,0,-0.00229183,0,0,0,0,0,0,0,0,0,1,78,59,0,0.00034,0.00034,2,-1,0,0,0,0,0,0,0,0,0,0,1,0,1,0,0,0,0,0,0,0,0,,0,0,0,0,
1,2.79,0,-33.8,45,0,0,0,1.2,0,0,0,0,7,0,0,0,0,-0.00229183,0,0,0,0,0,0,0,0,0,1,94,59,0,0.00034,0.00034,3,5,0,0,0,0,0,0,0,0,0,0,1,0,1,0,0,0,0,0,0,0,0,,0,0,0,0,
2,3.26,0,13.8,37.5,0,0,0,1.3,0,0,0,0,-8,0,0,0,0,-0.00229183,0,0,0,0,0,0,0,0,0,1,86,59,0,0.00034,0.00034,3,0,0,0,0,0,0,0,0,0,0,0,1,0,1,0,0,0,0,0,0,0,0,,0,0,0,0,
3,3.58,0,-50.35,32.5,0,0,0,-5.95,0,0,0,0,8,0,0,0,0,-0.00229183,0,0,0,0,0,0,0,0,0,1,81,59,0,0.00034,0.00034,3,5,0,0,0,0,0,0,0,0,0,0,1,0,1,0,0,0,0,0,0,0,0,,0,0,0,0,
4,4.07,0,1.9,38.5,0,0,0,2.95,0,0,0,0,-9,0,0,0,0,-0.00229183,0,0,0,0,0,0,0,0,0,1,87,59,0,0.00034,0.00034,3,5,0,0,0,0,0,0,0,0,0,0,1,0,1,0,0,0,0,0,0,0,0,,0,0,0,0,
5,5.09,0,-35.95,32.5,0,0,0,-1.2,0,0,0,0,-7.5,0,0,0,0,-0.00229183,0,0,0,0,0,0,0,0,0,1,78,59,0,0.00034,0.00034,3,0,0,0,0,0,0,0,0,0,0,0,1,0,1,0,0,0,0,0,0,0,0,,0,0,0,0,
6,5.61,0,-24.2,35,0,0,0,-6,0,0,0,0,-9.5,0,0,0,0,-0.00229183,0,0,0,0,0,0,0,0,0,1,80,59,0,0.00034,0.00034,3,5,0,0,0,0,0,0,0,0,0,0,1,0,1,0,0,0,0,0,0,0,0,,0,0,0,0,
7,5.61,0,-34.55,35,0,0,0,-4.05,0,0,0,0,-4.5,0,0,0,0,-0.00229183,0,0,0,0,0,0,0,0,0,1,80,59,0,0.00034,0.00034,3,5,0,0,0,0,0,0,0,0,0,0,1,0,1,0,0,0,0,0,0,0,0,,0,0,0,0,
8,6.36,0,71.7,25.5,0,0,0,-15,0,0,0,0,18.5,0,0,0,0,-0.00229183,0,0,0,0,0,0,0,0,0,1,71,59,0,0.00034,0.00034,3,5,0,0,0,0,0,0,0,0,0,0,1,0,1,0,0,0,0,0,0,0,0,,0,0,0,0,
9,6.64,0,49.45,26.5,0,0,0,-9.45,0,0,0,0,2,0,0,0,0,-0.00229183,0,0,0,0,0,0,0,0,0,1,72,59,0,0.00034,0.00034,3,5,0,0,0,0,0,0,0,0,0,0,1,0,1,0,0,0,0,0,0,0,0,,0,0,0,0,
10,7.59,0,32.55,43,0,0,0,6.95,0,0,0,0,8,0,0,0,0,-0.00229183,0,0,0,0,0,0,0,0,0,1,89,59,0,0.00034,0.00034,3,5,0,0,0,0,0,0,0,0,0,0,1,0,1,0,0,0,0,0,0,0,0,,0,0,0,0,
11,8.22,0,-24.65,29,0,0,0,10.55,0,0,0,0,-12,0,0,0,0,-0.00229183,0,0,0,0,0,0,0,0,0,1,75,59,0,0.00034,0.00034,3,5,0,0,0,0,0,0,0,0,0,0,1,0,1,0,0,0,0,0,0,0,0,,0,0,0,0,
12,8.51,0,45.3,31.5,0,0,0,5.7,0,0,0,0,7,0,0,0,0,-0.00229183,0,0,0,0,0,0,0,0,0,1,78,59,0,0.00034,0.00034,3,5,0,0,0,0,0,0,0,0,0,0,1,0,1,0,0,0,0,0,0,0,0,,0,0,0,0,
13,8.93,0,-32.85,26.5,0,0,0,-1.3,0,0,0,0,-10,0,0,0,0,-0.00229183,0,0,0,0,0,0,0,0,0,1,73,59,0,0.00034,0.00034,3,5,0,0,0,0,0,0,0,0,0,0,1,0,1,0,0,0,0,0,0,0,0,,0,0,0,0,
14,9.41,0,-29.05,24.5,0,0,0,-3.45,0,0,0,0,-13,0,0,0,0,-0.00229183,0,0,0,0,0,0,0,0,0,1,71,59,0,0.00034,0.00034,3,5,0,0,0,0,0,0,0,0,0,0,1,0,1,0,0,0,0,0,0,0,0,,0,0,0,0,
15,12.16,0,-12.85,26.5,0,0,0,12.15,0,0,0,0,-16,0,0,0,0,-0.00229183,0,0,0,0,0,0,0,0,0,1,74,59,0,0.00034,0.00034,3,5,0,0,0,0,0,0,0,0,0,0,1,0,1,0,0,0,0,0,0,0,0,,0,0,0,0,
16,13,0,-23.2,21,0,0,0,-1.8,0,0,0,0,-18,0,0,0,0,-0.00229183,0,0,0,0,0,0,0,0,0,1,67,59,0,0.00034,0.00034,3,5,0,0,0,0,0,0,0,0,0,0,1,0,1,0,0,0,0,0,0,0,0,,0,0,0,0,
END,Total:17
START,FrameNb:5,CameraNb:0,HeSaiNb:0,ARS410Nb:0
2026/08/02 16:19:35:845---->
heightOffset:0,1785658775845,1065436,selfCaliBufCnt:0,selfAccObjCnt:0,selfAccAngle:0,installHAngleOffset:0,Interpolation:0,installVAngleOffset:0,radarOffsetH:0,radarOffsetV:0.32,Polynom:-0.001023;-0.0511;-2.047;0;0;0;-0.001023;-0.0511;-2.047;-25.5;0;0,WheelDirection:0;0;0;0,selfAngleOffset:0,selfAngleOffsetPit:0,currCaliAngleHrz:0,currCaliAnglePit:0,selfCaliAngleHrz:0,selfCaliAnglePit:0,servCaliAngleHrz:0,servCaliAnglePit:0,offlineCaliAngleHrz:0,offlineCaliAnglePit:0,determine2useFlag:0,IMU_Z_Accel:-21.592,IMU_X_AngularRate:-2.093,IMU_Y_AngularRate:-2.093,IMU_RollAngle:-180,IMU_PitchAngle:-180,IMU_YawAngle:-180,FcwID:0,FCWWarningLevel:0,FCWTTC:0
0,2.35,0,50.65,29,0,0,0,-10.1,1.37605e-33,0,0,0,4.5,0,0,0,0,-0.00229183,0,0,0,0,0,0,0,0,0,1,78,60,0,0.00034,0.00034,3,5,0,0,0,0,0,0,0,0,0,0,1,0,0,0,0,0,0,0,0,0,0,,0,0,0,0,
1,2.79,0,-33.8,45,0,0,0,1.2,0,0,0,0,7,0,0,0,0,-0.00229183,0,0,0,0,0,0,0,0,0,1,94,60,0,0.00034,0.00034,3,5,0,0,0,0,0,0,0,0,0,0,1,0,0,0,0,0,0,0,0,0,0,,0,0,0,0,
2,3.26,0,13.8,37.5,0,0,0,1.4,0,0,0,0,-8,0,0,0,0,-0.00229183,0,0,0,0,0,0,0,0,0,1,86,60,0,0.00034,0.00034,3,0,0,0,0,0,0,0,0,0,0,0,1,0,0,0,0,0,0,0,0,0,0,,0,0,0,0,
3,3.58,0,-50.3,32.5,0,0,0,-5.85,0,0,0,0,8,0,0,0,0,-0.00229183,0,0,0,0,0,0,0,0,0,1,81,60,0,0.00034,0.00034,3,7,0,0,0,0,0,0,0,0,0,0,1,0,0,0,0,0,0,0,0,0,0,,0,0,0,0,
4,4.07,0,1.9,38.5,0,0,0,2.95,0,0,0,0,-9,0,0,0,0,-0.00229183,0,0,0,0,0,0,0,0,0,1,87,60,0,0.00034,0.00034,3,5,0,0,0,0,0,0,0,0,0,0,1,0,0,0,0,0,0,0,0,0,0,,0,0,0,0,
5,5.08,0,-35.8,32.5,0,0,0,-1.2,0,0,0,0,-7.5,0,0,0,0,-0.00229183,0,0,0,0,0,0,0,0,0,1,78,60,0,0.00034,0.00034,3,5,0,0,0,0,0,0,0,0,0,0,1,0,0,0,0,0,0,0,0,0,0,,0,0,0,0,
6,5.61,0,-34.55,35,0,0,0,-3.95,0,0,0,0,-4.5,0,0,0,0,-0.00229183,0,0,0,0,0,0,0,0,0,1,80,60,0,0.00034,0.00034,3,5,0,0,0,0,0,0,0,0,0,0,1,0,0,0,0,0,0,0,0,0,0,,0,0,0,0,
7,5.61,0,-24.3,35,0,0,0,-5.8,0,0,0,0,-9.5,0,0,0,0,-0.00229183,0,0,0,0,0,0,0,0,0,1,80,60,0,0.00034,0.00034,3,5,0,0,0,0,0,0,0,0,0,0,1,0,0,0,0,0,0,0,0,0,0,,0,0,0,0,
8,6.38,0,71.55,25.5,0,0,0,-15,0,0,0,0,18.5,0,0,0,0,-0.00229183,0,0,0,0,0,0,0,0,0,1,71,60,0,0.00034,0.00034,3,5,0,0,0,0,0,0,0,0,0,0,1,0,0,0,0,0,0,0,0,0,0,,0,0,0,0,
9,6.64,0,49.7,26.5,0,0,0,4.45,0,0,0,0,2,0,0,0,0,-0.00229183,0,0,0,0,0,0,0,0,0,1,72,60,0,0.00034,0.00034,3,5,0,0,0,0,0,0,0,0,0,0,1,0,0,0,0,0,0,0,0,0,0,,0,0,0,0,
10,7.58,0,32.45,43,0,0,0,6.8,0,0,0,0,8,0,0,0,0,-0.00229183,0,0,0,0,0,0,0,0,0,1,89,60,0,0.00034,0.00034,3,5,0,0,0,0,0,0,0,0,0,0,1,0,0,0,0,0,0,0,0,0,0,,0,0,0,0,
11,8.51,0,45.3,31,0,0,0,5.7,0,0,0,0,7,0,0,0,0,-0.00229183,0,0,0,0,0,0,0,0,0,1,78,60,0,0.00034,0.00034,3,5,0,0,0,0,0,0,0,0,0,0,1,0,0,0,0,0,0,0,0,0,0,,0,0,0,0,
12,8.94,0,-32.8,26.5,0,0,0,-1.25,0,0,0,0,-9.5,0,0,0,0,-0.00229183,0,0,0,0,0,0,0,0,0,1,73,60,0,0.00034,0.00034,3,5,0,0,0,0,0,0,0,0,0,0,1,0,0,0,0,0,0,0,0,0,0,,0,0,0,0,
13,9.42,0,-29.15,24.5,0,0,0,-3.35,0,0,0,0,-13.5,0,0,0,0,-0.00229183,0,0,0,0,0,0,0,0,0,1,71,60,0,0.00034,0.00034,3,5,0,0,0,0,0,0,0,0,0,0,1,0,0,0,0,0,0,0,0,0,0,,0,0,0,0,
14,12.16,0,-12.95,27,0,0,0,12.25,0,0,0,0,-16,0,0,0,0,-0.00229183,0,0,0,0,0,0,0,0,0,1,74,60,0,0.00034,0.00034,3,5,0,0,0,0,0,0,0,0,0,0,1,0,0,0,0,0,0,0,0,0,0,,0,0,0,0,
15,12.99,0,-23.5,21,0,0,0,-1.85,0,0,0,0,-17.5,0,0,0,0,-0.00229183,0,0,0,0,0,0,0,0,0,1,68,60,0,0.00034,0.00034,3,5,0,0,0,0,0,0,0,0,0,0,1,0,0,0,0,0,0,0,0,0,0,,0,0,0,0,
END,Total:16
START,FrameNb:6,CameraNb:0,HeSaiNb:0,ARS410Nb:0
2026/08/02 16:19:35:963---->
heightOffset:0,1785658775963,1065496,selfCaliBufCnt:0,selfAccObjCnt:0,selfAccAngle:0,installHAngleOffset:0,Interpolation:0,installVAngleOffset:0,radarOffsetH:0,radarOffsetV:0.32,Polynom:-0.001023;-0.0511;-2.047;0;0;0;-0.001023;-0.0511;-2.047;-25.5;0;0,WheelDirection:0;0;0;0,selfAngleOffset:0,selfAngleOffsetPit:0,currCaliAngleHrz:0,currCaliAnglePit:0,selfCaliAngleHrz:0,selfCaliAnglePit:0,servCaliAngleHrz:0,servCaliAnglePit:0,offlineCaliAngleHrz:0,offlineCaliAnglePit:0,determine2useFlag:0,IMU_Z_Accel:-21.592,IMU_X_AngularRate:-2.093,IMU_Y_AngularRate:-2.093,IMU_RollAngle:-180,IMU_PitchAngle:-180,IMU_YawAngle:-180,FcwID:0,FCWWarningLevel:0,FCWTTC:0
0,2.35,0,51.05,29,0,0,0,-10.1,1.37605e-33,0,0,0,5.5,0,0,0,0,-0.00229183,0,0,0,0,0,0,0,0,0,1,78,54,0,0.00034,0.00034,3,5,0,0,0,0,0,0,0,0,0,0,1,0,1,0,0,0,0,0,0,0,0,,0,0,0,0,
1,2.79,0,-33.8,45,0,0,0,1.2,0,0,0,0,7,0,0,0,0,-0.00229183,0,0,0,0,0,0,0,0,0,1,94,54,0,0.00034,0.00034,3,5,0,0,0,0,0,0,0,0,0,0,1,0,1,0,0,0,0,0,0,0,0,,0,0,0,0,
2,3.25,0,13.8,37.5,0,0,0,1.3,0,0,0,0,-8,0,0,0,0,-0.00229183,0,0,0,0,0,0,0,0,0,1,86,54,0,0.00034,0.00034,3,0,0,0,0,0,0,0,0,0,0,0,1,0,1,0,0,0,0,0,0,0,0,,0,0,0,0,
3,3.58,0,-50.3,32.5,0,0,0,-5.95,0,0,0,0,8,0,0,0,0,-0.00229183,0,0,0,0,0,0,0,0,0,1,81,54,0,0.00034,0.00034,3,5,0,0,0,0,0,0,0,0,0,0,1,0,1,0,0,0,0,0,0,0,0,,0,0,0,0,
4,4.07,0,1.9,38.5,0,0,0,3,0,0,0,0,-9,0,0,0,0,-0.00229183,0,0,0,0,0,0,0,0,0,1,87,54,0,0.00034,0.00034,3,5,0,0,0,0,0,0,0,0,0,0,1,0,1,0,0,0,0,0,0,0,0,,0,0,0,0,
5,5.09,0,-35.95,32.5,0,0,0,-1.1,0,0,0,0,-7.5,0,0,0,0,-0.00229183,0,0,0,0,0,0,0,0,0,1,78,54,0,0.00034,0.00034,3,0,0,0,0,0,0,0,0,0,0,0,1,0,1,0,0,0,0,0,0,0,0,,0,0,0,0,
6,5.61,0,-34.55,35,0,0,0,-4.05,0,0,0,0,-4.5,0,0,0,0,-0.00229183,0,0,0,0,0,0,0,0,0,1,80,54,0,0.00034,0.00034,3,5,0,0,0,0,0,0,0,0,0,0,1,0,1,0,0,0,0,0,0,0,0,,0,0,0,0,
7,5.61,0,-24.2,35,0,0,0,-6.05,0,0,0,0,-9.5,0,0,0,0,-0.00229183,0,0,0,0,0,0,0,0,0,1,80,54,0,0.00034,0.00034,3,5,0,0,0,0,0,0,0,0,0,0,1,0,1,0,0,0,0,0,0,0,0,,0,0,0,0,
8,6.41,0,71.6,25.5,0,0,0,-15,0,0,0,0,18.5,0,0,0,0,-0.00229183,0,0,0,0,0,0,0,0,0,1,71,54,0,0.00034,0.00034,3,5,0,0,0,0,0,0,0,0,0,0,1,0,1,0,0,0,0,0,0,0,0,,0,0,0,0,
9,6.64,0,49.3,26.5,0,0,0,4.25,0,0,0,0,2,0,0,0,0,-0.00229183,0,0,0,0,0,0,0,0,0,1,72,54,0,0.00034,0.00034,3,5,0,0,0,0,0,0,0,0,0,0,1,0,1,0,0,0,0,0,0,0,0,,0,0,0,0,
10,7.58,0,32.45,43,0,0,0,6.75,0,0,0,0,7.5,0,0,0,0,-0.00229183,0,0,0,0,0,0,0,0,0,1,89,54,0,0.00034,0.00034,3,5,0,0,0,0,0,0,0,0,0,0,1,0,1,0,0,0,0,0,0,0,0,,0,0,0,0,
11,8.08,0,-24.7,29,0,0,0,10.55,0,0,0,0,-12,0,0,0,0,-0.00229183,0,0,0,0,0,0,0,0,0,1,75,54,0,0.00034,0.00034,3,5,0,0,0,0,0,0,0,0,0,0,1,0,1,0,0,0,0,0,0,0,0,,0,0,0,0,
12,8.51,0,45.3,31.5,0,0,0,5.65,0,0,0,0,7,0,0,0,0,-0.00229183,0,0,0,0,0,0,0,0,0,1,78,54,0,0.00034,0.00034,3,5,0,0,0,0,0,0,0,0,0,0,1,0,1,0,0,0,0,0,0,0,0,,0,0,0,0,
13,8.93,0,-32.9,26.5,0,0,0,-1.1,0,0,0,0,-10,0,0,0,0,-0.00229183,0,0,0,0,0,0,0,0,0,1,73,54,0,0.00034,0.00034,3,5,0,0,0,0,0,0,0,0,0,0,1,0,1,0,0,0,0,0,0,0,0,,0,0,0,0,
14,9.4,0,-29.15,24.5,0,0,0,-3.35,0,0,0,0,-13.5,0,0,0,0,-0.00229183,0,0,0,0,0,0,0,0,0,1,71,54,0,0.00034,0.00034,3,5,0,0,0,0,0,0,0,0,0,0,1,0,1,0,0,0,0,0,0,0,0,,0,0,0,0,
15,12.16,0,-12.85,27,0,0,0,12.2,0,0,0,0,-16,0,0,0,0,-0.00229183,0,0,0,0,0,0,0,0,0,1,74,54,0,0.00034,0.00034,3,5,0,0,0,0,0,0,0,0,0,0,1,0,1,0,0,0,0,0,0,0,0,,0,0,0,0,
16,12.99,0,-23.2,21,0,0,0,-1.7,0,0,0,0,-17.5,0,0,0,0,-0.00229183,0,0,0,0,0,0,0,0,0,1,68,54,0,0.00034,0.00034,3,5,0,0,0,0,0,0,0,0,0,0,1,0,1,0,0,0,0,0,0,0,0,,0,0,0,0,
END,Total:17
START,FrameNb:7,CameraNb:0,HeSaiNb:0,ARS410Nb:0
2026/08/02 16:19:35:992---->
heightOffset:0,1785658775992,1065552,selfCaliBufCnt:0,selfAccObjCnt:0,selfAccAngle:0,installHAngleOffset:0,Interpolation:0,installVAngleOffset:0,radarOffsetH:0,radarOffsetV:0.32,Polynom:-0.001023;-0.0511;-2.047;0;0;0;-0.001023;-0.0511;-2.047;-25.5;0;0,WheelDirection:0;0;0;0,selfAngleOffset:0,selfAngleOffsetPit:0,currCaliAngleHrz:0,currCaliAnglePit:0,selfCaliAngleHrz:0,selfCaliAnglePit:0,servCaliAngleHrz:0,servCaliAnglePit:0,offlineCaliAngleHrz:0,offlineCaliAnglePit:0,determine2useFlag:0,IMU_Z_Accel:-21.592,IMU_X_AngularRate:-2.093,IMU_Y_AngularRate:-2.093,IMU_RollAngle:-180,IMU_PitchAngle:-180,IMU_YawAngle:-180,FcwID:0,FCWWarningLevel:0,FCWTTC:0
0,2.35,0,31.4,29.5,0,0,0,10.4,1.37605e-33,0,0,0,-8.5,0,0,0,0,-0.00229183,0,0,0,0,0,0,0,0,0,1,78,59,0,0.00034,0.00034,3,5,0,0,0,0,0,0,0,0,0,0,1,0,0,0,0,0,0,0,0,0,0,,0,0,0,0,
1,2.79,0,-33.8,45,0,0,0,1.2,0,0,0,0,7,0,0,0,0,-0.00229183,0,0,0,0,0,0,0,0,0,1,94,59,0,0.00034,0.00034,3,5,0,0,0,0,0,0,0,0,0,0,1,0,0,0,0,0,0,0,0,0,0,,0,0,0,0,
2,3.27,0,13.8,37.5,0,0,0,1.4,0,0,0,0,-8,0,0,0,0,-0.00229183,0,0,0,0,0,0,0,0,0,1,86,59,0,0.00034,0.00034,3,0,0,0,0,0,0,0,0,0,0,0,1,0,0,0,0,0,0,0,0,0,0,,0,0,0,0,
3,3.58,0,-50.3,32.5,0,0,0,-5.85,0,0,0,0,8,0,0,0,0,-0.00229183,0,0,0,0,0,0,0,0,0,1,81,59,0,0.00034,0.00034,3,7,0,0,0,0,0,0,0,0,0,0,1,0,0,0,0,0,0,0,0,0,0,,0,0,0,0,
4,4.07,0,1.9,39,0,0,0,2.95,0,0,0,0,-9,0,0,0,0,-0.00229183,0,0,0,0,0,0,0,0,0,1,87,59,0,0.00034,0.00034,3,5,0,0,0,0,0,0,0,0,0,0,1,0,0,0,0,0,0,0,0,0,0,,0,0,0,0,
5,5.08,0,-35.7,32.5,0,0,0,-1.2,0,0,0,0,-7.5,0,0,0,0,-0.00229183,0,0,0,0,0,0,0,0,0,1,78,59,0,0.00034,0.00034,3,5,0,0,0,0,0,0,0,0,0,0,1,0,0,0,0,0,0,0,0,0,0,,0,0,0,0,
6,5.61,0,-24.2,35.5,0,0,0,-6.1,0,0,0,0,-9.5,0,0,0,0,-0.00229183,0,0,0,0,0,0,0,0,0,1,80,59,0,0.00034,0.00034,3,5,0,0,0,0,0,0,0,0,0,0,1,0,0,0,0,0,0,0,0,0,0,,0,0,0,0,
7,5.61,0,-34.6,35.5,0,0,0,-4.1,0,0,0,0,-4.5,0,0,0,0,-0.00229183,0,0,0,0,0,0,0,0,0,1,80,59,0,0.00034,0.00034,3,5,0,0,0,0,0,0,0,0,0,0,1,0,0,0,0,0,0,0,0,0,0,,0,0,0,0,
8,6.43,0,71.55,26,0,0,0,-15,0,0,0,0,18.5,0,0,0,0,-0.00229183,0,0,0,0,0,0,0,0,0,1,71,59,0,0.00034,0.00034,3,5,0,0,0,0,0,0,0,0,0,0,1,0,0,0,0,0,0,0,0,0,0,,0,0,0,0,
9,6.84,0,-19.95,26.5,0,0,0,-1.95,0,0,0,0,-19,0,0,0,0,-0.00229183,0,0,0,0,0,0,0,0,0,1,72,59,0,0.00034,0.00034,3,5,0,0,0,0,0,0,0,0,0,0,1,0,0,0,0,0,0,0,0,0,0,,0,0,0,0,
10,7.59,0,32.4,43,0,0,0,6.65,0,0,0,0,7.5,0,0,0,0,-0.00229183,0,0,0,0,0,0,0,0,0,1,89,59,0,0.00034,0.00034,3,5,0,0,0,0,0,0,0,0,0,0,1,0,0,0,0,0,0,0,0,0,0,,0,0,0,0,
11,8.08,0,-24.85,29.5,0,0,0,10.45,0,0,0,0,-12,0,0,0,0,-0.00229183,0,0,0,0,0,0,0,0,0,1,75,59,0,0.00034,0.00034,3,5,0,0,0,0,0,0,0,0,0,0,1,0,0,0,0,0,0,0,0,0,0,,0,0,0,0,
12,8.51,0,45.3,31.5,0,0,0,5.65,0,0,0,0,7,0,0,0,0,-0.00229183,0,0,0,0,0,0,0,0,0,1,78,59,0,0.00034,0.00034,3,5,0,0,0,0,0,0,0,0,0,0,1,0,0,0,0,0,0,0,0,0,0,,0,0,0,0,
13,8.94,0,-32.85,26.5,0,0,0,-1.3,0,0,0,0,-10,0,0,0,0,-0.00229183,0,0,0,0,0,0,0,0,0,1,73,59,0,0.00034,0.00034,3,5,0,0,0,0,0,0,0,0,0,0,1,0,0,0,0,0,0,0,0,0,0,,0,0,0,0,
14,9.41,0,-29.15,24.5,0,0,0,-3.45,0,0,0,0,-13,0,0,0,0,-0.00229183,0,0,0,0,0,0,0,0,0,1,71,59,0,0.00034,0.00034,3,5,0,0,0,0,0,0,0,0,0,0,1,0,0,0,0,0,0,0,0,0,0,,0,0,0,0,
15,12.16,0,-12.95,27,0,0,0,12.25,0,0,0,0,-16,0,0,0,0,-0.00229183,0,0,0,0,0,0,0,0,0,1,74,59,0,0.00034,0.00034,3,5,0,0,0,0,0,0,0,0,0,0,1,0,0,0,0,0,0,0,0,0,0,,0,0,0,0,
16,12.99,0,-23.45,21.5,0,0,0,-1.8,0,0,0,0,-17.5,0,0,0,0,-0.00229183,0,0,0,0,0,0,0,0,0,1,68,59,0,0.00034,0.00034,3,5,0,0,0,0,0,0,0,0,0,0,1,0,0,0,0,0,0,0,0,0,0,,0,0,0,0,
END,Total:17
START,FrameNb:8,CameraNb:0,HeSaiNb:0,ARS410Nb:0
2026/08/02 16:19:36:044---->
heightOffset:0,1785658776044,1065608,selfCaliBufCnt:0,selfAccObjCnt:0,selfAccAngle:0,installHAngleOffset:0,Interpolation:0,installVAngleOffset:0,radarOffsetH:0,radarOffsetV:0.32,Polynom:-0.001023;-0.0511;-2.047;0;0;0;-0.001023;-0.0511;-2.047;-25.5;0;0,WheelDirection:0;0;0;0,selfAngleOffset:0,selfAngleOffsetPit:0,currCaliAngleHrz:0,currCaliAnglePit:0,selfCaliAngleHrz:0,selfCaliAnglePit:0,servCaliAngleHrz:0,servCaliAnglePit:0,offlineCaliAngleHrz:0,offlineCaliAnglePit:0,determine2useFlag:0,IMU_Z_Accel:-21.592,IMU_X_AngularRate:-2.093,IMU_Y_AngularRate:-2.093,IMU_RollAngle:-180,IMU_PitchAngle:-180,IMU_YawAngle:-180,FcwID:0,FCWWarningLevel:0,FCWTTC:0
0,2.35,0,50.95,29.5,0,0,0,-10.2,1.37605e-33,0,0,0,4.5,0,0,0,0,-0.00229183,0,0,0,0,0,0,0,0,0,1,78,55,0,0.00034,0.00034,2,-1,0,0,0,0,0,0,0,0,0,0,1,0,1,0,0,0,0,0,0,0,0,,0,0,0,0,
1,2.79,0,-33.8,45,0,0,0,1.2,0,0,0,0,7,0,0,0,0,-0.00229183,0,0,0,0,0,0,0,0,0,1,94,55,0,0.00034,0.00034,3,5,0,0,0,0,0,0,0,0,0,0,1,0,1,0,0,0,0,0,0,0,0,,0,0,0,0,
2,3.26,0,13.8,37.5,0,0,0,1.3,0,0,0,0,-8,0,0,0,0,-0.00229183,0,0,0,0,0,0,0,0,0,1,86,55,0,0.00034,0.00034,3,0,0,0,0,0,0,0,0,0,0,0,1,0,1,0,0,0,0,0,0,0,0,,0,0,0,0,
3,3.58,0,-50.3,32.5,0,0,0,-6.05,0,0,0,0,8,0,0,0,0,-0.00229183,0,0,0,0,0,0,0,0,0,1,81,55,0,0.00034,0.00034,3,5,0,0,0,0,0,0,0,0,0,0,1,0,1,0,0,0,0,0,0,0,0,,0,0,0,0,
4,4.07,0,1.9,38.5,0,0,0,2.95,0,0,0,0,-9,0,0,0,0,-0.00229183,0,0,0,0,0,0,0,0,0,1,87,55,0,0.00034,0.00034,3,5,0,0,0,0,0,0,0,0,0,0,1,0,1,0,0,0,0,0,0,0,0,,0,0,0,0,
5,5.08,0,-35.95,32.5,0,0,0,-1.1,0,0,0,0,-7.5,0,0,0,0,-0.00229183,0,0,0,0,0,0,0,0,0,1,78,55,0,0.00034,0.00034,3,0,0,0,0,0,0,0,0,0,0,0,1,0,1,0,0,0,0,0,0,0,0,,0,0,0,0,
6,5.61,0,-34.6,35.5,0,0,0,-4.05,0,0,0,0,-4.5,0,0,0,0,-0.00229183,0,0,0,0,0,0,0,0,0,1,80,55,0,0.00034,0.00034,3,5,0,0,0,0,0,0,0,0,0,0,1,0,1,0,0,0,0,0,0,0,0,,0,0,0,0,
7,5.61,0,-24.2,35.5,0,0,0,-6,0,0,0,0,-9.5,0,0,0,0,-0.00229183,0,0,0,0,0,0,0,0,0,1,80,55,0,0.00034,0.00034,3,5,0,0,0,0,0,0,0,0,0,0,1,0,1,0,0,0,0,0,0,0,0,,0,0,0,0,
8,6.43,0,71.55,26,0,0,0,-15,0,0,0,0,18.5,0,0,0,0,-0.00229183,0,0,0,0,0,0,0,0,0,1,71,55,0,0.00034,0.00034,3,5,0,0,0,0,0,0,0,0,0,0,1,0,1,0,0,0,0,0,0,0,0,,0,0,0,0,
9,7.58,0,32.45,43,0,0,0,6.7,0,0,0,0,7.5,0,0,0,0,-0.00229183,0,0,0,0,0,0,0,0,0,1,89,55,0,0.00034,0.00034,3,5,0,0,0,0,0,0,0,0,0,0,1,0,1,0,0,0,0,0,0,0,0,,0,0,0,0,
10,8.2,0,-24.9,29,0,0,0,-2.05,0,0,0,0,-12,0,0,0,0,-0.00229183,0,0,0,0,0,0,0,0,0,1,75,55,0,0.00034,0.00034,3,5,0,0,0,0,0,0,0,0,0,0,1,0,1,0,0,0,0,0,0,0,0,,0,0,0,0,
11,8.51,0,45.3,31.5,0,0,0,5.7,0,0,0,0,7,0,0,0,0,-0.00229183,0,0,0,0,0,0,0,0,0,1,78,55,0,0.00034,0.00034,3,5,0,0,0,0,0,0,0,0,0,0,1,0,1,0,0,0,0,0,0,0,0,,0,0,0,0,
12,8.94,0,-32.9,26.5,0,0,0,-1.45,0,0,0,0,-10,0,0,0,0,-0.00229183,0,0,0,0,0,0,0,0,0,1,73,55,0,0.00034,0.00034,3,5,0,0,0,0,0,0,0,0,0,0,1,0,1,0,0,0,0,0,0,0,0,,0,0,0,0,
13,9.41,0,-29.15,24.5,0,0,0,-3.45,0,0,0,0,-13.5,0,0,0,0,-0.00229183,0,0,0,0,0,0,0,0,0,1,71,55,0,0.00034,0.00034,3,5,0,0,0,0,0,0,0,0,0,0,1,0,1,0,0,0,0,0,0,0,0,,0,0,0,0,
14,12.16,0,-12.85,27,0,0,0,12.05,0,0,0,0,-16,0,0,0,0,-0.00229183,0,0,0,0,0,0,0,0,0,1,74,55,0,0.00034,0.00034,3,5,0,0,0,0,0,0,0,0,0,0,1,0,1,0,0,0,0,0,0,0,0,,0,0,0,0,
15,12.99,0,-23.2,21,0,0,0,-1.85,0,0,0,0,-18,0,0,0,0,-0.00229183,0,0,0,0,0,0,0,0,0,1,68,55,0,0.00034,0.00034,3,5,0,0,0,0,0,0,0,0,0,0,1,0,1,0,0,0,0,0,0,0,0,,0,0,0,0,
END,Total:16
START,FrameNb:9,CameraNb:0,HeSaiNb:0,ARS410Nb:0
2026/08/02 16:19:36:106---->
heightOffset:0,1785658776106,1065668,selfCaliBufCnt:0,selfAccObjCnt:0,selfAccAngle:0,installHAngleOffset:0,Interpolation:0,installVAngleOffset:0,radarOffsetH:0,radarOffsetV:0.32,Polynom:-0.001023;-0.0511;-2.047;0;0;0;-0.001023;-0.0511;-2.047;-25.5;0;0,WheelDirection:0;0;0;0,selfAngleOffset:0,selfAngleOffsetPit:0,currCaliAngleHrz:0,currCaliAnglePit:0,selfCaliAngleHrz:0,selfCaliAnglePit:0,servCaliAngleHrz:0,servCaliAnglePit:0,offlineCaliAngleHrz:0,offlineCaliAnglePit:0,determine2useFlag:0,IMU_Z_Accel:-21.592,IMU_X_AngularRate:-2.093,IMU_Y_AngularRate:-2.093,IMU_RollAngle:-180,IMU_PitchAngle:-180,IMU_YawAngle:-180,FcwID:0,FCWWarningLevel:0,FCWTTC:0
0,2.35,0,50.85,29,0,0,0,-10.05,1.37605e-33,0,0,0,4.5,0,0,0,0,-0.00229183,0,0,0,0,0,0,0,0,0,1,78,62,0,0.00034,0.00034,3,5,0,0,0,0,0,0,0,0,0,0,1,0,0,0,0,0,0,0,0,0,0,,0,0,0,0,
1,2.79,0,-33.8,45,0,0,0,1.2,0,0,0,0,7,0,0,0,0,-0.00229183,0,0,0,0,0,0,0,0,0,1,94,62,0,0.00034,0.00034,3,5,0,0,0,0,0,0,0,0,0,0,1,0,0,0,0,0,0,0,0,0,0,,0,0,0,0,
2,3.27,0,13.8,37.5,0,0,0,1.4,0,0,0,0,-8,0,0,0,0,-0.00229183,0,0,0,0,0,0,0,0,0,1,86,62,0,0.00034,0.00034,3,0,0,0,0,0,0,0,0,0,0,0,1,0,0,0,0,0,0,0,0,0,0,,0,0,0,0,
3,3.58,0,-50.05,32.5,0,0,0,-5.7,0,0,0,0,8,0,0,0,0,-0.00229183,0,0,0,0,0,0,0,0,0,1,81,62,0,0.00034,0.00034,3,7,0,0,0,0,0,0,0,0,0,0,1,0,0,0,0,0,0,0,0,0,0,,0,0,0,0,
4,4.07,0,1.9,38.5,0,0,0,2.95,0,0,0,0,-9,0,0,0,0,-0.00229183,0,0,0,0,0,0,0,0,0,1,87,62,0,0.00034,0.00034,3,5,0,0,0,0,0,0,0,0,0,0,1,0,0,0,0,0,0,0,0,0,0,,0,0,0,0,
5,5.08,0,-35.7,32,0,0,0,-1.25,0,0,0,0,-7.5,0,0,0,0,-0.00229183,0,0,0,0,0,0,0,0,0,1,78,62,0,0.00034,0.00034,3,5,0,0,0,0,0,0,0,0,0,0,1,0,0,0,0,0,0,0,0,0,0,,0,0,0,0,
6,5.61,0,-24.2,35.5,0,0,0,-6.2,0,0,0,0,-9.5,0,0,0,0,-0.00229183,0,0,0,0,0,0,0,0,0,1,80,62,0,0.00034,0.00034,3,5,0,0,0,0,0,0,0,0,0,0,1,0,0,0,0,0,0,0,0,0,0,,0,0,0,0,
7,5.61,0,-34.6,35.5,0,0,0,-4.1,0,0,0,0,-4.5,0,0,0,0,-0.00229183,0,0,0,0,0,0,0,0,0,1,80,62,0,0.00034,0.00034,3,5,0,0,0,0,0,0,0,0,0,0,1,0,0,0,0,0,0,0,0,0,0,,0,0,0,0,
8,6.41,0,71.6,25.5,0,0,0,-5.45,0,0,0,0,18.5,0,0,0,0,-0.00229183,0,0,0,0,0,0,0,0,0,1,71,62,0,0.00034,0.00034,3,5,0,0,0,0,0,0,0,0,0,0,1,0,0,0,0,0,0,0,0,0,0,,0,0,0,0,
9,6.64,0,-19.85,26.5,0,0,0,-2,0,0,0,0,-19,0,0,0,0,-0.00229183,0,0,0,0,0,0,0,0,0,1,72,62,0,0.00034,0.00034,3,5,0,0,0,0,0,0,0,0,0,0,1,0,0,0,0,0,0,0,0,0,0,,0,0,0,0,
10,7.59,0,32.4,43,0,0,0,6.7,0,0,0,0,7.5,0,0,0,0,-0.00229183,0,0,0,0,0,0,0,0,0,1,89,62,0,0.00034,0.00034,3,5,0,0,0,0,0,0,0,0,0,0,1,0,0,0,0,0,0,0,0,0,0,,0,0,0,0,
11,8.51,0,45.3,31.5,0,0,0,5.75,0,0,0,0,7,0,0,0,0,-0.00229183,0,0,0,0,0,0,0,0,0,1,78,62,0,0.00034,0.00034,3,5,0,0,0,0,0,0,0,0,0,0,1,0,0,0,0,0,0,0,0,0,0,,0,0,0,0,
12,8.95,0,-32.85,26.5,0,0,0,-1.45,0,0,0,0,-9.5,0,0,0,0,-0.00229183,0,0,0,0,0,0,0,0,0,1,73,62,0,0.00034,0.00034,3,5,0,0,0,0,0,0,0,0,0,0,1,0,0,0,0,0,0,0,0,0,0,,0,0,0,0,
13,9.41,0,-29.2,24.5,0,0,0,-3.55,0,0,0,0,-13.5,0,0,0,0,-0.00229183,0,0,0,0,0,0,0,0,0,1,71,62,0,0.00034,0.00034,3,5,0,0,0,0,0,0,0,0,0,0,1,0,0,0,0,0,0,0,0,0,0,,0,0,0,0,
14,12.16,0,-12.9,27,0,0,0,12.25,0,0,0,0,-16,0,0,0,0,-0.00229183,0,0,0,0,0,0,0,0,0,1,74,62,0,0.00034,0.00034,3,5,0,0,0,0,0,0,0,0,0,0,1,0,0,0,0,0,0,0,0,0,0,,0,0,0,0,
15,12.98,0,-23.4,21,0,0,0,-1.55,0,0,0,0,-18,0,0,0,0,-0.00229183,0,0,0,0,0,0,0,0,0,1,68,62,0,0.00034,0.00034,3,5,0,0,0,0,0,0,0,0,0,0,1,0,0,0,0,0,0,0,0,0,0,,0,0,0,0,
END,Total:16
START,FrameNb:10,CameraNb:0,HeSaiNb:0,ARS410Nb:0
2026/08/02 16:19:36:145---->
heightOffset:0,1785658776145,1065732,selfCaliBufCnt:0,selfAccObjCnt:0,selfAccAngle:0,installHAngleOffset:0,Interpolation:0,installVAngleOffset:0,radarOffsetH:0,radarOffsetV:0.32,Polynom:-0.001023;-0.0511;-2.047;0;0;0;-0.001023;-0.0511;-2.047;-25.5;0;0,WheelDirection:0;0;0;0,selfAngleOffset:0,selfAngleOffsetPit:0,currCaliAngleHrz:0,currCaliAnglePit:0,selfCaliAngleHrz:0,selfCaliAnglePit:0,servCaliAngleHrz:0,servCaliAnglePit:0,offlineCaliAngleHrz:0,offlineCaliAnglePit:0,determine2useFlag:0,IMU_Z_Accel:-21.592,IMU_X_AngularRate:-2.093,IMU_Y_AngularRate:-2.093,IMU_RollAngle:-180,IMU_PitchAngle:-180,IMU_YawAngle:-180,FcwID:0,FCWWarningLevel:0,FCWTTC:0
0,2.35,0,51.15,29,0,0,0,-10.1,1.37605e-33,0,0,0,5.5,0,0,0,0,-0.00229183,0,0,0,0,0,0,0,0,0,1,78,60,0,0.00034,0.00034,3,5,0,0,0,0,0,0,0,0,0,0,1,0,1,0,0,0,0,0,0,0,0,,0,0,0,0,
1,2.79,0,-33.8,45,0,0,0,1.2,0,0,0,0,7,0,0,0,0,-0.00229183,0,0,0,0,0,0,0,0,0,1,94,60,0,0.00034,0.00034,3,5,0,0,0,0,0,0,0,0,0,0,1,0,1,0,0,0,0,0,0,0,0,,0,0,0,0,
2,3.26,0,13.8,37.5,0,0,0,1.4,0,0,0,0,-8,0,0,0,0,-0.00229183,0,0,0,0,0,0,0,0,0,1,86,60,0,0.00034,0.00034,3,0,0,0,0,0,0,0,0,0,0,0,1,0,1,0,0,0,0,0,0,0,0,,0,0,0,0,
3,3.58,0,-50.1,32.5,0,0,0,-5.95,0,0,0,0,8,0,0,0,0,-0.00229183,0,0,0,0,0,0,0,0,0,1,81,60,0,0.00034,0.00034,3,5,0,0,0,0,0,0,0,0,0,0,1,0,1,0,0,0,0,0,0,0,0,,0,0,0,0,
4,4.07,0,1.9,38.5,0,0,0,2.95,0,0,0,0,-9,0,0,0,0,-0.00229183,0,0,0,0,0,0,0,0,0,1,87,60,0,0.00034,0.00034,3,5,0,0,0,0,0,0,0,0,0,0,1,0,1,0,0,0,0,0,0,0,0,,0,0,0,0,
5,5.09,0,-35.95,32,0,0,0,-1.05,0,0,0,0,-7.5,0,0,0,0,-0.00229183,0,0,0,0,0,0,0,0,0,1,78,60,0,0.00034,0.00034,3,0,0,0,0,0,0,0,0,0,0,0,1,0,1,0,0,0,0,0,0,0,0,,0,0,0,0,
6,5.61,0,-34.55,35,0,0,0,-3.85,0,0,0,0,-4.5,0,0,0,0,-0.00229183,0,0,0,0,0,0,0,0,0,1,80,60,0,0.00034,0.00034,3,5,0,0,0,0,0,0,0,0,0,0,1,0,1,0,0,0,0,0,0,0,0,,0,0,0,0,
7,5.61,0,-24.3,35,0,0,0,-5.75,0,0,0,0,-9.5,0,0,0,0,-0.00229183,0,0,0,0,0,0,0,0,0,1,80,60,0,0.00034,0.00034,3,5,0,0,0,0,0,0,0,0,0,0,1,0,1,0,0,0,0,0,0,0,0,,0,0,0,0,
8,6.41,0,34.2,26,0,0,0,-10.55,0,0,0,0,-10.5,0,0,0,0,-0.00229183,0,0,0,0,0,0,0,0,0,1,71,60,0,0.00034,0.00034,3,5,0,0,0,0,0,0,0,0,0,0,1,0,1,0,0,0,0,0,0,0,0,,0,0,0,0,
9,6.84,0,-19.8,26.5,0,0,0,-1.7,0,0,0,0,-19,0,0,0,0,-0.00229183,0,0,0,0,0,0,0,0,0,1,72,60,0,0.00034,0.00034,3,5,0,0,0,0,0,0,0,0,0,0,1,0,1,0,0,0,0,0,0,0,0,,0,0,0,0,
10,7.58,0,32.45,43,0,0,0,6.75,0,0,0,0,7.5,0,0,0,0,-0.00229183,0,0,0,0,0,0,0,0,0,1,89,60,0,0.00034,0.00034,3,5,0,0,0,0,0,0,0,0,0,0,1,0,1,0,0,0,0,0,0,0,0,,0,0,0,0,
11,8.08,0,-24.8,29,0,0,0,-2.05,0,0,0,0,-12,0,0,0,0,-0.00229183,0,0,0,0,0,0,0,0,0,1,75,60,0,0.00034,0.00034,3,5,0,0,0,0,0,0,0,0,0,0,1,0,1,0,0,0,0,0,0,0,0,,0,0,0,0,
12,8.51,0,45.2,31.5,0,0,0,5.75,0,0,0,0,7,0,0,0,0,-0.00229183,0,0,0,0,0,0,0,0,0,1,78,60,0,0.00034,0.00034,3,5,0,0,0,0,0,0,0,0,0,0,1,0,1,0,0,0,0,0,0,0,0,,0,0,0,0,
13,8.93,0,-32.85,26.5,0,0,0,-1.55,0,0,0,0,-10,0,0,0,0,-0.00229183,0,0,0,0,0,0,0,0,0,1,73,60,0,0.00034,0.00034,3,5,0,0,0,0,0,0,0,0,0,0,1,0,1,0,0,0,0,0,0,0,0,,0,0,0,0,
14,9.41,0,-29.2,24.5,0,0,0,-3.45,0,0,0,0,-13.5,0,0,0,0,-0.00229183,0,0,0,0,0,0,0,0,0,1,71,60,0,0.00034,0.00034,3,5,0,0,0,0,0,0,0,0,0,0,1,0,1,0,0,0,0,0,0,0,0,,0,0,0,0,
15,12.16,0,-12.85,27,0,0,0,12.05,0,0,0,0,-16,0,0,0,0,-0.00229183,0,0,0,0,0,0,0,0,0,1,74,60,0,0.00034,0.00034,3,5,0,0,0,0,0,0,0,0,0,0,1,0,1,0,0,0,0,0,0,0,0,,0,0,0,0,
16,12.99,0,-23.3,21,0,0,0,-1.35,0,0,0,0,-18,0,0,0,0,-0.00229183,0,0,0,0,0,0,0,0,0,1,67,60,0,0.00034,0.00034,3,5,0,0,0,0,0,0,0,0,0,0,1,0,1,0,0,0,0,0,0,0,0,,0,0,0,0,
END,Total:17
START,FrameNb:11,CameraNb:0,HeSaiNb:0,ARS410Nb:0
2026/08/02 16:19:36:209---->
heightOffset:0,1785658776209,1065788,selfCaliBufCnt:0,selfAccObjCnt:0,selfAccAngle:0,installHAngleOffset:0,Interpolation:0,installVAngleOffset:0,radarOffsetH:0,radarOffsetV:0.32,Polynom:-0.001023;-0.0511;-2.047;0;0;0;-0.001023;-0.0511;-2.047;-25.5;0;0,WheelDirection:0;0;0;0,selfAngleOffset:0,selfAngleOffsetPit:0,currCaliAngleHrz:0,currCaliAnglePit:0,selfCaliAngleHrz:0,selfCaliAnglePit:0,servCaliAngleHrz:0,servCaliAnglePit:0,offlineCaliAngleHrz:0,offlineCaliAnglePit:0,determine2useFlag:0,IMU_Z_Accel:-21.592,IMU_X_AngularRate:-2.093,IMU_Y_AngularRate:-2.093,IMU_RollAngle:-180,IMU_PitchAngle:-180,IMU_YawAngle:-180,FcwID:0,FCWWarningLevel:0,FCWTTC:0
0,2.35,0,31.2,29,0,0,0,10.2,1.37605e-33,0,0,0,-8.5,0,0,0,0,-0.00229183,0,0,0,0,0,0,0,0,0,1,78,60,0,0.00034,0.00034,3,5,0,0,0,0,0,0,0,0,0,0,1,0,0,0,0,0,0,0,0,0,0,,0,0,0,0,
1,2.79,0,-33.8,45,0,0,0,1.2,0,0,0,0,7,0,0,0,0,-0.00229183,0,0,0,0,0,0,0,0,0,1,94,60,0,0.00034,0.00034,3,5,0,0,0,0,0,0,0,0,0,0,1,0,0,0,0,0,0,0,0,0,0,,0,0,0,0,
2,3.27,0,13.8,37.5,0,0,0,1.4,0,0,0,0,-8,0,0,0,0,-0.00229183,0,0,0,0,0,0,0,0,0,1,86,60,0,0.00034,0.00034,3,0,0,0,0,0,0,0,0,0,0,0,1,0,0,0,0,0,0,0,0,0,0,,0,0,0,0,
3,3.58,0,-50.3,32.5,0,0,0,-5.75,0,0,0,0,8,0,0,0,0,-0.00229183,0,0,0,0,0,0,0,0,0,1,81,60,0,0.00034,0.00034,3,7,0,0,0,0,0,0,0,0,0,0,1,0,0,0,0,0,0,0,0,0,0,,0,0,0,0,
4,4.07,0,1.9,38.5,0,0,0,2.95,0,0,0,0,-9,0,0,0,0,-0.00229183,0,0,0,0,0,0,0,0,0,1,87,60,0,0.00034,0.00034,3,5,0,0,0,0,0,0,0,0,0,0,1,0,0,0,0,0,0,0,0,0,0,,0,0,0,0,
5,5.08,0,-35.85,32,0,0,0,-1.1,0,0,0,0,-7.5,0,0,0,0,-0.00229183,0,0,0,0,0,0,0,0,0,1,78,60,0,0.00034,0.00034,3,5,0,0,0,0,0,0,0,0,0,0,1,0,0,0,0,0,0,0,0,0,0,,0,0,0,0,
6,5.6,0,-34.55,35,0,0,0,-3.85,0,0,0,0,-4.5,0,0,0,0,-0.00229183,0,0,0,0,0,0,0,0,0,1,80,60,0,0.00034,0.00034,3,5,0,0,0,0,0,0,0,0,0,0,1,0,0,0,0,0,0,0,0,0,0,,0,0,0,0,
7,5.6,0,-24.3,35,0,0,0,-5.95,0,0,0,0,-9.5,0,0,0,0,-0.00229183,0,0,0,0,0,0,0,0,0,1,80,60,0,0.00034,0.00034,3,5,0,0,0,0,0,0,0,0,0,0,1,0,0,0,0,0,0,0,0,0,0,,0,0,0,0,
8,6.4,0,71.6,25.5,0,0,0,-4.95,0,0,0,0,18.5,0,0,0,0,-0.00229183,0,0,0,0,0,0,0,0,0,1,71,60,0,0.00034,0.00034,2,-1,0,0,0,0,0,0,0,0,0,0,1,0,0,0,0,0,0,0,0,0,0,,0,0,0,0,
9,6.84,0,-19.7,26,0,0,0,-2.7,0,0,0,0,-19.5,0,0,0,0,-0.00229183,0,0,0,0,0,0,0,0,0,1,72,60,0,0.00034,0.00034,3,5,0,0,0,0,0,0,0,0,0,0,1,0,0,0,0,0,0,0,0,0,0,,0,0,0,0,
10,7.59,0,32.35,43,0,0,0,6.65,0,0,0,0,7.5,0,0,0,0,-0.00229183,0,0,0,0,0,0,0,0,0,1,89,60,0,0.00034,0.00034,3,5,0,0,0,0,0,0,0,0,0,0,1,0,0,0,0,0,0,0,0,0,0,,0,0,0,0,
11,8.51,0,45.35,31,0,0,0,5.8,0,0,0,0,6.5,0,0,0,0,-0.00229183,0,0,0,0,0,0,0,0,0,1,78,60,0,0.00034,0.00034,3,5,0,0,0,0,0,0,0,0,0,0,1,0,0,0,0,0,0,0,0,0,0,,0,0,0,0,
12,8.93,0,-32.9,26,0,0,0,-1.2,0,0,0,0,-10,0,0,0,0,-0.00229183,0,0,0,0,0,0,0,0,0,1,73,60,0,0.00034,0.00034,3,5,0,0,0,0,0,0,0,0,0,0,1,0,0,0,0,0,0,0,0,0,0,,0,0,0,0,
13,9.42,0,-29.2,24,0,0,0,-3.45,0,0,0,0,-13.5,0,0,0,0,-0.00229183,0,0,0,0,0,0,0,0,0,1,71,60,0,0.00034,0.00034,3,5,0,0,0,0,0,0,0,0,0,0,1,0,0,0,0,0,0,0,0,0,0,,0,0,0,0,
14,12.16,0,-12.85,27,0,0,0,12.25,0,0,0,0,-16,0,0,0,0,-0.00229183,0,0,0,0,0,0,0,0,0,1,74,60,0,0.00034,0.00034,3,5,0,0,0,0,0,0,0,0,0,0,1,0,0,0,0,0,0,0,0,0,0,,0,0,0,0,
15,12.98,0,-23.45,21,0,0,0,-1.55,0,0,0,0,-17.5,0,0,0,0,-0.00229183,0,0,0,0,0,0,0,0,0,1,68,60,0,0.00034,0.00034,3,5,0,0,0,0,0,0,0,0,0,0,1,0,0,0,0,0,0,0,0,0,0,,0,0,0,0,
END,Total:16
START,FrameNb:12,CameraNb:0,HeSaiNb:0,ARS410Nb:0
2026/08/02 16:19:36:296---->
heightOffset:0,1785658776296,1065844,selfCaliBufCnt:0,selfAccObjCnt:0,selfAccAngle:0,installHAngleOffset:0,Interpolation:0,installVAngleOffset:0,radarOffsetH:0,radarOffsetV:0.32,Polynom:-0.001023;-0.0511;-2.047;0;0;0;-0.001023;-0.0511;-2.047;-25.5;0;0,WheelDirection:0;0;0;0,selfAngleOffset:0,selfAngleOffsetPit:0,currCaliAngleHrz:0,currCaliAnglePit:0,selfCaliAngleHrz:0,selfCaliAnglePit:0,servCaliAngleHrz:0,servCaliAnglePit:0,offlineCaliAngleHrz:0,offlineCaliAnglePit:0,determine2useFlag:0,IMU_Z_Accel:-21.592,IMU_X_AngularRate:-2.093,IMU_Y_AngularRate:-2.093,IMU_RollAngle:-180,IMU_PitchAngle:-180,IMU_YawAngle:-180,FcwID:0,FCWWarningLevel:0,FCWTTC:0
0,2.35,0,51.2,29,0,0,0,-10.2,1.37605e-33,0,0,0,5.5,0,0,0,0,-0.00229183,0,0,0,0,0,0,0,0,0,1,78,55,0,0.00034,0.00034,2,-1,0,0,0,0,0,0,0,0,0,0,1,0,1,0,0,0,0,0,0,0,0,,0,0,0,0,
1,2.79,0,-33.8,45,0,0,0,1.2,0,0,0,0,7,0,0,0,0,-0.00229183,0,0,0,0,0,0,0,0,0,1,94,55,0,0.00034,0.00034,3,5,0,0,0,0,0,0,0,0,0,0,1,0,1,0,0,0,0,0,0,0,0,,0,0,0,0,
2,3.26,0,13.8,37.5,0,0,0,1.3,0,0,0,0,-8,0,0,0,0,-0.00229183,0,0,0,0,0,0,0,0,0,1,86,55,0,0.00034,0.00034,3,0,0,0,0,0,0,0,0,0,0,0,1,0,1,0,0,0,0,0,0,0,0,,0,0,0,0,
3,3.58,0,-50.1,32.5,0,0,0,-6.05,0,0,0,0,8,0,0,0,0,-0.00229183,0,0,0,0,0,0,0,0,0,1,81,55,0,0.00034,0.00034,3,5,0,0,0,0,0,0,0,0,0,0,1,0,1,0,0,0,0,0,0,0,0,,0,0,0,0,
4,4.07,0,1.9,38.5,0,0,0,2.95,0,0,0,0,-9,0,0,0,0,-0.00229183,0,0,0,0,0,0,0,0,0,1,87,55,0,0.00034,0.00034,3,5,0,0,0,0,0,0,0,0,0,0,1,0,1,0,0,0,0,0,0,0,0,,0,0,0,0,
5,5.11,0,-36,32.5,0,0,0,-1.25,0,0,0,0,-6.5,0,0,0,0,-0.00229183,0,0,0,0,0,0,0,0,0,1,78,55,0,0.00034,0.00034,3,0,0,0,0,0,0,0,0,0,0,0,1,0,1,0,0,0,0,0,0,0,0,,0,0,0,0,
6,5.61,0,-34.55,35,0,0,0,-3.8,0,0,0,0,-4.5,0,0,0,0,-0.00229183,0,0,0,0,0,0,0,0,0,1,80,55,0,0.00034,0.00034,3,5,0,0,0,0,0,0,0,0,0,0,1,0,1,0,0,0,0,0,0,0,0,,0,0,0,0,
7,5.61,0,-24.3,35,0,0,0,-5.75,0,0,0,0,-9.5,0,0,0,0,-0.00229183,0,0,0,0,0,0,0,0,0,1,80,55,0,0.00034,0.00034,3,5,0,0,0,0,0,0,0,0,0,0,1,0,1,0,0,0,0,0,0,0,0,,0,0,0,0,
8,6.35,0,71.6,25,0,0,0,-3.45,0,0,0,0,18,0,0,0,0,-0.00229183,0,0,0,0,0,0,0,0,0,1,71,55,0,0.00034,0.00034,3,5,0,0,0,0,0,0,0,0,0,0,1,0,1,0,0,0,0,0,0,0,0,,0,0,0,0,
9,6.83,0,-19.8,26,0,0,0,-10.05,0,0,0,0,-19.5,0,0,0,0,-0.00229183,0,0,0,0,0,0,0,0,0,1,72,55,0,0.00034,0.00034,3,5,0,0,0,0,0,0,0,0,0,0,1,0,1,0,0,0,0,0,0,0,0,,0,0,0,0,
10,7.58,0,32.35,43,0,0,0,6.7,0,0,0,0,7.5,0,0,0,0,-0.00229183,0,0,0,0,0,0,0,0,0,1,89,55,0,0.00034,0.00034,3,5,0,0,0,0,0,0,0,0,0,0,1,0,1,0,0,0,0,0,0,0,0,,0,0,0,0,
11,8.07,0,-24.8,29,0,0,0,-2.05,0,0,0,0,-12,0,0,0,0,-0.00229183,0,0,0,0,0,0,0,0,0,1,75,55,0,0.00034,0.00034,3,5,0,0,0,0,0,0,0,0,0,0,1,0,1,0,0,0,0,0,0,0,0,,0,0,0,0,
12,8.51,0,45.3,31.5,0,0,0,5.65,0,0,0,0,6.5,0,0,0,0,-0.00229183,0,0,0,0,0,0,0,0,0,1,78,55,0,0.00034,0.00034,3,5,0,0,0,0,0,0,0,0,0,0,1,0,1,0,0,0,0,0,0,0,0,,0,0,0,0,
13,8.93,0,-32.95,26.5,0,0,0,-1.45,0,0,0,0,-9.5,0,0,0,0,-0.00229183,0,0,0,0,0,0,0,0,0,1,73,55,0,0.00034,0.00034,3,5,0,0,0,0,0,0,0,0,0,0,1,0,1,0,0,0,0,0,0,0,0,,0,0,0,0,
14,9.41,0,-29.3,24.5,0,0,0,-3.25,0,0,0,0,-13.5,0,0,0,0,-0.00229183,0,0,0,0,0,0,0,0,0,1,71,55,0,0.00034,0.00034,3,5,0,0,0,0,0,0,0,0,0,0,1,0,1,0,0,0,0,0,0,0,0,,0,0,0,0,
15,12.16,0,-12.85,26.5,0,0,0,12.2,0,0,0,0,-16,0,0,0,0,-0.00229183,0,0,0,0,0,0,0,0,0,1,74,55,0,0.00034,0.00034,3,5,0,0,0,0,0,0,0,0,0,0,1,0,1,0,0,0,0,0,0,0,0,,0,0,0,0,
16,12.98,0,-23.15,21,0,0,0,-1.8,0,0,0,0,-18,0,0,0,0,-0.00229183,0,0,0,0,0,0,0,0,0,1,67,55,0,0.00034,0.00034,3,5,0,0,0,0,0,0,0,0,0,0,1,0,1,0,0,0,0,0,0,0,0,,0,0,0,0,
END,Total:17
START,FrameNb:13,CameraNb:0,HeSaiNb:0,ARS410Nb:0
2026/08/02 16:19:36:351---->
heightOffset:0,1785658776351,1065900,selfCaliBufCnt:0,selfAccObjCnt:0,selfAccAngle:0,installHAngleOffset:0,Interpolation:0,installVAngleOffset:0,radarOffsetH:0,radarOffsetV:0.32,Polynom:-0.001023;-0.0511;-2.047;0;0;0;-0.001023;-0.0511;-2.047;-25.5;0;0,WheelDirection:0;0;0;0,selfAngleOffset:0,selfAngleOffsetPit:0,currCaliAngleHrz:0,currCaliAnglePit:0,selfCaliAngleHrz:0,selfCaliAnglePit:0,servCaliAngleHrz:0,servCaliAnglePit:0,offlineCaliAngleHrz:0,offlineCaliAnglePit:0,determine2useFlag:0,IMU_Z_Accel:-21.592,IMU_X_AngularRate:-2.093,IMU_Y_AngularRate:-2.093,IMU_RollAngle:-180,IMU_PitchAngle:-180,IMU_YawAngle:-180,FcwID:0,FCWWarningLevel:0,FCWTTC:0
0,2.35,0,31.45,29.5,0,0,0,10.3,1.37605e-33,0,0,0,-8.5,0,0,0,0,-0.00229183,0,0,0,0,0,0,0,0,0,1,78,59,0,0.00034,0.00034,3,5,0,0,0,0,0,0,0,0,0,0,1,0,0,0,0,0,0,0,0,0,0,,0,0,0,0,
1,2.79,0,-33.8,45.5,0,0,0,1.2,0,0,0,0,7,0,0,0,0,-0.00229183,0,0,0,0,0,0,0,0,0,1,94,59,0,0.00034,0.00034,3,5,0,0,0,0,0,0,0,0,0,0,1,0,0,0,0,0,0,0,0,0,0,,0,0,0,0,
2,3.27,0,13.8,37.5,0,0,0,1.4,0,0,0,0,-8,0,0,0,0,-0.00229183,0,0,0,0,0,0,0,0,0,1,86,59,0,0.00034,0.00034,3,0,0,0,0,0,0,0,0,0,0,0,1,0,0,0,0,0,0,0,0,0,0,,0,0,0,0,
3,3.58,0,-49.95,32.5,0,0,0,-5.7,0,0,0,0,7,0,0,0,0,-0.00229183,0,0,0,0,0,0,0,0,0,1,81,59,0,0.00034,0.00034,3,7,0,0,0,0,0,0,0,0,0,0,1,0,0,0,0,0,0,0,0,0,0,,0,0,0,0,
4,4.07,0,1.9,39,0,0,0,2.95,0,0,0,0,-9,0,0,0,0,-0.00229183,0,0,0,0,0,0,0,0,0,1,87,59,0,0.00034,0.00034,3,5,0,0,0,0,0,0,0,0,0,0,1,0,0,0,0,0,0,0,0,0,0,,0,0,0,0,
5,5.08,0,-35.7,32.5,0,0,0,-1.1,0,0,0,0,-7.5,0,0,0,0,-0.00229183,0,0,0,0,0,0,0,0,0,1,78,59,0,0.00034,0.00034,3,5,0,0,0,0,0,0,0,0,0,0,1,0,0,0,0,0,0,0,0,0,0,,0,0,0,0,
6,5.6,0,-34.55,35,0,0,0,-3.85,0,0,0,0,-4.5,0,0,0,0,-0.00229183,0,0,0,0,0,0,0,0,0,1,80,59,0,0.00034,0.00034,3,5,0,0,0,0,0,0,0,0,0,0,1,0,0,0,0,0,0,0,0,0,0,,0,0,0,0,
7,5.6,0,-24.3,35,0,0,0,-5.85,0,0,0,0,-9.5,0,0,0,0,-0.00229183,0,0,0,0,0,0,0,0,0,1,80,59,0,0.00034,0.00034,3,5,0,0,0,0,0,0,0,0,0,0,1,0,0,0,0,0,0,0,0,0,0,,0,0,0,0,
8,6.39,0,71.65,25.5,0,0,0,-5.05,0,0,0,0,18.5,0,0,0,0,-0.00229183,0,0,0,0,0,0,0,0,0,1,71,59,0,0.00034,0.00034,3,5,0,0,0,0,0,0,0,0,0,0,1,0,0,0,0,0,0,0,0,0,0,,0,0,0,0,
9,6.83,0,-19.8,26.5,0,0,0,-2.2,0,0,0,0,-19,0,0,0,0,-0.00229183,0,0,0,0,0,0,0,0,0,1,72,59,0,0.00034,0.00034,3,5,0,0,0,0,0,0,0,0,0,0,1,0,0,0,0,0,0,0,0,0,0,,0,0,0,0,
10,7.58,0,32.35,43,0,0,0,6.7,0,0,0,0,7.5,0,0,0,0,-0.00229183,0,0,0,0,0,0,0,0,0,1,89,59,0,0.00034,0.00034,3,5,0,0,0,0,0,0,0,0,0,0,1,0,0,0,0,0,0,0,0,0,0,,0,0,0,0,
11,8.51,0,45.3,31,0,0,0,5.75,0,0,0,0,6.5,0,0,0,0,-0.00229183,0,0,0,0,0,0,0,0,0,1,78,59,0,0.00034,0.00034,3,5,0,0,0,0,0,0,0,0,0,0,1,0,0,0,0,0,0,0,0,0,0,,0,0,0,0,
12,8.93,0,-32.85,26.5,0,0,0,-1.3,0,0,0,0,-9.5,0,0,0,0,-0.00229183,0,0,0,0,0,0,0,0,0,1,73,59,0,0.00034,0.00034,3,5,0,0,0,0,0,0,0,0,0,0,1,0,0,0,0,0,0,0,0,0,0,,0,0,0,0,
13,9.42,0,-29.2,24,0,0,0,-3.35,0,0,0,0,-13.5,0,0,0,0,-0.00229183,0,0,0,0,0,0,0,0,0,1,71,59,0,0.00034,0.00034,3,5,0,0,0,0,0,0,0,0,0,0,1,0,0,0,0,0,0,0,0,0,0,,0,0,0,0,
14,12.16,0,-12.85,26.5,0,0,0,12.3,0,0,0,0,-16,0,0,0,0,-0.00229183,0,0,0,0,0,0,0,0,0,1,74,59,0,0.00034,0.00034,3,5,0,0,0,0,0,0,0,0,0,0,1,0,0,0,0,0,0,0,0,0,0,,0,0,0,0,
15,12.98,0,-23.3,21,0,0,0,-1.6,0,0,0,0,-18,0,0,0,0,-0.00229183,0,0,0,0,0,0,0,0,0,1,67,59,0,0.00034,0.00034,3,5,0,0,0,0,0,0,0,0,0,0,1,0,0,0,0,0,0,0,0,0,0,,0,0,0,0,
END,Total:16
START,FrameNb:14,CameraNb:0,HeSaiNb:0,ARS410Nb:0
2026/08/02 16:19:36:393---->
heightOffset:0,1785658776393,1065960,selfCaliBufCnt:0,selfAccObjCnt:0,selfAccAngle:0,installHAngleOffset:0,Interpolation:0,installVAngleOffset:0,radarOffsetH:0,radarOffsetV:0.32,Polynom:-0.001023;-0.0511;-2.047;0;0;0;-0.001023;-0.0511;-2.047;-25.5;0;0,WheelDirection:0;0;0;0,selfAngleOffset:0,selfAngleOffsetPit:0,currCaliAngleHrz:0,currCaliAnglePit:0,selfCaliAngleHrz:0,selfCaliAnglePit:0,servCaliAngleHrz:0,servCaliAnglePit:0,offlineCaliAngleHrz:0,offlineCaliAnglePit:0,determine2useFlag:0,IMU_Z_Accel:-21.592,IMU_X_AngularRate:-2.093,IMU_Y_AngularRate:-2.093,IMU_RollAngle:-180,IMU_PitchAngle:-180,IMU_YawAngle:-180,FcwID:0,FCWWarningLevel:0,FCWTTC:0
0,2.35,0,51.1,29,0,0,0,-10.1,1.37605e-33,0,0,0,5.5,0,0,0,0,-0.00229183,0,0,0,0,0,0,0,0,0,1,78,54,0,0.00034,0.00034,2,-1,0,0,0,0,0,0,0,0,0,0,1,0,1,0,0,0,0,0,0,0,0,,0,0,0,0,
1,2.79,0,-33.8,45,0,0,0,1.2,0,0,0,0,7,0,0,0,0,-0.00229183,0,0,0,0,0,0,0,0,0,1,94,54,0,0.00034,0.00034,3,5,0,0,0,0,0,0,0,0,0,0,1,0,1,0,0,0,0,0,0,0,0,,0,0,0,0,
2,3.26,0,13.8,37.5,0,0,0,1.3,0,0,0,0,-8,0,0,0,0,-0.00229183,0,0,0,0,0,0,0,0,0,1,86,54,0,0.00034,0.00034,3,0,0,0,0,0,0,0,0,0,0,0,1,0,1,0,0,0,0,0,0,0,0,,0,0,0,0,
3,3.58,0,-50.1,32.5,0,0,0,-5.95,0,0,0,0,8,0,0,0,0,-0.00229183,0,0,0,0,0,0,0,0,0,1,81,54,0,0.00034,0.00034,3,5,0,0,0,0,0,0,0,0,0,0,1,0,1,0,0,0,0,0,0,0,0,,0,0,0,0,
4,4.07,0,1.9,38.5,0,0,0,2.95,0,0,0,0,-9,0,0,0,0,-0.00229183,0,0,0,0,0,0,0,0,0,1,87,54,0,0.00034,0.00034,3,5,0,0,0,0,0,0,0,0,0,0,1,0,1,0,0,0,0,0,0,0,0,,0,0,0,0,
5,5.09,0,-35.95,32.5,0,0,0,-1.2,0,0,0,0,-7.5,0,0,0,0,-0.00229183,0,0,0,0,0,0,0,0,0,1,78,54,0,0.00034,0.00034,3,0,0,0,0,0,0,0,0,0,0,0,1,0,1,0,0,0,0,0,0,0,0,,0,0,0,0,
6,5.61,0,-24.2,35,0,0,0,-6.05,0,0,0,0,-9.5,0,0,0,0,-0.00229183,0,0,0,0,0,0,0,0,0,1,80,54,0,0.00034,0.00034,3,5,0,0,0,0,0,0,0,0,0,0,1,0,1,0,0,0,0,0,0,0,0,,0,0,0,0,
7,5.61,0,-34.55,35,0,0,0,-4.05,0,0,0,0,-4.5,0,0,0,0,-0.00229183,0,0,0,0,0,0,0,0,0,1,80,54,0,0.00034,0.00034,3,5,0,0,0,0,0,0,0,0,0,0,1,0,1,0,0,0,0,0,0,0,0,,0,0,0,0,
8,6.41,0,33.95,26,0,0,0,-10.35,0,0,0,0,-10,0,0,0,0,-0.00229183,0,0,0,0,0,0,0,0,0,1,71,54,0,0.00034,0.00034,3,5,0,0,0,0,0,0,0,0,0,0,1,0,1,0,0,0,0,0,0,0,0,,0,0,0,0,
9,6.82,0,-19.95,26.5,0,0,0,-2,0,0,0,0,-19,0,0,0,0,-0.00229183,0,0,0,0,0,0,0,0,0,1,72,54,0,0.00034,0.00034,3,5,0,0,0,0,0,0,0,0,0,0,1,0,1,0,0,0,0,0,0,0,0,,0,0,0,0,
10,7.58,0,32.3,43,0,0,0,6.75,0,0,0,0,7.5,0,0,0,0,-0.00229183,0,0,0,0,0,0,0,0,0,1,89,54,0,0.00034,0.00034,3,5,0,0,0,0,0,0,0,0,0,0,1,0,1,0,0,0,0,0,0,0,0,,0,0,0,0,
11,8.09,0,-24.95,29,0,0,0,-2,0,0,0,0,-12,0,0,0,0,-0.00229183,0,0,0,0,0,0,0,0,0,1,75,54,0,0.00034,0.00034,3,5,0,0,0,0,0,0,0,0,0,0,1,0,1,0,0,0,0,0,0,0,0,,0,0,0,0,
12,8.52,0,45.3,31.5,0,0,0,5.55,0,0,0,0,7,0,0,0,0,-0.00229183,0,0,0,0,0,0,0,0,0,1,78,54,0,0.00034,0.00034,3,5,0,0,0,0,0,0,0,0,0,0,1,0,1,0,0,0,0,0,0,0,0,,0,0,0,0,
13,8.93,0,-32.8,26.5,0,0,0,-1.35,0,0,0,0,-10,0,0,0,0,-0.00229183,0,0,0,0,0,0,0,0,0,1,73,54,0,0.00034,0.00034,3,5,0,0,0,0,0,0,0,0,0,0,1,0,1,0,0,0,0,0,0,0,0,,0,0,0,0,
14,9.41,0,-29.2,24,0,0,0,-3.3,0,0,0,0,-13.5,0,0,0,0,-0.00229183,0,0,0,0,0,0,0,0,0,1,71,54,0,0.00034,0.00034,3,5,0,0,0,0,0,0,0,0,0,0,1,0,1,0,0,0,0,0,0,0,0,,0,0,0,0,
15,12.16,0,-12.85,26.5,0,0,0,11.95,0,0,0,0,-16,0,0,0,0,-0.00229183,0,0,0,0,0,0,0,0,0,1,74,54,0,0.00034,0.00034,3,5,0,0,0,0,0,0,0,0,0,0,1,0,1,0,0,0,0,0,0,0,0,,0,0,0,0,
16,12.99,0,-23.2,21,0,0,0,-1.8,0,0,0,0,-17.5,0,0,0,0,-0.00229183,0,0,0,0,0,0,0,0,0,1,68,54,0,0.00034,0.00034,3,5,0,0,0,0,0,0,0,0,0,0,1,0,1,0,0,0,0,0,0,0,0,,0,0,0,0,
END,Total:17
START,FrameNb:15,CameraNb:0,HeSaiNb:0,ARS410Nb:0
2026/08/02 16:19:36:454---->
heightOffset:0,1785658776454,1066020,selfCaliBufCnt:0,selfAccObjCnt:0,selfAccAngle:0,installHAngleOffset:0,Interpolation:0,installVAngleOffset:0,radarOffsetH:0,radarOffsetV:0.32,Polynom:-0.001023;-0.0511;-2.047;0;0;0;-0.001023;-0.0511;-2.047;-25.5;0;0,WheelDirection:0;0;0;0,selfAngleOffset:0,selfAngleOffsetPit:0,currCaliAngleHrz:0,currCaliAnglePit:0,selfCaliAngleHrz:0,selfCaliAnglePit:0,servCaliAngleHrz:0,servCaliAnglePit:0,offlineCaliAngleHrz:0,offlineCaliAnglePit:0,determine2useFlag:0,IMU_Z_Accel:-21.592,IMU_X_AngularRate:-2.093,IMU_Y_AngularRate:-2.093,IMU_RollAngle:-180,IMU_PitchAngle:-180,IMU_YawAngle:-180,FcwID:0,FCWWarningLevel:0,FCWTTC:0
0,2.35,0,31.2,29.5,0,0,0,10.15,1.37605e-33,0,0,0,-8.5,0,0,0,0,-0.00229183,0,0,0,0,0,0,0,0,0,1,78,62,0,0.00034,0.00034,3,5,0,0,0,0,0,0,0,0,0,0,1,0,0,0,0,0,0,0,0,0,0,,0,0,0,0,
1,2.79,0,-33.8,45,0,0,0,1.2,0,0,0,0,7,0,0,0,0,-0.00229183,0,0,0,0,0,0,0,0,0,1,94,62,0,0.00034,0.00034,3,5,0,0,0,0,0,0,0,0,0,0,1,0,0,0,0,0,0,0,0,0,0,,0,0,0,0,
2,3.27,0,13.8,37.5,0,0,0,1.4,0,0,0,0,-8,0,0,0,0,-0.00229183,0,0,0,0,0,0,0,0,0,1,86,62,0,0.00034,0.00034,3,0,0,0,0,0,0,0,0,0,0,0,1,0,0,0,0,0,0,0,0,0,0,,0,0,0,0,
3,4.07,0,1.9,38.5,0,0,0,2.95,0,0,0,0,-9,0,0,0,0,-0.00229183,0,0,0,0,0,0,0,0,0,1,87,62,0,0.00034,0.00034,3,5,0,0,0,0,0,0,0,0,0,0,1,0,0,0,0,0,0,0,0,0,0,,0,0,0,0,
4,5.08,0,-35.8,32.5,0,0,0,-1.05,0,0,0,0,-7.5,0,0,0,0,-0.00229183,0,0,0,0,0,0,0,0,0,1,78,62,0,0.00034,0.00034,3,5,0,0,0,0,0,0,0,0,0,0,1,0,0,0,0,0,0,0,0,0,0,,0,0,0,0,
5,5.61,0,-24.2,35.5,0,0,0,-6.2,0,0,0,0,-9.5,0,0,0,0,-0.00229183,0,0,0,0,0,0,0,0,0,1,80,62,0,0.00034,0.00034,3,5,0,0,0,0,0,0,0,0,0,0,1,0,0,0,0,0,0,0,0,0,0,,0,0,0,0,
6,5.61,0,-34.7,35.5,0,0,0,-4.05,0,0,0,0,-4.5,0,0,0,0,-0.00229183,0,0,0,0,0,0,0,0,0,1,80,62,0,0.00034,0.00034,3,5,0,0,0,0,0,0,0,0,0,0,1,0,0,0,0,0,0,0,0,0,0,,0,0,0,0,
7,6.38,0,71.65,26,0,0,0,-15,0,0,0,0,19,0,0,0,0,-0.00229183,0,0,0,0,0,0,0,0,0,1,71,62,0,0.00034,0.00034,2,-1,0,0,0,0,0,0,0,0,0,0,1,0,0,0,0,0,0,0,0,0,0,,0,0,0,0,
8,6.82,0,-19.8,26.5,0,0,0,-2,0,0,0,0,-19,0,0,0,0,-0.00229183,0,0,0,0,0,0,0,0,0,1,72,62,0,0.00034,0.00034,3,5,0,0,0,0,0,0,0,0,0,0,1,0,0,0,0,0,0,0,0,0,0,,0,0,0,0,
9,7.57,0,32.2,43,0,0,0,6.9,0,0,0,0,7.5,0,0,0,0,-0.00229183,0,0,0,0,0,0,0,0,0,1,89,62,0,0.00034,0.00034,3,5,0,0,0,0,0,0,0,0,0,0,1,0,0,0,0,0,0,0,0,0,0,,0,0,0,0,
10,8.07,0,-25,29,0,0,0,10.3,0,0,0,0,-11.5,0,0,0,0,-0.00229183,0,0,0,0,0,0,0,0,0,1,76,62,0,0.00034,0.00034,3,0,0,0,0,0,0,0,0,0,0,0,1,0,0,0,0,0,0,0,0,0,0,,0,0,0,0,
11,8.51,0,45.35,31.5,0,0,0,5.55,0,0,0,0,7,0,0,0,0,-0.00229183,0,0,0,0,0,0,0,0,0,1,78,62,0,0.00034,0.00034,3,5,0,0,0,0,0,0,0,0,0,0,1,0,0,0,0,0,0,0,0,0,0,,0,0,0,0,
12,8.92,0,-32.85,26.5,0,0,0,-1.25,0,0,0,0,-9.5,0,0,0,0,-0.00229183,0,0,0,0,0,0,0,0,0,1,73,62,0,0.00034,0.00034,3,5,0,0,0,0,0,0,0,0,0,0,1,0,0,0,0,0,0,0,0,0,0,,0,0,0,0,
13,9.41,0,-29.2,24.5,0,0,0,-3.35,0,0,0,0,-13,0,0,0,0,-0.00229183,0,0,0,0,0,0,0,0,0,1,71,62,0,0.00034,0.00034,3,5,0,0,0,0,0,0,0,0,0,0,1,0,0,0,0,0,0,0,0,0,0,,0,0,0,0,
14,12.16,0,-12.9,27,0,0,0,12.15,0,0,0,0,-16,0,0,0,0,-0.00229183,0,0,0,0,0,0,0,0,0,1,74,62,0,0.00034,0.00034,3,5,0,0,0,0,0,0,0,0,0,0,1,0,0,0,0,0,0,0,0,0,0,,0,0,0,0,
15,12.99,0,-23.2,21,0,0,0,-1.95,0,0,0,0,-18,0,0,0,0,-0.00229183,0,0,0,0,0,0,0,0,0,1,68,62,0,0.00034,0.00034,3,5,0,0,0,0,0,0,0,0,0,0,1,0,0,0,0,0,0,0,0,0,0,,0,0,0,0,
END,Total:16
START,FrameNb:16,CameraNb:0,HeSaiNb:0,ARS410Nb:0
2026/08/02 16:19:36:514---->
heightOffset:0,1785658776514,1066080,selfCaliBufCnt:0,selfAccObjCnt:0,selfAccAngle:0,installHAngleOffset:0,Interpolation:0,installVAngleOffset:0,radarOffsetH:0,radarOffsetV:0.32,Polynom:-0.001023;-0.0511;-2.047;0;0;0;-0.001023;-0.0511;-2.047;-25.5;0;0,WheelDirection:0;0;0;0,selfAngleOffset:0,selfAngleOffsetPit:0,currCaliAngleHrz:0,currCaliAnglePit:0,selfCaliAngleHrz:0,selfCaliAnglePit:0,servCaliAngleHrz:0,servCaliAnglePit:0,offlineCaliAngleHrz:0,offlineCaliAnglePit:0,determine2useFlag:0,IMU_Z_Accel:-21.592,IMU_X_AngularRate:-2.093,IMU_Y_AngularRate:-2.093,IMU_RollAngle:-180,IMU_PitchAngle:-180,IMU_YawAngle:-180,FcwID:0,FCWWarningLevel:0,FCWTTC:0
0,2.35,0,51.3,29,0,0,0,-10.1,1.37605e-33,0,0,0,5.5,0,0,0,0,-0.00229183,0,0,0,0,0,0,0,0,0,1,78,60,0,0.00034,0.00034,2,-1,0,0,0,0,0,0,0,0,0,0,1,0,1,0,0,0,0,0,0,0,0,,0,0,0,0,
1,2.79,0,-33.8,45,0,0,0,1.2,0,0,0,0,7,0,0,0,0,-0.00229183,0,0,0,0,0,0,0,0,0,1,94,60,0,0.00034,0.00034,3,5,0,0,0,0,0,0,0,0,0,0,1,0,1,0,0,0,0,0,0,0,0,,0,0,0,0,
2,3.26,0,13.8,37.5,0,0,0,1.3,0,0,0,0,-8,0,0,0,0,-0.00229183,0,0,0,0,0,0,0,0,0,1,86,60,0,0.00034,0.00034,3,0,0,0,0,0,0,0,0,0,0,0,1,0,1,0,0,0,0,0,0,0,0,,0,0,0,0,
3,3.58,0,-50.1,32.5,0,0,0,-5.95,0,0,0,0,8,0,0,0,0,-0.00229183,0,0,0,0,0,0,0,0,0,1,81,60,0,0.00034,0.00034,3,5,0,0,0,0,0,0,0,0,0,0,1,0,1,0,0,0,0,0,0,0,0,,0,0,0,0,
4,4.07,0,1.9,38.5,0,0,0,2.95,0,0,0,0,-9,0,0,0,0,-0.00229183,0,0,0,0,0,0,0,0,0,1,87,60,0,0.00034,0.00034,3,5,0,0,0,0,0,0,0,0,0,0,1,0,1,0,0,0,0,0,0,0,0,,0,0,0,0,
5,5.11,0,-36.05,32.5,0,0,0,-1.1,0,0,0,0,-6.5,0,0,0,0,-0.00229183,0,0,0,0,0,0,0,0,0,1,78,60,0,0.00034,0.00034,3,0,0,0,0,0,0,0,0,0,0,0,1,0,1,0,0,0,0,0,0,0,0,,0,0,0,0,
6,5.61,0,-34.55,35,0,0,0,-3.75,0,0,0,0,-4.5,0,0,0,0,-0.00229183,0,0,0,0,0,0,0,0,0,1,80,60,0,0.00034,0.00034,3,5,0,0,0,0,0,0,0,0,0,0,1,0,1,0,0,0,0,0,0,0,0,,0,0,0,0,
7,5.61,0,-24.3,35,0,0,0,-5.7,0,0,0,0,-9.5,0,0,0,0,-0.00229183,0,0,0,0,0,0,0,0,0,1,80,60,0,0.00034,0.00034,3,5,0,0,0,0,0,0,0,0,0,0,1,0,1,0,0,0,0,0,0,0,0,,0,0,0,0,
8,6.39,0,71.65,26,0,0,0,-15,0,0,0,0,19,0,0,0,0,-0.00229183,0,0,0,0,0,0,0,0,0,1,71,60,0,0.00034,0.00034,3,5,0,0,0,0,0,0,0,0,0,0,1,0,1,0,0,0,0,0,0,0,0,,0,0,0,0,
9,6.83,0,-19.95,26,0,0,0,-1.8,0,0,0,0,-19,0,0,0,0,-0.00229183,0,0,0,0,0,0,0,0,0,1,72,60,0,0.00034,0.00034,3,5,0,0,0,0,0,0,0,0,0,0,1,0,1,0,0,0,0,0,0,0,0,,0,0,0,0,
10,7.57,0,32.3,43,0,0,0,6.7,0,0,0,0,7.5,0,0,0,0,-0.00229183,0,0,0,0,0,0,0,0,0,1,89,60,0,0.00034,0.00034,3,5,0,0,0,0,0,0,0,0,0,0,1,0,1,0,0,0,0,0,0,0,0,,0,0,0,0,
11,8.24,0,-25,29,0,0,0,10.15,0,0,0,0,-11.5,0,0,0,0,-0.00229183,0,0,0,0,0,0,0,0,0,1,75,60,0,0.00034,0.00034,3,5,0,0,0,0,0,0,0,0,0,0,1,0,1,0,0,0,0,0,0,0,0,,0,0,0,0,
12,8.52,0,45.3,31.5,0,0,0,5.45,0,0,0,0,7,0,0,0,0,-0.00229183,0,0,0,0,0,0,0,0,0,1,78,60,0,0.00034,0.00034,3,5,0,0,0,0,0,0,0,0,0,0,1,0,1,0,0,0,0,0,0,0,0,,0,0,0,0,
13,8.92,0,-32.85,26,0,0,0,-1.25,0,0,0,0,-10,0,0,0,0,-0.00229183,0,0,0,0,0,0,0,0,0,1,73,60,0,0.00034,0.00034,3,5,0,0,0,0,0,0,0,0,0,0,1,0,1,0,0,0,0,0,0,0,0,,0,0,0,0,
14,9.41,0,-29.1,24,0,0,0,-3.45,0,0,0,0,-13.5,0,0,0,0,-0.00229183,0,0,0,0,0,0,0,0,0,1,71,60,0,0.00034,0.00034,3,5,0,0,0,0,0,0,0,0,0,0,1,0,1,0,0,0,0,0,0,0,0,,0,0,0,0,
15,12.16,0,-12.85,27,0,0,0,12.05,0,0,0,0,-16,0,0,0,0,-0.00229183,0,0,0,0,0,0,0,0,0,1,74,60,0,0.00034,0.00034,3,5,0,0,0,0,0,0,0,0,0,0,1,0,1,0,0,0,0,0,0,0,0,,0,0,0,0,
16,12.99,0,-23.2,20.5,0,0,0,-1.75,0,0,0,0,-18,0,0,0,0,-0.00229183,0,0,0,0,0,0,0,0,0,1,67,60,0,0.00034,0.00034,3,5,0,0,0,0,0,0,0,0,0,0,1,0,1,0,0,0,0,0,0,0,0,,0,0,0,0,
END,Total:17
START,FrameNb:17,CameraNb:0,HeSaiNb:0,ARS410Nb:0
2026/08/02 16:19:36:544---->
heightOffset:0,1785658776544,1066136,selfCaliBufCnt:0,selfAccObjCnt:0,selfAccAngle:0,installHAngleOffset:0,Interpolation:0,installVAngleOffset:0,radarOffsetH:0,radarOffsetV:0.32,Polynom:-0.001023;-0.0511;-2.047;0;0;0;-0.001023;-0.0511;-2.047;-25.5;0;0,WheelDirection:0;0;0;0,selfAngleOffset:0,selfAngleOffsetPit:0,currCaliAngleHrz:0,currCaliAnglePit:0,selfCaliAngleHrz:0,selfCaliAnglePit:0,servCaliAngleHrz:0,servCaliAnglePit:0,offlineCaliAngleHrz:0,offlineCaliAnglePit:0,determine2useFlag:0,IMU_Z_Accel:-21.592,IMU_X_AngularRate:-2.093,IMU_Y_AngularRate:-2.093,IMU_RollAngle:-180,IMU_PitchAngle:-180,IMU_YawAngle:-180,FcwID:0,FCWWarningLevel:0,FCWTTC:0
0,2.35,0,31.2,29,0,0,0,10.15,1.37605e-33,0,0,0,-8.5,0,0,0,0,-0.00229183,0,0,0,0,0,0,0,0,0,1,78,60,0,0.00034,0.00034,3,5,0,0,0,0,0,0,0,0,0,0,1,0,0,0,0,0,0,0,0,0,0,,0,0,0,0,
1,2.79,0,-33.8,45,0,0,0,1.2,0,0,0,0,7,0,0,0,0,-0.00229183,0,0,0,0,0,0,0,0,0,1,94,60,0,0.00034,0.00034,3,5,0,0,0,0,0,0,0,0,0,0,1,0,0,0,0,0,0,0,0,0,0,,0,0,0,0,
2,3.26,0,13.8,37.5,0,0,0,1.4,0,0,0,0,-8,0,0,0,0,-0.00229183,0,0,0,0,0,0,0,0,0,1,86,60,0,0.00034,0.00034,3,0,0,0,0,0,0,0,0,0,0,0,1,0,0,0,0,0,0,0,0,0,0,,0,0,0,0,
3,3.58,0,-50.2,32.5,0,0,0,-5.85,0,0,0,0,8,0,0,0,0,-0.00229183,0,0,0,0,0,0,0,0,0,1,81,60,0,0.00034,0.00034,3,7,0,0,0,0,0,0,0,0,0,0,1,0,0,0,0,0,0,0,0,0,0,,0,0,0,0,
4,4.07,0,1.9,38.5,0,0,0,2.95,0,0,0,0,-9,0,0,0,0,-0.00229183,0,0,0,0,0,0,0,0,0,1,87,60,0,0.00034,0.00034,3,5,0,0,0,0,0,0,0,0,0,0,1,0,0,0,0,0,0,0,0,0,0,,0,0,0,0,
5,5.08,0,-35.8,32.5,0,0,0,-1,0,0,0,0,-7,0,0,0,0,-0.00229183,0,0,0,0,0,0,0,0,0,1,78,60,0,0.00034,0.00034,3,5,0,0,0,0,0,0,0,0,0,0,1,0,0,0,0,0,0,0,0,0,0,,0,0,0,0,
6,5.61,0,-24.2,35.5,0,0,0,-6.1,0,0,0,0,-9.5,0,0,0,0,-0.00229183,0,0,0,0,0,0,0,0,0,1,80,60,0,0.00034,0.00034,3,5,0,0,0,0,0,0,0,0,0,0,1,0,0,0,0,0,0,0,0,0,0,,0,0,0,0,
7,5.61,0,-34.6,35.5,0,0,0,-4.05,0,0,0,0,-4.5,0,0,0,0,-0.00229183,0,0,0,0,0,0,0,0,0,1,80,60,0,0.00034,0.00034,3,5,0,0,0,0,0,0,0,0,0,0,1,0,0,0,0,0,0,0,0,0,0,,0,0,0,0,
8,6.31,0,71.7,25.5,0,0,0,-15,0,0,0,0,18.5,0,0,0,0,-0.00229183,0,0,0,0,0,0,0,0,0,1,71,60,0,0.00034,0.00034,3,5,0,0,0,0,0,0,0,0,0,0,1,0,0,0,0,0,0,0,0,0,0,,0,0,0,0,
9,6.82,0,-19.95,25.5,0,0,0,-9.45,0,0,0,0,-19.5,0,0,0,0,-0.00229183,0,0,0,0,0,0,0,0,0,1,71,60,0,0.00034,0.00034,3,5,0,0,0,0,0,0,0,0,0,0,1,0,0,0,0,0,0,0,0,0,0,,0,0,0,0,
10,7.58,0,32.3,43,0,0,0,6.8,0,0,0,0,7.5,0,0,0,0,-0.00229183,0,0,0,0,0,0,0,0,0,1,89,60,0,0.00034,0.00034,3,5,0,0,0,0,0,0,0,0,0,0,1,0,0,0,0,0,0,0,0,0,0,,0,0,0,0,
11,8.26,0,-24.85,29,0,0,0,10.15,0,0,0,0,-11.5,0,0,0,0,-0.00229183,0,0,0,0,0,0,0,0,0,1,75,60,0,0.00034,0.00034,3,5,0,0,0,0,0,0,0,0,0,0,1,0,0,0,0,0,0,0,0,0,0,,0,0,0,0,
12,8.51,0,45.2,31.5,0,0,0,5.75,0,0,0,0,7,0,0,0,0,-0.00229183,0,0,0,0,0,0,0,0,0,1,78,60,0,0.00034,0.00034,3,5,0,0,0,0,0,0,0,0,0,0,1,0,0,0,0,0,0,0,0,0,0,,0,0,0,0,
13,8.92,0,-32.85,26.5,0,0,0,-1.1,0,0,0,0,-10,0,0,0,0,-0.00229183,0,0,0,0,0,0,0,0,0,1,73,60,0,0.00034,0.00034,3,5,0,0,0,0,0,0,0,0,0,0,1,0,0,0,0,0,0,0,0,0,0,,0,0,0,0,
14,9.41,0,-29.1,24.5,0,0,0,-3.55,0,0,0,0,-13.5,0,0,0,0,-0.00229183,0,0,0,0,0,0,0,0,0,1,71,60,0,0.00034,0.00034,3,5,0,0,0,0,0,0,0,0,0,0,1,0,0,0,0,0,0,0,0,0,0,,0,0,0,0,
15,12.16,0,-12.9,27,0,0,0,12.25,0,0,0,0,-16,0,0,0,0,-0.00229183,0,0,0,0,0,0,0,0,0,1,74,60,0,0.00034,0.00034,3,5,0,0,0,0,0,0,0,0,0,0,1,0,0,0,0,0,0,0,0,0,0,,0,0,0,0,
16,12.99,0,-23.3,21,0,0,0,-1.85,0,0,0,0,-17.5,0,0,0,0,-0.00229183,0,0,0,0,0,0,0,0,0,1,68,60,0,0.00034,0.00034,3,5,0,0,0,0,0,0,0,0,0,0,1,0,0,0,0,0,0,0,0,0,0,,0,0,0,0,
END,Total:17
START,FrameNb:18,CameraNb:0,HeSaiNb:0,ARS410Nb:0
2026/08/02 16:19:36:658---->
heightOffset:0,1785658776658,1066196,selfCaliBufCnt:0,selfAccObjCnt:0,selfAccAngle:0,installHAngleOffset:0,Interpolation:0,installVAngleOffset:0,radarOffsetH:0,radarOffsetV:0.32,Polynom:-0.001023;-0.0511;-2.047;0;0;0;-0.001023;-0.0511;-2.047;-25.5;0;0,WheelDirection:0;0;0;0,selfAngleOffset:0,selfAngleOffsetPit:0,currCaliAngleHrz:0,currCaliAnglePit:0,selfCaliAngleHrz:0,selfCaliAnglePit:0,servCaliAngleHrz:0,servCaliAnglePit:0,offlineCaliAngleHrz:0,offlineCaliAnglePit:0,determine2useFlag:0,IMU_Z_Accel:-21.592,IMU_X_AngularRate:-2.093,IMU_Y_AngularRate:-2.093,IMU_RollAngle:-180,IMU_PitchAngle:-180,IMU_YawAngle:-180,FcwID:0,FCWWarningLevel:0,FCWTTC:0
0,2.35,0,51.1,29,0,0,0,-10.1,1.37605e-33,0,0,0,5.5,0,0,0,0,-0.00229183,0,0,0,0,0,0,0,0,0,1,78,55,0,0.00034,0.00034,2,-1,0,0,0,0,0,0,0,0,0,0,1,0,1,0,0,0,0,0,0,0,0,,0,0,0,0,
1,2.79,0,-33.8,45,0,0,0,1.2,0,0,0,0,7,0,0,0,0,-0.00229183,0,0,0,0,0,0,0,0,0,1,94,55,0,0.00034,0.00034,3,5,0,0,0,0,0,0,0,0,0,0,1,0,1,0,0,0,0,0,0,0,0,,0,0,0,0,
2,3.26,0,13.8,37.5,0,0,0,1.3,0,0,0,0,-8,0,0,0,0,-0.00229183,0,0,0,0,0,0,0,0,0,1,86,55,0,0.00034,0.00034,3,0,0,0,0,0,0,0,0,0,0,0,1,0,1,0,0,0,0,0,0,0,0,,0,0,0,0,
3,3.58,0,-50.1,32.5,0,0,0,-6,0,0,0,0,8,0,0,0,0,-0.00229183,0,0,0,0,0,0,0,0,0,1,81,55,0,0.00034,0.00034,3,5,0,0,0,0,0,0,0,0,0,0,1,0,1,0,0,0,0,0,0,0,0,,0,0,0,0,
4,4.07,0,1.9,38.5,0,0,0,2.95,0,0,0,0,-9,0,0,0,0,-0.00229183,0,0,0,0,0,0,0,0,0,1,87,55,0,0.00034,0.00034,3,5,0,0,0,0,0,0,0,0,0,0,1,0,1,0,0,0,0,0,0,0,0,,0,0,0,0,
5,5.1,0,-36,32.5,0,0,0,-1.2,0,0,0,0,-6.5,0,0,0,0,-0.00229183,0,0,0,0,0,0,0,0,0,1,78,55,0,0.00034,0.00034,3,0,0,0,0,0,0,0,0,0,0,0,1,0,1,0,0,0,0,0,0,0,0,,0,0,0,0,
6,5.61,0,-34.6,35,0,0,0,-3.75,0,0,0,0,-4.5,0,0,0,0,-0.00229183,0,0,0,0,0,0,0,0,0,1,80,55,0,0.00034,0.00034,3,5,0,0,0,0,0,0,0,0,0,0,1,0,1,0,0,0,0,0,0,0,0,,0,0,0,0,
7,5.61,0,-24.3,35,0,0,0,-5.7,0,0,0,0,-9.5,0,0,0,0,-0.00229183,0,0,0,0,0,0,0,0,0,1,80,55,0,0.00034,0.00034,3,5,0,0,0,0,0,0,0,0,0,0,1,0,1,0,0,0,0,0,0,0,0,,0,0,0,0,
8,6.38,0,34.55,25.5,0,0,0,-10.3,0,0,0,0,-10.5,0,0,0,0,-0.00229183,0,0,0,0,0,0,0,0,0,1,71,55,0,0.00034,0.00034,3,5,0,0,0,0,0,0,0,0,0,0,1,0,1,0,0,0,0,0,0,0,0,,0,0,0,0,
9,6.83,0,-36.05,25.5,0,0,0,0,0,0,0,0,-11,0,0,0,0,-0.00229183,0,0,0,0,0,0,0,0,0,1,71,55,0,0.00034,0.00034,3,5,0,0,0,0,0,0,0,0,0,0,1,0,1,0,0,0,0,0,0,0,0,,0,0,0,0,
10,7.58,0,32.4,43,0,0,0,6.75,0,0,0,0,7.5,0,0,0,0,-0.00229183,0,0,0,0,0,0,0,0,0,1,89,55,0,0.00034,0.00034,3,5,0,0,0,0,0,0,0,0,0,0,1,0,1,0,0,0,0,0,0,0,0,,0,0,0,0,
11,8.26,0,-24.95,29,0,0,0,-2.05,0,0,0,0,-12,0,0,0,0,-0.00229183,0,0,0,0,0,0,0,0,0,1,75,55,0,0.00034,0.00034,3,5,0,0,0,0,0,0,0,0,0,0,1,0,1,0,0,0,0,0,0,0,0,,0,0,0,0,
12,8.51,0,45.2,32,0,0,0,5.75,0,0,0,0,7,0,0,0,0,-0.00229183,0,0,0,0,0,0,0,0,0,1,78,55,0,0.00034,0.00034,3,5,0,0,0,0,0,0,0,0,0,0,1,0,1,0,0,0,0,0,0,0,0,,0,0,0,0,
13,8.93,0,-32.9,26.5,0,0,0,-1.3,0,0,0,0,-10,0,0,0,0,-0.00229183,0,0,0,0,0,0,0,0,0,1,73,55,0,0.00034,0.00034,3,5,0,0,0,0,0,0,0,0,0,0,1,0,1,0,0,0,0,0,0,0,0,,0,0,0,0,
14,9.41,0,-29.15,24.5,0,0,0,-3.55,0,0,0,0,-13.5,0,0,0,0,-0.00229183,0,0,0,0,0,0,0,0,0,1,71,55,0,0.00034,0.00034,3,5,0,0,0,0,0,0,0,0,0,0,1,0,1,0,0,0,0,0,0,0,0,,0,0,0,0,
15,9.85,0,-28.2,21,0,0,0,-1.6,0,0,0,0,-17.5,0,0,0,0,-0.00229183,0,0,0,0,0,0,0,0,0,1,68,55,0,0.00034,0.00034,3,5,0,0,0,0,0,0,0,0,0,0,1,0,1,0,0,0,0,0,0,0,0,,0,0,0,0,
16,12.16,0,-12.85,27,0,0,0,12,0,0,0,0,-16,0,0,0,0,-0.00229183,0,0,0,0,0,0,0,0,0,1,74,55,0,0.00034,0.00034,3,5,0,0,0,0,0,0,0,0,0,0,1,0,1,0,0,0,0,0,0,0,0,,0,0,0,0,
17,12.99,0,-23.3,21,0,0,0,-1.75,0,0,0,0,-18,0,0,0,0,-0.00229183,0,0,0,0,0,0,0,0,0,1,67,55,0,0.00034,0.00034,3,5,0,0,0,0,0,0,0,0,0,0,1,0,1,0,0,0,0,0,0,0,0,,0,0,0,0,
END,Total:18
START,FrameNb:19,CameraNb:0,HeSaiNb:0,ARS410Nb:0
2026/08/02 16:19:36:699---->
heightOffset:0,1785658776699,1066252,selfCaliBufCnt:0,selfAccObjCnt:0,selfAccAngle:0,installHAngleOffset:0,Interpolation:0,installVAngleOffset:0,radarOffsetH:0,radarOffsetV:0.32,Polynom:-0.001023;-0.0511;-2.047;0;0;0;-0.001023;-0.0511;-2.047;-25.5;0;0,WheelDirection:0;0;0;0,selfAngleOffset:0,selfAngleOffsetPit:0,currCaliAngleHrz:0,currCaliAnglePit:0,selfCaliAngleHrz:0,selfCaliAnglePit:0,servCaliAngleHrz:0,servCaliAnglePit:0,offlineCaliAngleHrz:0,offlineCaliAnglePit:0,determine2useFlag:0,IMU_Z_Accel:-21.592,IMU_X_AngularRate:-2.093,IMU_Y_AngularRate:-2.093,IMU_RollAngle:-180,IMU_PitchAngle:-180,IMU_YawAngle:-180,FcwID:0,FCWWarningLevel:0,FCWTTC:0
0,1.94,0,-39.8,19,0,0,0,-0.95,1.37605e-33,0,0,0,-16,0,0,0,0,-0.00229183,0,0,0,0,0,0,0,0,0,1,68,58,0,0.00034,0.00034,3,5,0,0,0,0,0,0,0,0,0,0,1,0,0,0,0,0,0,0,0,0,0,,0,0,0,0,
1,2.35,0,50.7,29.5,0,0,0,-10.1,0,0,0,0,4.5,0,0,0,0,-0.00229183,0,0,0,0,0,0,0,0,0,1,78,58,0,0.00034,0.00034,3,5,0,0,0,0,0,0,0,0,0,0,1,0,0,0,0,0,0,0,0,0,0,,0,0,0,0,
2,2.79,0,-33.8,45.5,0,0,0,1.2,0,0,0,0,7,0,0,0,0,-0.00229183,0,0,0,0,0,0,0,0,0,1,94,58,0,0.00034,0.00034,3,5,0,0,0,0,0,0,0,0,0,0,1,0,0,0,0,0,0,0,0,0,0,,0,0,0,0,
3,3.27,0,13.8,37.5,0,0,0,1.4,0,0,0,0,-8,0,0,0,0,-0.00229183,0,0,0,0,0,0,0,0,0,1,86,58,0,0.00034,0.00034,3,0,0,0,0,0,0,0,0,0,0,0,1,0,0,0,0,0,0,0,0,0,0,,0,0,0,0,
4,3.58,0,-3.55,32.5,0,0,0,-8.7,0,0,0,0,-16,0,0,0,0,-0.00229183,0,0,0,0,0,0,0,0,0,1,81,58,0,0.00034,0.00034,3,7,0,0,0,0,0,0,0,0,0,0,1,0,0,0,0,0,0,0,0,0,0,,0,0,0,0,
5,4.07,0,1.9,38.5,0,0,0,2.95,0,0,0,0,-9,0,0,0,0,-0.00229183,0,0,0,0,0,0,0,0,0,1,87,58,0,0.00034,0.00034,3,5,0,0,0,0,0,0,0,0,0,0,1,0,0,0,0,0,0,0,0,0,0,,0,0,0,0,
6,5.1,0,-35.8,32.5,0,0,0,-1,0,0,0,0,-7.5,0,0,0,0,-0.00229183,0,0,0,0,0,0,0,0,0,1,78,58,0,0.00034,0.00034,3,5,0,0,0,0,0,0,0,0,0,0,1,0,0,0,0,0,0,0,0,0,0,,0,0,0,0,
7,5.61,0,-34.6,35.5,0,0,0,-3.85,0,0,0,0,-4.5,0,0,0,0,-0.00229183,0,0,0,0,0,0,0,0,0,1,80,58,0,0.00034,0.00034,3,5,0,0,0,0,0,0,0,0,0,0,1,0,0,0,0,0,0,0,0,0,0,,0,0,0,0,
8,5.61,0,-24.3,35.5,0,0,0,-5.95,0,0,0,0,-9.5,0,0,0,0,-0.00229183,0,0,0,0,0,0,0,0,0,1,80,58,0,0.00034,0.00034,3,5,0,0,0,0,0,0,0,0,0,0,1,0,0,0,0,0,0,0,0,0,0,,0,0,0,0,
9,6.41,0,71.6,25.5,0,0,0,-15,0,0,0,0,18,0,0,0,0,-0.00229183,0,0,0,0,0,0,0,0,0,1,71,58,0,0.00034,0.00034,2,-1,0,0,0,0,0,0,0,0,0,0,1,0,0,0,0,0,0,0,0,0,0,,0,0,0,0,
10,6.84,0,-20.05,26,0,0,0,-9.55,0,0,0,0,-18.5,0,0,0,0,-0.00229183,0,0,0,0,0,0,0,0,0,1,72,58,0,0.00034,0.00034,3,5,0,0,0,0,0,0,0,0,0,0,1,0,0,0,0,0,0,0,0,0,0,,0,0,0,0,
11,7.59,0,32.45,43,0,0,0,6.7,0,0,0,0,7.5,0,0,0,0,-0.00229183,0,0,0,0,0,0,0,0,0,1,89,58,0,0.00034,0.00034,3,5,0,0,0,0,0,0,0,0,0,0,1,0,0,0,0,0,0,0,0,0,0,,0,0,0,0,
12,8.16,0,-24.85,29,0,0,0,-1.8,0,0,0,0,-12,0,0,0,0,-0.00229183,0,0,0,0,0,0,0,0,0,1,75,58,0,0.00034,0.00034,3,5,0,0,0,0,0,0,0,0,0,0,1,0,0,0,0,0,0,0,0,0,0,,0,0,0,0,
13,8.51,0,45.3,32,0,0,0,5.65,0,0,0,0,7,0,0,0,0,-0.00229183,0,0,0,0,0,0,0,0,0,1,78,58,0,0.00034,0.00034,3,5,0,0,0,0,0,0,0,0,0,0,1,0,0,0,0,0,0,0,0,0,0,,0,0,0,0,
14,8.93,0,-32.9,26.5,0,0,0,-1.3,0,0,0,0,-9.5,0,0,0,0,-0.00229183,0,0,0,0,0,0,0,0,0,1,73,58,0,0.00034,0.00034,3,5,0,0,0,0,0,0,0,0,0,0,1,0,0,0,0,0,0,0,0,0,0,,0,0,0,0,
15,9.41,0,-29.2,24,0,0,0,-3.45,0,0,0,0,-13.5,0,0,0,0,-0.00229183,0,0,0,0,0,0,0,0,0,1,71,58,0,0.00034,0.00034,3,5,0,0,0,0,0,0,0,0,0,0,1,0,0,0,0,0,0,0,0,0,0,,0,0,0,0,
16,12.16,0,-12.9,27,0,0,0,12.2,0,0,0,0,-16,0,0,0,0,-0.00229183,0,0,0,0,0,0,0,0,0,1,74,58,0,0.00034,0.00034,3,5,0,0,0,0,0,0,0,0,0,0,1,0,0,0,0,0,0,0,0,0,0,,0,0,0,0,
17,12.99,0,-23.5,21,0,0,0,-1.6,0,0,0,0,-18,0,0,0,0,-0.00229183,0,0,0,0,0,0,0,0,0,1,67,58,0,0.00034,0.00034,3,5,0,0,0,0,0,0,0,0,0,0,1,0,0,0,0,0,0,0,0,0,0,,0,0,0,0,
END,Total:18
START,FrameNb:20,CameraNb:0,HeSaiNb:0,ARS410Nb:0
2026/08/02 16:19:36:760---->
heightOffset:0,1785658776760,1066308,selfCaliBufCnt:0,selfAccObjCnt:0,selfAccAngle:0,installHAngleOffset:0,Interpolation:0,installVAngleOffset:0,radarOffsetH:0,radarOffsetV:0.32,Polynom:-0.001023;-0.0511;-2.047;0;0;0;-0.001023;-0.0511;-2.047;-25.5;0;0,WheelDirection:0;0;0;0,selfAngleOffset:0,selfAngleOffsetPit:0,currCaliAngleHrz:0,currCaliAnglePit:0,selfCaliAngleHrz:0,selfCaliAnglePit:0,servCaliAngleHrz:0,servCaliAnglePit:0,offlineCaliAngleHrz:0,offlineCaliAnglePit:0,determine2useFlag:0,IMU_Z_Accel:-21.592,IMU_X_AngularRate:-2.093,IMU_Y_AngularRate:-2.093,IMU_RollAngle:-180,IMU_PitchAngle:-180,IMU_YawAngle:-180,FcwID:0,FCWWarningLevel:0,FCWTTC:0
0,2.35,0,51.2,29,0,0,0,-10.2,1.37605e-33,0,0,0,5.5,0,0,0,0,-0.00229183,0,0,0,0,0,0,0,0,0,1,78,56,0,0.00034,0.00034,3,5,0,0,0,0,0,0,0,0,0,0,1,0,1,0,0,0,0,0,0,0,0,,0,0,0,0,
1,2.79,0,-33.8,45,0,0,0,1.2,0,0,0,0,7,0,0,0,0,-0.00229183,0,0,0,0,0,0,0,0,0,1,94,56,0,0.00034,0.00034,3,5,0,0,0,0,0,0,0,0,0,0,1,0,1,0,0,0,0,0,0,0,0,,0,0,0,0,
2,3.26,0,13.8,37.5,0,0,0,1.3,0,0,0,0,-8,0,0,0,0,-0.00229183,0,0,0,0,0,0,0,0,0,1,86,56,0,0.00034,0.00034,3,0,0,0,0,0,0,0,0,0,0,0,1,0,1,0,0,0,0,0,0,0,0,,0,0,0,0,
3,3.58,0,-50.1,32.5,0,0,0,-5.95,0,0,0,0,7.5,0,0,0,0,-0.00229183,0,0,0,0,0,0,0,0,0,1,80,56,0,0.00034,0.00034,3,5,0,0,0,0,0,0,0,0,0,0,1,0,1,0,0,0,0,0,0,0,0,,0,0,0,0,
4,4.07,0,1.9,39,0,0,0,2.95,0,0,0,0,-9,0,0,0,0,-0.00229183,0,0,0,0,0,0,0,0,0,1,87,56,0,0.00034,0.00034,3,5,0,0,0,0,0,0,0,0,0,0,1,0,1,0,0,0,0,0,0,0,0,,0,0,0,0,
5,5.09,0,-35.95,32.5,0,0,0,-1,0,0,0,0,-7.5,0,0,0,0,-0.00229183,0,0,0,0,0,0,0,0,0,1,78,56,0,0.00034,0.00034,3,0,0,0,0,0,0,0,0,0,0,0,1,0,1,0,0,0,0,0,0,0,0,,0,0,0,0,
6,5.61,0,-34.6,35,0,0,0,-3.75,0,0,0,0,-4.5,0,0,0,0,-0.00229183,0,0,0,0,0,0,0,0,0,1,80,56,0,0.00034,0.00034,3,5,0,0,0,0,0,0,0,0,0,0,1,0,1,0,0,0,0,0,0,0,0,,0,0,0,0,
7,5.61,0,-24.3,35,0,0,0,-5.7,0,0,0,0,-9.5,0,0,0,0,-0.00229183,0,0,0,0,0,0,0,0,0,1,80,56,0,0.00034,0.00034,3,5,0,0,0,0,0,0,0,0,0,0,1,0,1,0,0,0,0,0,0,0,0,,0,0,0,0,
8,6.42,0,34.2,26,0,0,0,-10,0,0,0,0,-10.5,0,0,0,0,-0.00229183,0,0,0,0,0,0,0,0,0,1,71,56,0,0.00034,0.00034,3,5,0,0,0,0,0,0,0,0,0,0,1,0,1,0,0,0,0,0,0,0,0,,0,0,0,0,
9,6.84,0,-36.45,26.5,0,0,0,0.55,0,0,0,0,-10.5,0,0,0,0,-0.00229183,0,0,0,0,0,0,0,0,0,1,72,56,0,0.00034,0.00034,3,5,0,0,0,0,0,0,0,0,0,0,1,0,1,0,0,0,0,0,0,0,0,,0,0,0,0,
10,7.59,0,32.45,43,0,0,0,6.65,0,0,0,0,7.5,0,0,0,0,-0.00229183,0,0,0,0,0,0,0,0,0,1,89,56,0,0.00034,0.00034,3,5,0,0,0,0,0,0,0,0,0,0,1,0,1,0,0,0,0,0,0,0,0,,0,0,0,0,
11,8.24,0,-25,29,0,0,0,9.95,0,0,0,0,-12,0,0,0,0,-0.00229183,0,0,0,0,0,0,0,0,0,1,75,56,0,0.00034,0.00034,3,5,0,0,0,0,0,0,0,0,0,0,1,0,1,0,0,0,0,0,0,0,0,,0,0,0,0,
12,8.51,0,45.1,31.5,0,0,0,5.8,0,0,0,0,7,0,0,0,0,-0.00229183,0,0,0,0,0,0,0,0,0,1,78,56,0,0.00034,0.00034,3,5,0,0,0,0,0,0,0,0,0,0,1,0,1,0,0,0,0,0,0,0,0,,0,0,0,0,
13,8.93,0,-33.1,26,0,0,0,-1.3,0,0,0,0,-10,0,0,0,0,-0.00229183,0,0,0,0,0,0,0,0,0,1,73,56,0,0.00034,0.00034,3,5,0,0,0,0,0,0,0,0,0,0,1,0,1,0,0,0,0,0,0,0,0,,0,0,0,0,
14,9.41,0,-29.2,24,0,0,0,-3.55,0,0,0,0,-13.5,0,0,0,0,-0.00229183,0,0,0,0,0,0,0,0,0,1,71,56,0,0.00034,0.00034,3,5,0,0,0,0,0,0,0,0,0,0,1,0,1,0,0,0,0,0,0,0,0,,0,0,0,0,
15,12.16,0,-12.8,26.5,0,0,0,12.15,0,0,0,0,-16,0,0,0,0,-0.00229183,0,0,0,0,0,0,0,0,0,1,74,56,0,0.00034,0.00034,3,5,0,0,0,0,0,0,0,0,0,0,1,0,1,0,0,0,0,0,0,0,0,,0,0,0,0,
16,12.99,0,-23.2,20.5,0,0,0,-1.6,0,0,0,0,-18,0,0,0,0,-0.00229183,0,0,0,0,0,0,0,0,0,1,67,56,0,0.00034,0.00034,3,5,0,0,0,0,0,0,0,0,0,0,1,0,1,0,0,0,0,0,0,0,0,,0,0,0,0,
END,Total:17
START,FrameNb:21,CameraNb:0,HeSaiNb:0,ARS410Nb:0
2026/08/02 16:19:36:807---->
heightOffset:0,1785658776807,1066368,selfCaliBufCnt:0,selfAccObjCnt:0,selfAccAngle:0,installHAngleOffset:0,Interpolation:0,installVAngleOffset:0,radarOffsetH:0,radarOffsetV:0.32,Polynom:-0.001023;-0.0511;-2.047;0;0;0;-0.001023;-0.0511;-2.047;-25.5;0;0,WheelDirection:0;0;0;0,selfAngleOffset:0,selfAngleOffsetPit:0,currCaliAngleHrz:0,currCaliAnglePit:0,selfCaliAngleHrz:0,selfCaliAnglePit:0,servCaliAngleHrz:0,servCaliAnglePit:0,offlineCaliAngleHrz:0,offlineCaliAnglePit:0,determine2useFlag:0,IMU_Z_Accel:-21.592,IMU_X_AngularRate:-2.093,IMU_Y_AngularRate:-2.093,IMU_RollAngle:-180,IMU_PitchAngle:-180,IMU_YawAngle:-180,FcwID:0,FCWWarningLevel:0,FCWTTC:0
0,2.35,0,50.95,29,0,0,0,-10.05,1.37605e-33,0,0,0,4.5,0,0,0,0,-0.00229183,0,0,0,0,0,0,0,0,0,1,78,62,0,0.00034,0.00034,3,5,0,0,0,0,0,0,0,0,0,0,1,0,0,0,0,0,0,0,0,0,0,,0,0,0,0,
1,2.79,0,-33.8,45,0,0,0,1.2,0,0,0,0,7,0,0,0,0,-0.00229183,0,0,0,0,0,0,0,0,0,1,94,62,0,0.00034,0.00034,3,5,0,0,0,0,0,0,0,0,0,0,1,0,0,0,0,0,0,0,0,0,0,,0,0,0,0,
2,3.27,0,13.8,37.5,0,0,0,1.4,0,0,0,0,-8,0,0,0,0,-0.00229183,0,0,0,0,0,0,0,0,0,1,86,62,0,0.00034,0.00034,3,0,0,0,0,0,0,0,0,0,0,0,1,0,0,0,0,0,0,0,0,0,0,,0,0,0,0,
3,4.07,0,1.9,38.5,0,0,0,2.95,0,0,0,0,-9,0,0,0,0,-0.00229183,0,0,0,0,0,0,0,0,0,1,87,62,0,0.00034,0.00034,3,5,0,0,0,0,0,0,0,0,0,0,1,0,0,0,0,0,0,0,0,0,0,,0,0,0,0,
4,5.08,0,-35.7,32.5,0,0,0,-1.1,0,0,0,0,-7.5,0,0,0,0,-0.00229183,0,0,0,0,0,0,0,0,0,1,78,62,0,0.00034,0.00034,3,5,0,0,0,0,0,0,0,0,0,0,1,0,0,0,0,0,0,0,0,0,0,,0,0,0,0,
5,5.61,0,-24.2,35,0,0,0,-6.1,0,0,0,0,-9.5,0,0,0,0,-0.00229183,0,0,0,0,0,0,0,0,0,1,80,62,0,0.00034,0.00034,3,5,0,0,0,0,0,0,0,0,0,0,1,0,0,0,0,0,0,0,0,0,0,,0,0,0,0,
6,5.61,0,-34.6,35,0,0,0,-4.1,0,0,0,0,-4.5,0,0,0,0,-0.00229183,0,0,0,0,0,0,0,0,0,1,80,62,0,0.00034,0.00034,3,5,0,0,0,0,0,0,0,0,0,0,1,0,0,0,0,0,0,0,0,0,0,,0,0,0,0,
7,6.41,0,71.8,25.5,0,0,0,-15,0,0,0,0,18.5,0,0,0,0,-0.00229183,0,0,0,0,0,0,0,0,0,1,71,62,0,0.00034,0.00034,2,-1,0,0,0,0,0,0,0,0,0,0,1,0,0,0,0,0,0,0,0,0,0,,0,0,0,0,
8,6.83,0,-36.3,25.5,0,0,0,0.45,0,0,0,0,-10.5,0,0,0,0,-0.00229183,0,0,0,0,0,0,0,0,0,1,72,62,0,0.00034,0.00034,3,5,0,0,0,0,0,0,0,0,0,0,1,0,0,0,0,0,0,0,0,0,0,,0,0,0,0,
9,7.6,0,32.45,43,0,0,0,6.65,0,0,0,0,7.5,0,0,0,0,-0.00229183,0,0,0,0,0,0,0,0,0,1,89,62,0,0.00034,0.00034,3,5,0,0,0,0,0,0,0,0,0,0,1,0,0,0,0,0,0,0,0,0,0,,0,0,0,0,
10,8.09,0,-24.9,29,0,0,0,10.45,0,0,0,0,-12,0,0,0,0,-0.00229183,0,0,0,0,0,0,0,0,0,1,75,62,0,0.00034,0.00034,3,5,0,0,0,0,0,0,0,0,0,0,1,0,0,0,0,0,0,0,0,0,0,,0,0,0,0,
11,8.51,0,45.3,31.5,0,0,0,5.75,0,0,0,0,7,0,0,0,0,-0.00229183,0,0,0,0,0,0,0,0,0,1,78,62,0,0.00034,0.00034,3,5,0,0,0,0,0,0,0,0,0,0,1,0,0,0,0,0,0,0,0,0,0,,0,0,0,0,
12,8.93,0,-32.95,26.5,0,0,0,-1.45,0,0,0,0,-10,0,0,0,0,-0.00229183,0,0,0,0,0,0,0,0,0,1,73,62,0,0.00034,0.00034,3,5,0,0,0,0,0,0,0,0,0,0,1,0,0,0,0,0,0,0,0,0,0,,0,0,0,0,
13,9.41,0,-29.15,24.5,0,0,0,-3.45,0,0,0,0,-13.5,0,0,0,0,-0.00229183,0,0,0,0,0,0,0,0,0,1,71,62,0,0.00034,0.00034,3,5,0,0,0,0,0,0,0,0,0,0,1,0,0,0,0,0,0,0,0,0,0,,0,0,0,0,
14,12.16,0,-12.85,27,0,0,0,12.25,0,0,0,0,-16,0,0,0,0,-0.00229183,0,0,0,0,0,0,0,0,0,1,74,62,0,0.00034,0.00034,3,5,0,0,0,0,0,0,0,0,0,0,1,0,0,0,0,0,0,0,0,0,0,,0,0,0,0,
15,12.99,0,-23.4,21,0,0,0,-1.45,0,0,0,0,-18,0,0,0,0,-0.00229183,0,0,0,0,0,0,0,0,0,1,67,62,0,0.00034,0.00034,3,5,0,0,0,0,0,0,0,0,0,0,1,0,0,0,0,0,0,0,0,0,0,,0,0,0,0,
END,Total:16
START,FrameNb:22,CameraNb:0,HeSaiNb:0,ARS410Nb:0
2026/08/02 16:19:36:850---->
heightOffset:0,1785658776850,1066432,selfCaliBufCnt:0,selfAccObjCnt:0,selfAccAngle:0,installHAngleOffset:0,Interpolation:0,installVAngleOffset:0,radarOffsetH:0,radarOffsetV:0.32,Polynom:-0.001023;-0.0511;-2.047;0;0;0;-0.001023;-0.0511;-2.047;-25.5;0;0,WheelDirection:0;0;0;0,selfAngleOffset:0,selfAngleOffsetPit:0,currCaliAngleHrz:0,currCaliAnglePit:0,selfCaliAngleHrz:0,selfCaliAnglePit:0,servCaliAngleHrz:0,servCaliAnglePit:0,offlineCaliAngleHrz:0,offlineCaliAnglePit:0,determine2useFlag:0,IMU_Z_Accel:-21.592,IMU_X_AngularRate:-2.093,IMU_Y_AngularRate:-2.093,IMU_RollAngle:-180,IMU_PitchAngle:-180,IMU_YawAngle:-180,FcwID:0,FCWWarningLevel:0,FCWTTC:0
0,2.35,0,51.15,29,0,0,0,-10.2,1.37605e-33,0,0,0,5.5,0,0,0,0,-0.00229183,0,0,0,0,0,0,0,0,0,1,78,59,0,0.00034,0.00034,3,5,0,0,0,0,0,0,0,0,0,0,1,0,1,0,0,0,0,0,0,0,0,,0,0,0,0,
1,2.79,0,-33.8,45,0,0,0,1.2,0,0,0,0,7,0,0,0,0,-0.00229183,0,0,0,0,0,0,0,0,0,1,94,59,0,0.00034,0.00034,3,5,0,0,0,0,0,0,0,0,0,0,1,0,1,0,0,0,0,0,0,0,0,,0,0,0,0,
2,3.26,0,13.8,37.5,0,0,0,1.4,0,0,0,0,-8,0,0,0,0,-0.00229183,0,0,0,0,0,0,0,0,0,1,86,59,0,0.00034,0.00034,3,0,0,0,0,0,0,0,0,0,0,0,1,0,1,0,0,0,0,0,0,0,0,,0,0,0,0,
3,3.58,0,-49.95,32.5,0,0,0,-5.8,0,0,0,0,7,0,0,0,0,-0.00229183,0,0,0,0,0,0,0,0,0,1,81,59,0,0.00034,0.00034,3,5,0,0,0,0,0,0,0,0,0,0,1,0,1,0,0,0,0,0,0,0,0,,0,0,0,0,
4,4.07,0,1.9,38.5,0,0,0,2.95,0,0,0,0,-9,0,0,0,0,-0.00229183,0,0,0,0,0,0,0,0,0,1,87,59,0,0.00034,0.00034,3,5,0,0,0,0,0,0,0,0,0,0,1,0,1,0,0,0,0,0,0,0,0,,0,0,0,0,
5,5.09,0,-35.95,32.5,0,0,0,-1.25,0,0,0,0,-7.5,0,0,0,0,-0.00229183,0,0,0,0,0,0,0,0,0,1,78,59,0,0.00034,0.00034,3,0,0,0,0,0,0,0,0,0,0,0,1,0,1,0,0,0,0,0,0,0,0,,0,0,0,0,
6,5.61,0,-34.6,35,0,0,0,-4,0,0,0,0,-4.5,0,0,0,0,-0.00229183,0,0,0,0,0,0,0,0,0,1,80,59,0,0.00034,0.00034,3,5,0,0,0,0,0,0,0,0,0,0,1,0,1,0,0,0,0,0,0,0,0,,0,0,0,0,
7,5.61,0,-24.2,35,0,0,0,-6,0,0,0,0,-9.5,0,0,0,0,-0.00229183,0,0,0,0,0,0,0,0,0,1,80,59,0,0.00034,0.00034,3,5,0,0,0,0,0,0,0,0,0,0,1,0,1,0,0,0,0,0,0,0,0,,0,0,0,0,
8,6.42,0,34.2,26,0,0,0,-9.8,0,0,0,0,-10,0,0,0,0,-0.00229183,0,0,0,0,0,0,0,0,0,1,71,59,0,0.00034,0.00034,3,5,0,0,0,0,0,0,0,0,0,0,1,0,1,0,0,0,0,0,0,0,0,,0,0,0,0,
9,6.83,0,-36.2,26.5,0,0,0,0.15,0,0,0,0,-10,0,0,0,0,-0.00229183,0,0,0,0,0,0,0,0,0,1,72,59,0,0.00034,0.00034,3,5,0,0,0,0,0,0,0,0,0,0,1,0,1,0,0,0,0,0,0,0,0,,0,0,0,0,
10,7.59,0,32.55,43,0,0,0,6.75,0,0,0,0,7.5,0,0,0,0,-0.00229183,0,0,0,0,0,0,0,0,0,1,89,59,0,0.00034,0.00034,3,5,0,0,0,0,0,0,0,0,0,0,1,0,1,0,0,0,0,0,0,0,0,,0,0,0,0,
11,8.08,0,-24.95,29,0,0,0,-2.3,0,0,0,0,-12,0,0,0,0,-0.00229183,0,0,0,0,0,0,0,0,0,1,75,59,0,0.00034,0.00034,3,5,0,0,0,0,0,0,0,0,0,0,1,0,1,0,0,0,0,0,0,0,0,,0,0,0,0,
12,8.52,0,45.2,31.5,0,0,0,5.9,0,0,0,0,7,0,0,0,0,-0.00229183,0,0,0,0,0,0,0,0,0,1,78,59,0,0.00034,0.00034,3,5,0,0,0,0,0,0,0,0,0,0,1,0,1,0,0,0,0,0,0,0,0,,0,0,0,0,
13,8.93,0,-32.95,26,0,0,0,-1.25,0,0,0,0,-10,0,0,0,0,-0.00229183,0,0,0,0,0,0,0,0,0,1,73,59,0,0.00034,0.00034,3,5,0,0,0,0,0,0,0,0,0,0,1,0,1,0,0,0,0,0,0,0,0,,0,0,0,0,
14,9.42,0,-29.2,24,0,0,0,-3.45,0,0,0,0,-13.5,0,0,0,0,-0.00229183,0,0,0,0,0,0,0,0,0,1,71,59,0,0.00034,0.00034,3,5,0,0,0,0,0,0,0,0,0,0,1,0,1,0,0,0,0,0,0,0,0,,0,0,0,0,
15,12.16,0,-12.85,27,0,0,0,12.15,0,0,0,0,-16,0,0,0,0,-0.00229183,0,0,0,0,0,0,0,0,0,1,74,59,0,0.00034,0.00034,3,5,0,0,0,0,0,0,0,0,0,0,1,0,1,0,0,0,0,0,0,0,0,,0,0,0,0,
16,12.99,0,-23.2,21,0,0,0,-1.55,0,0,0,0,-18,0,0,0,0,-0.00229183,0,0,0,0,0,0,0,0,0,1,67,59,0,0.00034,0.00034,3,5,0,0,0,0,0,0,0,0,0,0,1,0,1,0,0,0,0,0,0,0,0,,0,0,0,0,
END,Total:17
START,FrameNb:23,CameraNb:0,HeSaiNb:0,ARS410Nb:0
2026/08/02 16:19:36:908---->
heightOffset:0,1785658776908,1066488,selfCaliBufCnt:0,selfAccObjCnt:0,selfAccAngle:0,installHAngleOffset:0,Interpolation:0,installVAngleOffset:0,radarOffsetH:0,radarOffsetV:0.32,Polynom:-0.001023;-0.0511;-2.047;0;0;0;-0.001023;-0.0511;-2.047;-25.5;0;0,WheelDirection:0;0;0;0,selfAngleOffset:0,selfAngleOffsetPit:0,currCaliAngleHrz:0,currCaliAnglePit:0,selfCaliAngleHrz:0,selfCaliAnglePit:0,servCaliAngleHrz:0,servCaliAnglePit:0,offlineCaliAngleHrz:0,offlineCaliAnglePit:0,determine2useFlag:0,IMU_Z_Accel:-21.592,IMU_X_AngularRate:-2.093,IMU_Y_AngularRate:-2.093,IMU_RollAngle:-180,IMU_PitchAngle:-180,IMU_YawAngle:-180,FcwID:0,FCWWarningLevel:0,FCWTTC:0
0,2.35,0,50.8,29,0,0,0,-10.05,1.37605e-33,0,0,0,4.5,0,0,0,0,-0.00229183,0,0,0,0,0,0,0,0,0,1,78,60,0,0.00034,0.00034,3,5,0,0,0,0,0,0,0,0,0,0,1,0,0,0,0,0,0,0,0,0,0,,0,0,0,0,
1,2.79,0,-33.8,45,0,0,0,1.2,0,0,0,0,7,0,0,0,0,-0.00229183,0,0,0,0,0,0,0,0,0,1,94,60,0,0.00034,0.00034,3,5,0,0,0,0,0,0,0,0,0,0,1,0,0,0,0,0,0,0,0,0,0,,0,0,0,0,
2,3.27,0,13.8,37.5,0,0,0,1.4,0,0,0,0,-8,0,0,0,0,-0.00229183,0,0,0,0,0,0,0,0,0,1,86,60,0,0.00034,0.00034,3,0,0,0,0,0,0,0,0,0,0,0,1,0,0,0,0,0,0,0,0,0,0,,0,0,0,0,
3,3.58,0,-50.05,32.5,0,0,0,-5.8,0,0,0,0,8,0,0,0,0,-0.00229183,0,0,0,0,0,0,0,0,0,1,81,60,0,0.00034,0.00034,3,7,0,0,0,0,0,0,0,0,0,0,1,0,0,0,0,0,0,0,0,0,0,,0,0,0,0,
4,4.07,0,1.9,38.5,0,0,0,2.95,0,0,0,0,-9,0,0,0,0,-0.00229183,0,0,0,0,0,0,0,0,0,1,87,60,0,0.00034,0.00034,3,5,0,0,0,0,0,0,0,0,0,0,1,0,0,0,0,0,0,0,0,0,0,,0,0,0,0,
5,5.1,0,-35.7,32.5,0,0,0,-1.35,0,0,0,0,-7.5,0,0,0,0,-0.00229183,0,0,0,0,0,0,0,0,0,1,78,60,0,0.00034,0.00034,3,5,0,0,0,0,0,0,0,0,0,0,1,0,0,0,0,0,0,0,0,0,0,,0,0,0,0,
6,5.61,0,-34.6,35,0,0,0,-4.2,0,0,0,0,-4.5,0,0,0,0,-0.00229183,0,0,0,0,0,0,0,0,0,1,80,60,0,0.00034,0.00034,3,5,0,0,0,0,0,0,0,0,0,0,1,0,0,0,0,0,0,0,0,0,0,,0,0,0,0,
7,5.61,0,-24.2,35,0,0,0,-6.1,0,0,0,0,-9.5,0,0,0,0,-0.00229183,0,0,0,0,0,0,0,0,0,1,80,60,0,0.00034,0.00034,3,5,0,0,0,0,0,0,0,0,0,0,1,0,0,0,0,0,0,0,0,0,0,,0,0,0,0,
8,6.42,0,71.6,26,0,0,0,-15,0,0,0,0,18.5,0,0,0,0,-0.00229183,0,0,0,0,0,0,0,0,0,1,71,60,0,0.00034,0.00034,3,5,0,0,0,0,0,0,0,0,0,0,1,0,0,0,0,0,0,0,0,0,0,,0,0,0,0,
9,6.83,0,49.8,26.5,0,0,0,-10.25,0,0,0,0,1.5,0,0,0,0,-0.00229183,0,0,0,0,0,0,0,0,0,1,72,60,0,0.00034,0.00034,3,5,0,0,0,0,0,0,0,0,0,0,1,0,0,0,0,0,0,0,0,0,0,,0,0,0,0,
10,7.59,0,32.55,43.5,0,0,0,6.8,0,0,0,0,8,0,0,0,0,-0.00229183,0,0,0,0,0,0,0,0,0,1,89,60,0,0.00034,0.00034,3,5,0,0,0,0,0,0,0,0,0,0,1,0,0,0,0,0,0,0,0,0,0,,0,0,0,0,
11,8.07,0,-24.8,29,0,0,0,-2.35,0,0,0,0,-12,0,0,0,0,-0.00229183,0,0,0,0,0,0,0,0,0,1,75,60,0,0.00034,0.00034,3,5,0,0,0,0,0,0,0,0,0,0,1,0,0,0,0,0,0,0,0,0,0,,0,0,0,0,
12,8.51,0,45.2,31.5,0,0,0,6.05,0,0,0,0,7,0,0,0,0,-0.00229183,0,0,0,0,0,0,0,0,0,1,78,60,0,0.00034,0.00034,3,5,0,0,0,0,0,0,0,0,0,0,1,0,0,0,0,0,0,0,0,0,0,,0,0,0,0,
13,8.95,0,-32.8,26.5,0,0,0,-1.3,0,0,0,0,-9.5,0,0,0,0,-0.00229183,0,0,0,0,0,0,0,0,0,1,73,60,0,0.00034,0.00034,3,5,0,0,0,0,0,0,0,0,0,0,1,0,0,0,0,0,0,0,0,0,0,,0,0,0,0,
14,9.41,0,-29.2,24.5,0,0,0,-3.45,0,0,0,0,-13.5,0,0,0,0,-0.00229183,0,0,0,0,0,0,0,0,0,1,71,60,0,0.00034,0.00034,3,5,0,0,0,0,0,0,0,0,0,0,1,0,0,0,0,0,0,0,0,0,0,,0,0,0,0,
15,12.16,0,-12.9,27,0,0,0,12.4,0,0,0,0,-16,0,0,0,0,-0.00229183,0,0,0,0,0,0,0,0,0,1,74,60,0,0.00034,0.00034,3,5,0,0,0,0,0,0,0,0,0,0,1,0,0,0,0,0,0,0,0,0,0,,0,0,0,0,
16,12.98,0,-23.45,21,0,0,0,-1.75,0,0,0,0,-18,0,0,0,0,-0.00229183,0,0,0,0,0,0,0,0,0,1,67,60,0,0.00034,0.00034,3,5,0,0,0,0,0,0,0,0,0,0,1,0,0,0,0,0,0,0,0,0,0,,0,0,0,0,
END,Total:17
START,FrameNb:24,CameraNb:0,HeSaiNb:0,ARS410Nb:0
2026/08/02 16:19:36:947---->
heightOffset:0,1785658776947,1066544,selfCaliBufCnt:0,selfAccObjCnt:0,selfAccAngle:0,installHAngleOffset:0,Interpolation:0,installVAngleOffset:0,radarOffsetH:0,radarOffsetV:0.32,Polynom:-0.001023;-0.0511;-2.047;0;0;0;-0.001023;-0.0511;-2.047;-25.5;0;0,WheelDirection:0;0;0;0,selfAngleOffset:0,selfAngleOffsetPit:0,currCaliAngleHrz:0,currCaliAnglePit:0,selfCaliAngleHrz:0,selfCaliAnglePit:0,servCaliAngleHrz:0,servCaliAnglePit:0,offlineCaliAngleHrz:0,offlineCaliAnglePit:0,determine2useFlag:0,IMU_Z_Accel:-21.592,IMU_X_AngularRate:-2.093,IMU_Y_AngularRate:-2.093,IMU_RollAngle:-180,IMU_PitchAngle:-180,IMU_YawAngle:-180,FcwID:0,FCWWarningLevel:0,FCWTTC:0
0,2.35,0,51.2,29,0,0,0,-10.2,1.37605e-33,0,0,0,5.5,0,0,0,0,-0.00229183,0,0,0,0,0,0,0,0,0,1,78,54,0,0.00034,0.00034,3,5,0,0,0,0,0,0,0,0,0,0,1,0,1,0,0,0,0,0,0,0,0,,0,0,0,0,
1,2.79,0,-33.8,45,0,0,0,1.2,0,0,0,0,7,0,0,0,0,-0.00229183,0,0,0,0,0,0,0,0,0,1,94,54,0,0.00034,0.00034,3,5,0,0,0,0,0,0,0,0,0,0,1,0,1,0,0,0,0,0,0,0,0,,0,0,0,0,
2,3.26,0,13.8,37.5,0,0,0,1.3,0,0,0,0,-8,0,0,0,0,-0.00229183,0,0,0,0,0,0,0,0,0,1,86,54,0,0.00034,0.00034,3,0,0,0,0,0,0,0,0,0,0,0,1,0,1,0,0,0,0,0,0,0,0,,0,0,0,0,
3,3.58,0,-50.05,32.5,0,0,0,-6,0,0,0,0,8,0,0,0,0,-0.00229183,0,0,0,0,0,0,0,0,0,1,81,54,0,0.00034,0.00034,3,5,0,0,0,0,0,0,0,0,0,0,1,0,1,0,0,0,0,0,0,0,0,,0,0,0,0,
4,4.07,0,1.9,38.5,0,0,0,2.95,0,0,0,0,-9,0,0,0,0,-0.00229183,0,0,0,0,0,0,0,0,0,1,87,54,0,0.00034,0.00034,3,5,0,0,0,0,0,0,0,0,0,0,1,0,1,0,0,0,0,0,0,0,0,,0,0,0,0,
5,5.1,0,-36,32,0,0,0,-1.2,0,0,0,0,-6.5,0,0,0,0,-0.00229183,0,0,0,0,0,0,0,0,0,1,78,54,0,0.00034,0.00034,3,0,0,0,0,0,0,0,0,0,0,0,1,0,1,0,0,0,0,0,0,0,0,,0,0,0,0,
6,5.61,0,-34.55,35,0,0,0,-3.75,0,0,0,0,-4.5,0,0,0,0,-0.00229183,0,0,0,0,0,0,0,0,0,1,80,54,0,0.00034,0.00034,3,5,0,0,0,0,0,0,0,0,0,0,1,0,1,0,0,0,0,0,0,0,0,,0,0,0,0,
7,5.61,0,-24.3,35,0,0,0,-5.8,0,0,0,0,-9.5,0,0,0,0,-0.00229183,0,0,0,0,0,0,0,0,0,1,80,54,0,0.00034,0.00034,3,5,0,0,0,0,0,0,0,0,0,0,1,0,1,0,0,0,0,0,0,0,0,,0,0,0,0,
8,6.41,0,34.05,26,0,0,0,-9.7,0,0,0,0,-10.5,0,0,0,0,-0.00229183,0,0,0,0,0,0,0,0,0,1,71,54,0,0.00034,0.00034,3,5,0,0,0,0,0,0,0,0,0,0,1,0,1,0,0,0,0,0,0,0,0,,0,0,0,0,
9,6.83,0,-36.15,26.5,0,0,0,-13.1,0,0,0,0,-10,0,0,0,0,-0.00229183,0,0,0,0,0,0,0,0,0,1,72,54,0,0.00034,0.00034,3,5,0,0,0,0,0,0,0,0,0,0,1,0,1,0,0,0,0,0,0,0,0,,0,0,0,0,
10,7.59,0,32.6,43.5,0,0,0,6.95,0,0,0,0,8,0,0,0,0,-0.00229183,0,0,0,0,0,0,0,0,0,1,89,54,0,0.00034,0.00034,3,5,0,0,0,0,0,0,0,0,0,0,1,0,1,0,0,0,0,0,0,0,0,,0,0,0,0,
11,8.27,0,-24.85,29,0,0,0,-2.05,0,0,0,0,-12,0,0,0,0,-0.00229183,0,0,0,0,0,0,0,0,0,1,75,54,0,0.00034,0.00034,3,5,0,0,0,0,0,0,0,0,0,0,1,0,1,0,0,0,0,0,0,0,0,,0,0,0,0,
12,8.52,0,45.2,31.5,0,0,0,5.8,0,0,0,0,7,0,0,0,0,-0.00229183,0,0,0,0,0,0,0,0,0,1,78,54,0,0.00034,0.00034,3,5,0,0,0,0,0,0,0,0,0,0,1,0,1,0,0,0,0,0,0,0,0,,0,0,0,0,
13,8.93,0,-32.9,26.5,0,0,0,-1.45,0,0,0,0,-10,0,0,0,0,-0.00229183,0,0,0,0,0,0,0,0,0,1,73,54,0,0.00034,0.00034,3,5,0,0,0,0,0,0,0,0,0,0,1,0,1,0,0,0,0,0,0,0,0,,0,0,0,0,
14,9.41,0,-29.2,24.5,0,0,0,-3.45,0,0,0,0,-13.5,0,0,0,0,-0.00229183,0,0,0,0,0,0,0,0,0,1,71,54,0,0.00034,0.00034,3,5,0,0,0,0,0,0,0,0,0,0,1,0,1,0,0,0,0,0,0,0,0,,0,0,0,0,
15,12.16,0,-12.9,27,0,0,0,12.25,0,0,0,0,-16,0,0,0,0,-0.00229183,0,0,0,0,0,0,0,0,0,1,74,54,0,0.00034,0.00034,3,5,0,0,0,0,0,0,0,0,0,0,1,0,1,0,0,0,0,0,0,0,0,,0,0,0,0,
16,12.99,0,-23.1,20.5,0,0,0,-1.55,0,0,0,0,-18,0,0,0,0,-0.00229183,0,0,0,0,0,0,0,0,0,1,67,54,0,0.00034,0.00034,3,5,0,0,0,0,0,0,0,0,0,0,1,0,1,0,0,0,0,0,0,0,0,,0,0,0,0,
END,Total:17
START,FrameNb:25,CameraNb:0,HeSaiNb:0,ARS410Nb:0
2026/08/02 16:19:37:070---->
heightOffset:0,1785658777070,1066600,selfCaliBufCnt:0,selfAccObjCnt:0,selfAccAngle:0,installHAngleOffset:0,Interpolation:0,installVAngleOffset:0,radarOffsetH:0,radarOffsetV:0.32,Polynom:-0.001023;-0.0511;-2.047;0;0;0;-0.001023;-0.0511;-2.047;-25.5;0;0,WheelDirection:0;0;0;0,selfAngleOffset:0,selfAngleOffsetPit:0,currCaliAngleHrz:0,currCaliAnglePit:0,selfCaliAngleHrz:0,selfCaliAnglePit:0,servCaliAngleHrz:0,servCaliAnglePit:0,offlineCaliAngleHrz:0,offlineCaliAnglePit:0,determine2useFlag:0,IMU_Z_Accel:-21.592,IMU_X_AngularRate:-2.093,IMU_Y_AngularRate:-2.093,IMU_RollAngle:-180,IMU_PitchAngle:-180,IMU_YawAngle:-180,FcwID:0,FCWWarningLevel:0,FCWTTC:0
0,2.35,0,50.85,29,0,0,0,-10.05,1.37605e-33,0,0,0,4.5,0,0,0,0,-0.00229183,0,0,0,0,0,0,0,0,0,1,78,59,0,0.00034,0.00034,3,5,0,0,0,0,0,0,0,0,0,0,1,0,0,0,0,0,0,0,0,0,0,,0,0,0,0,
1,2.79,0,-33.8,45,0,0,0,1.2,0,0,0,0,7,0,0,0,0,-0.00229183,0,0,0,0,0,0,0,0,0,1,94,59,0,0.00034,0.00034,3,5,0,0,0,0,0,0,0,0,0,0,1,0,0,0,0,0,0,0,0,0,0,,0,0,0,0,
2,3.27,0,13.8,37,0,0,0,1.4,0,0,0,0,-8,0,0,0,0,-0.00229183,0,0,0,0,0,0,0,0,0,1,86,59,0,0.00034,0.00034,3,0,0,0,0,0,0,0,0,0,0,0,1,0,0,0,0,0,0,0,0,0,0,,0,0,0,0,
3,3.58,0,-3.6,32,0,0,0,-8.45,0,0,0,0,-16,0,0,0,0,-0.00229183,0,0,0,0,0,0,0,0,0,1,81,59,0,0.00034,0.00034,3,7,0,0,0,0,0,0,0,0,0,0,1,0,0,0,0,0,0,0,0,0,0,,0,0,0,0,
4,4.07,0,1.9,38.5,0,0,0,2.95,0,0,0,0,-9,0,0,0,0,-0.00229183,0,0,0,0,0,0,0,0,0,1,87,59,0,0.00034,0.00034,3,5,0,0,0,0,0,0,0,0,0,0,1,0,0,0,0,0,0,0,0,0,0,,0,0,0,0,
5,5.09,0,-35.8,32.5,0,0,0,-1.25,0,0,0,0,-7.5,0,0,0,0,-0.00229183,0,0,0,0,0,0,0,0,0,1,78,59,0,0.00034,0.00034,3,5,0,0,0,0,0,0,0,0,0,0,1,0,0,0,0,0,0,0,0,0,0,,0,0,0,0,
6,5.61,0,-34.6,35,0,0,0,-4.2,0,0,0,0,-4.5,0,0,0,0,-0.00229183,0,0,0,0,0,0,0,0,0,1,80,59,0,0.00034,0.00034,3,5,0,0,0,0,0,0,0,0,0,0,1,0,0,0,0,0,0,0,0,0,0,,0,0,0,0,
7,5.61,0,-24.2,35,0,0,0,-6.2,0,0,0,0,-9.5,0,0,0,0,-0.00229183,0,0,0,0,0,0,0,0,0,1,80,59,0,0.00034,0.00034,3,5,0,0,0,0,0,0,0,0,0,0,1,0,0,0,0,0,0,0,0,0,0,,0,0,0,0,
8,6.41,0,71.55,25.5,0,0,0,-15,0,0,0,0,18.5,0,0,0,0,-0.00229183,0,0,0,0,0,0,0,0,0,1,71,59,0,0.00034,0.00034,2,-1,0,0,0,0,0,0,0,0,0,0,1,0,0,0,0,0,0,0,0,0,0,,0,0,0,0,
9,6.83,0,-19.95,26,0,0,0,-9.75,0,0,0,0,-19,0,0,0,0,-0.00229183,0,0,0,0,0,0,0,0,0,1,72,59,0,0.00034,0.00034,3,5,0,0,0,0,0,0,0,0,0,0,1,0,0,0,0,0,0,0,0,0,0,,0,0,0,0,
10,7.59,0,32.7,43,0,0,0,7,0,0,0,0,8,0,0,0,0,-0.00229183,0,0,0,0,0,0,0,0,0,1,89,59,0,0.00034,0.00034,3,5,0,0,0,0,0,0,0,0,0,0,1,0,0,0,0,0,0,0,0,0,0,,0,0,0,0,
11,8.27,0,-24.7,29,0,0,0,10.65,0,0,0,0,-11.5,0,0,0,0,-0.00229183,0,0,0,0,0,0,0,0,0,1,76,59,0,0.00034,0.00034,3,5,0,0,0,0,0,0,0,0,0,0,1,0,0,0,0,0,0,0,0,0,0,,0,0,0,0,
12,8.51,0,45.3,31.5,0,0,0,5.9,0,0,0,0,7,0,0,0,0,-0.00229183,0,0,0,0,0,0,0,0,0,1,78,59,0,0.00034,0.00034,3,5,0,0,0,0,0,0,0,0,0,0,1,0,0,0,0,0,0,0,0,0,0,,0,0,0,0,
13,8.92,0,-32.85,26.5,0,0,0,-1.55,0,0,0,0,-10,0,0,0,0,-0.00229183,0,0,0,0,0,0,0,0,0,1,73,59,0,0.00034,0.00034,3,5,0,0,0,0,0,0,0,0,0,0,1,0,0,0,0,0,0,0,0,0,0,,0,0,0,0,
14,9.41,0,-29.15,24,0,0,0,-3.45,0,0,0,0,-13.5,0,0,0,0,-0.00229183,0,0,0,0,0,0,0,0,0,1,71,59,0,0.00034,0.00034,3,5,0,0,0,0,0,0,0,0,0,0,1,0,0,0,0,0,0,0,0,0,0,,0,0,0,0,
15,12.16,0,-12.9,26.5,0,0,0,12.3,0,0,0,0,-16,0,0,0,0,-0.00229183,0,0,0,0,0,0,0,0,0,1,74,59,0,0.00034,0.00034,3,5,0,0,0,0,0,0,0,0,0,0,1,0,0,0,0,0,0,0,0,0,0,,0,0,0,0,
16,12.98,0,-23.3,21,0,0,0,-1.6,0,0,0,0,-18,0,0,0,0,-0.00229183,0,0,0,0,0,0,0,0,0,1,67,59,0,0.00034,0.00034,3,5,0,0,0,0,0,0,0,0,0,0,1,0,0,0,0,0,0,0,0,0,0,,0,0,0,0,
END,Total:17
START,FrameNb:26,CameraNb:0,HeSaiNb:0,ARS410Nb:0
2026/08/02 16:19:37:099---->
heightOffset:0,1785658777099,1066660,selfCaliBufCnt:0,selfAccObjCnt:0,selfAccAngle:0,installHAngleOffset:0,Interpolation:0,installVAngleOffset:0,radarOffsetH:0,radarOffsetV:0.32,Polynom:-0.001023;-0.0511;-2.047;0;0;0;-0.001023;-0.0511;-2.047;-25.5;0;0,WheelDirection:0;0;0;0,selfAngleOffset:0,selfAngleOffsetPit:0,currCaliAngleHrz:0,currCaliAnglePit:0,selfCaliAngleHrz:0,selfCaliAnglePit:0,servCaliAngleHrz:0,servCaliAnglePit:0,offlineCaliAngleHrz:0,offlineCaliAnglePit:0,determine2useFlag:0,IMU_Z_Accel:-21.592,IMU_X_AngularRate:-2.093,IMU_Y_AngularRate:-2.093,IMU_RollAngle:-180,IMU_PitchAngle:-180,IMU_YawAngle:-180,FcwID:0,FCWWarningLevel:0,FCWTTC:0
0,2.35,0,51.3,29,0,0,0,-10.05,1.37605e-33,0,0,0,5.5,0,0,0,0,-0.00229183,0,0,0,0,0,0,0,0,0,1,78,55,0,0.00034,0.00034,3,5,0,0,0,0,0,0,0,0,0,0,1,0,1,0,0,0,0,0,0,0,0,,0,0,0,0,
1,2.79,0,-33.8,45,0,0,0,1.2,0,0,0,0,7,0,0,0,0,-0.00229183,0,0,0,0,0,0,0,0,0,1,94,55,0,0.00034,0.00034,3,5,0,0,0,0,0,0,0,0,0,0,1,0,1,0,0,0,0,0,0,0,0,,0,0,0,0,
2,3.25,0,13.8,37.5,0,0,0,1.4,0,0,0,0,-8,0,0,0,0,-0.00229183,0,0,0,0,0,0,0,0,0,1,86,55,0,0.00034,0.00034,3,0,0,0,0,0,0,0,0,0,0,0,1,0,1,0,0,0,0,0,0,0,0,,0,0,0,0,
3,3.58,0,-50.2,32.5,0,0,0,-5.95,0,0,0,0,8,0,0,0,0,-0.00229183,0,0,0,0,0,0,0,0,0,1,81,55,0,0.00034,0.00034,3,5,0,0,0,0,0,0,0,0,0,0,1,0,1,0,0,0,0,0,0,0,0,,0,0,0,0,
4,4.07,0,1.9,38.5,0,0,0,3,0,0,0,0,-9,0,0,0,0,-0.00229183,0,0,0,0,0,0,0,0,0,1,87,55,0,0.00034,0.00034,3,5,0,0,0,0,0,0,0,0,0,0,1,0,1,0,0,0,0,0,0,0,0,,0,0,0,0,
5,5.09,0,-35.95,32.5,0,0,0,-1.45,0,0,0,0,-7.5,0,0,0,0,-0.00229183,0,0,0,0,0,0,0,0,0,1,78,55,0,0.00034,0.00034,3,0,0,0,0,0,0,0,0,0,0,0,1,0,1,0,0,0,0,0,0,0,0,,0,0,0,0,
6,5.61,0,-34.55,35,0,0,0,-4.1,0,0,0,0,-5,0,0,0,0,-0.00229183,0,0,0,0,0,0,0,0,0,1,80,55,0,0.00034,0.00034,3,5,0,0,0,0,0,0,0,0,0,0,1,0,1,0,0,0,0,0,0,0,0,,0,0,0,0,
7,5.61,0,-24.2,35,0,0,0,-6,0,0,0,0,-10,0,0,0,0,-0.00229183,0,0,0,0,0,0,0,0,0,1,80,55,0,0.00034,0.00034,3,5,0,0,0,0,0,0,0,0,0,0,1,0,1,0,0,0,0,0,0,0,0,,0,0,0,0,
8,6.41,0,71.65,25.5,0,0,0,-15,0,0,0,0,18.5,0,0,0,0,-0.00229183,0,0,0,0,0,0,0,0,0,1,71,55,0,0.00034,0.00034,3,5,0,0,0,0,0,0,0,0,0,0,1,0,1,0,0,0,0,0,0,0,0,,0,0,0,0,
9,6.82,0,-36.05,26.5,0,0,0,-0.45,0,0,0,0,-10,0,0,0,0,-0.00229183,0,0,0,0,0,0,0,0,0,1,72,55,0,0.00034,0.00034,3,5,0,0,0,0,0,0,0,0,0,0,1,0,1,0,0,0,0,0,0,0,0,,0,0,0,0,
10,7.59,0,32.7,43.5,0,0,0,7.15,0,0,0,0,8,0,0,0,0,-0.00229183,0,0,0,0,0,0,0,0,0,1,90,55,0,0.00034,0.00034,3,5,0,0,0,0,0,0,0,0,0,0,1,0,1,0,0,0,0,0,0,0,0,,0,0,0,0,
11,8.07,0,-24.9,29,0,0,0,-2,0,0,0,0,-12,0,0,0,0,-0.00229183,0,0,0,0,0,0,0,0,0,1,75,55,0,0.00034,0.00034,3,5,0,0,0,0,0,0,0,0,0,0,1,0,1,0,0,0,0,0,0,0,0,,0,0,0,0,
12,8.52,0,45.3,31.5,0,0,0,5.8,0,0,0,0,7,0,0,0,0,-0.00229183,0,0,0,0,0,0,0,0,0,1,78,55,0,0.00034,0.00034,3,5,0,0,0,0,0,0,0,0,0,0,1,0,1,0,0,0,0,0,0,0,0,,0,0,0,0,
13,8.92,0,-32.9,26,0,0,0,-1.35,0,0,0,0,-10,0,0,0,0,-0.00229183,0,0,0,0,0,0,0,0,0,1,72,55,0,0.00034,0.00034,3,5,0,0,0,0,0,0,0,0,0,0,1,0,1,0,0,0,0,0,0,0,0,,0,0,0,0,
14,9.4,0,-29.1,24.5,0,0,0,-3.6,0,0,0,0,-13.5,0,0,0,0,-0.00229183,0,0,0,0,0,0,0,0,0,1,71,55,0,0.00034,0.00034,3,5,0,0,0,0,0,0,0,0,0,0,1,0,1,0,0,0,0,0,0,0,0,,0,0,0,0,
15,12.16,0,-12.85,26.5,0,0,0,12.2,0,0,0,0,-15.5,0,0,0,0,-0.00229183,0,0,0,0,0,0,0,0,0,1,74,55,0,0.00034,0.00034,3,5,0,0,0,0,0,0,0,0,0,0,1,0,1,0,0,0,0,0,0,0,0,,0,0,0,0,
16,12.99,0,-23.15,20.5,0,0,0,-1.8,0,0,0,0,-18,0,0,0,0,-0.00229183,0,0,0,0,0,0,0,0,0,1,67,55,0,0.00034,0.00034,3,5,0,0,0,0,0,0,0,0,0,0,1,0,1,0,0,0,0,0,0,0,0,,0,0,0,0,
END,Total:17
START,FrameNb:27,CameraNb:0,HeSaiNb:0,ARS410Nb:0
2026/08/02 16:19:37:152---->
heightOffset:0,1785658777152,1066716,selfCaliBufCnt:0,selfAccObjCnt:0,selfAccAngle:0,installHAngleOffset:0,Interpolation:0,installVAngleOffset:0,radarOffsetH:0,radarOffsetV:0.32,Polynom:-0.001023;-0.0511;-2.047;0;0;0;-0.001023;-0.0511;-2.047;-25.5;0;0,WheelDirection:0;0;0;0,selfAngleOffset:0,selfAngleOffsetPit:0,currCaliAngleHrz:0,currCaliAnglePit:0,selfCaliAngleHrz:0,selfCaliAnglePit:0,servCaliAngleHrz:0,servCaliAnglePit:0,offlineCaliAngleHrz:0,offlineCaliAnglePit:0,determine2useFlag:0,IMU_Z_Accel:-21.592,IMU_X_AngularRate:-2.093,IMU_Y_AngularRate:-2.093,IMU_RollAngle:-180,IMU_PitchAngle:-180,IMU_YawAngle:-180,FcwID:0,FCWWarningLevel:0,FCWTTC:0
0,1.94,0,-39.7,19,0,0,0,-1.05,1.37605e-33,0,0,0,-16,0,0,0,0,-0.00229183,0,0,0,0,0,0,0,0,0,1,68,61,0,0.00034,0.00034,3,5,0,0,0,0,0,0,0,0,0,0,1,0,0,0,0,0,0,0,0,0,0,,0,0,0,0,
1,2.35,0,31.45,29.5,0,0,0,10.4,0,0,0,0,-8.5,0,0,0,0,-0.00229183,0,0,0,0,0,0,0,0,0,1,78,61,0,0.00034,0.00034,3,5,0,0,0,0,0,0,0,0,0,0,1,0,0,0,0,0,0,0,0,0,0,,0,0,0,0,
2,2.79,0,-33.8,45,0,0,0,1.2,0,0,0,0,7,0,0,0,0,-0.00229183,0,0,0,0,0,0,0,0,0,1,94,61,0,0.00034,0.00034,3,5,0,0,0,0,0,0,0,0,0,0,1,0,0,0,0,0,0,0,0,0,0,,0,0,0,0,
3,3.27,0,13.8,37.5,0,0,0,1.4,0,0,0,0,-8,0,0,0,0,-0.00229183,0,0,0,0,0,0,0,0,0,1,86,61,0,0.00034,0.00034,3,0,0,0,0,0,0,0,0,0,0,0,1,0,0,0,0,0,0,0,0,0,0,,0,0,0,0,
4,3.58,0,-3.6,32.5,0,0,0,-8.2,0,0,0,0,-16,0,0,0,0,-0.00229183,0,0,0,0,0,0,0,0,0,1,81,61,0,0.00034,0.00034,3,7,0,0,0,0,0,0,0,0,0,0,1,0,0,0,0,0,0,0,0,0,0,,0,0,0,0,
5,4.07,0,1.9,38.5,0,0,0,2.95,0,0,0,0,-9,0,0,0,0,-0.00229183,0,0,0,0,0,0,0,0,0,1,87,61,0,0.00034,0.00034,3,5,0,0,0,0,0,0,0,0,0,0,1,0,0,0,0,0,0,0,0,0,0,,0,0,0,0,
6,5.08,0,-35.8,32.5,0,0,0,-1.3,0,0,0,0,-7.5,0,0,0,0,-0.00229183,0,0,0,0,0,0,0,0,0,1,78,61,0,0.00034,0.00034,3,5,0,0,0,0,0,0,0,0,0,0,1,0,0,0,0,0,0,0,0,0,0,,0,0,0,0,
7,5.61,0,-34.55,35.5,0,0,0,-4.2,0,0,0,0,-4.5,0,0,0,0,-0.00229183,0,0,0,0,0,0,0,0,0,1,80,61,0,0.00034,0.00034,3,5,0,0,0,0,0,0,0,0,0,0,1,0,0,0,0,0,0,0,0,0,0,,0,0,0,0,
8,5.61,0,-24.2,35.5,0,0,0,-6.25,0,0,0,0,-9.5,0,0,0,0,-0.00229183,0,0,0,0,0,0,0,0,0,1,80,61,0,0.00034,0.00034,3,5,0,0,0,0,0,0,0,0,0,0,1,0,0,0,0,0,0,0,0,0,0,,0,0,0,0,
9,6.39,0,71.65,25.5,0,0,0,-15,0,0,0,0,18,0,0,0,0,-0.00229183,0,0,0,0,0,0,0,0,0,1,71,61,0,0.00034,0.00034,3,5,0,0,0,0,0,0,0,0,0,0,1,0,0,0,0,0,0,0,0,0,0,,0,0,0,0,
10,6.83,0,-19.95,26,0,0,0,-9.85,0,0,0,0,-19.5,0,0,0,0,-0.00229183,0,0,0,0,0,0,0,0,0,1,72,61,0,0.00034,0.00034,3,5,0,0,0,0,0,0,0,0,0,0,1,0,0,0,0,0,0,0,0,0,0,,0,0,0,0,
11,7.59,0,32.8,43.5,0,0,0,6.8,0,0,0,0,8,0,0,0,0,-0.00229183,0,0,0,0,0,0,0,0,0,1,90,61,0,0.00034,0.00034,3,5,0,0,0,0,0,0,0,0,0,0,1,0,0,0,0,0,0,0,0,0,0,,0,0,0,0,
12,8.08,0,-24.85,29,0,0,0,10.45,0,0,0,0,-12,0,0,0,0,-0.00229183,0,0,0,0,0,0,0,0,0,1,75,61,0,0.00034,0.00034,3,5,0,0,0,0,0,0,0,0,0,0,1,0,0,0,0,0,0,0,0,0,0,,0,0,0,0,
13,8.51,0,45.3,31.5,0,0,0,5.8,0,0,0,0,7,0,0,0,0,-0.00229183,0,0,0,0,0,0,0,0,0,1,78,61,0,0.00034,0.00034,3,5,0,0,0,0,0,0,0,0,0,0,1,0,0,0,0,0,0,0,0,0,0,,0,0,0,0,
14,8.93,0,-32.95,26.5,0,0,0,-1.3,0,0,0,0,-10,0,0,0,0,-0.00229183,0,0,0,0,0,0,0,0,0,1,73,61,0,0.00034,0.00034,3,5,0,0,0,0,0,0,0,0,0,0,1,0,0,0,0,0,0,0,0,0,0,,0,0,0,0,
15,9.41,0,-29.1,24.5,0,0,0,-3.45,0,0,0,0,-13.5,0,0,0,0,-0.00229183,0,0,0,0,0,0,0,0,0,1,71,61,0,0.00034,0.00034,3,5,0,0,0,0,0,0,0,0,0,0,1,0,0,0,0,0,0,0,0,0,0,,0,0,0,0,
16,12.16,0,-12.9,27,0,0,0,12.3,0,0,0,0,-15.5,0,0,0,0,-0.00229183,0,0,0,0,0,0,0,0,0,1,74,61,0,0.00034,0.00034,3,5,0,0,0,0,0,0,0,0,0,0,1,0,0,0,0,0,0,0,0,0,0,,0,0,0,0,
17,12.99,0,-23.45,21,0,0,0,-1.85,0,0,0,0,-18,0,0,0,0,-0.00229183,0,0,0,0,0,0,0,0,0,1,68,61,0,0.00034,0.00034,3,5,0,0,0,0,0,0,0,0,0,0,1,0,0,0,0,0,0,0,0,0,0,,0,0,0,0,
END,Total:18
START,FrameNb:28,CameraNb:0,HeSaiNb:0,ARS410Nb:0
2026/08/02 16:19:37:194---->
heightOffset:0,1785658777194,1066780,selfCaliBufCnt:0,selfAccObjCnt:0,selfAccAngle:0,installHAngleOffset:0,Interpolation:0,installVAngleOffset:0,radarOffsetH:0,radarOffsetV:0.32,Polynom:-0.001023;-0.0511;-2.047;0;0;0;-0.001023;-0.0511;-2.047;-25.5;0;0,WheelDirection:0;0;0;0,selfAngleOffset:0,selfAngleOffsetPit:0,currCaliAngleHrz:0,currCaliAnglePit:0,selfCaliAngleHrz:0,selfCaliAnglePit:0,servCaliAngleHrz:0,servCaliAnglePit:0,offlineCaliAngleHrz:0,offlineCaliAnglePit:0,determine2useFlag:0,IMU_Z_Accel:-21.592,IMU_X_AngularRate:-2.093,IMU_Y_AngularRate:-2.093,IMU_RollAngle:-180,IMU_PitchAngle:-180,IMU_YawAngle:-180,FcwID:0,FCWWarningLevel:0,FCWTTC:0
0,2.35,0,51.15,29,0,0,0,-10.2,1.37605e-33,0,0,0,5.5,0,0,0,0,-0.00229183,0,0,0,0,0,0,0,0,0,1,78,61,0,0.00034,0.00034,2,-1,0,0,0,0,0,0,0,0,0,0,1,0,1,0,0,0,0,0,0,0,0,,0,0,0,0,
1,2.79,0,-33.8,45,0,0,0,1.2,0,0,0,0,7,0,0,0,0,-0.00229183,0,0,0,0,0,0,0,0,0,1,94,61,0,0.00034,0.00034,3,5,0,0,0,0,0,0,0,0,0,0,1,0,1,0,0,0,0,0,0,0,0,,0,0,0,0,
2,3.26,0,13.8,37.5,0,0,0,1.3,0,0,0,0,-8,0,0,0,0,-0.00229183,0,0,0,0,0,0,0,0,0,1,86,61,0,0.00034,0.00034,3,0,0,0,0,0,0,0,0,0,0,0,1,0,1,0,0,0,0,0,0,0,0,,0,0,0,0,
3,3.58,0,-50.3,32.5,0,0,0,-6.05,0,0,0,0,8,0,0,0,0,-0.00229183,0,0,0,0,0,0,0,0,0,1,81,61,0,0.00034,0.00034,3,5,0,0,0,0,0,0,0,0,0,0,1,0,1,0,0,0,0,0,0,0,0,,0,0,0,0,
4,4.07,0,1.9,38.5,0,0,0,2.95,0,0,0,0,-9,0,0,0,0,-0.00229183,0,0,0,0,0,0,0,0,0,1,87,61,0,0.00034,0.00034,3,5,0,0,0,0,0,0,0,0,0,0,1,0,1,0,0,0,0,0,0,0,0,,0,0,0,0,
5,5.09,0,-35.95,32,0,0,0,-1.2,0,0,0,0,-7.5,0,0,0,0,-0.00229183,0,0,0,0,0,0,0,0,0,1,78,61,0,0.00034,0.00034,3,0,0,0,0,0,0,0,0,0,0,0,1,0,1,0,0,0,0,0,0,0,0,,0,0,0,0,
6,5.61,0,-34.55,35,0,0,0,-4.1,0,0,0,0,-5,0,0,0,0,-0.00229183,0,0,0,0,0,0,0,0,0,1,80,61,0,0.00034,0.00034,3,5,0,0,0,0,0,0,0,0,0,0,1,0,1,0,0,0,0,0,0,0,0,,0,0,0,0,
7,5.61,0,-24.2,35,0,0,0,-6,0,0,0,0,-10,0,0,0,0,-0.00229183,0,0,0,0,0,0,0,0,0,1,80,61,0,0.00034,0.00034,3,5,0,0,0,0,0,0,0,0,0,0,1,0,1,0,0,0,0,0,0,0,0,,0,0,0,0,
8,6.38,0,71.7,25.5,0,0,0,-15,0,0,0,0,18.5,0,0,0,0,-0.00229183,0,0,0,0,0,0,0,0,0,1,71,61,0,0.00034,0.00034,3,5,0,0,0,0,0,0,0,0,0,0,1,0,1,0,0,0,0,0,0,0,0,,0,0,0,0,
9,6.82,0,-36.05,26,0,0,0,-0.25,0,0,0,0,-10,0,0,0,0,-0.00229183,0,0,0,0,0,0,0,0,0,1,72,61,0,0.00034,0.00034,3,5,0,0,0,0,0,0,0,0,0,0,1,0,1,0,0,0,0,0,0,0,0,,0,0,0,0,
10,7.59,0,32.7,43.5,0,0,0,7.15,0,0,0,0,8,0,0,0,0,-0.00229183,0,0,0,0,0,0,0,0,0,1,90,61,0,0.00034,0.00034,3,5,0,0,0,0,0,0,0,0,0,0,1,0,1,0,0,0,0,0,0,0,0,,0,0,0,0,
11,8.09,0,-24.9,29,0,0,0,-2.05,0,0,0,0,-12,0,0,0,0,-0.00229183,0,0,0,0,0,0,0,0,0,1,75,61,0,0.00034,0.00034,3,5,0,0,0,0,0,0,0,0,0,0,1,0,1,0,0,0,0,0,0,0,0,,0,0,0,0,
12,8.51,0,45.3,31.5,0,0,0,5.8,0,0,0,0,7,0,0,0,0,-0.00229183,0,0,0,0,0,0,0,0,0,1,78,61,0,0.00034,0.00034,3,5,0,0,0,0,0,0,0,0,0,0,1,0,1,0,0,0,0,0,0,0,0,,0,0,0,0,
13,8.93,0,-32.9,26,0,0,0,-1.35,0,0,0,0,-10,0,0,0,0,-0.00229183,0,0,0,0,0,0,0,0,0,1,73,61,0,0.00034,0.00034,3,5,0,0,0,0,0,0,0,0,0,0,1,0,1,0,0,0,0,0,0,0,0,,0,0,0,0,
14,9.4,0,-29.2,24.5,0,0,0,-3.55,0,0,0,0,-13,0,0,0,0,-0.00229183,0,0,0,0,0,0,0,0,0,1,71,61,0,0.00034,0.00034,3,5,0,0,0,0,0,0,0,0,0,0,1,0,1,0,0,0,0,0,0,0,0,,0,0,0,0,
15,12.16,0,-12.8,27,0,0,0,12.15,0,0,0,0,-15.5,0,0,0,0,-0.00229183,0,0,0,0,0,0,0,0,0,1,74,61,0,0.00034,0.00034,3,5,0,0,0,0,0,0,0,0,0,0,1,0,1,0,0,0,0,0,0,0,0,,0,0,0,0,
16,12.99,0,-23.2,20.5,0,0,0,-1.8,0,0,0,0,-18,0,0,0,0,-0.00229183,0,0,0,0,0,0,0,0,0,1,67,61,0,0.00034,0.00034,3,5,0,0,0,0,0,0,0,0,0,0,1,0,1,0,0,0,0,0,0,0,0,,0,0,0,0,
END,Total:17
START,FrameNb:29,CameraNb:0,HeSaiNb:0,ARS410Nb:0
2026/08/02 16:19:37:254---->
heightOffset:0,1785658777254,1066836,selfCaliBufCnt:0,selfAccObjCnt:0,selfAccAngle:0,installHAngleOffset:0,Interpolation:0,installVAngleOffset:0,radarOffsetH:0,radarOffsetV:0.32,Polynom:-0.001023;-0.0511;-2.047;0;0;0;-0.001023;-0.0511;-2.047;-25.5;0;0,WheelDirection:0;0;0;0,selfAngleOffset:0,selfAngleOffsetPit:0,currCaliAngleHrz:0,currCaliAnglePit:0,selfCaliAngleHrz:0,selfCaliAnglePit:0,servCaliAngleHrz:0,servCaliAnglePit:0,offlineCaliAngleHrz:0,offlineCaliAnglePit:0,determine2useFlag:0,IMU_Z_Accel:-21.592,IMU_X_AngularRate:-2.093,IMU_Y_AngularRate:-2.093,IMU_RollAngle:-180,IMU_PitchAngle:-180,IMU_YawAngle:-180,FcwID:0,FCWWarningLevel:0,FCWTTC:0
0,2.35,0,50.85,29,0,0,0,-10.05,1.37605e-33,0,0,0,4.5,0,0,0,0,-0.00229183,0,0,0,0,0,0,0,0,0,1,78,59,0,0.00034,0.00034,3,5,0,0,0,0,0,0,0,0,0,0,1,0,0,0,0,0,0,0,0,0,0,,0,0,0,0,
1,2.79,0,-33.8,45,0,0,0,1.2,0,0,0,0,7,0,0,0,0,-0.00229183,0,0,0,0,0,0,0,0,0,1,94,59,0,0.00034,0.00034,3,5,0,0,0,0,0,0,0,0,0,0,1,0,0,0,0,0,0,0,0,0,0,,0,0,0,0,
2,3.27,0,13.8,37.5,0,0,0,1.4,0,0,0,0,-8,0,0,0,0,-0.00229183,0,0,0,0,0,0,0,0,0,1,86,59,0,0.00034,0.00034,3,0,0,0,0,0,0,0,0,0,0,0,1,0,0,0,0,0,0,0,0,0,0,,0,0,0,0,
3,3.58,0,-3.55,32.5,0,0,0,-8.55,0,0,0,0,-16,0,0,0,0,-0.00229183,0,0,0,0,0,0,0,0,0,1,81,59,0,0.00034,0.00034,3,7,0,0,0,0,0,0,0,0,0,0,1,0,0,0,0,0,0,0,0,0,0,,0,0,0,0,
4,4.07,0,1.9,38.5,0,0,0,2.95,0,0,0,0,-9,0,0,0,0,-0.00229183,0,0,0,0,0,0,0,0,0,1,87,59,0,0.00034,0.00034,3,5,0,0,0,0,0,0,0,0,0,0,1,0,0,0,0,0,0,0,0,0,0,,0,0,0,0,
5,5.1,0,-35.7,32.5,0,0,0,-1.3,0,0,0,0,-7.5,0,0,0,0,-0.00229183,0,0,0,0,0,0,0,0,0,1,78,59,0,0.00034,0.00034,3,5,0,0,0,0,0,0,0,0,0,0,1,0,0,0,0,0,0,0,0,0,0,,0,0,0,0,
6,5.6,0,-34.55,35,0,0,0,-4.2,0,0,0,0,-5,0,0,0,0,-0.00229183,0,0,0,0,0,0,0,0,0,1,80,59,0,0.00034,0.00034,3,5,0,0,0,0,0,0,0,0,0,0,1,0,0,0,0,0,0,0,0,0,0,,0,0,0,0,
7,5.6,0,-24.2,35,0,0,0,-6.25,0,0,0,0,-10,0,0,0,0,-0.00229183,0,0,0,0,0,0,0,0,0,1,80,59,0,0.00034,0.00034,3,5,0,0,0,0,0,0,0,0,0,0,1,0,0,0,0,0,0,0,0,0,0,,0,0,0,0,
8,6.37,0,71.7,25.5,0,0,0,-15,0,0,0,0,18.5,0,0,0,0,-0.00229183,0,0,0,0,0,0,0,0,0,1,71,59,0,0.00034,0.00034,3,5,0,0,0,0,0,0,0,0,0,0,1,0,0,0,0,0,0,0,0,0,0,,0,0,0,0,
9,6.83,0,-19.85,26,0,0,0,-10.05,0,0,0,0,-19.5,0,0,0,0,-0.00229183,0,0,0,0,0,0,0,0,0,1,72,59,0,0.00034,0.00034,3,5,0,0,0,0,0,0,0,0,0,0,1,0,0,0,0,0,0,0,0,0,0,,0,0,0,0,
10,7.59,0,32.7,43,0,0,0,7,0,0,0,0,8,0,0,0,0,-0.00229183,0,0,0,0,0,0,0,0,0,1,89,59,0,0.00034,0.00034,3,5,0,0,0,0,0,0,0,0,0,0,1,0,0,0,0,0,0,0,0,0,0,,0,0,0,0,
11,8.51,0,45.3,31.5,0,0,0,5.9,0,0,0,0,7,0,0,0,0,-0.00229183,0,0,0,0,0,0,0,0,0,1,78,59,0,0.00034,0.00034,3,5,0,0,0,0,0,0,0,0,0,0,1,0,0,0,0,0,0,0,0,0,0,,0,0,0,0,
12,8.93,0,-32.9,26.5,0,0,0,-1.25,0,0,0,0,-10,0,0,0,0,-0.00229183,0,0,0,0,0,0,0,0,0,1,73,59,0,0.00034,0.00034,3,5,0,0,0,0,0,0,0,0,0,0,1,0,0,0,0,0,0,0,0,0,0,,0,0,0,0,
13,9.42,0,-29.15,24.5,0,0,0,-3.35,0,0,0,0,-13,0,0,0,0,-0.00229183,0,0,0,0,0,0,0,0,0,1,71,59,0,0.00034,0.00034,3,5,0,0,0,0,0,0,0,0,0,0,1,0,0,0,0,0,0,0,0,0,0,,0,0,0,0,
14,12.16,0,-12.9,27,0,0,0,12.25,0,0,0,0,-15.5,0,0,0,0,-0.00229183,0,0,0,0,0,0,0,0,0,1,74,59,0,0.00034,0.00034,3,5,0,0,0,0,0,0,0,0,0,0,1,0,0,0,0,0,0,0,0,0,0,,0,0,0,0,
15,12.99,0,-23.2,21,0,0,0,-1.85,0,0,0,0,-18,0,0,0,0,-0.00229183,0,0,0,0,0,0,0,0,0,1,67,59,0,0.00034,0.00034,3,5,0,0,0,0,0,0,0,0,0,0,1,0,0,0,0,0,0,0,0,0,0,,0,0,0,0,
END,Total:16
START,FrameNb:30,CameraNb:0,HeSaiNb:0,ARS410Nb:0
2026/08/02 16:19:37:348---->
heightOffset:0,1785658777348,1066896,selfCaliBufCnt:0,selfAccObjCnt:0,selfAccAngle:0,installHAngleOffset:0,Interpolation:0,installVAngleOffset:0,radarOffsetH:0,radarOffsetV:0.32,Polynom:-0.001023;-0.0511;-2.047;0;0;0;-0.001023;-0.0511;-2.047;-25.5;0;0,WheelDirection:0;0;0;0,selfAngleOffset:0,selfAngleOffsetPit:0,currCaliAngleHrz:0,currCaliAnglePit:0,selfCaliAngleHrz:0,selfCaliAnglePit:0,servCaliAngleHrz:0,servCaliAnglePit:0,offlineCaliAngleHrz:0,offlineCaliAnglePit:0,determine2useFlag:0,IMU_Z_Accel:-21.592,IMU_X_AngularRate:-2.093,IMU_Y_AngularRate:-2.093,IMU_RollAngle:-180,IMU_PitchAngle:-180,IMU_YawAngle:-180,FcwID:0,FCWWarningLevel:0,FCWTTC:0
0,2.35,0,51.15,29.5,0,0,0,-10.2,1.37605e-33,0,0,0,5.5,0,0,0,0,-0.00229183,0,0,0,0,0,0,0,0,0,1,78,55,0,0.00034,0.00034,3,5,0,0,0,0,0,0,0,0,0,0,1,0,1,0,0,0,0,0,0,0,0,,0,0,0,0,
1,2.79,0,-33.8,45,0,0,0,1.2,0,0,0,0,7,0,0,0,0,-0.00229183,0,0,0,0,0,0,0,0,0,1,94,55,0,0.00034,0.00034,3,5,0,0,0,0,0,0,0,0,0,0,1,0,1,0,0,0,0,0,0,0,0,,0,0,0,0,
2,3.26,0,13.8,37.5,0,0,0,1.4,0,0,0,0,-8,0,0,0,0,-0.00229183,0,0,0,0,0,0,0,0,0,1,86,55,0,0.00034,0.00034,3,0,0,0,0,0,0,0,0,0,0,0,1,0,1,0,0,0,0,0,0,0,0,,0,0,0,0,
3,3.58,0,-50.2,32.5,0,0,0,-5.95,0,0,0,0,7.5,0,0,0,0,-0.00229183,0,0,0,0,0,0,0,0,0,1,80,55,0,0.00034,0.00034,3,5,0,0,0,0,0,0,0,0,0,0,1,0,1,0,0,0,0,0,0,0,0,,0,0,0,0,
4,4.07,0,1.9,38.5,0,0,0,2.95,0,0,0,0,-9,0,0,0,0,-0.00229183,0,0,0,0,0,0,0,0,0,1,87,55,0,0.00034,0.00034,3,5,0,0,0,0,0,0,0,0,0,0,1,0,1,0,0,0,0,0,0,0,0,,0,0,0,0,
5,5.1,0,-35.95,32.5,0,0,0,-1.2,0,0,0,0,-7.5,0,0,0,0,-0.00229183,0,0,0,0,0,0,0,0,0,1,78,55,0,0.00034,0.00034,3,0,0,0,0,0,0,0,0,0,0,0,1,0,1,0,0,0,0,0,0,0,0,,0,0,0,0,
6,5.61,0,-34.55,35,0,0,0,-3.8,0,0,0,0,-5,0,0,0,0,-0.00229183,0,0,0,0,0,0,0,0,0,1,80,55,0,0.00034,0.00034,3,5,0,0,0,0,0,0,0,0,0,0,1,0,1,0,0,0,0,0,0,0,0,,0,0,0,0,
7,5.61,0,-24.3,35,0,0,0,-5.75,0,0,0,0,-10,0,0,0,0,-0.00229183,0,0,0,0,0,0,0,0,0,1,80,55,0,0.00034,0.00034,3,5,0,0,0,0,0,0,0,0,0,0,1,0,1,0,0,0,0,0,0,0,0,,0,0,0,0,
8,6.41,0,34.05,25.5,0,0,0,-9.25,0,0,0,0,-10.5,0,0,0,0,-0.00229183,0,0,0,0,0,0,0,0,0,1,71,55,0,0.00034,0.00034,3,5,0,0,0,0,0,0,0,0,0,0,1,0,1,0,0,0,0,0,0,0,0,,0,0,0,0,
9,6.83,0,-19.9,26,0,0,0,-9.75,0,0,0,0,-19.5,0,0,0,0,-0.00229183,0,0,0,0,0,0,0,0,0,1,72,55,0,0.00034,0.00034,3,5,0,0,0,0,0,0,0,0,0,0,1,0,1,0,0,0,0,0,0,0,0,,0,0,0,0,
10,7.59,0,32.8,43.5,0,0,0,6.75,0,0,0,0,8,0,0,0,0,-0.00229183,0,0,0,0,0,0,0,0,0,1,89,55,0,0.00034,0.00034,3,5,0,0,0,0,0,0,0,0,0,0,1,0,1,0,0,0,0,0,0,0,0,,0,0,0,0,
11,8.08,0,-25.1,29,0,0,0,-2.2,0,0,0,0,-12,0,0,0,0,-0.00229183,0,0,0,0,0,0,0,0,0,1,75,55,0,0.00034,0.00034,3,5,0,0,0,0,0,0,0,0,0,0,1,0,1,0,0,0,0,0,0,0,0,,0,0,0,0,
12,8.51,0,45.3,31.5,0,0,0,5.8,0,0,0,0,7,0,0,0,0,-0.00229183,0,0,0,0,0,0,0,0,0,1,78,55,0,0.00034,0.00034,3,5,0,0,0,0,0,0,0,0,0,0,1,0,1,0,0,0,0,0,0,0,0,,0,0,0,0,
13,8.93,0,-32.95,26.5,0,0,0,-1.35,0,0,0,0,-10,0,0,0,0,-0.00229183,0,0,0,0,0,0,0,0,0,1,73,55,0,0.00034,0.00034,3,5,0,0,0,0,0,0,0,0,0,0,1,0,1,0,0,0,0,0,0,0,0,,0,0,0,0,
14,9.41,0,-29.1,24.5,0,0,0,-3.35,0,0,0,0,-13,0,0,0,0,-0.00229183,0,0,0,0,0,0,0,0,0,1,71,55,0,0.00034,0.00034,3,5,0,0,0,0,0,0,0,0,0,0,1,0,1,0,0,0,0,0,0,0,0,,0,0,0,0,
15,12.16,0,-12.85,27,0,0,0,12.2,0,0,0,0,-16,0,0,0,0,-0.00229183,0,0,0,0,0,0,0,0,0,1,74,55,0,0.00034,0.00034,3,5,0,0,0,0,0,0,0,0,0,0,1,0,1,0,0,0,0,0,0,0,0,,0,0,0,0,
16,12.99,0,-23.2,21,0,0,0,-1.8,0,0,0,0,-18,0,0,0,0,-0.00229183,0,0,0,0,0,0,0,0,0,1,67,55,0,0.00034,0.00034,3,5,0,0,0,0,0,0,0,0,0,0,1,0,1,0,0,0,0,0,0,0,0,,0,0,0,0,
END,Total:17
START,FrameNb:31,CameraNb:0,HeSaiNb:0,ARS410Nb:0
2026/08/02 16:19:37:400---->
heightOffset:0,1785658777400,1066948,selfCaliBufCnt:0,selfAccObjCnt:0,selfAccAngle:0,installHAngleOffset:0,Interpolation:0,installVAngleOffset:0,radarOffsetH:0,radarOffsetV:0.32,Polynom:-0.001023;-0.0511;-2.047;0;0;0;-0.001023;-0.0511;-2.047;-25.5;0;0,WheelDirection:0;0;0;0,selfAngleOffset:0,selfAngleOffsetPit:0,currCaliAngleHrz:0,currCaliAnglePit:0,selfCaliAngleHrz:0,selfCaliAnglePit:0,servCaliAngleHrz:0,servCaliAnglePit:0,offlineCaliAngleHrz:0,offlineCaliAnglePit:0,determine2useFlag:0,IMU_Z_Accel:-21.592,IMU_X_AngularRate:-2.093,IMU_Y_AngularRate:-2.093,IMU_RollAngle:-180,IMU_PitchAngle:-180,IMU_YawAngle:-180,FcwID:0,FCWWarningLevel:0,FCWTTC:0
0,1.94,0,-39.8,19.5,0,0,0,-1.05,1.37605e-33,0,0,0,-16,0,0,0,0,-0.00229183,0,0,0,0,0,0,0,0,0,1,68,58,0,0.00034,0.00034,3,5,0,0,0,0,0,0,0,0,0,0,1,0,0,0,0,0,0,0,0,0,0,,0,0,0,0,
1,2.35,0,31.35,29.5,0,0,0,10.3,0,0,0,0,-8.5,0,0,0,0,-0.00229183,0,0,0,0,0,0,0,0,0,1,78,58,0,0.00034,0.00034,3,5,0,0,0,0,0,0,0,0,0,0,1,0,0,0,0,0,0,0,0,0,0,,0,0,0,0,
2,2.79,0,-33.8,45,0,0,0,1.2,0,0,0,0,7,0,0,0,0,-0.00229183,0,0,0,0,0,0,0,0,0,1,94,58,0,0.00034,0.00034,3,5,0,0,0,0,0,0,0,0,0,0,1,0,0,0,0,0,0,0,0,0,0,,0,0,0,0,
3,3.27,0,13.8,37.5,0,0,0,1.4,0,0,0,0,-8,0,0,0,0,-0.00229183,0,0,0,0,0,0,0,0,0,1,86,58,0,0.00034,0.00034,3,0,0,0,0,0,0,0,0,0,0,0,1,0,0,0,0,0,0,0,0,0,0,,0,0,0,0,
4,3.58,0,-50.4,32.5,0,0,0,-5.8,0,0,0,0,8,0,0,0,0,-0.00229183,0,0,0,0,0,0,0,0,0,1,81,58,0,0.00034,0.00034,3,7,0,0,0,0,0,0,0,0,0,0,1,0,0,0,0,0,0,0,0,0,0,,0,0,0,0,
5,4.07,0,1.9,38.5,0,0,0,2.95,0,0,0,0,-9,0,0,0,0,-0.00229183,0,0,0,0,0,0,0,0,0,1,87,58,0,0.00034,0.00034,3,5,0,0,0,0,0,0,0,0,0,0,1,0,0,0,0,0,0,0,0,0,0,,0,0,0,0,
6,5.08,0,-35.8,32.5,0,0,0,-1.55,0,0,0,0,-7.5,0,0,0,0,-0.00229183,0,0,0,0,0,0,0,0,0,1,78,58,0,0.00034,0.00034,3,5,0,0,0,0,0,0,0,0,0,0,1,0,0,0,0,0,0,0,0,0,0,,0,0,0,0,
7,5.6,0,-34.55,35,0,0,0,-3.95,0,0,0,0,-5,0,0,0,0,-0.00229183,0,0,0,0,0,0,0,0,0,1,80,58,0,0.00034,0.00034,3,5,0,0,0,0,0,0,0,0,0,0,1,0,0,0,0,0,0,0,0,0,0,,0,0,0,0,
8,5.6,0,-24.3,35,0,0,0,-5.95,0,0,0,0,-10,0,0,0,0,-0.00229183,0,0,0,0,0,0,0,0,0,1,80,58,0,0.00034,0.00034,3,5,0,0,0,0,0,0,0,0,0,0,1,0,0,0,0,0,0,0,0,0,0,,0,0,0,0,
9,6.43,0,71.6,25.5,0,0,0,-14.35,0,0,0,0,18.5,0,0,0,0,-0.00229183,0,0,0,0,0,0,0,0,0,1,71,58,0,0.00034,0.00034,2,-1,0,0,0,0,0,0,0,0,0,0,1,0,0,0,0,0,0,0,0,0,0,,0,0,0,0,
10,6.83,0,-19.9,26,0,0,0,-2.05,0,0,0,0,-19.5,0,0,0,0,-0.00229183,0,0,0,0,0,0,0,0,0,1,72,58,0,0.00034,0.00034,3,5,0,0,0,0,0,0,0,0,0,0,1,0,0,0,0,0,0,0,0,0,0,,0,0,0,0,
11,7.59,0,32.8,43.5,0,0,0,6.8,0,0,0,0,8,0,0,0,0,-0.00229183,0,0,0,0,0,0,0,0,0,1,89,58,0,0.00034,0.00034,3,5,0,0,0,0,0,0,0,0,0,0,1,0,0,0,0,0,0,0,0,0,0,,0,0,0,0,
12,8.22,0,-25.05,29,0,0,0,-2.2,0,0,0,0,-11.5,0,0,0,0,-0.00229183,0,0,0,0,0,0,0,0,0,1,76,58,0,0.00034,0.00034,3,5,0,0,0,0,0,0,0,0,0,0,1,0,0,0,0,0,0,0,0,0,0,,0,0,0,0,
13,8.51,0,45.3,31.5,0,0,0,5.75,0,0,0,0,7,0,0,0,0,-0.00229183,0,0,0,0,0,0,0,0,0,1,78,58,0,0.00034,0.00034,3,5,0,0,0,0,0,0,0,0,0,0,1,0,0,0,0,0,0,0,0,0,0,,0,0,0,0,
14,8.93,0,-32.95,26.5,0,0,0,-1.45,0,0,0,0,-10,0,0,0,0,-0.00229183,0,0,0,0,0,0,0,0,0,1,73,58,0,0.00034,0.00034,3,5,0,0,0,0,0,0,0,0,0,0,1,0,0,0,0,0,0,0,0,0,0,,0,0,0,0,
15,9.41,0,-29.15,24.5,0,0,0,-3.45,0,0,0,0,-13.5,0,0,0,0,-0.00229183,0,0,0,0,0,0,0,0,0,1,71,58,0,0.00034,0.00034,3,5,0,0,0,0,0,0,0,0,0,0,1,0,0,0,0,0,0,0,0,0,0,,0,0,0,0,
16,12.16,0,-12.9,26.5,0,0,0,12.2,0,0,0,0,-16,0,0,0,0,-0.00229183,0,0,0,0,0,0,0,0,0,1,74,58,0,0.00034,0.00034,3,5,0,0,0,0,0,0,0,0,0,0,1,0,0,0,0,0,0,0,0,0,0,,0,0,0,0,
17,12.99,0,-23.35,21,0,0,0,-1.7,0,0,0,0,-18,0,0,0,0,-0.00229183,0,0,0,0,0,0,0,0,0,1,68,58,0,0.00034,0.00034,3,5,0,0,0,0,0,0,0,0,0,0,1,0,0,0,0,0,0,0,0,0,0,,0,0,0,0,
END,Total:18
START,FrameNb:32,CameraNb:0,HeSaiNb:0,ARS410Nb:0
2026/08/02 16:19:37:442---->
heightOffset:0,1785658777442,1067008,selfCaliBufCnt:0,selfAccObjCnt:0,selfAccAngle:0,installHAngleOffset:0,Interpolation:0,installVAngleOffset:0,radarOffsetH:0,radarOffsetV:0.32,Polynom:-0.001023;-0.0511;-2.047;0;0;0;-0.001023;-0.0511;-2.047;-25.5;0;0,WheelDirection:0;0;0;0,selfAngleOffset:0,selfAngleOffsetPit:0,currCaliAngleHrz:0,currCaliAnglePit:0,selfCaliAngleHrz:0,selfCaliAnglePit:0,servCaliAngleHrz:0,servCaliAnglePit:0,offlineCaliAngleHrz:0,offlineCaliAnglePit:0,determine2useFlag:0,IMU_Z_Accel:-21.592,IMU_X_AngularRate:-2.093,IMU_Y_AngularRate:-2.093,IMU_RollAngle:-180,IMU_PitchAngle:-180,IMU_YawAngle:-180,FcwID:0,FCWWarningLevel:0,FCWTTC:0
0,2.35,0,51.05,29,0,0,0,-10.2,1.37605e-33,0,0,0,5.5,0,0,0,0,-0.00229183,0,0,0,0,0,0,0,0,0,1,78,55,0,0.00034,0.00034,2,-1,0,0,0,0,0,0,0,0,0,0,1,0,1,0,0,0,0,0,0,0,0,,0,0,0,0,
1,2.79,0,-33.8,45,0,0,0,1.2,0,0,0,0,7,0,0,0,0,-0.00229183,0,0,0,0,0,0,0,0,0,1,94,55,0,0.00034,0.00034,3,5,0,0,0,0,0,0,0,0,0,0,1,0,1,0,0,0,0,0,0,0,0,,0,0,0,0,
2,3.26,0,13.8,37.5,0,0,0,1.3,0,0,0,0,-8,0,0,0,0,-0.00229183,0,0,0,0,0,0,0,0,0,1,86,55,0,0.00034,0.00034,3,0,0,0,0,0,0,0,0,0,0,0,1,0,1,0,0,0,0,0,0,0,0,,0,0,0,0,
3,3.58,0,-50.4,32,0,0,0,-5.95,0,0,0,0,7.5,0,0,0,0,-0.00229183,0,0,0,0,0,0,0,0,0,1,80,55,0,0.00034,0.00034,3,7,0,0,0,0,0,0,0,0,0,0,1,0,1,0,0,0,0,0,0,0,0,,0,0,0,0,
4,4.07,0,1.9,38.5,0,0,0,2.95,0,0,0,0,-9,0,0,0,0,-0.00229183,0,0,0,0,0,0,0,0,0,1,87,55,0,0.00034,0.00034,3,5,0,0,0,0,0,0,0,0,0,0,1,0,1,0,0,0,0,0,0,0,0,,0,0,0,0,
5,5.1,0,-35.95,32.5,0,0,0,-1.3,0,0,0,0,-7.5,0,0,0,0,-0.00229183,0,0,0,0,0,0,0,0,0,1,78,55,0,0.00034,0.00034,3,0,0,0,0,0,0,0,0,0,0,0,1,0,1,0,0,0,0,0,0,0,0,,0,0,0,0,
6,5.61,0,-34.55,35,0,0,0,-4.05,0,0,0,0,-4.5,0,0,0,0,-0.00229183,0,0,0,0,0,0,0,0,0,1,80,55,0,0.00034,0.00034,3,5,0,0,0,0,0,0,0,0,0,0,1,0,1,0,0,0,0,0,0,0,0,,0,0,0,0,
7,5.61,0,-24.2,35,0,0,0,-6,0,0,0,0,-9.5,0,0,0,0,-0.00229183,0,0,0,0,0,0,0,0,0,1,80,55,0,0.00034,0.00034,3,5,0,0,0,0,0,0,0,0,0,0,1,0,1,0,0,0,0,0,0,0,0,,0,0,0,0,
8,6.42,0,34.05,26,0,0,0,-9.25,0,0,0,0,-10.5,0,0,0,0,-0.00229183,0,0,0,0,0,0,0,0,0,1,71,55,0,0.00034,0.00034,3,5,0,0,0,0,0,0,0,0,0,0,1,0,1,0,0,0,0,0,0,0,0,,0,0,0,0,
9,6.82,0,49.65,26.5,0,0,0,-9.55,0,0,0,0,2,0,0,0,0,-0.00229183,0,0,0,0,0,0,0,0,0,1,72,55,0,0.00034,0.00034,3,5,0,0,0,0,0,0,0,0,0,0,1,0,1,0,0,0,0,0,0,0,0,,0,0,0,0,
10,7.59,0,32.8,43.5,0,0,0,6.9,0,0,0,0,8,0,0,0,0,-0.00229183,0,0,0,0,0,0,0,0,0,1,90,55,0,0.00034,0.00034,3,5,0,0,0,0,0,0,0,0,0,0,1,0,1,0,0,0,0,0,0,0,0,,0,0,0,0,
11,8.08,0,-25.1,29,0,0,0,-2.25,0,0,0,0,-12,0,0,0,0,-0.00229183,0,0,0,0,0,0,0,0,0,1,75,55,0,0.00034,0.00034,3,5,0,0,0,0,0,0,0,0,0,0,1,0,1,0,0,0,0,0,0,0,0,,0,0,0,0,
12,8.52,0,45.3,31.5,0,0,0,5.75,0,0,0,0,7,0,0,0,0,-0.00229183,0,0,0,0,0,0,0,0,0,1,78,55,0,0.00034,0.00034,3,5,0,0,0,0,0,0,0,0,0,0,1,0,1,0,0,0,0,0,0,0,0,,0,0,0,0,
13,8.93,0,-33,26.5,0,0,0,-1.35,0,0,0,0,-10,0,0,0,0,-0.00229183,0,0,0,0,0,0,0,0,0,1,73,55,0,0.00034,0.00034,3,5,0,0,0,0,0,0,0,0,0,0,1,0,1,0,0,0,0,0,0,0,0,,0,0,0,0,
14,9.41,0,-29.1,24.5,0,0,0,-3.45,0,0,0,0,-13.5,0,0,0,0,-0.00229183,0,0,0,0,0,0,0,0,0,1,71,55,0,0.00034,0.00034,3,5,0,0,0,0,0,0,0,0,0,0,1,0,1,0,0,0,0,0,0,0,0,,0,0,0,0,
15,12.16,0,-12.85,26.5,0,0,0,12.2,0,0,0,0,-16,0,0,0,0,-0.00229183,0,0,0,0,0,0,0,0,0,1,74,55,0,0.00034,0.00034,3,5,0,0,0,0,0,0,0,0,0,0,1,0,1,0,0,0,0,0,0,0,0,,0,0,0,0,
16,12.99,0,-23.2,21.5,0,0,0,-1.95,0,0,0,0,-17.5,0,0,0,0,-0.00229183,0,0,0,0,0,0,0,0,0,1,68,55,0,0.00034,0.00034,3,5,0,0,0,0,0,0,0,0,0,0,1,0,1,0,0,0,0,0,0,0,0,,0,0,0,0,
END,Total:17
START,FrameNb:33,CameraNb:0,HeSaiNb:0,ARS410Nb:0
2026/08/02 16:19:37:503---->
heightOffset:0,1785658777503,1067068,selfCaliBufCnt:0,selfAccObjCnt:0,selfAccAngle:0,installHAngleOffset:0,Interpolation:0,installVAngleOffset:0,radarOffsetH:0,radarOffsetV:0.32,Polynom:-0.001023;-0.0511;-2.047;0;0;0;-0.001023;-0.0511;-2.047;-25.5;0;0,WheelDirection:0;0;0;0,selfAngleOffset:0,selfAngleOffsetPit:0,currCaliAngleHrz:0,currCaliAnglePit:0,selfCaliAngleHrz:0,selfCaliAnglePit:0,servCaliAngleHrz:0,servCaliAnglePit:0,offlineCaliAngleHrz:0,offlineCaliAnglePit:0,determine2useFlag:0,IMU_Z_Accel:-21.592,IMU_X_AngularRate:-2.093,IMU_Y_AngularRate:-2.093,IMU_RollAngle:-180,IMU_PitchAngle:-180,IMU_YawAngle:-180,FcwID:0,FCWWarningLevel:0,FCWTTC:0
0,2.35,0,50.55,29,0,0,0,-10.2,1.37605e-33,0,0,0,4.5,0,0,0,0,-0.00229183,0,0,0,0,0,0,0,0,0,1,78,62,0,0.00034,0.00034,3,5,0,0,0,0,0,0,0,0,0,0,1,0,0,0,0,0,0,0,0,0,0,,0,0,0,0,
1,2.79,0,-33.8,45,0,0,0,1.2,0,0,0,0,7,0,0,0,0,-0.00229183,0,0,0,0,0,0,0,0,0,1,94,62,0,0.00034,0.00034,3,5,0,0,0,0,0,0,0,0,0,0,1,0,0,0,0,0,0,0,0,0,0,,0,0,0,0,
2,3.27,0,13.8,37.5,0,0,0,1.4,0,0,0,0,-8,0,0,0,0,-0.00229183,0,0,0,0,0,0,0,0,0,1,86,62,0,0.00034,0.00034,3,0,0,0,0,0,0,0,0,0,0,0,1,0,0,0,0,0,0,0,0,0,0,,0,0,0,0,
3,3.58,0,-50.05,32.5,0,0,0,-5.75,0,0,0,0,8,0,0,0,0,-0.00229183,0,0,0,0,0,0,0,0,0,1,81,62,0,0.00034,0.00034,3,7,0,0,0,0,0,0,0,0,0,0,1,0,0,0,0,0,0,0,0,0,0,,0,0,0,0,
4,4.07,0,1.9,38.5,0,0,0,2.95,0,0,0,0,-9,0,0,0,0,-0.00229183,0,0,0,0,0,0,0,0,0,1,87,62,0,0.00034,0.00034,3,5,0,0,0,0,0,0,0,0,0,0,1,0,0,0,0,0,0,0,0,0,0,,0,0,0,0,
5,5.1,0,-35.7,32.5,0,0,0,-1.3,0,0,0,0,-7,0,0,0,0,-0.00229183,0,0,0,0,0,0,0,0,0,1,78,62,0,0.00034,0.00034,3,5,0,0,0,0,0,0,0,0,0,0,1,0,0,0,0,0,0,0,0,0,0,,0,0,0,0,
6,5.61,0,-34.55,35,0,0,0,-3.85,0,0,0,0,-4.5,0,0,0,0,-0.00229183,0,0,0,0,0,0,0,0,0,1,80,62,0,0.00034,0.00034,3,5,0,0,0,0,0,0,0,0,0,0,1,0,0,0,0,0,0,0,0,0,0,,0,0,0,0,
7,5.61,0,-24.3,35,0,0,0,-5.85,0,0,0,0,-9.5,0,0,0,0,-0.00229183,0,0,0,0,0,0,0,0,0,1,80,62,0,0.00034,0.00034,3,5,0,0,0,0,0,0,0,0,0,0,1,0,0,0,0,0,0,0,0,0,0,,0,0,0,0,
8,6.42,0,71.65,25.5,0,0,0,-15,0,0,0,0,18.5,0,0,0,0,-0.00229183,0,0,0,0,0,0,0,0,0,1,71,62,0,0.00034,0.00034,2,-1,0,0,0,0,0,0,0,0,0,0,1,0,0,0,0,0,0,0,0,0,0,,0,0,0,0,
9,6.82,0,-19.8,26,0,0,0,-10.2,0,0,0,0,-19,0,0,0,0,-0.00229183,0,0,0,0,0,0,0,0,0,1,72,62,0,0.00034,0.00034,3,5,0,0,0,0,0,0,0,0,0,0,1,0,0,0,0,0,0,0,0,0,0,,0,0,0,0,
10,7.58,0,32.65,43,0,0,0,7,0,0,0,0,8,0,0,0,0,-0.00229183,0,0,0,0,0,0,0,0,0,1,89,62,0,0.00034,0.00034,3,5,0,0,0,0,0,0,0,0,0,0,1,0,0,0,0,0,0,0,0,0,0,,0,0,0,0,
11,8.51,0,45.3,31.5,0,0,0,5.8,0,0,0,0,7,0,0,0,0,-0.00229183,0,0,0,0,0,0,0,0,0,1,78,62,0,0.00034,0.00034,3,5,0,0,0,0,0,0,0,0,0,0,1,0,0,0,0,0,0,0,0,0,0,,0,0,0,0,
12,8.92,0,-32.85,26,0,0,0,-1.3,0,0,0,0,-10,0,0,0,0,-0.00229183,0,0,0,0,0,0,0,0,0,1,73,62,0,0.00034,0.00034,3,5,0,0,0,0,0,0,0,0,0,0,1,0,0,0,0,0,0,0,0,0,0,,0,0,0,0,
13,9.43,0,-29.15,24,0,0,0,-3.45,0,0,0,0,-13.5,0,0,0,0,-0.00229183,0,0,0,0,0,0,0,0,0,1,71,62,0,0.00034,0.00034,3,5,0,0,0,0,0,0,0,0,0,0,1,0,0,0,0,0,0,0,0,0,0,,0,0,0,0,
14,12.16,0,-12.9,27,0,0,0,12.4,0,0,0,0,-16,0,0,0,0,-0.00229183,0,0,0,0,0,0,0,0,0,1,74,62,0,0.00034,0.00034,3,5,0,0,0,0,0,0,0,0,0,0,1,0,0,0,0,0,0,0,0,0,0,,0,0,0,0,
15,12.98,0,-23.35,21,0,0,0,-1.8,0,0,0,0,-17.5,0,0,0,0,-0.00229183,0,0,0,0,0,0,0,0,0,1,68,62,0,0.00034,0.00034,3,5,0,0,0,0,0,0,0,0,0,0,1,0,0,0,0,0,0,0,0,0,0,,0,0,0,0,
END,Total:16
START,FrameNb:34,CameraNb:0,HeSaiNb:0,ARS410Nb:0
2026/08/02 16:19:37:568---->
heightOffset:0,1785658777568,1067132,selfCaliBufCnt:0,selfAccObjCnt:0,selfAccAngle:0,installHAngleOffset:0,Interpolation:0,installVAngleOffset:0,radarOffsetH:0,radarOffsetV:0.32,Polynom:-0.001023;-0.0511;-2.047;0;0;0;-0.001023;-0.0511;-2.047;-25.5;0;0,WheelDirection:0;0;0;0,selfAngleOffset:0,selfAngleOffsetPit:0,currCaliAngleHrz:0,currCaliAnglePit:0,selfCaliAngleHrz:0,selfCaliAnglePit:0,servCaliAngleHrz:0,servCaliAnglePit:0,offlineCaliAngleHrz:0,offlineCaliAnglePit:0,determine2useFlag:0,IMU_Z_Accel:-21.592,IMU_X_AngularRate:-2.093,IMU_Y_AngularRate:-2.093,IMU_RollAngle:-180,IMU_PitchAngle:-180,IMU_YawAngle:-180,FcwID:0,FCWWarningLevel:0,FCWTTC:0
0,2.35,0,51.15,29,0,0,0,-10.1,1.37605e-33,0,0,0,5.5,0,0,0,0,-0.00229183,0,0,0,0,0,0,0,0,0,1,78,61,0,0.00034,0.00034,3,5,0,0,0,0,0,0,0,0,0,0,1,0,1,0,0,0,0,0,0,0,0,,0,0,0,0,
1,2.79,0,-33.8,45,0,0,0,1.2,0,0,0,0,7,0,0,0,0,-0.00229183,0,0,0,0,0,0,0,0,0,1,94,61,0,0.00034,0.00034,3,5,0,0,0,0,0,0,0,0,0,0,1,0,1,0,0,0,0,0,0,0,0,,0,0,0,0,
2,3.25,0,13.8,37.5,0,0,0,1.4,0,0,0,0,-8,0,0,0,0,-0.00229183,0,0,0,0,0,0,0,0,0,1,86,61,0,0.00034,0.00034,3,0,0,0,0,0,0,0,0,0,0,0,1,0,1,0,0,0,0,0,0,0,0,,0,0,0,0,
3,3.58,0,-50.1,32.5,0,0,0,-6,0,0,0,0,7.5,0,0,0,0,-0.00229183,0,0,0,0,0,0,0,0,0,1,80,61,0,0.00034,0.00034,3,5,0,0,0,0,0,0,0,0,0,0,1,0,1,0,0,0,0,0,0,0,0,,0,0,0,0,
4,4.07,0,1.9,39,0,0,0,2.95,0,0,0,0,-9,0,0,0,0,-0.00229183,0,0,0,0,0,0,0,0,0,1,87,61,0,0.00034,0.00034,3,5,0,0,0,0,0,0,0,0,0,0,1,0,1,0,0,0,0,0,0,0,0,,0,0,0,0,
5,5.08,0,-35.95,32.5,0,0,0,-1.35,0,0,0,0,-7.5,0,0,0,0,-0.00229183,0,0,0,0,0,0,0,0,0,1,78,61,0,0.00034,0.00034,3,0,0,0,0,0,0,0,0,0,0,0,1,0,1,0,0,0,0,0,0,0,0,,0,0,0,0,
6,5.61,0,-34.55,35,0,0,0,-3.75,0,0,0,0,-4.5,0,0,0,0,-0.00229183,0,0,0,0,0,0,0,0,0,1,80,61,0,0.00034,0.00034,3,5,0,0,0,0,0,0,0,0,0,0,1,0,1,0,0,0,0,0,0,0,0,,0,0,0,0,
7,5.61,0,-24.3,35,0,0,0,-5.7,0,0,0,0,-9.5,0,0,0,0,-0.00229183,0,0,0,0,0,0,0,0,0,1,80,61,0,0.00034,0.00034,3,5,0,0,0,0,0,0,0,0,0,0,1,0,1,0,0,0,0,0,0,0,0,,0,0,0,0,
8,6.42,0,34.35,25.5,0,0,0,-10.1,0,0,0,0,-10.5,0,0,0,0,-0.00229183,0,0,0,0,0,0,0,0,0,1,71,61,0,0.00034,0.00034,3,5,0,0,0,0,0,0,0,0,0,0,1,0,1,0,0,0,0,0,0,0,0,,0,0,0,0,
9,6.84,0,-36.2,26,0,0,0,-0.95,0,0,0,0,-10.5,0,0,0,0,-0.00229183,0,0,0,0,0,0,0,0,0,1,72,61,0,0.00034,0.00034,3,5,0,0,0,0,0,0,0,0,0,0,1,0,1,0,0,0,0,0,0,0,0,,0,0,0,0,
10,7.58,0,32.55,43.5,0,0,0,6.95,0,0,0,0,8,0,0,0,0,-0.00229183,0,0,0,0,0,0,0,0,0,1,89,61,0,0.00034,0.00034,3,5,0,0,0,0,0,0,0,0,0,0,1,0,1,0,0,0,0,0,0,0,0,,0,0,0,0,
11,8.08,0,-24.8,29,0,0,0,-1.95,0,0,0,0,-12,0,0,0,0,-0.00229183,0,0,0,0,0,0,0,0,0,1,75,61,0,0.00034,0.00034,3,5,0,0,0,0,0,0,0,0,0,0,1,0,1,0,0,0,0,0,0,0,0,,0,0,0,0,
12,8.52,0,45.3,31.5,0,0,0,5.7,0,0,0,0,7,0,0,0,0,-0.00229183,0,0,0,0,0,0,0,0,0,1,78,61,0,0.00034,0.00034,3,5,0,0,0,0,0,0,0,0,0,0,1,0,1,0,0,0,0,0,0,0,0,,0,0,0,0,
13,8.93,0,-32.85,26.5,0,0,0,-1.35,0,0,0,0,-10,0,0,0,0,-0.00229183,0,0,0,0,0,0,0,0,0,1,73,61,0,0.00034,0.00034,3,5,0,0,0,0,0,0,0,0,0,0,1,0,1,0,0,0,0,0,0,0,0,,0,0,0,0,
14,9.41,0,-29.2,24.5,0,0,0,-3.35,0,0,0,0,-13.5,0,0,0,0,-0.00229183,0,0,0,0,0,0,0,0,0,1,71,61,0,0.00034,0.00034,3,5,0,0,0,0,0,0,0,0,0,0,1,0,1,0,0,0,0,0,0,0,0,,0,0,0,0,
15,12.16,0,-12.85,27,0,0,0,12.15,0,0,0,0,-16,0,0,0,0,-0.00229183,0,0,0,0,0,0,0,0,0,1,74,61,0,0.00034,0.00034,3,5,0,0,0,0,0,0,0,0,0,0,1,0,1,0,0,0,0,0,0,0,0,,0,0,0,0,
16,12.99,0,-23.15,21,0,0,0,-1.6,0,0,0,0,-18,0,0,0,0,-0.00229183,0,0,0,0,0,0,0,0,0,1,67,61,0,0.00034,0.00034,3,5,0,0,0,0,0,0,0,0,0,0,1,0,1,0,0,0,0,0,0,0,0,,0,0,0,0,
END,Total:17
START,FrameNb:35,CameraNb:0,HeSaiNb:0,ARS410Nb:0
2026/08/02 16:19:37:598---->
heightOffset:0,1785658777598,1067188,selfCaliBufCnt:0,selfAccObjCnt:0,selfAccAngle:0,installHAngleOffset:0,Interpolation:0,installVAngleOffset:0,radarOffsetH:0,radarOffsetV:0.32,Polynom:-0.001023;-0.0511;-2.047;0;0;0;-0.001023;-0.0511;-2.047;-25.5;0;0,WheelDirection:0;0;0;0,selfAngleOffset:0,selfAngleOffsetPit:0,currCaliAngleHrz:0,currCaliAnglePit:0,selfCaliAngleHrz:0,selfCaliAnglePit:0,servCaliAngleHrz:0,servCaliAnglePit:0,offlineCaliAngleHrz:0,offlineCaliAnglePit:0,determine2useFlag:0,IMU_Z_Accel:-21.592,IMU_X_AngularRate:-2.093,IMU_Y_AngularRate:-2.093,IMU_RollAngle:-180,IMU_PitchAngle:-180,IMU_YawAngle:-180,FcwID:0,FCWWarningLevel:0,FCWTTC:0
0,2.35,0,50.85,29,0,0,0,-10.1,1.37605e-33,0,0,0,4.5,0,0,0,0,-0.00229183,0,0,0,0,0,0,0,0,0,1,78,60,0,0.00034,0.00034,3,5,0,0,0,0,0,0,0,0,0,0,1,0,0,0,0,0,0,0,0,0,0,,0,0,0,0,
1,2.79,0,-33.8,45,0,0,0,1.2,0,0,0,0,7,0,0,0,0,-0.00229183,0,0,0,0,0,0,0,0,0,1,94,60,0,0.00034,0.00034,3,5,0,0,0,0,0,0,0,0,0,0,1,0,0,0,0,0,0,0,0,0,0,,0,0,0,0,
2,3.27,0,13.8,37.5,0,0,0,1.4,0,0,0,0,-8,0,0,0,0,-0.00229183,0,0,0,0,0,0,0,0,0,1,86,60,0,0.00034,0.00034,3,0,0,0,0,0,0,0,0,0,0,0,1,0,0,0,0,0,0,0,0,0,0,,0,0,0,0,
3,3.58,0,-3.7,32.5,0,0,0,-8.55,0,0,0,0,-16,0,0,0,0,-0.00229183,0,0,0,0,0,0,0,0,0,1,81,60,0,0.00034,0.00034,3,7,0,0,0,0,0,0,0,0,0,0,1,0,0,0,0,0,0,0,0,0,0,,0,0,0,0,
4,4.07,0,1.9,38.5,0,0,0,2.95,0,0,0,0,-9,0,0,0,0,-0.00229183,0,0,0,0,0,0,0,0,0,1,87,60,0,0.00034,0.00034,3,5,0,0,0,0,0,0,0,0,0,0,1,0,0,0,0,0,0,0,0,0,0,,0,0,0,0,
5,5.08,0,-35.7,32.5,0,0,0,-1.3,0,0,0,0,-7.5,0,0,0,0,-0.00229183,0,0,0,0,0,0,0,0,0,1,78,60,0,0.00034,0.00034,3,5,0,0,0,0,0,0,0,0,0,0,1,0,0,0,0,0,0,0,0,0,0,,0,0,0,0,
6,5.61,0,-34.55,35,0,0,0,-3.85,0,0,0,0,-4.5,0,0,0,0,-0.00229183,0,0,0,0,0,0,0,0,0,1,80,60,0,0.00034,0.00034,3,5,0,0,0,0,0,0,0,0,0,0,1,0,0,0,0,0,0,0,0,0,0,,0,0,0,0,
7,5.61,0,-24.3,35,0,0,0,-5.85,0,0,0,0,-9.5,0,0,0,0,-0.00229183,0,0,0,0,0,0,0,0,0,1,80,60,0,0.00034,0.00034,3,5,0,0,0,0,0,0,0,0,0,0,1,0,0,0,0,0,0,0,0,0,0,,0,0,0,0,
8,6.42,0,71.6,25.5,0,0,0,-15,0,0,0,0,18.5,0,0,0,0,-0.00229183,0,0,0,0,0,0,0,0,0,1,71,60,0,0.00034,0.00034,2,-1,0,0,0,0,0,0,0,0,0,0,1,0,0,0,0,0,0,0,0,0,0,,0,0,0,0,
9,6.83,0,-19.85,26,0,0,0,-10.3,0,0,0,0,-19.5,0,0,0,0,-0.00229183,0,0,0,0,0,0,0,0,0,1,72,60,0,0.00034,0.00034,3,5,0,0,0,0,0,0,0,0,0,0,1,0,0,0,0,0,0,0,0,0,0,,0,0,0,0,
10,7.58,0,32.45,43,0,0,0,6.75,0,0,0,0,7.5,0,0,0,0,-0.00229183,0,0,0,0,0,0,0,0,0,1,89,60,0,0.00034,0.00034,3,5,0,0,0,0,0,0,0,0,0,0,1,0,0,0,0,0,0,0,0,0,0,,0,0,0,0,
11,8.26,0,-24.8,29,0,0,0,10.8,0,0,0,0,-11.5,0,0,0,0,-0.00229183,0,0,0,0,0,0,0,0,0,1,76,60,0,0.00034,0.00034,3,5,0,0,0,0,0,0,0,0,0,0,1,0,0,0,0,0,0,0,0,0,0,,0,0,0,0,
12,8.51,0,45.3,31.5,0,0,0,5.75,0,0,0,0,7,0,0,0,0,-0.00229183,0,0,0,0,0,0,0,0,0,1,78,60,0,0.00034,0.00034,3,5,0,0,0,0,0,0,0,0,0,0,1,0,0,0,0,0,0,0,0,0,0,,0,0,0,0,
13,8.93,0,-33,26,0,0,0,-1.45,0,0,0,0,-10,0,0,0,0,-0.00229183,0,0,0,0,0,0,0,0,0,1,73,60,0,0.00034,0.00034,3,5,0,0,0,0,0,0,0,0,0,0,1,0,0,0,0,0,0,0,0,0,0,,0,0,0,0,
14,9.41,0,-29.1,24.5,0,0,0,-3.55,0,0,0,0,-13,0,0,0,0,-0.00229183,0,0,0,0,0,0,0,0,0,1,71,60,0,0.00034,0.00034,3,5,0,0,0,0,0,0,0,0,0,0,1,0,0,0,0,0,0,0,0,0,0,,0,0,0,0,
15,12.16,0,-12.85,26.5,0,0,0,12.2,0,0,0,0,-16,0,0,0,0,-0.00229183,0,0,0,0,0,0,0,0,0,1,74,60,0,0.00034,0.00034,3,5,0,0,0,0,0,0,0,0,0,0,1,0,0,0,0,0,0,0,0,0,0,,0,0,0,0,
16,12.98,0,-23.4,20.5,0,0,0,-1.8,0,0,0,0,-18,0,0,0,0,-0.00229183,0,0,0,0,0,0,0,0,0,1,67,60,0,0.00034,0.00034,3,5,0,0,0,0,0,0,0,0,0,0,1,0,0,0,0,0,0,0,0,0,0,,0,0,0,0,
END,Total:17
START,FrameNb:36,CameraNb:0,HeSaiNb:0,ARS410Nb:0
2026/08/02 16:19:37:692---->
heightOffset:0,1785658777692,1067248,selfCaliBufCnt:0,selfAccObjCnt:0,selfAccAngle:0,installHAngleOffset:0,Interpolation:0,installVAngleOffset:0,radarOffsetH:0,radarOffsetV:0.32,Polynom:-0.001023;-0.0511;-2.047;0;0;0;-0.001023;-0.0511;-2.047;-25.5;0;0,WheelDirection:0;0;0;0,selfAngleOffset:0,selfAngleOffsetPit:0,currCaliAngleHrz:0,currCaliAnglePit:0,selfCaliAngleHrz:0,selfCaliAnglePit:0,servCaliAngleHrz:0,servCaliAnglePit:0,offlineCaliAngleHrz:0,offlineCaliAnglePit:0,determine2useFlag:0,IMU_Z_Accel:-21.592,IMU_X_AngularRate:-2.093,IMU_Y_AngularRate:-2.093,IMU_RollAngle:-180,IMU_PitchAngle:-180,IMU_YawAngle:-180,FcwID:0,FCWWarningLevel:0,FCWTTC:0
0,2.35,0,51.2,29,0,0,0,-10.2,1.37605e-33,0,0,0,5.5,0,0,0,0,-0.00229183,0,0,0,0,0,0,0,0,0,1,78,55,0,0.00034,0.00034,3,5,0,0,0,0,0,0,0,0,0,0,1,0,1,0,0,0,0,0,0,0,0,,0,0,0,0,
1,2.79,0,-33.8,45,0,0,0,1.2,0,0,0,0,7,0,0,0,0,-0.00229183,0,0,0,0,0,0,0,0,0,1,94,55,0,0.00034,0.00034,3,5,0,0,0,0,0,0,0,0,0,0,1,0,1,0,0,0,0,0,0,0,0,,0,0,0,0,
2,3.26,0,13.8,37.5,0,0,0,1.3,0,0,0,0,-8,0,0,0,0,-0.00229183,0,0,0,0,0,0,0,0,0,1,86,55,0,0.00034,0.00034,3,0,0,0,0,0,0,0,0,0,0,0,1,0,1,0,0,0,0,0,0,0,0,,0,0,0,0,
3,3.58,0,-50.1,32.5,0,0,0,-5.95,0,0,0,0,8,0,0,0,0,-0.00229183,0,0,0,0,0,0,0,0,0,1,81,55,0,0.00034,0.00034,3,5,0,0,0,0,0,0,0,0,0,0,1,0,1,0,0,0,0,0,0,0,0,,0,0,0,0,
4,4.07,0,1.9,38.5,0,0,0,2.95,0,0,0,0,-9,0,0,0,0,-0.00229183,0,0,0,0,0,0,0,0,0,1,87,55,0,0.00034,0.00034,3,5,0,0,0,0,0,0,0,0,0,0,1,0,1,0,0,0,0,0,0,0,0,,0,0,0,0,
5,5.09,0,-35.95,32.5,0,0,0,-1.1,0,0,0,0,-7.5,0,0,0,0,-0.00229183,0,0,0,0,0,0,0,0,0,1,78,55,0,0.00034,0.00034,3,0,0,0,0,0,0,0,0,0,0,0,1,0,1,0,0,0,0,0,0,0,0,,0,0,0,0,
6,5.61,0,-34.5,35,0,0,0,-3.75,0,0,0,0,-4.5,0,0,0,0,-0.00229183,0,0,0,0,0,0,0,0,0,1,80,55,0,0.00034,0.00034,3,5,0,0,0,0,0,0,0,0,0,0,1,0,1,0,0,0,0,0,0,0,0,,0,0,0,0,
7,5.61,0,-24.3,35,0,0,0,-5.7,0,0,0,0,-9.5,0,0,0,0,-0.00229183,0,0,0,0,0,0,0,0,0,1,80,55,0,0.00034,0.00034,3,5,0,0,0,0,0,0,0,0,0,0,1,0,1,0,0,0,0,0,0,0,0,,0,0,0,0,
8,6.42,0,34.45,25.5,0,0,0,-10.55,0,0,0,0,-10.5,0,0,0,0,-0.00229183,0,0,0,0,0,0,0,0,0,1,71,55,0,0.00034,0.00034,3,5,0,0,0,0,0,0,0,0,0,0,1,0,1,0,0,0,0,0,0,0,0,,0,0,0,0,
9,7.58,0,32.45,43,0,0,0,6.8,0,0,0,0,7.5,0,0,0,0,-0.00229183,0,0,0,0,0,0,0,0,0,1,89,55,0,0.00034,0.00034,3,5,0,0,0,0,0,0,0,0,0,0,1,0,1,0,0,0,0,0,0,0,0,,0,0,0,0,
10,8.26,0,-24.9,29,0,0,0,10.25,0,0,0,0,-12,0,0,0,0,-0.00229183,0,0,0,0,0,0,0,0,0,1,75,55,0,0.00034,0.00034,3,5,0,0,0,0,0,0,0,0,0,0,1,0,1,0,0,0,0,0,0,0,0,,0,0,0,0,
11,8.51,0,45.3,31.5,0,0,0,5.65,0,0,0,0,7,0,0,0,0,-0.00229183,0,0,0,0,0,0,0,0,0,1,78,55,0,0.00034,0.00034,3,5,0,0,0,0,0,0,0,0,0,0,1,0,1,0,0,0,0,0,0,0,0,,0,0,0,0,
12,8.93,0,-32.9,26.5,0,0,0,-1.45,0,0,0,0,-10,0,0,0,0,-0.00229183,0,0,0,0,0,0,0,0,0,1,73,55,0,0.00034,0.00034,3,5,0,0,0,0,0,0,0,0,0,0,1,0,1,0,0,0,0,0,0,0,0,,0,0,0,0,
13,9.4,0,-29.2,24.5,0,0,0,-3.45,0,0,0,0,-13.5,0,0,0,0,-0.00229183,0,0,0,0,0,0,0,0,0,1,71,55,0,0.00034,0.00034,3,5,0,0,0,0,0,0,0,0,0,0,1,0,1,0,0,0,0,0,0,0,0,,0,0,0,0,
14,12.16,0,-12.85,26.5,0,0,0,12.2,0,0,0,0,-16,0,0,0,0,-0.00229183,0,0,0,0,0,0,0,0,0,1,74,55,0,0.00034,0.00034,3,5,0,0,0,0,0,0,0,0,0,0,1,0,1,0,0,0,0,0,0,0,0,,0,0,0,0,
15,12.99,0,-23.3,21,0,0,0,-1.75,0,0,0,0,-18,0,0,0,0,-0.00229183,0,0,0,0,0,0,0,0,0,1,67,55,0,0.00034,0.00034,3,5,0,0,0,0,0,0,0,0,0,0,1,0,1,0,0,0,0,0,0,0,0,,0,0,0,0,
END,Total:16
START,FrameNb:37,CameraNb:0,HeSaiNb:0,ARS410Nb:0
2026/08/02 16:19:37:756---->
heightOffset:0,1785658777756,1067300,selfCaliBufCnt:0,selfAccObjCnt:0,selfAccAngle:0,installHAngleOffset:0,Interpolation:0,installVAngleOffset:0,radarOffsetH:0,radarOffsetV:0.32,Polynom:-0.001023;-0.0511;-2.047;0;0;0;-0.001023;-0.0511;-2.047;-25.5;0;0,WheelDirection:0;0;0;0,selfAngleOffset:0,selfAngleOffsetPit:0,currCaliAngleHrz:0,currCaliAnglePit:0,selfCaliAngleHrz:0,selfCaliAnglePit:0,servCaliAngleHrz:0,servCaliAnglePit:0,offlineCaliAngleHrz:0,offlineCaliAnglePit:0,determine2useFlag:0,IMU_Z_Accel:-21.592,IMU_X_AngularRate:-2.093,IMU_Y_AngularRate:-2.093,IMU_RollAngle:-180,IMU_PitchAngle:-180,IMU_YawAngle:-180,FcwID:0,FCWWarningLevel:0,FCWTTC:0
0,2.35,0,31.2,29,0,0,0,10.15,1.37605e-33,0,0,0,-8.5,0,0,0,0,-0.00229183,0,0,0,0,0,0,0,0,0,1,78,59,0,0.00034,0.00034,3,5,0,0,0,0,0,0,0,0,0,0,1,0,0,0,0,0,0,0,0,0,0,,0,0,0,0,
1,2.79,0,-33.8,45,0,0,0,1.2,0,0,0,0,7,0,0,0,0,-0.00229183,0,0,0,0,0,0,0,0,0,1,94,59,0,0.00034,0.00034,3,5,0,0,0,0,0,0,0,0,0,0,1,0,0,0,0,0,0,0,0,0,0,,0,0,0,0,
2,3.27,0,13.8,37.5,0,0,0,1.3,0,0,0,0,-8,0,0,0,0,-0.00229183,0,0,0,0,0,0,0,0,0,1,86,59,0,0.00034,0.00034,3,0,0,0,0,0,0,0,0,0,0,0,1,0,0,0,0,0,0,0,0,0,0,,0,0,0,0,
3,3.58,0,-50.15,32.5,0,0,0,-5.85,0,0,0,0,8,0,0,0,0,-0.00229183,0,0,0,0,0,0,0,0,0,1,81,59,0,0.00034,0.00034,3,7,0,0,0,0,0,0,0,0,0,0,1,0,0,0,0,0,0,0,0,0,0,,0,0,0,0,
4,4.07,0,1.9,38.5,0,0,0,2.95,0,0,0,0,-9,0,0,0,0,-0.00229183,0,0,0,0,0,0,0,0,0,1,87,59,0,0.00034,0.00034,3,5,0,0,0,0,0,0,0,0,0,0,1,0,0,0,0,0,0,0,0,0,0,,0,0,0,0,
5,5.08,0,-35.8,32.5,0,0,0,-1.2,0,0,0,0,-7.5,0,0,0,0,-0.00229183,0,0,0,0,0,0,0,0,0,1,78,59,0,0.00034,0.00034,3,5,0,0,0,0,0,0,0,0,0,0,1,0,0,0,0,0,0,0,0,0,0,,0,0,0,0,
6,5.61,0,-34.55,35,0,0,0,-3.85,0,0,0,0,-4.5,0,0,0,0,-0.00229183,0,0,0,0,0,0,0,0,0,1,80,59,0,0.00034,0.00034,3,5,0,0,0,0,0,0,0,0,0,0,1,0,0,0,0,0,0,0,0,0,0,,0,0,0,0,
7,5.61,0,-24.3,35,0,0,0,-5.8,0,0,0,0,-9.5,0,0,0,0,-0.00229183,0,0,0,0,0,0,0,0,0,1,80,59,0,0.00034,0.00034,3,5,0,0,0,0,0,0,0,0,0,0,1,0,0,0,0,0,0,0,0,0,0,,0,0,0,0,
8,6.41,0,71.55,25.5,0,0,0,-5,0,0,0,0,18.5,0,0,0,0,-0.00229183,0,0,0,0,0,0,0,0,0,1,71,59,0,0.00034,0.00034,2,-1,0,0,0,0,0,0,0,0,0,0,1,0,0,0,0,0,0,0,0,0,0,,0,0,0,0,
9,7.58,0,32.45,43,0,0,0,6.75,0,0,0,0,7.5,0,0,0,0,-0.00229183,0,0,0,0,0,0,0,0,0,1,89,59,0,0.00034,0.00034,3,5,0,0,0,0,0,0,0,0,0,0,1,0,0,0,0,0,0,0,0,0,0,,0,0,0,0,
10,8.26,0,-25.15,29,0,0,0,10.55,0,0,0,0,-11.5,0,0,0,0,-0.00229183,0,0,0,0,0,0,0,0,0,1,75,59,0,0.00034,0.00034,3,5,0,0,0,0,0,0,0,0,0,0,1,0,0,0,0,0,0,0,0,0,0,,0,0,0,0,
11,8.51,0,45.3,31.5,0,0,0,5.7,0,0,0,0,7,0,0,0,0,-0.00229183,0,0,0,0,0,0,0,0,0,1,78,59,0,0.00034,0.00034,3,5,0,0,0,0,0,0,0,0,0,0,1,0,0,0,0,0,0,0,0,0,0,,0,0,0,0,
12,8.93,0,-32.95,26.5,0,0,0,-1.55,0,0,0,0,-9.5,0,0,0,0,-0.00229183,0,0,0,0,0,0,0,0,0,1,73,59,0,0.00034,0.00034,3,5,0,0,0,0,0,0,0,0,0,0,1,0,0,0,0,0,0,0,0,0,0,,0,0,0,0,
13,9.4,0,-29.2,24.5,0,0,0,-3.55,0,0,0,0,-13.5,0,0,0,0,-0.00229183,0,0,0,0,0,0,0,0,0,1,71,59,0,0.00034,0.00034,3,5,0,0,0,0,0,0,0,0,0,0,1,0,0,0,0,0,0,0,0,0,0,,0,0,0,0,
14,12.16,0,-12.85,26.5,0,0,0,12.25,0,0,0,0,-16,0,0,0,0,-0.00229183,0,0,0,0,0,0,0,0,0,1,74,59,0,0.00034,0.00034,3,5,0,0,0,0,0,0,0,0,0,0,1,0,0,0,0,0,0,0,0,0,0,,0,0,0,0,
15,12.99,0,-23.45,21,0,0,0,-1.85,0,0,0,0,-17.5,0,0,0,0,-0.00229183,0,0,0,0,0,0,0,0,0,1,68,59,0,0.00034,0.00034,3,5,0,0,0,0,0,0,0,0,0,0,1,0,0,0,0,0,0,0,0,0,0,,0,0,0,0,
END,Total:16
START,FrameNb:38,CameraNb:0,HeSaiNb:0,ARS410Nb:0
2026/08/02 16:19:37:817---->
heightOffset:0,1785658777817,1067360,selfCaliBufCnt:0,selfAccObjCnt:0,selfAccAngle:0,installHAngleOffset:0,Interpolation:0,installVAngleOffset:0,radarOffsetH:0,radarOffsetV:0.32,Polynom:-0.001023;-0.0511;-2.047;0;0;0;-0.001023;-0.0511;-2.047;-25.5;0;0,WheelDirection:0;0;0;0,selfAngleOffset:0,selfAngleOffsetPit:0,currCaliAngleHrz:0,currCaliAnglePit:0,selfCaliAngleHrz:0,selfCaliAnglePit:0,servCaliAngleHrz:0,servCaliAnglePit:0,offlineCaliAngleHrz:0,offlineCaliAnglePit:0,determine2useFlag:0,IMU_Z_Accel:-21.592,IMU_X_AngularRate:-2.093,IMU_Y_AngularRate:-2.093,IMU_RollAngle:-180,IMU_PitchAngle:-180,IMU_YawAngle:-180,FcwID:0,FCWWarningLevel:0,FCWTTC:0
0,2.35,0,51.1,29,0,0,0,-10.2,1.37605e-33,0,0,0,5.5,0,0,0,0,-0.00229183,0,0,0,0,0,0,0,0,0,1,78,54,0,0.00034,0.00034,2,-1,0,0,0,0,0,0,0,0,0,0,1,0,1,0,0,0,0,0,0,0,0,,0,0,0,0,
1,2.79,0,-33.8,45,0,0,0,1.2,0,0,0,0,7,0,0,0,0,-0.00229183,0,0,0,0,0,0,0,0,0,1,94,54,0,0.00034,0.00034,3,5,0,0,0,0,0,0,0,0,0,0,1,0,1,0,0,0,0,0,0,0,0,,0,0,0,0,
2,3.25,0,13.8,37.5,0,0,0,1.3,0,0,0,0,-8,0,0,0,0,-0.00229183,0,0,0,0,0,0,0,0,0,1,86,54,0,0.00034,0.00034,3,0,0,0,0,0,0,0,0,0,0,0,1,0,1,0,0,0,0,0,0,0,0,,0,0,0,0,
3,3.58,0,-50.2,32.5,0,0,0,-5.95,0,0,0,0,8,0,0,0,0,-0.00229183,0,0,0,0,0,0,0,0,0,1,81,54,0,0.00034,0.00034,3,5,0,0,0,0,0,0,0,0,0,0,1,0,1,0,0,0,0,0,0,0,0,,0,0,0,0,
4,4.07,0,1.9,38.5,0,0,0,2.95,0,0,0,0,-9,0,0,0,0,-0.00229183,0,0,0,0,0,0,0,0,0,1,87,54,0,0.00034,0.00034,3,5,0,0,0,0,0,0,0,0,0,0,1,0,1,0,0,0,0,0,0,0,0,,0,0,0,0,
5,5.08,0,-35.95,32.5,0,0,0,-1.05,0,0,0,0,-7.5,0,0,0,0,-0.00229183,0,0,0,0,0,0,0,0,0,1,78,54,0,0.00034,0.00034,3,0,0,0,0,0,0,0,0,0,0,0,1,0,1,0,0,0,0,0,0,0,0,,0,0,0,0,
6,5.61,0,-34.5,35,0,0,0,-3.75,0,0,0,0,-4.5,0,0,0,0,-0.00229183,0,0,0,0,0,0,0,0,0,1,80,54,0,0.00034,0.00034,3,5,0,0,0,0,0,0,0,0,0,0,1,0,1,0,0,0,0,0,0,0,0,,0,0,0,0,
7,5.61,0,-24.3,35,0,0,0,-5.7,0,0,0,0,-9.5,0,0,0,0,-0.00229183,0,0,0,0,0,0,0,0,0,1,80,54,0,0.00034,0.00034,3,5,0,0,0,0,0,0,0,0,0,0,1,0,1,0,0,0,0,0,0,0,0,,0,0,0,0,
8,6.43,0,34.35,26,0,0,0,-10.3,0,0,0,0,-10.5,0,0,0,0,-0.00229183,0,0,0,0,0,0,0,0,0,1,71,54,0,0.00034,0.00034,3,5,0,0,0,0,0,0,0,0,0,0,1,0,1,0,0,0,0,0,0,0,0,,0,0,0,0,
9,7.58,0,32.45,43.5,0,0,0,6.7,0,0,0,0,7.5,0,0,0,0,-0.00229183,0,0,0,0,0,0,0,0,0,1,89,54,0,0.00034,0.00034,3,5,0,0,0,0,0,0,0,0,0,0,1,0,1,0,0,0,0,0,0,0,0,,0,0,0,0,
10,8.12,0,-24.95,29,0,0,0,10.15,0,0,0,0,-12,0,0,0,0,-0.00229183,0,0,0,0,0,0,0,0,0,1,75,54,0,0.00034,0.00034,3,5,0,0,0,0,0,0,0,0,0,0,1,0,1,0,0,0,0,0,0,0,0,,0,0,0,0,
11,8.52,0,45.3,31.5,0,0,0,5.55,0,0,0,0,7,0,0,0,0,-0.00229183,0,0,0,0,0,0,0,0,0,1,78,54,0,0.00034,0.00034,3,5,0,0,0,0,0,0,0,0,0,0,1,0,1,0,0,0,0,0,0,0,0,,0,0,0,0,
12,8.93,0,-32.95,26.5,0,0,0,-1.45,0,0,0,0,-10,0,0,0,0,-0.00229183,0,0,0,0,0,0,0,0,0,1,73,54,0,0.00034,0.00034,3,5,0,0,0,0,0,0,0,0,0,0,1,0,1,0,0,0,0,0,0,0,0,,0,0,0,0,
13,9.4,0,-29.1,24.5,0,0,0,-3.45,0,0,0,0,-13.5,0,0,0,0,-0.00229183,0,0,0,0,0,0,0,0,0,1,71,54,0,0.00034,0.00034,3,5,0,0,0,0,0,0,0,0,0,0,1,0,1,0,0,0,0,0,0,0,0,,0,0,0,0,
14,12.16,0,-12.8,27,0,0,0,12.2,0,0,0,0,-16,0,0,0,0,-0.00229183,0,0,0,0,0,0,0,0,0,1,74,54,0,0.00034,0.00034,3,5,0,0,0,0,0,0,0,0,0,0,1,0,1,0,0,0,0,0,0,0,0,,0,0,0,0,
15,12.99,0,-23.2,21,0,0,0,-1.7,0,0,0,0,-18,0,0,0,0,-0.00229183,0,0,0,0,0,0,0,0,0,1,68,54,0,0.00034,0.00034,3,5,0,0,0,0,0,0,0,0,0,0,1,0,1,0,0,0,0,0,0,0,0,,0,0,0,0,
END,Total:16
START,FrameNb:39,CameraNb:0,HeSaiNb:0,ARS410Nb:0
2026/08/02 16:19:37:846---->
heightOffset:0,1785658777846,1067420,selfCaliBufCnt:0,selfAccObjCnt:0,selfAccAngle:0,installHAngleOffset:0,Interpolation:0,installVAngleOffset:0,radarOffsetH:0,radarOffsetV:0.32,Polynom:-0.001023;-0.0511;-2.047;0;0;0;-0.001023;-0.0511;-2.047;-25.5;0;0,WheelDirection:0;0;0;0,selfAngleOffset:0,selfAngleOffsetPit:0,currCaliAngleHrz:0,currCaliAnglePit:0,selfCaliAngleHrz:0,selfCaliAnglePit:0,servCaliAngleHrz:0,servCaliAnglePit:0,offlineCaliAngleHrz:0,offlineCaliAnglePit:0,determine2useFlag:0,IMU_Z_Accel:-21.592,IMU_X_AngularRate:-2.093,IMU_Y_AngularRate:-2.093,IMU_RollAngle:-180,IMU_PitchAngle:-180,IMU_YawAngle:-180,FcwID:0,FCWWarningLevel:0,FCWTTC:0
0,2.35,0,50.6,29,0,0,0,-10.05,1.37605e-33,0,0,0,4.5,0,0,0,0,-0.00229183,0,0,0,0,0,0,0,0,0,1,78,62,0,0.00034,0.00034,3,5,0,0,0,0,0,0,0,0,0,0,1,0,0,0,0,0,0,0,0,0,0,,0,0,0,0,
1,2.79,0,-33.8,45.5,0,0,0,1.2,0,0,0,0,7,0,0,0,0,-0.00229183,0,0,0,0,0,0,0,0,0,1,94,62,0,0.00034,0.00034,3,5,0,0,0,0,0,0,0,0,0,0,1,0,0,0,0,0,0,0,0,0,0,,0,0,0,0,
2,3.27,0,13.8,37.5,0,0,0,1.4,0,0,0,0,-8,0,0,0,0,-0.00229183,0,0,0,0,0,0,0,0,0,1,86,62,0,0.00034,0.00034,3,0,0,0,0,0,0,0,0,0,0,0,1,0,0,0,0,0,0,0,0,0,0,,0,0,0,0,
3,4.07,0,1.9,39,0,0,0,3,0,0,0,0,-9,0,0,0,0,-0.00229183,0,0,0,0,0,0,0,0,0,1,87,62,0,0.00034,0.00034,3,5,0,0,0,0,0,0,0,0,0,0,1,0,0,0,0,0,0,0,0,0,0,,0,0,0,0,
4,5.09,0,-35.7,32.5,0,0,0,-1.2,0,0,0,0,-7.5,0,0,0,0,-0.00229183,0,0,0,0,0,0,0,0,0,1,78,62,0,0.00034,0.00034,3,5,0,0,0,0,0,0,0,0,0,0,1,0,0,0,0,0,0,0,0,0,0,,0,0,0,0,
5,5.61,0,-34.55,35,0,0,0,-3.8,0,0,0,0,-4.5,0,0,0,0,-0.00229183,0,0,0,0,0,0,0,0,0,1,80,62,0,0.00034,0.00034,3,5,0,0,0,0,0,0,0,0,0,0,1,0,0,0,0,0,0,0,0,0,0,,0,0,0,0,
6,5.61,0,-24.3,35,0,0,0,-5.85,0,0,0,0,-9.5,0,0,0,0,-0.00229183,0,0,0,0,0,0,0,0,0,1,80,62,0,0.00034,0.00034,3,5,0,0,0,0,0,0,0,0,0,0,1,0,0,0,0,0,0,0,0,0,0,,0,0,0,0,
7,6.39,0,71.6,25.5,0,0,0,-15,0,0,0,0,18.5,0,0,0,0,-0.00229183,0,0,0,0,0,0,0,0,0,1,71,62,0,0.00034,0.00034,2,-1,0,0,0,0,0,0,0,0,0,0,1,0,0,0,0,0,0,0,0,0,0,,0,0,0,0,
8,7.58,0,32.3,43.5,0,0,0,6.55,0,0,0,0,7.5,0,0,0,0,-0.00229183,0,0,0,0,0,0,0,0,0,1,89,62,0,0.00034,0.00034,3,5,0,0,0,0,0,0,0,0,0,0,1,0,0,0,0,0,0,0,0,0,0,,0,0,0,0,
9,8.1,0,-24.95,29.5,0,0,0,10.7,0,0,0,0,-11.5,0,0,0,0,-0.00229183,0,0,0,0,0,0,0,0,0,1,75,62,0,0.00034,0.00034,3,5,0,0,0,0,0,0,0,0,0,0,1,0,0,0,0,0,0,0,0,0,0,,0,0,0,0,
10,8.51,0,45.3,32,0,0,0,5.65,0,0,0,0,7,0,0,0,0,-0.00229183,0,0,0,0,0,0,0,0,0,1,78,62,0,0.00034,0.00034,3,5,0,0,0,0,0,0,0,0,0,0,1,0,0,0,0,0,0,0,0,0,0,,0,0,0,0,
11,8.93,0,-32.95,26.5,0,0,0,-1.3,0,0,0,0,-9.5,0,0,0,0,-0.00229183,0,0,0,0,0,0,0,0,0,1,73,62,0,0.00034,0.00034,3,5,0,0,0,0,0,0,0,0,0,0,1,0,0,0,0,0,0,0,0,0,0,,0,0,0,0,
12,9.4,0,-29.2,24.5,0,0,0,-3.35,0,0,0,0,-13.5,0,0,0,0,-0.00229183,0,0,0,0,0,0,0,0,0,1,71,62,0,0.00034,0.00034,3,5,0,0,0,0,0,0,0,0,0,0,1,0,0,0,0,0,0,0,0,0,0,,0,0,0,0,
13,12.16,0,-12.9,27,0,0,0,12.2,0,0,0,0,-15.5,0,0,0,0,-0.00229183,0,0,0,0,0,0,0,0,0,1,74,62,0,0.00034,0.00034,3,5,0,0,0,0,0,0,0,0,0,0,1,0,0,0,0,0,0,0,0,0,0,,0,0,0,0,
14,12.99,0,-23.3,21,0,0,0,-1.6,0,0,0,0,-18,0,0,0,0,-0.00229183,0,0,0,0,0,0,0,0,0,1,67,62,0,0.00034,0.00034,3,5,0,0,0,0,0,0,0,0,0,0,1,0,0,0,0,0,0,0,0,0,0,,0,0,0,0,
END,Total:15
START,FrameNb:40,CameraNb:0,HeSaiNb:0,ARS410Nb:0
2026/08/02 16:19:37:900---->
heightOffset:0,1785658777900,1067480,selfCaliBufCnt:0,selfAccObjCnt:0,selfAccAngle:0,installHAngleOffset:0,Interpolation:0,installVAngleOffset:0,radarOffsetH:0,radarOffsetV:0.32,Polynom:-0.001023;-0.0511;-2.047;0;0;0;-0.001023;-0.0511;-2.047;-25.5;0;0,WheelDirection:0;0;0;0,selfAngleOffset:0,selfAngleOffsetPit:0,currCaliAngleHrz:0,currCaliAnglePit:0,selfCaliAngleHrz:0,selfCaliAnglePit:0,servCaliAngleHrz:0,servCaliAnglePit:0,offlineCaliAngleHrz:0,offlineCaliAnglePit:0,determine2useFlag:0,IMU_Z_Accel:-21.592,IMU_X_AngularRate:-2.093,IMU_Y_AngularRate:-2.093,IMU_RollAngle:-180,IMU_PitchAngle:-180,IMU_YawAngle:-180,FcwID:0,FCWWarningLevel:0,FCWTTC:0
0,2.35,0,51.2,29,0,0,0,-10.2,1.37605e-33,0,0,0,5.5,0,0,0,0,-0.00229183,0,0,0,0,0,0,0,0,0,1,78,60,0,0.00034,0.00034,3,5,0,0,0,0,0,0,0,0,0,0,1,0,1,0,0,0,0,0,0,0,0,,0,0,0,0,
1,2.79,0,-33.8,45,0,0,0,1.2,0,0,0,0,7,0,0,0,0,-0.00229183,0,0,0,0,0,0,0,0,0,1,94,60,0,0.00034,0.00034,3,5,0,0,0,0,0,0,0,0,0,0,1,0,1,0,0,0,0,0,0,0,0,,0,0,0,0,
2,3.26,0,13.8,37.5,0,0,0,1.4,0,0,0,0,-8,0,0,0,0,-0.00229183,0,0,0,0,0,0,0,0,0,1,86,60,0,0.00034,0.00034,3,0,0,0,0,0,0,0,0,0,0,0,1,0,1,0,0,0,0,0,0,0,0,,0,0,0,0,
3,3.58,0,-50.2,32.5,0,0,0,-5.95,0,0,0,0,8,0,0,0,0,-0.00229183,0,0,0,0,0,0,0,0,0,1,81,60,0,0.00034,0.00034,3,5,0,0,0,0,0,0,0,0,0,0,1,0,1,0,0,0,0,0,0,0,0,,0,0,0,0,
4,4.07,0,1.9,39,0,0,0,3,0,0,0,0,-9,0,0,0,0,-0.00229183,0,0,0,0,0,0,0,0,0,1,87,60,0,0.00034,0.00034,3,5,0,0,0,0,0,0,0,0,0,0,1,0,1,0,0,0,0,0,0,0,0,,0,0,0,0,
5,5.09,0,-35.9,32.5,0,0,0,-1.05,0,0,0,0,-7.5,0,0,0,0,-0.00229183,0,0,0,0,0,0,0,0,0,1,78,60,0,0.00034,0.00034,3,5,0,0,0,0,0,0,0,0,0,0,1,0,1,0,0,0,0,0,0,0,0,,0,0,0,0,
6,5.61,0,-34.55,35,0,0,0,-3.75,0,0,0,0,-4.5,0,0,0,0,-0.00229183,0,0,0,0,0,0,0,0,0,1,80,60,0,0.00034,0.00034,3,5,0,0,0,0,0,0,0,0,0,0,1,0,1,0,0,0,0,0,0,0,0,,0,0,0,0,
7,5.61,0,-24.3,35,0,0,0,-5.7,0,0,0,0,-9.5,0,0,0,0,-0.00229183,0,0,0,0,0,0,0,0,0,1,80,60,0,0.00034,0.00034,3,5,0,0,0,0,0,0,0,0,0,0,1,0,1,0,0,0,0,0,0,0,0,,0,0,0,0,
8,6.42,0,71.7,25.5,0,0,0,-15,0,0,0,0,18.5,0,0,0,0,-0.00229183,0,0,0,0,0,0,0,0,0,1,71,60,0,0.00034,0.00034,3,5,0,0,0,0,0,0,0,0,0,0,1,0,1,0,0,0,0,0,0,0,0,,0,0,0,0,
9,6.84,0,-19.85,26.5,0,0,0,-10.2,0,0,0,0,-19,0,0,0,0,-0.00229183,0,0,0,0,0,0,0,0,0,1,72,60,0,0.00034,0.00034,3,5,0,0,0,0,0,0,0,0,0,0,1,0,1,0,0,0,0,0,0,0,0,,0,0,0,0,
10,7.57,0,32.3,43.5,0,0,0,6.65,0,0,0,0,7.5,0,0,0,0,-0.00229183,0,0,0,0,0,0,0,0,0,1,89,60,0,0.00034,0.00034,3,5,0,0,0,0,0,0,0,0,0,0,1,0,1,0,0,0,0,0,0,0,0,,0,0,0,0,
11,8.07,0,-24.95,29,0,0,0,10.75,0,0,0,0,-12,0,0,0,0,-0.00229183,0,0,0,0,0,0,0,0,0,1,75,60,0,0.00034,0.00034,3,5,0,0,0,0,0,0,0,0,0,0,1,0,1,0,0,0,0,0,0,0,0,,0,0,0,0,
12,8.52,0,45.3,31.5,0,0,0,5.55,0,0,0,0,7,0,0,0,0,-0.00229183,0,0,0,0,0,0,0,0,0,1,78,60,0,0.00034,0.00034,3,5,0,0,0,0,0,0,0,0,0,0,1,0,1,0,0,0,0,0,0,0,0,,0,0,0,0,
13,8.92,0,-32.9,26.5,0,0,0,-1.45,0,0,0,0,-10,0,0,0,0,-0.00229183,0,0,0,0,0,0,0,0,0,1,73,60,0,0.00034,0.00034,3,5,0,0,0,0,0,0,0,0,0,0,1,0,1,0,0,0,0,0,0,0,0,,0,0,0,0,
14,9.4,0,-29.2,24,0,0,0,-3.45,0,0,0,0,-13.5,0,0,0,0,-0.00229183,0,0,0,0,0,0,0,0,0,1,71,60,0,0.00034,0.00034,3,5,0,0,0,0,0,0,0,0,0,0,1,0,1,0,0,0,0,0,0,0,0,,0,0,0,0,
15,12.16,0,-12.85,27,0,0,0,12.2,0,0,0,0,-16,0,0,0,0,-0.00229183,0,0,0,0,0,0,0,0,0,1,74,60,0,0.00034,0.00034,3,5,0,0,0,0,0,0,0,0,0,0,1,0,1,0,0,0,0,0,0,0,0,,0,0,0,0,
16,12.99,0,-23.2,20.5,0,0,0,-1.7,0,0,0,0,-18,0,0,0,0,-0.00229183,0,0,0,0,0,0,0,0,0,1,67,60,0,0.00034,0.00034,3,5,0,0,0,0,0,0,0,0,0,0,1,0,1,0,0,0,0,0,0,0,0,,0,0,0,0,
END,Total:17
START,FrameNb:41,CameraNb:0,HeSaiNb:0,ARS410Nb:0
2026/08/02 16:19:37:944---->
heightOffset:0,1785658777944,1067536,selfCaliBufCnt:0,selfAccObjCnt:0,selfAccAngle:0,installHAngleOffset:0,Interpolation:0,installVAngleOffset:0,radarOffsetH:0,radarOffsetV:0.32,Polynom:-0.001023;-0.0511;-2.047;0;0;0;-0.001023;-0.0511;-2.047;-25.5;0;0,WheelDirection:0;0;0;0,selfAngleOffset:0,selfAngleOffsetPit:0,currCaliAngleHrz:0,currCaliAnglePit:0,selfCaliAngleHrz:0,selfCaliAnglePit:0,servCaliAngleHrz:0,servCaliAnglePit:0,offlineCaliAngleHrz:0,offlineCaliAnglePit:0,determine2useFlag:0,IMU_Z_Accel:-21.592,IMU_X_AngularRate:-2.093,IMU_Y_AngularRate:-2.093,IMU_RollAngle:-180,IMU_PitchAngle:-180,IMU_YawAngle:-180,FcwID:0,FCWWarningLevel:0,FCWTTC:0
0,2.35,0,31.5,29,0,0,0,10.3,1.37605e-33,0,0,0,-8.5,0,0,0,0,-0.00229183,0,0,0,0,0,0,0,0,0,1,78,59,0,0.00034,0.00034,3,5,0,0,0,0,0,0,0,0,0,0,1,0,0,0,0,0,0,0,0,0,0,,0,0,0,0,
1,2.79,0,-33.8,45,0,0,0,1.2,0,0,0,0,7,0,0,0,0,-0.00229183,0,0,0,0,0,0,0,0,0,1,94,59,0,0.00034,0.00034,3,5,0,0,0,0,0,0,0,0,0,0,1,0,0,0,0,0,0,0,0,0,0,,0,0,0,0,
2,3.27,0,13.8,37.5,0,0,0,1.4,0,0,0,0,-8,0,0,0,0,-0.00229183,0,0,0,0,0,0,0,0,0,1,86,59,0,0.00034,0.00034,3,0,0,0,0,0,0,0,0,0,0,0,1,0,0,0,0,0,0,0,0,0,0,,0,0,0,0,
3,3.58,0,-50.3,32.5,0,0,0,-5.8,0,0,0,0,8,0,0,0,0,-0.00229183,0,0,0,0,0,0,0,0,0,1,81,59,0,0.00034,0.00034,3,7,0,0,0,0,0,0,0,0,0,0,1,0,0,0,0,0,0,0,0,0,0,,0,0,0,0,
4,4.07,0,1.9,38.5,0,0,0,2.95,0,0,0,0,-9,0,0,0,0,-0.00229183,0,0,0,0,0,0,0,0,0,1,87,59,0,0.00034,0.00034,3,5,0,0,0,0,0,0,0,0,0,0,1,0,0,0,0,0,0,0,0,0,0,,0,0,0,0,
5,5.08,0,-35.7,32.5,0,0,0,-1.3,0,0,0,0,-7.5,0,0,0,0,-0.00229183,0,0,0,0,0,0,0,0,0,1,78,59,0,0.00034,0.00034,3,5,0,0,0,0,0,0,0,0,0,0,1,0,0,0,0,0,0,0,0,0,0,,0,0,0,0,
6,5.61,0,-34.55,35,0,0,0,-3.85,0,0,0,0,-4.5,0,0,0,0,-0.00229183,0,0,0,0,0,0,0,0,0,1,80,59,0,0.00034,0.00034,3,5,0,0,0,0,0,0,0,0,0,0,1,0,0,0,0,0,0,0,0,0,0,,0,0,0,0,
7,5.61,0,-24.3,35,0,0,0,-5.85,0,0,0,0,-9.5,0,0,0,0,-0.00229183,0,0,0,0,0,0,0,0,0,1,80,59,0,0.00034,0.00034,3,5,0,0,0,0,0,0,0,0,0,0,1,0,0,0,0,0,0,0,0,0,0,,0,0,0,0,
8,6.42,0,71.6,25.5,0,0,0,-15,0,0,0,0,18.5,0,0,0,0,-0.00229183,0,0,0,0,0,0,0,0,0,1,71,59,0,0.00034,0.00034,3,5,0,0,0,0,0,0,0,0,0,0,1,0,0,0,0,0,0,0,0,0,0,,0,0,0,0,
9,6.83,0,-36.05,26,0,0,0,-1.2,0,0,0,0,-10.5,0,0,0,0,-0.00229183,0,0,0,0,0,0,0,0,0,1,72,59,0,0.00034,0.00034,3,5,0,0,0,0,0,0,0,0,0,0,1,0,0,0,0,0,0,0,0,0,0,,0,0,0,0,
10,7.57,0,32.35,43,0,0,0,6.55,0,0,0,0,7.5,0,0,0,0,-0.00229183,0,0,0,0,0,0,0,0,0,1,89,59,0,0.00034,0.00034,3,5,0,0,0,0,0,0,0,0,0,0,1,0,0,0,0,0,0,0,0,0,0,,0,0,0,0,
11,8.11,0,-24.9,29,0,0,0,11.05,0,0,0,0,-12,0,0,0,0,-0.00229183,0,0,0,0,0,0,0,0,0,1,75,59,0,0.00034,0.00034,3,5,0,0,0,0,0,0,0,0,0,0,1,0,0,0,0,0,0,0,0,0,0,,0,0,0,0,
12,8.51,0,45.3,31.5,0,0,0,5.7,0,0,0,0,7,0,0,0,0,-0.00229183,0,0,0,0,0,0,0,0,0,1,78,59,0,0.00034,0.00034,3,5,0,0,0,0,0,0,0,0,0,0,1,0,0,0,0,0,0,0,0,0,0,,0,0,0,0,
13,8.94,0,-32.85,26.5,0,0,0,-1.55,0,0,0,0,-10,0,0,0,0,-0.00229183,0,0,0,0,0,0,0,0,0,1,73,59,0,0.00034,0.00034,3,5,0,0,0,0,0,0,0,0,0,0,1,0,0,0,0,0,0,0,0,0,0,,0,0,0,0,
14,9.4,0,-29.2,24,0,0,0,-3.35,0,0,0,0,-13.5,0,0,0,0,-0.00229183,0,0,0,0,0,0,0,0,0,1,71,59,0,0.00034,0.00034,3,5,0,0,0,0,0,0,0,0,0,0,1,0,0,0,0,0,0,0,0,0,0,,0,0,0,0,
15,12.16,0,-12.9,26.5,0,0,0,12.4,0,0,0,0,-16,0,0,0,0,-0.00229183,0,0,0,0,0,0,0,0,0,1,74,59,0,0.00034,0.00034,3,5,0,0,0,0,0,0,0,0,0,0,1,0,0,0,0,0,0,0,0,0,0,,0,0,0,0,
16,12.99,0,-23.35,20.5,0,0,0,-2.1,0,0,0,0,-18,0,0,0,0,-0.00229183,0,0,0,0,0,0,0,0,0,1,67,59,0,0.00034,0.00034,3,5,0,0,0,0,0,0,0,0,0,0,1,0,0,0,0,0,0,0,0,0,0,,0,0,0,0,
END,Total:17
START,FrameNb:42,CameraNb:0,HeSaiNb:0,ARS410Nb:0
2026/08/02 16:19:38:009---->
heightOffset:0,1785658778009,1067596,selfCaliBufCnt:0,selfAccObjCnt:0,selfAccAngle:0,installHAngleOffset:0,Interpolation:0,installVAngleOffset:0,radarOffsetH:0,radarOffsetV:0.32,Polynom:-0.001023;-0.0511;-2.047;0;0;0;-0.001023;-0.0511;-2.047;-25.5;0;0,WheelDirection:0;0;0;0,selfAngleOffset:0,selfAngleOffsetPit:0,currCaliAngleHrz:0,currCaliAnglePit:0,selfCaliAngleHrz:0,selfCaliAnglePit:0,servCaliAngleHrz:0,servCaliAnglePit:0,offlineCaliAngleHrz:0,offlineCaliAnglePit:0,determine2useFlag:0,IMU_Z_Accel:-21.592,IMU_X_AngularRate:-2.093,IMU_Y_AngularRate:-2.093,IMU_RollAngle:-180,IMU_PitchAngle:-180,IMU_YawAngle:-180,FcwID:0,FCWWarningLevel:0,FCWTTC:0
0,2.35,0,51.05,29,0,0,0,-10.2,1.37605e-33,0,0,0,5.5,0,0,0,0,-0.00229183,0,0,0,0,0,0,0,0,0,1,78,55,0,0.00034,0.00034,2,-1,0,0,0,0,0,0,0,0,0,0,1,0,1,0,0,0,0,0,0,0,0,,0,0,0,0,
1,2.79,0,-33.8,45,0,0,0,1.2,0,0,0,0,7,0,0,0,0,-0.00229183,0,0,0,0,0,0,0,0,0,1,94,55,0,0.00034,0.00034,3,5,0,0,0,0,0,0,0,0,0,0,1,0,1,0,0,0,0,0,0,0,0,,0,0,0,0,
2,3.26,0,13.8,37.5,0,0,0,1.3,0,0,0,0,-8,0,0,0,0,-0.00229183,0,0,0,0,0,0,0,0,0,1,86,55,0,0.00034,0.00034,3,0,0,0,0,0,0,0,0,0,0,0,1,0,1,0,0,0,0,0,0,0,0,,0,0,0,0,
3,3.58,0,-50.2,32.5,0,0,0,-5.85,0,0,0,0,8,0,0,0,0,-0.00229183,0,0,0,0,0,0,0,0,0,1,81,55,0,0.00034,0.00034,3,5,0,0,0,0,0,0,0,0,0,0,1,0,1,0,0,0,0,0,0,0,0,,0,0,0,0,
4,4.07,0,1.9,38.5,0,0,0,2.95,0,0,0,0,-9,0,0,0,0,-0.00229183,0,0,0,0,0,0,0,0,0,1,87,55,0,0.00034,0.00034,3,5,0,0,0,0,0,0,0,0,0,0,1,0,1,0,0,0,0,0,0,0,0,,0,0,0,0,
5,5.11,0,-35.95,32,0,0,0,-1.25,0,0,0,0,-7.5,0,0,0,0,-0.00229183,0,0,0,0,0,0,0,0,0,1,78,55,0,0.00034,0.00034,3,5,0,0,0,0,0,0,0,0,0,0,1,0,1,0,0,0,0,0,0,0,0,,0,0,0,0,
6,5.61,0,-34.55,35,0,0,0,-4.05,0,0,0,0,-4.5,0,0,0,0,-0.00229183,0,0,0,0,0,0,0,0,0,1,80,55,0,0.00034,0.00034,3,5,0,0,0,0,0,0,0,0,0,0,1,0,1,0,0,0,0,0,0,0,0,,0,0,0,0,
7,5.61,0,-24.2,35,0,0,0,-6,0,0,0,0,-9.5,0,0,0,0,-0.00229183,0,0,0,0,0,0,0,0,0,1,80,55,0,0.00034,0.00034,3,5,0,0,0,0,0,0,0,0,0,0,1,0,1,0,0,0,0,0,0,0,0,,0,0,0,0,
8,6.43,0,-21,25.5,0,0,0,-3.95,0,0,0,0,-19.5,0,0,0,0,-0.00229183,0,0,0,0,0,0,0,0,0,1,71,55,0,0.00034,0.00034,3,5,0,0,0,0,0,0,0,0,0,0,1,0,1,0,0,0,0,0,0,0,0,,0,0,0,0,
9,6.83,0,-36.05,26,0,0,0,-1.05,0,0,0,0,-10.5,0,0,0,0,-0.00229183,0,0,0,0,0,0,0,0,0,1,72,55,0,0.00034,0.00034,3,5,0,0,0,0,0,0,0,0,0,0,1,0,1,0,0,0,0,0,0,0,0,,0,0,0,0,
10,7.57,0,32.35,43,0,0,0,6.65,0,0,0,0,7.5,0,0,0,0,-0.00229183,0,0,0,0,0,0,0,0,0,1,89,55,0,0.00034,0.00034,3,5,0,0,0,0,0,0,0,0,0,0,1,0,1,0,0,0,0,0,0,0,0,,0,0,0,0,
11,8.09,0,-24.85,29,0,0,0,10.9,0,0,0,0,-12,0,0,0,0,-0.00229183,0,0,0,0,0,0,0,0,0,1,75,55,0,0.00034,0.00034,3,5,0,0,0,0,0,0,0,0,0,0,1,0,1,0,0,0,0,0,0,0,0,,0,0,0,0,
12,8.51,0,45.2,32,0,0,0,5.7,0,0,0,0,7,0,0,0,0,-0.00229183,0,0,0,0,0,0,0,0,0,1,78,55,0,0.00034,0.00034,3,5,0,0,0,0,0,0,0,0,0,0,1,0,1,0,0,0,0,0,0,0,0,,0,0,0,0,
13,8.93,0,-32.95,26.5,0,0,0,-1.55,0,0,0,0,-10,0,0,0,0,-0.00229183,0,0,0,0,0,0,0,0,0,1,73,55,0,0.00034,0.00034,3,5,0,0,0,0,0,0,0,0,0,0,1,0,1,0,0,0,0,0,0,0,0,,0,0,0,0,
14,9.4,0,-29.3,24,0,0,0,-3.35,0,0,0,0,-14,0,0,0,0,-0.00229183,0,0,0,0,0,0,0,0,0,1,70,55,0,0.00034,0.00034,3,5,0,0,0,0,0,0,0,0,0,0,1,0,1,0,0,0,0,0,0,0,0,,0,0,0,0,
15,12.16,0,-12.85,26.5,0,0,0,12,0,0,0,0,-16,0,0,0,0,-0.00229183,0,0,0,0,0,0,0,0,0,1,74,55,0,0.00034,0.00034,3,5,0,0,0,0,0,0,0,0,0,0,1,0,1,0,0,0,0,0,0,0,0,,0,0,0,0,
16,12.99,0,-23.3,20.5,0,0,0,-1.7,0,0,0,0,-18,0,0,0,0,-0.00229183,0,0,0,0,0,0,0,0,0,1,67,55,0,0.00034,0.00034,3,5,0,0,0,0,0,0,0,0,0,0,1,0,1,0,0,0,0,0,0,0,0,,0,0,0,0,
END,Total:17
START,FrameNb:43,CameraNb:0,HeSaiNb:0,ARS410Nb:0
2026/08/02 16:19:38:100---->
heightOffset:0,1785658778100,1067652,selfCaliBufCnt:0,selfAccObjCnt:0,selfAccAngle:0,installHAngleOffset:0,Interpolation:0,installVAngleOffset:0,radarOffsetH:0,radarOffsetV:0.32,Polynom:-0.001023;-0.0511;-2.047;0;0;0;-0.001023;-0.0511;-2.047;-25.5;0;0,WheelDirection:0;0;0;0,selfAngleOffset:0,selfAngleOffsetPit:0,currCaliAngleHrz:0,currCaliAnglePit:0,selfCaliAngleHrz:0,selfCaliAnglePit:0,servCaliAngleHrz:0,servCaliAnglePit:0,offlineCaliAngleHrz:0,offlineCaliAnglePit:0,determine2useFlag:0,IMU_Z_Accel:-21.592,IMU_X_AngularRate:-2.093,IMU_Y_AngularRate:-2.093,IMU_RollAngle:-180,IMU_PitchAngle:-180,IMU_YawAngle:-180,FcwID:0,FCWWarningLevel:0,FCWTTC:0
0,2.35,0,31.55,29.5,0,0,0,10.25,1.37605e-33,0,0,0,-8.5,0,0,0,0,-0.00229183,0,0,0,0,0,0,0,0,0,1,78,59,0,0.00034,0.00034,3,5,0,0,0,0,0,0,0,0,0,0,1,0,0,0,0,0,0,0,0,0,0,,0,0,0,0,
1,2.79,0,-33.8,45,0,0,0,1.2,0,0,0,0,7,0,0,0,0,-0.00229183,0,0,0,0,0,0,0,0,0,1,94,59,0,0.00034,0.00034,3,5,0,0,0,0,0,0,0,0,0,0,1,0,0,0,0,0,0,0,0,0,0,,0,0,0,0,
2,3.27,0,13.8,37.5,0,0,0,1.4,0,0,0,0,-8,0,0,0,0,-0.00229183,0,0,0,0,0,0,0,0,0,1,86,59,0,0.00034,0.00034,3,0,0,0,0,0,0,0,0,0,0,0,1,0,0,0,0,0,0,0,0,0,0,,0,0,0,0,
3,4.07,0,1.9,38.5,0,0,0,3,0,0,0,0,-9,0,0,0,0,-0.00229183,0,0,0,0,0,0,0,0,0,1,87,59,0,0.00034,0.00034,3,5,0,0,0,0,0,0,0,0,0,0,1,0,0,0,0,0,0,0,0,0,0,,0,0,0,0,
4,5.08,0,-35.7,32.5,0,0,0,-1.2,0,0,0,0,-7.5,0,0,0,0,-0.00229183,0,0,0,0,0,0,0,0,0,1,78,59,0,0.00034,0.00034,3,5,0,0,0,0,0,0,0,0,0,0,1,0,0,0,0,0,0,0,0,0,0,,0,0,0,0,
5,5.61,0,-34.55,35,0,0,0,-4.2,0,0,0,0,-4.5,0,0,0,0,-0.00229183,0,0,0,0,0,0,0,0,0,1,80,59,0,0.00034,0.00034,3,5,0,0,0,0,0,0,0,0,0,0,1,0,0,0,0,0,0,0,0,0,0,,0,0,0,0,
6,5.61,0,-24.2,35,0,0,0,-6.1,0,0,0,0,-9.5,0,0,0,0,-0.00229183,0,0,0,0,0,0,0,0,0,1,80,59,0,0.00034,0.00034,3,5,0,0,0,0,0,0,0,0,0,0,1,0,0,0,0,0,0,0,0,0,0,,0,0,0,0,
7,6.42,0,70.05,25.5,0,0,0,-11.3,0,0,0,0,17.5,0,0,0,0,-0.00229183,0,0,0,0,0,0,0,0,0,1,71,59,0,0.00034,0.00034,2,-1,0,0,0,0,0,0,0,0,0,0,1,0,0,0,0,0,0,0,0,0,0,,0,0,0,0,
8,6.84,0,-19.9,25.5,0,0,0,-1.8,0,0,0,0,-19.5,0,0,0,0,-0.00229183,0,0,0,0,0,0,0,0,0,1,72,59,0,0.00034,0.00034,3,5,0,0,0,0,0,0,0,0,0,0,1,0,0,0,0,0,0,0,0,0,0,,0,0,0,0,
9,7.58,0,32.35,43,0,0,0,6.55,0,0,0,0,8,0,0,0,0,-0.00229183,0,0,0,0,0,0,0,0,0,1,89,59,0,0.00034,0.00034,3,5,0,0,0,0,0,0,0,0,0,0,1,0,0,0,0,0,0,0,0,0,0,,0,0,0,0,
10,8.14,0,-24.8,29,0,0,0,10.95,0,0,0,0,-11.5,0,0,0,0,-0.00229183,0,0,0,0,0,0,0,0,0,1,75,59,0,0.00034,0.00034,3,5,0,0,0,0,0,0,0,0,0,0,1,0,0,0,0,0,0,0,0,0,0,,0,0,0,0,
11,8.51,0,45.3,32,0,0,0,5.7,0,0,0,0,7,0,0,0,0,-0.00229183,0,0,0,0,0,0,0,0,0,1,78,59,0,0.00034,0.00034,3,5,0,0,0,0,0,0,0,0,0,0,1,0,0,0,0,0,0,0,0,0,0,,0,0,0,0,
12,8.92,0,-32.85,26.5,0,0,0,-1.35,0,0,0,0,-10,0,0,0,0,-0.00229183,0,0,0,0,0,0,0,0,0,1,73,59,0,0.00034,0.00034,3,5,0,0,0,0,0,0,0,0,0,0,1,0,0,0,0,0,0,0,0,0,0,,0,0,0,0,
13,9.42,0,-29.3,24,0,0,0,-3.2,0,0,0,0,-13.5,0,0,0,0,-0.00229183,0,0,0,0,0,0,0,0,0,1,71,59,0,0.00034,0.00034,3,5,0,0,0,0,0,0,0,0,0,0,1,0,0,0,0,0,0,0,0,0,0,,0,0,0,0,
14,12.16,0,-12.95,27,0,0,0,12.4,0,0,0,0,-16,0,0,0,0,-0.00229183,0,0,0,0,0,0,0,0,0,1,74,59,0,0.00034,0.00034,3,5,0,0,0,0,0,0,0,0,0,0,1,0,0,0,0,0,0,0,0,0,0,,0,0,0,0,
15,12.98,0,-23.3,20.5,0,0,0,-1.85,0,0,0,0,-18,0,0,0,0,-0.00229183,0,0,0,0,0,0,0,0,0,1,67,59,0,0.00034,0.00034,3,5,0,0,0,0,0,0,0,0,0,0,1,0,0,0,0,0,0,0,0,0,0,,0,0,0,0,
END,Total:16
START,FrameNb:44,CameraNb:0,HeSaiNb:0,ARS410Nb:0
2026/08/02 16:19:38:158---->
heightOffset:0,1785658778158,1067708,selfCaliBufCnt:0,selfAccObjCnt:0,selfAccAngle:0,installHAngleOffset:0,Interpolation:0,installVAngleOffset:0,radarOffsetH:0,radarOffsetV:0.32,Polynom:-0.001023;-0.0511;-2.047;0;0;0;-0.001023;-0.0511;-2.047;-25.5;0;0,WheelDirection:0;0;0;0,selfAngleOffset:0,selfAngleOffsetPit:0,currCaliAngleHrz:0,currCaliAnglePit:0,selfCaliAngleHrz:0,selfCaliAnglePit:0,servCaliAngleHrz:0,servCaliAnglePit:0,offlineCaliAngleHrz:0,offlineCaliAnglePit:0,determine2useFlag:0,IMU_Z_Accel:-21.592,IMU_X_AngularRate:-2.093,IMU_Y_AngularRate:-2.093,IMU_RollAngle:-180,IMU_PitchAngle:-180,IMU_YawAngle:-180,FcwID:0,FCWWarningLevel:0,FCWTTC:0
0,2.35,0,51.3,29,0,0,0,-10.1,1.37605e-33,0,0,0,5.5,0,0,0,0,-0.00229183,0,0,0,0,0,0,0,0,0,1,78,55,0,0.00034,0.00034,2,-1,0,0,0,0,0,0,0,0,0,0,1,0,1,0,0,0,0,0,0,0,0,,0,0,0,0,
1,2.79,0,-33.8,45,0,0,0,1.2,0,0,0,0,7,0,0,0,0,-0.00229183,0,0,0,0,0,0,0,0,0,1,94,55,0,0.00034,0.00034,3,5,0,0,0,0,0,0,0,0,0,0,1,0,1,0,0,0,0,0,0,0,0,,0,0,0,0,
2,3.26,0,13.8,37.5,0,0,0,1.3,0,0,0,0,-8,0,0,0,0,-0.00229183,0,0,0,0,0,0,0,0,0,1,86,55,0,0.00034,0.00034,3,0,0,0,0,0,0,0,0,0,0,0,1,0,1,0,0,0,0,0,0,0,0,,0,0,0,0,
3,3.58,0,-50.1,32.5,0,0,0,-5.8,0,0,0,0,8,0,0,0,0,-0.00229183,0,0,0,0,0,0,0,0,0,1,81,55,0,0.00034,0.00034,3,5,0,0,0,0,0,0,0,0,0,0,1,0,1,0,0,0,0,0,0,0,0,,0,0,0,0,
4,4.07,0,1.9,38.5,0,0,0,2.95,0,0,0,0,-9,0,0,0,0,-0.00229183,0,0,0,0,0,0,0,0,0,1,87,55,0,0.00034,0.00034,3,5,0,0,0,0,0,0,0,0,0,0,1,0,1,0,0,0,0,0,0,0,0,,0,0,0,0,
5,5.1,0,-35.95,32.5,0,0,0,-1.05,0,0,0,0,-7.5,0,0,0,0,-0.00229183,0,0,0,0,0,0,0,0,0,1,78,55,0,0.00034,0.00034,3,5,0,0,0,0,0,0,0,0,0,0,1,0,1,0,0,0,0,0,0,0,0,,0,0,0,0,
6,5.61,0,-34.55,35,0,0,0,-3.75,0,0,0,0,-5,0,0,0,0,-0.00229183,0,0,0,0,0,0,0,0,0,1,80,55,0,0.00034,0.00034,3,5,0,0,0,0,0,0,0,0,0,0,1,0,1,0,0,0,0,0,0,0,0,,0,0,0,0,
7,5.61,0,-24.3,35,0,0,0,-5.75,0,0,0,0,-10,0,0,0,0,-0.00229183,0,0,0,0,0,0,0,0,0,1,80,55,0,0.00034,0.00034,3,5,0,0,0,0,0,0,0,0,0,0,1,0,1,0,0,0,0,0,0,0,0,,0,0,0,0,
8,6.42,0,34.15,25.5,0,0,0,-9.7,0,0,0,0,-11,0,0,0,0,-0.00229183,0,0,0,0,0,0,0,0,0,1,71,55,0,0.00034,0.00034,3,5,0,0,0,0,0,0,0,0,0,0,1,0,1,0,0,0,0,0,0,0,0,,0,0,0,0,
9,6.82,0,-19.95,26,0,0,0,-1.75,0,0,0,0,-19.5,0,0,0,0,-0.00229183,0,0,0,0,0,0,0,0,0,1,72,55,0,0.00034,0.00034,3,5,0,0,0,0,0,0,0,0,0,0,1,0,1,0,0,0,0,0,0,0,0,,0,0,0,0,
10,7.58,0,32.45,43.5,0,0,0,6.8,0,0,0,0,8,0,0,0,0,-0.00229183,0,0,0,0,0,0,0,0,0,1,89,55,0,0.00034,0.00034,3,5,0,0,0,0,0,0,0,0,0,0,1,0,1,0,0,0,0,0,0,0,0,,0,0,0,0,
11,8.08,0,-24.8,29,0,0,0,10.4,0,0,0,0,-12,0,0,0,0,-0.00229183,0,0,0,0,0,0,0,0,0,1,75,55,0,0.00034,0.00034,3,5,0,0,0,0,0,0,0,0,0,0,1,0,1,0,0,0,0,0,0,0,0,,0,0,0,0,
12,8.52,0,45.3,31.5,0,0,0,5.65,0,0,0,0,7,0,0,0,0,-0.00229183,0,0,0,0,0,0,0,0,0,1,78,55,0,0.00034,0.00034,3,5,0,0,0,0,0,0,0,0,0,0,1,0,1,0,0,0,0,0,0,0,0,,0,0,0,0,
13,8.92,0,-32.95,26.5,0,0,0,-1.45,0,0,0,0,-10,0,0,0,0,-0.00229183,0,0,0,0,0,0,0,0,0,1,73,55,0,0.00034,0.00034,3,5,0,0,0,0,0,0,0,0,0,0,1,0,1,0,0,0,0,0,0,0,0,,0,0,0,0,
14,9.42,0,-29.2,24,0,0,0,-3.45,0,0,0,0,-13.5,0,0,0,0,-0.00229183,0,0,0,0,0,0,0,0,0,1,71,55,0,0.00034,0.00034,3,5,0,0,0,0,0,0,0,0,0,0,1,0,1,0,0,0,0,0,0,0,0,,0,0,0,0,
15,12.16,0,-12.85,26.5,0,0,0,12,0,0,0,0,-16,0,0,0,0,-0.00229183,0,0,0,0,0,0,0,0,0,1,74,55,0,0.00034,0.00034,3,5,0,0,0,0,0,0,0,0,0,0,1,0,1,0,0,0,0,0,0,0,0,,0,0,0,0,
16,12.99,0,-23.2,20.5,0,0,0,-1.6,0,0,0,0,-18.5,0,0,0,0,-0.00229183,0,0,0,0,0,0,0,0,0,1,67,55,0,0.00034,0.00034,3,5,0,0,0,0,0,0,0,0,0,0,1,0,1,0,0,0,0,0,0,0,0,,0,0,0,0,
END,Total:17
START,FrameNb:45,CameraNb:0,HeSaiNb:0,ARS410Nb:0
2026/08/02 16:19:38:195---->
heightOffset:0,1785658778195,1067768,selfCaliBufCnt:0,selfAccObjCnt:0,selfAccAngle:0,installHAngleOffset:0,Interpolation:0,installVAngleOffset:0,radarOffsetH:0,radarOffsetV:0.32,Polynom:-0.001023;-0.0511;-2.047;0;0;0;-0.001023;-0.0511;-2.047;-25.5;0;0,WheelDirection:0;0;0;0,selfAngleOffset:0,selfAngleOffsetPit:0,currCaliAngleHrz:0,currCaliAnglePit:0,selfCaliAngleHrz:0,selfCaliAnglePit:0,servCaliAngleHrz:0,servCaliAnglePit:0,offlineCaliAngleHrz:0,offlineCaliAnglePit:0,determine2useFlag:0,IMU_Z_Accel:-21.592,IMU_X_AngularRate:-2.093,IMU_Y_AngularRate:-2.093,IMU_RollAngle:-180,IMU_PitchAngle:-180,IMU_YawAngle:-180,FcwID:0,FCWWarningLevel:0,FCWTTC:0
0,2.35,0,50.85,29.5,0,0,0,-10.1,1.37605e-33,0,0,0,4.5,0,0,0,0,-0.00229183,0,0,0,0,0,0,0,0,0,1,78,62,0,0.00034,0.00034,3,5,0,0,0,0,0,0,0,0,0,0,1,0,0,0,0,0,0,0,0,0,0,,0,0,0,0,
1,2.79,0,-33.8,45,0,0,0,1.2,0,0,0,0,7,0,0,0,0,-0.00229183,0,0,0,0,0,0,0,0,0,1,94,62,0,0.00034,0.00034,3,5,0,0,0,0,0,0,0,0,0,0,1,0,0,0,0,0,0,0,0,0,0,,0,0,0,0,
2,3.26,0,13.7,37.5,0,0,0,1.45,0,0,0,0,-8,0,0,0,0,-0.00229183,0,0,0,0,0,0,0,0,0,1,86,62,0,0.00034,0.00034,3,0,0,0,0,0,0,0,0,0,0,0,1,0,0,0,0,0,0,0,0,0,0,,0,0,0,0,
3,3.58,0,-50.2,32.5,0,0,0,-5.7,0,0,0,0,8,0,0,0,0,-0.00229183,0,0,0,0,0,0,0,0,0,1,81,62,0,0.00034,0.00034,3,7,0,0,0,0,0,0,0,0,0,0,1,0,0,0,0,0,0,0,0,0,0,,0,0,0,0,
4,4.07,0,1.9,38.5,0,0,0,2.95,0,0,0,0,-9,0,0,0,0,-0.00229183,0,0,0,0,0,0,0,0,0,1,87,62,0,0.00034,0.00034,3,5,0,0,0,0,0,0,0,0,0,0,1,0,0,0,0,0,0,0,0,0,0,,0,0,0,0,
5,5.11,0,-35.8,32.5,0,0,0,-1.3,0,0,0,0,-7.5,0,0,0,0,-0.00229183,0,0,0,0,0,0,0,0,0,1,78,62,0,0.00034,0.00034,3,5,0,0,0,0,0,0,0,0,0,0,1,0,0,0,0,0,0,0,0,0,0,,0,0,0,0,
6,5.6,0,-34.55,35,0,0,0,-4.1,0,0,0,0,-4.5,0,0,0,0,-0.00229183,0,0,0,0,0,0,0,0,0,1,80,62,0,0.00034,0.00034,3,5,0,0,0,0,0,0,0,0,0,0,1,0,0,0,0,0,0,0,0,0,0,,0,0,0,0,
7,5.6,0,-24.2,35,0,0,0,-6.05,0,0,0,0,-9.5,0,0,0,0,-0.00229183,0,0,0,0,0,0,0,0,0,1,80,62,0,0.00034,0.00034,3,5,0,0,0,0,0,0,0,0,0,0,1,0,0,0,0,0,0,0,0,0,0,,0,0,0,0,
8,6.42,0,71.65,25.5,0,0,0,-14.25,0,0,0,0,18,0,0,0,0,-0.00229183,0,0,0,0,0,0,0,0,0,1,71,62,0,0.00034,0.00034,3,5,0,0,0,0,0,0,0,0,0,0,1,0,0,0,0,0,0,0,0,0,0,,0,0,0,0,
9,6.82,0,49.7,26,0,0,0,4.15,0,0,0,0,1.5,0,0,0,0,-0.00229183,0,0,0,0,0,0,0,0,0,1,72,62,0,0.00034,0.00034,3,5,0,0,0,0,0,0,0,0,0,0,1,0,0,0,0,0,0,0,0,0,0,,0,0,0,0,
10,7.58,0,32.55,43.5,0,0,0,6.7,0,0,0,0,8,0,0,0,0,-0.00229183,0,0,0,0,0,0,0,0,0,1,89,62,0,0.00034,0.00034,3,5,0,0,0,0,0,0,0,0,0,0,1,0,0,0,0,0,0,0,0,0,0,,0,0,0,0,
11,8.51,0,45.35,31.5,0,0,0,5.75,0,0,0,0,7,0,0,0,0,-0.00229183,0,0,0,0,0,0,0,0,0,1,78,62,0,0.00034,0.00034,3,5,0,0,0,0,0,0,0,0,0,0,1,0,0,0,0,0,0,0,0,0,0,,0,0,0,0,
12,8.94,0,-32.95,26,0,0,0,-1.35,0,0,0,0,-10,0,0,0,0,-0.00229183,0,0,0,0,0,0,0,0,0,1,73,62,0,0.00034,0.00034,3,5,0,0,0,0,0,0,0,0,0,0,1,0,0,0,0,0,0,0,0,0,0,,0,0,0,0,
13,9.41,0,-29.3,24.5,0,0,0,-3.45,0,0,0,0,-13.5,0,0,0,0,-0.00229183,0,0,0,0,0,0,0,0,0,1,71,62,0,0.00034,0.00034,3,5,0,0,0,0,0,0,0,0,0,0,1,0,0,0,0,0,0,0,0,0,0,,0,0,0,0,
14,12.16,0,-12.9,26.5,0,0,0,12.15,0,0,0,0,-16,0,0,0,0,-0.00229183,0,0,0,0,0,0,0,0,0,1,74,62,0,0.00034,0.00034,3,5,0,0,0,0,0,0,0,0,0,0,1,0,0,0,0,0,0,0,0,0,0,,0,0,0,0,
15,12.98,0,-23.3,20.5,0,0,0,-1.75,0,0,0,0,-18,0,0,0,0,-0.00229183,0,0,0,0,0,0,0,0,0,1,67,62,0,0.00034,0.00034,3,5,0,0,0,0,0,0,0,0,0,0,1,0,0,0,0,0,0,0,0,0,0,,0,0,0,0,
END,Total:16
START,FrameNb:46,CameraNb:0,HeSaiNb:0,ARS410Nb:0
2026/08/02 16:19:38:259---->
heightOffset:0,1785658778259,1067832,selfCaliBufCnt:0,selfAccObjCnt:0,selfAccAngle:0,installHAngleOffset:0,Interpolation:0,installVAngleOffset:0,radarOffsetH:0,radarOffsetV:0.32,Polynom:-0.001023;-0.0511;-2.047;0;0;0;-0.001023;-0.0511;-2.047;-25.5;0;0,WheelDirection:0;0;0;0,selfAngleOffset:0,selfAngleOffsetPit:0,currCaliAngleHrz:0,currCaliAnglePit:0,selfCaliAngleHrz:0,selfCaliAnglePit:0,servCaliAngleHrz:0,servCaliAnglePit:0,offlineCaliAngleHrz:0,offlineCaliAnglePit:0,determine2useFlag:0,IMU_Z_Accel:-21.592,IMU_X_AngularRate:-2.093,IMU_Y_AngularRate:-2.093,IMU_RollAngle:-180,IMU_PitchAngle:-180,IMU_YawAngle:-180,FcwID:0,FCWWarningLevel:0,FCWTTC:0
0,2.35,0,51.15,29,0,0,0,-10.2,1.37605e-33,0,0,0,5.5,0,0,0,0,-0.00229183,0,0,0,0,0,0,0,0,0,1,78,60,0,0.00034,0.00034,3,5,0,0,0,0,0,0,0,0,0,0,1,0,1,0,0,0,0,0,0,0,0,,0,0,0,0,
1,2.79,0,-33.8,45,0,0,0,1.2,0,0,0,0,7,0,0,0,0,-0.00229183,0,0,0,0,0,0,0,0,0,1,94,60,0,0.00034,0.00034,3,5,0,0,0,0,0,0,0,0,0,0,1,0,1,0,0,0,0,0,0,0,0,,0,0,0,0,
2,3.25,0,13.8,37.5,0,0,0,1.3,0,0,0,0,-8,0,0,0,0,-0.00229183,0,0,0,0,0,0,0,0,0,1,86,60,0,0.00034,0.00034,3,0,0,0,0,0,0,0,0,0,0,0,1,0,1,0,0,0,0,0,0,0,0,,0,0,0,0,
3,3.58,0,-50.2,32.5,0,0,0,-5.85,0,0,0,0,8,0,0,0,0,-0.00229183,0,0,0,0,0,0,0,0,0,1,81,60,0,0.00034,0.00034,3,5,0,0,0,0,0,0,0,0,0,0,1,0,1,0,0,0,0,0,0,0,0,,0,0,0,0,
4,4.07,0,1.9,38.5,0,0,0,2.95,0,0,0,0,-9,0,0,0,0,-0.00229183,0,0,0,0,0,0,0,0,0,1,87,60,0,0.00034,0.00034,3,5,0,0,0,0,0,0,0,0,0,0,1,0,1,0,0,0,0,0,0,0,0,,0,0,0,0,
5,5.1,0,-35.95,32.5,0,0,0,-1.3,0,0,0,0,-7.5,0,0,0,0,-0.00229183,0,0,0,0,0,0,0,0,0,1,78,60,0,0.00034,0.00034,3,0,0,0,0,0,0,0,0,0,0,0,1,0,1,0,0,0,0,0,0,0,0,,0,0,0,0,
6,5.61,0,-34.5,35,0,0,0,-4.1,0,0,0,0,-5,0,0,0,0,-0.00229183,0,0,0,0,0,0,0,0,0,1,80,60,0,0.00034,0.00034,3,5,0,0,0,0,0,0,0,0,0,0,1,0,1,0,0,0,0,0,0,0,0,,0,0,0,0,
7,5.61,0,-24.2,35,0,0,0,-6,0,0,0,0,-10,0,0,0,0,-0.00229183,0,0,0,0,0,0,0,0,0,1,80,60,0,0.00034,0.00034,3,5,0,0,0,0,0,0,0,0,0,0,1,0,1,0,0,0,0,0,0,0,0,,0,0,0,0,
8,6.41,0,34.1,26,0,0,0,-9.25,0,0,0,0,-10.5,0,0,0,0,-0.00229183,0,0,0,0,0,0,0,0,0,1,71,60,0,0.00034,0.00034,3,5,0,0,0,0,0,0,0,0,0,0,1,0,1,0,0,0,0,0,0,0,0,,0,0,0,0,
9,6.79,0,-36.05,26.5,0,0,0,-0.95,0,0,0,0,-10,0,0,0,0,-0.00229183,0,0,0,0,0,0,0,0,0,1,72,60,0,0.00034,0.00034,3,5,0,0,0,0,0,0,0,0,0,0,1,0,1,0,0,0,0,0,0,0,0,,0,0,0,0,
10,7.58,0,32.55,43.5,0,0,0,6.95,0,0,0,0,8,0,0,0,0,-0.00229183,0,0,0,0,0,0,0,0,0,1,89,60,0,0.00034,0.00034,3,5,0,0,0,0,0,0,0,0,0,0,1,0,1,0,0,0,0,0,0,0,0,,0,0,0,0,
11,8.07,0,-24.8,29,0,0,0,10.55,0,0,0,0,-11.5,0,0,0,0,-0.00229183,0,0,0,0,0,0,0,0,0,1,75,60,0,0.00034,0.00034,3,5,0,0,0,0,0,0,0,0,0,0,1,0,1,0,0,0,0,0,0,0,0,,0,0,0,0,
12,8.51,0,45.3,31.5,0,0,0,5.65,0,0,0,0,7,0,0,0,0,-0.00229183,0,0,0,0,0,0,0,0,0,1,78,60,0,0.00034,0.00034,3,5,0,0,0,0,0,0,0,0,0,0,1,0,1,0,0,0,0,0,0,0,0,,0,0,0,0,
13,8.92,0,-32.85,26.5,0,0,0,-1.25,0,0,0,0,-10,0,0,0,0,-0.00229183,0,0,0,0,0,0,0,0,0,1,73,60,0,0.00034,0.00034,3,5,0,0,0,0,0,0,0,0,0,0,1,0,1,0,0,0,0,0,0,0,0,,0,0,0,0,
14,9.43,0,-29.3,24,0,0,0,-3.25,0,0,0,0,-13.5,0,0,0,0,-0.00229183,0,0,0,0,0,0,0,0,0,1,71,60,0,0.00034,0.00034,3,5,0,0,0,0,0,0,0,0,0,0,1,0,1,0,0,0,0,0,0,0,0,,0,0,0,0,
15,12.16,0,-12.85,26.5,0,0,0,12.2,0,0,0,0,-16,0,0,0,0,-0.00229183,0,0,0,0,0,0,0,0,0,1,74,60,0,0.00034,0.00034,3,5,0,0,0,0,0,0,0,0,0,0,1,0,1,0,0,0,0,0,0,0,0,,0,0,0,0,
16,12.98,0,-23.2,20.5,0,0,0,-1.55,0,0,0,0,-18.5,0,0,0,0,-0.00229183,0,0,0,0,0,0,0,0,0,1,67,60,0,0.00034,0.00034,3,5,0,0,0,0,0,0,0,0,0,0,1,0,1,0,0,0,0,0,0,0,0,,0,0,0,0,
END,Total:17
START,FrameNb:47,CameraNb:0,HeSaiNb:0,ARS410Nb:0
2026/08/02 16:19:38:318---->
heightOffset:0,1785658778318,1067888,selfCaliBufCnt:0,selfAccObjCnt:0,selfAccAngle:0,installHAngleOffset:0,Interpolation:0,installVAngleOffset:0,radarOffsetH:0,radarOffsetV:0.32,Polynom:-0.001023;-0.0511;-2.047;0;0;0;-0.001023;-0.0511;-2.047;-25.5;0;0,WheelDirection:0;0;0;0,selfAngleOffset:0,selfAngleOffsetPit:0,currCaliAngleHrz:0,currCaliAnglePit:0,selfCaliAngleHrz:0,selfCaliAnglePit:0,servCaliAngleHrz:0,servCaliAnglePit:0,offlineCaliAngleHrz:0,offlineCaliAnglePit:0,determine2useFlag:0,IMU_Z_Accel:-21.592,IMU_X_AngularRate:-2.093,IMU_Y_AngularRate:-2.093,IMU_RollAngle:-180,IMU_PitchAngle:-180,IMU_YawAngle:-180,FcwID:0,FCWWarningLevel:0,FCWTTC:0
0,2.35,0,31.5,29,0,0,0,10.2,1.37605e-33,0,0,0,-8.5,0,0,0,0,-0.00229183,0,0,0,0,0,0,0,0,0,1,78,59,0,0.00034,0.00034,3,5,0,0,0,0,0,0,0,0,0,0,1,0,0,0,0,0,0,0,0,0,0,,0,0,0,0,
1,2.79,0,-33.8,45,0,0,0,1.2,0,0,0,0,7,0,0,0,0,-0.00229183,0,0,0,0,0,0,0,0,0,1,94,59,0,0.00034,0.00034,3,5,0,0,0,0,0,0,0,0,0,0,1,0,0,0,0,0,0,0,0,0,0,,0,0,0,0,
2,3.27,0,13.8,37.5,0,0,0,1.4,0,0,0,0,-8,0,0,0,0,-0.00229183,0,0,0,0,0,0,0,0,0,1,86,59,0,0.00034,0.00034,3,0,0,0,0,0,0,0,0,0,0,0,1,0,0,0,0,0,0,0,0,0,0,,0,0,0,0,
3,4.07,0,1.9,38.5,0,0,0,2.95,0,0,0,0,-9,0,0,0,0,-0.00229183,0,0,0,0,0,0,0,0,0,1,87,59,0,0.00034,0.00034,3,5,0,0,0,0,0,0,0,0,0,0,1,0,0,0,0,0,0,0,0,0,0,,0,0,0,0,
4,5.1,0,-35.7,32.5,0,0,0,-1.2,0,0,0,0,-7,0,0,0,0,-0.00229183,0,0,0,0,0,0,0,0,0,1,78,59,0,0.00034,0.00034,3,5,0,0,0,0,0,0,0,0,0,0,1,0,0,0,0,0,0,0,0,0,0,,0,0,0,0,
5,5.6,0,-34.5,35,0,0,0,-4.25,0,0,0,0,-4.5,0,0,0,0,-0.00229183,0,0,0,0,0,0,0,0,0,1,80,59,0,0.00034,0.00034,3,5,0,0,0,0,0,0,0,0,0,0,1,0,0,0,0,0,0,0,0,0,0,,0,0,0,0,
6,5.6,0,-24.2,35,0,0,0,-6.1,0,0,0,0,-9.5,0,0,0,0,-0.00229183,0,0,0,0,0,0,0,0,0,1,80,59,0,0.00034,0.00034,3,5,0,0,0,0,0,0,0,0,0,0,1,0,0,0,0,0,0,0,0,0,0,,0,0,0,0,
7,6.41,0,71.6,25.5,0,0,0,-13.25,0,0,0,0,18.5,0,0,0,0,-0.00229183,0,0,0,0,0,0,0,0,0,1,71,59,0,0.00034,0.00034,2,-1,0,0,0,0,0,0,0,0,0,0,1,0,0,0,0,0,0,0,0,0,0,,0,0,0,0,
8,6.82,0,-35.95,26,0,0,0,-0.7,0,0,0,0,-11.5,0,0,0,0,-0.00229183,0,0,0,0,0,0,0,0,0,1,72,59,0,0.00034,0.00034,3,5,0,0,0,0,0,0,0,0,0,0,1,0,0,0,0,0,0,0,0,0,0,,0,0,0,0,
9,7.58,0,32.55,43.5,0,0,0,6.75,0,0,0,0,8,0,0,0,0,-0.00229183,0,0,0,0,0,0,0,0,0,1,90,59,0,0.00034,0.00034,3,5,0,0,0,0,0,0,0,0,0,0,1,0,0,0,0,0,0,0,0,0,0,,0,0,0,0,
10,8.51,0,45.35,31.5,0,0,0,5.8,0,0,0,0,7,0,0,0,0,-0.00229183,0,0,0,0,0,0,0,0,0,1,78,59,0,0.00034,0.00034,3,5,0,0,0,0,0,0,0,0,0,0,1,0,0,0,0,0,0,0,0,0,0,,0,0,0,0,
11,8.94,0,-32.9,26,0,0,0,-1.35,0,0,0,0,-10,0,0,0,0,-0.00229183,0,0,0,0,0,0,0,0,0,1,73,59,0,0.00034,0.00034,3,5,0,0,0,0,0,0,0,0,0,0,1,0,0,0,0,0,0,0,0,0,0,,0,0,0,0,
12,9.42,0,-29.3,24,0,0,0,-3.3,0,0,0,0,-13.5,0,0,0,0,-0.00229183,0,0,0,0,0,0,0,0,0,1,71,59,0,0.00034,0.00034,3,5,0,0,0,0,0,0,0,0,0,0,1,0,0,0,0,0,0,0,0,0,0,,0,0,0,0,
13,12.16,0,-12.95,26.5,0,0,0,12.3,0,0,0,0,-16,0,0,0,0,-0.00229183,0,0,0,0,0,0,0,0,0,1,74,59,0,0.00034,0.00034,3,5,0,0,0,0,0,0,0,0,0,0,1,0,0,0,0,0,0,0,0,0,0,,0,0,0,0,
14,12.98,0,-23.35,20.5,0,0,0,-1.7,0,0,0,0,-18.5,0,0,0,0,-0.00229183,0,0,0,0,0,0,0,0,0,1,67,59,0,0.00034,0.00034,3,5,0,0,0,0,0,0,0,0,0,0,1,0,0,0,0,0,0,0,0,0,0,,0,0,0,0,
END,Total:15
START,FrameNb:48,CameraNb:0,HeSaiNb:0,ARS410Nb:0
2026/08/02 16:19:38:348---->
heightOffset:0,1785658778348,1067944,selfCaliBufCnt:0,selfAccObjCnt:0,selfAccAngle:0,installHAngleOffset:0,Interpolation:0,installVAngleOffset:0,radarOffsetH:0,radarOffsetV:0.32,Polynom:-0.001023;-0.0511;-2.047;0;0;0;-0.001023;-0.0511;-2.047;-25.5;0;0,WheelDirection:0;0;0;0,selfAngleOffset:0,selfAngleOffsetPit:0,currCaliAngleHrz:0,currCaliAnglePit:0,selfCaliAngleHrz:0,selfCaliAnglePit:0,servCaliAngleHrz:0,servCaliAnglePit:0,offlineCaliAngleHrz:0,offlineCaliAnglePit:0,determine2useFlag:0,IMU_Z_Accel:-21.592,IMU_X_AngularRate:-2.093,IMU_Y_AngularRate:-2.093,IMU_RollAngle:-180,IMU_PitchAngle:-180,IMU_YawAngle:-180,FcwID:0,FCWWarningLevel:0,FCWTTC:0
0,2.35,0,51.15,29,0,0,0,-10.2,1.37605e-33,0,0,0,5.5,0,0,0,0,-0.00229183,0,0,0,0,0,0,0,0,0,1,78,55,0,0.00034,0.00034,2,-1,0,0,0,0,0,0,0,0,0,0,1,0,1,0,0,0,0,0,0,0,0,,0,0,0,0,
1,2.79,0,-33.8,45,0,0,0,1.2,0,0,0,0,7,0,0,0,0,-0.00229183,0,0,0,0,0,0,0,0,0,1,94,55,0,0.00034,0.00034,3,5,0,0,0,0,0,0,0,0,0,0,1,0,1,0,0,0,0,0,0,0,0,,0,0,0,0,
2,3.26,0,13.8,37.5,0,0,0,1.3,0,0,0,0,-8,0,0,0,0,-0.00229183,0,0,0,0,0,0,0,0,0,1,86,55,0,0.00034,0.00034,3,0,0,0,0,0,0,0,0,0,0,0,1,0,1,0,0,0,0,0,0,0,0,,0,0,0,0,
3,3.58,0,-50.3,32.5,0,0,0,-6.05,0,0,0,0,7.5,0,0,0,0,-0.00229183,0,0,0,0,0,0,0,0,0,1,80,55,0,0.00034,0.00034,3,5,0,0,0,0,0,0,0,0,0,0,1,0,1,0,0,0,0,0,0,0,0,,0,0,0,0,
4,4.07,0,1.9,38.5,0,0,0,2.95,0,0,0,0,-9,0,0,0,0,-0.00229183,0,0,0,0,0,0,0,0,0,1,87,55,0,0.00034,0.00034,3,5,0,0,0,0,0,0,0,0,0,0,1,0,1,0,0,0,0,0,0,0,0,,0,0,0,0,
5,5.11,0,-36,32.5,0,0,0,-1.2,0,0,0,0,-6.5,0,0,0,0,-0.00229183,0,0,0,0,0,0,0,0,0,1,78,55,0,0.00034,0.00034,3,0,0,0,0,0,0,0,0,0,0,0,1,0,1,0,0,0,0,0,0,0,0,,0,0,0,0,
6,5.61,0,-34.5,35,0,0,0,-4.1,0,0,0,0,-5,0,0,0,0,-0.00229183,0,0,0,0,0,0,0,0,0,1,80,55,0,0.00034,0.00034,3,5,0,0,0,0,0,0,0,0,0,0,1,0,1,0,0,0,0,0,0,0,0,,0,0,0,0,
7,5.61,0,-24.2,35,0,0,0,-6,0,0,0,0,-10,0,0,0,0,-0.00229183,0,0,0,0,0,0,0,0,0,1,80,55,0,0.00034,0.00034,3,5,0,0,0,0,0,0,0,0,0,0,1,0,1,0,0,0,0,0,0,0,0,,0,0,0,0,
8,6.41,0,34.1,25.5,0,0,0,-9.8,0,0,0,0,-10.5,0,0,0,0,-0.00229183,0,0,0,0,0,0,0,0,0,1,71,55,0,0.00034,0.00034,3,5,0,0,0,0,0,0,0,0,0,0,1,0,1,0,0,0,0,0,0,0,0,,0,0,0,0,
9,6.81,0,49.45,26,0,0,0,4.15,0,0,0,0,1.5,0,0,0,0,-0.00229183,0,0,0,0,0,0,0,0,0,1,72,55,0,0.00034,0.00034,3,5,0,0,0,0,0,0,0,0,0,0,1,0,1,0,0,0,0,0,0,0,0,,0,0,0,0,
10,7.58,0,32.55,43.5,0,0,0,6.8,0,0,0,0,8,0,0,0,0,-0.00229183,0,0,0,0,0,0,0,0,0,1,89,55,0,0.00034,0.00034,3,5,0,0,0,0,0,0,0,0,0,0,1,0,1,0,0,0,0,0,0,0,0,,0,0,0,0,
11,8.52,0,45.3,31.5,0,0,0,5.75,0,0,0,0,7,0,0,0,0,-0.00229183,0,0,0,0,0,0,0,0,0,1,78,55,0,0.00034,0.00034,3,5,0,0,0,0,0,0,0,0,0,0,1,0,1,0,0,0,0,0,0,0,0,,0,0,0,0,
12,8.94,0,-32.85,26.5,0,0,0,-1.35,0,0,0,0,-10,0,0,0,0,-0.00229183,0,0,0,0,0,0,0,0,0,1,73,55,0,0.00034,0.00034,3,5,0,0,0,0,0,0,0,0,0,0,1,0,1,0,0,0,0,0,0,0,0,,0,0,0,0,
13,9.42,0,-29.3,24,0,0,0,-3.35,0,0,0,0,-13.5,0,0,0,0,-0.00229183,0,0,0,0,0,0,0,0,0,1,71,55,0,0.00034,0.00034,3,5,0,0,0,0,0,0,0,0,0,0,1,0,1,0,0,0,0,0,0,0,0,,0,0,0,0,
14,12.16,0,-12.85,26.5,0,0,0,12.05,0,0,0,0,-16,0,0,0,0,-0.00229183,0,0,0,0,0,0,0,0,0,1,74,55,0,0.00034,0.00034,3,5,0,0,0,0,0,0,0,0,0,0,1,0,1,0,0,0,0,0,0,0,0,,0,0,0,0,
15,12.98,0,-23.1,20.5,0,0,0,-1.8,0,0,0,0,-18.5,0,0,0,0,-0.00229183,0,0,0,0,0,0,0,0,0,1,67,55,0,0.00034,0.00034,3,5,0,0,0,0,0,0,0,0,0,0,1,0,1,0,0,0,0,0,0,0,0,,0,0,0,0,
END,Total:16
START,FrameNb:49,CameraNb:0,HeSaiNb:0,ARS410Nb:0
2026/08/02 16:19:38:441---->
heightOffset:0,1785658778441,1068000,selfCaliBufCnt:0,selfAccObjCnt:0,selfAccAngle:0,installHAngleOffset:0,Interpolation:0,installVAngleOffset:0,radarOffsetH:0,radarOffsetV:0.32,Polynom:-0.001023;-0.0511;-2.047;0;0;0;-0.001023;-0.0511;-2.047;-25.5;0;0,WheelDirection:0;0;0;0,selfAngleOffset:0,selfAngleOffsetPit:0,currCaliAngleHrz:0,currCaliAnglePit:0,selfCaliAngleHrz:0,selfCaliAnglePit:0,servCaliAngleHrz:0,servCaliAnglePit:0,offlineCaliAngleHrz:0,offlineCaliAnglePit:0,determine2useFlag:0,IMU_Z_Accel:-21.592,IMU_X_AngularRate:-2.093,IMU_Y_AngularRate:-2.093,IMU_RollAngle:-180,IMU_PitchAngle:-180,IMU_YawAngle:-180,FcwID:0,FCWWarningLevel:0,FCWTTC:0
0,2.35,0,31.45,29,0,0,0,10.4,1.37605e-33,0,0,0,-8.5,0,0,0,0,-0.00229183,0,0,0,0,0,0,0,0,0,1,78,59,0,0.00034,0.00034,3,5,0,0,0,0,0,0,0,0,0,0,1,0,0,0,0,0,0,0,0,0,0,,0,0,0,0,
1,2.79,0,-33.8,45,0,0,0,1.2,0,0,0,0,7,0,0,0,0,-0.00229183,0,0,0,0,0,0,0,0,0,1,94,59,0,0.00034,0.00034,3,5,0,0,0,0,0,0,0,0,0,0,1,0,0,0,0,0,0,0,0,0,0,,0,0,0,0,
2,3.27,0,13.8,37.5,0,0,0,1.4,0,0,0,0,-8,0,0,0,0,-0.00229183,0,0,0,0,0,0,0,0,0,1,86,59,0,0.00034,0.00034,3,0,0,0,0,0,0,0,0,0,0,0,1,0,0,0,0,0,0,0,0,0,0,,0,0,0,0,
3,3.58,0,-50.35,32.5,0,0,0,-5.75,0,0,0,0,8,0,0,0,0,-0.00229183,0,0,0,0,0,0,0,0,0,1,81,59,0,0.00034,0.00034,3,7,0,0,0,0,0,0,0,0,0,0,1,0,0,0,0,0,0,0,0,0,0,,0,0,0,0,
4,4.07,0,1.9,38.5,0,0,0,2.95,0,0,0,0,-9,0,0,0,0,-0.00229183,0,0,0,0,0,0,0,0,0,1,87,59,0,0.00034,0.00034,3,5,0,0,0,0,0,0,0,0,0,0,1,0,0,0,0,0,0,0,0,0,0,,0,0,0,0,
5,5.1,0,-35.8,32.5,0,0,0,-1.2,0,0,0,0,-7.5,0,0,0,0,-0.00229183,0,0,0,0,0,0,0,0,0,1,78,59,0,0.00034,0.00034,3,5,0,0,0,0,0,0,0,0,0,0,1,0,0,0,0,0,0,0,0,0,0,,0,0,0,0,
6,5.6,0,-34.55,35,0,0,0,-4.25,0,0,0,0,-5,0,0,0,0,-0.00229183,0,0,0,0,0,0,0,0,0,1,80,59,0,0.00034,0.00034,3,5,0,0,0,0,0,0,0,0,0,0,1,0,0,0,0,0,0,0,0,0,0,,0,0,0,0,
7,5.6,0,-24.2,35,0,0,0,-6.2,0,0,0,0,-10,0,0,0,0,-0.00229183,0,0,0,0,0,0,0,0,0,1,80,59,0,0.00034,0.00034,3,5,0,0,0,0,0,0,0,0,0,0,1,0,0,0,0,0,0,0,0,0,0,,0,0,0,0,
8,6.41,0,70,25.5,0,0,0,-10.8,0,0,0,0,17,0,0,0,0,-0.00229183,0,0,0,0,0,0,0,0,0,1,71,59,0,0.00034,0.00034,2,-1,0,0,0,0,0,0,0,0,0,0,1,0,0,0,0,0,0,0,0,0,0,,0,0,0,0,
9,7.58,0,32.6,43,0,0,0,6.9,0,0,0,0,8,0,0,0,0,-0.00229183,0,0,0,0,0,0,0,0,0,1,89,59,0,0.00034,0.00034,3,5,0,0,0,0,0,0,0,0,0,0,1,0,0,0,0,0,0,0,0,0,0,,0,0,0,0,
10,8.52,0,45.3,31,0,0,0,5.95,0,0,0,0,7,0,0,0,0,-0.00229183,0,0,0,0,0,0,0,0,0,1,78,59,0,0.00034,0.00034,3,5,0,0,0,0,0,0,0,0,0,0,1,0,0,0,0,0,0,0,0,0,0,,0,0,0,0,
11,8.96,0,-32.95,26.5,0,0,0,-1.45,0,0,0,0,-10,0,0,0,0,-0.00229183,0,0,0,0,0,0,0,0,0,1,73,59,0,0.00034,0.00034,3,5,0,0,0,0,0,0,0,0,0,0,1,0,0,0,0,0,0,0,0,0,0,,0,0,0,0,
12,9.41,0,-29.3,24,0,0,0,-3.45,0,0,0,0,-13.5,0,0,0,0,-0.00229183,0,0,0,0,0,0,0,0,0,1,71,59,0,0.00034,0.00034,3,5,0,0,0,0,0,0,0,0,0,0,1,0,0,0,0,0,0,0,0,0,0,,0,0,0,0,
13,12.16,0,-12.9,26.5,0,0,0,12.15,0,0,0,0,-16,0,0,0,0,-0.00229183,0,0,0,0,0,0,0,0,0,1,74,59,0,0.00034,0.00034,3,5,0,0,0,0,0,0,0,0,0,0,1,0,0,0,0,0,0,0,0,0,0,,0,0,0,0,
14,12.98,0,-23.35,20.5,0,0,0,-1.7,0,0,0,0,-18.5,0,0,0,0,-0.00229183,0,0,0,0,0,0,0,0,0,1,67,59,0,0.00034,0.00034,3,5,0,0,0,0,0,0,0,0,0,0,1,0,0,0,0,0,0,0,0,0,0,,0,0,0,0,
END,Total:15
START,FrameNb:50,CameraNb:0,HeSaiNb:0,ARS410Nb:0
2026/08/02 16:19:38:504---->
heightOffset:0,1785658778504,1068060,selfCaliBufCnt:0,selfAccObjCnt:0,selfAccAngle:0,installHAngleOffset:0,Interpolation:0,installVAngleOffset:0,radarOffsetH:0,radarOffsetV:0.32,Polynom:-0.001023;-0.0511;-2.047;0;0;0;-0.001023;-0.0511;-2.047;-25.5;0;0,WheelDirection:0;0;0;0,selfAngleOffset:0,selfAngleOffsetPit:0,currCaliAngleHrz:0,currCaliAnglePit:0,selfCaliAngleHrz:0,selfCaliAnglePit:0,servCaliAngleHrz:0,servCaliAnglePit:0,offlineCaliAngleHrz:0,offlineCaliAnglePit:0,determine2useFlag:0,IMU_Z_Accel:-21.592,IMU_X_AngularRate:-2.093,IMU_Y_AngularRate:-2.093,IMU_RollAngle:-180,IMU_PitchAngle:-180,IMU_YawAngle:-180,FcwID:0,FCWWarningLevel:0,FCWTTC:0
0,2.35,0,51.1,29,0,0,0,-10.2,1.37605e-33,0,0,0,5.5,0,0,0,0,-0.00229183,0,0,0,0,0,0,0,0,0,1,78,55,0,0.00034,0.00034,2,-1,0,0,0,0,0,0,0,0,0,0,1,0,1,0,0,0,0,0,0,0,0,,0,0,0,0,
1,2.79,0,-33.8,45,0,0,0,1.2,0,0,0,0,7,0,0,0,0,-0.00229183,0,0,0,0,0,0,0,0,0,1,94,55,0,0.00034,0.00034,3,5,0,0,0,0,0,0,0,0,0,0,1,0,1,0,0,0,0,0,0,0,0,,0,0,0,0,
2,3.26,0,13.8,37.5,0,0,0,1.4,0,0,0,0,-8,0,0,0,0,-0.00229183,0,0,0,0,0,0,0,0,0,1,86,55,0,0.00034,0.00034,3,0,0,0,0,0,0,0,0,0,0,0,1,0,1,0,0,0,0,0,0,0,0,,0,0,0,0,
3,3.58,0,-50.2,32.5,0,0,0,-6.05,0,0,0,0,8,0,0,0,0,-0.00229183,0,0,0,0,0,0,0,0,0,1,81,55,0,0.00034,0.00034,3,5,0,0,0,0,0,0,0,0,0,0,1,0,1,0,0,0,0,0,0,0,0,,0,0,0,0,
4,4.07,0,1.9,38.5,0,0,0,2.95,0,0,0,0,-9,0,0,0,0,-0.00229183,0,0,0,0,0,0,0,0,0,1,87,55,0,0.00034,0.00034,3,5,0,0,0,0,0,0,0,0,0,0,1,0,1,0,0,0,0,0,0,0,0,,0,0,0,0,
5,5.12,0,-35.95,32.5,0,0,0,-1.2,0,0,0,0,-7.5,0,0,0,0,-0.00229183,0,0,0,0,0,0,0,0,0,1,78,55,0,0.00034,0.00034,3,0,0,0,0,0,0,0,0,0,0,0,1,0,1,0,0,0,0,0,0,0,0,,0,0,0,0,
6,5.61,0,-34.5,35,0,0,0,-3.8,0,0,0,0,-5,0,0,0,0,-0.00229183,0,0,0,0,0,0,0,0,0,1,80,55,0,0.00034,0.00034,3,5,0,0,0,0,0,0,0,0,0,0,1,0,1,0,0,0,0,0,0,0,0,,0,0,0,0,
7,5.61,0,-24.3,35,0,0,0,-5.75,0,0,0,0,-10,0,0,0,0,-0.00229183,0,0,0,0,0,0,0,0,0,1,80,55,0,0.00034,0.00034,3,5,0,0,0,0,0,0,0,0,0,0,1,0,1,0,0,0,0,0,0,0,0,,0,0,0,0,
8,6.39,0,34,25,0,0,0,-9.45,0,0,0,0,-11,0,0,0,0,-0.00229183,0,0,0,0,0,0,0,0,0,1,71,55,0,0.00034,0.00034,3,5,0,0,0,0,0,0,0,0,0,0,1,0,1,0,0,0,0,0,0,0,0,,0,0,0,0,
9,6.81,0,-36.1,26,0,0,0,-0.95,0,0,0,0,-10.5,0,0,0,0,-0.00229183,0,0,0,0,0,0,0,0,0,1,72,55,0,0.00034,0.00034,3,5,0,0,0,0,0,0,0,0,0,0,1,0,1,0,0,0,0,0,0,0,0,,0,0,0,0,
10,7.58,0,32.7,43.5,0,0,0,7,0,0,0,0,8,0,0,0,0,-0.00229183,0,0,0,0,0,0,0,0,0,1,90,55,0,0.00034,0.00034,3,5,0,0,0,0,0,0,0,0,0,0,1,0,1,0,0,0,0,0,0,0,0,,0,0,0,0,
11,8.51,0,45.3,31.5,0,0,0,5.9,0,0,0,0,7,0,0,0,0,-0.00229183,0,0,0,0,0,0,0,0,0,1,78,55,0,0.00034,0.00034,3,5,0,0,0,0,0,0,0,0,0,0,1,0,1,0,0,0,0,0,0,0,0,,0,0,0,0,
12,8.95,0,-32.95,26.5,0,0,0,-1.55,0,0,0,0,-10,0,0,0,0,-0.00229183,0,0,0,0,0,0,0,0,0,1,73,55,0,0.00034,0.00034,3,5,0,0,0,0,0,0,0,0,0,0,1,0,1,0,0,0,0,0,0,0,0,,0,0,0,0,
13,9.4,0,-29.1,24,0,0,0,-3.45,0,0,0,0,-13.5,0,0,0,0,-0.00229183,0,0,0,0,0,0,0,0,0,1,71,55,0,0.00034,0.00034,3,5,0,0,0,0,0,0,0,0,0,0,1,0,1,0,0,0,0,0,0,0,0,,0,0,0,0,
14,12.16,0,-12.9,27,0,0,0,12.25,0,0,0,0,-16,0,0,0,0,-0.00229183,0,0,0,0,0,0,0,0,0,1,74,55,0,0.00034,0.00034,3,5,0,0,0,0,0,0,0,0,0,0,1,0,1,0,0,0,0,0,0,0,0,,0,0,0,0,
15,12.98,0,-23.1,20.5,0,0,0,-1.8,0,0,0,0,-18,0,0,0,0,-0.00229183,0,0,0,0,0,0,0,0,0,1,67,55,0,0.00034,0.00034,3,5,0,0,0,0,0,0,0,0,0,0,1,0,1,0,0,0,0,0,0,0,0,,0,0,0,0,
END,Total:16
START,FrameNb:51,CameraNb:0,HeSaiNb:0,ARS410Nb:0
2026/08/02 16:19:38:564---->
heightOffset:0,1785658778564,1068116,selfCaliBufCnt:0,selfAccObjCnt:0,selfAccAngle:0,installHAngleOffset:0,Interpolation:0,installVAngleOffset:0,radarOffsetH:0,radarOffsetV:0.32,Polynom:-0.001023;-0.0511;-2.047;0;0;0;-0.001023;-0.0511;-2.047;-25.5;0;0,WheelDirection:0;0;0;0,selfAngleOffset:0,selfAngleOffsetPit:0,currCaliAngleHrz:0,currCaliAnglePit:0,selfCaliAngleHrz:0,selfCaliAnglePit:0,servCaliAngleHrz:0,servCaliAnglePit:0,offlineCaliAngleHrz:0,offlineCaliAnglePit:0,determine2useFlag:0,IMU_Z_Accel:-21.592,IMU_X_AngularRate:-2.093,IMU_Y_AngularRate:-2.093,IMU_RollAngle:-180,IMU_PitchAngle:-180,IMU_YawAngle:-180,FcwID:0,FCWWarningLevel:0,FCWTTC:0
0,2.35,0,50.8,29.5,0,0,0,-10.1,1.37605e-33,0,0,0,4.5,0,0,0,0,-0.00229183,0,0,0,0,0,0,0,0,0,1,78,62,0,0.00034,0.00034,3,5,0,0,0,0,0,0,0,0,0,0,1,0,0,0,0,0,0,0,0,0,0,,0,0,0,0,
1,2.79,0,-33.8,45,0,0,0,1.2,0,0,0,0,7,0,0,0,0,-0.00229183,0,0,0,0,0,0,0,0,0,1,94,62,0,0.00034,0.00034,3,5,0,0,0,0,0,0,0,0,0,0,1,0,0,0,0,0,0,0,0,0,0,,0,0,0,0,
2,3.26,0,13.8,37.5,0,0,0,1.4,0,0,0,0,-8,0,0,0,0,-0.00229183,0,0,0,0,0,0,0,0,0,1,86,62,0,0.00034,0.00034,3,0,0,0,0,0,0,0,0,0,0,0,1,0,0,0,0,0,0,0,0,0,0,,0,0,0,0,
3,3.58,0,-50.3,32.5,0,0,0,-5.7,0,0,0,0,8,0,0,0,0,-0.00229183,0,0,0,0,0,0,0,0,0,1,81,62,0,0.00034,0.00034,3,7,0,0,0,0,0,0,0,0,0,0,1,0,0,0,0,0,0,0,0,0,0,,0,0,0,0,
4,4.07,0,1.9,38.5,0,0,0,2.95,0,0,0,0,-9,0,0,0,0,-0.00229183,0,0,0,0,0,0,0,0,0,1,87,62,0,0.00034,0.00034,3,5,0,0,0,0,0,0,0,0,0,0,1,0,0,0,0,0,0,0,0,0,0,,0,0,0,0,
5,5.11,0,-35.8,32.5,0,0,0,-1.35,0,0,0,0,-7.5,0,0,0,0,-0.00229183,0,0,0,0,0,0,0,0,0,1,78,62,0,0.00034,0.00034,3,5,0,0,0,0,0,0,0,0,0,0,1,0,0,0,0,0,0,0,0,0,0,,0,0,0,0,
6,5.6,0,-34.55,35,0,0,0,-3.85,0,0,0,0,-5,0,0,0,0,-0.00229183,0,0,0,0,0,0,0,0,0,1,80,62,0,0.00034,0.00034,3,5,0,0,0,0,0,0,0,0,0,0,1,0,0,0,0,0,0,0,0,0,0,,0,0,0,0,
7,5.6,0,-24.3,35,0,0,0,-5.95,0,0,0,0,-10,0,0,0,0,-0.00229183,0,0,0,0,0,0,0,0,0,1,80,62,0,0.00034,0.00034,3,5,0,0,0,0,0,0,0,0,0,0,1,0,0,0,0,0,0,0,0,0,0,,0,0,0,0,
8,6.41,0,71.6,25.5,0,0,0,-12.8,0,0,0,0,18,0,0,0,0,-0.00229183,0,0,0,0,0,0,0,0,0,1,71,62,0,0.00034,0.00034,3,5,0,0,0,0,0,0,0,0,0,0,1,0,0,0,0,0,0,0,0,0,0,,0,0,0,0,
9,6.81,0,49.7,26,0,0,0,3.9,0,0,0,0,1.5,0,0,0,0,-0.00229183,0,0,0,0,0,0,0,0,0,1,72,62,0,0.00034,0.00034,3,5,0,0,0,0,0,0,0,0,0,0,1,0,0,0,0,0,0,0,0,0,0,,0,0,0,0,
10,7.58,0,32.65,43.5,0,0,0,6.95,0,0,0,0,8,0,0,0,0,-0.00229183,0,0,0,0,0,0,0,0,0,1,90,62,0,0.00034,0.00034,3,5,0,0,0,0,0,0,0,0,0,0,1,0,0,0,0,0,0,0,0,0,0,,0,0,0,0,
11,8.5,0,45.35,31.5,0,0,0,5.9,0,0,0,0,7,0,0,0,0,-0.00229183,0,0,0,0,0,0,0,0,0,1,78,62,0,0.00034,0.00034,3,5,0,0,0,0,0,0,0,0,0,0,1,0,0,0,0,0,0,0,0,0,0,,0,0,0,0,
12,8.94,0,-32.85,26,0,0,0,-1.55,0,0,0,0,-10,0,0,0,0,-0.00229183,0,0,0,0,0,0,0,0,0,1,73,62,0,0.00034,0.00034,3,5,0,0,0,0,0,0,0,0,0,0,1,0,0,0,0,0,0,0,0,0,0,,0,0,0,0,
13,9.43,0,-29.1,24,0,0,0,-3.55,0,0,0,0,-13.5,0,0,0,0,-0.00229183,0,0,0,0,0,0,0,0,0,1,71,62,0,0.00034,0.00034,3,5,0,0,0,0,0,0,0,0,0,0,1,0,0,0,0,0,0,0,0,0,0,,0,0,0,0,
14,12.16,0,-12.95,26.5,0,0,0,12.3,0,0,0,0,-16,0,0,0,0,-0.00229183,0,0,0,0,0,0,0,0,0,1,74,62,0,0.00034,0.00034,3,5,0,0,0,0,0,0,0,0,0,0,1,0,0,0,0,0,0,0,0,0,0,,0,0,0,0,
15,12.98,0,-23.3,21,0,0,0,-1.75,0,0,0,0,-18,0,0,0,0,-0.00229183,0,0,0,0,0,0,0,0,0,1,67,62,0,0.00034,0.00034,3,5,0,0,0,0,0,0,0,0,0,0,1,0,0,0,0,0,0,0,0,0,0,,0,0,0,0,
END,Total:16
START,FrameNb:52,CameraNb:0,HeSaiNb:0,ARS410Nb:0
2026/08/02 16:19:38:595---->
heightOffset:0,1785658778595,1068180,selfCaliBufCnt:0,selfAccObjCnt:0,selfAccAngle:0,installHAngleOffset:0,Interpolation:0,installVAngleOffset:0,radarOffsetH:0,radarOffsetV:0.32,Polynom:-0.001023;-0.0511;-2.047;0;0;0;-0.001023;-0.0511;-2.047;-25.5;0;0,WheelDirection:0;0;0;0,selfAngleOffset:0,selfAngleOffsetPit:0,currCaliAngleHrz:0,currCaliAnglePit:0,selfCaliAngleHrz:0,selfCaliAnglePit:0,servCaliAngleHrz:0,servCaliAnglePit:0,offlineCaliAngleHrz:0,offlineCaliAnglePit:0,determine2useFlag:0,IMU_Z_Accel:-21.592,IMU_X_AngularRate:-2.093,IMU_Y_AngularRate:-2.093,IMU_RollAngle:-180,IMU_PitchAngle:-180,IMU_YawAngle:-180,FcwID:0,FCWWarningLevel:0,FCWTTC:0
0,2.35,0,51.1,29,0,0,0,-10.1,1.37605e-33,0,0,0,5.5,0,0,0,0,-0.00229183,0,0,0,0,0,0,0,0,0,1,78,60,0,0.00034,0.00034,3,5,0,0,0,0,0,0,0,0,0,0,1,0,1,0,0,0,0,0,0,0,0,,0,0,0,0,
1,2.79,0,-33.8,45.5,0,0,0,1.2,0,0,0,0,7,0,0,0,0,-0.00229183,0,0,0,0,0,0,0,0,0,1,94,60,0,0.00034,0.00034,3,5,0,0,0,0,0,0,0,0,0,0,1,0,1,0,0,0,0,0,0,0,0,,0,0,0,0,
2,3.26,0,13.8,37.5,0,0,0,1.4,0,0,0,0,-8,0,0,0,0,-0.00229183,0,0,0,0,0,0,0,0,0,1,86,60,0,0.00034,0.00034,3,0,0,0,0,0,0,0,0,0,0,0,1,0,1,0,0,0,0,0,0,0,0,,0,0,0,0,
3,3.58,0,-50.15,32.5,0,0,0,-6,0,0,0,0,8,0,0,0,0,-0.00229183,0,0,0,0,0,0,0,0,0,1,81,60,0,0.00034,0.00034,3,5,0,0,0,0,0,0,0,0,0,0,1,0,1,0,0,0,0,0,0,0,0,,0,0,0,0,
4,4.07,0,1.9,39,0,0,0,2.95,0,0,0,0,-9,0,0,0,0,-0.00229183,0,0,0,0,0,0,0,0,0,1,87,60,0,0.00034,0.00034,3,5,0,0,0,0,0,0,0,0,0,0,1,0,1,0,0,0,0,0,0,0,0,,0,0,0,0,
5,5.09,0,-36,32.5,0,0,0,-1.2,0,0,0,0,-6.5,0,0,0,0,-0.00229183,0,0,0,0,0,0,0,0,0,1,78,60,0,0.00034,0.00034,3,0,0,0,0,0,0,0,0,0,0,0,1,0,1,0,0,0,0,0,0,0,0,,0,0,0,0,
6,5.61,0,-34.5,35,0,0,0,-4.05,0,0,0,0,-5,0,0,0,0,-0.00229183,0,0,0,0,0,0,0,0,0,1,80,60,0,0.00034,0.00034,3,5,0,0,0,0,0,0,0,0,0,0,1,0,1,0,0,0,0,0,0,0,0,,0,0,0,0,
7,5.61,0,-24.2,35,0,0,0,-6,0,0,0,0,-10,0,0,0,0,-0.00229183,0,0,0,0,0,0,0,0,0,1,80,60,0,0.00034,0.00034,3,5,0,0,0,0,0,0,0,0,0,0,1,0,1,0,0,0,0,0,0,0,0,,0,0,0,0,
8,6.34,0,34.05,25.5,0,0,0,-9.35,0,0,0,0,-11,0,0,0,0,-0.00229183,0,0,0,0,0,0,0,0,0,1,71,60,0,0.00034,0.00034,3,5,0,0,0,0,0,0,0,0,0,0,1,0,1,0,0,0,0,0,0,0,0,,0,0,0,0,
9,6.83,0,49.45,26,0,0,0,3.8,0,0,0,0,1.5,0,0,0,0,-0.00229183,0,0,0,0,0,0,0,0,0,1,72,60,0,0.00034,0.00034,3,5,0,0,0,0,0,0,0,0,0,0,1,0,1,0,0,0,0,0,0,0,0,,0,0,0,0,
10,7.57,0,32.6,43.5,0,0,0,6.95,0,0,0,0,8,0,0,0,0,-0.00229183,0,0,0,0,0,0,0,0,0,1,89,60,0,0.00034,0.00034,3,5,0,0,0,0,0,0,0,0,0,0,1,0,1,0,0,0,0,0,0,0,0,,0,0,0,0,
11,8.17,0,-24.9,29.5,0,0,0,10.45,0,0,0,0,-11.5,0,0,0,0,-0.00229183,0,0,0,0,0,0,0,0,0,1,76,60,0,0.00034,0.00034,3,5,0,0,0,0,0,0,0,0,0,0,1,0,1,0,0,0,0,0,0,0,0,,0,0,0,0,
12,8.51,0,45.3,31.5,0,0,0,5.55,0,0,0,0,7,0,0,0,0,-0.00229183,0,0,0,0,0,0,0,0,0,1,78,60,0,0.00034,0.00034,3,5,0,0,0,0,0,0,0,0,0,0,1,0,1,0,0,0,0,0,0,0,0,,0,0,0,0,
13,8.94,0,-32.85,26.5,0,0,0,-1.35,0,0,0,0,-10,0,0,0,0,-0.00229183,0,0,0,0,0,0,0,0,0,1,73,60,0,0.00034,0.00034,3,5,0,0,0,0,0,0,0,0,0,0,1,0,1,0,0,0,0,0,0,0,0,,0,0,0,0,
14,9.41,0,-29.2,24.5,0,0,0,-3.55,0,0,0,0,-13.5,0,0,0,0,-0.00229183,0,0,0,0,0,0,0,0,0,1,71,60,0,0.00034,0.00034,3,5,0,0,0,0,0,0,0,0,0,0,1,0,1,0,0,0,0,0,0,0,0,,0,0,0,0,
15,12.16,0,-12.85,26.5,0,0,0,12.25,0,0,0,0,-16,0,0,0,0,-0.00229183,0,0,0,0,0,0,0,0,0,1,74,60,0,0.00034,0.00034,3,5,0,0,0,0,0,0,0,0,0,0,1,0,1,0,0,0,0,0,0,0,0,,0,0,0,0,
16,12.98,0,-23.2,20.5,0,0,0,-1.6,0,0,0,0,-18,0,0,0,0,-0.00229183,0,0,0,0,0,0,0,0,0,1,67,60,0,0.00034,0.00034,3,5,0,0,0,0,0,0,0,0,0,0,1,0,1,0,0,0,0,0,0,0,0,,0,0,0,0,
END,Total:17
START,FrameNb:53,CameraNb:0,HeSaiNb:0,ARS410Nb:0
2026/08/02 16:19:38:648---->
heightOffset:0,1785658778648,1068236,selfCaliBufCnt:0,selfAccObjCnt:0,selfAccAngle:0,installHAngleOffset:0,Interpolation:0,installVAngleOffset:0,radarOffsetH:0,radarOffsetV:0.32,Polynom:-0.001023;-0.0511;-2.047;0;0;0;-0.001023;-0.0511;-2.047;-25.5;0;0,WheelDirection:0;0;0;0,selfAngleOffset:0,selfAngleOffsetPit:0,currCaliAngleHrz:0,currCaliAnglePit:0,selfCaliAngleHrz:0,selfCaliAnglePit:0,servCaliAngleHrz:0,servCaliAnglePit:0,offlineCaliAngleHrz:0,offlineCaliAnglePit:0,determine2useFlag:0,IMU_Z_Accel:-21.592,IMU_X_AngularRate:-2.093,IMU_Y_AngularRate:-2.093,IMU_RollAngle:-180,IMU_PitchAngle:-180,IMU_YawAngle:-180,FcwID:0,FCWWarningLevel:0,FCWTTC:0
0,2.35,0,31.3,29.5,0,0,0,10.4,1.37605e-33,0,0,0,-8.5,0,0,0,0,-0.00229183,0,0,0,0,0,0,0,0,0,1,78,59,0,0.00034,0.00034,3,5,0,0,0,0,0,0,0,0,0,0,1,0,0,0,0,0,0,0,0,0,0,,0,0,0,0,
1,2.79,0,-33.8,45.5,0,0,0,1.2,0,0,0,0,7,0,0,0,0,-0.00229183,0,0,0,0,0,0,0,0,0,1,94,59,0,0.00034,0.00034,3,5,0,0,0,0,0,0,0,0,0,0,1,0,0,0,0,0,0,0,0,0,0,,0,0,0,0,
2,3.27,0,13.8,37.5,0,0,0,1.4,0,0,0,0,-8,0,0,0,0,-0.00229183,0,0,0,0,0,0,0,0,0,1,86,59,0,0.00034,0.00034,3,0,0,0,0,0,0,0,0,0,0,0,1,0,0,0,0,0,0,0,0,0,0,,0,0,0,0,
3,4.07,0,1.9,38.5,0,0,0,2.95,0,0,0,0,-9,0,0,0,0,-0.00229183,0,0,0,0,0,0,0,0,0,1,87,59,0,0.00034,0.00034,3,5,0,0,0,0,0,0,0,0,0,0,1,0,0,0,0,0,0,0,0,0,0,,0,0,0,0,
4,5.11,0,-35.7,32.5,0,0,0,-1.3,0,0,0,0,-7.5,0,0,0,0,-0.00229183,0,0,0,0,0,0,0,0,0,1,78,59,0,0.00034,0.00034,3,5,0,0,0,0,0,0,0,0,0,0,1,0,0,0,0,0,0,0,0,0,0,,0,0,0,0,
5,5.6,0,-34.55,35,0,0,0,-4,0,0,0,0,-5,0,0,0,0,-0.00229183,0,0,0,0,0,0,0,0,0,1,80,59,0,0.00034,0.00034,3,5,0,0,0,0,0,0,0,0,0,0,1,0,0,0,0,0,0,0,0,0,0,,0,0,0,0,
6,5.6,0,-24.3,35,0,0,0,-5.85,0,0,0,0,-10,0,0,0,0,-0.00229183,0,0,0,0,0,0,0,0,0,1,80,59,0,0.00034,0.00034,3,5,0,0,0,0,0,0,0,0,0,0,1,0,0,0,0,0,0,0,0,0,0,,0,0,0,0,
7,6.35,0,71.6,25,0,0,0,-8.75,0,0,0,0,17.5,0,0,0,0,-0.00229183,0,0,0,0,0,0,0,0,0,1,70,59,0,0.00034,0.00034,3,5,0,0,0,0,0,0,0,0,0,0,1,0,0,0,0,0,0,0,0,0,0,,0,0,0,0,
8,6.83,0,49.55,26,0,0,0,4,0,0,0,0,1.5,0,0,0,0,-0.00229183,0,0,0,0,0,0,0,0,0,1,72,59,0,0.00034,0.00034,3,5,0,0,0,0,0,0,0,0,0,0,1,0,0,0,0,0,0,0,0,0,0,,0,0,0,0,
9,7.58,0,32.55,43,0,0,0,6.75,0,0,0,0,8,0,0,0,0,-0.00229183,0,0,0,0,0,0,0,0,0,1,89,59,0,0.00034,0.00034,3,5,0,0,0,0,0,0,0,0,0,0,1,0,0,0,0,0,0,0,0,0,0,,0,0,0,0,
10,8.5,0,45.3,31.5,0,0,0,5.7,0,0,0,0,7,0,0,0,0,-0.00229183,0,0,0,0,0,0,0,0,0,1,78,59,0,0.00034,0.00034,3,5,0,0,0,0,0,0,0,0,0,0,1,0,0,0,0,0,0,0,0,0,0,,0,0,0,0,
11,8.93,0,-32.85,26.5,0,0,0,-1.35,0,0,0,0,-10,0,0,0,0,-0.00229183,0,0,0,0,0,0,0,0,0,1,73,59,0,0.00034,0.00034,3,5,0,0,0,0,0,0,0,0,0,0,1,0,0,0,0,0,0,0,0,0,0,,0,0,0,0,
12,9.42,0,-29.1,24.5,0,0,0,-3.35,0,0,0,0,-13.5,0,0,0,0,-0.00229183,0,0,0,0,0,0,0,0,0,1,71,59,0,0.00034,0.00034,3,5,0,0,0,0,0,0,0,0,0,0,1,0,0,0,0,0,0,0,0,0,0,,0,0,0,0,
13,12.16,0,-12.95,27,0,0,0,12.4,0,0,0,0,-16,0,0,0,0,-0.00229183,0,0,0,0,0,0,0,0,0,1,74,59,0,0.00034,0.00034,3,5,0,0,0,0,0,0,0,0,0,0,1,0,0,0,0,0,0,0,0,0,0,,0,0,0,0,
14,12.98,0,-23.35,21,0,0,0,-1.85,0,0,0,0,-18,0,0,0,0,-0.00229183,0,0,0,0,0,0,0,0,0,1,67,59,0,0.00034,0.00034,3,5,0,0,0,0,0,0,0,0,0,0,1,0,0,0,0,0,0,0,0,0,0,,0,0,0,0,
END,Total:15
START,FrameNb:54,CameraNb:0,HeSaiNb:0,ARS410Nb:0
2026/08/02 16:19:38:755---->
heightOffset:0,1785658778755,1068296,selfCaliBufCnt:0,selfAccObjCnt:0,selfAccAngle:0,installHAngleOffset:0,Interpolation:0,installVAngleOffset:0,radarOffsetH:0,radarOffsetV:0.32,Polynom:-0.001023;-0.0511;-2.047;0;0;0;-0.001023;-0.0511;-2.047;-25.5;0;0,WheelDirection:0;0;0;0,selfAngleOffset:0,selfAngleOffsetPit:0,currCaliAngleHrz:0,currCaliAnglePit:0,selfCaliAngleHrz:0,selfCaliAnglePit:0,servCaliAngleHrz:0,servCaliAnglePit:0,offlineCaliAngleHrz:0,offlineCaliAnglePit:0,determine2useFlag:0,IMU_Z_Accel:-21.592,IMU_X_AngularRate:-2.093,IMU_Y_AngularRate:-2.093,IMU_RollAngle:-180,IMU_PitchAngle:-180,IMU_YawAngle:-180,FcwID:0,FCWWarningLevel:0,FCWTTC:0
0,2.35,0,51.3,29.5,0,0,0,-10.05,1.37605e-33,0,0,0,5.5,0,0,0,0,-0.00229183,0,0,0,0,0,0,0,0,0,1,78,55,0,0.00034,0.00034,2,-1,0,0,0,0,0,0,0,0,0,0,1,0,1,0,0,0,0,0,0,0,0,,0,0,0,0,
1,2.79,0,-33.8,45,0,0,0,1.2,0,0,0,0,7,0,0,0,0,-0.00229183,0,0,0,0,0,0,0,0,0,1,94,55,0,0.00034,0.00034,3,5,0,0,0,0,0,0,0,0,0,0,1,0,1,0,0,0,0,0,0,0,0,,0,0,0,0,
2,3.26,0,13.8,37.5,0,0,0,1.3,0,0,0,0,-8,0,0,0,0,-0.00229183,0,0,0,0,0,0,0,0,0,1,86,55,0,0.00034,0.00034,3,0,0,0,0,0,0,0,0,0,0,0,1,0,1,0,0,0,0,0,0,0,0,,0,0,0,0,
3,3.58,0,-50.35,32.5,0,0,0,-6,0,0,0,0,8,0,0,0,0,-0.00229183,0,0,0,0,0,0,0,0,0,1,81,55,0,0.00034,0.00034,3,5,0,0,0,0,0,0,0,0,0,0,1,0,1,0,0,0,0,0,0,0,0,,0,0,0,0,
4,4.07,0,1.9,38.5,0,0,0,2.95,0,0,0,0,-9,0,0,0,0,-0.00229183,0,0,0,0,0,0,0,0,0,1,87,55,0,0.00034,0.00034,3,5,0,0,0,0,0,0,0,0,0,0,1,0,1,0,0,0,0,0,0,0,0,,0,0,0,0,
5,5.11,0,-35.95,32.5,0,0,0,-1.1,0,0,0,0,-7.5,0,0,0,0,-0.00229183,0,0,0,0,0,0,0,0,0,1,78,55,0,0.00034,0.00034,3,0,0,0,0,0,0,0,0,0,0,0,1,0,1,0,0,0,0,0,0,0,0,,0,0,0,0,
6,5.61,0,-34.55,35,0,0,0,-4.2,0,0,0,0,-5,0,0,0,0,-0.00229183,0,0,0,0,0,0,0,0,0,1,80,55,0,0.00034,0.00034,3,5,0,0,0,0,0,0,0,0,0,0,1,0,1,0,0,0,0,0,0,0,0,,0,0,0,0,
7,5.61,0,-24.2,35,0,0,0,-6.05,0,0,0,0,-10,0,0,0,0,-0.00229183,0,0,0,0,0,0,0,0,0,1,80,55,0,0.00034,0.00034,3,5,0,0,0,0,0,0,0,0,0,0,1,0,1,0,0,0,0,0,0,0,0,,0,0,0,0,
8,6.39,0,34.3,25,0,0,0,-10.45,0,0,0,0,-11,0,0,0,0,-0.00229183,0,0,0,0,0,0,0,0,0,1,71,55,0,0.00034,0.00034,3,5,0,0,0,0,0,0,0,0,0,0,1,0,1,0,0,0,0,0,0,0,0,,0,0,0,0,
9,7.58,0,32.45,43,0,0,0,6.75,0,0,0,0,7.5,0,0,0,0,-0.00229183,0,0,0,0,0,0,0,0,0,1,89,55,0,0.00034,0.00034,3,5,0,0,0,0,0,0,0,0,0,0,1,0,1,0,0,0,0,0,0,0,0,,0,0,0,0,
10,8.51,0,45.35,31,0,0,0,5.75,0,0,0,0,6.5,0,0,0,0,-0.00229183,0,0,0,0,0,0,0,0,0,1,78,55,0,0.00034,0.00034,3,5,0,0,0,0,0,0,0,0,0,0,1,0,1,0,0,0,0,0,0,0,0,,0,0,0,0,
11,8.96,0,-32.95,26,0,0,0,-1.45,0,0,0,0,-10,0,0,0,0,-0.00229183,0,0,0,0,0,0,0,0,0,1,73,55,0,0.00034,0.00034,3,5,0,0,0,0,0,0,0,0,0,0,1,0,1,0,0,0,0,0,0,0,0,,0,0,0,0,
12,9.4,0,-29.2,24.5,0,0,0,-3.35,0,0,0,0,-13.5,0,0,0,0,-0.00229183,0,0,0,0,0,0,0,0,0,1,71,55,0,0.00034,0.00034,3,5,0,0,0,0,0,0,0,0,0,0,1,0,1,0,0,0,0,0,0,0,0,,0,0,0,0,
13,12.16,0,-12.85,27,0,0,0,12.15,0,0,0,0,-16,0,0,0,0,-0.00229183,0,0,0,0,0,0,0,0,0,1,74,55,0,0.00034,0.00034,3,5,0,0,0,0,0,0,0,0,0,0,1,0,1,0,0,0,0,0,0,0,0,,0,0,0,0,
14,12.99,0,-23.2,20.5,0,0,0,-2,0,0,0,0,-18,0,0,0,0,-0.00229183,0,0,0,0,0,0,0,0,0,1,67,55,0,0.00034,0.00034,3,5,0,0,0,0,0,0,0,0,0,0,1,0,1,0,0,0,0,0,0,0,0,,0,0,0,0,
END,Total:15
START,FrameNb:55,CameraNb:0,HeSaiNb:0,ARS410Nb:0
2026/08/02 16:19:38:815---->
heightOffset:0,1785658778815,1068348,selfCaliBufCnt:0,selfAccObjCnt:0,selfAccAngle:0,installHAngleOffset:0,Interpolation:0,installVAngleOffset:0,radarOffsetH:0,radarOffsetV:0.32,Polynom:-0.001023;-0.0511;-2.047;0;0;0;-0.001023;-0.0511;-2.047;-25.5;0;0,WheelDirection:0;0;0;0,selfAngleOffset:0,selfAngleOffsetPit:0,currCaliAngleHrz:0,currCaliAnglePit:0,selfCaliAngleHrz:0,selfCaliAnglePit:0,servCaliAngleHrz:0,servCaliAnglePit:0,offlineCaliAngleHrz:0,offlineCaliAnglePit:0,determine2useFlag:0,IMU_Z_Accel:-21.592,IMU_X_AngularRate:-2.093,IMU_Y_AngularRate:-2.093,IMU_RollAngle:-180,IMU_PitchAngle:-180,IMU_YawAngle:-180,FcwID:0,FCWWarningLevel:0,FCWTTC:0
0,2.35,0,51,29,0,0,0,-10.05,1.37605e-33,0,0,0,5.5,0,0,0,0,-0.00229183,0,0,0,0,0,0,0,0,0,1,78,59,0,0.00034,0.00034,3,5,0,0,0,0,0,0,0,0,0,0,1,0,0,0,0,0,0,0,0,0,0,,0,0,0,0,
1,2.79,0,-33.8,45,0,0,0,1.2,0,0,0,0,7,0,0,0,0,-0.00229183,0,0,0,0,0,0,0,0,0,1,94,59,0,0.00034,0.00034,3,5,0,0,0,0,0,0,0,0,0,0,1,0,0,0,0,0,0,0,0,0,0,,0,0,0,0,
2,3.27,0,13.8,37.5,0,0,0,1.4,0,0,0,0,-8,0,0,0,0,-0.00229183,0,0,0,0,0,0,0,0,0,1,86,59,0,0.00034,0.00034,3,0,0,0,0,0,0,0,0,0,0,0,1,0,0,0,0,0,0,0,0,0,0,,0,0,0,0,
3,3.58,0,-50.05,32.5,0,0,0,-5.8,0,0,0,0,8,0,0,0,0,-0.00229183,0,0,0,0,0,0,0,0,0,1,81,59,0,0.00034,0.00034,3,7,0,0,0,0,0,0,0,0,0,0,1,0,0,0,0,0,0,0,0,0,0,,0,0,0,0,
4,4.07,0,1.9,38.5,0,0,0,2.95,0,0,0,0,-9,0,0,0,0,-0.00229183,0,0,0,0,0,0,0,0,0,1,87,59,0,0.00034,0.00034,3,5,0,0,0,0,0,0,0,0,0,0,1,0,0,0,0,0,0,0,0,0,0,,0,0,0,0,
5,5.11,0,-35.8,32.5,0,0,0,-1.25,0,0,0,0,-7.5,0,0,0,0,-0.00229183,0,0,0,0,0,0,0,0,0,1,78,59,0,0.00034,0.00034,3,5,0,0,0,0,0,0,0,0,0,0,1,0,0,0,0,0,0,0,0,0,0,,0,0,0,0,
6,5.6,0,-34.55,35,0,0,0,-4,0,0,0,0,-5,0,0,0,0,-0.00229183,0,0,0,0,0,0,0,0,0,1,80,59,0,0.00034,0.00034,3,5,0,0,0,0,0,0,0,0,0,0,1,0,0,0,0,0,0,0,0,0,0,,0,0,0,0,
7,5.6,0,-24.3,35,0,0,0,-5.85,0,0,0,0,-10,0,0,0,0,-0.00229183,0,0,0,0,0,0,0,0,0,1,80,59,0,0.00034,0.00034,3,5,0,0,0,0,0,0,0,0,0,0,1,0,0,0,0,0,0,0,0,0,0,,0,0,0,0,
8,6.32,0,71.7,25,0,0,0,-15,0,0,0,0,18,0,0,0,0,-0.00229183,0,0,0,0,0,0,0,0,0,1,71,59,0,0.00034,0.00034,2,-1,0,0,0,0,0,0,0,0,0,0,1,0,0,0,0,0,0,0,0,0,0,,0,0,0,0,
9,7.59,0,32.35,43,0,0,0,6.75,0,0,0,0,7.5,0,0,0,0,-0.00229183,0,0,0,0,0,0,0,0,0,1,89,59,0,0.00034,0.00034,3,5,0,0,0,0,0,0,0,0,0,0,1,0,0,0,0,0,0,0,0,0,0,,0,0,0,0,
10,8.51,0,45.35,31,0,0,0,5.75,0,0,0,0,6.5,0,0,0,0,-0.00229183,0,0,0,0,0,0,0,0,0,1,77,59,0,0.00034,0.00034,3,5,0,0,0,0,0,0,0,0,0,0,1,0,0,0,0,0,0,0,0,0,0,,0,0,0,0,
11,8.93,0,-32.9,26.5,0,0,0,-1.25,0,0,0,0,-9.5,0,0,0,0,-0.00229183,0,0,0,0,0,0,0,0,0,1,73,59,0,0.00034,0.00034,3,5,0,0,0,0,0,0,0,0,0,0,1,0,0,0,0,0,0,0,0,0,0,,0,0,0,0,
12,9.43,0,-29.15,24.5,0,0,0,-3.3,0,0,0,0,-13,0,0,0,0,-0.00229183,0,0,0,0,0,0,0,0,0,1,71,59,0,0.00034,0.00034,3,5,0,0,0,0,0,0,0,0,0,0,1,0,0,0,0,0,0,0,0,0,0,,0,0,0,0,
13,12.16,0,-12.95,26.5,0,0,0,12.25,0,0,0,0,-16,0,0,0,0,-0.00229183,0,0,0,0,0,0,0,0,0,1,74,59,0,0.00034,0.00034,3,5,0,0,0,0,0,0,0,0,0,0,1,0,0,0,0,0,0,0,0,0,0,,0,0,0,0,
14,12.98,0,-23.35,21,0,0,0,-1.85,0,0,0,0,-18,0,0,0,0,-0.00229183,0,0,0,0,0,0,0,0,0,1,67,59,0,0.00034,0.00034,3,5,0,0,0,0,0,0,0,0,0,0,1,0,0,0,0,0,0,0,0,0,0,,0,0,0,0,
END,Total:15
START,FrameNb:56,CameraNb:0,HeSaiNb:0,ARS410Nb:0
2026/08/02 16:19:38:846---->
heightOffset:0,1785658778846,1068408,selfCaliBufCnt:0,selfAccObjCnt:0,selfAccAngle:0,installHAngleOffset:0,Interpolation:0,installVAngleOffset:0,radarOffsetH:0,radarOffsetV:0.32,Polynom:-0.001023;-0.0511;-2.047;0;0;0;-0.001023;-0.0511;-2.047;-25.5;0;0,WheelDirection:0;0;0;0,selfAngleOffset:0,selfAngleOffsetPit:0,currCaliAngleHrz:0,currCaliAnglePit:0,selfCaliAngleHrz:0,selfCaliAnglePit:0,servCaliAngleHrz:0,servCaliAnglePit:0,offlineCaliAngleHrz:0,offlineCaliAnglePit:0,determine2useFlag:0,IMU_Z_Accel:-21.592,IMU_X_AngularRate:-2.093,IMU_Y_AngularRate:-2.093,IMU_RollAngle:-180,IMU_PitchAngle:-180,IMU_YawAngle:-180,FcwID:0,FCWWarningLevel:0,FCWTTC:0
0,2.35,0,51.1,29.5,0,0,0,-10.2,1.37605e-33,0,0,0,5.5,0,0,0,0,-0.00229183,0,0,0,0,0,0,0,0,0,1,78,54,0,0.00034,0.00034,3,5,0,0,0,0,0,0,0,0,0,0,1,0,1,0,0,0,0,0,0,0,0,,0,0,0,0,
1,2.79,0,-33.8,45,0,0,0,1.2,0,0,0,0,7,0,0,0,0,-0.00229183,0,0,0,0,0,0,0,0,0,1,94,54,0,0.00034,0.00034,3,5,0,0,0,0,0,0,0,0,0,0,1,0,1,0,0,0,0,0,0,0,0,,0,0,0,0,
2,3.26,0,13.8,37.5,0,0,0,1.3,0,0,0,0,-8,0,0,0,0,-0.00229183,0,0,0,0,0,0,0,0,0,1,86,54,0,0.00034,0.00034,3,0,0,0,0,0,0,0,0,0,0,0,1,0,1,0,0,0,0,0,0,0,0,,0,0,0,0,
3,3.58,0,-50.05,32,0,0,0,-6,0,0,0,0,7.5,0,0,0,0,-0.00229183,0,0,0,0,0,0,0,0,0,1,80,54,0,0.00034,0.00034,3,7,0,0,0,0,0,0,0,0,0,0,1,0,1,0,0,0,0,0,0,0,0,,0,0,0,0,
4,4.07,0,1.9,38.5,0,0,0,2.95,0,0,0,0,-9,0,0,0,0,-0.00229183,0,0,0,0,0,0,0,0,0,1,87,54,0,0.00034,0.00034,3,5,0,0,0,0,0,0,0,0,0,0,1,0,1,0,0,0,0,0,0,0,0,,0,0,0,0,
5,5.13,0,-35.85,32.5,0,0,0,-0.3,0,0,0,0,-7.5,0,0,0,0,-0.00229183,0,0,0,0,0,0,0,0,0,1,78,54,0,0.00034,0.00034,3,0,0,0,0,0,0,0,0,0,0,0,1,0,1,0,0,0,0,0,0,0,0,,0,0,0,0,
6,5.13,0,-41.6,32.5,0,0,0,14.25,0,0,0,0,-2.5,0,0,0,0,-0.00229183,0,0,0,0,0,0,0,0,0,1,78,54,0,0.00034,0.00034,3,0,0,0,0,0,0,0,0,0,0,0,1,0,1,0,0,0,0,0,0,0,0,,0,0,0,0,
7,5.61,0,-34.55,35,0,0,0,-4.1,0,0,0,0,-5,0,0,0,0,-0.00229183,0,0,0,0,0,0,0,0,0,1,80,54,0,0.00034,0.00034,3,5,0,0,0,0,0,0,0,0,0,0,1,0,1,0,0,0,0,0,0,0,0,,0,0,0,0,
8,5.61,0,-24.2,35,0,0,0,-6,0,0,0,0,-10,0,0,0,0,-0.00229183,0,0,0,0,0,0,0,0,0,1,80,54,0,0.00034,0.00034,3,5,0,0,0,0,0,0,0,0,0,0,1,0,1,0,0,0,0,0,0,0,0,,0,0,0,0,
9,6.36,0,34,25.5,0,0,0,-10.75,0,0,0,0,-10.5,0,0,0,0,-0.00229183,0,0,0,0,0,0,0,0,0,1,71,54,0,0.00034,0.00034,3,5,0,0,0,0,0,0,0,0,0,0,1,0,1,0,0,0,0,0,0,0,0,,0,0,0,0,
10,7.58,0,32.45,43,0,0,0,6.95,0,0,0,0,8,0,0,0,0,-0.00229183,0,0,0,0,0,0,0,0,0,1,89,54,0,0.00034,0.00034,3,5,0,0,0,0,0,0,0,0,0,0,1,0,1,0,0,0,0,0,0,0,0,,0,0,0,0,
11,8.08,0,-24.95,29,0,0,0,10.3,0,0,0,0,-11.5,0,0,0,0,-0.00229183,0,0,0,0,0,0,0,0,0,1,75,54,0,0.00034,0.00034,3,5,0,0,0,0,0,0,0,0,0,0,1,0,1,0,0,0,0,0,0,0,0,,0,0,0,0,
12,8.52,0,45.3,31,0,0,0,5.45,0,0,0,0,6.5,0,0,0,0,-0.00229183,0,0,0,0,0,0,0,0,0,1,78,54,0,0.00034,0.00034,3,5,0,0,0,0,0,0,0,0,0,0,1,0,1,0,0,0,0,0,0,0,0,,0,0,0,0,
13,8.93,0,-32.9,26,0,0,0,-1.55,0,0,0,0,-10,0,0,0,0,-0.00229183,0,0,0,0,0,0,0,0,0,1,73,54,0,0.00034,0.00034,3,5,0,0,0,0,0,0,0,0,0,0,1,0,1,0,0,0,0,0,0,0,0,,0,0,0,0,
14,9.42,0,-29.15,24,0,0,0,-3.35,0,0,0,0,-13.5,0,0,0,0,-0.00229183,0,0,0,0,0,0,0,0,0,1,71,54,0,0.00034,0.00034,3,5,0,0,0,0,0,0,0,0,0,0,1,0,1,0,0,0,0,0,0,0,0,,0,0,0,0,
15,12.16,0,-12.8,27,0,0,0,12.15,0,0,0,0,-16,0,0,0,0,-0.00229183,0,0,0,0,0,0,0,0,0,1,74,54,0,0.00034,0.00034,3,5,0,0,0,0,0,0,0,0,0,0,1,0,1,0,0,0,0,0,0,0,0,,0,0,0,0,
16,12.99,0,-23.2,21,0,0,0,-1.85,0,0,0,0,-18,0,0,0,0,-0.00229183,0,0,0,0,0,0,0,0,0,1,68,54,0,0.00034,0.00034,3,5,0,0,0,0,0,0,0,0,0,0,1,0,1,0,0,0,0,0,0,0,0,,0,0,0,0,
END,Total:17
START,FrameNb:57,CameraNb:0,HeSaiNb:0,ARS410Nb:0
2026/08/02 16:19:38:895---->
heightOffset:0,1785658778895,1068468,selfCaliBufCnt:0,selfAccObjCnt:0,selfAccAngle:0,installHAngleOffset:0,Interpolation:0,installVAngleOffset:0,radarOffsetH:0,radarOffsetV:0.32,Polynom:-0.001023;-0.0511;-2.047;0;0;0;-0.001023;-0.0511;-2.047;-25.5;0;0,WheelDirection:0;0;0;0,selfAngleOffset:0,selfAngleOffsetPit:0,currCaliAngleHrz:0,currCaliAnglePit:0,selfCaliAngleHrz:0,selfCaliAnglePit:0,servCaliAngleHrz:0,servCaliAnglePit:0,offlineCaliAngleHrz:0,offlineCaliAnglePit:0,determine2useFlag:0,IMU_Z_Accel:-21.592,IMU_X_AngularRate:-2.093,IMU_Y_AngularRate:-2.093,IMU_RollAngle:-180,IMU_PitchAngle:-180,IMU_YawAngle:-180,FcwID:0,FCWWarningLevel:0,FCWTTC:0
0,2.35,0,50.95,29.5,0,0,0,-10.1,1.37605e-33,0,0,0,4.5,0,0,0,0,-0.00229183,0,0,0,0,0,0,0,0,0,1,78,62,0,0.00034,0.00034,3,5,0,0,0,0,0,0,0,0,0,0,1,0,0,0,0,0,0,0,0,0,0,,0,0,0,0,
1,2.79,0,-33.8,45,0,0,0,1.2,0,0,0,0,7,0,0,0,0,-0.00229183,0,0,0,0,0,0,0,0,0,1,94,62,0,0.00034,0.00034,3,5,0,0,0,0,0,0,0,0,0,0,1,0,0,0,0,0,0,0,0,0,0,,0,0,0,0,
2,3.27,0,13.8,37.5,0,0,0,1.4,0,0,0,0,-8,0,0,0,0,-0.00229183,0,0,0,0,0,0,0,0,0,1,86,62,0,0.00034,0.00034,3,0,0,0,0,0,0,0,0,0,0,0,1,0,0,0,0,0,0,0,0,0,0,,0,0,0,0,
3,3.58,0,-50.05,32.5,0,0,0,-5.85,0,0,0,0,8,0,0,0,0,-0.00229183,0,0,0,0,0,0,0,0,0,1,81,62,0,0.00034,0.00034,3,7,0,0,0,0,0,0,0,0,0,0,1,0,0,0,0,0,0,0,0,0,0,,0,0,0,0,
4,4.07,0,1.9,38.5,0,0,0,2.95,0,0,0,0,-9,0,0,0,0,-0.00229183,0,0,0,0,0,0,0,0,0,1,87,62,0,0.00034,0.00034,3,5,0,0,0,0,0,0,0,0,0,0,1,0,0,0,0,0,0,0,0,0,0,,0,0,0,0,
5,5.1,0,-35.7,32.5,0,0,0,-1.3,0,0,0,0,-7.5,0,0,0,0,-0.00229183,0,0,0,0,0,0,0,0,0,1,78,62,0,0.00034,0.00034,3,0,0,0,0,0,0,0,0,0,0,0,1,0,0,0,0,0,0,0,0,0,0,,0,0,0,0,
6,5.6,0,-34.55,35,0,0,0,-4,0,0,0,0,-4.5,0,0,0,0,-0.00229183,0,0,0,0,0,0,0,0,0,1,80,62,0,0.00034,0.00034,3,5,0,0,0,0,0,0,0,0,0,0,1,0,0,0,0,0,0,0,0,0,0,,0,0,0,0,
7,5.6,0,-24.3,35,0,0,0,-5.95,0,0,0,0,-9.5,0,0,0,0,-0.00229183,0,0,0,0,0,0,0,0,0,1,80,62,0,0.00034,0.00034,3,5,0,0,0,0,0,0,0,0,0,0,1,0,0,0,0,0,0,0,0,0,0,,0,0,0,0,
8,6.4,0,70,25.5,0,0,0,-10.85,0,0,0,0,17.5,0,0,0,0,-0.00229183,0,0,0,0,0,0,0,0,0,1,71,62,0,0.00034,0.00034,2,-1,0,0,0,0,0,0,0,0,0,0,1,0,0,0,0,0,0,0,0,0,0,,0,0,0,0,
9,7.58,0,32.5,43.5,0,0,0,6.95,0,0,0,0,8,0,0,0,0,-0.00229183,0,0,0,0,0,0,0,0,0,1,90,62,0,0.00034,0.00034,3,5,0,0,0,0,0,0,0,0,0,0,1,0,0,0,0,0,0,0,0,0,0,,0,0,0,0,
10,8.51,0,45.3,31,0,0,0,5.65,0,0,0,0,7,0,0,0,0,-0.00229183,0,0,0,0,0,0,0,0,0,1,78,62,0,0.00034,0.00034,3,5,0,0,0,0,0,0,0,0,0,0,1,0,0,0,0,0,0,0,0,0,0,,0,0,0,0,
11,8.93,0,-32.95,26.5,0,0,0,-1.7,0,0,0,0,-9.5,0,0,0,0,-0.00229183,0,0,0,0,0,0,0,0,0,1,73,62,0,0.00034,0.00034,3,5,0,0,0,0,0,0,0,0,0,0,1,0,0,0,0,0,0,0,0,0,0,,0,0,0,0,
12,9.41,0,-29.1,24.5,0,0,0,-3.35,0,0,0,0,-13,0,0,0,0,-0.00229183,0,0,0,0,0,0,0,0,0,1,71,62,0,0.00034,0.00034,3,5,0,0,0,0,0,0,0,0,0,0,1,0,0,0,0,0,0,0,0,0,0,,0,0,0,0,
13,12.16,0,-12.95,27,0,0,0,12.25,0,0,0,0,-15.5,0,0,0,0,-0.00229183,0,0,0,0,0,0,0,0,0,1,74,62,0,0.00034,0.00034,3,5,0,0,0,0,0,0,0,0,0,0,1,0,0,0,0,0,0,0,0,0,0,,0,0,0,0,
14,12.98,0,-23.35,21,0,0,0,-1.85,0,0,0,0,-18,0,0,0,0,-0.00229183,0,0,0,0,0,0,0,0,0,1,67,62,0,0.00034,0.00034,3,5,0,0,0,0,0,0,0,0,0,0,1,0,0,0,0,0,0,0,0,0,0,,0,0,0,0,
END,Total:15
START,FrameNb:58,CameraNb:0,HeSaiNb:0,ARS410Nb:0
2026/08/02 16:19:38:942---->
heightOffset:0,1785658778942,1068532,selfCaliBufCnt:0,selfAccObjCnt:0,selfAccAngle:0,installHAngleOffset:0,Interpolation:0,installVAngleOffset:0,radarOffsetH:0,radarOffsetV:0.32,Polynom:-0.001023;-0.0511;-2.047;0;0;0;-0.001023;-0.0511;-2.047;-25.5;0;0,WheelDirection:0;0;0;0,selfAngleOffset:0,selfAngleOffsetPit:0,currCaliAngleHrz:0,currCaliAnglePit:0,selfCaliAngleHrz:0,selfCaliAnglePit:0,servCaliAngleHrz:0,servCaliAnglePit:0,offlineCaliAngleHrz:0,offlineCaliAnglePit:0,determine2useFlag:0,IMU_Z_Accel:-21.592,IMU_X_AngularRate:-2.093,IMU_Y_AngularRate:-2.093,IMU_RollAngle:-180,IMU_PitchAngle:-180,IMU_YawAngle:-180,FcwID:0,FCWWarningLevel:0,FCWTTC:0
0,2.35,0,51.2,29,0,0,0,-10.2,1.37605e-33,0,0,0,5.5,0,0,0,0,-0.00229183,0,0,0,0,0,0,0,0,0,1,78,61,0,0.00034,0.00034,3,5,0,0,0,0,0,0,0,0,0,0,1,0,1,0,0,0,0,0,0,0,0,,0,0,0,0,
1,2.79,0,-33.8,45,0,0,0,1.2,0,0,0,0,7,0,0,0,0,-0.00229183,0,0,0,0,0,0,0,0,0,1,94,61,0,0.00034,0.00034,3,5,0,0,0,0,0,0,0,0,0,0,1,0,1,0,0,0,0,0,0,0,0,,0,0,0,0,
2,3.25,0,13.8,37.5,0,0,0,1.4,0,0,0,0,-8,0,0,0,0,-0.00229183,0,0,0,0,0,0,0,0,0,1,86,61,0,0.00034,0.00034,3,0,0,0,0,0,0,0,0,0,0,0,1,0,1,0,0,0,0,0,0,0,0,,0,0,0,0,
3,3.58,0,-50.2,32.5,0,0,0,-5.85,0,0,0,0,8,0,0,0,0,-0.00229183,0,0,0,0,0,0,0,0,0,1,80,61,0,0.00034,0.00034,3,5,0,0,0,0,0,0,0,0,0,0,1,0,1,0,0,0,0,0,0,0,0,,0,0,0,0,
4,4.07,0,1.9,38.5,0,0,0,2.95,0,0,0,0,-9,0,0,0,0,-0.00229183,0,0,0,0,0,0,0,0,0,1,87,61,0,0.00034,0.00034,3,5,0,0,0,0,0,0,0,0,0,0,1,0,1,0,0,0,0,0,0,0,0,,0,0,0,0,
5,5.12,0,-35.9,32.5,0,0,0,-1.05,0,0,0,0,-7.5,0,0,0,0,-0.00229183,0,0,0,0,0,0,0,0,0,1,78,61,0,0.00034,0.00034,3,0,0,0,0,0,0,0,0,0,0,0,1,0,1,0,0,0,0,0,0,0,0,,0,0,0,0,
6,5.61,0,-34.55,35,0,0,0,-3.85,0,0,0,0,-5,0,0,0,0,-0.00229183,0,0,0,0,0,0,0,0,0,1,80,61,0,0.00034,0.00034,3,5,0,0,0,0,0,0,0,0,0,0,1,0,1,0,0,0,0,0,0,0,0,,0,0,0,0,
7,5.61,0,-24.3,35,0,0,0,-5.85,0,0,0,0,-10,0,0,0,0,-0.00229183,0,0,0,0,0,0,0,0,0,1,80,61,0,0.00034,0.00034,3,5,0,0,0,0,0,0,0,0,0,0,1,0,1,0,0,0,0,0,0,0,0,,0,0,0,0,
8,6.42,0,34,25.5,0,0,0,-9.7,0,0,0,0,-10.5,0,0,0,0,-0.00229183,0,0,0,0,0,0,0,0,0,1,71,61,0,0.00034,0.00034,3,5,0,0,0,0,0,0,0,0,0,0,1,0,1,0,0,0,0,0,0,0,0,,0,0,0,0,
9,7.58,0,32.55,43.5,0,0,0,6.95,0,0,0,0,8,0,0,0,0,-0.00229183,0,0,0,0,0,0,0,0,0,1,90,61,0,0.00034,0.00034,3,5,0,0,0,0,0,0,0,0,0,0,1,0,1,0,0,0,0,0,0,0,0,,0,0,0,0,
10,8.26,0,-24.55,29,0,0,0,11.05,0,0,0,0,-12,0,0,0,0,-0.00229183,0,0,0,0,0,0,0,0,0,1,75,61,0,0.00034,0.00034,3,5,0,0,0,0,0,0,0,0,0,0,1,0,1,0,0,0,0,0,0,0,0,,0,0,0,0,
11,8.51,0,45.15,31,0,0,0,5.55,0,0,0,0,7,0,0,0,0,-0.00229183,0,0,0,0,0,0,0,0,0,1,78,61,0,0.00034,0.00034,3,5,0,0,0,0,0,0,0,0,0,0,1,0,1,0,0,0,0,0,0,0,0,,0,0,0,0,
12,8.94,0,-32.95,26.5,0,0,0,-1.75,0,0,0,0,-10,0,0,0,0,-0.00229183,0,0,0,0,0,0,0,0,0,1,73,61,0,0.00034,0.00034,3,5,0,0,0,0,0,0,0,0,0,0,1,0,1,0,0,0,0,0,0,0,0,,0,0,0,0,
13,9.41,0,-29.15,25,0,0,0,-3.45,0,0,0,0,-13,0,0,0,0,-0.00229183,0,0,0,0,0,0,0,0,0,1,71,61,0,0.00034,0.00034,3,5,0,0,0,0,0,0,0,0,0,0,1,0,1,0,0,0,0,0,0,0,0,,0,0,0,0,
14,9.87,0,-28.2,21,0,0,0,-2,0,0,0,0,-17.5,0,0,0,0,-0.00229183,0,0,0,0,0,0,0,0,0,1,67,61,0,0.00034,0.00034,3,5,0,0,0,0,0,0,0,0,0,0,1,0,1,0,0,0,0,0,0,0,0,,0,0,0,0,
15,12.16,0,-12.8,26.5,0,0,0,12.15,0,0,0,0,-16,0,0,0,0,-0.00229183,0,0,0,0,0,0,0,0,0,1,74,61,0,0.00034,0.00034,3,5,0,0,0,0,0,0,0,0,0,0,1,0,1,0,0,0,0,0,0,0,0,,0,0,0,0,
16,12.98,0,-23.3,20.5,0,0,0,-1.6,0,0,0,0,-18,0,0,0,0,-0.00229183,0,0,0,0,0,0,0,0,0,1,67,61,0,0.00034,0.00034,3,5,0,0,0,0,0,0,0,0,0,0,1,0,1,0,0,0,0,0,0,0,0,,0,0,0,0,
END,Total:17
START,FrameNb:59,CameraNb:0,HeSaiNb:0,ARS410Nb:0
2026/08/02 16:19:39:004---->
heightOffset:0,1785658779004,1068588,selfCaliBufCnt:0,selfAccObjCnt:0,selfAccAngle:0,installHAngleOffset:0,Interpolation:0,installVAngleOffset:0,radarOffsetH:0,radarOffsetV:0.32,Polynom:-0.001023;-0.0511;-2.047;0;0;0;-0.001023;-0.0511;-2.047;-25.5;0;0,WheelDirection:0;0;0;0,selfAngleOffset:0,selfAngleOffsetPit:0,currCaliAngleHrz:0,currCaliAnglePit:0,selfCaliAngleHrz:0,selfCaliAnglePit:0,servCaliAngleHrz:0,servCaliAnglePit:0,offlineCaliAngleHrz:0,offlineCaliAnglePit:0,determine2useFlag:0,IMU_Z_Accel:-21.592,IMU_X_AngularRate:-2.093,IMU_Y_AngularRate:-2.093,IMU_RollAngle:-180,IMU_PitchAngle:-180,IMU_YawAngle:-180,FcwID:0,FCWWarningLevel:0,FCWTTC:0
0,2.35,0,50.8,29.5,0,0,0,-10.05,1.37605e-33,0,0,0,4.5,0,0,0,0,-0.00229183,0,0,0,0,0,0,0,0,0,1,78,59,0,0.00034,0.00034,3,5,0,0,0,0,0,0,0,0,0,0,1,0,0,0,0,0,0,0,0,0,0,,0,0,0,0,
1,2.79,0,-33.8,45.5,0,0,0,1.2,0,0,0,0,7,0,0,0,0,-0.00229183,0,0,0,0,0,0,0,0,0,1,94,59,0,0.00034,0.00034,3,5,0,0,0,0,0,0,0,0,0,0,1,0,0,0,0,0,0,0,0,0,0,,0,0,0,0,
2,3.26,0,13.8,37.5,0,0,0,1.4,0,0,0,0,-8,0,0,0,0,-0.00229183,0,0,0,0,0,0,0,0,0,1,86,59,0,0.00034,0.00034,3,0,0,0,0,0,0,0,0,0,0,0,1,0,0,0,0,0,0,0,0,0,0,,0,0,0,0,
3,4.07,0,1.9,39,0,0,0,2.95,0,0,0,0,-9,0,0,0,0,-0.00229183,0,0,0,0,0,0,0,0,0,1,87,59,0,0.00034,0.00034,3,5,0,0,0,0,0,0,0,0,0,0,1,0,0,0,0,0,0,0,0,0,0,,0,0,0,0,
4,5.13,0,-35.7,32.5,0,0,0,-1.25,0,0,0,0,-7,0,0,0,0,-0.00229183,0,0,0,0,0,0,0,0,0,1,78,59,0,0.00034,0.00034,3,5,0,0,0,0,0,0,0,0,0,0,1,0,0,0,0,0,0,0,0,0,0,,0,0,0,0,
5,5.6,0,-34.55,35,0,0,0,-4,0,0,0,0,-4.5,0,0,0,0,-0.00229183,0,0,0,0,0,0,0,0,0,1,80,59,0,0.00034,0.00034,3,5,0,0,0,0,0,0,0,0,0,0,1,0,0,0,0,0,0,0,0,0,0,,0,0,0,0,
6,5.6,0,-24.3,35,0,0,0,-5.95,0,0,0,0,-9.5,0,0,0,0,-0.00229183,0,0,0,0,0,0,0,0,0,1,80,59,0,0.00034,0.00034,3,5,0,0,0,0,0,0,0,0,0,0,1,0,0,0,0,0,0,0,0,0,0,,0,0,0,0,
7,6.42,0,34.3,26,0,0,0,-11.8,0,0,0,0,-10.5,0,0,0,0,-0.00229183,0,0,0,0,0,0,0,0,0,1,71,59,0,0.00034,0.00034,3,5,0,0,0,0,0,0,0,0,0,0,1,0,0,0,0,0,0,0,0,0,0,,0,0,0,0,
8,6.83,0,49.3,26,0,0,0,3.95,0,0,0,0,1.5,0,0,0,0,-0.00229183,0,0,0,0,0,0,0,0,0,1,72,59,0,0.00034,0.00034,3,5,0,0,0,0,0,0,0,0,0,0,1,0,0,0,0,0,0,0,0,0,0,,0,0,0,0,
9,7.58,0,32.55,43.5,0,0,0,6.8,0,0,0,0,8,0,0,0,0,-0.00229183,0,0,0,0,0,0,0,0,0,1,89,59,0,0.00034,0.00034,3,5,0,0,0,0,0,0,0,0,0,0,1,0,0,0,0,0,0,0,0,0,0,,0,0,0,0,
10,8.24,0,-24.7,29.5,0,0,0,11,0,0,0,0,-11.5,0,0,0,0,-0.00229183,0,0,0,0,0,0,0,0,0,1,75,59,0,0.00034,0.00034,3,5,0,0,0,0,0,0,0,0,0,0,1,0,0,0,0,0,0,0,0,0,0,,0,0,0,0,
11,8.52,0,45.1,31.5,0,0,0,5.65,0,0,0,0,7,0,0,0,0,-0.00229183,0,0,0,0,0,0,0,0,0,1,78,59,0,0.00034,0.00034,3,5,0,0,0,0,0,0,0,0,0,0,1,0,0,0,0,0,0,0,0,0,0,,0,0,0,0,
12,8.92,0,-32.85,26.5,0,0,0,-1.25,0,0,0,0,-9.5,0,0,0,0,-0.00229183,0,0,0,0,0,0,0,0,0,1,73,59,0,0.00034,0.00034,3,5,0,0,0,0,0,0,0,0,0,0,1,0,0,0,0,0,0,0,0,0,0,,0,0,0,0,
13,9.42,0,-29.15,24.5,0,0,0,-3.45,0,0,0,0,-13.5,0,0,0,0,-0.00229183,0,0,0,0,0,0,0,0,0,1,71,59,0,0.00034,0.00034,3,5,0,0,0,0,0,0,0,0,0,0,1,0,0,0,0,0,0,0,0,0,0,,0,0,0,0,
14,12.16,0,-12.95,26.5,0,0,0,12.2,0,0,0,0,-16,0,0,0,0,-0.00229183,0,0,0,0,0,0,0,0,0,1,74,59,0,0.00034,0.00034,3,5,0,0,0,0,0,0,0,0,0,0,1,0,0,0,0,0,0,0,0,0,0,,0,0,0,0,
15,12.98,0,-23.35,21,0,0,0,-1.85,0,0,0,0,-18,0,0,0,0,-0.00229183,0,0,0,0,0,0,0,0,0,1,67,59,0,0.00034,0.00034,3,5,0,0,0,0,0,0,0,0,0,0,1,0,0,0,0,0,0,0,0,0,0,,0,0,0,0,
END,Total:16
START,FrameNb:60,CameraNb:0,HeSaiNb:0,ARS410Nb:0
2026/08/02 16:19:39:097---->
heightOffset:0,1785658779097,1068644,selfCaliBufCnt:0,selfAccObjCnt:0,selfAccAngle:0,installHAngleOffset:0,Interpolation:0,installVAngleOffset:0,radarOffsetH:0,radarOffsetV:0.32,Polynom:-0.001023;-0.0511;-2.047;0;0;0;-0.001023;-0.0511;-2.047;-25.5;0;0,WheelDirection:0;0;0;0,selfAngleOffset:0,selfAngleOffsetPit:0,currCaliAngleHrz:0,currCaliAnglePit:0,selfCaliAngleHrz:0,selfCaliAnglePit:0,servCaliAngleHrz:0,servCaliAnglePit:0,offlineCaliAngleHrz:0,offlineCaliAnglePit:0,determine2useFlag:0,IMU_Z_Accel:-21.592,IMU_X_AngularRate:-2.093,IMU_Y_AngularRate:-2.093,IMU_RollAngle:-180,IMU_PitchAngle:-180,IMU_YawAngle:-180,FcwID:0,FCWWarningLevel:0,FCWTTC:0
0,2.35,0,51.1,29,0,0,0,-10.2,1.37605e-33,0,0,0,5.5,0,0,0,0,-0.00229183,0,0,0,0,0,0,0,0,0,1,78,55,0,0.00034,0.00034,3,5,0,0,0,0,0,0,0,0,0,0,1,0,1,0,0,0,0,0,0,0,0,,0,0,0,0,
1,2.79,0,-33.8,45,0,0,0,1.2,0,0,0,0,7,0,0,0,0,-0.00229183,0,0,0,0,0,0,0,0,0,1,94,55,0,0.00034,0.00034,3,5,0,0,0,0,0,0,0,0,0,0,1,0,1,0,0,0,0,0,0,0,0,,0,0,0,0,
2,3.26,0,13.8,37.5,0,0,0,1.4,0,0,0,0,-8,0,0,0,0,-0.00229183,0,0,0,0,0,0,0,0,0,1,86,55,0,0.00034,0.00034,3,0,0,0,0,0,0,0,0,0,0,0,1,0,1,0,0,0,0,0,0,0,0,,0,0,0,0,
3,3.58,0,-50.1,32.5,0,0,0,-6.1,0,0,0,0,8,0,0,0,0,-0.00229183,0,0,0,0,0,0,0,0,0,1,81,55,0,0.00034,0.00034,3,5,0,0,0,0,0,0,0,0,0,0,1,0,1,0,0,0,0,0,0,0,0,,0,0,0,0,
4,4.07,0,1.9,38.5,0,0,0,2.95,0,0,0,0,-9,0,0,0,0,-0.00229183,0,0,0,0,0,0,0,0,0,1,87,55,0,0.00034,0.00034,3,5,0,0,0,0,0,0,0,0,0,0,1,0,1,0,0,0,0,0,0,0,0,,0,0,0,0,
5,5.12,0,-35.85,32.5,0,0,0,0,0,0,0,0,-7.5,0,0,0,0,-0.00229183,0,0,0,0,0,0,0,0,0,1,78,55,0,0.00034,0.00034,3,0,0,0,0,0,0,0,0,0,0,0,1,0,1,0,0,0,0,0,0,0,0,,0,0,0,0,
6,5.12,0,-41.55,32.5,0,0,0,14,0,0,0,0,-2.5,0,0,0,0,-0.00229183,0,0,0,0,0,0,0,0,0,1,78,55,0,0.00034,0.00034,3,0,0,0,0,0,0,0,0,0,0,0,1,0,1,0,0,0,0,0,0,0,0,,0,0,0,0,
7,5.61,0,-34.55,35,0,0,0,-3.85,0,0,0,0,-5,0,0,0,0,-0.00229183,0,0,0,0,0,0,0,0,0,1,80,55,0,0.00034,0.00034,3,5,0,0,0,0,0,0,0,0,0,0,1,0,1,0,0,0,0,0,0,0,0,,0,0,0,0,
8,5.61,0,-24.3,35,0,0,0,-5.8,0,0,0,0,-10,0,0,0,0,-0.00229183,0,0,0,0,0,0,0,0,0,1,80,55,0,0.00034,0.00034,3,5,0,0,0,0,0,0,0,0,0,0,1,0,1,0,0,0,0,0,0,0,0,,0,0,0,0,
9,6.4,0,34.3,25.5,0,0,0,-10.8,0,0,0,0,-10.5,0,0,0,0,-0.00229183,0,0,0,0,0,0,0,0,0,1,71,55,0,0.00034,0.00034,3,5,0,0,0,0,0,0,0,0,0,0,1,0,1,0,0,0,0,0,0,0,0,,0,0,0,0,
10,6.82,0,-36.35,26,0,0,0,-0.6,0,0,0,0,-10.5,0,0,0,0,-0.00229183,0,0,0,0,0,0,0,0,0,1,72,55,0,0.00034,0.00034,3,5,0,0,0,0,0,0,0,0,0,0,1,0,1,0,0,0,0,0,0,0,0,,0,0,0,0,
11,7.58,0,32.7,43,0,0,0,6.25,0,0,0,0,7.5,0,0,0,0,-0.00229183,0,0,0,0,0,0,0,0,0,1,89,55,0,0.00034,0.00034,3,5,0,0,0,0,0,0,0,0,0,0,1,0,1,0,0,0,0,0,0,0,0,,0,0,0,0,
12,7.58,0,18.3,43,0,0,0,-10.05,0,0,0,0,0.5,0,0,0,0,-0.00229183,0,0,0,0,0,0,0,0,0,1,89,55,0,0.00034,0.00034,3,5,0,0,0,0,0,0,0,0,0,0,1,0,1,0,0,0,0,0,0,0,0,,0,0,0,0,
13,8.25,0,-24.8,29,0,0,0,10.4,0,0,0,0,-12,0,0,0,0,-0.00229183,0,0,0,0,0,0,0,0,0,1,75,55,0,0.00034,0.00034,3,5,0,0,0,0,0,0,0,0,0,0,1,0,1,0,0,0,0,0,0,0,0,,0,0,0,0,
14,8.53,0,45.05,31.5,0,0,0,5.55,0,0,0,0,7,0,0,0,0,-0.00229183,0,0,0,0,0,0,0,0,0,1,78,55,0,0.00034,0.00034,3,5,0,0,0,0,0,0,0,0,0,0,1,0,1,0,0,0,0,0,0,0,0,,0,0,0,0,
15,8.93,0,-32.95,26,0,0,0,-1.45,0,0,0,0,-10,0,0,0,0,-0.00229183,0,0,0,0,0,0,0,0,0,1,73,55,0,0.00034,0.00034,3,5,0,0,0,0,0,0,0,0,0,0,1,0,1,0,0,0,0,0,0,0,0,,0,0,0,0,
16,9.4,0,-29.2,24.5,0,0,0,-3.55,0,0,0,0,-13.5,0,0,0,0,-0.00229183,0,0,0,0,0,0,0,0,0,1,71,55,0,0.00034,0.00034,3,5,0,0,0,0,0,0,0,0,0,0,1,0,1,0,0,0,0,0,0,0,0,,0,0,0,0,
17,12.16,0,-12.85,27,0,0,0,12,0,0,0,0,-16,0,0,0,0,-0.00229183,0,0,0,0,0,0,0,0,0,1,74,55,0,0.00034,0.00034,3,5,0,0,0,0,0,0,0,0,0,0,1,0,1,0,0,0,0,0,0,0,0,,0,0,0,0,
18,12.98,0,-23.3,21,0,0,0,-1.55,0,0,0,0,-18,0,0,0,0,-0.00229183,0,0,0,0,0,0,0,0,0,1,67,55,0,0.00034,0.00034,3,5,0,0,0,0,0,0,0,0,0,0,1,0,1,0,0,0,0,0,0,0,0,,0,0,0,0,
END,Total:19
START,FrameNb:61,CameraNb:0,HeSaiNb:0,ARS410Nb:0
2026/08/02 16:19:39:152---->
heightOffset:0,1785658779152,1068700,selfCaliBufCnt:0,selfAccObjCnt:0,selfAccAngle:0,installHAngleOffset:0,Interpolation:0,installVAngleOffset:0,radarOffsetH:0,radarOffsetV:0.32,Polynom:-0.001023;-0.0511;-2.047;0;0;0;-0.001023;-0.0511;-2.047;-25.5;0;0,WheelDirection:0;0;0;0,selfAngleOffset:0,selfAngleOffsetPit:0,currCaliAngleHrz:0,currCaliAnglePit:0,selfCaliAngleHrz:0,selfCaliAnglePit:0,servCaliAngleHrz:0,servCaliAnglePit:0,offlineCaliAngleHrz:0,offlineCaliAnglePit:0,determine2useFlag:0,IMU_Z_Accel:-21.592,IMU_X_AngularRate:-2.093,IMU_Y_AngularRate:-2.093,IMU_RollAngle:-180,IMU_PitchAngle:-180,IMU_YawAngle:-180,FcwID:0,FCWWarningLevel:0,FCWTTC:0
0,2.35,0,50.85,29,0,0,0,-10.05,1.37605e-33,0,0,0,4.5,0,0,0,0,-0.00229183,0,0,0,0,0,0,0,0,0,1,78,58,0,0.00034,0.00034,3,5,0,0,0,0,0,0,0,0,0,0,1,0,0,0,0,0,0,0,0,0,0,,0,0,0,0,
1,2.79,0,-33.8,45,0,0,0,1.2,0,0,0,0,7,0,0,0,0,-0.00229183,0,0,0,0,0,0,0,0,0,1,94,58,0,0.00034,0.00034,3,5,0,0,0,0,0,0,0,0,0,0,1,0,0,0,0,0,0,0,0,0,0,,0,0,0,0,
2,3.27,0,13.8,37.5,0,0,0,1.4,0,0,0,0,-8,0,0,0,0,-0.00229183,0,0,0,0,0,0,0,0,0,1,86,58,0,0.00034,0.00034,3,0,0,0,0,0,0,0,0,0,0,0,1,0,0,0,0,0,0,0,0,0,0,,0,0,0,0,
3,3.58,0,-50.15,32.5,0,0,0,-5.8,0,0,0,0,8,0,0,0,0,-0.00229183,0,0,0,0,0,0,0,0,0,1,81,58,0,0.00034,0.00034,3,7,0,0,0,0,0,0,0,0,0,0,1,0,0,0,0,0,0,0,0,0,0,,0,0,0,0,
4,4.07,0,1.9,38.5,0,0,0,2.95,0,0,0,0,-9,0,0,0,0,-0.00229183,0,0,0,0,0,0,0,0,0,1,87,58,0,0.00034,0.00034,3,5,0,0,0,0,0,0,0,0,0,0,1,0,0,0,0,0,0,0,0,0,0,,0,0,0,0,
5,5.11,0,-35.7,32.5,0,0,0,-1.05,0,0,0,0,-7.5,0,0,0,0,-0.00229183,0,0,0,0,0,0,0,0,0,1,78,58,0,0.00034,0.00034,3,5,0,0,0,0,0,0,0,0,0,0,1,0,0,0,0,0,0,0,0,0,0,,0,0,0,0,
6,5.61,0,-34.6,35,0,0,0,-4.2,0,0,0,0,-5,0,0,0,0,-0.00229183,0,0,0,0,0,0,0,0,0,1,80,58,0,0.00034,0.00034,3,5,0,0,0,0,0,0,0,0,0,0,1,0,0,0,0,0,0,0,0,0,0,,0,0,0,0,
7,5.61,0,-24.2,35,0,0,0,-6.2,0,0,0,0,-10,0,0,0,0,-0.00229183,0,0,0,0,0,0,0,0,0,1,80,58,0,0.00034,0.00034,3,5,0,0,0,0,0,0,0,0,0,0,1,0,0,0,0,0,0,0,0,0,0,,0,0,0,0,
8,6.41,0,-21.5,25,0,0,0,-4.3,0,0,0,0,-20,0,0,0,0,-0.00229183,0,0,0,0,0,0,0,0,0,1,71,58,0,0.00034,0.00034,3,5,0,0,0,0,0,0,0,0,0,0,1,0,0,0,0,0,0,0,0,0,0,,0,0,0,0,
9,6.83,0,-20.2,25.5,0,0,0,-1.85,0,0,0,0,-18.5,0,0,0,0,-0.00229183,0,0,0,0,0,0,0,0,0,1,71,58,0,0.00034,0.00034,3,5,0,0,0,0,0,0,0,0,0,0,1,0,0,0,0,0,0,0,0,0,0,,0,0,0,0,
10,7.57,0,32.45,42.5,0,0,0,5.65,0,0,0,0,7.5,0,0,0,0,-0.00229183,0,0,0,0,0,0,0,0,0,1,89,58,0,0.00034,0.00034,3,0,0,0,0,0,0,0,0,0,0,0,1,0,0,0,0,0,0,0,0,0,0,,0,0,0,0,
11,7.57,0,18.2,42.5,0,0,0,-9.75,0,0,0,0,0.5,0,0,0,0,-0.00229183,0,0,0,0,0,0,0,0,0,1,89,58,0,0.00034,0.00034,3,0,0,0,0,0,0,0,0,0,0,0,1,0,0,0,0,0,0,0,0,0,0,,0,0,0,0,
12,8.26,0,-24.95,28.5,0,0,0,10.8,0,0,0,0,-12,0,0,0,0,-0.00229183,0,0,0,0,0,0,0,0,0,1,75,58,0,0.00034,0.00034,3,5,0,0,0,0,0,0,0,0,0,0,1,0,0,0,0,0,0,0,0,0,0,,0,0,0,0,
13,8.52,0,45.05,31,0,0,0,5.55,0,0,0,0,7,0,0,0,0,-0.00229183,0,0,0,0,0,0,0,0,0,1,78,58,0,0.00034,0.00034,3,5,0,0,0,0,0,0,0,0,0,0,1,0,0,0,0,0,0,0,0,0,0,,0,0,0,0,
14,8.93,0,-32.9,26,0,0,0,-1.25,0,0,0,0,-10,0,0,0,0,-0.00229183,0,0,0,0,0,0,0,0,0,1,73,58,0,0.00034,0.00034,3,5,0,0,0,0,0,0,0,0,0,0,1,0,0,0,0,0,0,0,0,0,0,,0,0,0,0,
15,9.41,0,-29.1,24.5,0,0,0,-3.45,0,0,0,0,-13.5,0,0,0,0,-0.00229183,0,0,0,0,0,0,0,0,0,1,71,58,0,0.00034,0.00034,3,5,0,0,0,0,0,0,0,0,0,0,1,0,0,0,0,0,0,0,0,0,0,,0,0,0,0,
16,12.16,0,-12.9,26.5,0,0,0,12.15,0,0,0,0,-16,0,0,0,0,-0.00229183,0,0,0,0,0,0,0,0,0,1,74,58,0,0.00034,0.00034,3,5,0,0,0,0,0,0,0,0,0,0,1,0,0,0,0,0,0,0,0,0,0,,0,0,0,0,
17,12.99,0,-23.45,20.5,0,0,0,-1.8,0,0,0,0,-18.5,0,0,0,0,-0.00229183,0,0,0,0,0,0,0,0,0,1,67,58,0,0.00034,0.00034,3,5,0,0,0,0,0,0,0,0,0,0,1,0,0,0,0,0,0,0,0,0,0,,0,0,0,0,
END,Total:18
START,FrameNb:62,CameraNb:0,HeSaiNb:0,ARS410Nb:0
2026/08/02 16:19:39:192---->
heightOffset:0,1785658779192,1068760,selfCaliBufCnt:0,selfAccObjCnt:0,selfAccAngle:0,installHAngleOffset:0,Interpolation:0,installVAngleOffset:0,radarOffsetH:0,radarOffsetV:0.32,Polynom:-0.001023;-0.0511;-2.047;0;0;0;-0.001023;-0.0511;-2.047;-25.5;0;0,WheelDirection:0;0;0;0,selfAngleOffset:0,selfAngleOffsetPit:0,currCaliAngleHrz:0,currCaliAnglePit:0,selfCaliAngleHrz:0,selfCaliAnglePit:0,servCaliAngleHrz:0,servCaliAnglePit:0,offlineCaliAngleHrz:0,offlineCaliAnglePit:0,determine2useFlag:0,IMU_Z_Accel:-21.592,IMU_X_AngularRate:-2.093,IMU_Y_AngularRate:-2.093,IMU_RollAngle:-180,IMU_PitchAngle:-180,IMU_YawAngle:-180,FcwID:0,FCWWarningLevel:0,FCWTTC:0
0,2.35,0,51.2,29,0,0,0,-10.1,1.37605e-33,0,0,0,5.5,0,0,0,0,-0.00229183,0,0,0,0,0,0,0,0,0,1,78,55,0,0.00034,0.00034,3,5,0,0,0,0,0,0,0,0,0,0,1,0,1,0,0,0,0,0,0,0,0,,0,0,0,0,
1,2.79,0,-33.8,45,0,0,0,1.2,0,0,0,0,7,0,0,0,0,-0.00229183,0,0,0,0,0,0,0,0,0,1,94,55,0,0.00034,0.00034,3,5,0,0,0,0,0,0,0,0,0,0,1,0,1,0,0,0,0,0,0,0,0,,0,0,0,0,
2,3.26,0,13.8,37.5,0,0,0,1.3,0,0,0,0,-8,0,0,0,0,-0.00229183,0,0,0,0,0,0,0,0,0,1,86,55,0,0.00034,0.00034,3,0,0,0,0,0,0,0,0,0,0,0,1,0,1,0,0,0,0,0,0,0,0,,0,0,0,0,
3,3.58,0,-50.05,32.5,0,0,0,-6,0,0,0,0,7.5,0,0,0,0,-0.00229183,0,0,0,0,0,0,0,0,0,1,80,55,0,0.00034,0.00034,3,7,0,0,0,0,0,0,0,0,0,0,1,0,1,0,0,0,0,0,0,0,0,,0,0,0,0,
4,4.07,0,1.9,38.5,0,0,0,2.95,0,0,0,0,-9,0,0,0,0,-0.00229183,0,0,0,0,0,0,0,0,0,1,87,55,0,0.00034,0.00034,3,5,0,0,0,0,0,0,0,0,0,0,1,0,1,0,0,0,0,0,0,0,0,,0,0,0,0,
5,5.1,0,-35.85,32.5,0,0,0,0.05,0,0,0,0,-7.5,0,0,0,0,-0.00229183,0,0,0,0,0,0,0,0,0,1,78,55,0,0.00034,0.00034,3,0,0,0,0,0,0,0,0,0,0,0,1,0,1,0,0,0,0,0,0,0,0,,0,0,0,0,
6,5.1,0,-41.55,32.5,0,0,0,14.4,0,0,0,0,-2.5,0,0,0,0,-0.00229183,0,0,0,0,0,0,0,0,0,1,78,55,0,0.00034,0.00034,3,0,0,0,0,0,0,0,0,0,0,0,1,0,1,0,0,0,0,0,0,0,0,,0,0,0,0,
7,5.61,0,-34.55,35,0,0,0,-3.75,0,0,0,0,-5,0,0,0,0,-0.00229183,0,0,0,0,0,0,0,0,0,1,80,55,0,0.00034,0.00034,3,5,0,0,0,0,0,0,0,0,0,0,1,0,1,0,0,0,0,0,0,0,0,,0,0,0,0,
8,5.61,0,-24.3,35,0,0,0,-5.75,0,0,0,0,-10,0,0,0,0,-0.00229183,0,0,0,0,0,0,0,0,0,1,80,55,0,0.00034,0.00034,3,5,0,0,0,0,0,0,0,0,0,0,1,0,1,0,0,0,0,0,0,0,0,,0,0,0,0,
9,6.42,0,-20.9,26,0,0,0,-3.8,0,0,0,0,-19.5,0,0,0,0,-0.00229183,0,0,0,0,0,0,0,0,0,1,71,55,0,0.00034,0.00034,3,5,0,0,0,0,0,0,0,0,0,0,1,0,1,0,0,0,0,0,0,0,0,,0,0,0,0,
10,6.83,0,-19.95,26,0,0,0,-1.85,0,0,0,0,-19.5,0,0,0,0,-0.00229183,0,0,0,0,0,0,0,0,0,1,72,55,0,0.00034,0.00034,3,5,0,0,0,0,0,0,0,0,0,0,1,0,1,0,0,0,0,0,0,0,0,,0,0,0,0,
11,7.56,0,-35.8,43,0,0,0,-1.8,0,0,0,0,6.5,0,0,0,0,-0.00229183,0,0,0,0,0,0,0,0,0,1,89,55,0,0.00034,0.00034,3,5,0,0,0,0,0,0,0,0,0,0,1,0,1,0,0,0,0,0,0,0,0,,0,0,0,0,
12,8.25,0,-25,28.5,0,0,0,10.4,0,0,0,0,-12.5,0,0,0,0,-0.00229183,0,0,0,0,0,0,0,0,0,1,75,55,0,0.00034,0.00034,3,5,0,0,0,0,0,0,0,0,0,0,1,0,1,0,0,0,0,0,0,0,0,,0,0,0,0,
13,8.53,0,45.1,31.5,0,0,0,5.55,0,0,0,0,7,0,0,0,0,-0.00229183,0,0,0,0,0,0,0,0,0,1,78,55,0,0.00034,0.00034,3,5,0,0,0,0,0,0,0,0,0,0,1,0,1,0,0,0,0,0,0,0,0,,0,0,0,0,
14,8.94,0,-33.05,26,0,0,0,-1.35,0,0,0,0,-10,0,0,0,0,-0.00229183,0,0,0,0,0,0,0,0,0,1,73,55,0,0.00034,0.00034,3,5,0,0,0,0,0,0,0,0,0,0,1,0,1,0,0,0,0,0,0,0,0,,0,0,0,0,
15,9.41,0,-29.2,24.5,0,0,0,-3.45,0,0,0,0,-13.5,0,0,0,0,-0.00229183,0,0,0,0,0,0,0,0,0,1,71,55,0,0.00034,0.00034,3,5,0,0,0,0,0,0,0,0,0,0,1,0,1,0,0,0,0,0,0,0,0,,0,0,0,0,
16,12.16,0,-12.8,26.5,0,0,0,12.05,0,0,0,0,-16,0,0,0,0,-0.00229183,0,0,0,0,0,0,0,0,0,1,74,55,0,0.00034,0.00034,3,5,0,0,0,0,0,0,0,0,0,0,1,0,1,0,0,0,0,0,0,0,0,,0,0,0,0,
17,12.98,0,-23.35,20.5,0,0,0,-1.75,0,0,0,0,-18.5,0,0,0,0,-0.00229183,0,0,0,0,0,0,0,0,0,1,67,55,0,0.00034,0.00034,3,5,0,0,0,0,0,0,0,0,0,0,1,0,1,0,0,0,0,0,0,0,0,,0,0,0,0,
END,Total:18
START,FrameNb:63,CameraNb:0,HeSaiNb:0,ARS410Nb:0
2026/08/02 16:19:39:256---->
heightOffset:0,1785658779256,1068816,selfCaliBufCnt:0,selfAccObjCnt:0,selfAccAngle:0,installHAngleOffset:0,Interpolation:0,installVAngleOffset:0,radarOffsetH:0,radarOffsetV:0.32,Polynom:-0.001023;-0.0511;-2.047;0;0;0;-0.001023;-0.0511;-2.047;-25.5;0;0,WheelDirection:0;0;0;0,selfAngleOffset:0,selfAngleOffsetPit:0,currCaliAngleHrz:0,currCaliAnglePit:0,selfCaliAngleHrz:0,selfCaliAnglePit:0,servCaliAngleHrz:0,servCaliAnglePit:0,offlineCaliAngleHrz:0,offlineCaliAnglePit:0,determine2useFlag:0,IMU_Z_Accel:-21.592,IMU_X_AngularRate:-2.093,IMU_Y_AngularRate:-2.093,IMU_RollAngle:-180,IMU_PitchAngle:-180,IMU_YawAngle:-180,FcwID:0,FCWWarningLevel:0,FCWTTC:0
0,2.35,0,50.6,29,0,0,0,-10.1,1.37605e-33,0,0,0,4.5,0,0,0,0,-0.00229183,0,0,0,0,0,0,0,0,0,1,78,62,0,0.00034,0.00034,3,5,0,0,0,0,0,0,0,0,0,0,1,0,0,0,0,0,0,0,0,0,0,,0,0,0,0,
1,2.79,0,-33.8,45,0,0,0,1.2,0,0,0,0,7,0,0,0,0,-0.00229183,0,0,0,0,0,0,0,0,0,1,94,62,0,0.00034,0.00034,3,5,0,0,0,0,0,0,0,0,0,0,1,0,0,0,0,0,0,0,0,0,0,,0,0,0,0,
2,3.27,0,13.8,37.5,0,0,0,1.4,0,0,0,0,-8,0,0,0,0,-0.00229183,0,0,0,0,0,0,0,0,0,1,86,62,0,0.00034,0.00034,3,0,0,0,0,0,0,0,0,0,0,0,1,0,0,0,0,0,0,0,0,0,0,,0,0,0,0,
3,3.58,0,-3.7,32.5,0,0,0,-8.55,0,0,0,0,-16,0,0,0,0,-0.00229183,0,0,0,0,0,0,0,0,0,1,81,62,0,0.00034,0.00034,3,7,0,0,0,0,0,0,0,0,0,0,1,0,0,0,0,0,0,0,0,0,0,,0,0,0,0,
4,4.07,0,1.9,38.5,0,0,0,2.95,0,0,0,0,-9,0,0,0,0,-0.00229183,0,0,0,0,0,0,0,0,0,1,87,62,0,0.00034,0.00034,3,5,0,0,0,0,0,0,0,0,0,0,1,0,0,0,0,0,0,0,0,0,0,,0,0,0,0,
5,5.11,0,-35.8,32,0,0,0,-0.95,0,0,0,0,-7.5,0,0,0,0,-0.00229183,0,0,0,0,0,0,0,0,0,1,78,62,0,0.00034,0.00034,3,5,0,0,0,0,0,0,0,0,0,0,1,0,0,0,0,0,0,0,0,0,0,,0,0,0,0,
6,5.61,0,-34.6,35,0,0,0,-4.2,0,0,0,0,-4.5,0,0,0,0,-0.00229183,0,0,0,0,0,0,0,0,0,1,80,62,0,0.00034,0.00034,3,5,0,0,0,0,0,0,0,0,0,0,1,0,0,0,0,0,0,0,0,0,0,,0,0,0,0,
7,5.61,0,-24.2,35,0,0,0,-6.1,0,0,0,0,-9.5,0,0,0,0,-0.00229183,0,0,0,0,0,0,0,0,0,1,80,62,0,0.00034,0.00034,3,5,0,0,0,0,0,0,0,0,0,0,1,0,0,0,0,0,0,0,0,0,0,,0,0,0,0,
8,6.38,0,-21.15,26,0,0,0,-4.05,0,0,0,0,-19.5,0,0,0,0,-0.00229183,0,0,0,0,0,0,0,0,0,1,71,62,0,0.00034,0.00034,3,5,0,0,0,0,0,0,0,0,0,0,1,0,0,0,0,0,0,0,0,0,0,,0,0,0,0,
9,6.83,0,-20.1,26,0,0,0,2,0,0,0,0,-18.5,0,0,0,0,-0.00229183,0,0,0,0,0,0,0,0,0,1,72,62,0,0.00034,0.00034,3,5,0,0,0,0,0,0,0,0,0,0,1,0,0,0,0,0,0,0,0,0,0,,0,0,0,0,
10,7.58,0,32.2,43,0,0,0,6.75,0,0,0,0,7.5,0,0,0,0,-0.00229183,0,0,0,0,0,0,0,0,0,1,89,62,0,0.00034,0.00034,3,5,0,0,0,0,0,0,0,0,0,0,1,0,0,0,0,0,0,0,0,0,0,,0,0,0,0,
11,8.24,0,-25,28.5,0,0,0,10.3,0,0,0,0,-12,0,0,0,0,-0.00229183,0,0,0,0,0,0,0,0,0,1,75,62,0,0.00034,0.00034,3,5,0,0,0,0,0,0,0,0,0,0,1,0,0,0,0,0,0,0,0,0,0,,0,0,0,0,
12,8.52,0,45.1,31.5,0,0,0,5.7,0,0,0,0,7,0,0,0,0,-0.00229183,0,0,0,0,0,0,0,0,0,1,78,62,0,0.00034,0.00034,3,5,0,0,0,0,0,0,0,0,0,0,1,0,0,0,0,0,0,0,0,0,0,,0,0,0,0,
13,8.97,0,-32.95,26.5,0,0,0,-1.55,0,0,0,0,-10,0,0,0,0,-0.00229183,0,0,0,0,0,0,0,0,0,1,73,62,0,0.00034,0.00034,3,5,0,0,0,0,0,0,0,0,0,0,1,0,0,0,0,0,0,0,0,0,0,,0,0,0,0,
14,9.42,0,-29.15,24.5,0,0,0,-3.35,0,0,0,0,-13,0,0,0,0,-0.00229183,0,0,0,0,0,0,0,0,0,1,71,62,0,0.00034,0.00034,3,5,0,0,0,0,0,0,0,0,0,0,1,0,0,0,0,0,0,0,0,0,0,,0,0,0,0,
15,12.16,0,-12.85,27,0,0,0,12.2,0,0,0,0,-16,0,0,0,0,-0.00229183,0,0,0,0,0,0,0,0,0,1,74,62,0,0.00034,0.00034,3,5,0,0,0,0,0,0,0,0,0,0,1,0,0,0,0,0,0,0,0,0,0,,0,0,0,0,
16,12.98,0,-23.45,20.5,0,0,0,-1.85,0,0,0,0,-18,0,0,0,0,-0.00229183,0,0,0,0,0,0,0,0,0,1,67,62,0,0.00034,0.00034,3,5,0,0,0,0,0,0,0,0,0,0,1,0,0,0,0,0,0,0,0,0,0,,0,0,0,0,
END,Total:17
START,FrameNb:64,CameraNb:0,HeSaiNb:0,ARS410Nb:0
2026/08/02 16:19:39:316---->
heightOffset:0,1785658779316,1068880,selfCaliBufCnt:0,selfAccObjCnt:0,selfAccAngle:0,installHAngleOffset:0,Interpolation:0,installVAngleOffset:0,radarOffsetH:0,radarOffsetV:0.32,Polynom:-0.001023;-0.0511;-2.047;0;0;0;-0.001023;-0.0511;-2.047;-25.5;0;0,WheelDirection:0;0;0;0,selfAngleOffset:0,selfAngleOffsetPit:0,currCaliAngleHrz:0,currCaliAnglePit:0,selfCaliAngleHrz:0,selfCaliAnglePit:0,servCaliAngleHrz:0,servCaliAnglePit:0,offlineCaliAngleHrz:0,offlineCaliAnglePit:0,determine2useFlag:0,IMU_Z_Accel:-21.592,IMU_X_AngularRate:-2.093,IMU_Y_AngularRate:-2.093,IMU_RollAngle:-180,IMU_PitchAngle:-180,IMU_YawAngle:-180,FcwID:0,FCWWarningLevel:0,FCWTTC:0
0,2.35,0,51.2,29,0,0,0,-10.2,1.37605e-33,0,0,0,5.5,0,0,0,0,-0.00229183,0,0,0,0,0,0,0,0,0,1,78,60,0,0.00034,0.00034,3,5,0,0,0,0,0,0,0,0,0,0,1,0,1,0,0,0,0,0,0,0,0,,0,0,0,0,
1,2.79,0,-33.8,45,0,0,0,1.2,0,0,0,0,7,0,0,0,0,-0.00229183,0,0,0,0,0,0,0,0,0,1,94,60,0,0.00034,0.00034,3,5,0,0,0,0,0,0,0,0,0,0,1,0,1,0,0,0,0,0,0,0,0,,0,0,0,0,
2,3.26,0,13.8,37.5,0,0,0,1.3,0,0,0,0,-8,0,0,0,0,-0.00229183,0,0,0,0,0,0,0,0,0,1,86,60,0,0.00034,0.00034,3,0,0,0,0,0,0,0,0,0,0,0,1,0,1,0,0,0,0,0,0,0,0,,0,0,0,0,
3,3.58,0,-50.3,32,0,0,0,-6.1,0,0,0,0,8,0,0,0,0,-0.00229183,0,0,0,0,0,0,0,0,0,1,81,60,0,0.00034,0.00034,3,5,0,0,0,0,0,0,0,0,0,0,1,0,1,0,0,0,0,0,0,0,0,,0,0,0,0,
4,4.07,0,1.9,38.5,0,0,0,2.95,0,0,0,0,-9,0,0,0,0,-0.00229183,0,0,0,0,0,0,0,0,0,1,87,60,0,0.00034,0.00034,3,5,0,0,0,0,0,0,0,0,0,0,1,0,1,0,0,0,0,0,0,0,0,,0,0,0,0,
5,5.11,0,-35.95,32.5,0,0,0,-0.85,0,0,0,0,-7.5,0,0,0,0,-0.00229183,0,0,0,0,0,0,0,0,0,1,78,60,0,0.00034,0.00034,3,0,0,0,0,0,0,0,0,0,0,0,1,0,1,0,0,0,0,0,0,0,0,,0,0,0,0,
6,5.61,0,-34.55,35,0,0,0,-4.05,0,0,0,0,-4.5,0,0,0,0,-0.00229183,0,0,0,0,0,0,0,0,0,1,80,60,0,0.00034,0.00034,3,5,0,0,0,0,0,0,0,0,0,0,1,0,1,0,0,0,0,0,0,0,0,,0,0,0,0,
7,5.61,0,-24.2,35,0,0,0,-6,0,0,0,0,-9.5,0,0,0,0,-0.00229183,0,0,0,0,0,0,0,0,0,1,80,60,0,0.00034,0.00034,3,5,0,0,0,0,0,0,0,0,0,0,1,0,1,0,0,0,0,0,0,0,0,,0,0,0,0,
8,6.39,0,-20.95,25.5,0,0,0,-3.95,0,0,0,0,-19.5,0,0,0,0,-0.00229183,0,0,0,0,0,0,0,0,0,1,71,60,0,0.00034,0.00034,3,5,0,0,0,0,0,0,0,0,0,0,1,0,1,0,0,0,0,0,0,0,0,,0,0,0,0,
9,7.57,0,32.1,43,0,0,0,6.75,0,0,0,0,7.5,0,0,0,0,-0.00229183,0,0,0,0,0,0,0,0,0,1,89,60,0,0.00034,0.00034,3,5,0,0,0,0,0,0,0,0,0,0,1,0,1,0,0,0,0,0,0,0,0,,0,0,0,0,
10,8.09,0,-25.1,28.5,0,0,0,10.15,0,0,0,0,-12,0,0,0,0,-0.00229183,0,0,0,0,0,0,0,0,0,1,75,60,0,0.00034,0.00034,3,5,0,0,0,0,0,0,0,0,0,0,1,0,1,0,0,0,0,0,0,0,0,,0,0,0,0,
11,8.53,0,45.2,31.5,0,0,0,5.55,0,0,0,0,7,0,0,0,0,-0.00229183,0,0,0,0,0,0,0,0,0,1,78,60,0,0.00034,0.00034,3,5,0,0,0,0,0,0,0,0,0,0,1,0,1,0,0,0,0,0,0,0,0,,0,0,0,0,
12,8.95,0,-33,26,0,0,0,-1.55,0,0,0,0,-10,0,0,0,0,-0.00229183,0,0,0,0,0,0,0,0,0,1,73,60,0,0.00034,0.00034,3,5,0,0,0,0,0,0,0,0,0,0,1,0,1,0,0,0,0,0,0,0,0,,0,0,0,0,
13,9.41,0,-29.2,24.5,0,0,0,-3.35,0,0,0,0,-13,0,0,0,0,-0.00229183,0,0,0,0,0,0,0,0,0,1,71,60,0,0.00034,0.00034,3,5,0,0,0,0,0,0,0,0,0,0,1,0,1,0,0,0,0,0,0,0,0,,0,0,0,0,
14,12.16,0,-12.85,27,0,0,0,12.15,0,0,0,0,-15.5,0,0,0,0,-0.00229183,0,0,0,0,0,0,0,0,0,1,74,60,0,0.00034,0.00034,3,5,0,0,0,0,0,0,0,0,0,0,1,0,1,0,0,0,0,0,0,0,0,,0,0,0,0,
15,13,0,-23.2,21,0,0,0,-1.6,0,0,0,0,-18,0,0,0,0,-0.00229183,0,0,0,0,0,0,0,0,0,1,67,60,0,0.00034,0.00034,3,5,0,0,0,0,0,0,0,0,0,0,1,0,1,0,0,0,0,0,0,0,0,,0,0,0,0,
END,Total:16
START,FrameNb:65,CameraNb:0,HeSaiNb:0,ARS410Nb:0
2026/08/02 16:19:39:346---->
heightOffset:0,1785658779346,1068936,selfCaliBufCnt:0,selfAccObjCnt:0,selfAccAngle:0,installHAngleOffset:0,Interpolation:0,installVAngleOffset:0,radarOffsetH:0,radarOffsetV:0.32,Polynom:-0.001023;-0.0511;-2.047;0;0;0;-0.001023;-0.0511;-2.047;-25.5;0;0,WheelDirection:0;0;0;0,selfAngleOffset:0,selfAngleOffsetPit:0,currCaliAngleHrz:0,currCaliAnglePit:0,selfCaliAngleHrz:0,selfCaliAnglePit:0,servCaliAngleHrz:0,servCaliAnglePit:0,offlineCaliAngleHrz:0,offlineCaliAnglePit:0,determine2useFlag:0,IMU_Z_Accel:-21.592,IMU_X_AngularRate:-2.093,IMU_Y_AngularRate:-2.093,IMU_RollAngle:-180,IMU_PitchAngle:-180,IMU_YawAngle:-180,FcwID:0,FCWWarningLevel:0,FCWTTC:0
0,2.35,0,50.8,29.5,0,0,0,-10.1,1.37605e-33,0,0,0,4.5,0,0,0,0,-0.00229183,0,0,0,0,0,0,0,0,0,1,78,60,0,0.00034,0.00034,3,5,0,0,0,0,0,0,0,0,0,0,1,0,0,0,0,0,0,0,0,0,0,,0,0,0,0,
1,2.79,0,-33.8,45,0,0,0,1.2,0,0,0,0,7,0,0,0,0,-0.00229183,0,0,0,0,0,0,0,0,0,1,94,60,0,0.00034,0.00034,3,5,0,0,0,0,0,0,0,0,0,0,1,0,0,0,0,0,0,0,0,0,0,,0,0,0,0,
2,3.27,0,13.8,37.5,0,0,0,1.4,0,0,0,0,-8,0,0,0,0,-0.00229183,0,0,0,0,0,0,0,0,0,1,86,60,0,0.00034,0.00034,3,0,0,0,0,0,0,0,0,0,0,0,1,0,0,0,0,0,0,0,0,0,0,,0,0,0,0,
3,3.58,0,-3.6,32.5,0,0,0,-8.55,0,0,0,0,-16,0,0,0,0,-0.00229183,0,0,0,0,0,0,0,0,0,1,81,60,0,0.00034,0.00034,3,7,0,0,0,0,0,0,0,0,0,0,1,0,0,0,0,0,0,0,0,0,0,,0,0,0,0,
4,4.07,0,1.9,38.5,0,0,0,2.95,0,0,0,0,-9,0,0,0,0,-0.00229183,0,0,0,0,0,0,0,0,0,1,87,60,0,0.00034,0.00034,3,5,0,0,0,0,0,0,0,0,0,0,1,0,0,0,0,0,0,0,0,0,0,,0,0,0,0,
5,5.12,0,-35.7,32.5,0,0,0,-1,0,0,0,0,-7,0,0,0,0,-0.00229183,0,0,0,0,0,0,0,0,0,1,78,60,0,0.00034,0.00034,3,5,0,0,0,0,0,0,0,0,0,0,1,0,0,0,0,0,0,0,0,0,0,,0,0,0,0,
6,5.61,0,-34.6,35.5,0,0,0,-4.2,0,0,0,0,-4.5,0,0,0,0,-0.00229183,0,0,0,0,0,0,0,0,0,1,80,60,0,0.00034,0.00034,3,5,0,0,0,0,0,0,0,0,0,0,1,0,0,0,0,0,0,0,0,0,0,,0,0,0,0,
7,5.61,0,-24.2,35.5,0,0,0,-6.05,0,0,0,0,-9.5,0,0,0,0,-0.00229183,0,0,0,0,0,0,0,0,0,1,80,60,0,0.00034,0.00034,3,5,0,0,0,0,0,0,0,0,0,0,1,0,0,0,0,0,0,0,0,0,0,,0,0,0,0,
8,6.4,0,34.3,25.5,0,0,0,-11.55,0,0,0,0,-10.5,0,0,0,0,-0.00229183,0,0,0,0,0,0,0,0,0,1,71,60,0,0.00034,0.00034,3,5,0,0,0,0,0,0,0,0,0,0,1,0,0,0,0,0,0,0,0,0,0,,0,0,0,0,
9,6.84,0,-19.85,26,0,0,0,-1.85,0,0,0,0,-19.5,0,0,0,0,-0.00229183,0,0,0,0,0,0,0,0,0,1,72,60,0,0.00034,0.00034,3,5,0,0,0,0,0,0,0,0,0,0,1,0,0,0,0,0,0,0,0,0,0,,0,0,0,0,
10,7.58,0,32.2,43,0,0,0,6.75,0,0,0,0,7.5,0,0,0,0,-0.00229183,0,0,0,0,0,0,0,0,0,1,89,60,0,0.00034,0.00034,3,5,0,0,0,0,0,0,0,0,0,0,1,0,0,0,0,0,0,0,0,0,0,,0,0,0,0,
11,8.51,0,45.2,31,0,0,0,5.75,0,0,0,0,6.5,0,0,0,0,-0.00229183,0,0,0,0,0,0,0,0,0,1,78,60,0,0.00034,0.00034,3,5,0,0,0,0,0,0,0,0,0,0,1,0,0,0,0,0,0,0,0,0,0,,0,0,0,0,
12,8.93,0,-33.05,26.5,0,0,0,-1.55,0,0,0,0,-9.5,0,0,0,0,-0.00229183,0,0,0,0,0,0,0,0,0,1,73,60,0,0.00034,0.00034,3,5,0,0,0,0,0,0,0,0,0,0,1,0,0,0,0,0,0,0,0,0,0,,0,0,0,0,
13,9.43,0,-29.2,24.5,0,0,0,-3.45,0,0,0,0,-13.5,0,0,0,0,-0.00229183,0,0,0,0,0,0,0,0,0,1,71,60,0,0.00034,0.00034,3,5,0,0,0,0,0,0,0,0,0,0,1,0,0,0,0,0,0,0,0,0,0,,0,0,0,0,
14,12.16,0,-12.9,27,0,0,0,12.3,0,0,0,0,-15.5,0,0,0,0,-0.00229183,0,0,0,0,0,0,0,0,0,1,74,60,0,0.00034,0.00034,3,5,0,0,0,0,0,0,0,0,0,0,1,0,0,0,0,0,0,0,0,0,0,,0,0,0,0,
15,12.98,0,-23.3,21,0,0,0,-1.75,0,0,0,0,-18,0,0,0,0,-0.00229183,0,0,0,0,0,0,0,0,0,1,67,60,0,0.00034,0.00034,3,5,0,0,0,0,0,0,0,0,0,0,1,0,0,0,0,0,0,0,0,0,0,,0,0,0,0,
END,Total:16
START,FrameNb:66,CameraNb:0,HeSaiNb:0,ARS410Nb:0
2026/08/02 16:19:39:400---->
heightOffset:0,1785658779400,1068996,selfCaliBufCnt:0,selfAccObjCnt:0,selfAccAngle:0,installHAngleOffset:0,Interpolation:0,installVAngleOffset:0,radarOffsetH:0,radarOffsetV:0.32,Polynom:-0.001023;-0.0511;-2.047;0;0;0;-0.001023;-0.0511;-2.047;-25.5;0;0,WheelDirection:0;0;0;0,selfAngleOffset:0,selfAngleOffsetPit:0,currCaliAngleHrz:0,currCaliAnglePit:0,selfCaliAngleHrz:0,selfCaliAnglePit:0,servCaliAngleHrz:0,servCaliAnglePit:0,offlineCaliAngleHrz:0,offlineCaliAnglePit:0,determine2useFlag:0,IMU_Z_Accel:-21.592,IMU_X_AngularRate:-2.093,IMU_Y_AngularRate:-2.093,IMU_RollAngle:-180,IMU_PitchAngle:-180,IMU_YawAngle:-180,FcwID:0,FCWWarningLevel:0,FCWTTC:0
0,2.35,0,51.1,29.5,0,0,0,-10.1,1.37605e-33,0,0,0,5.5,0,0,0,0,-0.00229183,0,0,0,0,0,0,0,0,0,1,78,54,0,0.00034,0.00034,3,5,0,0,0,0,0,0,0,0,0,0,1,0,1,0,0,0,0,0,0,0,0,,0,0,0,0,
1,2.79,0,-33.8,45.5,0,0,0,1.2,0,0,0,0,7,0,0,0,0,-0.00229183,0,0,0,0,0,0,0,0,0,1,94,54,0,0.00034,0.00034,3,5,0,0,0,0,0,0,0,0,0,0,1,0,1,0,0,0,0,0,0,0,0,,0,0,0,0,
2,3.26,0,13.8,37.5,0,0,0,1.3,0,0,0,0,-8,0,0,0,0,-0.00229183,0,0,0,0,0,0,0,0,0,1,86,54,0,0.00034,0.00034,3,0,0,0,0,0,0,0,0,0,0,0,1,0,1,0,0,0,0,0,0,0,0,,0,0,0,0,
3,3.58,0,-50.3,32.5,0,0,0,-5.85,0,0,0,0,7.5,0,0,0,0,-0.00229183,0,0,0,0,0,0,0,0,0,1,80,54,0,0.00034,0.00034,3,5,0,0,0,0,0,0,0,0,0,0,1,0,1,0,0,0,0,0,0,0,0,,0,0,0,0,
4,4.07,0,1.9,39,0,0,0,2.95,0,0,0,0,-9,0,0,0,0,-0.00229183,0,0,0,0,0,0,0,0,0,1,87,54,0,0.00034,0.00034,3,5,0,0,0,0,0,0,0,0,0,0,1,0,1,0,0,0,0,0,0,0,0,,0,0,0,0,
5,5.13,0,-35.85,32.5,0,0,0,-0.2,0,0,0,0,-7.5,0,0,0,0,-0.00229183,0,0,0,0,0,0,0,0,0,1,78,54,0,0.00034,0.00034,3,0,0,0,0,0,0,0,0,0,0,0,1,0,1,0,0,0,0,0,0,0,0,,0,0,0,0,
6,5.13,0,-41.6,32.5,0,0,0,14.3,0,0,0,0,-2.5,0,0,0,0,-0.00229183,0,0,0,0,0,0,0,0,0,1,78,54,0,0.00034,0.00034,3,0,0,0,0,0,0,0,0,0,0,0,1,0,1,0,0,0,0,0,0,0,0,,0,0,0,0,
7,5.61,0,-34.55,35,0,0,0,-4.1,0,0,0,0,-4.5,0,0,0,0,-0.00229183,0,0,0,0,0,0,0,0,0,1,80,54,0,0.00034,0.00034,3,5,0,0,0,0,0,0,0,0,0,0,1,0,1,0,0,0,0,0,0,0,0,,0,0,0,0,
8,5.61,0,-24.2,35,0,0,0,-5.95,0,0,0,0,-9.5,0,0,0,0,-0.00229183,0,0,0,0,0,0,0,0,0,1,80,54,0,0.00034,0.00034,3,5,0,0,0,0,0,0,0,0,0,0,1,0,1,0,0,0,0,0,0,0,0,,0,0,0,0,
9,6.35,0,34.1,26,0,0,0,-9.45,0,0,0,0,-10.5,0,0,0,0,-0.00229183,0,0,0,0,0,0,0,0,0,1,71,54,0,0.00034,0.00034,3,5,0,0,0,0,0,0,0,0,0,0,1,0,1,0,0,0,0,0,0,0,0,,0,0,0,0,
10,7.58,0,32.35,43,0,0,0,6.55,0,0,0,0,7.5,0,0,0,0,-0.00229183,0,0,0,0,0,0,0,0,0,1,89,54,0,0.00034,0.00034,3,5,0,0,0,0,0,0,0,0,0,0,1,0,1,0,0,0,0,0,0,0,0,,0,0,0,0,
11,8.13,0,-24.6,29,0,0,0,10.75,0,0,0,0,-12,0,0,0,0,-0.00229183,0,0,0,0,0,0,0,0,0,1,75,54,0,0.00034,0.00034,3,5,0,0,0,0,0,0,0,0,0,0,1,0,1,0,0,0,0,0,0,0,0,,0,0,0,0,
12,8.51,0,45.35,31,0,0,0,5.65,0,0,0,0,7,0,0,0,0,-0.00229183,0,0,0,0,0,0,0,0,0,1,78,54,0,0.00034,0.00034,3,5,0,0,0,0,0,0,0,0,0,0,1,0,1,0,0,0,0,0,0,0,0,,0,0,0,0,
13,8.96,0,-32.9,26.5,0,0,0,-1.45,0,0,0,0,-10,0,0,0,0,-0.00229183,0,0,0,0,0,0,0,0,0,1,73,54,0,0.00034,0.00034,3,5,0,0,0,0,0,0,0,0,0,0,1,0,1,0,0,0,0,0,0,0,0,,0,0,0,0,
14,9.4,0,-29.2,24.5,0,0,0,-3.45,0,0,0,0,-13,0,0,0,0,-0.00229183,0,0,0,0,0,0,0,0,0,1,71,54,0,0.00034,0.00034,3,5,0,0,0,0,0,0,0,0,0,0,1,0,1,0,0,0,0,0,0,0,0,,0,0,0,0,
15,9.79,0,-28.2,21,0,0,0,-2.05,0,0,0,0,-17.5,0,0,0,0,-0.00229183,0,0,0,0,0,0,0,0,0,1,68,54,0,0.00034,0.00034,3,5,0,0,0,0,0,0,0,0,0,0,1,0,1,0,0,0,0,0,0,0,0,,0,0,0,0,
16,12.16,0,-12.85,26.5,0,0,0,12.05,0,0,0,0,-16,0,0,0,0,-0.00229183,0,0,0,0,0,0,0,0,0,1,74,54,0,0.00034,0.00034,3,5,0,0,0,0,0,0,0,0,0,0,1,0,1,0,0,0,0,0,0,0,0,,0,0,0,0,
17,12.99,0,-23.2,20.5,0,0,0,-1.85,0,0,0,0,-18.5,0,0,0,0,-0.00229183,0,0,0,0,0,0,0,0,0,1,67,54,0,0.00034,0.00034,3,5,0,0,0,0,0,0,0,0,0,0,1,0,1,0,0,0,0,0,0,0,0,,0,0,0,0,
END,Total:18
START,FrameNb:67,CameraNb:0,HeSaiNb:0,ARS410Nb:0
2026/08/02 16:19:39:504---->
heightOffset:0,1785658779504,1069048,selfCaliBufCnt:0,selfAccObjCnt:0,selfAccAngle:0,installHAngleOffset:0,Interpolation:0,installVAngleOffset:0,radarOffsetH:0,radarOffsetV:0.32,Polynom:-0.001023;-0.0511;-2.047;0;0;0;-0.001023;-0.0511;-2.047;-25.5;0;0,WheelDirection:0;0;0;0,selfAngleOffset:0,selfAngleOffsetPit:0,currCaliAngleHrz:0,currCaliAnglePit:0,selfCaliAngleHrz:0,selfCaliAnglePit:0,servCaliAngleHrz:0,servCaliAnglePit:0,offlineCaliAngleHrz:0,offlineCaliAnglePit:0,determine2useFlag:0,IMU_Z_Accel:-21.592,IMU_X_AngularRate:-2.093,IMU_Y_AngularRate:-2.093,IMU_RollAngle:-180,IMU_PitchAngle:-180,IMU_YawAngle:-180,FcwID:0,FCWWarningLevel:0,FCWTTC:0
0,2.35,0,50.6,29,0,0,0,-10.1,1.37605e-33,0,0,0,4.5,0,0,0,0,-0.00229183,0,0,0,0,0,0,0,0,0,1,78,59,0,0.00034,0.00034,3,5,0,0,0,0,0,0,0,0,0,0,1,0,0,0,0,0,0,0,0,0,0,,0,0,0,0,
1,2.79,0,-33.8,45,0,0,0,1.2,0,0,0,0,7,0,0,0,0,-0.00229183,0,0,0,0,0,0,0,0,0,1,94,59,0,0.00034,0.00034,3,5,0,0,0,0,0,0,0,0,0,0,1,0,0,0,0,0,0,0,0,0,0,,0,0,0,0,
2,3.27,0,13.8,37.5,0,0,0,1.4,0,0,0,0,-8,0,0,0,0,-0.00229183,0,0,0,0,0,0,0,0,0,1,86,59,0,0.00034,0.00034,3,0,0,0,0,0,0,0,0,0,0,0,1,0,0,0,0,0,0,0,0,0,0,,0,0,0,0,
3,4.07,0,1.9,38.5,0,0,0,2.95,0,0,0,0,-9,0,0,0,0,-0.00229183,0,0,0,0,0,0,0,0,0,1,87,59,0,0.00034,0.00034,3,5,0,0,0,0,0,0,0,0,0,0,1,0,0,0,0,0,0,0,0,0,0,,0,0,0,0,
4,5.12,0,-35.7,32.5,0,0,0,-1.25,0,0,0,0,-7.5,0,0,0,0,-0.00229183,0,0,0,0,0,0,0,0,0,1,78,59,0,0.00034,0.00034,3,5,0,0,0,0,0,0,0,0,0,0,1,0,0,0,0,0,0,0,0,0,0,,0,0,0,0,
5,5.6,0,-34.6,35,0,0,0,-4.1,0,0,0,0,-4.5,0,0,0,0,-0.00229183,0,0,0,0,0,0,0,0,0,1,80,59,0,0.00034,0.00034,3,5,0,0,0,0,0,0,0,0,0,0,1,0,0,0,0,0,0,0,0,0,0,,0,0,0,0,
6,5.6,0,-24.2,35,0,0,0,-6.05,0,0,0,0,-9.5,0,0,0,0,-0.00229183,0,0,0,0,0,0,0,0,0,1,80,59,0,0.00034,0.00034,3,5,0,0,0,0,0,0,0,0,0,0,1,0,0,0,0,0,0,0,0,0,0,,0,0,0,0,
7,6.34,0,70,25.5,0,0,0,-10.85,0,0,0,0,17,0,0,0,0,-0.00229183,0,0,0,0,0,0,0,0,0,1,71,59,0,0.00034,0.00034,3,5,0,0,0,0,0,0,0,0,0,0,1,0,0,0,0,0,0,0,0,0,0,,0,0,0,0,
8,6.83,0,49.7,26,0,0,0,-9.7,0,0,0,0,1.5,0,0,0,0,-0.00229183,0,0,0,0,0,0,0,0,0,1,72,59,0,0.00034,0.00034,3,5,0,0,0,0,0,0,0,0,0,0,1,0,0,0,0,0,0,0,0,0,0,,0,0,0,0,
9,7.58,0,32.3,43.5,0,0,0,6.75,0,0,0,0,7.5,0,0,0,0,-0.00229183,0,0,0,0,0,0,0,0,0,1,89,59,0,0.00034,0.00034,3,5,0,0,0,0,0,0,0,0,0,0,1,0,0,0,0,0,0,0,0,0,0,,0,0,0,0,
10,8.5,0,45.3,31.5,0,0,0,5.65,0,0,0,0,7,0,0,0,0,-0.00229183,0,0,0,0,0,0,0,0,0,1,78,59,0,0.00034,0.00034,3,5,0,0,0,0,0,0,0,0,0,0,1,0,0,0,0,0,0,0,0,0,0,,0,0,0,0,
11,8.95,0,-32.95,26.5,0,0,0,-1.45,0,0,0,0,-9.5,0,0,0,0,-0.00229183,0,0,0,0,0,0,0,0,0,1,73,59,0,0.00034,0.00034,3,5,0,0,0,0,0,0,0,0,0,0,1,0,0,0,0,0,0,0,0,0,0,,0,0,0,0,
12,9.42,0,-29.15,24.5,0,0,0,-3.45,0,0,0,0,-13,0,0,0,0,-0.00229183,0,0,0,0,0,0,0,0,0,1,71,59,0,0.00034,0.00034,3,5,0,0,0,0,0,0,0,0,0,0,1,0,0,0,0,0,0,0,0,0,0,,0,0,0,0,
13,9.75,0,-28.3,21,0,0,0,-1.6,0,0,0,0,-17.5,0,0,0,0,-0.00229183,0,0,0,0,0,0,0,0,0,1,68,59,0,0.00034,0.00034,3,5,0,0,0,0,0,0,0,0,0,0,1,0,0,0,0,0,0,0,0,0,0,,0,0,0,0,
14,12.16,0,-12.85,26.5,0,0,0,12.05,0,0,0,0,-16,0,0,0,0,-0.00229183,0,0,0,0,0,0,0,0,0,1,74,59,0,0.00034,0.00034,3,5,0,0,0,0,0,0,0,0,0,0,1,0,0,0,0,0,0,0,0,0,0,,0,0,0,0,
15,12.98,0,-23.2,21,0,0,0,-1.8,0,0,0,0,-18,0,0,0,0,-0.00229183,0,0,0,0,0,0,0,0,0,1,67,59,0,0.00034,0.00034,3,5,0,0,0,0,0,0,0,0,0,0,1,0,0,0,0,0,0,0,0,0,0,,0,0,0,0,
END,Total:16
START,FrameNb:68,CameraNb:0,HeSaiNb:0,ARS410Nb:0
2026/08/02 16:19:39:568---->
heightOffset:0,1785658779568,1069108,selfCaliBufCnt:0,selfAccObjCnt:0,selfAccAngle:0,installHAngleOffset:0,Interpolation:0,installVAngleOffset:0,radarOffsetH:0,radarOffsetV:0.32,Polynom:-0.001023;-0.0511;-2.047;0;0;0;-0.001023;-0.0511;-2.047;-25.5;0;0,WheelDirection:0;0;0;0,selfAngleOffset:0,selfAngleOffsetPit:0,currCaliAngleHrz:0,currCaliAnglePit:0,selfCaliAngleHrz:0,selfCaliAnglePit:0,servCaliAngleHrz:0,servCaliAnglePit:0,offlineCaliAngleHrz:0,offlineCaliAnglePit:0,determine2useFlag:0,IMU_Z_Accel:-21.592,IMU_X_AngularRate:-2.093,IMU_Y_AngularRate:-2.093,IMU_RollAngle:-180,IMU_PitchAngle:-180,IMU_YawAngle:-180,FcwID:0,FCWWarningLevel:0,FCWTTC:0
0,2.35,0,51.2,29,0,0,0,-10.2,1.37605e-33,0,0,0,5.5,0,0,0,0,-0.00229183,0,0,0,0,0,0,0,0,0,1,78,54,0,0.00034,0.00034,3,5,0,0,0,0,0,0,0,0,0,0,1,0,1,0,0,0,0,0,0,0,0,,0,0,0,0,
1,2.79,0,-33.8,45,0,0,0,1.2,0,0,0,0,7,0,0,0,0,-0.00229183,0,0,0,0,0,0,0,0,0,1,94,54,0,0.00034,0.00034,3,5,0,0,0,0,0,0,0,0,0,0,1,0,1,0,0,0,0,0,0,0,0,,0,0,0,0,
2,3.25,0,13.8,37.5,0,0,0,1.3,0,0,0,0,-8,0,0,0,0,-0.00229183,0,0,0,0,0,0,0,0,0,1,86,54,0,0.00034,0.00034,3,0,0,0,0,0,0,0,0,0,0,0,1,0,1,0,0,0,0,0,0,0,0,,0,0,0,0,
3,3.58,0,-50.2,32.5,0,0,0,-6,0,0,0,0,8,0,0,0,0,-0.00229183,0,0,0,0,0,0,0,0,0,1,81,54,0,0.00034,0.00034,3,5,0,0,0,0,0,0,0,0,0,0,1,0,1,0,0,0,0,0,0,0,0,,0,0,0,0,
4,4.07,0,1.9,38.5,0,0,0,2.95,0,0,0,0,-9,0,0,0,0,-0.00229183,0,0,0,0,0,0,0,0,0,1,87,54,0,0.00034,0.00034,3,5,0,0,0,0,0,0,0,0,0,0,1,0,1,0,0,0,0,0,0,0,0,,0,0,0,0,
5,5.11,0,-36,32.5,0,0,0,-1.2,0,0,0,0,-6.5,0,0,0,0,-0.00229183,0,0,0,0,0,0,0,0,0,1,78,54,0,0.00034,0.00034,3,0,0,0,0,0,0,0,0,0,0,0,1,0,1,0,0,0,0,0,0,0,0,,0,0,0,0,
6,5.61,0,-34.55,35,0,0,0,-3.75,0,0,0,0,-4.5,0,0,0,0,-0.00229183,0,0,0,0,0,0,0,0,0,1,80,54,0,0.00034,0.00034,3,5,0,0,0,0,0,0,0,0,0,0,1,0,1,0,0,0,0,0,0,0,0,,0,0,0,0,
7,5.61,0,-24.3,35,0,0,0,-5.6,0,0,0,0,-9.5,0,0,0,0,-0.00229183,0,0,0,0,0,0,0,0,0,1,80,54,0,0.00034,0.00034,3,5,0,0,0,0,0,0,0,0,0,0,1,0,1,0,0,0,0,0,0,0,0,,0,0,0,0,
8,6.43,0,71.7,25.5,0,0,0,-15,0,0,0,0,18.5,0,0,0,0,-0.00229183,0,0,0,0,0,0,0,0,0,1,71,54,0,0.00034,0.00034,3,5,0,0,0,0,0,0,0,0,0,0,1,0,1,0,0,0,0,0,0,0,0,,0,0,0,0,
9,6.83,0,-36.15,26,0,0,0,-1.25,0,0,0,0,-10.5,0,0,0,0,-0.00229183,0,0,0,0,0,0,0,0,0,1,72,54,0,0.00034,0.00034,3,5,0,0,0,0,0,0,0,0,0,0,1,0,1,0,0,0,0,0,0,0,0,,0,0,0,0,
10,7.57,0,32.55,43,0,0,0,6.9,0,0,0,0,8,0,0,0,0,-0.00229183,0,0,0,0,0,0,0,0,0,1,89,54,0,0.00034,0.00034,3,5,0,0,0,0,0,0,0,0,0,0,1,0,1,0,0,0,0,0,0,0,0,,0,0,0,0,
11,8.07,0,-24.7,29,0,0,0,10.95,0,0,0,0,-12,0,0,0,0,-0.00229183,0,0,0,0,0,0,0,0,0,1,75,54,0,0.00034,0.00034,3,5,0,0,0,0,0,0,0,0,0,0,1,0,1,0,0,0,0,0,0,0,0,,0,0,0,0,
12,8.52,0,45.3,31.5,0,0,0,5.65,0,0,0,0,7,0,0,0,0,-0.00229183,0,0,0,0,0,0,0,0,0,1,78,54,0,0.00034,0.00034,3,5,0,0,0,0,0,0,0,0,0,0,1,0,1,0,0,0,0,0,0,0,0,,0,0,0,0,
13,8.95,0,-32.9,26,0,0,0,-1.3,0,0,0,0,-9.5,0,0,0,0,-0.00229183,0,0,0,0,0,0,0,0,0,1,73,54,0,0.00034,0.00034,3,5,0,0,0,0,0,0,0,0,0,0,1,0,1,0,0,0,0,0,0,0,0,,0,0,0,0,
14,9.41,0,-29.2,24,0,0,0,-3.45,0,0,0,0,-13.5,0,0,0,0,-0.00229183,0,0,0,0,0,0,0,0,0,1,71,54,0,0.00034,0.00034,3,5,0,0,0,0,0,0,0,0,0,0,1,0,1,0,0,0,0,0,0,0,0,,0,0,0,0,
15,12.16,0,-12.8,26.5,0,0,0,12.15,0,0,0,0,-16,0,0,0,0,-0.00229183,0,0,0,0,0,0,0,0,0,1,74,54,0,0.00034,0.00034,3,5,0,0,0,0,0,0,0,0,0,0,1,0,1,0,0,0,0,0,0,0,0,,0,0,0,0,
16,12.99,0,-23.2,20.5,0,0,0,-2.05,0,0,0,0,-18,0,0,0,0,-0.00229183,0,0,0,0,0,0,0,0,0,1,67,54,0,0.00034,0.00034,3,5,0,0,0,0,0,0,0,0,0,0,1,0,1,0,0,0,0,0,0,0,0,,0,0,0,0,
END,Total:17
START,FrameNb:69,CameraNb:0,HeSaiNb:0,ARS410Nb:0
2026/08/02 16:19:39:596---->
heightOffset:0,1785658779596,1069168,selfCaliBufCnt:0,selfAccObjCnt:0,selfAccAngle:0,installHAngleOffset:0,Interpolation:0,installVAngleOffset:0,radarOffsetH:0,radarOffsetV:0.32,Polynom:-0.001023;-0.0511;-2.047;0;0;0;-0.001023;-0.0511;-2.047;-25.5;0;0,WheelDirection:0;0;0;0,selfAngleOffset:0,selfAngleOffsetPit:0,currCaliAngleHrz:0,currCaliAnglePit:0,selfCaliAngleHrz:0,selfCaliAnglePit:0,servCaliAngleHrz:0,servCaliAnglePit:0,offlineCaliAngleHrz:0,offlineCaliAnglePit:0,determine2useFlag:0,IMU_Z_Accel:-21.592,IMU_X_AngularRate:-2.093,IMU_Y_AngularRate:-2.093,IMU_RollAngle:-180,IMU_PitchAngle:-180,IMU_YawAngle:-180,FcwID:0,FCWWarningLevel:0,FCWTTC:0
0,2.35,0,31.3,29.5,0,0,0,10.4,1.37605e-33,0,0,0,-8.5,0,0,0,0,-0.00229183,0,0,0,0,0,0,0,0,0,1,78,63,0,0.00034,0.00034,3,5,0,0,0,0,0,0,0,0,0,0,1,0,0,0,0,0,0,0,0,0,0,,0,0,0,0,
1,2.79,0,-33.8,45,0,0,0,1.2,0,0,0,0,7,0,0,0,0,-0.00229183,0,0,0,0,0,0,0,0,0,1,94,63,0,0.00034,0.00034,3,5,0,0,0,0,0,0,0,0,0,0,1,0,0,0,0,0,0,0,0,0,0,,0,0,0,0,
2,3.27,0,13.8,37.5,0,0,0,1.4,0,0,0,0,-8,0,0,0,0,-0.00229183,0,0,0,0,0,0,0,0,0,1,86,63,0,0.00034,0.00034,3,0,0,0,0,0,0,0,0,0,0,0,1,0,0,0,0,0,0,0,0,0,0,,0,0,0,0,
3,3.58,0,-50.3,32.5,0,0,0,-5.6,0,0,0,0,8,0,0,0,0,-0.00229183,0,0,0,0,0,0,0,0,0,1,81,63,0,0.00034,0.00034,3,7,0,0,0,0,0,0,0,0,0,0,1,0,0,0,0,0,0,0,0,0,0,,0,0,0,0,
4,4.07,0,1.9,38.5,0,0,0,2.95,0,0,0,0,-9,0,0,0,0,-0.00229183,0,0,0,0,0,0,0,0,0,1,87,63,0,0.00034,0.00034,3,5,0,0,0,0,0,0,0,0,0,0,1,0,0,0,0,0,0,0,0,0,0,,0,0,0,0,
5,5.1,0,-35.8,32.5,0,0,0,-1.2,0,0,0,0,-7.5,0,0,0,0,-0.00229183,0,0,0,0,0,0,0,0,0,1,78,63,0,0.00034,0.00034,3,5,0,0,0,0,0,0,0,0,0,0,1,0,0,0,0,0,0,0,0,0,0,,0,0,0,0,
6,5.61,0,-34.55,35,0,0,0,-4.1,0,0,0,0,-4.5,0,0,0,0,-0.00229183,0,0,0,0,0,0,0,0,0,1,80,63,0,0.00034,0.00034,3,5,0,0,0,0,0,0,0,0,0,0,1,0,0,0,0,0,0,0,0,0,0,,0,0,0,0,
7,5.61,0,-24.2,35,0,0,0,-6.1,0,0,0,0,-9.5,0,0,0,0,-0.00229183,0,0,0,0,0,0,0,0,0,1,80,63,0,0.00034,0.00034,3,5,0,0,0,0,0,0,0,0,0,0,1,0,0,0,0,0,0,0,0,0,0,,0,0,0,0,
8,6.42,0,70.05,25.5,0,0,0,-12.35,0,0,0,0,17.5,0,0,0,0,-0.00229183,0,0,0,0,0,0,0,0,0,1,71,63,0,0.00034,0.00034,3,5,0,0,0,0,0,0,0,0,0,0,1,0,0,0,0,0,0,0,0,0,0,,0,0,0,0,
9,6.83,0,49.6,26,0,0,0,3.75,0,0,0,0,2,0,0,0,0,-0.00229183,0,0,0,0,0,0,0,0,0,1,72,63,0,0.00034,0.00034,3,5,0,0,0,0,0,0,0,0,0,0,1,0,0,0,0,0,0,0,0,0,0,,0,0,0,0,
10,7.57,0,32.55,43.5,0,0,0,6.75,0,0,0,0,8,0,0,0,0,-0.00229183,0,0,0,0,0,0,0,0,0,1,89,63,0,0.00034,0.00034,3,0,0,0,0,0,0,0,0,0,0,0,1,0,0,0,0,0,0,0,0,0,0,,0,0,0,0,
11,8.08,0,-24.65,29,0,0,0,10.95,0,0,0,0,-12,0,0,0,0,-0.00229183,0,0,0,0,0,0,0,0,0,1,75,63,0,0.00034,0.00034,3,5,0,0,0,0,0,0,0,0,0,0,1,0,0,0,0,0,0,0,0,0,0,,0,0,0,0,
12,8.51,0,45.4,31.5,0,0,0,5.8,0,0,0,0,7,0,0,0,0,-0.00229183,0,0,0,0,0,0,0,0,0,1,78,63,0,0.00034,0.00034,3,5,0,0,0,0,0,0,0,0,0,0,1,0,0,0,0,0,0,0,0,0,0,,0,0,0,0,
13,8.96,0,-32.9,26.5,0,0,0,-1.35,0,0,0,0,-9.5,0,0,0,0,-0.00229183,0,0,0,0,0,0,0,0,0,1,73,63,0,0.00034,0.00034,3,5,0,0,0,0,0,0,0,0,0,0,1,0,0,0,0,0,0,0,0,0,0,,0,0,0,0,
14,9.42,0,-29.2,24,0,0,0,-3.45,0,0,0,0,-13.5,0,0,0,0,-0.00229183,0,0,0,0,0,0,0,0,0,1,71,63,0,0.00034,0.00034,3,5,0,0,0,0,0,0,0,0,0,0,1,0,0,0,0,0,0,0,0,0,0,,0,0,0,0,
15,12.16,0,-12.95,27,0,0,0,12.3,0,0,0,0,-16,0,0,0,0,-0.00229183,0,0,0,0,0,0,0,0,0,1,74,63,0,0.00034,0.00034,3,5,0,0,0,0,0,0,0,0,0,0,1,0,0,0,0,0,0,0,0,0,0,,0,0,0,0,
16,12.98,0,-23.3,21,0,0,0,-1.75,0,0,0,0,-18,0,0,0,0,-0.00229183,0,0,0,0,0,0,0,0,0,1,67,63,0,0.00034,0.00034,3,5,0,0,0,0,0,0,0,0,0,0,1,0,0,0,0,0,0,0,0,0,0,,0,0,0,0,
END,Total:17
START,FrameNb:70,CameraNb:0,HeSaiNb:0,ARS410Nb:0
2026/08/02 16:19:39:651---->
heightOffset:0,1785658779651,1069232,selfCaliBufCnt:0,selfAccObjCnt:0,selfAccAngle:0,installHAngleOffset:0,Interpolation:0,installVAngleOffset:0,radarOffsetH:0,radarOffsetV:0.32,Polynom:-0.001023;-0.0511;-2.047;0;0;0;-0.001023;-0.0511;-2.047;-25.5;0;0,WheelDirection:0;0;0;0,selfAngleOffset:0,selfAngleOffsetPit:0,currCaliAngleHrz:0,currCaliAnglePit:0,selfCaliAngleHrz:0,selfCaliAnglePit:0,servCaliAngleHrz:0,servCaliAnglePit:0,offlineCaliAngleHrz:0,offlineCaliAnglePit:0,determine2useFlag:0,IMU_Z_Accel:-21.592,IMU_X_AngularRate:-2.093,IMU_Y_AngularRate:-2.093,IMU_RollAngle:-180,IMU_PitchAngle:-180,IMU_YawAngle:-180,FcwID:0,FCWWarningLevel:0,FCWTTC:0
0,2.35,0,51,29,0,0,0,-10.2,1.37605e-33,0,0,0,5.5,0,0,0,0,-0.00229183,0,0,0,0,0,0,0,0,0,1,78,60,0,0.00034,0.00034,2,-1,0,0,0,0,0,0,0,0,0,0,1,0,1,0,0,0,0,0,0,0,0,,0,0,0,0,
1,2.79,0,-33.8,45,0,0,0,1.2,0,0,0,0,7,0,0,0,0,-0.00229183,0,0,0,0,0,0,0,0,0,1,94,60,0,0.00034,0.00034,3,5,0,0,0,0,0,0,0,0,0,0,1,0,1,0,0,0,0,0,0,0,0,,0,0,0,0,
2,3.26,0,13.8,37.5,0,0,0,1.3,0,0,0,0,-8,0,0,0,0,-0.00229183,0,0,0,0,0,0,0,0,0,1,86,60,0,0.00034,0.00034,3,0,0,0,0,0,0,0,0,0,0,0,1,0,1,0,0,0,0,0,0,0,0,,0,0,0,0,
3,3.58,0,-50,32.5,0,0,0,-5.95,0,0,0,0,8,0,0,0,0,-0.00229183,0,0,0,0,0,0,0,0,0,1,81,60,0,0.00034,0.00034,3,5,0,0,0,0,0,0,0,0,0,0,1,0,1,0,0,0,0,0,0,0,0,,0,0,0,0,
4,4.07,0,1.9,38.5,0,0,0,2.95,0,0,0,0,-9,0,0,0,0,-0.00229183,0,0,0,0,0,0,0,0,0,1,87,60,0,0.00034,0.00034,3,5,0,0,0,0,0,0,0,0,0,0,1,0,1,0,0,0,0,0,0,0,0,,0,0,0,0,
5,5.11,0,-36.05,32.5,0,0,0,-1.2,0,0,0,0,-6.5,0,0,0,0,-0.00229183,0,0,0,0,0,0,0,0,0,1,78,60,0,0.00034,0.00034,3,0,0,0,0,0,0,0,0,0,0,0,1,0,1,0,0,0,0,0,0,0,0,,0,0,0,0,
6,5.61,0,-34.55,35,0,0,0,-4,0,0,0,0,-4.5,0,0,0,0,-0.00229183,0,0,0,0,0,0,0,0,0,1,80,60,0,0.00034,0.00034,3,5,0,0,0,0,0,0,0,0,0,0,1,0,1,0,0,0,0,0,0,0,0,,0,0,0,0,
7,5.61,0,-24.2,35,0,0,0,-6,0,0,0,0,-9.5,0,0,0,0,-0.00229183,0,0,0,0,0,0,0,0,0,1,80,60,0,0.00034,0.00034,3,5,0,0,0,0,0,0,0,0,0,0,1,0,1,0,0,0,0,0,0,0,0,,0,0,0,0,
8,6.4,0,34.3,26,0,0,0,-10.1,0,0,0,0,-10.5,0,0,0,0,-0.00229183,0,0,0,0,0,0,0,0,0,1,71,60,0,0.00034,0.00034,3,5,0,0,0,0,0,0,0,0,0,0,1,0,1,0,0,0,0,0,0,0,0,,0,0,0,0,
9,6.83,0,-19.85,26,0,0,0,-9.55,0,0,0,0,-19.5,0,0,0,0,-0.00229183,0,0,0,0,0,0,0,0,0,1,72,60,0,0.00034,0.00034,3,5,0,0,0,0,0,0,0,0,0,0,1,0,1,0,0,0,0,0,0,0,0,,0,0,0,0,
10,7.57,0,32.45,43.5,0,0,0,7.15,0,0,0,0,8,0,0,0,0,-0.00229183,0,0,0,0,0,0,0,0,0,1,89,60,0,0.00034,0.00034,3,5,0,0,0,0,0,0,0,0,0,0,1,0,1,0,0,0,0,0,0,0,0,,0,0,0,0,
11,8.07,0,-24.7,29,0,0,0,10.95,0,0,0,0,-12,0,0,0,0,-0.00229183,0,0,0,0,0,0,0,0,0,1,75,60,0,0.00034,0.00034,3,5,0,0,0,0,0,0,0,0,0,0,1,0,1,0,0,0,0,0,0,0,0,,0,0,0,0,
12,8.52,0,45.35,31.5,0,0,0,5.7,0,0,0,0,7,0,0,0,0,-0.00229183,0,0,0,0,0,0,0,0,0,1,78,60,0,0.00034,0.00034,3,5,0,0,0,0,0,0,0,0,0,0,1,0,1,0,0,0,0,0,0,0,0,,0,0,0,0,
13,8.94,0,-32.9,26,0,0,0,-1.55,0,0,0,0,-10,0,0,0,0,-0.00229183,0,0,0,0,0,0,0,0,0,1,73,60,0,0.00034,0.00034,3,5,0,0,0,0,0,0,0,0,0,0,1,0,1,0,0,0,0,0,0,0,0,,0,0,0,0,
14,9.41,0,-29.3,24,0,0,0,-3.25,0,0,0,0,-13.5,0,0,0,0,-0.00229183,0,0,0,0,0,0,0,0,0,1,71,60,0,0.00034,0.00034,3,5,0,0,0,0,0,0,0,0,0,0,1,0,1,0,0,0,0,0,0,0,0,,0,0,0,0,
15,9.85,0,-28.2,20.5,0,0,0,-1.95,0,0,0,0,-17.5,0,0,0,0,-0.00229183,0,0,0,0,0,0,0,0,0,1,67,60,0,0.00034,0.00034,3,5,0,0,0,0,0,0,0,0,0,0,1,0,1,0,0,0,0,0,0,0,0,,0,0,0,0,
16,12.16,0,-12.85,27,0,0,0,12.05,0,0,0,0,-16,0,0,0,0,-0.00229183,0,0,0,0,0,0,0,0,0,1,74,60,0,0.00034,0.00034,3,5,0,0,0,0,0,0,0,0,0,0,1,0,1,0,0,0,0,0,0,0,0,,0,0,0,0,
17,12.98,0,-23.05,20.5,0,0,0,-1.85,0,0,0,0,-18,0,0,0,0,-0.00229183,0,0,0,0,0,0,0,0,0,1,67,60,0,0.00034,0.00034,3,5,0,0,0,0,0,0,0,0,0,0,1,0,1,0,0,0,0,0,0,0,0,,0,0,0,0,
END,Total:18
START,FrameNb:71,CameraNb:0,HeSaiNb:0,ARS410Nb:0
2026/08/02 16:19:39:693---->
heightOffset:0,1785658779693,1069288,selfCaliBufCnt:0,selfAccObjCnt:0,selfAccAngle:0,installHAngleOffset:0,Interpolation:0,installVAngleOffset:0,radarOffsetH:0,radarOffsetV:0.32,Polynom:-0.001023;-0.0511;-2.047;0;0;0;-0.001023;-0.0511;-2.047;-25.5;0;0,WheelDirection:0;0;0;0,selfAngleOffset:0,selfAngleOffsetPit:0,currCaliAngleHrz:0,currCaliAnglePit:0,selfCaliAngleHrz:0,selfCaliAnglePit:0,servCaliAngleHrz:0,servCaliAnglePit:0,offlineCaliAngleHrz:0,offlineCaliAnglePit:0,determine2useFlag:0,IMU_Z_Accel:-21.592,IMU_X_AngularRate:-2.093,IMU_Y_AngularRate:-2.093,IMU_RollAngle:-180,IMU_PitchAngle:-180,IMU_YawAngle:-180,FcwID:0,FCWWarningLevel:0,FCWTTC:0
0,2.35,0,50.85,29,0,0,0,-10.1,1.37605e-33,0,0,0,4.5,0,0,0,0,-0.00229183,0,0,0,0,0,0,0,0,0,1,78,60,0,0.00034,0.00034,3,5,0,0,0,0,0,0,0,0,0,0,1,0,0,0,0,0,0,0,0,0,0,,0,0,0,0,
1,2.79,0,-33.8,45,0,0,0,1.2,0,0,0,0,7,0,0,0,0,-0.00229183,0,0,0,0,0,0,0,0,0,1,94,60,0,0.00034,0.00034,3,5,0,0,0,0,0,0,0,0,0,0,1,0,0,0,0,0,0,0,0,0,0,,0,0,0,0,
2,3.27,0,13.8,37.5,0,0,0,1.3,0,0,0,0,-8,0,0,0,0,-0.00229183,0,0,0,0,0,0,0,0,0,1,86,60,0,0.00034,0.00034,3,0,0,0,0,0,0,0,0,0,0,0,1,0,0,0,0,0,0,0,0,0,0,,0,0,0,0,
3,3.58,0,-50.1,32.5,0,0,0,-5.75,0,0,0,0,8,0,0,0,0,-0.00229183,0,0,0,0,0,0,0,0,0,1,81,60,0,0.00034,0.00034,3,7,0,0,0,0,0,0,0,0,0,0,1,0,0,0,0,0,0,0,0,0,0,,0,0,0,0,
4,4.07,0,1.9,38.5,0,0,0,2.95,0,0,0,0,-9,0,0,0,0,-0.00229183,0,0,0,0,0,0,0,0,0,1,87,60,0,0.00034,0.00034,3,5,0,0,0,0,0,0,0,0,0,0,1,0,0,0,0,0,0,0,0,0,0,,0,0,0,0,
5,5.1,0,-35.8,32.5,0,0,0,-1.2,0,0,0,0,-7.5,0,0,0,0,-0.00229183,0,0,0,0,0,0,0,0,0,1,78,60,0,0.00034,0.00034,3,5,0,0,0,0,0,0,0,0,0,0,1,0,0,0,0,0,0,0,0,0,0,,0,0,0,0,
6,5.61,0,-34.55,35,0,0,0,-3.85,0,0,0,0,-4.5,0,0,0,0,-0.00229183,0,0,0,0,0,0,0,0,0,1,80,60,0,0.00034,0.00034,3,5,0,0,0,0,0,0,0,0,0,0,1,0,0,0,0,0,0,0,0,0,0,,0,0,0,0,
7,5.61,0,-24.3,35,0,0,0,-5.8,0,0,0,0,-9.5,0,0,0,0,-0.00229183,0,0,0,0,0,0,0,0,0,1,80,60,0,0.00034,0.00034,3,5,0,0,0,0,0,0,0,0,0,0,1,0,0,0,0,0,0,0,0,0,0,,0,0,0,0,
8,6.41,0,70,25.5,0,0,0,-12.6,0,0,0,0,17.5,0,0,0,0,-0.00229183,0,0,0,0,0,0,0,0,0,1,71,60,0,0.00034,0.00034,2,-1,0,0,0,0,0,0,0,0,0,0,1,0,0,0,0,0,0,0,0,0,0,,0,0,0,0,
9,6.82,0,-36.2,26,0,0,0,-1.05,0,0,0,0,-10.5,0,0,0,0,-0.00229183,0,0,0,0,0,0,0,0,0,1,72,60,0,0.00034,0.00034,3,5,0,0,0,0,0,0,0,0,0,0,1,0,0,0,0,0,0,0,0,0,0,,0,0,0,0,
10,7.59,0,32.7,43.5,0,0,0,6.8,0,0,0,0,8,0,0,0,0,-0.00229183,0,0,0,0,0,0,0,0,0,1,90,60,0,0.00034,0.00034,3,5,0,0,0,0,0,0,0,0,0,0,1,0,0,0,0,0,0,0,0,0,0,,0,0,0,0,
11,8.09,0,-24.7,29.5,0,0,0,10.8,0,0,0,0,-11.5,0,0,0,0,-0.00229183,0,0,0,0,0,0,0,0,0,1,75,60,0,0.00034,0.00034,3,5,0,0,0,0,0,0,0,0,0,0,1,0,0,0,0,0,0,0,0,0,0,,0,0,0,0,
12,8.51,0,45.4,31.5,0,0,0,5.75,0,0,0,0,7,0,0,0,0,-0.00229183,0,0,0,0,0,0,0,0,0,1,78,60,0,0.00034,0.00034,3,5,0,0,0,0,0,0,0,0,0,0,1,0,0,0,0,0,0,0,0,0,0,,0,0,0,0,
13,8.94,0,-32.8,26.5,0,0,0,-1.55,0,0,0,0,-9.5,0,0,0,0,-0.00229183,0,0,0,0,0,0,0,0,0,1,73,60,0,0.00034,0.00034,3,5,0,0,0,0,0,0,0,0,0,0,1,0,0,0,0,0,0,0,0,0,0,,0,0,0,0,
14,9.4,0,-29.2,24,0,0,0,-3.55,0,0,0,0,-13.5,0,0,0,0,-0.00229183,0,0,0,0,0,0,0,0,0,1,71,60,0,0.00034,0.00034,3,5,0,0,0,0,0,0,0,0,0,0,1,0,0,0,0,0,0,0,0,0,0,,0,0,0,0,
15,12.16,0,-12.95,27,0,0,0,12.25,0,0,0,0,-16,0,0,0,0,-0.00229183,0,0,0,0,0,0,0,0,0,1,74,60,0,0.00034,0.00034,3,5,0,0,0,0,0,0,0,0,0,0,1,0,0,0,0,0,0,0,0,0,0,,0,0,0,0,
16,12.98,0,-23.35,20.5,0,0,0,-1.75,0,0,0,0,-18.5,0,0,0,0,-0.00229183,0,0,0,0,0,0,0,0,0,1,67,60,0,0.00034,0.00034,3,5,0,0,0,0,0,0,0,0,0,0,1,0,0,0,0,0,0,0,0,0,0,,0,0,0,0,
END,Total:17
START,FrameNb:72,CameraNb:0,HeSaiNb:0,ARS410Nb:0
2026/08/02 16:19:39:817---->
heightOffset:0,1785658779817,1069344,selfCaliBufCnt:0,selfAccObjCnt:0,selfAccAngle:0,installHAngleOffset:0,Interpolation:0,installVAngleOffset:0,radarOffsetH:0,radarOffsetV:0.32,Polynom:-0.001023;-0.0511;-2.047;0;0;0;-0.001023;-0.0511;-2.047;-25.5;0;0,WheelDirection:0;0;0;0,selfAngleOffset:0,selfAngleOffsetPit:0,currCaliAngleHrz:0,currCaliAnglePit:0,selfCaliAngleHrz:0,selfCaliAnglePit:0,servCaliAngleHrz:0,servCaliAnglePit:0,offlineCaliAngleHrz:0,offlineCaliAnglePit:0,determine2useFlag:0,IMU_Z_Accel:-21.592,IMU_X_AngularRate:-2.093,IMU_Y_AngularRate:-2.093,IMU_RollAngle:-180,IMU_PitchAngle:-180,IMU_YawAngle:-180,FcwID:0,FCWWarningLevel:0,FCWTTC:0
0,2.35,0,51.3,29,0,0,0,-10.1,1.37605e-33,0,0,0,5.5,0,0,0,0,-0.00229183,0,0,0,0,0,0,0,0,0,1,78,55,0,0.00034,0.00034,3,5,0,0,0,0,0,0,0,0,0,0,1,0,1,0,0,0,0,0,0,0,0,,0,0,0,0,
1,2.79,0,-33.8,45,0,0,0,1.2,0,0,0,0,7,0,0,0,0,-0.00229183,0,0,0,0,0,0,0,0,0,1,94,55,0,0.00034,0.00034,3,5,0,0,0,0,0,0,0,0,0,0,1,0,1,0,0,0,0,0,0,0,0,,0,0,0,0,
2,3.26,0,13.8,37.5,0,0,0,1.3,0,0,0,0,-8,0,0,0,0,-0.00229183,0,0,0,0,0,0,0,0,0,1,86,55,0,0.00034,0.00034,3,0,0,0,0,0,0,0,0,0,0,0,1,0,1,0,0,0,0,0,0,0,0,,0,0,0,0,
3,3.58,0,-50.15,32.5,0,0,0,-5.95,0,0,0,0,8,0,0,0,0,-0.00229183,0,0,0,0,0,0,0,0,0,1,81,55,0,0.00034,0.00034,3,5,0,0,0,0,0,0,0,0,0,0,1,0,1,0,0,0,0,0,0,0,0,,0,0,0,0,
4,4.07,0,1.9,38.5,0,0,0,2.95,0,0,0,0,-9,0,0,0,0,-0.00229183,0,0,0,0,0,0,0,0,0,1,87,55,0,0.00034,0.00034,3,5,0,0,0,0,0,0,0,0,0,0,1,0,1,0,0,0,0,0,0,0,0,,0,0,0,0,
5,5.12,0,-35.95,32,0,0,0,-1.3,0,0,0,0,-7.5,0,0,0,0,-0.00229183,0,0,0,0,0,0,0,0,0,1,78,55,0,0.00034,0.00034,3,0,0,0,0,0,0,0,0,0,0,0,1,0,1,0,0,0,0,0,0,0,0,,0,0,0,0,
6,5.61,0,-34.55,35,0,0,0,-3.75,0,0,0,0,-4.5,0,0,0,0,-0.00229183,0,0,0,0,0,0,0,0,0,1,80,55,0,0.00034,0.00034,3,5,0,0,0,0,0,0,0,0,0,0,1,0,1,0,0,0,0,0,0,0,0,,0,0,0,0,
7,5.61,0,-24.3,35,0,0,0,-5.75,0,0,0,0,-9.5,0,0,0,0,-0.00229183,0,0,0,0,0,0,0,0,0,1,80,55,0,0.00034,0.00034,3,5,0,0,0,0,0,0,0,0,0,0,1,0,1,0,0,0,0,0,0,0,0,,0,0,0,0,
8,6.39,0,33.95,25.5,0,0,0,-9.55,0,0,0,0,-10.5,0,0,0,0,-0.00229183,0,0,0,0,0,0,0,0,0,1,71,55,0,0.00034,0.00034,3,5,0,0,0,0,0,0,0,0,0,0,1,0,1,0,0,0,0,0,0,0,0,,0,0,0,0,
9,6.82,0,-36.15,26,0,0,0,-13,0,0,0,0,-10.5,0,0,0,0,-0.00229183,0,0,0,0,0,0,0,0,0,1,72,55,0,0.00034,0.00034,3,5,0,0,0,0,0,0,0,0,0,0,1,0,1,0,0,0,0,0,0,0,0,,0,0,0,0,
10,7.58,0,32.6,43.5,0,0,0,7.15,0,0,0,0,8,0,0,0,0,-0.00229183,0,0,0,0,0,0,0,0,0,1,90,55,0,0.00034,0.00034,3,5,0,0,0,0,0,0,0,0,0,0,1,0,1,0,0,0,0,0,0,0,0,,0,0,0,0,
11,8.25,0,-24.7,29,0,0,0,11.15,0,0,0,0,-12,0,0,0,0,-0.00229183,0,0,0,0,0,0,0,0,0,1,75,55,0,0.00034,0.00034,3,5,0,0,0,0,0,0,0,0,0,0,1,0,1,0,0,0,0,0,0,0,0,,0,0,0,0,
12,8.51,0,45.35,31.5,0,0,0,5.7,0,0,0,0,7,0,0,0,0,-0.00229183,0,0,0,0,0,0,0,0,0,1,78,55,0,0.00034,0.00034,3,5,0,0,0,0,0,0,0,0,0,0,1,0,1,0,0,0,0,0,0,0,0,,0,0,0,0,
13,8.95,0,-32.8,26.5,0,0,0,-1.55,0,0,0,0,-9.5,0,0,0,0,-0.00229183,0,0,0,0,0,0,0,0,0,1,73,55,0,0.00034,0.00034,3,5,0,0,0,0,0,0,0,0,0,0,1,0,1,0,0,0,0,0,0,0,0,,0,0,0,0,
14,9.4,0,-29.2,24,0,0,0,-3.45,0,0,0,0,-13.5,0,0,0,0,-0.00229183,0,0,0,0,0,0,0,0,0,1,71,55,0,0.00034,0.00034,3,5,0,0,0,0,0,0,0,0,0,0,1,0,1,0,0,0,0,0,0,0,0,,0,0,0,0,
15,12.16,0,-12.95,27,0,0,0,12.15,0,0,0,0,-16,0,0,0,0,-0.00229183,0,0,0,0,0,0,0,0,0,1,74,55,0,0.00034,0.00034,3,5,0,0,0,0,0,0,0,0,0,0,1,0,1,0,0,0,0,0,0,0,0,,0,0,0,0,
16,12.99,0,-23.1,20.5,0,0,0,-1.8,0,0,0,0,-18.5,0,0,0,0,-0.00229183,0,0,0,0,0,0,0,0,0,1,67,55,0,0.00034,0.00034,3,5,0,0,0,0,0,0,0,0,0,0,1,0,1,0,0,0,0,0,0,0,0,,0,0,0,0,
END,Total:17
START,FrameNb:73,CameraNb:0,HeSaiNb:0,ARS410Nb:0
2026/08/02 16:19:39:846---->
heightOffset:0,1785658779846,1069400,selfCaliBufCnt:0,selfAccObjCnt:0,selfAccAngle:0,installHAngleOffset:0,Interpolation:0,installVAngleOffset:0,radarOffsetH:0,radarOffsetV:0.32,Polynom:-0.001023;-0.0511;-2.047;0;0;0;-0.001023;-0.0511;-2.047;-25.5;0;0,WheelDirection:0;0;0;0,selfAngleOffset:0,selfAngleOffsetPit:0,currCaliAngleHrz:0,currCaliAnglePit:0,selfCaliAngleHrz:0,selfCaliAnglePit:0,servCaliAngleHrz:0,servCaliAnglePit:0,offlineCaliAngleHrz:0,offlineCaliAnglePit:0,determine2useFlag:0,IMU_Z_Accel:-21.592,IMU_X_AngularRate:-2.093,IMU_Y_AngularRate:-2.093,IMU_RollAngle:-180,IMU_PitchAngle:-180,IMU_YawAngle:-180,FcwID:0,FCWWarningLevel:0,FCWTTC:0
0,2.35,0,31.35,29.5,0,0,0,10.4,1.37605e-33,0,0,0,-8.5,0,0,0,0,-0.00229183,0,0,0,0,0,0,0,0,0,1,78,59,0,0.00034,0.00034,3,5,0,0,0,0,0,0,0,0,0,0,1,0,0,0,0,0,0,0,0,0,0,,0,0,0,0,
1,2.79,0,-33.8,45,0,0,0,1.2,0,0,0,0,7,0,0,0,0,-0.00229183,0,0,0,0,0,0,0,0,0,1,94,59,0,0.00034,0.00034,3,5,0,0,0,0,0,0,0,0,0,0,1,0,0,0,0,0,0,0,0,0,0,,0,0,0,0,
2,3.27,0,13.8,37.5,0,0,0,1.4,0,0,0,0,-8,0,0,0,0,-0.00229183,0,0,0,0,0,0,0,0,0,1,86,59,0,0.00034,0.00034,3,0,0,0,0,0,0,0,0,0,0,0,1,0,0,0,0,0,0,0,0,0,0,,0,0,0,0,
3,4.07,0,1.9,38.5,0,0,0,2.95,0,0,0,0,-9,0,0,0,0,-0.00229183,0,0,0,0,0,0,0,0,0,1,87,59,0,0.00034,0.00034,3,5,0,0,0,0,0,0,0,0,0,0,1,0,0,0,0,0,0,0,0,0,0,,0,0,0,0,
4,5.12,0,-35.8,32,0,0,0,-1.25,0,0,0,0,-7.5,0,0,0,0,-0.00229183,0,0,0,0,0,0,0,0,0,1,78,59,0,0.00034,0.00034,3,5,0,0,0,0,0,0,0,0,0,0,1,0,0,0,0,0,0,0,0,0,0,,0,0,0,0,
5,5.61,0,-34.55,35,0,0,0,-4.2,0,0,0,0,-4.5,0,0,0,0,-0.00229183,0,0,0,0,0,0,0,0,0,1,80,59,0,0.00034,0.00034,3,5,0,0,0,0,0,0,0,0,0,0,1,0,0,0,0,0,0,0,0,0,0,,0,0,0,0,
6,5.61,0,-24.2,35,0,0,0,-6.1,0,0,0,0,-9.5,0,0,0,0,-0.00229183,0,0,0,0,0,0,0,0,0,1,80,59,0,0.00034,0.00034,3,5,0,0,0,0,0,0,0,0,0,0,1,0,0,0,0,0,0,0,0,0,0,,0,0,0,0,
7,6.39,0,69.95,25.5,0,0,0,-11.55,0,0,0,0,15.5,0,0,0,0,-0.00229183,0,0,0,0,0,0,0,0,0,1,71,59,0,0.00034,0.00034,2,-1,0,0,0,0,0,0,0,0,0,0,1,0,0,0,0,0,0,0,0,0,0,,0,0,0,0,
8,6.83,0,-36,26,0,0,0,-12.95,0,0,0,0,-10.5,0,0,0,0,-0.00229183,0,0,0,0,0,0,0,0,0,1,72,59,0,0.00034,0.00034,3,5,0,0,0,0,0,0,0,0,0,0,1,0,0,0,0,0,0,0,0,0,0,,0,0,0,0,
9,7.59,0,32.7,43.5,0,0,0,6.95,0,0,0,0,8,0,0,0,0,-0.00229183,0,0,0,0,0,0,0,0,0,1,90,59,0,0.00034,0.00034,3,5,0,0,0,0,0,0,0,0,0,0,1,0,0,0,0,0,0,0,0,0,0,,0,0,0,0,
10,8.25,0,-24.7,29,0,0,0,11.05,0,0,0,0,-12,0,0,0,0,-0.00229183,0,0,0,0,0,0,0,0,0,1,75,59,0,0.00034,0.00034,3,5,0,0,0,0,0,0,0,0,0,0,1,0,0,0,0,0,0,0,0,0,0,,0,0,0,0,
11,8.51,0,45.35,31,0,0,0,5.75,0,0,0,0,7,0,0,0,0,-0.00229183,0,0,0,0,0,0,0,0,0,1,78,59,0,0.00034,0.00034,3,5,0,0,0,0,0,0,0,0,0,0,1,0,0,0,0,0,0,0,0,0,0,,0,0,0,0,
12,8.95,0,-32.8,26,0,0,0,-1.45,0,0,0,0,-10,0,0,0,0,-0.00229183,0,0,0,0,0,0,0,0,0,1,73,59,0,0.00034,0.00034,3,5,0,0,0,0,0,0,0,0,0,0,1,0,0,0,0,0,0,0,0,0,0,,0,0,0,0,
13,9.41,0,-29.3,24.5,0,0,0,-3.25,0,0,0,0,-13.5,0,0,0,0,-0.00229183,0,0,0,0,0,0,0,0,0,1,71,59,0,0.00034,0.00034,3,5,0,0,0,0,0,0,0,0,0,0,1,0,0,0,0,0,0,0,0,0,0,,0,0,0,0,
14,12.16,0,-12.95,27,0,0,0,12.25,0,0,0,0,-15.5,0,0,0,0,-0.00229183,0,0,0,0,0,0,0,0,0,1,74,59,0,0.00034,0.00034,3,5,0,0,0,0,0,0,0,0,0,0,1,0,0,0,0,0,0,0,0,0,0,,0,0,0,0,
15,12.98,0,-23.2,20.5,0,0,0,-1.95,0,0,0,0,-18,0,0,0,0,-0.00229183,0,0,0,0,0,0,0,0,0,1,67,59,0,0.00034,0.00034,3,5,0,0,0,0,0,0,0,0,0,0,1,0,0,0,0,0,0,0,0,0,0,,0,0,0,0,
END,Total:16
START,FrameNb:74,CameraNb:0,HeSaiNb:0,ARS410Nb:0
2026/08/02 16:19:39:898---->
heightOffset:0,1785658779898,1069460,selfCaliBufCnt:0,selfAccObjCnt:0,selfAccAngle:0,installHAngleOffset:0,Interpolation:0,installVAngleOffset:0,radarOffsetH:0,radarOffsetV:0.32,Polynom:-0.001023;-0.0511;-2.047;0;0;0;-0.001023;-0.0511;-2.047;-25.5;0;0,WheelDirection:0;0;0;0,selfAngleOffset:0,selfAngleOffsetPit:0,currCaliAngleHrz:0,currCaliAnglePit:0,selfCaliAngleHrz:0,selfCaliAnglePit:0,servCaliAngleHrz:0,servCaliAnglePit:0,offlineCaliAngleHrz:0,offlineCaliAnglePit:0,determine2useFlag:0,IMU_Z_Accel:-21.592,IMU_X_AngularRate:-2.093,IMU_Y_AngularRate:-2.093,IMU_RollAngle:-180,IMU_PitchAngle:-180,IMU_YawAngle:-180,FcwID:0,FCWWarningLevel:0,FCWTTC:0
0,2.35,0,51.05,29,0,0,0,-10.1,1.37605e-33,0,0,0,5.5,0,0,0,0,-0.00229183,0,0,0,0,0,0,0,0,0,1,78,55,0,0.00034,0.00034,2,-1,0,0,0,0,0,0,0,0,0,0,1,0,1,0,0,0,0,0,0,0,0,,0,0,0,0,
1,2.79,0,-33.8,45,0,0,0,1.2,0,0,0,0,7,0,0,0,0,-0.00229183,0,0,0,0,0,0,0,0,0,1,94,55,0,0.00034,0.00034,3,5,0,0,0,0,0,0,0,0,0,0,1,0,1,0,0,0,0,0,0,0,0,,0,0,0,0,
2,3.26,0,13.8,37.5,0,0,0,1.3,0,0,0,0,-8,0,0,0,0,-0.00229183,0,0,0,0,0,0,0,0,0,1,86,55,0,0.00034,0.00034,3,0,0,0,0,0,0,0,0,0,0,0,1,0,1,0,0,0,0,0,0,0,0,,0,0,0,0,
3,3.58,0,-50.3,32.5,0,0,0,-5.85,0,0,0,0,8,0,0,0,0,-0.00229183,0,0,0,0,0,0,0,0,0,1,81,55,0,0.00034,0.00034,3,5,0,0,0,0,0,0,0,0,0,0,1,0,1,0,0,0,0,0,0,0,0,,0,0,0,0,
4,4.07,0,1.9,38.5,0,0,0,2.95,0,0,0,0,-9,0,0,0,0,-0.00229183,0,0,0,0,0,0,0,0,0,1,87,55,0,0.00034,0.00034,3,5,0,0,0,0,0,0,0,0,0,0,1,0,1,0,0,0,0,0,0,0,0,,0,0,0,0,
5,5.12,0,-36,32.5,0,0,0,-1.3,0,0,0,0,-6,0,0,0,0,-0.00229183,0,0,0,0,0,0,0,0,0,1,78,55,0,0.00034,0.00034,3,0,0,0,0,0,0,0,0,0,0,0,1,0,1,0,0,0,0,0,0,0,0,,0,0,0,0,
6,5.61,0,-34.5,35,0,0,0,-4.05,0,0,0,0,-4.5,0,0,0,0,-0.00229183,0,0,0,0,0,0,0,0,0,1,80,55,0,0.00034,0.00034,3,5,0,0,0,0,0,0,0,0,0,0,1,0,1,0,0,0,0,0,0,0,0,,0,0,0,0,
7,5.61,0,-24.2,35,0,0,0,-6,0,0,0,0,-9.5,0,0,0,0,-0.00229183,0,0,0,0,0,0,0,0,0,1,80,55,0,0.00034,0.00034,3,5,0,0,0,0,0,0,0,0,0,0,1,0,1,0,0,0,0,0,0,0,0,,0,0,0,0,
8,6.39,0,34.05,25.5,0,0,0,-9.55,0,0,0,0,-10.5,0,0,0,0,-0.00229183,0,0,0,0,0,0,0,0,0,1,71,55,0,0.00034,0.00034,3,5,0,0,0,0,0,0,0,0,0,0,1,0,1,0,0,0,0,0,0,0,0,,0,0,0,0,
9,7.59,0,32.7,43.5,0,0,0,7.2,0,0,0,0,8,0,0,0,0,-0.00229183,0,0,0,0,0,0,0,0,0,1,90,55,0,0.00034,0.00034,3,5,0,0,0,0,0,0,0,0,0,0,1,0,1,0,0,0,0,0,0,0,0,,0,0,0,0,
10,8.51,0,45.3,31.5,0,0,0,5.65,0,0,0,0,7,0,0,0,0,-0.00229183,0,0,0,0,0,0,0,0,0,1,78,55,0,0.00034,0.00034,3,5,0,0,0,0,0,0,0,0,0,0,1,0,1,0,0,0,0,0,0,0,0,,0,0,0,0,
11,8.96,0,-32.9,26,0,0,0,-1.45,0,0,0,0,-10,0,0,0,0,-0.00229183,0,0,0,0,0,0,0,0,0,1,73,55,0,0.00034,0.00034,3,5,0,0,0,0,0,0,0,0,0,0,1,0,1,0,0,0,0,0,0,0,0,,0,0,0,0,
12,9.41,0,-29.2,24.5,0,0,0,-3.55,0,0,0,0,-13,0,0,0,0,-0.00229183,0,0,0,0,0,0,0,0,0,1,71,55,0,0.00034,0.00034,3,5,0,0,0,0,0,0,0,0,0,0,1,0,1,0,0,0,0,0,0,0,0,,0,0,0,0,
13,12.16,0,-12.95,27,0,0,0,12.15,0,0,0,0,-16,0,0,0,0,-0.00229183,0,0,0,0,0,0,0,0,0,1,74,55,0,0.00034,0.00034,3,5,0,0,0,0,0,0,0,0,0,0,1,0,1,0,0,0,0,0,0,0,0,,0,0,0,0,
14,12.98,0,-23.05,20.5,0,0,0,-1.55,0,0,0,0,-18.5,0,0,0,0,-0.00229183,0,0,0,0,0,0,0,0,0,1,67,55,0,0.00034,0.00034,3,5,0,0,0,0,0,0,0,0,0,0,1,0,1,0,0,0,0,0,0,0,0,,0,0,0,0,
END,Total:15
START,FrameNb:75,CameraNb:0,HeSaiNb:0,ARS410Nb:0
2026/08/02 16:19:39:942---->
heightOffset:0,1785658779942,1069516,selfCaliBufCnt:0,selfAccObjCnt:0,selfAccAngle:0,installHAngleOffset:0,Interpolation:0,installVAngleOffset:0,radarOffsetH:0,radarOffsetV:0.32,Polynom:-0.001023;-0.0511;-2.047;0;0;0;-0.001023;-0.0511;-2.047;-25.5;0;0,WheelDirection:0;0;0;0,selfAngleOffset:0,selfAngleOffsetPit:0,currCaliAngleHrz:0,currCaliAnglePit:0,selfCaliAngleHrz:0,selfCaliAnglePit:0,servCaliAngleHrz:0,servCaliAnglePit:0,offlineCaliAngleHrz:0,offlineCaliAnglePit:0,determine2useFlag:0,IMU_Z_Accel:-21.592,IMU_X_AngularRate:-2.093,IMU_Y_AngularRate:-2.093,IMU_RollAngle:-180,IMU_PitchAngle:-180,IMU_YawAngle:-180,FcwID:0,FCWWarningLevel:0,FCWTTC:0
0,2.35,0,50.65,29.5,0,0,0,-10.1,1.37605e-33,0,0,0,4.5,0,0,0,0,-0.00229183,0,0,0,0,0,0,0,0,0,1,78,62,0,0.00034,0.00034,3,5,0,0,0,0,0,0,0,0,0,0,1,0,0,0,0,0,0,0,0,0,0,,0,0,0,0,
1,2.79,0,-33.8,45,0,0,0,1.2,0,0,0,0,7,0,0,0,0,-0.00229183,0,0,0,0,0,0,0,0,0,1,94,62,0,0.00034,0.00034,3,5,0,0,0,0,0,0,0,0,0,0,1,0,0,0,0,0,0,0,0,0,0,,0,0,0,0,
2,3.27,0,13.8,37.5,0,0,0,1.3,0,0,0,0,-8,0,0,0,0,-0.00229183,0,0,0,0,0,0,0,0,0,1,86,62,0,0.00034,0.00034,3,0,0,0,0,0,0,0,0,0,0,0,1,0,0,0,0,0,0,0,0,0,0,,0,0,0,0,
3,3.58,0,-3.7,32.5,0,0,0,-8.35,0,0,0,0,-16,0,0,0,0,-0.00229183,0,0,0,0,0,0,0,0,0,1,81,62,0,0.00034,0.00034,3,7,0,0,0,0,0,0,0,0,0,0,1,0,0,0,0,0,0,0,0,0,0,,0,0,0,0,
4,4.07,0,1.9,38.5,0,0,0,2.95,0,0,0,0,-9,0,0,0,0,-0.00229183,0,0,0,0,0,0,0,0,0,1,87,62,0,0.00034,0.00034,3,5,0,0,0,0,0,0,0,0,0,0,1,0,0,0,0,0,0,0,0,0,0,,0,0,0,0,
5,5.09,0,-35.7,32.5,0,0,0,-1.1,0,0,0,0,-7.5,0,0,0,0,-0.00229183,0,0,0,0,0,0,0,0,0,1,78,62,0,0.00034,0.00034,3,5,0,0,0,0,0,0,0,0,0,0,1,0,0,0,0,0,0,0,0,0,0,,0,0,0,0,
6,5.6,0,-34.55,35,0,0,0,-4.2,0,0,0,0,-4.5,0,0,0,0,-0.00229183,0,0,0,0,0,0,0,0,0,1,80,62,0,0.00034,0.00034,3,5,0,0,0,0,0,0,0,0,0,0,1,0,0,0,0,0,0,0,0,0,0,,0,0,0,0,
7,5.6,0,-24.2,35,0,0,0,-6.1,0,0,0,0,-9.5,0,0,0,0,-0.00229183,0,0,0,0,0,0,0,0,0,1,80,62,0,0.00034,0.00034,3,5,0,0,0,0,0,0,0,0,0,0,1,0,0,0,0,0,0,0,0,0,0,,0,0,0,0,
8,6.4,0,70.05,25.5,0,0,0,-11.35,0,0,0,0,17.5,0,0,0,0,-0.00229183,0,0,0,0,0,0,0,0,0,1,71,62,0,0.00034,0.00034,2,-1,0,0,0,0,0,0,0,0,0,0,1,0,0,0,0,0,0,0,0,0,0,,0,0,0,0,
9,6.83,0,-19.9,26,0,0,0,-1.55,0,0,0,0,-19.5,0,0,0,0,-0.00229183,0,0,0,0,0,0,0,0,0,1,72,62,0,0.00034,0.00034,3,5,0,0,0,0,0,0,0,0,0,0,1,0,0,0,0,0,0,0,0,0,0,,0,0,0,0,
10,7.59,0,32.6,43.5,0,0,0,6.95,0,0,0,0,8,0,0,0,0,-0.00229183,0,0,0,0,0,0,0,0,0,1,89,62,0,0.00034,0.00034,3,5,0,0,0,0,0,0,0,0,0,0,1,0,0,0,0,0,0,0,0,0,0,,0,0,0,0,
11,8.51,0,45.35,31.5,0,0,0,5.9,0,0,0,0,7,0,0,0,0,-0.00229183,0,0,0,0,0,0,0,0,0,1,78,62,0,0.00034,0.00034,3,5,0,0,0,0,0,0,0,0,0,0,1,0,0,0,0,0,0,0,0,0,0,,0,0,0,0,
12,8.95,0,-32.85,26.5,0,0,0,-1.25,0,0,0,0,-9.5,0,0,0,0,-0.00229183,0,0,0,0,0,0,0,0,0,1,73,62,0,0.00034,0.00034,3,5,0,0,0,0,0,0,0,0,0,0,1,0,0,0,0,0,0,0,0,0,0,,0,0,0,0,
13,9.41,0,-29.3,24,0,0,0,-3.25,0,0,0,0,-13.5,0,0,0,0,-0.00229183,0,0,0,0,0,0,0,0,0,1,71,62,0,0.00034,0.00034,3,5,0,0,0,0,0,0,0,0,0,0,1,0,0,0,0,0,0,0,0,0,0,,0,0,0,0,
14,12.16,0,-12.85,27,0,0,0,12.3,0,0,0,0,-16,0,0,0,0,-0.00229183,0,0,0,0,0,0,0,0,0,1,74,62,0,0.00034,0.00034,3,5,0,0,0,0,0,0,0,0,0,0,1,0,0,0,0,0,0,0,0,0,0,,0,0,0,0,
15,12.98,0,-23.2,20.5,0,0,0,-1.7,0,0,0,0,-18.5,0,0,0,0,-0.00229183,0,0,0,0,0,0,0,0,0,1,67,62,0,0.00034,0.00034,3,5,0,0,0,0,0,0,0,0,0,0,1,0,0,0,0,0,0,0,0,0,0,,0,0,0,0,
END,Total:16
START,FrameNb:76,CameraNb:0,HeSaiNb:0,ARS410Nb:0
2026/08/02 16:19:40:005---->
heightOffset:0,1785658780005,1069580,selfCaliBufCnt:0,selfAccObjCnt:0,selfAccAngle:0,installHAngleOffset:0,Interpolation:0,installVAngleOffset:0,radarOffsetH:0,radarOffsetV:0.32,Polynom:-0.001023;-0.0511;-2.047;0;0;0;-0.001023;-0.0511;-2.047;-25.5;0;0,WheelDirection:0;0;0;0,selfAngleOffset:0,selfAngleOffsetPit:0,currCaliAngleHrz:0,currCaliAnglePit:0,selfCaliAngleHrz:0,selfCaliAnglePit:0,servCaliAngleHrz:0,servCaliAnglePit:0,offlineCaliAngleHrz:0,offlineCaliAnglePit:0,determine2useFlag:0,IMU_Z_Accel:-21.592,IMU_X_AngularRate:-2.093,IMU_Y_AngularRate:-2.093,IMU_RollAngle:-180,IMU_PitchAngle:-180,IMU_YawAngle:-180,FcwID:0,FCWWarningLevel:0,FCWTTC:0
0,2.35,0,51.05,29,0,0,0,-10.2,1.37605e-33,0,0,0,5.5,0,0,0,0,-0.00229183,0,0,0,0,0,0,0,0,0,1,78,60,0,0.00034,0.00034,3,5,0,0,0,0,0,0,0,0,0,0,1,0,1,0,0,0,0,0,0,0,0,,0,0,0,0,
1,2.79,0,-33.8,45,0,0,0,1.2,0,0,0,0,7,0,0,0,0,-0.00229183,0,0,0,0,0,0,0,0,0,1,94,60,0,0.00034,0.00034,3,5,0,0,0,0,0,0,0,0,0,0,1,0,1,0,0,0,0,0,0,0,0,,0,0,0,0,
2,3.26,0,13.8,37.5,0,0,0,1.3,0,0,0,0,-8,0,0,0,0,-0.00229183,0,0,0,0,0,0,0,0,0,1,86,60,0,0.00034,0.00034,3,0,0,0,0,0,0,0,0,0,0,0,1,0,1,0,0,0,0,0,0,0,0,,0,0,0,0,
3,3.58,0,-50.1,32.5,0,0,0,-5.95,0,0,0,0,8,0,0,0,0,-0.00229183,0,0,0,0,0,0,0,0,0,1,81,60,0,0.00034,0.00034,3,5,0,0,0,0,0,0,0,0,0,0,1,0,1,0,0,0,0,0,0,0,0,,0,0,0,0,
4,4.07,0,1.9,38.5,0,0,0,2.95,0,0,0,0,-9,0,0,0,0,-0.00229183,0,0,0,0,0,0,0,0,0,1,87,60,0,0.00034,0.00034,3,5,0,0,0,0,0,0,0,0,0,0,1,0,1,0,0,0,0,0,0,0,0,,0,0,0,0,
5,5.12,0,-36,32.5,0,0,0,-1.2,0,0,0,0,-6.5,0,0,0,0,-0.00229183,0,0,0,0,0,0,0,0,0,1,78,60,0,0.00034,0.00034,3,0,0,0,0,0,0,0,0,0,0,0,1,0,1,0,0,0,0,0,0,0,0,,0,0,0,0,
6,5.61,0,-34.45,35,0,0,0,-4.05,0,0,0,0,-4.5,0,0,0,0,-0.00229183,0,0,0,0,0,0,0,0,0,1,80,60,0,0.00034,0.00034,3,5,0,0,0,0,0,0,0,0,0,0,1,0,1,0,0,0,0,0,0,0,0,,0,0,0,0,
7,5.61,0,-24.2,35,0,0,0,-6,0,0,0,0,-9.5,0,0,0,0,-0.00229183,0,0,0,0,0,0,0,0,0,1,80,60,0,0.00034,0.00034,3,5,0,0,0,0,0,0,0,0,0,0,1,0,1,0,0,0,0,0,0,0,0,,0,0,0,0,
8,6.41,0,34.2,25.5,0,0,0,-9.6,0,0,0,0,-10.5,0,0,0,0,-0.00229183,0,0,0,0,0,0,0,0,0,1,71,60,0,0.00034,0.00034,3,5,0,0,0,0,0,0,0,0,0,0,1,0,1,0,0,0,0,0,0,0,0,,0,0,0,0,
9,6.82,0,49.1,26,0,0,0,3.95,0,0,0,0,2,0,0,0,0,-0.00229183,0,0,0,0,0,0,0,0,0,1,72,60,0,0.00034,0.00034,3,5,0,0,0,0,0,0,0,0,0,0,1,0,1,0,0,0,0,0,0,0,0,,0,0,0,0,
10,7.59,0,32.8,43.5,0,0,0,6.7,0,0,0,0,8,0,0,0,0,-0.00229183,0,0,0,0,0,0,0,0,0,1,90,60,0,0.00034,0.00034,3,5,0,0,0,0,0,0,0,0,0,0,1,0,1,0,0,0,0,0,0,0,0,,0,0,0,0,
11,8.07,0,-24.9,28.5,0,0,0,-2.45,0,0,0,0,-12.5,0,0,0,0,-0.00229183,0,0,0,0,0,0,0,0,0,1,75,60,0,0.00034,0.00034,3,5,0,0,0,0,0,0,0,0,0,0,1,0,1,0,0,0,0,0,0,0,0,,0,0,0,0,
12,8.52,0,45.3,31.5,0,0,0,5.45,0,0,0,0,7,0,0,0,0,-0.00229183,0,0,0,0,0,0,0,0,0,1,78,60,0,0.00034,0.00034,3,5,0,0,0,0,0,0,0,0,0,0,1,0,1,0,0,0,0,0,0,0,0,,0,0,0,0,
13,8.96,0,-32.85,26.5,0,0,0,-1.45,0,0,0,0,-10,0,0,0,0,-0.00229183,0,0,0,0,0,0,0,0,0,1,73,60,0,0.00034,0.00034,3,5,0,0,0,0,0,0,0,0,0,0,1,0,1,0,0,0,0,0,0,0,0,,0,0,0,0,
14,9.4,0,-29.15,24.5,0,0,0,-3.55,0,0,0,0,-13.5,0,0,0,0,-0.00229183,0,0,0,0,0,0,0,0,0,1,71,60,0,0.00034,0.00034,3,5,0,0,0,0,0,0,0,0,0,0,1,0,1,0,0,0,0,0,0,0,0,,0,0,0,0,
15,12.16,0,-12.8,27,0,0,0,12.05,0,0,0,0,-16,0,0,0,0,-0.00229183,0,0,0,0,0,0,0,0,0,1,74,60,0,0.00034,0.00034,3,5,0,0,0,0,0,0,0,0,0,0,1,0,1,0,0,0,0,0,0,0,0,,0,0,0,0,
16,12.99,0,-23.1,20.5,0,0,0,-1.75,0,0,0,0,-18,0,0,0,0,-0.00229183,0,0,0,0,0,0,0,0,0,1,67,60,0,0.00034,0.00034,3,5,0,0,0,0,0,0,0,0,0,0,1,0,1,0,0,0,0,0,0,0,0,,0,0,0,0,
END,Total:17
START,FrameNb:77,CameraNb:0,HeSaiNb:0,ARS410Nb:0
2026/08/02 16:19:40:035---->
heightOffset:0,1785658780035,1069636,selfCaliBufCnt:0,selfAccObjCnt:0,selfAccAngle:0,installHAngleOffset:0,Interpolation:0,installVAngleOffset:0,radarOffsetH:0,radarOffsetV:0.32,Polynom:-0.001023;-0.0511;-2.047;0;0;0;-0.001023;-0.0511;-2.047;-25.5;0;0,WheelDirection:0;0;0;0,selfAngleOffset:0,selfAngleOffsetPit:0,currCaliAngleHrz:0,currCaliAnglePit:0,selfCaliAngleHrz:0,selfCaliAnglePit:0,servCaliAngleHrz:0,servCaliAnglePit:0,offlineCaliAngleHrz:0,offlineCaliAnglePit:0,determine2useFlag:0,IMU_Z_Accel:-21.592,IMU_X_AngularRate:-2.093,IMU_Y_AngularRate:-2.093,IMU_RollAngle:-180,IMU_PitchAngle:-180,IMU_YawAngle:-180,FcwID:0,FCWWarningLevel:0,FCWTTC:0
0,2.35,0,31.35,29.5,0,0,0,10.3,1.37605e-33,0,0,0,-8.5,0,0,0,0,-0.00229183,0,0,0,0,0,0,0,0,0,1,78,59,0,0.00034,0.00034,3,5,0,0,0,0,0,0,0,0,0,0,1,0,0,0,0,0,0,0,0,0,0,,0,0,0,0,
1,2.79,0,-33.8,45,0,0,0,1.2,0,0,0,0,7,0,0,0,0,-0.00229183,0,0,0,0,0,0,0,0,0,1,94,59,0,0.00034,0.00034,3,5,0,0,0,0,0,0,0,0,0,0,1,0,0,0,0,0,0,0,0,0,0,,0,0,0,0,
2,3.27,0,13.8,37.5,0,0,0,1.3,0,0,0,0,-8,0,0,0,0,-0.00229183,0,0,0,0,0,0,0,0,0,1,86,59,0,0.00034,0.00034,3,0,0,0,0,0,0,0,0,0,0,0,1,0,0,0,0,0,0,0,0,0,0,,0,0,0,0,
3,3.58,0,-3.7,32.5,0,0,0,-8.55,0,0,0,0,-16,0,0,0,0,-0.00229183,0,0,0,0,0,0,0,0,0,1,81,59,0,0.00034,0.00034,3,7,0,0,0,0,0,0,0,0,0,0,1,0,0,0,0,0,0,0,0,0,0,,0,0,0,0,
4,4.07,0,1.9,38.5,0,0,0,2.95,0,0,0,0,-9,0,0,0,0,-0.00229183,0,0,0,0,0,0,0,0,0,1,87,59,0,0.00034,0.00034,3,5,0,0,0,0,0,0,0,0,0,0,1,0,0,0,0,0,0,0,0,0,0,,0,0,0,0,
5,5.12,0,-35.8,32.5,0,0,0,-1.25,0,0,0,0,-7.5,0,0,0,0,-0.00229183,0,0,0,0,0,0,0,0,0,1,78,59,0,0.00034,0.00034,3,5,0,0,0,0,0,0,0,0,0,0,1,0,0,0,0,0,0,0,0,0,0,,0,0,0,0,
6,5.6,0,-34.55,35,0,0,0,-4.2,0,0,0,0,-5,0,0,0,0,-0.00229183,0,0,0,0,0,0,0,0,0,1,80,59,0,0.00034,0.00034,3,5,0,0,0,0,0,0,0,0,0,0,1,0,0,0,0,0,0,0,0,0,0,,0,0,0,0,
7,5.6,0,-24.2,35,0,0,0,-6.1,0,0,0,0,-10,0,0,0,0,-0.00229183,0,0,0,0,0,0,0,0,0,1,80,59,0,0.00034,0.00034,3,5,0,0,0,0,0,0,0,0,0,0,1,0,0,0,0,0,0,0,0,0,0,,0,0,0,0,
8,6.36,0,71.6,25.5,0,0,0,-15,0,0,0,0,18.5,0,0,0,0,-0.00229183,0,0,0,0,0,0,0,0,0,1,71,59,0,0.00034,0.00034,2,-1,0,0,0,0,0,0,0,0,0,0,1,0,0,0,0,0,0,0,0,0,0,,0,0,0,0,
9,6.83,0,-36.15,25.5,0,0,0,-0.55,0,0,0,0,-11,0,0,0,0,-0.00229183,0,0,0,0,0,0,0,0,0,1,71,59,0,0.00034,0.00034,3,5,0,0,0,0,0,0,0,0,0,0,1,0,0,0,0,0,0,0,0,0,0,,0,0,0,0,
10,7.59,0,32.7,43.5,0,0,0,7,0,0,0,0,8,0,0,0,0,-0.00229183,0,0,0,0,0,0,0,0,0,1,90,59,0,0.00034,0.00034,3,5,0,0,0,0,0,0,0,0,0,0,1,0,0,0,0,0,0,0,0,0,0,,0,0,0,0,
11,8.51,0,45.35,31.5,0,0,0,5.9,0,0,0,0,7,0,0,0,0,-0.00229183,0,0,0,0,0,0,0,0,0,1,78,59,0,0.00034,0.00034,3,5,0,0,0,0,0,0,0,0,0,0,1,0,0,0,0,0,0,0,0,0,0,,0,0,0,0,
12,8.94,0,-32.9,26.5,0,0,0,-1.7,0,0,0,0,-10,0,0,0,0,-0.00229183,0,0,0,0,0,0,0,0,0,1,73,59,0,0.00034,0.00034,3,5,0,0,0,0,0,0,0,0,0,0,1,0,0,0,0,0,0,0,0,0,0,,0,0,0,0,
13,9.41,0,-29.3,24.5,0,0,0,-3.25,0,0,0,0,-13.5,0,0,0,0,-0.00229183,0,0,0,0,0,0,0,0,0,1,71,59,0,0.00034,0.00034,3,5,0,0,0,0,0,0,0,0,0,0,1,0,0,0,0,0,0,0,0,0,0,,0,0,0,0,
14,12.16,0,-12.95,27,0,0,0,12.15,0,0,0,0,-15.5,0,0,0,0,-0.00229183,0,0,0,0,0,0,0,0,0,1,74,59,0,0.00034,0.00034,3,5,0,0,0,0,0,0,0,0,0,0,1,0,0,0,0,0,0,0,0,0,0,,0,0,0,0,
15,12.99,0,-23.3,20.5,0,0,0,-1.8,0,0,0,0,-18,0,0,0,0,-0.00229183,0,0,0,0,0,0,0,0,0,1,67,59,0,0.00034,0.00034,3,5,0,0,0,0,0,0,0,0,0,0,1,0,0,0,0,0,0,0,0,0,0,,0,0,0,0,
END,Total:16
START,FrameNb:78,CameraNb:0,HeSaiNb:0,ARS410Nb:0
2026/08/02 16:19:40:147---->
heightOffset:0,1785658780147,1069696,selfCaliBufCnt:0,selfAccObjCnt:0,selfAccAngle:0,installHAngleOffset:0,Interpolation:0,installVAngleOffset:0,radarOffsetH:0,radarOffsetV:0.32,Polynom:-0.001023;-0.0511;-2.047;0;0;0;-0.001023;-0.0511;-2.047;-25.5;0;0,WheelDirection:0;0;0;0,selfAngleOffset:0,selfAngleOffsetPit:0,currCaliAngleHrz:0,currCaliAnglePit:0,selfCaliAngleHrz:0,selfCaliAnglePit:0,servCaliAngleHrz:0,servCaliAnglePit:0,offlineCaliAngleHrz:0,offlineCaliAnglePit:0,determine2useFlag:0,IMU_Z_Accel:-21.592,IMU_X_AngularRate:-2.093,IMU_Y_AngularRate:-2.093,IMU_RollAngle:-180,IMU_PitchAngle:-180,IMU_YawAngle:-180,FcwID:0,FCWWarningLevel:0,FCWTTC:0
0,2.35,0,51,29,0,0,0,-10.2,1.37605e-33,0,0,0,5.5,0,0,0,0,-0.00229183,0,0,0,0,0,0,0,0,0,1,78,55,0,0.00034,0.00034,2,-1,0,0,0,0,0,0,0,0,0,0,1,0,1,0,0,0,0,0,0,0,0,,0,0,0,0,
1,2.79,0,-33.8,45,0,0,0,1.2,0,0,0,0,7,0,0,0,0,-0.00229183,0,0,0,0,0,0,0,0,0,1,94,55,0,0.00034,0.00034,3,5,0,0,0,0,0,0,0,0,0,0,1,0,1,0,0,0,0,0,0,0,0,,0,0,0,0,
2,3.26,0,13.8,37.5,0,0,0,1.3,0,0,0,0,-8,0,0,0,0,-0.00229183,0,0,0,0,0,0,0,0,0,1,86,55,0,0.00034,0.00034,3,0,0,0,0,0,0,0,0,0,0,0,1,0,1,0,0,0,0,0,0,0,0,,0,0,0,0,
3,3.58,0,-50.2,32.5,0,0,0,-6.05,0,0,0,0,8,0,0,0,0,-0.00229183,0,0,0,0,0,0,0,0,0,1,81,55,0,0.00034,0.00034,3,5,0,0,0,0,0,0,0,0,0,0,1,0,1,0,0,0,0,0,0,0,0,,0,0,0,0,
4,4.07,0,1.9,38.5,0,0,0,2.95,0,0,0,0,-9,0,0,0,0,-0.00229183,0,0,0,0,0,0,0,0,0,1,87,55,0,0.00034,0.00034,3,5,0,0,0,0,0,0,0,0,0,0,1,0,1,0,0,0,0,0,0,0,0,,0,0,0,0,
5,5.09,0,-36.05,32.5,0,0,0,-1.3,0,0,0,0,-6.5,0,0,0,0,-0.00229183,0,0,0,0,0,0,0,0,0,1,78,55,0,0.00034,0.00034,3,0,0,0,0,0,0,0,0,0,0,0,1,0,1,0,0,0,0,0,0,0,0,,0,0,0,0,
6,5.61,0,-34.45,35,0,0,0,-4.05,0,0,0,0,-5,0,0,0,0,-0.00229183,0,0,0,0,0,0,0,0,0,1,80,55,0,0.00034,0.00034,3,5,0,0,0,0,0,0,0,0,0,0,1,0,1,0,0,0,0,0,0,0,0,,0,0,0,0,
7,5.61,0,-24.2,35,0,0,0,-6,0,0,0,0,-10,0,0,0,0,-0.00229183,0,0,0,0,0,0,0,0,0,1,80,55,0,0.00034,0.00034,3,5,0,0,0,0,0,0,0,0,0,0,1,0,1,0,0,0,0,0,0,0,0,,0,0,0,0,
8,6.42,0,34.3,25.5,0,0,0,-10.45,0,0,0,0,-10.5,0,0,0,0,-0.00229183,0,0,0,0,0,0,0,0,0,1,71,55,0,0.00034,0.00034,3,5,0,0,0,0,0,0,0,0,0,0,1,0,1,0,0,0,0,0,0,0,0,,0,0,0,0,
9,6.83,0,49.4,26,0,0,0,-9.3,0,0,0,0,1.5,0,0,0,0,-0.00229183,0,0,0,0,0,0,0,0,0,1,72,55,0,0.00034,0.00034,3,5,0,0,0,0,0,0,0,0,0,0,1,0,1,0,0,0,0,0,0,0,0,,0,0,0,0,
10,7.58,0,32.65,43.5,0,0,0,7.25,0,0,0,0,8,0,0,0,0,-0.00229183,0,0,0,0,0,0,0,0,0,1,90,55,0,0.00034,0.00034,3,5,0,0,0,0,0,0,0,0,0,0,1,0,1,0,0,0,0,0,0,0,0,,0,0,0,0,
11,8.27,0,-24.65,29,0,0,0,10.9,0,0,0,0,-12,0,0,0,0,-0.00229183,0,0,0,0,0,0,0,0,0,1,75,55,0,0.00034,0.00034,3,5,0,0,0,0,0,0,0,0,0,0,1,0,1,0,0,0,0,0,0,0,0,,0,0,0,0,
12,8.52,0,45.35,32,0,0,0,5.75,0,0,0,0,7,0,0,0,0,-0.00229183,0,0,0,0,0,0,0,0,0,1,78,55,0,0.00034,0.00034,3,5,0,0,0,0,0,0,0,0,0,0,1,0,1,0,0,0,0,0,0,0,0,,0,0,0,0,
13,8.93,0,-32.9,26.5,0,0,0,-1.45,0,0,0,0,-10,0,0,0,0,-0.00229183,0,0,0,0,0,0,0,0,0,1,73,55,0,0.00034,0.00034,3,5,0,0,0,0,0,0,0,0,0,0,1,0,1,0,0,0,0,0,0,0,0,,0,0,0,0,
14,9.41,0,-29.15,24.5,0,0,0,-3.55,0,0,0,0,-13.5,0,0,0,0,-0.00229183,0,0,0,0,0,0,0,0,0,1,71,55,0,0.00034,0.00034,3,5,0,0,0,0,0,0,0,0,0,0,1,0,1,0,0,0,0,0,0,0,0,,0,0,0,0,
15,12.16,0,-12.8,27,0,0,0,12.15,0,0,0,0,-15.5,0,0,0,0,-0.00229183,0,0,0,0,0,0,0,0,0,1,74,55,0,0.00034,0.00034,3,5,0,0,0,0,0,0,0,0,0,0,1,0,1,0,0,0,0,0,0,0,0,,0,0,0,0,
16,12.99,0,-23.1,20.5,0,0,0,-1.95,0,0,0,0,-18.5,0,0,0,0,-0.00229183,0,0,0,0,0,0,0,0,0,1,67,55,0,0.00034,0.00034,3,5,0,0,0,0,0,0,0,0,0,0,1,0,1,0,0,0,0,0,0,0,0,,0,0,0,0,
END,Total:17
START,FrameNb:79,CameraNb:0,HeSaiNb:0,ARS410Nb:0
2026/08/02 16:19:40:193---->
heightOffset:0,1785658780193,1069752,selfCaliBufCnt:0,selfAccObjCnt:0,selfAccAngle:0,installHAngleOffset:0,Interpolation:0,installVAngleOffset:0,radarOffsetH:0,radarOffsetV:0.32,Polynom:-0.001023;-0.0511;-2.047;0;0;0;-0.001023;-0.0511;-2.047;-25.5;0;0,WheelDirection:0;0;0;0,selfAngleOffset:0,selfAngleOffsetPit:0,currCaliAngleHrz:0,currCaliAnglePit:0,selfCaliAngleHrz:0,selfCaliAnglePit:0,servCaliAngleHrz:0,servCaliAnglePit:0,offlineCaliAngleHrz:0,offlineCaliAnglePit:0,determine2useFlag:0,IMU_Z_Accel:-21.592,IMU_X_AngularRate:-2.093,IMU_Y_AngularRate:-2.093,IMU_RollAngle:-180,IMU_PitchAngle:-180,IMU_YawAngle:-180,FcwID:0,FCWWarningLevel:0,FCWTTC:0
0,1.94,0,-39.7,19,0,0,0,-0.95,1.37605e-33,0,0,0,-16,0,0,0,0,-0.00229183,0,0,0,0,0,0,0,0,0,1,68,59,0,0.00034,0.00034,3,5,0,0,0,0,0,0,0,0,0,0,1,0,0,0,0,0,0,0,0,0,0,,0,0,0,0,
1,2.35,0,50.6,29,0,0,0,-10.1,0,0,0,0,4.5,0,0,0,0,-0.00229183,0,0,0,0,0,0,0,0,0,1,78,59,0,0.00034,0.00034,3,5,0,0,0,0,0,0,0,0,0,0,1,0,0,0,0,0,0,0,0,0,0,,0,0,0,0,
2,2.79,0,-33.8,45,0,0,0,1.2,0,0,0,0,7,0,0,0,0,-0.00229183,0,0,0,0,0,0,0,0,0,1,94,59,0,0.00034,0.00034,3,5,0,0,0,0,0,0,0,0,0,0,1,0,0,0,0,0,0,0,0,0,0,,0,0,0,0,
3,3.27,0,13.8,37.5,0,0,0,1.4,0,0,0,0,-8,0,0,0,0,-0.00229183,0,0,0,0,0,0,0,0,0,1,86,59,0,0.00034,0.00034,3,0,0,0,0,0,0,0,0,0,0,0,1,0,0,0,0,0,0,0,0,0,0,,0,0,0,0,
4,3.58,0,-50.3,32.5,0,0,0,-5.8,0,0,0,0,8,0,0,0,0,-0.00229183,0,0,0,0,0,0,0,0,0,1,81,59,0,0.00034,0.00034,3,7,0,0,0,0,0,0,0,0,0,0,1,0,0,0,0,0,0,0,0,0,0,,0,0,0,0,
5,4.07,0,1.9,38.5,0,0,0,2.95,0,0,0,0,-9,0,0,0,0,-0.00229183,0,0,0,0,0,0,0,0,0,1,87,59,0,0.00034,0.00034,3,5,0,0,0,0,0,0,0,0,0,0,1,0,0,0,0,0,0,0,0,0,0,,0,0,0,0,
6,5.11,0,-35.7,32,0,0,0,-1.35,0,0,0,0,-7.5,0,0,0,0,-0.00229183,0,0,0,0,0,0,0,0,0,1,78,59,0,0.00034,0.00034,3,5,0,0,0,0,0,0,0,0,0,0,1,0,0,0,0,0,0,0,0,0,0,,0,0,0,0,
7,5.6,0,-34.5,35,0,0,0,-4.2,0,0,0,0,-5,0,0,0,0,-0.00229183,0,0,0,0,0,0,0,0,0,1,80,59,0,0.00034,0.00034,3,5,0,0,0,0,0,0,0,0,0,0,1,0,0,0,0,0,0,0,0,0,0,,0,0,0,0,
8,5.6,0,-24.2,35,0,0,0,-6.2,0,0,0,0,-10,0,0,0,0,-0.00229183,0,0,0,0,0,0,0,0,0,1,80,59,0,0.00034,0.00034,3,5,0,0,0,0,0,0,0,0,0,0,1,0,0,0,0,0,0,0,0,0,0,,0,0,0,0,
9,6.41,0,70,25.5,0,0,0,-10.2,0,0,0,0,17,0,0,0,0,-0.00229183,0,0,0,0,0,0,0,0,0,1,71,59,0,0.00034,0.00034,3,5,0,0,0,0,0,0,0,0,0,0,1,0,0,0,0,0,0,0,0,0,0,,0,0,0,0,
10,6.83,0,49.7,26,0,0,0,4.25,0,0,0,0,1.5,0,0,0,0,-0.00229183,0,0,0,0,0,0,0,0,0,1,72,59,0,0.00034,0.00034,3,5,0,0,0,0,0,0,0,0,0,0,1,0,0,0,0,0,0,0,0,0,0,,0,0,0,0,
11,7.58,0,32.55,43.5,0,0,0,7.2,0,0,0,0,8,0,0,0,0,-0.00229183,0,0,0,0,0,0,0,0,0,1,90,59,0,0.00034,0.00034,3,5,0,0,0,0,0,0,0,0,0,0,1,0,0,0,0,0,0,0,0,0,0,,0,0,0,0,
12,8.25,0,-24.8,29,0,0,0,10.65,0,0,0,0,-12,0,0,0,0,-0.00229183,0,0,0,0,0,0,0,0,0,1,75,59,0,0.00034,0.00034,3,5,0,0,0,0,0,0,0,0,0,0,1,0,0,0,0,0,0,0,0,0,0,,0,0,0,0,
13,8.51,0,45.4,31.5,0,0,0,5.7,0,0,0,0,7,0,0,0,0,-0.00229183,0,0,0,0,0,0,0,0,0,1,78,59,0,0.00034,0.00034,3,5,0,0,0,0,0,0,0,0,0,0,1,0,0,0,0,0,0,0,0,0,0,,0,0,0,0,
14,8.94,0,-32.85,26.5,0,0,0,-1.55,0,0,0,0,-10,0,0,0,0,-0.00229183,0,0,0,0,0,0,0,0,0,1,73,59,0,0.00034,0.00034,3,5,0,0,0,0,0,0,0,0,0,0,1,0,0,0,0,0,0,0,0,0,0,,0,0,0,0,
15,9.41,0,-29.2,24,0,0,0,-3.45,0,0,0,0,-13.5,0,0,0,0,-0.00229183,0,0,0,0,0,0,0,0,0,1,71,59,0,0.00034,0.00034,3,5,0,0,0,0,0,0,0,0,0,0,1,0,0,0,0,0,0,0,0,0,0,,0,0,0,0,
16,12.16,0,-12.9,27,0,0,0,12.25,0,0,0,0,-15.5,0,0,0,0,-0.00229183,0,0,0,0,0,0,0,0,0,1,74,59,0,0.00034,0.00034,3,5,0,0,0,0,0,0,0,0,0,0,1,0,0,0,0,0,0,0,0,0,0,,0,0,0,0,
17,12.99,0,-23.35,20.5,0,0,0,-1.8,0,0,0,0,-18,0,0,0,0,-0.00229183,0,0,0,0,0,0,0,0,0,1,67,59,0,0.00034,0.00034,3,5,0,0,0,0,0,0,0,0,0,0,1,0,0,0,0,0,0,0,0,0,0,,0,0,0,0,
END,Total:18
START,FrameNb:80,CameraNb:0,HeSaiNb:0,ARS410Nb:0
2026/08/02 16:19:40:251---->
heightOffset:0,1785658780251,1069808,selfCaliBufCnt:0,selfAccObjCnt:0,selfAccAngle:0,installHAngleOffset:0,Interpolation:0,installVAngleOffset:0,radarOffsetH:0,radarOffsetV:0.32,Polynom:-0.001023;-0.0511;-2.047;0;0;0;-0.001023;-0.0511;-2.047;-25.5;0;0,WheelDirection:0;0;0;0,selfAngleOffset:0,selfAngleOffsetPit:0,currCaliAngleHrz:0,currCaliAnglePit:0,selfCaliAngleHrz:0,selfCaliAnglePit:0,servCaliAngleHrz:0,servCaliAnglePit:0,offlineCaliAngleHrz:0,offlineCaliAnglePit:0,determine2useFlag:0,IMU_Z_Accel:-21.592,IMU_X_AngularRate:-2.093,IMU_Y_AngularRate:-2.093,IMU_RollAngle:-180,IMU_PitchAngle:-180,IMU_YawAngle:-180,FcwID:0,FCWWarningLevel:0,FCWTTC:0
0,2.35,0,51.1,29,0,0,0,-10.2,1.37605e-33,0,0,0,5.5,0,0,0,0,-0.00229183,0,0,0,0,0,0,0,0,0,1,78,55,0,0.00034,0.00034,3,5,0,0,0,0,0,0,0,0,0,0,1,0,1,0,0,0,0,0,0,0,0,,0,0,0,0,
1,2.79,0,-33.8,45,0,0,0,1.2,0,0,0,0,7,0,0,0,0,-0.00229183,0,0,0,0,0,0,0,0,0,1,94,55,0,0.00034,0.00034,3,5,0,0,0,0,0,0,0,0,0,0,1,0,1,0,0,0,0,0,0,0,0,,0,0,0,0,
2,3.25,0,13.8,37.5,0,0,0,1.3,0,0,0,0,-8,0,0,0,0,-0.00229183,0,0,0,0,0,0,0,0,0,1,86,55,0,0.00034,0.00034,3,0,0,0,0,0,0,0,0,0,0,0,1,0,1,0,0,0,0,0,0,0,0,,0,0,0,0,
3,3.58,0,-50.3,32.5,0,0,0,-6,0,0,0,0,7.5,0,0,0,0,-0.00229183,0,0,0,0,0,0,0,0,0,1,80,55,0,0.00034,0.00034,3,5,0,0,0,0,0,0,0,0,0,0,1,0,1,0,0,0,0,0,0,0,0,,0,0,0,0,
4,4.07,0,1.9,38.5,0,0,0,2.95,0,0,0,0,-9,0,0,0,0,-0.00229183,0,0,0,0,0,0,0,0,0,1,87,55,0,0.00034,0.00034,3,5,0,0,0,0,0,0,0,0,0,0,1,0,1,0,0,0,0,0,0,0,0,,0,0,0,0,
5,5.12,0,-36,32.5,0,0,0,-1.25,0,0,0,0,-6.5,0,0,0,0,-0.00229183,0,0,0,0,0,0,0,0,0,1,78,55,0,0.00034,0.00034,3,0,0,0,0,0,0,0,0,0,0,0,1,0,1,0,0,0,0,0,0,0,0,,0,0,0,0,
6,5.61,0,-34.45,35,0,0,0,-3.8,0,0,0,0,-5,0,0,0,0,-0.00229183,0,0,0,0,0,0,0,0,0,1,80,55,0,0.00034,0.00034,3,5,0,0,0,0,0,0,0,0,0,0,1,0,1,0,0,0,0,0,0,0,0,,0,0,0,0,
7,5.61,0,-24.3,35,0,0,0,-5.7,0,0,0,0,-10,0,0,0,0,-0.00229183,0,0,0,0,0,0,0,0,0,1,80,55,0,0.00034,0.00034,3,5,0,0,0,0,0,0,0,0,0,0,1,0,1,0,0,0,0,0,0,0,0,,0,0,0,0,
8,6.39,0,34.05,25.5,0,0,0,-8.6,0,0,0,0,-11,0,0,0,0,-0.00229183,0,0,0,0,0,0,0,0,0,1,71,55,0,0.00034,0.00034,3,5,0,0,0,0,0,0,0,0,0,0,1,0,1,0,0,0,0,0,0,0,0,,0,0,0,0,
9,7.58,0,32.45,43.5,0,0,0,7.15,0,0,0,0,8,0,0,0,0,-0.00229183,0,0,0,0,0,0,0,0,0,1,90,55,0,0.00034,0.00034,3,0,0,0,0,0,0,0,0,0,0,0,1,0,1,0,0,0,0,0,0,0,0,,0,0,0,0,
10,8.07,0,-24.65,28.5,0,0,0,10.45,0,0,0,0,-12.5,0,0,0,0,-0.00229183,0,0,0,0,0,0,0,0,0,1,75,55,0,0.00034,0.00034,3,5,0,0,0,0,0,0,0,0,0,0,1,0,1,0,0,0,0,0,0,0,0,,0,0,0,0,
11,8.52,0,45.3,31.5,0,0,0,5.55,0,0,0,0,7,0,0,0,0,-0.00229183,0,0,0,0,0,0,0,0,0,1,78,55,0,0.00034,0.00034,3,5,0,0,0,0,0,0,0,0,0,0,1,0,1,0,0,0,0,0,0,0,0,,0,0,0,0,
12,8.92,0,-32.95,26,0,0,0,-1.55,0,0,0,0,-10,0,0,0,0,-0.00229183,0,0,0,0,0,0,0,0,0,1,73,55,0,0.00034,0.00034,3,5,0,0,0,0,0,0,0,0,0,0,1,0,1,0,0,0,0,0,0,0,0,,0,0,0,0,
13,9.41,0,-29.2,24.5,0,0,0,-3.45,0,0,0,0,-13.5,0,0,0,0,-0.00229183,0,0,0,0,0,0,0,0,0,1,71,55,0,0.00034,0.00034,3,5,0,0,0,0,0,0,0,0,0,0,1,0,1,0,0,0,0,0,0,0,0,,0,0,0,0,
14,12.16,0,-12.8,27,0,0,0,12.25,0,0,0,0,-15.5,0,0,0,0,-0.00229183,0,0,0,0,0,0,0,0,0,1,74,55,0,0.00034,0.00034,3,5,0,0,0,0,0,0,0,0,0,0,1,0,1,0,0,0,0,0,0,0,0,,0,0,0,0,
15,12.98,0,-23.05,21,0,0,0,-1.7,0,0,0,0,-18,0,0,0,0,-0.00229183,0,0,0,0,0,0,0,0,0,1,67,55,0,0.00034,0.00034,3,5,0,0,0,0,0,0,0,0,0,0,1,0,1,0,0,0,0,0,0,0,0,,0,0,0,0,
END,Total:16
START,FrameNb:81,CameraNb:0,HeSaiNb:0,ARS410Nb:0
2026/08/02 16:19:40:313---->
heightOffset:0,1785658780313,1069868,selfCaliBufCnt:0,selfAccObjCnt:0,selfAccAngle:0,installHAngleOffset:0,Interpolation:0,installVAngleOffset:0,radarOffsetH:0,radarOffsetV:0.32,Polynom:-0.001023;-0.0511;-2.047;0;0;0;-0.001023;-0.0511;-2.047;-25.5;0;0,WheelDirection:0;0;0;0,selfAngleOffset:0,selfAngleOffsetPit:0,currCaliAngleHrz:0,currCaliAnglePit:0,selfCaliAngleHrz:0,selfCaliAnglePit:0,servCaliAngleHrz:0,servCaliAnglePit:0,offlineCaliAngleHrz:0,offlineCaliAnglePit:0,determine2useFlag:0,IMU_Z_Accel:-21.592,IMU_X_AngularRate:-2.093,IMU_Y_AngularRate:-2.093,IMU_RollAngle:-180,IMU_PitchAngle:-180,IMU_YawAngle:-180,FcwID:0,FCWWarningLevel:0,FCWTTC:0
0,2.35,0,50.6,29.5,0,0,0,-10.05,1.37605e-33,0,0,0,4.5,0,0,0,0,-0.00229183,0,0,0,0,0,0,0,0,0,1,78,61,0,0.00034,0.00034,3,5,0,0,0,0,0,0,0,0,0,0,1,0,0,0,0,0,0,0,0,0,0,,0,0,0,0,
1,2.79,0,-33.8,45,0,0,0,1.2,0,0,0,0,7,0,0,0,0,-0.00229183,0,0,0,0,0,0,0,0,0,1,94,61,0,0.00034,0.00034,3,5,0,0,0,0,0,0,0,0,0,0,1,0,0,0,0,0,0,0,0,0,0,,0,0,0,0,
2,3.27,0,13.8,37.5,0,0,0,1.4,0,0,0,0,-8,0,0,0,0,-0.00229183,0,0,0,0,0,0,0,0,0,1,86,61,0,0.00034,0.00034,3,0,0,0,0,0,0,0,0,0,0,0,1,0,0,0,0,0,0,0,0,0,0,,0,0,0,0,
3,3.58,0,-3.55,32.5,0,0,0,-8.55,0,0,0,0,-16,0,0,0,0,-0.00229183,0,0,0,0,0,0,0,0,0,1,81,61,0,0.00034,0.00034,3,7,0,0,0,0,0,0,0,0,0,0,1,0,0,0,0,0,0,0,0,0,0,,0,0,0,0,
4,4.07,0,1.9,39,0,0,0,2.95,0,0,0,0,-9,0,0,0,0,-0.00229183,0,0,0,0,0,0,0,0,0,1,87,61,0,0.00034,0.00034,3,5,0,0,0,0,0,0,0,0,0,0,1,0,0,0,0,0,0,0,0,0,0,,0,0,0,0,
5,5.12,0,-35.8,32.5,0,0,0,-1.45,0,0,0,0,-7.5,0,0,0,0,-0.00229183,0,0,0,0,0,0,0,0,0,1,78,61,0,0.00034,0.00034,3,5,0,0,0,0,0,0,0,0,0,0,1,0,0,0,0,0,0,0,0,0,0,,0,0,0,0,
6,5.6,0,-34.5,35,0,0,0,-4.3,0,0,0,0,-5,0,0,0,0,-0.00229183,0,0,0,0,0,0,0,0,0,1,80,61,0,0.00034,0.00034,3,5,0,0,0,0,0,0,0,0,0,0,1,0,0,0,0,0,0,0,0,0,0,,0,0,0,0,
7,5.6,0,-24.2,35,0,0,0,-6.1,0,0,0,0,-10,0,0,0,0,-0.00229183,0,0,0,0,0,0,0,0,0,1,80,61,0,0.00034,0.00034,3,5,0,0,0,0,0,0,0,0,0,0,1,0,0,0,0,0,0,0,0,0,0,,0,0,0,0,
8,6.4,0,70.1,25,0,0,0,-10.3,0,0,0,0,16.5,0,0,0,0,-0.00229183,0,0,0,0,0,0,0,0,0,1,70,61,0,0.00034,0.00034,2,-1,0,0,0,0,0,0,0,0,0,0,1,0,0,0,0,0,0,0,0,0,0,,0,0,0,0,
9,6.84,0,-19.9,26,0,0,0,-1.85,0,0,0,0,-20,0,0,0,0,-0.00229183,0,0,0,0,0,0,0,0,0,1,71,61,0,0.00034,0.00034,3,5,0,0,0,0,0,0,0,0,0,0,1,0,0,0,0,0,0,0,0,0,0,,0,0,0,0,
10,7.58,0,32.45,43.5,0,0,0,6.95,0,0,0,0,8,0,0,0,0,-0.00229183,0,0,0,0,0,0,0,0,0,1,89,61,0,0.00034,0.00034,3,5,0,0,0,0,0,0,0,0,0,0,1,0,0,0,0,0,0,0,0,0,0,,0,0,0,0,
11,8.51,0,45.35,31.5,0,0,0,5.65,0,0,0,0,7,0,0,0,0,-0.00229183,0,0,0,0,0,0,0,0,0,1,78,61,0,0.00034,0.00034,3,5,0,0,0,0,0,0,0,0,0,0,1,0,0,0,0,0,0,0,0,0,0,,0,0,0,0,
12,8.93,0,-32.95,26.5,0,0,0,-1.35,0,0,0,0,-9.5,0,0,0,0,-0.00229183,0,0,0,0,0,0,0,0,0,1,73,61,0,0.00034,0.00034,3,5,0,0,0,0,0,0,0,0,0,0,1,0,0,0,0,0,0,0,0,0,0,,0,0,0,0,
13,9.41,0,-29.2,24.5,0,0,0,-3.35,0,0,0,0,-13.5,0,0,0,0,-0.00229183,0,0,0,0,0,0,0,0,0,1,71,61,0,0.00034,0.00034,3,5,0,0,0,0,0,0,0,0,0,0,1,0,0,0,0,0,0,0,0,0,0,,0,0,0,0,
14,12.16,0,-12.95,27,0,0,0,12.25,0,0,0,0,-15.5,0,0,0,0,-0.00229183,0,0,0,0,0,0,0,0,0,1,74,61,0,0.00034,0.00034,3,5,0,0,0,0,0,0,0,0,0,0,1,0,0,0,0,0,0,0,0,0,0,,0,0,0,0,
15,12.99,0,-23.3,20.5,0,0,0,-1.85,0,0,0,0,-18,0,0,0,0,-0.00229183,0,0,0,0,0,0,0,0,0,1,67,61,0,0.00034,0.00034,3,5,0,0,0,0,0,0,0,0,0,0,1,0,0,0,0,0,0,0,0,0,0,,0,0,0,0,
END,Total:16
START,FrameNb:82,CameraNb:0,HeSaiNb:0,ARS410Nb:0
2026/08/02 16:19:40:345---->
heightOffset:0,1785658780345,1069932,selfCaliBufCnt:0,selfAccObjCnt:0,selfAccAngle:0,installHAngleOffset:0,Interpolation:0,installVAngleOffset:0,radarOffsetH:0,radarOffsetV:0.32,Polynom:-0.001023;-0.0511;-2.047;0;0;0;-0.001023;-0.0511;-2.047;-25.5;0;0,WheelDirection:0;0;0;0,selfAngleOffset:0,selfAngleOffsetPit:0,currCaliAngleHrz:0,currCaliAnglePit:0,selfCaliAngleHrz:0,selfCaliAnglePit:0,servCaliAngleHrz:0,servCaliAnglePit:0,offlineCaliAngleHrz:0,offlineCaliAnglePit:0,determine2useFlag:0,IMU_Z_Accel:-21.592,IMU_X_AngularRate:-2.093,IMU_Y_AngularRate:-2.093,IMU_RollAngle:-180,IMU_PitchAngle:-180,IMU_YawAngle:-180,FcwID:0,FCWWarningLevel:0,FCWTTC:0
0,2.35,0,51.15,29.5,0,0,0,-10.25,1.37605e-33,0,0,0,5.5,0,0,0,0,-0.00229183,0,0,0,0,0,0,0,0,0,1,78,61,0,0.00034,0.00034,3,5,0,0,0,0,0,0,0,0,0,0,1,0,1,0,0,0,0,0,0,0,0,,0,0,0,0,
1,2.79,0,-33.8,45.5,0,0,0,1.2,0,0,0,0,7,0,0,0,0,-0.00229183,0,0,0,0,0,0,0,0,0,1,94,61,0,0.00034,0.00034,3,5,0,0,0,0,0,0,0,0,0,0,1,0,1,0,0,0,0,0,0,0,0,,0,0,0,0,
2,3.26,0,13.8,37.5,0,0,0,1.3,0,0,0,0,-8,0,0,0,0,-0.00229183,0,0,0,0,0,0,0,0,0,1,86,61,0,0.00034,0.00034,3,0,0,0,0,0,0,0,0,0,0,0,1,0,1,0,0,0,0,0,0,0,0,,0,0,0,0,
3,3.58,0,-50.15,32.5,0,0,0,-5.95,0,0,0,0,7.5,0,0,0,0,-0.00229183,0,0,0,0,0,0,0,0,0,1,80,61,0,0.00034,0.00034,3,7,0,0,0,0,0,0,0,0,0,0,1,0,1,0,0,0,0,0,0,0,0,,0,0,0,0,
4,4.07,0,1.9,39,0,0,0,2.95,0,0,0,0,-9,0,0,0,0,-0.00229183,0,0,0,0,0,0,0,0,0,1,87,61,0,0.00034,0.00034,3,5,0,0,0,0,0,0,0,0,0,0,1,0,1,0,0,0,0,0,0,0,0,,0,0,0,0,
5,5.12,0,-35.95,32.5,0,0,0,-1.3,0,0,0,0,-7.5,0,0,0,0,-0.00229183,0,0,0,0,0,0,0,0,0,1,78,61,0,0.00034,0.00034,3,0,0,0,0,0,0,0,0,0,0,0,1,0,1,0,0,0,0,0,0,0,0,,0,0,0,0,
6,5.61,0,-34.55,35,0,0,0,-3.8,0,0,0,0,-4.5,0,0,0,0,-0.00229183,0,0,0,0,0,0,0,0,0,1,80,61,0,0.00034,0.00034,3,5,0,0,0,0,0,0,0,0,0,0,1,0,1,0,0,0,0,0,0,0,0,,0,0,0,0,
7,5.61,0,-24.3,35,0,0,0,-5.7,0,0,0,0,-9.5,0,0,0,0,-0.00229183,0,0,0,0,0,0,0,0,0,1,80,61,0,0.00034,0.00034,3,5,0,0,0,0,0,0,0,0,0,0,1,0,1,0,0,0,0,0,0,0,0,,0,0,0,0,
8,6.36,0,34,25.5,0,0,0,-8.95,0,0,0,0,-11,0,0,0,0,-0.00229183,0,0,0,0,0,0,0,0,0,1,71,61,0,0.00034,0.00034,3,5,0,0,0,0,0,0,0,0,0,0,1,0,1,0,0,0,0,0,0,0,0,,0,0,0,0,
9,7.59,0,32.35,43,0,0,0,6.8,0,0,0,0,7.5,0,0,0,0,-0.00229183,0,0,0,0,0,0,0,0,0,1,89,61,0,0.00034,0.00034,3,5,0,0,0,0,0,0,0,0,0,0,1,0,1,0,0,0,0,0,0,0,0,,0,0,0,0,
10,8.27,0,-24.6,28.5,0,0,0,10.55,0,0,0,0,-12,0,0,0,0,-0.00229183,0,0,0,0,0,0,0,0,0,1,75,61,0,0.00034,0.00034,3,5,0,0,0,0,0,0,0,0,0,0,1,0,1,0,0,0,0,0,0,0,0,,0,0,0,0,
11,8.52,0,45.35,31,0,0,0,5.7,0,0,0,0,7,0,0,0,0,-0.00229183,0,0,0,0,0,0,0,0,0,1,78,61,0,0.00034,0.00034,3,5,0,0,0,0,0,0,0,0,0,0,1,0,1,0,0,0,0,0,0,0,0,,0,0,0,0,
12,8.93,0,-32.85,26.5,0,0,0,-1.45,0,0,0,0,-9.5,0,0,0,0,-0.00229183,0,0,0,0,0,0,0,0,0,1,73,61,0,0.00034,0.00034,3,5,0,0,0,0,0,0,0,0,0,0,1,0,1,0,0,0,0,0,0,0,0,,0,0,0,0,
13,9.4,0,-29.3,24,0,0,0,-3.2,0,0,0,0,-13.5,0,0,0,0,-0.00229183,0,0,0,0,0,0,0,0,0,1,71,61,0,0.00034,0.00034,3,5,0,0,0,0,0,0,0,0,0,0,1,0,1,0,0,0,0,0,0,0,0,,0,0,0,0,
14,12.16,0,-12.85,27,0,0,0,12.25,0,0,0,0,-15.5,0,0,0,0,-0.00229183,0,0,0,0,0,0,0,0,0,1,74,61,0,0.00034,0.00034,3,5,0,0,0,0,0,0,0,0,0,0,1,0,1,0,0,0,0,0,0,0,0,,0,0,0,0,
15,13,0,-23.05,20.5,0,0,0,-1.8,0,0,0,0,-18,0,0,0,0,-0.00229183,0,0,0,0,0,0,0,0,0,1,67,61,0,0.00034,0.00034,3,5,0,0,0,0,0,0,0,0,0,0,1,0,1,0,0,0,0,0,0,0,0,,0,0,0,0,
END,Total:16
START,FrameNb:83,CameraNb:0,HeSaiNb:0,ARS410Nb:0
2026/08/02 16:19:40:396---->
heightOffset:0,1785658780396,1069988,selfCaliBufCnt:0,selfAccObjCnt:0,selfAccAngle:0,installHAngleOffset:0,Interpolation:0,installVAngleOffset:0,radarOffsetH:0,radarOffsetV:0.32,Polynom:-0.001023;-0.0511;-2.047;0;0;0;-0.001023;-0.0511;-2.047;-25.5;0;0,WheelDirection:0;0;0;0,selfAngleOffset:0,selfAngleOffsetPit:0,currCaliAngleHrz:0,currCaliAnglePit:0,selfCaliAngleHrz:0,selfCaliAnglePit:0,servCaliAngleHrz:0,servCaliAnglePit:0,offlineCaliAngleHrz:0,offlineCaliAnglePit:0,determine2useFlag:0,IMU_Z_Accel:-21.592,IMU_X_AngularRate:-2.093,IMU_Y_AngularRate:-2.093,IMU_RollAngle:-180,IMU_PitchAngle:-180,IMU_YawAngle:-180,FcwID:0,FCWWarningLevel:0,FCWTTC:0
0,2.35,0,31.35,29.5,0,0,0,10.25,1.37605e-33,0,0,0,-8.5,0,0,0,0,-0.00229183,0,0,0,0,0,0,0,0,0,1,78,59,0,0.00034,0.00034,3,5,0,0,0,0,0,0,0,0,0,0,1,0,0,0,0,0,0,0,0,0,0,,0,0,0,0,
1,2.79,0,-33.8,45,0,0,0,1.2,0,0,0,0,7,0,0,0,0,-0.00229183,0,0,0,0,0,0,0,0,0,1,94,59,0,0.00034,0.00034,3,5,0,0,0,0,0,0,0,0,0,0,1,0,0,0,0,0,0,0,0,0,0,,0,0,0,0,
2,3.27,0,13.8,37.5,0,0,0,1.4,0,0,0,0,-8,0,0,0,0,-0.00229183,0,0,0,0,0,0,0,0,0,1,86,59,0,0.00034,0.00034,3,0,0,0,0,0,0,0,0,0,0,0,1,0,0,0,0,0,0,0,0,0,0,,0,0,0,0,
3,3.58,0,-50.35,32.5,0,0,0,-5.95,0,0,0,0,8,0,0,0,0,-0.00229183,0,0,0,0,0,0,0,0,0,1,81,59,0,0.00034,0.00034,3,7,0,0,0,0,0,0,0,0,0,0,1,0,0,0,0,0,0,0,0,0,0,,0,0,0,0,
4,4.07,0,1.9,38.5,0,0,0,2.95,0,0,0,0,-9,0,0,0,0,-0.00229183,0,0,0,0,0,0,0,0,0,1,87,59,0,0.00034,0.00034,3,5,0,0,0,0,0,0,0,0,0,0,1,0,0,0,0,0,0,0,0,0,0,,0,0,0,0,
5,5.12,0,-35.8,32.5,0,0,0,-1.3,0,0,0,0,-7.5,0,0,0,0,-0.00229183,0,0,0,0,0,0,0,0,0,1,78,59,0,0.00034,0.00034,3,5,0,0,0,0,0,0,0,0,0,0,1,0,0,0,0,0,0,0,0,0,0,,0,0,0,0,
6,5.6,0,-34.55,35.5,0,0,0,-3.95,0,0,0,0,-4.5,0,0,0,0,-0.00229183,0,0,0,0,0,0,0,0,0,1,80,59,0,0.00034,0.00034,3,5,0,0,0,0,0,0,0,0,0,0,1,0,0,0,0,0,0,0,0,0,0,,0,0,0,0,
7,5.6,0,-24.3,35.5,0,0,0,-5.8,0,0,0,0,-9.5,0,0,0,0,-0.00229183,0,0,0,0,0,0,0,0,0,1,80,59,0,0.00034,0.00034,3,5,0,0,0,0,0,0,0,0,0,0,1,0,0,0,0,0,0,0,0,0,0,,0,0,0,0,
8,6.4,0,71.65,25,0,0,0,-15,0,0,0,0,18,0,0,0,0,-0.00229183,0,0,0,0,0,0,0,0,0,1,71,59,0,0.00034,0.00034,2,-1,0,0,0,0,0,0,0,0,0,0,1,0,0,0,0,0,0,0,0,0,0,,0,0,0,0,
9,7.59,0,32.35,43,0,0,0,6.7,0,0,0,0,7.5,0,0,0,0,-0.00229183,0,0,0,0,0,0,0,0,0,1,89,59,0,0.00034,0.00034,3,5,0,0,0,0,0,0,0,0,0,0,1,0,0,0,0,0,0,0,0,0,0,,0,0,0,0,
10,8.51,0,45.4,31.5,0,0,0,5.7,0,0,0,0,6.5,0,0,0,0,-0.00229183,0,0,0,0,0,0,0,0,0,1,78,59,0,0.00034,0.00034,3,5,0,0,0,0,0,0,0,0,0,0,1,0,0,0,0,0,0,0,0,0,0,,0,0,0,0,
11,8.94,0,-32.85,26.5,0,0,0,-1.6,0,0,0,0,-9.5,0,0,0,0,-0.00229183,0,0,0,0,0,0,0,0,0,1,73,59,0,0.00034,0.00034,3,5,0,0,0,0,0,0,0,0,0,0,1,0,0,0,0,0,0,0,0,0,0,,0,0,0,0,
12,9.4,0,-29.2,24.5,0,0,0,-3.3,0,0,0,0,-13.5,0,0,0,0,-0.00229183,0,0,0,0,0,0,0,0,0,1,71,59,0,0.00034,0.00034,3,5,0,0,0,0,0,0,0,0,0,0,1,0,0,0,0,0,0,0,0,0,0,,0,0,0,0,
13,12.16,0,-12.95,27,0,0,0,12.25,0,0,0,0,-16,0,0,0,0,-0.00229183,0,0,0,0,0,0,0,0,0,1,74,59,0,0.00034,0.00034,3,5,0,0,0,0,0,0,0,0,0,0,1,0,0,0,0,0,0,0,0,0,0,,0,0,0,0,
14,12.99,0,-23.1,20.5,0,0,0,-1.85,0,0,0,0,-18,0,0,0,0,-0.00229183,0,0,0,0,0,0,0,0,0,1,67,59,0,0.00034,0.00034,3,5,0,0,0,0,0,0,0,0,0,0,1,0,0,0,0,0,0,0,0,0,0,,0,0,0,0,
END,Total:15
START,FrameNb:84,CameraNb:0,HeSaiNb:0,ARS410Nb:0
2026/08/02 16:19:40:440---->
heightOffset:0,1785658780440,1070044,selfCaliBufCnt:0,selfAccObjCnt:0,selfAccAngle:0,installHAngleOffset:0,Interpolation:0,installVAngleOffset:0,radarOffsetH:0,radarOffsetV:0.32,Polynom:-0.001023;-0.0511;-2.047;0;0;0;-0.001023;-0.0511;-2.047;-25.5;0;0,WheelDirection:0;0;0;0,selfAngleOffset:0,selfAngleOffsetPit:0,currCaliAngleHrz:0,currCaliAnglePit:0,selfCaliAngleHrz:0,selfCaliAnglePit:0,servCaliAngleHrz:0,servCaliAnglePit:0,offlineCaliAngleHrz:0,offlineCaliAnglePit:0,determine2useFlag:0,IMU_Z_Accel:-21.592,IMU_X_AngularRate:-2.093,IMU_Y_AngularRate:-2.093,IMU_RollAngle:-180,IMU_PitchAngle:-180,IMU_YawAngle:-180,FcwID:0,FCWWarningLevel:0,FCWTTC:0
0,2.35,0,50.85,29,0,0,0,-10.1,1.37605e-33,0,0,0,4.5,0,0,0,0,-0.00229183,0,0,0,0,0,0,0,0,0,1,78,55,0,0.00034,0.00034,2,-1,0,0,0,0,0,0,0,0,0,0,1,0,1,0,0,0,0,0,0,0,0,,0,0,0,0,
1,2.79,0,-33.8,45,0,0,0,1.2,0,0,0,0,7,0,0,0,0,-0.00229183,0,0,0,0,0,0,0,0,0,1,94,55,0,0.00034,0.00034,3,5,0,0,0,0,0,0,0,0,0,0,1,0,1,0,0,0,0,0,0,0,0,,0,0,0,0,
2,3.26,0,13.8,37.5,0,0,0,1.3,0,0,0,0,-8,0,0,0,0,-0.00229183,0,0,0,0,0,0,0,0,0,1,86,55,0,0.00034,0.00034,3,0,0,0,0,0,0,0,0,0,0,0,1,0,1,0,0,0,0,0,0,0,0,,0,0,0,0,
3,3.58,0,-50.05,32.5,0,0,0,-5.8,0,0,0,0,8,0,0,0,0,-0.00229183,0,0,0,0,0,0,0,0,0,1,81,55,0,0.00034,0.00034,3,5,0,0,0,0,0,0,0,0,0,0,1,0,1,0,0,0,0,0,0,0,0,,0,0,0,0,
4,4.07,0,1.9,38.5,0,0,0,2.95,0,0,0,0,-9,0,0,0,0,-0.00229183,0,0,0,0,0,0,0,0,0,1,87,55,0,0.00034,0.00034,3,5,0,0,0,0,0,0,0,0,0,0,1,0,1,0,0,0,0,0,0,0,0,,0,0,0,0,
5,5.13,0,-35.95,32.5,0,0,0,-1.2,0,0,0,0,-7.5,0,0,0,0,-0.00229183,0,0,0,0,0,0,0,0,0,1,78,55,0,0.00034,0.00034,3,0,0,0,0,0,0,0,0,0,0,0,1,0,1,0,0,0,0,0,0,0,0,,0,0,0,0,
6,5.61,0,-34.45,35,0,0,0,-4.1,0,0,0,0,-4.5,0,0,0,0,-0.00229183,0,0,0,0,0,0,0,0,0,1,80,55,0,0.00034,0.00034,3,5,0,0,0,0,0,0,0,0,0,0,1,0,1,0,0,0,0,0,0,0,0,,0,0,0,0,
7,5.61,0,-24.2,35,0,0,0,-5.95,0,0,0,0,-9.5,0,0,0,0,-0.00229183,0,0,0,0,0,0,0,0,0,1,80,55,0,0.00034,0.00034,3,5,0,0,0,0,0,0,0,0,0,0,1,0,1,0,0,0,0,0,0,0,0,,0,0,0,0,
8,6.41,0,34.35,25.5,0,0,0,-10.45,0,0,0,0,-10.5,0,0,0,0,-0.00229183,0,0,0,0,0,0,0,0,0,1,71,55,0,0.00034,0.00034,3,5,0,0,0,0,0,0,0,0,0,0,1,0,1,0,0,0,0,0,0,0,0,,0,0,0,0,
9,6.84,0,-19.95,26,0,0,0,-10.05,0,0,0,0,-19.5,0,0,0,0,-0.00229183,0,0,0,0,0,0,0,0,0,1,72,55,0,0.00034,0.00034,3,5,0,0,0,0,0,0,0,0,0,0,1,0,1,0,0,0,0,0,0,0,0,,0,0,0,0,
10,7.59,0,32.4,43,0,0,0,6.95,0,0,0,0,7.5,0,0,0,0,-0.00229183,0,0,0,0,0,0,0,0,0,1,89,55,0,0.00034,0.00034,3,5,0,0,0,0,0,0,0,0,0,0,1,0,1,0,0,0,0,0,0,0,0,,0,0,0,0,
11,8.08,0,-24.55,29,0,0,0,10.65,0,0,0,0,-12,0,0,0,0,-0.00229183,0,0,0,0,0,0,0,0,0,1,75,55,0,0.00034,0.00034,3,5,0,0,0,0,0,0,0,0,0,0,1,0,1,0,0,0,0,0,0,0,0,,0,0,0,0,
12,8.51,0,45.35,31.5,0,0,0,5.65,0,0,0,0,7,0,0,0,0,-0.00229183,0,0,0,0,0,0,0,0,0,1,78,55,0,0.00034,0.00034,3,5,0,0,0,0,0,0,0,0,0,0,1,0,1,0,0,0,0,0,0,0,0,,0,0,0,0,
13,8.93,0,-32.95,26.5,0,0,0,-1.7,0,0,0,0,-9.5,0,0,0,0,-0.00229183,0,0,0,0,0,0,0,0,0,1,73,55,0,0.00034,0.00034,3,5,0,0,0,0,0,0,0,0,0,0,1,0,1,0,0,0,0,0,0,0,0,,0,0,0,0,
14,9.4,0,-29.2,24.5,0,0,0,-3.45,0,0,0,0,-13.5,0,0,0,0,-0.00229183,0,0,0,0,0,0,0,0,0,1,71,55,0,0.00034,0.00034,3,5,0,0,0,0,0,0,0,0,0,0,1,0,1,0,0,0,0,0,0,0,0,,0,0,0,0,
15,12.16,0,-12.85,27,0,0,0,12.15,0,0,0,0,-16,0,0,0,0,-0.00229183,0,0,0,0,0,0,0,0,0,1,74,55,0,0.00034,0.00034,3,5,0,0,0,0,0,0,0,0,0,0,1,0,1,0,0,0,0,0,0,0,0,,0,0,0,0,
16,12.99,0,-23.05,20.5,0,0,0,-1.7,0,0,0,0,-18.5,0,0,0,0,-0.00229183,0,0,0,0,0,0,0,0,0,1,67,55,0,0.00034,0.00034,3,5,0,0,0,0,0,0,0,0,0,0,1,0,1,0,0,0,0,0,0,0,0,,0,0,0,0,
END,Total:17
START,FrameNb:85,CameraNb:0,HeSaiNb:0,ARS410Nb:0
2026/08/02 16:19:40:570---->
heightOffset:0,1785658780570,1070100,selfCaliBufCnt:0,selfAccObjCnt:0,selfAccAngle:0,installHAngleOffset:0,Interpolation:0,installVAngleOffset:0,radarOffsetH:0,radarOffsetV:0.32,Polynom:-0.001023;-0.0511;-2.047;0;0;0;-0.001023;-0.0511;-2.047;-25.5;0;0,WheelDirection:0;0;0;0,selfAngleOffset:0,selfAngleOffsetPit:0,currCaliAngleHrz:0,currCaliAnglePit:0,selfCaliAngleHrz:0,selfCaliAnglePit:0,servCaliAngleHrz:0,servCaliAnglePit:0,offlineCaliAngleHrz:0,offlineCaliAnglePit:0,determine2useFlag:0,IMU_Z_Accel:-21.592,IMU_X_AngularRate:-2.093,IMU_Y_AngularRate:-2.093,IMU_RollAngle:-180,IMU_PitchAngle:-180,IMU_YawAngle:-180,FcwID:0,FCWWarningLevel:0,FCWTTC:0
0,2.35,0,51,29.5,0,0,0,-10.05,1.37605e-33,0,0,0,5.5,0,0,0,0,-0.00229183,0,0,0,0,0,0,0,0,0,1,78,59,0,0.00034,0.00034,3,5,0,0,0,0,0,0,0,0,0,0,1,0,0,0,0,0,0,0,0,0,0,,0,0,0,0,
1,2.79,0,-33.8,45.5,0,0,0,1.2,0,0,0,0,7,0,0,0,0,-0.00229183,0,0,0,0,0,0,0,0,0,1,94,59,0,0.00034,0.00034,3,5,0,0,0,0,0,0,0,0,0,0,1,0,0,0,0,0,0,0,0,0,0,,0,0,0,0,
2,3.27,0,13.8,37.5,0,0,0,1.4,0,0,0,0,-8,0,0,0,0,-0.00229183,0,0,0,0,0,0,0,0,0,1,86,59,0,0.00034,0.00034,3,0,0,0,0,0,0,0,0,0,0,0,1,0,0,0,0,0,0,0,0,0,0,,0,0,0,0,
3,4.07,0,1.9,39,0,0,0,2.95,0,0,0,0,-9,0,0,0,0,-0.00229183,0,0,0,0,0,0,0,0,0,1,87,59,0,0.00034,0.00034,3,5,0,0,0,0,0,0,0,0,0,0,1,0,0,0,0,0,0,0,0,0,0,,0,0,0,0,
4,5.11,0,-35.8,32.5,0,0,0,-1.35,0,0,0,0,-7.5,0,0,0,0,-0.00229183,0,0,0,0,0,0,0,0,0,1,78,59,0,0.00034,0.00034,3,5,0,0,0,0,0,0,0,0,0,0,1,0,0,0,0,0,0,0,0,0,0,,0,0,0,0,
5,5.61,0,-34.55,35.5,0,0,0,-3.95,0,0,0,0,-4.5,0,0,0,0,-0.00229183,0,0,0,0,0,0,0,0,0,1,80,59,0,0.00034,0.00034,3,5,0,0,0,0,0,0,0,0,0,0,1,0,0,0,0,0,0,0,0,0,0,,0,0,0,0,
6,5.61,0,-24.3,35.5,0,0,0,-5.8,0,0,0,0,-9.5,0,0,0,0,-0.00229183,0,0,0,0,0,0,0,0,0,1,80,59,0,0.00034,0.00034,3,5,0,0,0,0,0,0,0,0,0,0,1,0,0,0,0,0,0,0,0,0,0,,0,0,0,0,
7,6.4,0,70.05,25.5,0,0,0,-10.75,0,0,0,0,17,0,0,0,0,-0.00229183,0,0,0,0,0,0,0,0,0,1,71,59,0,0.00034,0.00034,2,-1,0,0,0,0,0,0,0,0,0,0,1,0,0,0,0,0,0,0,0,0,0,,0,0,0,0,
8,6.84,0,-19.8,26,0,0,0,-10.2,0,0,0,0,-19.5,0,0,0,0,-0.00229183,0,0,0,0,0,0,0,0,0,1,72,59,0,0.00034,0.00034,3,5,0,0,0,0,0,0,0,0,0,0,1,0,0,0,0,0,0,0,0,0,0,,0,0,0,0,
9,7.59,0,32.3,43,0,0,0,6.95,0,0,0,0,7.5,0,0,0,0,-0.00229183,0,0,0,0,0,0,0,0,0,1,89,59,0,0.00034,0.00034,3,5,0,0,0,0,0,0,0,0,0,0,1,0,0,0,0,0,0,0,0,0,0,,0,0,0,0,
10,8.51,0,45.3,31.5,0,0,0,5.75,0,0,0,0,6.5,0,0,0,0,-0.00229183,0,0,0,0,0,0,0,0,0,1,78,59,0,0.00034,0.00034,3,5,0,0,0,0,0,0,0,0,0,0,1,0,0,0,0,0,0,0,0,0,0,,0,0,0,0,
11,8.93,0,-32.95,26.5,0,0,0,-1.55,0,0,0,0,-10,0,0,0,0,-0.00229183,0,0,0,0,0,0,0,0,0,1,73,59,0,0.00034,0.00034,3,5,0,0,0,0,0,0,0,0,0,0,1,0,0,0,0,0,0,0,0,0,0,,0,0,0,0,
12,9.4,0,-29.2,24.5,0,0,0,-3.3,0,0,0,0,-13.5,0,0,0,0,-0.00229183,0,0,0,0,0,0,0,0,0,1,71,59,0,0.00034,0.00034,3,5,0,0,0,0,0,0,0,0,0,0,1,0,0,0,0,0,0,0,0,0,0,,0,0,0,0,
13,12.16,0,-12.95,27,0,0,0,12.3,0,0,0,0,-16,0,0,0,0,-0.00229183,0,0,0,0,0,0,0,0,0,1,74,59,0,0.00034,0.00034,3,5,0,0,0,0,0,0,0,0,0,0,1,0,0,0,0,0,0,0,0,0,0,,0,0,0,0,
14,12.98,0,-23.3,21,0,0,0,-1.85,0,0,0,0,-18,0,0,0,0,-0.00229183,0,0,0,0,0,0,0,0,0,1,67,59,0,0.00034,0.00034,3,5,0,0,0,0,0,0,0,0,0,0,1,0,0,0,0,0,0,0,0,0,0,,0,0,0,0,
END,Total:15
START,FrameNb:86,CameraNb:0,HeSaiNb:0,ARS410Nb:0
2026/08/02 16:19:40:595---->
heightOffset:0,1785658780595,1070160,selfCaliBufCnt:0,selfAccObjCnt:0,selfAccAngle:0,installHAngleOffset:0,Interpolation:0,installVAngleOffset:0,radarOffsetH:0,radarOffsetV:0.32,Polynom:-0.001023;-0.0511;-2.047;0;0;0;-0.001023;-0.0511;-2.047;-25.5;0;0,WheelDirection:0;0;0;0,selfAngleOffset:0,selfAngleOffsetPit:0,currCaliAngleHrz:0,currCaliAnglePit:0,selfCaliAngleHrz:0,selfCaliAnglePit:0,servCaliAngleHrz:0,servCaliAnglePit:0,offlineCaliAngleHrz:0,offlineCaliAnglePit:0,determine2useFlag:0,IMU_Z_Accel:-21.592,IMU_X_AngularRate:-2.093,IMU_Y_AngularRate:-2.093,IMU_RollAngle:-180,IMU_PitchAngle:-180,IMU_YawAngle:-180,FcwID:0,FCWWarningLevel:0,FCWTTC:0
0,2.35,0,51.15,29.5,0,0,0,-10.25,1.37605e-33,0,0,0,5.5,0,0,0,0,-0.00229183,0,0,0,0,0,0,0,0,0,1,78,55,0,0.00034,0.00034,3,5,0,0,0,0,0,0,0,0,0,0,1,0,1,0,0,0,0,0,0,0,0,,0,0,0,0,
1,2.79,0,-33.8,45.5,0,0,0,1.2,0,0,0,0,7,0,0,0,0,-0.00229183,0,0,0,0,0,0,0,0,0,1,94,55,0,0.00034,0.00034,3,5,0,0,0,0,0,0,0,0,0,0,1,0,1,0,0,0,0,0,0,0,0,,0,0,0,0,
2,3.26,0,13.8,37.5,0,0,0,1.3,0,0,0,0,-8,0,0,0,0,-0.00229183,0,0,0,0,0,0,0,0,0,1,86,55,0,0.00034,0.00034,3,0,0,0,0,0,0,0,0,0,0,0,1,0,1,0,0,0,0,0,0,0,0,,0,0,0,0,
3,3.58,0,-50.2,32.5,0,0,0,-5.95,0,0,0,0,8,0,0,0,0,-0.00229183,0,0,0,0,0,0,0,0,0,1,81,55,0,0.00034,0.00034,3,5,0,0,0,0,0,0,0,0,0,0,1,0,1,0,0,0,0,0,0,0,0,,0,0,0,0,
4,4.07,0,1.9,38.5,0,0,0,2.95,0,0,0,0,-9,0,0,0,0,-0.00229183,0,0,0,0,0,0,0,0,0,1,87,55,0,0.00034,0.00034,3,5,0,0,0,0,0,0,0,0,0,0,1,0,1,0,0,0,0,0,0,0,0,,0,0,0,0,
5,5.13,0,-36,32.5,0,0,0,-1.1,0,0,0,0,-6.5,0,0,0,0,-0.00229183,0,0,0,0,0,0,0,0,0,1,78,55,0,0.00034,0.00034,3,0,0,0,0,0,0,0,0,0,0,0,1,0,1,0,0,0,0,0,0,0,0,,0,0,0,0,
6,5.61,0,-34.55,35.5,0,0,0,-4.05,0,0,0,0,-4.5,0,0,0,0,-0.00229183,0,0,0,0,0,0,0,0,0,1,80,55,0,0.00034,0.00034,3,5,0,0,0,0,0,0,0,0,0,0,1,0,1,0,0,0,0,0,0,0,0,,0,0,0,0,
7,5.61,0,-24.2,35.5,0,0,0,-5.95,0,0,0,0,-9.5,0,0,0,0,-0.00229183,0,0,0,0,0,0,0,0,0,1,80,55,0,0.00034,0.00034,3,5,0,0,0,0,0,0,0,0,0,0,1,0,1,0,0,0,0,0,0,0,0,,0,0,0,0,
8,6.35,0,34.1,25.5,0,0,0,-9.1,0,0,0,0,-11,0,0,0,0,-0.00229183,0,0,0,0,0,0,0,0,0,1,71,55,0,0.00034,0.00034,3,5,0,0,0,0,0,0,0,0,0,0,1,0,1,0,0,0,0,0,0,0,0,,0,0,0,0,
9,6.65,0,-36,26,0,0,0,-1.35,0,0,0,0,-10.5,0,0,0,0,-0.00229183,0,0,0,0,0,0,0,0,0,1,72,55,0,0.00034,0.00034,3,5,0,0,0,0,0,0,0,0,0,0,1,0,1,0,0,0,0,0,0,0,0,,0,0,0,0,
10,7.57,0,32.3,43,0,0,0,7,0,0,0,0,8,0,0,0,0,-0.00229183,0,0,0,0,0,0,0,0,0,1,89,55,0,0.00034,0.00034,3,0,0,0,0,0,0,0,0,0,0,0,1,0,1,0,0,0,0,0,0,0,0,,0,0,0,0,
11,8.12,0,-24.7,29,0,0,0,10.15,0,0,0,0,-12,0,0,0,0,-0.00229183,0,0,0,0,0,0,0,0,0,1,75,55,0,0.00034,0.00034,3,5,0,0,0,0,0,0,0,0,0,0,1,0,1,0,0,0,0,0,0,0,0,,0,0,0,0,
12,8.51,0,45.3,31.5,0,0,0,5.7,0,0,0,0,7,0,0,0,0,-0.00229183,0,0,0,0,0,0,0,0,0,1,78,55,0,0.00034,0.00034,3,5,0,0,0,0,0,0,0,0,0,0,1,0,1,0,0,0,0,0,0,0,0,,0,0,0,0,
13,8.93,0,-32.85,26.5,0,0,0,-1.55,0,0,0,0,-9.5,0,0,0,0,-0.00229183,0,0,0,0,0,0,0,0,0,1,73,55,0,0.00034,0.00034,3,5,0,0,0,0,0,0,0,0,0,0,1,0,1,0,0,0,0,0,0,0,0,,0,0,0,0,
14,9.41,0,-29.2,24.5,0,0,0,-3.45,0,0,0,0,-13.5,0,0,0,0,-0.00229183,0,0,0,0,0,0,0,0,0,1,71,55,0,0.00034,0.00034,3,5,0,0,0,0,0,0,0,0,0,0,1,0,1,0,0,0,0,0,0,0,0,,0,0,0,0,
15,12.16,0,-12.85,26.5,0,0,0,12.15,0,0,0,0,-15.5,0,0,0,0,-0.00229183,0,0,0,0,0,0,0,0,0,1,74,55,0,0.00034,0.00034,3,5,0,0,0,0,0,0,0,0,0,0,1,0,1,0,0,0,0,0,0,0,0,,0,0,0,0,
16,12.98,0,-23.05,20.5,0,0,0,-1.85,0,0,0,0,-18,0,0,0,0,-0.00229183,0,0,0,0,0,0,0,0,0,1,67,55,0,0.00034,0.00034,3,5,0,0,0,0,0,0,0,0,0,0,1,0,1,0,0,0,0,0,0,0,0,,0,0,0,0,
END,Total:17
START,FrameNb:87,CameraNb:0,HeSaiNb:0,ARS410Nb:0
2026/08/02 16:19:40:646---->
heightOffset:0,1785658780646,1070216,selfCaliBufCnt:0,selfAccObjCnt:0,selfAccAngle:0,installHAngleOffset:0,Interpolation:0,installVAngleOffset:0,radarOffsetH:0,radarOffsetV:0.32,Polynom:-0.001023;-0.0511;-2.047;0;0;0;-0.001023;-0.0511;-2.047;-25.5;0;0,WheelDirection:0;0;0;0,selfAngleOffset:0,selfAngleOffsetPit:0,currCaliAngleHrz:0,currCaliAnglePit:0,selfCaliAngleHrz:0,selfCaliAnglePit:0,servCaliAngleHrz:0,servCaliAnglePit:0,offlineCaliAngleHrz:0,offlineCaliAnglePit:0,determine2useFlag:0,IMU_Z_Accel:-21.592,IMU_X_AngularRate:-2.093,IMU_Y_AngularRate:-2.093,IMU_RollAngle:-180,IMU_PitchAngle:-180,IMU_YawAngle:-180,FcwID:0,FCWWarningLevel:0,FCWTTC:0
0,2.35,0,50.7,29,0,0,0,-10.1,1.37605e-33,0,0,0,4.5,0,0,0,0,-0.00229183,0,0,0,0,0,0,0,0,0,1,78,62,0,0.00034,0.00034,3,5,0,0,0,0,0,0,0,0,0,0,1,0,0,0,0,0,0,0,0,0,0,,0,0,0,0,
1,2.79,0,-33.8,45,0,0,0,1.2,0,0,0,0,7,0,0,0,0,-0.00229183,0,0,0,0,0,0,0,0,0,1,94,62,0,0.00034,0.00034,3,5,0,0,0,0,0,0,0,0,0,0,1,0,0,0,0,0,0,0,0,0,0,,0,0,0,0,
2,3.27,0,13.8,37.5,0,0,0,1.4,0,0,0,0,-8,0,0,0,0,-0.00229183,0,0,0,0,0,0,0,0,0,1,86,62,0,0.00034,0.00034,3,0,0,0,0,0,0,0,0,0,0,0,1,0,0,0,0,0,0,0,0,0,0,,0,0,0,0,
3,3.58,0,-3.6,32.5,0,0,0,-8.55,0,0,0,0,-16,0,0,0,0,-0.00229183,0,0,0,0,0,0,0,0,0,1,81,62,0,0.00034,0.00034,3,7,0,0,0,0,0,0,0,0,0,0,1,0,0,0,0,0,0,0,0,0,0,,0,0,0,0,
4,4.07,0,1.9,38.5,0,0,0,2.95,0,0,0,0,-9,0,0,0,0,-0.00229183,0,0,0,0,0,0,0,0,0,1,87,62,0,0.00034,0.00034,3,5,0,0,0,0,0,0,0,0,0,0,1,0,0,0,0,0,0,0,0,0,0,,0,0,0,0,
5,5.11,0,-35.8,32.5,0,0,0,-1.2,0,0,0,0,-7.5,0,0,0,0,-0.00229183,0,0,0,0,0,0,0,0,0,1,78,62,0,0.00034,0.00034,3,5,0,0,0,0,0,0,0,0,0,0,1,0,0,0,0,0,0,0,0,0,0,,0,0,0,0,
6,5.61,0,-34.55,35,0,0,0,-3.85,0,0,0,0,-4.5,0,0,0,0,-0.00229183,0,0,0,0,0,0,0,0,0,1,80,62,0,0.00034,0.00034,3,5,0,0,0,0,0,0,0,0,0,0,1,0,0,0,0,0,0,0,0,0,0,,0,0,0,0,
7,5.61,0,-24.3,35,0,0,0,-5.85,0,0,0,0,-9.5,0,0,0,0,-0.00229183,0,0,0,0,0,0,0,0,0,1,80,62,0,0.00034,0.00034,3,5,0,0,0,0,0,0,0,0,0,0,1,0,0,0,0,0,0,0,0,0,0,,0,0,0,0,
8,6.29,0,71.55,25.5,0,0,0,-15,0,0,0,0,18,0,0,0,0,-0.00229183,0,0,0,0,0,0,0,0,0,1,71,62,0,0.00034,0.00034,2,-1,0,0,0,0,0,0,0,0,0,0,1,0,0,0,0,0,0,0,0,0,0,,0,0,0,0,
9,7.58,0,32.3,43,0,0,0,7,0,0,0,0,7.5,0,0,0,0,-0.00229183,0,0,0,0,0,0,0,0,0,1,89,62,0,0.00034,0.00034,3,5,0,0,0,0,0,0,0,0,0,0,1,0,0,0,0,0,0,0,0,0,0,,0,0,0,0,
10,8.09,0,-24.8,29,0,0,0,10.4,0,0,0,0,-12,0,0,0,0,-0.00229183,0,0,0,0,0,0,0,0,0,1,75,62,0,0.00034,0.00034,3,5,0,0,0,0,0,0,0,0,0,0,1,0,0,0,0,0,0,0,0,0,0,,0,0,0,0,
11,8.51,0,45.3,31,0,0,0,5.7,0,0,0,0,7,0,0,0,0,-0.00229183,0,0,0,0,0,0,0,0,0,1,78,62,0,0.00034,0.00034,3,5,0,0,0,0,0,0,0,0,0,0,1,0,0,0,0,0,0,0,0,0,0,,0,0,0,0,
12,8.93,0,-32.85,26,0,0,0,-1.3,0,0,0,0,-10,0,0,0,0,-0.00229183,0,0,0,0,0,0,0,0,0,1,73,62,0,0.00034,0.00034,3,5,0,0,0,0,0,0,0,0,0,0,1,0,0,0,0,0,0,0,0,0,0,,0,0,0,0,
13,9.41,0,-29.2,24,0,0,0,-3.3,0,0,0,0,-13.5,0,0,0,0,-0.00229183,0,0,0,0,0,0,0,0,0,1,71,62,0,0.00034,0.00034,3,5,0,0,0,0,0,0,0,0,0,0,1,0,0,0,0,0,0,0,0,0,0,,0,0,0,0,
14,12.16,0,-12.95,27,0,0,0,12.25,0,0,0,0,-15.5,0,0,0,0,-0.00229183,0,0,0,0,0,0,0,0,0,1,74,62,0,0.00034,0.00034,3,5,0,0,0,0,0,0,0,0,0,0,1,0,0,0,0,0,0,0,0,0,0,,0,0,0,0,
15,12.99,0,-23.35,21,0,0,0,-1.75,0,0,0,0,-18,0,0,0,0,-0.00229183,0,0,0,0,0,0,0,0,0,1,67,62,0,0.00034,0.00034,3,5,0,0,0,0,0,0,0,0,0,0,1,0,0,0,0,0,0,0,0,0,0,,0,0,0,0,
END,Total:16
START,FrameNb:88,CameraNb:0,HeSaiNb:0,ARS410Nb:0
2026/08/02 16:19:40:688---->
heightOffset:0,1785658780688,1070280,selfCaliBufCnt:0,selfAccObjCnt:0,selfAccAngle:0,installHAngleOffset:0,Interpolation:0,installVAngleOffset:0,radarOffsetH:0,radarOffsetV:0.32,Polynom:-0.001023;-0.0511;-2.047;0;0;0;-0.001023;-0.0511;-2.047;-25.5;0;0,WheelDirection:0;0;0;0,selfAngleOffset:0,selfAngleOffsetPit:0,currCaliAngleHrz:0,currCaliAnglePit:0,selfCaliAngleHrz:0,selfCaliAnglePit:0,servCaliAngleHrz:0,servCaliAnglePit:0,offlineCaliAngleHrz:0,offlineCaliAnglePit:0,determine2useFlag:0,IMU_Z_Accel:-21.592,IMU_X_AngularRate:-2.093,IMU_Y_AngularRate:-2.093,IMU_RollAngle:-180,IMU_PitchAngle:-180,IMU_YawAngle:-180,FcwID:0,FCWWarningLevel:0,FCWTTC:0
0,2.35,0,51.05,29,0,0,0,-10.2,1.37605e-33,0,0,0,5.5,0,0,0,0,-0.00229183,0,0,0,0,0,0,0,0,0,1,78,60,0,0.00034,0.00034,3,5,0,0,0,0,0,0,0,0,0,0,1,0,1,0,0,0,0,0,0,0,0,,0,0,0,0,
1,2.79,0,-33.8,45,0,0,0,1.2,0,0,0,0,7,0,0,0,0,-0.00229183,0,0,0,0,0,0,0,0,0,1,94,60,0,0.00034,0.00034,3,5,0,0,0,0,0,0,0,0,0,0,1,0,1,0,0,0,0,0,0,0,0,,0,0,0,0,
2,3.25,0,13.8,37.5,0,0,0,1.3,0,0,0,0,-8,0,0,0,0,-0.00229183,0,0,0,0,0,0,0,0,0,1,86,60,0,0.00034,0.00034,3,0,0,0,0,0,0,0,0,0,0,0,1,0,1,0,0,0,0,0,0,0,0,,0,0,0,0,
3,3.58,0,-50.15,32,0,0,0,-5.85,0,0,0,0,8,0,0,0,0,-0.00229183,0,0,0,0,0,0,0,0,0,1,81,60,0,0.00034,0.00034,3,5,0,0,0,0,0,0,0,0,0,0,1,0,1,0,0,0,0,0,0,0,0,,0,0,0,0,
4,4.07,0,1.9,38.5,0,0,0,2.95,0,0,0,0,-9,0,0,0,0,-0.00229183,0,0,0,0,0,0,0,0,0,1,87,60,0,0.00034,0.00034,3,5,0,0,0,0,0,0,0,0,0,0,1,0,1,0,0,0,0,0,0,0,0,,0,0,0,0,
5,5.11,0,-36,32.5,0,0,0,-1.05,0,0,0,0,-6.5,0,0,0,0,-0.00229183,0,0,0,0,0,0,0,0,0,1,78,60,0,0.00034,0.00034,3,0,0,0,0,0,0,0,0,0,0,0,1,0,1,0,0,0,0,0,0,0,0,,0,0,0,0,
6,5.61,0,-34.6,35,0,0,0,-4,0,0,0,0,-4.5,0,0,0,0,-0.00229183,0,0,0,0,0,0,0,0,0,1,80,60,0,0.00034,0.00034,3,5,0,0,0,0,0,0,0,0,0,0,1,0,1,0,0,0,0,0,0,0,0,,0,0,0,0,
7,5.61,0,-24.2,35,0,0,0,-5.95,0,0,0,0,-9.5,0,0,0,0,-0.00229183,0,0,0,0,0,0,0,0,0,1,80,60,0,0.00034,0.00034,3,5,0,0,0,0,0,0,0,0,0,0,1,0,1,0,0,0,0,0,0,0,0,,0,0,0,0,
8,6.37,0,33.95,25.5,0,0,0,-9.2,0,0,0,0,-10.5,0,0,0,0,-0.00229183,0,0,0,0,0,0,0,0,0,1,71,60,0,0.00034,0.00034,3,5,0,0,0,0,0,0,0,0,0,0,1,0,1,0,0,0,0,0,0,0,0,,0,0,0,0,
9,6.84,0,-19.8,26,0,0,0,-1.7,0,0,0,0,-19.5,0,0,0,0,-0.00229183,0,0,0,0,0,0,0,0,0,1,72,60,0,0.00034,0.00034,3,5,0,0,0,0,0,0,0,0,0,0,1,0,1,0,0,0,0,0,0,0,0,,0,0,0,0,
10,7.58,0,32.4,43,0,0,0,7.05,0,0,0,0,7.5,0,0,0,0,-0.00229183,0,0,0,0,0,0,0,0,0,1,89,60,0,0.00034,0.00034,3,5,0,0,0,0,0,0,0,0,0,0,1,0,1,0,0,0,0,0,0,0,0,,0,0,0,0,
11,8.09,0,-24.8,28.5,0,0,0,-2,0,0,0,0,-12,0,0,0,0,-0.00229183,0,0,0,0,0,0,0,0,0,1,75,60,0,0.00034,0.00034,3,5,0,0,0,0,0,0,0,0,0,0,1,0,1,0,0,0,0,0,0,0,0,,0,0,0,0,
12,8.53,0,45.3,31.5,0,0,0,5.75,0,0,0,0,7,0,0,0,0,-0.00229183,0,0,0,0,0,0,0,0,0,1,78,60,0,0.00034,0.00034,3,5,0,0,0,0,0,0,0,0,0,0,1,0,1,0,0,0,0,0,0,0,0,,0,0,0,0,
13,8.92,0,-32.9,26,0,0,0,-1.45,0,0,0,0,-10,0,0,0,0,-0.00229183,0,0,0,0,0,0,0,0,0,1,73,60,0,0.00034,0.00034,3,5,0,0,0,0,0,0,0,0,0,0,1,0,1,0,0,0,0,0,0,0,0,,0,0,0,0,
14,9.41,0,-29.2,24.5,0,0,0,-3.45,0,0,0,0,-13.5,0,0,0,0,-0.00229183,0,0,0,0,0,0,0,0,0,1,71,60,0,0.00034,0.00034,3,5,0,0,0,0,0,0,0,0,0,0,1,0,1,0,0,0,0,0,0,0,0,,0,0,0,0,
15,12.16,0,-12.8,26.5,0,0,0,12.15,0,0,0,0,-15.5,0,0,0,0,-0.00229183,0,0,0,0,0,0,0,0,0,1,74,60,0,0.00034,0.00034,3,5,0,0,0,0,0,0,0,0,0,0,1,0,1,0,0,0,0,0,0,0,0,,0,0,0,0,
16,13,0,-23.2,21,0,0,0,-1.8,0,0,0,0,-18,0,0,0,0,-0.00229183,0,0,0,0,0,0,0,0,0,1,67,60,0,0.00034,0.00034,3,5,0,0,0,0,0,0,0,0,0,0,1,0,1,0,0,0,0,0,0,0,0,,0,0,0,0,
END,Total:17
START,FrameNb:89,CameraNb:0,HeSaiNb:0,ARS410Nb:0
2026/08/02 16:19:40:750---->
heightOffset:0,1785658780750,1070336,selfCaliBufCnt:0,selfAccObjCnt:0,selfAccAngle:0,installHAngleOffset:0,Interpolation:0,installVAngleOffset:0,radarOffsetH:0,radarOffsetV:0.32,Polynom:-0.001023;-0.0511;-2.047;0;0;0;-0.001023;-0.0511;-2.047;-25.5;0;0,WheelDirection:0;0;0;0,selfAngleOffset:0,selfAngleOffsetPit:0,currCaliAngleHrz:0,currCaliAnglePit:0,selfCaliAngleHrz:0,selfCaliAnglePit:0,servCaliAngleHrz:0,servCaliAnglePit:0,offlineCaliAngleHrz:0,offlineCaliAnglePit:0,determine2useFlag:0,IMU_Z_Accel:-21.592,IMU_X_AngularRate:-2.093,IMU_Y_AngularRate:-2.093,IMU_RollAngle:-180,IMU_PitchAngle:-180,IMU_YawAngle:-180,FcwID:0,FCWWarningLevel:0,FCWTTC:0
0,2.35,0,31.4,29,0,0,0,10.3,1.37605e-33,0,0,0,-8.5,0,0,0,0,-0.00229183,0,0,0,0,0,0,0,0,0,1,78,59,0,0.00034,0.00034,3,5,0,0,0,0,0,0,0,0,0,0,1,0,0,0,0,0,0,0,0,0,0,,0,0,0,0,
1,2.79,0,-33.8,45,0,0,0,1.2,0,0,0,0,7,0,0,0,0,-0.00229183,0,0,0,0,0,0,0,0,0,1,94,59,0,0.00034,0.00034,3,5,0,0,0,0,0,0,0,0,0,0,1,0,0,0,0,0,0,0,0,0,0,,0,0,0,0,
2,3.26,0,13.8,37.5,0,0,0,1.3,0,0,0,0,-8,0,0,0,0,-0.00229183,0,0,0,0,0,0,0,0,0,1,86,59,0,0.00034,0.00034,3,0,0,0,0,0,0,0,0,0,0,0,1,0,0,0,0,0,0,0,0,0,0,,0,0,0,0,
3,3.58,0,-3.65,32.5,0,0,0,-8.45,0,0,0,0,-16,0,0,0,0,-0.00229183,0,0,0,0,0,0,0,0,0,1,81,59,0,0.00034,0.00034,3,7,0,0,0,0,0,0,0,0,0,0,1,0,0,0,0,0,0,0,0,0,0,,0,0,0,0,
4,4.07,0,1.9,38.5,0,0,0,2.95,0,0,0,0,-9,0,0,0,0,-0.00229183,0,0,0,0,0,0,0,0,0,1,87,59,0,0.00034,0.00034,3,5,0,0,0,0,0,0,0,0,0,0,1,0,0,0,0,0,0,0,0,0,0,,0,0,0,0,
5,5.07,0,-35.8,32.5,0,0,0,-1.1,0,0,0,0,-7.5,0,0,0,0,-0.00229183,0,0,0,0,0,0,0,0,0,1,78,59,0,0.00034,0.00034,3,5,0,0,0,0,0,0,0,0,0,0,1,0,0,0,0,0,0,0,0,0,0,,0,0,0,0,
6,5.61,0,-34.6,35,0,0,0,-3.85,0,0,0,0,-4.5,0,0,0,0,-0.00229183,0,0,0,0,0,0,0,0,0,1,80,59,0,0.00034,0.00034,3,5,0,0,0,0,0,0,0,0,0,0,1,0,0,0,0,0,0,0,0,0,0,,0,0,0,0,
7,5.61,0,-24.3,35,0,0,0,-5.75,0,0,0,0,-9.5,0,0,0,0,-0.00229183,0,0,0,0,0,0,0,0,0,1,80,59,0,0.00034,0.00034,3,5,0,0,0,0,0,0,0,0,0,0,1,0,0,0,0,0,0,0,0,0,0,,0,0,0,0,
8,6.4,0,71.7,25.5,0,0,0,-15,0,0,0,0,18,0,0,0,0,-0.00229183,0,0,0,0,0,0,0,0,0,1,71,59,0,0.00034,0.00034,2,-1,0,0,0,0,0,0,0,0,0,0,1,0,0,0,0,0,0,0,0,0,0,,0,0,0,0,
9,6.84,0,-19.8,26,0,0,0,-10.05,0,0,0,0,-19.5,0,0,0,0,-0.00229183,0,0,0,0,0,0,0,0,0,1,72,59,0,0.00034,0.00034,3,5,0,0,0,0,0,0,0,0,0,0,1,0,0,0,0,0,0,0,0,0,0,,0,0,0,0,
10,7.59,0,32.45,43,0,0,0,6.8,0,0,0,0,7.5,0,0,0,0,-0.00229183,0,0,0,0,0,0,0,0,0,1,89,59,0,0.00034,0.00034,3,5,0,0,0,0,0,0,0,0,0,0,1,0,0,0,0,0,0,0,0,0,0,,0,0,0,0,
11,8.1,0,-24.8,29,0,0,0,-2.2,0,0,0,0,-12,0,0,0,0,-0.00229183,0,0,0,0,0,0,0,0,0,1,75,59,0,0.00034,0.00034,3,5,0,0,0,0,0,0,0,0,0,0,1,0,0,0,0,0,0,0,0,0,0,,0,0,0,0,
12,8.52,0,45.3,31.5,0,0,0,5.8,0,0,0,0,7,0,0,0,0,-0.00229183,0,0,0,0,0,0,0,0,0,1,78,59,0,0.00034,0.00034,3,5,0,0,0,0,0,0,0,0,0,0,1,0,0,0,0,0,0,0,0,0,0,,0,0,0,0,
13,8.93,0,-32.95,26.5,0,0,0,-1.35,0,0,0,0,-9.5,0,0,0,0,-0.00229183,0,0,0,0,0,0,0,0,0,1,73,59,0,0.00034,0.00034,3,5,0,0,0,0,0,0,0,0,0,0,1,0,0,0,0,0,0,0,0,0,0,,0,0,0,0,
14,9.42,0,-29.15,24,0,0,0,-3.55,0,0,0,0,-13.5,0,0,0,0,-0.00229183,0,0,0,0,0,0,0,0,0,1,71,59,0,0.00034,0.00034,3,5,0,0,0,0,0,0,0,0,0,0,1,0,0,0,0,0,0,0,0,0,0,,0,0,0,0,
15,12.16,0,26,27,0,0,0,-7.3,0,0,0,0,-7.5,0,0,0,0,-0.00229183,0,0,0,0,0,0,0,0,0,1,74,59,0,0.00034,0.00034,2,-1,0,0,0,0,0,0,0,0,0,0,1,0,0,0,0,0,0,0,0,0,0,,0,0,0,0,
16,12.99,0,-23.4,21,0,0,0,-1.75,0,0,0,0,-18,0,0,0,0,-0.00229183,0,0,0,0,0,0,0,0,0,1,67,59,0,0.00034,0.00034,3,5,0,0,0,0,0,0,0,0,0,0,1,0,0,0,0,0,0,0,0,0,0,,0,0,0,0,
END,Total:17
START,FrameNb:90,CameraNb:0,HeSaiNb:0,ARS410Nb:0
2026/08/02 16:19:40:844---->
heightOffset:0,1785658780844,1070396,selfCaliBufCnt:0,selfAccObjCnt:0,selfAccAngle:0,installHAngleOffset:0,Interpolation:0,installVAngleOffset:0,radarOffsetH:0,radarOffsetV:0.32,Polynom:-0.001023;-0.0511;-2.047;0;0;0;-0.001023;-0.0511;-2.047;-25.5;0;0,WheelDirection:0;0;0;0,selfAngleOffset:0,selfAngleOffsetPit:0,currCaliAngleHrz:0,currCaliAnglePit:0,selfCaliAngleHrz:0,selfCaliAnglePit:0,servCaliAngleHrz:0,servCaliAnglePit:0,offlineCaliAngleHrz:0,offlineCaliAnglePit:0,determine2useFlag:0,IMU_Z_Accel:-21.592,IMU_X_AngularRate:-2.093,IMU_Y_AngularRate:-2.093,IMU_RollAngle:-180,IMU_PitchAngle:-180,IMU_YawAngle:-180,FcwID:0,FCWWarningLevel:0,FCWTTC:0
0,2.35,0,51.2,29,0,0,0,-10.1,1.37605e-33,0,0,0,5.5,0,0,0,0,-0.00229183,0,0,0,0,0,0,0,0,0,1,78,55,0,0.00034,0.00034,2,-1,0,0,0,0,0,0,0,0,0,0,1,0,1,0,0,0,0,0,0,0,0,,0,0,0,0,
1,2.79,0,-33.8,45,0,0,0,1.2,0,0,0,0,7,0,0,0,0,-0.00229183,0,0,0,0,0,0,0,0,0,1,94,55,0,0.00034,0.00034,3,5,0,0,0,0,0,0,0,0,0,0,1,0,1,0,0,0,0,0,0,0,0,,0,0,0,0,
2,3.25,0,13.8,37.5,0,0,0,1.3,0,0,0,0,-8,0,0,0,0,-0.00229183,0,0,0,0,0,0,0,0,0,1,86,55,0,0.00034,0.00034,3,0,0,0,0,0,0,0,0,0,0,0,1,0,1,0,0,0,0,0,0,0,0,,0,0,0,0,
3,3.58,0,-50.2,32.5,0,0,0,-5.95,0,0,0,0,7.5,0,0,0,0,-0.00229183,0,0,0,0,0,0,0,0,0,1,80,55,0,0.00034,0.00034,3,7,0,0,0,0,0,0,0,0,0,0,1,0,1,0,0,0,0,0,0,0,0,,0,0,0,0,
4,4.07,0,1.9,38.5,0,0,0,3,0,0,0,0,-9,0,0,0,0,-0.00229183,0,0,0,0,0,0,0,0,0,1,87,55,0,0.00034,0.00034,3,5,0,0,0,0,0,0,0,0,0,0,1,0,1,0,0,0,0,0,0,0,0,,0,0,0,0,
5,5.08,0,-36,32.5,0,0,0,-1,0,0,0,0,-6.5,0,0,0,0,-0.00229183,0,0,0,0,0,0,0,0,0,1,78,55,0,0.00034,0.00034,3,0,0,0,0,0,0,0,0,0,0,0,1,0,1,0,0,0,0,0,0,0,0,,0,0,0,0,
6,5.61,0,-34.6,35,0,0,0,-3.95,0,0,0,0,-4.5,0,0,0,0,-0.00229183,0,0,0,0,0,0,0,0,0,1,80,55,0,0.00034,0.00034,3,5,0,0,0,0,0,0,0,0,0,0,1,0,1,0,0,0,0,0,0,0,0,,0,0,0,0,
7,5.61,0,-24.2,35,0,0,0,-5.95,0,0,0,0,-9.5,0,0,0,0,-0.00229183,0,0,0,0,0,0,0,0,0,1,80,55,0,0.00034,0.00034,3,5,0,0,0,0,0,0,0,0,0,0,1,0,1,0,0,0,0,0,0,0,0,,0,0,0,0,
8,6.42,0,-21.45,25.5,0,0,0,-3.7,0,0,0,0,-19.5,0,0,0,0,-0.00229183,0,0,0,0,0,0,0,0,0,1,71,55,0,0.00034,0.00034,3,5,0,0,0,0,0,0,0,0,0,0,1,0,1,0,0,0,0,0,0,0,0,,0,0,0,0,
9,6.84,0,-20,26,0,0,0,-10.2,0,0,0,0,-18.5,0,0,0,0,-0.00229183,0,0,0,0,0,0,0,0,0,1,72,55,0,0.00034,0.00034,3,5,0,0,0,0,0,0,0,0,0,0,1,0,1,0,0,0,0,0,0,0,0,,0,0,0,0,
10,7.59,0,32.45,43,0,0,0,6.9,0,0,0,0,7.5,0,0,0,0,-0.00229183,0,0,0,0,0,0,0,0,0,1,89,55,0,0.00034,0.00034,3,5,0,0,0,0,0,0,0,0,0,0,1,0,1,0,0,0,0,0,0,0,0,,0,0,0,0,
11,8.09,0,-24.7,29,0,0,0,10.55,0,0,0,0,-12,0,0,0,0,-0.00229183,0,0,0,0,0,0,0,0,0,1,75,55,0,0.00034,0.00034,3,5,0,0,0,0,0,0,0,0,0,0,1,0,1,0,0,0,0,0,0,0,0,,0,0,0,0,
12,8.52,0,45.2,31.5,0,0,0,5.75,0,0,0,0,7,0,0,0,0,-0.00229183,0,0,0,0,0,0,0,0,0,1,78,55,0,0.00034,0.00034,3,5,0,0,0,0,0,0,0,0,0,0,1,0,1,0,0,0,0,0,0,0,0,,0,0,0,0,
13,8.92,0,-32.95,26,0,0,0,-1.45,0,0,0,0,-10,0,0,0,0,-0.00229183,0,0,0,0,0,0,0,0,0,1,72,55,0,0.00034,0.00034,3,5,0,0,0,0,0,0,0,0,0,0,1,0,1,0,0,0,0,0,0,0,0,,0,0,0,0,
14,9.41,0,-29.2,24.5,0,0,0,-3.55,0,0,0,0,-13.5,0,0,0,0,-0.00229183,0,0,0,0,0,0,0,0,0,1,71,55,0,0.00034,0.00034,3,5,0,0,0,0,0,0,0,0,0,0,1,0,1,0,0,0,0,0,0,0,0,,0,0,0,0,
15,9.82,0,-28.35,20.5,0,0,0,-0.95,0,0,0,0,-17.5,0,0,0,0,-0.00229183,0,0,0,0,0,0,0,0,0,1,67,55,0,0.00034,0.00034,3,5,0,0,0,0,0,0,0,0,0,0,1,0,1,0,0,0,0,0,0,0,0,,0,0,0,0,
16,12.16,0,-12.8,27,0,0,0,12.4,0,0,0,0,-15.5,0,0,0,0,-0.00229183,0,0,0,0,0,0,0,0,0,1,74,55,0,0.00034,0.00034,3,5,0,0,0,0,0,0,0,0,0,0,1,0,1,0,0,0,0,0,0,0,0,,0,0,0,0,
17,12.99,0,-23.3,21,0,0,0,-1.85,0,0,0,0,-18,0,0,0,0,-0.00229183,0,0,0,0,0,0,0,0,0,1,67,55,0,0.00034,0.00034,3,5,0,0,0,0,0,0,0,0,0,0,1,0,1,0,0,0,0,0,0,0,0,,0,0,0,0,
END,Total:18
START,FrameNb:91,CameraNb:0,HeSaiNb:0,ARS410Nb:0
2026/08/02 16:19:40:893---->
heightOffset:0,1785658780893,1070452,selfCaliBufCnt:0,selfAccObjCnt:0,selfAccAngle:0,installHAngleOffset:0,Interpolation:0,installVAngleOffset:0,radarOffsetH:0,radarOffsetV:0.32,Polynom:-0.001023;-0.0511;-2.047;0;0;0;-0.001023;-0.0511;-2.047;-25.5;0;0,WheelDirection:0;0;0;0,selfAngleOffset:0,selfAngleOffsetPit:0,currCaliAngleHrz:0,currCaliAnglePit:0,selfCaliAngleHrz:0,selfCaliAnglePit:0,servCaliAngleHrz:0,servCaliAnglePit:0,offlineCaliAngleHrz:0,offlineCaliAnglePit:0,determine2useFlag:0,IMU_Z_Accel:-21.592,IMU_X_AngularRate:-2.093,IMU_Y_AngularRate:-2.093,IMU_RollAngle:-180,IMU_PitchAngle:-180,IMU_YawAngle:-180,FcwID:0,FCWWarningLevel:0,FCWTTC:0
0,2.35,0,31.5,29.5,0,0,0,10.4,1.37605e-33,0,0,0,-8.5,0,0,0,0,-0.00229183,0,0,0,0,0,0,0,0,0,1,78,59,0,0.00034,0.00034,3,5,0,0,0,0,0,0,0,0,0,0,1,0,0,0,0,0,0,0,0,0,0,,0,0,0,0,
1,2.79,0,-33.8,45,0,0,0,1.2,0,0,0,0,7,0,0,0,0,-0.00229183,0,0,0,0,0,0,0,0,0,1,94,59,0,0.00034,0.00034,3,5,0,0,0,0,0,0,0,0,0,0,1,0,0,0,0,0,0,0,0,0,0,,0,0,0,0,
2,3.26,0,13.8,37.5,0,0,0,1.4,0,0,0,0,-8,0,0,0,0,-0.00229183,0,0,0,0,0,0,0,0,0,1,86,59,0,0.00034,0.00034,3,0,0,0,0,0,0,0,0,0,0,0,1,0,0,0,0,0,0,0,0,0,0,,0,0,0,0,
3,3.58,0,-3.55,32.5,0,0,0,-8.55,0,0,0,0,-16,0,0,0,0,-0.00229183,0,0,0,0,0,0,0,0,0,1,81,59,0,0.00034,0.00034,3,7,0,0,0,0,0,0,0,0,0,0,1,0,0,0,0,0,0,0,0,0,0,,0,0,0,0,
4,4.07,0,1.9,38.5,0,0,0,2.95,0,0,0,0,-9,0,0,0,0,-0.00229183,0,0,0,0,0,0,0,0,0,1,87,59,0,0.00034,0.00034,3,5,0,0,0,0,0,0,0,0,0,0,1,0,0,0,0,0,0,0,0,0,0,,0,0,0,0,
5,5.08,0,-35.7,32.5,0,0,0,-1.25,0,0,0,0,-7.5,0,0,0,0,-0.00229183,0,0,0,0,0,0,0,0,0,1,78,59,0,0.00034,0.00034,3,5,0,0,0,0,0,0,0,0,0,0,1,0,0,0,0,0,0,0,0,0,0,,0,0,0,0,
6,5.61,0,-34.6,35,0,0,0,-3.85,0,0,0,0,-4.5,0,0,0,0,-0.00229183,0,0,0,0,0,0,0,0,0,1,80,59,0,0.00034,0.00034,3,5,0,0,0,0,0,0,0,0,0,0,1,0,0,0,0,0,0,0,0,0,0,,0,0,0,0,
7,5.61,0,-24.3,35,0,0,0,-5.85,0,0,0,0,-9.5,0,0,0,0,-0.00229183,0,0,0,0,0,0,0,0,0,1,80,59,0,0.00034,0.00034,3,5,0,0,0,0,0,0,0,0,0,0,1,0,0,0,0,0,0,0,0,0,0,,0,0,0,0,
8,6.41,0,71.6,25.5,0,0,0,-15,0,0,0,0,18.5,0,0,0,0,-0.00229183,0,0,0,0,0,0,0,0,0,1,71,59,0,0.00034,0.00034,2,-1,0,0,0,0,0,0,0,0,0,0,1,0,0,0,0,0,0,0,0,0,0,,0,0,0,0,
9,6.84,0,-19.95,26,0,0,0,-2.05,0,0,0,0,-19.5,0,0,0,0,-0.00229183,0,0,0,0,0,0,0,0,0,1,72,59,0,0.00034,0.00034,3,5,0,0,0,0,0,0,0,0,0,0,1,0,0,0,0,0,0,0,0,0,0,,0,0,0,0,
10,7.59,0,32.45,43,0,0,0,6.7,0,0,0,0,7.5,0,0,0,0,-0.00229183,0,0,0,0,0,0,0,0,0,1,89,59,0,0.00034,0.00034,3,5,0,0,0,0,0,0,0,0,0,0,1,0,0,0,0,0,0,0,0,0,0,,0,0,0,0,
11,8.51,0,45.3,31,0,0,0,5.9,0,0,0,0,6.5,0,0,0,0,-0.00229183,0,0,0,0,0,0,0,0,0,1,78,59,0,0.00034,0.00034,3,5,0,0,0,0,0,0,0,0,0,0,1,0,0,0,0,0,0,0,0,0,0,,0,0,0,0,
12,8.94,0,-32.9,26,0,0,0,-1.3,0,0,0,0,-10,0,0,0,0,-0.00229183,0,0,0,0,0,0,0,0,0,1,73,59,0,0.00034,0.00034,3,5,0,0,0,0,0,0,0,0,0,0,1,0,0,0,0,0,0,0,0,0,0,,0,0,0,0,
13,9.42,0,-29.2,24.5,0,0,0,-3.45,0,0,0,0,-13,0,0,0,0,-0.00229183,0,0,0,0,0,0,0,0,0,1,71,59,0,0.00034,0.00034,3,5,0,0,0,0,0,0,0,0,0,0,1,0,0,0,0,0,0,0,0,0,0,,0,0,0,0,
14,12.16,0,-12.9,27.5,0,0,0,12.3,0,0,0,0,-15.5,0,0,0,0,-0.00229183,0,0,0,0,0,0,0,0,0,1,74,59,0,0.00034,0.00034,3,5,0,0,0,0,0,0,0,0,0,0,1,0,0,0,0,0,0,0,0,0,0,,0,0,0,0,
15,12.99,0,-23.35,21,0,0,0,-1.7,0,0,0,0,-18,0,0,0,0,-0.00229183,0,0,0,0,0,0,0,0,0,1,67,59,0,0.00034,0.00034,3,5,0,0,0,0,0,0,0,0,0,0,1,0,0,0,0,0,0,0,0,0,0,,0,0,0,0,
END,Total:16
START,FrameNb:92,CameraNb:0,HeSaiNb:0,ARS410Nb:0
2026/08/02 16:19:40:938---->
heightOffset:0,1785658780938,1070508,selfCaliBufCnt:0,selfAccObjCnt:0,selfAccAngle:0,installHAngleOffset:0,Interpolation:0,installVAngleOffset:0,radarOffsetH:0,radarOffsetV:0.32,Polynom:-0.001023;-0.0511;-2.047;0;0;0;-0.001023;-0.0511;-2.047;-25.5;0;0,WheelDirection:0;0;0;0,selfAngleOffset:0,selfAngleOffsetPit:0,currCaliAngleHrz:0,currCaliAnglePit:0,selfCaliAngleHrz:0,selfCaliAnglePit:0,servCaliAngleHrz:0,servCaliAnglePit:0,offlineCaliAngleHrz:0,offlineCaliAnglePit:0,determine2useFlag:0,IMU_Z_Accel:-21.592,IMU_X_AngularRate:-2.093,IMU_Y_AngularRate:-2.093,IMU_RollAngle:-180,IMU_PitchAngle:-180,IMU_YawAngle:-180,FcwID:0,FCWWarningLevel:0,FCWTTC:0
0,2.35,0,51.05,29,0,0,0,-10.2,1.37605e-33,0,0,0,5.5,0,0,0,0,-0.00229183,0,0,0,0,0,0,0,0,0,1,78,55,0,0.00034,0.00034,2,-1,0,0,0,0,0,0,0,0,0,0,1,0,1,0,0,0,0,0,0,0,0,,0,0,0,0,
1,2.79,0,-33.8,45.5,0,0,0,1.2,0,0,0,0,7,0,0,0,0,-0.00229183,0,0,0,0,0,0,0,0,0,1,94,55,0,0.00034,0.00034,3,5,0,0,0,0,0,0,0,0,0,0,1,0,1,0,0,0,0,0,0,0,0,,0,0,0,0,
2,3.26,0,13.8,37.5,0,0,0,1.3,0,0,0,0,-8,0,0,0,0,-0.00229183,0,0,0,0,0,0,0,0,0,1,86,55,0,0.00034,0.00034,3,0,0,0,0,0,0,0,0,0,0,0,1,0,1,0,0,0,0,0,0,0,0,,0,0,0,0,
3,3.58,0,-50.05,32.5,0,0,0,-5.95,0,0,0,0,8,0,0,0,0,-0.00229183,0,0,0,0,0,0,0,0,0,1,81,55,0,0.00034,0.00034,3,7,0,0,0,0,0,0,0,0,0,0,1,0,1,0,0,0,0,0,0,0,0,,0,0,0,0,
4,4.07,0,1.9,38.5,0,0,0,2.95,0,0,0,0,-9,0,0,0,0,-0.00229183,0,0,0,0,0,0,0,0,0,1,87,55,0,0.00034,0.00034,3,5,0,0,0,0,0,0,0,0,0,0,1,0,1,0,0,0,0,0,0,0,0,,0,0,0,0,
5,5.09,0,-35.95,32.5,0,0,0,-1.3,0,0,0,0,-7.5,0,0,0,0,-0.00229183,0,0,0,0,0,0,0,0,0,1,78,55,0,0.00034,0.00034,3,0,0,0,0,0,0,0,0,0,0,0,1,0,1,0,0,0,0,0,0,0,0,,0,0,0,0,
6,5.61,0,-34.55,35.5,0,0,0,-4.05,0,0,0,0,-4.5,0,0,0,0,-0.00229183,0,0,0,0,0,0,0,0,0,1,80,55,0,0.00034,0.00034,3,5,0,0,0,0,0,0,0,0,0,0,1,0,1,0,0,0,0,0,0,0,0,,0,0,0,0,
7,5.61,0,-24.2,35.5,0,0,0,-5.95,0,0,0,0,-9.5,0,0,0,0,-0.00229183,0,0,0,0,0,0,0,0,0,1,80,55,0,0.00034,0.00034,3,5,0,0,0,0,0,0,0,0,0,0,1,0,1,0,0,0,0,0,0,0,0,,0,0,0,0,
8,6.41,0,34.4,26,0,0,0,-10.25,0,0,0,0,-10.5,0,0,0,0,-0.00229183,0,0,0,0,0,0,0,0,0,1,71,55,0,0.00034,0.00034,3,5,0,0,0,0,0,0,0,0,0,0,1,0,1,0,0,0,0,0,0,0,0,,0,0,0,0,
9,6.84,0,49.55,26.5,0,0,0,-9.8,0,0,0,0,2,0,0,0,0,-0.00229183,0,0,0,0,0,0,0,0,0,1,72,55,0,0.00034,0.00034,3,5,0,0,0,0,0,0,0,0,0,0,1,0,1,0,0,0,0,0,0,0,0,,0,0,0,0,
10,7.59,0,32.45,43,0,0,0,6.7,0,0,0,0,7.5,0,0,0,0,-0.00229183,0,0,0,0,0,0,0,0,0,1,89,55,0,0.00034,0.00034,3,5,0,0,0,0,0,0,0,0,0,0,1,0,1,0,0,0,0,0,0,0,0,,0,0,0,0,
11,8.08,0,-24.7,28.5,0,0,0,10.3,0,0,0,0,-12.5,0,0,0,0,-0.00229183,0,0,0,0,0,0,0,0,0,1,75,55,0,0.00034,0.00034,3,5,0,0,0,0,0,0,0,0,0,0,1,0,1,0,0,0,0,0,0,0,0,,0,0,0,0,
12,8.52,0,45.3,31,0,0,0,5.75,0,0,0,0,6.5,0,0,0,0,-0.00229183,0,0,0,0,0,0,0,0,0,1,77,55,0,0.00034,0.00034,3,5,0,0,0,0,0,0,0,0,0,0,1,0,1,0,0,0,0,0,0,0,0,,0,0,0,0,
13,8.92,0,-32.95,26,0,0,0,-1.45,0,0,0,0,-10,0,0,0,0,-0.00229183,0,0,0,0,0,0,0,0,0,1,73,55,0,0.00034,0.00034,3,5,0,0,0,0,0,0,0,0,0,0,1,0,1,0,0,0,0,0,0,0,0,,0,0,0,0,
14,9.42,0,-29.2,24.5,0,0,0,-3.35,0,0,0,0,-13.5,0,0,0,0,-0.00229183,0,0,0,0,0,0,0,0,0,1,71,55,0,0.00034,0.00034,3,5,0,0,0,0,0,0,0,0,0,0,1,0,1,0,0,0,0,0,0,0,0,,0,0,0,0,
15,12.16,0,-12.85,27,0,0,0,12.25,0,0,0,0,-15.5,0,0,0,0,-0.00229183,0,0,0,0,0,0,0,0,0,1,74,55,0,0.00034,0.00034,3,5,0,0,0,0,0,0,0,0,0,0,1,0,1,0,0,0,0,0,0,0,0,,0,0,0,0,
16,12.99,0,-23.1,21,0,0,0,-1.75,0,0,0,0,-17.5,0,0,0,0,-0.00229183,0,0,0,0,0,0,0,0,0,1,68,55,0,0.00034,0.00034,3,5,0,0,0,0,0,0,0,0,0,0,1,0,1,0,0,0,0,0,0,0,0,,0,0,0,0,
END,Total:17
START,FrameNb:93,CameraNb:0,HeSaiNb:0,ARS410Nb:0
2026/08/02 16:19:41:001---->
heightOffset:0,1785658781001,1070568,selfCaliBufCnt:0,selfAccObjCnt:0,selfAccAngle:0,installHAngleOffset:0,Interpolation:0,installVAngleOffset:0,radarOffsetH:0,radarOffsetV:0.32,Polynom:-0.001023;-0.0511;-2.047;0;0;0;-0.001023;-0.0511;-2.047;-25.5;0;0,WheelDirection:0;0;0;0,selfAngleOffset:0,selfAngleOffsetPit:0,currCaliAngleHrz:0,currCaliAnglePit:0,selfCaliAngleHrz:0,selfCaliAnglePit:0,servCaliAngleHrz:0,servCaliAnglePit:0,offlineCaliAngleHrz:0,offlineCaliAnglePit:0,determine2useFlag:0,IMU_Z_Accel:-21.592,IMU_X_AngularRate:-2.093,IMU_Y_AngularRate:-2.093,IMU_RollAngle:-180,IMU_PitchAngle:-180,IMU_YawAngle:-180,FcwID:0,FCWWarningLevel:0,FCWTTC:0
0,2.35,0,50.4,29.5,0,0,0,-10.1,1.37605e-33,0,0,0,4.5,0,0,0,0,-0.00229183,0,0,0,0,0,0,0,0,0,1,78,62,0,0.00034,0.00034,3,5,0,0,0,0,0,0,0,0,0,0,1,0,0,0,0,0,0,0,0,0,0,,0,0,0,0,
1,2.79,0,-33.8,45.5,0,0,0,1.2,0,0,0,0,7,0,0,0,0,-0.00229183,0,0,0,0,0,0,0,0,0,1,94,62,0,0.00034,0.00034,3,5,0,0,0,0,0,0,0,0,0,0,1,0,0,0,0,0,0,0,0,0,0,,0,0,0,0,
2,3.27,0,13.8,37.5,0,0,0,1.4,0,0,0,0,-8,0,0,0,0,-0.00229183,0,0,0,0,0,0,0,0,0,1,86,62,0,0.00034,0.00034,3,0,0,0,0,0,0,0,0,0,0,0,1,0,0,0,0,0,0,0,0,0,0,,0,0,0,0,
3,3.58,0,-3.55,32.5,0,0,0,-8.6,0,0,0,0,-16,0,0,0,0,-0.00229183,0,0,0,0,0,0,0,0,0,1,81,62,0,0.00034,0.00034,3,7,0,0,0,0,0,0,0,0,0,0,1,0,0,0,0,0,0,0,0,0,0,,0,0,0,0,
4,4.07,0,1.9,38.5,0,0,0,2.95,0,0,0,0,-9,0,0,0,0,-0.00229183,0,0,0,0,0,0,0,0,0,1,87,62,0,0.00034,0.00034,3,5,0,0,0,0,0,0,0,0,0,0,1,0,0,0,0,0,0,0,0,0,0,,0,0,0,0,
5,5.09,0,-35.85,32.5,0,0,0,-1.3,0,0,0,0,-7.5,0,0,0,0,-0.00229183,0,0,0,0,0,0,0,0,0,1,78,62,0,0.00034,0.00034,3,5,0,0,0,0,0,0,0,0,0,0,1,0,0,0,0,0,0,0,0,0,0,,0,0,0,0,
6,5.61,0,-34.55,35.5,0,0,0,-4.2,0,0,0,0,-4.5,0,0,0,0,-0.00229183,0,0,0,0,0,0,0,0,0,1,80,62,0,0.00034,0.00034,3,5,0,0,0,0,0,0,0,0,0,0,1,0,0,0,0,0,0,0,0,0,0,,0,0,0,0,
7,5.61,0,-24.2,35.5,0,0,0,-6.05,0,0,0,0,-9.5,0,0,0,0,-0.00229183,0,0,0,0,0,0,0,0,0,1,80,62,0,0.00034,0.00034,3,5,0,0,0,0,0,0,0,0,0,0,1,0,0,0,0,0,0,0,0,0,0,,0,0,0,0,
8,6.4,0,71.7,25.5,0,0,0,-15,0,0,0,0,18.5,0,0,0,0,-0.00229183,0,0,0,0,0,0,0,0,0,1,71,62,0,0.00034,0.00034,2,-1,0,0,0,0,0,0,0,0,0,0,1,0,0,0,0,0,0,0,0,0,0,,0,0,0,0,
9,6.84,0,-19.7,26,0,0,0,-10.35,0,0,0,0,-19.5,0,0,0,0,-0.00229183,0,0,0,0,0,0,0,0,0,1,72,62,0,0.00034,0.00034,3,5,0,0,0,0,0,0,0,0,0,0,1,0,0,0,0,0,0,0,0,0,0,,0,0,0,0,
10,7.6,0,32.45,43,0,0,0,6.65,0,0,0,0,7.5,0,0,0,0,-0.00229183,0,0,0,0,0,0,0,0,0,1,89,62,0,0.00034,0.00034,3,5,0,0,0,0,0,0,0,0,0,0,1,0,0,0,0,0,0,0,0,0,0,,0,0,0,0,
11,8.07,0,-24.65,29,0,0,0,10.7,0,0,0,0,-12,0,0,0,0,-0.00229183,0,0,0,0,0,0,0,0,0,1,75,62,0,0.00034,0.00034,3,5,0,0,0,0,0,0,0,0,0,0,1,0,0,0,0,0,0,0,0,0,0,,0,0,0,0,
12,8.51,0,45.35,31,0,0,0,5.9,0,0,0,0,6.5,0,0,0,0,-0.00229183,0,0,0,0,0,0,0,0,0,1,77,62,0,0.00034,0.00034,3,5,0,0,0,0,0,0,0,0,0,0,1,0,0,0,0,0,0,0,0,0,0,,0,0,0,0,
13,8.93,0,-32.95,26.5,0,0,0,-1.45,0,0,0,0,-10,0,0,0,0,-0.00229183,0,0,0,0,0,0,0,0,0,1,73,62,0,0.00034,0.00034,3,5,0,0,0,0,0,0,0,0,0,0,1,0,0,0,0,0,0,0,0,0,0,,0,0,0,0,
14,9.41,0,-29.15,24.5,0,0,0,-3.35,0,0,0,0,-13.5,0,0,0,0,-0.00229183,0,0,0,0,0,0,0,0,0,1,71,62,0,0.00034,0.00034,3,0,0,0,0,0,0,0,0,0,0,0,1,0,0,0,0,0,0,0,0,0,0,,0,0,0,0,
15,12.16,0,-12.9,27,0,0,0,12.2,0,0,0,0,-15.5,0,0,0,0,-0.00229183,0,0,0,0,0,0,0,0,0,1,74,62,0,0.00034,0.00034,3,5,0,0,0,0,0,0,0,0,0,0,1,0,0,0,0,0,0,0,0,0,0,,0,0,0,0,
16,12.99,0,-23.35,21,0,0,0,-1.85,0,0,0,0,-17.5,0,0,0,0,-0.00229183,0,0,0,0,0,0,0,0,0,1,68,62,0,0.00034,0.00034,3,5,0,0,0,0,0,0,0,0,0,0,1,0,0,0,0,0,0,0,0,0,0,,0,0,0,0,
END,Total:17
START,FrameNb:94,CameraNb:0,HeSaiNb:0,ARS410Nb:0
2026/08/02 16:19:41:064---->
heightOffset:0,1785658781064,1070632,selfCaliBufCnt:0,selfAccObjCnt:0,selfAccAngle:0,installHAngleOffset:0,Interpolation:0,installVAngleOffset:0,radarOffsetH:0,radarOffsetV:0.32,Polynom:-0.001023;-0.0511;-2.047;0;0;0;-0.001023;-0.0511;-2.047;-25.5;0;0,WheelDirection:0;0;0;0,selfAngleOffset:0,selfAngleOffsetPit:0,currCaliAngleHrz:0,currCaliAnglePit:0,selfCaliAngleHrz:0,selfCaliAnglePit:0,servCaliAngleHrz:0,servCaliAnglePit:0,offlineCaliAngleHrz:0,offlineCaliAnglePit:0,determine2useFlag:0,IMU_Z_Accel:-21.592,IMU_X_AngularRate:-2.093,IMU_Y_AngularRate:-2.093,IMU_RollAngle:-180,IMU_PitchAngle:-180,IMU_YawAngle:-180,FcwID:0,FCWWarningLevel:0,FCWTTC:0
0,2.35,0,51.1,29,0,0,0,-10.2,1.37605e-33,0,0,0,5.5,0,0,0,0,-0.00229183,0,0,0,0,0,0,0,0,0,1,78,60,0,0.00034,0.00034,3,5,0,0,0,0,0,0,0,0,0,0,1,0,1,0,0,0,0,0,0,0,0,,0,0,0,0,
1,2.79,0,-33.8,45,0,0,0,1.2,0,0,0,0,7,0,0,0,0,-0.00229183,0,0,0,0,0,0,0,0,0,1,94,60,0,0.00034,0.00034,3,5,0,0,0,0,0,0,0,0,0,0,1,0,1,0,0,0,0,0,0,0,0,,0,0,0,0,
2,3.26,0,13.8,37.5,0,0,0,1.3,0,0,0,0,-8,0,0,0,0,-0.00229183,0,0,0,0,0,0,0,0,0,1,86,60,0,0.00034,0.00034,3,0,0,0,0,0,0,0,0,0,0,0,1,0,1,0,0,0,0,0,0,0,0,,0,0,0,0,
3,3.58,0,-50.2,32.5,0,0,0,-5.95,0,0,0,0,8,0,0,0,0,-0.00229183,0,0,0,0,0,0,0,0,0,1,81,60,0,0.00034,0.00034,3,5,0,0,0,0,0,0,0,0,0,0,1,0,1,0,0,0,0,0,0,0,0,,0,0,0,0,
4,4.07,0,1.9,38.5,0,0,0,2.95,0,0,0,0,-9,0,0,0,0,-0.00229183,0,0,0,0,0,0,0,0,0,1,87,60,0,0.00034,0.00034,3,5,0,0,0,0,0,0,0,0,0,0,1,0,1,0,0,0,0,0,0,0,0,,0,0,0,0,
5,5.1,0,-35.95,32,0,0,0,-1.1,0,0,0,0,-7.5,0,0,0,0,-0.00229183,0,0,0,0,0,0,0,0,0,1,78,60,0,0.00034,0.00034,3,0,0,0,0,0,0,0,0,0,0,0,1,0,1,0,0,0,0,0,0,0,0,,0,0,0,0,
6,5.61,0,-34.55,35,0,0,0,-3.8,0,0,0,0,-4.5,0,0,0,0,-0.00229183,0,0,0,0,0,0,0,0,0,1,80,60,0,0.00034,0.00034,3,5,0,0,0,0,0,0,0,0,0,0,1,0,1,0,0,0,0,0,0,0,0,,0,0,0,0,
7,5.61,0,-24.3,35,0,0,0,-5.7,0,0,0,0,-9.5,0,0,0,0,-0.00229183,0,0,0,0,0,0,0,0,0,1,80,60,0,0.00034,0.00034,3,5,0,0,0,0,0,0,0,0,0,0,1,0,1,0,0,0,0,0,0,0,0,,0,0,0,0,
8,6.36,0,34.2,25.5,0,0,0,-9.95,0,0,0,0,-10.5,0,0,0,0,-0.00229183,0,0,0,0,0,0,0,0,0,1,71,60,0,0.00034,0.00034,3,5,0,0,0,0,0,0,0,0,0,0,1,0,1,0,0,0,0,0,0,0,0,,0,0,0,0,
9,6.84,0,-36.2,26,0,0,0,-0.95,0,0,0,0,-10.5,0,0,0,0,-0.00229183,0,0,0,0,0,0,0,0,0,1,72,60,0,0.00034,0.00034,3,5,0,0,0,0,0,0,0,0,0,0,1,0,1,0,0,0,0,0,0,0,0,,0,0,0,0,
10,7.59,0,32.4,42.5,0,0,0,6.65,0,0,0,0,7.5,0,0,0,0,-0.00229183,0,0,0,0,0,0,0,0,0,1,89,60,0,0.00034,0.00034,3,5,0,0,0,0,0,0,0,0,0,0,1,0,1,0,0,0,0,0,0,0,0,,0,0,0,0,
11,8.14,0,-24.7,28.5,0,0,0,10.45,0,0,0,0,-12.5,0,0,0,0,-0.00229183,0,0,0,0,0,0,0,0,0,1,75,60,0,0.00034,0.00034,3,5,0,0,0,0,0,0,0,0,0,0,1,0,1,0,0,0,0,0,0,0,0,,0,0,0,0,
12,8.52,0,45.3,31,0,0,0,5.75,0,0,0,0,6.5,0,0,0,0,-0.00229183,0,0,0,0,0,0,0,0,0,1,77,60,0,0.00034,0.00034,3,5,0,0,0,0,0,0,0,0,0,0,1,0,1,0,0,0,0,0,0,0,0,,0,0,0,0,
13,8.93,0,-32.9,26,0,0,0,-1.3,0,0,0,0,-10,0,0,0,0,-0.00229183,0,0,0,0,0,0,0,0,0,1,73,60,0,0.00034,0.00034,3,5,0,0,0,0,0,0,0,0,0,0,1,0,1,0,0,0,0,0,0,0,0,,0,0,0,0,
14,9.41,0,-29.15,24.5,0,0,0,-3.35,0,0,0,0,-13,0,0,0,0,-0.00229183,0,0,0,0,0,0,0,0,0,1,71,60,0,0.00034,0.00034,3,0,0,0,0,0,0,0,0,0,0,0,1,0,1,0,0,0,0,0,0,0,0,,0,0,0,0,
15,9.76,0,-28.3,20.5,0,0,0,-1,0,0,0,0,-17.5,0,0,0,0,-0.00229183,0,0,0,0,0,0,0,0,0,1,67,60,0,0.00034,0.00034,3,5,0,0,0,0,0,0,0,0,0,0,1,0,1,0,0,0,0,0,0,0,0,,0,0,0,0,
16,12.16,0,-12.8,27,0,0,0,12.2,0,0,0,0,-15.5,0,0,0,0,-0.00229183,0,0,0,0,0,0,0,0,0,1,74,60,0,0.00034,0.00034,3,5,0,0,0,0,0,0,0,0,0,0,1,0,1,0,0,0,0,0,0,0,0,,0,0,0,0,
17,13,0,-23.3,21,0,0,0,-1.3,0,0,0,0,-18,0,0,0,0,-0.00229183,0,0,0,0,0,0,0,0,0,1,67,60,0,0.00034,0.00034,3,5,0,0,0,0,0,0,0,0,0,0,1,0,1,0,0,0,0,0,0,0,0,,0,0,0,0,
END,Total:18
START,FrameNb:95,CameraNb:0,HeSaiNb:0,ARS410Nb:0
2026/08/02 16:19:41:095---->
heightOffset:0,1785658781095,1070688,selfCaliBufCnt:0,selfAccObjCnt:0,selfAccAngle:0,installHAngleOffset:0,Interpolation:0,installVAngleOffset:0,radarOffsetH:0,radarOffsetV:0.32,Polynom:-0.001023;-0.0511;-2.047;0;0;0;-0.001023;-0.0511;-2.047;-25.5;0;0,WheelDirection:0;0;0;0,selfAngleOffset:0,selfAngleOffsetPit:0,currCaliAngleHrz:0,currCaliAnglePit:0,selfCaliAngleHrz:0,selfCaliAnglePit:0,servCaliAngleHrz:0,servCaliAnglePit:0,offlineCaliAngleHrz:0,offlineCaliAnglePit:0,determine2useFlag:0,IMU_Z_Accel:-21.592,IMU_X_AngularRate:-2.093,IMU_Y_AngularRate:-2.093,IMU_RollAngle:-180,IMU_PitchAngle:-180,IMU_YawAngle:-180,FcwID:0,FCWWarningLevel:0,FCWTTC:0
0,2.35,0,50.45,29,0,0,0,-10.2,1.37605e-33,0,0,0,4.5,0,0,0,0,-0.00229183,0,0,0,0,0,0,0,0,0,1,78,59,0,0.00034,0.00034,3,5,0,0,0,0,0,0,0,0,0,0,1,0,0,0,0,0,0,0,0,0,0,,0,0,0,0,
1,2.79,0,-33.8,45,0,0,0,1.2,0,0,0,0,7,0,0,0,0,-0.00229183,0,0,0,0,0,0,0,0,0,1,94,59,0,0.00034,0.00034,3,5,0,0,0,0,0,0,0,0,0,0,1,0,0,0,0,0,0,0,0,0,0,,0,0,0,0,
2,3.27,0,13.8,37.5,0,0,0,1.4,0,0,0,0,-8,0,0,0,0,-0.00229183,0,0,0,0,0,0,0,0,0,1,86,59,0,0.00034,0.00034,3,0,0,0,0,0,0,0,0,0,0,0,1,0,0,0,0,0,0,0,0,0,0,,0,0,0,0,
3,3.58,0,-3.65,32.5,0,0,0,-8.35,0,0,0,0,-16,0,0,0,0,-0.00229183,0,0,0,0,0,0,0,0,0,1,81,59,0,0.00034,0.00034,3,7,0,0,0,0,0,0,0,0,0,0,1,0,0,0,0,0,0,0,0,0,0,,0,0,0,0,
4,4.07,0,1.9,38.5,0,0,0,2.95,0,0,0,0,-9,0,0,0,0,-0.00229183,0,0,0,0,0,0,0,0,0,1,87,59,0,0.00034,0.00034,3,5,0,0,0,0,0,0,0,0,0,0,1,0,0,0,0,0,0,0,0,0,0,,0,0,0,0,
5,5.08,0,-35.8,32,0,0,0,-1.3,0,0,0,0,-7.5,0,0,0,0,-0.00229183,0,0,0,0,0,0,0,0,0,1,78,59,0,0.00034,0.00034,3,5,0,0,0,0,0,0,0,0,0,0,1,0,0,0,0,0,0,0,0,0,0,,0,0,0,0,
6,5.6,0,-34.55,35,0,0,0,-3.85,0,0,0,0,-4.5,0,0,0,0,-0.00229183,0,0,0,0,0,0,0,0,0,1,80,59,0,0.00034,0.00034,3,5,0,0,0,0,0,0,0,0,0,0,1,0,0,0,0,0,0,0,0,0,0,,0,0,0,0,
7,5.6,0,-24.3,35,0,0,0,-5.85,0,0,0,0,-9.5,0,0,0,0,-0.00229183,0,0,0,0,0,0,0,0,0,1,80,59,0,0.00034,0.00034,3,5,0,0,0,0,0,0,0,0,0,0,1,0,0,0,0,0,0,0,0,0,0,,0,0,0,0,
8,6.41,0,71.6,25,0,0,0,-15,0,0,0,0,18,0,0,0,0,-0.00229183,0,0,0,0,0,0,0,0,0,1,71,59,0,0.00034,0.00034,3,5,0,0,0,0,0,0,0,0,0,0,1,0,0,0,0,0,0,0,0,0,0,,0,0,0,0,
9,6.83,0,49.7,25.5,0,0,0,4.2,0,0,0,0,1.5,0,0,0,0,-0.00229183,0,0,0,0,0,0,0,0,0,1,71,59,0,0.00034,0.00034,3,5,0,0,0,0,0,0,0,0,0,0,1,0,0,0,0,0,0,0,0,0,0,,0,0,0,0,
10,7.59,0,32.4,42.5,0,0,0,6.55,0,0,0,0,7.5,0,0,0,0,-0.00229183,0,0,0,0,0,0,0,0,0,1,89,59,0,0.00034,0.00034,3,5,0,0,0,0,0,0,0,0,0,0,1,0,0,0,0,0,0,0,0,0,0,,0,0,0,0,
11,8.07,0,-24.7,29,0,0,0,10.7,0,0,0,0,-12,0,0,0,0,-0.00229183,0,0,0,0,0,0,0,0,0,1,75,59,0,0.00034,0.00034,3,5,0,0,0,0,0,0,0,0,0,0,1,0,0,0,0,0,0,0,0,0,0,,0,0,0,0,
12,8.51,0,45.35,31,0,0,0,5.8,0,0,0,0,6.5,0,0,0,0,-0.00229183,0,0,0,0,0,0,0,0,0,1,77,59,0,0.00034,0.00034,3,5,0,0,0,0,0,0,0,0,0,0,1,0,0,0,0,0,0,0,0,0,0,,0,0,0,0,
13,8.94,0,-32.9,26,0,0,0,-1.45,0,0,0,0,-10,0,0,0,0,-0.00229183,0,0,0,0,0,0,0,0,0,1,73,59,0,0.00034,0.00034,3,5,0,0,0,0,0,0,0,0,0,0,1,0,0,0,0,0,0,0,0,0,0,,0,0,0,0,
14,9.41,0,-29.3,24.5,0,0,0,-3.3,0,0,0,0,-13,0,0,0,0,-0.00229183,0,0,0,0,0,0,0,0,0,1,71,59,0,0.00034,0.00034,3,0,0,0,0,0,0,0,0,0,0,0,1,0,0,0,0,0,0,0,0,0,0,,0,0,0,0,
15,9.73,0,-28.1,21,0,0,0,-1.45,0,0,0,0,-17.5,0,0,0,0,-0.00229183,0,0,0,0,0,0,0,0,0,1,68,59,0,0.00034,0.00034,3,5,0,0,0,0,0,0,0,0,0,0,1,0,0,0,0,0,0,0,0,0,0,,0,0,0,0,
16,12.16,0,-12.85,27,0,0,0,12.25,0,0,0,0,-15.5,0,0,0,0,-0.00229183,0,0,0,0,0,0,0,0,0,1,74,59,0,0.00034,0.00034,3,5,0,0,0,0,0,0,0,0,0,0,1,0,0,0,0,0,0,0,0,0,0,,0,0,0,0,
17,12.99,0,-23.45,21,0,0,0,-1.7,0,0,0,0,-17.5,0,0,0,0,-0.00229183,0,0,0,0,0,0,0,0,0,1,68,59,0,0.00034,0.00034,3,5,0,0,0,0,0,0,0,0,0,0,1,0,0,0,0,0,0,0,0,0,0,,0,0,0,0,
END,Total:18
START,FrameNb:96,CameraNb:0,HeSaiNb:0,ARS410Nb:0
2026/08/02 16:19:41:189---->
heightOffset:0,1785658781189,1070744,selfCaliBufCnt:0,selfAccObjCnt:0,selfAccAngle:0,installHAngleOffset:0,Interpolation:0,installVAngleOffset:0,radarOffsetH:0,radarOffsetV:0.32,Polynom:-0.001023;-0.0511;-2.047;0;0;0;-0.001023;-0.0511;-2.047;-25.5;0;0,WheelDirection:0;0;0;0,selfAngleOffset:0,selfAngleOffsetPit:0,currCaliAngleHrz:0,currCaliAnglePit:0,selfCaliAngleHrz:0,selfCaliAnglePit:0,servCaliAngleHrz:0,servCaliAnglePit:0,offlineCaliAngleHrz:0,offlineCaliAnglePit:0,determine2useFlag:0,IMU_Z_Accel:-21.592,IMU_X_AngularRate:-2.093,IMU_Y_AngularRate:-2.093,IMU_RollAngle:-180,IMU_PitchAngle:-180,IMU_YawAngle:-180,FcwID:0,FCWWarningLevel:0,FCWTTC:0
0,2.35,0,51.05,29,0,0,0,-10.2,1.37605e-33,0,0,0,5.5,0,0,0,0,-0.00229183,0,0,0,0,0,0,0,0,0,1,78,55,0,0.00034,0.00034,3,5,0,0,0,0,0,0,0,0,0,0,1,0,1,0,0,0,0,0,0,0,0,,0,0,0,0,
1,2.79,0,-33.8,45,0,0,0,1.2,0,0,0,0,7,0,0,0,0,-0.00229183,0,0,0,0,0,0,0,0,0,1,94,55,0,0.00034,0.00034,3,5,0,0,0,0,0,0,0,0,0,0,1,0,1,0,0,0,0,0,0,0,0,,0,0,0,0,
2,3.26,0,13.8,37.5,0,0,0,1.3,0,0,0,0,-8,0,0,0,0,-0.00229183,0,0,0,0,0,0,0,0,0,1,86,55,0,0.00034,0.00034,3,0,0,0,0,0,0,0,0,0,0,0,1,0,1,0,0,0,0,0,0,0,0,,0,0,0,0,
3,3.58,0,-50.3,32.5,0,0,0,-6,0,0,0,0,7.5,0,0,0,0,-0.00229183,0,0,0,0,0,0,0,0,0,1,80,55,0,0.00034,0.00034,3,5,0,0,0,0,0,0,0,0,0,0,1,0,1,0,0,0,0,0,0,0,0,,0,0,0,0,
4,4.07,0,1.9,38.5,0,0,0,2.95,0,0,0,0,-9,0,0,0,0,-0.00229183,0,0,0,0,0,0,0,0,0,1,87,55,0,0.00034,0.00034,3,5,0,0,0,0,0,0,0,0,0,0,1,0,1,0,0,0,0,0,0,0,0,,0,0,0,0,
5,5.1,0,-36.05,32,0,0,0,-1.1,0,0,0,0,-6.5,0,0,0,0,-0.00229183,0,0,0,0,0,0,0,0,0,1,78,55,0,0.00034,0.00034,3,0,0,0,0,0,0,0,0,0,0,0,1,0,1,0,0,0,0,0,0,0,0,,0,0,0,0,
6,5.61,0,-34.55,35,0,0,0,-3.75,0,0,0,0,-4.5,0,0,0,0,-0.00229183,0,0,0,0,0,0,0,0,0,1,80,55,0,0.00034,0.00034,3,5,0,0,0,0,0,0,0,0,0,0,1,0,1,0,0,0,0,0,0,0,0,,0,0,0,0,
7,5.61,0,-24.3,35,0,0,0,-5.7,0,0,0,0,-9.5,0,0,0,0,-0.00229183,0,0,0,0,0,0,0,0,0,1,80,55,0,0.00034,0.00034,3,5,0,0,0,0,0,0,0,0,0,0,1,0,1,0,0,0,0,0,0,0,0,,0,0,0,0,
8,6.4,0,34.3,25.5,0,0,0,-10,0,0,0,0,-11,0,0,0,0,-0.00229183,0,0,0,0,0,0,0,0,0,1,71,55,0,0.00034,0.00034,3,5,0,0,0,0,0,0,0,0,0,0,1,0,1,0,0,0,0,0,0,0,0,,0,0,0,0,
9,6.83,0,-19.95,26,0,0,0,-10.05,0,0,0,0,-19.5,0,0,0,0,-0.00229183,0,0,0,0,0,0,0,0,0,1,72,55,0,0.00034,0.00034,3,5,0,0,0,0,0,0,0,0,0,0,1,0,1,0,0,0,0,0,0,0,0,,0,0,0,0,
10,7.59,0,32.45,43,0,0,0,6.7,0,0,0,0,7.5,0,0,0,0,-0.00229183,0,0,0,0,0,0,0,0,0,1,89,55,0,0.00034,0.00034,3,5,0,0,0,0,0,0,0,0,0,0,1,0,1,0,0,0,0,0,0,0,0,,0,0,0,0,
11,8.11,0,-24.7,28.5,0,0,0,10.65,0,0,0,0,-12,0,0,0,0,-0.00229183,0,0,0,0,0,0,0,0,0,1,75,55,0,0.00034,0.00034,3,5,0,0,0,0,0,0,0,0,0,0,1,0,1,0,0,0,0,0,0,0,0,,0,0,0,0,
12,8.52,0,45.3,31,0,0,0,5.45,0,0,0,0,7,0,0,0,0,-0.00229183,0,0,0,0,0,0,0,0,0,1,78,55,0,0.00034,0.00034,3,5,0,0,0,0,0,0,0,0,0,0,1,0,1,0,0,0,0,0,0,0,0,,0,0,0,0,
13,8.93,0,-32.8,26.5,0,0,0,-1.3,0,0,0,0,-10,0,0,0,0,-0.00229183,0,0,0,0,0,0,0,0,0,1,73,55,0,0.00034,0.00034,3,5,0,0,0,0,0,0,0,0,0,0,1,0,1,0,0,0,0,0,0,0,0,,0,0,0,0,
14,9.39,0,-29.3,24.5,0,0,0,-3.3,0,0,0,0,-13.5,0,0,0,0,-0.00229183,0,0,0,0,0,0,0,0,0,1,71,55,0,0.00034,0.00034,3,0,0,0,0,0,0,0,0,0,0,0,1,0,1,0,0,0,0,0,0,0,0,,0,0,0,0,
15,9.86,0,-28.1,20.5,0,0,0,-1.6,0,0,0,0,-17.5,0,0,0,0,-0.00229183,0,0,0,0,0,0,0,0,0,1,67,55,0,0.00034,0.00034,3,5,0,0,0,0,0,0,0,0,0,0,1,0,1,0,0,0,0,0,0,0,0,,0,0,0,0,
16,12.16,0,-12.85,27,0,0,0,12.05,0,0,0,0,-15.5,0,0,0,0,-0.00229183,0,0,0,0,0,0,0,0,0,1,74,55,0,0.00034,0.00034,3,5,0,0,0,0,0,0,0,0,0,0,1,0,1,0,0,0,0,0,0,0,0,,0,0,0,0,
17,12.99,0,-23.15,21,0,0,0,-1.95,0,0,0,0,-18,0,0,0,0,-0.00229183,0,0,0,0,0,0,0,0,0,1,67,55,0,0.00034,0.00034,3,5,0,0,0,0,0,0,0,0,0,0,1,0,1,0,0,0,0,0,0,0,0,,0,0,0,0,
END,Total:18
START,FrameNb:97,CameraNb:0,HeSaiNb:0,ARS410Nb:0
2026/08/02 16:19:41:252---->
heightOffset:0,1785658781252,1070800,selfCaliBufCnt:0,selfAccObjCnt:0,selfAccAngle:0,installHAngleOffset:0,Interpolation:0,installVAngleOffset:0,radarOffsetH:0,radarOffsetV:0.32,Polynom:-0.001023;-0.0511;-2.047;0;0;0;-0.001023;-0.0511;-2.047;-25.5;0;0,WheelDirection:0;0;0;0,selfAngleOffset:0,selfAngleOffsetPit:0,currCaliAngleHrz:0,currCaliAnglePit:0,selfCaliAngleHrz:0,selfCaliAnglePit:0,servCaliAngleHrz:0,servCaliAnglePit:0,offlineCaliAngleHrz:0,offlineCaliAnglePit:0,determine2useFlag:0,IMU_Z_Accel:-21.592,IMU_X_AngularRate:-2.093,IMU_Y_AngularRate:-2.093,IMU_RollAngle:-180,IMU_PitchAngle:-180,IMU_YawAngle:-180,FcwID:0,FCWWarningLevel:0,FCWTTC:0
0,1.94,0,-39.7,19,0,0,0,-0.95,1.37605e-33,0,0,0,-16,0,0,0,0,-0.00229183,0,0,0,0,0,0,0,0,0,1,68,59,0,0.00034,0.00034,3,5,0,0,0,0,0,0,0,0,0,0,1,0,0,0,0,0,0,0,0,0,0,,0,0,0,0,
1,2.35,0,31.5,29.5,0,0,0,10.4,0,0,0,0,-8.5,0,0,0,0,-0.00229183,0,0,0,0,0,0,0,0,0,1,78,59,0,0.00034,0.00034,3,5,0,0,0,0,0,0,0,0,0,0,1,0,0,0,0,0,0,0,0,0,0,,0,0,0,0,
2,2.79,0,-33.8,45,0,0,0,1.2,0,0,0,0,7,0,0,0,0,-0.00229183,0,0,0,0,0,0,0,0,0,1,94,59,0,0.00034,0.00034,3,5,0,0,0,0,0,0,0,0,0,0,1,0,0,0,0,0,0,0,0,0,0,,0,0,0,0,
3,3.26,0,13.8,37.5,0,0,0,1.4,0,0,0,0,-8,0,0,0,0,-0.00229183,0,0,0,0,0,0,0,0,0,1,86,59,0,0.00034,0.00034,3,0,0,0,0,0,0,0,0,0,0,0,1,0,0,0,0,0,0,0,0,0,0,,0,0,0,0,
4,3.58,0,-3.7,32.5,0,0,0,-8.6,0,0,0,0,-16,0,0,0,0,-0.00229183,0,0,0,0,0,0,0,0,0,1,81,59,0,0.00034,0.00034,3,7,0,0,0,0,0,0,0,0,0,0,1,0,0,0,0,0,0,0,0,0,0,,0,0,0,0,
5,4.07,0,1.9,38.5,0,0,0,2.95,0,0,0,0,-9,0,0,0,0,-0.00229183,0,0,0,0,0,0,0,0,0,1,87,59,0,0.00034,0.00034,3,5,0,0,0,0,0,0,0,0,0,0,1,0,0,0,0,0,0,0,0,0,0,,0,0,0,0,
6,5.09,0,-35.85,32.5,0,0,0,-1.05,0,0,0,0,-7.5,0,0,0,0,-0.00229183,0,0,0,0,0,0,0,0,0,1,78,59,0,0.00034,0.00034,3,0,0,0,0,0,0,0,0,0,0,0,1,0,0,0,0,0,0,0,0,0,0,,0,0,0,0,
7,5.6,0,-24.2,35,0,0,0,-6.1,0,0,0,0,-9.5,0,0,0,0,-0.00229183,0,0,0,0,0,0,0,0,0,1,80,59,0,0.00034,0.00034,3,5,0,0,0,0,0,0,0,0,0,0,1,0,0,0,0,0,0,0,0,0,0,,0,0,0,0,
8,5.6,0,-34.6,35,0,0,0,-4.05,0,0,0,0,-4.5,0,0,0,0,-0.00229183,0,0,0,0,0,0,0,0,0,1,80,59,0,0.00034,0.00034,3,5,0,0,0,0,0,0,0,0,0,0,1,0,0,0,0,0,0,0,0,0,0,,0,0,0,0,
9,6.37,0,71.6,25.5,0,0,0,-5.7,0,0,0,0,18.5,0,0,0,0,-0.00229183,0,0,0,0,0,0,0,0,0,1,71,59,0,0.00034,0.00034,2,-1,0,0,0,0,0,0,0,0,0,0,1,0,0,0,0,0,0,0,0,0,0,,0,0,0,0,
10,6.83,0,-19.7,26,0,0,0,-9.85,0,0,0,0,-20,0,0,0,0,-0.00229183,0,0,0,0,0,0,0,0,0,1,71,59,0,0.00034,0.00034,3,5,0,0,0,0,0,0,0,0,0,0,1,0,0,0,0,0,0,0,0,0,0,,0,0,0,0,
11,7.59,0,32.45,43,0,0,0,6.75,0,0,0,0,7.5,0,0,0,0,-0.00229183,0,0,0,0,0,0,0,0,0,1,89,59,0,0.00034,0.00034,3,5,0,0,0,0,0,0,0,0,0,0,1,0,0,0,0,0,0,0,0,0,0,,0,0,0,0,
12,8.2,0,-24.85,29,0,0,0,10.75,0,0,0,0,-12,0,0,0,0,-0.00229183,0,0,0,0,0,0,0,0,0,1,75,59,0,0.00034,0.00034,3,5,0,0,0,0,0,0,0,0,0,0,1,0,0,0,0,0,0,0,0,0,0,,0,0,0,0,
13,8.51,0,45.35,31.5,0,0,0,5.75,0,0,0,0,7,0,0,0,0,-0.00229183,0,0,0,0,0,0,0,0,0,1,78,59,0,0.00034,0.00034,3,5,0,0,0,0,0,0,0,0,0,0,1,0,0,0,0,0,0,0,0,0,0,,0,0,0,0,
14,8.94,0,-32.9,27,0,0,0,-1.55,0,0,0,0,-9.5,0,0,0,0,-0.00229183,0,0,0,0,0,0,0,0,0,1,73,59,0,0.00034,0.00034,3,5,0,0,0,0,0,0,0,0,0,0,1,0,0,0,0,0,0,0,0,0,0,,0,0,0,0,
15,9.4,0,-29.2,24,0,0,0,-3.45,0,0,0,0,-13.5,0,0,0,0,-0.00229183,0,0,0,0,0,0,0,0,0,1,71,59,0,0.00034,0.00034,3,5,0,0,0,0,0,0,0,0,0,0,1,0,0,0,0,0,0,0,0,0,0,,0,0,0,0,
16,12.16,0,-12.95,27,0,0,0,12.2,0,0,0,0,-15.5,0,0,0,0,-0.00229183,0,0,0,0,0,0,0,0,0,1,74,59,0,0.00034,0.00034,3,5,0,0,0,0,0,0,0,0,0,0,1,0,0,0,0,0,0,0,0,0,0,,0,0,0,0,
17,12.99,0,-23.4,21,0,0,0,-1.8,0,0,0,0,-17.5,0,0,0,0,-0.00229183,0,0,0,0,0,0,0,0,0,1,68,59,0,0.00034,0.00034,3,5,0,0,0,0,0,0,0,0,0,0,1,0,0,0,0,0,0,0,0,0,0,,0,0,0,0,
END,Total:18
START,FrameNb:98,CameraNb:0,HeSaiNb:0,ARS410Nb:0
2026/08/02 16:19:41:315---->
heightOffset:0,1785658781315,1070860,selfCaliBufCnt:0,selfAccObjCnt:0,selfAccAngle:0,installHAngleOffset:0,Interpolation:0,installVAngleOffset:0,radarOffsetH:0,radarOffsetV:0.32,Polynom:-0.001023;-0.0511;-2.047;0;0;0;-0.001023;-0.0511;-2.047;-25.5;0;0,WheelDirection:0;0;0;0,selfAngleOffset:0,selfAngleOffsetPit:0,currCaliAngleHrz:0,currCaliAnglePit:0,selfCaliAngleHrz:0,selfCaliAnglePit:0,servCaliAngleHrz:0,servCaliAnglePit:0,offlineCaliAngleHrz:0,offlineCaliAnglePit:0,determine2useFlag:0,IMU_Z_Accel:-21.592,IMU_X_AngularRate:-2.093,IMU_Y_AngularRate:-2.093,IMU_RollAngle:-180,IMU_PitchAngle:-180,IMU_YawAngle:-180,FcwID:0,FCWWarningLevel:0,FCWTTC:0
0,2.35,0,50.9,29,0,0,0,-10.1,1.37605e-33,0,0,0,4.5,0,0,0,0,-0.00229183,0,0,0,0,0,0,0,0,0,1,78,55,0,0.00034,0.00034,2,-1,0,0,0,0,0,0,0,0,0,0,1,0,1,0,0,0,0,0,0,0,0,,0,0,0,0,
1,2.79,0,-33.8,45,0,0,0,1.2,0,0,0,0,7,0,0,0,0,-0.00229183,0,0,0,0,0,0,0,0,0,1,94,55,0,0.00034,0.00034,3,5,0,0,0,0,0,0,0,0,0,0,1,0,1,0,0,0,0,0,0,0,0,,0,0,0,0,
2,3.26,0,13.8,37.5,0,0,0,1.3,0,0,0,0,-8,0,0,0,0,-0.00229183,0,0,0,0,0,0,0,0,0,1,86,55,0,0.00034,0.00034,3,0,0,0,0,0,0,0,0,0,0,0,1,0,1,0,0,0,0,0,0,0,0,,0,0,0,0,
3,3.58,0,-50.2,32.5,0,0,0,-5.95,0,0,0,0,7.5,0,0,0,0,-0.00229183,0,0,0,0,0,0,0,0,0,1,80,55,0,0.00034,0.00034,3,5,0,0,0,0,0,0,0,0,0,0,1,0,1,0,0,0,0,0,0,0,0,,0,0,0,0,
4,4.07,0,1.9,38.5,0,0,0,2.95,0,0,0,0,-9,0,0,0,0,-0.00229183,0,0,0,0,0,0,0,0,0,1,87,55,0,0.00034,0.00034,3,5,0,0,0,0,0,0,0,0,0,0,1,0,1,0,0,0,0,0,0,0,0,,0,0,0,0,
5,5.11,0,-36.05,32.5,0,0,0,-1.2,0,0,0,0,-6.5,0,0,0,0,-0.00229183,0,0,0,0,0,0,0,0,0,1,78,55,0,0.00034,0.00034,3,0,0,0,0,0,0,0,0,0,0,0,1,0,1,0,0,0,0,0,0,0,0,,0,0,0,0,
6,5.61,0,-34.55,35,0,0,0,-3.7,0,0,0,0,-4.5,0,0,0,0,-0.00229183,0,0,0,0,0,0,0,0,0,1,80,55,0,0.00034,0.00034,3,5,0,0,0,0,0,0,0,0,0,0,1,0,1,0,0,0,0,0,0,0,0,,0,0,0,0,
7,5.61,0,-24.3,35,0,0,0,-5.6,0,0,0,0,-9.5,0,0,0,0,-0.00229183,0,0,0,0,0,0,0,0,0,1,80,55,0,0.00034,0.00034,3,5,0,0,0,0,0,0,0,0,0,0,1,0,1,0,0,0,0,0,0,0,0,,0,0,0,0,
8,6.31,0,34.45,25.5,0,0,0,-10.1,0,0,0,0,-10.5,0,0,0,0,-0.00229183,0,0,0,0,0,0,0,0,0,1,71,55,0,0.00034,0.00034,3,5,0,0,0,0,0,0,0,0,0,0,1,0,1,0,0,0,0,0,0,0,0,,0,0,0,0,
9,7.58,0,32.45,43,0,0,0,6.9,0,0,0,0,7.5,0,0,0,0,-0.00229183,0,0,0,0,0,0,0,0,0,1,89,55,0,0.00034,0.00034,3,5,0,0,0,0,0,0,0,0,0,0,1,0,1,0,0,0,0,0,0,0,0,,0,0,0,0,
10,8.23,0,-24.7,28.5,0,0,0,10.55,0,0,0,0,-12,0,0,0,0,-0.00229183,0,0,0,0,0,0,0,0,0,1,75,55,0,0.00034,0.00034,3,5,0,0,0,0,0,0,0,0,0,0,1,0,1,0,0,0,0,0,0,0,0,,0,0,0,0,
11,8.52,0,45.3,31.5,0,0,0,5.65,0,0,0,0,7,0,0,0,0,-0.00229183,0,0,0,0,0,0,0,0,0,1,78,55,0,0.00034,0.00034,3,5,0,0,0,0,0,0,0,0,0,0,1,0,1,0,0,0,0,0,0,0,0,,0,0,0,0,
12,8.92,0,-32.95,26.5,0,0,0,-1.55,0,0,0,0,-9.5,0,0,0,0,-0.00229183,0,0,0,0,0,0,0,0,0,1,73,55,0,0.00034,0.00034,3,5,0,0,0,0,0,0,0,0,0,0,1,0,1,0,0,0,0,0,0,0,0,,0,0,0,0,
13,9.4,0,-29.2,24.5,0,0,0,-3.55,0,0,0,0,-13.5,0,0,0,0,-0.00229183,0,0,0,0,0,0,0,0,0,1,71,55,0,0.00034,0.00034,3,5,0,0,0,0,0,0,0,0,0,0,1,0,1,0,0,0,0,0,0,0,0,,0,0,0,0,
14,9.84,0,-28.2,21,0,0,0,-1.7,0,0,0,0,-17.5,0,0,0,0,-0.00229183,0,0,0,0,0,0,0,0,0,1,67,55,0,0.00034,0.00034,3,5,0,0,0,0,0,0,0,0,0,0,1,0,1,0,0,0,0,0,0,0,0,,0,0,0,0,
15,12.16,0,-12.9,27,0,0,0,12,0,0,0,0,-15.5,0,0,0,0,-0.00229183,0,0,0,0,0,0,0,0,0,1,74,55,0,0.00034,0.00034,3,5,0,0,0,0,0,0,0,0,0,0,1,0,1,0,0,0,0,0,0,0,0,,0,0,0,0,
16,12.98,0,-23.1,20.5,0,0,0,-1.8,0,0,0,0,-18,0,0,0,0,-0.00229183,0,0,0,0,0,0,0,0,0,1,67,55,0,0.00034,0.00034,3,5,0,0,0,0,0,0,0,0,0,0,1,0,1,0,0,0,0,0,0,0,0,,0,0,0,0,
END,Total:17
START,FrameNb:99,CameraNb:0,HeSaiNb:0,ARS410Nb:0
2026/08/02 16:19:41:348---->
heightOffset:0,1785658781348,1070920,selfCaliBufCnt:0,selfAccObjCnt:0,selfAccAngle:0,installHAngleOffset:0,Interpolation:0,installVAngleOffset:0,radarOffsetH:0,radarOffsetV:0.32,Polynom:-0.001023;-0.0511;-2.047;0;0;0;-0.001023;-0.0511;-2.047;-25.5;0;0,WheelDirection:0;0;0;0,selfAngleOffset:0,selfAngleOffsetPit:0,currCaliAngleHrz:0,currCaliAnglePit:0,selfCaliAngleHrz:0,selfCaliAnglePit:0,servCaliAngleHrz:0,servCaliAnglePit:0,offlineCaliAngleHrz:0,offlineCaliAnglePit:0,determine2useFlag:0,IMU_Z_Accel:-21.592,IMU_X_AngularRate:-2.093,IMU_Y_AngularRate:-2.093,IMU_RollAngle:-180,IMU_PitchAngle:-180,IMU_YawAngle:-180,FcwID:0,FCWWarningLevel:0,FCWTTC:0
0,2.35,0,31.55,29.5,0,0,0,10.3,1.37605e-33,0,0,0,-8.5,0,0,0,0,-0.00229183,0,0,0,0,0,0,0,0,0,1,78,62,0,0.00034,0.00034,3,5,0,0,0,0,0,0,0,0,0,0,1,0,0,0,0,0,0,0,0,0,0,,0,0,0,0,
1,2.79,0,-33.8,45.5,0,0,0,1.2,0,0,0,0,7,0,0,0,0,-0.00229183,0,0,0,0,0,0,0,0,0,1,94,62,0,0.00034,0.00034,3,5,0,0,0,0,0,0,0,0,0,0,1,0,0,0,0,0,0,0,0,0,0,,0,0,0,0,
2,3.26,0,13.8,37.5,0,0,0,1.3,0,0,0,0,-8,0,0,0,0,-0.00229183,0,0,0,0,0,0,0,0,0,1,86,62,0,0.00034,0.00034,3,0,0,0,0,0,0,0,0,0,0,0,1,0,0,0,0,0,0,0,0,0,0,,0,0,0,0,
3,3.58,0,-50.3,32.5,0,0,0,-5.8,0,0,0,0,8,0,0,0,0,-0.00229183,0,0,0,0,0,0,0,0,0,1,81,62,0,0.00034,0.00034,3,7,0,0,0,0,0,0,0,0,0,0,1,0,0,0,0,0,0,0,0,0,0,,0,0,0,0,
4,4.07,0,1.9,38.5,0,0,0,2.95,0,0,0,0,-9,0,0,0,0,-0.00229183,0,0,0,0,0,0,0,0,0,1,87,62,0,0.00034,0.00034,3,5,0,0,0,0,0,0,0,0,0,0,1,0,0,0,0,0,0,0,0,0,0,,0,0,0,0,
5,5.1,0,-35.8,32.5,0,0,0,-1.2,0,0,0,0,-7.5,0,0,0,0,-0.00229183,0,0,0,0,0,0,0,0,0,1,78,62,0,0.00034,0.00034,3,5,0,0,0,0,0,0,0,0,0,0,1,0,0,0,0,0,0,0,0,0,0,,0,0,0,0,
6,5.61,0,-34.55,35,0,0,0,-3.8,0,0,0,0,-4.5,0,0,0,0,-0.00229183,0,0,0,0,0,0,0,0,0,1,80,62,0,0.00034,0.00034,3,5,0,0,0,0,0,0,0,0,0,0,1,0,0,0,0,0,0,0,0,0,0,,0,0,0,0,
7,5.61,0,-24.3,35,0,0,0,-5.8,0,0,0,0,-9.5,0,0,0,0,-0.00229183,0,0,0,0,0,0,0,0,0,1,80,62,0,0.00034,0.00034,3,5,0,0,0,0,0,0,0,0,0,0,1,0,0,0,0,0,0,0,0,0,0,,0,0,0,0,
8,6.35,0,71.6,25,0,0,0,-5.25,0,0,0,0,18,0,0,0,0,-0.00229183,0,0,0,0,0,0,0,0,0,1,71,62,0,0.00034,0.00034,2,-1,0,0,0,0,0,0,0,0,0,0,1,0,0,0,0,0,0,0,0,0,0,,0,0,0,0,
9,6.83,0,-19.95,26,0,0,0,-9.8,0,0,0,0,-19.5,0,0,0,0,-0.00229183,0,0,0,0,0,0,0,0,0,1,72,62,0,0.00034,0.00034,3,5,0,0,0,0,0,0,0,0,0,0,1,0,0,0,0,0,0,0,0,0,0,,0,0,0,0,
10,7.58,0,32.45,43,0,0,0,6.75,0,0,0,0,7.5,0,0,0,0,-0.00229183,0,0,0,0,0,0,0,0,0,1,89,62,0,0.00034,0.00034,3,5,0,0,0,0,0,0,0,0,0,0,1,0,0,0,0,0,0,0,0,0,0,,0,0,0,0,
11,8.27,0,-24.7,29,0,0,0,11,0,0,0,0,-12,0,0,0,0,-0.00229183,0,0,0,0,0,0,0,0,0,1,75,62,0,0.00034,0.00034,3,5,0,0,0,0,0,0,0,0,0,0,1,0,0,0,0,0,0,0,0,0,0,,0,0,0,0,
12,8.52,0,45.3,31.5,0,0,0,5.75,0,0,0,0,7,0,0,0,0,-0.00229183,0,0,0,0,0,0,0,0,0,1,78,62,0,0.00034,0.00034,3,5,0,0,0,0,0,0,0,0,0,0,1,0,0,0,0,0,0,0,0,0,0,,0,0,0,0,
13,8.92,0,-33,26.5,0,0,0,-1.35,0,0,0,0,-9.5,0,0,0,0,-0.00229183,0,0,0,0,0,0,0,0,0,1,73,62,0,0.00034,0.00034,3,5,0,0,0,0,0,0,0,0,0,0,1,0,0,0,0,0,0,0,0,0,0,,0,0,0,0,
14,9.41,0,-29.2,24,0,0,0,-3.55,0,0,0,0,-13.5,0,0,0,0,-0.00229183,0,0,0,0,0,0,0,0,0,1,71,62,0,0.00034,0.00034,3,5,0,0,0,0,0,0,0,0,0,0,1,0,0,0,0,0,0,0,0,0,0,,0,0,0,0,
15,12.16,0,-12.85,27,0,0,0,12.25,0,0,0,0,-15.5,0,0,0,0,-0.00229183,0,0,0,0,0,0,0,0,0,1,74,62,0,0.00034,0.00034,3,5,0,0,0,0,0,0,0,0,0,0,1,0,0,0,0,0,0,0,0,0,0,,0,0,0,0,
16,12.99,0,-23.35,21,0,0,0,-1.95,0,0,0,0,-18,0,0,0,0,-0.00229183,0,0,0,0,0,0,0,0,0,1,67,62,0,0.00034,0.00034,3,5,0,0,0,0,0,0,0,0,0,0,1,0,0,0,0,0,0,0,0,0,0,,0,0,0,0,
END,Total:17
START,FrameNb:100,CameraNb:0,HeSaiNb:0,ARS410Nb:0
2026/08/02 16:19:41:399---->
heightOffset:0,1785658781399,1070984,selfCaliBufCnt:0,selfAccObjCnt:0,selfAccAngle:0,installHAngleOffset:0,Interpolation:0,installVAngleOffset:0,radarOffsetH:0,radarOffsetV:0.32,Polynom:-0.001023;-0.0511;-2.047;0;0;0;-0.001023;-0.0511;-2.047;-25.5;0;0,WheelDirection:0;0;0;0,selfAngleOffset:0,selfAngleOffsetPit:0,currCaliAngleHrz:0,currCaliAnglePit:0,selfCaliAngleHrz:0,selfCaliAnglePit:0,servCaliAngleHrz:0,servCaliAnglePit:0,offlineCaliAngleHrz:0,offlineCaliAnglePit:0,determine2useFlag:0,IMU_Z_Accel:-21.592,IMU_X_AngularRate:-2.093,IMU_Y_AngularRate:-2.093,IMU_RollAngle:-180,IMU_PitchAngle:-180,IMU_YawAngle:-180,FcwID:0,FCWWarningLevel:0,FCWTTC:0
0,2.35,0,51.2,29,0,0,0,-10.2,1.37605e-33,0,0,0,5.5,0,0,0,0,-0.00229183,0,0,0,0,0,0,0,0,0,1,78,61,0,0.00034,0.00034,2,-1,0,0,0,0,0,0,0,0,0,0,1,0,1,0,0,0,0,0,0,0,0,,0,0,0,0,
1,2.79,0,-33.8,45,0,0,0,1.2,0,0,0,0,7,0,0,0,0,-0.00229183,0,0,0,0,0,0,0,0,0,1,94,61,0,0.00034,0.00034,3,5,0,0,0,0,0,0,0,0,0,0,1,0,1,0,0,0,0,0,0,0,0,,0,0,0,0,
2,3.25,0,13.8,37.5,0,0,0,1.3,0,0,0,0,-8,0,0,0,0,-0.00229183,0,0,0,0,0,0,0,0,0,1,86,61,0,0.00034,0.00034,3,0,0,0,0,0,0,0,0,0,0,0,1,0,1,0,0,0,0,0,0,0,0,,0,0,0,0,
3,3.58,0,-50.2,32.5,0,0,0,-5.95,0,0,0,0,7.5,0,0,0,0,-0.00229183,0,0,0,0,0,0,0,0,0,1,80,61,0,0.00034,0.00034,3,5,0,0,0,0,0,0,0,0,0,0,1,0,1,0,0,0,0,0,0,0,0,,0,0,0,0,
4,4.07,0,1.9,38.5,0,0,0,2.95,0,0,0,0,-9,0,0,0,0,-0.00229183,0,0,0,0,0,0,0,0,0,1,87,61,0,0.00034,0.00034,3,5,0,0,0,0,0,0,0,0,0,0,1,0,1,0,0,0,0,0,0,0,0,,0,0,0,0,
5,5.1,0,-35.95,32,0,0,0,-1.05,0,0,0,0,-7.5,0,0,0,0,-0.00229183,0,0,0,0,0,0,0,0,0,1,78,61,0,0.00034,0.00034,3,0,0,0,0,0,0,0,0,0,0,0,1,0,1,0,0,0,0,0,0,0,0,,0,0,0,0,
6,5.61,0,-34.5,35,0,0,0,-3.75,0,0,0,0,-5,0,0,0,0,-0.00229183,0,0,0,0,0,0,0,0,0,1,80,61,0,0.00034,0.00034,3,5,0,0,0,0,0,0,0,0,0,0,1,0,1,0,0,0,0,0,0,0,0,,0,0,0,0,
7,5.61,0,-24.3,35,0,0,0,-5.7,0,0,0,0,-10,0,0,0,0,-0.00229183,0,0,0,0,0,0,0,0,0,1,80,61,0,0.00034,0.00034,3,5,0,0,0,0,0,0,0,0,0,0,1,0,1,0,0,0,0,0,0,0,0,,0,0,0,0,
8,6.42,0,34.2,25.5,0,0,0,-9.05,0,0,0,0,-10.5,0,0,0,0,-0.00229183,0,0,0,0,0,0,0,0,0,1,71,61,0,0.00034,0.00034,3,5,0,0,0,0,0,0,0,0,0,0,1,0,1,0,0,0,0,0,0,0,0,,0,0,0,0,
9,6.83,0,-19.95,26,0,0,0,-2,0,0,0,0,-19.5,0,0,0,0,-0.00229183,0,0,0,0,0,0,0,0,0,1,72,61,0,0.00034,0.00034,3,5,0,0,0,0,0,0,0,0,0,0,1,0,1,0,0,0,0,0,0,0,0,,0,0,0,0,
10,7.59,0,32.5,43,0,0,0,6.75,0,0,0,0,7.5,0,0,0,0,-0.00229183,0,0,0,0,0,0,0,0,0,1,89,61,0,0.00034,0.00034,3,5,0,0,0,0,0,0,0,0,0,0,1,0,1,0,0,0,0,0,0,0,0,,0,0,0,0,
11,8.1,0,-24.85,28.5,0,0,0,-2.05,0,0,0,0,-12.5,0,0,0,0,-0.00229183,0,0,0,0,0,0,0,0,0,1,75,61,0,0.00034,0.00034,3,5,0,0,0,0,0,0,0,0,0,0,1,0,1,0,0,0,0,0,0,0,0,,0,0,0,0,
12,8.52,0,45.35,31,0,0,0,5.75,0,0,0,0,6.5,0,0,0,0,-0.00229183,0,0,0,0,0,0,0,0,0,1,78,61,0,0.00034,0.00034,3,5,0,0,0,0,0,0,0,0,0,0,1,0,1,0,0,0,0,0,0,0,0,,0,0,0,0,
13,8.94,0,-32.95,26.5,0,0,0,-1.45,0,0,0,0,-10,0,0,0,0,-0.00229183,0,0,0,0,0,0,0,0,0,1,73,61,0,0.00034,0.00034,3,5,0,0,0,0,0,0,0,0,0,0,1,0,1,0,0,0,0,0,0,0,0,,0,0,0,0,
14,9.4,0,-29.35,24.5,0,0,0,-3.25,0,0,0,0,-13.5,0,0,0,0,-0.00229183,0,0,0,0,0,0,0,0,0,1,71,61,0,0.00034,0.00034,3,5,0,0,0,0,0,0,0,0,0,0,1,0,1,0,0,0,0,0,0,0,0,,0,0,0,0,
15,12.16,0,-12.85,27,0,0,0,12.2,0,0,0,0,-15.5,0,0,0,0,-0.00229183,0,0,0,0,0,0,0,0,0,1,74,61,0,0.00034,0.00034,3,5,0,0,0,0,0,0,0,0,0,0,1,0,1,0,0,0,0,0,0,0,0,,0,0,0,0,
16,12.99,0,-23.2,20.5,0,0,0,-1.7,0,0,0,0,-18,0,0,0,0,-0.00229183,0,0,0,0,0,0,0,0,0,1,67,61,0,0.00034,0.00034,3,5,0,0,0,0,0,0,0,0,0,0,1,0,1,0,0,0,0,0,0,0,0,,0,0,0,0,
END,Total:17
START,FrameNb:101,CameraNb:0,HeSaiNb:0,ARS410Nb:0
2026/08/02 16:19:41:442---->
heightOffset:0,1785658781442,1071036,selfCaliBufCnt:0,selfAccObjCnt:0,selfAccAngle:0,installHAngleOffset:0,Interpolation:0,installVAngleOffset:0,radarOffsetH:0,radarOffsetV:0.32,Polynom:-0.001023;-0.0511;-2.047;0;0;0;-0.001023;-0.0511;-2.047;-25.5;0;0,WheelDirection:0;0;0;0,selfAngleOffset:0,selfAngleOffsetPit:0,currCaliAngleHrz:0,currCaliAnglePit:0,selfCaliAngleHrz:0,selfCaliAnglePit:0,servCaliAngleHrz:0,servCaliAnglePit:0,offlineCaliAngleHrz:0,offlineCaliAnglePit:0,determine2useFlag:0,IMU_Z_Accel:-21.592,IMU_X_AngularRate:-2.093,IMU_Y_AngularRate:-2.093,IMU_RollAngle:-180,IMU_PitchAngle:-180,IMU_YawAngle:-180,FcwID:0,FCWWarningLevel:0,FCWTTC:0
0,2.35,0,50.7,29.5,0,0,0,-10.1,1.37605e-33,0,0,0,4.5,0,0,0,0,-0.00229183,0,0,0,0,0,0,0,0,0,1,78,59,0,0.00034,0.00034,3,5,0,0,0,0,0,0,0,0,0,0,1,0,0,0,0,0,0,0,0,0,0,,0,0,0,0,
1,2.79,0,-33.8,45,0,0,0,1.2,0,0,0,0,7,0,0,0,0,-0.00229183,0,0,0,0,0,0,0,0,0,1,94,59,0,0.00034,0.00034,3,5,0,0,0,0,0,0,0,0,0,0,1,0,0,0,0,0,0,0,0,0,0,,0,0,0,0,
2,3.27,0,13.8,37.5,0,0,0,1.4,0,0,0,0,-8,0,0,0,0,-0.00229183,0,0,0,0,0,0,0,0,0,1,86,59,0,0.00034,0.00034,3,0,0,0,0,0,0,0,0,0,0,0,1,0,0,0,0,0,0,0,0,0,0,,0,0,0,0,
3,3.58,0,-50.2,32.5,0,0,0,-5.85,0,0,0,0,8,0,0,0,0,-0.00229183,0,0,0,0,0,0,0,0,0,1,81,59,0,0.00034,0.00034,3,7,0,0,0,0,0,0,0,0,0,0,1,0,0,0,0,0,0,0,0,0,0,,0,0,0,0,
4,4.07,0,1.9,38.5,0,0,0,2.95,0,0,0,0,-9,0,0,0,0,-0.00229183,0,0,0,0,0,0,0,0,0,1,87,59,0,0.00034,0.00034,3,5,0,0,0,0,0,0,0,0,0,0,1,0,0,0,0,0,0,0,0,0,0,,0,0,0,0,
5,5.09,0,-35.8,32.5,0,0,0,-1.1,0,0,0,0,-7.5,0,0,0,0,-0.00229183,0,0,0,0,0,0,0,0,0,1,78,59,0,0.00034,0.00034,3,5,0,0,0,0,0,0,0,0,0,0,1,0,0,0,0,0,0,0,0,0,0,,0,0,0,0,
6,5.61,0,-34.55,35,0,0,0,-4.05,0,0,0,0,-4.5,0,0,0,0,-0.00229183,0,0,0,0,0,0,0,0,0,1,80,59,0,0.00034,0.00034,3,5,0,0,0,0,0,0,0,0,0,0,1,0,0,0,0,0,0,0,0,0,0,,0,0,0,0,
7,5.61,0,-24.2,35,0,0,0,-6.05,0,0,0,0,-9.5,0,0,0,0,-0.00229183,0,0,0,0,0,0,0,0,0,1,80,59,0,0.00034,0.00034,3,5,0,0,0,0,0,0,0,0,0,0,1,0,0,0,0,0,0,0,0,0,0,,0,0,0,0,
8,6.41,0,71.65,25,0,0,0,-15,0,0,0,0,18,0,0,0,0,-0.00229183,0,0,0,0,0,0,0,0,0,1,71,59,0,0.00034,0.00034,2,-1,0,0,0,0,0,0,0,0,0,0,1,0,0,0,0,0,0,0,0,0,0,,0,0,0,0,
9,6.84,0,-20.05,26,0,0,0,-1.85,0,0,0,0,-18.5,0,0,0,0,-0.00229183,0,0,0,0,0,0,0,0,0,1,72,59,0,0.00034,0.00034,3,5,0,0,0,0,0,0,0,0,0,0,1,0,0,0,0,0,0,0,0,0,0,,0,0,0,0,
10,7.59,0,32.55,43,0,0,0,6.7,0,0,0,0,7.5,0,0,0,0,-0.00229183,0,0,0,0,0,0,0,0,0,1,89,59,0,0.00034,0.00034,3,5,0,0,0,0,0,0,0,0,0,0,1,0,0,0,0,0,0,0,0,0,0,,0,0,0,0,
11,8.07,0,-24.7,28.5,0,0,0,10.45,0,0,0,0,-12,0,0,0,0,-0.00229183,0,0,0,0,0,0,0,0,0,1,75,59,0,0.00034,0.00034,3,5,0,0,0,0,0,0,0,0,0,0,1,0,0,0,0,0,0,0,0,0,0,,0,0,0,0,
12,8.51,0,45.3,31,0,0,0,5.9,0,0,0,0,6.5,0,0,0,0,-0.00229183,0,0,0,0,0,0,0,0,0,1,78,59,0,0.00034,0.00034,3,5,0,0,0,0,0,0,0,0,0,0,1,0,0,0,0,0,0,0,0,0,0,,0,0,0,0,
13,8.93,0,-32.95,26.5,0,0,0,-1.35,0,0,0,0,-10,0,0,0,0,-0.00229183,0,0,0,0,0,0,0,0,0,1,73,59,0,0.00034,0.00034,3,5,0,0,0,0,0,0,0,0,0,0,1,0,0,0,0,0,0,0,0,0,0,,0,0,0,0,
14,9.41,0,-29.3,24.5,0,0,0,-3.25,0,0,0,0,-13.5,0,0,0,0,-0.00229183,0,0,0,0,0,0,0,0,0,1,71,59,0,0.00034,0.00034,3,5,0,0,0,0,0,0,0,0,0,0,1,0,0,0,0,0,0,0,0,0,0,,0,0,0,0,
15,12.16,0,-12.95,27,0,0,0,12.45,0,0,0,0,-15.5,0,0,0,0,-0.00229183,0,0,0,0,0,0,0,0,0,1,74,59,0,0.00034,0.00034,3,5,0,0,0,0,0,0,0,0,0,0,1,0,0,0,0,0,0,0,0,0,0,,0,0,0,0,
16,12.99,0,-23.35,21,0,0,0,-1.8,0,0,0,0,-18,0,0,0,0,-0.00229183,0,0,0,0,0,0,0,0,0,1,67,59,0,0.00034,0.00034,3,5,0,0,0,0,0,0,0,0,0,0,1,0,0,0,0,0,0,0,0,0,0,,0,0,0,0,
END,Total:17
START,FrameNb:102,CameraNb:0,HeSaiNb:0,ARS410Nb:0
2026/08/02 16:19:41:566---->
heightOffset:0,1785658781566,1071096,selfCaliBufCnt:0,selfAccObjCnt:0,selfAccAngle:0,installHAngleOffset:0,Interpolation:0,installVAngleOffset:0,radarOffsetH:0,radarOffsetV:0.32,Polynom:-0.001023;-0.0511;-2.047;0;0;0;-0.001023;-0.0511;-2.047;-25.5;0;0,WheelDirection:0;0;0;0,selfAngleOffset:0,selfAngleOffsetPit:0,currCaliAngleHrz:0,currCaliAnglePit:0,selfCaliAngleHrz:0,selfCaliAnglePit:0,servCaliAngleHrz:0,servCaliAnglePit:0,offlineCaliAngleHrz:0,offlineCaliAnglePit:0,determine2useFlag:0,IMU_Z_Accel:-21.592,IMU_X_AngularRate:-2.093,IMU_Y_AngularRate:-2.093,IMU_RollAngle:-180,IMU_PitchAngle:-180,IMU_YawAngle:-180,FcwID:0,FCWWarningLevel:0,FCWTTC:0
0,2.35,0,51.15,29,0,0,0,-10.2,1.37605e-33,0,0,0,5.5,0,0,0,0,-0.00229183,0,0,0,0,0,0,0,0,0,1,78,55,0,0.00034,0.00034,3,5,0,0,0,0,0,0,0,0,0,0,1,0,1,0,0,0,0,0,0,0,0,,0,0,0,0,
1,2.79,0,-33.8,45,0,0,0,1.2,0,0,0,0,7,0,0,0,0,-0.00229183,0,0,0,0,0,0,0,0,0,1,94,55,0,0.00034,0.00034,3,5,0,0,0,0,0,0,0,0,0,0,1,0,1,0,0,0,0,0,0,0,0,,0,0,0,0,
2,3.25,0,13.8,37,0,0,0,1.4,0,0,0,0,-8,0,0,0,0,-0.00229183,0,0,0,0,0,0,0,0,0,1,86,55,0,0.00034,0.00034,3,0,0,0,0,0,0,0,0,0,0,0,1,0,1,0,0,0,0,0,0,0,0,,0,0,0,0,
3,3.58,0,-50.3,32,0,0,0,-5.85,0,0,0,0,8,0,0,0,0,-0.00229183,0,0,0,0,0,0,0,0,0,1,81,55,0,0.00034,0.00034,3,5,0,0,0,0,0,0,0,0,0,0,1,0,1,0,0,0,0,0,0,0,0,,0,0,0,0,
4,4.07,0,1.9,38.5,0,0,0,2.95,0,0,0,0,-9,0,0,0,0,-0.00229183,0,0,0,0,0,0,0,0,0,1,87,55,0,0.00034,0.00034,3,5,0,0,0,0,0,0,0,0,0,0,1,0,1,0,0,0,0,0,0,0,0,,0,0,0,0,
5,5.1,0,-36,32,0,0,0,-1.2,0,0,0,0,-6.5,0,0,0,0,-0.00229183,0,0,0,0,0,0,0,0,0,1,78,55,0,0.00034,0.00034,3,0,0,0,0,0,0,0,0,0,0,0,1,0,1,0,0,0,0,0,0,0,0,,0,0,0,0,
6,5.61,0,-34.55,35,0,0,0,-4.05,0,0,0,0,-4.5,0,0,0,0,-0.00229183,0,0,0,0,0,0,0,0,0,1,80,55,0,0.00034,0.00034,3,5,0,0,0,0,0,0,0,0,0,0,1,0,1,0,0,0,0,0,0,0,0,,0,0,0,0,
7,5.61,0,-24.2,35,0,0,0,-5.95,0,0,0,0,-9.5,0,0,0,0,-0.00229183,0,0,0,0,0,0,0,0,0,1,80,55,0,0.00034,0.00034,3,5,0,0,0,0,0,0,0,0,0,0,1,0,1,0,0,0,0,0,0,0,0,,0,0,0,0,
8,6.41,0,44.2,25,0,0,0,15,0,0,0,0,-3,0,0,0,0,-0.00229183,0,0,0,0,0,0,0,0,0,1,71,55,0,0.00034,0.00034,3,5,0,0,0,0,0,0,0,0,0,0,1,0,1,0,0,0,0,0,0,0,0,,0,0,0,0,
9,7.59,0,32.65,43,0,0,0,6.75,0,0,0,0,7.5,0,0,0,0,-0.00229183,0,0,0,0,0,0,0,0,0,1,89,55,0,0.00034,0.00034,3,5,0,0,0,0,0,0,0,0,0,0,1,0,1,0,0,0,0,0,0,0,0,,0,0,0,0,
10,8.18,0,-24.7,28.5,0,0,0,10.4,0,0,0,0,-12,0,0,0,0,-0.00229183,0,0,0,0,0,0,0,0,0,1,75,55,0,0.00034,0.00034,3,5,0,0,0,0,0,0,0,0,0,0,1,0,1,0,0,0,0,0,0,0,0,,0,0,0,0,
11,8.51,0,45.3,31.5,0,0,0,5.75,0,0,0,0,7,0,0,0,0,-0.00229183,0,0,0,0,0,0,0,0,0,1,78,55,0,0.00034,0.00034,3,5,0,0,0,0,0,0,0,0,0,0,1,0,1,0,0,0,0,0,0,0,0,,0,0,0,0,
12,8.93,0,-32.95,26.5,0,0,0,-1.35,0,0,0,0,-10,0,0,0,0,-0.00229183,0,0,0,0,0,0,0,0,0,1,73,55,0,0.00034,0.00034,3,5,0,0,0,0,0,0,0,0,0,0,1,0,1,0,0,0,0,0,0,0,0,,0,0,0,0,
13,9.4,0,-29.3,24,0,0,0,-3.2,0,0,0,0,-13.5,0,0,0,0,-0.00229183,0,0,0,0,0,0,0,0,0,1,71,55,0,0.00034,0.00034,3,5,0,0,0,0,0,0,0,0,0,0,1,0,1,0,0,0,0,0,0,0,0,,0,0,0,0,
14,12.16,0,-12.9,27,0,0,0,12.25,0,0,0,0,-15.5,0,0,0,0,-0.00229183,0,0,0,0,0,0,0,0,0,1,74,55,0,0.00034,0.00034,3,5,0,0,0,0,0,0,0,0,0,0,1,0,1,0,0,0,0,0,0,0,0,,0,0,0,0,
15,12.99,0,-23.2,21,0,0,0,-1.8,0,0,0,0,-18,0,0,0,0,-0.00229183,0,0,0,0,0,0,0,0,0,1,67,55,0,0.00034,0.00034,3,5,0,0,0,0,0,0,0,0,0,0,1,0,1,0,0,0,0,0,0,0,0,,0,0,0,0,
END,Total:16
START,FrameNb:103,CameraNb:0,HeSaiNb:0,ARS410Nb:0
2026/08/02 16:19:41:596---->
heightOffset:0,1785658781596,1071152,selfCaliBufCnt:0,selfAccObjCnt:0,selfAccAngle:0,installHAngleOffset:0,Interpolation:0,installVAngleOffset:0,radarOffsetH:0,radarOffsetV:0.32,Polynom:-0.001023;-0.0511;-2.047;0;0;0;-0.001023;-0.0511;-2.047;-25.5;0;0,WheelDirection:0;0;0;0,selfAngleOffset:0,selfAngleOffsetPit:0,currCaliAngleHrz:0,currCaliAnglePit:0,selfCaliAngleHrz:0,selfCaliAnglePit:0,servCaliAngleHrz:0,servCaliAnglePit:0,offlineCaliAngleHrz:0,offlineCaliAnglePit:0,determine2useFlag:0,IMU_Z_Accel:-21.592,IMU_X_AngularRate:-2.093,IMU_Y_AngularRate:-2.093,IMU_RollAngle:-180,IMU_PitchAngle:-180,IMU_YawAngle:-180,FcwID:0,FCWWarningLevel:0,FCWTTC:0
0,2.35,0,50.7,29,0,0,0,-10.05,1.37605e-33,0,0,0,4.5,0,0,0,0,-0.00229183,0,0,0,0,0,0,0,0,0,1,78,59,0,0.00034,0.00034,3,5,0,0,0,0,0,0,0,0,0,0,1,0,0,0,0,0,0,0,0,0,0,,0,0,0,0,
1,2.79,0,-33.8,45,0,0,0,1.2,0,0,0,0,7,0,0,0,0,-0.00229183,0,0,0,0,0,0,0,0,0,1,94,59,0,0.00034,0.00034,3,5,0,0,0,0,0,0,0,0,0,0,1,0,0,0,0,0,0,0,0,0,0,,0,0,0,0,
2,3.27,0,13.8,37.5,0,0,0,1.3,0,0,0,0,-8,0,0,0,0,-0.00229183,0,0,0,0,0,0,0,0,0,1,86,59,0,0.00034,0.00034,3,0,0,0,0,0,0,0,0,0,0,0,1,0,0,0,0,0,0,0,0,0,0,,0,0,0,0,
3,3.58,0,-3.8,32.5,0,0,0,-8.45,0,0,0,0,-16,0,0,0,0,-0.00229183,0,0,0,0,0,0,0,0,0,1,81,59,0,0.00034,0.00034,3,7,0,0,0,0,0,0,0,0,0,0,1,0,0,0,0,0,0,0,0,0,0,,0,0,0,0,
4,4.07,0,1.9,38.5,0,0,0,2.95,0,0,0,0,-9,0,0,0,0,-0.00229183,0,0,0,0,0,0,0,0,0,1,87,59,0,0.00034,0.00034,3,5,0,0,0,0,0,0,0,0,0,0,1,0,0,0,0,0,0,0,0,0,0,,0,0,0,0,
5,5.09,0,-35.8,32.5,0,0,0,-1.25,0,0,0,0,-7.5,0,0,0,0,-0.00229183,0,0,0,0,0,0,0,0,0,1,78,59,0,0.00034,0.00034,3,0,0,0,0,0,0,0,0,0,0,0,1,0,0,0,0,0,0,0,0,0,0,,0,0,0,0,
6,5.6,0,-34.55,35,0,0,0,-3.85,0,0,0,0,-4.5,0,0,0,0,-0.00229183,0,0,0,0,0,0,0,0,0,1,80,59,0,0.00034,0.00034,3,5,0,0,0,0,0,0,0,0,0,0,1,0,0,0,0,0,0,0,0,0,0,,0,0,0,0,
7,5.6,0,-24.3,35,0,0,0,-5.75,0,0,0,0,-9.5,0,0,0,0,-0.00229183,0,0,0,0,0,0,0,0,0,1,80,59,0,0.00034,0.00034,3,5,0,0,0,0,0,0,0,0,0,0,1,0,0,0,0,0,0,0,0,0,0,,0,0,0,0,
8,6.42,0,71.5,25,0,0,0,-15,0,0,0,0,18,0,0,0,0,-0.00229183,0,0,0,0,0,0,0,0,0,1,71,59,0,0.00034,0.00034,3,5,0,0,0,0,0,0,0,0,0,0,1,0,0,0,0,0,0,0,0,0,0,,0,0,0,0,
9,6.83,0,49.7,26,0,0,0,4.15,0,0,0,0,1.5,0,0,0,0,-0.00229183,0,0,0,0,0,0,0,0,0,1,72,59,0,0.00034,0.00034,3,5,0,0,0,0,0,0,0,0,0,0,1,0,0,0,0,0,0,0,0,0,0,,0,0,0,0,
10,7.59,0,32.6,43,0,0,0,6.8,0,0,0,0,7.5,0,0,0,0,-0.00229183,0,0,0,0,0,0,0,0,0,1,89,59,0,0.00034,0.00034,3,5,0,0,0,0,0,0,0,0,0,0,1,0,0,0,0,0,0,0,0,0,0,,0,0,0,0,
11,8.27,0,-24.7,29,0,0,0,10.95,0,0,0,0,-12,0,0,0,0,-0.00229183,0,0,0,0,0,0,0,0,0,1,75,59,0,0.00034,0.00034,3,5,0,0,0,0,0,0,0,0,0,0,1,0,0,0,0,0,0,0,0,0,0,,0,0,0,0,
12,8.51,0,45.2,31.5,0,0,0,6.05,0,0,0,0,7,0,0,0,0,-0.00229183,0,0,0,0,0,0,0,0,0,1,78,59,0,0.00034,0.00034,3,5,0,0,0,0,0,0,0,0,0,0,1,0,0,0,0,0,0,0,0,0,0,,0,0,0,0,
13,8.93,0,-32.9,26.5,0,0,0,-1.55,0,0,0,0,-9.5,0,0,0,0,-0.00229183,0,0,0,0,0,0,0,0,0,1,73,59,0,0.00034,0.00034,3,5,0,0,0,0,0,0,0,0,0,0,1,0,0,0,0,0,0,0,0,0,0,,0,0,0,0,
14,9.41,0,-29.2,24,0,0,0,-3.45,0,0,0,0,-13.5,0,0,0,0,-0.00229183,0,0,0,0,0,0,0,0,0,1,71,59,0,0.00034,0.00034,3,5,0,0,0,0,0,0,0,0,0,0,1,0,0,0,0,0,0,0,0,0,0,,0,0,0,0,
15,12.16,0,-12.95,27,0,0,0,12.3,0,0,0,0,-15.5,0,0,0,0,-0.00229183,0,0,0,0,0,0,0,0,0,1,74,59,0,0.00034,0.00034,3,5,0,0,0,0,0,0,0,0,0,0,1,0,0,0,0,0,0,0,0,0,0,,0,0,0,0,
16,12.99,0,-23.3,21,0,0,0,-1.85,0,0,0,0,-18,0,0,0,0,-0.00229183,0,0,0,0,0,0,0,0,0,1,67,59,0,0.00034,0.00034,3,5,0,0,0,0,0,0,0,0,0,0,1,0,0,0,0,0,0,0,0,0,0,,0,0,0,0,
END,Total:17
START,FrameNb:104,CameraNb:0,HeSaiNb:0,ARS410Nb:0
2026/08/02 16:19:41:651---->
heightOffset:0,1785658781651,1071212,selfCaliBufCnt:0,selfAccObjCnt:0,selfAccAngle:0,installHAngleOffset:0,Interpolation:0,installVAngleOffset:0,radarOffsetH:0,radarOffsetV:0.32,Polynom:-0.001023;-0.0511;-2.047;0;0;0;-0.001023;-0.0511;-2.047;-25.5;0;0,WheelDirection:0;0;0;0,selfAngleOffset:0,selfAngleOffsetPit:0,currCaliAngleHrz:0,currCaliAnglePit:0,selfCaliAngleHrz:0,selfCaliAnglePit:0,servCaliAngleHrz:0,servCaliAnglePit:0,offlineCaliAngleHrz:0,offlineCaliAnglePit:0,determine2useFlag:0,IMU_Z_Accel:-21.592,IMU_X_AngularRate:-2.093,IMU_Y_AngularRate:-2.093,IMU_RollAngle:-180,IMU_PitchAngle:-180,IMU_YawAngle:-180,FcwID:0,FCWWarningLevel:0,FCWTTC:0
0,2.35,0,51.1,29.5,0,0,0,-10.2,1.37605e-33,0,0,0,5.5,0,0,0,0,-0.00229183,0,0,0,0,0,0,0,0,0,1,78,55,0,0.00034,0.00034,3,5,0,0,0,0,0,0,0,0,0,0,1,0,1,0,0,0,0,0,0,0,0,,0,0,0,0,
1,2.79,0,-33.8,45,0,0,0,1.2,0,0,0,0,7,0,0,0,0,-0.00229183,0,0,0,0,0,0,0,0,0,1,94,55,0,0.00034,0.00034,3,5,0,0,0,0,0,0,0,0,0,0,1,0,1,0,0,0,0,0,0,0,0,,0,0,0,0,
2,3.25,0,13.8,37.5,0,0,0,1.3,0,0,0,0,-8,0,0,0,0,-0.00229183,0,0,0,0,0,0,0,0,0,1,86,55,0,0.00034,0.00034,3,0,0,0,0,0,0,0,0,0,0,0,1,0,1,0,0,0,0,0,0,0,0,,0,0,0,0,
3,3.58,0,-50.2,32.5,0,0,0,-5.95,0,0,0,0,7.5,0,0,0,0,-0.00229183,0,0,0,0,0,0,0,0,0,1,80,55,0,0.00034,0.00034,3,5,0,0,0,0,0,0,0,0,0,0,1,0,1,0,0,0,0,0,0,0,0,,0,0,0,0,
4,4.07,0,1.9,38.5,0,0,0,2.95,0,0,0,0,-9,0,0,0,0,-0.00229183,0,0,0,0,0,0,0,0,0,1,87,55,0,0.00034,0.00034,3,5,0,0,0,0,0,0,0,0,0,0,1,0,1,0,0,0,0,0,0,0,0,,0,0,0,0,
5,5.1,0,-35.95,32.5,0,0,0,-1.2,0,0,0,0,-7.5,0,0,0,0,-0.00229183,0,0,0,0,0,0,0,0,0,1,78,55,0,0.00034,0.00034,3,0,0,0,0,0,0,0,0,0,0,0,1,0,1,0,0,0,0,0,0,0,0,,0,0,0,0,
6,5.61,0,-34.55,35,0,0,0,-3.75,0,0,0,0,-4.5,0,0,0,0,-0.00229183,0,0,0,0,0,0,0,0,0,1,80,55,0,0.00034,0.00034,3,5,0,0,0,0,0,0,0,0,0,0,1,0,1,0,0,0,0,0,0,0,0,,0,0,0,0,
7,5.61,0,-24.3,35,0,0,0,-5.6,0,0,0,0,-9.5,0,0,0,0,-0.00229183,0,0,0,0,0,0,0,0,0,1,80,55,0,0.00034,0.00034,3,5,0,0,0,0,0,0,0,0,0,0,1,0,1,0,0,0,0,0,0,0,0,,0,0,0,0,
8,6.39,0,71.6,25.5,0,0,0,-15,0,0,0,0,18.5,0,0,0,0,-0.00229183,0,0,0,0,0,0,0,0,0,1,71,55,0,0.00034,0.00034,3,5,0,0,0,0,0,0,0,0,0,0,1,0,1,0,0,0,0,0,0,0,0,,0,0,0,0,
9,6.84,0,-36.15,26,0,0,0,-1.45,0,0,0,0,-10.5,0,0,0,0,-0.00229183,0,0,0,0,0,0,0,0,0,1,72,55,0,0.00034,0.00034,3,5,0,0,0,0,0,0,0,0,0,0,1,0,1,0,0,0,0,0,0,0,0,,0,0,0,0,
10,7.58,0,32.6,43,0,0,0,6.95,0,0,0,0,7.5,0,0,0,0,-0.00229183,0,0,0,0,0,0,0,0,0,1,89,55,0,0.00034,0.00034,3,5,0,0,0,0,0,0,0,0,0,0,1,0,1,0,0,0,0,0,0,0,0,,0,0,0,0,
11,8.07,0,-24.7,28.5,0,0,0,10.7,0,0,0,0,-12.5,0,0,0,0,-0.00229183,0,0,0,0,0,0,0,0,0,1,75,55,0,0.00034,0.00034,3,5,0,0,0,0,0,0,0,0,0,0,1,0,1,0,0,0,0,0,0,0,0,,0,0,0,0,
12,8.52,0,45.3,31.5,0,0,0,5.75,0,0,0,0,7,0,0,0,0,-0.00229183,0,0,0,0,0,0,0,0,0,1,78,55,0,0.00034,0.00034,3,5,0,0,0,0,0,0,0,0,0,0,1,0,1,0,0,0,0,0,0,0,0,,0,0,0,0,
13,8.93,0,-32.9,26.5,0,0,0,-1.55,0,0,0,0,-10,0,0,0,0,-0.00229183,0,0,0,0,0,0,0,0,0,1,73,55,0,0.00034,0.00034,3,5,0,0,0,0,0,0,0,0,0,0,1,0,1,0,0,0,0,0,0,0,0,,0,0,0,0,
14,9.39,0,-29.2,24,0,0,0,-3.45,0,0,0,0,-13.5,0,0,0,0,-0.00229183,0,0,0,0,0,0,0,0,0,1,71,55,0,0.00034,0.00034,3,5,0,0,0,0,0,0,0,0,0,0,1,0,1,0,0,0,0,0,0,0,0,,0,0,0,0,
15,12.16,0,-12.85,27,0,0,0,12.3,0,0,0,0,-15.5,0,0,0,0,-0.00229183,0,0,0,0,0,0,0,0,0,1,74,55,0,0.00034,0.00034,3,5,0,0,0,0,0,0,0,0,0,0,1,0,1,0,0,0,0,0,0,0,0,,0,0,0,0,
16,13,0,-23.4,21,0,0,0,-1.7,0,0,0,0,-18,0,0,0,0,-0.00229183,0,0,0,0,0,0,0,0,0,1,67,55,0,0.00034,0.00034,3,5,0,0,0,0,0,0,0,0,0,0,1,0,1,0,0,0,0,0,0,0,0,,0,0,0,0,
END,Total:17
START,FrameNb:105,CameraNb:0,HeSaiNb:0,ARS410Nb:0
2026/08/02 16:19:41:691---->
heightOffset:0,1785658781691,1071268,selfCaliBufCnt:0,selfAccObjCnt:0,selfAccAngle:0,installHAngleOffset:0,Interpolation:0,installVAngleOffset:0,radarOffsetH:0,radarOffsetV:0.32,Polynom:-0.001023;-0.0511;-2.047;0;0;0;-0.001023;-0.0511;-2.047;-25.5;0;0,WheelDirection:0;0;0;0,selfAngleOffset:0,selfAngleOffsetPit:0,currCaliAngleHrz:0,currCaliAnglePit:0,selfCaliAngleHrz:0,selfCaliAnglePit:0,servCaliAngleHrz:0,servCaliAnglePit:0,offlineCaliAngleHrz:0,offlineCaliAnglePit:0,determine2useFlag:0,IMU_Z_Accel:-21.592,IMU_X_AngularRate:-2.093,IMU_Y_AngularRate:-2.093,IMU_RollAngle:-180,IMU_PitchAngle:-180,IMU_YawAngle:-180,FcwID:0,FCWWarningLevel:0,FCWTTC:0
0,2.35,0,50.65,29.5,0,0,0,-10.1,1.37605e-33,0,0,0,4.5,0,0,0,0,-0.00229183,0,0,0,0,0,0,0,0,0,1,78,62,0,0.00034,0.00034,3,5,0,0,0,0,0,0,0,0,0,0,1,0,0,0,0,0,0,0,0,0,0,,0,0,0,0,
1,2.79,0,-33.8,45,0,0,0,1.2,0,0,0,0,7,0,0,0,0,-0.00229183,0,0,0,0,0,0,0,0,0,1,94,62,0,0.00034,0.00034,3,5,0,0,0,0,0,0,0,0,0,0,1,0,0,0,0,0,0,0,0,0,0,,0,0,0,0,
2,3.27,0,13.8,37.5,0,0,0,1.4,0,0,0,0,-8,0,0,0,0,-0.00229183,0,0,0,0,0,0,0,0,0,1,86,62,0,0.00034,0.00034,3,0,0,0,0,0,0,0,0,0,0,0,1,0,0,0,0,0,0,0,0,0,0,,0,0,0,0,
3,3.58,0,-50.15,32.5,0,0,0,-5.75,0,0,0,0,8,0,0,0,0,-0.00229183,0,0,0,0,0,0,0,0,0,1,81,62,0,0.00034,0.00034,3,7,0,0,0,0,0,0,0,0,0,0,1,0,0,0,0,0,0,0,0,0,0,,0,0,0,0,
4,4.07,0,1.9,38.5,0,0,0,2.95,0,0,0,0,-9,0,0,0,0,-0.00229183,0,0,0,0,0,0,0,0,0,1,87,62,0,0.00034,0.00034,3,5,0,0,0,0,0,0,0,0,0,0,1,0,0,0,0,0,0,0,0,0,0,,0,0,0,0,
5,5.1,0,-35.8,32.5,0,0,0,-1.1,0,0,0,0,-7.5,0,0,0,0,-0.00229183,0,0,0,0,0,0,0,0,0,1,78,62,0,0.00034,0.00034,3,5,0,0,0,0,0,0,0,0,0,0,1,0,0,0,0,0,0,0,0,0,0,,0,0,0,0,
6,5.61,0,-34.55,35,0,0,0,-3.8,0,0,0,0,-4.5,0,0,0,0,-0.00229183,0,0,0,0,0,0,0,0,0,1,80,62,0,0.00034,0.00034,3,5,0,0,0,0,0,0,0,0,0,0,1,0,0,0,0,0,0,0,0,0,0,,0,0,0,0,
7,5.61,0,-24.3,35,0,0,0,-5.8,0,0,0,0,-9.5,0,0,0,0,-0.00229183,0,0,0,0,0,0,0,0,0,1,80,62,0,0.00034,0.00034,3,5,0,0,0,0,0,0,0,0,0,0,1,0,0,0,0,0,0,0,0,0,0,,0,0,0,0,
8,6.42,0,71.6,25.5,0,0,0,-13,0,0,0,0,18.5,0,0,0,0,-0.00229183,0,0,0,0,0,0,0,0,0,1,71,62,0,0.00034,0.00034,3,5,0,0,0,0,0,0,0,0,0,0,1,0,0,0,0,0,0,0,0,0,0,,0,0,0,0,
9,7.58,0,32.55,43,0,0,0,6.9,0,0,0,0,7.5,0,0,0,0,-0.00229183,0,0,0,0,0,0,0,0,0,1,89,62,0,0.00034,0.00034,3,5,0,0,0,0,0,0,0,0,0,0,1,0,0,0,0,0,0,0,0,0,0,,0,0,0,0,
10,8.07,0,-24.8,29,0,0,0,10.8,0,0,0,0,-12,0,0,0,0,-0.00229183,0,0,0,0,0,0,0,0,0,1,75,62,0,0.00034,0.00034,3,0,0,0,0,0,0,0,0,0,0,0,1,0,0,0,0,0,0,0,0,0,0,,0,0,0,0,
11,8.51,0,45.35,31.5,0,0,0,5.9,0,0,0,0,7,0,0,0,0,-0.00229183,0,0,0,0,0,0,0,0,0,1,78,62,0,0.00034,0.00034,3,5,0,0,0,0,0,0,0,0,0,0,1,0,0,0,0,0,0,0,0,0,0,,0,0,0,0,
12,8.94,0,-32.9,26.5,0,0,0,-1.55,0,0,0,0,-9.5,0,0,0,0,-0.00229183,0,0,0,0,0,0,0,0,0,1,73,62,0,0.00034,0.00034,3,5,0,0,0,0,0,0,0,0,0,0,1,0,0,0,0,0,0,0,0,0,0,,0,0,0,0,
13,9.39,0,-29.3,24,0,0,0,-3.3,0,0,0,0,-13.5,0,0,0,0,-0.00229183,0,0,0,0,0,0,0,0,0,1,71,62,0,0.00034,0.00034,3,5,0,0,0,0,0,0,0,0,0,0,1,0,0,0,0,0,0,0,0,0,0,,0,0,0,0,
14,12.16,0,-12.95,27,0,0,0,12.45,0,0,0,0,-15.5,0,0,0,0,-0.00229183,0,0,0,0,0,0,0,0,0,1,74,62,0,0.00034,0.00034,3,5,0,0,0,0,0,0,0,0,0,0,1,0,0,0,0,0,0,0,0,0,0,,0,0,0,0,
15,12.99,0,-23.4,21,0,0,0,-1.85,0,0,0,0,-17.5,0,0,0,0,-0.00229183,0,0,0,0,0,0,0,0,0,1,68,62,0,0.00034,0.00034,3,5,0,0,0,0,0,0,0,0,0,0,1,0,0,0,0,0,0,0,0,0,0,,0,0,0,0,
END,Total:16
START,FrameNb:106,CameraNb:0,HeSaiNb:0,ARS410Nb:0
2026/08/02 16:19:41:752---->
heightOffset:0,1785658781752,1071332,selfCaliBufCnt:0,selfAccObjCnt:0,selfAccAngle:0,installHAngleOffset:0,Interpolation:0,installVAngleOffset:0,radarOffsetH:0,radarOffsetV:0.32,Polynom:-0.001023;-0.0511;-2.047;0;0;0;-0.001023;-0.0511;-2.047;-25.5;0;0,WheelDirection:0;0;0;0,selfAngleOffset:0,selfAngleOffsetPit:0,currCaliAngleHrz:0,currCaliAnglePit:0,selfCaliAngleHrz:0,selfCaliAnglePit:0,servCaliAngleHrz:0,servCaliAnglePit:0,offlineCaliAngleHrz:0,offlineCaliAnglePit:0,determine2useFlag:0,IMU_Z_Accel:-21.592,IMU_X_AngularRate:-2.093,IMU_Y_AngularRate:-2.093,IMU_RollAngle:-180,IMU_PitchAngle:-180,IMU_YawAngle:-180,FcwID:0,FCWWarningLevel:0,FCWTTC:0
0,2.35,0,51.1,29,0,0,0,-10.2,1.37605e-33,0,0,0,5.5,0,0,0,0,-0.00229183,0,0,0,0,0,0,0,0,0,1,78,59,0,0.00034,0.00034,3,5,0,0,0,0,0,0,0,0,0,0,1,0,1,0,0,0,0,0,0,0,0,,0,0,0,0,
1,2.79,0,-33.8,45,0,0,0,1.2,0,0,0,0,7,0,0,0,0,-0.00229183,0,0,0,0,0,0,0,0,0,1,94,59,0,0.00034,0.00034,3,5,0,0,0,0,0,0,0,0,0,0,1,0,1,0,0,0,0,0,0,0,0,,0,0,0,0,
2,3.26,0,13.8,37.5,0,0,0,1.3,0,0,0,0,-8,0,0,0,0,-0.00229183,0,0,0,0,0,0,0,0,0,1,86,59,0,0.00034,0.00034,3,0,0,0,0,0,0,0,0,0,0,0,1,0,1,0,0,0,0,0,0,0,0,,0,0,0,0,
3,3.58,0,-50.3,32,0,0,0,-5.95,0,0,0,0,7.5,0,0,0,0,-0.00229183,0,0,0,0,0,0,0,0,0,1,80,59,0,0.00034,0.00034,3,5,0,0,0,0,0,0,0,0,0,0,1,0,1,0,0,0,0,0,0,0,0,,0,0,0,0,
4,4.07,0,1.9,38.5,0,0,0,2.95,0,0,0,0,-9,0,0,0,0,-0.00229183,0,0,0,0,0,0,0,0,0,1,87,59,0,0.00034,0.00034,3,5,0,0,0,0,0,0,0,0,0,0,1,0,1,0,0,0,0,0,0,0,0,,0,0,0,0,
5,5.11,0,-36.05,32.5,0,0,0,-1.2,0,0,0,0,-6.5,0,0,0,0,-0.00229183,0,0,0,0,0,0,0,0,0,1,78,59,0,0.00034,0.00034,3,0,0,0,0,0,0,0,0,0,0,0,1,0,1,0,0,0,0,0,0,0,0,,0,0,0,0,
6,5.61,0,-34.55,35,0,0,0,-4,0,0,0,0,-4.5,0,0,0,0,-0.00229183,0,0,0,0,0,0,0,0,0,1,80,59,0,0.00034,0.00034,3,5,0,0,0,0,0,0,0,0,0,0,1,0,1,0,0,0,0,0,0,0,0,,0,0,0,0,
7,5.61,0,-24.2,35,0,0,0,-6,0,0,0,0,-9.5,0,0,0,0,-0.00229183,0,0,0,0,0,0,0,0,0,1,80,59,0,0.00034,0.00034,3,5,0,0,0,0,0,0,0,0,0,0,1,0,1,0,0,0,0,0,0,0,0,,0,0,0,0,
8,6.4,0,34.35,25.5,0,0,0,-10.2,0,0,0,0,-10.5,0,0,0,0,-0.00229183,0,0,0,0,0,0,0,0,0,1,71,59,0,0.00034,0.00034,3,5,0,0,0,0,0,0,0,0,0,0,1,0,1,0,0,0,0,0,0,0,0,,0,0,0,0,
9,6.84,0,-19.85,26,0,0,0,-10,0,0,0,0,-19.5,0,0,0,0,-0.00229183,0,0,0,0,0,0,0,0,0,1,72,59,0,0.00034,0.00034,3,5,0,0,0,0,0,0,0,0,0,0,1,0,1,0,0,0,0,0,0,0,0,,0,0,0,0,
10,7.57,0,32.5,43,0,0,0,7.05,0,0,0,0,7.5,0,0,0,0,-0.00229183,0,0,0,0,0,0,0,0,0,1,89,59,0,0.00034,0.00034,3,0,0,0,0,0,0,0,0,0,0,0,1,0,1,0,0,0,0,0,0,0,0,,0,0,0,0,
11,8.09,0,-24.85,28.5,0,0,0,10.55,0,0,0,0,-12,0,0,0,0,-0.00229183,0,0,0,0,0,0,0,0,0,1,75,59,0,0.00034,0.00034,3,5,0,0,0,0,0,0,0,0,0,0,1,0,1,0,0,0,0,0,0,0,0,,0,0,0,0,
12,8.52,0,45.3,31.5,0,0,0,5.7,0,0,0,0,7,0,0,0,0,-0.00229183,0,0,0,0,0,0,0,0,0,1,78,59,0,0.00034,0.00034,3,5,0,0,0,0,0,0,0,0,0,0,1,0,1,0,0,0,0,0,0,0,0,,0,0,0,0,
13,8.93,0,-32.9,26.5,0,0,0,-1.55,0,0,0,0,-9.5,0,0,0,0,-0.00229183,0,0,0,0,0,0,0,0,0,1,73,59,0,0.00034,0.00034,3,5,0,0,0,0,0,0,0,0,0,0,1,0,1,0,0,0,0,0,0,0,0,,0,0,0,0,
14,9.4,0,-29.35,24,0,0,0,-3.35,0,0,0,0,-13.5,0,0,0,0,-0.00229183,0,0,0,0,0,0,0,0,0,1,71,59,0,0.00034,0.00034,3,5,0,0,0,0,0,0,0,0,0,0,1,0,1,0,0,0,0,0,0,0,0,,0,0,0,0,
15,9.88,0,-28.1,20.5,0,0,0,-1.55,0,0,0,0,-17.5,0,0,0,0,-0.00229183,0,0,0,0,0,0,0,0,0,1,67,59,0,0.00034,0.00034,3,5,0,0,0,0,0,0,0,0,0,0,1,0,1,0,0,0,0,0,0,0,0,,0,0,0,0,
16,12.16,0,-12.85,27,0,0,0,12.05,0,0,0,0,-15.5,0,0,0,0,-0.00229183,0,0,0,0,0,0,0,0,0,1,74,59,0,0.00034,0.00034,3,5,0,0,0,0,0,0,0,0,0,0,1,0,1,0,0,0,0,0,0,0,0,,0,0,0,0,
17,12.99,0,-23.15,21,0,0,0,-2,0,0,0,0,-18,0,0,0,0,-0.00229183,0,0,0,0,0,0,0,0,0,1,67,59,0,0.00034,0.00034,3,5,0,0,0,0,0,0,0,0,0,0,1,0,1,0,0,0,0,0,0,0,0,,0,0,0,0,
END,Total:18
START,FrameNb:107,CameraNb:0,HeSaiNb:0,ARS410Nb:0
2026/08/02 16:19:41:817---->
heightOffset:0,1785658781817,1071388,selfCaliBufCnt:0,selfAccObjCnt:0,selfAccAngle:0,installHAngleOffset:0,Interpolation:0,installVAngleOffset:0,radarOffsetH:0,radarOffsetV:0.32,Polynom:-0.001023;-0.0511;-2.047;0;0;0;-0.001023;-0.0511;-2.047;-25.5;0;0,WheelDirection:0;0;0;0,selfAngleOffset:0,selfAngleOffsetPit:0,currCaliAngleHrz:0,currCaliAnglePit:0,selfCaliAngleHrz:0,selfCaliAnglePit:0,servCaliAngleHrz:0,servCaliAnglePit:0,offlineCaliAngleHrz:0,offlineCaliAnglePit:0,determine2useFlag:0,IMU_Z_Accel:-21.592,IMU_X_AngularRate:-2.093,IMU_Y_AngularRate:-2.093,IMU_RollAngle:-180,IMU_PitchAngle:-180,IMU_YawAngle:-180,FcwID:0,FCWWarningLevel:0,FCWTTC:0
0,2.35,0,31.45,29.5,0,0,0,10.4,1.37605e-33,0,0,0,-8.5,0,0,0,0,-0.00229183,0,0,0,0,0,0,0,0,0,1,78,60,0,0.00034,0.00034,3,5,0,0,0,0,0,0,0,0,0,0,1,0,0,0,0,0,0,0,0,0,0,,0,0,0,0,
1,2.79,0,-33.8,45,0,0,0,1.2,0,0,0,0,7,0,0,0,0,-0.00229183,0,0,0,0,0,0,0,0,0,1,94,60,0,0.00034,0.00034,3,5,0,0,0,0,0,0,0,0,0,0,1,0,0,0,0,0,0,0,0,0,0,,0,0,0,0,
2,3.27,0,13.8,37.5,0,0,0,1.4,0,0,0,0,-8,0,0,0,0,-0.00229183,0,0,0,0,0,0,0,0,0,1,86,60,0,0.00034,0.00034,3,0,0,0,0,0,0,0,0,0,0,0,1,0,0,0,0,0,0,0,0,0,0,,0,0,0,0,
3,3.58,0,-50.3,32.5,0,0,0,-5.85,0,0,0,0,8,0,0,0,0,-0.00229183,0,0,0,0,0,0,0,0,0,1,81,60,0,0.00034,0.00034,3,7,0,0,0,0,0,0,0,0,0,0,1,0,0,0,0,0,0,0,0,0,0,,0,0,0,0,
4,4.07,0,1.9,38.5,0,0,0,2.95,0,0,0,0,-9,0,0,0,0,-0.00229183,0,0,0,0,0,0,0,0,0,1,87,60,0,0.00034,0.00034,3,5,0,0,0,0,0,0,0,0,0,0,1,0,0,0,0,0,0,0,0,0,0,,0,0,0,0,
5,5.09,0,-35.85,32.5,0,0,0,-1.25,0,0,0,0,-7.5,0,0,0,0,-0.00229183,0,0,0,0,0,0,0,0,0,1,78,60,0,0.00034,0.00034,3,0,0,0,0,0,0,0,0,0,0,0,1,0,0,0,0,0,0,0,0,0,0,,0,0,0,0,
6,5.61,0,-34.55,35,0,0,0,-4.1,0,0,0,0,-4.5,0,0,0,0,-0.00229183,0,0,0,0,0,0,0,0,0,1,80,60,0,0.00034,0.00034,3,5,0,0,0,0,0,0,0,0,0,0,1,0,0,0,0,0,0,0,0,0,0,,0,0,0,0,
7,5.61,0,-24.2,35,0,0,0,-6.1,0,0,0,0,-9.5,0,0,0,0,-0.00229183,0,0,0,0,0,0,0,0,0,1,80,60,0,0.00034,0.00034,3,5,0,0,0,0,0,0,0,0,0,0,1,0,0,0,0,0,0,0,0,0,0,,0,0,0,0,
8,6.41,0,71.7,25,0,0,0,-15,0,0,0,0,18,0,0,0,0,-0.00229183,0,0,0,0,0,0,0,0,0,1,71,60,0,0.00034,0.00034,2,-1,0,0,0,0,0,0,0,0,0,0,1,0,0,0,0,0,0,0,0,0,0,,0,0,0,0,
9,6.83,0,-19.9,25.5,0,0,0,1.7,0,0,0,0,-19.5,0,0,0,0,-0.00229183,0,0,0,0,0,0,0,0,0,1,72,60,0,0.00034,0.00034,3,5,0,0,0,0,0,0,0,0,0,0,1,0,0,0,0,0,0,0,0,0,0,,0,0,0,0,
10,7.58,0,32.45,43,0,0,0,7.05,0,0,0,0,7.5,0,0,0,0,-0.00229183,0,0,0,0,0,0,0,0,0,1,89,60,0,0.00034,0.00034,3,5,0,0,0,0,0,0,0,0,0,0,1,0,0,0,0,0,0,0,0,0,0,,0,0,0,0,
11,8.07,0,-24.85,29,0,0,0,10.9,0,0,0,0,-12,0,0,0,0,-0.00229183,0,0,0,0,0,0,0,0,0,1,75,60,0,0.00034,0.00034,3,5,0,0,0,0,0,0,0,0,0,0,1,0,0,0,0,0,0,0,0,0,0,,0,0,0,0,
12,8.52,0,45.3,32,0,0,0,5.75,0,0,0,0,7,0,0,0,0,-0.00229183,0,0,0,0,0,0,0,0,0,1,78,60,0,0.00034,0.00034,3,5,0,0,0,0,0,0,0,0,0,0,1,0,0,0,0,0,0,0,0,0,0,,0,0,0,0,
13,8.92,0,-32.85,26.5,0,0,0,-1.6,0,0,0,0,-9.5,0,0,0,0,-0.00229183,0,0,0,0,0,0,0,0,0,1,73,60,0,0.00034,0.00034,3,5,0,0,0,0,0,0,0,0,0,0,1,0,0,0,0,0,0,0,0,0,0,,0,0,0,0,
14,9.4,0,-29.3,24,0,0,0,-3.3,0,0,0,0,-13.5,0,0,0,0,-0.00229183,0,0,0,0,0,0,0,0,0,1,71,60,0,0.00034,0.00034,3,5,0,0,0,0,0,0,0,0,0,0,1,0,0,0,0,0,0,0,0,0,0,,0,0,0,0,
15,12.16,0,26,27,0,0,0,-7.25,0,0,0,0,-7.5,0,0,0,0,-0.00229183,0,0,0,0,0,0,0,0,0,1,74,60,0,0.00034,0.00034,2,-1,0,0,0,0,0,0,0,0,0,0,1,0,0,0,0,0,0,0,0,0,0,,0,0,0,0,
16,12.99,0,-23.45,21,0,0,0,-2,0,0,0,0,-17.5,0,0,0,0,-0.00229183,0,0,0,0,0,0,0,0,0,1,68,60,0,0.00034,0.00034,3,5,0,0,0,0,0,0,0,0,0,0,1,0,0,0,0,0,0,0,0,0,0,,0,0,0,0,
END,Total:17
START,FrameNb:108,CameraNb:0,HeSaiNb:0,ARS410Nb:0
2026/08/02 16:19:41:899---->
heightOffset:0,1785658781899,1071448,selfCaliBufCnt:0,selfAccObjCnt:0,selfAccAngle:0,installHAngleOffset:0,Interpolation:0,installVAngleOffset:0,radarOffsetH:0,radarOffsetV:0.32,Polynom:-0.001023;-0.0511;-2.047;0;0;0;-0.001023;-0.0511;-2.047;-25.5;0;0,WheelDirection:0;0;0;0,selfAngleOffset:0,selfAngleOffsetPit:0,currCaliAngleHrz:0,currCaliAnglePit:0,selfCaliAngleHrz:0,selfCaliAnglePit:0,servCaliAngleHrz:0,servCaliAnglePit:0,offlineCaliAngleHrz:0,offlineCaliAnglePit:0,determine2useFlag:0,IMU_Z_Accel:-21.592,IMU_X_AngularRate:-2.093,IMU_Y_AngularRate:-2.093,IMU_RollAngle:-180,IMU_PitchAngle:-180,IMU_YawAngle:-180,FcwID:0,FCWWarningLevel:0,FCWTTC:0
0,2.35,0,51.1,29,0,0,0,-10.1,1.37605e-33,0,0,0,5.5,0,0,0,0,-0.00229183,0,0,0,0,0,0,0,0,0,1,78,55,0,0.00034,0.00034,2,-1,0,0,0,0,0,0,0,0,0,0,1,0,1,0,0,0,0,0,0,0,0,,0,0,0,0,
1,2.79,0,-33.8,45,0,0,0,1.2,0,0,0,0,7,0,0,0,0,-0.00229183,0,0,0,0,0,0,0,0,0,1,94,55,0,0.00034,0.00034,3,5,0,0,0,0,0,0,0,0,0,0,1,0,1,0,0,0,0,0,0,0,0,,0,0,0,0,
2,3.27,0,13.8,37,0,0,0,1.3,0,0,0,0,-8,0,0,0,0,-0.00229183,0,0,0,0,0,0,0,0,0,1,86,55,0,0.00034,0.00034,3,0,0,0,0,0,0,0,0,0,0,0,1,0,1,0,0,0,0,0,0,0,0,,0,0,0,0,
3,3.58,0,-50.15,32,0,0,0,-6,0,0,0,0,8,0,0,0,0,-0.00229183,0,0,0,0,0,0,0,0,0,1,81,55,0,0.00034,0.00034,3,5,0,0,0,0,0,0,0,0,0,0,1,0,1,0,0,0,0,0,0,0,0,,0,0,0,0,
4,4.07,0,1.9,38.5,0,0,0,2.95,0,0,0,0,-9,0,0,0,0,-0.00229183,0,0,0,0,0,0,0,0,0,1,87,55,0,0.00034,0.00034,3,5,0,0,0,0,0,0,0,0,0,0,1,0,1,0,0,0,0,0,0,0,0,,0,0,0,0,
5,5.08,0,-35.95,32,0,0,0,-1.3,0,0,0,0,-7.5,0,0,0,0,-0.00229183,0,0,0,0,0,0,0,0,0,1,78,55,0,0.00034,0.00034,3,5,0,0,0,0,0,0,0,0,0,0,1,0,1,0,0,0,0,0,0,0,0,,0,0,0,0,
6,5.61,0,-34.55,35,0,0,0,-4.05,0,0,0,0,-4.5,0,0,0,0,-0.00229183,0,0,0,0,0,0,0,0,0,1,80,55,0,0.00034,0.00034,3,5,0,0,0,0,0,0,0,0,0,0,1,0,1,0,0,0,0,0,0,0,0,,0,0,0,0,
7,5.61,0,-24.2,35,0,0,0,-5.85,0,0,0,0,-9.5,0,0,0,0,-0.00229183,0,0,0,0,0,0,0,0,0,1,80,55,0,0.00034,0.00034,3,5,0,0,0,0,0,0,0,0,0,0,1,0,1,0,0,0,0,0,0,0,0,,0,0,0,0,
8,6.42,0,34.45,25.5,0,0,0,-9.95,0,0,0,0,-10.5,0,0,0,0,-0.00229183,0,0,0,0,0,0,0,0,0,1,71,55,0,0.00034,0.00034,3,5,0,0,0,0,0,0,0,0,0,0,1,0,1,0,0,0,0,0,0,0,0,,0,0,0,0,
9,6.84,0,49.45,26,0,0,0,3.8,0,0,0,0,1.5,0,0,0,0,-0.00229183,0,0,0,0,0,0,0,0,0,1,72,55,0,0.00034,0.00034,3,5,0,0,0,0,0,0,0,0,0,0,1,0,1,0,0,0,0,0,0,0,0,,0,0,0,0,
10,7.59,0,32.55,43,0,0,0,7.05,0,0,0,0,7.5,0,0,0,0,-0.00229183,0,0,0,0,0,0,0,0,0,1,89,55,0,0.00034,0.00034,3,5,0,0,0,0,0,0,0,0,0,0,1,0,1,0,0,0,0,0,0,0,0,,0,0,0,0,
11,8.08,0,-24.85,29,0,0,0,-2,0,0,0,0,-12,0,0,0,0,-0.00229183,0,0,0,0,0,0,0,0,0,1,75,55,0,0.00034,0.00034,3,5,0,0,0,0,0,0,0,0,0,0,1,0,1,0,0,0,0,0,0,0,0,,0,0,0,0,
12,8.52,0,45.2,31.5,0,0,0,5.8,0,0,0,0,7,0,0,0,0,-0.00229183,0,0,0,0,0,0,0,0,0,1,78,55,0,0.00034,0.00034,3,5,0,0,0,0,0,0,0,0,0,0,1,0,1,0,0,0,0,0,0,0,0,,0,0,0,0,
13,8.93,0,-32.95,26.5,0,0,0,-1.6,0,0,0,0,-9.5,0,0,0,0,-0.00229183,0,0,0,0,0,0,0,0,0,1,73,55,0,0.00034,0.00034,3,5,0,0,0,0,0,0,0,0,0,0,1,0,1,0,0,0,0,0,0,0,0,,0,0,0,0,
14,9.39,0,-29.35,24,0,0,0,-3.45,0,0,0,0,-13.5,0,0,0,0,-0.00229183,0,0,0,0,0,0,0,0,0,1,71,55,0,0.00034,0.00034,3,5,0,0,0,0,0,0,0,0,0,0,1,0,1,0,0,0,0,0,0,0,0,,0,0,0,0,
15,12.16,0,-12.85,27,0,0,0,12.15,0,0,0,0,-15.5,0,0,0,0,-0.00229183,0,0,0,0,0,0,0,0,0,1,74,55,0,0.00034,0.00034,3,5,0,0,0,0,0,0,0,0,0,0,1,0,1,0,0,0,0,0,0,0,0,,0,0,0,0,
16,12.99,0,-23.3,21,0,0,0,-1.8,0,0,0,0,-18,0,0,0,0,-0.00229183,0,0,0,0,0,0,0,0,0,1,67,55,0,0.00034,0.00034,3,5,0,0,0,0,0,0,0,0,0,0,1,0,1,0,0,0,0,0,0,0,0,,0,0,0,0,
END,Total:17
START,FrameNb:109,CameraNb:0,HeSaiNb:0,ARS410Nb:0
2026/08/02 16:19:41:940---->
heightOffset:0,1785658781940,1071500,selfCaliBufCnt:0,selfAccObjCnt:0,selfAccAngle:0,installHAngleOffset:0,Interpolation:0,installVAngleOffset:0,radarOffsetH:0,radarOffsetV:0.32,Polynom:-0.001023;-0.0511;-2.047;0;0;0;-0.001023;-0.0511;-2.047;-25.5;0;0,WheelDirection:0;0;0;0,selfAngleOffset:0,selfAngleOffsetPit:0,currCaliAngleHrz:0,currCaliAnglePit:0,selfCaliAngleHrz:0,selfCaliAnglePit:0,servCaliAngleHrz:0,servCaliAnglePit:0,offlineCaliAngleHrz:0,offlineCaliAnglePit:0,determine2useFlag:0,IMU_Z_Accel:-21.592,IMU_X_AngularRate:-2.093,IMU_Y_AngularRate:-2.093,IMU_RollAngle:-180,IMU_PitchAngle:-180,IMU_YawAngle:-180,FcwID:0,FCWWarningLevel:0,FCWTTC:0
0,2.35,0,50.65,29.5,0,0,0,-10.1,1.37605e-33,0,0,0,4.5,0,0,0,0,-0.00229183,0,0,0,0,0,0,0,0,0,1,78,59,0,0.00034,0.00034,3,5,0,0,0,0,0,0,0,0,0,0,1,0,0,0,0,0,0,0,0,0,0,,0,0,0,0,
1,2.79,0,-33.8,45,0,0,0,1.2,0,0,0,0,7,0,0,0,0,-0.00229183,0,0,0,0,0,0,0,0,0,1,94,59,0,0.00034,0.00034,3,5,0,0,0,0,0,0,0,0,0,0,1,0,0,0,0,0,0,0,0,0,0,,0,0,0,0,
2,3.26,0,13.8,37.5,0,0,0,1.4,0,0,0,0,-8,0,0,0,0,-0.00229183,0,0,0,0,0,0,0,0,0,1,86,59,0,0.00034,0.00034,3,0,0,0,0,0,0,0,0,0,0,0,1,0,0,0,0,0,0,0,0,0,0,,0,0,0,0,
3,3.58,0,-50.3,32.5,0,0,0,-5.75,0,0,0,0,8,0,0,0,0,-0.00229183,0,0,0,0,0,0,0,0,0,1,81,59,0,0.00034,0.00034,3,7,0,0,0,0,0,0,0,0,0,0,1,0,0,0,0,0,0,0,0,0,0,,0,0,0,0,
4,4.07,0,1.9,38.5,0,0,0,2.95,0,0,0,0,-9,0,0,0,0,-0.00229183,0,0,0,0,0,0,0,0,0,1,87,59,0,0.00034,0.00034,3,5,0,0,0,0,0,0,0,0,0,0,1,0,0,0,0,0,0,0,0,0,0,,0,0,0,0,
5,5.11,0,-35.8,32.5,0,0,0,-1.25,0,0,0,0,-7.5,0,0,0,0,-0.00229183,0,0,0,0,0,0,0,0,0,1,78,59,0,0.00034,0.00034,3,5,0,0,0,0,0,0,0,0,0,0,1,0,0,0,0,0,0,0,0,0,0,,0,0,0,0,
6,5.61,0,-34.55,35,0,0,0,-4.1,0,0,0,0,-4.5,0,0,0,0,-0.00229183,0,0,0,0,0,0,0,0,0,1,80,59,0,0.00034,0.00034,3,5,0,0,0,0,0,0,0,0,0,0,1,0,0,0,0,0,0,0,0,0,0,,0,0,0,0,
7,5.61,0,-24.2,35,0,0,0,-6.2,0,0,0,0,-9.5,0,0,0,0,-0.00229183,0,0,0,0,0,0,0,0,0,1,80,59,0,0.00034,0.00034,3,5,0,0,0,0,0,0,0,0,0,0,1,0,0,0,0,0,0,0,0,0,0,,0,0,0,0,
8,6.41,0,71.7,25.5,0,0,0,-15,0,0,0,0,18.5,0,0,0,0,-0.00229183,0,0,0,0,0,0,0,0,0,1,71,59,0,0.00034,0.00034,2,-1,0,0,0,0,0,0,0,0,0,0,1,0,0,0,0,0,0,0,0,0,0,,0,0,0,0,
9,7.59,0,32.6,43,0,0,0,6.8,0,0,0,0,7.5,0,0,0,0,-0.00229183,0,0,0,0,0,0,0,0,0,1,89,59,0,0.00034,0.00034,3,5,0,0,0,0,0,0,0,0,0,0,1,0,0,0,0,0,0,0,0,0,0,,0,0,0,0,
10,8.09,0,-24.7,28.5,0,0,0,10.7,0,0,0,0,-12,0,0,0,0,-0.00229183,0,0,0,0,0,0,0,0,0,1,75,59,0,0.00034,0.00034,3,5,0,0,0,0,0,0,0,0,0,0,1,0,0,0,0,0,0,0,0,0,0,,0,0,0,0,
11,8.52,0,45.3,31.5,0,0,0,5.95,0,0,0,0,7,0,0,0,0,-0.00229183,0,0,0,0,0,0,0,0,0,1,78,59,0,0.00034,0.00034,3,5,0,0,0,0,0,0,0,0,0,0,1,0,0,0,0,0,0,0,0,0,0,,0,0,0,0,
12,8.93,0,-32.85,26,0,0,0,-1.6,0,0,0,0,-9.5,0,0,0,0,-0.00229183,0,0,0,0,0,0,0,0,0,1,73,59,0,0.00034,0.00034,3,5,0,0,0,0,0,0,0,0,0,0,1,0,0,0,0,0,0,0,0,0,0,,0,0,0,0,
13,9.41,0,-29.2,24,0,0,0,-3.45,0,0,0,0,-13.5,0,0,0,0,-0.00229183,0,0,0,0,0,0,0,0,0,1,71,59,0,0.00034,0.00034,3,5,0,0,0,0,0,0,0,0,0,0,1,0,0,0,0,0,0,0,0,0,0,,0,0,0,0,
14,12.16,0,26,27,0,0,0,-7.25,0,0,0,0,-7.5,0,0,0,0,-0.00229183,0,0,0,0,0,0,0,0,0,1,74,59,0,0.00034,0.00034,2,-1,0,0,0,0,0,0,0,0,0,0,1,0,0,0,0,0,0,0,0,0,0,,0,0,0,0,
15,13,0,-23.35,20.5,0,0,0,-1.95,0,0,0,0,-18,0,0,0,0,-0.00229183,0,0,0,0,0,0,0,0,0,1,67,59,0,0.00034,0.00034,3,5,0,0,0,0,0,0,0,0,0,0,1,0,0,0,0,0,0,0,0,0,0,,0,0,0,0,
END,Total:16
START,FrameNb:110,CameraNb:0,HeSaiNb:0,ARS410Nb:0
2026/08/02 16:19:42:005---->
heightOffset:0,1785658782005,1071560,selfCaliBufCnt:0,selfAccObjCnt:0,selfAccAngle:0,installHAngleOffset:0,Interpolation:0,installVAngleOffset:0,radarOffsetH:0,radarOffsetV:0.32,Polynom:-0.001023;-0.0511;-2.047;0;0;0;-0.001023;-0.0511;-2.047;-25.5;0;0,WheelDirection:0;0;0;0,selfAngleOffset:0,selfAngleOffsetPit:0,currCaliAngleHrz:0,currCaliAnglePit:0,selfCaliAngleHrz:0,selfCaliAnglePit:0,servCaliAngleHrz:0,servCaliAnglePit:0,offlineCaliAngleHrz:0,offlineCaliAnglePit:0,determine2useFlag:0,IMU_Z_Accel:-21.592,IMU_X_AngularRate:-2.093,IMU_Y_AngularRate:-2.093,IMU_RollAngle:-180,IMU_PitchAngle:-180,IMU_YawAngle:-180,FcwID:0,FCWWarningLevel:0,FCWTTC:0
0,2.35,0,51.05,29,0,0,0,-10.2,1.37605e-33,0,0,0,5.5,0,0,0,0,-0.00229183,0,0,0,0,0,0,0,0,0,1,78,55,0,0.00034,0.00034,3,5,0,0,0,0,0,0,0,0,0,0,1,0,1,0,0,0,0,0,0,0,0,,0,0,0,0,
1,2.79,0,-33.8,45,0,0,0,1.2,0,0,0,0,7,0,0,0,0,-0.00229183,0,0,0,0,0,0,0,0,0,1,94,55,0,0.00034,0.00034,3,5,0,0,0,0,0,0,0,0,0,0,1,0,1,0,0,0,0,0,0,0,0,,0,0,0,0,
2,3.27,0,13.8,37,0,0,0,1.3,0,0,0,0,-8,0,0,0,0,-0.00229183,0,0,0,0,0,0,0,0,0,1,86,55,0,0.00034,0.00034,3,0,0,0,0,0,0,0,0,0,0,0,1,0,1,0,0,0,0,0,0,0,0,,0,0,0,0,
3,3.58,0,-50.3,32,0,0,0,-6,0,0,0,0,8,0,0,0,0,-0.00229183,0,0,0,0,0,0,0,0,0,1,81,55,0,0.00034,0.00034,3,5,0,0,0,0,0,0,0,0,0,0,1,0,1,0,0,0,0,0,0,0,0,,0,0,0,0,
4,4.07,0,1.9,38.5,0,0,0,2.95,0,0,0,0,-9,0,0,0,0,-0.00229183,0,0,0,0,0,0,0,0,0,1,87,55,0,0.00034,0.00034,3,5,0,0,0,0,0,0,0,0,0,0,1,0,1,0,0,0,0,0,0,0,0,,0,0,0,0,
5,5.11,0,-35.95,32,0,0,0,-1.35,0,0,0,0,-7.5,0,0,0,0,-0.00229183,0,0,0,0,0,0,0,0,0,1,78,55,0,0.00034,0.00034,3,0,0,0,0,0,0,0,0,0,0,0,1,0,1,0,0,0,0,0,0,0,0,,0,0,0,0,
6,5.61,0,-34.55,35,0,0,0,-4.05,0,0,0,0,-4.5,0,0,0,0,-0.00229183,0,0,0,0,0,0,0,0,0,1,80,55,0,0.00034,0.00034,3,5,0,0,0,0,0,0,0,0,0,0,1,0,1,0,0,0,0,0,0,0,0,,0,0,0,0,
7,5.61,0,-24.2,35,0,0,0,-5.95,0,0,0,0,-9.5,0,0,0,0,-0.00229183,0,0,0,0,0,0,0,0,0,1,80,55,0,0.00034,0.00034,3,5,0,0,0,0,0,0,0,0,0,0,1,0,1,0,0,0,0,0,0,0,0,,0,0,0,0,
8,6.41,0,34.2,25.5,0,0,0,-9.35,0,0,0,0,-10,0,0,0,0,-0.00229183,0,0,0,0,0,0,0,0,0,1,71,55,0,0.00034,0.00034,3,5,0,0,0,0,0,0,0,0,0,0,1,0,1,0,0,0,0,0,0,0,0,,0,0,0,0,
9,6.84,0,49.45,25.5,0,0,0,3.7,0,0,0,0,1.5,0,0,0,0,-0.00229183,0,0,0,0,0,0,0,0,0,1,72,55,0,0.00034,0.00034,3,5,0,0,0,0,0,0,0,0,0,0,1,0,1,0,0,0,0,0,0,0,0,,0,0,0,0,
10,7.6,0,32.45,42.5,0,0,0,6.8,0,0,0,0,7.5,0,0,0,0,-0.00229183,0,0,0,0,0,0,0,0,0,1,89,55,0,0.00034,0.00034,3,5,0,0,0,0,0,0,0,0,0,0,1,0,1,0,0,0,0,0,0,0,0,,0,0,0,0,
11,8.25,0,-24.85,28.5,0,0,0,10.45,0,0,0,0,-12,0,0,0,0,-0.00229183,0,0,0,0,0,0,0,0,0,1,75,55,0,0.00034,0.00034,3,5,0,0,0,0,0,0,0,0,0,0,1,0,1,0,0,0,0,0,0,0,0,,0,0,0,0,
12,8.52,0,45.3,31,0,0,0,5.75,0,0,0,0,7,0,0,0,0,-0.00229183,0,0,0,0,0,0,0,0,0,1,78,55,0,0.00034,0.00034,3,5,0,0,0,0,0,0,0,0,0,0,1,0,1,0,0,0,0,0,0,0,0,,0,0,0,0,
13,8.96,0,-32.9,26,0,0,0,-1.55,0,0,0,0,-10,0,0,0,0,-0.00229183,0,0,0,0,0,0,0,0,0,1,73,55,0,0.00034,0.00034,3,5,0,0,0,0,0,0,0,0,0,0,1,0,1,0,0,0,0,0,0,0,0,,0,0,0,0,
14,9.39,0,-29.3,24,0,0,0,-3.25,0,0,0,0,-13.5,0,0,0,0,-0.00229183,0,0,0,0,0,0,0,0,0,1,71,55,0,0.00034,0.00034,3,5,0,0,0,0,0,0,0,0,0,0,1,0,1,0,0,0,0,0,0,0,0,,0,0,0,0,
15,12.16,0,-12.9,27,0,0,0,12.15,0,0,0,0,-15.5,0,0,0,0,-0.00229183,0,0,0,0,0,0,0,0,0,1,74,55,0,0.00034,0.00034,3,5,0,0,0,0,0,0,0,0,0,0,1,0,1,0,0,0,0,0,0,0,0,,0,0,0,0,
16,13,0,-23.3,21,0,0,0,-1.55,0,0,0,0,-18,0,0,0,0,-0.00229183,0,0,0,0,0,0,0,0,0,1,67,55,0,0.00034,0.00034,3,5,0,0,0,0,0,0,0,0,0,0,1,0,1,0,0,0,0,0,0,0,0,,0,0,0,0,
END,Total:17
START,FrameNb:111,CameraNb:0,HeSaiNb:0,ARS410Nb:0
2026/08/02 16:19:42:035---->
heightOffset:0,1785658782035,1071620,selfCaliBufCnt:0,selfAccObjCnt:0,selfAccAngle:0,installHAngleOffset:0,Interpolation:0,installVAngleOffset:0,radarOffsetH:0,radarOffsetV:0.32,Polynom:-0.001023;-0.0511;-2.047;0;0;0;-0.001023;-0.0511;-2.047;-25.5;0;0,WheelDirection:0;0;0;0,selfAngleOffset:0,selfAngleOffsetPit:0,currCaliAngleHrz:0,currCaliAnglePit:0,selfCaliAngleHrz:0,selfCaliAnglePit:0,servCaliAngleHrz:0,servCaliAnglePit:0,offlineCaliAngleHrz:0,offlineCaliAnglePit:0,determine2useFlag:0,IMU_Z_Accel:-21.592,IMU_X_AngularRate:-2.093,IMU_Y_AngularRate:-2.093,IMU_RollAngle:-180,IMU_PitchAngle:-180,IMU_YawAngle:-180,FcwID:0,FCWWarningLevel:0,FCWTTC:0
0,2.35,0,31.35,29.5,0,0,0,10.3,1.37605e-33,0,0,0,-8.5,0,0,0,0,-0.00229183,0,0,0,0,0,0,0,0,0,1,78,61,0,0.00034,0.00034,3,5,0,0,0,0,0,0,0,0,0,0,1,0,0,0,0,0,0,0,0,0,0,,0,0,0,0,
1,2.79,0,-33.8,45.5,0,0,0,1.2,0,0,0,0,7,0,0,0,0,-0.00229183,0,0,0,0,0,0,0,0,0,1,94,61,0,0.00034,0.00034,3,5,0,0,0,0,0,0,0,0,0,0,1,0,0,0,0,0,0,0,0,0,0,,0,0,0,0,
2,3.26,0,13.8,37.5,0,0,0,1.4,0,0,0,0,-8,0,0,0,0,-0.00229183,0,0,0,0,0,0,0,0,0,1,86,61,0,0.00034,0.00034,3,0,0,0,0,0,0,0,0,0,0,0,1,0,0,0,0,0,0,0,0,0,0,,0,0,0,0,
3,3.58,0,-3.65,32.5,0,0,0,-8.55,0,0,0,0,-16,0,0,0,0,-0.00229183,0,0,0,0,0,0,0,0,0,1,81,61,0,0.00034,0.00034,3,7,0,0,0,0,0,0,0,0,0,0,1,0,0,0,0,0,0,0,0,0,0,,0,0,0,0,
4,4.07,0,1.9,39,0,0,0,2.95,0,0,0,0,-9,0,0,0,0,-0.00229183,0,0,0,0,0,0,0,0,0,1,87,61,0,0.00034,0.00034,3,5,0,0,0,0,0,0,0,0,0,0,1,0,0,0,0,0,0,0,0,0,0,,0,0,0,0,
5,5.11,0,-35.8,32.5,0,0,0,-1.35,0,0,0,0,-7.5,0,0,0,0,-0.00229183,0,0,0,0,0,0,0,0,0,1,78,61,0,0.00034,0.00034,3,0,0,0,0,0,0,0,0,0,0,0,1,0,0,0,0,0,0,0,0,0,0,,0,0,0,0,
6,5.6,0,-34.5,35,0,0,0,-4.25,0,0,0,0,-4.5,0,0,0,0,-0.00229183,0,0,0,0,0,0,0,0,0,1,80,61,0,0.00034,0.00034,3,5,0,0,0,0,0,0,0,0,0,0,1,0,0,0,0,0,0,0,0,0,0,,0,0,0,0,
7,5.6,0,-24.2,35,0,0,0,-6.1,0,0,0,0,-9.5,0,0,0,0,-0.00229183,0,0,0,0,0,0,0,0,0,1,80,61,0,0.00034,0.00034,3,5,0,0,0,0,0,0,0,0,0,0,1,0,0,0,0,0,0,0,0,0,0,,0,0,0,0,
8,6.42,0,-20.95,25.5,0,0,0,-4.55,0,0,0,0,-19.5,0,0,0,0,-0.00229183,0,0,0,0,0,0,0,0,0,1,71,61,0,0.00034,0.00034,3,5,0,0,0,0,0,0,0,0,0,0,1,0,0,0,0,0,0,0,0,0,0,,0,0,0,0,
9,7.6,0,32.55,43,0,0,0,6.8,0,0,0,0,7.5,0,0,0,0,-0.00229183,0,0,0,0,0,0,0,0,0,1,89,61,0,0.00034,0.00034,3,5,0,0,0,0,0,0,0,0,0,0,1,0,0,0,0,0,0,0,0,0,0,,0,0,0,0,
10,8.26,0,-24.8,29,0,0,0,10.75,0,0,0,0,-12,0,0,0,0,-0.00229183,0,0,0,0,0,0,0,0,0,1,75,61,0,0.00034,0.00034,3,5,0,0,0,0,0,0,0,0,0,0,1,0,0,0,0,0,0,0,0,0,0,,0,0,0,0,
11,8.51,0,45.35,31.5,0,0,0,5.9,0,0,0,0,7,0,0,0,0,-0.00229183,0,0,0,0,0,0,0,0,0,1,78,61,0,0.00034,0.00034,3,5,0,0,0,0,0,0,0,0,0,0,1,0,0,0,0,0,0,0,0,0,0,,0,0,0,0,
12,8.95,0,-32.85,26.5,0,0,0,-1.6,0,0,0,0,-9.5,0,0,0,0,-0.00229183,0,0,0,0,0,0,0,0,0,1,73,61,0,0.00034,0.00034,3,5,0,0,0,0,0,0,0,0,0,0,1,0,0,0,0,0,0,0,0,0,0,,0,0,0,0,
13,9.41,0,-29.35,24,0,0,0,-3.3,0,0,0,0,-13.5,0,0,0,0,-0.00229183,0,0,0,0,0,0,0,0,0,1,71,61,0,0.00034,0.00034,3,5,0,0,0,0,0,0,0,0,0,0,1,0,0,0,0,0,0,0,0,0,0,,0,0,0,0,
14,12.16,0,-12.95,27,0,0,0,12.15,0,0,0,0,-15.5,0,0,0,0,-0.00229183,0,0,0,0,0,0,0,0,0,1,74,61,0,0.00034,0.00034,3,5,0,0,0,0,0,0,0,0,0,0,1,0,0,0,0,0,0,0,0,0,0,,0,0,0,0,
15,12.99,0,-23.3,20.5,0,0,0,-1.7,0,0,0,0,-18,0,0,0,0,-0.00229183,0,0,0,0,0,0,0,0,0,1,67,61,0,0.00034,0.00034,3,5,0,0,0,0,0,0,0,0,0,0,1,0,0,0,0,0,0,0,0,0,0,,0,0,0,0,
END,Total:16
START,FrameNb:112,CameraNb:0,HeSaiNb:0,ARS410Nb:0
2026/08/02 16:19:42:096---->
heightOffset:0,1785658782096,1071684,selfCaliBufCnt:0,selfAccObjCnt:0,selfAccAngle:0,installHAngleOffset:0,Interpolation:0,installVAngleOffset:0,radarOffsetH:0,radarOffsetV:0.32,Polynom:-0.001023;-0.0511;-2.047;0;0;0;-0.001023;-0.0511;-2.047;-25.5;0;0,WheelDirection:0;0;0;0,selfAngleOffset:0,selfAngleOffsetPit:0,currCaliAngleHrz:0,currCaliAnglePit:0,selfCaliAngleHrz:0,selfCaliAnglePit:0,servCaliAngleHrz:0,servCaliAnglePit:0,offlineCaliAngleHrz:0,offlineCaliAnglePit:0,determine2useFlag:0,IMU_Z_Accel:-21.592,IMU_X_AngularRate:-2.093,IMU_Y_AngularRate:-2.093,IMU_RollAngle:-180,IMU_PitchAngle:-180,IMU_YawAngle:-180,FcwID:0,FCWWarningLevel:0,FCWTTC:0
0,2.35,0,51.2,29,0,0,0,-10.1,1.37605e-33,0,0,0,5.5,0,0,0,0,-0.00229183,0,0,0,0,0,0,0,0,0,1,78,61,0,0.00034,0.00034,2,-1,0,0,0,0,0,0,0,0,0,0,1,0,1,0,0,0,0,0,0,0,0,,0,0,0,0,
1,2.79,0,-33.8,45,0,0,0,1.2,0,0,0,0,7,0,0,0,0,-0.00229183,0,0,0,0,0,0,0,0,0,1,94,61,0,0.00034,0.00034,3,5,0,0,0,0,0,0,0,0,0,0,1,0,1,0,0,0,0,0,0,0,0,,0,0,0,0,
2,3.26,0,13.8,37,0,0,0,1.3,0,0,0,0,-8,0,0,0,0,-0.00229183,0,0,0,0,0,0,0,0,0,1,86,61,0,0.00034,0.00034,3,0,0,0,0,0,0,0,0,0,0,0,1,0,1,0,0,0,0,0,0,0,0,,0,0,0,0,
3,3.58,0,-50.15,32.5,0,0,0,-5.95,0,0,0,0,8,0,0,0,0,-0.00229183,0,0,0,0,0,0,0,0,0,1,81,61,0,0.00034,0.00034,3,5,0,0,0,0,0,0,0,0,0,0,1,0,1,0,0,0,0,0,0,0,0,,0,0,0,0,
4,4.07,0,1.9,38.5,0,0,0,2.95,0,0,0,0,-9,0,0,0,0,-0.00229183,0,0,0,0,0,0,0,0,0,1,87,61,0,0.00034,0.00034,3,5,0,0,0,0,0,0,0,0,0,0,1,0,1,0,0,0,0,0,0,0,0,,0,0,0,0,
5,5.12,0,-36,32,0,0,0,-1.25,0,0,0,0,-6.5,0,0,0,0,-0.00229183,0,0,0,0,0,0,0,0,0,1,78,61,0,0.00034,0.00034,3,0,0,0,0,0,0,0,0,0,0,0,1,0,1,0,0,0,0,0,0,0,0,,0,0,0,0,
6,5.61,0,-34.55,35,0,0,0,-3.75,0,0,0,0,-5,0,0,0,0,-0.00229183,0,0,0,0,0,0,0,0,0,1,80,61,0,0.00034,0.00034,3,5,0,0,0,0,0,0,0,0,0,0,1,0,1,0,0,0,0,0,0,0,0,,0,0,0,0,
7,5.61,0,-24.3,35,0,0,0,-5.7,0,0,0,0,-10,0,0,0,0,-0.00229183,0,0,0,0,0,0,0,0,0,1,80,61,0,0.00034,0.00034,3,5,0,0,0,0,0,0,0,0,0,0,1,0,1,0,0,0,0,0,0,0,0,,0,0,0,0,
8,6.41,0,34.1,25.5,0,0,0,-9.05,0,0,0,0,-10.5,0,0,0,0,-0.00229183,0,0,0,0,0,0,0,0,0,1,71,61,0,0.00034,0.00034,3,5,0,0,0,0,0,0,0,0,0,0,1,0,1,0,0,0,0,0,0,0,0,,0,0,0,0,
9,6.83,0,-36.3,26,0,0,0,-12.45,0,0,0,0,-10,0,0,0,0,-0.00229183,0,0,0,0,0,0,0,0,0,1,72,61,0,0.00034,0.00034,3,5,0,0,0,0,0,0,0,0,0,0,1,0,1,0,0,0,0,0,0,0,0,,0,0,0,0,
10,7.6,0,32.45,43,0,0,0,6.95,0,0,0,0,7.5,0,0,0,0,-0.00229183,0,0,0,0,0,0,0,0,0,1,89,61,0,0.00034,0.00034,3,5,0,0,0,0,0,0,0,0,0,0,1,0,1,0,0,0,0,0,0,0,0,,0,0,0,0,
11,8.51,0,45.3,31.5,0,0,0,5.9,0,0,0,0,7,0,0,0,0,-0.00229183,0,0,0,0,0,0,0,0,0,1,78,61,0,0.00034,0.00034,3,5,0,0,0,0,0,0,0,0,0,0,1,0,1,0,0,0,0,0,0,0,0,,0,0,0,0,
12,8.94,0,-33,26.5,0,0,0,-1.7,0,0,0,0,-10,0,0,0,0,-0.00229183,0,0,0,0,0,0,0,0,0,1,73,61,0,0.00034,0.00034,3,5,0,0,0,0,0,0,0,0,0,0,1,0,1,0,0,0,0,0,0,0,0,,0,0,0,0,
13,9.39,0,-29.35,24,0,0,0,-3.3,0,0,0,0,-13.5,0,0,0,0,-0.00229183,0,0,0,0,0,0,0,0,0,1,71,61,0,0.00034,0.00034,3,5,0,0,0,0,0,0,0,0,0,0,1,0,1,0,0,0,0,0,0,0,0,,0,0,0,0,
14,12.16,0,-12.9,27,0,0,0,12.2,0,0,0,0,-15.5,0,0,0,0,-0.00229183,0,0,0,0,0,0,0,0,0,1,74,61,0,0.00034,0.00034,3,5,0,0,0,0,0,0,0,0,0,0,1,0,1,0,0,0,0,0,0,0,0,,0,0,0,0,
15,12.99,0,-23.2,20.5,0,0,0,-1.55,0,0,0,0,-18.5,0,0,0,0,-0.00229183,0,0,0,0,0,0,0,0,0,1,67,61,0,0.00034,0.00034,3,5,0,0,0,0,0,0,0,0,0,0,1,0,1,0,0,0,0,0,0,0,0,,0,0,0,0,
END,Total:16
START,FrameNb:113,CameraNb:0,HeSaiNb:0,ARS410Nb:0
2026/08/02 16:19:42:150---->
heightOffset:0,1785658782150,1071736,selfCaliBufCnt:0,selfAccObjCnt:0,selfAccAngle:0,installHAngleOffset:0,Interpolation:0,installVAngleOffset:0,radarOffsetH:0,radarOffsetV:0.32,Polynom:-0.001023;-0.0511;-2.047;0;0;0;-0.001023;-0.0511;-2.047;-25.5;0;0,WheelDirection:0;0;0;0,selfAngleOffset:0,selfAngleOffsetPit:0,currCaliAngleHrz:0,currCaliAnglePit:0,selfCaliAngleHrz:0,selfCaliAnglePit:0,servCaliAngleHrz:0,servCaliAnglePit:0,offlineCaliAngleHrz:0,offlineCaliAnglePit:0,determine2useFlag:0,IMU_Z_Accel:-21.592,IMU_X_AngularRate:-2.093,IMU_Y_AngularRate:-2.093,IMU_RollAngle:-180,IMU_PitchAngle:-180,IMU_YawAngle:-180,FcwID:0,FCWWarningLevel:0,FCWTTC:0
0,2.35,0,31.45,29,0,0,0,10.3,1.37605e-33,0,0,0,-8.5,0,0,0,0,-0.00229183,0,0,0,0,0,0,0,0,0,1,78,59,0,0.00034,0.00034,3,5,0,0,0,0,0,0,0,0,0,0,1,0,0,0,0,0,0,0,0,0,0,,0,0,0,0,
1,2.79,0,-33.8,45,0,0,0,1.2,0,0,0,0,7,0,0,0,0,-0.00229183,0,0,0,0,0,0,0,0,0,1,94,59,0,0.00034,0.00034,3,5,0,0,0,0,0,0,0,0,0,0,1,0,0,0,0,0,0,0,0,0,0,,0,0,0,0,
2,3.26,0,13.8,37.5,0,0,0,1.4,0,0,0,0,-8,0,0,0,0,-0.00229183,0,0,0,0,0,0,0,0,0,1,86,59,0,0.00034,0.00034,3,0,0,0,0,0,0,0,0,0,0,0,1,0,0,0,0,0,0,0,0,0,0,,0,0,0,0,
3,3.58,0,-50.15,32.5,0,0,0,-5.75,0,0,0,0,8,0,0,0,0,-0.00229183,0,0,0,0,0,0,0,0,0,1,81,59,0,0.00034,0.00034,3,7,0,0,0,0,0,0,0,0,0,0,1,0,0,0,0,0,0,0,0,0,0,,0,0,0,0,
4,4.07,0,1.9,38.5,0,0,0,2.95,0,0,0,0,-9,0,0,0,0,-0.00229183,0,0,0,0,0,0,0,0,0,1,87,59,0,0.00034,0.00034,3,5,0,0,0,0,0,0,0,0,0,0,1,0,0,0,0,0,0,0,0,0,0,,0,0,0,0,
5,5.11,0,-35.7,32.5,0,0,0,-1.1,0,0,0,0,-7.5,0,0,0,0,-0.00229183,0,0,0,0,0,0,0,0,0,1,78,59,0,0.00034,0.00034,3,5,0,0,0,0,0,0,0,0,0,0,1,0,0,0,0,0,0,0,0,0,0,,0,0,0,0,
6,5.6,0,-34.55,35,0,0,0,-3.85,0,0,0,0,-4.5,0,0,0,0,-0.00229183,0,0,0,0,0,0,0,0,0,1,80,59,0,0.00034,0.00034,3,5,0,0,0,0,0,0,0,0,0,0,1,0,0,0,0,0,0,0,0,0,0,,0,0,0,0,
7,5.6,0,-24.3,35,0,0,0,-5.8,0,0,0,0,-9.5,0,0,0,0,-0.00229183,0,0,0,0,0,0,0,0,0,1,80,59,0,0.00034,0.00034,3,5,0,0,0,0,0,0,0,0,0,0,1,0,0,0,0,0,0,0,0,0,0,,0,0,0,0,
8,6.28,0,71.6,25.5,0,0,0,-15,0,0,0,0,18,0,0,0,0,-0.00229183,0,0,0,0,0,0,0,0,0,1,71,59,0,0.00034,0.00034,2,-1,0,0,0,0,0,0,0,0,0,0,1,0,0,0,0,0,0,0,0,0,0,,0,0,0,0,
9,6.8,0,-19.9,26,0,0,0,-9.95,0,0,0,0,-19.5,0,0,0,0,-0.00229183,0,0,0,0,0,0,0,0,0,1,72,59,0,0.00034,0.00034,3,5,0,0,0,0,0,0,0,0,0,0,1,0,0,0,0,0,0,0,0,0,0,,0,0,0,0,
10,7.59,0,32.65,43,0,0,0,7,0,0,0,0,7.5,0,0,0,0,-0.00229183,0,0,0,0,0,0,0,0,0,1,89,59,0,0.00034,0.00034,3,5,0,0,0,0,0,0,0,0,0,0,1,0,0,0,0,0,0,0,0,0,0,,0,0,0,0,
11,8.26,0,-24.35,29,0,0,0,11,0,0,0,0,-12,0,0,0,0,-0.00229183,0,0,0,0,0,0,0,0,0,1,75,59,0,0.00034,0.00034,3,5,0,0,0,0,0,0,0,0,0,0,1,0,0,0,0,0,0,0,0,0,0,,0,0,0,0,
12,8.51,0,45.3,31,0,0,0,5.95,0,0,0,0,7,0,0,0,0,-0.00229183,0,0,0,0,0,0,0,0,0,1,78,59,0,0.00034,0.00034,3,5,0,0,0,0,0,0,0,0,0,0,1,0,0,0,0,0,0,0,0,0,0,,0,0,0,0,
13,8.94,0,-32.85,26.5,0,0,0,-1.7,0,0,0,0,-9.5,0,0,0,0,-0.00229183,0,0,0,0,0,0,0,0,0,1,73,59,0,0.00034,0.00034,3,5,0,0,0,0,0,0,0,0,0,0,1,0,0,0,0,0,0,0,0,0,0,,0,0,0,0,
14,9.4,0,-29.3,24,0,0,0,-3.3,0,0,0,0,-13.5,0,0,0,0,-0.00229183,0,0,0,0,0,0,0,0,0,1,71,59,0,0.00034,0.00034,3,5,0,0,0,0,0,0,0,0,0,0,1,0,0,0,0,0,0,0,0,0,0,,0,0,0,0,
15,12.16,0,-12.95,27,0,0,0,12.2,0,0,0,0,-15.5,0,0,0,0,-0.00229183,0,0,0,0,0,0,0,0,0,1,74,59,0,0.00034,0.00034,3,5,0,0,0,0,0,0,0,0,0,0,1,0,0,0,0,0,0,0,0,0,0,,0,0,0,0,
16,12.99,0,-23.55,21,0,0,0,-1.6,0,0,0,0,-17.5,0,0,0,0,-0.00229183,0,0,0,0,0,0,0,0,0,1,68,59,0,0.00034,0.00034,3,5,0,0,0,0,0,0,0,0,0,0,1,0,0,0,0,0,0,0,0,0,0,,0,0,0,0,
END,Total:17
START,FrameNb:114,CameraNb:0,HeSaiNb:0,ARS410Nb:0
2026/08/02 16:19:42:265---->
heightOffset:0,1785658782265,1071796,selfCaliBufCnt:0,selfAccObjCnt:0,selfAccAngle:0,installHAngleOffset:0,Interpolation:0,installVAngleOffset:0,radarOffsetH:0,radarOffsetV:0.32,Polynom:-0.001023;-0.0511;-2.047;0;0;0;-0.001023;-0.0511;-2.047;-25.5;0;0,WheelDirection:0;0;0;0,selfAngleOffset:0,selfAngleOffsetPit:0,currCaliAngleHrz:0,currCaliAnglePit:0,selfCaliAngleHrz:0,selfCaliAnglePit:0,servCaliAngleHrz:0,servCaliAnglePit:0,offlineCaliAngleHrz:0,offlineCaliAnglePit:0,determine2useFlag:0,IMU_Z_Accel:-21.592,IMU_X_AngularRate:-2.093,IMU_Y_AngularRate:-2.093,IMU_RollAngle:-180,IMU_PitchAngle:-180,IMU_YawAngle:-180,FcwID:0,FCWWarningLevel:0,FCWTTC:0
0,2.35,0,51.15,29,0,0,0,-10.2,1.37605e-33,0,0,0,5.5,0,0,0,0,-0.00229183,0,0,0,0,0,0,0,0,0,1,78,55,0,0.00034,0.00034,2,-1,0,0,0,0,0,0,0,0,0,0,1,0,1,0,0,0,0,0,0,0,0,,0,0,0,0,
1,2.79,0,-33.8,45,0,0,0,1.2,0,0,0,0,7,0,0,0,0,-0.00229183,0,0,0,0,0,0,0,0,0,1,94,55,0,0.00034,0.00034,3,5,0,0,0,0,0,0,0,0,0,0,1,0,1,0,0,0,0,0,0,0,0,,0,0,0,0,
2,3.27,0,13.8,37.5,0,0,0,1.3,0,0,0,0,-8,0,0,0,0,-0.00229183,0,0,0,0,0,0,0,0,0,1,86,55,0,0.00034,0.00034,3,0,0,0,0,0,0,0,0,0,0,0,1,0,1,0,0,0,0,0,0,0,0,,0,0,0,0,
3,3.58,0,-50.2,32.5,0,0,0,-6,0,0,0,0,8,0,0,0,0,-0.00229183,0,0,0,0,0,0,0,0,0,1,81,55,0,0.00034,0.00034,3,5,0,0,0,0,0,0,0,0,0,0,1,0,1,0,0,0,0,0,0,0,0,,0,0,0,0,
4,4.07,0,1.9,38.5,0,0,0,2.95,0,0,0,0,-9,0,0,0,0,-0.00229183,0,0,0,0,0,0,0,0,0,1,87,55,0,0.00034,0.00034,3,5,0,0,0,0,0,0,0,0,0,0,1,0,1,0,0,0,0,0,0,0,0,,0,0,0,0,
5,5.12,0,-36,32.5,0,0,0,-1.1,0,0,0,0,-6.5,0,0,0,0,-0.00229183,0,0,0,0,0,0,0,0,0,1,78,55,0,0.00034,0.00034,3,0,0,0,0,0,0,0,0,0,0,0,1,0,1,0,0,0,0,0,0,0,0,,0,0,0,0,
6,5.61,0,-34.5,35,0,0,0,-4.1,0,0,0,0,-5,0,0,0,0,-0.00229183,0,0,0,0,0,0,0,0,0,1,80,55,0,0.00034,0.00034,3,5,0,0,0,0,0,0,0,0,0,0,1,0,1,0,0,0,0,0,0,0,0,,0,0,0,0,
7,5.61,0,-24.2,35,0,0,0,-5.95,0,0,0,0,-10,0,0,0,0,-0.00229183,0,0,0,0,0,0,0,0,0,1,80,55,0,0.00034,0.00034,3,5,0,0,0,0,0,0,0,0,0,0,1,0,1,0,0,0,0,0,0,0,0,,0,0,0,0,
8,6.29,0,33.95,25.5,0,0,0,-9.55,0,0,0,0,-10.5,0,0,0,0,-0.00229183,0,0,0,0,0,0,0,0,0,1,71,55,0,0.00034,0.00034,3,5,0,0,0,0,0,0,0,0,0,0,1,0,1,0,0,0,0,0,0,0,0,,0,0,0,0,
9,7.59,0,32.55,43,0,0,0,7.15,0,0,0,0,7.5,0,0,0,0,-0.00229183,0,0,0,0,0,0,0,0,0,1,89,55,0,0.00034,0.00034,3,5,0,0,0,0,0,0,0,0,0,0,1,0,1,0,0,0,0,0,0,0,0,,0,0,0,0,
10,8.26,0,-24.55,28.5,0,0,0,10.65,0,0,0,0,-12,0,0,0,0,-0.00229183,0,0,0,0,0,0,0,0,0,1,75,55,0,0.00034,0.00034,3,5,0,0,0,0,0,0,0,0,0,0,1,0,1,0,0,0,0,0,0,0,0,,0,0,0,0,
11,8.51,0,45.3,31.5,0,0,0,5.9,0,0,0,0,7,0,0,0,0,-0.00229183,0,0,0,0,0,0,0,0,0,1,78,55,0,0.00034,0.00034,3,5,0,0,0,0,0,0,0,0,0,0,1,0,1,0,0,0,0,0,0,0,0,,0,0,0,0,
12,8.92,0,-32.9,26.5,0,0,0,-1.55,0,0,0,0,-9.5,0,0,0,0,-0.00229183,0,0,0,0,0,0,0,0,0,1,73,55,0,0.00034,0.00034,3,5,0,0,0,0,0,0,0,0,0,0,1,0,1,0,0,0,0,0,0,0,0,,0,0,0,0,
13,9.4,0,-29.35,24,0,0,0,-3.35,0,0,0,0,-13.5,0,0,0,0,-0.00229183,0,0,0,0,0,0,0,0,0,1,71,55,0,0.00034,0.00034,3,5,0,0,0,0,0,0,0,0,0,0,1,0,1,0,0,0,0,0,0,0,0,,0,0,0,0,
14,12.16,0,-12.85,27,0,0,0,12.25,0,0,0,0,-15.5,0,0,0,0,-0.00229183,0,0,0,0,0,0,0,0,0,1,74,55,0,0.00034,0.00034,3,5,0,0,0,0,0,0,0,0,0,0,1,0,1,0,0,0,0,0,0,0,0,,0,0,0,0,
15,12.99,0,-23.35,21,0,0,0,-1.75,0,0,0,0,-18,0,0,0,0,-0.00229183,0,0,0,0,0,0,0,0,0,1,67,55,0,0.00034,0.00034,3,5,0,0,0,0,0,0,0,0,0,0,1,0,1,0,0,0,0,0,0,0,0,,0,0,0,0,
END,Total:16
START,FrameNb:115,CameraNb:0,HeSaiNb:0,ARS410Nb:0
2026/08/02 16:19:42:320---->
heightOffset:0,1785658782320,1071852,selfCaliBufCnt:0,selfAccObjCnt:0,selfAccAngle:0,installHAngleOffset:0,Interpolation:0,installVAngleOffset:0,radarOffsetH:0,radarOffsetV:0.32,Polynom:-0.001023;-0.0511;-2.047;0;0;0;-0.001023;-0.0511;-2.047;-25.5;0;0,WheelDirection:0;0;0;0,selfAngleOffset:0,selfAngleOffsetPit:0,currCaliAngleHrz:0,currCaliAnglePit:0,selfCaliAngleHrz:0,selfCaliAnglePit:0,servCaliAngleHrz:0,servCaliAnglePit:0,offlineCaliAngleHrz:0,offlineCaliAnglePit:0,determine2useFlag:0,IMU_Z_Accel:-21.592,IMU_X_AngularRate:-2.093,IMU_Y_AngularRate:-2.093,IMU_RollAngle:-180,IMU_PitchAngle:-180,IMU_YawAngle:-180,FcwID:0,FCWWarningLevel:0,FCWTTC:0
0,1.94,0,-39.7,19,0,0,0,-0.95,1.37605e-33,0,0,0,-16,0,0,0,0,-0.00229183,0,0,0,0,0,0,0,0,0,1,68,59,0,0.00034,0.00034,3,5,0,0,0,0,0,0,0,0,0,0,1,0,0,0,0,0,0,0,0,0,0,,0,0,0,0,
1,2.35,0,31.3,29.5,0,0,0,10.25,0,0,0,0,-8.5,0,0,0,0,-0.00229183,0,0,0,0,0,0,0,0,0,1,78,59,0,0.00034,0.00034,3,5,0,0,0,0,0,0,0,0,0,0,1,0,0,0,0,0,0,0,0,0,0,,0,0,0,0,
2,2.79,0,-33.8,45,0,0,0,1.2,0,0,0,0,7,0,0,0,0,-0.00229183,0,0,0,0,0,0,0,0,0,1,94,59,0,0.00034,0.00034,3,5,0,0,0,0,0,0,0,0,0,0,1,0,0,0,0,0,0,0,0,0,0,,0,0,0,0,
3,3.27,0,13.8,37.5,0,0,0,1.4,0,0,0,0,-8,0,0,0,0,-0.00229183,0,0,0,0,0,0,0,0,0,1,86,59,0,0.00034,0.00034,3,0,0,0,0,0,0,0,0,0,0,0,1,0,0,0,0,0,0,0,0,0,0,,0,0,0,0,
4,3.58,0,-50.1,32.5,0,0,0,-5.85,0,0,0,0,8,0,0,0,0,-0.00229183,0,0,0,0,0,0,0,0,0,1,81,59,0,0.00034,0.00034,3,7,0,0,0,0,0,0,0,0,0,0,1,0,0,0,0,0,0,0,0,0,0,,0,0,0,0,
5,4.07,0,1.9,38.5,0,0,0,2.95,0,0,0,0,-9,0,0,0,0,-0.00229183,0,0,0,0,0,0,0,0,0,1,87,59,0,0.00034,0.00034,3,5,0,0,0,0,0,0,0,0,0,0,1,0,0,0,0,0,0,0,0,0,0,,0,0,0,0,
6,5.1,0,-35.8,32,0,0,0,-1.2,0,0,0,0,-7.5,0,0,0,0,-0.00229183,0,0,0,0,0,0,0,0,0,1,78,59,0,0.00034,0.00034,3,5,0,0,0,0,0,0,0,0,0,0,1,0,0,0,0,0,0,0,0,0,0,,0,0,0,0,
7,5.6,0,-34.55,35,0,0,0,-3.85,0,0,0,0,-5,0,0,0,0,-0.00229183,0,0,0,0,0,0,0,0,0,1,80,59,0,0.00034,0.00034,3,5,0,0,0,0,0,0,0,0,0,0,1,0,0,0,0,0,0,0,0,0,0,,0,0,0,0,
8,5.6,0,-24.3,35,0,0,0,-5.95,0,0,0,0,-10,0,0,0,0,-0.00229183,0,0,0,0,0,0,0,0,0,1,80,59,0,0.00034,0.00034,3,5,0,0,0,0,0,0,0,0,0,0,1,0,0,0,0,0,0,0,0,0,0,,0,0,0,0,
9,6.29,0,70.1,25.5,0,0,0,-11.05,0,0,0,0,17.5,0,0,0,0,-0.00229183,0,0,0,0,0,0,0,0,0,1,71,59,0,0.00034,0.00034,2,-1,0,0,0,0,0,0,0,0,0,0,1,0,0,0,0,0,0,0,0,0,0,,0,0,0,0,
10,6.83,0,-20.05,25.5,0,0,0,-1.8,0,0,0,0,-19,0,0,0,0,-0.00229183,0,0,0,0,0,0,0,0,0,1,71,59,0,0.00034,0.00034,3,5,0,0,0,0,0,0,0,0,0,0,1,0,0,0,0,0,0,0,0,0,0,,0,0,0,0,
11,7.59,0,32.45,43,0,0,0,6.9,0,0,0,0,7.5,0,0,0,0,-0.00229183,0,0,0,0,0,0,0,0,0,1,89,59,0,0.00034,0.00034,3,5,0,0,0,0,0,0,0,0,0,0,1,0,0,0,0,0,0,0,0,0,0,,0,0,0,0,
12,8.26,0,-24.45,29,0,0,0,10.7,0,0,0,0,-12,0,0,0,0,-0.00229183,0,0,0,0,0,0,0,0,0,1,75,59,0,0.00034,0.00034,3,5,0,0,0,0,0,0,0,0,0,0,1,0,0,0,0,0,0,0,0,0,0,,0,0,0,0,
13,8.51,0,45.35,32,0,0,0,5.9,0,0,0,0,7,0,0,0,0,-0.00229183,0,0,0,0,0,0,0,0,0,1,78,59,0,0.00034,0.00034,3,5,0,0,0,0,0,0,0,0,0,0,1,0,0,0,0,0,0,0,0,0,0,,0,0,0,0,
14,8.94,0,-32.9,27,0,0,0,-1.3,0,0,0,0,-9.5,0,0,0,0,-0.00229183,0,0,0,0,0,0,0,0,0,1,73,59,0,0.00034,0.00034,3,5,0,0,0,0,0,0,0,0,0,0,1,0,0,0,0,0,0,0,0,0,0,,0,0,0,0,
15,9.39,0,-29.3,24,0,0,0,-3.45,0,0,0,0,-14,0,0,0,0,-0.00229183,0,0,0,0,0,0,0,0,0,1,70,59,0,0.00034,0.00034,3,5,0,0,0,0,0,0,0,0,0,0,1,0,0,0,0,0,0,0,0,0,0,,0,0,0,0,
16,12.16,0,-12.9,27,0,0,0,12.4,0,0,0,0,-15.5,0,0,0,0,-0.00229183,0,0,0,0,0,0,0,0,0,1,74,59,0,0.00034,0.00034,3,5,0,0,0,0,0,0,0,0,0,0,1,0,0,0,0,0,0,0,0,0,0,,0,0,0,0,
17,12.99,0,-23.55,21.5,0,0,0,-1.6,0,0,0,0,-17.5,0,0,0,0,-0.00229183,0,0,0,0,0,0,0,0,0,1,68,59,0,0.00034,0.00034,3,5,0,0,0,0,0,0,0,0,0,0,1,0,0,0,0,0,0,0,0,0,0,,0,0,0,0,
END,Total:18
START,FrameNb:116,CameraNb:0,HeSaiNb:0,ARS410Nb:0
2026/08/02 16:19:42:351---->
heightOffset:0,1785658782351,1071912,selfCaliBufCnt:0,selfAccObjCnt:0,selfAccAngle:0,installHAngleOffset:0,Interpolation:0,installVAngleOffset:0,radarOffsetH:0,radarOffsetV:0.32,Polynom:-0.001023;-0.0511;-2.047;0;0;0;-0.001023;-0.0511;-2.047;-25.5;0;0,WheelDirection:0;0;0;0,selfAngleOffset:0,selfAngleOffsetPit:0,currCaliAngleHrz:0,currCaliAnglePit:0,selfCaliAngleHrz:0,selfCaliAnglePit:0,servCaliAngleHrz:0,servCaliAnglePit:0,offlineCaliAngleHrz:0,offlineCaliAnglePit:0,determine2useFlag:0,IMU_Z_Accel:-21.592,IMU_X_AngularRate:-2.093,IMU_Y_AngularRate:-2.093,IMU_RollAngle:-180,IMU_PitchAngle:-180,IMU_YawAngle:-180,FcwID:0,FCWWarningLevel:0,FCWTTC:0
0,2.35,0,51.15,29,0,0,0,-10.2,1.37605e-33,0,0,0,5.5,0,0,0,0,-0.00229183,0,0,0,0,0,0,0,0,0,1,78,56,0,0.00034,0.00034,2,-1,0,0,0,0,0,0,0,0,0,0,1,0,1,0,0,0,0,0,0,0,0,,0,0,0,0,
1,2.79,0,-33.8,45,0,0,0,1.2,0,0,0,0,7,0,0,0,0,-0.00229183,0,0,0,0,0,0,0,0,0,1,94,56,0,0.00034,0.00034,3,5,0,0,0,0,0,0,0,0,0,0,1,0,1,0,0,0,0,0,0,0,0,,0,0,0,0,
2,3.26,0,13.8,37.5,0,0,0,1.3,0,0,0,0,-8,0,0,0,0,-0.00229183,0,0,0,0,0,0,0,0,0,1,86,56,0,0.00034,0.00034,3,0,0,0,0,0,0,0,0,0,0,0,1,0,1,0,0,0,0,0,0,0,0,,0,0,0,0,
3,3.58,0,-50.2,32.5,0,0,0,-6,0,0,0,0,8,0,0,0,0,-0.00229183,0,0,0,0,0,0,0,0,0,1,81,56,0,0.00034,0.00034,3,5,0,0,0,0,0,0,0,0,0,0,1,0,1,0,0,0,0,0,0,0,0,,0,0,0,0,
4,4.07,0,1.9,38.5,0,0,0,2.95,0,0,0,0,-9,0,0,0,0,-0.00229183,0,0,0,0,0,0,0,0,0,1,87,56,0,0.00034,0.00034,3,5,0,0,0,0,0,0,0,0,0,0,1,0,1,0,0,0,0,0,0,0,0,,0,0,0,0,
5,5.11,0,-36.05,32.5,0,0,0,-1.25,0,0,0,0,-6.5,0,0,0,0,-0.00229183,0,0,0,0,0,0,0,0,0,1,78,56,0,0.00034,0.00034,3,0,0,0,0,0,0,0,0,0,0,0,1,0,1,0,0,0,0,0,0,0,0,,0,0,0,0,
6,5.61,0,-34.5,35,0,0,0,-3.8,0,0,0,0,-5,0,0,0,0,-0.00229183,0,0,0,0,0,0,0,0,0,1,80,56,0,0.00034,0.00034,3,5,0,0,0,0,0,0,0,0,0,0,1,0,1,0,0,0,0,0,0,0,0,,0,0,0,0,
7,5.61,0,-24.3,35,0,0,0,-5.75,0,0,0,0,-10,0,0,0,0,-0.00229183,0,0,0,0,0,0,0,0,0,1,80,56,0,0.00034,0.00034,3,5,0,0,0,0,0,0,0,0,0,0,1,0,1,0,0,0,0,0,0,0,0,,0,0,0,0,
8,6.38,0,34.5,25.5,0,0,0,-9.95,0,0,0,0,-10.5,0,0,0,0,-0.00229183,0,0,0,0,0,0,0,0,0,1,71,56,0,0.00034,0.00034,3,5,0,0,0,0,0,0,0,0,0,0,1,0,1,0,0,0,0,0,0,0,0,,0,0,0,0,
9,6.84,0,49.35,26,0,0,0,3.7,0,0,0,0,1.5,0,0,0,0,-0.00229183,0,0,0,0,0,0,0,0,0,1,72,56,0,0.00034,0.00034,3,5,0,0,0,0,0,0,0,0,0,0,1,0,1,0,0,0,0,0,0,0,0,,0,0,0,0,
10,7.58,0,32.45,43,0,0,0,7,0,0,0,0,7.5,0,0,0,0,-0.00229183,0,0,0,0,0,0,0,0,0,1,89,56,0,0.00034,0.00034,3,5,0,0,0,0,0,0,0,0,0,0,1,0,1,0,0,0,0,0,0,0,0,,0,0,0,0,
11,8.26,0,-24.45,28.5,0,0,0,10.3,0,0,0,0,-12,0,0,0,0,-0.00229183,0,0,0,0,0,0,0,0,0,1,75,56,0,0.00034,0.00034,3,5,0,0,0,0,0,0,0,0,0,0,1,0,1,0,0,0,0,0,0,0,0,,0,0,0,0,
12,8.52,0,45.2,32,0,0,0,6,0,0,0,0,7.5,0,0,0,0,-0.00229183,0,0,0,0,0,0,0,0,0,1,78,56,0,0.00034,0.00034,3,5,0,0,0,0,0,0,0,0,0,0,1,0,1,0,0,0,0,0,0,0,0,,0,0,0,0,
13,8.92,0,-32.95,26.5,0,0,0,-1.35,0,0,0,0,-9.5,0,0,0,0,-0.00229183,0,0,0,0,0,0,0,0,0,1,73,56,0,0.00034,0.00034,3,5,0,0,0,0,0,0,0,0,0,0,1,0,1,0,0,0,0,0,0,0,0,,0,0,0,0,
14,9.4,0,-29.3,24,0,0,0,-3.45,0,0,0,0,-13.5,0,0,0,0,-0.00229183,0,0,0,0,0,0,0,0,0,1,71,56,0,0.00034,0.00034,3,5,0,0,0,0,0,0,0,0,0,0,1,0,1,0,0,0,0,0,0,0,0,,0,0,0,0,
15,12.16,0,-12.85,27,0,0,0,12.25,0,0,0,0,-15.5,0,0,0,0,-0.00229183,0,0,0,0,0,0,0,0,0,1,74,56,0,0.00034,0.00034,3,5,0,0,0,0,0,0,0,0,0,0,1,0,1,0,0,0,0,0,0,0,0,,0,0,0,0,
16,13,0,-23.35,21,0,0,0,-1.2,0,0,0,0,-17.5,0,0,0,0,-0.00229183,0,0,0,0,0,0,0,0,0,1,68,56,0,0.00034,0.00034,3,5,0,0,0,0,0,0,0,0,0,0,1,0,1,0,0,0,0,0,0,0,0,,0,0,0,0,
END,Total:17
START,FrameNb:117,CameraNb:0,HeSaiNb:0,ARS410Nb:0
2026/08/02 16:19:42:404---->
heightOffset:0,1785658782404,1071968,selfCaliBufCnt:0,selfAccObjCnt:0,selfAccAngle:0,installHAngleOffset:0,Interpolation:0,installVAngleOffset:0,radarOffsetH:0,radarOffsetV:0.32,Polynom:-0.001023;-0.0511;-2.047;0;0;0;-0.001023;-0.0511;-2.047;-25.5;0;0,WheelDirection:0;0;0;0,selfAngleOffset:0,selfAngleOffsetPit:0,currCaliAngleHrz:0,currCaliAnglePit:0,selfCaliAngleHrz:0,selfCaliAnglePit:0,servCaliAngleHrz:0,servCaliAnglePit:0,offlineCaliAngleHrz:0,offlineCaliAnglePit:0,determine2useFlag:0,IMU_Z_Accel:-21.592,IMU_X_AngularRate:-2.093,IMU_Y_AngularRate:-2.093,IMU_RollAngle:-180,IMU_PitchAngle:-180,IMU_YawAngle:-180,FcwID:0,FCWWarningLevel:0,FCWTTC:0
0,2.35,0,31.5,29,0,0,0,10.45,1.37605e-33,0,0,0,-8.5,0,0,0,0,-0.00229183,0,0,0,0,0,0,0,0,0,1,78,62,0,0.00034,0.00034,3,5,0,0,0,0,0,0,0,0,0,0,1,0,0,0,0,0,0,0,0,0,0,,0,0,0,0,
1,2.79,0,-33.8,45,0,0,0,1.2,0,0,0,0,7,0,0,0,0,-0.00229183,0,0,0,0,0,0,0,0,0,1,94,62,0,0.00034,0.00034,3,5,0,0,0,0,0,0,0,0,0,0,1,0,0,0,0,0,0,0,0,0,0,,0,0,0,0,
2,3.27,0,13.8,37,0,0,0,1.3,0,0,0,0,-8,0,0,0,0,-0.00229183,0,0,0,0,0,0,0,0,0,1,86,62,0,0.00034,0.00034,3,0,0,0,0,0,0,0,0,0,0,0,1,0,0,0,0,0,0,0,0,0,0,,0,0,0,0,
3,3.58,0,-3.55,32,0,0,0,-8.7,0,0,0,0,-16,0,0,0,0,-0.00229183,0,0,0,0,0,0,0,0,0,1,81,62,0,0.00034,0.00034,3,7,0,0,0,0,0,0,0,0,0,0,1,0,0,0,0,0,0,0,0,0,0,,0,0,0,0,
4,4.07,0,1.9,38.5,0,0,0,2.95,0,0,0,0,-9,0,0,0,0,-0.00229183,0,0,0,0,0,0,0,0,0,1,87,62,0,0.00034,0.00034,3,5,0,0,0,0,0,0,0,0,0,0,1,0,0,0,0,0,0,0,0,0,0,,0,0,0,0,
5,5.09,0,-35.8,32.5,0,0,0,-1.3,0,0,0,0,-7.5,0,0,0,0,-0.00229183,0,0,0,0,0,0,0,0,0,1,78,62,0,0.00034,0.00034,3,5,0,0,0,0,0,0,0,0,0,0,1,0,0,0,0,0,0,0,0,0,0,,0,0,0,0,
6,5.6,0,-34.55,35,0,0,0,-3.95,0,0,0,0,-5,0,0,0,0,-0.00229183,0,0,0,0,0,0,0,0,0,1,80,62,0,0.00034,0.00034,3,5,0,0,0,0,0,0,0,0,0,0,1,0,0,0,0,0,0,0,0,0,0,,0,0,0,0,
7,5.6,0,-24.3,35,0,0,0,-5.8,0,0,0,0,-10,0,0,0,0,-0.00229183,0,0,0,0,0,0,0,0,0,1,80,62,0,0.00034,0.00034,3,5,0,0,0,0,0,0,0,0,0,0,1,0,0,0,0,0,0,0,0,0,0,,0,0,0,0,
8,6.33,0,34.5,25.5,0,0,0,-9.6,0,0,0,0,-11,0,0,0,0,-0.00229183,0,0,0,0,0,0,0,0,0,1,71,62,0,0.00034,0.00034,3,5,0,0,0,0,0,0,0,0,0,0,1,0,0,0,0,0,0,0,0,0,0,,0,0,0,0,
9,6.66,0,-19.9,25.5,0,0,0,1.9,0,0,0,0,-20,0,0,0,0,-0.00229183,0,0,0,0,0,0,0,0,0,1,71,62,0,0.00034,0.00034,3,5,0,0,0,0,0,0,0,0,0,0,1,0,0,0,0,0,0,0,0,0,0,,0,0,0,0,
10,7.58,0,32.4,43,0,0,0,6.9,0,0,0,0,7.5,0,0,0,0,-0.00229183,0,0,0,0,0,0,0,0,0,1,89,62,0,0.00034,0.00034,3,5,0,0,0,0,0,0,0,0,0,0,1,0,0,0,0,0,0,0,0,0,0,,0,0,0,0,
11,8.24,0,-24.35,28.5,0,0,0,10.55,0,0,0,0,-12,0,0,0,0,-0.00229183,0,0,0,0,0,0,0,0,0,1,75,62,0,0.00034,0.00034,3,5,0,0,0,0,0,0,0,0,0,0,1,0,0,0,0,0,0,0,0,0,0,,0,0,0,0,
12,8.52,0,45.3,31.5,0,0,0,5.8,0,0,0,0,7.5,0,0,0,0,-0.00229183,0,0,0,0,0,0,0,0,0,1,78,62,0,0.00034,0.00034,3,5,0,0,0,0,0,0,0,0,0,0,1,0,0,0,0,0,0,0,0,0,0,,0,0,0,0,
13,8.92,0,-32.95,26.5,0,0,0,-1.3,0,0,0,0,-9.5,0,0,0,0,-0.00229183,0,0,0,0,0,0,0,0,0,1,73,62,0,0.00034,0.00034,3,5,0,0,0,0,0,0,0,0,0,0,1,0,0,0,0,0,0,0,0,0,0,,0,0,0,0,
14,9.4,0,-29.4,24,0,0,0,-3.3,0,0,0,0,-13.5,0,0,0,0,-0.00229183,0,0,0,0,0,0,0,0,0,1,71,62,0,0.00034,0.00034,3,5,0,0,0,0,0,0,0,0,0,0,1,0,0,0,0,0,0,0,0,0,0,,0,0,0,0,
15,9.83,0,-27.95,21,0,0,0,-2,0,0,0,0,-17,0,0,0,0,-0.00229183,0,0,0,0,0,0,0,0,0,1,68,62,0,0.00034,0.00034,3,5,0,0,0,0,0,0,0,0,0,0,1,0,0,0,0,0,0,0,0,0,0,,0,0,0,0,
16,12.16,0,-12.85,27,0,0,0,12.3,0,0,0,0,-15.5,0,0,0,0,-0.00229183,0,0,0,0,0,0,0,0,0,1,74,62,0,0.00034,0.00034,3,5,0,0,0,0,0,0,0,0,0,0,1,0,0,0,0,0,0,0,0,0,0,,0,0,0,0,
17,12.99,0,-23.5,21,0,0,0,-1.7,0,0,0,0,-17.5,0,0,0,0,-0.00229183,0,0,0,0,0,0,0,0,0,1,68,62,0,0.00034,0.00034,3,5,0,0,0,0,0,0,0,0,0,0,1,0,0,0,0,0,0,0,0,0,0,,0,0,0,0,
END,Total:18
START,FrameNb:118,CameraNb:0,HeSaiNb:0,ARS410Nb:0
2026/08/02 16:19:42:444---->
heightOffset:0,1785658782444,1072032,selfCaliBufCnt:0,selfAccObjCnt:0,selfAccAngle:0,installHAngleOffset:0,Interpolation:0,installVAngleOffset:0,radarOffsetH:0,radarOffsetV:0.32,Polynom:-0.001023;-0.0511;-2.047;0;0;0;-0.001023;-0.0511;-2.047;-25.5;0;0,WheelDirection:0;0;0;0,selfAngleOffset:0,selfAngleOffsetPit:0,currCaliAngleHrz:0,currCaliAnglePit:0,selfCaliAngleHrz:0,selfCaliAnglePit:0,servCaliAngleHrz:0,servCaliAnglePit:0,offlineCaliAngleHrz:0,offlineCaliAnglePit:0,determine2useFlag:0,IMU_Z_Accel:-21.592,IMU_X_AngularRate:-2.093,IMU_Y_AngularRate:-2.093,IMU_RollAngle:-180,IMU_PitchAngle:-180,IMU_YawAngle:-180,FcwID:0,FCWWarningLevel:0,FCWTTC:0
0,2.35,0,51.2,29,0,0,0,-10.2,1.37605e-33,0,0,0,5.5,0,0,0,0,-0.00229183,0,0,0,0,0,0,0,0,0,1,78,60,0,0.00034,0.00034,2,-1,0,0,0,0,0,0,0,0,0,0,1,0,1,0,0,0,0,0,0,0,0,,0,0,0,0,
1,2.79,0,-33.8,45,0,0,0,1.2,0,0,0,0,7,0,0,0,0,-0.00229183,0,0,0,0,0,0,0,0,0,1,94,60,0,0.00034,0.00034,3,5,0,0,0,0,0,0,0,0,0,0,1,0,1,0,0,0,0,0,0,0,0,,0,0,0,0,
2,3.26,0,13.8,37.5,0,0,0,1.3,0,0,0,0,-8,0,0,0,0,-0.00229183,0,0,0,0,0,0,0,0,0,1,86,60,0,0.00034,0.00034,3,0,0,0,0,0,0,0,0,0,0,0,1,0,1,0,0,0,0,0,0,0,0,,0,0,0,0,
3,3.58,0,-50.35,32.5,0,0,0,-5.95,0,0,0,0,8,0,0,0,0,-0.00229183,0,0,0,0,0,0,0,0,0,1,81,60,0,0.00034,0.00034,3,5,0,0,0,0,0,0,0,0,0,0,1,0,1,0,0,0,0,0,0,0,0,,0,0,0,0,
4,4.07,0,1.9,39,0,0,0,2.95,0,0,0,0,-9,0,0,0,0,-0.00229183,0,0,0,0,0,0,0,0,0,1,87,60,0,0.00034,0.00034,3,5,0,0,0,0,0,0,0,0,0,0,1,0,1,0,0,0,0,0,0,0,0,,0,0,0,0,
5,5.12,0,-36,32,0,0,0,-1.1,0,0,0,0,-6.5,0,0,0,0,-0.00229183,0,0,0,0,0,0,0,0,0,1,78,60,0,0.00034,0.00034,3,0,0,0,0,0,0,0,0,0,0,0,1,0,1,0,0,0,0,0,0,0,0,,0,0,0,0,
6,5.61,0,-34.55,35,0,0,0,-4.05,0,0,0,0,-5,0,0,0,0,-0.00229183,0,0,0,0,0,0,0,0,0,1,80,60,0,0.00034,0.00034,3,5,0,0,0,0,0,0,0,0,0,0,1,0,1,0,0,0,0,0,0,0,0,,0,0,0,0,
7,5.61,0,-24.2,35,0,0,0,-6.05,0,0,0,0,-10,0,0,0,0,-0.00229183,0,0,0,0,0,0,0,0,0,1,80,60,0,0.00034,0.00034,3,5,0,0,0,0,0,0,0,0,0,0,1,0,1,0,0,0,0,0,0,0,0,,0,0,0,0,
8,6.41,0,35.1,25,0,0,0,-9.6,0,0,0,0,-10,0,0,0,0,-0.00229183,0,0,0,0,0,0,0,0,0,1,71,60,0,0.00034,0.00034,3,5,0,0,0,0,0,0,0,0,0,0,1,0,1,0,0,0,0,0,0,0,0,,0,0,0,0,
9,6.83,0,-20.05,26,0,0,0,-1.7,0,0,0,0,-18.5,0,0,0,0,-0.00229183,0,0,0,0,0,0,0,0,0,1,71,60,0,0.00034,0.00034,3,5,0,0,0,0,0,0,0,0,0,0,1,0,1,0,0,0,0,0,0,0,0,,0,0,0,0,
10,7.58,0,32.45,43,0,0,0,7,0,0,0,0,7.5,0,0,0,0,-0.00229183,0,0,0,0,0,0,0,0,0,1,89,60,0,0.00034,0.00034,3,5,0,0,0,0,0,0,0,0,0,0,1,0,1,0,0,0,0,0,0,0,0,,0,0,0,0,
11,8.13,0,-24.7,29,0,0,0,10.3,0,0,0,0,-12,0,0,0,0,-0.00229183,0,0,0,0,0,0,0,0,0,1,75,60,0,0.00034,0.00034,3,5,0,0,0,0,0,0,0,0,0,0,1,0,1,0,0,0,0,0,0,0,0,,0,0,0,0,
12,8.52,0,45.3,32,0,0,0,5.65,0,0,0,0,7.5,0,0,0,0,-0.00229183,0,0,0,0,0,0,0,0,0,1,78,60,0,0.00034,0.00034,3,5,0,0,0,0,0,0,0,0,0,0,1,0,1,0,0,0,0,0,0,0,0,,0,0,0,0,
13,8.93,0,-33,26.5,0,0,0,-1.45,0,0,0,0,-10,0,0,0,0,-0.00229183,0,0,0,0,0,0,0,0,0,1,73,60,0,0.00034,0.00034,3,5,0,0,0,0,0,0,0,0,0,0,1,0,1,0,0,0,0,0,0,0,0,,0,0,0,0,
14,9.4,0,-29.35,24,0,0,0,-3.3,0,0,0,0,-13.5,0,0,0,0,-0.00229183,0,0,0,0,0,0,0,0,0,1,71,60,0,0.00034,0.00034,3,5,0,0,0,0,0,0,0,0,0,0,1,0,1,0,0,0,0,0,0,0,0,,0,0,0,0,
15,12.16,0,-12.85,27,0,0,0,12.15,0,0,0,0,-15.5,0,0,0,0,-0.00229183,0,0,0,0,0,0,0,0,0,1,74,60,0,0.00034,0.00034,3,5,0,0,0,0,0,0,0,0,0,0,1,0,1,0,0,0,0,0,0,0,0,,0,0,0,0,
16,13,0,-23.3,21,0,0,0,-1.8,0,0,0,0,-17.5,0,0,0,0,-0.00229183,0,0,0,0,0,0,0,0,0,1,68,60,0,0.00034,0.00034,3,5,0,0,0,0,0,0,0,0,0,0,1,0,1,0,0,0,0,0,0,0,0,,0,0,0,0,
END,Total:17
START,FrameNb:119,CameraNb:0,HeSaiNb:0,ARS410Nb:0
2026/08/02 16:19:42:507---->
heightOffset:0,1785658782507,1072088,selfCaliBufCnt:0,selfAccObjCnt:0,selfAccAngle:0,installHAngleOffset:0,Interpolation:0,installVAngleOffset:0,radarOffsetH:0,radarOffsetV:0.32,Polynom:-0.001023;-0.0511;-2.047;0;0;0;-0.001023;-0.0511;-2.047;-25.5;0;0,WheelDirection:0;0;0;0,selfAngleOffset:0,selfAngleOffsetPit:0,currCaliAngleHrz:0,currCaliAnglePit:0,selfCaliAngleHrz:0,selfCaliAnglePit:0,servCaliAngleHrz:0,servCaliAnglePit:0,offlineCaliAngleHrz:0,offlineCaliAnglePit:0,determine2useFlag:0,IMU_Z_Accel:-21.592,IMU_X_AngularRate:-2.093,IMU_Y_AngularRate:-2.093,IMU_RollAngle:-180,IMU_PitchAngle:-180,IMU_YawAngle:-180,FcwID:0,FCWWarningLevel:0,FCWTTC:0
0,2.35,0,50.85,29,0,0,0,-10.05,1.37605e-33,0,0,0,4.5,0,0,0,0,-0.00229183,0,0,0,0,0,0,0,0,0,1,78,59,0,0.00034,0.00034,3,5,0,0,0,0,0,0,0,0,0,0,1,0,0,0,0,0,0,0,0,0,0,,0,0,0,0,
1,2.79,0,-33.8,45,0,0,0,1.2,0,0,0,0,7,0,0,0,0,-0.00229183,0,0,0,0,0,0,0,0,0,1,94,59,0,0.00034,0.00034,3,5,0,0,0,0,0,0,0,0,0,0,1,0,0,0,0,0,0,0,0,0,0,,0,0,0,0,
2,3.27,0,13.8,37.5,0,0,0,1.4,0,0,0,0,-8,0,0,0,0,-0.00229183,0,0,0,0,0,0,0,0,0,1,86,59,0,0.00034,0.00034,3,0,0,0,0,0,0,0,0,0,0,0,1,0,0,0,0,0,0,0,0,0,0,,0,0,0,0,
3,3.58,0,-49.95,32.5,0,0,0,-5.75,0,0,0,0,7,0,0,0,0,-0.00229183,0,0,0,0,0,0,0,0,0,1,81,59,0,0.00034,0.00034,3,7,0,0,0,0,0,0,0,0,0,0,1,0,0,0,0,0,0,0,0,0,0,,0,0,0,0,
4,4.07,0,1.9,38.5,0,0,0,2.95,0,0,0,0,-9,0,0,0,0,-0.00229183,0,0,0,0,0,0,0,0,0,1,87,59,0,0.00034,0.00034,3,5,0,0,0,0,0,0,0,0,0,0,1,0,0,0,0,0,0,0,0,0,0,,0,0,0,0,
5,5.12,0,-35.8,32,0,0,0,-1,0,0,0,0,-7.5,0,0,0,0,-0.00229183,0,0,0,0,0,0,0,0,0,1,78,59,0,0.00034,0.00034,3,5,0,0,0,0,0,0,0,0,0,0,1,0,0,0,0,0,0,0,0,0,0,,0,0,0,0,
6,5.61,0,-34.55,35,0,0,0,-3.95,0,0,0,0,-5,0,0,0,0,-0.00229183,0,0,0,0,0,0,0,0,0,1,80,59,0,0.00034,0.00034,3,5,0,0,0,0,0,0,0,0,0,0,1,0,0,0,0,0,0,0,0,0,0,,0,0,0,0,
7,5.61,0,-24.3,35,0,0,0,-5.85,0,0,0,0,-10,0,0,0,0,-0.00229183,0,0,0,0,0,0,0,0,0,1,80,59,0,0.00034,0.00034,3,5,0,0,0,0,0,0,0,0,0,0,1,0,0,0,0,0,0,0,0,0,0,,0,0,0,0,
8,6.42,0,34.55,25.5,0,0,0,-10.45,0,0,0,0,-10.5,0,0,0,0,-0.00229183,0,0,0,0,0,0,0,0,0,1,71,59,0,0.00034,0.00034,3,5,0,0,0,0,0,0,0,0,0,0,1,0,0,0,0,0,0,0,0,0,0,,0,0,0,0,
9,6.83,0,-19.95,26,0,0,0,1.75,0,0,0,0,-19.5,0,0,0,0,-0.00229183,0,0,0,0,0,0,0,0,0,1,72,59,0,0.00034,0.00034,3,5,0,0,0,0,0,0,0,0,0,0,1,0,0,0,0,0,0,0,0,0,0,,0,0,0,0,
10,7.59,0,32.35,43,0,0,0,6.8,0,0,0,0,7.5,0,0,0,0,-0.00229183,0,0,0,0,0,0,0,0,0,1,89,59,0,0.00034,0.00034,3,5,0,0,0,0,0,0,0,0,0,0,1,0,0,0,0,0,0,0,0,0,0,,0,0,0,0,
11,8.17,0,-24.65,29,0,0,0,10.55,0,0,0,0,-12,0,0,0,0,-0.00229183,0,0,0,0,0,0,0,0,0,1,75,59,0,0.00034,0.00034,3,5,0,0,0,0,0,0,0,0,0,0,1,0,0,0,0,0,0,0,0,0,0,,0,0,0,0,
12,8.52,0,45.35,31.5,0,0,0,5.8,0,0,0,0,7,0,0,0,0,-0.00229183,0,0,0,0,0,0,0,0,0,1,78,59,0,0.00034,0.00034,3,5,0,0,0,0,0,0,0,0,0,0,1,0,0,0,0,0,0,0,0,0,0,,0,0,0,0,
13,8.93,0,-32.9,26.5,0,0,0,-1.2,0,0,0,0,-9.5,0,0,0,0,-0.00229183,0,0,0,0,0,0,0,0,0,1,73,59,0,0.00034,0.00034,3,5,0,0,0,0,0,0,0,0,0,0,1,0,0,0,0,0,0,0,0,0,0,,0,0,0,0,
14,9.41,0,-29.3,24,0,0,0,-3.3,0,0,0,0,-13.5,0,0,0,0,-0.00229183,0,0,0,0,0,0,0,0,0,1,71,59,0,0.00034,0.00034,3,5,0,0,0,0,0,0,0,0,0,0,1,0,0,0,0,0,0,0,0,0,0,,0,0,0,0,
15,12.16,0,-12.85,27,0,0,0,12.3,0,0,0,0,-15.5,0,0,0,0,-0.00229183,0,0,0,0,0,0,0,0,0,1,74,59,0,0.00034,0.00034,3,5,0,0,0,0,0,0,0,0,0,0,1,0,0,0,0,0,0,0,0,0,0,,0,0,0,0,
16,12.99,0,-23.6,21.5,0,0,0,-1.85,0,0,0,0,-17.5,0,0,0,0,-0.00229183,0,0,0,0,0,0,0,0,0,1,68,59,0,0.00034,0.00034,3,5,0,0,0,0,0,0,0,0,0,0,1,0,0,0,0,0,0,0,0,0,0,,0,0,0,0,
END,Total:17
START,FrameNb:120,CameraNb:0,HeSaiNb:0,ARS410Nb:0
2026/08/02 16:19:42:602---->
heightOffset:0,1785658782602,1072148,selfCaliBufCnt:0,selfAccObjCnt:0,selfAccAngle:0,installHAngleOffset:0,Interpolation:0,installVAngleOffset:0,radarOffsetH:0,radarOffsetV:0.32,Polynom:-0.001023;-0.0511;-2.047;0;0;0;-0.001023;-0.0511;-2.047;-25.5;0;0,WheelDirection:0;0;0;0,selfAngleOffset:0,selfAngleOffsetPit:0,currCaliAngleHrz:0,currCaliAnglePit:0,selfCaliAngleHrz:0,selfCaliAnglePit:0,servCaliAngleHrz:0,servCaliAnglePit:0,offlineCaliAngleHrz:0,offlineCaliAnglePit:0,determine2useFlag:0,IMU_Z_Accel:-21.592,IMU_X_AngularRate:-2.093,IMU_Y_AngularRate:-2.093,IMU_RollAngle:-180,IMU_PitchAngle:-180,IMU_YawAngle:-180,FcwID:0,FCWWarningLevel:0,FCWTTC:0
0,2.35,0,51.1,29,0,0,0,-10.2,1.37605e-33,0,0,0,5.5,0,0,0,0,-0.00229183,0,0,0,0,0,0,0,0,0,1,78,55,0,0.00034,0.00034,3,5,0,0,0,0,0,0,0,0,0,0,1,0,1,0,0,0,0,0,0,0,0,,0,0,0,0,
1,2.79,0,-33.8,45,0,0,0,1.2,0,0,0,0,7,0,0,0,0,-0.00229183,0,0,0,0,0,0,0,0,0,1,94,55,0,0.00034,0.00034,3,5,0,0,0,0,0,0,0,0,0,0,1,0,1,0,0,0,0,0,0,0,0,,0,0,0,0,
2,3.27,0,13.8,37.5,0,0,0,1.3,0,0,0,0,-8,0,0,0,0,-0.00229183,0,0,0,0,0,0,0,0,0,1,86,55,0,0.00034,0.00034,3,0,0,0,0,0,0,0,0,0,0,0,1,0,1,0,0,0,0,0,0,0,0,,0,0,0,0,
3,3.58,0,-50.05,32.5,0,0,0,-5.95,0,0,0,0,7.5,0,0,0,0,-0.00229183,0,0,0,0,0,0,0,0,0,1,80,55,0,0.00034,0.00034,3,7,0,0,0,0,0,0,0,0,0,0,1,0,1,0,0,0,0,0,0,0,0,,0,0,0,0,
4,4.07,0,1.9,38.5,0,0,0,2.95,0,0,0,0,-9,0,0,0,0,-0.00229183,0,0,0,0,0,0,0,0,0,1,87,55,0,0.00034,0.00034,3,5,0,0,0,0,0,0,0,0,0,0,1,0,1,0,0,0,0,0,0,0,0,,0,0,0,0,
5,5.12,0,-36,32.5,0,0,0,-1.25,0,0,0,0,-6.5,0,0,0,0,-0.00229183,0,0,0,0,0,0,0,0,0,1,78,55,0,0.00034,0.00034,3,0,0,0,0,0,0,0,0,0,0,0,1,0,1,0,0,0,0,0,0,0,0,,0,0,0,0,
6,5.61,0,-34.5,35,0,0,0,-4.1,0,0,0,0,-5,0,0,0,0,-0.00229183,0,0,0,0,0,0,0,0,0,1,80,55,0,0.00034,0.00034,3,5,0,0,0,0,0,0,0,0,0,0,1,0,1,0,0,0,0,0,0,0,0,,0,0,0,0,
7,5.61,0,-24.2,35,0,0,0,-6.05,0,0,0,0,-10,0,0,0,0,-0.00229183,0,0,0,0,0,0,0,0,0,1,80,55,0,0.00034,0.00034,3,5,0,0,0,0,0,0,0,0,0,0,1,0,1,0,0,0,0,0,0,0,0,,0,0,0,0,
8,6.41,0,34.35,25.5,0,0,0,-10,0,0,0,0,-10.5,0,0,0,0,-0.00229183,0,0,0,0,0,0,0,0,0,1,71,55,0,0.00034,0.00034,3,5,0,0,0,0,0,0,0,0,0,0,1,0,1,0,0,0,0,0,0,0,0,,0,0,0,0,
9,7.59,0,32.45,43,0,0,0,6.9,0,0,0,0,7.5,0,0,0,0,-0.00229183,0,0,0,0,0,0,0,0,0,1,89,55,0,0.00034,0.00034,3,5,0,0,0,0,0,0,0,0,0,0,1,0,1,0,0,0,0,0,0,0,0,,0,0,0,0,
10,8.21,0,-24.8,28.5,0,0,0,10.15,0,0,0,0,-12,0,0,0,0,-0.00229183,0,0,0,0,0,0,0,0,0,1,75,55,0,0.00034,0.00034,3,5,0,0,0,0,0,0,0,0,0,0,1,0,1,0,0,0,0,0,0,0,0,,0,0,0,0,
11,8.52,0,45.3,31.5,0,0,0,5.8,0,0,0,0,7,0,0,0,0,-0.00229183,0,0,0,0,0,0,0,0,0,1,78,55,0,0.00034,0.00034,3,5,0,0,0,0,0,0,0,0,0,0,1,0,1,0,0,0,0,0,0,0,0,,0,0,0,0,
12,8.95,0,-32.85,26.5,0,0,0,-1.45,0,0,0,0,-10,0,0,0,0,-0.00229183,0,0,0,0,0,0,0,0,0,1,73,55,0,0.00034,0.00034,3,5,0,0,0,0,0,0,0,0,0,0,1,0,1,0,0,0,0,0,0,0,0,,0,0,0,0,
13,9.39,0,-29.3,24.5,0,0,0,-3.25,0,0,0,0,-13.5,0,0,0,0,-0.00229183,0,0,0,0,0,0,0,0,0,1,71,55,0,0.00034,0.00034,3,5,0,0,0,0,0,0,0,0,0,0,1,0,1,0,0,0,0,0,0,0,0,,0,0,0,0,
14,12.16,0,-12.8,27,0,0,0,12.05,0,0,0,0,-15.5,0,0,0,0,-0.00229183,0,0,0,0,0,0,0,0,0,1,74,55,0,0.00034,0.00034,3,5,0,0,0,0,0,0,0,0,0,0,1,0,1,0,0,0,0,0,0,0,0,,0,0,0,0,
15,12.99,0,-23.4,21,0,0,0,-2,0,0,0,0,-17.5,0,0,0,0,-0.00229183,0,0,0,0,0,0,0,0,0,1,68,55,0,0.00034,0.00034,3,5,0,0,0,0,0,0,0,0,0,0,1,0,1,0,0,0,0,0,0,0,0,,0,0,0,0,
END,Total:16
START,FrameNb:121,CameraNb:0,HeSaiNb:0,ARS410Nb:0
2026/08/02 16:19:42:676---->
heightOffset:0,1785658782676,1072200,selfCaliBufCnt:0,selfAccObjCnt:0,selfAccAngle:0,installHAngleOffset:0,Interpolation:0,installVAngleOffset:0,radarOffsetH:0,radarOffsetV:0.32,Polynom:-0.001023;-0.0511;-2.047;0;0;0;-0.001023;-0.0511;-2.047;-25.5;0;0,WheelDirection:0;0;0;0,selfAngleOffset:0,selfAngleOffsetPit:0,currCaliAngleHrz:0,currCaliAnglePit:0,selfCaliAngleHrz:0,selfCaliAnglePit:0,servCaliAngleHrz:0,servCaliAnglePit:0,offlineCaliAngleHrz:0,offlineCaliAnglePit:0,determine2useFlag:0,IMU_Z_Accel:-21.592,IMU_X_AngularRate:-2.093,IMU_Y_AngularRate:-2.093,IMU_RollAngle:-180,IMU_PitchAngle:-180,IMU_YawAngle:-180,FcwID:0,FCWWarningLevel:0,FCWTTC:0
0,2.35,0,50.8,29,0,0,0,-10.05,1.37605e-33,0,0,0,4.5,0,0,0,0,-0.00229183,0,0,0,0,0,0,0,0,0,1,78,59,0,0.00034,0.00034,3,5,0,0,0,0,0,0,0,0,0,0,1,0,0,0,0,0,0,0,0,0,0,,0,0,0,0,
1,2.79,0,-33.8,45,0,0,0,1.2,0,0,0,0,7,0,0,0,0,-0.00229183,0,0,0,0,0,0,0,0,0,1,94,59,0,0.00034,0.00034,3,5,0,0,0,0,0,0,0,0,0,0,1,0,0,0,0,0,0,0,0,0,0,,0,0,0,0,
2,3.28,0,13.8,37.5,0,0,0,1.4,0,0,0,0,-8,0,0,0,0,-0.00229183,0,0,0,0,0,0,0,0,0,1,86,59,0,0.00034,0.00034,3,0,0,0,0,0,0,0,0,0,0,0,1,0,0,0,0,0,0,0,0,0,0,,0,0,0,0,
3,3.58,0,-3.65,32.5,0,0,0,-8.45,0,0,0,0,-16,0,0,0,0,-0.00229183,0,0,0,0,0,0,0,0,0,1,81,59,0,0.00034,0.00034,3,7,0,0,0,0,0,0,0,0,0,0,1,0,0,0,0,0,0,0,0,0,0,,0,0,0,0,
4,4.07,0,1.9,38.5,0,0,0,2.95,0,0,0,0,-9,0,0,0,0,-0.00229183,0,0,0,0,0,0,0,0,0,1,87,59,0,0.00034,0.00034,3,5,0,0,0,0,0,0,0,0,0,0,1,0,0,0,0,0,0,0,0,0,0,,0,0,0,0,
5,5.12,0,-35.85,32,0,0,0,-1.1,0,0,0,0,-7.5,0,0,0,0,-0.00229183,0,0,0,0,0,0,0,0,0,1,78,59,0,0.00034,0.00034,3,5,0,0,0,0,0,0,0,0,0,0,1,0,0,0,0,0,0,0,0,0,0,,0,0,0,0,
6,5.6,0,-34.55,35,0,0,0,-4.25,0,0,0,0,-4.5,0,0,0,0,-0.00229183,0,0,0,0,0,0,0,0,0,1,80,59,0,0.00034,0.00034,3,5,0,0,0,0,0,0,0,0,0,0,1,0,0,0,0,0,0,0,0,0,0,,0,0,0,0,
7,5.6,0,-24.2,35,0,0,0,-6.2,0,0,0,0,-9.5,0,0,0,0,-0.00229183,0,0,0,0,0,0,0,0,0,1,80,59,0,0.00034,0.00034,3,5,0,0,0,0,0,0,0,0,0,0,1,0,0,0,0,0,0,0,0,0,0,,0,0,0,0,
8,6.36,0,70,25,0,0,0,-11.55,0,0,0,0,17,0,0,0,0,-0.00229183,0,0,0,0,0,0,0,0,0,1,70,59,0,0.00034,0.00034,2,-1,0,0,0,0,0,0,0,0,0,0,1,0,0,0,0,0,0,0,0,0,0,,0,0,0,0,
9,6.84,0,-20.05,26,0,0,0,-10.1,0,0,0,0,-18.5,0,0,0,0,-0.00229183,0,0,0,0,0,0,0,0,0,1,71,59,0,0.00034,0.00034,3,5,0,0,0,0,0,0,0,0,0,0,1,0,0,0,0,0,0,0,0,0,0,,0,0,0,0,
10,7.6,0,32.45,43,0,0,0,6.7,0,0,0,0,7.5,0,0,0,0,-0.00229183,0,0,0,0,0,0,0,0,0,1,89,59,0,0.00034,0.00034,3,5,0,0,0,0,0,0,0,0,0,0,1,0,0,0,0,0,0,0,0,0,0,,0,0,0,0,
11,8.51,0,45.2,31,0,0,0,6.05,0,0,0,0,6.5,0,0,0,0,-0.00229183,0,0,0,0,0,0,0,0,0,1,78,59,0,0.00034,0.00034,3,5,0,0,0,0,0,0,0,0,0,0,1,0,0,0,0,0,0,0,0,0,0,,0,0,0,0,
12,8.95,0,-32.85,26.5,0,0,0,-1.3,0,0,0,0,-9.5,0,0,0,0,-0.00229183,0,0,0,0,0,0,0,0,0,1,73,59,0,0.00034,0.00034,3,5,0,0,0,0,0,0,0,0,0,0,1,0,0,0,0,0,0,0,0,0,0,,0,0,0,0,
13,9.42,0,-29.2,24,0,0,0,-3.45,0,0,0,0,-13.5,0,0,0,0,-0.00229183,0,0,0,0,0,0,0,0,0,1,71,59,0,0.00034,0.00034,3,5,0,0,0,0,0,0,0,0,0,0,1,0,0,0,0,0,0,0,0,0,0,,0,0,0,0,
14,12.16,0,-12.85,27,0,0,0,12.45,0,0,0,0,-15.5,0,0,0,0,-0.00229183,0,0,0,0,0,0,0,0,0,1,74,59,0,0.00034,0.00034,3,5,0,0,0,0,0,0,0,0,0,0,1,0,0,0,0,0,0,0,0,0,0,,0,0,0,0,
15,12.99,0,-23.45,21,0,0,0,-1.45,0,0,0,0,-18,0,0,0,0,-0.00229183,0,0,0,0,0,0,0,0,0,1,67,59,0,0.00034,0.00034,3,5,0,0,0,0,0,0,0,0,0,0,1,0,0,0,0,0,0,0,0,0,0,,0,0,0,0,
END,Total:16
START,FrameNb:122,CameraNb:0,HeSaiNb:0,ARS410Nb:0
2026/08/02 16:19:42:704---->
heightOffset:0,1785658782704,1072260,selfCaliBufCnt:0,selfAccObjCnt:0,selfAccAngle:0,installHAngleOffset:0,Interpolation:0,installVAngleOffset:0,radarOffsetH:0,radarOffsetV:0.32,Polynom:-0.001023;-0.0511;-2.047;0;0;0;-0.001023;-0.0511;-2.047;-25.5;0;0,WheelDirection:0;0;0;0,selfAngleOffset:0,selfAngleOffsetPit:0,currCaliAngleHrz:0,currCaliAnglePit:0,selfCaliAngleHrz:0,selfCaliAnglePit:0,servCaliAngleHrz:0,servCaliAnglePit:0,offlineCaliAngleHrz:0,offlineCaliAnglePit:0,determine2useFlag:0,IMU_Z_Accel:-21.592,IMU_X_AngularRate:-2.093,IMU_Y_AngularRate:-2.093,IMU_RollAngle:-180,IMU_PitchAngle:-180,IMU_YawAngle:-180,FcwID:0,FCWWarningLevel:0,FCWTTC:0
0,2.35,0,51.05,29,0,0,0,-10.2,1.37605e-33,0,0,0,5.5,0,0,0,0,-0.00229183,0,0,0,0,0,0,0,0,0,1,78,55,0,0.00034,0.00034,3,5,0,0,0,0,0,0,0,0,0,0,1,0,1,0,0,0,0,0,0,0,0,,0,0,0,0,
1,2.79,0,-33.8,45,0,0,0,1.2,0,0,0,0,7,0,0,0,0,-0.00229183,0,0,0,0,0,0,0,0,0,1,94,55,0,0.00034,0.00034,3,5,0,0,0,0,0,0,0,0,0,0,1,0,1,0,0,0,0,0,0,0,0,,0,0,0,0,
2,3.26,0,13.8,37.5,0,0,0,1.3,0,0,0,0,-8,0,0,0,0,-0.00229183,0,0,0,0,0,0,0,0,0,1,86,55,0,0.00034,0.00034,3,0,0,0,0,0,0,0,0,0,0,0,1,0,1,0,0,0,0,0,0,0,0,,0,0,0,0,
3,3.58,0,-50.3,32.5,0,0,0,-6,0,0,0,0,8,0,0,0,0,-0.00229183,0,0,0,0,0,0,0,0,0,1,80,55,0,0.00034,0.00034,3,5,0,0,0,0,0,0,0,0,0,0,1,0,1,0,0,0,0,0,0,0,0,,0,0,0,0,
4,4.07,0,1.9,38.5,0,0,0,2.95,0,0,0,0,-9,0,0,0,0,-0.00229183,0,0,0,0,0,0,0,0,0,1,87,55,0,0.00034,0.00034,3,5,0,0,0,0,0,0,0,0,0,0,1,0,1,0,0,0,0,0,0,0,0,,0,0,0,0,
5,5.11,0,-35.95,32,0,0,0,-1.25,0,0,0,0,-7.5,0,0,0,0,-0.00229183,0,0,0,0,0,0,0,0,0,1,78,55,0,0.00034,0.00034,3,0,0,0,0,0,0,0,0,0,0,0,1,0,1,0,0,0,0,0,0,0,0,,0,0,0,0,
6,5.61,0,-34.55,35,0,0,0,-4.1,0,0,0,0,-5,0,0,0,0,-0.00229183,0,0,0,0,0,0,0,0,0,1,80,55,0,0.00034,0.00034,3,5,0,0,0,0,0,0,0,0,0,0,1,0,1,0,0,0,0,0,0,0,0,,0,0,0,0,
7,5.61,0,-24.2,35,0,0,0,-5.95,0,0,0,0,-10,0,0,0,0,-0.00229183,0,0,0,0,0,0,0,0,0,1,80,55,0,0.00034,0.00034,3,5,0,0,0,0,0,0,0,0,0,0,1,0,1,0,0,0,0,0,0,0,0,,0,0,0,0,
8,6.42,0,34.3,25.5,0,0,0,-10.1,0,0,0,0,-10.5,0,0,0,0,-0.00229183,0,0,0,0,0,0,0,0,0,1,71,55,0,0.00034,0.00034,3,5,0,0,0,0,0,0,0,0,0,0,1,0,1,0,0,0,0,0,0,0,0,,0,0,0,0,
9,7.59,0,32.45,43,0,0,0,6.9,0,0,0,0,7.5,0,0,0,0,-0.00229183,0,0,0,0,0,0,0,0,0,1,89,55,0,0.00034,0.00034,3,5,0,0,0,0,0,0,0,0,0,0,1,0,1,0,0,0,0,0,0,0,0,,0,0,0,0,
10,8.13,0,-24.65,29,0,0,0,10.55,0,0,0,0,-12,0,0,0,0,-0.00229183,0,0,0,0,0,0,0,0,0,1,75,55,0,0.00034,0.00034,3,5,0,0,0,0,0,0,0,0,0,0,1,0,1,0,0,0,0,0,0,0,0,,0,0,0,0,
11,8.52,0,45.2,31.5,0,0,0,5.95,0,0,0,0,7,0,0,0,0,-0.00229183,0,0,0,0,0,0,0,0,0,1,78,55,0,0.00034,0.00034,3,5,0,0,0,0,0,0,0,0,0,0,1,0,1,0,0,0,0,0,0,0,0,,0,0,0,0,
12,8.96,0,-32.9,26.5,0,0,0,-1.35,0,0,0,0,-10,0,0,0,0,-0.00229183,0,0,0,0,0,0,0,0,0,1,73,55,0,0.00034,0.00034,3,5,0,0,0,0,0,0,0,0,0,0,1,0,1,0,0,0,0,0,0,0,0,,0,0,0,0,
13,9.4,0,-29.2,24.5,0,0,0,-3.45,0,0,0,0,-13.5,0,0,0,0,-0.00229183,0,0,0,0,0,0,0,0,0,1,71,55,0,0.00034,0.00034,3,5,0,0,0,0,0,0,0,0,0,0,1,0,1,0,0,0,0,0,0,0,0,,0,0,0,0,
14,9.85,0,-28.2,20.5,0,0,0,-1.55,0,0,0,0,-17.5,0,0,0,0,-0.00229183,0,0,0,0,0,0,0,0,0,1,67,55,0,0.00034,0.00034,3,5,0,0,0,0,0,0,0,0,0,0,1,0,1,0,0,0,0,0,0,0,0,,0,0,0,0,
15,12.16,0,-12.85,27,0,0,0,12.2,0,0,0,0,-15.5,0,0,0,0,-0.00229183,0,0,0,0,0,0,0,0,0,1,74,55,0,0.00034,0.00034,3,5,0,0,0,0,0,0,0,0,0,0,1,0,1,0,0,0,0,0,0,0,0,,0,0,0,0,
16,12.99,0,-23.3,21,0,0,0,-1.75,0,0,0,0,-18,0,0,0,0,-0.00229183,0,0,0,0,0,0,0,0,0,1,68,55,0,0.00034,0.00034,3,5,0,0,0,0,0,0,0,0,0,0,1,0,1,0,0,0,0,0,0,0,0,,0,0,0,0,
END,Total:17
START,FrameNb:123,CameraNb:0,HeSaiNb:0,ARS410Nb:0
2026/08/02 16:19:42:747---->
heightOffset:0,1785658782747,1072320,selfCaliBufCnt:0,selfAccObjCnt:0,selfAccAngle:0,installHAngleOffset:0,Interpolation:0,installVAngleOffset:0,radarOffsetH:0,radarOffsetV:0.32,Polynom:-0.001023;-0.0511;-2.047;0;0;0;-0.001023;-0.0511;-2.047;-25.5;0;0,WheelDirection:0;0;0;0,selfAngleOffset:0,selfAngleOffsetPit:0,currCaliAngleHrz:0,currCaliAnglePit:0,selfCaliAngleHrz:0,selfCaliAnglePit:0,servCaliAngleHrz:0,servCaliAnglePit:0,offlineCaliAngleHrz:0,offlineCaliAnglePit:0,determine2useFlag:0,IMU_Z_Accel:-21.592,IMU_X_AngularRate:-2.093,IMU_Y_AngularRate:-2.093,IMU_RollAngle:-180,IMU_PitchAngle:-180,IMU_YawAngle:-180,FcwID:0,FCWWarningLevel:0,FCWTTC:0
0,1.94,0,-39.7,19,0,0,0,-1,1.37605e-33,0,0,0,-16,0,0,0,0,-0.00229183,0,0,0,0,0,0,0,0,0,1,68,61,0,0.00034,0.00034,3,5,0,0,0,0,0,0,0,0,0,0,1,0,0,0,0,0,0,0,0,0,0,,0,0,0,0,
1,2.35,0,50.9,29,0,0,0,-10.1,0,0,0,0,4.5,0,0,0,0,-0.00229183,0,0,0,0,0,0,0,0,0,1,78,61,0,0.00034,0.00034,3,5,0,0,0,0,0,0,0,0,0,0,1,0,0,0,0,0,0,0,0,0,0,,0,0,0,0,
2,2.79,0,-33.8,45,0,0,0,1.2,0,0,0,0,7,0,0,0,0,-0.00229183,0,0,0,0,0,0,0,0,0,1,94,61,0,0.00034,0.00034,3,5,0,0,0,0,0,0,0,0,0,0,1,0,0,0,0,0,0,0,0,0,0,,0,0,0,0,
3,3.27,0,13.8,37.5,0,0,0,1.3,0,0,0,0,-8,0,0,0,0,-0.00229183,0,0,0,0,0,0,0,0,0,1,86,61,0,0.00034,0.00034,3,0,0,0,0,0,0,0,0,0,0,0,1,0,0,0,0,0,0,0,0,0,0,,0,0,0,0,
4,3.58,0,-3.7,32.5,0,0,0,-8.45,0,0,0,0,-16,0,0,0,0,-0.00229183,0,0,0,0,0,0,0,0,0,1,81,61,0,0.00034,0.00034,3,7,0,0,0,0,0,0,0,0,0,0,1,0,0,0,0,0,0,0,0,0,0,,0,0,0,0,
5,4.07,0,1.9,38.5,0,0,0,2.95,0,0,0,0,-9,0,0,0,0,-0.00229183,0,0,0,0,0,0,0,0,0,1,87,61,0,0.00034,0.00034,3,5,0,0,0,0,0,0,0,0,0,0,1,0,0,0,0,0,0,0,0,0,0,,0,0,0,0,
6,5.13,0,-35.8,32,0,0,0,-1.3,0,0,0,0,-7.5,0,0,0,0,-0.00229183,0,0,0,0,0,0,0,0,0,1,78,61,0,0.00034,0.00034,3,5,0,0,0,0,0,0,0,0,0,0,1,0,0,0,0,0,0,0,0,0,0,,0,0,0,0,
7,5.61,0,-34.55,35,0,0,0,-3.95,0,0,0,0,-4.5,0,0,0,0,-0.00229183,0,0,0,0,0,0,0,0,0,1,80,61,0,0.00034,0.00034,3,5,0,0,0,0,0,0,0,0,0,0,1,0,0,0,0,0,0,0,0,0,0,,0,0,0,0,
8,5.61,0,-24.3,35,0,0,0,-5.8,0,0,0,0,-9.5,0,0,0,0,-0.00229183,0,0,0,0,0,0,0,0,0,1,80,61,0,0.00034,0.00034,3,5,0,0,0,0,0,0,0,0,0,0,1,0,0,0,0,0,0,0,0,0,0,,0,0,0,0,
9,6.43,0,34.3,26,0,0,0,-10.7,0,0,0,0,-10.5,0,0,0,0,-0.00229183,0,0,0,0,0,0,0,0,0,1,71,61,0,0.00034,0.00034,3,5,0,0,0,0,0,0,0,0,0,0,1,0,0,0,0,0,0,0,0,0,0,,0,0,0,0,
10,6.84,0,49.55,26.5,0,0,0,-9.25,0,0,0,0,1.5,0,0,0,0,-0.00229183,0,0,0,0,0,0,0,0,0,1,72,61,0,0.00034,0.00034,3,5,0,0,0,0,0,0,0,0,0,0,1,0,0,0,0,0,0,0,0,0,0,,0,0,0,0,
11,7.59,0,32.55,43,0,0,0,6.7,0,0,0,0,7.5,0,0,0,0,-0.00229183,0,0,0,0,0,0,0,0,0,1,89,61,0,0.00034,0.00034,3,5,0,0,0,0,0,0,0,0,0,0,1,0,0,0,0,0,0,0,0,0,0,,0,0,0,0,
12,8.11,0,-24.55,29,0,0,0,10.75,0,0,0,0,-12,0,0,0,0,-0.00229183,0,0,0,0,0,0,0,0,0,1,75,61,0,0.00034,0.00034,3,5,0,0,0,0,0,0,0,0,0,0,1,0,0,0,0,0,0,0,0,0,0,,0,0,0,0,
13,8.51,0,45.2,31.5,0,0,0,6,0,0,0,0,7,0,0,0,0,-0.00229183,0,0,0,0,0,0,0,0,0,1,78,61,0,0.00034,0.00034,3,5,0,0,0,0,0,0,0,0,0,0,1,0,0,0,0,0,0,0,0,0,0,,0,0,0,0,
14,8.96,0,-32.8,26.5,0,0,0,-1.6,0,0,0,0,-10,0,0,0,0,-0.00229183,0,0,0,0,0,0,0,0,0,1,73,61,0,0.00034,0.00034,3,5,0,0,0,0,0,0,0,0,0,0,1,0,0,0,0,0,0,0,0,0,0,,0,0,0,0,
15,9.4,0,-29.15,24.5,0,0,0,-3.2,0,0,0,0,-13.5,0,0,0,0,-0.00229183,0,0,0,0,0,0,0,0,0,1,71,61,0,0.00034,0.00034,3,0,0,0,0,0,0,0,0,0,0,0,1,0,0,0,0,0,0,0,0,0,0,,0,0,0,0,
16,12.16,0,-12.9,27,0,0,0,12.4,0,0,0,0,-15.5,0,0,0,0,-0.00229183,0,0,0,0,0,0,0,0,0,1,74,61,0,0.00034,0.00034,3,5,0,0,0,0,0,0,0,0,0,0,1,0,0,0,0,0,0,0,0,0,0,,0,0,0,0,
17,12.99,0,-23.45,21,0,0,0,-1.8,0,0,0,0,-17.5,0,0,0,0,-0.00229183,0,0,0,0,0,0,0,0,0,1,68,61,0,0.00034,0.00034,3,5,0,0,0,0,0,0,0,0,0,0,1,0,0,0,0,0,0,0,0,0,0,,0,0,0,0,
END,Total:18
START,FrameNb:124,CameraNb:0,HeSaiNb:0,ARS410Nb:0
2026/08/02 16:19:42:815---->
heightOffset:0,1785658782815,1072384,selfCaliBufCnt:0,selfAccObjCnt:0,selfAccAngle:0,installHAngleOffset:0,Interpolation:0,installVAngleOffset:0,radarOffsetH:0,radarOffsetV:0.32,Polynom:-0.001023;-0.0511;-2.047;0;0;0;-0.001023;-0.0511;-2.047;-25.5;0;0,WheelDirection:0;0;0;0,selfAngleOffset:0,selfAngleOffsetPit:0,currCaliAngleHrz:0,currCaliAnglePit:0,selfCaliAngleHrz:0,selfCaliAnglePit:0,servCaliAngleHrz:0,servCaliAnglePit:0,offlineCaliAngleHrz:0,offlineCaliAnglePit:0,determine2useFlag:0,IMU_Z_Accel:-21.592,IMU_X_AngularRate:-2.093,IMU_Y_AngularRate:-2.093,IMU_RollAngle:-180,IMU_PitchAngle:-180,IMU_YawAngle:-180,FcwID:0,FCWWarningLevel:0,FCWTTC:0
0,2.35,0,51.1,29,0,0,0,-10.1,1.37605e-33,0,0,0,5.5,0,0,0,0,-0.00229183,0,0,0,0,0,0,0,0,0,1,78,60,0,0.00034,0.00034,3,5,0,0,0,0,0,0,0,0,0,0,1,0,1,0,0,0,0,0,0,0,0,,0,0,0,0,
1,2.79,0,-33.8,45,0,0,0,1.2,0,0,0,0,7,0,0,0,0,-0.00229183,0,0,0,0,0,0,0,0,0,1,94,60,0,0.00034,0.00034,3,5,0,0,0,0,0,0,0,0,0,0,1,0,1,0,0,0,0,0,0,0,0,,0,0,0,0,
2,3.26,0,13.8,37,0,0,0,1.3,0,0,0,0,-8,0,0,0,0,-0.00229183,0,0,0,0,0,0,0,0,0,1,86,60,0,0.00034,0.00034,3,0,0,0,0,0,0,0,0,0,0,0,1,0,1,0,0,0,0,0,0,0,0,,0,0,0,0,
3,3.58,0,-50.3,32,0,0,0,-6,0,0,0,0,7.5,0,0,0,0,-0.00229183,0,0,0,0,0,0,0,0,0,1,80,60,0,0.00034,0.00034,3,5,0,0,0,0,0,0,0,0,0,0,1,0,1,0,0,0,0,0,0,0,0,,0,0,0,0,
4,4.07,0,1.9,38.5,0,0,0,2.95,0,0,0,0,-9,0,0,0,0,-0.00229183,0,0,0,0,0,0,0,0,0,1,87,60,0,0.00034,0.00034,3,5,0,0,0,0,0,0,0,0,0,0,1,0,1,0,0,0,0,0,0,0,0,,0,0,0,0,
5,5.13,0,-36,32,0,0,0,-1.3,0,0,0,0,-6.5,0,0,0,0,-0.00229183,0,0,0,0,0,0,0,0,0,1,78,60,0,0.00034,0.00034,3,0,0,0,0,0,0,0,0,0,0,0,1,0,1,0,0,0,0,0,0,0,0,,0,0,0,0,
6,5.61,0,-34.55,35,0,0,0,-3.8,0,0,0,0,-5,0,0,0,0,-0.00229183,0,0,0,0,0,0,0,0,0,1,80,60,0,0.00034,0.00034,3,5,0,0,0,0,0,0,0,0,0,0,1,0,1,0,0,0,0,0,0,0,0,,0,0,0,0,
7,5.61,0,-24.3,35,0,0,0,-5.75,0,0,0,0,-10,0,0,0,0,-0.00229183,0,0,0,0,0,0,0,0,0,1,80,60,0,0.00034,0.00034,3,5,0,0,0,0,0,0,0,0,0,0,1,0,1,0,0,0,0,0,0,0,0,,0,0,0,0,
8,6.43,0,34.45,25.5,0,0,0,-9.95,0,0,0,0,-10.5,0,0,0,0,-0.00229183,0,0,0,0,0,0,0,0,0,1,71,60,0,0.00034,0.00034,3,5,0,0,0,0,0,0,0,0,0,0,1,0,1,0,0,0,0,0,0,0,0,,0,0,0,0,
9,6.84,0,49.15,26,0,0,0,-9.2,0,0,0,0,1.5,0,0,0,0,-0.00229183,0,0,0,0,0,0,0,0,0,1,72,60,0,0.00034,0.00034,3,5,0,0,0,0,0,0,0,0,0,0,1,0,1,0,0,0,0,0,0,0,0,,0,0,0,0,
10,7.59,0,32.55,43,0,0,0,6.9,0,0,0,0,7.5,0,0,0,0,-0.00229183,0,0,0,0,0,0,0,0,0,1,89,60,0,0.00034,0.00034,3,5,0,0,0,0,0,0,0,0,0,0,1,0,1,0,0,0,0,0,0,0,0,,0,0,0,0,
11,8.13,0,-24.7,29,0,0,0,10.65,0,0,0,0,-12,0,0,0,0,-0.00229183,0,0,0,0,0,0,0,0,0,1,75,60,0,0.00034,0.00034,3,5,0,0,0,0,0,0,0,0,0,0,1,0,1,0,0,0,0,0,0,0,0,,0,0,0,0,
12,8.51,0,45.2,31.5,0,0,0,5.9,0,0,0,0,7,0,0,0,0,-0.00229183,0,0,0,0,0,0,0,0,0,1,78,60,0,0.00034,0.00034,3,5,0,0,0,0,0,0,0,0,0,0,1,0,1,0,0,0,0,0,0,0,0,,0,0,0,0,
13,8.95,0,-32.85,26,0,0,0,-1.45,0,0,0,0,-10,0,0,0,0,-0.00229183,0,0,0,0,0,0,0,0,0,1,73,60,0,0.00034,0.00034,3,5,0,0,0,0,0,0,0,0,0,0,1,0,1,0,0,0,0,0,0,0,0,,0,0,0,0,
14,9.4,0,-29.3,24,0,0,0,-3.25,0,0,0,0,-13.5,0,0,0,0,-0.00229183,0,0,0,0,0,0,0,0,0,1,71,60,0,0.00034,0.00034,3,5,0,0,0,0,0,0,0,0,0,0,1,0,1,0,0,0,0,0,0,0,0,,0,0,0,0,
15,12.16,0,-12.9,27,0,0,0,12.15,0,0,0,0,-15.5,0,0,0,0,-0.00229183,0,0,0,0,0,0,0,0,0,1,74,60,0,0.00034,0.00034,3,5,0,0,0,0,0,0,0,0,0,0,1,0,1,0,0,0,0,0,0,0,0,,0,0,0,0,
16,12.99,0,-23.2,20.5,0,0,0,-1.7,0,0,0,0,-18,0,0,0,0,-0.00229183,0,0,0,0,0,0,0,0,0,1,67,60,0,0.00034,0.00034,3,5,0,0,0,0,0,0,0,0,0,0,1,0,1,0,0,0,0,0,0,0,0,,0,0,0,0,
END,Total:17
START,FrameNb:125,CameraNb:0,HeSaiNb:0,ARS410Nb:0
2026/08/02 16:19:42:845---->
heightOffset:0,1785658782845,1072436,selfCaliBufCnt:0,selfAccObjCnt:0,selfAccAngle:0,installHAngleOffset:0,Interpolation:0,installVAngleOffset:0,radarOffsetH:0,radarOffsetV:0.32,Polynom:-0.001023;-0.0511;-2.047;0;0;0;-0.001023;-0.0511;-2.047;-25.5;0;0,WheelDirection:0;0;0;0,selfAngleOffset:0,selfAngleOffsetPit:0,currCaliAngleHrz:0,currCaliAnglePit:0,selfCaliAngleHrz:0,selfCaliAnglePit:0,servCaliAngleHrz:0,servCaliAnglePit:0,offlineCaliAngleHrz:0,offlineCaliAnglePit:0,determine2useFlag:0,IMU_Z_Accel:-21.592,IMU_X_AngularRate:-2.093,IMU_Y_AngularRate:-2.093,IMU_RollAngle:-180,IMU_PitchAngle:-180,IMU_YawAngle:-180,FcwID:0,FCWWarningLevel:0,FCWTTC:0
0,2.35,0,50.7,29,0,0,0,-10.1,1.37605e-33,0,0,0,4.5,0,0,0,0,-0.00229183,0,0,0,0,0,0,0,0,0,1,78,59,0,0.00034,0.00034,3,5,0,0,0,0,0,0,0,0,0,0,1,0,0,0,0,0,0,0,0,0,0,,0,0,0,0,
1,2.79,0,-33.8,45,0,0,0,1.2,0,0,0,0,7,0,0,0,0,-0.00229183,0,0,0,0,0,0,0,0,0,1,94,59,0,0.00034,0.00034,3,5,0,0,0,0,0,0,0,0,0,0,1,0,0,0,0,0,0,0,0,0,0,,0,0,0,0,
2,3.27,0,13.8,37.5,0,0,0,1.4,0,0,0,0,-8,0,0,0,0,-0.00229183,0,0,0,0,0,0,0,0,0,1,86,59,0,0.00034,0.00034,3,0,0,0,0,0,0,0,0,0,0,0,1,0,0,0,0,0,0,0,0,0,0,,0,0,0,0,
3,3.58,0,-3.7,32.5,0,0,0,-8.45,0,0,0,0,-16,0,0,0,0,-0.00229183,0,0,0,0,0,0,0,0,0,1,81,59,0,0.00034,0.00034,3,7,0,0,0,0,0,0,0,0,0,0,1,0,0,0,0,0,0,0,0,0,0,,0,0,0,0,
4,4.07,0,1.9,38.5,0,0,0,2.95,0,0,0,0,-9,0,0,0,0,-0.00229183,0,0,0,0,0,0,0,0,0,1,87,59,0,0.00034,0.00034,3,5,0,0,0,0,0,0,0,0,0,0,1,0,0,0,0,0,0,0,0,0,0,,0,0,0,0,
5,5.11,0,-35.85,32,0,0,0,-1.45,0,0,0,0,-7.5,0,0,0,0,-0.00229183,0,0,0,0,0,0,0,0,0,1,78,59,0,0.00034,0.00034,3,0,0,0,0,0,0,0,0,0,0,0,1,0,0,0,0,0,0,0,0,0,0,,0,0,0,0,
6,5.61,0,-34.55,35,0,0,0,-3.95,0,0,0,0,-4.5,0,0,0,0,-0.00229183,0,0,0,0,0,0,0,0,0,1,80,59,0,0.00034,0.00034,3,5,0,0,0,0,0,0,0,0,0,0,1,0,0,0,0,0,0,0,0,0,0,,0,0,0,0,
7,5.61,0,-24.3,35,0,0,0,-5.8,0,0,0,0,-9.5,0,0,0,0,-0.00229183,0,0,0,0,0,0,0,0,0,1,80,59,0,0.00034,0.00034,3,5,0,0,0,0,0,0,0,0,0,0,1,0,0,0,0,0,0,0,0,0,0,,0,0,0,0,
8,6.41,0,71.8,25.5,0,0,0,-15,0,0,0,0,18.5,0,0,0,0,-0.00229183,0,0,0,0,0,0,0,0,0,1,71,59,0,0.00034,0.00034,2,-1,0,0,0,0,0,0,0,0,0,0,1,0,0,0,0,0,0,0,0,0,0,,0,0,0,0,
9,7.59,0,32.6,43,0,0,0,7.05,0,0,0,0,7.5,0,0,0,0,-0.00229183,0,0,0,0,0,0,0,0,0,1,89,59,0,0.00034,0.00034,3,5,0,0,0,0,0,0,0,0,0,0,1,0,0,0,0,0,0,0,0,0,0,,0,0,0,0,
10,8.12,0,-24.65,29,0,0,0,11.05,0,0,0,0,-12,0,0,0,0,-0.00229183,0,0,0,0,0,0,0,0,0,1,75,59,0,0.00034,0.00034,3,5,0,0,0,0,0,0,0,0,0,0,1,0,0,0,0,0,0,0,0,0,0,,0,0,0,0,
11,8.51,0,45.2,31.5,0,0,0,5.95,0,0,0,0,7,0,0,0,0,-0.00229183,0,0,0,0,0,0,0,0,0,1,78,59,0,0.00034,0.00034,3,5,0,0,0,0,0,0,0,0,0,0,1,0,0,0,0,0,0,0,0,0,0,,0,0,0,0,
12,8.98,0,-32.9,26.5,0,0,0,-1.45,0,0,0,0,-9.5,0,0,0,0,-0.00229183,0,0,0,0,0,0,0,0,0,1,73,59,0,0.00034,0.00034,3,5,0,0,0,0,0,0,0,0,0,0,1,0,0,0,0,0,0,0,0,0,0,,0,0,0,0,
13,9.39,0,-29.3,24,0,0,0,-3.3,0,0,0,0,-13.5,0,0,0,0,-0.00229183,0,0,0,0,0,0,0,0,0,1,71,59,0,0.00034,0.00034,3,5,0,0,0,0,0,0,0,0,0,0,1,0,0,0,0,0,0,0,0,0,0,,0,0,0,0,
14,12.16,0,-12.95,27,0,0,0,12.25,0,0,0,0,-15.5,0,0,0,0,-0.00229183,0,0,0,0,0,0,0,0,0,1,74,59,0,0.00034,0.00034,3,5,0,0,0,0,0,0,0,0,0,0,1,0,0,0,0,0,0,0,0,0,0,,0,0,0,0,
15,12.99,0,-23.55,21.5,0,0,0,-1.55,0,0,0,0,-17.5,0,0,0,0,-0.00229183,0,0,0,0,0,0,0,0,0,1,68,59,0,0.00034,0.00034,3,5,0,0,0,0,0,0,0,0,0,0,1,0,0,0,0,0,0,0,0,0,0,,0,0,0,0,
END,Total:16
START,FrameNb:126,CameraNb:0,HeSaiNb:0,ARS410Nb:0
2026/08/02 16:19:42:946---->
heightOffset:0,1785658782946,1072496,selfCaliBufCnt:0,selfAccObjCnt:0,selfAccAngle:0,installHAngleOffset:0,Interpolation:0,installVAngleOffset:0,radarOffsetH:0,radarOffsetV:0.32,Polynom:-0.001023;-0.0511;-2.047;0;0;0;-0.001023;-0.0511;-2.047;-25.5;0;0,WheelDirection:0;0;0;0,selfAngleOffset:0,selfAngleOffsetPit:0,currCaliAngleHrz:0,currCaliAnglePit:0,selfCaliAngleHrz:0,selfCaliAnglePit:0,servCaliAngleHrz:0,servCaliAnglePit:0,offlineCaliAngleHrz:0,offlineCaliAnglePit:0,determine2useFlag:0,IMU_Z_Accel:-21.592,IMU_X_AngularRate:-2.093,IMU_Y_AngularRate:-2.093,IMU_RollAngle:-180,IMU_PitchAngle:-180,IMU_YawAngle:-180,FcwID:0,FCWWarningLevel:0,FCWTTC:0
0,2.35,0,51.15,29,0,0,0,-10.2,1.37605e-33,0,0,0,5.5,0,0,0,0,-0.00229183,0,0,0,0,0,0,0,0,0,1,78,55,0,0.00034,0.00034,3,5,0,0,0,0,0,0,0,0,0,0,1,0,1,0,0,0,0,0,0,0,0,,0,0,0,0,
1,2.79,0,-33.8,45,0,0,0,1.2,0,0,0,0,7,0,0,0,0,-0.00229183,0,0,0,0,0,0,0,0,0,1,94,55,0,0.00034,0.00034,3,5,0,0,0,0,0,0,0,0,0,0,1,0,1,0,0,0,0,0,0,0,0,,0,0,0,0,
2,3.27,0,13.8,37.5,0,0,0,1.3,0,0,0,0,-8,0,0,0,0,-0.00229183,0,0,0,0,0,0,0,0,0,1,86,55,0,0.00034,0.00034,3,0,0,0,0,0,0,0,0,0,0,0,1,0,1,0,0,0,0,0,0,0,0,,0,0,0,0,
3,3.58,0,-50.3,32.5,0,0,0,-5.95,0,0,0,0,8,0,0,0,0,-0.00229183,0,0,0,0,0,0,0,0,0,1,81,55,0,0.00034,0.00034,3,5,0,0,0,0,0,0,0,0,0,0,1,0,1,0,0,0,0,0,0,0,0,,0,0,0,0,
4,4.07,0,1.9,38.5,0,0,0,2.95,0,0,0,0,-9,0,0,0,0,-0.00229183,0,0,0,0,0,0,0,0,0,1,87,55,0,0.00034,0.00034,3,5,0,0,0,0,0,0,0,0,0,0,1,0,1,0,0,0,0,0,0,0,0,,0,0,0,0,
5,5.12,0,-36,32.5,0,0,0,-1.3,0,0,0,0,-6.5,0,0,0,0,-0.00229183,0,0,0,0,0,0,0,0,0,1,78,55,0,0.00034,0.00034,3,0,0,0,0,0,0,0,0,0,0,0,1,0,1,0,0,0,0,0,0,0,0,,0,0,0,0,
6,5.61,0,-34.6,35,0,0,0,-3.75,0,0,0,0,-5,0,0,0,0,-0.00229183,0,0,0,0,0,0,0,0,0,1,80,55,0,0.00034,0.00034,3,5,0,0,0,0,0,0,0,0,0,0,1,0,1,0,0,0,0,0,0,0,0,,0,0,0,0,
7,5.61,0,-24.3,35,0,0,0,-5.7,0,0,0,0,-10,0,0,0,0,-0.00229183,0,0,0,0,0,0,0,0,0,1,80,55,0,0.00034,0.00034,3,5,0,0,0,0,0,0,0,0,0,0,1,0,1,0,0,0,0,0,0,0,0,,0,0,0,0,
8,6.4,0,33.8,26,0,0,0,-9.2,0,0,0,0,-10.5,0,0,0,0,-0.00229183,0,0,0,0,0,0,0,0,0,1,71,55,0,0.00034,0.00034,3,5,0,0,0,0,0,0,0,0,0,0,1,0,1,0,0,0,0,0,0,0,0,,0,0,0,0,
9,6.64,0,49.2,26.5,0,0,0,4.2,0,0,0,0,1.5,0,0,0,0,-0.00229183,0,0,0,0,0,0,0,0,0,1,72,55,0,0.00034,0.00034,3,5,0,0,0,0,0,0,0,0,0,0,1,0,1,0,0,0,0,0,0,0,0,,0,0,0,0,
10,7.25,0,-51.05,34.5,0,0,0,2.95,0,0,0,0,10.5,0,0,0,0,-0.00229183,0,0,0,0,0,0,0,0,0,1,80,55,0,0.00034,0.00034,3,5,0,0,0,0,0,0,0,0,0,0,1,0,1,0,0,0,0,0,0,0,0,,0,0,0,0,
11,7.58,0,32.6,43.5,0,0,0,7.15,0,0,0,0,8,0,0,0,0,-0.00229183,0,0,0,0,0,0,0,0,0,1,89,55,0,0.00034,0.00034,3,5,0,0,0,0,0,0,0,0,0,0,1,0,1,0,0,0,0,0,0,0,0,,0,0,0,0,
12,8.15,0,-24.7,29,0,0,0,10.7,0,0,0,0,-12,0,0,0,0,-0.00229183,0,0,0,0,0,0,0,0,0,1,75,55,0,0.00034,0.00034,3,5,0,0,0,0,0,0,0,0,0,0,1,0,1,0,0,0,0,0,0,0,0,,0,0,0,0,
13,8.52,0,45.3,31.5,0,0,0,5.7,0,0,0,0,7,0,0,0,0,-0.00229183,0,0,0,0,0,0,0,0,0,1,78,55,0,0.00034,0.00034,3,5,0,0,0,0,0,0,0,0,0,0,1,0,1,0,0,0,0,0,0,0,0,,0,0,0,0,
14,8.94,0,-50.6,26,0,0,0,-12.6,0,0,0,0,4,0,0,0,0,-0.00229183,0,0,0,0,0,0,0,0,0,1,73,55,0,0.00034,0.00034,3,5,0,0,0,0,0,0,0,0,0,0,1,0,1,0,0,0,0,0,0,0,0,,0,0,0,0,
15,9.4,0,-29.35,24,0,0,0,-3.35,0,0,0,0,-13.5,0,0,0,0,-0.00229183,0,0,0,0,0,0,0,0,0,1,71,55,0,0.00034,0.00034,3,5,0,0,0,0,0,0,0,0,0,0,1,0,1,0,0,0,0,0,0,0,0,,0,0,0,0,
16,12.16,0,-12.9,27,0,0,0,12.2,0,0,0,0,-15.5,0,0,0,0,-0.00229183,0,0,0,0,0,0,0,0,0,1,74,55,0,0.00034,0.00034,3,5,0,0,0,0,0,0,0,0,0,0,1,0,1,0,0,0,0,0,0,0,0,,0,0,0,0,
17,12.99,0,-23.35,21,0,0,0,-1.45,0,0,0,0,-17.5,0,0,0,0,-0.00229183,0,0,0,0,0,0,0,0,0,1,68,55,0,0.00034,0.00034,3,5,0,0,0,0,0,0,0,0,0,0,1,0,1,0,0,0,0,0,0,0,0,,0,0,0,0,
END,Total:18
START,FrameNb:127,CameraNb:0,HeSaiNb:0,ARS410Nb:0
2026/08/02 16:19:43:008---->
heightOffset:0,1785658783008,1072552,selfCaliBufCnt:0,selfAccObjCnt:0,selfAccAngle:0,installHAngleOffset:0,Interpolation:0,installVAngleOffset:0,radarOffsetH:0,radarOffsetV:0.32,Polynom:-0.001023;-0.0511;-2.047;0;0;0;-0.001023;-0.0511;-2.047;-25.5;0;0,WheelDirection:0;0;0;0,selfAngleOffset:0,selfAngleOffsetPit:0,currCaliAngleHrz:0,currCaliAnglePit:0,selfCaliAngleHrz:0,selfCaliAnglePit:0,servCaliAngleHrz:0,servCaliAnglePit:0,offlineCaliAngleHrz:0,offlineCaliAnglePit:0,determine2useFlag:0,IMU_Z_Accel:-21.592,IMU_X_AngularRate:-2.093,IMU_Y_AngularRate:-2.093,IMU_RollAngle:-180,IMU_PitchAngle:-180,IMU_YawAngle:-180,FcwID:0,FCWWarningLevel:0,FCWTTC:0
0,2.35,0,31.4,29.5,0,0,0,10.4,1.37605e-33,0,0,0,-8.5,0,0,0,0,-0.00229183,0,0,0,0,0,0,0,0,0,1,78,59,0,0.00034,0.00034,3,5,0,0,0,0,0,0,0,0,0,0,1,0,0,0,0,0,0,0,0,0,0,,0,0,0,0,
1,2.79,0,-33.8,45.5,0,0,0,1.2,0,0,0,0,7,0,0,0,0,-0.00229183,0,0,0,0,0,0,0,0,0,1,94,59,0,0.00034,0.00034,3,5,0,0,0,0,0,0,0,0,0,0,1,0,0,0,0,0,0,0,0,0,0,,0,0,0,0,
2,3.28,0,13.8,37.5,0,0,0,1.4,0,0,0,0,-8,0,0,0,0,-0.00229183,0,0,0,0,0,0,0,0,0,1,86,59,0,0.00034,0.00034,3,0,0,0,0,0,0,0,0,0,0,0,1,0,0,0,0,0,0,0,0,0,0,,0,0,0,0,
3,4.07,0,1.9,39,0,0,0,2.95,0,0,0,0,-9,0,0,0,0,-0.00229183,0,0,0,0,0,0,0,0,0,1,87,59,0,0.00034,0.00034,3,5,0,0,0,0,0,0,0,0,0,0,1,0,0,0,0,0,0,0,0,0,0,,0,0,0,0,
4,5.1,0,-35.7,32.5,0,0,0,-1.3,0,0,0,0,-7.5,0,0,0,0,-0.00229183,0,0,0,0,0,0,0,0,0,1,78,59,0,0.00034,0.00034,3,5,0,0,0,0,0,0,0,0,0,0,1,0,0,0,0,0,0,0,0,0,0,,0,0,0,0,
5,5.61,0,-34.6,35,0,0,0,-3.85,0,0,0,0,-4.5,0,0,0,0,-0.00229183,0,0,0,0,0,0,0,0,0,1,80,59,0,0.00034,0.00034,3,5,0,0,0,0,0,0,0,0,0,0,1,0,0,0,0,0,0,0,0,0,0,,0,0,0,0,
6,5.61,0,-24.3,35,0,0,0,-5.75,0,0,0,0,-9.5,0,0,0,0,-0.00229183,0,0,0,0,0,0,0,0,0,1,80,59,0,0.00034,0.00034,3,5,0,0,0,0,0,0,0,0,0,0,1,0,0,0,0,0,0,0,0,0,0,,0,0,0,0,
7,6.4,0,70,26,0,0,0,-10.7,0,0,0,0,17.5,0,0,0,0,-0.00229183,0,0,0,0,0,0,0,0,0,1,71,59,0,0.00034,0.00034,3,5,0,0,0,0,0,0,0,0,0,0,1,0,0,0,0,0,0,0,0,0,0,,0,0,0,0,
8,6.82,0,49.8,26.5,0,0,0,4.2,0,0,0,0,2,0,0,0,0,-0.00229183,0,0,0,0,0,0,0,0,0,1,72,59,0,0.00034,0.00034,3,5,0,0,0,0,0,0,0,0,0,0,1,0,0,0,0,0,0,0,0,0,0,,0,0,0,0,
9,7.25,0,-51.05,34,0,0,0,3.3,0,0,0,0,10,0,0,0,0,-0.00229183,0,0,0,0,0,0,0,0,0,1,80,59,0,0.00034,0.00034,3,5,0,0,0,0,0,0,0,0,0,0,1,0,0,0,0,0,0,0,0,0,0,,0,0,0,0,
10,7.59,0,32.6,43,0,0,0,7.05,0,0,0,0,8,0,0,0,0,-0.00229183,0,0,0,0,0,0,0,0,0,1,89,59,0,0.00034,0.00034,3,5,0,0,0,0,0,0,0,0,0,0,1,0,0,0,0,0,0,0,0,0,0,,0,0,0,0,
11,8.17,0,-24.65,29,0,0,0,10.8,0,0,0,0,-11.5,0,0,0,0,-0.00229183,0,0,0,0,0,0,0,0,0,1,76,59,0,0.00034,0.00034,3,5,0,0,0,0,0,0,0,0,0,0,1,0,0,0,0,0,0,0,0,0,0,,0,0,0,0,
12,8.51,0,45.3,31.5,0,0,0,5.65,0,0,0,0,7,0,0,0,0,-0.00229183,0,0,0,0,0,0,0,0,0,1,78,59,0,0.00034,0.00034,3,5,0,0,0,0,0,0,0,0,0,0,1,0,0,0,0,0,0,0,0,0,0,,0,0,0,0,
13,8.95,0,-32.8,26.5,0,0,0,-1.55,0,0,0,0,-9.5,0,0,0,0,-0.00229183,0,0,0,0,0,0,0,0,0,1,73,59,0,0.00034,0.00034,3,5,0,0,0,0,0,0,0,0,0,0,1,0,0,0,0,0,0,0,0,0,0,,0,0,0,0,
14,9.4,0,-29.3,24,0,0,0,-3.35,0,0,0,0,-13.5,0,0,0,0,-0.00229183,0,0,0,0,0,0,0,0,0,1,71,59,0,0.00034,0.00034,3,5,0,0,0,0,0,0,0,0,0,0,1,0,0,0,0,0,0,0,0,0,0,,0,0,0,0,
15,12.16,0,-12.9,27,0,0,0,12.3,0,0,0,0,-15.5,0,0,0,0,-0.00229183,0,0,0,0,0,0,0,0,0,1,74,59,0,0.00034,0.00034,3,5,0,0,0,0,0,0,0,0,0,0,1,0,0,0,0,0,0,0,0,0,0,,0,0,0,0,
16,12.98,0,-23.45,21,0,0,0,-1.85,0,0,0,0,-17.5,0,0,0,0,-0.00229183,0,0,0,0,0,0,0,0,0,1,68,59,0,0.00034,0.00034,3,5,0,0,0,0,0,0,0,0,0,0,1,0,0,0,0,0,0,0,0,0,0,,0,0,0,0,
END,Total:17
START,FrameNb:128,CameraNb:0,HeSaiNb:0,ARS410Nb:0
2026/08/02 16:19:43:038---->
heightOffset:0,1785658783038,1072608,selfCaliBufCnt:0,selfAccObjCnt:0,selfAccAngle:0,installHAngleOffset:0,Interpolation:0,installVAngleOffset:0,radarOffsetH:0,radarOffsetV:0.32,Polynom:-0.001023;-0.0511;-2.047;0;0;0;-0.001023;-0.0511;-2.047;-25.5;0;0,WheelDirection:0;0;0;0,selfAngleOffset:0,selfAngleOffsetPit:0,currCaliAngleHrz:0,currCaliAnglePit:0,selfCaliAngleHrz:0,selfCaliAnglePit:0,servCaliAngleHrz:0,servCaliAnglePit:0,offlineCaliAngleHrz:0,offlineCaliAnglePit:0,determine2useFlag:0,IMU_Z_Accel:-21.592,IMU_X_AngularRate:-2.093,IMU_Y_AngularRate:-2.093,IMU_RollAngle:-180,IMU_PitchAngle:-180,IMU_YawAngle:-180,FcwID:0,FCWWarningLevel:0,FCWTTC:0
0,2.35,0,51.3,29,0,0,0,-10.05,1.37605e-33,0,0,0,5.5,0,0,0,0,-0.00229183,0,0,0,0,0,0,0,0,0,1,78,54,0,0.00034,0.00034,2,-1,0,0,0,0,0,0,0,0,0,0,1,0,1,0,0,0,0,0,0,0,0,,0,0,0,0,
1,2.79,0,-33.8,45,0,0,0,1.2,0,0,0,0,7,0,0,0,0,-0.00229183,0,0,0,0,0,0,0,0,0,1,94,54,0,0.00034,0.00034,3,5,0,0,0,0,0,0,0,0,0,0,1,0,1,0,0,0,0,0,0,0,0,,0,0,0,0,
2,3.27,0,13.8,37.5,0,0,0,1.4,0,0,0,0,-8,0,0,0,0,-0.00229183,0,0,0,0,0,0,0,0,0,1,86,54,0,0.00034,0.00034,3,0,0,0,0,0,0,0,0,0,0,0,1,0,1,0,0,0,0,0,0,0,0,,0,0,0,0,
3,3.58,0,-50.3,32.5,0,0,0,-5.95,0,0,0,0,7.5,0,0,0,0,-0.00229183,0,0,0,0,0,0,0,0,0,1,80,54,0,0.00034,0.00034,3,5,0,0,0,0,0,0,0,0,0,0,1,0,1,0,0,0,0,0,0,0,0,,0,0,0,0,
4,4.07,0,1.9,38.5,0,0,0,2.95,0,0,0,0,-9,0,0,0,0,-0.00229183,0,0,0,0,0,0,0,0,0,1,87,54,0,0.00034,0.00034,3,5,0,0,0,0,0,0,0,0,0,0,1,0,1,0,0,0,0,0,0,0,0,,0,0,0,0,
5,5.11,0,-36,32.5,0,0,0,-1.3,0,0,0,0,-6.5,0,0,0,0,-0.00229183,0,0,0,0,0,0,0,0,0,1,78,54,0,0.00034,0.00034,3,0,0,0,0,0,0,0,0,0,0,0,1,0,1,0,0,0,0,0,0,0,0,,0,0,0,0,
6,5.61,0,-34.55,35,0,0,0,-3.85,0,0,0,0,-4.5,0,0,0,0,-0.00229183,0,0,0,0,0,0,0,0,0,1,80,54,0,0.00034,0.00034,3,5,0,0,0,0,0,0,0,0,0,0,1,0,1,0,0,0,0,0,0,0,0,,0,0,0,0,
7,5.61,0,-24.3,35,0,0,0,-5.6,0,0,0,0,-9.5,0,0,0,0,-0.00229183,0,0,0,0,0,0,0,0,0,1,80,54,0,0.00034,0.00034,3,5,0,0,0,0,0,0,0,0,0,0,1,0,1,0,0,0,0,0,0,0,0,,0,0,0,0,
8,6.33,0,71.7,25.5,0,0,0,-12.95,0,0,0,0,18.5,0,0,0,0,-0.00229183,0,0,0,0,0,0,0,0,0,1,71,54,0,0.00034,0.00034,3,5,0,0,0,0,0,0,0,0,0,0,1,0,1,0,0,0,0,0,0,0,0,,0,0,0,0,
9,6.83,0,-19.8,26,0,0,0,-1.35,0,0,0,0,-19.5,0,0,0,0,-0.00229183,0,0,0,0,0,0,0,0,0,1,72,54,0,0.00034,0.00034,3,5,0,0,0,0,0,0,0,0,0,0,1,0,1,0,0,0,0,0,0,0,0,,0,0,0,0,
10,7.58,0,32.6,43.5,0,0,0,7,0,0,0,0,8,0,0,0,0,-0.00229183,0,0,0,0,0,0,0,0,0,1,89,54,0,0.00034,0.00034,3,5,0,0,0,0,0,0,0,0,0,0,1,0,1,0,0,0,0,0,0,0,0,,0,0,0,0,
11,8.17,0,-24.8,29,0,0,0,10.2,0,0,0,0,-12,0,0,0,0,-0.00229183,0,0,0,0,0,0,0,0,0,1,75,54,0,0.00034,0.00034,3,5,0,0,0,0,0,0,0,0,0,0,1,0,1,0,0,0,0,0,0,0,0,,0,0,0,0,
12,8.51,0,45.2,31.5,0,0,0,5.8,0,0,0,0,7,0,0,0,0,-0.00229183,0,0,0,0,0,0,0,0,0,1,78,54,0,0.00034,0.00034,3,5,0,0,0,0,0,0,0,0,0,0,1,0,1,0,0,0,0,0,0,0,0,,0,0,0,0,
13,8.95,0,-32.85,26.5,0,0,0,-1.55,0,0,0,0,-9.5,0,0,0,0,-0.00229183,0,0,0,0,0,0,0,0,0,1,73,54,0,0.00034,0.00034,3,5,0,0,0,0,0,0,0,0,0,0,1,0,1,0,0,0,0,0,0,0,0,,0,0,0,0,
14,9.39,0,-29.2,24,0,0,0,-3.55,0,0,0,0,-13.5,0,0,0,0,-0.00229183,0,0,0,0,0,0,0,0,0,1,71,54,0,0.00034,0.00034,3,5,0,0,0,0,0,0,0,0,0,0,1,0,1,0,0,0,0,0,0,0,0,,0,0,0,0,
15,12.16,0,-12.85,27,0,0,0,12.25,0,0,0,0,-15.5,0,0,0,0,-0.00229183,0,0,0,0,0,0,0,0,0,1,74,54,0,0.00034,0.00034,3,5,0,0,0,0,0,0,0,0,0,0,1,0,1,0,0,0,0,0,0,0,0,,0,0,0,0,
16,12.99,0,-23.3,20.5,0,0,0,-1.55,0,0,0,0,-18,0,0,0,0,-0.00229183,0,0,0,0,0,0,0,0,0,1,67,54,0,0.00034,0.00034,3,5,0,0,0,0,0,0,0,0,0,0,1,0,1,0,0,0,0,0,0,0,0,,0,0,0,0,
END,Total:17
START,FrameNb:129,CameraNb:0,HeSaiNb:0,ARS410Nb:0
2026/08/02 16:19:43:100---->
heightOffset:0,1785658783100,1072668,selfCaliBufCnt:0,selfAccObjCnt:0,selfAccAngle:0,installHAngleOffset:0,Interpolation:0,installVAngleOffset:0,radarOffsetH:0,radarOffsetV:0.32,Polynom:-0.001023;-0.0511;-2.047;0;0;0;-0.001023;-0.0511;-2.047;-25.5;0;0,WheelDirection:0;0;0;0,selfAngleOffset:0,selfAngleOffsetPit:0,currCaliAngleHrz:0,currCaliAnglePit:0,selfCaliAngleHrz:0,selfCaliAnglePit:0,servCaliAngleHrz:0,servCaliAnglePit:0,offlineCaliAngleHrz:0,offlineCaliAnglePit:0,determine2useFlag:0,IMU_Z_Accel:-21.592,IMU_X_AngularRate:-2.093,IMU_Y_AngularRate:-2.093,IMU_RollAngle:-180,IMU_PitchAngle:-180,IMU_YawAngle:-180,FcwID:0,FCWWarningLevel:0,FCWTTC:0
0,2.35,0,50.8,29,0,0,0,-10.2,1.37605e-33,0,0,0,4.5,0,0,0,0,-0.00229183,0,0,0,0,0,0,0,0,0,1,78,62,0,0.00034,0.00034,3,5,0,0,0,0,0,0,0,0,0,0,1,0,0,0,0,0,0,0,0,0,0,,0,0,0,0,
1,2.79,0,-33.8,45,0,0,0,1.2,0,0,0,0,7,0,0,0,0,-0.00229183,0,0,0,0,0,0,0,0,0,1,94,62,0,0.00034,0.00034,3,5,0,0,0,0,0,0,0,0,0,0,1,0,0,0,0,0,0,0,0,0,0,,0,0,0,0,
2,3.27,0,13.8,37.5,0,0,0,1.3,0,0,0,0,-8,0,0,0,0,-0.00229183,0,0,0,0,0,0,0,0,0,1,86,62,0,0.00034,0.00034,3,0,0,0,0,0,0,0,0,0,0,0,1,0,0,0,0,0,0,0,0,0,0,,0,0,0,0,
3,3.58,0,-50.1,32.5,0,0,0,-5.75,0,0,0,0,8,0,0,0,0,-0.00229183,0,0,0,0,0,0,0,0,0,1,81,62,0,0.00034,0.00034,3,7,0,0,0,0,0,0,0,0,0,0,1,0,0,0,0,0,0,0,0,0,0,,0,0,0,0,
4,4.07,0,1.9,38.5,0,0,0,2.95,0,0,0,0,-9,0,0,0,0,-0.00229183,0,0,0,0,0,0,0,0,0,1,87,62,0,0.00034,0.00034,3,5,0,0,0,0,0,0,0,0,0,0,1,0,0,0,0,0,0,0,0,0,0,,0,0,0,0,
5,5.11,0,-35.8,32.5,0,0,0,-1.55,0,0,0,0,-7.5,0,0,0,0,-0.00229183,0,0,0,0,0,0,0,0,0,1,78,62,0,0.00034,0.00034,3,0,0,0,0,0,0,0,0,0,0,0,1,0,0,0,0,0,0,0,0,0,0,,0,0,0,0,
6,5.6,0,-34.55,35,0,0,0,-4,0,0,0,0,-4.5,0,0,0,0,-0.00229183,0,0,0,0,0,0,0,0,0,1,80,62,0,0.00034,0.00034,3,5,0,0,0,0,0,0,0,0,0,0,1,0,0,0,0,0,0,0,0,0,0,,0,0,0,0,
7,5.6,0,-24.3,35,0,0,0,-5.95,0,0,0,0,-9.5,0,0,0,0,-0.00229183,0,0,0,0,0,0,0,0,0,1,80,62,0,0.00034,0.00034,3,5,0,0,0,0,0,0,0,0,0,0,1,0,0,0,0,0,0,0,0,0,0,,0,0,0,0,
8,6.42,0,69.95,26,0,0,0,-10.25,0,0,0,0,15.5,0,0,0,0,-0.00229183,0,0,0,0,0,0,0,0,0,1,71,62,0,0.00034,0.00034,3,5,0,0,0,0,0,0,0,0,0,0,1,0,0,0,0,0,0,0,0,0,0,,0,0,0,0,
9,7.59,0,32.55,43,0,0,0,6.8,0,0,0,0,7.5,0,0,0,0,-0.00229183,0,0,0,0,0,0,0,0,0,1,89,62,0,0.00034,0.00034,3,5,0,0,0,0,0,0,0,0,0,0,1,0,0,0,0,0,0,0,0,0,0,,0,0,0,0,
10,8.51,0,45.2,31.5,0,0,0,6,0,0,0,0,7,0,0,0,0,-0.00229183,0,0,0,0,0,0,0,0,0,1,78,62,0,0.00034,0.00034,3,5,0,0,0,0,0,0,0,0,0,0,1,0,0,0,0,0,0,0,0,0,0,,0,0,0,0,
11,8.93,0,-32.85,26.5,0,0,0,-1.55,0,0,0,0,-9.5,0,0,0,0,-0.00229183,0,0,0,0,0,0,0,0,0,1,73,62,0,0.00034,0.00034,3,5,0,0,0,0,0,0,0,0,0,0,1,0,0,0,0,0,0,0,0,0,0,,0,0,0,0,
12,9.4,0,-29.3,24,0,0,0,-3.2,0,0,0,0,-13.5,0,0,0,0,-0.00229183,0,0,0,0,0,0,0,0,0,1,71,62,0,0.00034,0.00034,3,5,0,0,0,0,0,0,0,0,0,0,1,0,0,0,0,0,0,0,0,0,0,,0,0,0,0,
13,12.16,0,-12.95,27,0,0,0,12.15,0,0,0,0,-15.5,0,0,0,0,-0.00229183,0,0,0,0,0,0,0,0,0,1,74,62,0,0.00034,0.00034,3,5,0,0,0,0,0,0,0,0,0,0,1,0,0,0,0,0,0,0,0,0,0,,0,0,0,0,
14,12.98,0,-23.45,21.5,0,0,0,-1.6,0,0,0,0,-17.5,0,0,0,0,-0.00229183,0,0,0,0,0,0,0,0,0,1,68,62,0,0.00034,0.00034,3,5,0,0,0,0,0,0,0,0,0,0,1,0,0,0,0,0,0,0,0,0,0,,0,0,0,0,
END,Total:15
START,FrameNb:130,CameraNb:0,HeSaiNb:0,ARS410Nb:0
2026/08/02 16:19:43:152---->
heightOffset:0,1785658783152,1072732,selfCaliBufCnt:0,selfAccObjCnt:0,selfAccAngle:0,installHAngleOffset:0,Interpolation:0,installVAngleOffset:0,radarOffsetH:0,radarOffsetV:0.32,Polynom:-0.001023;-0.0511;-2.047;0;0;0;-0.001023;-0.0511;-2.047;-25.5;0;0,WheelDirection:0;0;0;0,selfAngleOffset:0,selfAngleOffsetPit:0,currCaliAngleHrz:0,currCaliAnglePit:0,selfCaliAngleHrz:0,selfCaliAnglePit:0,servCaliAngleHrz:0,servCaliAnglePit:0,offlineCaliAngleHrz:0,offlineCaliAnglePit:0,determine2useFlag:0,IMU_Z_Accel:-21.592,IMU_X_AngularRate:-2.093,IMU_Y_AngularRate:-2.093,IMU_RollAngle:-180,IMU_PitchAngle:-180,IMU_YawAngle:-180,FcwID:0,FCWWarningLevel:0,FCWTTC:0
0,2.35,0,51.2,29,0,0,0,-10.1,1.37605e-33,0,0,0,5.5,0,0,0,0,-0.00229183,0,0,0,0,0,0,0,0,0,1,78,60,0,0.00034,0.00034,3,5,0,0,0,0,0,0,0,0,0,0,1,0,1,0,0,0,0,0,0,0,0,,0,0,0,0,
1,2.79,0,-33.8,45,0,0,0,1.2,0,0,0,0,7,0,0,0,0,-0.00229183,0,0,0,0,0,0,0,0,0,1,94,60,0,0.00034,0.00034,3,5,0,0,0,0,0,0,0,0,0,0,1,0,1,0,0,0,0,0,0,0,0,,0,0,0,0,
2,3.26,0,13.8,37,0,0,0,1.3,0,0,0,0,-8,0,0,0,0,-0.00229183,0,0,0,0,0,0,0,0,0,1,86,60,0,0.00034,0.00034,3,5,0,0,0,0,0,0,0,0,0,0,1,0,1,0,0,0,0,0,0,0,0,,0,0,0,0,
3,3.58,0,-50.1,32.5,0,0,0,-5.85,0,0,0,0,8,0,0,0,0,-0.00229183,0,0,0,0,0,0,0,0,0,1,81,60,0,0.00034,0.00034,3,5,0,0,0,0,0,0,0,0,0,0,1,0,1,0,0,0,0,0,0,0,0,,0,0,0,0,
4,4.07,0,1.9,38.5,0,0,0,2.95,0,0,0,0,-9,0,0,0,0,-0.00229183,0,0,0,0,0,0,0,0,0,1,87,60,0,0.00034,0.00034,3,5,0,0,0,0,0,0,0,0,0,0,1,0,1,0,0,0,0,0,0,0,0,,0,0,0,0,
5,5.13,0,-35.95,32.5,0,0,0,-1.25,0,0,0,0,-7.5,0,0,0,0,-0.00229183,0,0,0,0,0,0,0,0,0,1,78,60,0,0.00034,0.00034,3,0,0,0,0,0,0,0,0,0,0,0,1,0,1,0,0,0,0,0,0,0,0,,0,0,0,0,
6,5.61,0,-34.55,35,0,0,0,-4.2,0,0,0,0,-5,0,0,0,0,-0.00229183,0,0,0,0,0,0,0,0,0,1,80,60,0,0.00034,0.00034,3,5,0,0,0,0,0,0,0,0,0,0,1,0,1,0,0,0,0,0,0,0,0,,0,0,0,0,
7,5.61,0,-24.2,35,0,0,0,-6,0,0,0,0,-10,0,0,0,0,-0.00229183,0,0,0,0,0,0,0,0,0,1,80,60,0,0.00034,0.00034,3,5,0,0,0,0,0,0,0,0,0,0,1,0,1,0,0,0,0,0,0,0,0,,0,0,0,0,
8,6.4,0,34.05,26,0,0,0,-11.7,0,0,0,0,-10,0,0,0,0,-0.00229183,0,0,0,0,0,0,0,0,0,1,71,60,0,0.00034,0.00034,3,5,0,0,0,0,0,0,0,0,0,0,1,0,1,0,0,0,0,0,0,0,0,,0,0,0,0,
9,6.82,0,-19.95,26,0,0,0,-1.6,0,0,0,0,-19,0,0,0,0,-0.00229183,0,0,0,0,0,0,0,0,0,1,72,60,0,0.00034,0.00034,3,5,0,0,0,0,0,0,0,0,0,0,1,0,1,0,0,0,0,0,0,0,0,,0,0,0,0,
10,7.59,0,32.5,43,0,0,0,6.7,0,0,0,0,7.5,0,0,0,0,-0.00229183,0,0,0,0,0,0,0,0,0,1,89,60,0,0.00034,0.00034,3,5,0,0,0,0,0,0,0,0,0,0,1,0,1,0,0,0,0,0,0,0,0,,0,0,0,0,
11,8.09,0,-24.8,29.5,0,0,0,10.55,0,0,0,0,-11.5,0,0,0,0,-0.00229183,0,0,0,0,0,0,0,0,0,1,75,60,0,0.00034,0.00034,3,5,0,0,0,0,0,0,0,0,0,0,1,0,1,0,0,0,0,0,0,0,0,,0,0,0,0,
12,8.51,0,45.3,31,0,0,0,5.7,0,0,0,0,6.5,0,0,0,0,-0.00229183,0,0,0,0,0,0,0,0,0,1,78,60,0,0.00034,0.00034,3,5,0,0,0,0,0,0,0,0,0,0,1,0,1,0,0,0,0,0,0,0,0,,0,0,0,0,
13,8.96,0,-32.85,26,0,0,0,-1.55,0,0,0,0,-10,0,0,0,0,-0.00229183,0,0,0,0,0,0,0,0,0,1,73,60,0,0.00034,0.00034,3,5,0,0,0,0,0,0,0,0,0,0,1,0,1,0,0,0,0,0,0,0,0,,0,0,0,0,
14,9.4,0,-29.35,24,0,0,0,-3.1,0,0,0,0,-13.5,0,0,0,0,-0.00229183,0,0,0,0,0,0,0,0,0,1,71,60,0,0.00034,0.00034,3,5,0,0,0,0,0,0,0,0,0,0,1,0,1,0,0,0,0,0,0,0,0,,0,0,0,0,
15,12.16,0,-12.85,27,0,0,0,12.2,0,0,0,0,-15.5,0,0,0,0,-0.00229183,0,0,0,0,0,0,0,0,0,1,74,60,0,0.00034,0.00034,3,5,0,0,0,0,0,0,0,0,0,0,1,0,1,0,0,0,0,0,0,0,0,,0,0,0,0,
16,12.99,0,-23.3,21,0,0,0,-1.7,0,0,0,0,-18,0,0,0,0,-0.00229183,0,0,0,0,0,0,0,0,0,1,67,60,0,0.00034,0.00034,3,5,0,0,0,0,0,0,0,0,0,0,1,0,1,0,0,0,0,0,0,0,0,,0,0,0,0,
END,Total:17
START,FrameNb:131,CameraNb:0,HeSaiNb:0,ARS410Nb:0
2026/08/02 16:19:43:194---->
heightOffset:0,1785658783194,1072788,selfCaliBufCnt:0,selfAccObjCnt:0,selfAccAngle:0,installHAngleOffset:0,Interpolation:0,installVAngleOffset:0,radarOffsetH:0,radarOffsetV:0.32,Polynom:-0.001023;-0.0511;-2.047;0;0;0;-0.001023;-0.0511;-2.047;-25.5;0;0,WheelDirection:0;0;0;0,selfAngleOffset:0,selfAngleOffsetPit:0,currCaliAngleHrz:0,currCaliAnglePit:0,selfCaliAngleHrz:0,selfCaliAnglePit:0,servCaliAngleHrz:0,servCaliAnglePit:0,offlineCaliAngleHrz:0,offlineCaliAnglePit:0,determine2useFlag:0,IMU_Z_Accel:-21.592,IMU_X_AngularRate:-2.093,IMU_Y_AngularRate:-2.093,IMU_RollAngle:-180,IMU_PitchAngle:-180,IMU_YawAngle:-180,FcwID:0,FCWWarningLevel:0,FCWTTC:0
0,2.35,0,50.95,29,0,0,0,-10.05,1.37605e-33,0,0,0,4.5,0,0,0,0,-0.00229183,0,0,0,0,0,0,0,0,0,1,78,59,0,0.00034,0.00034,3,5,0,0,0,0,0,0,0,0,0,0,1,0,0,0,0,0,0,0,0,0,0,,0,0,0,0,
1,2.79,0,-33.8,45,0,0,0,1.2,0,0,0,0,7,0,0,0,0,-0.00229183,0,0,0,0,0,0,0,0,0,1,94,59,0,0.00034,0.00034,3,5,0,0,0,0,0,0,0,0,0,0,1,0,0,0,0,0,0,0,0,0,0,,0,0,0,0,
2,3.27,0,13.8,37.5,0,0,0,1.4,0,0,0,0,-8,0,0,0,0,-0.00229183,0,0,0,0,0,0,0,0,0,1,86,59,0,0.00034,0.00034,3,0,0,0,0,0,0,0,0,0,0,0,1,0,0,0,0,0,0,0,0,0,0,,0,0,0,0,
3,3.58,0,-3.65,32.5,0,0,0,-8.45,0,0,0,0,-16,0,0,0,0,-0.00229183,0,0,0,0,0,0,0,0,0,1,81,59,0,0.00034,0.00034,3,7,0,0,0,0,0,0,0,0,0,0,1,0,0,0,0,0,0,0,0,0,0,,0,0,0,0,
4,4.07,0,1.9,38.5,0,0,0,2.95,0,0,0,0,-9,0,0,0,0,-0.00229183,0,0,0,0,0,0,0,0,0,1,87,59,0,0.00034,0.00034,3,5,0,0,0,0,0,0,0,0,0,0,1,0,0,0,0,0,0,0,0,0,0,,0,0,0,0,
5,5.12,0,-35.8,32.5,0,0,0,-1.2,0,0,0,0,-7.5,0,0,0,0,-0.00229183,0,0,0,0,0,0,0,0,0,1,78,59,0,0.00034,0.00034,3,5,0,0,0,0,0,0,0,0,0,0,1,0,0,0,0,0,0,0,0,0,0,,0,0,0,0,
6,5.6,0,-34.6,35,0,0,0,-4.2,0,0,0,0,-5,0,0,0,0,-0.00229183,0,0,0,0,0,0,0,0,0,1,80,59,0,0.00034,0.00034,3,5,0,0,0,0,0,0,0,0,0,0,1,0,0,0,0,0,0,0,0,0,0,,0,0,0,0,
7,5.6,0,-24.2,35,0,0,0,-6.1,0,0,0,0,-10,0,0,0,0,-0.00229183,0,0,0,0,0,0,0,0,0,1,80,59,0,0.00034,0.00034,3,5,0,0,0,0,0,0,0,0,0,0,1,0,0,0,0,0,0,0,0,0,0,,0,0,0,0,
8,6.43,0,70,25.5,0,0,0,-10,0,0,0,0,17.5,0,0,0,0,-0.00229183,0,0,0,0,0,0,0,0,0,1,71,59,0,0.00034,0.00034,2,-1,0,0,0,0,0,0,0,0,0,0,1,0,0,0,0,0,0,0,0,0,0,,0,0,0,0,
9,7.58,0,32.45,43,0,0,0,6.65,0,0,0,0,7.5,0,0,0,0,-0.00229183,0,0,0,0,0,0,0,0,0,1,89,59,0,0.00034,0.00034,3,5,0,0,0,0,0,0,0,0,0,0,1,0,0,0,0,0,0,0,0,0,0,,0,0,0,0,
10,8.51,0,45.2,31.5,0,0,0,6,0,0,0,0,7,0,0,0,0,-0.00229183,0,0,0,0,0,0,0,0,0,1,78,59,0,0.00034,0.00034,3,5,0,0,0,0,0,0,0,0,0,0,1,0,0,0,0,0,0,0,0,0,0,,0,0,0,0,
11,8.94,0,-32.95,26.5,0,0,0,-1.55,0,0,0,0,-9.5,0,0,0,0,-0.00229183,0,0,0,0,0,0,0,0,0,1,73,59,0,0.00034,0.00034,3,5,0,0,0,0,0,0,0,0,0,0,1,0,0,0,0,0,0,0,0,0,0,,0,0,0,0,
12,9.41,0,-29.35,24.5,0,0,0,-3.3,0,0,0,0,-13.5,0,0,0,0,-0.00229183,0,0,0,0,0,0,0,0,0,1,71,59,0,0.00034,0.00034,3,5,0,0,0,0,0,0,0,0,0,0,1,0,0,0,0,0,0,0,0,0,0,,0,0,0,0,
13,12.16,0,-12.9,27,0,0,0,12.2,0,0,0,0,-15.5,0,0,0,0,-0.00229183,0,0,0,0,0,0,0,0,0,1,74,59,0,0.00034,0.00034,3,5,0,0,0,0,0,0,0,0,0,0,1,0,0,0,0,0,0,0,0,0,0,,0,0,0,0,
14,12.99,0,-23.5,21.5,0,0,0,-1.6,0,0,0,0,-17.5,0,0,0,0,-0.00229183,0,0,0,0,0,0,0,0,0,1,68,59,0,0.00034,0.00034,3,5,0,0,0,0,0,0,0,0,0,0,1,0,0,0,0,0,0,0,0,0,0,,0,0,0,0,
END,Total:15
START,FrameNb:132,CameraNb:0,HeSaiNb:0,ARS410Nb:0
2026/08/02 16:19:43:310---->
heightOffset:0,1785658783310,1072844,selfCaliBufCnt:0,selfAccObjCnt:0,selfAccAngle:0,installHAngleOffset:0,Interpolation:0,installVAngleOffset:0,radarOffsetH:0,radarOffsetV:0.32,Polynom:-0.001023;-0.0511;-2.047;0;0;0;-0.001023;-0.0511;-2.047;-25.5;0;0,WheelDirection:0;0;0;0,selfAngleOffset:0,selfAngleOffsetPit:0,currCaliAngleHrz:0,currCaliAnglePit:0,selfCaliAngleHrz:0,selfCaliAnglePit:0,servCaliAngleHrz:0,servCaliAnglePit:0,offlineCaliAngleHrz:0,offlineCaliAnglePit:0,determine2useFlag:0,IMU_Z_Accel:-21.592,IMU_X_AngularRate:-2.093,IMU_Y_AngularRate:-2.093,IMU_RollAngle:-180,IMU_PitchAngle:-180,IMU_YawAngle:-180,FcwID:0,FCWWarningLevel:0,FCWTTC:0
0,2.35,0,51.15,29,0,0,0,-10.1,1.37605e-33,0,0,0,5.5,0,0,0,0,-0.00229183,0,0,0,0,0,0,0,0,0,1,78,55,0,0.00034,0.00034,3,5,0,0,0,0,0,0,0,0,0,0,1,0,1,0,0,0,0,0,0,0,0,,0,0,0,0,
1,2.79,0,-33.8,45,0,0,0,1.2,0,0,0,0,7,0,0,0,0,-0.00229183,0,0,0,0,0,0,0,0,0,1,94,55,0,0.00034,0.00034,3,5,0,0,0,0,0,0,0,0,0,0,1,0,1,0,0,0,0,0,0,0,0,,0,0,0,0,
2,3.26,0,13.8,37,0,0,0,1.3,0,0,0,0,-8,0,0,0,0,-0.00229183,0,0,0,0,0,0,0,0,0,1,86,55,0,0.00034,0.00034,3,0,0,0,0,0,0,0,0,0,0,0,1,0,1,0,0,0,0,0,0,0,0,,0,0,0,0,
3,3.58,0,-50.1,32,0,0,0,-5.95,0,0,0,0,8,0,0,0,0,-0.00229183,0,0,0,0,0,0,0,0,0,1,81,55,0,0.00034,0.00034,3,5,0,0,0,0,0,0,0,0,0,0,1,0,1,0,0,0,0,0,0,0,0,,0,0,0,0,
4,4.07,0,1.9,38.5,0,0,0,2.95,0,0,0,0,-9,0,0,0,0,-0.00229183,0,0,0,0,0,0,0,0,0,1,87,55,0,0.00034,0.00034,3,5,0,0,0,0,0,0,0,0,0,0,1,0,1,0,0,0,0,0,0,0,0,,0,0,0,0,
5,5.12,0,-36,32,0,0,0,-1.2,0,0,0,0,-6.5,0,0,0,0,-0.00229183,0,0,0,0,0,0,0,0,0,1,78,55,0,0.00034,0.00034,3,0,0,0,0,0,0,0,0,0,0,0,1,0,1,0,0,0,0,0,0,0,0,,0,0,0,0,
6,5.61,0,-34.55,35,0,0,0,-4.05,0,0,0,0,-5,0,0,0,0,-0.00229183,0,0,0,0,0,0,0,0,0,1,80,55,0,0.00034,0.00034,3,5,0,0,0,0,0,0,0,0,0,0,1,0,1,0,0,0,0,0,0,0,0,,0,0,0,0,
7,5.61,0,-24.2,35,0,0,0,-6,0,0,0,0,-10,0,0,0,0,-0.00229183,0,0,0,0,0,0,0,0,0,1,80,55,0,0.00034,0.00034,3,5,0,0,0,0,0,0,0,0,0,0,1,0,1,0,0,0,0,0,0,0,0,,0,0,0,0,
8,6.41,0,19.55,26,0,0,0,6.95,0,0,0,0,-17,0,0,0,0,-0.00229183,0,0,0,0,0,0,0,0,0,1,72,55,0,0.00034,0.00034,3,5,0,0,0,0,0,0,0,0,0,0,1,0,1,0,0,0,0,0,0,0,0,,0,0,0,0,
9,7.57,0,32.35,43,0,0,0,6.7,0,0,0,0,7.5,0,0,0,0,-0.00229183,0,0,0,0,0,0,0,0,0,1,89,55,0,0.00034,0.00034,3,5,0,0,0,0,0,0,0,0,0,0,1,0,1,0,0,0,0,0,0,0,0,,0,0,0,0,
10,8.22,0,-24.8,29,0,0,0,10.25,0,0,0,0,-12,0,0,0,0,-0.00229183,0,0,0,0,0,0,0,0,0,1,75,55,0,0.00034,0.00034,3,5,0,0,0,0,0,0,0,0,0,0,1,0,1,0,0,0,0,0,0,0,0,,0,0,0,0,
11,8.51,0,45.2,31.5,0,0,0,5.8,0,0,0,0,7,0,0,0,0,-0.00229183,0,0,0,0,0,0,0,0,0,1,78,55,0,0.00034,0.00034,3,5,0,0,0,0,0,0,0,0,0,0,1,0,1,0,0,0,0,0,0,0,0,,0,0,0,0,
12,8.93,0,-32.9,26.5,0,0,0,-1.45,0,0,0,0,-9.5,0,0,0,0,-0.00229183,0,0,0,0,0,0,0,0,0,1,73,55,0,0.00034,0.00034,3,5,0,0,0,0,0,0,0,0,0,0,1,0,1,0,0,0,0,0,0,0,0,,0,0,0,0,
13,9.4,0,-29.35,24,0,0,0,-3.35,0,0,0,0,-13.5,0,0,0,0,-0.00229183,0,0,0,0,0,0,0,0,0,1,71,55,0,0.00034,0.00034,3,5,0,0,0,0,0,0,0,0,0,0,1,0,1,0,0,0,0,0,0,0,0,,0,0,0,0,
14,12.16,0,-12.85,27,0,0,0,12.2,0,0,0,0,-15.5,0,0,0,0,-0.00229183,0,0,0,0,0,0,0,0,0,1,74,55,0,0.00034,0.00034,3,5,0,0,0,0,0,0,0,0,0,0,1,0,1,0,0,0,0,0,0,0,0,,0,0,0,0,
15,12.99,0,-23.4,21.5,0,0,0,-1.75,0,0,0,0,-17.5,0,0,0,0,-0.00229183,0,0,0,0,0,0,0,0,0,1,68,55,0,0.00034,0.00034,3,5,0,0,0,0,0,0,0,0,0,0,1,0,1,0,0,0,0,0,0,0,0,,0,0,0,0,
END,Total:16
START,FrameNb:133,CameraNb:0,HeSaiNb:0,ARS410Nb:0
2026/08/02 16:19:43:346---->
heightOffset:0,1785658783346,1072900,selfCaliBufCnt:0,selfAccObjCnt:0,selfAccAngle:0,installHAngleOffset:0,Interpolation:0,installVAngleOffset:0,radarOffsetH:0,radarOffsetV:0.32,Polynom:-0.001023;-0.0511;-2.047;0;0;0;-0.001023;-0.0511;-2.047;-25.5;0;0,WheelDirection:0;0;0;0,selfAngleOffset:0,selfAngleOffsetPit:0,currCaliAngleHrz:0,currCaliAnglePit:0,selfCaliAngleHrz:0,selfCaliAnglePit:0,servCaliAngleHrz:0,servCaliAnglePit:0,offlineCaliAngleHrz:0,offlineCaliAnglePit:0,determine2useFlag:0,IMU_Z_Accel:-21.592,IMU_X_AngularRate:-2.093,IMU_Y_AngularRate:-2.093,IMU_RollAngle:-180,IMU_PitchAngle:-180,IMU_YawAngle:-180,FcwID:0,FCWWarningLevel:0,FCWTTC:0
0,2.35,0,50.8,29,0,0,0,-10.1,1.37605e-33,0,0,0,4.5,0,0,0,0,-0.00229183,0,0,0,0,0,0,0,0,0,1,78,59,0,0.00034,0.00034,3,5,0,0,0,0,0,0,0,0,0,0,1,0,0,0,0,0,0,0,0,0,0,,0,0,0,0,
1,2.79,0,-33.8,45,0,0,0,1.2,0,0,0,0,7,0,0,0,0,-0.00229183,0,0,0,0,0,0,0,0,0,1,94,59,0,0.00034,0.00034,3,5,0,0,0,0,0,0,0,0,0,0,1,0,0,0,0,0,0,0,0,0,0,,0,0,0,0,
2,3.27,0,13.8,37.5,0,0,0,1.4,0,0,0,0,-8,0,0,0,0,-0.00229183,0,0,0,0,0,0,0,0,0,1,86,59,0,0.00034,0.00034,3,0,0,0,0,0,0,0,0,0,0,0,1,0,0,0,0,0,0,0,0,0,0,,0,0,0,0,
3,3.58,0,-50.05,32.5,0,0,0,-5.8,0,0,0,0,8,0,0,0,0,-0.00229183,0,0,0,0,0,0,0,0,0,1,81,59,0,0.00034,0.00034,3,7,0,0,0,0,0,0,0,0,0,0,1,0,0,0,0,0,0,0,0,0,0,,0,0,0,0,
4,4.07,0,1.9,38.5,0,0,0,2.95,0,0,0,0,-9,0,0,0,0,-0.00229183,0,0,0,0,0,0,0,0,0,1,87,59,0,0.00034,0.00034,3,5,0,0,0,0,0,0,0,0,0,0,1,0,0,0,0,0,0,0,0,0,0,,0,0,0,0,
5,5.1,0,-35.8,32,0,0,0,-1.1,0,0,0,0,-7.5,0,0,0,0,-0.00229183,0,0,0,0,0,0,0,0,0,1,77,59,0,0.00034,0.00034,3,5,0,0,0,0,0,0,0,0,0,0,1,0,0,0,0,0,0,0,0,0,0,,0,0,0,0,
6,5.6,0,-34.6,35,0,0,0,-4.2,0,0,0,0,-4.5,0,0,0,0,-0.00229183,0,0,0,0,0,0,0,0,0,1,80,59,0,0.00034,0.00034,3,5,0,0,0,0,0,0,0,0,0,0,1,0,0,0,0,0,0,0,0,0,0,,0,0,0,0,
7,5.6,0,-24.2,35,0,0,0,-6.1,0,0,0,0,-9.5,0,0,0,0,-0.00229183,0,0,0,0,0,0,0,0,0,1,80,59,0,0.00034,0.00034,3,5,0,0,0,0,0,0,0,0,0,0,1,0,0,0,0,0,0,0,0,0,0,,0,0,0,0,
8,6.36,0,44.1,26,0,0,0,2.25,0,0,0,0,-2.5,0,0,0,0,-0.00229183,0,0,0,0,0,0,0,0,0,1,71,59,0,0.00034,0.00034,3,5,0,0,0,0,0,0,0,0,0,0,1,0,0,0,0,0,0,0,0,0,0,,0,0,0,0,
9,6.64,0,5.45,26.5,0,0,0,9.3,0,0,0,0,-21.5,0,0,0,0,-0.00229183,0,0,0,0,0,0,0,0,0,1,72,59,0,0.00034,0.00034,3,5,0,0,0,0,0,0,0,0,0,0,1,0,0,0,0,0,0,0,0,0,0,,0,0,0,0,
10,7.58,0,32.3,43,0,0,0,6.55,0,0,0,0,7.5,0,0,0,0,-0.00229183,0,0,0,0,0,0,0,0,0,1,89,59,0,0.00034,0.00034,3,5,0,0,0,0,0,0,0,0,0,0,1,0,0,0,0,0,0,0,0,0,0,,0,0,0,0,
11,8.23,0,-24.7,29.5,0,0,0,10.65,0,0,0,0,-11.5,0,0,0,0,-0.00229183,0,0,0,0,0,0,0,0,0,1,75,59,0,0.00034,0.00034,3,5,0,0,0,0,0,0,0,0,0,0,1,0,0,0,0,0,0,0,0,0,0,,0,0,0,0,
12,8.51,0,45.2,31.5,0,0,0,5.8,0,0,0,0,7,0,0,0,0,-0.00229183,0,0,0,0,0,0,0,0,0,1,78,59,0,0.00034,0.00034,3,5,0,0,0,0,0,0,0,0,0,0,1,0,0,0,0,0,0,0,0,0,0,,0,0,0,0,
13,8.93,0,-32.95,26.5,0,0,0,-1.55,0,0,0,0,-9.5,0,0,0,0,-0.00229183,0,0,0,0,0,0,0,0,0,1,73,59,0,0.00034,0.00034,3,5,0,0,0,0,0,0,0,0,0,0,1,0,0,0,0,0,0,0,0,0,0,,0,0,0,0,
14,9.39,0,-29.3,24,0,0,0,-3.45,0,0,0,0,-14,0,0,0,0,-0.00229183,0,0,0,0,0,0,0,0,0,1,70,59,0,0.00034,0.00034,3,5,0,0,0,0,0,0,0,0,0,0,1,0,0,0,0,0,0,0,0,0,0,,0,0,0,0,
15,12.16,0,-12.95,27,0,0,0,12.15,0,0,0,0,-15.5,0,0,0,0,-0.00229183,0,0,0,0,0,0,0,0,0,1,74,59,0,0.00034,0.00034,3,5,0,0,0,0,0,0,0,0,0,0,1,0,0,0,0,0,0,0,0,0,0,,0,0,0,0,
16,12.98,0,-23.4,21,0,0,0,-1.8,0,0,0,0,-17.5,0,0,0,0,-0.00229183,0,0,0,0,0,0,0,0,0,1,68,59,0,0.00034,0.00034,3,5,0,0,0,0,0,0,0,0,0,0,1,0,0,0,0,0,0,0,0,0,0,,0,0,0,0,
END,Total:17
START,FrameNb:134,CameraNb:0,HeSaiNb:0,ARS410Nb:0
2026/08/02 16:19:43:399---->
heightOffset:0,1785658783399,1072960,selfCaliBufCnt:0,selfAccObjCnt:0,selfAccAngle:0,installHAngleOffset:0,Interpolation:0,installVAngleOffset:0,radarOffsetH:0,radarOffsetV:0.32,Polynom:-0.001023;-0.0511;-2.047;0;0;0;-0.001023;-0.0511;-2.047;-25.5;0;0,WheelDirection:0;0;0;0,selfAngleOffset:0,selfAngleOffsetPit:0,currCaliAngleHrz:0,currCaliAnglePit:0,selfCaliAngleHrz:0,selfCaliAnglePit:0,servCaliAngleHrz:0,servCaliAnglePit:0,offlineCaliAngleHrz:0,offlineCaliAnglePit:0,determine2useFlag:0,IMU_Z_Accel:-21.592,IMU_X_AngularRate:-2.093,IMU_Y_AngularRate:-2.093,IMU_RollAngle:-180,IMU_PitchAngle:-180,IMU_YawAngle:-180,FcwID:0,FCWWarningLevel:0,FCWTTC:0
0,2.35,0,51.2,29,0,0,0,-10.2,1.37605e-33,0,0,0,5.5,0,0,0,0,-0.00229183,0,0,0,0,0,0,0,0,0,1,78,55,0,0.00034,0.00034,3,5,0,0,0,0,0,0,0,0,0,0,1,0,1,0,0,0,0,0,0,0,0,,0,0,0,0,
1,2.79,0,-33.8,45,0,0,0,1.2,0,0,0,0,7,0,0,0,0,-0.00229183,0,0,0,0,0,0,0,0,0,1,94,55,0,0.00034,0.00034,3,5,0,0,0,0,0,0,0,0,0,0,1,0,1,0,0,0,0,0,0,0,0,,0,0,0,0,
2,3.26,0,13.8,37.5,0,0,0,1.3,0,0,0,0,-8,0,0,0,0,-0.00229183,0,0,0,0,0,0,0,0,0,1,86,55,0,0.00034,0.00034,3,0,0,0,0,0,0,0,0,0,0,0,1,0,1,0,0,0,0,0,0,0,0,,0,0,0,0,
3,3.58,0,-50.2,32.5,0,0,0,-5.85,0,0,0,0,7.5,0,0,0,0,-0.00229183,0,0,0,0,0,0,0,0,0,1,80,55,0,0.00034,0.00034,3,5,0,0,0,0,0,0,0,0,0,0,1,0,1,0,0,0,0,0,0,0,0,,0,0,0,0,
4,4.07,0,1.9,38.5,0,0,0,2.95,0,0,0,0,-9,0,0,0,0,-0.00229183,0,0,0,0,0,0,0,0,0,1,87,55,0,0.00034,0.00034,3,5,0,0,0,0,0,0,0,0,0,0,1,0,1,0,0,0,0,0,0,0,0,,0,0,0,0,
5,5.11,0,-35.95,32.5,0,0,0,-1.1,0,0,0,0,-7.5,0,0,0,0,-0.00229183,0,0,0,0,0,0,0,0,0,1,78,55,0,0.00034,0.00034,3,0,0,0,0,0,0,0,0,0,0,0,1,0,1,0,0,0,0,0,0,0,0,,0,0,0,0,
6,5.61,0,-34.55,35,0,0,0,-4.05,0,0,0,0,-5,0,0,0,0,-0.00229183,0,0,0,0,0,0,0,0,0,1,80,55,0,0.00034,0.00034,3,5,0,0,0,0,0,0,0,0,0,0,1,0,1,0,0,0,0,0,0,0,0,,0,0,0,0,
7,5.61,0,-24.2,35,0,0,0,-6,0,0,0,0,-10,0,0,0,0,-0.00229183,0,0,0,0,0,0,0,0,0,1,80,55,0,0.00034,0.00034,3,5,0,0,0,0,0,0,0,0,0,0,1,0,1,0,0,0,0,0,0,0,0,,0,0,0,0,
8,6.37,0,34.15,26,0,0,0,-9.55,0,0,0,0,-10,0,0,0,0,-0.00229183,0,0,0,0,0,0,0,0,0,1,71,55,0,0.00034,0.00034,3,5,0,0,0,0,0,0,0,0,0,0,1,0,1,0,0,0,0,0,0,0,0,,0,0,0,0,
9,6.65,0,49.2,26,0,0,0,-8.95,0,0,0,0,1.5,0,0,0,0,-0.00229183,0,0,0,0,0,0,0,0,0,1,72,55,0,0.00034,0.00034,3,5,0,0,0,0,0,0,0,0,0,0,1,0,1,0,0,0,0,0,0,0,0,,0,0,0,0,
10,7.56,0,32.2,43,0,0,0,6.75,0,0,0,0,7.5,0,0,0,0,-0.00229183,0,0,0,0,0,0,0,0,0,1,89,55,0,0.00034,0.00034,3,5,0,0,0,0,0,0,0,0,0,0,1,0,1,0,0,0,0,0,0,0,0,,0,0,0,0,
11,8.24,0,-24.85,29,0,0,0,10.15,0,0,0,0,-12,0,0,0,0,-0.00229183,0,0,0,0,0,0,0,0,0,1,75,55,0,0.00034,0.00034,3,5,0,0,0,0,0,0,0,0,0,0,1,0,1,0,0,0,0,0,0,0,0,,0,0,0,0,
12,8.51,0,45.2,31.5,0,0,0,5.55,0,0,0,0,7,0,0,0,0,-0.00229183,0,0,0,0,0,0,0,0,0,1,78,55,0,0.00034,0.00034,3,5,0,0,0,0,0,0,0,0,0,0,1,0,1,0,0,0,0,0,0,0,0,,0,0,0,0,
13,8.93,0,-32.9,26.5,0,0,0,-1.6,0,0,0,0,-9.5,0,0,0,0,-0.00229183,0,0,0,0,0,0,0,0,0,1,73,55,0,0.00034,0.00034,3,5,0,0,0,0,0,0,0,0,0,0,1,0,1,0,0,0,0,0,0,0,0,,0,0,0,0,
14,9.39,0,-29.3,24.5,0,0,0,-3.45,0,0,0,0,-13.5,0,0,0,0,-0.00229183,0,0,0,0,0,0,0,0,0,1,71,55,0,0.00034,0.00034,3,5,0,0,0,0,0,0,0,0,0,0,1,0,1,0,0,0,0,0,0,0,0,,0,0,0,0,
15,12.16,0,-12.8,27,0,0,0,12.05,0,0,0,0,-15.5,0,0,0,0,-0.00229183,0,0,0,0,0,0,0,0,0,1,74,55,0,0.00034,0.00034,3,5,0,0,0,0,0,0,0,0,0,0,1,0,1,0,0,0,0,0,0,0,0,,0,0,0,0,
16,12.99,0,-23.3,21,0,0,0,-1.75,0,0,0,0,-17.5,0,0,0,0,-0.00229183,0,0,0,0,0,0,0,0,0,1,68,55,0,0.00034,0.00034,3,5,0,0,0,0,0,0,0,0,0,0,1,0,1,0,0,0,0,0,0,0,0,,0,0,0,0,
END,Total:17
START,FrameNb:135,CameraNb:0,HeSaiNb:0,ARS410Nb:0
2026/08/02 16:19:43:441---->
heightOffset:0,1785658783441,1073016,selfCaliBufCnt:0,selfAccObjCnt:0,selfAccAngle:0,installHAngleOffset:0,Interpolation:0,installVAngleOffset:0,radarOffsetH:0,radarOffsetV:0.32,Polynom:-0.001023;-0.0511;-2.047;0;0;0;-0.001023;-0.0511;-2.047;-25.5;0;0,WheelDirection:0;0;0;0,selfAngleOffset:0,selfAngleOffsetPit:0,currCaliAngleHrz:0,currCaliAnglePit:0,selfCaliAngleHrz:0,selfCaliAnglePit:0,servCaliAngleHrz:0,servCaliAnglePit:0,offlineCaliAngleHrz:0,offlineCaliAnglePit:0,determine2useFlag:0,IMU_Z_Accel:-21.592,IMU_X_AngularRate:-2.093,IMU_Y_AngularRate:-2.093,IMU_RollAngle:-180,IMU_PitchAngle:-180,IMU_YawAngle:-180,FcwID:0,FCWWarningLevel:0,FCWTTC:0
0,2.35,0,31.45,29,0,0,0,10.4,1.37605e-33,0,0,0,-8.5,0,0,0,0,-0.00229183,0,0,0,0,0,0,0,0,0,1,78,62,0,0.00034,0.00034,3,5,0,0,0,0,0,0,0,0,0,0,1,0,0,0,0,0,0,0,0,0,0,,0,0,0,0,
1,2.79,0,-33.8,45,0,0,0,1.2,0,0,0,0,7,0,0,0,0,-0.00229183,0,0,0,0,0,0,0,0,0,1,94,62,0,0.00034,0.00034,3,5,0,0,0,0,0,0,0,0,0,0,1,0,0,0,0,0,0,0,0,0,0,,0,0,0,0,
2,3.27,0,13.8,37,0,0,0,1.4,0,0,0,0,-8,0,0,0,0,-0.00229183,0,0,0,0,0,0,0,0,0,1,86,62,0,0.00034,0.00034,3,0,0,0,0,0,0,0,0,0,0,0,1,0,0,0,0,0,0,0,0,0,0,,0,0,0,0,
3,3.58,0,-50.1,32.5,0,0,0,-5.85,0,0,0,0,8,0,0,0,0,-0.00229183,0,0,0,0,0,0,0,0,0,1,81,62,0,0.00034,0.00034,3,7,0,0,0,0,0,0,0,0,0,0,1,0,0,0,0,0,0,0,0,0,0,,0,0,0,0,
4,4.07,0,1.9,38.5,0,0,0,2.95,0,0,0,0,-9,0,0,0,0,-0.00229183,0,0,0,0,0,0,0,0,0,1,87,62,0,0.00034,0.00034,3,5,0,0,0,0,0,0,0,0,0,0,1,0,0,0,0,0,0,0,0,0,0,,0,0,0,0,
5,5.11,0,-35.8,32,0,0,0,-1.2,0,0,0,0,-7.5,0,0,0,0,-0.00229183,0,0,0,0,0,0,0,0,0,1,78,62,0,0.00034,0.00034,3,5,0,0,0,0,0,0,0,0,0,0,1,0,0,0,0,0,0,0,0,0,0,,0,0,0,0,
6,5.6,0,-34.55,35,0,0,0,-3.85,0,0,0,0,-5,0,0,0,0,-0.00229183,0,0,0,0,0,0,0,0,0,1,80,62,0,0.00034,0.00034,3,5,0,0,0,0,0,0,0,0,0,0,1,0,0,0,0,0,0,0,0,0,0,,0,0,0,0,
7,5.6,0,-24.3,35,0,0,0,-5.85,0,0,0,0,-10,0,0,0,0,-0.00229183,0,0,0,0,0,0,0,0,0,1,80,62,0,0.00034,0.00034,3,5,0,0,0,0,0,0,0,0,0,0,1,0,0,0,0,0,0,0,0,0,0,,0,0,0,0,
8,6.32,0,34.3,25.5,0,0,0,-12.3,0,0,0,0,-10.5,0,0,0,0,-0.00229183,0,0,0,0,0,0,0,0,0,1,71,62,0,0.00034,0.00034,3,5,0,0,0,0,0,0,0,0,0,0,1,0,0,0,0,0,0,0,0,0,0,,0,0,0,0,
9,6.81,0,-20.05,25.5,0,0,0,1.7,0,0,0,0,-18.5,0,0,0,0,-0.00229183,0,0,0,0,0,0,0,0,0,1,72,62,0,0.00034,0.00034,3,5,0,0,0,0,0,0,0,0,0,0,1,0,0,0,0,0,0,0,0,0,0,,0,0,0,0,
10,7.57,0,32.2,43,0,0,0,6.7,0,0,0,0,7.5,0,0,0,0,-0.00229183,0,0,0,0,0,0,0,0,0,1,89,62,0,0.00034,0.00034,3,5,0,0,0,0,0,0,0,0,0,0,1,0,0,0,0,0,0,0,0,0,0,,0,0,0,0,
11,8.2,0,-24.85,29,0,0,0,10.25,0,0,0,0,-12,0,0,0,0,-0.00229183,0,0,0,0,0,0,0,0,0,1,75,62,0,0.00034,0.00034,3,5,0,0,0,0,0,0,0,0,0,0,1,0,0,0,0,0,0,0,0,0,0,,0,0,0,0,
12,8.51,0,45.2,31.5,0,0,0,5.75,0,0,0,0,7,0,0,0,0,-0.00229183,0,0,0,0,0,0,0,0,0,1,78,62,0,0.00034,0.00034,3,5,0,0,0,0,0,0,0,0,0,0,1,0,0,0,0,0,0,0,0,0,0,,0,0,0,0,
13,8.94,0,-32.85,26.5,0,0,0,-1.6,0,0,0,0,-9.5,0,0,0,0,-0.00229183,0,0,0,0,0,0,0,0,0,1,73,62,0,0.00034,0.00034,3,5,0,0,0,0,0,0,0,0,0,0,1,0,0,0,0,0,0,0,0,0,0,,0,0,0,0,
14,9.39,0,-29.2,24,0,0,0,-3.6,0,0,0,0,-13.5,0,0,0,0,-0.00229183,0,0,0,0,0,0,0,0,0,1,71,62,0,0.00034,0.00034,3,5,0,0,0,0,0,0,0,0,0,0,1,0,0,0,0,0,0,0,0,0,0,,0,0,0,0,
15,12.16,0,-12.9,27,0,0,0,12.25,0,0,0,0,-15.5,0,0,0,0,-0.00229183,0,0,0,0,0,0,0,0,0,1,74,62,0,0.00034,0.00034,3,5,0,0,0,0,0,0,0,0,0,0,1,0,0,0,0,0,0,0,0,0,0,,0,0,0,0,
16,12.99,0,-23.55,21,0,0,0,-1.55,0,0,0,0,-17.5,0,0,0,0,-0.00229183,0,0,0,0,0,0,0,0,0,1,68,62,0,0.00034,0.00034,3,5,0,0,0,0,0,0,0,0,0,0,1,0,0,0,0,0,0,0,0,0,0,,0,0,0,0,
END,Total:17
START,FrameNb:136,CameraNb:0,HeSaiNb:0,ARS410Nb:0
2026/08/02 16:19:43:503---->
heightOffset:0,1785658783503,1073080,selfCaliBufCnt:0,selfAccObjCnt:0,selfAccAngle:0,installHAngleOffset:0,Interpolation:0,installVAngleOffset:0,radarOffsetH:0,radarOffsetV:0.32,Polynom:-0.001023;-0.0511;-2.047;0;0;0;-0.001023;-0.0511;-2.047;-25.5;0;0,WheelDirection:0;0;0;0,selfAngleOffset:0,selfAngleOffsetPit:0,currCaliAngleHrz:0,currCaliAnglePit:0,selfCaliAngleHrz:0,selfCaliAnglePit:0,servCaliAngleHrz:0,servCaliAnglePit:0,offlineCaliAngleHrz:0,offlineCaliAnglePit:0,determine2useFlag:0,IMU_Z_Accel:-21.592,IMU_X_AngularRate:-2.093,IMU_Y_AngularRate:-2.093,IMU_RollAngle:-180,IMU_PitchAngle:-180,IMU_YawAngle:-180,FcwID:0,FCWWarningLevel:0,FCWTTC:0
0,2.35,0,51.15,29.5,0,0,0,-10.1,1.37605e-33,0,0,0,5.5,0,0,0,0,-0.00229183,0,0,0,0,0,0,0,0,0,1,78,60,0,0.00034,0.00034,2,-1,0,0,0,0,0,0,0,0,0,0,1,0,1,0,0,0,0,0,0,0,0,,0,0,0,0,
1,2.79,0,-33.8,45,0,0,0,1.2,0,0,0,0,7,0,0,0,0,-0.00229183,0,0,0,0,0,0,0,0,0,1,94,60,0,0.00034,0.00034,3,5,0,0,0,0,0,0,0,0,0,0,1,0,1,0,0,0,0,0,0,0,0,,0,0,0,0,
2,3.26,0,13.8,37.5,0,0,0,1.3,0,0,0,0,-8,0,0,0,0,-0.00229183,0,0,0,0,0,0,0,0,0,1,86,60,0,0.00034,0.00034,3,0,0,0,0,0,0,0,0,0,0,0,1,0,1,0,0,0,0,0,0,0,0,,0,0,0,0,
3,3.58,0,-50.2,32.5,0,0,0,-6,0,0,0,0,7.5,0,0,0,0,-0.00229183,0,0,0,0,0,0,0,0,0,1,80,60,0,0.00034,0.00034,3,5,0,0,0,0,0,0,0,0,0,0,1,0,1,0,0,0,0,0,0,0,0,,0,0,0,0,
4,4.07,0,1.9,39,0,0,0,2.95,0,0,0,0,-9,0,0,0,0,-0.00229183,0,0,0,0,0,0,0,0,0,1,87,60,0,0.00034,0.00034,3,5,0,0,0,0,0,0,0,0,0,0,1,0,1,0,0,0,0,0,0,0,0,,0,0,0,0,
5,5.12,0,-36,32,0,0,0,-1.25,0,0,0,0,-6.5,0,0,0,0,-0.00229183,0,0,0,0,0,0,0,0,0,1,78,60,0,0.00034,0.00034,3,0,0,0,0,0,0,0,0,0,0,0,1,0,1,0,0,0,0,0,0,0,0,,0,0,0,0,
6,5.61,0,-34.55,35,0,0,0,-3.8,0,0,0,0,-5,0,0,0,0,-0.00229183,0,0,0,0,0,0,0,0,0,1,80,60,0,0.00034,0.00034,3,5,0,0,0,0,0,0,0,0,0,0,1,0,1,0,0,0,0,0,0,0,0,,0,0,0,0,
7,5.61,0,-24.3,35,0,0,0,-5.7,0,0,0,0,-10,0,0,0,0,-0.00229183,0,0,0,0,0,0,0,0,0,1,80,60,0,0.00034,0.00034,3,5,0,0,0,0,0,0,0,0,0,0,1,0,1,0,0,0,0,0,0,0,0,,0,0,0,0,
8,6.37,0,34.1,26,0,0,0,-10.1,0,0,0,0,-10.5,0,0,0,0,-0.00229183,0,0,0,0,0,0,0,0,0,1,71,60,0,0.00034,0.00034,3,5,0,0,0,0,0,0,0,0,0,0,1,0,1,0,0,0,0,0,0,0,0,,0,0,0,0,
9,6.65,0,-20.05,26,0,0,0,-1.8,0,0,0,0,-18.5,0,0,0,0,-0.00229183,0,0,0,0,0,0,0,0,0,1,72,60,0,0.00034,0.00034,3,5,0,0,0,0,0,0,0,0,0,0,1,0,1,0,0,0,0,0,0,0,0,,0,0,0,0,
10,7.57,0,32.2,43,0,0,0,6.7,0,0,0,0,7.5,0,0,0,0,-0.00229183,0,0,0,0,0,0,0,0,0,1,89,60,0,0.00034,0.00034,3,5,0,0,0,0,0,0,0,0,0,0,1,0,1,0,0,0,0,0,0,0,0,,0,0,0,0,
11,8.2,0,-24.8,28.5,0,0,0,10.05,0,0,0,0,-12,0,0,0,0,-0.00229183,0,0,0,0,0,0,0,0,0,1,75,60,0,0.00034,0.00034,3,5,0,0,0,0,0,0,0,0,0,0,1,0,1,0,0,0,0,0,0,0,0,,0,0,0,0,
12,8.52,0,45.2,31.5,0,0,0,5.55,0,0,0,0,7,0,0,0,0,-0.00229183,0,0,0,0,0,0,0,0,0,1,78,60,0,0.00034,0.00034,3,5,0,0,0,0,0,0,0,0,0,0,1,0,1,0,0,0,0,0,0,0,0,,0,0,0,0,
13,8.93,0,-32.85,26,0,0,0,-1.45,0,0,0,0,-9.5,0,0,0,0,-0.00229183,0,0,0,0,0,0,0,0,0,1,73,60,0,0.00034,0.00034,3,5,0,0,0,0,0,0,0,0,0,0,1,0,1,0,0,0,0,0,0,0,0,,0,0,0,0,
14,9.39,0,-29.2,24,0,0,0,-3.45,0,0,0,0,-13.5,0,0,0,0,-0.00229183,0,0,0,0,0,0,0,0,0,1,71,60,0,0.00034,0.00034,3,5,0,0,0,0,0,0,0,0,0,0,1,0,1,0,0,0,0,0,0,0,0,,0,0,0,0,
15,12.16,0,-12.85,27,0,0,0,12.2,0,0,0,0,-15.5,0,0,0,0,-0.00229183,0,0,0,0,0,0,0,0,0,1,74,60,0,0.00034,0.00034,3,5,0,0,0,0,0,0,0,0,0,0,1,0,1,0,0,0,0,0,0,0,0,,0,0,0,0,
16,12.99,0,-23.3,21,0,0,0,-1.8,0,0,0,0,-17.5,0,0,0,0,-0.00229183,0,0,0,0,0,0,0,0,0,1,68,60,0,0.00034,0.00034,3,5,0,0,0,0,0,0,0,0,0,0,1,0,1,0,0,0,0,0,0,0,0,,0,0,0,0,
END,Total:17
START,FrameNb:137,CameraNb:0,HeSaiNb:0,ARS410Nb:0
2026/08/02 16:19:43:564---->
heightOffset:0,1785658783564,1073136,selfCaliBufCnt:0,selfAccObjCnt:0,selfAccAngle:0,installHAngleOffset:0,Interpolation:0,installVAngleOffset:0,radarOffsetH:0,radarOffsetV:0.32,Polynom:-0.001023;-0.0511;-2.047;0;0;0;-0.001023;-0.0511;-2.047;-25.5;0;0,WheelDirection:0;0;0;0,selfAngleOffset:0,selfAngleOffsetPit:0,currCaliAngleHrz:0,currCaliAnglePit:0,selfCaliAngleHrz:0,selfCaliAnglePit:0,servCaliAngleHrz:0,servCaliAnglePit:0,offlineCaliAngleHrz:0,offlineCaliAnglePit:0,determine2useFlag:0,IMU_Z_Accel:-21.592,IMU_X_AngularRate:-2.093,IMU_Y_AngularRate:-2.093,IMU_RollAngle:-180,IMU_PitchAngle:-180,IMU_YawAngle:-180,FcwID:0,FCWWarningLevel:0,FCWTTC:0
0,2.35,0,31.3,29.5,0,0,0,10.4,1.37605e-33,0,0,0,-8.5,0,0,0,0,-0.00229183,0,0,0,0,0,0,0,0,0,1,78,59,0,0.00034,0.00034,3,5,0,0,0,0,0,0,0,0,0,0,1,0,0,0,0,0,0,0,0,0,0,,0,0,0,0,
1,2.79,0,-33.8,45,0,0,0,1.2,0,0,0,0,7,0,0,0,0,-0.00229183,0,0,0,0,0,0,0,0,0,1,94,59,0,0.00034,0.00034,3,5,0,0,0,0,0,0,0,0,0,0,1,0,0,0,0,0,0,0,0,0,0,,0,0,0,0,
2,3.27,0,13.8,37.5,0,0,0,1.4,0,0,0,0,-8,0,0,0,0,-0.00229183,0,0,0,0,0,0,0,0,0,1,86,59,0,0.00034,0.00034,3,0,0,0,0,0,0,0,0,0,0,0,1,0,0,0,0,0,0,0,0,0,0,,0,0,0,0,
3,4.07,0,1.9,39,0,0,0,2.95,0,0,0,0,-9,0,0,0,0,-0.00229183,0,0,0,0,0,0,0,0,0,1,87,59,0,0.00034,0.00034,3,5,0,0,0,0,0,0,0,0,0,0,1,0,0,0,0,0,0,0,0,0,0,,0,0,0,0,
4,5.11,0,-35.8,32,0,0,0,-1.05,0,0,0,0,-7.5,0,0,0,0,-0.00229183,0,0,0,0,0,0,0,0,0,1,78,59,0,0.00034,0.00034,3,0,0,0,0,0,0,0,0,0,0,0,1,0,0,0,0,0,0,0,0,0,0,,0,0,0,0,
5,5.61,0,-34.6,35,0,0,0,-4.1,0,0,0,0,-4.5,0,0,0,0,-0.00229183,0,0,0,0,0,0,0,0,0,1,80,59,0,0.00034,0.00034,3,5,0,0,0,0,0,0,0,0,0,0,1,0,0,0,0,0,0,0,0,0,0,,0,0,0,0,
6,5.61,0,-24.2,35,0,0,0,-6.1,0,0,0,0,-9.5,0,0,0,0,-0.00229183,0,0,0,0,0,0,0,0,0,1,80,59,0,0.00034,0.00034,3,5,0,0,0,0,0,0,0,0,0,0,1,0,0,0,0,0,0,0,0,0,0,,0,0,0,0,
7,6.42,0,34.35,26,0,0,0,-10.45,0,0,0,0,-10.5,0,0,0,0,-0.00229183,0,0,0,0,0,0,0,0,0,1,71,59,0,0.00034,0.00034,3,5,0,0,0,0,0,0,0,0,0,0,1,0,0,0,0,0,0,0,0,0,0,,0,0,0,0,
8,7.58,0,32.3,43,0,0,0,6.3,0,0,0,0,7.5,0,0,0,0,-0.00229183,0,0,0,0,0,0,0,0,0,1,89,59,0,0.00034,0.00034,3,5,0,0,0,0,0,0,0,0,0,0,1,0,0,0,0,0,0,0,0,0,0,,0,0,0,0,
9,8.2,0,-24.85,29,0,0,0,10.3,0,0,0,0,-12,0,0,0,0,-0.00229183,0,0,0,0,0,0,0,0,0,1,75,59,0,0.00034,0.00034,3,5,0,0,0,0,0,0,0,0,0,0,1,0,0,0,0,0,0,0,0,0,0,,0,0,0,0,
10,8.51,0,45.15,31.5,0,0,0,5.7,0,0,0,0,7,0,0,0,0,-0.00229183,0,0,0,0,0,0,0,0,0,1,78,59,0,0.00034,0.00034,3,5,0,0,0,0,0,0,0,0,0,0,1,0,0,0,0,0,0,0,0,0,0,,0,0,0,0,
11,8.94,0,-32.85,26.5,0,0,0,-1.45,0,0,0,0,-9.5,0,0,0,0,-0.00229183,0,0,0,0,0,0,0,0,0,1,73,59,0,0.00034,0.00034,3,5,0,0,0,0,0,0,0,0,0,0,1,0,0,0,0,0,0,0,0,0,0,,0,0,0,0,
12,9.4,0,-29.3,24,0,0,0,-3.35,0,0,0,0,-13.5,0,0,0,0,-0.00229183,0,0,0,0,0,0,0,0,0,1,71,59,0,0.00034,0.00034,3,0,0,0,0,0,0,0,0,0,0,0,1,0,0,0,0,0,0,0,0,0,0,,0,0,0,0,
13,12.16,0,-12.85,27,0,0,0,12.25,0,0,0,0,-15.5,0,0,0,0,-0.00229183,0,0,0,0,0,0,0,0,0,1,74,59,0,0.00034,0.00034,3,5,0,0,0,0,0,0,0,0,0,0,1,0,0,0,0,0,0,0,0,0,0,,0,0,0,0,
14,12.99,0,-23.5,21,0,0,0,-1.75,0,0,0,0,-17.5,0,0,0,0,-0.00229183,0,0,0,0,0,0,0,0,0,1,68,59,0,0.00034,0.00034,3,5,0,0,0,0,0,0,0,0,0,0,1,0,0,0,0,0,0,0,0,0,0,,0,0,0,0,
END,Total:15
START,FrameNb:138,CameraNb:0,HeSaiNb:0,ARS410Nb:0
2026/08/02 16:19:43:595---->
heightOffset:0,1785658783595,1073196,selfCaliBufCnt:0,selfAccObjCnt:0,selfAccAngle:0,installHAngleOffset:0,Interpolation:0,installVAngleOffset:0,radarOffsetH:0,radarOffsetV:0.32,Polynom:-0.001023;-0.0511;-2.047;0;0;0;-0.001023;-0.0511;-2.047;-25.5;0;0,WheelDirection:0;0;0;0,selfAngleOffset:0,selfAngleOffsetPit:0,currCaliAngleHrz:0,currCaliAnglePit:0,selfCaliAngleHrz:0,selfCaliAnglePit:0,servCaliAngleHrz:0,servCaliAnglePit:0,offlineCaliAngleHrz:0,offlineCaliAnglePit:0,determine2useFlag:0,IMU_Z_Accel:-21.592,IMU_X_AngularRate:-2.093,IMU_Y_AngularRate:-2.093,IMU_RollAngle:-180,IMU_PitchAngle:-180,IMU_YawAngle:-180,FcwID:0,FCWWarningLevel:0,FCWTTC:0
0,2.35,0,51.1,29.5,0,0,0,-10.2,1.37605e-33,0,0,0,5.5,0,0,0,0,-0.00229183,0,0,0,0,0,0,0,0,0,1,78,55,0,0.00034,0.00034,2,-1,0,0,0,0,0,0,0,0,0,0,1,0,1,0,0,0,0,0,0,0,0,,0,0,0,0,
1,2.79,0,-33.8,45,0,0,0,1.2,0,0,0,0,7,0,0,0,0,-0.00229183,0,0,0,0,0,0,0,0,0,1,94,55,0,0.00034,0.00034,3,5,0,0,0,0,0,0,0,0,0,0,1,0,1,0,0,0,0,0,0,0,0,,0,0,0,0,
2,3.26,0,13.8,37.5,0,0,0,1.3,0,0,0,0,-8,0,0,0,0,-0.00229183,0,0,0,0,0,0,0,0,0,1,86,55,0,0.00034,0.00034,3,0,0,0,0,0,0,0,0,0,0,0,1,0,1,0,0,0,0,0,0,0,0,,0,0,0,0,
3,3.58,0,-50.2,32.5,0,0,0,-5.85,0,0,0,0,7.5,0,0,0,0,-0.00229183,0,0,0,0,0,0,0,0,0,1,80,55,0,0.00034,0.00034,3,5,0,0,0,0,0,0,0,0,0,0,1,0,1,0,0,0,0,0,0,0,0,,0,0,0,0,
4,4.07,0,1.9,38.5,0,0,0,2.95,0,0,0,0,-9,0,0,0,0,-0.00229183,0,0,0,0,0,0,0,0,0,1,87,55,0,0.00034,0.00034,3,5,0,0,0,0,0,0,0,0,0,0,1,0,1,0,0,0,0,0,0,0,0,,0,0,0,0,
5,5.08,0,-36,32.5,0,0,0,-1.2,0,0,0,0,-6.5,0,0,0,0,-0.00229183,0,0,0,0,0,0,0,0,0,1,78,55,0,0.00034,0.00034,3,0,0,0,0,0,0,0,0,0,0,0,1,0,1,0,0,0,0,0,0,0,0,,0,0,0,0,
6,5.61,0,-34.6,35,0,0,0,-3.75,0,0,0,0,-4.5,0,0,0,0,-0.00229183,0,0,0,0,0,0,0,0,0,1,80,55,0,0.00034,0.00034,3,5,0,0,0,0,0,0,0,0,0,0,1,0,1,0,0,0,0,0,0,0,0,,0,0,0,0,
7,5.61,0,-24.3,35,0,0,0,-5.7,0,0,0,0,-9.5,0,0,0,0,-0.00229183,0,0,0,0,0,0,0,0,0,1,80,55,0,0.00034,0.00034,3,5,0,0,0,0,0,0,0,0,0,0,1,0,1,0,0,0,0,0,0,0,0,,0,0,0,0,
8,6.42,0,34.2,26,0,0,0,-10.35,0,0,0,0,-10,0,0,0,0,-0.00229183,0,0,0,0,0,0,0,0,0,1,72,55,0,0.00034,0.00034,3,5,0,0,0,0,0,0,0,0,0,0,1,0,1,0,0,0,0,0,0,0,0,,0,0,0,0,
9,7.58,0,32.35,43,0,0,0,6.45,0,0,0,0,7.5,0,0,0,0,-0.00229183,0,0,0,0,0,0,0,0,0,1,89,55,0,0.00034,0.00034,3,5,0,0,0,0,0,0,0,0,0,0,1,0,1,0,0,0,0,0,0,0,0,,0,0,0,0,
10,8.22,0,-24.85,29,0,0,0,10.3,0,0,0,0,-12,0,0,0,0,-0.00229183,0,0,0,0,0,0,0,0,0,1,75,55,0,0.00034,0.00034,3,5,0,0,0,0,0,0,0,0,0,0,1,0,1,0,0,0,0,0,0,0,0,,0,0,0,0,
11,8.51,0,45.15,31.5,0,0,0,5.65,0,0,0,0,7,0,0,0,0,-0.00229183,0,0,0,0,0,0,0,0,0,1,78,55,0,0.00034,0.00034,3,5,0,0,0,0,0,0,0,0,0,0,1,0,1,0,0,0,0,0,0,0,0,,0,0,0,0,
12,8.95,0,-32.85,26.5,0,0,0,-1.6,0,0,0,0,-9.5,0,0,0,0,-0.00229183,0,0,0,0,0,0,0,0,0,1,73,55,0,0.00034,0.00034,3,5,0,0,0,0,0,0,0,0,0,0,1,0,1,0,0,0,0,0,0,0,0,,0,0,0,0,
13,9.39,0,-29.35,24,0,0,0,-3.25,0,0,0,0,-13.5,0,0,0,0,-0.00229183,0,0,0,0,0,0,0,0,0,1,71,55,0,0.00034,0.00034,3,5,0,0,0,0,0,0,0,0,0,0,1,0,1,0,0,0,0,0,0,0,0,,0,0,0,0,
14,12.16,0,-12.85,27,0,0,0,12.05,0,0,0,0,-15.5,0,0,0,0,-0.00229183,0,0,0,0,0,0,0,0,0,1,74,55,0,0.00034,0.00034,3,5,0,0,0,0,0,0,0,0,0,0,1,0,1,0,0,0,0,0,0,0,0,,0,0,0,0,
15,12.99,0,-23.4,21.5,0,0,0,-0.95,0,0,0,0,-17.5,0,0,0,0,-0.00229183,0,0,0,0,0,0,0,0,0,1,68,55,0,0.00034,0.00034,3,5,0,0,0,0,0,0,0,0,0,0,1,0,1,0,0,0,0,0,0,0,0,,0,0,0,0,
END,Total:16
START,FrameNb:139,CameraNb:0,HeSaiNb:0,ARS410Nb:0
2026/08/02 16:19:43:693---->
heightOffset:0,1785658783693,1073248,selfCaliBufCnt:0,selfAccObjCnt:0,selfAccAngle:0,installHAngleOffset:0,Interpolation:0,installVAngleOffset:0,radarOffsetH:0,radarOffsetV:0.32,Polynom:-0.001023;-0.0511;-2.047;0;0;0;-0.001023;-0.0511;-2.047;-25.5;0;0,WheelDirection:0;0;0;0,selfAngleOffset:0,selfAngleOffsetPit:0,currCaliAngleHrz:0,currCaliAnglePit:0,selfCaliAngleHrz:0,selfCaliAnglePit:0,servCaliAngleHrz:0,servCaliAnglePit:0,offlineCaliAngleHrz:0,offlineCaliAnglePit:0,determine2useFlag:0,IMU_Z_Accel:-21.592,IMU_X_AngularRate:-2.093,IMU_Y_AngularRate:-2.093,IMU_RollAngle:-180,IMU_PitchAngle:-180,IMU_YawAngle:-180,FcwID:0,FCWWarningLevel:0,FCWTTC:0
0,2.35,0,31.45,29,0,0,0,10.4,1.37605e-33,0,0,0,-8.5,0,0,0,0,-0.00229183,0,0,0,0,0,0,0,0,0,1,78,58,0,0.00034,0.00034,3,5,0,0,0,0,0,0,0,0,0,0,1,0,0,0,0,0,0,0,0,0,0,,0,0,0,0,
1,2.79,0,-33.8,45,0,0,0,1.2,0,0,0,0,7,0,0,0,0,-0.00229183,0,0,0,0,0,0,0,0,0,1,94,58,0,0.00034,0.00034,3,5,0,0,0,0,0,0,0,0,0,0,1,0,0,0,0,0,0,0,0,0,0,,0,0,0,0,
2,3.28,0,13.8,37,0,0,0,1.3,0,0,0,0,-8,0,0,0,0,-0.00229183,0,0,0,0,0,0,0,0,0,1,86,58,0,0.00034,0.00034,3,0,0,0,0,0,0,0,0,0,0,0,1,0,0,0,0,0,0,0,0,0,0,,0,0,0,0,
3,3.58,0,-50.3,32.5,0,0,0,-5.75,0,0,0,0,8,0,0,0,0,-0.00229183,0,0,0,0,0,0,0,0,0,1,81,58,0,0.00034,0.00034,3,7,0,0,0,0,0,0,0,0,0,0,1,0,0,0,0,0,0,0,0,0,0,,0,0,0,0,
4,4.07,0,1.9,38.5,0,0,0,2.95,0,0,0,0,-9,0,0,0,0,-0.00229183,0,0,0,0,0,0,0,0,0,1,87,58,0,0.00034,0.00034,3,5,0,0,0,0,0,0,0,0,0,0,1,0,0,0,0,0,0,0,0,0,0,,0,0,0,0,
5,5.08,0,-35.8,32.5,0,0,0,-1.3,0,0,0,0,-7.5,0,0,0,0,-0.00229183,0,0,0,0,0,0,0,0,0,1,78,58,0,0.00034,0.00034,3,5,0,0,0,0,0,0,0,0,0,0,1,0,0,0,0,0,0,0,0,0,0,,0,0,0,0,
6,5.61,0,-34.6,35,0,0,0,-3.85,0,0,0,0,-4.5,0,0,0,0,-0.00229183,0,0,0,0,0,0,0,0,0,1,80,58,0,0.00034,0.00034,3,5,0,0,0,0,0,0,0,0,0,0,1,0,0,0,0,0,0,0,0,0,0,,0,0,0,0,
7,5.61,0,-24.3,35,0,0,0,-5.85,0,0,0,0,-9.5,0,0,0,0,-0.00229183,0,0,0,0,0,0,0,0,0,1,80,58,0,0.00034,0.00034,3,5,0,0,0,0,0,0,0,0,0,0,1,0,0,0,0,0,0,0,0,0,0,,0,0,0,0,
8,6.39,0,71.55,25.5,0,0,0,-6.05,0,0,0,0,18.5,0,0,0,0,-0.00229183,0,0,0,0,0,0,0,0,0,1,71,58,0,0.00034,0.00034,2,-1,0,0,0,0,0,0,0,0,0,0,1,0,0,0,0,0,0,0,0,0,0,,0,0,0,0,
9,7.59,0,32.4,43,0,0,0,6.45,0,0,0,0,7.5,0,0,0,0,-0.00229183,0,0,0,0,0,0,0,0,0,1,89,58,0,0.00034,0.00034,3,5,0,0,0,0,0,0,0,0,0,0,1,0,0,0,0,0,0,0,0,0,0,,0,0,0,0,
10,8.1,0,-24.65,29,0,0,0,10.7,0,0,0,0,-11.5,0,0,0,0,-0.00229183,0,0,0,0,0,0,0,0,0,1,75,58,0,0.00034,0.00034,3,5,0,0,0,0,0,0,0,0,0,0,1,0,0,0,0,0,0,0,0,0,0,,0,0,0,0,
11,8.51,0,45.15,31,0,0,0,5.9,0,0,0,0,7,0,0,0,0,-0.00229183,0,0,0,0,0,0,0,0,0,1,78,58,0,0.00034,0.00034,3,5,0,0,0,0,0,0,0,0,0,0,1,0,0,0,0,0,0,0,0,0,0,,0,0,0,0,
12,8.94,0,-32.7,26.5,0,0,0,-1.6,0,0,0,0,-9.5,0,0,0,0,-0.00229183,0,0,0,0,0,0,0,0,0,1,73,58,0,0.00034,0.00034,3,5,0,0,0,0,0,0,0,0,0,0,1,0,0,0,0,0,0,0,0,0,0,,0,0,0,0,
13,9.41,0,-29.3,24,0,0,0,-3.55,0,0,0,0,-13.5,0,0,0,0,-0.00229183,0,0,0,0,0,0,0,0,0,1,71,58,0,0.00034,0.00034,3,0,0,0,0,0,0,0,0,0,0,0,1,0,0,0,0,0,0,0,0,0,0,,0,0,0,0,
14,12.16,0,-12.85,27,0,0,0,12.25,0,0,0,0,-15.5,0,0,0,0,-0.00229183,0,0,0,0,0,0,0,0,0,1,74,58,0,0.00034,0.00034,3,5,0,0,0,0,0,0,0,0,0,0,1,0,0,0,0,0,0,0,0,0,0,,0,0,0,0,
15,12.98,0,-23.35,21.5,0,0,0,-0.85,0,0,0,0,-17.5,0,0,0,0,-0.00229183,0,0,0,0,0,0,0,0,0,1,68,58,0,0.00034,0.00034,3,5,0,0,0,0,0,0,0,0,0,0,1,0,0,0,0,0,0,0,0,0,0,,0,0,0,0,
END,Total:16
START,FrameNb:140,CameraNb:0,HeSaiNb:0,ARS410Nb:0
2026/08/02 16:19:43:759---->
heightOffset:0,1785658783759,1073308,selfCaliBufCnt:0,selfAccObjCnt:0,selfAccAngle:0,installHAngleOffset:0,Interpolation:0,installVAngleOffset:0,radarOffsetH:0,radarOffsetV:0.32,Polynom:-0.001023;-0.0511;-2.047;0;0;0;-0.001023;-0.0511;-2.047;-25.5;0;0,WheelDirection:0;0;0;0,selfAngleOffset:0,selfAngleOffsetPit:0,currCaliAngleHrz:0,currCaliAnglePit:0,selfCaliAngleHrz:0,selfCaliAnglePit:0,servCaliAngleHrz:0,servCaliAnglePit:0,offlineCaliAngleHrz:0,offlineCaliAnglePit:0,determine2useFlag:0,IMU_Z_Accel:-21.592,IMU_X_AngularRate:-2.093,IMU_Y_AngularRate:-2.093,IMU_RollAngle:-180,IMU_PitchAngle:-180,IMU_YawAngle:-180,FcwID:0,FCWWarningLevel:0,FCWTTC:0
0,2.35,0,51.2,29,0,0,0,-10.1,1.37605e-33,0,0,0,5.5,0,0,0,0,-0.00229183,0,0,0,0,0,0,0,0,0,1,78,55,0,0.00034,0.00034,2,-1,0,0,0,0,0,0,0,0,0,0,1,0,1,0,0,0,0,0,0,0,0,,0,0,0,0,
1,2.79,0,-33.8,45,0,0,0,1.2,0,0,0,0,7,0,0,0,0,-0.00229183,0,0,0,0,0,0,0,0,0,1,94,55,0,0.00034,0.00034,3,5,0,0,0,0,0,0,0,0,0,0,1,0,1,0,0,0,0,0,0,0,0,,0,0,0,0,
2,3.26,0,13.8,37.5,0,0,0,1.3,0,0,0,0,-8,0,0,0,0,-0.00229183,0,0,0,0,0,0,0,0,0,1,86,55,0,0.00034,0.00034,3,5,0,0,0,0,0,0,0,0,0,0,1,0,1,0,0,0,0,0,0,0,0,,0,0,0,0,
3,3.58,0,-50.1,32.5,0,0,0,-5.95,0,0,0,0,7.5,0,0,0,0,-0.00229183,0,0,0,0,0,0,0,0,0,1,80,55,0,0.00034,0.00034,3,7,0,0,0,0,0,0,0,0,0,0,1,0,1,0,0,0,0,0,0,0,0,,0,0,0,0,
4,4.07,0,1.9,39,0,0,0,2.95,0,0,0,0,-9,0,0,0,0,-0.00229183,0,0,0,0,0,0,0,0,0,1,87,55,0,0.00034,0.00034,3,5,0,0,0,0,0,0,0,0,0,0,1,0,1,0,0,0,0,0,0,0,0,,0,0,0,0,
5,5.08,0,-36,32.5,0,0,0,-1.1,0,0,0,0,-6.5,0,0,0,0,-0.00229183,0,0,0,0,0,0,0,0,0,1,78,55,0,0.00034,0.00034,3,0,0,0,0,0,0,0,0,0,0,0,1,0,1,0,0,0,0,0,0,0,0,,0,0,0,0,
6,5.61,0,-34.6,35.5,0,0,0,-3.75,0,0,0,0,-4.5,0,0,0,0,-0.00229183,0,0,0,0,0,0,0,0,0,1,80,55,0,0.00034,0.00034,3,5,0,0,0,0,0,0,0,0,0,0,1,0,1,0,0,0,0,0,0,0,0,,0,0,0,0,
7,5.61,0,-24.3,35.5,0,0,0,-5.6,0,0,0,0,-9.5,0,0,0,0,-0.00229183,0,0,0,0,0,0,0,0,0,1,80,55,0,0.00034,0.00034,3,5,0,0,0,0,0,0,0,0,0,0,1,0,1,0,0,0,0,0,0,0,0,,0,0,0,0,
8,6.41,0,34.3,26,0,0,0,-9.3,0,0,0,0,-10.5,0,0,0,0,-0.00229183,0,0,0,0,0,0,0,0,0,1,71,55,0,0.00034,0.00034,3,5,0,0,0,0,0,0,0,0,0,0,1,0,1,0,0,0,0,0,0,0,0,,0,0,0,0,
9,7.58,0,32.45,43,0,0,0,6.65,0,0,0,0,7.5,0,0,0,0,-0.00229183,0,0,0,0,0,0,0,0,0,1,89,55,0,0.00034,0.00034,3,5,0,0,0,0,0,0,0,0,0,0,1,0,1,0,0,0,0,0,0,0,0,,0,0,0,0,
10,8.12,0,-24.65,29.5,0,0,0,10.55,0,0,0,0,-11.5,0,0,0,0,-0.00229183,0,0,0,0,0,0,0,0,0,1,75,55,0,0.00034,0.00034,3,5,0,0,0,0,0,0,0,0,0,0,1,0,1,0,0,0,0,0,0,0,0,,0,0,0,0,
11,8.51,0,45.15,31.5,0,0,0,5.75,0,0,0,0,7,0,0,0,0,-0.00229183,0,0,0,0,0,0,0,0,0,1,78,55,0,0.00034,0.00034,3,5,0,0,0,0,0,0,0,0,0,0,1,0,1,0,0,0,0,0,0,0,0,,0,0,0,0,
12,8.96,0,-32.85,26.5,0,0,0,-1.6,0,0,0,0,-9.5,0,0,0,0,-0.00229183,0,0,0,0,0,0,0,0,0,1,73,55,0,0.00034,0.00034,3,5,0,0,0,0,0,0,0,0,0,0,1,0,1,0,0,0,0,0,0,0,0,,0,0,0,0,
13,9.39,0,-29.35,24.5,0,0,0,-3.3,0,0,0,0,-13.5,0,0,0,0,-0.00229183,0,0,0,0,0,0,0,0,0,1,71,55,0,0.00034,0.00034,3,0,0,0,0,0,0,0,0,0,0,0,1,0,1,0,0,0,0,0,0,0,0,,0,0,0,0,
14,9.88,0,-28.3,21,0,0,0,-1.35,0,0,0,0,-17.5,0,0,0,0,-0.00229183,0,0,0,0,0,0,0,0,0,1,67,55,0,0.00034,0.00034,3,5,0,0,0,0,0,0,0,0,0,0,1,0,1,0,0,0,0,0,0,0,0,,0,0,0,0,
15,12.16,0,-12.85,27,0,0,0,12.05,0,0,0,0,-15.5,0,0,0,0,-0.00229183,0,0,0,0,0,0,0,0,0,1,74,55,0,0.00034,0.00034,3,5,0,0,0,0,0,0,0,0,0,0,1,0,1,0,0,0,0,0,0,0,0,,0,0,0,0,
16,12.99,0,-23.2,21,0,0,0,-1.75,0,0,0,0,-18,0,0,0,0,-0.00229183,0,0,0,0,0,0,0,0,0,1,68,55,0,0.00034,0.00034,3,5,0,0,0,0,0,0,0,0,0,0,1,0,1,0,0,0,0,0,0,0,0,,0,0,0,0,
END,Total:17
START,FrameNb:141,CameraNb:0,HeSaiNb:0,ARS410Nb:0
2026/08/02 16:19:43:800---->
heightOffset:0,1785658783800,1073368,selfCaliBufCnt:0,selfAccObjCnt:0,selfAccAngle:0,installHAngleOffset:0,Interpolation:0,installVAngleOffset:0,radarOffsetH:0,radarOffsetV:0.32,Polynom:-0.001023;-0.0511;-2.047;0;0;0;-0.001023;-0.0511;-2.047;-25.5;0;0,WheelDirection:0;0;0;0,selfAngleOffset:0,selfAngleOffsetPit:0,currCaliAngleHrz:0,currCaliAnglePit:0,selfCaliAngleHrz:0,selfCaliAnglePit:0,servCaliAngleHrz:0,servCaliAnglePit:0,offlineCaliAngleHrz:0,offlineCaliAnglePit:0,determine2useFlag:0,IMU_Z_Accel:-21.592,IMU_X_AngularRate:-2.093,IMU_Y_AngularRate:-2.093,IMU_RollAngle:-180,IMU_PitchAngle:-180,IMU_YawAngle:-180,FcwID:0,FCWWarningLevel:0,FCWTTC:0
0,2.35,0,50.8,29.5,0,0,0,-10.1,1.37605e-33,0,0,0,4.5,0,0,0,0,-0.00229183,0,0,0,0,0,0,0,0,0,1,78,62,0,0.00034,0.00034,3,5,0,0,0,0,0,0,0,0,0,0,1,0,0,0,0,0,0,0,0,0,0,,0,0,0,0,
1,2.79,0,-33.8,45.5,0,0,0,1.2,0,0,0,0,7,0,0,0,0,-0.00229183,0,0,0,0,0,0,0,0,0,1,94,62,0,0.00034,0.00034,3,5,0,0,0,0,0,0,0,0,0,0,1,0,0,0,0,0,0,0,0,0,0,,0,0,0,0,
2,3.28,0,13.8,37.5,0,0,0,1.3,0,0,0,0,-8,0,0,0,0,-0.00229183,0,0,0,0,0,0,0,0,0,1,86,62,0,0.00034,0.00034,3,0,0,0,0,0,0,0,0,0,0,0,1,0,0,0,0,0,0,0,0,0,0,,0,0,0,0,
3,3.58,0,-50,32.5,0,0,0,-5.75,0,0,0,0,8,0,0,0,0,-0.00229183,0,0,0,0,0,0,0,0,0,1,81,62,0,0.00034,0.00034,3,7,0,0,0,0,0,0,0,0,0,0,1,0,0,0,0,0,0,0,0,0,0,,0,0,0,0,
4,4.07,0,1.9,39,0,0,0,2.95,0,0,0,0,-9,0,0,0,0,-0.00229183,0,0,0,0,0,0,0,0,0,1,87,62,0,0.00034,0.00034,3,5,0,0,0,0,0,0,0,0,0,0,1,0,0,0,0,0,0,0,0,0,0,,0,0,0,0,
5,5.09,0,-35.8,32.5,0,0,0,-1.25,0,0,0,0,-7.5,0,0,0,0,-0.00229183,0,0,0,0,0,0,0,0,0,1,78,62,0,0.00034,0.00034,3,5,0,0,0,0,0,0,0,0,0,0,1,0,0,0,0,0,0,0,0,0,0,,0,0,0,0,
6,5.61,0,-34.65,35.5,0,0,0,-4.05,0,0,0,0,-4.5,0,0,0,0,-0.00229183,0,0,0,0,0,0,0,0,0,1,80,62,0,0.00034,0.00034,3,5,0,0,0,0,0,0,0,0,0,0,1,0,0,0,0,0,0,0,0,0,0,,0,0,0,0,
7,5.61,0,-24.2,35.5,0,0,0,-6.05,0,0,0,0,-9.5,0,0,0,0,-0.00229183,0,0,0,0,0,0,0,0,0,1,80,62,0,0.00034,0.00034,3,5,0,0,0,0,0,0,0,0,0,0,1,0,0,0,0,0,0,0,0,0,0,,0,0,0,0,
8,6.4,0,71.7,26,0,0,0,-15,0,0,0,0,18.5,0,0,0,0,-0.00229183,0,0,0,0,0,0,0,0,0,1,71,62,0,0.00034,0.00034,2,-1,0,0,0,0,0,0,0,0,0,0,1,0,0,0,0,0,0,0,0,0,0,,0,0,0,0,
9,7.59,0,32.55,43,0,0,0,6.7,0,0,0,0,7.5,0,0,0,0,-0.00229183,0,0,0,0,0,0,0,0,0,1,89,62,0,0.00034,0.00034,3,5,0,0,0,0,0,0,0,0,0,0,1,0,0,0,0,0,0,0,0,0,0,,0,0,0,0,
10,8.09,0,-24.6,29,0,0,0,10.7,0,0,0,0,-11.5,0,0,0,0,-0.00229183,0,0,0,0,0,0,0,0,0,1,76,62,0,0.00034,0.00034,3,5,0,0,0,0,0,0,0,0,0,0,1,0,0,0,0,0,0,0,0,0,0,,0,0,0,0,
11,8.51,0,45.2,31,0,0,0,5.9,0,0,0,0,7,0,0,0,0,-0.00229183,0,0,0,0,0,0,0,0,0,1,78,62,0,0.00034,0.00034,3,5,0,0,0,0,0,0,0,0,0,0,1,0,0,0,0,0,0,0,0,0,0,,0,0,0,0,
12,9,0,-32.8,26.5,0,0,0,-1.45,0,0,0,0,-9.5,0,0,0,0,-0.00229183,0,0,0,0,0,0,0,0,0,1,73,62,0,0.00034,0.00034,3,5,0,0,0,0,0,0,0,0,0,0,1,0,0,0,0,0,0,0,0,0,0,,0,0,0,0,
13,9.4,0,-29.35,24,0,0,0,-3.3,0,0,0,0,-13.5,0,0,0,0,-0.00229183,0,0,0,0,0,0,0,0,0,1,71,62,0,0.00034,0.00034,3,5,0,0,0,0,0,0,0,0,0,0,1,0,0,0,0,0,0,0,0,0,0,,0,0,0,0,
14,12.16,0,-12.95,27,0,0,0,12.2,0,0,0,0,-15.5,0,0,0,0,-0.00229183,0,0,0,0,0,0,0,0,0,1,74,62,0,0.00034,0.00034,3,5,0,0,0,0,0,0,0,0,0,0,1,0,0,0,0,0,0,0,0,0,0,,0,0,0,0,
15,12.98,0,-23.2,21,0,0,0,-1.55,0,0,0,0,-18,0,0,0,0,-0.00229183,0,0,0,0,0,0,0,0,0,1,67,62,0,0.00034,0.00034,3,5,0,0,0,0,0,0,0,0,0,0,1,0,0,0,0,0,0,0,0,0,0,,0,0,0,0,
END,Total:16
START,FrameNb:142,CameraNb:0,HeSaiNb:0,ARS410Nb:0
2026/08/02 16:19:43:851---->
heightOffset:0,1785658783851,1073432,selfCaliBufCnt:0,selfAccObjCnt:0,selfAccAngle:0,installHAngleOffset:0,Interpolation:0,installVAngleOffset:0,radarOffsetH:0,radarOffsetV:0.32,Polynom:-0.001023;-0.0511;-2.047;0;0;0;-0.001023;-0.0511;-2.047;-25.5;0;0,WheelDirection:0;0;0;0,selfAngleOffset:0,selfAngleOffsetPit:0,currCaliAngleHrz:0,currCaliAnglePit:0,selfCaliAngleHrz:0,selfCaliAnglePit:0,servCaliAngleHrz:0,servCaliAnglePit:0,offlineCaliAngleHrz:0,offlineCaliAnglePit:0,determine2useFlag:0,IMU_Z_Accel:-21.592,IMU_X_AngularRate:-2.093,IMU_Y_AngularRate:-2.093,IMU_RollAngle:-180,IMU_PitchAngle:-180,IMU_YawAngle:-180,FcwID:0,FCWWarningLevel:0,FCWTTC:0
0,2.35,0,51.05,29,0,0,0,-10.1,1.37605e-33,0,0,0,5.5,0,0,0,0,-0.00229183,0,0,0,0,0,0,0,0,0,1,78,60,0,0.00034,0.00034,3,5,0,0,0,0,0,0,0,0,0,0,1,0,1,0,0,0,0,0,0,0,0,,0,0,0,0,
1,2.79,0,-33.8,45,0,0,0,1.2,0,0,0,0,7,0,0,0,0,-0.00229183,0,0,0,0,0,0,0,0,0,1,94,60,0,0.00034,0.00034,3,5,0,0,0,0,0,0,0,0,0,0,1,0,1,0,0,0,0,0,0,0,0,,0,0,0,0,
2,3.26,0,13.8,37,0,0,0,1.3,0,0,0,0,-8,0,0,0,0,-0.00229183,0,0,0,0,0,0,0,0,0,1,86,60,0,0.00034,0.00034,3,5,0,0,0,0,0,0,0,0,0,0,1,0,1,0,0,0,0,0,0,0,0,,0,0,0,0,
3,3.58,0,-50.1,32.5,0,0,0,-5.85,0,0,0,0,8,0,0,0,0,-0.00229183,0,0,0,0,0,0,0,0,0,1,81,60,0,0.00034,0.00034,3,5,0,0,0,0,0,0,0,0,0,0,1,0,1,0,0,0,0,0,0,0,0,,0,0,0,0,
4,4.07,0,1.9,38.5,0,0,0,2.95,0,0,0,0,-9,0,0,0,0,-0.00229183,0,0,0,0,0,0,0,0,0,1,87,60,0,0.00034,0.00034,3,5,0,0,0,0,0,0,0,0,0,0,1,0,1,0,0,0,0,0,0,0,0,,0,0,0,0,
5,5.09,0,-36.05,32.5,0,0,0,-1.3,0,0,0,0,-6.5,0,0,0,0,-0.00229183,0,0,0,0,0,0,0,0,0,1,78,60,0,0.00034,0.00034,3,0,0,0,0,0,0,0,0,0,0,0,1,0,1,0,0,0,0,0,0,0,0,,0,0,0,0,
6,5.61,0,-34.65,35,0,0,0,-3.95,0,0,0,0,-4.5,0,0,0,0,-0.00229183,0,0,0,0,0,0,0,0,0,1,80,60,0,0.00034,0.00034,3,5,0,0,0,0,0,0,0,0,0,0,1,0,1,0,0,0,0,0,0,0,0,,0,0,0,0,
7,5.61,0,-24.2,35,0,0,0,-5.95,0,0,0,0,-9.5,0,0,0,0,-0.00229183,0,0,0,0,0,0,0,0,0,1,80,60,0,0.00034,0.00034,3,5,0,0,0,0,0,0,0,0,0,0,1,0,1,0,0,0,0,0,0,0,0,,0,0,0,0,
8,6.41,0,71.7,26,0,0,0,-13.6,0,0,0,0,18.5,0,0,0,0,-0.00229183,0,0,0,0,0,0,0,0,0,1,71,60,0,0.00034,0.00034,3,5,0,0,0,0,0,0,0,0,0,0,1,0,1,0,0,0,0,0,0,0,0,,0,0,0,0,
9,7.58,0,32.6,43,0,0,0,6.9,0,0,0,0,8,0,0,0,0,-0.00229183,0,0,0,0,0,0,0,0,0,1,89,60,0,0.00034,0.00034,3,5,0,0,0,0,0,0,0,0,0,0,1,0,1,0,0,0,0,0,0,0,0,,0,0,0,0,
10,8.08,0,-24.65,29,0,0,0,10.55,0,0,0,0,-12,0,0,0,0,-0.00229183,0,0,0,0,0,0,0,0,0,1,75,60,0,0.00034,0.00034,3,5,0,0,0,0,0,0,0,0,0,0,1,0,1,0,0,0,0,0,0,0,0,,0,0,0,0,
11,8.52,0,45.15,31.5,0,0,0,5.75,0,0,0,0,7,0,0,0,0,-0.00229183,0,0,0,0,0,0,0,0,0,1,78,60,0,0.00034,0.00034,3,5,0,0,0,0,0,0,0,0,0,0,1,0,1,0,0,0,0,0,0,0,0,,0,0,0,0,
12,8.98,0,-32.8,26.5,0,0,0,-1.7,0,0,0,0,-9.5,0,0,0,0,-0.00229183,0,0,0,0,0,0,0,0,0,1,73,60,0,0.00034,0.00034,3,5,0,0,0,0,0,0,0,0,0,0,1,0,1,0,0,0,0,0,0,0,0,,0,0,0,0,
13,9.39,0,-29.35,24,0,0,0,-3.3,0,0,0,0,-13.5,0,0,0,0,-0.00229183,0,0,0,0,0,0,0,0,0,1,71,60,0,0.00034,0.00034,3,0,0,0,0,0,0,0,0,0,0,0,1,0,1,0,0,0,0,0,0,0,0,,0,0,0,0,
14,12.16,0,-12.85,27,0,0,0,12,0,0,0,0,-15.5,0,0,0,0,-0.00229183,0,0,0,0,0,0,0,0,0,1,74,60,0,0.00034,0.00034,3,5,0,0,0,0,0,0,0,0,0,0,1,0,1,0,0,0,0,0,0,0,0,,0,0,0,0,
15,12.99,0,-23.3,21,0,0,0,-1.45,0,0,0,0,-18,0,0,0,0,-0.00229183,0,0,0,0,0,0,0,0,0,1,67,60,0,0.00034,0.00034,3,5,0,0,0,0,0,0,0,0,0,0,1,0,1,0,0,0,0,0,0,0,0,,0,0,0,0,
END,Total:16
START,FrameNb:143,CameraNb:0,HeSaiNb:0,ARS410Nb:0
2026/08/02 16:19:43:906---->
heightOffset:0,1785658783906,1073484,selfCaliBufCnt:0,selfAccObjCnt:0,selfAccAngle:0,installHAngleOffset:0,Interpolation:0,installVAngleOffset:0,radarOffsetH:0,radarOffsetV:0.32,Polynom:-0.001023;-0.0511;-2.047;0;0;0;-0.001023;-0.0511;-2.047;-25.5;0;0,WheelDirection:0;0;0;0,selfAngleOffset:0,selfAngleOffsetPit:0,currCaliAngleHrz:0,currCaliAnglePit:0,selfCaliAngleHrz:0,selfCaliAnglePit:0,servCaliAngleHrz:0,servCaliAnglePit:0,offlineCaliAngleHrz:0,offlineCaliAnglePit:0,determine2useFlag:0,IMU_Z_Accel:-21.592,IMU_X_AngularRate:-2.093,IMU_Y_AngularRate:-2.093,IMU_RollAngle:-180,IMU_PitchAngle:-180,IMU_YawAngle:-180,FcwID:0,FCWWarningLevel:0,FCWTTC:0
0,2.35,0,31.4,29.5,0,0,0,10.3,1.37605e-33,0,0,0,-8.5,0,0,0,0,-0.00229183,0,0,0,0,0,0,0,0,0,1,78,60,0,0.00034,0.00034,3,5,0,0,0,0,0,0,0,0,0,0,1,0,0,0,0,0,0,0,0,0,0,,0,0,0,0,
1,2.79,0,-33.8,45.5,0,0,0,1.2,0,0,0,0,7,0,0,0,0,-0.00229183,0,0,0,0,0,0,0,0,0,1,94,60,0,0.00034,0.00034,3,5,0,0,0,0,0,0,0,0,0,0,1,0,0,0,0,0,0,0,0,0,0,,0,0,0,0,
2,3.27,0,13.8,37.5,0,0,0,1.4,0,0,0,0,-8,0,0,0,0,-0.00229183,0,0,0,0,0,0,0,0,0,1,86,60,0,0.00034,0.00034,3,0,0,0,0,0,0,0,0,0,0,0,1,0,0,0,0,0,0,0,0,0,0,,0,0,0,0,
3,3.58,0,-50.2,32.5,0,0,0,-5.95,0,0,0,0,8,0,0,0,0,-0.00229183,0,0,0,0,0,0,0,0,0,1,81,60,0,0.00034,0.00034,3,7,0,0,0,0,0,0,0,0,0,0,1,0,0,0,0,0,0,0,0,0,0,,0,0,0,0,
4,4.07,0,1.9,39,0,0,0,2.95,0,0,0,0,-9,0,0,0,0,-0.00229183,0,0,0,0,0,0,0,0,0,1,87,60,0,0.00034,0.00034,3,5,0,0,0,0,0,0,0,0,0,0,1,0,0,0,0,0,0,0,0,0,0,,0,0,0,0,
5,5.07,0,-35.8,32.5,0,0,0,-1.45,0,0,0,0,-7.5,0,0,0,0,-0.00229183,0,0,0,0,0,0,0,0,0,1,78,60,0,0.00034,0.00034,3,0,0,0,0,0,0,0,0,0,0,0,1,0,0,0,0,0,0,0,0,0,0,,0,0,0,0,
6,5.61,0,-34.8,35.5,0,0,0,-3.6,0,0,0,0,-4.5,0,0,0,0,-0.00229183,0,0,0,0,0,0,0,0,0,1,80,60,0,0.00034,0.00034,3,5,0,0,0,0,0,0,0,0,0,0,1,0,0,0,0,0,0,0,0,0,0,,0,0,0,0,
7,5.61,0,-24.15,35.5,0,0,0,-5.8,0,0,0,0,-9.5,0,0,0,0,-0.00229183,0,0,0,0,0,0,0,0,0,1,80,60,0,0.00034,0.00034,3,5,0,0,0,0,0,0,0,0,0,0,1,0,0,0,0,0,0,0,0,0,0,,0,0,0,0,
8,6.37,0,71.65,25.5,0,0,0,-15,0,0,0,0,18.5,0,0,0,0,-0.00229183,0,0,0,0,0,0,0,0,0,1,71,60,0,0.00034,0.00034,3,5,0,0,0,0,0,0,0,0,0,0,1,0,0,0,0,0,0,0,0,0,0,,0,0,0,0,
9,6.82,0,-36.2,26,0,0,0,-1.1,0,0,0,0,-10.5,0,0,0,0,-0.00229183,0,0,0,0,0,0,0,0,0,1,72,60,0,0.00034,0.00034,3,5,0,0,0,0,0,0,0,0,0,0,1,0,0,0,0,0,0,0,0,0,0,,0,0,0,0,
10,7.59,0,32.6,43.5,0,0,0,6.9,0,0,0,0,8,0,0,0,0,-0.00229183,0,0,0,0,0,0,0,0,0,1,89,60,0,0.00034,0.00034,3,5,0,0,0,0,0,0,0,0,0,0,1,0,0,0,0,0,0,0,0,0,0,,0,0,0,0,
11,8.07,0,-24.55,29.5,0,0,0,10.55,0,0,0,0,-12,0,0,0,0,-0.00229183,0,0,0,0,0,0,0,0,0,1,75,60,0,0.00034,0.00034,3,5,0,0,0,0,0,0,0,0,0,0,1,0,0,0,0,0,0,0,0,0,0,,0,0,0,0,
12,8.52,0,45.15,31.5,0,0,0,6,0,0,0,0,7,0,0,0,0,-0.00229183,0,0,0,0,0,0,0,0,0,1,78,60,0,0.00034,0.00034,3,5,0,0,0,0,0,0,0,0,0,0,1,0,0,0,0,0,0,0,0,0,0,,0,0,0,0,
13,8.96,0,-32.85,26.5,0,0,0,-1.3,0,0,0,0,-9.5,0,0,0,0,-0.00229183,0,0,0,0,0,0,0,0,0,1,73,60,0,0.00034,0.00034,3,5,0,0,0,0,0,0,0,0,0,0,1,0,0,0,0,0,0,0,0,0,0,,0,0,0,0,
14,9.41,0,-29.4,24.5,0,0,0,-3.2,0,0,0,0,-13.5,0,0,0,0,-0.00229183,0,0,0,0,0,0,0,0,0,1,71,60,0,0.00034,0.00034,3,0,0,0,0,0,0,0,0,0,0,0,1,0,0,0,0,0,0,0,0,0,0,,0,0,0,0,
15,12.16,0,-12.95,27,0,0,0,12.3,0,0,0,0,-15.5,0,0,0,0,-0.00229183,0,0,0,0,0,0,0,0,0,1,74,60,0,0.00034,0.00034,3,5,0,0,0,0,0,0,0,0,0,0,1,0,0,0,0,0,0,0,0,0,0,,0,0,0,0,
16,12.98,0,-23.4,21,0,0,0,-1.7,0,0,0,0,-18,0,0,0,0,-0.00229183,0,0,0,0,0,0,0,0,0,1,68,60,0,0.00034,0.00034,3,5,0,0,0,0,0,0,0,0,0,0,1,0,0,0,0,0,0,0,0,0,0,,0,0,0,0,
END,Total:17
START,FrameNb:144,CameraNb:0,HeSaiNb:0,ARS410Nb:0
2026/08/02 16:19:43:966---->
heightOffset:0,1785658783966,1073544,selfCaliBufCnt:0,selfAccObjCnt:0,selfAccAngle:0,installHAngleOffset:0,Interpolation:0,installVAngleOffset:0,radarOffsetH:0,radarOffsetV:0.32,Polynom:-0.001023;-0.0511;-2.047;0;0;0;-0.001023;-0.0511;-2.047;-25.5;0;0,WheelDirection:0;0;0;0,selfAngleOffset:0,selfAngleOffsetPit:0,currCaliAngleHrz:0,currCaliAnglePit:0,selfCaliAngleHrz:0,selfCaliAnglePit:0,servCaliAngleHrz:0,servCaliAnglePit:0,offlineCaliAngleHrz:0,offlineCaliAnglePit:0,determine2useFlag:0,IMU_Z_Accel:-21.592,IMU_X_AngularRate:-2.093,IMU_Y_AngularRate:-2.093,IMU_RollAngle:-180,IMU_PitchAngle:-180,IMU_YawAngle:-180,FcwID:0,FCWWarningLevel:0,FCWTTC:0
0,2.35,0,51.05,29,0,0,0,-10.2,1.37605e-33,0,0,0,5.5,0,0,0,0,-0.00229183,0,0,0,0,0,0,0,0,0,1,78,54,0,0.00034,0.00034,2,-1,0,0,0,0,0,0,0,0,0,0,1,0,1,0,0,0,0,0,0,0,0,,0,0,0,0,
1,2.79,0,-33.8,45,0,0,0,1.2,0,0,0,0,7,0,0,0,0,-0.00229183,0,0,0,0,0,0,0,0,0,1,94,54,0,0.00034,0.00034,3,5,0,0,0,0,0,0,0,0,0,0,1,0,1,0,0,0,0,0,0,0,0,,0,0,0,0,
2,3.27,0,13.8,37,0,0,0,1.3,0,0,0,0,-8,0,0,0,0,-0.00229183,0,0,0,0,0,0,0,0,0,1,86,54,0,0.00034,0.00034,3,0,0,0,0,0,0,0,0,0,0,0,1,0,1,0,0,0,0,0,0,0,0,,0,0,0,0,
3,3.58,0,-50.3,32,0,0,0,-5.95,0,0,0,0,8,0,0,0,0,-0.00229183,0,0,0,0,0,0,0,0,0,1,81,54,0,0.00034,0.00034,3,5,0,0,0,0,0,0,0,0,0,0,1,0,1,0,0,0,0,0,0,0,0,,0,0,0,0,
4,4.07,0,1.9,38.5,0,0,0,2.95,0,0,0,0,-9,0,0,0,0,-0.00229183,0,0,0,0,0,0,0,0,0,1,87,54,0,0.00034,0.00034,3,5,0,0,0,0,0,0,0,0,0,0,1,0,1,0,0,0,0,0,0,0,0,,0,0,0,0,
5,5.08,0,-36,32,0,0,0,-1.25,0,0,0,0,-6.5,0,0,0,0,-0.00229183,0,0,0,0,0,0,0,0,0,1,78,54,0,0.00034,0.00034,3,0,0,0,0,0,0,0,0,0,0,0,1,0,1,0,0,0,0,0,0,0,0,,0,0,0,0,
6,5.61,0,-34.7,35,0,0,0,-3.95,0,0,0,0,-4.5,0,0,0,0,-0.00229183,0,0,0,0,0,0,0,0,0,1,80,54,0,0.00034,0.00034,3,5,0,0,0,0,0,0,0,0,0,0,1,0,1,0,0,0,0,0,0,0,0,,0,0,0,0,
7,5.61,0,-24.2,35,0,0,0,-5.95,0,0,0,0,-9.5,0,0,0,0,-0.00229183,0,0,0,0,0,0,0,0,0,1,80,54,0,0.00034,0.00034,3,5,0,0,0,0,0,0,0,0,0,0,1,0,1,0,0,0,0,0,0,0,0,,0,0,0,0,
8,6.3,0,71.7,26,0,0,0,-15,0,0,0,0,18.5,0,0,0,0,-0.00229183,0,0,0,0,0,0,0,0,0,1,71,54,0,0.00034,0.00034,3,5,0,0,0,0,0,0,0,0,0,0,1,0,1,0,0,0,0,0,0,0,0,,0,0,0,0,
9,7.59,0,32.65,43,0,0,0,6.95,0,0,0,0,8,0,0,0,0,-0.00229183,0,0,0,0,0,0,0,0,0,1,89,54,0,0.00034,0.00034,3,5,0,0,0,0,0,0,0,0,0,0,1,0,1,0,0,0,0,0,0,0,0,,0,0,0,0,
10,8.08,0,-24.7,29,0,0,0,10.55,0,0,0,0,-12,0,0,0,0,-0.00229183,0,0,0,0,0,0,0,0,0,1,75,54,0,0.00034,0.00034,3,5,0,0,0,0,0,0,0,0,0,0,1,0,1,0,0,0,0,0,0,0,0,,0,0,0,0,
11,8.52,0,45.2,31.5,0,0,0,5.8,0,0,0,0,7,0,0,0,0,-0.00229183,0,0,0,0,0,0,0,0,0,1,78,54,0,0.00034,0.00034,3,5,0,0,0,0,0,0,0,0,0,0,1,0,1,0,0,0,0,0,0,0,0,,0,0,0,0,
12,8.97,0,-32.8,26.5,0,0,0,-1.45,0,0,0,0,-10,0,0,0,0,-0.00229183,0,0,0,0,0,0,0,0,0,1,73,54,0,0.00034,0.00034,3,5,0,0,0,0,0,0,0,0,0,0,1,0,1,0,0,0,0,0,0,0,0,,0,0,0,0,
13,9.42,0,-29.35,24,0,0,0,-3.25,0,0,0,0,-13.5,0,0,0,0,-0.00229183,0,0,0,0,0,0,0,0,0,1,71,54,0,0.00034,0.00034,3,5,0,0,0,0,0,0,0,0,0,0,1,0,1,0,0,0,0,0,0,0,0,,0,0,0,0,
14,9.77,0,-28.4,21.5,0,0,0,-1.2,0,0,0,0,-17.5,0,0,0,0,-0.00229183,0,0,0,0,0,0,0,0,0,1,68,54,0,0.00034,0.00034,3,5,0,0,0,0,0,0,0,0,0,0,1,0,1,0,0,0,0,0,0,0,0,,0,0,0,0,
15,12.16,0,-12.85,27,0,0,0,12.05,0,0,0,0,-15.5,0,0,0,0,-0.00229183,0,0,0,0,0,0,0,0,0,1,74,54,0,0.00034,0.00034,3,5,0,0,0,0,0,0,0,0,0,0,1,0,1,0,0,0,0,0,0,0,0,,0,0,0,0,
16,13,0,-23.15,21,0,0,0,-1.8,0,0,0,0,-18,0,0,0,0,-0.00229183,0,0,0,0,0,0,0,0,0,1,67,54,0,0.00034,0.00034,3,5,0,0,0,0,0,0,0,0,0,0,1,0,1,0,0,0,0,0,0,0,0,,0,0,0,0,
END,Total:17
START,FrameNb:145,CameraNb:0,HeSaiNb:0,ARS410Nb:0
2026/08/02 16:19:44:089---->
heightOffset:0,1785658784089,1073600,selfCaliBufCnt:0,selfAccObjCnt:0,selfAccAngle:0,installHAngleOffset:0,Interpolation:0,installVAngleOffset:0,radarOffsetH:0,radarOffsetV:0.32,Polynom:-0.001023;-0.0511;-2.047;0;0;0;-0.001023;-0.0511;-2.047;-25.5;0;0,WheelDirection:0;0;0;0,selfAngleOffset:0,selfAngleOffsetPit:0,currCaliAngleHrz:0,currCaliAnglePit:0,selfCaliAngleHrz:0,selfCaliAnglePit:0,servCaliAngleHrz:0,servCaliAnglePit:0,offlineCaliAngleHrz:0,offlineCaliAnglePit:0,determine2useFlag:0,IMU_Z_Accel:-21.592,IMU_X_AngularRate:-2.093,IMU_Y_AngularRate:-2.093,IMU_RollAngle:-180,IMU_PitchAngle:-180,IMU_YawAngle:-180,FcwID:0,FCWWarningLevel:0,FCWTTC:0
0,2.35,0,31.2,29.5,0,0,0,10.15,1.37605e-33,0,0,0,-8.5,0,0,0,0,-0.00229183,0,0,0,0,0,0,0,0,0,1,78,59,0,0.00034,0.00034,3,5,0,0,0,0,0,0,0,0,0,0,1,0,0,0,0,0,0,0,0,0,0,,0,0,0,0,
1,2.79,0,-33.8,45,0,0,0,1.2,0,0,0,0,7,0,0,0,0,-0.00229183,0,0,0,0,0,0,0,0,0,1,94,59,0,0.00034,0.00034,3,5,0,0,0,0,0,0,0,0,0,0,1,0,0,0,0,0,0,0,0,0,0,,0,0,0,0,
2,3.27,0,13.8,37.5,0,0,0,1.3,0,0,0,0,-8,0,0,0,0,-0.00229183,0,0,0,0,0,0,0,0,0,1,86,59,0,0.00034,0.00034,3,0,0,0,0,0,0,0,0,0,0,0,1,0,0,0,0,0,0,0,0,0,0,,0,0,0,0,
3,3.58,0,-50.3,32.5,0,0,0,-5.7,0,0,0,0,8,0,0,0,0,-0.00229183,0,0,0,0,0,0,0,0,0,1,81,59,0,0.00034,0.00034,3,7,0,0,0,0,0,0,0,0,0,0,1,0,0,0,0,0,0,0,0,0,0,,0,0,0,0,
4,4.07,0,1.9,38.5,0,0,0,2.95,0,0,0,0,-9,0,0,0,0,-0.00229183,0,0,0,0,0,0,0,0,0,1,87,59,0,0.00034,0.00034,3,5,0,0,0,0,0,0,0,0,0,0,1,0,0,0,0,0,0,0,0,0,0,,0,0,0,0,
5,5.08,0,-35.8,32.5,0,0,0,-1.3,0,0,0,0,-7.5,0,0,0,0,-0.00229183,0,0,0,0,0,0,0,0,0,1,78,59,0,0.00034,0.00034,3,0,0,0,0,0,0,0,0,0,0,0,1,0,0,0,0,0,0,0,0,0,0,,0,0,0,0,
6,5.61,0,-24.2,35,0,0,0,-6.2,0,0,0,0,-9.5,0,0,0,0,-0.00229183,0,0,0,0,0,0,0,0,0,1,80,59,0,0.00034,0.00034,3,5,0,0,0,0,0,0,0,0,0,0,1,0,0,0,0,0,0,0,0,0,0,,0,0,0,0,
7,5.61,0,-34.7,35,0,0,0,-4.05,0,0,0,0,-4.5,0,0,0,0,-0.00229183,0,0,0,0,0,0,0,0,0,1,80,59,0,0.00034,0.00034,3,5,0,0,0,0,0,0,0,0,0,0,1,0,0,0,0,0,0,0,0,0,0,,0,0,0,0,
8,6.41,0,71.7,26,0,0,0,-15,0,0,0,0,19,0,0,0,0,-0.00229183,0,0,0,0,0,0,0,0,0,1,71,59,0,0.00034,0.00034,3,5,0,0,0,0,0,0,0,0,0,0,1,0,0,0,0,0,0,0,0,0,0,,0,0,0,0,
9,6.83,0,-36.3,26,0,0,0,-0.55,0,0,0,0,-10.5,0,0,0,0,-0.00229183,0,0,0,0,0,0,0,0,0,1,72,59,0,0.00034,0.00034,3,5,0,0,0,0,0,0,0,0,0,0,1,0,0,0,0,0,0,0,0,0,0,,0,0,0,0,
10,7.59,0,32.65,43.5,0,0,0,6.95,0,0,0,0,8,0,0,0,0,-0.00229183,0,0,0,0,0,0,0,0,0,1,89,59,0,0.00034,0.00034,3,5,0,0,0,0,0,0,0,0,0,0,1,0,0,0,0,0,0,0,0,0,0,,0,0,0,0,
11,8.08,0,-24.7,29,0,0,0,10.75,0,0,0,0,-11.5,0,0,0,0,-0.00229183,0,0,0,0,0,0,0,0,0,1,75,59,0,0.00034,0.00034,3,5,0,0,0,0,0,0,0,0,0,0,1,0,0,0,0,0,0,0,0,0,0,,0,0,0,0,
12,8.51,0,45.2,31.5,0,0,0,6,0,0,0,0,7,0,0,0,0,-0.00229183,0,0,0,0,0,0,0,0,0,1,78,59,0,0.00034,0.00034,3,5,0,0,0,0,0,0,0,0,0,0,1,0,0,0,0,0,0,0,0,0,0,,0,0,0,0,
13,8.96,0,-32.85,26.5,0,0,0,-1.35,0,0,0,0,-10,0,0,0,0,-0.00229183,0,0,0,0,0,0,0,0,0,1,73,59,0,0.00034,0.00034,3,5,0,0,0,0,0,0,0,0,0,0,1,0,0,0,0,0,0,0,0,0,0,,0,0,0,0,
14,9.41,0,-29.4,24,0,0,0,-3.35,0,0,0,0,-13.5,0,0,0,0,-0.00229183,0,0,0,0,0,0,0,0,0,1,71,59,0,0.00034,0.00034,3,0,0,0,0,0,0,0,0,0,0,0,1,0,0,0,0,0,0,0,0,0,0,,0,0,0,0,
15,12.16,0,-12.95,27,0,0,0,12.25,0,0,0,0,-15.5,0,0,0,0,-0.00229183,0,0,0,0,0,0,0,0,0,1,74,59,0,0.00034,0.00034,3,5,0,0,0,0,0,0,0,0,0,0,1,0,0,0,0,0,0,0,0,0,0,,0,0,0,0,
16,12.99,0,-23.35,21,0,0,0,-1.55,0,0,0,0,-18,0,0,0,0,-0.00229183,0,0,0,0,0,0,0,0,0,1,67,59,0,0.00034,0.00034,3,5,0,0,0,0,0,0,0,0,0,0,1,0,0,0,0,0,0,0,0,0,0,,0,0,0,0,
END,Total:17
START,FrameNb:146,CameraNb:0,HeSaiNb:0,ARS410Nb:0
2026/08/02 16:19:44:124---->
heightOffset:0,1785658784124,1073660,selfCaliBufCnt:0,selfAccObjCnt:0,selfAccAngle:0,installHAngleOffset:0,Interpolation:0,installVAngleOffset:0,radarOffsetH:0,radarOffsetV:0.32,Polynom:-0.001023;-0.0511;-2.047;0;0;0;-0.001023;-0.0511;-2.047;-25.5;0;0,WheelDirection:0;0;0;0,selfAngleOffset:0,selfAngleOffsetPit:0,currCaliAngleHrz:0,currCaliAnglePit:0,selfCaliAngleHrz:0,selfCaliAnglePit:0,servCaliAngleHrz:0,servCaliAnglePit:0,offlineCaliAngleHrz:0,offlineCaliAnglePit:0,determine2useFlag:0,IMU_Z_Accel:-21.592,IMU_X_AngularRate:-2.093,IMU_Y_AngularRate:-2.093,IMU_RollAngle:-180,IMU_PitchAngle:-180,IMU_YawAngle:-180,FcwID:0,FCWWarningLevel:0,FCWTTC:0
0,2.35,0,51.1,29,0,0,0,-10.2,1.37605e-33,0,0,0,5.5,0,0,0,0,-0.00229183,0,0,0,0,0,0,0,0,0,1,78,55,0,0.00034,0.00034,2,-1,0,0,0,0,0,0,0,0,0,0,1,0,1,0,0,0,0,0,0,0,0,,0,0,0,0,
1,2.79,0,-33.8,45,0,0,0,1.2,0,0,0,0,7,0,0,0,0,-0.00229183,0,0,0,0,0,0,0,0,0,1,94,55,0,0.00034,0.00034,3,5,0,0,0,0,0,0,0,0,0,0,1,0,1,0,0,0,0,0,0,0,0,,0,0,0,0,
2,3.26,0,13.8,37,0,0,0,1.3,0,0,0,0,-8,0,0,0,0,-0.00229183,0,0,0,0,0,0,0,0,0,1,86,55,0,0.00034,0.00034,3,0,0,0,0,0,0,0,0,0,0,0,1,0,1,0,0,0,0,0,0,0,0,,0,0,0,0,
3,3.58,0,-50.3,32.5,0,0,0,-5.95,0,0,0,0,7.5,0,0,0,0,-0.00229183,0,0,0,0,0,0,0,0,0,1,80,55,0,0.00034,0.00034,3,5,0,0,0,0,0,0,0,0,0,0,1,0,1,0,0,0,0,0,0,0,0,,0,0,0,0,
4,4.07,0,1.9,38.5,0,0,0,2.95,0,0,0,0,-9,0,0,0,0,-0.00229183,0,0,0,0,0,0,0,0,0,1,87,55,0,0.00034,0.00034,3,5,0,0,0,0,0,0,0,0,0,0,1,0,1,0,0,0,0,0,0,0,0,,0,0,0,0,
5,5.07,0,-36,32.5,0,0,0,-1.25,0,0,0,0,-6.5,0,0,0,0,-0.00229183,0,0,0,0,0,0,0,0,0,1,78,55,0,0.00034,0.00034,3,0,0,0,0,0,0,0,0,0,0,0,1,0,1,0,0,0,0,0,0,0,0,,0,0,0,0,
6,5.61,0,-24.2,35,0,0,0,-5.95,0,0,0,0,-9.5,0,0,0,0,-0.00229183,0,0,0,0,0,0,0,0,0,1,80,55,0,0.00034,0.00034,3,5,0,0,0,0,0,0,0,0,0,0,1,0,1,0,0,0,0,0,0,0,0,,0,0,0,0,
7,5.61,0,-34.7,35,0,0,0,-3.95,0,0,0,0,-4.5,0,0,0,0,-0.00229183,0,0,0,0,0,0,0,0,0,1,80,55,0,0.00034,0.00034,3,5,0,0,0,0,0,0,0,0,0,0,1,0,1,0,0,0,0,0,0,0,0,,0,0,0,0,
8,6.41,0,34.1,26,0,0,0,-9.7,0,0,0,0,-10,0,0,0,0,-0.00229183,0,0,0,0,0,0,0,0,0,1,71,55,0,0.00034,0.00034,3,5,0,0,0,0,0,0,0,0,0,0,1,0,1,0,0,0,0,0,0,0,0,,0,0,0,0,
9,7.59,0,32.7,43.5,0,0,0,7,0,0,0,0,8,0,0,0,0,-0.00229183,0,0,0,0,0,0,0,0,0,1,89,55,0,0.00034,0.00034,3,5,0,0,0,0,0,0,0,0,0,0,1,0,1,0,0,0,0,0,0,0,0,,0,0,0,0,
10,8.1,0,-24.9,29,0,0,0,10.4,0,0,0,0,-12,0,0,0,0,-0.00229183,0,0,0,0,0,0,0,0,0,1,75,55,0,0.00034,0.00034,3,5,0,0,0,0,0,0,0,0,0,0,1,0,1,0,0,0,0,0,0,0,0,,0,0,0,0,
11,8.52,0,45.2,31.5,0,0,0,5.8,0,0,0,0,7,0,0,0,0,-0.00229183,0,0,0,0,0,0,0,0,0,1,78,55,0,0.00034,0.00034,3,5,0,0,0,0,0,0,0,0,0,0,1,0,1,0,0,0,0,0,0,0,0,,0,0,0,0,
12,8.97,0,-32.8,26.5,0,0,0,-1.35,0,0,0,0,-10,0,0,0,0,-0.00229183,0,0,0,0,0,0,0,0,0,1,73,55,0,0.00034,0.00034,3,5,0,0,0,0,0,0,0,0,0,0,1,0,1,0,0,0,0,0,0,0,0,,0,0,0,0,
13,9.39,0,-29.3,24.5,0,0,0,-3.3,0,0,0,0,-13.5,0,0,0,0,-0.00229183,0,0,0,0,0,0,0,0,0,1,71,55,0,0.00034,0.00034,3,5,0,0,0,0,0,0,0,0,0,0,1,0,1,0,0,0,0,0,0,0,0,,0,0,0,0,
14,12.16,0,-12.9,27,0,0,0,12.15,0,0,0,0,-15.5,0,0,0,0,-0.00229183,0,0,0,0,0,0,0,0,0,1,74,55,0,0.00034,0.00034,3,5,0,0,0,0,0,0,0,0,0,0,1,0,1,0,0,0,0,0,0,0,0,,0,0,0,0,
15,12.99,0,-23.3,21,0,0,0,-1.7,0,0,0,0,-18,0,0,0,0,-0.00229183,0,0,0,0,0,0,0,0,0,1,67,55,0,0.00034,0.00034,3,5,0,0,0,0,0,0,0,0,0,0,1,0,1,0,0,0,0,0,0,0,0,,0,0,0,0,
END,Total:16
START,FrameNb:147,CameraNb:0,HeSaiNb:0,ARS410Nb:0
2026/08/02 16:19:44:172---->
heightOffset:0,1785658784172,1073716,selfCaliBufCnt:0,selfAccObjCnt:0,selfAccAngle:0,installHAngleOffset:0,Interpolation:0,installVAngleOffset:0,radarOffsetH:0,radarOffsetV:0.32,Polynom:-0.001023;-0.0511;-2.047;0;0;0;-0.001023;-0.0511;-2.047;-25.5;0;0,WheelDirection:0;0;0;0,selfAngleOffset:0,selfAngleOffsetPit:0,currCaliAngleHrz:0,currCaliAnglePit:0,selfCaliAngleHrz:0,selfCaliAnglePit:0,servCaliAngleHrz:0,servCaliAnglePit:0,offlineCaliAngleHrz:0,offlineCaliAnglePit:0,determine2useFlag:0,IMU_Z_Accel:-21.592,IMU_X_AngularRate:-2.093,IMU_Y_AngularRate:-2.093,IMU_RollAngle:-180,IMU_PitchAngle:-180,IMU_YawAngle:-180,FcwID:0,FCWWarningLevel:0,FCWTTC:0
0,2.35,0,50.95,29,0,0,0,-10.2,1.37605e-33,0,0,0,4.5,0,0,0,0,-0.00229183,0,0,0,0,0,0,0,0,0,1,78,62,0,0.00034,0.00034,3,5,0,0,0,0,0,0,0,0,0,0,1,0,0,0,0,0,0,0,0,0,0,,0,0,0,0,
1,2.79,0,-33.8,45,0,0,0,1.2,0,0,0,0,7,0,0,0,0,-0.00229183,0,0,0,0,0,0,0,0,0,1,94,62,0,0.00034,0.00034,3,5,0,0,0,0,0,0,0,0,0,0,1,0,0,0,0,0,0,0,0,0,0,,0,0,0,0,
2,3.27,0,13.8,37,0,0,0,1.4,0,0,0,0,-8,0,0,0,0,-0.00229183,0,0,0,0,0,0,0,0,0,1,86,62,0,0.00034,0.00034,3,0,0,0,0,0,0,0,0,0,0,0,1,0,0,0,0,0,0,0,0,0,0,,0,0,0,0,
3,3.58,0,-50,32.5,0,0,0,-5.7,0,0,0,0,8,0,0,0,0,-0.00229183,0,0,0,0,0,0,0,0,0,1,81,62,0,0.00034,0.00034,3,7,0,0,0,0,0,0,0,0,0,0,1,0,0,0,0,0,0,0,0,0,0,,0,0,0,0,
4,4.07,0,1.9,38.5,0,0,0,2.95,0,0,0,0,-9,0,0,0,0,-0.00229183,0,0,0,0,0,0,0,0,0,1,87,62,0,0.00034,0.00034,3,5,0,0,0,0,0,0,0,0,0,0,1,0,0,0,0,0,0,0,0,0,0,,0,0,0,0,
5,5.1,0,-35.8,32.5,0,0,0,-1.3,0,0,0,0,-7.5,0,0,0,0,-0.00229183,0,0,0,0,0,0,0,0,0,1,78,62,0,0.00034,0.00034,3,0,0,0,0,0,0,0,0,0,0,0,1,0,0,0,0,0,0,0,0,0,0,,0,0,0,0,
6,5.61,0,-34.65,35,0,0,0,-3.8,0,0,0,0,-4.5,0,0,0,0,-0.00229183,0,0,0,0,0,0,0,0,0,1,80,62,0,0.00034,0.00034,3,5,0,0,0,0,0,0,0,0,0,0,1,0,0,0,0,0,0,0,0,0,0,,0,0,0,0,
7,5.61,0,-24.3,35,0,0,0,-5.75,0,0,0,0,-9.5,0,0,0,0,-0.00229183,0,0,0,0,0,0,0,0,0,1,80,62,0,0.00034,0.00034,3,5,0,0,0,0,0,0,0,0,0,0,1,0,0,0,0,0,0,0,0,0,0,,0,0,0,0,
8,6.42,0,70,25.5,0,0,0,-11.7,0,0,0,0,17.5,0,0,0,0,-0.00229183,0,0,0,0,0,0,0,0,0,1,71,62,0,0.00034,0.00034,2,-1,0,0,0,0,0,0,0,0,0,0,1,0,0,0,0,0,0,0,0,0,0,,0,0,0,0,
9,6.83,0,-20,26,0,0,0,1.3,0,0,0,0,-18.5,0,0,0,0,-0.00229183,0,0,0,0,0,0,0,0,0,1,72,62,0,0.00034,0.00034,3,5,0,0,0,0,0,0,0,0,0,0,1,0,0,0,0,0,0,0,0,0,0,,0,0,0,0,
10,7.59,0,32.7,43,0,0,0,6.95,0,0,0,0,8,0,0,0,0,-0.00229183,0,0,0,0,0,0,0,0,0,1,89,62,0,0.00034,0.00034,3,5,0,0,0,0,0,0,0,0,0,0,1,0,0,0,0,0,0,0,0,0,0,,0,0,0,0,
11,8.09,0,-24.8,29,0,0,0,10.3,0,0,0,0,-12,0,0,0,0,-0.00229183,0,0,0,0,0,0,0,0,0,1,75,62,0,0.00034,0.00034,3,5,0,0,0,0,0,0,0,0,0,0,1,0,0,0,0,0,0,0,0,0,0,,0,0,0,0,
12,8.51,0,45.15,31.5,0,0,0,5.95,0,0,0,0,7,0,0,0,0,-0.00229183,0,0,0,0,0,0,0,0,0,1,78,62,0,0.00034,0.00034,3,5,0,0,0,0,0,0,0,0,0,0,1,0,0,0,0,0,0,0,0,0,0,,0,0,0,0,
13,8.97,0,-32.85,26,0,0,0,-1.45,0,0,0,0,-9.5,0,0,0,0,-0.00229183,0,0,0,0,0,0,0,0,0,1,73,62,0,0.00034,0.00034,3,5,0,0,0,0,0,0,0,0,0,0,1,0,0,0,0,0,0,0,0,0,0,,0,0,0,0,
14,9.4,0,-29.2,24.5,0,0,0,-3.45,0,0,0,0,-13.5,0,0,0,0,-0.00229183,0,0,0,0,0,0,0,0,0,1,71,62,0,0.00034,0.00034,3,5,0,0,0,0,0,0,0,0,0,0,1,0,0,0,0,0,0,0,0,0,0,,0,0,0,0,
15,12.16,0,-12.95,27,0,0,0,12.3,0,0,0,0,-15.5,0,0,0,0,-0.00229183,0,0,0,0,0,0,0,0,0,1,74,62,0,0.00034,0.00034,3,5,0,0,0,0,0,0,0,0,0,0,1,0,0,0,0,0,0,0,0,0,0,,0,0,0,0,
16,12.99,0,-23.5,21,0,0,0,-1.75,0,0,0,0,-17.5,0,0,0,0,-0.00229183,0,0,0,0,0,0,0,0,0,1,68,62,0,0.00034,0.00034,3,5,0,0,0,0,0,0,0,0,0,0,1,0,0,0,0,0,0,0,0,0,0,,0,0,0,0,
END,Total:17
START,FrameNb:148,CameraNb:0,HeSaiNb:0,ARS410Nb:0
2026/08/02 16:19:44:223---->
heightOffset:0,1785658784223,1073780,selfCaliBufCnt:0,selfAccObjCnt:0,selfAccAngle:0,installHAngleOffset:0,Interpolation:0,installVAngleOffset:0,radarOffsetH:0,radarOffsetV:0.32,Polynom:-0.001023;-0.0511;-2.047;0;0;0;-0.001023;-0.0511;-2.047;-25.5;0;0,WheelDirection:0;0;0;0,selfAngleOffset:0,selfAngleOffsetPit:0,currCaliAngleHrz:0,currCaliAnglePit:0,selfCaliAngleHrz:0,selfCaliAnglePit:0,servCaliAngleHrz:0,servCaliAnglePit:0,offlineCaliAngleHrz:0,offlineCaliAnglePit:0,determine2useFlag:0,IMU_Z_Accel:-21.592,IMU_X_AngularRate:-2.093,IMU_Y_AngularRate:-2.093,IMU_RollAngle:-180,IMU_PitchAngle:-180,IMU_YawAngle:-180,FcwID:0,FCWWarningLevel:0,FCWTTC:0
0,2.35,0,51.1,29,0,0,0,-10.2,1.37605e-33,0,0,0,5.5,0,0,0,0,-0.00229183,0,0,0,0,0,0,0,0,0,1,78,60,0,0.00034,0.00034,3,5,0,0,0,0,0,0,0,0,0,0,1,0,1,0,0,0,0,0,0,0,0,,0,0,0,0,
1,2.79,0,-33.8,45,0,0,0,1.2,0,0,0,0,7,0,0,0,0,-0.00229183,0,0,0,0,0,0,0,0,0,1,94,60,0,0.00034,0.00034,3,5,0,0,0,0,0,0,0,0,0,0,1,0,1,0,0,0,0,0,0,0,0,,0,0,0,0,
2,3.27,0,13.8,37,0,0,0,1.3,0,0,0,0,-8,0,0,0,0,-0.00229183,0,0,0,0,0,0,0,0,0,1,86,60,0,0.00034,0.00034,3,0,0,0,0,0,0,0,0,0,0,0,1,0,1,0,0,0,0,0,0,0,0,,0,0,0,0,
3,3.58,0,-50.35,32.5,0,0,0,-6.05,0,0,0,0,8,0,0,0,0,-0.00229183,0,0,0,0,0,0,0,0,0,1,81,60,0,0.00034,0.00034,3,5,0,0,0,0,0,0,0,0,0,0,1,0,1,0,0,0,0,0,0,0,0,,0,0,0,0,
4,4.07,0,1.9,38.5,0,0,0,2.95,0,0,0,0,-9,0,0,0,0,-0.00229183,0,0,0,0,0,0,0,0,0,1,87,60,0,0.00034,0.00034,3,5,0,0,0,0,0,0,0,0,0,0,1,0,1,0,0,0,0,0,0,0,0,,0,0,0,0,
5,5.08,0,-35.95,32,0,0,0,-1.3,0,0,0,0,-7.5,0,0,0,0,-0.00229183,0,0,0,0,0,0,0,0,0,1,78,60,0,0.00034,0.00034,3,0,0,0,0,0,0,0,0,0,0,0,1,0,1,0,0,0,0,0,0,0,0,,0,0,0,0,
6,5.61,0,-34.65,35,0,0,0,-3.8,0,0,0,0,-4.5,0,0,0,0,-0.00229183,0,0,0,0,0,0,0,0,0,1,80,60,0,0.00034,0.00034,3,5,0,0,0,0,0,0,0,0,0,0,1,0,1,0,0,0,0,0,0,0,0,,0,0,0,0,
7,5.61,0,-24.3,35,0,0,0,-5.6,0,0,0,0,-9.5,0,0,0,0,-0.00229183,0,0,0,0,0,0,0,0,0,1,80,60,0,0.00034,0.00034,3,5,0,0,0,0,0,0,0,0,0,0,1,0,1,0,0,0,0,0,0,0,0,,0,0,0,0,
8,6.42,0,34.05,25.5,0,0,0,-9.55,0,0,0,0,-10.5,0,0,0,0,-0.00229183,0,0,0,0,0,0,0,0,0,1,71,60,0,0.00034,0.00034,3,5,0,0,0,0,0,0,0,0,0,0,1,0,1,0,0,0,0,0,0,0,0,,0,0,0,0,
9,6.83,0,49.15,26.5,0,0,0,-8.55,0,0,0,0,2,0,0,0,0,-0.00229183,0,0,0,0,0,0,0,0,0,1,72,60,0,0.00034,0.00034,3,5,0,0,0,0,0,0,0,0,0,0,1,0,1,0,0,0,0,0,0,0,0,,0,0,0,0,
10,7.59,0,32.7,43,0,0,0,6.9,0,0,0,0,7.5,0,0,0,0,-0.00229183,0,0,0,0,0,0,0,0,0,1,89,60,0,0.00034,0.00034,3,5,0,0,0,0,0,0,0,0,0,0,1,0,1,0,0,0,0,0,0,0,0,,0,0,0,0,
11,8.11,0,-25.05,29,0,0,0,10.25,0,0,0,0,-12,0,0,0,0,-0.00229183,0,0,0,0,0,0,0,0,0,1,75,60,0,0.00034,0.00034,3,5,0,0,0,0,0,0,0,0,0,0,1,0,1,0,0,0,0,0,0,0,0,,0,0,0,0,
12,8.51,0,45.2,31.5,0,0,0,5.9,0,0,0,0,7,0,0,0,0,-0.00229183,0,0,0,0,0,0,0,0,0,1,78,60,0,0.00034,0.00034,3,5,0,0,0,0,0,0,0,0,0,0,1,0,1,0,0,0,0,0,0,0,0,,0,0,0,0,
13,8.96,0,-32.9,26.5,0,0,0,-1.35,0,0,0,0,-10,0,0,0,0,-0.00229183,0,0,0,0,0,0,0,0,0,1,73,60,0,0.00034,0.00034,3,5,0,0,0,0,0,0,0,0,0,0,1,0,1,0,0,0,0,0,0,0,0,,0,0,0,0,
14,9.4,0,-29.2,24.5,0,0,0,-3.45,0,0,0,0,-13.5,0,0,0,0,-0.00229183,0,0,0,0,0,0,0,0,0,1,71,60,0,0.00034,0.00034,3,5,0,0,0,0,0,0,0,0,0,0,1,0,1,0,0,0,0,0,0,0,0,,0,0,0,0,
15,12.16,0,-12.85,27,0,0,0,12.15,0,0,0,0,-15.5,0,0,0,0,-0.00229183,0,0,0,0,0,0,0,0,0,1,74,60,0,0.00034,0.00034,3,5,0,0,0,0,0,0,0,0,0,0,1,0,1,0,0,0,0,0,0,0,0,,0,0,0,0,
16,12.99,0,-23.3,21,0,0,0,-1.7,0,0,0,0,-18,0,0,0,0,-0.00229183,0,0,0,0,0,0,0,0,0,1,67,60,0,0.00034,0.00034,3,5,0,0,0,0,0,0,0,0,0,0,1,0,1,0,0,0,0,0,0,0,0,,0,0,0,0,
END,Total:17
START,FrameNb:149,CameraNb:0,HeSaiNb:0,ARS410Nb:0
2026/08/02 16:19:44:280---->
heightOffset:0,1785658784280,1073836,selfCaliBufCnt:0,selfAccObjCnt:0,selfAccAngle:0,installHAngleOffset:0,Interpolation:0,installVAngleOffset:0,radarOffsetH:0,radarOffsetV:0.32,Polynom:-0.001023;-0.0511;-2.047;0;0;0;-0.001023;-0.0511;-2.047;-25.5;0;0,WheelDirection:0;0;0;0,selfAngleOffset:0,selfAngleOffsetPit:0,currCaliAngleHrz:0,currCaliAnglePit:0,selfCaliAngleHrz:0,selfCaliAnglePit:0,servCaliAngleHrz:0,servCaliAnglePit:0,offlineCaliAngleHrz:0,offlineCaliAnglePit:0,determine2useFlag:0,IMU_Z_Accel:-21.592,IMU_X_AngularRate:-2.093,IMU_Y_AngularRate:-2.093,IMU_RollAngle:-180,IMU_PitchAngle:-180,IMU_YawAngle:-180,FcwID:0,FCWWarningLevel:0,FCWTTC:0
0,2.35,0,50.6,29,0,0,0,-10.1,1.37605e-33,0,0,0,4.5,0,0,0,0,-0.00229183,0,0,0,0,0,0,0,0,0,1,78,60,0,0.00034,0.00034,3,5,0,0,0,0,0,0,0,0,0,0,1,0,0,0,0,0,0,0,0,0,0,,0,0,0,0,
1,2.79,0,-33.8,45.5,0,0,0,1.2,0,0,0,0,7,0,0,0,0,-0.00229183,0,0,0,0,0,0,0,0,0,1,94,60,0,0.00034,0.00034,3,5,0,0,0,0,0,0,0,0,0,0,1,0,0,0,0,0,0,0,0,0,0,,0,0,0,0,
2,3.28,0,13.8,37.5,0,0,0,1.4,0,0,0,0,-8,0,0,0,0,-0.00229183,0,0,0,0,0,0,0,0,0,1,86,60,0,0.00034,0.00034,3,0,0,0,0,0,0,0,0,0,0,0,1,0,0,0,0,0,0,0,0,0,0,,0,0,0,0,
3,3.58,0,-50.3,32.5,0,0,0,-5.8,0,0,0,0,8,0,0,0,0,-0.00229183,0,0,0,0,0,0,0,0,0,1,81,60,0,0.00034,0.00034,3,7,0,0,0,0,0,0,0,0,0,0,1,0,0,0,0,0,0,0,0,0,0,,0,0,0,0,
4,4.07,0,1.9,39,0,0,0,2.95,0,0,0,0,-9,0,0,0,0,-0.00229183,0,0,0,0,0,0,0,0,0,1,87,60,0,0.00034,0.00034,3,5,0,0,0,0,0,0,0,0,0,0,1,0,0,0,0,0,0,0,0,0,0,,0,0,0,0,
5,5.08,0,-35.7,32,0,0,0,-1.45,0,0,0,0,-7.5,0,0,0,0,-0.00229183,0,0,0,0,0,0,0,0,0,1,78,60,0,0.00034,0.00034,3,5,0,0,0,0,0,0,0,0,0,0,1,0,0,0,0,0,0,0,0,0,0,,0,0,0,0,
6,5.6,0,-34.6,35,0,0,0,-3.85,0,0,0,0,-4.5,0,0,0,0,-0.00229183,0,0,0,0,0,0,0,0,0,1,80,60,0,0.00034,0.00034,3,5,0,0,0,0,0,0,0,0,0,0,1,0,0,0,0,0,0,0,0,0,0,,0,0,0,0,
7,5.6,0,-24.3,35,0,0,0,-5.8,0,0,0,0,-9.5,0,0,0,0,-0.00229183,0,0,0,0,0,0,0,0,0,1,80,60,0,0.00034,0.00034,3,5,0,0,0,0,0,0,0,0,0,0,1,0,0,0,0,0,0,0,0,0,0,,0,0,0,0,
8,6.43,0,71.6,25.5,0,0,0,-15,0,0,0,0,18.5,0,0,0,0,-0.00229183,0,0,0,0,0,0,0,0,0,1,71,60,0,0.00034,0.00034,2,-1,0,0,0,0,0,0,0,0,0,0,1,0,0,0,0,0,0,0,0,0,0,,0,0,0,0,
9,6.83,0,-20.05,26.5,0,0,0,-1.55,0,0,0,0,-18,0,0,0,0,-0.00229183,0,0,0,0,0,0,0,0,0,1,72,60,0,0.00034,0.00034,3,5,0,0,0,0,0,0,0,0,0,0,1,0,0,0,0,0,0,0,0,0,0,,0,0,0,0,
10,7.59,0,32.6,43,0,0,0,6.75,0,0,0,0,7.5,0,0,0,0,-0.00229183,0,0,0,0,0,0,0,0,0,1,89,60,0,0.00034,0.00034,3,5,0,0,0,0,0,0,0,0,0,0,1,0,0,0,0,0,0,0,0,0,0,,0,0,0,0,
11,8.09,0,-24.65,29,0,0,0,10.95,0,0,0,0,-12,0,0,0,0,-0.00229183,0,0,0,0,0,0,0,0,0,1,75,60,0,0.00034,0.00034,3,5,0,0,0,0,0,0,0,0,0,0,1,0,0,0,0,0,0,0,0,0,0,,0,0,0,0,
12,8.51,0,45.2,31,0,0,0,6,0,0,0,0,6.5,0,0,0,0,-0.00229183,0,0,0,0,0,0,0,0,0,1,78,60,0,0.00034,0.00034,3,5,0,0,0,0,0,0,0,0,0,0,1,0,0,0,0,0,0,0,0,0,0,,0,0,0,0,
13,8.99,0,-32.9,26.5,0,0,0,-1.85,0,0,0,0,-9.5,0,0,0,0,-0.00229183,0,0,0,0,0,0,0,0,0,1,73,60,0,0.00034,0.00034,3,5,0,0,0,0,0,0,0,0,0,0,1,0,0,0,0,0,0,0,0,0,0,,0,0,0,0,
14,9.41,0,-29.3,24,0,0,0,-3.25,0,0,0,0,-13.5,0,0,0,0,-0.00229183,0,0,0,0,0,0,0,0,0,1,71,60,0,0.00034,0.00034,3,5,0,0,0,0,0,0,0,0,0,0,1,0,0,0,0,0,0,0,0,0,0,,0,0,0,0,
15,12.16,0,-12.9,27,0,0,0,12.45,0,0,0,0,-15.5,0,0,0,0,-0.00229183,0,0,0,0,0,0,0,0,0,1,74,60,0,0.00034,0.00034,3,5,0,0,0,0,0,0,0,0,0,0,1,0,0,0,0,0,0,0,0,0,0,,0,0,0,0,
16,12.99,0,-23.45,21,0,0,0,-1.8,0,0,0,0,-18,0,0,0,0,-0.00229183,0,0,0,0,0,0,0,0,0,1,68,60,0,0.00034,0.00034,3,5,0,0,0,0,0,0,0,0,0,0,1,0,0,0,0,0,0,0,0,0,0,,0,0,0,0,
END,Total:17
START,FrameNb:150,CameraNb:0,HeSaiNb:0,ARS410Nb:0
2026/08/02 16:19:44:366---->
heightOffset:0,1785658784366,1073896,selfCaliBufCnt:0,selfAccObjCnt:0,selfAccAngle:0,installHAngleOffset:0,Interpolation:0,installVAngleOffset:0,radarOffsetH:0,radarOffsetV:0.32,Polynom:-0.001023;-0.0511;-2.047;0;0;0;-0.001023;-0.0511;-2.047;-25.5;0;0,WheelDirection:0;0;0;0,selfAngleOffset:0,selfAngleOffsetPit:0,currCaliAngleHrz:0,currCaliAnglePit:0,selfCaliAngleHrz:0,selfCaliAnglePit:0,servCaliAngleHrz:0,servCaliAnglePit:0,offlineCaliAngleHrz:0,offlineCaliAnglePit:0,determine2useFlag:0,IMU_Z_Accel:-21.592,IMU_X_AngularRate:-2.093,IMU_Y_AngularRate:-2.093,IMU_RollAngle:-180,IMU_PitchAngle:-180,IMU_YawAngle:-180,FcwID:0,FCWWarningLevel:0,FCWTTC:0
0,2.35,0,51.3,29,0,0,0,-10.05,1.37605e-33,0,0,0,5.5,0,0,0,0,-0.00229183,0,0,0,0,0,0,0,0,0,1,78,54,0,0.00034,0.00034,3,5,0,0,0,0,0,0,0,0,0,0,1,0,1,0,0,0,0,0,0,0,0,,0,0,0,0,
1,2.79,0,-33.8,45,0,0,0,1.2,0,0,0,0,7,0,0,0,0,-0.00229183,0,0,0,0,0,0,0,0,0,1,94,54,0,0.00034,0.00034,3,5,0,0,0,0,0,0,0,0,0,0,1,0,1,0,0,0,0,0,0,0,0,,0,0,0,0,
2,3.26,0,13.8,37.5,0,0,0,1.3,0,0,0,0,-8,0,0,0,0,-0.00229183,0,0,0,0,0,0,0,0,0,1,86,54,0,0.00034,0.00034,3,5,0,0,0,0,0,0,0,0,0,0,1,0,1,0,0,0,0,0,0,0,0,,0,0,0,0,
3,3.58,0,-50.35,32.5,0,0,0,-6.05,0,0,0,0,7.5,0,0,0,0,-0.00229183,0,0,0,0,0,0,0,0,0,1,80,54,0,0.00034,0.00034,3,5,0,0,0,0,0,0,0,0,0,0,1,0,1,0,0,0,0,0,0,0,0,,0,0,0,0,
4,4.07,0,1.9,39,0,0,0,2.95,0,0,0,0,-9,0,0,0,0,-0.00229183,0,0,0,0,0,0,0,0,0,1,87,54,0,0.00034,0.00034,3,5,0,0,0,0,0,0,0,0,0,0,1,0,1,0,0,0,0,0,0,0,0,,0,0,0,0,
5,5.09,0,-35.95,32.5,0,0,0,-1.3,0,0,0,0,-7.5,0,0,0,0,-0.00229183,0,0,0,0,0,0,0,0,0,1,78,54,0,0.00034,0.00034,3,0,0,0,0,0,0,0,0,0,0,0,1,0,1,0,0,0,0,0,0,0,0,,0,0,0,0,
6,5.61,0,-34.65,35,0,0,0,-4,0,0,0,0,-4.5,0,0,0,0,-0.00229183,0,0,0,0,0,0,0,0,0,1,80,54,0,0.00034,0.00034,3,5,0,0,0,0,0,0,0,0,0,0,1,0,1,0,0,0,0,0,0,0,0,,0,0,0,0,
7,5.61,0,-24.2,35,0,0,0,-5.95,0,0,0,0,-9.5,0,0,0,0,-0.00229183,0,0,0,0,0,0,0,0,0,1,80,54,0,0.00034,0.00034,3,5,0,0,0,0,0,0,0,0,0,0,1,0,1,0,0,0,0,0,0,0,0,,0,0,0,0,
8,6.43,0,34.2,26,0,0,0,-8.75,0,0,0,0,-10.5,0,0,0,0,-0.00229183,0,0,0,0,0,0,0,0,0,1,71,54,0,0.00034,0.00034,3,5,0,0,0,0,0,0,0,0,0,0,1,0,1,0,0,0,0,0,0,0,0,,0,0,0,0,
9,6.83,0,49.15,26.5,0,0,0,-8.7,0,0,0,0,2,0,0,0,0,-0.00229183,0,0,0,0,0,0,0,0,0,1,72,54,0,0.00034,0.00034,3,5,0,0,0,0,0,0,0,0,0,0,1,0,1,0,0,0,0,0,0,0,0,,0,0,0,0,
10,7.59,0,32.55,43,0,0,0,6.75,0,0,0,0,7.5,0,0,0,0,-0.00229183,0,0,0,0,0,0,0,0,0,1,89,54,0,0.00034,0.00034,3,5,0,0,0,0,0,0,0,0,0,0,1,0,1,0,0,0,0,0,0,0,0,,0,0,0,0,
11,8.23,0,-24.7,29,0,0,0,10.75,0,0,0,0,-12,0,0,0,0,-0.00229183,0,0,0,0,0,0,0,0,0,1,75,54,0,0.00034,0.00034,3,5,0,0,0,0,0,0,0,0,0,0,1,0,1,0,0,0,0,0,0,0,0,,0,0,0,0,
12,8.51,0,45.2,31.5,0,0,0,5.8,0,0,0,0,7,0,0,0,0,-0.00229183,0,0,0,0,0,0,0,0,0,1,78,54,0,0.00034,0.00034,3,5,0,0,0,0,0,0,0,0,0,0,1,0,1,0,0,0,0,0,0,0,0,,0,0,0,0,
13,8.95,0,-32.9,26.5,0,0,0,-1.55,0,0,0,0,-9.5,0,0,0,0,-0.00229183,0,0,0,0,0,0,0,0,0,1,73,54,0,0.00034,0.00034,3,5,0,0,0,0,0,0,0,0,0,0,1,0,1,0,0,0,0,0,0,0,0,,0,0,0,0,
14,9.4,0,-29.2,24.5,0,0,0,-3.35,0,0,0,0,-13.5,0,0,0,0,-0.00229183,0,0,0,0,0,0,0,0,0,1,71,54,0,0.00034,0.00034,3,5,0,0,0,0,0,0,0,0,0,0,1,0,1,0,0,0,0,0,0,0,0,,0,0,0,0,
15,12.16,0,-12.9,27.5,0,0,0,12.25,0,0,0,0,-15.5,0,0,0,0,-0.00229183,0,0,0,0,0,0,0,0,0,1,74,54,0,0.00034,0.00034,3,5,0,0,0,0,0,0,0,0,0,0,1,0,1,0,0,0,0,0,0,0,0,,0,0,0,0,
16,12.98,0,-23.3,21,0,0,0,-1.85,0,0,0,0,-18,0,0,0,0,-0.00229183,0,0,0,0,0,0,0,0,0,1,67,54,0,0.00034,0.00034,3,5,0,0,0,0,0,0,0,0,0,0,1,0,1,0,0,0,0,0,0,0,0,,0,0,0,0,
END,Total:17
START,FrameNb:151,CameraNb:0,HeSaiNb:0,ARS410Nb:0
2026/08/02 16:19:44:431---->
heightOffset:0,1785658784431,1073948,selfCaliBufCnt:0,selfAccObjCnt:0,selfAccAngle:0,installHAngleOffset:0,Interpolation:0,installVAngleOffset:0,radarOffsetH:0,radarOffsetV:0.32,Polynom:-0.001023;-0.0511;-2.047;0;0;0;-0.001023;-0.0511;-2.047;-25.5;0;0,WheelDirection:0;0;0;0,selfAngleOffset:0,selfAngleOffsetPit:0,currCaliAngleHrz:0,currCaliAnglePit:0,selfCaliAngleHrz:0,selfCaliAnglePit:0,servCaliAngleHrz:0,servCaliAnglePit:0,offlineCaliAngleHrz:0,offlineCaliAnglePit:0,determine2useFlag:0,IMU_Z_Accel:-21.592,IMU_X_AngularRate:-2.093,IMU_Y_AngularRate:-2.093,IMU_RollAngle:-180,IMU_PitchAngle:-180,IMU_YawAngle:-180,FcwID:0,FCWWarningLevel:0,FCWTTC:0
0,2.35,0,50.8,29.5,0,0,0,-10.1,1.37605e-33,0,0,0,4.5,0,0,0,0,-0.00229183,0,0,0,0,0,0,0,0,0,1,78,59,0,0.00034,0.00034,3,5,0,0,0,0,0,0,0,0,0,0,1,0,0,0,0,0,0,0,0,0,0,,0,0,0,0,
1,2.79,0,-33.8,45,0,0,0,1.2,0,0,0,0,7,0,0,0,0,-0.00229183,0,0,0,0,0,0,0,0,0,1,94,59,0,0.00034,0.00034,3,5,0,0,0,0,0,0,0,0,0,0,1,0,0,0,0,0,0,0,0,0,0,,0,0,0,0,
2,3.28,0,13.8,37.5,0,0,0,1.4,0,0,0,0,-8,0,0,0,0,-0.00229183,0,0,0,0,0,0,0,0,0,1,86,59,0,0.00034,0.00034,3,0,0,0,0,0,0,0,0,0,0,0,1,0,0,0,0,0,0,0,0,0,0,,0,0,0,0,
3,3.58,0,-50.35,32.5,0,0,0,-5.85,0,0,0,0,8,0,0,0,0,-0.00229183,0,0,0,0,0,0,0,0,0,1,81,59,0,0.00034,0.00034,3,7,0,0,0,0,0,0,0,0,0,0,1,0,0,0,0,0,0,0,0,0,0,,0,0,0,0,
4,4.07,0,1.9,38.5,0,0,0,2.95,0,0,0,0,-9,0,0,0,0,-0.00229183,0,0,0,0,0,0,0,0,0,1,87,59,0,0.00034,0.00034,3,5,0,0,0,0,0,0,0,0,0,0,1,0,0,0,0,0,0,0,0,0,0,,0,0,0,0,
5,5.1,0,-35.8,32.5,0,0,0,-1.25,0,0,0,0,-7.5,0,0,0,0,-0.00229183,0,0,0,0,0,0,0,0,0,1,78,59,0,0.00034,0.00034,3,0,0,0,0,0,0,0,0,0,0,0,1,0,0,0,0,0,0,0,0,0,0,,0,0,0,0,
6,5.6,0,-24.2,35,0,0,0,-6.1,0,0,0,0,-10,0,0,0,0,-0.00229183,0,0,0,0,0,0,0,0,0,1,80,59,0,0.00034,0.00034,3,5,0,0,0,0,0,0,0,0,0,0,1,0,0,0,0,0,0,0,0,0,0,,0,0,0,0,
7,5.6,0,-34.6,35,0,0,0,-4.2,0,0,0,0,-5,0,0,0,0,-0.00229183,0,0,0,0,0,0,0,0,0,1,80,59,0,0.00034,0.00034,3,5,0,0,0,0,0,0,0,0,0,0,1,0,0,0,0,0,0,0,0,0,0,,0,0,0,0,
8,6.41,0,71.7,25.5,0,0,0,-5.55,0,0,0,0,18.5,0,0,0,0,-0.00229183,0,0,0,0,0,0,0,0,0,1,71,59,0,0.00034,0.00034,3,5,0,0,0,0,0,0,0,0,0,0,1,0,0,0,0,0,0,0,0,0,0,,0,0,0,0,
9,6.83,0,49.3,26.5,0,0,0,-9.1,0,0,0,0,2,0,0,0,0,-0.00229183,0,0,0,0,0,0,0,0,0,1,72,59,0,0.00034,0.00034,3,5,0,0,0,0,0,0,0,0,0,0,1,0,0,0,0,0,0,0,0,0,0,,0,0,0,0,
10,7.59,0,32.5,43,0,0,0,6.75,0,0,0,0,7.5,0,0,0,0,-0.00229183,0,0,0,0,0,0,0,0,0,1,89,59,0,0.00034,0.00034,3,5,0,0,0,0,0,0,0,0,0,0,1,0,0,0,0,0,0,0,0,0,0,,0,0,0,0,
11,8.22,0,-24.8,29,0,0,0,10.45,0,0,0,0,-12,0,0,0,0,-0.00229183,0,0,0,0,0,0,0,0,0,1,75,59,0,0.00034,0.00034,3,5,0,0,0,0,0,0,0,0,0,0,1,0,0,0,0,0,0,0,0,0,0,,0,0,0,0,
12,8.51,0,45.2,31.5,0,0,0,5.8,0,0,0,0,6.5,0,0,0,0,-0.00229183,0,0,0,0,0,0,0,0,0,1,78,59,0,0.00034,0.00034,3,5,0,0,0,0,0,0,0,0,0,0,1,0,0,0,0,0,0,0,0,0,0,,0,0,0,0,
13,8.95,0,-32.8,26.5,0,0,0,-1.8,0,0,0,0,-9.5,0,0,0,0,-0.00229183,0,0,0,0,0,0,0,0,0,1,73,59,0,0.00034,0.00034,3,5,0,0,0,0,0,0,0,0,0,0,1,0,0,0,0,0,0,0,0,0,0,,0,0,0,0,
14,9.42,0,-29.15,24,0,0,0,-3.55,0,0,0,0,-13.5,0,0,0,0,-0.00229183,0,0,0,0,0,0,0,0,0,1,71,59,0,0.00034,0.00034,3,5,0,0,0,0,0,0,0,0,0,0,1,0,0,0,0,0,0,0,0,0,0,,0,0,0,0,
15,12.16,0,-12.9,27,0,0,0,12.4,0,0,0,0,-15.5,0,0,0,0,-0.00229183,0,0,0,0,0,0,0,0,0,1,74,59,0,0.00034,0.00034,3,5,0,0,0,0,0,0,0,0,0,0,1,0,0,0,0,0,0,0,0,0,0,,0,0,0,0,
16,12.99,0,-23.45,21,0,0,0,-1.6,0,0,0,0,-17.5,0,0,0,0,-0.00229183,0,0,0,0,0,0,0,0,0,1,68,59,0,0.00034,0.00034,3,5,0,0,0,0,0,0,0,0,0,0,1,0,0,0,0,0,0,0,0,0,0,,0,0,0,0,
END,Total:17
START,FrameNb:152,CameraNb:0,HeSaiNb:0,ARS410Nb:0
2026/08/02 16:19:44:475---->
heightOffset:0,1785658784475,1074008,selfCaliBufCnt:0,selfAccObjCnt:0,selfAccAngle:0,installHAngleOffset:0,Interpolation:0,installVAngleOffset:0,radarOffsetH:0,radarOffsetV:0.32,Polynom:-0.001023;-0.0511;-2.047;0;0;0;-0.001023;-0.0511;-2.047;-25.5;0;0,WheelDirection:0;0;0;0,selfAngleOffset:0,selfAngleOffsetPit:0,currCaliAngleHrz:0,currCaliAnglePit:0,selfCaliAngleHrz:0,selfCaliAnglePit:0,servCaliAngleHrz:0,servCaliAnglePit:0,offlineCaliAngleHrz:0,offlineCaliAnglePit:0,determine2useFlag:0,IMU_Z_Accel:-21.592,IMU_X_AngularRate:-2.093,IMU_Y_AngularRate:-2.093,IMU_RollAngle:-180,IMU_PitchAngle:-180,IMU_YawAngle:-180,FcwID:0,FCWWarningLevel:0,FCWTTC:0
0,2.35,0,51.2,29,0,0,0,-10.2,1.37605e-33,0,0,0,5.5,0,0,0,0,-0.00229183,0,0,0,0,0,0,0,0,0,1,78,55,0,0.00034,0.00034,3,5,0,0,0,0,0,0,0,0,0,0,1,0,1,0,0,0,0,0,0,0,0,,0,0,0,0,
1,2.79,0,-33.8,45,0,0,0,1.2,0,0,0,0,7,0,0,0,0,-0.00229183,0,0,0,0,0,0,0,0,0,1,94,55,0,0.00034,0.00034,3,5,0,0,0,0,0,0,0,0,0,0,1,0,1,0,0,0,0,0,0,0,0,,0,0,0,0,
2,3.26,0,13.8,37,0,0,0,1.4,0,0,0,0,-8,0,0,0,0,-0.00229183,0,0,0,0,0,0,0,0,0,1,86,55,0,0.00034,0.00034,3,0,0,0,0,0,0,0,0,0,0,0,1,0,1,0,0,0,0,0,0,0,0,,0,0,0,0,
3,3.58,0,-50.3,32.5,0,0,0,-5.95,0,0,0,0,8,0,0,0,0,-0.00229183,0,0,0,0,0,0,0,0,0,1,81,55,0,0.00034,0.00034,3,5,0,0,0,0,0,0,0,0,0,0,1,0,1,0,0,0,0,0,0,0,0,,0,0,0,0,
4,4.07,0,1.9,38.5,0,0,0,2.95,0,0,0,0,-9,0,0,0,0,-0.00229183,0,0,0,0,0,0,0,0,0,1,87,55,0,0.00034,0.00034,3,5,0,0,0,0,0,0,0,0,0,0,1,0,1,0,0,0,0,0,0,0,0,,0,0,0,0,
5,5.08,0,-35.95,32.5,0,0,0,-1.25,0,0,0,0,-7.5,0,0,0,0,-0.00229183,0,0,0,0,0,0,0,0,0,1,78,55,0,0.00034,0.00034,3,0,0,0,0,0,0,0,0,0,0,0,1,0,1,0,0,0,0,0,0,0,0,,0,0,0,0,
6,5.61,0,-34.6,35,0,0,0,-4.05,0,0,0,0,-5,0,0,0,0,-0.00229183,0,0,0,0,0,0,0,0,0,1,80,55,0,0.00034,0.00034,3,5,0,0,0,0,0,0,0,0,0,0,1,0,1,0,0,0,0,0,0,0,0,,0,0,0,0,
7,5.61,0,-24.2,35,0,0,0,-5.95,0,0,0,0,-10,0,0,0,0,-0.00229183,0,0,0,0,0,0,0,0,0,1,80,55,0,0.00034,0.00034,3,5,0,0,0,0,0,0,0,0,0,0,1,0,1,0,0,0,0,0,0,0,0,,0,0,0,0,
8,6.43,0,44.35,25.5,0,0,0,15,0,0,0,0,-2.5,0,0,0,0,-0.00229183,0,0,0,0,0,0,0,0,0,1,71,55,0,0.00034,0.00034,3,5,0,0,0,0,0,0,0,0,0,0,1,0,1,0,0,0,0,0,0,0,0,,0,0,0,0,
9,7.25,0,-51.3,33.5,0,0,0,3.55,0,0,0,0,10,0,0,0,0,-0.00229183,0,0,0,0,0,0,0,0,0,1,80,55,0,0.00034,0.00034,3,5,0,0,0,0,0,0,0,0,0,0,1,0,1,0,0,0,0,0,0,0,0,,0,0,0,0,
10,7.59,0,32.5,43,0,0,0,6.9,0,0,0,0,7.5,0,0,0,0,-0.00229183,0,0,0,0,0,0,0,0,0,1,89,55,0,0.00034,0.00034,3,5,0,0,0,0,0,0,0,0,0,0,1,0,1,0,0,0,0,0,0,0,0,,0,0,0,0,
11,8.24,0,-25.05,29,0,0,0,10,0,0,0,0,-12,0,0,0,0,-0.00229183,0,0,0,0,0,0,0,0,0,1,75,55,0,0.00034,0.00034,3,5,0,0,0,0,0,0,0,0,0,0,1,0,1,0,0,0,0,0,0,0,0,,0,0,0,0,
12,8.51,0,45.2,31.5,0,0,0,5.7,0,0,0,0,7,0,0,0,0,-0.00229183,0,0,0,0,0,0,0,0,0,1,78,55,0,0.00034,0.00034,3,5,0,0,0,0,0,0,0,0,0,0,1,0,1,0,0,0,0,0,0,0,0,,0,0,0,0,
13,8.95,0,-32.85,26.5,0,0,0,-1.6,0,0,0,0,-9.5,0,0,0,0,-0.00229183,0,0,0,0,0,0,0,0,0,1,73,55,0,0.00034,0.00034,3,5,0,0,0,0,0,0,0,0,0,0,1,0,1,0,0,0,0,0,0,0,0,,0,0,0,0,
14,9.4,0,-29.3,24,0,0,0,-3.45,0,0,0,0,-13.5,0,0,0,0,-0.00229183,0,0,0,0,0,0,0,0,0,1,71,55,0,0.00034,0.00034,3,5,0,0,0,0,0,0,0,0,0,0,1,0,1,0,0,0,0,0,0,0,0,,0,0,0,0,
15,12.16,0,-12.85,27,0,0,0,12.3,0,0,0,0,-15.5,0,0,0,0,-0.00229183,0,0,0,0,0,0,0,0,0,1,74,55,0,0.00034,0.00034,3,5,0,0,0,0,0,0,0,0,0,0,1,0,1,0,0,0,0,0,0,0,0,,0,0,0,0,
16,13,0,-23.3,21.5,0,0,0,-1.6,0,0,0,0,-17.5,0,0,0,0,-0.00229183,0,0,0,0,0,0,0,0,0,1,68,55,0,0.00034,0.00034,3,5,0,0,0,0,0,0,0,0,0,0,1,0,1,0,0,0,0,0,0,0,0,,0,0,0,0,
END,Total:17
START,FrameNb:153,CameraNb:0,HeSaiNb:0,ARS410Nb:0
2026/08/02 16:19:44:526---->
heightOffset:0,1785658784526,1074068,selfCaliBufCnt:0,selfAccObjCnt:0,selfAccAngle:0,installHAngleOffset:0,Interpolation:0,installVAngleOffset:0,radarOffsetH:0,radarOffsetV:0.32,Polynom:-0.001023;-0.0511;-2.047;0;0;0;-0.001023;-0.0511;-2.047;-25.5;0;0,WheelDirection:0;0;0;0,selfAngleOffset:0,selfAngleOffsetPit:0,currCaliAngleHrz:0,currCaliAnglePit:0,selfCaliAngleHrz:0,selfCaliAnglePit:0,servCaliAngleHrz:0,servCaliAnglePit:0,offlineCaliAngleHrz:0,offlineCaliAnglePit:0,determine2useFlag:0,IMU_Z_Accel:-21.592,IMU_X_AngularRate:-2.093,IMU_Y_AngularRate:-2.093,IMU_RollAngle:-180,IMU_PitchAngle:-180,IMU_YawAngle:-180,FcwID:0,FCWWarningLevel:0,FCWTTC:0
0,2.35,0,50.8,29.5,0,0,0,-10.1,1.37605e-33,0,0,0,4.5,0,0,0,0,-0.00229183,0,0,0,0,0,0,0,0,0,1,78,62,0,0.00034,0.00034,3,5,0,0,0,0,0,0,0,0,0,0,1,0,0,0,0,0,0,0,0,0,0,,0,0,0,0,
1,2.79,0,-33.8,45.5,0,0,0,1.2,0,0,0,0,7,0,0,0,0,-0.00229183,0,0,0,0,0,0,0,0,0,1,94,62,0,0.00034,0.00034,3,5,0,0,0,0,0,0,0,0,0,0,1,0,0,0,0,0,0,0,0,0,0,,0,0,0,0,
2,3.28,0,13.8,37.5,0,0,0,1.3,0,0,0,0,-8,0,0,0,0,-0.00229183,0,0,0,0,0,0,0,0,0,1,86,62,0,0.00034,0.00034,3,0,0,0,0,0,0,0,0,0,0,0,1,0,0,0,0,0,0,0,0,0,0,,0,0,0,0,
3,3.58,0,-50.3,32.5,0,0,0,-5.8,0,0,0,0,8,0,0,0,0,-0.00229183,0,0,0,0,0,0,0,0,0,1,81,62,0,0.00034,0.00034,3,7,0,0,0,0,0,0,0,0,0,0,1,0,0,0,0,0,0,0,0,0,0,,0,0,0,0,
4,4.07,0,1.9,39,0,0,0,2.95,0,0,0,0,-9,0,0,0,0,-0.00229183,0,0,0,0,0,0,0,0,0,1,87,62,0,0.00034,0.00034,3,5,0,0,0,0,0,0,0,0,0,0,1,0,0,0,0,0,0,0,0,0,0,,0,0,0,0,
5,5.08,0,-35.8,32.5,0,0,0,-1.2,0,0,0,0,-7.5,0,0,0,0,-0.00229183,0,0,0,0,0,0,0,0,0,1,78,62,0,0.00034,0.00034,3,5,0,0,0,0,0,0,0,0,0,0,1,0,0,0,0,0,0,0,0,0,0,,0,0,0,0,
6,5.6,0,-24.2,35.5,0,0,0,-6,0,0,0,0,-9.5,0,0,0,0,-0.00229183,0,0,0,0,0,0,0,0,0,1,80,62,0,0.00034,0.00034,3,5,0,0,0,0,0,0,0,0,0,0,1,0,0,0,0,0,0,0,0,0,0,,0,0,0,0,
7,5.6,0,-34.65,35.5,0,0,0,-4.2,0,0,0,0,-4.5,0,0,0,0,-0.00229183,0,0,0,0,0,0,0,0,0,1,80,62,0,0.00034,0.00034,3,5,0,0,0,0,0,0,0,0,0,0,1,0,0,0,0,0,0,0,0,0,0,,0,0,0,0,
8,6.43,0,70.05,26,0,0,0,-9.05,0,0,0,0,17.5,0,0,0,0,-0.00229183,0,0,0,0,0,0,0,0,0,1,71,62,0,0.00034,0.00034,2,-1,0,0,0,0,0,0,0,0,0,0,1,0,0,0,0,0,0,0,0,0,0,,0,0,0,0,
9,7.59,0,32.45,43,0,0,0,6.7,0,0,0,0,7.5,0,0,0,0,-0.00229183,0,0,0,0,0,0,0,0,0,1,89,62,0,0.00034,0.00034,3,5,0,0,0,0,0,0,0,0,0,0,1,0,0,0,0,0,0,0,0,0,0,,0,0,0,0,
10,8.09,0,-25.05,29,0,0,0,10.45,0,0,0,0,-12,0,0,0,0,-0.00229183,0,0,0,0,0,0,0,0,0,1,75,62,0,0.00034,0.00034,3,5,0,0,0,0,0,0,0,0,0,0,1,0,0,0,0,0,0,0,0,0,0,,0,0,0,0,
11,8.51,0,45.15,31.5,0,0,0,5.9,0,0,0,0,7,0,0,0,0,-0.00229183,0,0,0,0,0,0,0,0,0,1,78,62,0,0.00034,0.00034,3,5,0,0,0,0,0,0,0,0,0,0,1,0,0,0,0,0,0,0,0,0,0,,0,0,0,0,
12,8.96,0,-32.85,26.5,0,0,0,-1.45,0,0,0,0,-9.5,0,0,0,0,-0.00229183,0,0,0,0,0,0,0,0,0,1,73,62,0,0.00034,0.00034,3,5,0,0,0,0,0,0,0,0,0,0,1,0,0,0,0,0,0,0,0,0,0,,0,0,0,0,
13,9.41,0,-29.2,24.5,0,0,0,-3.55,0,0,0,0,-13.5,0,0,0,0,-0.00229183,0,0,0,0,0,0,0,0,0,1,71,62,0,0.00034,0.00034,3,5,0,0,0,0,0,0,0,0,0,0,1,0,0,0,0,0,0,0,0,0,0,,0,0,0,0,
14,12.16,0,-12.9,27,0,0,0,12.3,0,0,0,0,-15.5,0,0,0,0,-0.00229183,0,0,0,0,0,0,0,0,0,1,74,62,0,0.00034,0.00034,3,5,0,0,0,0,0,0,0,0,0,0,1,0,0,0,0,0,0,0,0,0,0,,0,0,0,0,
15,12.99,0,-23.6,21,0,0,0,-1.7,0,0,0,0,-17.5,0,0,0,0,-0.00229183,0,0,0,0,0,0,0,0,0,1,68,62,0,0.00034,0.00034,3,5,0,0,0,0,0,0,0,0,0,0,1,0,0,0,0,0,0,0,0,0,0,,0,0,0,0,
END,Total:16
START,FrameNb:154,CameraNb:0,HeSaiNb:0,ARS410Nb:0
2026/08/02 16:19:44:566---->
heightOffset:0,1785658784566,1074132,selfCaliBufCnt:0,selfAccObjCnt:0,selfAccAngle:0,installHAngleOffset:0,Interpolation:0,installVAngleOffset:0,radarOffsetH:0,radarOffsetV:0.32,Polynom:-0.001023;-0.0511;-2.047;0;0;0;-0.001023;-0.0511;-2.047;-25.5;0;0,WheelDirection:0;0;0;0,selfAngleOffset:0,selfAngleOffsetPit:0,currCaliAngleHrz:0,currCaliAnglePit:0,selfCaliAngleHrz:0,selfCaliAnglePit:0,servCaliAngleHrz:0,servCaliAnglePit:0,offlineCaliAngleHrz:0,offlineCaliAnglePit:0,determine2useFlag:0,IMU_Z_Accel:-21.592,IMU_X_AngularRate:-2.093,IMU_Y_AngularRate:-2.093,IMU_RollAngle:-180,IMU_PitchAngle:-180,IMU_YawAngle:-180,FcwID:0,FCWWarningLevel:0,FCWTTC:0
0,2.35,0,51.1,29,0,0,0,-10.1,1.37605e-33,0,0,0,5.5,0,0,0,0,-0.00229183,0,0,0,0,0,0,0,0,0,1,78,61,0,0.00034,0.00034,3,5,0,0,0,0,0,0,0,0,0,0,1,0,1,0,0,0,0,0,0,0,0,,0,0,0,0,
1,2.79,0,-33.8,45,0,0,0,1.2,0,0,0,0,7,0,0,0,0,-0.00229183,0,0,0,0,0,0,0,0,0,1,94,61,0,0.00034,0.00034,3,5,0,0,0,0,0,0,0,0,0,0,1,0,1,0,0,0,0,0,0,0,0,,0,0,0,0,
2,3.26,0,13.8,37.5,0,0,0,1.3,0,0,0,0,-8,0,0,0,0,-0.00229183,0,0,0,0,0,0,0,0,0,1,86,61,0,0.00034,0.00034,3,0,0,0,0,0,0,0,0,0,0,0,1,0,1,0,0,0,0,0,0,0,0,,0,0,0,0,
3,3.58,0,-50.1,32.5,0,0,0,-5.95,0,0,0,0,8,0,0,0,0,-0.00229183,0,0,0,0,0,0,0,0,0,1,81,61,0,0.00034,0.00034,3,7,0,0,0,0,0,0,0,0,0,0,1,0,1,0,0,0,0,0,0,0,0,,0,0,0,0,
4,4.07,0,1.9,38.5,0,0,0,2.95,0,0,0,0,-9,0,0,0,0,-0.00229183,0,0,0,0,0,0,0,0,0,1,87,61,0,0.00034,0.00034,3,5,0,0,0,0,0,0,0,0,0,0,1,0,1,0,0,0,0,0,0,0,0,,0,0,0,0,
5,5.08,0,-35.95,32.5,0,0,0,-1.3,0,0,0,0,-7.5,0,0,0,0,-0.00229183,0,0,0,0,0,0,0,0,0,1,78,61,0,0.00034,0.00034,3,0,0,0,0,0,0,0,0,0,0,0,1,0,1,0,0,0,0,0,0,0,0,,0,0,0,0,
6,5.61,0,-34.6,35,0,0,0,-3.8,0,0,0,0,-4.5,0,0,0,0,-0.00229183,0,0,0,0,0,0,0,0,0,1,80,61,0,0.00034,0.00034,3,5,0,0,0,0,0,0,0,0,0,0,1,0,1,0,0,0,0,0,0,0,0,,0,0,0,0,
7,5.61,0,-24.3,35,0,0,0,-5.6,0,0,0,0,-9.5,0,0,0,0,-0.00229183,0,0,0,0,0,0,0,0,0,1,80,61,0,0.00034,0.00034,3,5,0,0,0,0,0,0,0,0,0,0,1,0,1,0,0,0,0,0,0,0,0,,0,0,0,0,
8,6.25,0,34.5,26,0,0,0,-10.7,0,0,0,0,-10.5,0,0,0,0,-0.00229183,0,0,0,0,0,0,0,0,0,1,71,61,0,0.00034,0.00034,3,5,0,0,0,0,0,0,0,0,0,0,1,0,1,0,0,0,0,0,0,0,0,,0,0,0,0,
9,7.6,0,32.45,43,0,0,0,6.65,0,0,0,0,7.5,0,0,0,0,-0.00229183,0,0,0,0,0,0,0,0,0,1,89,61,0,0.00034,0.00034,3,5,0,0,0,0,0,0,0,0,0,0,1,0,1,0,0,0,0,0,0,0,0,,0,0,0,0,
10,8.09,0,-25.1,29,0,0,0,10.55,0,0,0,0,-12,0,0,0,0,-0.00229183,0,0,0,0,0,0,0,0,0,1,75,61,0,0.00034,0.00034,3,5,0,0,0,0,0,0,0,0,0,0,1,0,1,0,0,0,0,0,0,0,0,,0,0,0,0,
11,8.51,0,45.2,31.5,0,0,0,5.7,0,0,0,0,7,0,0,0,0,-0.00229183,0,0,0,0,0,0,0,0,0,1,78,61,0,0.00034,0.00034,3,5,0,0,0,0,0,0,0,0,0,0,1,0,1,0,0,0,0,0,0,0,0,,0,0,0,0,
12,9.02,0,-32.8,26.5,0,0,0,-1.55,0,0,0,0,-9.5,0,0,0,0,-0.00229183,0,0,0,0,0,0,0,0,0,1,73,61,0,0.00034,0.00034,3,5,0,0,0,0,0,0,0,0,0,0,1,0,1,0,0,0,0,0,0,0,0,,0,0,0,0,
13,9.39,0,-29.1,25,0,0,0,-3.45,0,0,0,0,-13,0,0,0,0,-0.00229183,0,0,0,0,0,0,0,0,0,1,71,61,0,0.00034,0.00034,3,5,0,0,0,0,0,0,0,0,0,0,1,0,1,0,0,0,0,0,0,0,0,,0,0,0,0,
14,12.16,0,-12.85,27,0,0,0,12.25,0,0,0,0,-15.5,0,0,0,0,-0.00229183,0,0,0,0,0,0,0,0,0,1,74,61,0,0.00034,0.00034,3,5,0,0,0,0,0,0,0,0,0,0,1,0,1,0,0,0,0,0,0,0,0,,0,0,0,0,
15,13,0,-23.3,21,0,0,0,-1.85,0,0,0,0,-17.5,0,0,0,0,-0.00229183,0,0,0,0,0,0,0,0,0,1,68,61,0,0.00034,0.00034,3,5,0,0,0,0,0,0,0,0,0,0,1,0,1,0,0,0,0,0,0,0,0,,0,0,0,0,
END,Total:16
START,FrameNb:155,CameraNb:0,HeSaiNb:0,ARS410Nb:0
2026/08/02 16:19:44:610---->
heightOffset:0,1785658784610,1074184,selfCaliBufCnt:0,selfAccObjCnt:0,selfAccAngle:0,installHAngleOffset:0,Interpolation:0,installVAngleOffset:0,radarOffsetH:0,radarOffsetV:0.32,Polynom:-0.001023;-0.0511;-2.047;0;0;0;-0.001023;-0.0511;-2.047;-25.5;0;0,WheelDirection:0;0;0;0,selfAngleOffset:0,selfAngleOffsetPit:0,currCaliAngleHrz:0,currCaliAnglePit:0,selfCaliAngleHrz:0,selfCaliAnglePit:0,servCaliAngleHrz:0,servCaliAnglePit:0,offlineCaliAngleHrz:0,offlineCaliAnglePit:0,determine2useFlag:0,IMU_Z_Accel:-21.592,IMU_X_AngularRate:-2.093,IMU_Y_AngularRate:-2.093,IMU_RollAngle:-180,IMU_PitchAngle:-180,IMU_YawAngle:-180,FcwID:0,FCWWarningLevel:0,FCWTTC:0
0,2.35,0,31.3,29,0,0,0,10.3,1.37605e-33,0,0,0,-8.5,0,0,0,0,-0.00229183,0,0,0,0,0,0,0,0,0,1,78,59,0,0.00034,0.00034,3,5,0,0,0,0,0,0,0,0,0,0,1,0,0,0,0,0,0,0,0,0,0,,0,0,0,0,
1,2.79,0,-33.8,45,0,0,0,1.2,0,0,0,0,7,0,0,0,0,-0.00229183,0,0,0,0,0,0,0,0,0,1,94,59,0,0.00034,0.00034,3,5,0,0,0,0,0,0,0,0,0,0,1,0,0,0,0,0,0,0,0,0,0,,0,0,0,0,
2,3.28,0,13.8,37.5,0,0,0,1.4,0,0,0,0,-8,0,0,0,0,-0.00229183,0,0,0,0,0,0,0,0,0,1,86,59,0,0.00034,0.00034,3,0,0,0,0,0,0,0,0,0,0,0,1,0,0,0,0,0,0,0,0,0,0,,0,0,0,0,
3,3.58,0,-3.8,32.5,0,0,0,-8.45,0,0,0,0,-16,0,0,0,0,-0.00229183,0,0,0,0,0,0,0,0,0,1,81,59,0,0.00034,0.00034,3,7,0,0,0,0,0,0,0,0,0,0,1,0,0,0,0,0,0,0,0,0,0,,0,0,0,0,
4,4.07,0,1.9,38.5,0,0,0,2.95,0,0,0,0,-9,0,0,0,0,-0.00229183,0,0,0,0,0,0,0,0,0,1,87,59,0,0.00034,0.00034,3,5,0,0,0,0,0,0,0,0,0,0,1,0,0,0,0,0,0,0,0,0,0,,0,0,0,0,
5,5.09,0,-35.7,32.5,0,0,0,-1.45,0,0,0,0,-7.5,0,0,0,0,-0.00229183,0,0,0,0,0,0,0,0,0,1,78,59,0,0.00034,0.00034,3,5,0,0,0,0,0,0,0,0,0,0,1,0,0,0,0,0,0,0,0,0,0,,0,0,0,0,
6,5.6,0,-24.2,35,0,0,0,-6.05,0,0,0,0,-9.5,0,0,0,0,-0.00229183,0,0,0,0,0,0,0,0,0,1,80,59,0,0.00034,0.00034,3,5,0,0,0,0,0,0,0,0,0,0,1,0,0,0,0,0,0,0,0,0,0,,0,0,0,0,
7,5.6,0,-34.65,35,0,0,0,-4.1,0,0,0,0,-4.5,0,0,0,0,-0.00229183,0,0,0,0,0,0,0,0,0,1,80,59,0,0.00034,0.00034,3,5,0,0,0,0,0,0,0,0,0,0,1,0,0,0,0,0,0,0,0,0,0,,0,0,0,0,
8,6.43,0,34.55,26,0,0,0,-11.45,0,0,0,0,-10,0,0,0,0,-0.00229183,0,0,0,0,0,0,0,0,0,1,72,59,0,0.00034,0.00034,3,5,0,0,0,0,0,0,0,0,0,0,1,0,0,0,0,0,0,0,0,0,0,,0,0,0,0,
9,7.61,0,32.55,43,0,0,0,6,0,0,0,0,7.5,0,0,0,0,-0.00229183,0,0,0,0,0,0,0,0,0,1,89,59,0,0.00034,0.00034,3,0,0,0,0,0,0,0,0,0,0,0,1,0,0,0,0,0,0,0,0,0,0,,0,0,0,0,
10,7.61,0,18.05,43,0,0,0,-10.2,0,0,0,0,0.5,0,0,0,0,-0.00229183,0,0,0,0,0,0,0,0,0,1,89,59,0,0.00034,0.00034,3,0,0,0,0,0,0,0,0,0,0,0,1,0,0,0,0,0,0,0,0,0,0,,0,0,0,0,
11,8.51,0,45.15,31,0,0,0,5.95,0,0,0,0,6.5,0,0,0,0,-0.00229183,0,0,0,0,0,0,0,0,0,1,77,59,0,0.00034,0.00034,3,5,0,0,0,0,0,0,0,0,0,0,1,0,0,0,0,0,0,0,0,0,0,,0,0,0,0,
12,9,0,-32.85,26.5,0,0,0,-1.95,0,0,0,0,-9.5,0,0,0,0,-0.00229183,0,0,0,0,0,0,0,0,0,1,73,59,0,0.00034,0.00034,3,5,0,0,0,0,0,0,0,0,0,0,1,0,0,0,0,0,0,0,0,0,0,,0,0,0,0,
13,9.4,0,-29.2,24.5,0,0,0,-3.45,0,0,0,0,-13,0,0,0,0,-0.00229183,0,0,0,0,0,0,0,0,0,1,71,59,0,0.00034,0.00034,3,5,0,0,0,0,0,0,0,0,0,0,1,0,0,0,0,0,0,0,0,0,0,,0,0,0,0,
14,12.16,0,-12.95,27,0,0,0,12.2,0,0,0,0,-15.5,0,0,0,0,-0.00229183,0,0,0,0,0,0,0,0,0,1,74,59,0,0.00034,0.00034,3,5,0,0,0,0,0,0,0,0,0,0,1,0,0,0,0,0,0,0,0,0,0,,0,0,0,0,
15,12.99,0,-23.35,21,0,0,0,-1.75,0,0,0,0,-17.5,0,0,0,0,-0.00229183,0,0,0,0,0,0,0,0,0,1,68,59,0,0.00034,0.00034,3,5,0,0,0,0,0,0,0,0,0,0,1,0,0,0,0,0,0,0,0,0,0,,0,0,0,0,
END,Total:16
START,FrameNb:156,CameraNb:0,HeSaiNb:0,ARS410Nb:0
2026/08/02 16:19:44:657---->
heightOffset:0,1785658784657,1074244,selfCaliBufCnt:0,selfAccObjCnt:0,selfAccAngle:0,installHAngleOffset:0,Interpolation:0,installVAngleOffset:0,radarOffsetH:0,radarOffsetV:0.32,Polynom:-0.001023;-0.0511;-2.047;0;0;0;-0.001023;-0.0511;-2.047;-25.5;0;0,WheelDirection:0;0;0;0,selfAngleOffset:0,selfAngleOffsetPit:0,currCaliAngleHrz:0,currCaliAnglePit:0,selfCaliAngleHrz:0,selfCaliAnglePit:0,servCaliAngleHrz:0,servCaliAnglePit:0,offlineCaliAngleHrz:0,offlineCaliAnglePit:0,determine2useFlag:0,IMU_Z_Accel:-21.592,IMU_X_AngularRate:-2.093,IMU_Y_AngularRate:-2.093,IMU_RollAngle:-180,IMU_PitchAngle:-180,IMU_YawAngle:-180,FcwID:0,FCWWarningLevel:0,FCWTTC:0
0,2.35,0,51.1,29,0,0,0,-10.2,1.37605e-33,0,0,0,5.5,0,0,0,0,-0.00229183,0,0,0,0,0,0,0,0,0,1,78,54,0,0.00034,0.00034,2,-1,0,0,0,0,0,0,0,0,0,0,1,0,1,0,0,0,0,0,0,0,0,,0,0,0,0,
1,2.79,0,-33.8,45,0,0,0,1.2,0,0,0,0,7,0,0,0,0,-0.00229183,0,0,0,0,0,0,0,0,0,1,94,54,0,0.00034,0.00034,3,5,0,0,0,0,0,0,0,0,0,0,1,0,1,0,0,0,0,0,0,0,0,,0,0,0,0,
2,3.26,0,13.8,37,0,0,0,1.4,0,0,0,0,-8,0,0,0,0,-0.00229183,0,0,0,0,0,0,0,0,0,1,86,54,0,0.00034,0.00034,3,0,0,0,0,0,0,0,0,0,0,0,1,0,1,0,0,0,0,0,0,0,0,,0,0,0,0,
3,3.58,0,-50.2,32,0,0,0,-6,0,0,0,0,7.5,0,0,0,0,-0.00229183,0,0,0,0,0,0,0,0,0,1,80,54,0,0.00034,0.00034,3,5,0,0,0,0,0,0,0,0,0,0,1,0,1,0,0,0,0,0,0,0,0,,0,0,0,0,
4,4.07,0,1.9,38.5,0,0,0,2.95,0,0,0,0,-9,0,0,0,0,-0.00229183,0,0,0,0,0,0,0,0,0,1,87,54,0,0.00034,0.00034,3,5,0,0,0,0,0,0,0,0,0,0,1,0,1,0,0,0,0,0,0,0,0,,0,0,0,0,
5,5.1,0,-35.95,32.5,0,0,0,-1.7,0,0,0,0,-7.5,0,0,0,0,-0.00229183,0,0,0,0,0,0,0,0,0,1,78,54,0,0.00034,0.00034,3,0,0,0,0,0,0,0,0,0,0,0,1,0,1,0,0,0,0,0,0,0,0,,0,0,0,0,
6,5.61,0,-34.65,35.5,0,0,0,-4.05,0,0,0,0,-4.5,0,0,0,0,-0.00229183,0,0,0,0,0,0,0,0,0,1,80,54,0,0.00034,0.00034,3,5,0,0,0,0,0,0,0,0,0,0,1,0,1,0,0,0,0,0,0,0,0,,0,0,0,0,
7,5.61,0,-24.2,35.5,0,0,0,-5.95,0,0,0,0,-9.5,0,0,0,0,-0.00229183,0,0,0,0,0,0,0,0,0,1,80,54,0,0.00034,0.00034,3,5,0,0,0,0,0,0,0,0,0,0,1,0,1,0,0,0,0,0,0,0,0,,0,0,0,0,
8,6.42,0,34.2,26.5,0,0,0,-10.7,0,0,0,0,-10,0,0,0,0,-0.00229183,0,0,0,0,0,0,0,0,0,1,72,54,0,0.00034,0.00034,3,5,0,0,0,0,0,0,0,0,0,0,1,0,1,0,0,0,0,0,0,0,0,,0,0,0,0,
9,7.6,0,32.45,43,0,0,0,6.8,0,0,0,0,7.5,0,0,0,0,-0.00229183,0,0,0,0,0,0,0,0,0,1,89,54,0,0.00034,0.00034,3,5,0,0,0,0,0,0,0,0,0,0,1,0,1,0,0,0,0,0,0,0,0,,0,0,0,0,
10,8.08,0,-25,29,0,0,0,10.4,0,0,0,0,-12,0,0,0,0,-0.00229183,0,0,0,0,0,0,0,0,0,1,75,54,0,0.00034,0.00034,3,5,0,0,0,0,0,0,0,0,0,0,1,0,1,0,0,0,0,0,0,0,0,,0,0,0,0,
11,8.52,0,45.2,31,0,0,0,5.75,0,0,0,0,6.5,0,0,0,0,-0.00229183,0,0,0,0,0,0,0,0,0,1,77,54,0,0.00034,0.00034,3,5,0,0,0,0,0,0,0,0,0,0,1,0,1,0,0,0,0,0,0,0,0,,0,0,0,0,
12,8.95,0,-32.8,26,0,0,0,-1.55,0,0,0,0,-10,0,0,0,0,-0.00229183,0,0,0,0,0,0,0,0,0,1,73,54,0,0.00034,0.00034,3,5,0,0,0,0,0,0,0,0,0,0,1,0,1,0,0,0,0,0,0,0,0,,0,0,0,0,
13,9.4,0,-29.3,24.5,0,0,0,-3.3,0,0,0,0,-13,0,0,0,0,-0.00229183,0,0,0,0,0,0,0,0,0,1,71,54,0,0.00034,0.00034,3,5,0,0,0,0,0,0,0,0,0,0,1,0,1,0,0,0,0,0,0,0,0,,0,0,0,0,
14,12.16,0,-12.85,27,0,0,0,12.2,0,0,0,0,-15.5,0,0,0,0,-0.00229183,0,0,0,0,0,0,0,0,0,1,74,54,0,0.00034,0.00034,3,5,0,0,0,0,0,0,0,0,0,0,1,0,1,0,0,0,0,0,0,0,0,,0,0,0,0,
15,12.98,0,-23.3,21,0,0,0,-1.7,0,0,0,0,-18,0,0,0,0,-0.00229183,0,0,0,0,0,0,0,0,0,1,68,54,0,0.00034,0.00034,3,5,0,0,0,0,0,0,0,0,0,0,1,0,1,0,0,0,0,0,0,0,0,,0,0,0,0,
END,Total:16
START,FrameNb:157,CameraNb:0,HeSaiNb:0,ARS410Nb:0
2026/08/02 16:19:44:749---->
heightOffset:0,1785658784749,1074300,selfCaliBufCnt:0,selfAccObjCnt:0,selfAccAngle:0,installHAngleOffset:0,Interpolation:0,installVAngleOffset:0,radarOffsetH:0,radarOffsetV:0.32,Polynom:-0.001023;-0.0511;-2.047;0;0;0;-0.001023;-0.0511;-2.047;-25.5;0;0,WheelDirection:0;0;0;0,selfAngleOffset:0,selfAngleOffsetPit:0,currCaliAngleHrz:0,currCaliAnglePit:0,selfCaliAngleHrz:0,selfCaliAnglePit:0,servCaliAngleHrz:0,servCaliAnglePit:0,offlineCaliAngleHrz:0,offlineCaliAnglePit:0,determine2useFlag:0,IMU_Z_Accel:-21.592,IMU_X_AngularRate:-2.093,IMU_Y_AngularRate:-2.093,IMU_RollAngle:-180,IMU_PitchAngle:-180,IMU_YawAngle:-180,FcwID:0,FCWWarningLevel:0,FCWTTC:0
0,2.35,0,50.7,29.5,0,0,0,-10.1,1.37605e-33,0,0,0,4.5,0,0,0,0,-0.00229183,0,0,0,0,0,0,0,0,0,1,78,59,0,0.00034,0.00034,3,5,0,0,0,0,0,0,0,0,0,0,1,0,0,0,0,0,0,0,0,0,0,,0,0,0,0,
1,2.79,0,-33.8,45,0,0,0,1.2,0,0,0,0,7,0,0,0,0,-0.00229183,0,0,0,0,0,0,0,0,0,1,94,59,0,0.00034,0.00034,3,5,0,0,0,0,0,0,0,0,0,0,1,0,0,0,0,0,0,0,0,0,0,,0,0,0,0,
2,3.28,0,13.8,37.5,0,0,0,1.4,0,0,0,0,-8,0,0,0,0,-0.00229183,0,0,0,0,0,0,0,0,0,1,86,59,0,0.00034,0.00034,3,0,0,0,0,0,0,0,0,0,0,0,1,0,0,0,0,0,0,0,0,0,0,,0,0,0,0,
3,3.58,0,-50.1,32.5,0,0,0,-5.75,0,0,0,0,8,0,0,0,0,-0.00229183,0,0,0,0,0,0,0,0,0,1,81,59,0,0.00034,0.00034,3,7,0,0,0,0,0,0,0,0,0,0,1,0,0,0,0,0,0,0,0,0,0,,0,0,0,0,
4,4.07,0,1.9,38.5,0,0,0,2.95,0,0,0,0,-9,0,0,0,0,-0.00229183,0,0,0,0,0,0,0,0,0,1,87,59,0,0.00034,0.00034,3,5,0,0,0,0,0,0,0,0,0,0,1,0,0,0,0,0,0,0,0,0,0,,0,0,0,0,
5,5.11,0,-35.7,32,0,0,0,-1.55,0,0,0,0,-7.5,0,0,0,0,-0.00229183,0,0,0,0,0,0,0,0,0,1,78,59,0,0.00034,0.00034,3,5,0,0,0,0,0,0,0,0,0,0,1,0,0,0,0,0,0,0,0,0,0,,0,0,0,0,
6,5.61,0,-24.2,35,0,0,0,-6.05,0,0,0,0,-9.5,0,0,0,0,-0.00229183,0,0,0,0,0,0,0,0,0,1,80,59,0,0.00034,0.00034,3,5,0,0,0,0,0,0,0,0,0,0,1,0,0,0,0,0,0,0,0,0,0,,0,0,0,0,
7,5.61,0,-34.7,35,0,0,0,-4.2,0,0,0,0,-4.5,0,0,0,0,-0.00229183,0,0,0,0,0,0,0,0,0,1,80,59,0,0.00034,0.00034,3,5,0,0,0,0,0,0,0,0,0,0,1,0,0,0,0,0,0,0,0,0,0,,0,0,0,0,
8,6.36,0,34.05,26.5,0,0,0,-11.7,0,0,0,0,-10,0,0,0,0,-0.00229183,0,0,0,0,0,0,0,0,0,1,72,59,0,0.00034,0.00034,3,5,0,0,0,0,0,0,0,0,0,0,1,0,0,0,0,0,0,0,0,0,0,,0,0,0,0,
9,6.8,0,49.7,26.5,0,0,0,4.4,0,0,0,0,2,0,0,0,0,-0.00229183,0,0,0,0,0,0,0,0,0,1,72,59,0,0.00034,0.00034,3,5,0,0,0,0,0,0,0,0,0,0,1,0,0,0,0,0,0,0,0,0,0,,0,0,0,0,
10,7.59,0,32.55,43.5,0,0,0,6.9,0,0,0,0,8,0,0,0,0,-0.00229183,0,0,0,0,0,0,0,0,0,1,89,59,0,0.00034,0.00034,3,5,0,0,0,0,0,0,0,0,0,0,1,0,0,0,0,0,0,0,0,0,0,,0,0,0,0,
11,8.09,0,-24.6,29,0,0,0,10.65,0,0,0,0,-12,0,0,0,0,-0.00229183,0,0,0,0,0,0,0,0,0,1,75,59,0,0.00034,0.00034,3,5,0,0,0,0,0,0,0,0,0,0,1,0,0,0,0,0,0,0,0,0,0,,0,0,0,0,
12,8.53,0,45.2,31,0,0,0,5.95,0,0,0,0,6.5,0,0,0,0,-0.00229183,0,0,0,0,0,0,0,0,0,1,77,59,0,0.00034,0.00034,3,5,0,0,0,0,0,0,0,0,0,0,1,0,0,0,0,0,0,0,0,0,0,,0,0,0,0,
13,8.95,0,-32.95,26.5,0,0,0,-1.8,0,0,0,0,-9.5,0,0,0,0,-0.00229183,0,0,0,0,0,0,0,0,0,1,73,59,0,0.00034,0.00034,3,5,0,0,0,0,0,0,0,0,0,0,1,0,0,0,0,0,0,0,0,0,0,,0,0,0,0,
14,9.39,0,-29.2,24.5,0,0,0,-3.35,0,0,0,0,-13,0,0,0,0,-0.00229183,0,0,0,0,0,0,0,0,0,1,71,59,0,0.00034,0.00034,3,5,0,0,0,0,0,0,0,0,0,0,1,0,0,0,0,0,0,0,0,0,0,,0,0,0,0,
15,12.16,0,-12.9,27,0,0,0,12.25,0,0,0,0,-15.5,0,0,0,0,-0.00229183,0,0,0,0,0,0,0,0,0,1,74,59,0,0.00034,0.00034,3,5,0,0,0,0,0,0,0,0,0,0,1,0,0,0,0,0,0,0,0,0,0,,0,0,0,0,
16,12.99,0,-23.45,21,0,0,0,-1.95,0,0,0,0,-17.5,0,0,0,0,-0.00229183,0,0,0,0,0,0,0,0,0,1,68,59,0,0.00034,0.00034,3,5,0,0,0,0,0,0,0,0,0,0,1,0,0,0,0,0,0,0,0,0,0,,0,0,0,0,
END,Total:17
START,FrameNb:158,CameraNb:0,HeSaiNb:0,ARS410Nb:0
2026/08/02 16:19:44:807---->
heightOffset:0,1785658784807,1074356,selfCaliBufCnt:0,selfAccObjCnt:0,selfAccAngle:0,installHAngleOffset:0,Interpolation:0,installVAngleOffset:0,radarOffsetH:0,radarOffsetV:0.32,Polynom:-0.001023;-0.0511;-2.047;0;0;0;-0.001023;-0.0511;-2.047;-25.5;0;0,WheelDirection:0;0;0;0,selfAngleOffset:0,selfAngleOffsetPit:0,currCaliAngleHrz:0,currCaliAnglePit:0,selfCaliAngleHrz:0,selfCaliAnglePit:0,servCaliAngleHrz:0,servCaliAnglePit:0,offlineCaliAngleHrz:0,offlineCaliAnglePit:0,determine2useFlag:0,IMU_Z_Accel:-21.592,IMU_X_AngularRate:-2.093,IMU_Y_AngularRate:-2.093,IMU_RollAngle:-180,IMU_PitchAngle:-180,IMU_YawAngle:-180,FcwID:0,FCWWarningLevel:0,FCWTTC:0
0,2.35,0,51.2,29,0,0,0,-10.2,1.37605e-33,0,0,0,5.5,0,0,0,0,-0.00229183,0,0,0,0,0,0,0,0,0,1,78,55,0,0.00034,0.00034,3,5,0,0,0,0,0,0,0,0,0,0,1,0,1,0,0,0,0,0,0,0,0,,0,0,0,0,
1,2.79,0,-33.8,45,0,0,0,1.2,0,0,0,0,7,0,0,0,0,-0.00229183,0,0,0,0,0,0,0,0,0,1,94,55,0,0.00034,0.00034,3,5,0,0,0,0,0,0,0,0,0,0,1,0,1,0,0,0,0,0,0,0,0,,0,0,0,0,
2,3.26,0,13.8,37.5,0,0,0,1.3,0,0,0,0,-8,0,0,0,0,-0.00229183,0,0,0,0,0,0,0,0,0,1,86,55,0,0.00034,0.00034,3,0,0,0,0,0,0,0,0,0,0,0,1,0,1,0,0,0,0,0,0,0,0,,0,0,0,0,
3,3.58,0,-50.2,32.5,0,0,0,-5.95,0,0,0,0,8,0,0,0,0,-0.00229183,0,0,0,0,0,0,0,0,0,1,80,55,0,0.00034,0.00034,3,5,0,0,0,0,0,0,0,0,0,0,1,0,1,0,0,0,0,0,0,0,0,,0,0,0,0,
4,4.07,0,1.9,39,0,0,0,2.95,0,0,0,0,-9,0,0,0,0,-0.00229183,0,0,0,0,0,0,0,0,0,1,87,55,0,0.00034,0.00034,3,5,0,0,0,0,0,0,0,0,0,0,1,0,1,0,0,0,0,0,0,0,0,,0,0,0,0,
5,5.1,0,-35.95,32.5,0,0,0,-1.25,0,0,0,0,-7.5,0,0,0,0,-0.00229183,0,0,0,0,0,0,0,0,0,1,78,55,0,0.00034,0.00034,3,0,0,0,0,0,0,0,0,0,0,0,1,0,1,0,0,0,0,0,0,0,0,,0,0,0,0,
6,5.61,0,-24.2,35,0,0,0,-5.95,0,0,0,0,-9.5,0,0,0,0,-0.00229183,0,0,0,0,0,0,0,0,0,1,80,55,0,0.00034,0.00034,3,5,0,0,0,0,0,0,0,0,0,0,1,0,1,0,0,0,0,0,0,0,0,,0,0,0,0,
7,5.61,0,-34.65,35,0,0,0,-4.05,0,0,0,0,-4.5,0,0,0,0,-0.00229183,0,0,0,0,0,0,0,0,0,1,80,55,0,0.00034,0.00034,3,5,0,0,0,0,0,0,0,0,0,0,1,0,1,0,0,0,0,0,0,0,0,,0,0,0,0,
8,6.39,0,33.95,26.5,0,0,0,-10.3,0,0,0,0,-10,0,0,0,0,-0.00229183,0,0,0,0,0,0,0,0,0,1,72,55,0,0.00034,0.00034,3,5,0,0,0,0,0,0,0,0,0,0,1,0,1,0,0,0,0,0,0,0,0,,0,0,0,0,
9,7.58,0,32.55,43.5,0,0,0,6.95,0,0,0,0,8,0,0,0,0,-0.00229183,0,0,0,0,0,0,0,0,0,1,89,55,0,0.00034,0.00034,3,5,0,0,0,0,0,0,0,0,0,0,1,0,1,0,0,0,0,0,0,0,0,,0,0,0,0,
10,8.16,0,-24.8,29,0,0,0,9.9,0,0,0,0,-12,0,0,0,0,-0.00229183,0,0,0,0,0,0,0,0,0,1,75,55,0,0.00034,0.00034,3,5,0,0,0,0,0,0,0,0,0,0,1,0,1,0,0,0,0,0,0,0,0,,0,0,0,0,
11,8.52,0,45.05,31.5,0,0,0,5.75,0,0,0,0,6.5,0,0,0,0,-0.00229183,0,0,0,0,0,0,0,0,0,1,78,55,0,0.00034,0.00034,3,5,0,0,0,0,0,0,0,0,0,0,1,0,1,0,0,0,0,0,0,0,0,,0,0,0,0,
12,8.96,0,-32.9,26.5,0,0,0,-1.85,0,0,0,0,-9.5,0,0,0,0,-0.00229183,0,0,0,0,0,0,0,0,0,1,73,55,0,0.00034,0.00034,3,5,0,0,0,0,0,0,0,0,0,0,1,0,1,0,0,0,0,0,0,0,0,,0,0,0,0,
13,9.38,0,-29.2,24.5,0,0,0,-3.45,0,0,0,0,-13.5,0,0,0,0,-0.00229183,0,0,0,0,0,0,0,0,0,1,71,55,0,0.00034,0.00034,3,5,0,0,0,0,0,0,0,0,0,0,1,0,1,0,0,0,0,0,0,0,0,,0,0,0,0,
14,9.88,0,-28.3,21,0,0,0,-1.45,0,0,0,0,-17.5,0,0,0,0,-0.00229183,0,0,0,0,0,0,0,0,0,1,68,55,0,0.00034,0.00034,3,5,0,0,0,0,0,0,0,0,0,0,1,0,1,0,0,0,0,0,0,0,0,,0,0,0,0,
15,12.16,0,-12.85,26.5,0,0,0,12.2,0,0,0,0,-15.5,0,0,0,0,-0.00229183,0,0,0,0,0,0,0,0,0,1,74,55,0,0.00034,0.00034,3,5,0,0,0,0,0,0,0,0,0,0,1,0,1,0,0,0,0,0,0,0,0,,0,0,0,0,
16,12.99,0,-23.3,21,0,0,0,-1.8,0,0,0,0,-17.5,0,0,0,0,-0.00229183,0,0,0,0,0,0,0,0,0,1,68,55,0,0.00034,0.00034,3,5,0,0,0,0,0,0,0,0,0,0,1,0,1,0,0,0,0,0,0,0,0,,0,0,0,0,
END,Total:17
START,FrameNb:159,CameraNb:0,HeSaiNb:0,ARS410Nb:0
2026/08/02 16:19:44:840---->
heightOffset:0,1785658784840,1074416,selfCaliBufCnt:0,selfAccObjCnt:0,selfAccAngle:0,installHAngleOffset:0,Interpolation:0,installVAngleOffset:0,radarOffsetH:0,radarOffsetV:0.32,Polynom:-0.001023;-0.0511;-2.047;0;0;0;-0.001023;-0.0511;-2.047;-25.5;0;0,WheelDirection:0;0;0;0,selfAngleOffset:0,selfAngleOffsetPit:0,currCaliAngleHrz:0,currCaliAnglePit:0,selfCaliAngleHrz:0,selfCaliAnglePit:0,servCaliAngleHrz:0,servCaliAnglePit:0,offlineCaliAngleHrz:0,offlineCaliAnglePit:0,determine2useFlag:0,IMU_Z_Accel:-21.592,IMU_X_AngularRate:-2.093,IMU_Y_AngularRate:-2.093,IMU_RollAngle:-180,IMU_PitchAngle:-180,IMU_YawAngle:-180,FcwID:0,FCWWarningLevel:0,FCWTTC:0
0,2.35,0,50.55,29,0,0,0,-10.05,1.37605e-33,0,0,0,4.5,0,0,0,0,-0.00229183,0,0,0,0,0,0,0,0,0,1,78,62,0,0.00034,0.00034,3,5,0,0,0,0,0,0,0,0,0,0,1,0,0,0,0,0,0,0,0,0,0,,0,0,0,0,
1,2.79,0,-33.8,45,0,0,0,1.2,0,0,0,0,7,0,0,0,0,-0.00229183,0,0,0,0,0,0,0,0,0,1,94,62,0,0.00034,0.00034,3,5,0,0,0,0,0,0,0,0,0,0,1,0,0,0,0,0,0,0,0,0,0,,0,0,0,0,
2,3.28,0,13.8,37,0,0,0,1.4,0,0,0,0,-8,0,0,0,0,-0.00229183,0,0,0,0,0,0,0,0,0,1,86,62,0,0.00034,0.00034,3,0,0,0,0,0,0,0,0,0,0,0,1,0,0,0,0,0,0,0,0,0,0,,0,0,0,0,
3,3.58,0,-50.1,32.5,0,0,0,-5.75,0,0,0,0,8,0,0,0,0,-0.00229183,0,0,0,0,0,0,0,0,0,1,81,62,0,0.00034,0.00034,3,7,0,0,0,0,0,0,0,0,0,0,1,0,0,0,0,0,0,0,0,0,0,,0,0,0,0,
4,4.07,0,1.9,38.5,0,0,0,2.95,0,0,0,0,-9,0,0,0,0,-0.00229183,0,0,0,0,0,0,0,0,0,1,87,62,0,0.00034,0.00034,3,5,0,0,0,0,0,0,0,0,0,0,1,0,0,0,0,0,0,0,0,0,0,,0,0,0,0,
5,5.11,0,-35.8,32.5,0,0,0,-1.1,0,0,0,0,-7.5,0,0,0,0,-0.00229183,0,0,0,0,0,0,0,0,0,1,78,62,0,0.00034,0.00034,3,5,0,0,0,0,0,0,0,0,0,0,1,0,0,0,0,0,0,0,0,0,0,,0,0,0,0,
6,5.61,0,-34.65,35,0,0,0,-3.85,0,0,0,0,-4.5,0,0,0,0,-0.00229183,0,0,0,0,0,0,0,0,0,1,80,62,0,0.00034,0.00034,3,5,0,0,0,0,0,0,0,0,0,0,1,0,0,0,0,0,0,0,0,0,0,,0,0,0,0,
7,5.61,0,-24.3,35,0,0,0,-5.8,0,0,0,0,-9.5,0,0,0,0,-0.00229183,0,0,0,0,0,0,0,0,0,1,80,62,0,0.00034,0.00034,3,5,0,0,0,0,0,0,0,0,0,0,1,0,0,0,0,0,0,0,0,0,0,,0,0,0,0,
8,6.36,0,34.1,26,0,0,0,-10.55,0,0,0,0,-10,0,0,0,0,-0.00229183,0,0,0,0,0,0,0,0,0,1,71,62,0,0.00034,0.00034,3,5,0,0,0,0,0,0,0,0,0,0,1,0,0,0,0,0,0,0,0,0,0,,0,0,0,0,
9,7.58,0,32.55,43,0,0,0,6.8,0,0,0,0,7.5,0,0,0,0,-0.00229183,0,0,0,0,0,0,0,0,0,1,89,62,0,0.00034,0.00034,3,5,0,0,0,0,0,0,0,0,0,0,1,0,0,0,0,0,0,0,0,0,0,,0,0,0,0,
10,8.14,0,-24.8,29,0,0,0,9.7,0,0,0,0,-12,0,0,0,0,-0.00229183,0,0,0,0,0,0,0,0,0,1,75,62,0,0.00034,0.00034,3,7,0,0,0,0,0,0,0,0,0,0,1,0,0,0,0,0,0,0,0,0,0,,0,0,0,0,
11,8.52,0,45.05,31,0,0,0,5.9,0,0,0,0,6.5,0,0,0,0,-0.00229183,0,0,0,0,0,0,0,0,0,1,77,62,0,0.00034,0.00034,3,5,0,0,0,0,0,0,0,0,0,0,1,0,0,0,0,0,0,0,0,0,0,,0,0,0,0,
12,8.95,0,-32.7,26.5,0,0,0,-1.8,0,0,0,0,-9.5,0,0,0,0,-0.00229183,0,0,0,0,0,0,0,0,0,1,73,62,0,0.00034,0.00034,3,5,0,0,0,0,0,0,0,0,0,0,1,0,0,0,0,0,0,0,0,0,0,,0,0,0,0,
13,9.4,0,-29.3,24.5,0,0,0,-3.3,0,0,0,0,-13.5,0,0,0,0,-0.00229183,0,0,0,0,0,0,0,0,0,1,71,62,0,0.00034,0.00034,3,5,0,0,0,0,0,0,0,0,0,0,1,0,0,0,0,0,0,0,0,0,0,,0,0,0,0,
14,12.16,0,-12.9,27,0,0,0,12.4,0,0,0,0,-15.5,0,0,0,0,-0.00229183,0,0,0,0,0,0,0,0,0,1,74,62,0,0.00034,0.00034,3,5,0,0,0,0,0,0,0,0,0,0,1,0,0,0,0,0,0,0,0,0,0,,0,0,0,0,
15,12.99,0,-23.5,21.5,0,0,0,-1.05,0,0,0,0,-17.5,0,0,0,0,-0.00229183,0,0,0,0,0,0,0,0,0,1,68,62,0,0.00034,0.00034,3,5,0,0,0,0,0,0,0,0,0,0,1,0,0,0,0,0,0,0,0,0,0,,0,0,0,0,
END,Total:16
START,FrameNb:160,CameraNb:0,HeSaiNb:0,ARS410Nb:0
2026/08/02 16:19:44:889---->
heightOffset:0,1785658784889,1074480,selfCaliBufCnt:0,selfAccObjCnt:0,selfAccAngle:0,installHAngleOffset:0,Interpolation:0,installVAngleOffset:0,radarOffsetH:0,radarOffsetV:0.32,Polynom:-0.001023;-0.0511;-2.047;0;0;0;-0.001023;-0.0511;-2.047;-25.5;0;0,WheelDirection:0;0;0;0,selfAngleOffset:0,selfAngleOffsetPit:0,currCaliAngleHrz:0,currCaliAnglePit:0,selfCaliAngleHrz:0,selfCaliAnglePit:0,servCaliAngleHrz:0,servCaliAnglePit:0,offlineCaliAngleHrz:0,offlineCaliAnglePit:0,determine2useFlag:0,IMU_Z_Accel:-21.592,IMU_X_AngularRate:-2.093,IMU_Y_AngularRate:-2.093,IMU_RollAngle:-180,IMU_PitchAngle:-180,IMU_YawAngle:-180,FcwID:0,FCWWarningLevel:0,FCWTTC:0
0,2.35,0,51.1,29,0,0,0,-10.2,1.37605e-33,0,0,0,5.5,0,0,0,0,-0.00229183,0,0,0,0,0,0,0,0,0,1,78,60,0,0.00034,0.00034,3,5,0,0,0,0,0,0,0,0,0,0,1,0,1,0,0,0,0,0,0,0,0,,0,0,0,0,
1,2.79,0,-33.8,45,0,0,0,1.2,0,0,0,0,7,0,0,0,0,-0.00229183,0,0,0,0,0,0,0,0,0,1,94,60,0,0.00034,0.00034,3,5,0,0,0,0,0,0,0,0,0,0,1,0,1,0,0,0,0,0,0,0,0,,0,0,0,0,
2,3.27,0,13.8,37,0,0,0,1.3,0,0,0,0,-8,0,0,0,0,-0.00229183,0,0,0,0,0,0,0,0,0,1,86,60,0,0.00034,0.00034,3,0,0,0,0,0,0,0,0,0,0,0,1,0,1,0,0,0,0,0,0,0,0,,0,0,0,0,
3,3.58,0,-50.2,32.5,0,0,0,-6.05,0,0,0,0,8,0,0,0,0,-0.00229183,0,0,0,0,0,0,0,0,0,1,81,60,0,0.00034,0.00034,3,7,0,0,0,0,0,0,0,0,0,0,1,0,1,0,0,0,0,0,0,0,0,,0,0,0,0,
4,4.07,0,1.9,38.5,0,0,0,2.95,0,0,0,0,-9,0,0,0,0,-0.00229183,0,0,0,0,0,0,0,0,0,1,87,60,0,0.00034,0.00034,3,5,0,0,0,0,0,0,0,0,0,0,1,0,1,0,0,0,0,0,0,0,0,,0,0,0,0,
5,5.09,0,-35.95,32.5,0,0,0,-1.05,0,0,0,0,-7.5,0,0,0,0,-0.00229183,0,0,0,0,0,0,0,0,0,1,78,60,0,0.00034,0.00034,3,0,0,0,0,0,0,0,0,0,0,0,1,0,1,0,0,0,0,0,0,0,0,,0,0,0,0,
6,5.61,0,-34.7,35,0,0,0,-3.95,0,0,0,0,-4.5,0,0,0,0,-0.00229183,0,0,0,0,0,0,0,0,0,1,80,60,0,0.00034,0.00034,3,5,0,0,0,0,0,0,0,0,0,0,1,0,1,0,0,0,0,0,0,0,0,,0,0,0,0,
7,5.61,0,-24.2,35,0,0,0,-5.85,0,0,0,0,-9.5,0,0,0,0,-0.00229183,0,0,0,0,0,0,0,0,0,1,80,60,0,0.00034,0.00034,3,5,0,0,0,0,0,0,0,0,0,0,1,0,1,0,0,0,0,0,0,0,0,,0,0,0,0,
8,6.41,0,34.1,26,0,0,0,-8.7,0,0,0,0,-10,0,0,0,0,-0.00229183,0,0,0,0,0,0,0,0,0,1,72,60,0,0.00034,0.00034,3,5,0,0,0,0,0,0,0,0,0,0,1,0,1,0,0,0,0,0,0,0,0,,0,0,0,0,
9,6.83,0,49.3,26,0,0,0,4.4,0,0,0,0,1.5,0,0,0,0,-0.00229183,0,0,0,0,0,0,0,0,0,1,72,60,0,0.00034,0.00034,3,5,0,0,0,0,0,0,0,0,0,0,1,0,1,0,0,0,0,0,0,0,0,,0,0,0,0,
10,7.57,0,32.65,43,0,0,0,6.8,0,0,0,0,7.5,0,0,0,0,-0.00229183,0,0,0,0,0,0,0,0,0,1,89,60,0,0.00034,0.00034,3,5,0,0,0,0,0,0,0,0,0,0,1,0,1,0,0,0,0,0,0,0,0,,0,0,0,0,
11,8.23,0,-25.4,29,0,0,0,-1.7,0,0,0,0,-12,0,0,0,0,-0.00229183,0,0,0,0,0,0,0,0,0,1,75,60,0,0.00034,0.00034,3,5,0,0,0,0,0,0,0,0,0,0,1,0,1,0,0,0,0,0,0,0,0,,0,0,0,0,
12,8.52,0,45.05,31,0,0,0,5.8,0,0,0,0,6.5,0,0,0,0,-0.00229183,0,0,0,0,0,0,0,0,0,1,78,60,0,0.00034,0.00034,3,5,0,0,0,0,0,0,0,0,0,0,1,0,1,0,0,0,0,0,0,0,0,,0,0,0,0,
13,8.94,0,-32.8,26.5,0,0,0,-1.55,0,0,0,0,-10,0,0,0,0,-0.00229183,0,0,0,0,0,0,0,0,0,1,73,60,0,0.00034,0.00034,3,5,0,0,0,0,0,0,0,0,0,0,1,0,1,0,0,0,0,0,0,0,0,,0,0,0,0,
14,9.4,0,-29.35,24.5,0,0,0,-3.3,0,0,0,0,-13.5,0,0,0,0,-0.00229183,0,0,0,0,0,0,0,0,0,1,71,60,0,0.00034,0.00034,3,5,0,0,0,0,0,0,0,0,0,0,1,0,1,0,0,0,0,0,0,0,0,,0,0,0,0,
15,12.16,0,-12.8,26.5,0,0,0,12.3,0,0,0,0,-15.5,0,0,0,0,-0.00229183,0,0,0,0,0,0,0,0,0,1,74,60,0,0.00034,0.00034,3,5,0,0,0,0,0,0,0,0,0,0,1,0,1,0,0,0,0,0,0,0,0,,0,0,0,0,
16,13,0,-23.3,21,0,0,0,-2.1,0,0,0,0,-18,0,0,0,0,-0.00229183,0,0,0,0,0,0,0,0,0,1,67,60,0,0.00034,0.00034,3,5,0,0,0,0,0,0,0,0,0,0,1,0,1,0,0,0,0,0,0,0,0,,0,0,0,0,
END,Total:17
START,FrameNb:161,CameraNb:0,HeSaiNb:0,ARS410Nb:0
2026/08/02 16:19:44:950---->
heightOffset:0,1785658784950,1074536,selfCaliBufCnt:0,selfAccObjCnt:0,selfAccAngle:0,installHAngleOffset:0,Interpolation:0,installVAngleOffset:0,radarOffsetH:0,radarOffsetV:0.32,Polynom:-0.001023;-0.0511;-2.047;0;0;0;-0.001023;-0.0511;-2.047;-25.5;0;0,WheelDirection:0;0;0;0,selfAngleOffset:0,selfAngleOffsetPit:0,currCaliAngleHrz:0,currCaliAnglePit:0,selfCaliAngleHrz:0,selfCaliAnglePit:0,servCaliAngleHrz:0,servCaliAnglePit:0,offlineCaliAngleHrz:0,offlineCaliAnglePit:0,determine2useFlag:0,IMU_Z_Accel:-21.592,IMU_X_AngularRate:-2.093,IMU_Y_AngularRate:-2.093,IMU_RollAngle:-180,IMU_PitchAngle:-180,IMU_YawAngle:-180,FcwID:0,FCWWarningLevel:0,FCWTTC:0
0,1.94,0,-39.7,19,0,0,0,-0.95,1.37605e-33,0,0,0,-16,0,0,0,0,-0.00229183,0,0,0,0,0,0,0,0,0,1,68,60,0,0.00034,0.00034,3,5,0,0,0,0,0,0,0,0,0,0,1,0,0,0,0,0,0,0,0,0,0,,0,0,0,0,
1,2.35,0,50.8,29,0,0,0,-10.1,0,0,0,0,4.5,0,0,0,0,-0.00229183,0,0,0,0,0,0,0,0,0,1,78,60,0,0.00034,0.00034,3,5,0,0,0,0,0,0,0,0,0,0,1,0,0,0,0,0,0,0,0,0,0,,0,0,0,0,
2,2.79,0,-33.8,45,0,0,0,1.2,0,0,0,0,7,0,0,0,0,-0.00229183,0,0,0,0,0,0,0,0,0,1,94,60,0,0.00034,0.00034,3,5,0,0,0,0,0,0,0,0,0,0,1,0,0,0,0,0,0,0,0,0,0,,0,0,0,0,
3,3.27,0,13.8,37,0,0,0,1.4,0,0,0,0,-8,0,0,0,0,-0.00229183,0,0,0,0,0,0,0,0,0,1,86,60,0,0.00034,0.00034,3,0,0,0,0,0,0,0,0,0,0,0,1,0,0,0,0,0,0,0,0,0,0,,0,0,0,0,
4,3.58,0,-50.1,32.5,0,0,0,-5.8,0,0,0,0,8,0,0,0,0,-0.00229183,0,0,0,0,0,0,0,0,0,1,81,60,0,0.00034,0.00034,3,7,0,0,0,0,0,0,0,0,0,0,1,0,0,0,0,0,0,0,0,0,0,,0,0,0,0,
5,4.07,0,1.9,38.5,0,0,0,2.95,0,0,0,0,-9,0,0,0,0,-0.00229183,0,0,0,0,0,0,0,0,0,1,87,60,0,0.00034,0.00034,3,5,0,0,0,0,0,0,0,0,0,0,1,0,0,0,0,0,0,0,0,0,0,,0,0,0,0,
6,5.09,0,-35.8,32.5,0,0,0,-1.1,0,0,0,0,-7.5,0,0,0,0,-0.00229183,0,0,0,0,0,0,0,0,0,1,78,60,0,0.00034,0.00034,3,5,0,0,0,0,0,0,0,0,0,0,1,0,0,0,0,0,0,0,0,0,0,,0,0,0,0,
7,5.61,0,-24.2,35,0,0,0,-6.1,0,0,0,0,-9.5,0,0,0,0,-0.00229183,0,0,0,0,0,0,0,0,0,1,80,60,0,0.00034,0.00034,3,5,0,0,0,0,0,0,0,0,0,0,1,0,0,0,0,0,0,0,0,0,0,,0,0,0,0,
8,5.61,0,-34.7,35,0,0,0,-4,0,0,0,0,-4.5,0,0,0,0,-0.00229183,0,0,0,0,0,0,0,0,0,1,80,60,0,0.00034,0.00034,3,5,0,0,0,0,0,0,0,0,0,0,1,0,0,0,0,0,0,0,0,0,0,,0,0,0,0,
9,6.43,0,-21.45,26,0,0,0,-3.05,0,0,0,0,-19,0,0,0,0,-0.00229183,0,0,0,0,0,0,0,0,0,1,72,60,0,0.00034,0.00034,3,5,0,0,0,0,0,0,0,0,0,0,1,0,0,0,0,0,0,0,0,0,0,,0,0,0,0,
10,6.83,0,49.15,25.5,0,0,0,-9.2,0,0,0,0,1.5,0,0,0,0,-0.00229183,0,0,0,0,0,0,0,0,0,1,71,60,0,0.00034,0.00034,3,5,0,0,0,0,0,0,0,0,0,0,1,0,0,0,0,0,0,0,0,0,0,,0,0,0,0,
11,7.57,0,32.7,43,0,0,0,6.65,0,0,0,0,7.5,0,0,0,0,-0.00229183,0,0,0,0,0,0,0,0,0,1,89,60,0,0.00034,0.00034,3,5,0,0,0,0,0,0,0,0,0,0,1,0,0,0,0,0,0,0,0,0,0,,0,0,0,0,
12,8.24,0,-24.95,29,0,0,0,9.9,0,0,0,0,-12,0,0,0,0,-0.00229183,0,0,0,0,0,0,0,0,0,1,75,60,0,0.00034,0.00034,3,5,0,0,0,0,0,0,0,0,0,0,1,0,0,0,0,0,0,0,0,0,0,,0,0,0,0,
13,8.51,0,45.05,31.5,0,0,0,5.75,0,0,0,0,6.5,0,0,0,0,-0.00229183,0,0,0,0,0,0,0,0,0,1,78,60,0,0.00034,0.00034,3,5,0,0,0,0,0,0,0,0,0,0,1,0,0,0,0,0,0,0,0,0,0,,0,0,0,0,
14,8.95,0,-32.85,26.5,0,0,0,-1.85,0,0,0,0,-10,0,0,0,0,-0.00229183,0,0,0,0,0,0,0,0,0,1,73,60,0,0.00034,0.00034,3,5,0,0,0,0,0,0,0,0,0,0,1,0,0,0,0,0,0,0,0,0,0,,0,0,0,0,
15,9.39,0,-29.3,24.5,0,0,0,-3.6,0,0,0,0,-13.5,0,0,0,0,-0.00229183,0,0,0,0,0,0,0,0,0,1,71,60,0,0.00034,0.00034,3,5,0,0,0,0,0,0,0,0,0,0,1,0,0,0,0,0,0,0,0,0,0,,0,0,0,0,
16,12.16,0,-12.85,26.5,0,0,0,12.4,0,0,0,0,-16,0,0,0,0,-0.00229183,0,0,0,0,0,0,0,0,0,1,74,60,0,0.00034,0.00034,3,5,0,0,0,0,0,0,0,0,0,0,1,0,0,0,0,0,0,0,0,0,0,,0,0,0,0,
17,13,0,-23.55,20.5,0,0,0,-3.1,0,0,0,0,-18,0,0,0,0,-0.00229183,0,0,0,0,0,0,0,0,0,1,67,60,0,0.00034,0.00034,3,5,0,0,0,0,0,0,0,0,0,0,1,0,0,0,0,0,0,0,0,0,0,,0,0,0,0,
END,Total:18
START,FrameNb:162,CameraNb:0,HeSaiNb:0,ARS410Nb:0
2026/08/02 16:19:44:999---->
heightOffset:0,1785658784999,1074596,selfCaliBufCnt:0,selfAccObjCnt:0,selfAccAngle:0,installHAngleOffset:0,Interpolation:0,installVAngleOffset:0,radarOffsetH:0,radarOffsetV:0.32,Polynom:-0.001023;-0.0511;-2.047;0;0;0;-0.001023;-0.0511;-2.047;-25.5;0;0,WheelDirection:0;0;0;0,selfAngleOffset:0,selfAngleOffsetPit:0,currCaliAngleHrz:0,currCaliAnglePit:0,selfCaliAngleHrz:0,selfCaliAnglePit:0,servCaliAngleHrz:0,servCaliAnglePit:0,offlineCaliAngleHrz:0,offlineCaliAnglePit:0,determine2useFlag:0,IMU_Z_Accel:-21.592,IMU_X_AngularRate:-2.093,IMU_Y_AngularRate:-2.093,IMU_RollAngle:-180,IMU_PitchAngle:-180,IMU_YawAngle:-180,FcwID:0,FCWWarningLevel:0,FCWTTC:0
0,2.35,0,51.1,29.5,0,0,0,-10.2,1.37605e-33,0,0,0,5.5,0,0,0,0,-0.00229183,0,0,0,0,0,0,0,0,0,1,78,54,0,0.00034,0.00034,3,5,0,0,0,0,0,0,0,0,0,0,1,0,1,0,0,0,0,0,0,0,0,,0,0,0,0,
1,2.79,0,-33.8,45.5,0,0,0,1.2,0,0,0,0,7,0,0,0,0,-0.00229183,0,0,0,0,0,0,0,0,0,1,94,54,0,0.00034,0.00034,3,5,0,0,0,0,0,0,0,0,0,0,1,0,1,0,0,0,0,0,0,0,0,,0,0,0,0,
2,3.26,0,13.8,37.5,0,0,0,1.3,0,0,0,0,-8,0,0,0,0,-0.00229183,0,0,0,0,0,0,0,0,0,1,86,54,0,0.00034,0.00034,3,0,0,0,0,0,0,0,0,0,0,0,1,0,1,0,0,0,0,0,0,0,0,,0,0,0,0,
3,3.58,0,-50.3,32.5,0,0,0,-6,0,0,0,0,8,0,0,0,0,-0.00229183,0,0,0,0,0,0,0,0,0,1,81,54,0,0.00034,0.00034,3,5,0,0,0,0,0,0,0,0,0,0,1,0,1,0,0,0,0,0,0,0,0,,0,0,0,0,
4,4.07,0,1.9,39,0,0,0,2.95,0,0,0,0,-9,0,0,0,0,-0.00229183,0,0,0,0,0,0,0,0,0,1,87,54,0,0.00034,0.00034,3,5,0,0,0,0,0,0,0,0,0,0,1,0,1,0,0,0,0,0,0,0,0,,0,0,0,0,
5,5.09,0,-35.8,32.5,0,0,0,-0.1,0,0,0,0,-7.5,0,0,0,0,-0.00229183,0,0,0,0,0,0,0,0,0,1,78,54,0,0.00034,0.00034,3,0,0,0,0,0,0,0,0,0,0,0,1,0,1,0,0,0,0,0,0,0,0,,0,0,0,0,
6,5.09,0,-41.5,32.5,0,0,0,14.2,0,0,0,0,-2.5,0,0,0,0,-0.00229183,0,0,0,0,0,0,0,0,0,1,78,54,0,0.00034,0.00034,3,0,0,0,0,0,0,0,0,0,0,0,1,0,1,0,0,0,0,0,0,0,0,,0,0,0,0,
7,5.61,0,-34.7,35.5,0,0,0,-3.95,0,0,0,0,-4.5,0,0,0,0,-0.00229183,0,0,0,0,0,0,0,0,0,1,80,54,0,0.00034,0.00034,3,5,0,0,0,0,0,0,0,0,0,0,1,0,1,0,0,0,0,0,0,0,0,,0,0,0,0,
8,5.61,0,-24.2,35.5,0,0,0,-5.85,0,0,0,0,-9.5,0,0,0,0,-0.00229183,0,0,0,0,0,0,0,0,0,1,80,54,0,0.00034,0.00034,3,5,0,0,0,0,0,0,0,0,0,0,1,0,1,0,0,0,0,0,0,0,0,,0,0,0,0,
9,6.42,0,-21.6,26.5,0,0,0,-3,0,0,0,0,-19,0,0,0,0,-0.00229183,0,0,0,0,0,0,0,0,0,1,72,54,0,0.00034,0.00034,3,5,0,0,0,0,0,0,0,0,0,0,1,0,1,0,0,0,0,0,0,0,0,,0,0,0,0,
10,7.58,0,32.65,43,0,0,0,6.55,0,0,0,0,7.5,0,0,0,0,-0.00229183,0,0,0,0,0,0,0,0,0,1,89,54,0,0.00034,0.00034,3,5,0,0,0,0,0,0,0,0,0,0,1,0,1,0,0,0,0,0,0,0,0,,0,0,0,0,
11,8.22,0,-25.2,28.5,0,0,0,9.95,0,0,0,0,-12,0,0,0,0,-0.00229183,0,0,0,0,0,0,0,0,0,1,75,54,0,0.00034,0.00034,3,5,0,0,0,0,0,0,0,0,0,0,1,0,1,0,0,0,0,0,0,0,0,,0,0,0,0,
12,8.52,0,45,31,0,0,0,5.65,0,0,0,0,6.5,0,0,0,0,-0.00229183,0,0,0,0,0,0,0,0,0,1,78,54,0,0.00034,0.00034,3,5,0,0,0,0,0,0,0,0,0,0,1,0,1,0,0,0,0,0,0,0,0,,0,0,0,0,
13,8.95,0,-32.85,26,0,0,0,-1.35,0,0,0,0,-10,0,0,0,0,-0.00229183,0,0,0,0,0,0,0,0,0,1,72,54,0,0.00034,0.00034,3,5,0,0,0,0,0,0,0,0,0,0,1,0,1,0,0,0,0,0,0,0,0,,0,0,0,0,
14,9.39,0,-29.1,24,0,0,0,-3.7,0,0,0,0,-13.5,0,0,0,0,-0.00229183,0,0,0,0,0,0,0,0,0,1,71,54,0,0.00034,0.00034,3,5,0,0,0,0,0,0,0,0,0,0,1,0,1,0,0,0,0,0,0,0,0,,0,0,0,0,
15,12.16,0,-12.8,27,0,0,0,12.3,0,0,0,0,-16,0,0,0,0,-0.00229183,0,0,0,0,0,0,0,0,0,1,74,54,0,0.00034,0.00034,3,5,0,0,0,0,0,0,0,0,0,0,1,0,1,0,0,0,0,0,0,0,0,,0,0,0,0,
16,13,0,-23.15,20,0,0,0,-1.85,0,0,0,0,-19,0,0,0,0,-0.00229183,0,0,0,0,0,0,0,0,0,1,66,54,0,0.00034,0.00034,3,5,0,0,0,0,0,0,0,0,0,0,1,0,1,0,0,0,0,0,0,0,0,,0,0,0,0,
END,Total:17
START,FrameNb:163,CameraNb:0,HeSaiNb:0,ARS410Nb:0
2026/08/02 16:19:45:091---->
heightOffset:0,1785658785091,1074648,selfCaliBufCnt:0,selfAccObjCnt:0,selfAccAngle:0,installHAngleOffset:0,Interpolation:0,installVAngleOffset:0,radarOffsetH:0,radarOffsetV:0.32,Polynom:-0.001023;-0.0511;-2.047;0;0;0;-0.001023;-0.0511;-2.047;-25.5;0;0,WheelDirection:0;0;0;0,selfAngleOffset:0,selfAngleOffsetPit:0,currCaliAngleHrz:0,currCaliAnglePit:0,selfCaliAngleHrz:0,selfCaliAnglePit:0,servCaliAngleHrz:0,servCaliAnglePit:0,offlineCaliAngleHrz:0,offlineCaliAnglePit:0,determine2useFlag:0,IMU_Z_Accel:-21.592,IMU_X_AngularRate:-2.093,IMU_Y_AngularRate:-2.093,IMU_RollAngle:-180,IMU_PitchAngle:-180,IMU_YawAngle:-180,FcwID:0,FCWWarningLevel:0,FCWTTC:0
0,2.35,0,50.55,29,0,0,0,-10.1,1.37605e-33,0,0,0,4.5,0,0,0,0,-0.00229183,0,0,0,0,0,0,0,0,0,1,78,59,0,0.00034,0.00034,3,5,0,0,0,0,0,0,0,0,0,0,1,0,0,0,0,0,0,0,0,0,0,,0,0,0,0,
1,2.79,0,-33.8,45,0,0,0,1.2,0,0,0,0,7,0,0,0,0,-0.00229183,0,0,0,0,0,0,0,0,0,1,94,59,0,0.00034,0.00034,3,5,0,0,0,0,0,0,0,0,0,0,1,0,0,0,0,0,0,0,0,0,0,,0,0,0,0,
2,3.28,0,13.8,37,0,0,0,1.4,0,0,0,0,-8,0,0,0,0,-0.00229183,0,0,0,0,0,0,0,0,0,1,86,59,0,0.00034,0.00034,3,0,0,0,0,0,0,0,0,0,0,0,1,0,0,0,0,0,0,0,0,0,0,,0,0,0,0,
3,3.58,0,-3.55,32.5,0,0,0,-8.6,0,0,0,0,-16,0,0,0,0,-0.00229183,0,0,0,0,0,0,0,0,0,1,81,59,0,0.00034,0.00034,3,7,0,0,0,0,0,0,0,0,0,0,1,0,0,0,0,0,0,0,0,0,0,,0,0,0,0,
4,4.07,0,1.9,38.5,0,0,0,2.95,0,0,0,0,-9,0,0,0,0,-0.00229183,0,0,0,0,0,0,0,0,0,1,87,59,0,0.00034,0.00034,3,5,0,0,0,0,0,0,0,0,0,0,1,0,0,0,0,0,0,0,0,0,0,,0,0,0,0,
5,5.09,0,-35.7,32.5,0,0,0,-1.05,0,0,0,0,-7.5,0,0,0,0,-0.00229183,0,0,0,0,0,0,0,0,0,1,78,59,0,0.00034,0.00034,3,5,0,0,0,0,0,0,0,0,0,0,1,0,0,0,0,0,0,0,0,0,0,,0,0,0,0,
6,5.61,0,-24.15,35,0,0,0,-6.05,0,0,0,0,-9.5,0,0,0,0,-0.00229183,0,0,0,0,0,0,0,0,0,1,80,59,0,0.00034,0.00034,3,5,0,0,0,0,0,0,0,0,0,0,1,0,0,0,0,0,0,0,0,0,0,,0,0,0,0,
7,5.61,0,-34.7,35,0,0,0,-4.05,0,0,0,0,-4.5,0,0,0,0,-0.00229183,0,0,0,0,0,0,0,0,0,1,80,59,0,0.00034,0.00034,3,5,0,0,0,0,0,0,0,0,0,0,1,0,0,0,0,0,0,0,0,0,0,,0,0,0,0,
8,6.41,0,-21.7,26,0,0,0,-3,0,0,0,0,-19,0,0,0,0,-0.00229183,0,0,0,0,0,0,0,0,0,1,71,59,0,0.00034,0.00034,3,5,0,0,0,0,0,0,0,0,0,0,1,0,0,0,0,0,0,0,0,0,0,,0,0,0,0,
9,6.82,0,-20.45,25.5,0,0,0,2.15,0,0,0,0,-18.5,0,0,0,0,-0.00229183,0,0,0,0,0,0,0,0,0,1,72,59,0,0.00034,0.00034,3,5,0,0,0,0,0,0,0,0,0,0,1,0,0,0,0,0,0,0,0,0,0,,0,0,0,0,
10,7.59,0,-35.8,42.5,0,0,0,-1.75,0,0,0,0,6.5,0,0,0,0,-0.00229183,0,0,0,0,0,0,0,0,0,1,89,59,0,0.00034,0.00034,3,5,0,0,0,0,0,0,0,0,0,0,1,0,0,0,0,0,0,0,0,0,0,,0,0,0,0,
11,8.24,0,-24.8,28.5,0,0,0,10.2,0,0,0,0,-12,0,0,0,0,-0.00229183,0,0,0,0,0,0,0,0,0,1,75,59,0,0.00034,0.00034,3,5,0,0,0,0,0,0,0,0,0,0,1,0,0,0,0,0,0,0,0,0,0,,0,0,0,0,
12,8.52,0,45.05,31.5,0,0,0,5.65,0,0,0,0,7,0,0,0,0,-0.00229183,0,0,0,0,0,0,0,0,0,1,78,59,0,0.00034,0.00034,3,5,0,0,0,0,0,0,0,0,0,0,1,0,0,0,0,0,0,0,0,0,0,,0,0,0,0,
13,8.98,0,-32.85,26.5,0,0,0,-1.75,0,0,0,0,-10,0,0,0,0,-0.00229183,0,0,0,0,0,0,0,0,0,1,73,59,0,0.00034,0.00034,3,5,0,0,0,0,0,0,0,0,0,0,1,0,0,0,0,0,0,0,0,0,0,,0,0,0,0,
14,9.4,0,-29.3,24,0,0,0,-3.6,0,0,0,0,-14,0,0,0,0,-0.00229183,0,0,0,0,0,0,0,0,0,1,70,59,0,0.00034,0.00034,3,5,0,0,0,0,0,0,0,0,0,0,1,0,0,0,0,0,0,0,0,0,0,,0,0,0,0,
15,12.16,0,-12.9,27,0,0,0,12.4,0,0,0,0,-15.5,0,0,0,0,-0.00229183,0,0,0,0,0,0,0,0,0,1,74,59,0,0.00034,0.00034,3,5,0,0,0,0,0,0,0,0,0,0,1,0,0,0,0,0,0,0,0,0,0,,0,0,0,0,
16,13,0,-23.45,20.5,0,0,0,-1.75,0,0,0,0,-18,0,0,0,0,-0.00229183,0,0,0,0,0,0,0,0,0,1,67,59,0,0.00034,0.00034,3,5,0,0,0,0,0,0,0,0,0,0,1,0,0,0,0,0,0,0,0,0,0,,0,0,0,0,
END,Total:17
START,FrameNb:164,CameraNb:0,HeSaiNb:0,ARS410Nb:0
2026/08/02 16:19:45:144---->
heightOffset:0,1785658785144,1074708,selfCaliBufCnt:0,selfAccObjCnt:0,selfAccAngle:0,installHAngleOffset:0,Interpolation:0,installVAngleOffset:0,radarOffsetH:0,radarOffsetV:0.32,Polynom:-0.001023;-0.0511;-2.047;0;0;0;-0.001023;-0.0511;-2.047;-25.5;0;0,WheelDirection:0;0;0;0,selfAngleOffset:0,selfAngleOffsetPit:0,currCaliAngleHrz:0,currCaliAnglePit:0,selfCaliAngleHrz:0,selfCaliAnglePit:0,servCaliAngleHrz:0,servCaliAnglePit:0,offlineCaliAngleHrz:0,offlineCaliAnglePit:0,determine2useFlag:0,IMU_Z_Accel:-21.592,IMU_X_AngularRate:-2.093,IMU_Y_AngularRate:-2.093,IMU_RollAngle:-180,IMU_PitchAngle:-180,IMU_YawAngle:-180,FcwID:0,FCWWarningLevel:0,FCWTTC:0
0,2.35,0,51,29,0,0,0,-10.2,1.37605e-33,0,0,0,5.5,0,0,0,0,-0.00229183,0,0,0,0,0,0,0,0,0,1,78,55,0,0.00034,0.00034,3,5,0,0,0,0,0,0,0,0,0,0,1,0,1,0,0,0,0,0,0,0,0,,0,0,0,0,
1,2.79,0,-33.8,45,0,0,0,1.2,0,0,0,0,7,0,0,0,0,-0.00229183,0,0,0,0,0,0,0,0,0,1,94,55,0,0.00034,0.00034,3,5,0,0,0,0,0,0,0,0,0,0,1,0,1,0,0,0,0,0,0,0,0,,0,0,0,0,
2,3.27,0,13.8,37.5,0,0,0,1.4,0,0,0,0,-8,0,0,0,0,-0.00229183,0,0,0,0,0,0,0,0,0,1,86,55,0,0.00034,0.00034,3,0,0,0,0,0,0,0,0,0,0,0,1,0,1,0,0,0,0,0,0,0,0,,0,0,0,0,
3,3.58,0,-50.3,32.5,0,0,0,-6.05,0,0,0,0,7.5,0,0,0,0,-0.00229183,0,0,0,0,0,0,0,0,0,1,80,55,0,0.00034,0.00034,3,5,0,0,0,0,0,0,0,0,0,0,1,0,1,0,0,0,0,0,0,0,0,,0,0,0,0,
4,4.07,0,1.9,38.5,0,0,0,2.95,0,0,0,0,-9,0,0,0,0,-0.00229183,0,0,0,0,0,0,0,0,0,1,87,55,0,0.00034,0.00034,3,5,0,0,0,0,0,0,0,0,0,0,1,0,1,0,0,0,0,0,0,0,0,,0,0,0,0,
5,5.09,0,-35.85,32.5,0,0,0,0.05,0,0,0,0,-7.5,0,0,0,0,-0.00229183,0,0,0,0,0,0,0,0,0,1,78,55,0,0.00034,0.00034,3,0,0,0,0,0,0,0,0,0,0,0,1,0,1,0,0,0,0,0,0,0,0,,0,0,0,0,
6,5.09,0,-41.45,32.5,0,0,0,14.05,0,0,0,0,-2.5,0,0,0,0,-0.00229183,0,0,0,0,0,0,0,0,0,1,78,55,0,0.00034,0.00034,3,0,0,0,0,0,0,0,0,0,0,0,1,0,1,0,0,0,0,0,0,0,0,,0,0,0,0,
7,5.61,0,-34.7,35,0,0,0,-4,0,0,0,0,-4.5,0,0,0,0,-0.00229183,0,0,0,0,0,0,0,0,0,1,80,55,0,0.00034,0.00034,3,5,0,0,0,0,0,0,0,0,0,0,1,0,1,0,0,0,0,0,0,0,0,,0,0,0,0,
8,5.61,0,-24.2,35,0,0,0,-5.8,0,0,0,0,-9.5,0,0,0,0,-0.00229183,0,0,0,0,0,0,0,0,0,1,80,55,0,0.00034,0.00034,3,5,0,0,0,0,0,0,0,0,0,0,1,0,1,0,0,0,0,0,0,0,0,,0,0,0,0,
9,6.4,0,-21.7,26,0,0,0,-2.85,0,0,0,0,-19,0,0,0,0,-0.00229183,0,0,0,0,0,0,0,0,0,1,71,55,0,0.00034,0.00034,3,5,0,0,0,0,0,0,0,0,0,0,1,0,1,0,0,0,0,0,0,0,0,,0,0,0,0,
10,6.83,0,-20.2,26,0,0,0,-9.35,0,0,0,0,-18.5,0,0,0,0,-0.00229183,0,0,0,0,0,0,0,0,0,1,72,55,0,0.00034,0.00034,3,5,0,0,0,0,0,0,0,0,0,0,1,0,1,0,0,0,0,0,0,0,0,,0,0,0,0,
11,7.6,0,-35.8,42.5,0,0,0,-1.75,0,0,0,0,6.5,0,0,0,0,-0.00229183,0,0,0,0,0,0,0,0,0,1,89,55,0,0.00034,0.00034,3,5,0,0,0,0,0,0,0,0,0,0,1,0,1,0,0,0,0,0,0,0,0,,0,0,0,0,
12,8.22,0,-25.05,28.5,0,0,0,9.95,0,0,0,0,-12,0,0,0,0,-0.00229183,0,0,0,0,0,0,0,0,0,1,75,55,0,0.00034,0.00034,3,5,0,0,0,0,0,0,0,0,0,0,1,0,1,0,0,0,0,0,0,0,0,,0,0,0,0,
13,8.52,0,45.1,31.5,0,0,0,5.4,0,0,0,0,7,0,0,0,0,-0.00229183,0,0,0,0,0,0,0,0,0,1,78,55,0,0.00034,0.00034,3,5,0,0,0,0,0,0,0,0,0,0,1,0,1,0,0,0,0,0,0,0,0,,0,0,0,0,
14,8.97,0,-32.9,26.5,0,0,0,-1.45,0,0,0,0,-9.5,0,0,0,0,-0.00229183,0,0,0,0,0,0,0,0,0,1,73,55,0,0.00034,0.00034,3,5,0,0,0,0,0,0,0,0,0,0,1,0,1,0,0,0,0,0,0,0,0,,0,0,0,0,
15,9.4,0,-29.35,24,0,0,0,-3.55,0,0,0,0,-13.5,0,0,0,0,-0.00229183,0,0,0,0,0,0,0,0,0,1,71,55,0,0.00034,0.00034,3,5,0,0,0,0,0,0,0,0,0,0,1,0,1,0,0,0,0,0,0,0,0,,0,0,0,0,
16,12.16,0,-12.85,27,0,0,0,12.05,0,0,0,0,-16,0,0,0,0,-0.00229183,0,0,0,0,0,0,0,0,0,1,74,55,0,0.00034,0.00034,3,5,0,0,0,0,0,0,0,0,0,0,1,0,1,0,0,0,0,0,0,0,0,,0,0,0,0,
17,13,0,-23.3,20.5,0,0,0,-1.7,0,0,0,0,-18,0,0,0,0,-0.00229183,0,0,0,0,0,0,0,0,0,1,67,55,0,0.00034,0.00034,3,5,0,0,0,0,0,0,0,0,0,0,1,0,1,0,0,0,0,0,0,0,0,,0,0,0,0,
END,Total:18
START,FrameNb:165,CameraNb:0,HeSaiNb:0,ARS410Nb:0
2026/08/02 16:19:45:202---->
heightOffset:0,1785658785202,1074768,selfCaliBufCnt:0,selfAccObjCnt:0,selfAccAngle:0,installHAngleOffset:0,Interpolation:0,installVAngleOffset:0,radarOffsetH:0,radarOffsetV:0.32,Polynom:-0.001023;-0.0511;-2.047;0;0;0;-0.001023;-0.0511;-2.047;-25.5;0;0,WheelDirection:0;0;0;0,selfAngleOffset:0,selfAngleOffsetPit:0,currCaliAngleHrz:0,currCaliAnglePit:0,selfCaliAngleHrz:0,selfCaliAnglePit:0,servCaliAngleHrz:0,servCaliAnglePit:0,offlineCaliAngleHrz:0,offlineCaliAnglePit:0,determine2useFlag:0,IMU_Z_Accel:-21.592,IMU_X_AngularRate:-2.093,IMU_Y_AngularRate:-2.093,IMU_RollAngle:-180,IMU_PitchAngle:-180,IMU_YawAngle:-180,FcwID:0,FCWWarningLevel:0,FCWTTC:0
0,2.35,0,31.55,29.5,0,0,0,10.4,1.37605e-33,0,0,0,-8.5,0,0,0,0,-0.00229183,0,0,0,0,0,0,0,0,0,1,78,61,0,0.00034,0.00034,3,5,0,0,0,0,0,0,0,0,0,0,1,0,0,0,0,0,0,0,0,0,0,,0,0,0,0,
1,2.79,0,-33.8,45,0,0,0,1.2,0,0,0,0,7,0,0,0,0,-0.00229183,0,0,0,0,0,0,0,0,0,1,94,61,0,0.00034,0.00034,3,5,0,0,0,0,0,0,0,0,0,0,1,0,0,0,0,0,0,0,0,0,0,,0,0,0,0,
2,3.27,0,13.8,37.5,0,0,0,1.4,0,0,0,0,-8,0,0,0,0,-0.00229183,0,0,0,0,0,0,0,0,0,1,86,61,0,0.00034,0.00034,3,0,0,0,0,0,0,0,0,0,0,0,1,0,0,0,0,0,0,0,0,0,0,,0,0,0,0,
3,3.58,0,-50.2,32.5,0,0,0,-5.8,0,0,0,0,8,0,0,0,0,-0.00229183,0,0,0,0,0,0,0,0,0,1,81,61,0,0.00034,0.00034,3,7,0,0,0,0,0,0,0,0,0,0,1,0,0,0,0,0,0,0,0,0,0,,0,0,0,0,
4,4.07,0,1.9,38.5,0,0,0,2.95,0,0,0,0,-9,0,0,0,0,-0.00229183,0,0,0,0,0,0,0,0,0,1,87,61,0,0.00034,0.00034,3,5,0,0,0,0,0,0,0,0,0,0,1,0,0,0,0,0,0,0,0,0,0,,0,0,0,0,
5,5.12,0,-35.7,32.5,0,0,0,-1.1,0,0,0,0,-7.5,0,0,0,0,-0.00229183,0,0,0,0,0,0,0,0,0,1,78,61,0,0.00034,0.00034,3,5,0,0,0,0,0,0,0,0,0,0,1,0,0,0,0,0,0,0,0,0,0,,0,0,0,0,
6,5.6,0,-24.2,35,0,0,0,-6.05,0,0,0,0,-9.5,0,0,0,0,-0.00229183,0,0,0,0,0,0,0,0,0,1,80,61,0,0.00034,0.00034,3,5,0,0,0,0,0,0,0,0,0,0,1,0,0,0,0,0,0,0,0,0,0,,0,0,0,0,
7,5.6,0,-34.7,35,0,0,0,-4.05,0,0,0,0,-4.5,0,0,0,0,-0.00229183,0,0,0,0,0,0,0,0,0,1,80,61,0,0.00034,0.00034,3,5,0,0,0,0,0,0,0,0,0,0,1,0,0,0,0,0,0,0,0,0,0,,0,0,0,0,
8,6.42,0,-21.6,26,0,0,0,-3.45,0,0,0,0,-19,0,0,0,0,-0.00229183,0,0,0,0,0,0,0,0,0,1,71,61,0,0.00034,0.00034,3,5,0,0,0,0,0,0,0,0,0,0,1,0,0,0,0,0,0,0,0,0,0,,0,0,0,0,
9,6.83,0,-19.95,26,0,0,0,-9.8,0,0,0,0,-19.5,0,0,0,0,-0.00229183,0,0,0,0,0,0,0,0,0,1,72,61,0,0.00034,0.00034,3,5,0,0,0,0,0,0,0,0,0,0,1,0,0,0,0,0,0,0,0,0,0,,0,0,0,0,
10,7.6,0,-35.8,43,0,0,0,-1.8,0,0,0,0,6.5,0,0,0,0,-0.00229183,0,0,0,0,0,0,0,0,0,1,89,61,0,0.00034,0.00034,3,5,0,0,0,0,0,0,0,0,0,0,1,0,0,0,0,0,0,0,0,0,0,,0,0,0,0,
11,8.14,0,-25.05,29,0,0,0,10,0,0,0,0,-12,0,0,0,0,-0.00229183,0,0,0,0,0,0,0,0,0,1,75,61,0,0.00034,0.00034,3,5,0,0,0,0,0,0,0,0,0,0,1,0,0,0,0,0,0,0,0,0,0,,0,0,0,0,
12,8.52,0,45.1,31.5,0,0,0,5.75,0,0,0,0,7,0,0,0,0,-0.00229183,0,0,0,0,0,0,0,0,0,1,78,61,0,0.00034,0.00034,3,5,0,0,0,0,0,0,0,0,0,0,1,0,0,0,0,0,0,0,0,0,0,,0,0,0,0,
13,8.97,0,-32.9,26.5,0,0,0,-1.55,0,0,0,0,-9.5,0,0,0,0,-0.00229183,0,0,0,0,0,0,0,0,0,1,73,61,0,0.00034,0.00034,3,5,0,0,0,0,0,0,0,0,0,0,1,0,0,0,0,0,0,0,0,0,0,,0,0,0,0,
14,9.41,0,-29.3,24,0,0,0,-3.3,0,0,0,0,-13.5,0,0,0,0,-0.00229183,0,0,0,0,0,0,0,0,0,1,71,61,0,0.00034,0.00034,3,5,0,0,0,0,0,0,0,0,0,0,1,0,0,0,0,0,0,0,0,0,0,,0,0,0,0,
15,12.16,0,-12.85,27,0,0,0,12.25,0,0,0,0,-15.5,0,0,0,0,-0.00229183,0,0,0,0,0,0,0,0,0,1,74,61,0,0.00034,0.00034,3,5,0,0,0,0,0,0,0,0,0,0,1,0,0,0,0,0,0,0,0,0,0,,0,0,0,0,
16,13,0,-23.55,21.5,0,0,0,-1.6,0,0,0,0,-17.5,0,0,0,0,-0.00229183,0,0,0,0,0,0,0,0,0,1,68,61,0,0.00034,0.00034,3,5,0,0,0,0,0,0,0,0,0,0,1,0,0,0,0,0,0,0,0,0,0,,0,0,0,0,
END,Total:17
START,FrameNb:166,CameraNb:0,HeSaiNb:0,ARS410Nb:0
2026/08/02 16:19:45:247---->
heightOffset:0,1785658785247,1074832,selfCaliBufCnt:0,selfAccObjCnt:0,selfAccAngle:0,installHAngleOffset:0,Interpolation:0,installVAngleOffset:0,radarOffsetH:0,radarOffsetV:0.32,Polynom:-0.001023;-0.0511;-2.047;0;0;0;-0.001023;-0.0511;-2.047;-25.5;0;0,WheelDirection:0;0;0;0,selfAngleOffset:0,selfAngleOffsetPit:0,currCaliAngleHrz:0,currCaliAnglePit:0,selfCaliAngleHrz:0,selfCaliAnglePit:0,servCaliAngleHrz:0,servCaliAnglePit:0,offlineCaliAngleHrz:0,offlineCaliAnglePit:0,determine2useFlag:0,IMU_Z_Accel:-21.592,IMU_X_AngularRate:-2.093,IMU_Y_AngularRate:-2.093,IMU_RollAngle:-180,IMU_PitchAngle:-180,IMU_YawAngle:-180,FcwID:0,FCWWarningLevel:0,FCWTTC:0
0,2.35,0,51.05,29,0,0,0,-10.2,1.37605e-33,0,0,0,5.5,0,0,0,0,-0.00229183,0,0,0,0,0,0,0,0,0,1,78,61,0,0.00034,0.00034,2,-1,0,0,0,0,0,0,0,0,0,0,1,0,1,0,0,0,0,0,0,0,0,,0,0,0,0,
1,2.79,0,-33.8,45,0,0,0,1.2,0,0,0,0,7,0,0,0,0,-0.00229183,0,0,0,0,0,0,0,0,0,1,94,61,0,0.00034,0.00034,3,5,0,0,0,0,0,0,0,0,0,0,1,0,1,0,0,0,0,0,0,0,0,,0,0,0,0,
2,3.26,0,13.8,37,0,0,0,1.4,0,0,0,0,-8,0,0,0,0,-0.00229183,0,0,0,0,0,0,0,0,0,1,86,61,0,0.00034,0.00034,3,5,0,0,0,0,0,0,0,0,0,0,1,0,1,0,0,0,0,0,0,0,0,,0,0,0,0,
3,3.58,0,-50.3,32,0,0,0,-5.95,0,0,0,0,7.5,0,0,0,0,-0.00229183,0,0,0,0,0,0,0,0,0,1,80,61,0,0.00034,0.00034,3,5,0,0,0,0,0,0,0,0,0,0,1,0,1,0,0,0,0,0,0,0,0,,0,0,0,0,
4,4.07,0,1.9,38.5,0,0,0,2.95,0,0,0,0,-9,0,0,0,0,-0.00229183,0,0,0,0,0,0,0,0,0,1,87,61,0,0.00034,0.00034,3,5,0,0,0,0,0,0,0,0,0,0,1,0,1,0,0,0,0,0,0,0,0,,0,0,0,0,
5,5.11,0,-36,32,0,0,0,-1.1,0,0,0,0,-6.5,0,0,0,0,-0.00229183,0,0,0,0,0,0,0,0,0,1,78,61,0,0.00034,0.00034,3,0,0,0,0,0,0,0,0,0,0,0,1,0,1,0,0,0,0,0,0,0,0,,0,0,0,0,
6,5.61,0,-24.2,35,0,0,0,-5.85,0,0,0,0,-9.5,0,0,0,0,-0.00229183,0,0,0,0,0,0,0,0,0,1,80,61,0,0.00034,0.00034,3,5,0,0,0,0,0,0,0,0,0,0,1,0,1,0,0,0,0,0,0,0,0,,0,0,0,0,
7,5.61,0,-34.7,35,0,0,0,-4,0,0,0,0,-4.5,0,0,0,0,-0.00229183,0,0,0,0,0,0,0,0,0,1,80,61,0,0.00034,0.00034,3,5,0,0,0,0,0,0,0,0,0,0,1,0,1,0,0,0,0,0,0,0,0,,0,0,0,0,
8,6.3,0,34.45,26,0,0,0,-9.3,0,0,0,0,-10.5,0,0,0,0,-0.00229183,0,0,0,0,0,0,0,0,0,1,71,61,0,0.00034,0.00034,3,5,0,0,0,0,0,0,0,0,0,0,1,0,1,0,0,0,0,0,0,0,0,,0,0,0,0,
9,6.83,0,-19.95,26,0,0,0,-9.7,0,0,0,0,-19.5,0,0,0,0,-0.00229183,0,0,0,0,0,0,0,0,0,1,72,61,0,0.00034,0.00034,3,5,0,0,0,0,0,0,0,0,0,0,1,0,1,0,0,0,0,0,0,0,0,,0,0,0,0,
10,7.6,0,32.2,42.5,0,0,0,6.7,0,0,0,0,7.5,0,0,0,0,-0.00229183,0,0,0,0,0,0,0,0,0,1,89,61,0,0.00034,0.00034,3,5,0,0,0,0,0,0,0,0,0,0,1,0,1,0,0,0,0,0,0,0,0,,0,0,0,0,
11,8.21,0,68.65,29,0,0,0,-2.1,0,0,0,0,20,0,0,0,0,-0.00229183,0,0,0,0,0,0,0,0,0,1,75,61,0,0.00034,0.00034,2,-1,0,0,0,0,0,0,0,0,0,0,1,0,1,0,0,0,0,0,0,0,0,,0,0,0,0,
12,8.52,0,45.3,31.5,0,0,0,5.55,0,0,0,0,7,0,0,0,0,-0.00229183,0,0,0,0,0,0,0,0,0,1,78,61,0,0.00034,0.00034,3,5,0,0,0,0,0,0,0,0,0,0,1,0,1,0,0,0,0,0,0,0,0,,0,0,0,0,
13,8.96,0,-32.9,26.5,0,0,0,-1.55,0,0,0,0,-10,0,0,0,0,-0.00229183,0,0,0,0,0,0,0,0,0,1,73,61,0,0.00034,0.00034,3,5,0,0,0,0,0,0,0,0,0,0,1,0,1,0,0,0,0,0,0,0,0,,0,0,0,0,
14,9.4,0,-29.35,24.5,0,0,0,-3.3,0,0,0,0,-13.5,0,0,0,0,-0.00229183,0,0,0,0,0,0,0,0,0,1,71,61,0,0.00034,0.00034,3,5,0,0,0,0,0,0,0,0,0,0,1,0,1,0,0,0,0,0,0,0,0,,0,0,0,0,
15,12.34,0,-12.85,27,0,0,0,12.25,0,0,0,0,-15.5,0,0,0,0,-0.00229183,0,0,0,0,0,0,0,0,0,1,74,61,0,0.00034,0.00034,3,5,0,0,0,0,0,0,0,0,0,0,1,0,1,0,0,0,0,0,0,0,0,,0,0,0,0,
16,13,0,-23.3,21.5,0,0,0,-1.45,0,0,0,0,-18,0,0,0,0,-0.00229183,0,0,0,0,0,0,0,0,0,1,68,61,0,0.00034,0.00034,3,5,0,0,0,0,0,0,0,0,0,0,1,0,1,0,0,0,0,0,0,0,0,,0,0,0,0,
END,Total:17
START,FrameNb:167,CameraNb:0,HeSaiNb:0,ARS410Nb:0
2026/08/02 16:19:45:309---->
heightOffset:0,1785658785309,1074888,selfCaliBufCnt:0,selfAccObjCnt:0,selfAccAngle:0,installHAngleOffset:0,Interpolation:0,installVAngleOffset:0,radarOffsetH:0,radarOffsetV:0.32,Polynom:-0.001023;-0.0511;-2.047;0;0;0;-0.001023;-0.0511;-2.047;-25.5;0;0,WheelDirection:0;0;0;0,selfAngleOffset:0,selfAngleOffsetPit:0,currCaliAngleHrz:0,currCaliAnglePit:0,selfCaliAngleHrz:0,selfCaliAnglePit:0,servCaliAngleHrz:0,servCaliAnglePit:0,offlineCaliAngleHrz:0,offlineCaliAnglePit:0,determine2useFlag:0,IMU_Z_Accel:-21.592,IMU_X_AngularRate:-2.093,IMU_Y_AngularRate:-2.093,IMU_RollAngle:-180,IMU_PitchAngle:-180,IMU_YawAngle:-180,FcwID:0,FCWWarningLevel:0,FCWTTC:0
0,2.35,0,50.8,29.5,0,0,0,-10.05,1.37605e-33,0,0,0,4.5,0,0,0,0,-0.00229183,0,0,0,0,0,0,0,0,0,1,78,60,0,0.00034,0.00034,3,5,0,0,0,0,0,0,0,0,0,0,1,0,0,0,0,0,0,0,0,0,0,,0,0,0,0,
1,2.79,0,-33.8,45.5,0,0,0,1.2,0,0,0,0,7,0,0,0,0,-0.00229183,0,0,0,0,0,0,0,0,0,1,94,60,0,0.00034,0.00034,3,5,0,0,0,0,0,0,0,0,0,0,1,0,0,0,0,0,0,0,0,0,0,,0,0,0,0,
2,3.28,0,13.8,37.5,0,0,0,1.4,0,0,0,0,-8,0,0,0,0,-0.00229183,0,0,0,0,0,0,0,0,0,1,86,60,0,0.00034,0.00034,3,0,0,0,0,0,0,0,0,0,0,0,1,0,0,0,0,0,0,0,0,0,0,,0,0,0,0,
3,3.58,0,-50.15,32.5,0,0,0,-5.7,0,0,0,0,8,0,0,0,0,-0.00229183,0,0,0,0,0,0,0,0,0,1,81,60,0,0.00034,0.00034,3,7,0,0,0,0,0,0,0,0,0,0,1,0,0,0,0,0,0,0,0,0,0,,0,0,0,0,
4,4.07,0,1.9,38.5,0,0,0,2.95,0,0,0,0,-9,0,0,0,0,-0.00229183,0,0,0,0,0,0,0,0,0,1,87,60,0,0.00034,0.00034,3,5,0,0,0,0,0,0,0,0,0,0,1,0,0,0,0,0,0,0,0,0,0,,0,0,0,0,
5,5.09,0,-35.8,32.5,0,0,0,-1.25,0,0,0,0,-7.5,0,0,0,0,-0.00229183,0,0,0,0,0,0,0,0,0,1,78,60,0,0.00034,0.00034,3,5,0,0,0,0,0,0,0,0,0,0,1,0,0,0,0,0,0,0,0,0,0,,0,0,0,0,
6,5.61,0,-24.15,35,0,0,0,-6.05,0,0,0,0,-9.5,0,0,0,0,-0.00229183,0,0,0,0,0,0,0,0,0,1,80,60,0,0.00034,0.00034,3,5,0,0,0,0,0,0,0,0,0,0,1,0,0,0,0,0,0,0,0,0,0,,0,0,0,0,
7,5.61,0,-34.7,35,0,0,0,-4.1,0,0,0,0,-4.5,0,0,0,0,-0.00229183,0,0,0,0,0,0,0,0,0,1,80,60,0,0.00034,0.00034,3,5,0,0,0,0,0,0,0,0,0,0,1,0,0,0,0,0,0,0,0,0,0,,0,0,0,0,
8,6.4,0,44.05,26,0,0,0,2.25,0,0,0,0,-2.5,0,0,0,0,-0.00229183,0,0,0,0,0,0,0,0,0,1,71,60,0,0.00034,0.00034,3,5,0,0,0,0,0,0,0,0,0,0,1,0,0,0,0,0,0,0,0,0,0,,0,0,0,0,
9,6.83,0,-20.1,26,0,0,0,-9.55,0,0,0,0,-18.5,0,0,0,0,-0.00229183,0,0,0,0,0,0,0,0,0,1,72,60,0,0.00034,0.00034,3,5,0,0,0,0,0,0,0,0,0,0,1,0,0,0,0,0,0,0,0,0,0,,0,0,0,0,
10,7.6,0,32.3,42.5,0,0,0,6.4,0,0,0,0,7.5,0,0,0,0,-0.00229183,0,0,0,0,0,0,0,0,0,1,89,60,0,0.00034,0.00034,3,5,0,0,0,0,0,0,0,0,0,0,1,0,0,0,0,0,0,0,0,0,0,,0,0,0,0,
11,8.51,0,45.3,31,0,0,0,5.9,0,0,0,0,7,0,0,0,0,-0.00229183,0,0,0,0,0,0,0,0,0,1,78,60,0,0.00034,0.00034,3,5,0,0,0,0,0,0,0,0,0,0,1,0,0,0,0,0,0,0,0,0,0,,0,0,0,0,
12,8.97,0,-32.85,26.5,0,0,0,-1.6,0,0,0,0,-9.5,0,0,0,0,-0.00229183,0,0,0,0,0,0,0,0,0,1,73,60,0,0.00034,0.00034,3,5,0,0,0,0,0,0,0,0,0,0,1,0,0,0,0,0,0,0,0,0,0,,0,0,0,0,
13,9.41,0,-29.2,24,0,0,0,-3.55,0,0,0,0,-13.5,0,0,0,0,-0.00229183,0,0,0,0,0,0,0,0,0,1,71,60,0,0.00034,0.00034,3,5,0,0,0,0,0,0,0,0,0,0,1,0,0,0,0,0,0,0,0,0,0,,0,0,0,0,
14,12.16,0,-12.9,27,0,0,0,12.25,0,0,0,0,-15.5,0,0,0,0,-0.00229183,0,0,0,0,0,0,0,0,0,1,74,60,0,0.00034,0.00034,3,5,0,0,0,0,0,0,0,0,0,0,1,0,0,0,0,0,0,0,0,0,0,,0,0,0,0,
15,12.99,0,-23.5,20.5,0,0,0,-1.55,0,0,0,0,-18,0,0,0,0,-0.00229183,0,0,0,0,0,0,0,0,0,1,67,60,0,0.00034,0.00034,3,5,0,0,0,0,0,0,0,0,0,0,1,0,0,0,0,0,0,0,0,0,0,,0,0,0,0,
END,Total:16
START,FrameNb:168,CameraNb:0,HeSaiNb:0,ARS410Nb:0
2026/08/02 16:19:45:341---->
heightOffset:0,1785658785341,1074944,selfCaliBufCnt:0,selfAccObjCnt:0,selfAccAngle:0,installHAngleOffset:0,Interpolation:0,installVAngleOffset:0,radarOffsetH:0,radarOffsetV:0.32,Polynom:-0.001023;-0.0511;-2.047;0;0;0;-0.001023;-0.0511;-2.047;-25.5;0;0,WheelDirection:0;0;0;0,selfAngleOffset:0,selfAngleOffsetPit:0,currCaliAngleHrz:0,currCaliAnglePit:0,selfCaliAngleHrz:0,selfCaliAnglePit:0,servCaliAngleHrz:0,servCaliAnglePit:0,offlineCaliAngleHrz:0,offlineCaliAnglePit:0,determine2useFlag:0,IMU_Z_Accel:-21.592,IMU_X_AngularRate:-2.093,IMU_Y_AngularRate:-2.093,IMU_RollAngle:-180,IMU_PitchAngle:-180,IMU_YawAngle:-180,FcwID:0,FCWWarningLevel:0,FCWTTC:0
0,2.35,0,51.05,29,0,0,0,-10.2,1.37605e-33,0,0,0,5.5,0,0,0,0,-0.00229183,0,0,0,0,0,0,0,0,0,1,78,55,0,0.00034,0.00034,3,5,0,0,0,0,0,0,0,0,0,0,1,0,1,0,0,0,0,0,0,0,0,,0,0,0,0,
1,2.79,0,-33.8,45,0,0,0,1.2,0,0,0,0,7,0,0,0,0,-0.00229183,0,0,0,0,0,0,0,0,0,1,94,55,0,0.00034,0.00034,3,5,0,0,0,0,0,0,0,0,0,0,1,0,1,0,0,0,0,0,0,0,0,,0,0,0,0,
2,3.26,0,13.8,37.5,0,0,0,1.4,0,0,0,0,-8,0,0,0,0,-0.00229183,0,0,0,0,0,0,0,0,0,1,86,55,0,0.00034,0.00034,3,5,0,0,0,0,0,0,0,0,0,0,1,0,1,0,0,0,0,0,0,0,0,,0,0,0,0,
3,3.58,0,-50.1,32.5,0,0,0,-5.95,0,0,0,0,8,0,0,0,0,-0.00229183,0,0,0,0,0,0,0,0,0,1,81,55,0,0.00034,0.00034,3,5,0,0,0,0,0,0,0,0,0,0,1,0,1,0,0,0,0,0,0,0,0,,0,0,0,0,
4,4.07,0,1.9,39,0,0,0,2.95,0,0,0,0,-9,0,0,0,0,-0.00229183,0,0,0,0,0,0,0,0,0,1,87,55,0,0.00034,0.00034,3,5,0,0,0,0,0,0,0,0,0,0,1,0,1,0,0,0,0,0,0,0,0,,0,0,0,0,
5,5.09,0,-35.95,32.5,0,0,0,-1.3,0,0,0,0,-7.5,0,0,0,0,-0.00229183,0,0,0,0,0,0,0,0,0,1,78,55,0,0.00034,0.00034,3,0,0,0,0,0,0,0,0,0,0,0,1,0,1,0,0,0,0,0,0,0,0,,0,0,0,0,
6,5.61,0,-34.7,35,0,0,0,-4,0,0,0,0,-4.5,0,0,0,0,-0.00229183,0,0,0,0,0,0,0,0,0,1,80,55,0,0.00034,0.00034,3,5,0,0,0,0,0,0,0,0,0,0,1,0,1,0,0,0,0,0,0,0,0,,0,0,0,0,
7,5.61,0,-24.2,35,0,0,0,-5.85,0,0,0,0,-9.5,0,0,0,0,-0.00229183,0,0,0,0,0,0,0,0,0,1,80,55,0,0.00034,0.00034,3,5,0,0,0,0,0,0,0,0,0,0,1,0,1,0,0,0,0,0,0,0,0,,0,0,0,0,
8,6.42,0,-21.3,26,0,0,0,-3.55,0,0,0,0,-19,0,0,0,0,-0.00229183,0,0,0,0,0,0,0,0,0,1,71,55,0,0.00034,0.00034,3,5,0,0,0,0,0,0,0,0,0,0,1,0,1,0,0,0,0,0,0,0,0,,0,0,0,0,
9,6.83,0,-19.85,26,0,0,0,-9.75,0,0,0,0,-19.5,0,0,0,0,-0.00229183,0,0,0,0,0,0,0,0,0,1,72,55,0,0.00034,0.00034,3,5,0,0,0,0,0,0,0,0,0,0,1,0,1,0,0,0,0,0,0,0,0,,0,0,0,0,
10,7.6,0,32.45,43,0,0,0,6.55,0,0,0,0,7.5,0,0,0,0,-0.00229183,0,0,0,0,0,0,0,0,0,1,89,55,0,0.00034,0.00034,3,5,0,0,0,0,0,0,0,0,0,0,1,0,1,0,0,0,0,0,0,0,0,,0,0,0,0,
11,8.11,0,-24.95,29,0,0,0,10.05,0,0,0,0,-12,0,0,0,0,-0.00229183,0,0,0,0,0,0,0,0,0,1,75,55,0,0.00034,0.00034,3,5,0,0,0,0,0,0,0,0,0,0,1,0,1,0,0,0,0,0,0,0,0,,0,0,0,0,
12,8.52,0,45.2,31.5,0,0,0,6,0,0,0,0,7,0,0,0,0,-0.00229183,0,0,0,0,0,0,0,0,0,1,78,55,0,0.00034,0.00034,3,5,0,0,0,0,0,0,0,0,0,0,1,0,1,0,0,0,0,0,0,0,0,,0,0,0,0,
13,8.97,0,-32.8,26.5,0,0,0,-1.55,0,0,0,0,-9.5,0,0,0,0,-0.00229183,0,0,0,0,0,0,0,0,0,1,73,55,0,0.00034,0.00034,3,5,0,0,0,0,0,0,0,0,0,0,1,0,1,0,0,0,0,0,0,0,0,,0,0,0,0,
14,9.42,0,-29.3,24.5,0,0,0,-3.35,0,0,0,0,-13.5,0,0,0,0,-0.00229183,0,0,0,0,0,0,0,0,0,1,71,55,0,0.00034,0.00034,3,5,0,0,0,0,0,0,0,0,0,0,1,0,1,0,0,0,0,0,0,0,0,,0,0,0,0,
15,12.16,0,-12.9,27,0,0,0,12.15,0,0,0,0,-15.5,0,0,0,0,-0.00229183,0,0,0,0,0,0,0,0,0,1,74,55,0,0.00034,0.00034,3,5,0,0,0,0,0,0,0,0,0,0,1,0,1,0,0,0,0,0,0,0,0,,0,0,0,0,
16,12.99,0,-23.1,20.5,0,0,0,-1.45,0,0,0,0,-18.5,0,0,0,0,-0.00229183,0,0,0,0,0,0,0,0,0,1,67,55,0,0.00034,0.00034,3,5,0,0,0,0,0,0,0,0,0,0,1,0,1,0,0,0,0,0,0,0,0,,0,0,0,0,
END,Total:17
START,FrameNb:169,CameraNb:0,HeSaiNb:0,ARS410Nb:0
2026/08/02 16:19:45:455---->
heightOffset:0,1785658785455,1075000,selfCaliBufCnt:0,selfAccObjCnt:0,selfAccAngle:0,installHAngleOffset:0,Interpolation:0,installVAngleOffset:0,radarOffsetH:0,radarOffsetV:0.32,Polynom:-0.001023;-0.0511;-2.047;0;0;0;-0.001023;-0.0511;-2.047;-25.5;0;0,WheelDirection:0;0;0;0,selfAngleOffset:0,selfAngleOffsetPit:0,currCaliAngleHrz:0,currCaliAnglePit:0,selfCaliAngleHrz:0,selfCaliAnglePit:0,servCaliAngleHrz:0,servCaliAnglePit:0,offlineCaliAngleHrz:0,offlineCaliAnglePit:0,determine2useFlag:0,IMU_Z_Accel:-21.592,IMU_X_AngularRate:-2.093,IMU_Y_AngularRate:-2.093,IMU_RollAngle:-180,IMU_PitchAngle:-180,IMU_YawAngle:-180,FcwID:0,FCWWarningLevel:0,FCWTTC:0
0,2.35,0,50.8,29.5,0,0,0,-10.1,1.37605e-33,0,0,0,4.5,0,0,0,0,-0.00229183,0,0,0,0,0,0,0,0,0,1,78,58,0,0.00034,0.00034,3,5,0,0,0,0,0,0,0,0,0,0,1,0,0,0,0,0,0,0,0,0,0,,0,0,0,0,
1,2.79,0,-33.8,45.5,0,0,0,1.2,0,0,0,0,7,0,0,0,0,-0.00229183,0,0,0,0,0,0,0,0,0,1,94,58,0,0.00034,0.00034,3,5,0,0,0,0,0,0,0,0,0,0,1,0,0,0,0,0,0,0,0,0,0,,0,0,0,0,
2,3.28,0,13.8,37.5,0,0,0,1.4,0,0,0,0,-8,0,0,0,0,-0.00229183,0,0,0,0,0,0,0,0,0,1,86,58,0,0.00034,0.00034,3,0,0,0,0,0,0,0,0,0,0,0,1,0,0,0,0,0,0,0,0,0,0,,0,0,0,0,
3,3.58,0,-50.2,32.5,0,0,0,-5.75,0,0,0,0,8,0,0,0,0,-0.00229183,0,0,0,0,0,0,0,0,0,1,81,58,0,0.00034,0.00034,3,7,0,0,0,0,0,0,0,0,0,0,1,0,0,0,0,0,0,0,0,0,0,,0,0,0,0,
4,4.07,0,1.9,39,0,0,0,2.95,0,0,0,0,-9,0,0,0,0,-0.00229183,0,0,0,0,0,0,0,0,0,1,87,58,0,0.00034,0.00034,3,5,0,0,0,0,0,0,0,0,0,0,1,0,0,0,0,0,0,0,0,0,0,,0,0,0,0,
5,5.08,0,-35.8,32.5,0,0,0,-1.35,0,0,0,0,-7.5,0,0,0,0,-0.00229183,0,0,0,0,0,0,0,0,0,1,78,58,0,0.00034,0.00034,3,5,0,0,0,0,0,0,0,0,0,0,1,0,0,0,0,0,0,0,0,0,0,,0,0,0,0,
6,5.61,0,-24.2,35,0,0,0,-6.05,0,0,0,0,-9.5,0,0,0,0,-0.00229183,0,0,0,0,0,0,0,0,0,1,80,58,0,0.00034,0.00034,3,5,0,0,0,0,0,0,0,0,0,0,1,0,0,0,0,0,0,0,0,0,0,,0,0,0,0,
7,5.61,0,-34.7,35,0,0,0,-4.05,0,0,0,0,-4.5,0,0,0,0,-0.00229183,0,0,0,0,0,0,0,0,0,1,80,58,0,0.00034,0.00034,3,5,0,0,0,0,0,0,0,0,0,0,1,0,0,0,0,0,0,0,0,0,0,,0,0,0,0,
8,6.42,0,71.7,26,0,0,0,-15,0,0,0,0,18.5,0,0,0,0,-0.00229183,0,0,0,0,0,0,0,0,0,1,71,58,0,0.00034,0.00034,2,-1,0,0,0,0,0,0,0,0,0,0,1,0,0,0,0,0,0,0,0,0,0,,0,0,0,0,
9,6.83,0,-19.8,26.5,0,0,0,-1.3,0,0,0,0,-19,0,0,0,0,-0.00229183,0,0,0,0,0,0,0,0,0,1,72,58,0,0.00034,0.00034,3,5,0,0,0,0,0,0,0,0,0,0,1,0,0,0,0,0,0,0,0,0,0,,0,0,0,0,
10,7.6,0,32.6,43.5,0,0,0,6.8,0,0,0,0,8,0,0,0,0,-0.00229183,0,0,0,0,0,0,0,0,0,1,89,58,0,0.00034,0.00034,3,5,0,0,0,0,0,0,0,0,0,0,1,0,0,0,0,0,0,0,0,0,0,,0,0,0,0,
11,8.08,0,-24.7,29,0,0,0,10.55,0,0,0,0,-12,0,0,0,0,-0.00229183,0,0,0,0,0,0,0,0,0,1,75,58,0,0.00034,0.00034,3,5,0,0,0,0,0,0,0,0,0,0,1,0,0,0,0,0,0,0,0,0,0,,0,0,0,0,
12,8.52,0,45.2,31.5,0,0,0,6.05,0,0,0,0,7,0,0,0,0,-0.00229183,0,0,0,0,0,0,0,0,0,1,78,58,0,0.00034,0.00034,3,5,0,0,0,0,0,0,0,0,0,0,1,0,0,0,0,0,0,0,0,0,0,,0,0,0,0,
13,8.96,0,-32.8,26.5,0,0,0,-1.55,0,0,0,0,-9.5,0,0,0,0,-0.00229183,0,0,0,0,0,0,0,0,0,1,73,58,0,0.00034,0.00034,3,5,0,0,0,0,0,0,0,0,0,0,1,0,0,0,0,0,0,0,0,0,0,,0,0,0,0,
14,9.41,0,-29.45,24,0,0,0,-3.35,0,0,0,0,-13.5,0,0,0,0,-0.00229183,0,0,0,0,0,0,0,0,0,1,71,58,0,0.00034,0.00034,3,5,0,0,0,0,0,0,0,0,0,0,1,0,0,0,0,0,0,0,0,0,0,,0,0,0,0,
15,12.16,0,-12.95,27,0,0,0,12.25,0,0,0,0,-15.5,0,0,0,0,-0.00229183,0,0,0,0,0,0,0,0,0,1,74,58,0,0.00034,0.00034,3,5,0,0,0,0,0,0,0,0,0,0,1,0,0,0,0,0,0,0,0,0,0,,0,0,0,0,
16,12.99,0,-23.45,21,0,0,0,-1.7,0,0,0,0,-18,0,0,0,0,-0.00229183,0,0,0,0,0,0,0,0,0,1,68,58,0,0.00034,0.00034,3,5,0,0,0,0,0,0,0,0,0,0,1,0,0,0,0,0,0,0,0,0,0,,0,0,0,0,
END,Total:17
START,FrameNb:170,CameraNb:0,HeSaiNb:0,ARS410Nb:0
2026/08/02 16:19:45:501---->
heightOffset:0,1785658785501,1075060,selfCaliBufCnt:0,selfAccObjCnt:0,selfAccAngle:0,installHAngleOffset:0,Interpolation:0,installVAngleOffset:0,radarOffsetH:0,radarOffsetV:0.32,Polynom:-0.001023;-0.0511;-2.047;0;0;0;-0.001023;-0.0511;-2.047;-25.5;0;0,WheelDirection:0;0;0;0,selfAngleOffset:0,selfAngleOffsetPit:0,currCaliAngleHrz:0,currCaliAnglePit:0,selfCaliAngleHrz:0,selfCaliAnglePit:0,servCaliAngleHrz:0,servCaliAnglePit:0,offlineCaliAngleHrz:0,offlineCaliAnglePit:0,determine2useFlag:0,IMU_Z_Accel:-21.592,IMU_X_AngularRate:-2.093,IMU_Y_AngularRate:-2.093,IMU_RollAngle:-180,IMU_PitchAngle:-180,IMU_YawAngle:-180,FcwID:0,FCWWarningLevel:0,FCWTTC:0
0,2.35,0,51.05,29,0,0,0,-10.2,1.37605e-33,0,0,0,5.5,0,0,0,0,-0.00229183,0,0,0,0,0,0,0,0,0,1,78,55,0,0.00034,0.00034,3,5,0,0,0,0,0,0,0,0,0,0,1,0,1,0,0,0,0,0,0,0,0,,0,0,0,0,
1,2.79,0,-33.8,45,0,0,0,1.2,0,0,0,0,7,0,0,0,0,-0.00229183,0,0,0,0,0,0,0,0,0,1,94,55,0,0.00034,0.00034,3,5,0,0,0,0,0,0,0,0,0,0,1,0,1,0,0,0,0,0,0,0,0,,0,0,0,0,
2,3.27,0,13.8,37,0,0,0,1.3,0,0,0,0,-8,0,0,0,0,-0.00229183,0,0,0,0,0,0,0,0,0,1,86,55,0,0.00034,0.00034,3,0,0,0,0,0,0,0,0,0,0,0,1,0,1,0,0,0,0,0,0,0,0,,0,0,0,0,
3,3.58,0,-50.3,32,0,0,0,-5.95,0,0,0,0,8,0,0,0,0,-0.00229183,0,0,0,0,0,0,0,0,0,1,81,55,0,0.00034,0.00034,3,7,0,0,0,0,0,0,0,0,0,0,1,0,1,0,0,0,0,0,0,0,0,,0,0,0,0,
4,4.07,0,1.9,38.5,0,0,0,2.95,0,0,0,0,-9,0,0,0,0,-0.00229183,0,0,0,0,0,0,0,0,0,1,87,55,0,0.00034,0.00034,3,5,0,0,0,0,0,0,0,0,0,0,1,0,1,0,0,0,0,0,0,0,0,,0,0,0,0,
5,5.1,0,-36,32,0,0,0,-1.45,0,0,0,0,-6.5,0,0,0,0,-0.00229183,0,0,0,0,0,0,0,0,0,1,78,55,0,0.00034,0.00034,3,0,0,0,0,0,0,0,0,0,0,0,1,0,1,0,0,0,0,0,0,0,0,,0,0,0,0,
6,5.61,0,-34.65,35,0,0,0,-4,0,0,0,0,-4.5,0,0,0,0,-0.00229183,0,0,0,0,0,0,0,0,0,1,80,55,0,0.00034,0.00034,3,5,0,0,0,0,0,0,0,0,0,0,1,0,1,0,0,0,0,0,0,0,0,,0,0,0,0,
7,5.61,0,-24.2,35,0,0,0,-5.85,0,0,0,0,-9.5,0,0,0,0,-0.00229183,0,0,0,0,0,0,0,0,0,1,80,55,0,0.00034,0.00034,3,5,0,0,0,0,0,0,0,0,0,0,1,0,1,0,0,0,0,0,0,0,0,,0,0,0,0,
8,6.42,0,34.2,26,0,0,0,-8.95,0,0,0,0,-10,0,0,0,0,-0.00229183,0,0,0,0,0,0,0,0,0,1,71,55,0,0.00034,0.00034,3,5,0,0,0,0,0,0,0,0,0,0,1,0,1,0,0,0,0,0,0,0,0,,0,0,0,0,
9,6.82,0,-19.9,26,0,0,0,-1.2,0,0,0,0,-19,0,0,0,0,-0.00229183,0,0,0,0,0,0,0,0,0,1,72,55,0,0.00034,0.00034,3,5,0,0,0,0,0,0,0,0,0,0,1,0,1,0,0,0,0,0,0,0,0,,0,0,0,0,
10,7.59,0,32.7,43.5,0,0,0,7.05,0,0,0,0,8,0,0,0,0,-0.00229183,0,0,0,0,0,0,0,0,0,1,90,55,0,0.00034,0.00034,3,5,0,0,0,0,0,0,0,0,0,0,1,0,1,0,0,0,0,0,0,0,0,,0,0,0,0,
11,8.08,0,-24.85,29,0,0,0,10.05,0,0,0,0,-12,0,0,0,0,-0.00229183,0,0,0,0,0,0,0,0,0,1,75,55,0,0.00034,0.00034,3,5,0,0,0,0,0,0,0,0,0,0,1,0,1,0,0,0,0,0,0,0,0,,0,0,0,0,
12,8.52,0,45.2,31.5,0,0,0,5.75,0,0,0,0,7,0,0,0,0,-0.00229183,0,0,0,0,0,0,0,0,0,1,78,55,0,0.00034,0.00034,3,5,0,0,0,0,0,0,0,0,0,0,1,0,1,0,0,0,0,0,0,0,0,,0,0,0,0,
13,8.99,0,-50.65,26,0,0,0,-12.75,0,0,0,0,4,0,0,0,0,-0.00229183,0,0,0,0,0,0,0,0,0,1,73,55,0,0.00034,0.00034,3,5,0,0,0,0,0,0,0,0,0,0,1,0,1,0,0,0,0,0,0,0,0,,0,0,0,0,
14,9.41,0,-29.3,24,0,0,0,-3.35,0,0,0,0,-13.5,0,0,0,0,-0.00229183,0,0,0,0,0,0,0,0,0,1,71,55,0,0.00034,0.00034,3,5,0,0,0,0,0,0,0,0,0,0,1,0,1,0,0,0,0,0,0,0,0,,0,0,0,0,
15,9.84,0,-28.2,21.5,0,0,0,-2.05,0,0,0,0,-17.5,0,0,0,0,-0.00229183,0,0,0,0,0,0,0,0,0,1,68,55,0,0.00034,0.00034,3,5,0,0,0,0,0,0,0,0,0,0,1,0,1,0,0,0,0,0,0,0,0,,0,0,0,0,
16,12.16,0,-12.9,27,0,0,0,12.15,0,0,0,0,-15.5,0,0,0,0,-0.00229183,0,0,0,0,0,0,0,0,0,1,74,55,0,0.00034,0.00034,3,5,0,0,0,0,0,0,0,0,0,0,1,0,1,0,0,0,0,0,0,0,0,,0,0,0,0,
17,12.99,0,-23.3,21,0,0,0,-1.3,0,0,0,0,-18,0,0,0,0,-0.00229183,0,0,0,0,0,0,0,0,0,1,67,55,0,0.00034,0.00034,3,5,0,0,0,0,0,0,0,0,0,0,1,0,1,0,0,0,0,0,0,0,0,,0,0,0,0,
END,Total:18
START,FrameNb:171,CameraNb:0,HeSaiNb:0,ARS410Nb:0
2026/08/02 16:19:45:562---->
heightOffset:0,1785658785562,1075116,selfCaliBufCnt:0,selfAccObjCnt:0,selfAccAngle:0,installHAngleOffset:0,Interpolation:0,installVAngleOffset:0,radarOffsetH:0,radarOffsetV:0.32,Polynom:-0.001023;-0.0511;-2.047;0;0;0;-0.001023;-0.0511;-2.047;-25.5;0;0,WheelDirection:0;0;0;0,selfAngleOffset:0,selfAngleOffsetPit:0,currCaliAngleHrz:0,currCaliAnglePit:0,selfCaliAngleHrz:0,selfCaliAnglePit:0,servCaliAngleHrz:0,servCaliAnglePit:0,offlineCaliAngleHrz:0,offlineCaliAnglePit:0,determine2useFlag:0,IMU_Z_Accel:-21.592,IMU_X_AngularRate:-2.093,IMU_Y_AngularRate:-2.093,IMU_RollAngle:-180,IMU_PitchAngle:-180,IMU_YawAngle:-180,FcwID:0,FCWWarningLevel:0,FCWTTC:0
0,2.35,0,31.6,29,0,0,0,10.4,1.37605e-33,0,0,0,-8.5,0,0,0,0,-0.00229183,0,0,0,0,0,0,0,0,0,1,78,62,0,0.00034,0.00034,3,5,0,0,0,0,0,0,0,0,0,0,1,0,0,0,0,0,0,0,0,0,0,,0,0,0,0,
1,2.79,0,-33.8,45,0,0,0,1.2,0,0,0,0,7,0,0,0,0,-0.00229183,0,0,0,0,0,0,0,0,0,1,94,62,0,0.00034,0.00034,3,5,0,0,0,0,0,0,0,0,0,0,1,0,0,0,0,0,0,0,0,0,0,,0,0,0,0,
2,3.27,0,13.8,37,0,0,0,1.3,0,0,0,0,-8,0,0,0,0,-0.00229183,0,0,0,0,0,0,0,0,0,1,86,62,0,0.00034,0.00034,3,0,0,0,0,0,0,0,0,0,0,0,1,0,0,0,0,0,0,0,0,0,0,,0,0,0,0,
3,3.58,0,-50.1,32.5,0,0,0,-5.75,0,0,0,0,8,0,0,0,0,-0.00229183,0,0,0,0,0,0,0,0,0,1,81,62,0,0.00034,0.00034,3,7,0,0,0,0,0,0,0,0,0,0,1,0,0,0,0,0,0,0,0,0,0,,0,0,0,0,
4,4.07,0,1.9,38.5,0,0,0,2.95,0,0,0,0,-9,0,0,0,0,-0.00229183,0,0,0,0,0,0,0,0,0,1,87,62,0,0.00034,0.00034,3,5,0,0,0,0,0,0,0,0,0,0,1,0,0,0,0,0,0,0,0,0,0,,0,0,0,0,
5,5.11,0,-35.8,32.5,0,0,0,-1.45,0,0,0,0,-7.5,0,0,0,0,-0.00229183,0,0,0,0,0,0,0,0,0,1,78,62,0,0.00034,0.00034,3,5,0,0,0,0,0,0,0,0,0,0,1,0,0,0,0,0,0,0,0,0,0,,0,0,0,0,
6,5.6,0,-34.55,35,0,0,0,-3.85,0,0,0,0,-4.5,0,0,0,0,-0.00229183,0,0,0,0,0,0,0,0,0,1,80,62,0,0.00034,0.00034,3,5,0,0,0,0,0,0,0,0,0,0,1,0,0,0,0,0,0,0,0,0,0,,0,0,0,0,
7,5.6,0,-24.3,35,0,0,0,-5.75,0,0,0,0,-9.5,0,0,0,0,-0.00229183,0,0,0,0,0,0,0,0,0,1,80,62,0,0.00034,0.00034,3,5,0,0,0,0,0,0,0,0,0,0,1,0,0,0,0,0,0,0,0,0,0,,0,0,0,0,
8,6.41,0,34.15,26,0,0,0,-9.45,0,0,0,0,-10,0,0,0,0,-0.00229183,0,0,0,0,0,0,0,0,0,1,72,62,0,0.00034,0.00034,3,5,0,0,0,0,0,0,0,0,0,0,1,0,0,0,0,0,0,0,0,0,0,,0,0,0,0,
9,6.81,0,-19.9,26,0,0,0,-9.8,0,0,0,0,-19.5,0,0,0,0,-0.00229183,0,0,0,0,0,0,0,0,0,1,72,62,0,0.00034,0.00034,3,5,0,0,0,0,0,0,0,0,0,0,1,0,0,0,0,0,0,0,0,0,0,,0,0,0,0,
10,7.59,0,32.7,43.5,0,0,0,7.05,0,0,0,0,8,0,0,0,0,-0.00229183,0,0,0,0,0,0,0,0,0,1,90,62,0,0.00034,0.00034,3,5,0,0,0,0,0,0,0,0,0,0,1,0,0,0,0,0,0,0,0,0,0,,0,0,0,0,
11,8.07,0,-24.85,29.5,0,0,0,10.4,0,0,0,0,-11.5,0,0,0,0,-0.00229183,0,0,0,0,0,0,0,0,0,1,76,62,0,0.00034,0.00034,3,5,0,0,0,0,0,0,0,0,0,0,1,0,0,0,0,0,0,0,0,0,0,,0,0,0,0,
12,8.51,0,45.2,31.5,0,0,0,6,0,0,0,0,7,0,0,0,0,-0.00229183,0,0,0,0,0,0,0,0,0,1,78,62,0,0.00034,0.00034,3,5,0,0,0,0,0,0,0,0,0,0,1,0,0,0,0,0,0,0,0,0,0,,0,0,0,0,
13,8.99,0,-32.8,26.5,0,0,0,-1.35,0,0,0,0,-9.5,0,0,0,0,-0.00229183,0,0,0,0,0,0,0,0,0,1,73,62,0,0.00034,0.00034,3,5,0,0,0,0,0,0,0,0,0,0,1,0,0,0,0,0,0,0,0,0,0,,0,0,0,0,
14,9.42,0,-29.35,24,0,0,0,-3.45,0,0,0,0,-13.5,0,0,0,0,-0.00229183,0,0,0,0,0,0,0,0,0,1,71,62,0,0.00034,0.00034,3,5,0,0,0,0,0,0,0,0,0,0,1,0,0,0,0,0,0,0,0,0,0,,0,0,0,0,
15,12.16,0,-12.9,27,0,0,0,12.4,0,0,0,0,-15.5,0,0,0,0,-0.00229183,0,0,0,0,0,0,0,0,0,1,74,62,0,0.00034,0.00034,3,5,0,0,0,0,0,0,0,0,0,0,1,0,0,0,0,0,0,0,0,0,0,,0,0,0,0,
16,12.99,0,-23.3,21,0,0,0,-1.6,0,0,0,0,-18,0,0,0,0,-0.00229183,0,0,0,0,0,0,0,0,0,1,67,62,0,0.00034,0.00034,3,5,0,0,0,0,0,0,0,0,0,0,1,0,0,0,0,0,0,0,0,0,0,,0,0,0,0,
END,Total:17
START,FrameNb:172,CameraNb:0,HeSaiNb:0,ARS410Nb:0
2026/08/02 16:19:45:594---->
heightOffset:0,1785658785594,1075180,selfCaliBufCnt:0,selfAccObjCnt:0,selfAccAngle:0,installHAngleOffset:0,Interpolation:0,installVAngleOffset:0,radarOffsetH:0,radarOffsetV:0.32,Polynom:-0.001023;-0.0511;-2.047;0;0;0;-0.001023;-0.0511;-2.047;-25.5;0;0,WheelDirection:0;0;0;0,selfAngleOffset:0,selfAngleOffsetPit:0,currCaliAngleHrz:0,currCaliAnglePit:0,selfCaliAngleHrz:0,selfCaliAnglePit:0,servCaliAngleHrz:0,servCaliAnglePit:0,offlineCaliAngleHrz:0,offlineCaliAnglePit:0,determine2useFlag:0,IMU_Z_Accel:-21.592,IMU_X_AngularRate:-2.093,IMU_Y_AngularRate:-2.093,IMU_RollAngle:-180,IMU_PitchAngle:-180,IMU_YawAngle:-180,FcwID:0,FCWWarningLevel:0,FCWTTC:0
0,2.35,0,51.2,29,0,0,0,-10.2,1.37605e-33,0,0,0,5.5,0,0,0,0,-0.00229183,0,0,0,0,0,0,0,0,0,1,78,61,0,0.00034,0.00034,2,-1,0,0,0,0,0,0,0,0,0,0,1,0,1,0,0,0,0,0,0,0,0,,0,0,0,0,
1,2.79,0,-33.8,45,0,0,0,1.2,0,0,0,0,7,0,0,0,0,-0.00229183,0,0,0,0,0,0,0,0,0,1,94,61,0,0.00034,0.00034,3,5,0,0,0,0,0,0,0,0,0,0,1,0,1,0,0,0,0,0,0,0,0,,0,0,0,0,
2,3.27,0,13.8,37,0,0,0,1.4,0,0,0,0,-8,0,0,0,0,-0.00229183,0,0,0,0,0,0,0,0,0,1,86,61,0,0.00034,0.00034,3,0,0,0,0,0,0,0,0,0,0,0,1,0,1,0,0,0,0,0,0,0,0,,0,0,0,0,
3,3.58,0,-50.3,32.5,0,0,0,-5.95,0,0,0,0,8,0,0,0,0,-0.00229183,0,0,0,0,0,0,0,0,0,1,81,61,0,0.00034,0.00034,3,5,0,0,0,0,0,0,0,0,0,0,1,0,1,0,0,0,0,0,0,0,0,,0,0,0,0,
4,4.07,0,1.9,38.5,0,0,0,2.95,0,0,0,0,-9,0,0,0,0,-0.00229183,0,0,0,0,0,0,0,0,0,1,87,61,0,0.00034,0.00034,3,5,0,0,0,0,0,0,0,0,0,0,1,0,1,0,0,0,0,0,0,0,0,,0,0,0,0,
5,5.13,0,-36,32,0,0,0,-1.35,0,0,0,0,-6.5,0,0,0,0,-0.00229183,0,0,0,0,0,0,0,0,0,1,78,61,0,0.00034,0.00034,3,0,0,0,0,0,0,0,0,0,0,0,1,0,1,0,0,0,0,0,0,0,0,,0,0,0,0,
6,5.61,0,-34.55,35,0,0,0,-4.05,0,0,0,0,-4.5,0,0,0,0,-0.00229183,0,0,0,0,0,0,0,0,0,1,80,61,0,0.00034,0.00034,3,5,0,0,0,0,0,0,0,0,0,0,1,0,1,0,0,0,0,0,0,0,0,,0,0,0,0,
7,5.61,0,-24.2,35,0,0,0,-6,0,0,0,0,-9.5,0,0,0,0,-0.00229183,0,0,0,0,0,0,0,0,0,1,80,61,0,0.00034,0.00034,3,5,0,0,0,0,0,0,0,0,0,0,1,0,1,0,0,0,0,0,0,0,0,,0,0,0,0,
8,6.41,0,34.1,26,0,0,0,-9.35,0,0,0,0,-10,0,0,0,0,-0.00229183,0,0,0,0,0,0,0,0,0,1,71,61,0,0.00034,0.00034,3,5,0,0,0,0,0,0,0,0,0,0,1,0,1,0,0,0,0,0,0,0,0,,0,0,0,0,
9,6.81,0,-20.15,26,0,0,0,-1.45,0,0,0,0,-18,0,0,0,0,-0.00229183,0,0,0,0,0,0,0,0,0,1,72,61,0,0.00034,0.00034,3,5,0,0,0,0,0,0,0,0,0,0,1,0,1,0,0,0,0,0,0,0,0,,0,0,0,0,
10,7.59,0,32.7,43,0,0,0,7,0,0,0,0,8,0,0,0,0,-0.00229183,0,0,0,0,0,0,0,0,0,1,89,61,0,0.00034,0.00034,3,5,0,0,0,0,0,0,0,0,0,0,1,0,1,0,0,0,0,0,0,0,0,,0,0,0,0,
11,8.09,0,-25,29,0,0,0,10.45,0,0,0,0,-11.5,0,0,0,0,-0.00229183,0,0,0,0,0,0,0,0,0,1,76,61,0,0.00034,0.00034,3,5,0,0,0,0,0,0,0,0,0,0,1,0,1,0,0,0,0,0,0,0,0,,0,0,0,0,
12,8.51,0,45.2,31.5,0,0,0,5.9,0,0,0,0,7,0,0,0,0,-0.00229183,0,0,0,0,0,0,0,0,0,1,78,61,0,0.00034,0.00034,3,5,0,0,0,0,0,0,0,0,0,0,1,0,1,0,0,0,0,0,0,0,0,,0,0,0,0,
13,8.97,0,-32.9,26.5,0,0,0,-1.35,0,0,0,0,-9.5,0,0,0,0,-0.00229183,0,0,0,0,0,0,0,0,0,1,73,61,0,0.00034,0.00034,3,5,0,0,0,0,0,0,0,0,0,0,1,0,1,0,0,0,0,0,0,0,0,,0,0,0,0,
14,9.41,0,-29.3,24,0,0,0,-3.35,0,0,0,0,-13.5,0,0,0,0,-0.00229183,0,0,0,0,0,0,0,0,0,1,71,61,0,0.00034,0.00034,3,5,0,0,0,0,0,0,0,0,0,0,1,0,1,0,0,0,0,0,0,0,0,,0,0,0,0,
15,12.16,0,-12.9,27,0,0,0,12.05,0,0,0,0,-15.5,0,0,0,0,-0.00229183,0,0,0,0,0,0,0,0,0,1,74,61,0,0.00034,0.00034,3,5,0,0,0,0,0,0,0,0,0,0,1,0,1,0,0,0,0,0,0,0,0,,0,0,0,0,
16,12.99,0,-23.2,21,0,0,0,-1.8,0,0,0,0,-18,0,0,0,0,-0.00229183,0,0,0,0,0,0,0,0,0,1,67,61,0,0.00034,0.00034,3,5,0,0,0,0,0,0,0,0,0,0,1,0,1,0,0,0,0,0,0,0,0,,0,0,0,0,
END,Total:17
START,FrameNb:173,CameraNb:0,HeSaiNb:0,ARS410Nb:0
2026/08/02 16:19:45:644---->
heightOffset:0,1785658785644,1075236,selfCaliBufCnt:0,selfAccObjCnt:0,selfAccAngle:0,installHAngleOffset:0,Interpolation:0,installVAngleOffset:0,radarOffsetH:0,radarOffsetV:0.32,Polynom:-0.001023;-0.0511;-2.047;0;0;0;-0.001023;-0.0511;-2.047;-25.5;0;0,WheelDirection:0;0;0;0,selfAngleOffset:0,selfAngleOffsetPit:0,currCaliAngleHrz:0,currCaliAnglePit:0,selfCaliAngleHrz:0,selfCaliAnglePit:0,servCaliAngleHrz:0,servCaliAnglePit:0,offlineCaliAngleHrz:0,offlineCaliAnglePit:0,determine2useFlag:0,IMU_Z_Accel:-21.592,IMU_X_AngularRate:-2.093,IMU_Y_AngularRate:-2.093,IMU_RollAngle:-180,IMU_PitchAngle:-180,IMU_YawAngle:-180,FcwID:0,FCWWarningLevel:0,FCWTTC:0
0,2.35,0,50.7,29,0,0,0,-10.1,1.37605e-33,0,0,0,4.5,0,0,0,0,-0.00229183,0,0,0,0,0,0,0,0,0,1,78,60,0,0.00034,0.00034,3,5,0,0,0,0,0,0,0,0,0,0,1,0,0,0,0,0,0,0,0,0,0,,0,0,0,0,
1,2.79,0,-33.8,45,0,0,0,1.2,0,0,0,0,7,0,0,0,0,-0.00229183,0,0,0,0,0,0,0,0,0,1,94,60,0,0.00034,0.00034,3,5,0,0,0,0,0,0,0,0,0,0,1,0,0,0,0,0,0,0,0,0,0,,0,0,0,0,
2,3.27,0,13.8,37.5,0,0,0,1.4,0,0,0,0,-8,0,0,0,0,-0.00229183,0,0,0,0,0,0,0,0,0,1,86,60,0,0.00034,0.00034,3,0,0,0,0,0,0,0,0,0,0,0,1,0,0,0,0,0,0,0,0,0,0,,0,0,0,0,
3,3.58,0,-50.2,32.5,0,0,0,-5.85,0,0,0,0,8,0,0,0,0,-0.00229183,0,0,0,0,0,0,0,0,0,1,81,60,0,0.00034,0.00034,3,7,0,0,0,0,0,0,0,0,0,0,1,0,0,0,0,0,0,0,0,0,0,,0,0,0,0,
4,4.07,0,1.9,39,0,0,0,2.95,0,0,0,0,-9,0,0,0,0,-0.00229183,0,0,0,0,0,0,0,0,0,1,87,60,0,0.00034,0.00034,3,5,0,0,0,0,0,0,0,0,0,0,1,0,0,0,0,0,0,0,0,0,0,,0,0,0,0,
5,5.11,0,-35.8,32.5,0,0,0,-1.55,0,0,0,0,-7.5,0,0,0,0,-0.00229183,0,0,0,0,0,0,0,0,0,1,78,60,0,0.00034,0.00034,3,5,0,0,0,0,0,0,0,0,0,0,1,0,0,0,0,0,0,0,0,0,0,,0,0,0,0,
6,5.6,0,-34.55,35,0,0,0,-4.1,0,0,0,0,-5,0,0,0,0,-0.00229183,0,0,0,0,0,0,0,0,0,1,80,60,0,0.00034,0.00034,3,5,0,0,0,0,0,0,0,0,0,0,1,0,0,0,0,0,0,0,0,0,0,,0,0,0,0,
7,5.6,0,-24.2,35,0,0,0,-6.2,0,0,0,0,-10,0,0,0,0,-0.00229183,0,0,0,0,0,0,0,0,0,1,80,60,0,0.00034,0.00034,3,5,0,0,0,0,0,0,0,0,0,0,1,0,0,0,0,0,0,0,0,0,0,,0,0,0,0,
8,6.4,0,71.7,26,0,0,0,-13.2,0,0,0,0,18.5,0,0,0,0,-0.00229183,0,0,0,0,0,0,0,0,0,1,71,60,0,0.00034,0.00034,2,-1,0,0,0,0,0,0,0,0,0,0,1,0,0,0,0,0,0,0,0,0,0,,0,0,0,0,
9,6.71,0,-19.85,26.5,0,0,0,-1.6,0,0,0,0,-19.5,0,0,0,0,-0.00229183,0,0,0,0,0,0,0,0,0,1,72,60,0,0.00034,0.00034,3,5,0,0,0,0,0,0,0,0,0,0,1,0,0,0,0,0,0,0,0,0,0,,0,0,0,0,
10,7.59,0,32.8,43.5,0,0,0,6.8,0,0,0,0,8,0,0,0,0,-0.00229183,0,0,0,0,0,0,0,0,0,1,89,60,0,0.00034,0.00034,3,5,0,0,0,0,0,0,0,0,0,0,1,0,0,0,0,0,0,0,0,0,0,,0,0,0,0,
11,8.5,0,45.3,31.5,0,0,0,5.7,0,0,0,0,7,0,0,0,0,-0.00229183,0,0,0,0,0,0,0,0,0,1,78,60,0,0.00034,0.00034,3,5,0,0,0,0,0,0,0,0,0,0,1,0,0,0,0,0,0,0,0,0,0,,0,0,0,0,
12,8.99,0,-32.9,26.5,0,0,0,-1.55,0,0,0,0,-9.5,0,0,0,0,-0.00229183,0,0,0,0,0,0,0,0,0,1,73,60,0,0.00034,0.00034,3,5,0,0,0,0,0,0,0,0,0,0,1,0,0,0,0,0,0,0,0,0,0,,0,0,0,0,
13,9.4,0,-29.3,24.5,0,0,0,-3.6,0,0,0,0,-13.5,0,0,0,0,-0.00229183,0,0,0,0,0,0,0,0,0,1,71,60,0,0.00034,0.00034,3,5,0,0,0,0,0,0,0,0,0,0,1,0,0,0,0,0,0,0,0,0,0,,0,0,0,0,
14,12.16,0,-12.95,27,0,0,0,12.15,0,0,0,0,-15.5,0,0,0,0,-0.00229183,0,0,0,0,0,0,0,0,0,1,74,60,0,0.00034,0.00034,3,5,0,0,0,0,0,0,0,0,0,0,1,0,0,0,0,0,0,0,0,0,0,,0,0,0,0,
15,12.99,0,-23.35,21,0,0,0,-1.7,0,0,0,0,-18,0,0,0,0,-0.00229183,0,0,0,0,0,0,0,0,0,1,67,60,0,0.00034,0.00034,3,5,0,0,0,0,0,0,0,0,0,0,1,0,0,0,0,0,0,0,0,0,0,,0,0,0,0,
END,Total:16
START,FrameNb:174,CameraNb:0,HeSaiNb:0,ARS410Nb:0
2026/08/02 16:19:45:689---->
heightOffset:0,1785658785689,1075296,selfCaliBufCnt:0,selfAccObjCnt:0,selfAccAngle:0,installHAngleOffset:0,Interpolation:0,installVAngleOffset:0,radarOffsetH:0,radarOffsetV:0.32,Polynom:-0.001023;-0.0511;-2.047;0;0;0;-0.001023;-0.0511;-2.047;-25.5;0;0,WheelDirection:0;0;0;0,selfAngleOffset:0,selfAngleOffsetPit:0,currCaliAngleHrz:0,currCaliAnglePit:0,selfCaliAngleHrz:0,selfCaliAnglePit:0,servCaliAngleHrz:0,servCaliAnglePit:0,offlineCaliAngleHrz:0,offlineCaliAnglePit:0,determine2useFlag:0,IMU_Z_Accel:-21.592,IMU_X_AngularRate:-2.093,IMU_Y_AngularRate:-2.093,IMU_RollAngle:-180,IMU_PitchAngle:-180,IMU_YawAngle:-180,FcwID:0,FCWWarningLevel:0,FCWTTC:0
0,2.35,0,51.05,29,0,0,0,-10.2,1.37605e-33,0,0,0,5.5,0,0,0,0,-0.00229183,0,0,0,0,0,0,0,0,0,1,78,54,0,0.00034,0.00034,3,5,0,0,0,0,0,0,0,0,0,0,1,0,1,0,0,0,0,0,0,0,0,,0,0,0,0,
1,2.79,0,-33.8,45,0,0,0,1.2,0,0,0,0,7,0,0,0,0,-0.00229183,0,0,0,0,0,0,0,0,0,1,94,54,0,0.00034,0.00034,3,5,0,0,0,0,0,0,0,0,0,0,1,0,1,0,0,0,0,0,0,0,0,,0,0,0,0,
2,3.26,0,13.8,37,0,0,0,1.4,0,0,0,0,-8,0,0,0,0,-0.00229183,0,0,0,0,0,0,0,0,0,1,86,54,0,0.00034,0.00034,3,0,0,0,0,0,0,0,0,0,0,0,1,0,1,0,0,0,0,0,0,0,0,,0,0,0,0,
3,3.58,0,-50.1,32,0,0,0,-5.95,0,0,0,0,7.5,0,0,0,0,-0.00229183,0,0,0,0,0,0,0,0,0,1,80,54,0,0.00034,0.00034,3,5,0,0,0,0,0,0,0,0,0,0,1,0,1,0,0,0,0,0,0,0,0,,0,0,0,0,
4,4.07,0,1.9,38.5,0,0,0,2.95,0,0,0,0,-9,0,0,0,0,-0.00229183,0,0,0,0,0,0,0,0,0,1,87,54,0,0.00034,0.00034,3,5,0,0,0,0,0,0,0,0,0,0,1,0,1,0,0,0,0,0,0,0,0,,0,0,0,0,
5,5.13,0,-36,32.5,0,0,0,-1.55,0,0,0,0,-6.5,0,0,0,0,-0.00229183,0,0,0,0,0,0,0,0,0,1,78,54,0,0.00034,0.00034,3,0,0,0,0,0,0,0,0,0,0,0,1,0,1,0,0,0,0,0,0,0,0,,0,0,0,0,
6,5.6,0,-34.55,35,0,0,0,-3.8,0,0,0,0,-5,0,0,0,0,-0.00229183,0,0,0,0,0,0,0,0,0,1,80,54,0,0.00034,0.00034,3,5,0,0,0,0,0,0,0,0,0,0,1,0,1,0,0,0,0,0,0,0,0,,0,0,0,0,
7,5.6,0,-24.3,35,0,0,0,-5.75,0,0,0,0,-10,0,0,0,0,-0.00229183,0,0,0,0,0,0,0,0,0,1,80,54,0,0.00034,0.00034,3,5,0,0,0,0,0,0,0,0,0,0,1,0,1,0,0,0,0,0,0,0,0,,0,0,0,0,
8,6.42,0,34.2,26,0,0,0,-9.3,0,0,0,0,-10.5,0,0,0,0,-0.00229183,0,0,0,0,0,0,0,0,0,1,71,54,0,0.00034,0.00034,3,5,0,0,0,0,0,0,0,0,0,0,1,0,1,0,0,0,0,0,0,0,0,,0,0,0,0,
9,6.78,0,-19.95,26.5,0,0,0,-1.3,0,0,0,0,-19,0,0,0,0,-0.00229183,0,0,0,0,0,0,0,0,0,1,72,54,0,0.00034,0.00034,3,5,0,0,0,0,0,0,0,0,0,0,1,0,1,0,0,0,0,0,0,0,0,,0,0,0,0,
10,7.6,0,32.85,43.5,0,0,0,7.05,0,0,0,0,8,0,0,0,0,-0.00229183,0,0,0,0,0,0,0,0,0,1,90,54,0,0.00034,0.00034,3,5,0,0,0,0,0,0,0,0,0,0,1,0,1,0,0,0,0,0,0,0,0,,0,0,0,0,
11,8.17,0,-25.1,29.5,0,0,0,9.8,0,0,0,0,-11.5,0,0,0,0,-0.00229183,0,0,0,0,0,0,0,0,0,1,76,54,0,0.00034,0.00034,3,5,0,0,0,0,0,0,0,0,0,0,1,0,1,0,0,0,0,0,0,0,0,,0,0,0,0,
12,8.51,0,45.3,32,0,0,0,5.7,0,0,0,0,7,0,0,0,0,-0.00229183,0,0,0,0,0,0,0,0,0,1,78,54,0,0.00034,0.00034,3,5,0,0,0,0,0,0,0,0,0,0,1,0,1,0,0,0,0,0,0,0,0,,0,0,0,0,
13,8.96,0,-32.95,26.5,0,0,0,-1.55,0,0,0,0,-9.5,0,0,0,0,-0.00229183,0,0,0,0,0,0,0,0,0,1,73,54,0,0.00034,0.00034,3,5,0,0,0,0,0,0,0,0,0,0,1,0,1,0,0,0,0,0,0,0,0,,0,0,0,0,
14,9.4,0,-29.3,24.5,0,0,0,-3.55,0,0,0,0,-13.5,0,0,0,0,-0.00229183,0,0,0,0,0,0,0,0,0,1,71,54,0,0.00034,0.00034,3,5,0,0,0,0,0,0,0,0,0,0,1,0,1,0,0,0,0,0,0,0,0,,0,0,0,0,
15,12.16,0,-12.85,27,0,0,0,12.25,0,0,0,0,-15.5,0,0,0,0,-0.00229183,0,0,0,0,0,0,0,0,0,1,74,54,0,0.00034,0.00034,3,5,0,0,0,0,0,0,0,0,0,0,1,0,1,0,0,0,0,0,0,0,0,,0,0,0,0,
16,12.99,0,-23.2,21,0,0,0,-1.55,0,0,0,0,-18,0,0,0,0,-0.00229183,0,0,0,0,0,0,0,0,0,1,67,54,0,0.00034,0.00034,3,5,0,0,0,0,0,0,0,0,0,0,1,0,1,0,0,0,0,0,0,0,0,,0,0,0,0,
END,Total:17
START,FrameNb:175,CameraNb:0,HeSaiNb:0,ARS410Nb:0
2026/08/02 16:19:45:816---->
heightOffset:0,1785658785816,1075352,selfCaliBufCnt:0,selfAccObjCnt:0,selfAccAngle:0,installHAngleOffset:0,Interpolation:0,installVAngleOffset:0,radarOffsetH:0,radarOffsetV:0.32,Polynom:-0.001023;-0.0511;-2.047;0;0;0;-0.001023;-0.0511;-2.047;-25.5;0;0,WheelDirection:0;0;0;0,selfAngleOffset:0,selfAngleOffsetPit:0,currCaliAngleHrz:0,currCaliAnglePit:0,selfCaliAngleHrz:0,selfCaliAnglePit:0,servCaliAngleHrz:0,servCaliAnglePit:0,offlineCaliAngleHrz:0,offlineCaliAnglePit:0,determine2useFlag:0,IMU_Z_Accel:-21.592,IMU_X_AngularRate:-2.093,IMU_Y_AngularRate:-2.093,IMU_RollAngle:-180,IMU_PitchAngle:-180,IMU_YawAngle:-180,FcwID:0,FCWWarningLevel:0,FCWTTC:0
0,2.35,0,31.45,29.5,0,0,0,10.3,1.37605e-33,0,0,0,-8.5,0,0,0,0,-0.00229183,0,0,0,0,0,0,0,0,0,1,78,59,0,0.00034,0.00034,3,5,0,0,0,0,0,0,0,0,0,0,1,0,0,0,0,0,0,0,0,0,0,,0,0,0,0,
1,2.79,0,-33.8,45,0,0,0,1.2,0,0,0,0,7,0,0,0,0,-0.00229183,0,0,0,0,0,0,0,0,0,1,94,59,0,0.00034,0.00034,3,5,0,0,0,0,0,0,0,0,0,0,1,0,0,0,0,0,0,0,0,0,0,,0,0,0,0,
2,3.28,0,13.8,37.5,0,0,0,1.4,0,0,0,0,-8,0,0,0,0,-0.00229183,0,0,0,0,0,0,0,0,0,1,86,59,0,0.00034,0.00034,3,0,0,0,0,0,0,0,0,0,0,0,1,0,0,0,0,0,0,0,0,0,0,,0,0,0,0,
3,3.58,0,-50.3,32.5,0,0,0,-5.8,0,0,0,0,8,0,0,0,0,-0.00229183,0,0,0,0,0,0,0,0,0,1,81,59,0,0.00034,0.00034,3,7,0,0,0,0,0,0,0,0,0,0,1,0,0,0,0,0,0,0,0,0,0,,0,0,0,0,
4,4.07,0,1.9,38.5,0,0,0,2.95,0,0,0,0,-9,0,0,0,0,-0.00229183,0,0,0,0,0,0,0,0,0,1,87,59,0,0.00034,0.00034,3,5,0,0,0,0,0,0,0,0,0,0,1,0,0,0,0,0,0,0,0,0,0,,0,0,0,0,
5,5.12,0,-35.8,32.5,0,0,0,-1.55,0,0,0,0,-7.5,0,0,0,0,-0.00229183,0,0,0,0,0,0,0,0,0,1,78,59,0,0.00034,0.00034,3,5,0,0,0,0,0,0,0,0,0,0,1,0,0,0,0,0,0,0,0,0,0,,0,0,0,0,
6,5.6,0,-34.55,35,0,0,0,-4.25,0,0,0,0,-5,0,0,0,0,-0.00229183,0,0,0,0,0,0,0,0,0,1,79,59,0,0.00034,0.00034,3,5,0,0,0,0,0,0,0,0,0,0,1,0,0,0,0,0,0,0,0,0,0,,0,0,0,0,
7,5.6,0,-24.2,35,0,0,0,-6.2,0,0,0,0,-10,0,0,0,0,-0.00229183,0,0,0,0,0,0,0,0,0,1,79,59,0,0.00034,0.00034,3,5,0,0,0,0,0,0,0,0,0,0,1,0,0,0,0,0,0,0,0,0,0,,0,0,0,0,
8,6.41,0,69.95,25.5,0,0,0,-11,0,0,0,0,15.5,0,0,0,0,-0.00229183,0,0,0,0,0,0,0,0,0,1,71,59,0,0.00034,0.00034,2,-1,0,0,0,0,0,0,0,0,0,0,1,0,0,0,0,0,0,0,0,0,0,,0,0,0,0,
9,6.79,0,-19.8,26.5,0,0,0,-1.55,0,0,0,0,-19,0,0,0,0,-0.00229183,0,0,0,0,0,0,0,0,0,1,72,59,0,0.00034,0.00034,3,5,0,0,0,0,0,0,0,0,0,0,1,0,0,0,0,0,0,0,0,0,0,,0,0,0,0,
10,7.6,0,32.85,43.5,0,0,0,7.2,0,0,0,0,8,0,0,0,0,-0.00229183,0,0,0,0,0,0,0,0,0,1,90,59,0,0.00034,0.00034,3,5,0,0,0,0,0,0,0,0,0,0,1,0,0,0,0,0,0,0,0,0,0,,0,0,0,0,
11,8.1,0,-25,29.5,0,0,0,10,0,0,0,0,-11.5,0,0,0,0,-0.00229183,0,0,0,0,0,0,0,0,0,1,76,59,0,0.00034,0.00034,3,5,0,0,0,0,0,0,0,0,0,0,1,0,0,0,0,0,0,0,0,0,0,,0,0,0,0,
12,8.51,0,45.3,31.5,0,0,0,5.75,0,0,0,0,7,0,0,0,0,-0.00229183,0,0,0,0,0,0,0,0,0,1,78,59,0,0.00034,0.00034,3,5,0,0,0,0,0,0,0,0,0,0,1,0,0,0,0,0,0,0,0,0,0,,0,0,0,0,
13,8.96,0,-32.9,26.5,0,0,0,-1.35,0,0,0,0,-9.5,0,0,0,0,-0.00229183,0,0,0,0,0,0,0,0,0,1,73,59,0,0.00034,0.00034,3,5,0,0,0,0,0,0,0,0,0,0,1,0,0,0,0,0,0,0,0,0,0,,0,0,0,0,
14,9.41,0,-29.3,24.5,0,0,0,-3.45,0,0,0,0,-13.5,0,0,0,0,-0.00229183,0,0,0,0,0,0,0,0,0,1,71,59,0,0.00034,0.00034,3,5,0,0,0,0,0,0,0,0,0,0,1,0,0,0,0,0,0,0,0,0,0,,0,0,0,0,
15,9.73,0,-28.3,21,0,0,0,-1.85,0,0,0,0,-17.5,0,0,0,0,-0.00229183,0,0,0,0,0,0,0,0,0,1,68,59,0,0.00034,0.00034,3,5,0,0,0,0,0,0,0,0,0,0,1,0,0,0,0,0,0,0,0,0,0,,0,0,0,0,
16,12.16,0,-12.9,27,0,0,0,12.2,0,0,0,0,-15.5,0,0,0,0,-0.00229183,0,0,0,0,0,0,0,0,0,1,74,59,0,0.00034,0.00034,3,5,0,0,0,0,0,0,0,0,0,0,1,0,0,0,0,0,0,0,0,0,0,,0,0,0,0,
17,12.98,0,-23.35,21.5,0,0,0,-1.85,0,0,0,0,-17.5,0,0,0,0,-0.00229183,0,0,0,0,0,0,0,0,0,1,68,59,0,0.00034,0.00034,3,5,0,0,0,0,0,0,0,0,0,0,1,0,0,0,0,0,0,0,0,0,0,,0,0,0,0,
END,Total:18
START,FrameNb:176,CameraNb:0,HeSaiNb:0,ARS410Nb:0
2026/08/02 16:19:45:848---->
heightOffset:0,1785658785848,1075408,selfCaliBufCnt:0,selfAccObjCnt:0,selfAccAngle:0,installHAngleOffset:0,Interpolation:0,installVAngleOffset:0,radarOffsetH:0,radarOffsetV:0.32,Polynom:-0.001023;-0.0511;-2.047;0;0;0;-0.001023;-0.0511;-2.047;-25.5;0;0,WheelDirection:0;0;0;0,selfAngleOffset:0,selfAngleOffsetPit:0,currCaliAngleHrz:0,currCaliAnglePit:0,selfCaliAngleHrz:0,selfCaliAnglePit:0,servCaliAngleHrz:0,servCaliAnglePit:0,offlineCaliAngleHrz:0,offlineCaliAnglePit:0,determine2useFlag:0,IMU_Z_Accel:-21.592,IMU_X_AngularRate:-2.093,IMU_Y_AngularRate:-2.093,IMU_RollAngle:-180,IMU_PitchAngle:-180,IMU_YawAngle:-180,FcwID:0,FCWWarningLevel:0,FCWTTC:0
0,2.35,0,51.2,29,0,0,0,-10.2,1.37605e-33,0,0,0,5.5,0,0,0,0,-0.00229183,0,0,0,0,0,0,0,0,0,1,78,55,0,0.00034,0.00034,2,-1,0,0,0,0,0,0,0,0,0,0,1,0,1,0,0,0,0,0,0,0,0,,0,0,0,0,
1,2.79,0,-33.8,45,0,0,0,1.2,0,0,0,0,7,0,0,0,0,-0.00229183,0,0,0,0,0,0,0,0,0,1,94,55,0,0.00034,0.00034,3,5,0,0,0,0,0,0,0,0,0,0,1,0,1,0,0,0,0,0,0,0,0,,0,0,0,0,
2,3.26,0,13.8,37,0,0,0,1.3,0,0,0,0,-8,0,0,0,0,-0.00229183,0,0,0,0,0,0,0,0,0,1,86,55,0,0.00034,0.00034,3,5,0,0,0,0,0,0,0,0,0,0,1,0,1,0,0,0,0,0,0,0,0,,0,0,0,0,
3,3.58,0,-50.3,32,0,0,0,-5.95,0,0,0,0,7.5,0,0,0,0,-0.00229183,0,0,0,0,0,0,0,0,0,1,80,55,0,0.00034,0.00034,3,5,0,0,0,0,0,0,0,0,0,0,1,0,1,0,0,0,0,0,0,0,0,,0,0,0,0,
4,4.07,0,1.9,38.5,0,0,0,2.95,0,0,0,0,-9,0,0,0,0,-0.00229183,0,0,0,0,0,0,0,0,0,1,87,55,0,0.00034,0.00034,3,5,0,0,0,0,0,0,0,0,0,0,1,0,1,0,0,0,0,0,0,0,0,,0,0,0,0,
5,5.13,0,-36,32.5,0,0,0,-1.35,0,0,0,0,-6.5,0,0,0,0,-0.00229183,0,0,0,0,0,0,0,0,0,1,78,55,0,0.00034,0.00034,3,0,0,0,0,0,0,0,0,0,0,0,1,0,1,0,0,0,0,0,0,0,0,,0,0,0,0,
6,5.6,0,-34.55,34.5,0,0,0,-4.2,0,0,0,0,-5,0,0,0,0,-0.00229183,0,0,0,0,0,0,0,0,0,1,79,55,0,0.00034,0.00034,3,5,0,0,0,0,0,0,0,0,0,0,1,0,1,0,0,0,0,0,0,0,0,,0,0,0,0,
7,5.6,0,-24.2,34.5,0,0,0,-6,0,0,0,0,-10,0,0,0,0,-0.00229183,0,0,0,0,0,0,0,0,0,1,79,55,0,0.00034,0.00034,3,5,0,0,0,0,0,0,0,0,0,0,1,0,1,0,0,0,0,0,0,0,0,,0,0,0,0,
8,6.4,0,34.3,25,0,0,0,-10,0,0,0,0,-10.5,0,0,0,0,-0.00229183,0,0,0,0,0,0,0,0,0,1,71,55,0,0.00034,0.00034,3,5,0,0,0,0,0,0,0,0,0,0,1,0,1,0,0,0,0,0,0,0,0,,0,0,0,0,
9,6.8,0,-20,26,0,0,0,-1.6,0,0,0,0,-18,0,0,0,0,-0.00229183,0,0,0,0,0,0,0,0,0,1,72,55,0,0.00034,0.00034,3,5,0,0,0,0,0,0,0,0,0,0,1,0,1,0,0,0,0,0,0,0,0,,0,0,0,0,
10,7.59,0,32.8,43.5,0,0,0,7.05,0,0,0,0,8,0,0,0,0,-0.00229183,0,0,0,0,0,0,0,0,0,1,90,55,0,0.00034,0.00034,3,5,0,0,0,0,0,0,0,0,0,0,1,0,1,0,0,0,0,0,0,0,0,,0,0,0,0,
11,8.1,0,-25.1,29.5,0,0,0,10.15,0,0,0,0,-11.5,0,0,0,0,-0.00229183,0,0,0,0,0,0,0,0,0,1,75,55,0,0.00034,0.00034,3,5,0,0,0,0,0,0,0,0,0,0,1,0,1,0,0,0,0,0,0,0,0,,0,0,0,0,
12,8.51,0,45.2,31.5,0,0,0,5.95,0,0,0,0,7,0,0,0,0,-0.00229183,0,0,0,0,0,0,0,0,0,1,78,55,0,0.00034,0.00034,3,5,0,0,0,0,0,0,0,0,0,0,1,0,1,0,0,0,0,0,0,0,0,,0,0,0,0,
13,8.96,0,-32.85,26.5,0,0,0,-1.55,0,0,0,0,-10,0,0,0,0,-0.00229183,0,0,0,0,0,0,0,0,0,1,73,55,0,0.00034,0.00034,3,5,0,0,0,0,0,0,0,0,0,0,1,0,1,0,0,0,0,0,0,0,0,,0,0,0,0,
14,9.41,0,-29.3,24.5,0,0,0,-3.45,0,0,0,0,-13.5,0,0,0,0,-0.00229183,0,0,0,0,0,0,0,0,0,1,71,55,0,0.00034,0.00034,3,5,0,0,0,0,0,0,0,0,0,0,1,0,1,0,0,0,0,0,0,0,0,,0,0,0,0,
15,9.75,0,-28.3,21,0,0,0,-1.6,0,0,0,0,-17.5,0,0,0,0,-0.00229183,0,0,0,0,0,0,0,0,0,1,68,55,0,0.00034,0.00034,3,5,0,0,0,0,0,0,0,0,0,0,1,0,1,0,0,0,0,0,0,0,0,,0,0,0,0,
16,12.16,0,-12.85,27,0,0,0,12.2,0,0,0,0,-15.5,0,0,0,0,-0.00229183,0,0,0,0,0,0,0,0,0,1,74,55,0,0.00034,0.00034,3,5,0,0,0,0,0,0,0,0,0,0,1,0,1,0,0,0,0,0,0,0,0,,0,0,0,0,
17,12.98,0,-23.3,21,0,0,0,-1.7,0,0,0,0,-18,0,0,0,0,-0.00229183,0,0,0,0,0,0,0,0,0,1,67,55,0,0.00034,0.00034,3,5,0,0,0,0,0,0,0,0,0,0,1,0,1,0,0,0,0,0,0,0,0,,0,0,0,0,
END,Total:18
START,FrameNb:177,CameraNb:0,HeSaiNb:0,ARS410Nb:0
2026/08/02 16:19:45:896---->
heightOffset:0,1785658785896,1075468,selfCaliBufCnt:0,selfAccObjCnt:0,selfAccAngle:0,installHAngleOffset:0,Interpolation:0,installVAngleOffset:0,radarOffsetH:0,radarOffsetV:0.32,Polynom:-0.001023;-0.0511;-2.047;0;0;0;-0.001023;-0.0511;-2.047;-25.5;0;0,WheelDirection:0;0;0;0,selfAngleOffset:0,selfAngleOffsetPit:0,currCaliAngleHrz:0,currCaliAnglePit:0,selfCaliAngleHrz:0,selfCaliAnglePit:0,servCaliAngleHrz:0,servCaliAnglePit:0,offlineCaliAngleHrz:0,offlineCaliAnglePit:0,determine2useFlag:0,IMU_Z_Accel:-21.592,IMU_X_AngularRate:-2.093,IMU_Y_AngularRate:-2.093,IMU_RollAngle:-180,IMU_PitchAngle:-180,IMU_YawAngle:-180,FcwID:0,FCWWarningLevel:0,FCWTTC:0
0,2.35,0,50.6,29,0,0,0,-10.1,1.37605e-33,0,0,0,4.5,0,0,0,0,-0.00229183,0,0,0,0,0,0,0,0,0,1,78,62,0,0.00034,0.00034,3,5,0,0,0,0,0,0,0,0,0,0,1,0,0,0,0,0,0,0,0,0,0,,0,0,0,0,
1,2.79,0,-33.8,45,0,0,0,1.2,0,0,0,0,7,0,0,0,0,-0.00229183,0,0,0,0,0,0,0,0,0,1,94,62,0,0.00034,0.00034,3,5,0,0,0,0,0,0,0,0,0,0,1,0,0,0,0,0,0,0,0,0,0,,0,0,0,0,
2,3.27,0,13.8,37.5,0,0,0,1.4,0,0,0,0,-8,0,0,0,0,-0.00229183,0,0,0,0,0,0,0,0,0,1,86,62,0,0.00034,0.00034,3,0,0,0,0,0,0,0,0,0,0,0,1,0,0,0,0,0,0,0,0,0,0,,0,0,0,0,
3,4.07,0,1.9,38.5,0,0,0,3,0,0,0,0,-9,0,0,0,0,-0.00229183,0,0,0,0,0,0,0,0,0,1,87,62,0,0.00034,0.00034,3,5,0,0,0,0,0,0,0,0,0,0,1,0,0,0,0,0,0,0,0,0,0,,0,0,0,0,
4,5.1,0,-35.8,32.5,0,0,0,-1.35,0,0,0,0,-7.5,0,0,0,0,-0.00229183,0,0,0,0,0,0,0,0,0,1,78,62,0,0.00034,0.00034,3,5,0,0,0,0,0,0,0,0,0,0,1,0,0,0,0,0,0,0,0,0,0,,0,0,0,0,
5,5.6,0,-34.55,35,0,0,0,-4.05,0,0,0,0,-5,0,0,0,0,-0.00229183,0,0,0,0,0,0,0,0,0,1,79,62,0,0.00034,0.00034,3,5,0,0,0,0,0,0,0,0,0,0,1,0,0,0,0,0,0,0,0,0,0,,0,0,0,0,
6,5.6,0,-24.3,35,0,0,0,-5.85,0,0,0,0,-10,0,0,0,0,-0.00229183,0,0,0,0,0,0,0,0,0,1,79,62,0,0.00034,0.00034,3,5,0,0,0,0,0,0,0,0,0,0,1,0,0,0,0,0,0,0,0,0,0,,0,0,0,0,
7,6.4,0,69.95,25,0,0,0,-11.35,0,0,0,0,15,0,0,0,0,-0.00229183,0,0,0,0,0,0,0,0,0,1,71,62,0,0.00034,0.00034,2,-1,0,0,0,0,0,0,0,0,0,0,1,0,0,0,0,0,0,0,0,0,0,,0,0,0,0,
8,6.81,0,-19.95,26,0,0,0,-1.6,0,0,0,0,-19,0,0,0,0,-0.00229183,0,0,0,0,0,0,0,0,0,1,72,62,0,0.00034,0.00034,3,5,0,0,0,0,0,0,0,0,0,0,1,0,0,0,0,0,0,0,0,0,0,,0,0,0,0,
9,7.25,0,-51,34,0,0,0,3.4,0,0,0,0,10,0,0,0,0,-0.00229183,0,0,0,0,0,0,0,0,0,1,80,62,0,0.00034,0.00034,3,5,0,0,0,0,0,0,0,0,0,0,1,0,0,0,0,0,0,0,0,0,0,,0,0,0,0,
10,7.59,0,32.8,43.5,0,0,0,6.95,0,0,0,0,8,0,0,0,0,-0.00229183,0,0,0,0,0,0,0,0,0,1,90,62,0,0.00034,0.00034,3,5,0,0,0,0,0,0,0,0,0,0,1,0,0,0,0,0,0,0,0,0,0,,0,0,0,0,
11,8.1,0,-25.1,29.5,0,0,0,10.45,0,0,0,0,-11.5,0,0,0,0,-0.00229183,0,0,0,0,0,0,0,0,0,1,76,62,0,0.00034,0.00034,3,5,0,0,0,0,0,0,0,0,0,0,1,0,0,0,0,0,0,0,0,0,0,,0,0,0,0,
12,8.51,0,45.3,31.5,0,0,0,5.9,0,0,0,0,7,0,0,0,0,-0.00229183,0,0,0,0,0,0,0,0,0,1,78,62,0,0.00034,0.00034,3,5,0,0,0,0,0,0,0,0,0,0,1,0,0,0,0,0,0,0,0,0,0,,0,0,0,0,
13,8.96,0,-32.85,26.5,0,0,0,-1.3,0,0,0,0,-9.5,0,0,0,0,-0.00229183,0,0,0,0,0,0,0,0,0,1,73,62,0,0.00034,0.00034,3,5,0,0,0,0,0,0,0,0,0,0,1,0,0,0,0,0,0,0,0,0,0,,0,0,0,0,
14,9.41,0,-29.2,24.5,0,0,0,-3.7,0,0,0,0,-13.5,0,0,0,0,-0.00229183,0,0,0,0,0,0,0,0,0,1,71,62,0,0.00034,0.00034,3,5,0,0,0,0,0,0,0,0,0,0,1,0,0,0,0,0,0,0,0,0,0,,0,0,0,0,
15,9.74,0,-28.3,21,0,0,0,-1.7,0,0,0,0,-17.5,0,0,0,0,-0.00229183,0,0,0,0,0,0,0,0,0,1,68,62,0,0.00034,0.00034,3,5,0,0,0,0,0,0,0,0,0,0,1,0,0,0,0,0,0,0,0,0,0,,0,0,0,0,
16,12.16,0,-12.95,27,0,0,0,12.2,0,0,0,0,-15.5,0,0,0,0,-0.00229183,0,0,0,0,0,0,0,0,0,1,74,62,0,0.00034,0.00034,3,5,0,0,0,0,0,0,0,0,0,0,1,0,0,0,0,0,0,0,0,0,0,,0,0,0,0,
17,12.98,0,-23.5,21,0,0,0,-1.75,0,0,0,0,-17.5,0,0,0,0,-0.00229183,0,0,0,0,0,0,0,0,0,1,68,62,0,0.00034,0.00034,3,5,0,0,0,0,0,0,0,0,0,0,1,0,0,0,0,0,0,0,0,0,0,,0,0,0,0,
END,Total:18
START,FrameNb:178,CameraNb:0,HeSaiNb:0,ARS410Nb:0
2026/08/02 16:19:45:937---->
heightOffset:0,1785658785937,1075532,selfCaliBufCnt:0,selfAccObjCnt:0,selfAccAngle:0,installHAngleOffset:0,Interpolation:0,installVAngleOffset:0,radarOffsetH:0,radarOffsetV:0.32,Polynom:-0.001023;-0.0511;-2.047;0;0;0;-0.001023;-0.0511;-2.047;-25.5;0;0,WheelDirection:0;0;0;0,selfAngleOffset:0,selfAngleOffsetPit:0,currCaliAngleHrz:0,currCaliAnglePit:0,selfCaliAngleHrz:0,selfCaliAnglePit:0,servCaliAngleHrz:0,servCaliAnglePit:0,offlineCaliAngleHrz:0,offlineCaliAnglePit:0,determine2useFlag:0,IMU_Z_Accel:-21.592,IMU_X_AngularRate:-2.093,IMU_Y_AngularRate:-2.093,IMU_RollAngle:-180,IMU_PitchAngle:-180,IMU_YawAngle:-180,FcwID:0,FCWWarningLevel:0,FCWTTC:0
0,2.35,0,51.1,29,0,0,0,-10.2,1.37605e-33,0,0,0,5.5,0,0,0,0,-0.00229183,0,0,0,0,0,0,0,0,0,1,78,60,0,0.00034,0.00034,3,5,0,0,0,0,0,0,0,0,0,0,1,0,1,0,0,0,0,0,0,0,0,,0,0,0,0,
1,2.79,0,-33.8,45,0,0,0,1.2,0,0,0,0,7,0,0,0,0,-0.00229183,0,0,0,0,0,0,0,0,0,1,94,60,0,0.00034,0.00034,3,5,0,0,0,0,0,0,0,0,0,0,1,0,1,0,0,0,0,0,0,0,0,,0,0,0,0,
2,3.26,0,13.8,37.5,0,0,0,1.3,0,0,0,0,-8,0,0,0,0,-0.00229183,0,0,0,0,0,0,0,0,0,1,86,60,0,0.00034,0.00034,3,0,0,0,0,0,0,0,0,0,0,0,1,0,1,0,0,0,0,0,0,0,0,,0,0,0,0,
3,3.58,0,-50.3,32.5,0,0,0,-6.05,0,0,0,0,8,0,0,0,0,-0.00229183,0,0,0,0,0,0,0,0,0,1,81,60,0,0.00034,0.00034,3,5,0,0,0,0,0,0,0,0,0,0,1,0,1,0,0,0,0,0,0,0,0,,0,0,0,0,
4,4.07,0,1.9,38.5,0,0,0,2.95,0,0,0,0,-9,0,0,0,0,-0.00229183,0,0,0,0,0,0,0,0,0,1,87,60,0,0.00034,0.00034,3,5,0,0,0,0,0,0,0,0,0,0,1,0,1,0,0,0,0,0,0,0,0,,0,0,0,0,
5,5.1,0,-36,32,0,0,0,-1.2,0,0,0,0,-6.5,0,0,0,0,-0.00229183,0,0,0,0,0,0,0,0,0,1,78,60,0,0.00034,0.00034,3,0,0,0,0,0,0,0,0,0,0,0,1,0,1,0,0,0,0,0,0,0,0,,0,0,0,0,
6,5.61,0,-34.55,35,0,0,0,-4.2,0,0,0,0,-5,0,0,0,0,-0.00229183,0,0,0,0,0,0,0,0,0,1,79,60,0,0.00034,0.00034,3,5,0,0,0,0,0,0,0,0,0,0,1,0,1,0,0,0,0,0,0,0,0,,0,0,0,0,
7,5.61,0,-24.2,35,0,0,0,-5.95,0,0,0,0,-10,0,0,0,0,-0.00229183,0,0,0,0,0,0,0,0,0,1,79,60,0,0.00034,0.00034,3,5,0,0,0,0,0,0,0,0,0,0,1,0,1,0,0,0,0,0,0,0,0,,0,0,0,0,
8,6.33,0,34.1,25,0,0,0,-9.45,0,0,0,0,-11,0,0,0,0,-0.00229183,0,0,0,0,0,0,0,0,0,1,71,60,0,0.00034,0.00034,3,5,0,0,0,0,0,0,0,0,0,0,1,0,1,0,0,0,0,0,0,0,0,,0,0,0,0,
9,7.25,0,-50.95,34,0,0,0,3,0,0,0,0,10.5,0,0,0,0,-0.00229183,0,0,0,0,0,0,0,0,0,1,80,60,0,0.00034,0.00034,3,5,0,0,0,0,0,0,0,0,0,0,1,0,1,0,0,0,0,0,0,0,0,,0,0,0,0,
10,7.58,0,32.7,43.5,0,0,0,7.15,0,0,0,0,8,0,0,0,0,-0.00229183,0,0,0,0,0,0,0,0,0,1,90,60,0,0.00034,0.00034,3,5,0,0,0,0,0,0,0,0,0,0,1,0,1,0,0,0,0,0,0,0,0,,0,0,0,0,
11,8.11,0,-25.2,29.5,0,0,0,10.25,0,0,0,0,-11.5,0,0,0,0,-0.00229183,0,0,0,0,0,0,0,0,0,1,75,60,0,0.00034,0.00034,3,5,0,0,0,0,0,0,0,0,0,0,1,0,1,0,0,0,0,0,0,0,0,,0,0,0,0,
12,8.51,0,45.3,31.5,0,0,0,5.8,0,0,0,0,7,0,0,0,0,-0.00229183,0,0,0,0,0,0,0,0,0,1,78,60,0,0.00034,0.00034,3,5,0,0,0,0,0,0,0,0,0,0,1,0,1,0,0,0,0,0,0,0,0,,0,0,0,0,
13,8.97,0,-32.8,26.5,0,0,0,-1.55,0,0,0,0,-10,0,0,0,0,-0.00229183,0,0,0,0,0,0,0,0,0,1,73,60,0,0.00034,0.00034,3,5,0,0,0,0,0,0,0,0,0,0,1,0,1,0,0,0,0,0,0,0,0,,0,0,0,0,
14,9.4,0,-29.2,24.5,0,0,0,-3.55,0,0,0,0,-13.5,0,0,0,0,-0.00229183,0,0,0,0,0,0,0,0,0,1,71,60,0,0.00034,0.00034,3,5,0,0,0,0,0,0,0,0,0,0,1,0,1,0,0,0,0,0,0,0,0,,0,0,0,0,
15,12.16,0,-12.9,27,0,0,0,12.15,0,0,0,0,-15.5,0,0,0,0,-0.00229183,0,0,0,0,0,0,0,0,0,1,74,60,0,0.00034,0.00034,3,5,0,0,0,0,0,0,0,0,0,0,1,0,1,0,0,0,0,0,0,0,0,,0,0,0,0,
16,12.99,0,-23.3,21,0,0,0,-1.7,0,0,0,0,-17.5,0,0,0,0,-0.00229183,0,0,0,0,0,0,0,0,0,1,68,60,0,0.00034,0.00034,3,5,0,0,0,0,0,0,0,0,0,0,1,0,1,0,0,0,0,0,0,0,0,,0,0,0,0,
END,Total:17
START,FrameNb:179,CameraNb:0,HeSaiNb:0,ARS410Nb:0
2026/08/02 16:19:46:000---->
heightOffset:0,1785658786000,1075588,selfCaliBufCnt:0,selfAccObjCnt:0,selfAccAngle:0,installHAngleOffset:0,Interpolation:0,installVAngleOffset:0,radarOffsetH:0,radarOffsetV:0.32,Polynom:-0.001023;-0.0511;-2.047;0;0;0;-0.001023;-0.0511;-2.047;-25.5;0;0,WheelDirection:0;0;0;0,selfAngleOffset:0,selfAngleOffsetPit:0,currCaliAngleHrz:0,currCaliAnglePit:0,selfCaliAngleHrz:0,selfCaliAnglePit:0,servCaliAngleHrz:0,servCaliAnglePit:0,offlineCaliAngleHrz:0,offlineCaliAnglePit:0,determine2useFlag:0,IMU_Z_Accel:-21.592,IMU_X_AngularRate:-2.093,IMU_Y_AngularRate:-2.093,IMU_RollAngle:-180,IMU_PitchAngle:-180,IMU_YawAngle:-180,FcwID:0,FCWWarningLevel:0,FCWTTC:0
0,2.35,0,50.7,29.5,0,0,0,-10.1,1.37605e-33,0,0,0,4.5,0,0,0,0,-0.00229183,0,0,0,0,0,0,0,0,0,1,78,59,0,0.00034,0.00034,3,5,0,0,0,0,0,0,0,0,0,0,1,0,0,0,0,0,0,0,0,0,0,,0,0,0,0,
1,2.79,0,-33.8,45.5,0,0,0,1.2,0,0,0,0,7,0,0,0,0,-0.00229183,0,0,0,0,0,0,0,0,0,1,94,59,0,0.00034,0.00034,3,5,0,0,0,0,0,0,0,0,0,0,1,0,0,0,0,0,0,0,0,0,0,,0,0,0,0,
2,3.27,0,13.8,37.5,0,0,0,1.4,0,0,0,0,-8,0,0,0,0,-0.00229183,0,0,0,0,0,0,0,0,0,1,86,59,0,0.00034,0.00034,3,0,0,0,0,0,0,0,0,0,0,0,1,0,0,0,0,0,0,0,0,0,0,,0,0,0,0,
3,3.58,0,-50.3,32.5,0,0,0,-5.8,0,0,0,0,8,0,0,0,0,-0.00229183,0,0,0,0,0,0,0,0,0,1,81,59,0,0.00034,0.00034,3,7,0,0,0,0,0,0,0,0,0,0,1,0,0,0,0,0,0,0,0,0,0,,0,0,0,0,
4,4.07,0,1.9,38.5,0,0,0,2.95,0,0,0,0,-9,0,0,0,0,-0.00229183,0,0,0,0,0,0,0,0,0,1,87,59,0,0.00034,0.00034,3,5,0,0,0,0,0,0,0,0,0,0,1,0,0,0,0,0,0,0,0,0,0,,0,0,0,0,
5,5.09,0,-35.85,32.5,0,0,0,-1.3,0,0,0,0,-7.5,0,0,0,0,-0.00229183,0,0,0,0,0,0,0,0,0,1,78,59,0,0.00034,0.00034,3,5,0,0,0,0,0,0,0,0,0,0,1,0,0,0,0,0,0,0,0,0,0,,0,0,0,0,
6,5.6,0,-34.6,35,0,0,0,-4.25,0,0,0,0,-5,0,0,0,0,-0.00229183,0,0,0,0,0,0,0,0,0,1,79,59,0,0.00034,0.00034,3,5,0,0,0,0,0,0,0,0,0,0,1,0,0,0,0,0,0,0,0,0,0,,0,0,0,0,
7,5.6,0,-24.2,35,0,0,0,-6.05,0,0,0,0,-10,0,0,0,0,-0.00229183,0,0,0,0,0,0,0,0,0,1,79,59,0,0.00034,0.00034,3,5,0,0,0,0,0,0,0,0,0,0,1,0,0,0,0,0,0,0,0,0,0,,0,0,0,0,
8,6.32,0,34.2,25.5,0,0,0,-9.95,0,0,0,0,-11,0,0,0,0,-0.00229183,0,0,0,0,0,0,0,0,0,1,71,59,0,0.00034,0.00034,3,5,0,0,0,0,0,0,0,0,0,0,1,0,0,0,0,0,0,0,0,0,0,,0,0,0,0,
9,7.59,0,32.6,43.5,0,0,0,7,0,0,0,0,8,0,0,0,0,-0.00229183,0,0,0,0,0,0,0,0,0,1,89,59,0,0.00034,0.00034,3,5,0,0,0,0,0,0,0,0,0,0,1,0,0,0,0,0,0,0,0,0,0,,0,0,0,0,
10,8.1,0,-24.95,29.5,0,0,0,10.4,0,0,0,0,-11.5,0,0,0,0,-0.00229183,0,0,0,0,0,0,0,0,0,1,76,59,0,0.00034,0.00034,3,5,0,0,0,0,0,0,0,0,0,0,1,0,0,0,0,0,0,0,0,0,0,,0,0,0,0,
11,8.51,0,45.3,31.5,0,0,0,5.8,0,0,0,0,7,0,0,0,0,-0.00229183,0,0,0,0,0,0,0,0,0,1,78,59,0,0.00034,0.00034,3,5,0,0,0,0,0,0,0,0,0,0,1,0,0,0,0,0,0,0,0,0,0,,0,0,0,0,
12,8.98,0,-32.85,26.5,0,0,0,-1.55,0,0,0,0,-9.5,0,0,0,0,-0.00229183,0,0,0,0,0,0,0,0,0,1,73,59,0,0.00034,0.00034,3,5,0,0,0,0,0,0,0,0,0,0,1,0,0,0,0,0,0,0,0,0,0,,0,0,0,0,
13,9.41,0,-29.3,24.5,0,0,0,-3.45,0,0,0,0,-13.5,0,0,0,0,-0.00229183,0,0,0,0,0,0,0,0,0,1,71,59,0,0.00034,0.00034,3,5,0,0,0,0,0,0,0,0,0,0,1,0,0,0,0,0,0,0,0,0,0,,0,0,0,0,
14,12.16,0,-12.85,27,0,0,0,12.2,0,0,0,0,-15.5,0,0,0,0,-0.00229183,0,0,0,0,0,0,0,0,0,1,74,59,0,0.00034,0.00034,3,5,0,0,0,0,0,0,0,0,0,0,1,0,0,0,0,0,0,0,0,0,0,,0,0,0,0,
15,12.99,0,-23.55,21.5,0,0,0,-1.8,0,0,0,0,-17.5,0,0,0,0,-0.00229183,0,0,0,0,0,0,0,0,0,1,68,59,0,0.00034,0.00034,3,5,0,0,0,0,0,0,0,0,0,0,1,0,0,0,0,0,0,0,0,0,0,,0,0,0,0,
END,Total:16
START,FrameNb:180,CameraNb:0,HeSaiNb:0,ARS410Nb:0
2026/08/02 16:19:46:095---->
heightOffset:0,1785658786095,1075644,selfCaliBufCnt:0,selfAccObjCnt:0,selfAccAngle:0,installHAngleOffset:0,Interpolation:0,installVAngleOffset:0,radarOffsetH:0,radarOffsetV:0.32,Polynom:-0.001023;-0.0511;-2.047;0;0;0;-0.001023;-0.0511;-2.047;-25.5;0;0,WheelDirection:0;0;0;0,selfAngleOffset:0,selfAngleOffsetPit:0,currCaliAngleHrz:0,currCaliAnglePit:0,selfCaliAngleHrz:0,selfCaliAnglePit:0,servCaliAngleHrz:0,servCaliAnglePit:0,offlineCaliAngleHrz:0,offlineCaliAnglePit:0,determine2useFlag:0,IMU_Z_Accel:-21.592,IMU_X_AngularRate:-2.093,IMU_Y_AngularRate:-2.093,IMU_RollAngle:-180,IMU_PitchAngle:-180,IMU_YawAngle:-180,FcwID:0,FCWWarningLevel:0,FCWTTC:0
0,2.35,0,50.9,29.5,0,0,0,-10.2,1.37605e-33,0,0,0,4.5,0,0,0,0,-0.00229183,0,0,0,0,0,0,0,0,0,1,78,55,0,0.00034,0.00034,3,5,0,0,0,0,0,0,0,0,0,0,1,0,1,0,0,0,0,0,0,0,0,,0,0,0,0,
1,2.79,0,-33.8,45,0,0,0,1.2,0,0,0,0,7,0,0,0,0,-0.00229183,0,0,0,0,0,0,0,0,0,1,94,55,0,0.00034,0.00034,3,5,0,0,0,0,0,0,0,0,0,0,1,0,1,0,0,0,0,0,0,0,0,,0,0,0,0,
2,3.27,0,13.8,37.5,0,0,0,1.4,0,0,0,0,-8,0,0,0,0,-0.00229183,0,0,0,0,0,0,0,0,0,1,86,55,0,0.00034,0.00034,3,5,0,0,0,0,0,0,0,0,0,0,1,0,1,0,0,0,0,0,0,0,0,,0,0,0,0,
3,3.58,0,-50.3,32.5,0,0,0,-5.95,0,0,0,0,8,0,0,0,0,-0.00229183,0,0,0,0,0,0,0,0,0,1,81,55,0,0.00034,0.00034,3,5,0,0,0,0,0,0,0,0,0,0,1,0,1,0,0,0,0,0,0,0,0,,0,0,0,0,
4,4.07,0,1.9,38.5,0,0,0,3,0,0,0,0,-9,0,0,0,0,-0.00229183,0,0,0,0,0,0,0,0,0,1,87,55,0,0.00034,0.00034,3,5,0,0,0,0,0,0,0,0,0,0,1,0,1,0,0,0,0,0,0,0,0,,0,0,0,0,
5,5.11,0,-36.05,32.5,0,0,0,-1.25,0,0,0,0,-6.5,0,0,0,0,-0.00229183,0,0,0,0,0,0,0,0,0,1,78,55,0,0.00034,0.00034,3,0,0,0,0,0,0,0,0,0,0,0,1,0,1,0,0,0,0,0,0,0,0,,0,0,0,0,
6,5.61,0,-34.6,35,0,0,0,-4.1,0,0,0,0,-5,0,0,0,0,-0.00229183,0,0,0,0,0,0,0,0,0,1,80,55,0,0.00034,0.00034,3,5,0,0,0,0,0,0,0,0,0,0,1,0,1,0,0,0,0,0,0,0,0,,0,0,0,0,
7,5.61,0,-24.2,35,0,0,0,-5.95,0,0,0,0,-10,0,0,0,0,-0.00229183,0,0,0,0,0,0,0,0,0,1,80,55,0,0.00034,0.00034,3,5,0,0,0,0,0,0,0,0,0,0,1,0,1,0,0,0,0,0,0,0,0,,0,0,0,0,
8,6.25,0,34.3,25,0,0,0,-9.55,0,0,0,0,-11,0,0,0,0,-0.00229183,0,0,0,0,0,0,0,0,0,1,71,55,0,0.00034,0.00034,3,5,0,0,0,0,0,0,0,0,0,0,1,0,1,0,0,0,0,0,0,0,0,,0,0,0,0,
9,6.84,0,49.45,26,0,0,0,-9.8,0,0,0,0,1.5,0,0,0,0,-0.00229183,0,0,0,0,0,0,0,0,0,1,72,55,0,0.00034,0.00034,3,5,0,0,0,0,0,0,0,0,0,0,1,0,1,0,0,0,0,0,0,0,0,,0,0,0,0,
10,7.58,0,32.5,43.5,0,0,0,6.95,0,0,0,0,8,0,0,0,0,-0.00229183,0,0,0,0,0,0,0,0,0,1,89,55,0,0.00034,0.00034,3,5,0,0,0,0,0,0,0,0,0,0,1,0,1,0,0,0,0,0,0,0,0,,0,0,0,0,
11,8.17,0,-24.95,29,0,0,0,10.55,0,0,0,0,-12,0,0,0,0,-0.00229183,0,0,0,0,0,0,0,0,0,1,75,55,0,0.00034,0.00034,3,5,0,0,0,0,0,0,0,0,0,0,1,0,1,0,0,0,0,0,0,0,0,,0,0,0,0,
12,8.51,0,45.2,31.5,0,0,0,5.75,0,0,0,0,7,0,0,0,0,-0.00229183,0,0,0,0,0,0,0,0,0,1,78,55,0,0.00034,0.00034,3,5,0,0,0,0,0,0,0,0,0,0,1,0,1,0,0,0,0,0,0,0,0,,0,0,0,0,
13,8.98,0,-32.85,26.5,0,0,0,-1.45,0,0,0,0,-9.5,0,0,0,0,-0.00229183,0,0,0,0,0,0,0,0,0,1,73,55,0,0.00034,0.00034,3,5,0,0,0,0,0,0,0,0,0,0,1,0,1,0,0,0,0,0,0,0,0,,0,0,0,0,
14,9.4,0,-29.2,24.5,0,0,0,-3.6,0,0,0,0,-13.5,0,0,0,0,-0.00229183,0,0,0,0,0,0,0,0,0,1,71,55,0,0.00034,0.00034,3,5,0,0,0,0,0,0,0,0,0,0,1,0,1,0,0,0,0,0,0,0,0,,0,0,0,0,
15,12.16,0,-12.85,27,0,0,0,12.2,0,0,0,0,-15.5,0,0,0,0,-0.00229183,0,0,0,0,0,0,0,0,0,1,74,55,0,0.00034,0.00034,3,5,0,0,0,0,0,0,0,0,0,0,1,0,1,0,0,0,0,0,0,0,0,,0,0,0,0,
16,12.99,0,-23.3,21,0,0,0,-1.7,0,0,0,0,-18,0,0,0,0,-0.00229183,0,0,0,0,0,0,0,0,0,1,68,55,0,0.00034,0.00034,3,5,0,0,0,0,0,0,0,0,0,0,1,0,1,0,0,0,0,0,0,0,0,,0,0,0,0,
END,Total:17
START,FrameNb:181,CameraNb:0,HeSaiNb:0,ARS410Nb:0
2026/08/02 16:19:46:145---->
heightOffset:0,1785658786145,1075700,selfCaliBufCnt:0,selfAccObjCnt:0,selfAccAngle:0,installHAngleOffset:0,Interpolation:0,installVAngleOffset:0,radarOffsetH:0,radarOffsetV:0.32,Polynom:-0.001023;-0.0511;-2.047;0;0;0;-0.001023;-0.0511;-2.047;-25.5;0;0,WheelDirection:0;0;0;0,selfAngleOffset:0,selfAngleOffsetPit:0,currCaliAngleHrz:0,currCaliAnglePit:0,selfCaliAngleHrz:0,selfCaliAnglePit:0,servCaliAngleHrz:0,servCaliAnglePit:0,offlineCaliAngleHrz:0,offlineCaliAnglePit:0,determine2useFlag:0,IMU_Z_Accel:-21.592,IMU_X_AngularRate:-2.093,IMU_Y_AngularRate:-2.093,IMU_RollAngle:-180,IMU_PitchAngle:-180,IMU_YawAngle:-180,FcwID:0,FCWWarningLevel:0,FCWTTC:0
0,2.35,0,31.2,29.5,0,0,0,10.2,1.37605e-33,0,0,0,-8.5,0,0,0,0,-0.00229183,0,0,0,0,0,0,0,0,0,1,78,59,0,0.00034,0.00034,3,5,0,0,0,0,0,0,0,0,0,0,1,0,0,0,0,0,0,0,0,0,0,,0,0,0,0,
1,2.79,0,-33.8,45.5,0,0,0,1.2,0,0,0,0,7,0,0,0,0,-0.00229183,0,0,0,0,0,0,0,0,0,1,94,59,0,0.00034,0.00034,3,5,0,0,0,0,0,0,0,0,0,0,1,0,0,0,0,0,0,0,0,0,0,,0,0,0,0,
2,3.28,0,13.8,37.5,0,0,0,1.4,0,0,0,0,-8,0,0,0,0,-0.00229183,0,0,0,0,0,0,0,0,0,1,86,59,0,0.00034,0.00034,3,0,0,0,0,0,0,0,0,0,0,0,1,0,0,0,0,0,0,0,0,0,0,,0,0,0,0,
3,3.58,0,-50.3,32.5,0,0,0,-5.85,0,0,0,0,8,0,0,0,0,-0.00229183,0,0,0,0,0,0,0,0,0,1,81,59,0,0.00034,0.00034,3,7,0,0,0,0,0,0,0,0,0,0,1,0,0,0,0,0,0,0,0,0,0,,0,0,0,0,
4,4.07,0,1.9,38.5,0,0,0,3,0,0,0,0,-9,0,0,0,0,-0.00229183,0,0,0,0,0,0,0,0,0,1,87,59,0,0.00034,0.00034,3,5,0,0,0,0,0,0,0,0,0,0,1,0,0,0,0,0,0,0,0,0,0,,0,0,0,0,
5,5.11,0,-35.7,32.5,0,0,0,-1.25,0,0,0,0,-7.5,0,0,0,0,-0.00229183,0,0,0,0,0,0,0,0,0,1,78,59,0,0.00034,0.00034,3,5,0,0,0,0,0,0,0,0,0,0,1,0,0,0,0,0,0,0,0,0,0,,0,0,0,0,
6,5.6,0,-34.55,35,0,0,0,-4.25,0,0,0,0,-5,0,0,0,0,-0.00229183,0,0,0,0,0,0,0,0,0,1,80,59,0,0.00034,0.00034,3,5,0,0,0,0,0,0,0,0,0,0,1,0,0,0,0,0,0,0,0,0,0,,0,0,0,0,
7,5.6,0,-24.2,35,0,0,0,-6.05,0,0,0,0,-10,0,0,0,0,-0.00229183,0,0,0,0,0,0,0,0,0,1,80,59,0,0.00034,0.00034,3,5,0,0,0,0,0,0,0,0,0,0,1,0,0,0,0,0,0,0,0,0,0,,0,0,0,0,
8,6.27,0,71.6,25.5,0,0,0,-7.8,0,0,0,0,18,0,0,0,0,-0.00229183,0,0,0,0,0,0,0,0,0,1,71,59,0,0.00034,0.00034,3,5,0,0,0,0,0,0,0,0,0,0,1,0,0,0,0,0,0,0,0,0,0,,0,0,0,0,
9,6.84,0,49.6,26,0,0,0,3.95,0,0,0,0,1.5,0,0,0,0,-0.00229183,0,0,0,0,0,0,0,0,0,1,72,59,0,0.00034,0.00034,3,5,0,0,0,0,0,0,0,0,0,0,1,0,0,0,0,0,0,0,0,0,0,,0,0,0,0,
10,7.59,0,32.4,43,0,0,0,6.75,0,0,0,0,7.5,0,0,0,0,-0.00229183,0,0,0,0,0,0,0,0,0,1,89,59,0,0.00034,0.00034,3,5,0,0,0,0,0,0,0,0,0,0,1,0,0,0,0,0,0,0,0,0,0,,0,0,0,0,
11,8.16,0,-25.1,29.5,0,0,0,10.45,0,0,0,0,-11.5,0,0,0,0,-0.00229183,0,0,0,0,0,0,0,0,0,1,76,59,0,0.00034,0.00034,3,5,0,0,0,0,0,0,0,0,0,0,1,0,0,0,0,0,0,0,0,0,0,,0,0,0,0,
12,8.51,0,45.2,31.5,0,0,0,5.9,0,0,0,0,7,0,0,0,0,-0.00229183,0,0,0,0,0,0,0,0,0,1,78,59,0,0.00034,0.00034,3,5,0,0,0,0,0,0,0,0,0,0,1,0,0,0,0,0,0,0,0,0,0,,0,0,0,0,
13,8.97,0,-32.8,26.5,0,0,0,-1.45,0,0,0,0,-9.5,0,0,0,0,-0.00229183,0,0,0,0,0,0,0,0,0,1,73,59,0,0.00034,0.00034,3,5,0,0,0,0,0,0,0,0,0,0,1,0,0,0,0,0,0,0,0,0,0,,0,0,0,0,
14,9.41,0,-29.2,24.5,0,0,0,-3.6,0,0,0,0,-13,0,0,0,0,-0.00229183,0,0,0,0,0,0,0,0,0,1,71,59,0,0.00034,0.00034,3,5,0,0,0,0,0,0,0,0,0,0,1,0,0,0,0,0,0,0,0,0,0,,0,0,0,0,
15,12.16,0,-12.95,26.5,0,0,0,12.25,0,0,0,0,-16,0,0,0,0,-0.00229183,0,0,0,0,0,0,0,0,0,1,74,59,0,0.00034,0.00034,3,5,0,0,0,0,0,0,0,0,0,0,1,0,0,0,0,0,0,0,0,0,0,,0,0,0,0,
16,12.99,0,-23.45,21,0,0,0,-1.8,0,0,0,0,-17.5,0,0,0,0,-0.00229183,0,0,0,0,0,0,0,0,0,1,68,59,0,0.00034,0.00034,3,5,0,0,0,0,0,0,0,0,0,0,1,0,0,0,0,0,0,0,0,0,0,,0,0,0,0,
END,Total:17
START,FrameNb:182,CameraNb:0,HeSaiNb:0,ARS410Nb:0
2026/08/02 16:19:46:209---->
heightOffset:0,1785658786209,1075760,selfCaliBufCnt:0,selfAccObjCnt:0,selfAccAngle:0,installHAngleOffset:0,Interpolation:0,installVAngleOffset:0,radarOffsetH:0,radarOffsetV:0.32,Polynom:-0.001023;-0.0511;-2.047;0;0;0;-0.001023;-0.0511;-2.047;-25.5;0;0,WheelDirection:0;0;0;0,selfAngleOffset:0,selfAngleOffsetPit:0,currCaliAngleHrz:0,currCaliAnglePit:0,selfCaliAngleHrz:0,selfCaliAnglePit:0,servCaliAngleHrz:0,servCaliAnglePit:0,offlineCaliAngleHrz:0,offlineCaliAnglePit:0,determine2useFlag:0,IMU_Z_Accel:-21.592,IMU_X_AngularRate:-2.093,IMU_Y_AngularRate:-2.093,IMU_RollAngle:-180,IMU_PitchAngle:-180,IMU_YawAngle:-180,FcwID:0,FCWWarningLevel:0,FCWTTC:0
0,2.35,0,51.3,29,0,0,0,-10,1.37605e-33,0,0,0,5.5,0,0,0,0,-0.00229183,0,0,0,0,0,0,0,0,0,1,78,54,0,0.00034,0.00034,2,-1,0,0,0,0,0,0,0,0,0,0,1,0,1,0,0,0,0,0,0,0,0,,0,0,0,0,
1,2.79,0,-33.8,45,0,0,0,1.2,0,0,0,0,7,0,0,0,0,-0.00229183,0,0,0,0,0,0,0,0,0,1,94,54,0,0.00034,0.00034,3,5,0,0,0,0,0,0,0,0,0,0,1,0,1,0,0,0,0,0,0,0,0,,0,0,0,0,
2,3.26,0,13.8,37,0,0,0,1.4,0,0,0,0,-8,0,0,0,0,-0.00229183,0,0,0,0,0,0,0,0,0,1,86,54,0,0.00034,0.00034,3,5,0,0,0,0,0,0,0,0,0,0,1,0,1,0,0,0,0,0,0,0,0,,0,0,0,0,
3,3.58,0,-50.2,32.5,0,0,0,-6,0,0,0,0,8,0,0,0,0,-0.00229183,0,0,0,0,0,0,0,0,0,1,81,54,0,0.00034,0.00034,3,5,0,0,0,0,0,0,0,0,0,0,1,0,1,0,0,0,0,0,0,0,0,,0,0,0,0,
4,4.07,0,1.9,38.5,0,0,0,2.95,0,0,0,0,-9,0,0,0,0,-0.00229183,0,0,0,0,0,0,0,0,0,1,87,54,0,0.00034,0.00034,3,5,0,0,0,0,0,0,0,0,0,0,1,0,1,0,0,0,0,0,0,0,0,,0,0,0,0,
5,5.13,0,-35.95,32,0,0,0,-1,0,0,0,0,-7.5,0,0,0,0,-0.00229183,0,0,0,0,0,0,0,0,0,1,78,54,0,0.00034,0.00034,3,0,0,0,0,0,0,0,0,0,0,0,1,0,1,0,0,0,0,0,0,0,0,,0,0,0,0,
6,5.61,0,-34.55,35,0,0,0,-4.1,0,0,0,0,-5,0,0,0,0,-0.00229183,0,0,0,0,0,0,0,0,0,1,79,54,0,0.00034,0.00034,3,5,0,0,0,0,0,0,0,0,0,0,1,0,1,0,0,0,0,0,0,0,0,,0,0,0,0,
7,5.61,0,-24.2,35,0,0,0,-6.05,0,0,0,0,-10,0,0,0,0,-0.00229183,0,0,0,0,0,0,0,0,0,1,79,54,0,0.00034,0.00034,3,5,0,0,0,0,0,0,0,0,0,0,1,0,1,0,0,0,0,0,0,0,0,,0,0,0,0,
8,6.26,0,34.3,25.5,0,0,0,-9.85,0,0,0,0,-11,0,0,0,0,-0.00229183,0,0,0,0,0,0,0,0,0,1,71,54,0,0.00034,0.00034,3,5,0,0,0,0,0,0,0,0,0,0,1,0,1,0,0,0,0,0,0,0,0,,0,0,0,0,
9,6.81,0,49.4,26,0,0,0,-9.8,0,0,0,0,1.5,0,0,0,0,-0.00229183,0,0,0,0,0,0,0,0,0,1,72,54,0,0.00034,0.00034,3,5,0,0,0,0,0,0,0,0,0,0,1,0,1,0,0,0,0,0,0,0,0,,0,0,0,0,
10,7.58,0,32.35,43,0,0,0,6.7,0,0,0,0,7.5,0,0,0,0,-0.00229183,0,0,0,0,0,0,0,0,0,1,89,54,0,0.00034,0.00034,3,5,0,0,0,0,0,0,0,0,0,0,1,0,1,0,0,0,0,0,0,0,0,,0,0,0,0,
11,8.15,0,-25.1,29.5,0,0,0,10.3,0,0,0,0,-11.5,0,0,0,0,-0.00229183,0,0,0,0,0,0,0,0,0,1,75,54,0,0.00034,0.00034,3,5,0,0,0,0,0,0,0,0,0,0,1,0,1,0,0,0,0,0,0,0,0,,0,0,0,0,
12,8.51,0,45.3,31.5,0,0,0,5.55,0,0,0,0,7,0,0,0,0,-0.00229183,0,0,0,0,0,0,0,0,0,1,78,54,0,0.00034,0.00034,3,5,0,0,0,0,0,0,0,0,0,0,1,0,1,0,0,0,0,0,0,0,0,,0,0,0,0,
13,8.97,0,-32.85,26.5,0,0,0,-1.45,0,0,0,0,-9.5,0,0,0,0,-0.00229183,0,0,0,0,0,0,0,0,0,1,73,54,0,0.00034,0.00034,3,5,0,0,0,0,0,0,0,0,0,0,1,0,1,0,0,0,0,0,0,0,0,,0,0,0,0,
14,9.4,0,-29.2,24.5,0,0,0,-3.7,0,0,0,0,-13,0,0,0,0,-0.00229183,0,0,0,0,0,0,0,0,0,1,71,54,0,0.00034,0.00034,3,5,0,0,0,0,0,0,0,0,0,0,1,0,1,0,0,0,0,0,0,0,0,,0,0,0,0,
15,12.16,0,-12.85,27,0,0,0,12.05,0,0,0,0,-15.5,0,0,0,0,-0.00229183,0,0,0,0,0,0,0,0,0,1,74,54,0,0.00034,0.00034,3,5,0,0,0,0,0,0,0,0,0,0,1,0,1,0,0,0,0,0,0,0,0,,0,0,0,0,
16,12.99,0,-23.4,21.5,0,0,0,-1.2,0,0,0,0,-17.5,0,0,0,0,-0.00229183,0,0,0,0,0,0,0,0,0,1,68,54,0,0.00034,0.00034,3,5,0,0,0,0,0,0,0,0,0,0,1,0,1,0,0,0,0,0,0,0,0,,0,0,0,0,
END,Total:17
START,FrameNb:183,CameraNb:0,HeSaiNb:0,ARS410Nb:0
2026/08/02 16:19:46:249---->
heightOffset:0,1785658786249,1075816,selfCaliBufCnt:0,selfAccObjCnt:0,selfAccAngle:0,installHAngleOffset:0,Interpolation:0,installVAngleOffset:0,radarOffsetH:0,radarOffsetV:0.32,Polynom:-0.001023;-0.0511;-2.047;0;0;0;-0.001023;-0.0511;-2.047;-25.5;0;0,WheelDirection:0;0;0;0,selfAngleOffset:0,selfAngleOffsetPit:0,currCaliAngleHrz:0,currCaliAnglePit:0,selfCaliAngleHrz:0,selfCaliAnglePit:0,servCaliAngleHrz:0,servCaliAnglePit:0,offlineCaliAngleHrz:0,offlineCaliAnglePit:0,determine2useFlag:0,IMU_Z_Accel:-21.592,IMU_X_AngularRate:-2.093,IMU_Y_AngularRate:-2.093,IMU_RollAngle:-180,IMU_PitchAngle:-180,IMU_YawAngle:-180,FcwID:0,FCWWarningLevel:0,FCWTTC:0
0,2.35,0,50.8,29.5,0,0,0,-10.1,1.37605e-33,0,0,0,4.5,0,0,0,0,-0.00229183,0,0,0,0,0,0,0,0,0,1,78,62,0,0.00034,0.00034,3,5,0,0,0,0,0,0,0,0,0,0,1,0,0,0,0,0,0,0,0,0,0,,0,0,0,0,
1,2.79,0,-33.8,45,0,0,0,1.2,0,0,0,0,7,0,0,0,0,-0.00229183,0,0,0,0,0,0,0,0,0,1,94,62,0,0.00034,0.00034,3,5,0,0,0,0,0,0,0,0,0,0,1,0,0,0,0,0,0,0,0,0,0,,0,0,0,0,
2,3.28,0,13.8,37.5,0,0,0,1.4,0,0,0,0,-8,0,0,0,0,-0.00229183,0,0,0,0,0,0,0,0,0,1,86,62,0,0.00034,0.00034,3,0,0,0,0,0,0,0,0,0,0,0,1,0,0,0,0,0,0,0,0,0,0,,0,0,0,0,
3,3.58,0,-3.55,32.5,0,0,0,-8.6,0,0,0,0,-16,0,0,0,0,-0.00229183,0,0,0,0,0,0,0,0,0,1,81,62,0,0.00034,0.00034,3,7,0,0,0,0,0,0,0,0,0,0,1,0,0,0,0,0,0,0,0,0,0,,0,0,0,0,
4,4.07,0,1.9,38.5,0,0,0,2.95,0,0,0,0,-9,0,0,0,0,-0.00229183,0,0,0,0,0,0,0,0,0,1,87,62,0,0.00034,0.00034,3,5,0,0,0,0,0,0,0,0,0,0,1,0,0,0,0,0,0,0,0,0,0,,0,0,0,0,
5,5.12,0,-35.8,32.5,0,0,0,-1.25,0,0,0,0,-7.5,0,0,0,0,-0.00229183,0,0,0,0,0,0,0,0,0,1,78,62,0,0.00034,0.00034,3,5,0,0,0,0,0,0,0,0,0,0,1,0,0,0,0,0,0,0,0,0,0,,0,0,0,0,
6,5.6,0,-34.6,35,0,0,0,-3.95,0,0,0,0,-4.5,0,0,0,0,-0.00229183,0,0,0,0,0,0,0,0,0,1,80,62,0,0.00034,0.00034,3,5,0,0,0,0,0,0,0,0,0,0,1,0,0,0,0,0,0,0,0,0,0,,0,0,0,0,
7,5.6,0,-24.3,35,0,0,0,-5.95,0,0,0,0,-9.5,0,0,0,0,-0.00229183,0,0,0,0,0,0,0,0,0,1,80,62,0,0.00034,0.00034,3,5,0,0,0,0,0,0,0,0,0,0,1,0,0,0,0,0,0,0,0,0,0,,0,0,0,0,
8,6.4,0,71.55,25.5,0,0,0,-15,0,0,0,0,18.5,0,0,0,0,-0.00229183,0,0,0,0,0,0,0,0,0,1,71,62,0,0.00034,0.00034,3,5,0,0,0,0,0,0,0,0,0,0,1,0,0,0,0,0,0,0,0,0,0,,0,0,0,0,
9,6.64,0,49.45,26,0,0,0,3.9,0,0,0,0,1.5,0,0,0,0,-0.00229183,0,0,0,0,0,0,0,0,0,1,72,62,0,0.00034,0.00034,3,5,0,0,0,0,0,0,0,0,0,0,1,0,0,0,0,0,0,0,0,0,0,,0,0,0,0,
10,7.59,0,32.35,43,0,0,0,6.55,0,0,0,0,7.5,0,0,0,0,-0.00229183,0,0,0,0,0,0,0,0,0,1,89,62,0,0.00034,0.00034,3,5,0,0,0,0,0,0,0,0,0,0,1,0,0,0,0,0,0,0,0,0,0,,0,0,0,0,
11,8.1,0,-25.1,29.5,0,0,0,10.05,0,0,0,0,-11.5,0,0,0,0,-0.00229183,0,0,0,0,0,0,0,0,0,1,76,62,0,0.00034,0.00034,3,5,0,0,0,0,0,0,0,0,0,0,1,0,0,0,0,0,0,0,0,0,0,,0,0,0,0,
12,8.51,0,45.2,31.5,0,0,0,5.75,0,0,0,0,7,0,0,0,0,-0.00229183,0,0,0,0,0,0,0,0,0,1,78,62,0,0.00034,0.00034,3,5,0,0,0,0,0,0,0,0,0,0,1,0,0,0,0,0,0,0,0,0,0,,0,0,0,0,
13,8.96,0,-32.95,26.5,0,0,0,-1.3,0,0,0,0,-9.5,0,0,0,0,-0.00229183,0,0,0,0,0,0,0,0,0,1,73,62,0,0.00034,0.00034,3,5,0,0,0,0,0,0,0,0,0,0,1,0,0,0,0,0,0,0,0,0,0,,0,0,0,0,
14,9.41,0,-29.2,24.5,0,0,0,-3.55,0,0,0,0,-13.5,0,0,0,0,-0.00229183,0,0,0,0,0,0,0,0,0,1,71,62,0,0.00034,0.00034,3,5,0,0,0,0,0,0,0,0,0,0,1,0,0,0,0,0,0,0,0,0,0,,0,0,0,0,
15,12.16,0,-12.85,27,0,0,0,12.25,0,0,0,0,-15.5,0,0,0,0,-0.00229183,0,0,0,0,0,0,0,0,0,1,74,62,0,0.00034,0.00034,3,5,0,0,0,0,0,0,0,0,0,0,1,0,0,0,0,0,0,0,0,0,0,,0,0,0,0,
16,12.99,0,-23.55,21.5,0,0,0,-0.85,0,0,0,0,-17.5,0,0,0,0,-0.00229183,0,0,0,0,0,0,0,0,0,1,68,62,0,0.00034,0.00034,3,5,0,0,0,0,0,0,0,0,0,0,1,0,0,0,0,0,0,0,0,0,0,,0,0,0,0,
END,Total:17
START,FrameNb:184,CameraNb:0,HeSaiNb:0,ARS410Nb:0
2026/08/02 16:19:46:311---->
heightOffset:0,1785658786311,1075880,selfCaliBufCnt:0,selfAccObjCnt:0,selfAccAngle:0,installHAngleOffset:0,Interpolation:0,installVAngleOffset:0,radarOffsetH:0,radarOffsetV:0.32,Polynom:-0.001023;-0.0511;-2.047;0;0;0;-0.001023;-0.0511;-2.047;-25.5;0;0,WheelDirection:0;0;0;0,selfAngleOffset:0,selfAngleOffsetPit:0,currCaliAngleHrz:0,currCaliAnglePit:0,selfCaliAngleHrz:0,selfCaliAnglePit:0,servCaliAngleHrz:0,servCaliAnglePit:0,offlineCaliAngleHrz:0,offlineCaliAnglePit:0,determine2useFlag:0,IMU_Z_Accel:-21.592,IMU_X_AngularRate:-2.093,IMU_Y_AngularRate:-2.093,IMU_RollAngle:-180,IMU_PitchAngle:-180,IMU_YawAngle:-180,FcwID:0,FCWWarningLevel:0,FCWTTC:0
0,2.35,0,51.2,29,0,0,0,-10.2,1.37605e-33,0,0,0,5.5,0,0,0,0,-0.00229183,0,0,0,0,0,0,0,0,0,1,78,60,0,0.00034,0.00034,3,5,0,0,0,0,0,0,0,0,0,0,1,0,1,0,0,0,0,0,0,0,0,,0,0,0,0,
1,2.79,0,-33.8,45,0,0,0,1.2,0,0,0,0,7,0,0,0,0,-0.00229183,0,0,0,0,0,0,0,0,0,1,94,60,0,0.00034,0.00034,3,5,0,0,0,0,0,0,0,0,0,0,1,0,1,0,0,0,0,0,0,0,0,,0,0,0,0,
2,3.26,0,13.8,37.5,0,0,0,1.3,0,0,0,0,-8,0,0,0,0,-0.00229183,0,0,0,0,0,0,0,0,0,1,86,60,0,0.00034,0.00034,3,0,0,0,0,0,0,0,0,0,0,0,1,0,1,0,0,0,0,0,0,0,0,,0,0,0,0,
3,3.58,0,-50.2,32.5,0,0,0,-5.95,0,0,0,0,8,0,0,0,0,-0.00229183,0,0,0,0,0,0,0,0,0,1,81,60,0,0.00034,0.00034,3,5,0,0,0,0,0,0,0,0,0,0,1,0,1,0,0,0,0,0,0,0,0,,0,0,0,0,
4,4.07,0,1.9,38.5,0,0,0,2.95,0,0,0,0,-9,0,0,0,0,-0.00229183,0,0,0,0,0,0,0,0,0,1,87,60,0,0.00034,0.00034,3,5,0,0,0,0,0,0,0,0,0,0,1,0,1,0,0,0,0,0,0,0,0,,0,0,0,0,
5,5.11,0,-35.95,32,0,0,0,-1.05,0,0,0,0,-7.5,0,0,0,0,-0.00229183,0,0,0,0,0,0,0,0,0,1,78,60,0,0.00034,0.00034,3,0,0,0,0,0,0,0,0,0,0,0,1,0,1,0,0,0,0,0,0,0,0,,0,0,0,0,
6,5.61,0,-34.6,35,0,0,0,-3.75,0,0,0,0,-4.5,0,0,0,0,-0.00229183,0,0,0,0,0,0,0,0,0,1,80,60,0,0.00034,0.00034,3,5,0,0,0,0,0,0,0,0,0,0,1,0,1,0,0,0,0,0,0,0,0,,0,0,0,0,
7,5.61,0,-24.3,35,0,0,0,-5.7,0,0,0,0,-9.5,0,0,0,0,-0.00229183,0,0,0,0,0,0,0,0,0,1,80,60,0,0.00034,0.00034,3,5,0,0,0,0,0,0,0,0,0,0,1,0,1,0,0,0,0,0,0,0,0,,0,0,0,0,
8,6.43,0,34.5,26,0,0,0,-9.85,0,0,0,0,-10.5,0,0,0,0,-0.00229183,0,0,0,0,0,0,0,0,0,1,71,60,0,0.00034,0.00034,3,5,0,0,0,0,0,0,0,0,0,0,1,0,1,0,0,0,0,0,0,0,0,,0,0,0,0,
9,7.59,0,32.3,43,0,0,0,6.55,0,0,0,0,7.5,0,0,0,0,-0.00229183,0,0,0,0,0,0,0,0,0,1,89,60,0,0.00034,0.00034,3,5,0,0,0,0,0,0,0,0,0,0,1,0,1,0,0,0,0,0,0,0,0,,0,0,0,0,
10,8.11,0,-25.4,29,0,0,0,9.7,0,0,0,0,-12,0,0,0,0,-0.00229183,0,0,0,0,0,0,0,0,0,1,75,60,0,0.00034,0.00034,3,5,0,0,0,0,0,0,0,0,0,0,1,0,1,0,0,0,0,0,0,0,0,,0,0,0,0,
11,8.51,0,45.2,31,0,0,0,5.55,0,0,0,0,7,0,0,0,0,-0.00229183,0,0,0,0,0,0,0,0,0,1,78,60,0,0.00034,0.00034,3,5,0,0,0,0,0,0,0,0,0,0,1,0,1,0,0,0,0,0,0,0,0,,0,0,0,0,
12,8.95,0,-32.95,26,0,0,0,-1.45,0,0,0,0,-10,0,0,0,0,-0.00229183,0,0,0,0,0,0,0,0,0,1,73,60,0,0.00034,0.00034,3,5,0,0,0,0,0,0,0,0,0,0,1,0,1,0,0,0,0,0,0,0,0,,0,0,0,0,
13,9.39,0,-29.3,24,0,0,0,-3.3,0,0,0,0,-13.5,0,0,0,0,-0.00229183,0,0,0,0,0,0,0,0,0,1,71,60,0,0.00034,0.00034,3,5,0,0,0,0,0,0,0,0,0,0,1,0,1,0,0,0,0,0,0,0,0,,0,0,0,0,
14,12.16,0,-12.9,27,0,0,0,12.15,0,0,0,0,-15.5,0,0,0,0,-0.00229183,0,0,0,0,0,0,0,0,0,1,74,60,0,0.00034,0.00034,3,5,0,0,0,0,0,0,0,0,0,0,1,0,1,0,0,0,0,0,0,0,0,,0,0,0,0,
15,12.99,0,-23.3,21,0,0,0,-1.45,0,0,0,0,-18,0,0,0,0,-0.00229183,0,0,0,0,0,0,0,0,0,1,67,60,0,0.00034,0.00034,3,5,0,0,0,0,0,0,0,0,0,0,1,0,1,0,0,0,0,0,0,0,0,,0,0,0,0,
END,Total:16
START,FrameNb:185,CameraNb:0,HeSaiNb:0,ARS410Nb:0
2026/08/02 16:19:46:343---->
heightOffset:0,1785658786343,1075936,selfCaliBufCnt:0,selfAccObjCnt:0,selfAccAngle:0,installHAngleOffset:0,Interpolation:0,installVAngleOffset:0,radarOffsetH:0,radarOffsetV:0.32,Polynom:-0.001023;-0.0511;-2.047;0;0;0;-0.001023;-0.0511;-2.047;-25.5;0;0,WheelDirection:0;0;0;0,selfAngleOffset:0,selfAngleOffsetPit:0,currCaliAngleHrz:0,currCaliAnglePit:0,selfCaliAngleHrz:0,selfCaliAnglePit:0,servCaliAngleHrz:0,servCaliAnglePit:0,offlineCaliAngleHrz:0,offlineCaliAnglePit:0,determine2useFlag:0,IMU_Z_Accel:-21.592,IMU_X_AngularRate:-2.093,IMU_Y_AngularRate:-2.093,IMU_RollAngle:-180,IMU_PitchAngle:-180,IMU_YawAngle:-180,FcwID:0,FCWWarningLevel:0,FCWTTC:0
0,2.35,0,50.8,29.5,0,0,0,-10.1,1.37605e-33,0,0,0,4.5,0,0,0,0,-0.00229183,0,0,0,0,0,0,0,0,0,1,78,60,0,0.00034,0.00034,3,5,0,0,0,0,0,0,0,0,0,0,1,0,0,0,0,0,0,0,0,0,0,,0,0,0,0,
1,2.79,0,-33.8,45,0,0,0,1.2,0,0,0,0,7,0,0,0,0,-0.00229183,0,0,0,0,0,0,0,0,0,1,94,60,0,0.00034,0.00034,3,5,0,0,0,0,0,0,0,0,0,0,1,0,0,0,0,0,0,0,0,0,0,,0,0,0,0,
2,3.28,0,13.8,37,0,0,0,1.4,0,0,0,0,-8,0,0,0,0,-0.00229183,0,0,0,0,0,0,0,0,0,1,86,60,0,0.00034,0.00034,3,0,0,0,0,0,0,0,0,0,0,0,1,0,0,0,0,0,0,0,0,0,0,,0,0,0,0,
3,3.58,0,-50.35,32.5,0,0,0,-5.85,0,0,0,0,8,0,0,0,0,-0.00229183,0,0,0,0,0,0,0,0,0,1,81,60,0,0.00034,0.00034,3,7,0,0,0,0,0,0,0,0,0,0,1,0,0,0,0,0,0,0,0,0,0,,0,0,0,0,
4,4.07,0,1.9,38.5,0,0,0,2.95,0,0,0,0,-9,0,0,0,0,-0.00229183,0,0,0,0,0,0,0,0,0,1,87,60,0,0.00034,0.00034,3,5,0,0,0,0,0,0,0,0,0,0,1,0,0,0,0,0,0,0,0,0,0,,0,0,0,0,
5,5.09,0,-35.8,32.5,0,0,0,-1.2,0,0,0,0,-7.5,0,0,0,0,-0.00229183,0,0,0,0,0,0,0,0,0,1,78,60,0,0.00034,0.00034,3,5,0,0,0,0,0,0,0,0,0,0,1,0,0,0,0,0,0,0,0,0,0,,0,0,0,0,
6,5.61,0,-24.2,35.5,0,0,0,-6.1,0,0,0,0,-9.5,0,0,0,0,-0.00229183,0,0,0,0,0,0,0,0,0,1,80,60,0,0.00034,0.00034,3,5,0,0,0,0,0,0,0,0,0,0,1,0,0,0,0,0,0,0,0,0,0,,0,0,0,0,
7,5.61,0,-34.7,35.5,0,0,0,-4.2,0,0,0,0,-4.5,0,0,0,0,-0.00229183,0,0,0,0,0,0,0,0,0,1,80,60,0,0.00034,0.00034,3,5,0,0,0,0,0,0,0,0,0,0,1,0,0,0,0,0,0,0,0,0,0,,0,0,0,0,
8,6.43,0,70.1,25.5,0,0,0,-9,0,0,0,0,17.5,0,0,0,0,-0.00229183,0,0,0,0,0,0,0,0,0,1,71,60,0,0.00034,0.00034,2,-1,0,0,0,0,0,0,0,0,0,0,1,0,0,0,0,0,0,0,0,0,0,,0,0,0,0,
9,7.59,0,32.3,43,0,0,0,6.45,0,0,0,0,7.5,0,0,0,0,-0.00229183,0,0,0,0,0,0,0,0,0,1,89,60,0,0.00034,0.00034,3,5,0,0,0,0,0,0,0,0,0,0,1,0,0,0,0,0,0,0,0,0,0,,0,0,0,0,
10,8.11,0,-25.05,29.5,0,0,0,10.15,0,0,0,0,-11.5,0,0,0,0,-0.00229183,0,0,0,0,0,0,0,0,0,1,76,60,0,0.00034,0.00034,3,5,0,0,0,0,0,0,0,0,0,0,1,0,0,0,0,0,0,0,0,0,0,,0,0,0,0,
11,8.51,0,45.2,31.5,0,0,0,5.75,0,0,0,0,7,0,0,0,0,-0.00229183,0,0,0,0,0,0,0,0,0,1,78,60,0,0.00034,0.00034,3,5,0,0,0,0,0,0,0,0,0,0,1,0,0,0,0,0,0,0,0,0,0,,0,0,0,0,
12,8.96,0,-32.95,26.5,0,0,0,-1.45,0,0,0,0,-9.5,0,0,0,0,-0.00229183,0,0,0,0,0,0,0,0,0,1,73,60,0,0.00034,0.00034,3,5,0,0,0,0,0,0,0,0,0,0,1,0,0,0,0,0,0,0,0,0,0,,0,0,0,0,
13,9.4,0,-29.35,24.5,0,0,0,-3.45,0,0,0,0,-13,0,0,0,0,-0.00229183,0,0,0,0,0,0,0,0,0,1,71,60,0,0.00034,0.00034,3,5,0,0,0,0,0,0,0,0,0,0,1,0,0,0,0,0,0,0,0,0,0,,0,0,0,0,
14,12.16,0,-12.9,27,0,0,0,12.2,0,0,0,0,-15.5,0,0,0,0,-0.00229183,0,0,0,0,0,0,0,0,0,1,74,60,0,0.00034,0.00034,3,5,0,0,0,0,0,0,0,0,0,0,1,0,0,0,0,0,0,0,0,0,0,,0,0,0,0,
15,12.99,0,-23.45,21.5,0,0,0,-1.7,0,0,0,0,-17.5,0,0,0,0,-0.00229183,0,0,0,0,0,0,0,0,0,1,68,60,0,0.00034,0.00034,3,5,0,0,0,0,0,0,0,0,0,0,1,0,0,0,0,0,0,0,0,0,0,,0,0,0,0,
END,Total:16
START,FrameNb:186,CameraNb:0,HeSaiNb:0,ARS410Nb:0
2026/08/02 16:19:46:392---->
heightOffset:0,1785658786392,1075996,selfCaliBufCnt:0,selfAccObjCnt:0,selfAccAngle:0,installHAngleOffset:0,Interpolation:0,installVAngleOffset:0,radarOffsetH:0,radarOffsetV:0.32,Polynom:-0.001023;-0.0511;-2.047;0;0;0;-0.001023;-0.0511;-2.047;-25.5;0;0,WheelDirection:0;0;0;0,selfAngleOffset:0,selfAngleOffsetPit:0,currCaliAngleHrz:0,currCaliAnglePit:0,selfCaliAngleHrz:0,selfCaliAnglePit:0,servCaliAngleHrz:0,servCaliAnglePit:0,offlineCaliAngleHrz:0,offlineCaliAnglePit:0,determine2useFlag:0,IMU_Z_Accel:-21.592,IMU_X_AngularRate:-2.093,IMU_Y_AngularRate:-2.093,IMU_RollAngle:-180,IMU_PitchAngle:-180,IMU_YawAngle:-180,FcwID:0,FCWWarningLevel:0,FCWTTC:0
0,2.35,0,51.05,29,0,0,0,-10.2,1.37605e-33,0,0,0,5.5,0,0,0,0,-0.00229183,0,0,0,0,0,0,0,0,0,1,78,54,0,0.00034,0.00034,3,5,0,0,0,0,0,0,0,0,0,0,1,0,1,0,0,0,0,0,0,0,0,,0,0,0,0,
1,2.79,0,-33.8,45,0,0,0,1.2,0,0,0,0,7,0,0,0,0,-0.00229183,0,0,0,0,0,0,0,0,0,1,94,54,0,0.00034,0.00034,3,5,0,0,0,0,0,0,0,0,0,0,1,0,1,0,0,0,0,0,0,0,0,,0,0,0,0,
2,3.26,0,13.8,37,0,0,0,1.3,0,0,0,0,-8,0,0,0,0,-0.00229183,0,0,0,0,0,0,0,0,0,1,86,54,0,0.00034,0.00034,3,5,0,0,0,0,0,0,0,0,0,0,1,0,1,0,0,0,0,0,0,0,0,,0,0,0,0,
3,3.58,0,-50.1,32.5,0,0,0,-6,0,0,0,0,8,0,0,0,0,-0.00229183,0,0,0,0,0,0,0,0,0,1,81,54,0,0.00034,0.00034,3,5,0,0,0,0,0,0,0,0,0,0,1,0,1,0,0,0,0,0,0,0,0,,0,0,0,0,
4,4.07,0,1.9,38.5,0,0,0,2.95,0,0,0,0,-9,0,0,0,0,-0.00229183,0,0,0,0,0,0,0,0,0,1,87,54,0,0.00034,0.00034,3,5,0,0,0,0,0,0,0,0,0,0,1,0,1,0,0,0,0,0,0,0,0,,0,0,0,0,
5,5.08,0,-36,32.5,0,0,0,-1.35,0,0,0,0,-6.5,0,0,0,0,-0.00229183,0,0,0,0,0,0,0,0,0,1,78,54,0,0.00034,0.00034,3,0,0,0,0,0,0,0,0,0,0,0,1,0,1,0,0,0,0,0,0,0,0,,0,0,0,0,
6,5.61,0,-34.65,35,0,0,0,-4,0,0,0,0,-4.5,0,0,0,0,-0.00229183,0,0,0,0,0,0,0,0,0,1,80,54,0,0.00034,0.00034,3,5,0,0,0,0,0,0,0,0,0,0,1,0,1,0,0,0,0,0,0,0,0,,0,0,0,0,
7,5.61,0,-24.2,35,0,0,0,-5.95,0,0,0,0,-9.5,0,0,0,0,-0.00229183,0,0,0,0,0,0,0,0,0,1,80,54,0,0.00034,0.00034,3,5,0,0,0,0,0,0,0,0,0,0,1,0,1,0,0,0,0,0,0,0,0,,0,0,0,0,
8,6.43,0,34.45,25.5,0,0,0,-10.25,0,0,0,0,-10.5,0,0,0,0,-0.00229183,0,0,0,0,0,0,0,0,0,1,71,54,0,0.00034,0.00034,3,5,0,0,0,0,0,0,0,0,0,0,1,0,1,0,0,0,0,0,0,0,0,,0,0,0,0,
9,7.59,0,32.3,43,0,0,0,6.55,0,0,0,0,7.5,0,0,0,0,-0.00229183,0,0,0,0,0,0,0,0,0,1,89,54,0,0.00034,0.00034,3,5,0,0,0,0,0,0,0,0,0,0,1,0,1,0,0,0,0,0,0,0,0,,0,0,0,0,
10,8.12,0,-25.05,29,0,0,0,10.2,0,0,0,0,-11.5,0,0,0,0,-0.00229183,0,0,0,0,0,0,0,0,0,1,75,54,0,0.00034,0.00034,3,5,0,0,0,0,0,0,0,0,0,0,1,0,1,0,0,0,0,0,0,0,0,,0,0,0,0,
11,8.51,0,45.15,31.5,0,0,0,5.75,0,0,0,0,7,0,0,0,0,-0.00229183,0,0,0,0,0,0,0,0,0,1,78,54,0,0.00034,0.00034,3,5,0,0,0,0,0,0,0,0,0,0,1,0,1,0,0,0,0,0,0,0,0,,0,0,0,0,
12,8.97,0,-32.9,26.5,0,0,0,-1.45,0,0,0,0,-10,0,0,0,0,-0.00229183,0,0,0,0,0,0,0,0,0,1,73,54,0,0.00034,0.00034,3,5,0,0,0,0,0,0,0,0,0,0,1,0,1,0,0,0,0,0,0,0,0,,0,0,0,0,
13,9.4,0,-29.3,24.5,0,0,0,-3.45,0,0,0,0,-13,0,0,0,0,-0.00229183,0,0,0,0,0,0,0,0,0,1,71,54,0,0.00034,0.00034,3,5,0,0,0,0,0,0,0,0,0,0,1,0,1,0,0,0,0,0,0,0,0,,0,0,0,0,
14,9.82,0,-28.3,21,0,0,0,-1.3,0,0,0,0,-17.5,0,0,0,0,-0.00229183,0,0,0,0,0,0,0,0,0,1,68,54,0,0.00034,0.00034,3,5,0,0,0,0,0,0,0,0,0,0,1,0,1,0,0,0,0,0,0,0,0,,0,0,0,0,
15,12.16,0,-12.85,27,0,0,0,12.05,0,0,0,0,-15.5,0,0,0,0,-0.00229183,0,0,0,0,0,0,0,0,0,1,74,54,0,0.00034,0.00034,3,5,0,0,0,0,0,0,0,0,0,0,1,0,1,0,0,0,0,0,0,0,0,,0,0,0,0,
16,12.99,0,-23.2,21,0,0,0,-2,0,0,0,0,-18,0,0,0,0,-0.00229183,0,0,0,0,0,0,0,0,0,1,67,54,0,0.00034,0.00034,3,5,0,0,0,0,0,0,0,0,0,0,1,0,1,0,0,0,0,0,0,0,0,,0,0,0,0,
END,Total:17
START,FrameNb:187,CameraNb:0,HeSaiNb:0,ARS410Nb:0
2026/08/02 16:19:46:516---->
heightOffset:0,1785658786516,1076048,selfCaliBufCnt:0,selfAccObjCnt:0,selfAccAngle:0,installHAngleOffset:0,Interpolation:0,installVAngleOffset:0,radarOffsetH:0,radarOffsetV:0.32,Polynom:-0.001023;-0.0511;-2.047;0;0;0;-0.001023;-0.0511;-2.047;-25.5;0;0,WheelDirection:0;0;0;0,selfAngleOffset:0,selfAngleOffsetPit:0,currCaliAngleHrz:0,currCaliAnglePit:0,selfCaliAngleHrz:0,selfCaliAnglePit:0,servCaliAngleHrz:0,servCaliAnglePit:0,offlineCaliAngleHrz:0,offlineCaliAnglePit:0,determine2useFlag:0,IMU_Z_Accel:-21.592,IMU_X_AngularRate:-2.093,IMU_Y_AngularRate:-2.093,IMU_RollAngle:-180,IMU_PitchAngle:-180,IMU_YawAngle:-180,FcwID:0,FCWWarningLevel:0,FCWTTC:0
0,2.35,0,50.7,29,0,0,0,-10.1,1.37605e-33,0,0,0,4.5,0,0,0,0,-0.00229183,0,0,0,0,0,0,0,0,0,1,78,59,0,0.00034,0.00034,3,5,0,0,0,0,0,0,0,0,0,0,1,0,0,0,0,0,0,0,0,0,0,,0,0,0,0,
1,2.79,0,-33.8,45,0,0,0,1.2,0,0,0,0,7,0,0,0,0,-0.00229183,0,0,0,0,0,0,0,0,0,1,94,59,0,0.00034,0.00034,3,5,0,0,0,0,0,0,0,0,0,0,1,0,0,0,0,0,0,0,0,0,0,,0,0,0,0,
2,3.27,0,13.8,37.5,0,0,0,1.4,0,0,0,0,-8,0,0,0,0,-0.00229183,0,0,0,0,0,0,0,0,0,1,86,59,0,0.00034,0.00034,3,0,0,0,0,0,0,0,0,0,0,0,1,0,0,0,0,0,0,0,0,0,0,,0,0,0,0,
3,3.58,0,-3.7,32.5,0,0,0,-8.55,0,0,0,0,-16,0,0,0,0,-0.00229183,0,0,0,0,0,0,0,0,0,1,81,59,0,0.00034,0.00034,3,7,0,0,0,0,0,0,0,0,0,0,1,0,0,0,0,0,0,0,0,0,0,,0,0,0,0,
4,4.07,0,1.9,38.5,0,0,0,2.95,0,0,0,0,-9,0,0,0,0,-0.00229183,0,0,0,0,0,0,0,0,0,1,87,59,0,0.00034,0.00034,3,5,0,0,0,0,0,0,0,0,0,0,1,0,0,0,0,0,0,0,0,0,0,,0,0,0,0,
5,5.1,0,-35.8,32.5,0,0,0,-1.1,0,0,0,0,-7.5,0,0,0,0,-0.00229183,0,0,0,0,0,0,0,0,0,1,78,59,0,0.00034,0.00034,3,0,0,0,0,0,0,0,0,0,0,0,1,0,0,0,0,0,0,0,0,0,0,,0,0,0,0,
6,5.61,0,-24.2,35,0,0,0,-6.05,0,0,0,0,-9.5,0,0,0,0,-0.00229183,0,0,0,0,0,0,0,0,0,1,80,59,0,0.00034,0.00034,3,5,0,0,0,0,0,0,0,0,0,0,1,0,0,0,0,0,0,0,0,0,0,,0,0,0,0,
7,5.61,0,-34.7,35,0,0,0,-4.05,0,0,0,0,-4.5,0,0,0,0,-0.00229183,0,0,0,0,0,0,0,0,0,1,80,59,0,0.00034,0.00034,3,5,0,0,0,0,0,0,0,0,0,0,1,0,0,0,0,0,0,0,0,0,0,,0,0,0,0,
8,6.43,0,70,26,0,0,0,-9.95,0,0,0,0,17.5,0,0,0,0,-0.00229183,0,0,0,0,0,0,0,0,0,1,71,59,0,0.00034,0.00034,2,-1,0,0,0,0,0,0,0,0,0,0,1,0,0,0,0,0,0,0,0,0,0,,0,0,0,0,
9,7.59,0,32.3,43,0,0,0,6.55,0,0,0,0,7.5,0,0,0,0,-0.00229183,0,0,0,0,0,0,0,0,0,1,89,59,0,0.00034,0.00034,3,5,0,0,0,0,0,0,0,0,0,0,1,0,0,0,0,0,0,0,0,0,0,,0,0,0,0,
10,8.08,0,-24.9,29.5,0,0,0,10.2,0,0,0,0,-11.5,0,0,0,0,-0.00229183,0,0,0,0,0,0,0,0,0,1,76,59,0,0.00034,0.00034,3,5,0,0,0,0,0,0,0,0,0,0,1,0,0,0,0,0,0,0,0,0,0,,0,0,0,0,
11,8.51,0,45.1,31.5,0,0,0,5.9,0,0,0,0,6.5,0,0,0,0,-0.00229183,0,0,0,0,0,0,0,0,0,1,78,59,0,0.00034,0.00034,3,5,0,0,0,0,0,0,0,0,0,0,1,0,0,0,0,0,0,0,0,0,0,,0,0,0,0,
12,9,0,-32.85,26.5,0,0,0,-1.6,0,0,0,0,-9.5,0,0,0,0,-0.00229183,0,0,0,0,0,0,0,0,0,1,73,59,0,0.00034,0.00034,3,5,0,0,0,0,0,0,0,0,0,0,1,0,0,0,0,0,0,0,0,0,0,,0,0,0,0,
13,9.39,0,-29.3,24.5,0,0,0,-3.35,0,0,0,0,-13.5,0,0,0,0,-0.00229183,0,0,0,0,0,0,0,0,0,1,71,59,0,0.00034,0.00034,3,5,0,0,0,0,0,0,0,0,0,0,1,0,0,0,0,0,0,0,0,0,0,,0,0,0,0,
14,12.16,0,-12.95,27,0,0,0,12.2,0,0,0,0,-15.5,0,0,0,0,-0.00229183,0,0,0,0,0,0,0,0,0,1,74,59,0,0.00034,0.00034,3,5,0,0,0,0,0,0,0,0,0,0,1,0,0,0,0,0,0,0,0,0,0,,0,0,0,0,
15,12.99,0,-23.45,20.5,0,0,0,-1.75,0,0,0,0,-18,0,0,0,0,-0.00229183,0,0,0,0,0,0,0,0,0,1,67,59,0,0.00034,0.00034,3,5,0,0,0,0,0,0,0,0,0,0,1,0,0,0,0,0,0,0,0,0,0,,0,0,0,0,
END,Total:16
START,FrameNb:188,CameraNb:0,HeSaiNb:0,ARS410Nb:0
2026/08/02 16:19:46:560---->
heightOffset:0,1785658786560,1076108,selfCaliBufCnt:0,selfAccObjCnt:0,selfAccAngle:0,installHAngleOffset:0,Interpolation:0,installVAngleOffset:0,radarOffsetH:0,radarOffsetV:0.32,Polynom:-0.001023;-0.0511;-2.047;0;0;0;-0.001023;-0.0511;-2.047;-25.5;0;0,WheelDirection:0;0;0;0,selfAngleOffset:0,selfAngleOffsetPit:0,currCaliAngleHrz:0,currCaliAnglePit:0,selfCaliAngleHrz:0,selfCaliAnglePit:0,servCaliAngleHrz:0,servCaliAnglePit:0,offlineCaliAngleHrz:0,offlineCaliAnglePit:0,determine2useFlag:0,IMU_Z_Accel:-21.592,IMU_X_AngularRate:-2.093,IMU_Y_AngularRate:-2.093,IMU_RollAngle:-180,IMU_PitchAngle:-180,IMU_YawAngle:-180,FcwID:0,FCWWarningLevel:0,FCWTTC:0
0,2.35,0,51.2,29.5,0,0,0,-10.1,1.37605e-33,0,0,0,5.5,0,0,0,0,-0.00229183,0,0,0,0,0,0,0,0,0,1,78,55,0,0.00034,0.00034,3,5,0,0,0,0,0,0,0,0,0,0,1,0,1,0,0,0,0,0,0,0,0,,0,0,0,0,
1,2.79,0,-33.8,45,0,0,0,1.2,0,0,0,0,7,0,0,0,0,-0.00229183,0,0,0,0,0,0,0,0,0,1,94,55,0,0.00034,0.00034,3,5,0,0,0,0,0,0,0,0,0,0,1,0,1,0,0,0,0,0,0,0,0,,0,0,0,0,
2,3.27,0,13.8,37,0,0,0,1.3,0,0,0,0,-8,0,0,0,0,-0.00229183,0,0,0,0,0,0,0,0,0,1,86,55,0,0.00034,0.00034,3,0,0,0,0,0,0,0,0,0,0,0,1,0,1,0,0,0,0,0,0,0,0,,0,0,0,0,
3,3.58,0,-50.2,32.5,0,0,0,-5.95,0,0,0,0,8,0,0,0,0,-0.00229183,0,0,0,0,0,0,0,0,0,1,81,55,0,0.00034,0.00034,3,5,0,0,0,0,0,0,0,0,0,0,1,0,1,0,0,0,0,0,0,0,0,,0,0,0,0,
4,4.07,0,1.9,38.5,0,0,0,2.95,0,0,0,0,-9,0,0,0,0,-0.00229183,0,0,0,0,0,0,0,0,0,1,87,55,0,0.00034,0.00034,3,5,0,0,0,0,0,0,0,0,0,0,1,0,1,0,0,0,0,0,0,0,0,,0,0,0,0,
5,5.11,0,-36,32.5,0,0,0,-1.3,0,0,0,0,-6.5,0,0,0,0,-0.00229183,0,0,0,0,0,0,0,0,0,1,78,55,0,0.00034,0.00034,3,0,0,0,0,0,0,0,0,0,0,0,1,0,1,0,0,0,0,0,0,0,0,,0,0,0,0,
6,5.61,0,-34.7,35.5,0,0,0,-4,0,0,0,0,-4.5,0,0,0,0,-0.00229183,0,0,0,0,0,0,0,0,0,1,80,55,0,0.00034,0.00034,3,5,0,0,0,0,0,0,0,0,0,0,1,0,1,0,0,0,0,0,0,0,0,,0,0,0,0,
7,5.61,0,-24.2,35.5,0,0,0,-5.85,0,0,0,0,-9.5,0,0,0,0,-0.00229183,0,0,0,0,0,0,0,0,0,1,80,55,0,0.00034,0.00034,3,5,0,0,0,0,0,0,0,0,0,0,1,0,1,0,0,0,0,0,0,0,0,,0,0,0,0,
8,6.43,0,34.1,25.5,0,0,0,-9.2,0,0,0,0,-10.5,0,0,0,0,-0.00229183,0,0,0,0,0,0,0,0,0,1,71,55,0,0.00034,0.00034,3,5,0,0,0,0,0,0,0,0,0,0,1,0,1,0,0,0,0,0,0,0,0,,0,0,0,0,
9,7.58,0,32.4,43,0,0,0,6.7,0,0,0,0,7.5,0,0,0,0,-0.00229183,0,0,0,0,0,0,0,0,0,1,89,55,0,0.00034,0.00034,3,5,0,0,0,0,0,0,0,0,0,0,1,0,1,0,0,0,0,0,0,0,0,,0,0,0,0,
10,8.08,0,-24.95,29.5,0,0,0,10.2,0,0,0,0,-11.5,0,0,0,0,-0.00229183,0,0,0,0,0,0,0,0,0,1,76,55,0,0.00034,0.00034,3,5,0,0,0,0,0,0,0,0,0,0,1,0,1,0,0,0,0,0,0,0,0,,0,0,0,0,
11,8.51,0,45.15,31.5,0,0,0,5.75,0,0,0,0,7,0,0,0,0,-0.00229183,0,0,0,0,0,0,0,0,0,1,78,55,0,0.00034,0.00034,3,5,0,0,0,0,0,0,0,0,0,0,1,0,1,0,0,0,0,0,0,0,0,,0,0,0,0,
12,8.97,0,-32.85,26.5,0,0,0,-1.45,0,0,0,0,-10,0,0,0,0,-0.00229183,0,0,0,0,0,0,0,0,0,1,73,55,0,0.00034,0.00034,3,5,0,0,0,0,0,0,0,0,0,0,1,0,1,0,0,0,0,0,0,0,0,,0,0,0,0,
13,9.41,0,-29.2,24.5,0,0,0,-3.35,0,0,0,0,-13.5,0,0,0,0,-0.00229183,0,0,0,0,0,0,0,0,0,1,71,55,0,0.00034,0.00034,3,5,0,0,0,0,0,0,0,0,0,0,1,0,1,0,0,0,0,0,0,0,0,,0,0,0,0,
14,12.16,0,-12.85,27,0,0,0,12.05,0,0,0,0,-15.5,0,0,0,0,-0.00229183,0,0,0,0,0,0,0,0,0,1,74,55,0,0.00034,0.00034,3,5,0,0,0,0,0,0,0,0,0,0,1,0,1,0,0,0,0,0,0,0,0,,0,0,0,0,
15,12.98,0,-23.3,21,0,0,0,-1.45,0,0,0,0,-18,0,0,0,0,-0.00229183,0,0,0,0,0,0,0,0,0,1,67,55,0,0.00034,0.00034,3,5,0,0,0,0,0,0,0,0,0,0,1,0,1,0,0,0,0,0,0,0,0,,0,0,0,0,
END,Total:16
START,FrameNb:189,CameraNb:0,HeSaiNb:0,ARS410Nb:0
2026/08/02 16:19:46:592---->
heightOffset:0,1785658786592,1076168,selfCaliBufCnt:0,selfAccObjCnt:0,selfAccAngle:0,installHAngleOffset:0,Interpolation:0,installVAngleOffset:0,radarOffsetH:0,radarOffsetV:0.32,Polynom:-0.001023;-0.0511;-2.047;0;0;0;-0.001023;-0.0511;-2.047;-25.5;0;0,WheelDirection:0;0;0;0,selfAngleOffset:0,selfAngleOffsetPit:0,currCaliAngleHrz:0,currCaliAnglePit:0,selfCaliAngleHrz:0,selfCaliAnglePit:0,servCaliAngleHrz:0,servCaliAnglePit:0,offlineCaliAngleHrz:0,offlineCaliAnglePit:0,determine2useFlag:0,IMU_Z_Accel:-21.592,IMU_X_AngularRate:-2.093,IMU_Y_AngularRate:-2.093,IMU_RollAngle:-180,IMU_PitchAngle:-180,IMU_YawAngle:-180,FcwID:0,FCWWarningLevel:0,FCWTTC:0
0,2.35,0,31.55,29,0,0,0,10.3,1.37605e-33,0,0,0,-8.5,0,0,0,0,-0.00229183,0,0,0,0,0,0,0,0,0,1,78,61,0,0.00034,0.00034,3,5,0,0,0,0,0,0,0,0,0,0,1,0,0,0,0,0,0,0,0,0,0,,0,0,0,0,
1,2.79,0,-33.8,45,0,0,0,1.2,0,0,0,0,7,0,0,0,0,-0.00229183,0,0,0,0,0,0,0,0,0,1,94,61,0,0.00034,0.00034,3,5,0,0,0,0,0,0,0,0,0,0,1,0,0,0,0,0,0,0,0,0,0,,0,0,0,0,
2,3.27,0,13.8,37,0,0,0,1.4,0,0,0,0,-8,0,0,0,0,-0.00229183,0,0,0,0,0,0,0,0,0,1,86,61,0,0.00034,0.00034,3,0,0,0,0,0,0,0,0,0,0,0,1,0,0,0,0,0,0,0,0,0,0,,0,0,0,0,
3,3.58,0,-50.3,32.5,0,0,0,-5.85,0,0,0,0,8,0,0,0,0,-0.00229183,0,0,0,0,0,0,0,0,0,1,81,61,0,0.00034,0.00034,3,7,0,0,0,0,0,0,0,0,0,0,1,0,0,0,0,0,0,0,0,0,0,,0,0,0,0,
4,4.07,0,1.9,38.5,0,0,0,2.95,0,0,0,0,-9,0,0,0,0,-0.00229183,0,0,0,0,0,0,0,0,0,1,87,61,0,0.00034,0.00034,3,5,0,0,0,0,0,0,0,0,0,0,1,0,0,0,0,0,0,0,0,0,0,,0,0,0,0,
5,5.1,0,-35.8,32.5,0,0,0,-1.25,0,0,0,0,-7.5,0,0,0,0,-0.00229183,0,0,0,0,0,0,0,0,0,1,78,61,0,0.00034,0.00034,3,5,0,0,0,0,0,0,0,0,0,0,1,0,0,0,0,0,0,0,0,0,0,,0,0,0,0,
6,5.61,0,-34.7,35,0,0,0,-4.1,0,0,0,0,-4.5,0,0,0,0,-0.00229183,0,0,0,0,0,0,0,0,0,1,80,61,0,0.00034,0.00034,3,5,0,0,0,0,0,0,0,0,0,0,1,0,0,0,0,0,0,0,0,0,0,,0,0,0,0,
7,5.61,0,-24.2,35,0,0,0,-6,0,0,0,0,-9.5,0,0,0,0,-0.00229183,0,0,0,0,0,0,0,0,0,1,80,61,0,0.00034,0.00034,3,5,0,0,0,0,0,0,0,0,0,0,1,0,0,0,0,0,0,0,0,0,0,,0,0,0,0,
8,6.43,0,70.05,25.5,0,0,0,-11.45,0,0,0,0,17.5,0,0,0,0,-0.00229183,0,0,0,0,0,0,0,0,0,1,71,61,0,0.00034,0.00034,2,-1,0,0,0,0,0,0,0,0,0,0,1,0,0,0,0,0,0,0,0,0,0,,0,0,0,0,
9,7.58,0,32.45,43,0,0,0,6.7,0,0,0,0,7.5,0,0,0,0,-0.00229183,0,0,0,0,0,0,0,0,0,1,89,61,0,0.00034,0.00034,3,5,0,0,0,0,0,0,0,0,0,0,1,0,0,0,0,0,0,0,0,0,0,,0,0,0,0,
10,8.51,0,45.2,31.5,0,0,0,5.95,0,0,0,0,7,0,0,0,0,-0.00229183,0,0,0,0,0,0,0,0,0,1,78,61,0,0.00034,0.00034,3,5,0,0,0,0,0,0,0,0,0,0,1,0,0,0,0,0,0,0,0,0,0,,0,0,0,0,
11,8.98,0,-32.85,26.5,0,0,0,-1.45,0,0,0,0,-9.5,0,0,0,0,-0.00229183,0,0,0,0,0,0,0,0,0,1,73,61,0,0.00034,0.00034,3,5,0,0,0,0,0,0,0,0,0,0,1,0,0,0,0,0,0,0,0,0,0,,0,0,0,0,
12,9.41,0,-29.3,24.5,0,0,0,-3.45,0,0,0,0,-13.5,0,0,0,0,-0.00229183,0,0,0,0,0,0,0,0,0,1,71,61,0,0.00034,0.00034,3,5,0,0,0,0,0,0,0,0,0,0,1,0,0,0,0,0,0,0,0,0,0,,0,0,0,0,
13,12.16,0,-12.95,27,0,0,0,12.15,0,0,0,0,-16,0,0,0,0,-0.00229183,0,0,0,0,0,0,0,0,0,1,74,61,0,0.00034,0.00034,3,5,0,0,0,0,0,0,0,0,0,0,1,0,0,0,0,0,0,0,0,0,0,,0,0,0,0,
14,12.99,0,-23.35,21,0,0,0,-1.55,0,0,0,0,-18,0,0,0,0,-0.00229183,0,0,0,0,0,0,0,0,0,1,67,61,0,0.00034,0.00034,3,5,0,0,0,0,0,0,0,0,0,0,1,0,0,0,0,0,0,0,0,0,0,,0,0,0,0,
END,Total:15
START,FrameNb:190,CameraNb:0,HeSaiNb:0,ARS410Nb:0
2026/08/02 16:19:46:644---->
heightOffset:0,1785658786644,1076232,selfCaliBufCnt:0,selfAccObjCnt:0,selfAccAngle:0,installHAngleOffset:0,Interpolation:0,installVAngleOffset:0,radarOffsetH:0,radarOffsetV:0.32,Polynom:-0.001023;-0.0511;-2.047;0;0;0;-0.001023;-0.0511;-2.047;-25.5;0;0,WheelDirection:0;0;0;0,selfAngleOffset:0,selfAngleOffsetPit:0,currCaliAngleHrz:0,currCaliAnglePit:0,selfCaliAngleHrz:0,selfCaliAnglePit:0,servCaliAngleHrz:0,servCaliAnglePit:0,offlineCaliAngleHrz:0,offlineCaliAnglePit:0,determine2useFlag:0,IMU_Z_Accel:-21.592,IMU_X_AngularRate:-2.093,IMU_Y_AngularRate:-2.093,IMU_RollAngle:-180,IMU_PitchAngle:-180,IMU_YawAngle:-180,FcwID:0,FCWWarningLevel:0,FCWTTC:0
0,2.35,0,51.05,29,0,0,0,-10.1,1.37605e-33,0,0,0,5.5,0,0,0,0,-0.00229183,0,0,0,0,0,0,0,0,0,1,78,61,0,0.00034,0.00034,2,-1,0,0,0,0,0,0,0,0,0,0,1,0,1,0,0,0,0,0,0,0,0,,0,0,0,0,
1,2.79,0,-33.8,45,0,0,0,1.2,0,0,0,0,7,0,0,0,0,-0.00229183,0,0,0,0,0,0,0,0,0,1,94,61,0,0.00034,0.00034,3,5,0,0,0,0,0,0,0,0,0,0,1,0,1,0,0,0,0,0,0,0,0,,0,0,0,0,
2,3.26,0,13.8,37.5,0,0,0,1.3,0,0,0,0,-8,0,0,0,0,-0.00229183,0,0,0,0,0,0,0,0,0,1,86,61,0,0.00034,0.00034,3,0,0,0,0,0,0,0,0,0,0,0,1,0,1,0,0,0,0,0,0,0,0,,0,0,0,0,
3,3.58,0,-50.3,32.5,0,0,0,-5.95,0,0,0,0,8,0,0,0,0,-0.00229183,0,0,0,0,0,0,0,0,0,1,81,61,0,0.00034,0.00034,3,5,0,0,0,0,0,0,0,0,0,0,1,0,1,0,0,0,0,0,0,0,0,,0,0,0,0,
4,4.07,0,1.9,38.5,0,0,0,2.95,0,0,0,0,-9,0,0,0,0,-0.00229183,0,0,0,0,0,0,0,0,0,1,87,61,0,0.00034,0.00034,3,5,0,0,0,0,0,0,0,0,0,0,1,0,1,0,0,0,0,0,0,0,0,,0,0,0,0,
5,5.11,0,-35.85,32.5,0,0,0,-0.25,0,0,0,0,-7.5,0,0,0,0,-0.00229183,0,0,0,0,0,0,0,0,0,1,78,61,0,0.00034,0.00034,3,0,0,0,0,0,0,0,0,0,0,0,1,0,1,0,0,0,0,0,0,0,0,,0,0,0,0,
6,5.11,0,-41.55,32.5,0,0,0,14,0,0,0,0,-2.5,0,0,0,0,-0.00229183,0,0,0,0,0,0,0,0,0,1,78,61,0,0.00034,0.00034,3,0,0,0,0,0,0,0,0,0,0,0,1,0,1,0,0,0,0,0,0,0,0,,0,0,0,0,
7,5.61,0,-34.65,35,0,0,0,-3.75,0,0,0,0,-4.5,0,0,0,0,-0.00229183,0,0,0,0,0,0,0,0,0,1,80,61,0,0.00034,0.00034,3,5,0,0,0,0,0,0,0,0,0,0,1,0,1,0,0,0,0,0,0,0,0,,0,0,0,0,
8,5.61,0,-24.3,35,0,0,0,-5.55,0,0,0,0,-9.5,0,0,0,0,-0.00229183,0,0,0,0,0,0,0,0,0,1,80,61,0,0.00034,0.00034,3,5,0,0,0,0,0,0,0,0,0,0,1,0,1,0,0,0,0,0,0,0,0,,0,0,0,0,
9,6.43,0,34.1,25.5,0,0,0,-9.35,0,0,0,0,-10.5,0,0,0,0,-0.00229183,0,0,0,0,0,0,0,0,0,1,71,61,0,0.00034,0.00034,3,5,0,0,0,0,0,0,0,0,0,0,1,0,1,0,0,0,0,0,0,0,0,,0,0,0,0,
10,7.58,0,32.5,43,0,0,0,6.8,0,0,0,0,8,0,0,0,0,-0.00229183,0,0,0,0,0,0,0,0,0,1,89,61,0,0.00034,0.00034,3,5,0,0,0,0,0,0,0,0,0,0,1,0,1,0,0,0,0,0,0,0,0,,0,0,0,0,
11,8.08,0,-24.95,29.5,0,0,0,10.15,0,0,0,0,-11.5,0,0,0,0,-0.00229183,0,0,0,0,0,0,0,0,0,1,76,61,0,0.00034,0.00034,3,5,0,0,0,0,0,0,0,0,0,0,1,0,1,0,0,0,0,0,0,0,0,,0,0,0,0,
12,8.51,0,45.1,31.5,0,0,0,5.8,0,0,0,0,7,0,0,0,0,-0.00229183,0,0,0,0,0,0,0,0,0,1,78,61,0,0.00034,0.00034,3,5,0,0,0,0,0,0,0,0,0,0,1,0,1,0,0,0,0,0,0,0,0,,0,0,0,0,
13,8.99,0,-32.85,26.5,0,0,0,-1.45,0,0,0,0,-9.5,0,0,0,0,-0.00229183,0,0,0,0,0,0,0,0,0,1,73,61,0,0.00034,0.00034,3,5,0,0,0,0,0,0,0,0,0,0,1,0,1,0,0,0,0,0,0,0,0,,0,0,0,0,
14,9.41,0,-29.3,24.5,0,0,0,-3.35,0,0,0,0,-13.5,0,0,0,0,-0.00229183,0,0,0,0,0,0,0,0,0,1,71,61,0,0.00034,0.00034,3,5,0,0,0,0,0,0,0,0,0,0,1,0,1,0,0,0,0,0,0,0,0,,0,0,0,0,
15,12.16,0,-12.85,27,0,0,0,11.9,0,0,0,0,-16,0,0,0,0,-0.00229183,0,0,0,0,0,0,0,0,0,1,74,61,0,0.00034,0.00034,3,5,0,0,0,0,0,0,0,0,0,0,1,0,1,0,0,0,0,0,0,0,0,,0,0,0,0,
16,12.98,0,-23.2,21,0,0,0,-1.6,0,0,0,0,-18,0,0,0,0,-0.00229183,0,0,0,0,0,0,0,0,0,1,67,61,0,0.00034,0.00034,3,5,0,0,0,0,0,0,0,0,0,0,1,0,1,0,0,0,0,0,0,0,0,,0,0,0,0,
END,Total:17
START,FrameNb:191,CameraNb:0,HeSaiNb:0,ARS410Nb:0
2026/08/02 16:19:46:704---->
heightOffset:0,1785658786704,1076284,selfCaliBufCnt:0,selfAccObjCnt:0,selfAccAngle:0,installHAngleOffset:0,Interpolation:0,installVAngleOffset:0,radarOffsetH:0,radarOffsetV:0.32,Polynom:-0.001023;-0.0511;-2.047;0;0;0;-0.001023;-0.0511;-2.047;-25.5;0;0,WheelDirection:0;0;0;0,selfAngleOffset:0,selfAngleOffsetPit:0,currCaliAngleHrz:0,currCaliAnglePit:0,selfCaliAngleHrz:0,selfCaliAnglePit:0,servCaliAngleHrz:0,servCaliAnglePit:0,offlineCaliAngleHrz:0,offlineCaliAnglePit:0,determine2useFlag:0,IMU_Z_Accel:-21.592,IMU_X_AngularRate:-2.093,IMU_Y_AngularRate:-2.093,IMU_RollAngle:-180,IMU_PitchAngle:-180,IMU_YawAngle:-180,FcwID:0,FCWWarningLevel:0,FCWTTC:0
0,1.94,0,-39.7,19,0,0,0,-0.7,1.37605e-33,0,0,0,-16,0,0,0,0,-0.00229183,0,0,0,0,0,0,0,0,0,1,68,60,0,0.00034,0.00034,3,5,0,0,0,0,0,0,0,0,0,0,1,0,0,0,0,0,0,0,0,0,0,,0,0,0,0,
1,2.35,0,50.8,29,0,0,0,-10.1,0,0,0,0,4.5,0,0,0,0,-0.00229183,0,0,0,0,0,0,0,0,0,1,78,60,0,0.00034,0.00034,3,5,0,0,0,0,0,0,0,0,0,0,1,0,0,0,0,0,0,0,0,0,0,,0,0,0,0,
2,2.79,0,-33.8,45,0,0,0,1.2,0,0,0,0,7,0,0,0,0,-0.00229183,0,0,0,0,0,0,0,0,0,1,94,60,0,0.00034,0.00034,3,5,0,0,0,0,0,0,0,0,0,0,1,0,0,0,0,0,0,0,0,0,0,,0,0,0,0,
3,3.27,0,13.8,37.5,0,0,0,1.4,0,0,0,0,-8,0,0,0,0,-0.00229183,0,0,0,0,0,0,0,0,0,1,86,60,0,0.00034,0.00034,3,0,0,0,0,0,0,0,0,0,0,0,1,0,0,0,0,0,0,0,0,0,0,,0,0,0,0,
4,3.58,0,-50.2,32.5,0,0,0,-5.75,0,0,0,0,8,0,0,0,0,-0.00229183,0,0,0,0,0,0,0,0,0,1,81,60,0,0.00034,0.00034,3,7,0,0,0,0,0,0,0,0,0,0,1,0,0,0,0,0,0,0,0,0,0,,0,0,0,0,
5,4.07,0,1.9,38.5,0,0,0,2.95,0,0,0,0,-9,0,0,0,0,-0.00229183,0,0,0,0,0,0,0,0,0,1,87,60,0,0.00034,0.00034,3,5,0,0,0,0,0,0,0,0,0,0,1,0,0,0,0,0,0,0,0,0,0,,0,0,0,0,
6,5.11,0,-35.8,32.5,0,0,0,-1.35,0,0,0,0,-7.5,0,0,0,0,-0.00229183,0,0,0,0,0,0,0,0,0,1,78,60,0,0.00034,0.00034,3,5,0,0,0,0,0,0,0,0,0,0,1,0,0,0,0,0,0,0,0,0,0,,0,0,0,0,
7,5.61,0,-24.2,35,0,0,0,-6.05,0,0,0,0,-9.5,0,0,0,0,-0.00229183,0,0,0,0,0,0,0,0,0,1,80,60,0,0.00034,0.00034,3,5,0,0,0,0,0,0,0,0,0,0,1,0,0,0,0,0,0,0,0,0,0,,0,0,0,0,
8,5.61,0,-34.7,35,0,0,0,-4.1,0,0,0,0,-4.5,0,0,0,0,-0.00229183,0,0,0,0,0,0,0,0,0,1,80,60,0,0.00034,0.00034,3,5,0,0,0,0,0,0,0,0,0,0,1,0,0,0,0,0,0,0,0,0,0,,0,0,0,0,
9,6.43,0,34.1,25.5,0,0,0,-9.85,0,0,0,0,-10.5,0,0,0,0,-0.00229183,0,0,0,0,0,0,0,0,0,1,71,60,0,0.00034,0.00034,3,5,0,0,0,0,0,0,0,0,0,0,1,0,0,0,0,0,0,0,0,0,0,,0,0,0,0,
10,6.83,0,49.65,26,0,0,0,-9.55,0,0,0,0,1.5,0,0,0,0,-0.00229183,0,0,0,0,0,0,0,0,0,1,72,60,0,0.00034,0.00034,3,5,0,0,0,0,0,0,0,0,0,0,1,0,0,0,0,0,0,0,0,0,0,,0,0,0,0,
11,7.58,0,32.5,43,0,0,0,6.8,0,0,0,0,8,0,0,0,0,-0.00229183,0,0,0,0,0,0,0,0,0,1,89,60,0,0.00034,0.00034,3,5,0,0,0,0,0,0,0,0,0,0,1,0,0,0,0,0,0,0,0,0,0,,0,0,0,0,
12,8.51,0,45.2,31.5,0,0,0,5.9,0,0,0,0,7,0,0,0,0,-0.00229183,0,0,0,0,0,0,0,0,0,1,78,60,0,0.00034,0.00034,3,5,0,0,0,0,0,0,0,0,0,0,1,0,0,0,0,0,0,0,0,0,0,,0,0,0,0,
13,8.99,0,-32.8,26.5,0,0,0,-1.35,0,0,0,0,-9.5,0,0,0,0,-0.00229183,0,0,0,0,0,0,0,0,0,1,73,60,0,0.00034,0.00034,3,5,0,0,0,0,0,0,0,0,0,0,1,0,0,0,0,0,0,0,0,0,0,,0,0,0,0,
14,9.42,0,-29.3,24.5,0,0,0,-3.45,0,0,0,0,-13.5,0,0,0,0,-0.00229183,0,0,0,0,0,0,0,0,0,1,71,60,0,0.00034,0.00034,3,5,0,0,0,0,0,0,0,0,0,0,1,0,0,0,0,0,0,0,0,0,0,,0,0,0,0,
15,9.78,0,-28.15,21.5,0,0,0,-1.85,0,0,0,0,-16.5,0,0,0,0,-0.00229183,0,0,0,0,0,0,0,0,0,1,68,60,0,0.00034,0.00034,3,5,0,0,0,0,0,0,0,0,0,0,1,0,0,0,0,0,0,0,0,0,0,,0,0,0,0,
16,12.16,0,-12.9,27,0,0,0,12.2,0,0,0,0,-16,0,0,0,0,-0.00229183,0,0,0,0,0,0,0,0,0,1,74,60,0,0.00034,0.00034,3,5,0,0,0,0,0,0,0,0,0,0,1,0,0,0,0,0,0,0,0,0,0,,0,0,0,0,
17,12.99,0,-23.35,20.5,0,0,0,-1.75,0,0,0,0,-18,0,0,0,0,-0.00229183,0,0,0,0,0,0,0,0,0,1,67,60,0,0.00034,0.00034,3,5,0,0,0,0,0,0,0,0,0,0,1,0,0,0,0,0,0,0,0,0,0,,0,0,0,0,
END,Total:18
START,FrameNb:192,CameraNb:0,HeSaiNb:0,ARS410Nb:0
2026/08/02 16:19:46:747---->
heightOffset:0,1785658786747,1076344,selfCaliBufCnt:0,selfAccObjCnt:0,selfAccAngle:0,installHAngleOffset:0,Interpolation:0,installVAngleOffset:0,radarOffsetH:0,radarOffsetV:0.32,Polynom:-0.001023;-0.0511;-2.047;0;0;0;-0.001023;-0.0511;-2.047;-25.5;0;0,WheelDirection:0;0;0;0,selfAngleOffset:0,selfAngleOffsetPit:0,currCaliAngleHrz:0,currCaliAnglePit:0,selfCaliAngleHrz:0,selfCaliAnglePit:0,servCaliAngleHrz:0,servCaliAnglePit:0,offlineCaliAngleHrz:0,offlineCaliAnglePit:0,determine2useFlag:0,IMU_Z_Accel:-21.592,IMU_X_AngularRate:-2.093,IMU_Y_AngularRate:-2.093,IMU_RollAngle:-180,IMU_PitchAngle:-180,IMU_YawAngle:-180,FcwID:0,FCWWarningLevel:0,FCWTTC:0
0,2.35,0,51.1,29.5,0,0,0,-10.2,1.37605e-33,0,0,0,5.5,0,0,0,0,-0.00229183,0,0,0,0,0,0,0,0,0,1,78,54,0,0.00034,0.00034,3,5,0,0,0,0,0,0,0,0,0,0,1,0,1,0,0,0,0,0,0,0,0,,0,0,0,0,
1,2.79,0,-33.8,45,0,0,0,1.2,0,0,0,0,7,0,0,0,0,-0.00229183,0,0,0,0,0,0,0,0,0,1,94,54,0,0.00034,0.00034,3,5,0,0,0,0,0,0,0,0,0,0,1,0,1,0,0,0,0,0,0,0,0,,0,0,0,0,
2,3.26,0,13.8,37.5,0,0,0,1.3,0,0,0,0,-8,0,0,0,0,-0.00229183,0,0,0,0,0,0,0,0,0,1,86,54,0,0.00034,0.00034,3,0,0,0,0,0,0,0,0,0,0,0,1,0,1,0,0,0,0,0,0,0,0,,0,0,0,0,
3,3.58,0,-50.2,32.5,0,0,0,-6,0,0,0,0,8,0,0,0,0,-0.00229183,0,0,0,0,0,0,0,0,0,1,81,54,0,0.00034,0.00034,3,5,0,0,0,0,0,0,0,0,0,0,1,0,1,0,0,0,0,0,0,0,0,,0,0,0,0,
4,4.07,0,1.9,38.5,0,0,0,3,0,0,0,0,-9,0,0,0,0,-0.00229183,0,0,0,0,0,0,0,0,0,1,87,54,0,0.00034,0.00034,3,5,0,0,0,0,0,0,0,0,0,0,1,0,1,0,0,0,0,0,0,0,0,,0,0,0,0,
5,5.12,0,-35.85,32.5,0,0,0,-0.35,0,0,0,0,-7.5,0,0,0,0,-0.00229183,0,0,0,0,0,0,0,0,0,1,78,54,0,0.00034,0.00034,3,0,0,0,0,0,0,0,0,0,0,0,1,0,1,0,0,0,0,0,0,0,0,,0,0,0,0,
6,5.12,0,-41.55,32.5,0,0,0,14,0,0,0,0,-2.5,0,0,0,0,-0.00229183,0,0,0,0,0,0,0,0,0,1,78,54,0,0.00034,0.00034,3,0,0,0,0,0,0,0,0,0,0,0,1,0,1,0,0,0,0,0,0,0,0,,0,0,0,0,
7,5.61,0,-34.7,35,0,0,0,-3.75,0,0,0,0,-4.5,0,0,0,0,-0.00229183,0,0,0,0,0,0,0,0,0,1,80,54,0,0.00034,0.00034,3,5,0,0,0,0,0,0,0,0,0,0,1,0,1,0,0,0,0,0,0,0,0,,0,0,0,0,
8,5.61,0,-24.3,35,0,0,0,-5.6,0,0,0,0,-9.5,0,0,0,0,-0.00229183,0,0,0,0,0,0,0,0,0,1,80,54,0,0.00034,0.00034,3,5,0,0,0,0,0,0,0,0,0,0,1,0,1,0,0,0,0,0,0,0,0,,0,0,0,0,
9,6.43,0,34.1,25.5,0,0,0,-9.25,0,0,0,0,-10.5,0,0,0,0,-0.00229183,0,0,0,0,0,0,0,0,0,1,71,54,0,0.00034,0.00034,3,5,0,0,0,0,0,0,0,0,0,0,1,0,1,0,0,0,0,0,0,0,0,,0,0,0,0,
10,7.58,0,32.55,43,0,0,0,6.95,0,0,0,0,8,0,0,0,0,-0.00229183,0,0,0,0,0,0,0,0,0,1,89,54,0,0.00034,0.00034,3,5,0,0,0,0,0,0,0,0,0,0,1,0,1,0,0,0,0,0,0,0,0,,0,0,0,0,
11,8.08,0,-24.95,29.5,0,0,0,10.3,0,0,0,0,-11.5,0,0,0,0,-0.00229183,0,0,0,0,0,0,0,0,0,1,76,54,0,0.00034,0.00034,3,5,0,0,0,0,0,0,0,0,0,0,1,0,1,0,0,0,0,0,0,0,0,,0,0,0,0,
12,8.51,0,45.15,31.5,0,0,0,5.8,0,0,0,0,7,0,0,0,0,-0.00229183,0,0,0,0,0,0,0,0,0,1,78,54,0,0.00034,0.00034,3,5,0,0,0,0,0,0,0,0,0,0,1,0,1,0,0,0,0,0,0,0,0,,0,0,0,0,
13,8.95,0,-32.8,26.5,0,0,0,-1.3,0,0,0,0,-9.5,0,0,0,0,-0.00229183,0,0,0,0,0,0,0,0,0,1,73,54,0,0.00034,0.00034,3,5,0,0,0,0,0,0,0,0,0,0,1,0,1,0,0,0,0,0,0,0,0,,0,0,0,0,
14,9.42,0,-29.3,24.5,0,0,0,-3.35,0,0,0,0,-13.5,0,0,0,0,-0.00229183,0,0,0,0,0,0,0,0,0,1,71,54,0,0.00034,0.00034,3,5,0,0,0,0,0,0,0,0,0,0,1,0,1,0,0,0,0,0,0,0,0,,0,0,0,0,
15,12.16,0,-12.9,27,0,0,0,11.95,0,0,0,0,-16,0,0,0,0,-0.00229183,0,0,0,0,0,0,0,0,0,1,74,54,0,0.00034,0.00034,3,5,0,0,0,0,0,0,0,0,0,0,1,0,1,0,0,0,0,0,0,0,0,,0,0,0,0,
16,12.99,0,-23.2,20.5,0,0,0,-1.7,0,0,0,0,-18,0,0,0,0,-0.00229183,0,0,0,0,0,0,0,0,0,1,67,54,0,0.00034,0.00034,3,5,0,0,0,0,0,0,0,0,0,0,1,0,1,0,0,0,0,0,0,0,0,,0,0,0,0,
END,Total:17
START,FrameNb:193,CameraNb:0,HeSaiNb:0,ARS410Nb:0
2026/08/02 16:19:46:841---->
heightOffset:0,1785658786841,1076400,selfCaliBufCnt:0,selfAccObjCnt:0,selfAccAngle:0,installHAngleOffset:0,Interpolation:0,installVAngleOffset:0,radarOffsetH:0,radarOffsetV:0.32,Polynom:-0.001023;-0.0511;-2.047;0;0;0;-0.001023;-0.0511;-2.047;-25.5;0;0,WheelDirection:0;0;0;0,selfAngleOffset:0,selfAngleOffsetPit:0,currCaliAngleHrz:0,currCaliAnglePit:0,selfCaliAngleHrz:0,selfCaliAnglePit:0,servCaliAngleHrz:0,servCaliAnglePit:0,offlineCaliAngleHrz:0,offlineCaliAnglePit:0,determine2useFlag:0,IMU_Z_Accel:-21.592,IMU_X_AngularRate:-2.093,IMU_Y_AngularRate:-2.093,IMU_RollAngle:-180,IMU_PitchAngle:-180,IMU_YawAngle:-180,FcwID:0,FCWWarningLevel:0,FCWTTC:0
0,2.35,0,50.9,29.5,0,0,0,-10.2,1.37605e-33,0,0,0,4.5,0,0,0,0,-0.00229183,0,0,0,0,0,0,0,0,0,1,78,59,0,0.00034,0.00034,3,5,0,0,0,0,0,0,0,0,0,0,1,0,0,0,0,0,0,0,0,0,0,,0,0,0,0,
1,2.79,0,-33.8,45.5,0,0,0,1.2,0,0,0,0,7,0,0,0,0,-0.00229183,0,0,0,0,0,0,0,0,0,1,94,59,0,0.00034,0.00034,3,5,0,0,0,0,0,0,0,0,0,0,1,0,0,0,0,0,0,0,0,0,0,,0,0,0,0,
2,3.27,0,13.8,37.5,0,0,0,1.4,0,0,0,0,-8,0,0,0,0,-0.00229183,0,0,0,0,0,0,0,0,0,1,86,59,0,0.00034,0.00034,3,0,0,0,0,0,0,0,0,0,0,0,1,0,0,0,0,0,0,0,0,0,0,,0,0,0,0,
3,3.58,0,-50.15,32.5,0,0,0,-5.7,0,0,0,0,8,0,0,0,0,-0.00229183,0,0,0,0,0,0,0,0,0,1,81,59,0,0.00034,0.00034,3,7,0,0,0,0,0,0,0,0,0,0,1,0,0,0,0,0,0,0,0,0,0,,0,0,0,0,
4,4.07,0,1.9,38.5,0,0,0,2.95,0,0,0,0,-9,0,0,0,0,-0.00229183,0,0,0,0,0,0,0,0,0,1,87,59,0,0.00034,0.00034,3,5,0,0,0,0,0,0,0,0,0,0,1,0,0,0,0,0,0,0,0,0,0,,0,0,0,0,
5,5.08,0,-35.7,32.5,0,0,0,-1.55,0,0,0,0,-7.5,0,0,0,0,-0.00229183,0,0,0,0,0,0,0,0,0,1,78,59,0,0.00034,0.00034,3,5,0,0,0,0,0,0,0,0,0,0,1,0,0,0,0,0,0,0,0,0,0,,0,0,0,0,
6,5.6,0,-34.65,35,0,0,0,-3.85,0,0,0,0,-4.5,0,0,0,0,-0.00229183,0,0,0,0,0,0,0,0,0,1,80,59,0,0.00034,0.00034,3,5,0,0,0,0,0,0,0,0,0,0,1,0,0,0,0,0,0,0,0,0,0,,0,0,0,0,
7,5.6,0,-24.3,35,0,0,0,-5.85,0,0,0,0,-9.5,0,0,0,0,-0.00229183,0,0,0,0,0,0,0,0,0,1,80,59,0,0.00034,0.00034,3,5,0,0,0,0,0,0,0,0,0,0,1,0,0,0,0,0,0,0,0,0,0,,0,0,0,0,
8,6.43,0,70.05,25.5,0,0,0,-10.85,0,0,0,0,17.5,0,0,0,0,-0.00229183,0,0,0,0,0,0,0,0,0,1,71,59,0,0.00034,0.00034,2,-1,0,0,0,0,0,0,0,0,0,0,1,0,0,0,0,0,0,0,0,0,0,,0,0,0,0,
9,6.82,0,-19.9,26.5,0,0,0,-1.75,0,0,0,0,-19.5,0,0,0,0,-0.00229183,0,0,0,0,0,0,0,0,0,1,72,59,0,0.00034,0.00034,3,5,0,0,0,0,0,0,0,0,0,0,1,0,0,0,0,0,0,0,0,0,0,,0,0,0,0,
10,7.58,0,32.55,43,0,0,0,6.9,0,0,0,0,8,0,0,0,0,-0.00229183,0,0,0,0,0,0,0,0,0,1,89,59,0,0.00034,0.00034,3,5,0,0,0,0,0,0,0,0,0,0,1,0,0,0,0,0,0,0,0,0,0,,0,0,0,0,
11,8.09,0,-24.8,29.5,0,0,0,10.4,0,0,0,0,-11.5,0,0,0,0,-0.00229183,0,0,0,0,0,0,0,0,0,1,76,59,0,0.00034,0.00034,3,5,0,0,0,0,0,0,0,0,0,0,1,0,0,0,0,0,0,0,0,0,0,,0,0,0,0,
12,8.51,0,45.2,31.5,0,0,0,5.9,0,0,0,0,7,0,0,0,0,-0.00229183,0,0,0,0,0,0,0,0,0,1,78,59,0,0.00034,0.00034,3,5,0,0,0,0,0,0,0,0,0,0,1,0,0,0,0,0,0,0,0,0,0,,0,0,0,0,
13,8.98,0,-32.8,26.5,0,0,0,-1.6,0,0,0,0,-9.5,0,0,0,0,-0.00229183,0,0,0,0,0,0,0,0,0,1,73,59,0,0.00034,0.00034,3,5,0,0,0,0,0,0,0,0,0,0,1,0,0,0,0,0,0,0,0,0,0,,0,0,0,0,
14,9.41,0,-29.3,24,0,0,0,-3.35,0,0,0,0,-13.5,0,0,0,0,-0.00229183,0,0,0,0,0,0,0,0,0,1,71,59,0,0.00034,0.00034,3,5,0,0,0,0,0,0,0,0,0,0,1,0,0,0,0,0,0,0,0,0,0,,0,0,0,0,
15,12.16,0,-12.95,27,0,0,0,12.25,0,0,0,0,-15.5,0,0,0,0,-0.00229183,0,0,0,0,0,0,0,0,0,1,74,59,0,0.00034,0.00034,3,5,0,0,0,0,0,0,0,0,0,0,1,0,0,0,0,0,0,0,0,0,0,,0,0,0,0,
16,12.98,0,-23.5,21,0,0,0,-1.6,0,0,0,0,-18,0,0,0,0,-0.00229183,0,0,0,0,0,0,0,0,0,1,67,59,0,0.00034,0.00034,3,5,0,0,0,0,0,0,0,0,0,0,1,0,0,0,0,0,0,0,0,0,0,,0,0,0,0,
END,Total:17
START,FrameNb:194,CameraNb:0,HeSaiNb:0,ARS410Nb:0
2026/08/02 16:19:46:897---->
heightOffset:0,1785658786897,1076460,selfCaliBufCnt:0,selfAccObjCnt:0,selfAccAngle:0,installHAngleOffset:0,Interpolation:0,installVAngleOffset:0,radarOffsetH:0,radarOffsetV:0.32,Polynom:-0.001023;-0.0511;-2.047;0;0;0;-0.001023;-0.0511;-2.047;-25.5;0;0,WheelDirection:0;0;0;0,selfAngleOffset:0,selfAngleOffsetPit:0,currCaliAngleHrz:0,currCaliAnglePit:0,selfCaliAngleHrz:0,selfCaliAnglePit:0,servCaliAngleHrz:0,servCaliAnglePit:0,offlineCaliAngleHrz:0,offlineCaliAnglePit:0,determine2useFlag:0,IMU_Z_Accel:-21.592,IMU_X_AngularRate:-2.093,IMU_Y_AngularRate:-2.093,IMU_RollAngle:-180,IMU_PitchAngle:-180,IMU_YawAngle:-180,FcwID:0,FCWWarningLevel:0,FCWTTC:0
0,2.35,0,51.05,29,0,0,0,-10.2,1.37605e-33,0,0,0,5.5,0,0,0,0,-0.00229183,0,0,0,0,0,0,0,0,0,1,78,55,0,0.00034,0.00034,3,5,0,0,0,0,0,0,0,0,0,0,1,0,1,0,0,0,0,0,0,0,0,,0,0,0,0,
1,2.79,0,-33.8,45,0,0,0,1.2,0,0,0,0,7,0,0,0,0,-0.00229183,0,0,0,0,0,0,0,0,0,1,94,55,0,0.00034,0.00034,3,5,0,0,0,0,0,0,0,0,0,0,1,0,1,0,0,0,0,0,0,0,0,,0,0,0,0,
2,3.26,0,13.8,37.5,0,0,0,1.3,0,0,0,0,-8,0,0,0,0,-0.00229183,0,0,0,0,0,0,0,0,0,1,86,55,0,0.00034,0.00034,3,0,0,0,0,0,0,0,0,0,0,0,1,0,1,0,0,0,0,0,0,0,0,,0,0,0,0,
3,3.58,0,-50.2,32.5,0,0,0,-6,0,0,0,0,7.5,0,0,0,0,-0.00229183,0,0,0,0,0,0,0,0,0,1,80,55,0,0.00034,0.00034,3,5,0,0,0,0,0,0,0,0,0,0,1,0,1,0,0,0,0,0,0,0,0,,0,0,0,0,
4,4.07,0,1.9,38.5,0,0,0,2.95,0,0,0,0,-9,0,0,0,0,-0.00229183,0,0,0,0,0,0,0,0,0,1,87,55,0,0.00034,0.00034,3,5,0,0,0,0,0,0,0,0,0,0,1,0,1,0,0,0,0,0,0,0,0,,0,0,0,0,
5,5.1,0,-35.95,32.5,0,0,0,-1.25,0,0,0,0,-7.5,0,0,0,0,-0.00229183,0,0,0,0,0,0,0,0,0,1,78,55,0,0.00034,0.00034,3,5,0,0,0,0,0,0,0,0,0,0,1,0,1,0,0,0,0,0,0,0,0,,0,0,0,0,
6,5.61,0,-34.6,35,0,0,0,-4,0,0,0,0,-4.5,0,0,0,0,-0.00229183,0,0,0,0,0,0,0,0,0,1,80,55,0,0.00034,0.00034,3,5,0,0,0,0,0,0,0,0,0,0,1,0,1,0,0,0,0,0,0,0,0,,0,0,0,0,
7,5.61,0,-24.2,35,0,0,0,-6.05,0,0,0,0,-9.5,0,0,0,0,-0.00229183,0,0,0,0,0,0,0,0,0,1,80,55,0,0.00034,0.00034,3,5,0,0,0,0,0,0,0,0,0,0,1,0,1,0,0,0,0,0,0,0,0,,0,0,0,0,
8,6.26,0,34.2,25.5,0,0,0,-8.8,0,0,0,0,-10.5,0,0,0,0,-0.00229183,0,0,0,0,0,0,0,0,0,1,71,55,0,0.00034,0.00034,3,5,0,0,0,0,0,0,0,0,0,0,1,0,1,0,0,0,0,0,0,0,0,,0,0,0,0,
9,7.58,0,32.55,43.5,0,0,0,6.95,0,0,0,0,8,0,0,0,0,-0.00229183,0,0,0,0,0,0,0,0,0,1,89,55,0,0.00034,0.00034,3,5,0,0,0,0,0,0,0,0,0,0,1,0,1,0,0,0,0,0,0,0,0,,0,0,0,0,
10,8.11,0,-24.95,29.5,0,0,0,10.2,0,0,0,0,-11.5,0,0,0,0,-0.00229183,0,0,0,0,0,0,0,0,0,1,76,55,0,0.00034,0.00034,3,5,0,0,0,0,0,0,0,0,0,0,1,0,1,0,0,0,0,0,0,0,0,,0,0,0,0,
11,8.51,0,45.2,31.5,0,0,0,5.75,0,0,0,0,7,0,0,0,0,-0.00229183,0,0,0,0,0,0,0,0,0,1,78,55,0,0.00034,0.00034,3,5,0,0,0,0,0,0,0,0,0,0,1,0,1,0,0,0,0,0,0,0,0,,0,0,0,0,
12,8.94,0,-32.85,26.5,0,0,0,-1.6,0,0,0,0,-10,0,0,0,0,-0.00229183,0,0,0,0,0,0,0,0,0,1,73,55,0,0.00034,0.00034,3,5,0,0,0,0,0,0,0,0,0,0,1,0,1,0,0,0,0,0,0,0,0,,0,0,0,0,
13,9.39,0,-29.3,24.5,0,0,0,-3.35,0,0,0,0,-13.5,0,0,0,0,-0.00229183,0,0,0,0,0,0,0,0,0,1,71,55,0,0.00034,0.00034,3,5,0,0,0,0,0,0,0,0,0,0,1,0,1,0,0,0,0,0,0,0,0,,0,0,0,0,
14,12.16,0,-12.85,27,0,0,0,12,0,0,0,0,-16,0,0,0,0,-0.00229183,0,0,0,0,0,0,0,0,0,1,74,55,0,0.00034,0.00034,3,5,0,0,0,0,0,0,0,0,0,0,1,0,1,0,0,0,0,0,0,0,0,,0,0,0,0,
15,12.99,0,-23.2,21,0,0,0,-1.8,0,0,0,0,-18,0,0,0,0,-0.00229183,0,0,0,0,0,0,0,0,0,1,67,55,0,0.00034,0.00034,3,5,0,0,0,0,0,0,0,0,0,0,1,0,1,0,0,0,0,0,0,0,0,,0,0,0,0,
END,Total:16
START,FrameNb:195,CameraNb:0,HeSaiNb:0,ARS410Nb:0
2026/08/02 16:19:46:958---->
heightOffset:0,1785658786958,1076516,selfCaliBufCnt:0,selfAccObjCnt:0,selfAccAngle:0,installHAngleOffset:0,Interpolation:0,installVAngleOffset:0,radarOffsetH:0,radarOffsetV:0.32,Polynom:-0.001023;-0.0511;-2.047;0;0;0;-0.001023;-0.0511;-2.047;-25.5;0;0,WheelDirection:0;0;0;0,selfAngleOffset:0,selfAngleOffsetPit:0,currCaliAngleHrz:0,currCaliAnglePit:0,selfCaliAngleHrz:0,selfCaliAnglePit:0,servCaliAngleHrz:0,servCaliAnglePit:0,offlineCaliAngleHrz:0,offlineCaliAnglePit:0,determine2useFlag:0,IMU_Z_Accel:-21.592,IMU_X_AngularRate:-2.093,IMU_Y_AngularRate:-2.093,IMU_RollAngle:-180,IMU_PitchAngle:-180,IMU_YawAngle:-180,FcwID:0,FCWWarningLevel:0,FCWTTC:0
0,2.35,0,31.4,29,0,0,0,10.25,1.37605e-33,0,0,0,-8.5,0,0,0,0,-0.00229183,0,0,0,0,0,0,0,0,0,1,78,62,0,0.00034,0.00034,3,5,0,0,0,0,0,0,0,0,0,0,1,0,0,0,0,0,0,0,0,0,0,,0,0,0,0,
1,2.79,0,-33.8,45,0,0,0,1.2,0,0,0,0,7,0,0,0,0,-0.00229183,0,0,0,0,0,0,0,0,0,1,94,62,0,0.00034,0.00034,3,5,0,0,0,0,0,0,0,0,0,0,1,0,0,0,0,0,0,0,0,0,0,,0,0,0,0,
2,3.27,0,13.8,37,0,0,0,1.4,0,0,0,0,-8,0,0,0,0,-0.00229183,0,0,0,0,0,0,0,0,0,1,86,62,0,0.00034,0.00034,3,0,0,0,0,0,0,0,0,0,0,0,1,0,0,0,0,0,0,0,0,0,0,,0,0,0,0,
3,3.58,0,-50.3,32.5,0,0,0,-5.85,0,0,0,0,8,0,0,0,0,-0.00229183,0,0,0,0,0,0,0,0,0,1,81,62,0,0.00034,0.00034,3,7,0,0,0,0,0,0,0,0,0,0,1,0,0,0,0,0,0,0,0,0,0,,0,0,0,0,
4,4.07,0,1.9,38.5,0,0,0,2.95,0,0,0,0,-9,0,0,0,0,-0.00229183,0,0,0,0,0,0,0,0,0,1,87,62,0,0.00034,0.00034,3,5,0,0,0,0,0,0,0,0,0,0,1,0,0,0,0,0,0,0,0,0,0,,0,0,0,0,
5,5.1,0,-35.8,32,0,0,0,-1.35,0,0,0,0,-7.5,0,0,0,0,-0.00229183,0,0,0,0,0,0,0,0,0,1,78,62,0,0.00034,0.00034,3,5,0,0,0,0,0,0,0,0,0,0,1,0,0,0,0,0,0,0,0,0,0,,0,0,0,0,
6,5.61,0,-34.6,35,0,0,0,-4.1,0,0,0,0,-4.5,0,0,0,0,-0.00229183,0,0,0,0,0,0,0,0,0,1,80,62,0,0.00034,0.00034,3,5,0,0,0,0,0,0,0,0,0,0,1,0,0,0,0,0,0,0,0,0,0,,0,0,0,0,
7,5.61,0,-24.2,35,0,0,0,-6.1,0,0,0,0,-9.5,0,0,0,0,-0.00229183,0,0,0,0,0,0,0,0,0,1,80,62,0,0.00034,0.00034,3,5,0,0,0,0,0,0,0,0,0,0,1,0,0,0,0,0,0,0,0,0,0,,0,0,0,0,
8,6.23,0,71.65,25.5,0,0,0,-10.1,0,0,0,0,18,0,0,0,0,-0.00229183,0,0,0,0,0,0,0,0,0,1,71,62,0,0.00034,0.00034,2,-1,0,0,0,0,0,0,0,0,0,0,1,0,0,0,0,0,0,0,0,0,0,,0,0,0,0,
9,7.58,0,32.5,43,0,0,0,6.75,0,0,0,0,7.5,0,0,0,0,-0.00229183,0,0,0,0,0,0,0,0,0,1,89,62,0,0.00034,0.00034,3,5,0,0,0,0,0,0,0,0,0,0,1,0,0,0,0,0,0,0,0,0,0,,0,0,0,0,
10,8.51,0,45.2,31.5,0,0,0,5.9,0,0,0,0,7,0,0,0,0,-0.00229183,0,0,0,0,0,0,0,0,0,1,78,62,0,0.00034,0.00034,3,5,0,0,0,0,0,0,0,0,0,0,1,0,0,0,0,0,0,0,0,0,0,,0,0,0,0,
11,8.95,0,-32.8,26.5,0,0,0,-1.55,0,0,0,0,-10,0,0,0,0,-0.00229183,0,0,0,0,0,0,0,0,0,1,73,62,0,0.00034,0.00034,3,5,0,0,0,0,0,0,0,0,0,0,1,0,0,0,0,0,0,0,0,0,0,,0,0,0,0,
12,9.4,0,-29.3,24.5,0,0,0,-3.45,0,0,0,0,-13,0,0,0,0,-0.00229183,0,0,0,0,0,0,0,0,0,1,71,62,0,0.00034,0.00034,3,5,0,0,0,0,0,0,0,0,0,0,1,0,0,0,0,0,0,0,0,0,0,,0,0,0,0,
13,12.16,0,-12.9,27,0,0,0,12.15,0,0,0,0,-15.5,0,0,0,0,-0.00229183,0,0,0,0,0,0,0,0,0,1,74,62,0,0.00034,0.00034,3,5,0,0,0,0,0,0,0,0,0,0,1,0,0,0,0,0,0,0,0,0,0,,0,0,0,0,
14,12.98,0,-23.5,21,0,0,0,-1.75,0,0,0,0,-17.5,0,0,0,0,-0.00229183,0,0,0,0,0,0,0,0,0,1,68,62,0,0.00034,0.00034,3,5,0,0,0,0,0,0,0,0,0,0,1,0,0,0,0,0,0,0,0,0,0,,0,0,0,0,
END,Total:15
START,FrameNb:196,CameraNb:0,HeSaiNb:0,ARS410Nb:0
2026/08/02 16:19:46:998---->
heightOffset:0,1785658786998,1076580,selfCaliBufCnt:0,selfAccObjCnt:0,selfAccAngle:0,installHAngleOffset:0,Interpolation:0,installVAngleOffset:0,radarOffsetH:0,radarOffsetV:0.32,Polynom:-0.001023;-0.0511;-2.047;0;0;0;-0.001023;-0.0511;-2.047;-25.5;0;0,WheelDirection:0;0;0;0,selfAngleOffset:0,selfAngleOffsetPit:0,currCaliAngleHrz:0,currCaliAnglePit:0,selfCaliAngleHrz:0,selfCaliAnglePit:0,servCaliAngleHrz:0,servCaliAnglePit:0,offlineCaliAngleHrz:0,offlineCaliAnglePit:0,determine2useFlag:0,IMU_Z_Accel:-21.592,IMU_X_AngularRate:-2.093,IMU_Y_AngularRate:-2.093,IMU_RollAngle:-180,IMU_PitchAngle:-180,IMU_YawAngle:-180,FcwID:0,FCWWarningLevel:0,FCWTTC:0
0,2.35,0,51.05,29,0,0,0,-10.2,1.37605e-33,0,0,0,5.5,0,0,0,0,-0.00229183,0,0,0,0,0,0,0,0,0,1,78,60,0,0.00034,0.00034,2,-1,0,0,0,0,0,0,0,0,0,0,1,0,1,0,0,0,0,0,0,0,0,,0,0,0,0,
1,2.79,0,-33.8,45,0,0,0,1.2,0,0,0,0,7,0,0,0,0,-0.00229183,0,0,0,0,0,0,0,0,0,1,94,60,0,0.00034,0.00034,3,5,0,0,0,0,0,0,0,0,0,0,1,0,1,0,0,0,0,0,0,0,0,,0,0,0,0,
2,3.25,0,13.8,37,0,0,0,1.4,0,0,0,0,-8,0,0,0,0,-0.00229183,0,0,0,0,0,0,0,0,0,1,86,60,0,0.00034,0.00034,3,0,0,0,0,0,0,0,0,0,0,0,1,0,1,0,0,0,0,0,0,0,0,,0,0,0,0,
3,3.58,0,-50.35,32,0,0,0,-5.95,0,0,0,0,8,0,0,0,0,-0.00229183,0,0,0,0,0,0,0,0,0,1,81,60,0,0.00034,0.00034,3,5,0,0,0,0,0,0,0,0,0,0,1,0,1,0,0,0,0,0,0,0,0,,0,0,0,0,
4,4.07,0,1.9,38.5,0,0,0,2.95,0,0,0,0,-9,0,0,0,0,-0.00229183,0,0,0,0,0,0,0,0,0,1,87,60,0,0.00034,0.00034,3,5,0,0,0,0,0,0,0,0,0,0,1,0,1,0,0,0,0,0,0,0,0,,0,0,0,0,
5,5.11,0,-35.95,32.5,0,0,0,-1.25,0,0,0,0,-7,0,0,0,0,-0.00229183,0,0,0,0,0,0,0,0,0,1,78,60,0,0.00034,0.00034,3,0,0,0,0,0,0,0,0,0,0,0,1,0,1,0,0,0,0,0,0,0,0,,0,0,0,0,
6,5.61,0,-34.6,35,0,0,0,-4,0,0,0,0,-4.5,0,0,0,0,-0.00229183,0,0,0,0,0,0,0,0,0,1,80,60,0,0.00034,0.00034,3,5,0,0,0,0,0,0,0,0,0,0,1,0,1,0,0,0,0,0,0,0,0,,0,0,0,0,
7,5.61,0,-24.2,35,0,0,0,-5.95,0,0,0,0,-9.5,0,0,0,0,-0.00229183,0,0,0,0,0,0,0,0,0,1,80,60,0,0.00034,0.00034,3,5,0,0,0,0,0,0,0,0,0,0,1,0,1,0,0,0,0,0,0,0,0,,0,0,0,0,
8,6.25,0,71.7,25.5,0,0,0,-15,0,0,0,0,18.5,0,0,0,0,-0.00229183,0,0,0,0,0,0,0,0,0,1,71,60,0,0.00034,0.00034,3,5,0,0,0,0,0,0,0,0,0,0,1,0,1,0,0,0,0,0,0,0,0,,0,0,0,0,
9,7.59,0,32.55,43,0,0,0,6.75,0,0,0,0,7.5,0,0,0,0,-0.00229183,0,0,0,0,0,0,0,0,0,1,89,60,0,0.00034,0.00034,3,5,0,0,0,0,0,0,0,0,0,0,1,0,1,0,0,0,0,0,0,0,0,,0,0,0,0,
10,8.12,0,-24.95,29.5,0,0,0,10.2,0,0,0,0,-11.5,0,0,0,0,-0.00229183,0,0,0,0,0,0,0,0,0,1,75,60,0,0.00034,0.00034,3,5,0,0,0,0,0,0,0,0,0,0,1,0,1,0,0,0,0,0,0,0,0,,0,0,0,0,
11,8.51,0,45.3,31.5,0,0,0,5.75,0,0,0,0,7,0,0,0,0,-0.00229183,0,0,0,0,0,0,0,0,0,1,78,60,0,0.00034,0.00034,3,5,0,0,0,0,0,0,0,0,0,0,1,0,1,0,0,0,0,0,0,0,0,,0,0,0,0,
12,8.99,0,-32.85,26.5,0,0,0,-1.7,0,0,0,0,-10,0,0,0,0,-0.00229183,0,0,0,0,0,0,0,0,0,1,73,60,0,0.00034,0.00034,3,5,0,0,0,0,0,0,0,0,0,0,1,0,1,0,0,0,0,0,0,0,0,,0,0,0,0,
13,9.39,0,-29.3,24.5,0,0,0,-3.45,0,0,0,0,-13.5,0,0,0,0,-0.00229183,0,0,0,0,0,0,0,0,0,1,71,60,0,0.00034,0.00034,3,5,0,0,0,0,0,0,0,0,0,0,1,0,1,0,0,0,0,0,0,0,0,,0,0,0,0,
14,12.16,0,-12.85,27,0,0,0,12.05,0,0,0,0,-15.5,0,0,0,0,-0.00229183,0,0,0,0,0,0,0,0,0,1,74,60,0,0.00034,0.00034,3,5,0,0,0,0,0,0,0,0,0,0,1,0,1,0,0,0,0,0,0,0,0,,0,0,0,0,
15,12.99,0,-23.15,21,0,0,0,-1.8,0,0,0,0,-18,0,0,0,0,-0.00229183,0,0,0,0,0,0,0,0,0,1,67,60,0,0.00034,0.00034,3,5,0,0,0,0,0,0,0,0,0,0,1,0,1,0,0,0,0,0,0,0,0,,0,0,0,0,
END,Total:16
START,FrameNb:197,CameraNb:0,HeSaiNb:0,ARS410Nb:0
2026/08/02 16:19:47:061---->
heightOffset:0,1785658787061,1076636,selfCaliBufCnt:0,selfAccObjCnt:0,selfAccAngle:0,installHAngleOffset:0,Interpolation:0,installVAngleOffset:0,radarOffsetH:0,radarOffsetV:0.32,Polynom:-0.001023;-0.0511;-2.047;0;0;0;-0.001023;-0.0511;-2.047;-25.5;0;0,WheelDirection:0;0;0;0,selfAngleOffset:0,selfAngleOffsetPit:0,currCaliAngleHrz:0,currCaliAnglePit:0,selfCaliAngleHrz:0,selfCaliAnglePit:0,servCaliAngleHrz:0,servCaliAnglePit:0,offlineCaliAngleHrz:0,offlineCaliAnglePit:0,determine2useFlag:0,IMU_Z_Accel:-21.592,IMU_X_AngularRate:-2.093,IMU_Y_AngularRate:-2.093,IMU_RollAngle:-180,IMU_PitchAngle:-180,IMU_YawAngle:-180,FcwID:0,FCWWarningLevel:0,FCWTTC:0
0,2.35,0,31.45,29.5,0,0,0,10.4,1.37605e-33,0,0,0,-8.5,0,0,0,0,-0.00229183,0,0,0,0,0,0,0,0,0,1,78,60,0,0.00034,0.00034,3,5,0,0,0,0,0,0,0,0,0,0,1,0,0,0,0,0,0,0,0,0,0,,0,0,0,0,
1,2.79,0,-33.8,45,0,0,0,1.2,0,0,0,0,7,0,0,0,0,-0.00229183,0,0,0,0,0,0,0,0,0,1,94,60,0,0.00034,0.00034,3,5,0,0,0,0,0,0,0,0,0,0,1,0,0,0,0,0,0,0,0,0,0,,0,0,0,0,
2,3.28,0,13.8,37.5,0,0,0,1.4,0,0,0,0,-8,0,0,0,0,-0.00229183,0,0,0,0,0,0,0,0,0,1,86,60,0,0.00034,0.00034,3,0,0,0,0,0,0,0,0,0,0,0,1,0,0,0,0,0,0,0,0,0,0,,0,0,0,0,
3,3.58,0,-50.3,32.5,0,0,0,-5.75,0,0,0,0,8,0,0,0,0,-0.00229183,0,0,0,0,0,0,0,0,0,1,81,60,0,0.00034,0.00034,3,7,0,0,0,0,0,0,0,0,0,0,1,0,0,0,0,0,0,0,0,0,0,,0,0,0,0,
4,4.07,0,1.9,38.5,0,0,0,2.95,0,0,0,0,-9,0,0,0,0,-0.00229183,0,0,0,0,0,0,0,0,0,1,87,60,0,0.00034,0.00034,3,5,0,0,0,0,0,0,0,0,0,0,1,0,0,0,0,0,0,0,0,0,0,,0,0,0,0,
5,5.1,0,-35.7,32.5,0,0,0,-1.45,0,0,0,0,-7,0,0,0,0,-0.00229183,0,0,0,0,0,0,0,0,0,1,78,60,0,0.00034,0.00034,3,5,0,0,0,0,0,0,0,0,0,0,1,0,0,0,0,0,0,0,0,0,0,,0,0,0,0,
6,5.61,0,-24.2,35,0,0,0,-6.1,0,0,0,0,-9.5,0,0,0,0,-0.00229183,0,0,0,0,0,0,0,0,0,1,80,60,0,0.00034,0.00034,3,5,0,0,0,0,0,0,0,0,0,0,1,0,0,0,0,0,0,0,0,0,0,,0,0,0,0,
7,5.61,0,-34.6,35,0,0,0,-4.1,0,0,0,0,-4.5,0,0,0,0,-0.00229183,0,0,0,0,0,0,0,0,0,1,80,60,0,0.00034,0.00034,3,5,0,0,0,0,0,0,0,0,0,0,1,0,0,0,0,0,0,0,0,0,0,,0,0,0,0,
8,6.43,0,71.65,25.5,0,0,0,-15,0,0,0,0,18.5,0,0,0,0,-0.00229183,0,0,0,0,0,0,0,0,0,1,71,60,0,0.00034,0.00034,3,5,0,0,0,0,0,0,0,0,0,0,1,0,0,0,0,0,0,0,0,0,0,,0,0,0,0,
9,7.59,0,32.55,43,0,0,0,6.75,0,0,0,0,7.5,0,0,0,0,-0.00229183,0,0,0,0,0,0,0,0,0,1,89,60,0,0.00034,0.00034,3,5,0,0,0,0,0,0,0,0,0,0,1,0,0,0,0,0,0,0,0,0,0,,0,0,0,0,
10,8.12,0,-24.7,29.5,0,0,0,10.4,0,0,0,0,-11.5,0,0,0,0,-0.00229183,0,0,0,0,0,0,0,0,0,1,76,60,0,0.00034,0.00034,3,5,0,0,0,0,0,0,0,0,0,0,1,0,0,0,0,0,0,0,0,0,0,,0,0,0,0,
11,8.51,0,45.3,31.5,0,0,0,5.75,0,0,0,0,7,0,0,0,0,-0.00229183,0,0,0,0,0,0,0,0,0,1,78,60,0,0.00034,0.00034,3,5,0,0,0,0,0,0,0,0,0,0,1,0,0,0,0,0,0,0,0,0,0,,0,0,0,0,
12,8.96,0,-32.85,26.5,0,0,0,-1.55,0,0,0,0,-9.5,0,0,0,0,-0.00229183,0,0,0,0,0,0,0,0,0,1,73,60,0,0.00034,0.00034,3,5,0,0,0,0,0,0,0,0,0,0,1,0,0,0,0,0,0,0,0,0,0,,0,0,0,0,
13,9.39,0,-29.2,24.5,0,0,0,-3.55,0,0,0,0,-13.5,0,0,0,0,-0.00229183,0,0,0,0,0,0,0,0,0,1,71,60,0,0.00034,0.00034,3,5,0,0,0,0,0,0,0,0,0,0,1,0,0,0,0,0,0,0,0,0,0,,0,0,0,0,
14,12.16,0,-12.9,27,0,0,0,12.2,0,0,0,0,-15.5,0,0,0,0,-0.00229183,0,0,0,0,0,0,0,0,0,1,74,60,0,0.00034,0.00034,3,5,0,0,0,0,0,0,0,0,0,0,1,0,0,0,0,0,0,0,0,0,0,,0,0,0,0,
15,12.99,0,-23.3,21,0,0,0,-1.75,0,0,0,0,-18,0,0,0,0,-0.00229183,0,0,0,0,0,0,0,0,0,1,67,60,0,0.00034,0.00034,3,5,0,0,0,0,0,0,0,0,0,0,1,0,0,0,0,0,0,0,0,0,0,,0,0,0,0,
END,Total:16
START,FrameNb:198,CameraNb:0,HeSaiNb:0,ARS410Nb:0
2026/08/02 16:19:47:143---->
heightOffset:0,1785658787143,1076696,selfCaliBufCnt:0,selfAccObjCnt:0,selfAccAngle:0,installHAngleOffset:0,Interpolation:0,installVAngleOffset:0,radarOffsetH:0,radarOffsetV:0.32,Polynom:-0.001023;-0.0511;-2.047;0;0;0;-0.001023;-0.0511;-2.047;-25.5;0;0,WheelDirection:0;0;0;0,selfAngleOffset:0,selfAngleOffsetPit:0,currCaliAngleHrz:0,currCaliAnglePit:0,selfCaliAngleHrz:0,selfCaliAnglePit:0,servCaliAngleHrz:0,servCaliAnglePit:0,offlineCaliAngleHrz:0,offlineCaliAnglePit:0,determine2useFlag:0,IMU_Z_Accel:-21.592,IMU_X_AngularRate:-2.093,IMU_Y_AngularRate:-2.093,IMU_RollAngle:-180,IMU_PitchAngle:-180,IMU_YawAngle:-180,FcwID:0,FCWWarningLevel:0,FCWTTC:0
0,2.35,0,51.2,29,0,0,0,-10.1,1.37605e-33,0,0,0,5.5,0,0,0,0,-0.00229183,0,0,0,0,0,0,0,0,0,1,78,54,0,0.00034,0.00034,2,-1,0,0,0,0,0,0,0,0,0,0,1,0,1,0,0,0,0,0,0,0,0,,0,0,0,0,
1,2.79,0,-33.8,45,0,0,0,1.2,0,0,0,0,7,0,0,0,0,-0.00229183,0,0,0,0,0,0,0,0,0,1,94,54,0,0.00034,0.00034,3,5,0,0,0,0,0,0,0,0,0,0,1,0,1,0,0,0,0,0,0,0,0,,0,0,0,0,
2,3.26,0,13.8,37.5,0,0,0,1.4,0,0,0,0,-8,0,0,0,0,-0.00229183,0,0,0,0,0,0,0,0,0,1,86,54,0,0.00034,0.00034,3,0,0,0,0,0,0,0,0,0,0,0,1,0,1,0,0,0,0,0,0,0,0,,0,0,0,0,
3,3.58,0,-50.3,32,0,0,0,-6.05,0,0,0,0,8,0,0,0,0,-0.00229183,0,0,0,0,0,0,0,0,0,1,81,54,0,0.00034,0.00034,3,5,0,0,0,0,0,0,0,0,0,0,1,0,1,0,0,0,0,0,0,0,0,,0,0,0,0,
4,4.07,0,1.9,38.5,0,0,0,2.95,0,0,0,0,-9,0,0,0,0,-0.00229183,0,0,0,0,0,0,0,0,0,1,87,54,0,0.00034,0.00034,3,5,0,0,0,0,0,0,0,0,0,0,1,0,1,0,0,0,0,0,0,0,0,,0,0,0,0,
5,5.11,0,-35.95,32.5,0,0,0,-1.35,0,0,0,0,-7.5,0,0,0,0,-0.00229183,0,0,0,0,0,0,0,0,0,1,78,54,0,0.00034,0.00034,3,0,0,0,0,0,0,0,0,0,0,0,1,0,1,0,0,0,0,0,0,0,0,,0,0,0,0,
6,5.61,0,-34.6,35,0,0,0,-4,0,0,0,0,-5,0,0,0,0,-0.00229183,0,0,0,0,0,0,0,0,0,1,80,54,0,0.00034,0.00034,3,5,0,0,0,0,0,0,0,0,0,0,1,0,1,0,0,0,0,0,0,0,0,,0,0,0,0,
7,5.61,0,-24.2,35,0,0,0,-5.95,0,0,0,0,-10,0,0,0,0,-0.00229183,0,0,0,0,0,0,0,0,0,1,80,54,0,0.00034,0.00034,3,5,0,0,0,0,0,0,0,0,0,0,1,0,1,0,0,0,0,0,0,0,0,,0,0,0,0,
8,6.43,0,71.7,25.5,0,0,0,-15,0,0,0,0,18.5,0,0,0,0,-0.00229183,0,0,0,0,0,0,0,0,0,1,71,54,0,0.00034,0.00034,3,5,0,0,0,0,0,0,0,0,0,0,1,0,1,0,0,0,0,0,0,0,0,,0,0,0,0,
9,7.25,0,-51.05,34,0,0,0,3.15,0,0,0,0,10,0,0,0,0,-0.00229183,0,0,0,0,0,0,0,0,0,1,80,54,0,0.00034,0.00034,3,5,0,0,0,0,0,0,0,0,0,0,1,0,1,0,0,0,0,0,0,0,0,,0,0,0,0,
10,7.59,0,32.55,43,0,0,0,6.8,0,0,0,0,7.5,0,0,0,0,-0.00229183,0,0,0,0,0,0,0,0,0,1,89,54,0,0.00034,0.00034,3,5,0,0,0,0,0,0,0,0,0,0,1,0,1,0,0,0,0,0,0,0,0,,0,0,0,0,
11,8.11,0,-24.9,29,0,0,0,10,0,0,0,0,-12,0,0,0,0,-0.00229183,0,0,0,0,0,0,0,0,0,1,75,54,0,0.00034,0.00034,3,5,0,0,0,0,0,0,0,0,0,0,1,0,1,0,0,0,0,0,0,0,0,,0,0,0,0,
12,8.52,0,45.2,31,0,0,0,5.9,0,0,0,0,7,0,0,0,0,-0.00229183,0,0,0,0,0,0,0,0,0,1,78,54,0,0.00034,0.00034,3,5,0,0,0,0,0,0,0,0,0,0,1,0,1,0,0,0,0,0,0,0,0,,0,0,0,0,
13,8.95,0,-32.85,26,0,0,0,-1.55,0,0,0,0,-10,0,0,0,0,-0.00229183,0,0,0,0,0,0,0,0,0,1,73,54,0,0.00034,0.00034,3,5,0,0,0,0,0,0,0,0,0,0,1,0,1,0,0,0,0,0,0,0,0,,0,0,0,0,
14,9.4,0,-29.15,24,0,0,0,-3.55,0,0,0,0,-13.5,0,0,0,0,-0.00229183,0,0,0,0,0,0,0,0,0,1,71,54,0,0.00034,0.00034,3,5,0,0,0,0,0,0,0,0,0,0,1,0,1,0,0,0,0,0,0,0,0,,0,0,0,0,
15,12.16,0,-12.85,27,0,0,0,12.15,0,0,0,0,-15.5,0,0,0,0,-0.00229183,0,0,0,0,0,0,0,0,0,1,74,54,0,0.00034,0.00034,3,5,0,0,0,0,0,0,0,0,0,0,1,0,1,0,0,0,0,0,0,0,0,,0,0,0,0,
16,12.99,0,-23.3,21,0,0,0,-1.45,0,0,0,0,-18,0,0,0,0,-0.00229183,0,0,0,0,0,0,0,0,0,1,67,54,0,0.00034,0.00034,3,5,0,0,0,0,0,0,0,0,0,0,1,0,1,0,0,0,0,0,0,0,0,,0,0,0,0,
END,Total:17
START,FrameNb:199,CameraNb:0,HeSaiNb:0,ARS410Nb:0
2026/08/02 16:19:47:204---->
heightOffset:0,1785658787204,1076748,selfCaliBufCnt:0,selfAccObjCnt:0,selfAccAngle:0,installHAngleOffset:0,Interpolation:0,installVAngleOffset:0,radarOffsetH:0,radarOffsetV:0.32,Polynom:-0.001023;-0.0511;-2.047;0;0;0;-0.001023;-0.0511;-2.047;-25.5;0;0,WheelDirection:0;0;0;0,selfAngleOffset:0,selfAngleOffsetPit:0,currCaliAngleHrz:0,currCaliAnglePit:0,selfCaliAngleHrz:0,selfCaliAnglePit:0,servCaliAngleHrz:0,servCaliAnglePit:0,offlineCaliAngleHrz:0,offlineCaliAnglePit:0,determine2useFlag:0,IMU_Z_Accel:-21.592,IMU_X_AngularRate:-2.093,IMU_Y_AngularRate:-2.093,IMU_RollAngle:-180,IMU_PitchAngle:-180,IMU_YawAngle:-180,FcwID:0,FCWWarningLevel:0,FCWTTC:0
0,2.35,0,50.8,29,0,0,0,-10.1,1.37605e-33,0,0,0,4.5,0,0,0,0,-0.00229183,0,0,0,0,0,0,0,0,0,1,78,59,0,0.00034,0.00034,3,5,0,0,0,0,0,0,0,0,0,0,1,0,0,0,0,0,0,0,0,0,0,,0,0,0,0,
1,2.79,0,-33.8,45,0,0,0,1.2,0,0,0,0,7,0,0,0,0,-0.00229183,0,0,0,0,0,0,0,0,0,1,94,59,0,0.00034,0.00034,3,5,0,0,0,0,0,0,0,0,0,0,1,0,0,0,0,0,0,0,0,0,0,,0,0,0,0,
2,3.27,0,13.8,37,0,0,0,1.4,0,0,0,0,-8,0,0,0,0,-0.00229183,0,0,0,0,0,0,0,0,0,1,86,59,0,0.00034,0.00034,3,0,0,0,0,0,0,0,0,0,0,0,1,0,0,0,0,0,0,0,0,0,0,,0,0,0,0,
3,3.58,0,-3.7,32.5,0,0,0,-8.35,0,0,0,0,-16,0,0,0,0,-0.00229183,0,0,0,0,0,0,0,0,0,1,81,59,0,0.00034,0.00034,3,7,0,0,0,0,0,0,0,0,0,0,1,0,0,0,0,0,0,0,0,0,0,,0,0,0,0,
4,4.07,0,1.9,38.5,0,0,0,2.95,0,0,0,0,-9,0,0,0,0,-0.00229183,0,0,0,0,0,0,0,0,0,1,87,59,0,0.00034,0.00034,3,5,0,0,0,0,0,0,0,0,0,0,1,0,0,0,0,0,0,0,0,0,0,,0,0,0,0,
5,5.08,0,-35.8,32.5,0,0,0,-1.3,0,0,0,0,-7.5,0,0,0,0,-0.00229183,0,0,0,0,0,0,0,0,0,1,78,59,0,0.00034,0.00034,3,5,0,0,0,0,0,0,0,0,0,0,1,0,0,0,0,0,0,0,0,0,0,,0,0,0,0,
6,5.61,0,-34.65,35,0,0,0,-4.2,0,0,0,0,-4.5,0,0,0,0,-0.00229183,0,0,0,0,0,0,0,0,0,1,80,59,0,0.00034,0.00034,3,5,0,0,0,0,0,0,0,0,0,0,1,0,0,0,0,0,0,0,0,0,0,,0,0,0,0,
7,5.61,0,-24.2,35,0,0,0,-6.05,0,0,0,0,-9.5,0,0,0,0,-0.00229183,0,0,0,0,0,0,0,0,0,1,80,59,0,0.00034,0.00034,3,5,0,0,0,0,0,0,0,0,0,0,1,0,0,0,0,0,0,0,0,0,0,,0,0,0,0,
8,6.43,0,71.6,25.5,0,0,0,-6.95,0,0,0,0,18.5,0,0,0,0,-0.00229183,0,0,0,0,0,0,0,0,0,1,71,59,0,0.00034,0.00034,3,5,0,0,0,0,0,0,0,0,0,0,1,0,0,0,0,0,0,0,0,0,0,,0,0,0,0,
9,7.59,0,32.5,43,0,0,0,6.8,0,0,0,0,7.5,0,0,0,0,-0.00229183,0,0,0,0,0,0,0,0,0,1,89,59,0,0.00034,0.00034,3,5,0,0,0,0,0,0,0,0,0,0,1,0,0,0,0,0,0,0,0,0,0,,0,0,0,0,
10,8.51,0,45.2,31.5,0,0,0,5.95,0,0,0,0,7,0,0,0,0,-0.00229183,0,0,0,0,0,0,0,0,0,1,78,59,0,0.00034,0.00034,3,5,0,0,0,0,0,0,0,0,0,0,1,0,0,0,0,0,0,0,0,0,0,,0,0,0,0,
11,8.97,0,-32.85,26.5,0,0,0,-1.55,0,0,0,0,-9.5,0,0,0,0,-0.00229183,0,0,0,0,0,0,0,0,0,1,73,59,0,0.00034,0.00034,3,5,0,0,0,0,0,0,0,0,0,0,1,0,0,0,0,0,0,0,0,0,0,,0,0,0,0,
12,9.4,0,-29.2,24,0,0,0,-3.55,0,0,0,0,-13.5,0,0,0,0,-0.00229183,0,0,0,0,0,0,0,0,0,1,71,59,0,0.00034,0.00034,3,0,0,0,0,0,0,0,0,0,0,0,1,0,0,0,0,0,0,0,0,0,0,,0,0,0,0,
13,12.16,0,-12.95,27,0,0,0,12.2,0,0,0,0,-15.5,0,0,0,0,-0.00229183,0,0,0,0,0,0,0,0,0,1,74,59,0,0.00034,0.00034,3,5,0,0,0,0,0,0,0,0,0,0,1,0,0,0,0,0,0,0,0,0,0,,0,0,0,0,
14,12.99,0,-23.4,21,0,0,0,-1.85,0,0,0,0,-18,0,0,0,0,-0.00229183,0,0,0,0,0,0,0,0,0,1,68,59,0,0.00034,0.00034,3,5,0,0,0,0,0,0,0,0,0,0,1,0,0,0,0,0,0,0,0,0,0,,0,0,0,0,
END,Total:15
START,FrameNb:200,CameraNb:0,HeSaiNb:0,ARS410Nb:0
2026/08/02 16:19:47:248---->
heightOffset:0,1785658787248,1076808,selfCaliBufCnt:0,selfAccObjCnt:0,selfAccAngle:0,installHAngleOffset:0,Interpolation:0,installVAngleOffset:0,radarOffsetH:0,radarOffsetV:0.32,Polynom:-0.001023;-0.0511;-2.047;0;0;0;-0.001023;-0.0511;-2.047;-25.5;0;0,WheelDirection:0;0;0;0,selfAngleOffset:0,selfAngleOffsetPit:0,currCaliAngleHrz:0,currCaliAnglePit:0,selfCaliAngleHrz:0,selfCaliAnglePit:0,servCaliAngleHrz:0,servCaliAnglePit:0,offlineCaliAngleHrz:0,offlineCaliAnglePit:0,determine2useFlag:0,IMU_Z_Accel:-21.592,IMU_X_AngularRate:-2.093,IMU_Y_AngularRate:-2.093,IMU_RollAngle:-180,IMU_PitchAngle:-180,IMU_YawAngle:-180,FcwID:0,FCWWarningLevel:0,FCWTTC:0
0,2.35,0,51.2,29,0,0,0,-10.1,1.37605e-33,0,0,0,5.5,0,0,0,0,-0.00229183,0,0,0,0,0,0,0,0,0,1,78,55,0,0.00034,0.00034,3,5,0,0,0,0,0,0,0,0,0,0,1,0,1,0,0,0,0,0,0,0,0,,0,0,0,0,
1,2.79,0,-33.8,45,0,0,0,1.2,0,0,0,0,7,0,0,0,0,-0.00229183,0,0,0,0,0,0,0,0,0,1,94,55,0,0.00034,0.00034,3,5,0,0,0,0,0,0,0,0,0,0,1,0,1,0,0,0,0,0,0,0,0,,0,0,0,0,
2,3.25,0,13.8,37.5,0,0,0,1.4,0,0,0,0,-8,0,0,0,0,-0.00229183,0,0,0,0,0,0,0,0,0,1,86,55,0,0.00034,0.00034,3,0,0,0,0,0,0,0,0,0,0,0,1,0,1,0,0,0,0,0,0,0,0,,0,0,0,0,
3,3.58,0,-50.45,32.5,0,0,0,-6,0,0,0,0,8,0,0,0,0,-0.00229183,0,0,0,0,0,0,0,0,0,1,81,55,0,0.00034,0.00034,3,5,0,0,0,0,0,0,0,0,0,0,1,0,1,0,0,0,0,0,0,0,0,,0,0,0,0,
4,4.07,0,1.9,38.5,0,0,0,2.95,0,0,0,0,-9,0,0,0,0,-0.00229183,0,0,0,0,0,0,0,0,0,1,87,55,0,0.00034,0.00034,3,5,0,0,0,0,0,0,0,0,0,0,1,0,1,0,0,0,0,0,0,0,0,,0,0,0,0,
5,5.12,0,-35.9,32.5,0,0,0,-0.25,0,0,0,0,-7,0,0,0,0,-0.00229183,0,0,0,0,0,0,0,0,0,1,78,55,0,0.00034,0.00034,3,0,0,0,0,0,0,0,0,0,0,0,1,0,1,0,0,0,0,0,0,0,0,,0,0,0,0,
6,5.12,0,-41.55,32.5,0,0,0,14,0,0,0,0,-2,0,0,0,0,-0.00229183,0,0,0,0,0,0,0,0,0,1,78,55,0,0.00034,0.00034,3,0,0,0,0,0,0,0,0,0,0,0,1,0,1,0,0,0,0,0,0,0,0,,0,0,0,0,
7,5.61,0,-34.6,35,0,0,0,-4,0,0,0,0,-4.5,0,0,0,0,-0.00229183,0,0,0,0,0,0,0,0,0,1,80,55,0,0.00034,0.00034,3,5,0,0,0,0,0,0,0,0,0,0,1,0,1,0,0,0,0,0,0,0,0,,0,0,0,0,
8,5.61,0,-24.2,35,0,0,0,-5.95,0,0,0,0,-9.5,0,0,0,0,-0.00229183,0,0,0,0,0,0,0,0,0,1,80,55,0,0.00034,0.00034,3,5,0,0,0,0,0,0,0,0,0,0,1,0,1,0,0,0,0,0,0,0,0,,0,0,0,0,
9,6.42,0,71.7,26,0,0,0,-15,0,0,0,0,18.5,0,0,0,0,-0.00229183,0,0,0,0,0,0,0,0,0,1,71,55,0,0.00034,0.00034,3,5,0,0,0,0,0,0,0,0,0,0,1,0,1,0,0,0,0,0,0,0,0,,0,0,0,0,
10,7.25,0,-50.85,34,0,0,0,3.2,0,0,0,0,10.5,0,0,0,0,-0.00229183,0,0,0,0,0,0,0,0,0,1,80,55,0,0.00034,0.00034,3,5,0,0,0,0,0,0,0,0,0,0,1,0,1,0,0,0,0,0,0,0,0,,0,0,0,0,
11,7.59,0,32.55,43,0,0,0,6.8,0,0,0,0,7.5,0,0,0,0,-0.00229183,0,0,0,0,0,0,0,0,0,1,89,55,0,0.00034,0.00034,3,5,0,0,0,0,0,0,0,0,0,0,1,0,1,0,0,0,0,0,0,0,0,,0,0,0,0,
12,8.1,0,-24.8,29,0,0,0,9.95,0,0,0,0,-12,0,0,0,0,-0.00229183,0,0,0,0,0,0,0,0,0,1,75,55,0,0.00034,0.00034,3,5,0,0,0,0,0,0,0,0,0,0,1,0,1,0,0,0,0,0,0,0,0,,0,0,0,0,
13,8.51,0,45.2,31.5,0,0,0,5.7,0,0,0,0,7,0,0,0,0,-0.00229183,0,0,0,0,0,0,0,0,0,1,78,55,0,0.00034,0.00034,3,5,0,0,0,0,0,0,0,0,0,0,1,0,1,0,0,0,0,0,0,0,0,,0,0,0,0,
14,8.96,0,-32.85,26,0,0,0,-1.75,0,0,0,0,-10,0,0,0,0,-0.00229183,0,0,0,0,0,0,0,0,0,1,73,55,0,0.00034,0.00034,3,5,0,0,0,0,0,0,0,0,0,0,1,0,1,0,0,0,0,0,0,0,0,,0,0,0,0,
15,9.39,0,-29.2,24.5,0,0,0,-3.45,0,0,0,0,-13.5,0,0,0,0,-0.00229183,0,0,0,0,0,0,0,0,0,1,71,55,0,0.00034,0.00034,3,5,0,0,0,0,0,0,0,0,0,0,1,0,1,0,0,0,0,0,0,0,0,,0,0,0,0,
16,12.16,0,-12.85,27,0,0,0,12.05,0,0,0,0,-15.5,0,0,0,0,-0.00229183,0,0,0,0,0,0,0,0,0,1,74,55,0,0.00034,0.00034,3,5,0,0,0,0,0,0,0,0,0,0,1,0,1,0,0,0,0,0,0,0,0,,0,0,0,0,
17,12.99,0,-23.3,21,0,0,0,-1.8,0,0,0,0,-18,0,0,0,0,-0.00229183,0,0,0,0,0,0,0,0,0,1,67,55,0,0.00034,0.00034,3,5,0,0,0,0,0,0,0,0,0,0,1,0,1,0,0,0,0,0,0,0,0,,0,0,0,0,
END,Total:18
START,FrameNb:201,CameraNb:0,HeSaiNb:0,ARS410Nb:0
2026/08/02 16:19:47:309---->
heightOffset:0,1785658787309,1076868,selfCaliBufCnt:0,selfAccObjCnt:0,selfAccAngle:0,installHAngleOffset:0,Interpolation:0,installVAngleOffset:0,radarOffsetH:0,radarOffsetV:0.32,Polynom:-0.001023;-0.0511;-2.047;0;0;0;-0.001023;-0.0511;-2.047;-25.5;0;0,WheelDirection:0;0;0;0,selfAngleOffset:0,selfAngleOffsetPit:0,currCaliAngleHrz:0,currCaliAnglePit:0,selfCaliAngleHrz:0,selfCaliAnglePit:0,servCaliAngleHrz:0,servCaliAnglePit:0,offlineCaliAngleHrz:0,offlineCaliAnglePit:0,determine2useFlag:0,IMU_Z_Accel:-21.592,IMU_X_AngularRate:-2.093,IMU_Y_AngularRate:-2.093,IMU_RollAngle:-180,IMU_PitchAngle:-180,IMU_YawAngle:-180,FcwID:0,FCWWarningLevel:0,FCWTTC:0
0,2.35,0,31.3,29,0,0,0,10.3,1.37605e-33,0,0,0,-8.5,0,0,0,0,-0.00229183,0,0,0,0,0,0,0,0,0,1,78,62,0,0.00034,0.00034,3,5,0,0,0,0,0,0,0,0,0,0,1,0,0,0,0,0,0,0,0,0,0,,0,0,0,0,
1,2.79,0,-33.8,45,0,0,0,1.2,0,0,0,0,7,0,0,0,0,-0.00229183,0,0,0,0,0,0,0,0,0,1,94,62,0,0.00034,0.00034,3,5,0,0,0,0,0,0,0,0,0,0,1,0,0,0,0,0,0,0,0,0,0,,0,0,0,0,
2,3.27,0,13.8,37.5,0,0,0,1.4,0,0,0,0,-8,0,0,0,0,-0.00229183,0,0,0,0,0,0,0,0,0,1,86,62,0,0.00034,0.00034,3,0,0,0,0,0,0,0,0,0,0,0,1,0,0,0,0,0,0,0,0,0,0,,0,0,0,0,
3,3.58,0,-50.3,32.5,0,0,0,-5.75,0,0,0,0,8,0,0,0,0,-0.00229183,0,0,0,0,0,0,0,0,0,1,81,62,0,0.00034,0.00034,3,7,0,0,0,0,0,0,0,0,0,0,1,0,0,0,0,0,0,0,0,0,0,,0,0,0,0,
4,4.07,0,1.9,38.5,0,0,0,2.95,0,0,0,0,-9,0,0,0,0,-0.00229183,0,0,0,0,0,0,0,0,0,1,87,62,0,0.00034,0.00034,3,5,0,0,0,0,0,0,0,0,0,0,1,0,0,0,0,0,0,0,0,0,0,,0,0,0,0,
5,5.1,0,-35.8,32.5,0,0,0,-1.3,0,0,0,0,-7,0,0,0,0,-0.00229183,0,0,0,0,0,0,0,0,0,1,78,62,0,0.00034,0.00034,3,0,0,0,0,0,0,0,0,0,0,0,1,0,0,0,0,0,0,0,0,0,0,,0,0,0,0,
6,5.61,0,-34.6,35,0,0,0,-4.1,0,0,0,0,-4.5,0,0,0,0,-0.00229183,0,0,0,0,0,0,0,0,0,1,80,62,0,0.00034,0.00034,3,5,0,0,0,0,0,0,0,0,0,0,1,0,0,0,0,0,0,0,0,0,0,,0,0,0,0,
7,5.61,0,-24.2,35,0,0,0,-6.05,0,0,0,0,-9.5,0,0,0,0,-0.00229183,0,0,0,0,0,0,0,0,0,1,80,62,0,0.00034,0.00034,3,5,0,0,0,0,0,0,0,0,0,0,1,0,0,0,0,0,0,0,0,0,0,,0,0,0,0,
8,6.42,0,71.7,25.5,0,0,0,-6.8,0,0,0,0,18.5,0,0,0,0,-0.00229183,0,0,0,0,0,0,0,0,0,1,71,62,0,0.00034,0.00034,3,5,0,0,0,0,0,0,0,0,0,0,1,0,0,0,0,0,0,0,0,0,0,,0,0,0,0,
9,7.25,0,-50.85,34,0,0,0,3.3,0,0,0,0,10,0,0,0,0,-0.00229183,0,0,0,0,0,0,0,0,0,1,80,62,0,0.00034,0.00034,3,5,0,0,0,0,0,0,0,0,0,0,1,0,0,0,0,0,0,0,0,0,0,,0,0,0,0,
10,7.59,0,32.5,43,0,0,0,6.9,0,0,0,0,7.5,0,0,0,0,-0.00229183,0,0,0,0,0,0,0,0,0,1,89,62,0,0.00034,0.00034,3,5,0,0,0,0,0,0,0,0,0,0,1,0,0,0,0,0,0,0,0,0,0,,0,0,0,0,
11,8.51,0,45.2,31.5,0,0,0,5.9,0,0,0,0,7,0,0,0,0,-0.00229183,0,0,0,0,0,0,0,0,0,1,78,62,0,0.00034,0.00034,3,5,0,0,0,0,0,0,0,0,0,0,1,0,0,0,0,0,0,0,0,0,0,,0,0,0,0,
12,8.96,0,-32.8,26.5,0,0,0,-1.6,0,0,0,0,-9.5,0,0,0,0,-0.00229183,0,0,0,0,0,0,0,0,0,1,73,62,0,0.00034,0.00034,3,5,0,0,0,0,0,0,0,0,0,0,1,0,0,0,0,0,0,0,0,0,0,,0,0,0,0,
13,9.4,0,-29.15,25,0,0,0,-3.55,0,0,0,0,-13,0,0,0,0,-0.00229183,0,0,0,0,0,0,0,0,0,1,71,62,0,0.00034,0.00034,3,5,0,0,0,0,0,0,0,0,0,0,1,0,0,0,0,0,0,0,0,0,0,,0,0,0,0,
14,12.16,0,-12.9,27,0,0,0,12.2,0,0,0,0,-15.5,0,0,0,0,-0.00229183,0,0,0,0,0,0,0,0,0,1,74,62,0,0.00034,0.00034,3,5,0,0,0,0,0,0,0,0,0,0,1,0,0,0,0,0,0,0,0,0,0,,0,0,0,0,
15,12.98,0,-23.35,21,0,0,0,-1.95,0,0,0,0,-18,0,0,0,0,-0.00229183,0,0,0,0,0,0,0,0,0,1,67,62,0,0.00034,0.00034,3,5,0,0,0,0,0,0,0,0,0,0,1,0,0,0,0,0,0,0,0,0,0,,0,0,0,0,
END,Total:16
START,FrameNb:202,CameraNb:0,HeSaiNb:0,ARS410Nb:0
2026/08/02 16:19:47:341---->
heightOffset:0,1785658787341,1076932,selfCaliBufCnt:0,selfAccObjCnt:0,selfAccAngle:0,installHAngleOffset:0,Interpolation:0,installVAngleOffset:0,radarOffsetH:0,radarOffsetV:0.32,Polynom:-0.001023;-0.0511;-2.047;0;0;0;-0.001023;-0.0511;-2.047;-25.5;0;0,WheelDirection:0;0;0;0,selfAngleOffset:0,selfAngleOffsetPit:0,currCaliAngleHrz:0,currCaliAnglePit:0,selfCaliAngleHrz:0,selfCaliAnglePit:0,servCaliAngleHrz:0,servCaliAnglePit:0,offlineCaliAngleHrz:0,offlineCaliAnglePit:0,determine2useFlag:0,IMU_Z_Accel:-21.592,IMU_X_AngularRate:-2.093,IMU_Y_AngularRate:-2.093,IMU_RollAngle:-180,IMU_PitchAngle:-180,IMU_YawAngle:-180,FcwID:0,FCWWarningLevel:0,FCWTTC:0
0,2.35,0,51.1,29,0,0,0,-10.1,1.37605e-33,0,0,0,5.5,0,0,0,0,-0.00229183,0,0,0,0,0,0,0,0,0,1,78,60,0,0.00034,0.00034,2,-1,0,0,0,0,0,0,0,0,0,0,1,0,1,0,0,0,0,0,0,0,0,,0,0,0,0,
1,2.79,0,-33.8,45,0,0,0,1.2,0,0,0,0,7,0,0,0,0,-0.00229183,0,0,0,0,0,0,0,0,0,1,94,60,0,0.00034,0.00034,3,5,0,0,0,0,0,0,0,0,0,0,1,0,1,0,0,0,0,0,0,0,0,,0,0,0,0,
2,3.26,0,13.8,37.5,0,0,0,1.4,0,0,0,0,-8,0,0,0,0,-0.00229183,0,0,0,0,0,0,0,0,0,1,86,60,0,0.00034,0.00034,3,0,0,0,0,0,0,0,0,0,0,0,1,0,1,0,0,0,0,0,0,0,0,,0,0,0,0,
3,3.58,0,-50.3,32.5,0,0,0,-5.85,0,0,0,0,8,0,0,0,0,-0.00229183,0,0,0,0,0,0,0,0,0,1,81,60,0,0.00034,0.00034,3,5,0,0,0,0,0,0,0,0,0,0,1,0,1,0,0,0,0,0,0,0,0,,0,0,0,0,
4,4.07,0,1.9,38.5,0,0,0,2.95,0,0,0,0,-9,0,0,0,0,-0.00229183,0,0,0,0,0,0,0,0,0,1,87,60,0,0.00034,0.00034,3,5,0,0,0,0,0,0,0,0,0,0,1,0,1,0,0,0,0,0,0,0,0,,0,0,0,0,
5,5.12,0,-35.95,32.5,0,0,0,-1.2,0,0,0,0,-7.5,0,0,0,0,-0.00229183,0,0,0,0,0,0,0,0,0,1,78,60,0,0.00034,0.00034,3,0,0,0,0,0,0,0,0,0,0,0,1,0,1,0,0,0,0,0,0,0,0,,0,0,0,0,
6,5.61,0,-34.6,35,0,0,0,-4.05,0,0,0,0,-4.5,0,0,0,0,-0.00229183,0,0,0,0,0,0,0,0,0,1,80,60,0,0.00034,0.00034,3,5,0,0,0,0,0,0,0,0,0,0,1,0,1,0,0,0,0,0,0,0,0,,0,0,0,0,
7,5.61,0,-24.2,35,0,0,0,-5.85,0,0,0,0,-9.5,0,0,0,0,-0.00229183,0,0,0,0,0,0,0,0,0,1,80,60,0,0.00034,0.00034,3,5,0,0,0,0,0,0,0,0,0,0,1,0,1,0,0,0,0,0,0,0,0,,0,0,0,0,
8,6.42,0,34.45,25.5,0,0,0,-10.1,0,0,0,0,-10.5,0,0,0,0,-0.00229183,0,0,0,0,0,0,0,0,0,1,71,60,0,0.00034,0.00034,3,5,0,0,0,0,0,0,0,0,0,0,1,0,1,0,0,0,0,0,0,0,0,,0,0,0,0,
9,7.25,0,-50.8,34,0,0,0,3.2,0,0,0,0,10.5,0,0,0,0,-0.00229183,0,0,0,0,0,0,0,0,0,1,80,60,0,0.00034,0.00034,3,5,0,0,0,0,0,0,0,0,0,0,1,0,1,0,0,0,0,0,0,0,0,,0,0,0,0,
10,7.58,0,32.55,43,0,0,0,6.9,0,0,0,0,7.5,0,0,0,0,-0.00229183,0,0,0,0,0,0,0,0,0,1,89,60,0,0.00034,0.00034,3,5,0,0,0,0,0,0,0,0,0,0,1,0,1,0,0,0,0,0,0,0,0,,0,0,0,0,
11,8.15,0,-24.8,29,0,0,0,10.15,0,0,0,0,-11.5,0,0,0,0,-0.00229183,0,0,0,0,0,0,0,0,0,1,75,60,0,0.00034,0.00034,3,5,0,0,0,0,0,0,0,0,0,0,1,0,1,0,0,0,0,0,0,0,0,,0,0,0,0,
12,8.52,0,45.2,31.5,0,0,0,5.7,0,0,0,0,7,0,0,0,0,-0.00229183,0,0,0,0,0,0,0,0,0,1,78,60,0,0.00034,0.00034,3,5,0,0,0,0,0,0,0,0,0,0,1,0,1,0,0,0,0,0,0,0,0,,0,0,0,0,
13,8.95,0,-32.9,26.5,0,0,0,-1.55,0,0,0,0,-9.5,0,0,0,0,-0.00229183,0,0,0,0,0,0,0,0,0,1,73,60,0,0.00034,0.00034,3,5,0,0,0,0,0,0,0,0,0,0,1,0,1,0,0,0,0,0,0,0,0,,0,0,0,0,
14,9.4,0,-29.15,24.5,0,0,0,-3.55,0,0,0,0,-13,0,0,0,0,-0.00229183,0,0,0,0,0,0,0,0,0,1,71,60,0,0.00034,0.00034,3,5,0,0,0,0,0,0,0,0,0,0,1,0,1,0,0,0,0,0,0,0,0,,0,0,0,0,
15,12.16,0,-12.9,27,0,0,0,12.05,0,0,0,0,-15.5,0,0,0,0,-0.00229183,0,0,0,0,0,0,0,0,0,1,74,60,0,0.00034,0.00034,3,5,0,0,0,0,0,0,0,0,0,0,1,0,1,0,0,0,0,0,0,0,0,,0,0,0,0,
16,12.98,0,-23.2,21,0,0,0,-1.2,0,0,0,0,-17.5,0,0,0,0,-0.00229183,0,0,0,0,0,0,0,0,0,1,68,60,0,0.00034,0.00034,3,5,0,0,0,0,0,0,0,0,0,0,1,0,1,0,0,0,0,0,0,0,0,,0,0,0,0,
END,Total:17
START,FrameNb:203,CameraNb:0,HeSaiNb:0,ARS410Nb:0
2026/08/02 16:19:47:391---->
heightOffset:0,1785658787391,1076988,selfCaliBufCnt:0,selfAccObjCnt:0,selfAccAngle:0,installHAngleOffset:0,Interpolation:0,installVAngleOffset:0,radarOffsetH:0,radarOffsetV:0.32,Polynom:-0.001023;-0.0511;-2.047;0;0;0;-0.001023;-0.0511;-2.047;-25.5;0;0,WheelDirection:0;0;0;0,selfAngleOffset:0,selfAngleOffsetPit:0,currCaliAngleHrz:0,currCaliAnglePit:0,selfCaliAngleHrz:0,selfCaliAnglePit:0,servCaliAngleHrz:0,servCaliAnglePit:0,offlineCaliAngleHrz:0,offlineCaliAnglePit:0,determine2useFlag:0,IMU_Z_Accel:-21.592,IMU_X_AngularRate:-2.093,IMU_Y_AngularRate:-2.093,IMU_RollAngle:-180,IMU_PitchAngle:-180,IMU_YawAngle:-180,FcwID:0,FCWWarningLevel:0,FCWTTC:0
0,2.35,0,31.45,29,0,0,0,10.3,1.37605e-33,0,0,0,-8.5,0,0,0,0,-0.00229183,0,0,0,0,0,0,0,0,0,1,78,60,0,0.00034,0.00034,3,5,0,0,0,0,0,0,0,0,0,0,1,0,0,0,0,0,0,0,0,0,0,,0,0,0,0,
1,2.79,0,-33.8,45,0,0,0,1.2,0,0,0,0,7,0,0,0,0,-0.00229183,0,0,0,0,0,0,0,0,0,1,94,60,0,0.00034,0.00034,3,5,0,0,0,0,0,0,0,0,0,0,1,0,0,0,0,0,0,0,0,0,0,,0,0,0,0,
2,3.27,0,13.8,37.5,0,0,0,1.4,0,0,0,0,-8,0,0,0,0,-0.00229183,0,0,0,0,0,0,0,0,0,1,86,60,0,0.00034,0.00034,3,0,0,0,0,0,0,0,0,0,0,0,1,0,0,0,0,0,0,0,0,0,0,,0,0,0,0,
3,3.58,0,-3.65,32.5,0,0,0,-8.6,0,0,0,0,-16,0,0,0,0,-0.00229183,0,0,0,0,0,0,0,0,0,1,81,60,0,0.00034,0.00034,3,7,0,0,0,0,0,0,0,0,0,0,1,0,0,0,0,0,0,0,0,0,0,,0,0,0,0,
4,4.07,0,1.9,38.5,0,0,0,3,0,0,0,0,-9,0,0,0,0,-0.00229183,0,0,0,0,0,0,0,0,0,1,87,60,0,0.00034,0.00034,3,5,0,0,0,0,0,0,0,0,0,0,1,0,0,0,0,0,0,0,0,0,0,,0,0,0,0,
5,5.09,0,-35.8,32,0,0,0,-1.35,0,0,0,0,-7.5,0,0,0,0,-0.00229183,0,0,0,0,0,0,0,0,0,1,78,60,0,0.00034,0.00034,3,5,0,0,0,0,0,0,0,0,0,0,1,0,0,0,0,0,0,0,0,0,0,,0,0,0,0,
6,5.61,0,-34.7,35,0,0,0,-4.1,0,0,0,0,-4.5,0,0,0,0,-0.00229183,0,0,0,0,0,0,0,0,0,1,80,60,0,0.00034,0.00034,3,5,0,0,0,0,0,0,0,0,0,0,1,0,0,0,0,0,0,0,0,0,0,,0,0,0,0,
7,5.61,0,-24.2,35,0,0,0,-6.05,0,0,0,0,-9.5,0,0,0,0,-0.00229183,0,0,0,0,0,0,0,0,0,1,80,60,0,0.00034,0.00034,3,5,0,0,0,0,0,0,0,0,0,0,1,0,0,0,0,0,0,0,0,0,0,,0,0,0,0,
8,6.41,0,71.7,25.5,0,0,0,-6.05,0,0,0,0,18.5,0,0,0,0,-0.00229183,0,0,0,0,0,0,0,0,0,1,71,60,0,0.00034,0.00034,3,5,0,0,0,0,0,0,0,0,0,0,1,0,0,0,0,0,0,0,0,0,0,,0,0,0,0,
9,6.65,0,49.7,26,0,0,0,-9.3,0,0,0,0,1.5,0,0,0,0,-0.00229183,0,0,0,0,0,0,0,0,0,1,72,60,0,0.00034,0.00034,3,5,0,0,0,0,0,0,0,0,0,0,1,0,0,0,0,0,0,0,0,0,0,,0,0,0,0,
10,7.25,0,-50.95,34,0,0,0,3.3,0,0,0,0,10,0,0,0,0,-0.00229183,0,0,0,0,0,0,0,0,0,1,80,60,0,0.00034,0.00034,3,5,0,0,0,0,0,0,0,0,0,0,1,0,0,0,0,0,0,0,0,0,0,,0,0,0,0,
11,7.59,0,32.55,43,0,0,0,6.8,0,0,0,0,7.5,0,0,0,0,-0.00229183,0,0,0,0,0,0,0,0,0,1,89,60,0,0.00034,0.00034,3,5,0,0,0,0,0,0,0,0,0,0,1,0,0,0,0,0,0,0,0,0,0,,0,0,0,0,
12,8.23,0,-24.9,29,0,0,0,10.15,0,0,0,0,-11.5,0,0,0,0,-0.00229183,0,0,0,0,0,0,0,0,0,1,75,60,0,0.00034,0.00034,3,5,0,0,0,0,0,0,0,0,0,0,1,0,0,0,0,0,0,0,0,0,0,,0,0,0,0,
13,8.51,0,45.2,31.5,0,0,0,5.9,0,0,0,0,7,0,0,0,0,-0.00229183,0,0,0,0,0,0,0,0,0,1,78,60,0,0.00034,0.00034,3,5,0,0,0,0,0,0,0,0,0,0,1,0,0,0,0,0,0,0,0,0,0,,0,0,0,0,
14,8.98,0,-32.85,26.5,0,0,0,-1.55,0,0,0,0,-9.5,0,0,0,0,-0.00229183,0,0,0,0,0,0,0,0,0,1,73,60,0,0.00034,0.00034,3,5,0,0,0,0,0,0,0,0,0,0,1,0,0,0,0,0,0,0,0,0,0,,0,0,0,0,
15,9.38,0,-29.15,24.5,0,0,0,-3.7,0,0,0,0,-13,0,0,0,0,-0.00229183,0,0,0,0,0,0,0,0,0,1,71,60,0,0.00034,0.00034,3,5,0,0,0,0,0,0,0,0,0,0,1,0,0,0,0,0,0,0,0,0,0,,0,0,0,0,
16,12.16,0,-12.9,27,0,0,0,12.05,0,0,0,0,-15.5,0,0,0,0,-0.00229183,0,0,0,0,0,0,0,0,0,1,74,60,0,0.00034,0.00034,3,5,0,0,0,0,0,0,0,0,0,0,1,0,0,0,0,0,0,0,0,0,0,,0,0,0,0,
17,12.99,0,-23.45,21.5,0,0,0,-1.25,0,0,0,0,-17.5,0,0,0,0,-0.00229183,0,0,0,0,0,0,0,0,0,1,68,60,0,0.00034,0.00034,3,5,0,0,0,0,0,0,0,0,0,0,1,0,0,0,0,0,0,0,0,0,0,,0,0,0,0,
END,Total:18
START,FrameNb:204,CameraNb:0,HeSaiNb:0,ARS410Nb:0
2026/08/02 16:19:47:516---->
heightOffset:0,1785658787516,1077044,selfCaliBufCnt:0,selfAccObjCnt:0,selfAccAngle:0,installHAngleOffset:0,Interpolation:0,installVAngleOffset:0,radarOffsetH:0,radarOffsetV:0.32,Polynom:-0.001023;-0.0511;-2.047;0;0;0;-0.001023;-0.0511;-2.047;-25.5;0;0,WheelDirection:0;0;0;0,selfAngleOffset:0,selfAngleOffsetPit:0,currCaliAngleHrz:0,currCaliAnglePit:0,selfCaliAngleHrz:0,selfCaliAnglePit:0,servCaliAngleHrz:0,servCaliAnglePit:0,offlineCaliAngleHrz:0,offlineCaliAnglePit:0,determine2useFlag:0,IMU_Z_Accel:-21.592,IMU_X_AngularRate:-2.093,IMU_Y_AngularRate:-2.093,IMU_RollAngle:-180,IMU_PitchAngle:-180,IMU_YawAngle:-180,FcwID:0,FCWWarningLevel:0,FCWTTC:0
0,2.35,0,51.1,29,0,0,0,-10.2,1.37605e-33,0,0,0,5.5,0,0,0,0,-0.00229183,0,0,0,0,0,0,0,0,0,1,78,55,0,0.00034,0.00034,2,-1,0,0,0,0,0,0,0,0,0,0,1,0,1,0,0,0,0,0,0,0,0,,0,0,0,0,
1,2.79,0,-33.8,45,0,0,0,1.2,0,0,0,0,7,0,0,0,0,-0.00229183,0,0,0,0,0,0,0,0,0,1,94,55,0,0.00034,0.00034,3,5,0,0,0,0,0,0,0,0,0,0,1,0,1,0,0,0,0,0,0,0,0,,0,0,0,0,
2,3.26,0,13.8,37,0,0,0,1.3,0,0,0,0,-8,0,0,0,0,-0.00229183,0,0,0,0,0,0,0,0,0,1,86,55,0,0.00034,0.00034,3,0,0,0,0,0,0,0,0,0,0,0,1,0,1,0,0,0,0,0,0,0,0,,0,0,0,0,
3,3.58,0,-50.3,32,0,0,0,-5.85,0,0,0,0,8,0,0,0,0,-0.00229183,0,0,0,0,0,0,0,0,0,1,81,55,0,0.00034,0.00034,3,5,0,0,0,0,0,0,0,0,0,0,1,0,1,0,0,0,0,0,0,0,0,,0,0,0,0,
4,4.07,0,1.9,38.5,0,0,0,2.95,0,0,0,0,-9,0,0,0,0,-0.00229183,0,0,0,0,0,0,0,0,0,1,87,55,0,0.00034,0.00034,3,5,0,0,0,0,0,0,0,0,0,0,1,0,1,0,0,0,0,0,0,0,0,,0,0,0,0,
5,5.09,0,-36,32.5,0,0,0,-1.1,0,0,0,0,-6.5,0,0,0,0,-0.00229183,0,0,0,0,0,0,0,0,0,1,78,55,0,0.00034,0.00034,3,0,0,0,0,0,0,0,0,0,0,0,1,0,1,0,0,0,0,0,0,0,0,,0,0,0,0,
6,5.61,0,-34.65,35,0,0,0,-4,0,0,0,0,-4.5,0,0,0,0,-0.00229183,0,0,0,0,0,0,0,0,0,1,80,55,0,0.00034,0.00034,3,5,0,0,0,0,0,0,0,0,0,0,1,0,1,0,0,0,0,0,0,0,0,,0,0,0,0,
7,5.61,0,-24.2,35,0,0,0,-5.85,0,0,0,0,-9.5,0,0,0,0,-0.00229183,0,0,0,0,0,0,0,0,0,1,80,55,0,0.00034,0.00034,3,5,0,0,0,0,0,0,0,0,0,0,1,0,1,0,0,0,0,0,0,0,0,,0,0,0,0,
8,6.41,0,34.3,25,0,0,0,-9.45,0,0,0,0,-11,0,0,0,0,-0.00229183,0,0,0,0,0,0,0,0,0,1,71,55,0,0.00034,0.00034,3,5,0,0,0,0,0,0,0,0,0,0,1,0,1,0,0,0,0,0,0,0,0,,0,0,0,0,
9,6.81,0,49.45,26,0,0,0,-9.8,0,0,0,0,1.5,0,0,0,0,-0.00229183,0,0,0,0,0,0,0,0,0,1,72,55,0,0.00034,0.00034,3,5,0,0,0,0,0,0,0,0,0,0,1,0,1,0,0,0,0,0,0,0,0,,0,0,0,0,
10,7.25,0,-50.95,34,0,0,0,3.15,0,0,0,0,10,0,0,0,0,-0.00229183,0,0,0,0,0,0,0,0,0,1,80,55,0,0.00034,0.00034,3,5,0,0,0,0,0,0,0,0,0,0,1,0,1,0,0,0,0,0,0,0,0,,0,0,0,0,
11,7.59,0,32.55,43,0,0,0,6.9,0,0,0,0,7.5,0,0,0,0,-0.00229183,0,0,0,0,0,0,0,0,0,1,89,55,0,0.00034,0.00034,3,5,0,0,0,0,0,0,0,0,0,0,1,0,1,0,0,0,0,0,0,0,0,,0,0,0,0,
12,8.23,0,-25,29,0,0,0,10.15,0,0,0,0,-12,0,0,0,0,-0.00229183,0,0,0,0,0,0,0,0,0,1,75,55,0,0.00034,0.00034,3,5,0,0,0,0,0,0,0,0,0,0,1,0,1,0,0,0,0,0,0,0,0,,0,0,0,0,
13,8.51,0,45.2,31.5,0,0,0,5.75,0,0,0,0,7,0,0,0,0,-0.00229183,0,0,0,0,0,0,0,0,0,1,78,55,0,0.00034,0.00034,3,5,0,0,0,0,0,0,0,0,0,0,1,0,1,0,0,0,0,0,0,0,0,,0,0,0,0,
14,8.95,0,-32.9,26,0,0,0,-1.6,0,0,0,0,-9.5,0,0,0,0,-0.00229183,0,0,0,0,0,0,0,0,0,1,73,55,0,0.00034,0.00034,3,5,0,0,0,0,0,0,0,0,0,0,1,0,1,0,0,0,0,0,0,0,0,,0,0,0,0,
15,9.38,0,-29.3,24,0,0,0,-3.55,0,0,0,0,-13,0,0,0,0,-0.00229183,0,0,0,0,0,0,0,0,0,1,71,55,0,0.00034,0.00034,3,5,0,0,0,0,0,0,0,0,0,0,1,0,1,0,0,0,0,0,0,0,0,,0,0,0,0,
16,12.16,0,-12.85,27,0,0,0,12.05,0,0,0,0,-15.5,0,0,0,0,-0.00229183,0,0,0,0,0,0,0,0,0,1,74,55,0,0.00034,0.00034,3,5,0,0,0,0,0,0,0,0,0,0,1,0,1,0,0,0,0,0,0,0,0,,0,0,0,0,
17,12.98,0,-23.2,21,0,0,0,-1.7,0,0,0,0,-17.5,0,0,0,0,-0.00229183,0,0,0,0,0,0,0,0,0,1,68,55,0,0.00034,0.00034,3,5,0,0,0,0,0,0,0,0,0,0,1,0,1,0,0,0,0,0,0,0,0,,0,0,0,0,
END,Total:18
START,FrameNb:205,CameraNb:0,HeSaiNb:0,ARS410Nb:0
2026/08/02 16:19:47:562---->
heightOffset:0,1785658787562,1077100,selfCaliBufCnt:0,selfAccObjCnt:0,selfAccAngle:0,installHAngleOffset:0,Interpolation:0,installVAngleOffset:0,radarOffsetH:0,radarOffsetV:0.32,Polynom:-0.001023;-0.0511;-2.047;0;0;0;-0.001023;-0.0511;-2.047;-25.5;0;0,WheelDirection:0;0;0;0,selfAngleOffset:0,selfAngleOffsetPit:0,currCaliAngleHrz:0,currCaliAnglePit:0,selfCaliAngleHrz:0,selfCaliAnglePit:0,servCaliAngleHrz:0,servCaliAnglePit:0,offlineCaliAngleHrz:0,offlineCaliAnglePit:0,determine2useFlag:0,IMU_Z_Accel:-21.592,IMU_X_AngularRate:-2.093,IMU_Y_AngularRate:-2.093,IMU_RollAngle:-180,IMU_PitchAngle:-180,IMU_YawAngle:-180,FcwID:0,FCWWarningLevel:0,FCWTTC:0
0,2.35,0,50.8,29,0,0,0,-10.1,1.37605e-33,0,0,0,4.5,0,0,0,0,-0.00229183,0,0,0,0,0,0,0,0,0,1,78,59,0,0.00034,0.00034,3,5,0,0,0,0,0,0,0,0,0,0,1,0,0,0,0,0,0,0,0,0,0,,0,0,0,0,
1,2.79,0,-33.8,45,0,0,0,1.2,0,0,0,0,7,0,0,0,0,-0.00229183,0,0,0,0,0,0,0,0,0,1,94,59,0,0.00034,0.00034,3,5,0,0,0,0,0,0,0,0,0,0,1,0,0,0,0,0,0,0,0,0,0,,0,0,0,0,
2,3.27,0,13.8,37.5,0,0,0,1.4,0,0,0,0,-8,0,0,0,0,-0.00229183,0,0,0,0,0,0,0,0,0,1,86,59,0,0.00034,0.00034,3,0,0,0,0,0,0,0,0,0,0,0,1,0,0,0,0,0,0,0,0,0,0,,0,0,0,0,
3,3.58,0,-50.2,32.5,0,0,0,-5.8,0,0,0,0,8,0,0,0,0,-0.00229183,0,0,0,0,0,0,0,0,0,1,81,59,0,0.00034,0.00034,3,7,0,0,0,0,0,0,0,0,0,0,1,0,0,0,0,0,0,0,0,0,0,,0,0,0,0,
4,4.07,0,1.9,38.5,0,0,0,3,0,0,0,0,-9,0,0,0,0,-0.00229183,0,0,0,0,0,0,0,0,0,1,87,59,0,0.00034,0.00034,3,5,0,0,0,0,0,0,0,0,0,0,1,0,0,0,0,0,0,0,0,0,0,,0,0,0,0,
5,5.09,0,-35.7,32.5,0,0,0,-1.35,0,0,0,0,-7.5,0,0,0,0,-0.00229183,0,0,0,0,0,0,0,0,0,1,78,59,0,0.00034,0.00034,3,5,0,0,0,0,0,0,0,0,0,0,1,0,0,0,0,0,0,0,0,0,0,,0,0,0,0,
6,5.61,0,-34.65,35,0,0,0,-3.85,0,0,0,0,-4.5,0,0,0,0,-0.00229183,0,0,0,0,0,0,0,0,0,1,80,59,0,0.00034,0.00034,3,5,0,0,0,0,0,0,0,0,0,0,1,0,0,0,0,0,0,0,0,0,0,,0,0,0,0,
7,5.61,0,-24.3,35,0,0,0,-5.7,0,0,0,0,-9.5,0,0,0,0,-0.00229183,0,0,0,0,0,0,0,0,0,1,80,59,0,0.00034,0.00034,3,5,0,0,0,0,0,0,0,0,0,0,1,0,0,0,0,0,0,0,0,0,0,,0,0,0,0,
8,6.41,0,71.6,25.5,0,0,0,-15,0,0,0,0,18,0,0,0,0,-0.00229183,0,0,0,0,0,0,0,0,0,1,71,59,0,0.00034,0.00034,3,5,0,0,0,0,0,0,0,0,0,0,1,0,0,0,0,0,0,0,0,0,0,,0,0,0,0,
9,6.83,0,49.6,26,0,0,0,3.55,0,0,0,0,1.5,0,0,0,0,-0.00229183,0,0,0,0,0,0,0,0,0,1,72,59,0,0.00034,0.00034,3,5,0,0,0,0,0,0,0,0,0,0,1,0,0,0,0,0,0,0,0,0,0,,0,0,0,0,
10,7.59,0,32.5,43,0,0,0,6.75,0,0,0,0,7.5,0,0,0,0,-0.00229183,0,0,0,0,0,0,0,0,0,1,89,59,0,0.00034,0.00034,3,5,0,0,0,0,0,0,0,0,0,0,1,0,0,0,0,0,0,0,0,0,0,,0,0,0,0,
11,8.24,0,-24.85,29.5,0,0,0,10.25,0,0,0,0,-11.5,0,0,0,0,-0.00229183,0,0,0,0,0,0,0,0,0,1,75,59,0,0.00034,0.00034,3,5,0,0,0,0,0,0,0,0,0,0,1,0,0,0,0,0,0,0,0,0,0,,0,0,0,0,
12,8.51,0,45.2,31.5,0,0,0,5.9,0,0,0,0,7,0,0,0,0,-0.00229183,0,0,0,0,0,0,0,0,0,1,78,59,0,0.00034,0.00034,3,5,0,0,0,0,0,0,0,0,0,0,1,0,0,0,0,0,0,0,0,0,0,,0,0,0,0,
13,8.94,0,-32.85,26.5,0,0,0,-1.55,0,0,0,0,-9.5,0,0,0,0,-0.00229183,0,0,0,0,0,0,0,0,0,1,73,59,0,0.00034,0.00034,3,5,0,0,0,0,0,0,0,0,0,0,1,0,0,0,0,0,0,0,0,0,0,,0,0,0,0,
14,9.38,0,-29.3,24.5,0,0,0,-3.45,0,0,0,0,-13,0,0,0,0,-0.00229183,0,0,0,0,0,0,0,0,0,1,71,59,0,0.00034,0.00034,3,5,0,0,0,0,0,0,0,0,0,0,1,0,0,0,0,0,0,0,0,0,0,,0,0,0,0,
15,12.16,0,-12.9,27.5,0,0,0,12.15,0,0,0,0,-15.5,0,0,0,0,-0.00229183,0,0,0,0,0,0,0,0,0,1,74,59,0,0.00034,0.00034,3,5,0,0,0,0,0,0,0,0,0,0,1,0,0,0,0,0,0,0,0,0,0,,0,0,0,0,
16,12.98,0,-23.45,21.5,0,0,0,-1.95,0,0,0,0,-17.5,0,0,0,0,-0.00229183,0,0,0,0,0,0,0,0,0,1,68,59,0,0.00034,0.00034,3,5,0,0,0,0,0,0,0,0,0,0,1,0,0,0,0,0,0,0,0,0,0,,0,0,0,0,
END,Total:17
START,FrameNb:206,CameraNb:0,HeSaiNb:0,ARS410Nb:0
2026/08/02 16:19:47:592---->
heightOffset:0,1785658787592,1077160,selfCaliBufCnt:0,selfAccObjCnt:0,selfAccAngle:0,installHAngleOffset:0,Interpolation:0,installVAngleOffset:0,radarOffsetH:0,radarOffsetV:0.32,Polynom:-0.001023;-0.0511;-2.047;0;0;0;-0.001023;-0.0511;-2.047;-25.5;0;0,WheelDirection:0;0;0;0,selfAngleOffset:0,selfAngleOffsetPit:0,currCaliAngleHrz:0,currCaliAnglePit:0,selfCaliAngleHrz:0,selfCaliAnglePit:0,servCaliAngleHrz:0,servCaliAnglePit:0,offlineCaliAngleHrz:0,offlineCaliAnglePit:0,determine2useFlag:0,IMU_Z_Accel:-21.592,IMU_X_AngularRate:-2.093,IMU_Y_AngularRate:-2.093,IMU_RollAngle:-180,IMU_PitchAngle:-180,IMU_YawAngle:-180,FcwID:0,FCWWarningLevel:0,FCWTTC:0
0,2.35,0,51.3,29,0,0,0,-10.05,1.37605e-33,0,0,0,5.5,0,0,0,0,-0.00229183,0,0,0,0,0,0,0,0,0,1,78,54,0,0.00034,0.00034,3,5,0,0,0,0,0,0,0,0,0,0,1,0,1,0,0,0,0,0,0,0,0,,0,0,0,0,
1,2.79,0,-33.8,45,0,0,0,1.2,0,0,0,0,7,0,0,0,0,-0.00229183,0,0,0,0,0,0,0,0,0,1,94,54,0,0.00034,0.00034,3,5,0,0,0,0,0,0,0,0,0,0,1,0,1,0,0,0,0,0,0,0,0,,0,0,0,0,
2,3.26,0,13.8,37.5,0,0,0,1.4,0,0,0,0,-8,0,0,0,0,-0.00229183,0,0,0,0,0,0,0,0,0,1,86,54,0,0.00034,0.00034,3,0,0,0,0,0,0,0,0,0,0,0,1,0,1,0,0,0,0,0,0,0,0,,0,0,0,0,
3,3.58,0,-50.3,32.5,0,0,0,-5.85,0,0,0,0,8,0,0,0,0,-0.00229183,0,0,0,0,0,0,0,0,0,1,81,54,0,0.00034,0.00034,3,5,0,0,0,0,0,0,0,0,0,0,1,0,1,0,0,0,0,0,0,0,0,,0,0,0,0,
4,4.07,0,1.9,38.5,0,0,0,2.95,0,0,0,0,-9,0,0,0,0,-0.00229183,0,0,0,0,0,0,0,0,0,1,87,54,0,0.00034,0.00034,3,5,0,0,0,0,0,0,0,0,0,0,1,0,1,0,0,0,0,0,0,0,0,,0,0,0,0,
5,5.1,0,-35.95,32.5,0,0,0,-1.2,0,0,0,0,-7.5,0,0,0,0,-0.00229183,0,0,0,0,0,0,0,0,0,1,78,54,0,0.00034,0.00034,3,0,0,0,0,0,0,0,0,0,0,0,1,0,1,0,0,0,0,0,0,0,0,,0,0,0,0,
6,5.61,0,-34.6,35.5,0,0,0,-4,0,0,0,0,-4.5,0,0,0,0,-0.00229183,0,0,0,0,0,0,0,0,0,1,80,54,0,0.00034,0.00034,3,5,0,0,0,0,0,0,0,0,0,0,1,0,1,0,0,0,0,0,0,0,0,,0,0,0,0,
7,5.61,0,-24.2,35.5,0,0,0,-5.95,0,0,0,0,-9.5,0,0,0,0,-0.00229183,0,0,0,0,0,0,0,0,0,1,80,54,0,0.00034,0.00034,3,5,0,0,0,0,0,0,0,0,0,0,1,0,1,0,0,0,0,0,0,0,0,,0,0,0,0,
8,6.41,0,34.2,25.5,0,0,0,-9.45,0,0,0,0,-11,0,0,0,0,-0.00229183,0,0,0,0,0,0,0,0,0,1,71,54,0,0.00034,0.00034,3,5,0,0,0,0,0,0,0,0,0,0,1,0,1,0,0,0,0,0,0,0,0,,0,0,0,0,
9,6.77,0,-20.1,26,0,0,0,-1.85,0,0,0,0,-18.5,0,0,0,0,-0.00229183,0,0,0,0,0,0,0,0,0,1,72,54,0,0.00034,0.00034,3,5,0,0,0,0,0,0,0,0,0,0,1,0,1,0,0,0,0,0,0,0,0,,0,0,0,0,
10,7.58,0,32.4,43,0,0,0,6.65,0,0,0,0,7.5,0,0,0,0,-0.00229183,0,0,0,0,0,0,0,0,0,1,89,54,0,0.00034,0.00034,3,5,0,0,0,0,0,0,0,0,0,0,1,0,1,0,0,0,0,0,0,0,0,,0,0,0,0,
11,8.23,0,-24.95,29,0,0,0,10.3,0,0,0,0,-12,0,0,0,0,-0.00229183,0,0,0,0,0,0,0,0,0,1,75,54,0,0.00034,0.00034,3,5,0,0,0,0,0,0,0,0,0,0,1,0,1,0,0,0,0,0,0,0,0,,0,0,0,0,
12,8.51,0,45.15,31.5,0,0,0,5.8,0,0,0,0,7,0,0,0,0,-0.00229183,0,0,0,0,0,0,0,0,0,1,78,54,0,0.00034,0.00034,3,5,0,0,0,0,0,0,0,0,0,0,1,0,1,0,0,0,0,0,0,0,0,,0,0,0,0,
13,8.95,0,-32.85,26,0,0,0,-1.6,0,0,0,0,-10,0,0,0,0,-0.00229183,0,0,0,0,0,0,0,0,0,1,73,54,0,0.00034,0.00034,3,5,0,0,0,0,0,0,0,0,0,0,1,0,1,0,0,0,0,0,0,0,0,,0,0,0,0,
14,9.38,0,-29.3,24,0,0,0,-3.45,0,0,0,0,-13.5,0,0,0,0,-0.00229183,0,0,0,0,0,0,0,0,0,1,71,54,0,0.00034,0.00034,3,5,0,0,0,0,0,0,0,0,0,0,1,0,1,0,0,0,0,0,0,0,0,,0,0,0,0,
15,12.16,0,-12.85,27,0,0,0,12.15,0,0,0,0,-15.5,0,0,0,0,-0.00229183,0,0,0,0,0,0,0,0,0,1,74,54,0,0.00034,0.00034,3,5,0,0,0,0,0,0,0,0,0,0,1,0,1,0,0,0,0,0,0,0,0,,0,0,0,0,
16,13,0,-23.35,21,0,0,0,-1.75,0,0,0,0,-18,0,0,0,0,-0.00229183,0,0,0,0,0,0,0,0,0,1,67,54,0,0.00034,0.00034,3,5,0,0,0,0,0,0,0,0,0,0,1,0,1,0,0,0,0,0,0,0,0,,0,0,0,0,
END,Total:17




BB Hw:V3.1.9.1,app Fw:V6.4.23.11.0.0,boot Fw:V6.4.23.6.0.0,PA cali Fw:V6.4.23.6.0.0,CT_RadarTool FW:V7.0,Can CH:1.4.6.3,Can rate:0,CarSpeedMode:0,
