ObjId,range,speed,angle,snr,Kstate,OboCarSpeed,heigh,heighAngle,X,Y,EstimateCarSpeed,EstimateMagCarSpeed,RCS,WheelSpdFl,WheelSpdFR,WheelSpdRL,WheelSpdRR,YawRate,frameIntervalTimeZ4,SelfCalcAngle,SenceFlag,SortFlag,trkReiablility,RadiusCurvature,Xaccel,Yaccel,noise,using,DbfMag,FrameIntervalTime,installAngleOffset,VehLatAcc,VehLongAcc,matchFlag,tag,deltaRange,clusterID,idx,objLen,weight,MeasCounter,MAtr,SteeringAngle,SteeringAngleSpd,EstCarSpeed,Gear,isDmlMode,waveType,sideSlobe0,sideSlobe1,sideSlobe2,peakNum1,peakNum2,AlgTeam,ObstacleProb,scene,errorCode,FlagJam,FlagTunnelFence,FlagFenceScene,FlagBarnScene
START,FrameNb:0,CameraNb:0,HeSaiNb:0,ARS410Nb:0
2026/08/02 16:23:49:377---->
heightOffset:0,1785659029377,1318884,selfCaliBufCnt:0,selfAccObjCnt:0,selfAccAngle:0,installHAngleOffset:0,Interpolation:0,installVAngleOffset:0,radarOffsetH:0,radarOffsetV:0.32,Polynom:-0.001023;-0.0511;-2.047;0;0;0;-0.001023;-0.0511;-2.047;-25.5;0;0,WheelDirection:0;0;0;0,selfAngleOffset:0,selfAngleOffsetPit:0,currCaliAngleHrz:0,currCaliAnglePit:0,selfCaliAngleHrz:0,selfCaliAnglePit:0,servCaliAngleHrz:0,servCaliAnglePit:0,offlineCaliAngleHrz:0,offlineCaliAnglePit:0,determine2useFlag:0,IMU_Z_Accel:-21.592,IMU_X_AngularRate:-2.093,IMU_Y_AngularRate:-2.093,IMU_RollAngle:-180,IMU_PitchAngle:-180,IMU_YawAngle:-180,FcwID:0,FCWWarningLevel:0,FCWTTC:0
0,2.32,0,30.1,29,0,0,0,8.2,1.37605e-33,0,0,0,-9,0,0,0,0,-0.00229183,0,0,0,0,0,0,0,0,0,1,78,54,0,0.00034,0.00034,3,5,0,0,0,0,0,0,0,0,0,0,1,0,1,0,0,0,0,0,0,0,0,,0,0,0,0,
1,2.79,0,-34.05,43.5,0,0,0,1.75,0,0,0,0,6,0,0,0,0,-0.00229183,0,0,0,0,0,0,0,0,0,1,92,54,0,0.00034,0.00034,3,0,0,0,0,0,0,0,0,0,0,0,1,0,1,0,0,0,0,0,0,0,0,,0,0,0,0,
2,3.27,0,13.7,37.5,0,0,0,2.7,0,0,0,0,-8.5,0,0,0,0,-0.00229183,0,0,0,0,0,0,0,0,0,1,86,54,0,0.00034,0.00034,3,5,0,0,0,0,0,0,0,0,0,0,1,0,1,0,0,0,0,0,0,0,0,,0,0,0,0,
3,3.6,0,45.6,31.5,0,0,0,-9.2,0,0,0,0,5,0,0,0,0,-0.00229183,0,0,0,0,0,0,0,0,0,1,80,54,0,0.00034,0.00034,3,5,0,0,0,0,0,0,0,0,0,0,1,0,1,0,0,0,0,0,0,0,0,,0,0,0,0,
4,4.03,0,2.2,41.5,0,0,0,0.55,0,0,0,0,-6.5,0,0,0,0,-0.00229183,0,0,0,0,0,0,0,0,0,1,89,54,0,0.00034,0.00034,3,5,0,0,0,0,0,0,0,0,0,0,1,0,1,0,0,0,0,0,0,0,0,,0,0,0,0,
5,5.17,0,-35.1,34,0,0,0,-3.35,0,0,0,0,-6,0,0,0,0,-0.00229183,0,0,0,0,0,0,0,0,0,1,79,54,0,0.00034,0.00034,3,5,0,0,0,0,0,0,0,0,0,0,1,0,1,0,0,0,0,0,0,0,0,,0,0,0,0,
6,5.17,0,-40.6,34,0,0,0,0.05,0,0,0,0,-3,0,0,0,0,-0.00229183,0,0,0,0,0,0,0,0,0,1,79,54,0,0.00034,0.00034,3,5,0,0,0,0,0,0,0,0,0,0,1,0,1,0,0,0,0,0,0,0,0,,0,0,0,0,
7,5.61,0,-34.6,35.5,0,0,0,-3.05,0,0,0,0,-4,0,0,0,0,-0.00229183,0,0,0,0,0,0,0,0,0,1,80,54,0,0.00034,0.00034,3,5,0,0,0,0,0,0,0,0,0,0,1,0,1,0,0,0,0,0,0,0,0,,0,0,0,0,
8,5.61,0,-24.15,35.5,0,0,0,-5.55,0,0,0,0,-9,0,0,0,0,-0.00229183,0,0,0,0,0,0,0,0,0,1,80,54,0,0.00034,0.00034,3,5,0,0,0,0,0,0,0,0,0,0,1,0,1,0,0,0,0,0,0,0,0,,0,0,0,0,
9,5.83,0,-40.4,30.5,0,0,0,0.25,0,0,0,0,-5.5,0,0,0,0,-0.00229183,0,0,0,0,0,0,0,0,0,1,76,54,0,0.00034,0.00034,3,5,0,0,0,0,0,0,0,0,0,0,1,0,1,0,0,0,0,0,0,0,0,,0,0,0,0,
10,6.62,0,4.7,24.5,0,0,0,-13.3,0,0,0,0,-23.5,0,0,0,0,-0.00229183,0,0,0,0,0,0,0,0,0,1,70,54,0,0.00034,0.00034,2,-1,0,0,0,0,0,0,0,0,0,0,1,0,1,0,0,0,0,0,0,0,0,,0,0,0,0,
11,7.03,0,-10.35,25,0,0,0,-4.2,0,0,0,0,-22.5,0,0,0,0,-0.00229183,0,0,0,0,0,0,0,0,0,1,71,54,0,0.00034,0.00034,3,5,0,0,0,0,0,0,0,0,0,0,1,0,1,0,0,0,0,0,0,0,0,,0,0,0,0,
12,7.64,0,34.7,40,0,0,0,6.8,0,0,0,0,5.5,0,0,0,0,-0.00229183,0,0,0,0,0,0,0,0,0,1,86,54,0,0.00034,0.00034,3,5,0,0,0,0,0,0,0,0,0,0,1,0,1,0,0,0,0,0,0,0,0,,0,0,0,0,
13,8.24,0,-25.05,29,0,0,0,-1.75,0,0,0,0,-12,0,0,0,0,-0.00229183,0,0,0,0,0,0,0,0,0,1,75,54,0,0.00034,0.00034,3,0,0,0,0,0,0,0,0,0,0,0,1,0,1,0,0,0,0,0,0,0,0,,0,0,0,0,
14,8.64,0,69.1,30,0,0,0,-11.3,0,0,0,0,22.5,0,0,0,0,-0.00229183,0,0,0,0,0,0,0,0,0,1,76,54,0,0.00034,0.00034,3,7,0,0,0,0,0,0,0,0,0,0,1,0,1,0,0,0,0,0,0,0,0,,0,0,0,0,
15,8.9,0,-32.8,26.5,0,0,0,-0.3,0,0,0,0,-10,0,0,0,0,-0.00229183,0,0,0,0,0,0,0,0,0,1,73,54,0,0.00034,0.00034,3,5,0,0,0,0,0,0,0,0,0,0,1,0,1,0,0,0,0,0,0,0,0,,0,0,0,0,
16,9.4,0,-29.15,23,0,0,0,-2.95,0,0,0,0,-15,0,0,0,0,-0.00229183,0,0,0,0,0,0,0,0,0,1,69,54,0,0.00034,0.00034,3,5,0,0,0,0,0,0,0,0,0,0,1,0,1,0,0,0,0,0,0,0,0,,0,0,0,0,
17,9.81,0,-28.2,21,0,0,0,-1.55,0,0,0,0,-18,0,0,0,0,-0.00229183,0,0,0,0,0,0,0,0,0,1,67,54,0,0.00034,0.00034,3,5,0,0,0,0,0,0,0,0,0,0,1,0,1,0,0,0,0,0,0,0,0,,0,0,0,0,
18,12.17,0,-12.55,26.5,0,0,0,12.8,0,0,0,0,-16,0,0,0,0,-0.00229183,0,0,0,0,0,0,0,0,0,1,73,54,0,0.00034,0.00034,3,5,0,0,0,0,0,0,0,0,0,0,1,0,1,0,0,0,0,0,0,0,0,,0,0,0,0,
19,12.99,0,-23.1,21.5,0,0,0,-1.75,0,0,0,0,-17.5,0,0,0,0,-0.00229183,0,0,0,0,0,0,0,0,0,1,68,54,0,0.00034,0.00034,3,5,0,0,0,0,0,0,0,0,0,0,1,0,1,0,0,0,0,0,0,0,0,,0,0,0,0,
END,Total:20
START,FrameNb:1,CameraNb:0,HeSaiNb:0,ARS410Nb:0
2026/08/02 16:23:49:411---->
heightOffset:0,1785659029411,1318936,selfCaliBufCnt:0,selfAccObjCnt:0,selfAccAngle:0,installHAngleOffset:0,Interpolation:0,installVAngleOffset:0,radarOffsetH:0,radarOffsetV:0.32,Polynom:-0.001023;-0.0511;-2.047;0;0;0;-0.001023;-0.0511;-2.047;-25.5;0;0,WheelDirection:0;0;0;0,selfAngleOffset:0,selfAngleOffsetPit:0,currCaliAngleHrz:0,currCaliAnglePit:0,selfCaliAngleHrz:0,selfCaliAnglePit:0,servCaliAngleHrz:0,servCaliAnglePit:0,offlineCaliAngleHrz:0,offlineCaliAnglePit:0,determine2useFlag:0,IMU_Z_Accel:-21.592,IMU_X_AngularRate:-2.093,IMU_Y_AngularRate:-2.093,IMU_RollAngle:-180,IMU_PitchAngle:-180,IMU_YawAngle:-180,FcwID:0,FCWWarningLevel:0,FCWTTC:0
0,2.32,0,30.1,29,0,0,0,7.7,1.37605e-33,0,0,0,-8.5,0,0,0,0,-0.00229183,0,0,0,0,0,0,0,0,0,1,78,58,0,0.00034,0.00034,3,5,0,0,0,0,0,0,0,0,0,0,1,0,0,0,0,0,0,0,0,0,0,,0,0,0,0,
1,2.8,0,-34.05,43,0,0,0,1.75,0,0,0,0,6,0,0,0,0,-0.00229183,0,0,0,0,0,0,0,0,0,1,92,58,0,0.00034,0.00034,3,0,0,0,0,0,0,0,0,0,0,0,1,0,0,0,0,0,0,0,0,0,0,,0,0,0,0,
2,3.27,0,13.8,37,0,0,0,2.65,0,0,0,0,-8.5,0,0,0,0,-0.00229183,0,0,0,0,0,0,0,0,0,1,86,58,0,0.00034,0.00034,3,5,0,0,0,0,0,0,0,0,0,0,1,0,0,0,0,0,0,0,0,0,0,,0,0,0,0,
3,3.58,0,45.8,31.5,0,0,0,-10.3,0,0,0,0,5,0,0,0,0,-0.00229183,0,0,0,0,0,0,0,0,0,1,80,58,0,0.00034,0.00034,3,5,0,0,0,0,0,0,0,0,0,0,1,0,0,0,0,0,0,0,0,0,0,,0,0,0,0,
4,4.03,0,2.2,41.5,0,0,0,0.55,0,0,0,0,-6,0,0,0,0,-0.00229183,0,0,0,0,0,0,0,0,0,1,89,58,0,0.00034,0.00034,3,5,0,0,0,0,0,0,0,0,0,0,1,0,0,0,0,0,0,0,0,0,0,,0,0,0,0,
5,5.17,0,-35.1,34,0,0,0,-3.3,0,0,0,0,-6,0,0,0,0,-0.00229183,0,0,0,0,0,0,0,0,0,1,79,58,0,0.00034,0.00034,3,5,0,0,0,0,0,0,0,0,0,0,1,0,0,0,0,0,0,0,0,0,0,,0,0,0,0,
6,5.17,0,-40.6,34,0,0,0,0.15,0,0,0,0,-3,0,0,0,0,-0.00229183,0,0,0,0,0,0,0,0,0,1,79,58,0,0.00034,0.00034,3,5,0,0,0,0,0,0,0,0,0,0,1,0,0,0,0,0,0,0,0,0,0,,0,0,0,0,
7,5.61,0,-34.6,35.5,0,0,0,-3.1,0,0,0,0,-4,0,0,0,0,-0.00229183,0,0,0,0,0,0,0,0,0,1,80,58,0,0.00034,0.00034,3,5,0,0,0,0,0,0,0,0,0,0,1,0,0,0,0,0,0,0,0,0,0,,0,0,0,0,
8,5.61,0,-24.2,35.5,0,0,0,-5.55,0,0,0,0,-9,0,0,0,0,-0.00229183,0,0,0,0,0,0,0,0,0,1,80,58,0,0.00034,0.00034,3,5,0,0,0,0,0,0,0,0,0,0,1,0,0,0,0,0,0,0,0,0,0,,0,0,0,0,
9,5.83,0,-40.6,30.5,0,0,0,0,0,0,0,0,-5.5,0,0,0,0,-0.00229183,0,0,0,0,0,0,0,0,0,1,75,58,0,0.00034,0.00034,3,5,0,0,0,0,0,0,0,0,0,0,1,0,0,0,0,0,0,0,0,0,0,,0,0,0,0,
10,6.62,0,-54.05,24,0,0,0,-7.25,0,0,0,0,0.5,0,0,0,0,-0.00229183,0,0,0,0,0,0,0,0,0,1,70,58,0,0.00034,0.00034,3,5,0,0,0,0,0,0,0,0,0,0,1,0,0,0,0,0,0,0,0,0,0,,0,0,0,0,
11,7.03,0,-33.45,24.5,0,0,0,-2.85,0,0,0,0,-13.5,0,0,0,0,-0.00229183,0,0,0,0,0,0,0,0,0,1,70,58,0,0.00034,0.00034,3,5,0,0,0,0,0,0,0,0,0,0,1,0,0,0,0,0,0,0,0,0,0,,0,0,0,0,
12,7.65,0,34.8,39.5,0,0,0,6.7,0,0,0,0,5,0,0,0,0,-0.00229183,0,0,0,0,0,0,0,0,0,1,86,58,0,0.00034,0.00034,3,0,0,0,0,0,0,0,0,0,0,0,1,0,0,0,0,0,0,0,0,0,0,,0,0,0,0,
13,8.23,0,-25.1,29,0,0,0,-1.7,0,0,0,0,-12,0,0,0,0,-0.00229183,0,0,0,0,0,0,0,0,0,1,75,58,0,0.00034,0.00034,3,0,0,0,0,0,0,0,0,0,0,0,1,0,0,0,0,0,0,0,0,0,0,,0,0,0,0,
14,8.64,0,69.1,30,0,0,0,-11.3,0,0,0,0,22.5,0,0,0,0,-0.00229183,0,0,0,0,0,0,0,0,0,1,76,58,0,0.00034,0.00034,3,7,0,0,0,0,0,0,0,0,0,0,1,0,0,0,0,0,0,0,0,0,0,,0,0,0,0,
15,8.9,0,-32.8,26.5,0,0,0,-0.2,0,0,0,0,-10,0,0,0,0,-0.00229183,0,0,0,0,0,0,0,0,0,1,73,58,0,0.00034,0.00034,3,5,0,0,0,0,0,0,0,0,0,0,1,0,0,0,0,0,0,0,0,0,0,,0,0,0,0,
16,9.38,0,-29.1,23,0,0,0,-3,0,0,0,0,-15,0,0,0,0,-0.00229183,0,0,0,0,0,0,0,0,0,1,69,58,0,0.00034,0.00034,3,5,0,0,0,0,0,0,0,0,0,0,1,0,0,0,0,0,0,0,0,0,0,,0,0,0,0,
17,9.84,0,-28.3,21,0,0,0,-0.8,0,0,0,0,-17.5,0,0,0,0,-0.00229183,0,0,0,0,0,0,0,0,0,1,67,58,0,0.00034,0.00034,3,5,0,0,0,0,0,0,0,0,0,0,1,0,0,0,0,0,0,0,0,0,0,,0,0,0,0,
18,12.17,0,-12.6,26.5,0,0,0,13,0,0,0,0,-16,0,0,0,0,-0.00229183,0,0,0,0,0,0,0,0,0,1,73,58,0,0.00034,0.00034,3,5,0,0,0,0,0,0,0,0,0,0,1,0,0,0,0,0,0,0,0,0,0,,0,0,0,0,
19,13,0,-23.1,21.5,0,0,0,-1.85,0,0,0,0,-17.5,0,0,0,0,-0.00229183,0,0,0,0,0,0,0,0,0,1,68,58,0,0.00034,0.00034,3,5,0,0,0,0,0,0,0,0,0,0,1,0,0,0,0,0,0,0,0,0,0,,0,0,0,0,
END,Total:20
START,FrameNb:2,CameraNb:0,HeSaiNb:0,ARS410Nb:0
2026/08/02 16:23:49:450---->
heightOffset:0,1785659029450,1318996,selfCaliBufCnt:0,selfAccObjCnt:0,selfAccAngle:0,installHAngleOffset:0,Interpolation:0,installVAngleOffset:0,radarOffsetH:0,radarOffsetV:0.32,Polynom:-0.001023;-0.0511;-2.047;0;0;0;-0.001023;-0.0511;-2.047;-25.5;0;0,WheelDirection:0;0;0;0,selfAngleOffset:0,selfAngleOffsetPit:0,currCaliAngleHrz:0,currCaliAnglePit:0,selfCaliAngleHrz:0,selfCaliAnglePit:0,servCaliAngleHrz:0,servCaliAnglePit:0,offlineCaliAngleHrz:0,offlineCaliAnglePit:0,determine2useFlag:0,IMU_Z_Accel:-21.592,IMU_X_AngularRate:-2.093,IMU_Y_AngularRate:-2.093,IMU_RollAngle:-180,IMU_PitchAngle:-180,IMU_YawAngle:-180,FcwID:0,FCWWarningLevel:0,FCWTTC:0
0,2.32,0,30.15,29,0,0,0,8.25,1.37605e-33,0,0,0,-9,0,0,0,0,-0.00229183,0,0,0,0,0,0,0,0,0,1,78,54,0,0.00034,0.00034,3,5,0,0,0,0,0,0,0,0,0,0,1,0,1,0,0,0,0,0,0,0,0,,0,0,0,0,
1,2.79,0,-34.05,43,0,0,0,1.75,0,0,0,0,6,0,0,0,0,-0.00229183,0,0,0,0,0,0,0,0,0,1,92,54,0,0.00034,0.00034,3,0,0,0,0,0,0,0,0,0,0,0,1,0,1,0,0,0,0,0,0,0,0,,0,0,0,0,
2,3.27,0,13.8,37,0,0,0,2.65,0,0,0,0,-8.5,0,0,0,0,-0.00229183,0,0,0,0,0,0,0,0,0,1,86,54,0,0.00034,0.00034,3,5,0,0,0,0,0,0,0,0,0,0,1,0,1,0,0,0,0,0,0,0,0,,0,0,0,0,
3,3.71,0,45.45,31.5,0,0,0,-9.45,0,0,0,0,5,0,0,0,0,-0.00229183,0,0,0,0,0,0,0,0,0,1,80,54,0,0.00034,0.00034,3,5,0,0,0,0,0,0,0,0,0,0,1,0,1,0,0,0,0,0,0,0,0,,0,0,0,0,
4,4.03,0,2.2,41.5,0,0,0,0.55,0,0,0,0,-6.5,0,0,0,0,-0.00229183,0,0,0,0,0,0,0,0,0,1,89,54,0,0.00034,0.00034,3,5,0,0,0,0,0,0,0,0,0,0,1,0,1,0,0,0,0,0,0,0,0,,0,0,0,0,
5,5.17,0,-35.1,33.5,0,0,0,-3.35,0,0,0,0,-6,0,0,0,0,-0.00229183,0,0,0,0,0,0,0,0,0,1,79,54,0,0.00034,0.00034,3,5,0,0,0,0,0,0,0,0,0,0,1,0,1,0,0,0,0,0,0,0,0,,0,0,0,0,
6,5.17,0,-40.55,33.5,0,0,0,0.2,0,0,0,0,-3,0,0,0,0,-0.00229183,0,0,0,0,0,0,0,0,0,1,79,54,0,0.00034,0.00034,3,5,0,0,0,0,0,0,0,0,0,0,1,0,1,0,0,0,0,0,0,0,0,,0,0,0,0,
7,5.62,0,-34.6,35.5,0,0,0,-3.05,0,0,0,0,-4,0,0,0,0,-0.00229183,0,0,0,0,0,0,0,0,0,1,80,54,0,0.00034,0.00034,3,5,0,0,0,0,0,0,0,0,0,0,1,0,1,0,0,0,0,0,0,0,0,,0,0,0,0,
8,5.62,0,-24.15,35.5,0,0,0,-5.55,0,0,0,0,-9,0,0,0,0,-0.00229183,0,0,0,0,0,0,0,0,0,1,80,54,0,0.00034,0.00034,3,5,0,0,0,0,0,0,0,0,0,0,1,0,1,0,0,0,0,0,0,0,0,,0,0,0,0,
9,5.83,0,-40.8,30.5,0,0,0,0.3,0,0,0,0,-5.5,0,0,0,0,-0.00229183,0,0,0,0,0,0,0,0,0,1,75,54,0,0.00034,0.00034,3,5,0,0,0,0,0,0,0,0,0,0,1,0,1,0,0,0,0,0,0,0,0,,0,0,0,0,
10,6.62,0,-54,24.5,0,0,0,-2.25,0,0,0,0,0.5,0,0,0,0,-0.00229183,0,0,0,0,0,0,0,0,0,1,70,54,0,0.00034,0.00034,3,5,0,0,0,0,0,0,0,0,0,0,1,0,1,0,0,0,0,0,0,0,0,,0,0,0,0,
11,7.03,0,-33.3,25,0,0,0,7.75,0,0,0,0,-13.5,0,0,0,0,-0.00229183,0,0,0,0,0,0,0,0,0,1,70,54,0,0.00034,0.00034,3,5,0,0,0,0,0,0,0,0,0,0,1,0,1,0,0,0,0,0,0,0,0,,0,0,0,0,
12,7.66,0,34.8,39.5,0,0,0,6.15,0,0,0,0,5,0,0,0,0,-0.00229183,0,0,0,0,0,0,0,0,0,1,85,54,0,0.00034,0.00034,3,0,0,0,0,0,0,0,0,0,0,0,1,0,1,0,0,0,0,0,0,0,0,,0,0,0,0,
13,8.24,0,-25.1,29,0,0,0,-1.6,0,0,0,0,-12,0,0,0,0,-0.00229183,0,0,0,0,0,0,0,0,0,1,75,54,0,0.00034,0.00034,3,0,0,0,0,0,0,0,0,0,0,0,1,0,1,0,0,0,0,0,0,0,0,,0,0,0,0,
14,8.48,0,69.1,30,0,0,0,-11.2,0,0,0,0,22,0,0,0,0,-0.00229183,0,0,0,0,0,0,0,0,0,1,76,54,0,0.00034,0.00034,3,7,0,0,0,0,0,0,0,0,0,0,1,0,1,0,0,0,0,0,0,0,0,,0,0,0,0,
15,8.9,0,-32.8,26,0,0,0,-0.55,0,0,0,0,-10,0,0,0,0,-0.00229183,0,0,0,0,0,0,0,0,0,1,73,54,0,0.00034,0.00034,3,5,0,0,0,0,0,0,0,0,0,0,1,0,1,0,0,0,0,0,0,0,0,,0,0,0,0,
16,9.39,0,-29.3,22.5,0,0,0,-2.7,0,0,0,0,-15,0,0,0,0,-0.00229183,0,0,0,0,0,0,0,0,0,1,69,54,0,0.00034,0.00034,3,5,0,0,0,0,0,0,0,0,0,0,1,0,1,0,0,0,0,0,0,0,0,,0,0,0,0,
17,9.82,0,-28.2,21,0,0,0,-1.05,0,0,0,0,-17.5,0,0,0,0,-0.00229183,0,0,0,0,0,0,0,0,0,1,68,54,0,0.00034,0.00034,3,5,0,0,0,0,0,0,0,0,0,0,1,0,1,0,0,0,0,0,0,0,0,,0,0,0,0,
18,12.16,0,-12.55,27,0,0,0,12.7,0,0,0,0,-16,0,0,0,0,-0.00229183,0,0,0,0,0,0,0,0,0,1,73,54,0,0.00034,0.00034,3,5,0,0,0,0,0,0,0,0,0,0,1,0,1,0,0,0,0,0,0,0,0,,0,0,0,0,
19,13,0,-23.1,21.5,0,0,0,-1.8,0,0,0,0,-17.5,0,0,0,0,-0.00229183,0,0,0,0,0,0,0,0,0,1,68,54,0,0.00034,0.00034,3,5,0,0,0,0,0,0,0,0,0,0,1,0,1,0,0,0,0,0,0,0,0,,0,0,0,0,
END,Total:20
START,FrameNb:3,CameraNb:0,HeSaiNb:0,ARS410Nb:0
2026/08/02 16:23:49:483---->
heightOffset:0,1785659029483,1319052,selfCaliBufCnt:0,selfAccObjCnt:0,selfAccAngle:0,installHAngleOffset:0,Interpolation:0,installVAngleOffset:0,radarOffsetH:0,radarOffsetV:0.32,Polynom:-0.001023;-0.0511;-2.047;0;0;0;-0.001023;-0.0511;-2.047;-25.5;0;0,WheelDirection:0;0;0;0,selfAngleOffset:0,selfAngleOffsetPit:0,currCaliAngleHrz:0,currCaliAnglePit:0,selfCaliAngleHrz:0,selfCaliAnglePit:0,servCaliAngleHrz:0,servCaliAnglePit:0,offlineCaliAngleHrz:0,offlineCaliAnglePit:0,determine2useFlag:0,IMU_Z_Accel:-21.592,IMU_X_AngularRate:-2.093,IMU_Y_AngularRate:-2.093,IMU_RollAngle:-180,IMU_PitchAngle:-180,IMU_YawAngle:-180,FcwID:0,FCWWarningLevel:0,FCWTTC:0
0,2.32,0,30.05,29,0,0,0,7.8,1.37605e-33,0,0,0,-8.5,0,0,0,0,-0.00229183,0,0,0,0,0,0,0,0,0,1,78,61,0,0.00034,0.00034,3,5,0,0,0,0,0,0,0,0,0,0,1,0,0,0,0,0,0,0,0,0,0,,0,0,0,0,
1,2.8,0,-34.05,43.5,0,0,0,1.75,0,0,0,0,6,0,0,0,0,-0.00229183,0,0,0,0,0,0,0,0,0,1,92,61,0,0.00034,0.00034,3,0,0,0,0,0,0,0,0,0,0,0,1,0,0,0,0,0,0,0,0,0,0,,0,0,0,0,
2,3.27,0,13.8,37,0,0,0,2.65,0,0,0,0,-8.5,0,0,0,0,-0.00229183,0,0,0,0,0,0,0,0,0,1,86,61,0,0.00034,0.00034,3,5,0,0,0,0,0,0,0,0,0,0,1,0,0,0,0,0,0,0,0,0,0,,0,0,0,0,
3,3.61,0,45.8,31.5,0,0,0,-10.3,0,0,0,0,5,0,0,0,0,-0.00229183,0,0,0,0,0,0,0,0,0,1,80,61,0,0.00034,0.00034,3,5,0,0,0,0,0,0,0,0,0,0,1,0,0,0,0,0,0,0,0,0,0,,0,0,0,0,
4,4.03,0,2.2,41.5,0,0,0,0.55,0,0,0,0,-6,0,0,0,0,-0.00229183,0,0,0,0,0,0,0,0,0,1,89,61,0,0.00034,0.00034,3,5,0,0,0,0,0,0,0,0,0,0,1,0,0,0,0,0,0,0,0,0,0,,0,0,0,0,
5,5.16,0,-35.05,34,0,0,0,-3.3,0,0,0,0,-6,0,0,0,0,-0.00229183,0,0,0,0,0,0,0,0,0,1,79,61,0,0.00034,0.00034,3,5,0,0,0,0,0,0,0,0,0,0,1,0,0,0,0,0,0,0,0,0,0,,0,0,0,0,
6,5.16,0,-40.6,34,0,0,0,0.2,0,0,0,0,-3,0,0,0,0,-0.00229183,0,0,0,0,0,0,0,0,0,1,79,61,0,0.00034,0.00034,3,5,0,0,0,0,0,0,0,0,0,0,1,0,0,0,0,0,0,0,0,0,0,,0,0,0,0,
7,5.61,0,-34.65,36,0,0,0,-3.05,0,0,0,0,-4,0,0,0,0,-0.00229183,0,0,0,0,0,0,0,0,0,1,80,61,0,0.00034,0.00034,3,5,0,0,0,0,0,0,0,0,0,0,1,0,0,0,0,0,0,0,0,0,0,,0,0,0,0,
8,5.61,0,-24.15,36,0,0,0,-5.55,0,0,0,0,-9,0,0,0,0,-0.00229183,0,0,0,0,0,0,0,0,0,1,80,61,0,0.00034,0.00034,3,5,0,0,0,0,0,0,0,0,0,0,1,0,0,0,0,0,0,0,0,0,0,,0,0,0,0,
9,5.83,0,-40.8,30.5,0,0,0,0,0,0,0,0,-5.5,0,0,0,0,-0.00229183,0,0,0,0,0,0,0,0,0,1,75,61,0,0.00034,0.00034,3,5,0,0,0,0,0,0,0,0,0,0,1,0,0,0,0,0,0,0,0,0,0,,0,0,0,0,
10,6.63,0,-53.9,24.5,0,0,0,1.15,0,0,0,0,0.5,0,0,0,0,-0.00229183,0,0,0,0,0,0,0,0,0,1,70,61,0,0.00034,0.00034,3,5,0,0,0,0,0,0,0,0,0,0,1,0,0,0,0,0,0,0,0,0,0,,0,0,0,0,
11,7.03,0,-10.05,24.5,0,0,0,2,0,0,0,0,-23,0,0,0,0,-0.00229183,0,0,0,0,0,0,0,0,0,1,70,61,0,0.00034,0.00034,3,5,0,0,0,0,0,0,0,0,0,0,1,0,0,0,0,0,0,0,0,0,0,,0,0,0,0,
12,7.64,0,34.8,39.5,0,0,0,6.05,0,0,0,0,4.5,0,0,0,0,-0.00229183,0,0,0,0,0,0,0,0,0,1,85,61,0,0.00034,0.00034,3,5,0,0,0,0,0,0,0,0,0,0,1,0,0,0,0,0,0,0,0,0,0,,0,0,0,0,
13,8.23,0,-25.2,29,0,0,0,12.15,0,0,0,0,-12,0,0,0,0,-0.00229183,0,0,0,0,0,0,0,0,0,1,75,61,0,0.00034,0.00034,3,0,0,0,0,0,0,0,0,0,0,0,1,0,0,0,0,0,0,0,0,0,0,,0,0,0,0,
14,8.65,0,69.1,30,0,0,0,-11.45,0,0,0,0,22.5,0,0,0,0,-0.00229183,0,0,0,0,0,0,0,0,0,1,76,61,0,0.00034,0.00034,3,7,0,0,0,0,0,0,0,0,0,0,1,0,0,0,0,0,0,0,0,0,0,,0,0,0,0,
15,8.9,0,-32.7,26,0,0,0,-0.55,0,0,0,0,-10,0,0,0,0,-0.00229183,0,0,0,0,0,0,0,0,0,1,73,61,0,0.00034,0.00034,3,5,0,0,0,0,0,0,0,0,0,0,1,0,0,0,0,0,0,0,0,0,0,,0,0,0,0,
16,9.39,0,-29.2,23,0,0,0,-2.7,0,0,0,0,-15,0,0,0,0,-0.00229183,0,0,0,0,0,0,0,0,0,1,69,61,0,0.00034,0.00034,3,5,0,0,0,0,0,0,0,0,0,0,1,0,0,0,0,0,0,0,0,0,0,,0,0,0,0,
17,9.86,0,-28.3,21,0,0,0,-0.55,0,0,0,0,-17.5,0,0,0,0,-0.00229183,0,0,0,0,0,0,0,0,0,1,68,61,0,0.00034,0.00034,3,5,0,0,0,0,0,0,0,0,0,0,1,0,0,0,0,0,0,0,0,0,0,,0,0,0,0,
18,12.16,0,-12.55,26.5,0,0,0,13,0,0,0,0,-16.5,0,0,0,0,-0.00229183,0,0,0,0,0,0,0,0,0,1,73,61,0,0.00034,0.00034,3,5,0,0,0,0,0,0,0,0,0,0,1,0,0,0,0,0,0,0,0,0,0,,0,0,0,0,
19,13,0,-23.1,21,0,0,0,-1.75,0,0,0,0,-18,0,0,0,0,-0.00229183,0,0,0,0,0,0,0,0,0,1,67,61,0,0.00034,0.00034,3,5,0,0,0,0,0,0,0,0,0,0,1,0,0,0,0,0,0,0,0,0,0,,0,0,0,0,
END,Total:20
START,FrameNb:4,CameraNb:0,HeSaiNb:0,ARS410Nb:0
2026/08/02 16:23:49:550---->
heightOffset:0,1785659029550,1319116,selfCaliBufCnt:0,selfAccObjCnt:0,selfAccAngle:0,installHAngleOffset:0,Interpolation:0,installVAngleOffset:0,radarOffsetH:0,radarOffsetV:0.32,Polynom:-0.001023;-0.0511;-2.047;0;0;0;-0.001023;-0.0511;-2.047;-25.5;0;0,WheelDirection:0;0;0;0,selfAngleOffset:0,selfAngleOffsetPit:0,currCaliAngleHrz:0,currCaliAnglePit:0,selfCaliAngleHrz:0,selfCaliAnglePit:0,servCaliAngleHrz:0,servCaliAnglePit:0,offlineCaliAngleHrz:0,offlineCaliAnglePit:0,determine2useFlag:0,IMU_Z_Accel:-21.592,IMU_X_AngularRate:-2.093,IMU_Y_AngularRate:-2.093,IMU_RollAngle:-180,IMU_PitchAngle:-180,IMU_YawAngle:-180,FcwID:0,FCWWarningLevel:0,FCWTTC:0
0,2.32,0,30.1,29,0,0,0,8.3,1.37605e-33,0,0,0,-9,0,0,0,0,-0.00229183,0,0,0,0,0,0,0,0,0,1,78,59,0,0.00034,0.00034,3,5,0,0,0,0,0,0,0,0,0,0,1,0,1,0,0,0,0,0,0,0,0,,0,0,0,0,
1,2.79,0,-34.05,43,0,0,0,1.75,0,0,0,0,6,0,0,0,0,-0.00229183,0,0,0,0,0,0,0,0,0,1,92,59,0,0.00034,0.00034,3,0,0,0,0,0,0,0,0,0,0,0,1,0,1,0,0,0,0,0,0,0,0,,0,0,0,0,
2,3.27,0,13.7,37,0,0,0,2.7,0,0,0,0,-8.5,0,0,0,0,-0.00229183,0,0,0,0,0,0,0,0,0,1,86,59,0,0.00034,0.00034,3,5,0,0,0,0,0,0,0,0,0,0,1,0,1,0,0,0,0,0,0,0,0,,0,0,0,0,
3,3.7,0,45.55,31.5,0,0,0,-9.3,0,0,0,0,5,0,0,0,0,-0.00229183,0,0,0,0,0,0,0,0,0,1,80,59,0,0.00034,0.00034,3,5,0,0,0,0,0,0,0,0,0,0,1,0,1,0,0,0,0,0,0,0,0,,0,0,0,0,
4,4.03,0,2.2,41.5,0,0,0,0.65,0,0,0,0,-6.5,0,0,0,0,-0.00229183,0,0,0,0,0,0,0,0,0,1,89,59,0,0.00034,0.00034,3,5,0,0,0,0,0,0,0,0,0,0,1,0,1,0,0,0,0,0,0,0,0,,0,0,0,0,
5,5.16,0,-35.15,34,0,0,0,-3.3,0,0,0,0,-6,0,0,0,0,-0.00229183,0,0,0,0,0,0,0,0,0,1,79,59,0,0.00034,0.00034,3,5,0,0,0,0,0,0,0,0,0,0,1,0,1,0,0,0,0,0,0,0,0,,0,0,0,0,
6,5.16,0,-40.6,34,0,0,0,0.3,0,0,0,0,-3,0,0,0,0,-0.00229183,0,0,0,0,0,0,0,0,0,1,79,59,0,0.00034,0.00034,3,5,0,0,0,0,0,0,0,0,0,0,1,0,1,0,0,0,0,0,0,0,0,,0,0,0,0,
7,5.62,0,-34.6,36,0,0,0,-3,0,0,0,0,-4,0,0,0,0,-0.00229183,0,0,0,0,0,0,0,0,0,1,80,59,0,0.00034,0.00034,3,5,0,0,0,0,0,0,0,0,0,0,1,0,1,0,0,0,0,0,0,0,0,,0,0,0,0,
8,5.62,0,-24.1,36,0,0,0,-5.55,0,0,0,0,-9,0,0,0,0,-0.00229183,0,0,0,0,0,0,0,0,0,1,80,59,0,0.00034,0.00034,3,5,0,0,0,0,0,0,0,0,0,0,1,0,1,0,0,0,0,0,0,0,0,,0,0,0,0,
9,5.83,0,-40.95,30.5,0,0,0,0.15,0,0,0,0,-5.5,0,0,0,0,-0.00229183,0,0,0,0,0,0,0,0,0,1,75,59,0,0.00034,0.00034,3,5,0,0,0,0,0,0,0,0,0,0,1,0,1,0,0,0,0,0,0,0,0,,0,0,0,0,
10,6.63,0,4.8,24.5,0,0,0,-13.7,0,0,0,0,-23.5,0,0,0,0,-0.00229183,0,0,0,0,0,0,0,0,0,1,70,59,0,0.00034,0.00034,2,-1,0,0,0,0,0,0,0,0,0,0,1,0,1,0,0,0,0,0,0,0,0,,0,0,0,0,
11,7.03,0,-9.95,24.5,0,0,0,2.4,0,0,0,0,-23,0,0,0,0,-0.00229183,0,0,0,0,0,0,0,0,0,1,70,59,0,0.00034,0.00034,3,5,0,0,0,0,0,0,0,0,0,0,1,0,1,0,0,0,0,0,0,0,0,,0,0,0,0,
12,7.64,0,34.7,39.5,0,0,0,6.15,0,0,0,0,5,0,0,0,0,-0.00229183,0,0,0,0,0,0,0,0,0,1,85,59,0,0.00034,0.00034,3,5,0,0,0,0,0,0,0,0,0,0,1,0,1,0,0,0,0,0,0,0,0,,0,0,0,0,
13,8.25,0,-25.2,29,0,0,0,11.75,0,0,0,0,-12,0,0,0,0,-0.00229183,0,0,0,0,0,0,0,0,0,1,75,59,0,0.00034,0.00034,3,0,0,0,0,0,0,0,0,0,0,0,1,0,1,0,0,0,0,0,0,0,0,,0,0,0,0,
14,8.48,0,69.15,30,0,0,0,-11.55,0,0,0,0,22.5,0,0,0,0,-0.00229183,0,0,0,0,0,0,0,0,0,1,76,59,0,0.00034,0.00034,3,7,0,0,0,0,0,0,0,0,0,0,1,0,1,0,0,0,0,0,0,0,0,,0,0,0,0,
15,8.9,0,-32.6,26.5,0,0,0,-0.8,0,0,0,0,-10,0,0,0,0,-0.00229183,0,0,0,0,0,0,0,0,0,1,73,59,0,0.00034,0.00034,3,5,0,0,0,0,0,0,0,0,0,0,1,0,1,0,0,0,0,0,0,0,0,,0,0,0,0,
16,9.39,0,-29.2,23.5,0,0,0,-2.7,0,0,0,0,-14.5,0,0,0,0,-0.00229183,0,0,0,0,0,0,0,0,0,1,70,59,0,0.00034,0.00034,3,5,0,0,0,0,0,0,0,0,0,0,1,0,1,0,0,0,0,0,0,0,0,,0,0,0,0,
17,9.84,0,-28.3,21,0,0,0,-0.55,0,0,0,0,-17.5,0,0,0,0,-0.00229183,0,0,0,0,0,0,0,0,0,1,67,59,0,0.00034,0.00034,3,5,0,0,0,0,0,0,0,0,0,0,1,0,1,0,0,0,0,0,0,0,0,,0,0,0,0,
18,12.16,0,-12.55,26.5,0,0,0,12.8,0,0,0,0,-16.5,0,0,0,0,-0.00229183,0,0,0,0,0,0,0,0,0,1,73,59,0,0.00034,0.00034,3,5,0,0,0,0,0,0,0,0,0,0,1,0,1,0,0,0,0,0,0,0,0,,0,0,0,0,
19,13,0,-23.05,21,0,0,0,-1.85,0,0,0,0,-18,0,0,0,0,-0.00229183,0,0,0,0,0,0,0,0,0,1,67,59,0,0.00034,0.00034,3,5,0,0,0,0,0,0,0,0,0,0,1,0,1,0,0,0,0,0,0,0,0,,0,0,0,0,
END,Total:20
START,FrameNb:5,CameraNb:0,HeSaiNb:0,ARS410Nb:0
2026/08/02 16:23:49:589---->
heightOffset:0,1785659029589,1319172,selfCaliBufCnt:0,selfAccObjCnt:0,selfAccAngle:0,installHAngleOffset:0,Interpolation:0,installVAngleOffset:0,radarOffsetH:0,radarOffsetV:0.32,Polynom:-0.001023;-0.0511;-2.047;0;0;0;-0.001023;-0.0511;-2.047;-25.5;0;0,WheelDirection:0;0;0;0,selfAngleOffset:0,selfAngleOffsetPit:0,currCaliAngleHrz:0,currCaliAnglePit:0,selfCaliAngleHrz:0,selfCaliAnglePit:0,servCaliAngleHrz:0,servCaliAnglePit:0,offlineCaliAngleHrz:0,offlineCaliAnglePit:0,determine2useFlag:0,IMU_Z_Accel:-21.592,IMU_X_AngularRate:-2.093,IMU_Y_AngularRate:-2.093,IMU_RollAngle:-180,IMU_PitchAngle:-180,IMU_YawAngle:-180,FcwID:0,FCWWarningLevel:0,FCWTTC:0
0,2.32,0,30.1,29,0,0,0,7.65,1.37605e-33,0,0,0,-8.5,0,0,0,0,-0.00229183,0,0,0,0,0,0,0,0,0,1,78,60,0,0.00034,0.00034,3,5,0,0,0,0,0,0,0,0,0,0,1,0,0,0,0,0,0,0,0,0,0,,0,0,0,0,
1,2.8,0,-34.05,43.5,0,0,0,1.75,0,0,0,0,6,0,0,0,0,-0.00229183,0,0,0,0,0,0,0,0,0,1,92,60,0,0.00034,0.00034,3,0,0,0,0,0,0,0,0,0,0,0,1,0,0,0,0,0,0,0,0,0,0,,0,0,0,0,
2,3.28,0,13.8,37.5,0,0,0,2.65,0,0,0,0,-8.5,0,0,0,0,-0.00229183,0,0,0,0,0,0,0,0,0,1,86,60,0,0.00034,0.00034,3,5,0,0,0,0,0,0,0,0,0,0,1,0,0,0,0,0,0,0,0,0,0,,0,0,0,0,
3,3.6,0,45.7,32,0,0,0,-9.85,0,0,0,0,5,0,0,0,0,-0.00229183,0,0,0,0,0,0,0,0,0,1,80,60,0,0.00034,0.00034,3,5,0,0,0,0,0,0,0,0,0,0,1,0,0,0,0,0,0,0,0,0,0,,0,0,0,0,
4,4.03,0,2.2,41.5,0,0,0,0.55,0,0,0,0,-6,0,0,0,0,-0.00229183,0,0,0,0,0,0,0,0,0,1,89,60,0,0.00034,0.00034,3,5,0,0,0,0,0,0,0,0,0,0,1,0,0,0,0,0,0,0,0,0,0,,0,0,0,0,
5,5.16,0,-35.1,34,0,0,0,-3.25,0,0,0,0,-5.5,0,0,0,0,-0.00229183,0,0,0,0,0,0,0,0,0,1,79,60,0,0.00034,0.00034,3,5,0,0,0,0,0,0,0,0,0,0,1,0,0,0,0,0,0,0,0,0,0,,0,0,0,0,
6,5.16,0,-40.7,34,0,0,0,0.4,0,0,0,0,-2.5,0,0,0,0,-0.00229183,0,0,0,0,0,0,0,0,0,1,79,60,0,0.00034,0.00034,3,5,0,0,0,0,0,0,0,0,0,0,1,0,0,0,0,0,0,0,0,0,0,,0,0,0,0,
7,5.61,0,-34.6,36,0,0,0,-3,0,0,0,0,-4,0,0,0,0,-0.00229183,0,0,0,0,0,0,0,0,0,1,80,60,0,0.00034,0.00034,3,5,0,0,0,0,0,0,0,0,0,0,1,0,0,0,0,0,0,0,0,0,0,,0,0,0,0,
8,5.61,0,-24.1,36,0,0,0,-5.55,0,0,0,0,-9,0,0,0,0,-0.00229183,0,0,0,0,0,0,0,0,0,1,80,60,0,0.00034,0.00034,3,5,0,0,0,0,0,0,0,0,0,0,1,0,0,0,0,0,0,0,0,0,0,,0,0,0,0,
9,5.83,0,-41.05,30.5,0,0,0,0.05,0,0,0,0,-3.5,0,0,0,0,-0.00229183,0,0,0,0,0,0,0,0,0,1,75,60,0,0.00034,0.00034,3,5,0,0,0,0,0,0,0,0,0,0,1,0,0,0,0,0,0,0,0,0,0,,0,0,0,0,
10,6.63,0,4.8,24.5,0,0,0,-13.55,0,0,0,0,-23.5,0,0,0,0,-0.00229183,0,0,0,0,0,0,0,0,0,1,70,60,0,0.00034,0.00034,3,5,0,0,0,0,0,0,0,0,0,0,1,0,0,0,0,0,0,0,0,0,0,,0,0,0,0,
11,7.04,0,22.7,24.5,0,0,0,-10.2,0,0,0,0,-16.5,0,0,0,0,-0.00229183,0,0,0,0,0,0,0,0,0,1,70,60,0,0.00034,0.00034,3,5,0,0,0,0,0,0,0,0,0,0,1,0,0,0,0,0,0,0,0,0,0,,0,0,0,0,
12,7.65,0,34.8,40,0,0,0,6.55,0,0,0,0,5.5,0,0,0,0,-0.00229183,0,0,0,0,0,0,0,0,0,1,86,60,0,0.00034,0.00034,3,5,0,0,0,0,0,0,0,0,0,0,1,0,0,0,0,0,0,0,0,0,0,,0,0,0,0,
13,8.24,0,-25.2,29,0,0,0,11.7,0,0,0,0,-12,0,0,0,0,-0.00229183,0,0,0,0,0,0,0,0,0,1,75,60,0,0.00034,0.00034,3,0,0,0,0,0,0,0,0,0,0,0,1,0,0,0,0,0,0,0,0,0,0,,0,0,0,0,
14,8.66,0,69.15,30,0,0,0,-11.55,0,0,0,0,22.5,0,0,0,0,-0.00229183,0,0,0,0,0,0,0,0,0,1,76,60,0,0.00034,0.00034,3,7,0,0,0,0,0,0,0,0,0,0,1,0,0,0,0,0,0,0,0,0,0,,0,0,0,0,
15,8.9,0,-32.65,26.5,0,0,0,-0.8,0,0,0,0,-9.5,0,0,0,0,-0.00229183,0,0,0,0,0,0,0,0,0,1,73,60,0,0.00034,0.00034,3,5,0,0,0,0,0,0,0,0,0,0,1,0,0,0,0,0,0,0,0,0,0,,0,0,0,0,
16,9.38,0,-29.2,23,0,0,0,-2.6,0,0,0,0,-15,0,0,0,0,-0.00229183,0,0,0,0,0,0,0,0,0,1,69,60,0,0.00034,0.00034,3,5,0,0,0,0,0,0,0,0,0,0,1,0,0,0,0,0,0,0,0,0,0,,0,0,0,0,
17,9.85,0,-28.35,21,0,0,0,-0.55,0,0,0,0,-18,0,0,0,0,-0.00229183,0,0,0,0,0,0,0,0,0,1,67,60,0,0.00034,0.00034,3,5,0,0,0,0,0,0,0,0,0,0,1,0,0,0,0,0,0,0,0,0,0,,0,0,0,0,
18,12.16,0,-12.6,26.5,0,0,0,13.05,0,0,0,0,-16.5,0,0,0,0,-0.00229183,0,0,0,0,0,0,0,0,0,1,73,60,0,0.00034,0.00034,3,5,0,0,0,0,0,0,0,0,0,0,1,0,0,0,0,0,0,0,0,0,0,,0,0,0,0,
19,13,0,-23.05,21.5,0,0,0,-1.85,0,0,0,0,-17.5,0,0,0,0,-0.00229183,0,0,0,0,0,0,0,0,0,1,68,60,0,0.00034,0.00034,3,5,0,0,0,0,0,0,0,0,0,0,1,0,0,0,0,0,0,0,0,0,0,,0,0,0,0,
END,Total:20
START,FrameNb:6,CameraNb:0,HeSaiNb:0,ARS410Nb:0
2026/08/02 16:23:49:651---->
heightOffset:0,1785659029651,1319228,selfCaliBufCnt:0,selfAccObjCnt:0,selfAccAngle:0,installHAngleOffset:0,Interpolation:0,installVAngleOffset:0,radarOffsetH:0,radarOffsetV:0.32,Polynom:-0.001023;-0.0511;-2.047;0;0;0;-0.001023;-0.0511;-2.047;-25.5;0;0,WheelDirection:0;0;0;0,selfAngleOffset:0,selfAngleOffsetPit:0,currCaliAngleHrz:0,currCaliAnglePit:0,selfCaliAngleHrz:0,selfCaliAnglePit:0,servCaliAngleHrz:0,servCaliAnglePit:0,offlineCaliAngleHrz:0,offlineCaliAnglePit:0,determine2useFlag:0,IMU_Z_Accel:-21.592,IMU_X_AngularRate:-2.093,IMU_Y_AngularRate:-2.093,IMU_RollAngle:-180,IMU_PitchAngle:-180,IMU_YawAngle:-180,FcwID:0,FCWWarningLevel:0,FCWTTC:0
0,2.32,0,30.1,29,0,0,0,8.15,1.37605e-33,0,0,0,-8.5,0,0,0,0,-0.00229183,0,0,0,0,0,0,0,0,0,1,78,54,0,0.00034,0.00034,3,5,0,0,0,0,0,0,0,0,0,0,1,0,1,0,0,0,0,0,0,0,0,,0,0,0,0,
1,2.79,0,-34.05,43,0,0,0,1.75,0,0,0,0,6,0,0,0,0,-0.00229183,0,0,0,0,0,0,0,0,0,1,92,54,0,0.00034,0.00034,3,0,0,0,0,0,0,0,0,0,0,0,1,0,1,0,0,0,0,0,0,0,0,,0,0,0,0,
2,3.27,0,13.8,37.5,0,0,0,2.65,0,0,0,0,-8,0,0,0,0,-0.00229183,0,0,0,0,0,0,0,0,0,1,86,54,0,0.00034,0.00034,3,5,0,0,0,0,0,0,0,0,0,0,1,0,1,0,0,0,0,0,0,0,0,,0,0,0,0,
3,3.61,0,45.6,31.5,0,0,0,-9.45,0,0,0,0,5,0,0,0,0,-0.00229183,0,0,0,0,0,0,0,0,0,1,80,54,0,0.00034,0.00034,3,5,0,0,0,0,0,0,0,0,0,0,1,0,1,0,0,0,0,0,0,0,0,,0,0,0,0,
4,4.03,0,2.2,41.5,0,0,0,0.55,0,0,0,0,-6.5,0,0,0,0,-0.00229183,0,0,0,0,0,0,0,0,0,1,89,54,0,0.00034,0.00034,3,5,0,0,0,0,0,0,0,0,0,0,1,0,1,0,0,0,0,0,0,0,0,,0,0,0,0,
5,5.16,0,-35.1,33.5,0,0,0,-3.3,0,0,0,0,-6,0,0,0,0,-0.00229183,0,0,0,0,0,0,0,0,0,1,79,54,0,0.00034,0.00034,3,5,0,0,0,0,0,0,0,0,0,0,1,0,1,0,0,0,0,0,0,0,0,,0,0,0,0,
6,5.16,0,-40.65,33.5,0,0,0,0.3,0,0,0,0,-3,0,0,0,0,-0.00229183,0,0,0,0,0,0,0,0,0,1,79,54,0,0.00034,0.00034,3,5,0,0,0,0,0,0,0,0,0,0,1,0,1,0,0,0,0,0,0,0,0,,0,0,0,0,
7,5.61,0,-34.6,36,0,0,0,-2.95,0,0,0,0,-4,0,0,0,0,-0.00229183,0,0,0,0,0,0,0,0,0,1,80,54,0,0.00034,0.00034,3,5,0,0,0,0,0,0,0,0,0,0,1,0,1,0,0,0,0,0,0,0,0,,0,0,0,0,
8,5.61,0,-24.1,36,0,0,0,-5.55,0,0,0,0,-9,0,0,0,0,-0.00229183,0,0,0,0,0,0,0,0,0,1,80,54,0,0.00034,0.00034,3,5,0,0,0,0,0,0,0,0,0,0,1,0,1,0,0,0,0,0,0,0,0,,0,0,0,0,
9,5.83,0,-40.85,30.5,0,0,0,0.25,0,0,0,0,-5.5,0,0,0,0,-0.00229183,0,0,0,0,0,0,0,0,0,1,75,54,0,0.00034,0.00034,3,5,0,0,0,0,0,0,0,0,0,0,1,0,1,0,0,0,0,0,0,0,0,,0,0,0,0,
10,6.63,0,-54.05,25,0,0,0,-2.45,0,0,0,0,1,0,0,0,0,-0.00229183,0,0,0,0,0,0,0,0,0,1,70,54,0,0.00034,0.00034,3,5,0,0,0,0,0,0,0,0,0,0,1,0,1,0,0,0,0,0,0,0,0,,0,0,0,0,
11,7.03,0,23.05,24.5,0,0,0,-10.2,0,0,0,0,-15.5,0,0,0,0,-0.00229183,0,0,0,0,0,0,0,0,0,1,70,54,0,0.00034,0.00034,3,5,0,0,0,0,0,0,0,0,0,0,1,0,1,0,0,0,0,0,0,0,0,,0,0,0,0,
12,7.65,0,34.85,40,0,0,0,6.9,0,0,0,0,5.5,0,0,0,0,-0.00229183,0,0,0,0,0,0,0,0,0,1,86,54,0,0.00034,0.00034,3,5,0,0,0,0,0,0,0,0,0,0,1,0,1,0,0,0,0,0,0,0,0,,0,0,0,0,
13,8.25,0,-25.2,28.5,0,0,0,-1.7,0,0,0,0,-12.5,0,0,0,0,-0.00229183,0,0,0,0,0,0,0,0,0,1,75,54,0,0.00034,0.00034,3,0,0,0,0,0,0,0,0,0,0,0,1,0,1,0,0,0,0,0,0,0,0,,0,0,0,0,
14,8.48,0,44.85,30.5,0,0,0,5.95,0,0,0,0,4.5,0,0,0,0,-0.00229183,0,0,0,0,0,0,0,0,0,1,76,54,0,0.00034,0.00034,3,7,0,0,0,0,0,0,0,0,0,0,1,0,1,0,0,0,0,0,0,0,0,,0,0,0,0,
15,8.9,0,-32.65,26.5,0,0,0,-0.85,0,0,0,0,-10,0,0,0,0,-0.00229183,0,0,0,0,0,0,0,0,0,1,73,54,0,0.00034,0.00034,3,5,0,0,0,0,0,0,0,0,0,0,1,0,1,0,0,0,0,0,0,0,0,,0,0,0,0,
16,9.37,0,-29.2,23,0,0,0,-2.8,0,0,0,0,-15,0,0,0,0,-0.00229183,0,0,0,0,0,0,0,0,0,1,69,54,0,0.00034,0.00034,3,5,0,0,0,0,0,0,0,0,0,0,1,0,1,0,0,0,0,0,0,0,0,,0,0,0,0,
17,9.86,0,-28.35,20.5,0,0,0,-0.55,0,0,0,0,-18,0,0,0,0,-0.00229183,0,0,0,0,0,0,0,0,0,1,67,54,0,0.00034,0.00034,3,5,0,0,0,0,0,0,0,0,0,0,1,0,1,0,0,0,0,0,0,0,0,,0,0,0,0,
18,12.16,0,-12.55,26.5,0,0,0,12.9,0,0,0,0,-16.5,0,0,0,0,-0.00229183,0,0,0,0,0,0,0,0,0,1,73,54,0,0.00034,0.00034,3,5,0,0,0,0,0,0,0,0,0,0,1,0,1,0,0,0,0,0,0,0,0,,0,0,0,0,
19,13.01,0,-23.05,21.5,0,0,0,-1.8,0,0,0,0,-18,0,0,0,0,-0.00229183,0,0,0,0,0,0,0,0,0,1,68,54,0,0.00034,0.00034,3,5,0,0,0,0,0,0,0,0,0,0,1,0,1,0,0,0,0,0,0,0,0,,0,0,0,0,
END,Total:20
START,FrameNb:7,CameraNb:0,HeSaiNb:0,ARS410Nb:0
2026/08/02 16:23:49:739---->
heightOffset:0,1785659029739,1319284,selfCaliBufCnt:0,selfAccObjCnt:0,selfAccAngle:0,installHAngleOffset:0,Interpolation:0,installVAngleOffset:0,radarOffsetH:0,radarOffsetV:0.32,Polynom:-0.001023;-0.0511;-2.047;0;0;0;-0.001023;-0.0511;-2.047;-25.5;0;0,WheelDirection:0;0;0;0,selfAngleOffset:0,selfAngleOffsetPit:0,currCaliAngleHrz:0,currCaliAnglePit:0,selfCaliAngleHrz:0,selfCaliAnglePit:0,servCaliAngleHrz:0,servCaliAnglePit:0,offlineCaliAngleHrz:0,offlineCaliAnglePit:0,determine2useFlag:0,IMU_Z_Accel:-21.592,IMU_X_AngularRate:-2.093,IMU_Y_AngularRate:-2.093,IMU_RollAngle:-180,IMU_PitchAngle:-180,IMU_YawAngle:-180,FcwID:0,FCWWarningLevel:0,FCWTTC:0
0,2.32,0,30.15,29,0,0,0,7.7,1.37605e-33,0,0,0,-8.5,0,0,0,0,-0.00229183,0,0,0,0,0,0,0,0,0,1,78,58,0,0.00034,0.00034,3,5,0,0,0,0,0,0,0,0,0,0,1,0,0,0,0,0,0,0,0,0,0,,0,0,0,0,
1,2.8,0,-34.05,43.5,0,0,0,1.75,0,0,0,0,6,0,0,0,0,-0.00229183,0,0,0,0,0,0,0,0,0,1,92,58,0,0.00034,0.00034,3,0,0,0,0,0,0,0,0,0,0,0,1,0,0,0,0,0,0,0,0,0,0,,0,0,0,0,
2,3.28,0,13.8,37.5,0,0,0,2.65,0,0,0,0,-8,0,0,0,0,-0.00229183,0,0,0,0,0,0,0,0,0,1,86,58,0,0.00034,0.00034,3,5,0,0,0,0,0,0,0,0,0,0,1,0,0,0,0,0,0,0,0,0,0,,0,0,0,0,
3,3.58,0,45.95,32,0,0,0,-10.3,0,0,0,0,5,0,0,0,0,-0.00229183,0,0,0,0,0,0,0,0,0,1,80,58,0,0.00034,0.00034,3,5,0,0,0,0,0,0,0,0,0,0,1,0,0,0,0,0,0,0,0,0,0,,0,0,0,0,
4,4.03,0,2.2,41.5,0,0,0,0.55,0,0,0,0,-6,0,0,0,0,-0.00229183,0,0,0,0,0,0,0,0,0,1,89,58,0,0.00034,0.00034,3,5,0,0,0,0,0,0,0,0,0,0,1,0,0,0,0,0,0,0,0,0,0,,0,0,0,0,
5,5.16,0,-35.1,34,0,0,0,-3.35,0,0,0,0,-6,0,0,0,0,-0.00229183,0,0,0,0,0,0,0,0,0,1,79,58,0,0.00034,0.00034,3,5,0,0,0,0,0,0,0,0,0,0,1,0,0,0,0,0,0,0,0,0,0,,0,0,0,0,
6,5.16,0,-40.6,34,0,0,0,0.3,0,0,0,0,-3,0,0,0,0,-0.00229183,0,0,0,0,0,0,0,0,0,1,79,58,0,0.00034,0.00034,3,5,0,0,0,0,0,0,0,0,0,0,1,0,0,0,0,0,0,0,0,0,0,,0,0,0,0,
7,5.61,0,-34.65,36,0,0,0,-3.05,0,0,0,0,-4,0,0,0,0,-0.00229183,0,0,0,0,0,0,0,0,0,1,80,58,0,0.00034,0.00034,3,5,0,0,0,0,0,0,0,0,0,0,1,0,0,0,0,0,0,0,0,0,0,,0,0,0,0,
8,5.61,0,-24.2,36,0,0,0,-5.55,0,0,0,0,-9,0,0,0,0,-0.00229183,0,0,0,0,0,0,0,0,0,1,80,58,0,0.00034,0.00034,3,5,0,0,0,0,0,0,0,0,0,0,1,0,0,0,0,0,0,0,0,0,0,,0,0,0,0,
9,5.83,0,-40.55,30.5,0,0,0,0,0,0,0,0,-5.5,0,0,0,0,-0.00229183,0,0,0,0,0,0,0,0,0,1,75,58,0,0.00034,0.00034,3,5,0,0,0,0,0,0,0,0,0,0,1,0,0,0,0,0,0,0,0,0,0,,0,0,0,0,
10,6.63,0,4.7,24.5,0,0,0,-13.2,0,0,0,0,-23.5,0,0,0,0,-0.00229183,0,0,0,0,0,0,0,0,0,1,70,58,0,0.00034,0.00034,3,5,0,0,0,0,0,0,0,0,0,0,1,0,0,0,0,0,0,0,0,0,0,,0,0,0,0,
11,7.03,0,22.8,24.5,0,0,0,-10.55,0,0,0,0,-17,0,0,0,0,-0.00229183,0,0,0,0,0,0,0,0,0,1,70,58,0,0.00034,0.00034,3,5,0,0,0,0,0,0,0,0,0,0,1,0,0,0,0,0,0,0,0,0,0,,0,0,0,0,
12,7.65,0,34.85,40,0,0,0,6.65,0,0,0,0,5.5,0,0,0,0,-0.00229183,0,0,0,0,0,0,0,0,0,1,86,58,0,0.00034,0.00034,3,5,0,0,0,0,0,0,0,0,0,0,1,0,0,0,0,0,0,0,0,0,0,,0,0,0,0,
13,8.25,0,-25.15,29,0,0,0,-1.85,0,0,0,0,-12,0,0,0,0,-0.00229183,0,0,0,0,0,0,0,0,0,1,75,58,0,0.00034,0.00034,3,0,0,0,0,0,0,0,0,0,0,0,1,0,0,0,0,0,0,0,0,0,0,,0,0,0,0,
14,8.65,0,44.85,30,0,0,0,5.95,0,0,0,0,4.5,0,0,0,0,-0.00229183,0,0,0,0,0,0,0,0,0,1,76,58,0,0.00034,0.00034,3,7,0,0,0,0,0,0,0,0,0,0,1,0,0,0,0,0,0,0,0,0,0,,0,0,0,0,
15,8.9,0,-32.65,26,0,0,0,-0.55,0,0,0,0,-10,0,0,0,0,-0.00229183,0,0,0,0,0,0,0,0,0,1,73,58,0,0.00034,0.00034,3,5,0,0,0,0,0,0,0,0,0,0,1,0,0,0,0,0,0,0,0,0,0,,0,0,0,0,
16,9.38,0,-29.2,23,0,0,0,-2.75,0,0,0,0,-15,0,0,0,0,-0.00229183,0,0,0,0,0,0,0,0,0,1,69,58,0,0.00034,0.00034,3,5,0,0,0,0,0,0,0,0,0,0,1,0,0,0,0,0,0,0,0,0,0,,0,0,0,0,
17,9.86,0,-28.35,21,0,0,0,-0.6,0,0,0,0,-17.5,0,0,0,0,-0.00229183,0,0,0,0,0,0,0,0,0,1,67,58,0,0.00034,0.00034,3,5,0,0,0,0,0,0,0,0,0,0,1,0,0,0,0,0,0,0,0,0,0,,0,0,0,0,
18,12.16,0,-12.65,26.5,0,0,0,13.05,0,0,0,0,-16.5,0,0,0,0,-0.00229183,0,0,0,0,0,0,0,0,0,1,73,58,0,0.00034,0.00034,3,5,0,0,0,0,0,0,0,0,0,0,1,0,0,0,0,0,0,0,0,0,0,,0,0,0,0,
19,13.01,0,-22.95,21.5,0,0,0,-1.85,0,0,0,0,-17.5,0,0,0,0,-0.00229183,0,0,0,0,0,0,0,0,0,1,68,58,0,0.00034,0.00034,3,5,0,0,0,0,0,0,0,0,0,0,1,0,0,0,0,0,0,0,0,0,0,,0,0,0,0,
END,Total:20
START,FrameNb:8,CameraNb:0,HeSaiNb:0,ARS410Nb:0
2026/08/02 16:23:49:802---->
heightOffset:0,1785659029802,1319340,selfCaliBufCnt:0,selfAccObjCnt:0,selfAccAngle:0,installHAngleOffset:0,Interpolation:0,installVAngleOffset:0,radarOffsetH:0,radarOffsetV:0.32,Polynom:-0.001023;-0.0511;-2.047;0;0;0;-0.001023;-0.0511;-2.047;-25.5;0;0,WheelDirection:0;0;0;0,selfAngleOffset:0,selfAngleOffsetPit:0,currCaliAngleHrz:0,currCaliAnglePit:0,selfCaliAngleHrz:0,selfCaliAnglePit:0,servCaliAngleHrz:0,servCaliAnglePit:0,offlineCaliAngleHrz:0,offlineCaliAnglePit:0,determine2useFlag:0,IMU_Z_Accel:-21.592,IMU_X_AngularRate:-2.093,IMU_Y_AngularRate:-2.093,IMU_RollAngle:-180,IMU_PitchAngle:-180,IMU_YawAngle:-180,FcwID:0,FCWWarningLevel:0,FCWTTC:0
0,2.32,0,30.1,29,0,0,0,8.2,1.37605e-33,0,0,0,-9,0,0,0,0,-0.00229183,0,0,0,0,0,0,0,0,0,1,78,54,0,0.00034,0.00034,3,5,0,0,0,0,0,0,0,0,0,0,1,0,1,0,0,0,0,0,0,0,0,,0,0,0,0,
1,2.79,0,-34.05,43,0,0,0,1.75,0,0,0,0,6,0,0,0,0,-0.00229183,0,0,0,0,0,0,0,0,0,1,92,54,0,0.00034,0.00034,3,0,0,0,0,0,0,0,0,0,0,0,1,0,1,0,0,0,0,0,0,0,0,,0,0,0,0,
2,3.27,0,13.8,37,0,0,0,2.65,0,0,0,0,-8.5,0,0,0,0,-0.00229183,0,0,0,0,0,0,0,0,0,1,86,54,0,0.00034,0.00034,3,5,0,0,0,0,0,0,0,0,0,0,1,0,1,0,0,0,0,0,0,0,0,,0,0,0,0,
3,3.6,0,45.7,31.5,0,0,0,-9.25,0,0,0,0,5,0,0,0,0,-0.00229183,0,0,0,0,0,0,0,0,0,1,80,54,0,0.00034,0.00034,3,5,0,0,0,0,0,0,0,0,0,0,1,0,1,0,0,0,0,0,0,0,0,,0,0,0,0,
4,4.03,0,2.2,41.5,0,0,0,0.55,0,0,0,0,-6.5,0,0,0,0,-0.00229183,0,0,0,0,0,0,0,0,0,1,89,54,0,0.00034,0.00034,3,5,0,0,0,0,0,0,0,0,0,0,1,0,1,0,0,0,0,0,0,0,0,,0,0,0,0,
5,5.17,0,-35.1,34,0,0,0,-3.35,0,0,0,0,-6,0,0,0,0,-0.00229183,0,0,0,0,0,0,0,0,0,1,79,54,0,0.00034,0.00034,3,5,0,0,0,0,0,0,0,0,0,0,1,0,1,0,0,0,0,0,0,0,0,,0,0,0,0,
6,5.17,0,-40.6,34,0,0,0,0.3,0,0,0,0,-3,0,0,0,0,-0.00229183,0,0,0,0,0,0,0,0,0,1,79,54,0,0.00034,0.00034,3,5,0,0,0,0,0,0,0,0,0,0,1,0,1,0,0,0,0,0,0,0,0,,0,0,0,0,
7,5.61,0,-34.6,36,0,0,0,-3,0,0,0,0,-4,0,0,0,0,-0.00229183,0,0,0,0,0,0,0,0,0,1,80,54,0,0.00034,0.00034,3,5,0,0,0,0,0,0,0,0,0,0,1,0,1,0,0,0,0,0,0,0,0,,0,0,0,0,
8,5.61,0,-24.15,36,0,0,0,-5.55,0,0,0,0,-9,0,0,0,0,-0.00229183,0,0,0,0,0,0,0,0,0,1,80,54,0,0.00034,0.00034,3,5,0,0,0,0,0,0,0,0,0,0,1,0,1,0,0,0,0,0,0,0,0,,0,0,0,0,
9,5.83,0,-40.8,30.5,0,0,0,0.3,0,0,0,0,-5.5,0,0,0,0,-0.00229183,0,0,0,0,0,0,0,0,0,1,75,54,0,0.00034,0.00034,3,5,0,0,0,0,0,0,0,0,0,0,1,0,1,0,0,0,0,0,0,0,0,,0,0,0,0,
10,6.63,0,-53.7,24.5,0,0,0,-3.45,0,0,0,0,0.5,0,0,0,0,-0.00229183,0,0,0,0,0,0,0,0,0,1,70,54,0,0.00034,0.00034,3,5,0,0,0,0,0,0,0,0,0,0,1,0,1,0,0,0,0,0,0,0,0,,0,0,0,0,
11,7.02,0,-33.45,24.5,0,0,0,7.45,0,0,0,0,-14,0,0,0,0,-0.00229183,0,0,0,0,0,0,0,0,0,1,70,54,0,0.00034,0.00034,3,5,0,0,0,0,0,0,0,0,0,0,1,0,1,0,0,0,0,0,0,0,0,,0,0,0,0,
12,7.64,0,34.7,40,0,0,0,6.3,0,0,0,0,5.5,0,0,0,0,-0.00229183,0,0,0,0,0,0,0,0,0,1,86,54,0,0.00034,0.00034,3,5,0,0,0,0,0,0,0,0,0,0,1,0,1,0,0,0,0,0,0,0,0,,0,0,0,0,
13,8.25,0,-25.05,29,0,0,0,-1.75,0,0,0,0,-12,0,0,0,0,-0.00229183,0,0,0,0,0,0,0,0,0,1,75,54,0,0.00034,0.00034,3,0,0,0,0,0,0,0,0,0,0,0,1,0,1,0,0,0,0,0,0,0,0,,0,0,0,0,
14,8.48,0,44.8,30,0,0,0,6.05,0,0,0,0,4.5,0,0,0,0,-0.00229183,0,0,0,0,0,0,0,0,0,1,76,54,0,0.00034,0.00034,3,7,0,0,0,0,0,0,0,0,0,0,1,0,1,0,0,0,0,0,0,0,0,,0,0,0,0,
15,8.9,0,-32.8,26,0,0,0,-0.55,0,0,0,0,-10,0,0,0,0,-0.00229183,0,0,0,0,0,0,0,0,0,1,72,54,0,0.00034,0.00034,3,5,0,0,0,0,0,0,0,0,0,0,1,0,1,0,0,0,0,0,0,0,0,,0,0,0,0,
16,9.39,0,-29.2,23,0,0,0,-2.7,0,0,0,0,-15,0,0,0,0,-0.00229183,0,0,0,0,0,0,0,0,0,1,69,54,0,0.00034,0.00034,3,5,0,0,0,0,0,0,0,0,0,0,1,0,1,0,0,0,0,0,0,0,0,,0,0,0,0,
17,9.85,0,-28.35,21,0,0,0,-0.8,0,0,0,0,-17.5,0,0,0,0,-0.00229183,0,0,0,0,0,0,0,0,0,1,67,54,0,0.00034,0.00034,3,5,0,0,0,0,0,0,0,0,0,0,1,0,1,0,0,0,0,0,0,0,0,,0,0,0,0,
18,12.16,0,-12.6,27,0,0,0,12.8,0,0,0,0,-16,0,0,0,0,-0.00229183,0,0,0,0,0,0,0,0,0,1,73,54,0,0.00034,0.00034,3,5,0,0,0,0,0,0,0,0,0,0,1,0,1,0,0,0,0,0,0,0,0,,0,0,0,0,
19,13,0,-23.05,21.5,0,0,0,-1.6,0,0,0,0,-17.5,0,0,0,0,-0.00229183,0,0,0,0,0,0,0,0,0,1,68,54,0,0.00034,0.00034,3,5,0,0,0,0,0,0,0,0,0,0,1,0,1,0,0,0,0,0,0,0,0,,0,0,0,0,
END,Total:20
START,FrameNb:9,CameraNb:0,HeSaiNb:0,ARS410Nb:0
2026/08/02 16:23:49:830---->
heightOffset:0,1785659029830,1319396,selfCaliBufCnt:0,selfAccObjCnt:0,selfAccAngle:0,installHAngleOffset:0,Interpolation:0,installVAngleOffset:0,radarOffsetH:0,radarOffsetV:0.32,Polynom:-0.001023;-0.0511;-2.047;0;0;0;-0.001023;-0.0511;-2.047;-25.5;0;0,WheelDirection:0;0;0;0,selfAngleOffset:0,selfAngleOffsetPit:0,currCaliAngleHrz:0,currCaliAnglePit:0,selfCaliAngleHrz:0,selfCaliAnglePit:0,servCaliAngleHrz:0,servCaliAnglePit:0,offlineCaliAngleHrz:0,offlineCaliAnglePit:0,determine2useFlag:0,IMU_Z_Accel:-21.592,IMU_X_AngularRate:-2.093,IMU_Y_AngularRate:-2.093,IMU_RollAngle:-180,IMU_PitchAngle:-180,IMU_YawAngle:-180,FcwID:0,FCWWarningLevel:0,FCWTTC:0
0,2.32,0,30.1,29,0,0,0,7.75,1.37605e-33,0,0,0,-8.5,0,0,0,0,-0.00229183,0,0,0,0,0,0,0,0,0,1,78,58,0,0.00034,0.00034,3,5,0,0,0,0,0,0,0,0,0,0,1,0,0,0,0,0,0,0,0,0,0,,0,0,0,0,
1,2.8,0,-34.05,43,0,0,0,1.75,0,0,0,0,6,0,0,0,0,-0.00229183,0,0,0,0,0,0,0,0,0,1,92,58,0,0.00034,0.00034,3,0,0,0,0,0,0,0,0,0,0,0,1,0,0,0,0,0,0,0,0,0,0,,0,0,0,0,
2,3.28,0,13.8,37,0,0,0,2.65,0,0,0,0,-8.5,0,0,0,0,-0.00229183,0,0,0,0,0,0,0,0,0,1,86,58,0,0.00034,0.00034,3,5,0,0,0,0,0,0,0,0,0,0,1,0,0,0,0,0,0,0,0,0,0,,0,0,0,0,
3,3.6,0,45.85,31.5,0,0,0,-10,0,0,0,0,5,0,0,0,0,-0.00229183,0,0,0,0,0,0,0,0,0,1,80,58,0,0.00034,0.00034,3,5,0,0,0,0,0,0,0,0,0,0,1,0,0,0,0,0,0,0,0,0,0,,0,0,0,0,
4,4.03,0,2.2,41.5,0,0,0,0.55,0,0,0,0,-6,0,0,0,0,-0.00229183,0,0,0,0,0,0,0,0,0,1,89,58,0,0.00034,0.00034,3,5,0,0,0,0,0,0,0,0,0,0,1,0,0,0,0,0,0,0,0,0,0,,0,0,0,0,
5,5.16,0,-35.05,34,0,0,0,-3.45,0,0,0,0,-5.5,0,0,0,0,-0.00229183,0,0,0,0,0,0,0,0,0,1,79,58,0,0.00034,0.00034,3,5,0,0,0,0,0,0,0,0,0,0,1,0,0,0,0,0,0,0,0,0,0,,0,0,0,0,
6,5.16,0,-40.6,34,0,0,0,0.45,0,0,0,0,-2.5,0,0,0,0,-0.00229183,0,0,0,0,0,0,0,0,0,1,79,58,0,0.00034,0.00034,3,5,0,0,0,0,0,0,0,0,0,0,1,0,0,0,0,0,0,0,0,0,0,,0,0,0,0,
7,5.61,0,-34.7,36,0,0,0,-3.05,0,0,0,0,-4,0,0,0,0,-0.00229183,0,0,0,0,0,0,0,0,0,1,80,58,0,0.00034,0.00034,3,5,0,0,0,0,0,0,0,0,0,0,1,0,0,0,0,0,0,0,0,0,0,,0,0,0,0,
8,5.61,0,-24.15,36,0,0,0,-5.55,0,0,0,0,-9,0,0,0,0,-0.00229183,0,0,0,0,0,0,0,0,0,1,80,58,0,0.00034,0.00034,3,5,0,0,0,0,0,0,0,0,0,0,1,0,0,0,0,0,0,0,0,0,0,,0,0,0,0,
9,5.83,0,-40.7,30.5,0,0,0,0.05,0,0,0,0,-5.5,0,0,0,0,-0.00229183,0,0,0,0,0,0,0,0,0,1,75,58,0,0.00034,0.00034,3,5,0,0,0,0,0,0,0,0,0,0,1,0,0,0,0,0,0,0,0,0,0,,0,0,0,0,
10,6.63,0,-53.85,24.5,0,0,0,-1.75,0,0,0,0,0.5,0,0,0,0,-0.00229183,0,0,0,0,0,0,0,0,0,1,70,58,0,0.00034,0.00034,3,5,0,0,0,0,0,0,0,0,0,0,1,0,0,0,0,0,0,0,0,0,0,,0,0,0,0,
11,7.03,0,23.05,24.5,0,0,0,-10.45,0,0,0,0,-15.5,0,0,0,0,-0.00229183,0,0,0,0,0,0,0,0,0,1,70,58,0,0.00034,0.00034,3,5,0,0,0,0,0,0,0,0,0,0,1,0,0,0,0,0,0,0,0,0,0,,0,0,0,0,
12,7.65,0,34.85,39.5,0,0,0,6,0,0,0,0,5,0,0,0,0,-0.00229183,0,0,0,0,0,0,0,0,0,1,86,58,0,0.00034,0.00034,3,5,0,0,0,0,0,0,0,0,0,0,1,0,0,0,0,0,0,0,0,0,0,,0,0,0,0,
13,8.25,0,-25.05,29,0,0,0,11.55,0,0,0,0,-12,0,0,0,0,-0.00229183,0,0,0,0,0,0,0,0,0,1,75,58,0,0.00034,0.00034,3,0,0,0,0,0,0,0,0,0,0,0,1,0,0,0,0,0,0,0,0,0,0,,0,0,0,0,
14,8.65,0,70.95,30,0,0,0,-11.85,0,0,0,0,24.5,0,0,0,0,-0.00229183,0,0,0,0,0,0,0,0,0,1,76,58,0,0.00034,0.00034,2,-1,0,0,0,0,0,0,0,0,0,0,1,0,0,0,0,0,0,0,0,0,0,,0,0,0,0,
15,8.9,0,-32.8,26.5,0,0,0,-0.35,0,0,0,0,-10,0,0,0,0,-0.00229183,0,0,0,0,0,0,0,0,0,1,72,58,0,0.00034,0.00034,3,5,0,0,0,0,0,0,0,0,0,0,1,0,0,0,0,0,0,0,0,0,0,,0,0,0,0,
16,9.38,0,-29.1,23,0,0,0,-2.85,0,0,0,0,-15,0,0,0,0,-0.00229183,0,0,0,0,0,0,0,0,0,1,69,58,0,0.00034,0.00034,3,5,0,0,0,0,0,0,0,0,0,0,1,0,0,0,0,0,0,0,0,0,0,,0,0,0,0,
17,9.86,0,-28.3,21,0,0,0,-0.8,0,0,0,0,-17.5,0,0,0,0,-0.00229183,0,0,0,0,0,0,0,0,0,1,68,58,0,0.00034,0.00034,3,5,0,0,0,0,0,0,0,0,0,0,1,0,0,0,0,0,0,0,0,0,0,,0,0,0,0,
18,12.16,0,-12.6,26.5,0,0,0,13.05,0,0,0,0,-16.5,0,0,0,0,-0.00229183,0,0,0,0,0,0,0,0,0,1,73,58,0,0.00034,0.00034,3,5,0,0,0,0,0,0,0,0,0,0,1,0,0,0,0,0,0,0,0,0,0,,0,0,0,0,
19,13,0,-23.2,21.5,0,0,0,-1.7,0,0,0,0,-17.5,0,0,0,0,-0.00229183,0,0,0,0,0,0,0,0,0,1,68,58,0,0.00034,0.00034,3,5,0,0,0,0,0,0,0,0,0,0,1,0,0,0,0,0,0,0,0,0,0,,0,0,0,0,
END,Total:20
START,FrameNb:10,CameraNb:0,HeSaiNb:0,ARS410Nb:0
2026/08/02 16:23:49:890---->
heightOffset:0,1785659029890,1319460,selfCaliBufCnt:0,selfAccObjCnt:0,selfAccAngle:0,installHAngleOffset:0,Interpolation:0,installVAngleOffset:0,radarOffsetH:0,radarOffsetV:0.32,Polynom:-0.001023;-0.0511;-2.047;0;0;0;-0.001023;-0.0511;-2.047;-25.5;0;0,WheelDirection:0;0;0;0,selfAngleOffset:0,selfAngleOffsetPit:0,currCaliAngleHrz:0,currCaliAnglePit:0,selfCaliAngleHrz:0,selfCaliAnglePit:0,servCaliAngleHrz:0,servCaliAnglePit:0,offlineCaliAngleHrz:0,offlineCaliAnglePit:0,determine2useFlag:0,IMU_Z_Accel:-21.592,IMU_X_AngularRate:-2.093,IMU_Y_AngularRate:-2.093,IMU_RollAngle:-180,IMU_PitchAngle:-180,IMU_YawAngle:-180,FcwID:0,FCWWarningLevel:0,FCWTTC:0
0,2.32,0,30.1,29,0,0,0,8.2,1.37605e-33,0,0,0,-9,0,0,0,0,-0.00229183,0,0,0,0,0,0,0,0,0,1,78,58,0,0.00034,0.00034,3,5,0,0,0,0,0,0,0,0,0,0,1,0,1,0,0,0,0,0,0,0,0,,0,0,0,0,
1,2.79,0,-34.05,43.5,0,0,0,1.75,0,0,0,0,6,0,0,0,0,-0.00229183,0,0,0,0,0,0,0,0,0,1,92,58,0,0.00034,0.00034,3,0,0,0,0,0,0,0,0,0,0,0,1,0,1,0,0,0,0,0,0,0,0,,0,0,0,0,
2,3.27,0,13.8,37.5,0,0,0,2.65,0,0,0,0,-8,0,0,0,0,-0.00229183,0,0,0,0,0,0,0,0,0,1,86,58,0,0.00034,0.00034,3,5,0,0,0,0,0,0,0,0,0,0,1,0,1,0,0,0,0,0,0,0,0,,0,0,0,0,
3,3.61,0,45.65,31.5,0,0,0,-9.3,0,0,0,0,5,0,0,0,0,-0.00229183,0,0,0,0,0,0,0,0,0,1,80,58,0,0.00034,0.00034,3,5,0,0,0,0,0,0,0,0,0,0,1,0,1,0,0,0,0,0,0,0,0,,0,0,0,0,
4,4.03,0,2.2,41.5,0,0,0,0.55,0,0,0,0,-6,0,0,0,0,-0.00229183,0,0,0,0,0,0,0,0,0,1,89,58,0,0.00034,0.00034,3,5,0,0,0,0,0,0,0,0,0,0,1,0,1,0,0,0,0,0,0,0,0,,0,0,0,0,
5,5.17,0,-35.05,34,0,0,0,-3.45,0,0,0,0,-6,0,0,0,0,-0.00229183,0,0,0,0,0,0,0,0,0,1,79,58,0,0.00034,0.00034,3,5,0,0,0,0,0,0,0,0,0,0,1,0,1,0,0,0,0,0,0,0,0,,0,0,0,0,
6,5.17,0,-40.55,34,0,0,0,0.4,0,0,0,0,-3,0,0,0,0,-0.00229183,0,0,0,0,0,0,0,0,0,1,79,58,0,0.00034,0.00034,3,5,0,0,0,0,0,0,0,0,0,0,1,0,1,0,0,0,0,0,0,0,0,,0,0,0,0,
7,5.61,0,-34.65,36,0,0,0,-2.95,0,0,0,0,-4,0,0,0,0,-0.00229183,0,0,0,0,0,0,0,0,0,1,80,58,0,0.00034,0.00034,3,5,0,0,0,0,0,0,0,0,0,0,1,0,1,0,0,0,0,0,0,0,0,,0,0,0,0,
8,5.61,0,-24.15,36,0,0,0,-5.55,0,0,0,0,-9,0,0,0,0,-0.00229183,0,0,0,0,0,0,0,0,0,1,80,58,0,0.00034,0.00034,3,5,0,0,0,0,0,0,0,0,0,0,1,0,1,0,0,0,0,0,0,0,0,,0,0,0,0,
9,5.83,0,-40.6,30.5,0,0,0,0.25,0,0,0,0,-6,0,0,0,0,-0.00229183,0,0,0,0,0,0,0,0,0,1,75,58,0,0.00034,0.00034,3,5,0,0,0,0,0,0,0,0,0,0,1,0,1,0,0,0,0,0,0,0,0,,0,0,0,0,
10,6.64,0,-53.8,25,0,0,0,-2.95,0,0,0,0,0.5,0,0,0,0,-0.00229183,0,0,0,0,0,0,0,0,0,1,70,58,0,0.00034,0.00034,3,5,0,0,0,0,0,0,0,0,0,0,1,0,1,0,0,0,0,0,0,0,0,,0,0,0,0,
11,7.03,0,-10.7,25,0,0,0,2.25,0,0,0,0,-22.5,0,0,0,0,-0.00229183,0,0,0,0,0,0,0,0,0,1,70,58,0,0.00034,0.00034,3,5,0,0,0,0,0,0,0,0,0,0,1,0,1,0,0,0,0,0,0,0,0,,0,0,0,0,
12,7.65,0,35.05,39.5,0,0,0,5.95,0,0,0,0,6,0,0,0,0,-0.00229183,0,0,0,0,0,0,0,0,0,1,86,58,0,0.00034,0.00034,3,5,0,0,0,0,0,0,0,0,0,0,1,0,1,0,0,0,0,0,0,0,0,,0,0,0,0,
13,8.25,0,-24.95,28.5,0,0,0,11.55,0,0,0,0,-12.5,0,0,0,0,-0.00229183,0,0,0,0,0,0,0,0,0,1,75,58,0,0.00034,0.00034,3,0,0,0,0,0,0,0,0,0,0,0,1,0,1,0,0,0,0,0,0,0,0,,0,0,0,0,
14,8.49,0,44.8,30,0,0,0,6,0,0,0,0,4.5,0,0,0,0,-0.00229183,0,0,0,0,0,0,0,0,0,1,76,58,0,0.00034,0.00034,3,7,0,0,0,0,0,0,0,0,0,0,1,0,1,0,0,0,0,0,0,0,0,,0,0,0,0,
15,8.9,0,-32.8,26.5,0,0,0,-0.35,0,0,0,0,-10,0,0,0,0,-0.00229183,0,0,0,0,0,0,0,0,0,1,73,58,0,0.00034,0.00034,3,5,0,0,0,0,0,0,0,0,0,0,1,0,1,0,0,0,0,0,0,0,0,,0,0,0,0,
16,9.38,0,-29.15,23,0,0,0,-3,0,0,0,0,-15,0,0,0,0,-0.00229183,0,0,0,0,0,0,0,0,0,1,69,58,0,0.00034,0.00034,3,5,0,0,0,0,0,0,0,0,0,0,1,0,1,0,0,0,0,0,0,0,0,,0,0,0,0,
17,9.84,0,-28.4,21.5,0,0,0,-0.95,0,0,0,0,-17.5,0,0,0,0,-0.00229183,0,0,0,0,0,0,0,0,0,1,68,58,0,0.00034,0.00034,3,5,0,0,0,0,0,0,0,0,0,0,1,0,1,0,0,0,0,0,0,0,0,,0,0,0,0,
18,12.16,0,-12.55,26.5,0,0,0,12.75,0,0,0,0,-16.5,0,0,0,0,-0.00229183,0,0,0,0,0,0,0,0,0,1,73,58,0,0.00034,0.00034,3,5,0,0,0,0,0,0,0,0,0,0,1,0,1,0,0,0,0,0,0,0,0,,0,0,0,0,
19,13,0,-23.2,21.5,0,0,0,-1.8,0,0,0,0,-17.5,0,0,0,0,-0.00229183,0,0,0,0,0,0,0,0,0,1,68,58,0,0.00034,0.00034,3,5,0,0,0,0,0,0,0,0,0,0,1,0,1,0,0,0,0,0,0,0,0,,0,0,0,0,
END,Total:20
START,FrameNb:11,CameraNb:0,HeSaiNb:0,ARS410Nb:0
2026/08/02 16:23:49:946---->
heightOffset:0,1785659029946,1319516,selfCaliBufCnt:0,selfAccObjCnt:0,selfAccAngle:0,installHAngleOffset:0,Interpolation:0,installVAngleOffset:0,radarOffsetH:0,radarOffsetV:0.32,Polynom:-0.001023;-0.0511;-2.047;0;0;0;-0.001023;-0.0511;-2.047;-25.5;0;0,WheelDirection:0;0;0;0,selfAngleOffset:0,selfAngleOffsetPit:0,currCaliAngleHrz:0,currCaliAnglePit:0,selfCaliAngleHrz:0,selfCaliAnglePit:0,servCaliAngleHrz:0,servCaliAnglePit:0,offlineCaliAngleHrz:0,offlineCaliAnglePit:0,determine2useFlag:0,IMU_Z_Accel:-21.592,IMU_X_AngularRate:-2.093,IMU_Y_AngularRate:-2.093,IMU_RollAngle:-180,IMU_PitchAngle:-180,IMU_YawAngle:-180,FcwID:0,FCWWarningLevel:0,FCWTTC:0
0,2.32,0,30.1,29,0,0,0,7.7,1.37605e-33,0,0,0,-8.5,0,0,0,0,-0.00229183,0,0,0,0,0,0,0,0,0,1,78,64,0,0.00034,0.00034,3,5,0,0,0,0,0,0,0,0,0,0,1,0,0,0,0,0,0,0,0,0,0,,0,0,0,0,
1,2.8,0,-34.05,43,0,0,0,1.75,0,0,0,0,6,0,0,0,0,-0.00229183,0,0,0,0,0,0,0,0,0,1,92,64,0,0.00034,0.00034,3,0,0,0,0,0,0,0,0,0,0,0,1,0,0,0,0,0,0,0,0,0,0,,0,0,0,0,
2,3.27,0,13.8,37,0,0,0,2.65,0,0,0,0,-8,0,0,0,0,-0.00229183,0,0,0,0,0,0,0,0,0,1,86,64,0,0.00034,0.00034,3,5,0,0,0,0,0,0,0,0,0,0,1,0,0,0,0,0,0,0,0,0,0,,0,0,0,0,
3,3.58,0,45.8,31.5,0,0,0,-10.2,0,0,0,0,5,0,0,0,0,-0.00229183,0,0,0,0,0,0,0,0,0,1,80,64,0,0.00034,0.00034,3,5,0,0,0,0,0,0,0,0,0,0,1,0,0,0,0,0,0,0,0,0,0,,0,0,0,0,
4,4.03,0,2.2,41.5,0,0,0,0.55,0,0,0,0,-6,0,0,0,0,-0.00229183,0,0,0,0,0,0,0,0,0,1,89,64,0,0.00034,0.00034,3,5,0,0,0,0,0,0,0,0,0,0,1,0,0,0,0,0,0,0,0,0,0,,0,0,0,0,
5,5.17,0,-35.05,33.5,0,0,0,-3.35,0,0,0,0,-6,0,0,0,0,-0.00229183,0,0,0,0,0,0,0,0,0,1,79,64,0,0.00034,0.00034,3,5,0,0,0,0,0,0,0,0,0,0,1,0,0,0,0,0,0,0,0,0,0,,0,0,0,0,
6,5.17,0,-40.55,33.5,0,0,0,0.45,0,0,0,0,-3,0,0,0,0,-0.00229183,0,0,0,0,0,0,0,0,0,1,79,64,0,0.00034,0.00034,3,5,0,0,0,0,0,0,0,0,0,0,1,0,0,0,0,0,0,0,0,0,0,,0,0,0,0,
7,5.61,0,-34.7,35.5,0,0,0,-3.05,0,0,0,0,-4,0,0,0,0,-0.00229183,0,0,0,0,0,0,0,0,0,1,80,64,0,0.00034,0.00034,3,5,0,0,0,0,0,0,0,0,0,0,1,0,0,0,0,0,0,0,0,0,0,,0,0,0,0,
8,5.61,0,-24.15,35.5,0,0,0,-5.45,0,0,0,0,-9,0,0,0,0,-0.00229183,0,0,0,0,0,0,0,0,0,1,80,64,0,0.00034,0.00034,3,5,0,0,0,0,0,0,0,0,0,0,1,0,0,0,0,0,0,0,0,0,0,,0,0,0,0,
9,5.83,0,-40.6,30.5,0,0,0,0,0,0,0,0,-6,0,0,0,0,-0.00229183,0,0,0,0,0,0,0,0,0,1,75,64,0,0.00034,0.00034,3,5,0,0,0,0,0,0,0,0,0,0,1,0,0,0,0,0,0,0,0,0,0,,0,0,0,0,
10,6.63,0,-53.7,24.5,0,0,0,-3.1,0,0,0,0,1,0,0,0,0,-0.00229183,0,0,0,0,0,0,0,0,0,1,70,64,0,0.00034,0.00034,3,5,0,0,0,0,0,0,0,0,0,0,1,0,0,0,0,0,0,0,0,0,0,,0,0,0,0,
11,7.03,0,24.4,24.5,0,0,0,-10.25,0,0,0,0,-15.5,0,0,0,0,-0.00229183,0,0,0,0,0,0,0,0,0,1,70,64,0,0.00034,0.00034,3,5,0,0,0,0,0,0,0,0,0,0,1,0,0,0,0,0,0,0,0,0,0,,0,0,0,0,
12,7.65,0,35,39.5,0,0,0,6.15,0,0,0,0,6,0,0,0,0,-0.00229183,0,0,0,0,0,0,0,0,0,1,86,64,0,0.00034,0.00034,3,5,0,0,0,0,0,0,0,0,0,0,1,0,0,0,0,0,0,0,0,0,0,,0,0,0,0,
13,8.24,0,-25.1,28.5,0,0,0,11.8,0,0,0,0,-12.5,0,0,0,0,-0.00229183,0,0,0,0,0,0,0,0,0,1,75,64,0,0.00034,0.00034,3,0,0,0,0,0,0,0,0,0,0,0,1,0,0,0,0,0,0,0,0,0,0,,0,0,0,0,
14,8.48,0,69.2,30,0,0,0,-11.55,0,0,0,0,22.5,0,0,0,0,-0.00229183,0,0,0,0,0,0,0,0,0,1,76,64,0,0.00034,0.00034,2,-1,0,0,0,0,0,0,0,0,0,0,1,0,0,0,0,0,0,0,0,0,0,,0,0,0,0,
15,8.9,0,-32.7,26.5,0,0,0,-0.55,0,0,0,0,-10,0,0,0,0,-0.00229183,0,0,0,0,0,0,0,0,0,1,73,64,0,0.00034,0.00034,3,5,0,0,0,0,0,0,0,0,0,0,1,0,0,0,0,0,0,0,0,0,0,,0,0,0,0,
16,9.38,0,-29.1,23,0,0,0,-2.75,0,0,0,0,-15,0,0,0,0,-0.00229183,0,0,0,0,0,0,0,0,0,1,69,64,0,0.00034,0.00034,3,5,0,0,0,0,0,0,0,0,0,0,1,0,0,0,0,0,0,0,0,0,0,,0,0,0,0,
17,9.85,0,-28.35,21,0,0,0,-0.85,0,0,0,0,-17.5,0,0,0,0,-0.00229183,0,0,0,0,0,0,0,0,0,1,67,64,0,0.00034,0.00034,3,5,0,0,0,0,0,0,0,0,0,0,1,0,0,0,0,0,0,0,0,0,0,,0,0,0,0,
18,12.16,0,-12.65,27,0,0,0,13.05,0,0,0,0,-16,0,0,0,0,-0.00229183,0,0,0,0,0,0,0,0,0,1,74,64,0,0.00034,0.00034,3,5,0,0,0,0,0,0,0,0,0,0,1,0,0,0,0,0,0,0,0,0,0,,0,0,0,0,
19,13.01,0,-23.15,21.5,0,0,0,-1.6,0,0,0,0,-17.5,0,0,0,0,-0.00229183,0,0,0,0,0,0,0,0,0,1,68,64,0,0.00034,0.00034,3,5,0,0,0,0,0,0,0,0,0,0,1,0,0,0,0,0,0,0,0,0,0,,0,0,0,0,
END,Total:20
START,FrameNb:12,CameraNb:0,HeSaiNb:0,ARS410Nb:0
2026/08/02 16:23:49:988---->
heightOffset:0,1785659029988,1319576,selfCaliBufCnt:0,selfAccObjCnt:0,selfAccAngle:0,installHAngleOffset:0,Interpolation:0,installVAngleOffset:0,radarOffsetH:0,radarOffsetV:0.32,Polynom:-0.001023;-0.0511;-2.047;0;0;0;-0.001023;-0.0511;-2.047;-25.5;0;0,WheelDirection:0;0;0;0,selfAngleOffset:0,selfAngleOffsetPit:0,currCaliAngleHrz:0,currCaliAnglePit:0,selfCaliAngleHrz:0,selfCaliAnglePit:0,servCaliAngleHrz:0,servCaliAnglePit:0,offlineCaliAngleHrz:0,offlineCaliAnglePit:0,determine2useFlag:0,IMU_Z_Accel:-21.592,IMU_X_AngularRate:-2.093,IMU_Y_AngularRate:-2.093,IMU_RollAngle:-180,IMU_PitchAngle:-180,IMU_YawAngle:-180,FcwID:0,FCWWarningLevel:0,FCWTTC:0
0,2.32,0,30.1,29,0,0,0,8.2,1.37605e-33,0,0,0,-9,0,0,0,0,-0.00229183,0,0,0,0,0,0,0,0,0,1,78,55,0,0.00034,0.00034,3,5,0,0,0,0,0,0,0,0,0,0,1,0,1,0,0,0,0,0,0,0,0,,0,0,0,0,
1,2.79,0,-34.05,43,0,0,0,1.75,0,0,0,0,6,0,0,0,0,-0.00229183,0,0,0,0,0,0,0,0,0,1,92,55,0,0.00034,0.00034,3,0,0,0,0,0,0,0,0,0,0,0,1,0,1,0,0,0,0,0,0,0,0,,0,0,0,0,
2,3.27,0,13.8,37,0,0,0,2.65,0,0,0,0,-8,0,0,0,0,-0.00229183,0,0,0,0,0,0,0,0,0,1,86,55,0,0.00034,0.00034,3,5,0,0,0,0,0,0,0,0,0,0,1,0,1,0,0,0,0,0,0,0,0,,0,0,0,0,
3,3.61,0,45.6,31.5,0,0,0,-9.45,0,0,0,0,5,0,0,0,0,-0.00229183,0,0,0,0,0,0,0,0,0,1,80,55,0,0.00034,0.00034,3,5,0,0,0,0,0,0,0,0,0,0,1,0,1,0,0,0,0,0,0,0,0,,0,0,0,0,
4,4.03,0,2.2,41.5,0,0,0,0.55,0,0,0,0,-6.5,0,0,0,0,-0.00229183,0,0,0,0,0,0,0,0,0,1,89,55,0,0.00034,0.00034,3,5,0,0,0,0,0,0,0,0,0,0,1,0,1,0,0,0,0,0,0,0,0,,0,0,0,0,
5,5.17,0,-35.05,34,0,0,0,-3.3,0,0,0,0,-6,0,0,0,0,-0.00229183,0,0,0,0,0,0,0,0,0,1,79,55,0,0.00034,0.00034,3,5,0,0,0,0,0,0,0,0,0,0,1,0,1,0,0,0,0,0,0,0,0,,0,0,0,0,
6,5.17,0,-40.55,34,0,0,0,0.25,0,0,0,0,-3,0,0,0,0,-0.00229183,0,0,0,0,0,0,0,0,0,1,79,55,0,0.00034,0.00034,3,5,0,0,0,0,0,0,0,0,0,0,1,0,1,0,0,0,0,0,0,0,0,,0,0,0,0,
7,5.61,0,-34.6,35.5,0,0,0,-3,0,0,0,0,-4,0,0,0,0,-0.00229183,0,0,0,0,0,0,0,0,0,1,80,55,0,0.00034,0.00034,3,5,0,0,0,0,0,0,0,0,0,0,1,0,1,0,0,0,0,0,0,0,0,,0,0,0,0,
8,5.61,0,-24.15,35.5,0,0,0,-5.55,0,0,0,0,-9,0,0,0,0,-0.00229183,0,0,0,0,0,0,0,0,0,1,80,55,0,0.00034,0.00034,3,5,0,0,0,0,0,0,0,0,0,0,1,0,1,0,0,0,0,0,0,0,0,,0,0,0,0,
9,5.83,0,-40.55,30.5,0,0,0,0.3,0,0,0,0,-5.5,0,0,0,0,-0.00229183,0,0,0,0,0,0,0,0,0,1,75,55,0,0.00034,0.00034,3,5,0,0,0,0,0,0,0,0,0,0,1,0,1,0,0,0,0,0,0,0,0,,0,0,0,0,
10,6.63,0,-53.7,24.5,0,0,0,-3.25,0,0,0,0,0.5,0,0,0,0,-0.00229183,0,0,0,0,0,0,0,0,0,1,70,55,0,0.00034,0.00034,3,5,0,0,0,0,0,0,0,0,0,0,1,0,1,0,0,0,0,0,0,0,0,,0,0,0,0,
11,7.03,0,-33.3,24.5,0,0,0,7.65,0,0,0,0,-14,0,0,0,0,-0.00229183,0,0,0,0,0,0,0,0,0,1,70,55,0,0.00034,0.00034,3,5,0,0,0,0,0,0,0,0,0,0,1,0,1,0,0,0,0,0,0,0,0,,0,0,0,0,
12,7.64,0,34.9,39.5,0,0,0,6.2,0,0,0,0,5,0,0,0,0,-0.00229183,0,0,0,0,0,0,0,0,0,1,85,55,0,0.00034,0.00034,3,5,0,0,0,0,0,0,0,0,0,0,1,0,1,0,0,0,0,0,0,0,0,,0,0,0,0,
13,8.25,0,-25.1,28.5,0,0,0,11.65,0,0,0,0,-12.5,0,0,0,0,-0.00229183,0,0,0,0,0,0,0,0,0,1,75,55,0,0.00034,0.00034,3,0,0,0,0,0,0,0,0,0,0,0,1,0,1,0,0,0,0,0,0,0,0,,0,0,0,0,
14,8.48,0,69.15,30,0,0,0,-11.55,0,0,0,0,22.5,0,0,0,0,-0.00229183,0,0,0,0,0,0,0,0,0,1,76,55,0,0.00034,0.00034,3,7,0,0,0,0,0,0,0,0,0,0,1,0,1,0,0,0,0,0,0,0,0,,0,0,0,0,
15,8.9,0,-32.8,26.5,0,0,0,-0.6,0,0,0,0,-10,0,0,0,0,-0.00229183,0,0,0,0,0,0,0,0,0,1,73,55,0,0.00034,0.00034,3,5,0,0,0,0,0,0,0,0,0,0,1,0,1,0,0,0,0,0,0,0,0,,0,0,0,0,
16,9.38,0,-29.1,23,0,0,0,-2.85,0,0,0,0,-15,0,0,0,0,-0.00229183,0,0,0,0,0,0,0,0,0,1,69,55,0,0.00034,0.00034,3,5,0,0,0,0,0,0,0,0,0,0,1,0,1,0,0,0,0,0,0,0,0,,0,0,0,0,
17,9.84,0,-28.3,21,0,0,0,-1,0,0,0,0,-17.5,0,0,0,0,-0.00229183,0,0,0,0,0,0,0,0,0,1,67,55,0,0.00034,0.00034,3,5,0,0,0,0,0,0,0,0,0,0,1,0,1,0,0,0,0,0,0,0,0,,0,0,0,0,
18,12.16,0,-12.55,27,0,0,0,12.9,0,0,0,0,-16,0,0,0,0,-0.00229183,0,0,0,0,0,0,0,0,0,1,74,55,0,0.00034,0.00034,3,5,0,0,0,0,0,0,0,0,0,0,1,0,1,0,0,0,0,0,0,0,0,,0,0,0,0,
19,13,0,-22.95,21,0,0,0,-1.7,0,0,0,0,-17.5,0,0,0,0,-0.00229183,0,0,0,0,0,0,0,0,0,1,68,55,0,0.00034,0.00034,3,5,0,0,0,0,0,0,0,0,0,0,1,0,1,0,0,0,0,0,0,0,0,,0,0,0,0,
END,Total:20
START,FrameNb:13,CameraNb:0,HeSaiNb:0,ARS410Nb:0
2026/08/02 16:23:50:052---->
heightOffset:0,1785659030052,1319632,selfCaliBufCnt:0,selfAccObjCnt:0,selfAccAngle:0,installHAngleOffset:0,Interpolation:0,installVAngleOffset:0,radarOffsetH:0,radarOffsetV:0.32,Polynom:-0.001023;-0.0511;-2.047;0;0;0;-0.001023;-0.0511;-2.047;-25.5;0;0,WheelDirection:0;0;0;0,selfAngleOffset:0,selfAngleOffsetPit:0,currCaliAngleHrz:0,currCaliAnglePit:0,selfCaliAngleHrz:0,selfCaliAnglePit:0,servCaliAngleHrz:0,servCaliAnglePit:0,offlineCaliAngleHrz:0,offlineCaliAnglePit:0,determine2useFlag:0,IMU_Z_Accel:-21.592,IMU_X_AngularRate:-2.093,IMU_Y_AngularRate:-2.093,IMU_RollAngle:-180,IMU_PitchAngle:-180,IMU_YawAngle:-180,FcwID:0,FCWWarningLevel:0,FCWTTC:0
0,2.32,0,30.1,29,0,0,0,7.7,1.37605e-33,0,0,0,-9,0,0,0,0,-0.00229183,0,0,0,0,0,0,0,0,0,1,78,58,0,0.00034,0.00034,3,5,0,0,0,0,0,0,0,0,0,0,1,0,0,0,0,0,0,0,0,0,0,,0,0,0,0,
1,2.8,0,-34.05,43,0,0,0,1.75,0,0,0,0,6,0,0,0,0,-0.00229183,0,0,0,0,0,0,0,0,0,1,92,58,0,0.00034,0.00034,3,0,0,0,0,0,0,0,0,0,0,0,1,0,0,0,0,0,0,0,0,0,0,,0,0,0,0,
2,3.27,0,13.8,37,0,0,0,2.65,0,0,0,0,-8,0,0,0,0,-0.00229183,0,0,0,0,0,0,0,0,0,1,86,58,0,0.00034,0.00034,3,5,0,0,0,0,0,0,0,0,0,0,1,0,0,0,0,0,0,0,0,0,0,,0,0,0,0,
3,4.03,0,2.2,41.5,0,0,0,0.55,0,0,0,0,-6,0,0,0,0,-0.00229183,0,0,0,0,0,0,0,0,0,1,89,58,0,0.00034,0.00034,3,5,0,0,0,0,0,0,0,0,0,0,1,0,0,0,0,0,0,0,0,0,0,,0,0,0,0,
4,5.17,0,-35.1,33.5,0,0,0,-3.3,0,0,0,0,-6,0,0,0,0,-0.00229183,0,0,0,0,0,0,0,0,0,1,79,58,0,0.00034,0.00034,3,5,0,0,0,0,0,0,0,0,0,0,1,0,0,0,0,0,0,0,0,0,0,,0,0,0,0,
5,5.17,0,-40.6,33.5,0,0,0,0.25,0,0,0,0,-3,0,0,0,0,-0.00229183,0,0,0,0,0,0,0,0,0,1,79,58,0,0.00034,0.00034,3,5,0,0,0,0,0,0,0,0,0,0,1,0,0,0,0,0,0,0,0,0,0,,0,0,0,0,
6,5.61,0,-34.65,35.5,0,0,0,-3.05,0,0,0,0,-4,0,0,0,0,-0.00229183,0,0,0,0,0,0,0,0,0,1,80,58,0,0.00034,0.00034,3,5,0,0,0,0,0,0,0,0,0,0,1,0,0,0,0,0,0,0,0,0,0,,0,0,0,0,
7,5.61,0,-24.15,35.5,0,0,0,-5.55,0,0,0,0,-9,0,0,0,0,-0.00229183,0,0,0,0,0,0,0,0,0,1,80,58,0,0.00034,0.00034,3,5,0,0,0,0,0,0,0,0,0,0,1,0,0,0,0,0,0,0,0,0,0,,0,0,0,0,
8,5.83,0,-40.65,30.5,0,0,0,0,0,0,0,0,-6,0,0,0,0,-0.00229183,0,0,0,0,0,0,0,0,0,1,75,58,0,0.00034,0.00034,3,5,0,0,0,0,0,0,0,0,0,0,1,0,0,0,0,0,0,0,0,0,0,,0,0,0,0,
9,6.63,0,-53.85,24.5,0,0,0,-2.3,0,0,0,0,0.5,0,0,0,0,-0.00229183,0,0,0,0,0,0,0,0,0,1,70,58,0,0.00034,0.00034,3,5,0,0,0,0,0,0,0,0,0,0,1,0,0,0,0,0,0,0,0,0,0,,0,0,0,0,
10,7.03,0,23.15,24.5,0,0,0,-10,0,0,0,0,-15.5,0,0,0,0,-0.00229183,0,0,0,0,0,0,0,0,0,1,70,58,0,0.00034,0.00034,3,5,0,0,0,0,0,0,0,0,0,0,1,0,0,0,0,0,0,0,0,0,0,,0,0,0,0,
11,7.65,0,34.95,39.5,0,0,0,6.15,0,0,0,0,5,0,0,0,0,-0.00229183,0,0,0,0,0,0,0,0,0,1,85,58,0,0.00034,0.00034,3,5,0,0,0,0,0,0,0,0,0,0,1,0,0,0,0,0,0,0,0,0,0,,0,0,0,0,
12,8.24,0,-25.15,29,0,0,0,11.95,0,0,0,0,-12,0,0,0,0,-0.00229183,0,0,0,0,0,0,0,0,0,1,75,58,0,0.00034,0.00034,3,0,0,0,0,0,0,0,0,0,0,0,1,0,0,0,0,0,0,0,0,0,0,,0,0,0,0,
13,8.65,0,69.2,30,0,0,0,-11.55,0,0,0,0,22.5,0,0,0,0,-0.00229183,0,0,0,0,0,0,0,0,0,1,76,58,0,0.00034,0.00034,3,7,0,0,0,0,0,0,0,0,0,0,1,0,0,0,0,0,0,0,0,0,0,,0,0,0,0,
14,8.9,0,-32.65,26.5,0,0,0,-0.75,0,0,0,0,-10,0,0,0,0,-0.00229183,0,0,0,0,0,0,0,0,0,1,72,58,0,0.00034,0.00034,3,7,0,0,0,0,0,0,0,0,0,0,1,0,0,0,0,0,0,0,0,0,0,,0,0,0,0,
15,9.38,0,-29.1,23.5,0,0,0,-3,0,0,0,0,-14.5,0,0,0,0,-0.00229183,0,0,0,0,0,0,0,0,0,1,70,58,0,0.00034,0.00034,3,5,0,0,0,0,0,0,0,0,0,0,1,0,0,0,0,0,0,0,0,0,0,,0,0,0,0,
16,9.84,0,-28.3,21,0,0,0,-0.55,0,0,0,0,-17.5,0,0,0,0,-0.00229183,0,0,0,0,0,0,0,0,0,1,67,58,0,0.00034,0.00034,3,5,0,0,0,0,0,0,0,0,0,0,1,0,0,0,0,0,0,0,0,0,0,,0,0,0,0,
17,12.16,0,-12.6,27,0,0,0,13.15,0,0,0,0,-16,0,0,0,0,-0.00229183,0,0,0,0,0,0,0,0,0,1,74,58,0,0.00034,0.00034,3,5,0,0,0,0,0,0,0,0,0,0,1,0,0,0,0,0,0,0,0,0,0,,0,0,0,0,
18,13,0,-22.95,22,0,0,0,-1.8,0,0,0,0,-17.5,0,0,0,0,-0.00229183,0,0,0,0,0,0,0,0,0,1,68,58,0,0.00034,0.00034,3,5,0,0,0,0,0,0,0,0,0,0,1,0,0,0,0,0,0,0,0,0,0,,0,0,0,0,
END,Total:19
START,FrameNb:14,CameraNb:0,HeSaiNb:0,ARS410Nb:0
2026/08/02 16:23:50:143---->
heightOffset:0,1785659030143,1319688,selfCaliBufCnt:0,selfAccObjCnt:0,selfAccAngle:0,installHAngleOffset:0,Interpolation:0,installVAngleOffset:0,radarOffsetH:0,radarOffsetV:0.32,Polynom:-0.001023;-0.0511;-2.047;0;0;0;-0.001023;-0.0511;-2.047;-25.5;0;0,WheelDirection:0;0;0;0,selfAngleOffset:0,selfAngleOffsetPit:0,currCaliAngleHrz:0,currCaliAnglePit:0,selfCaliAngleHrz:0,selfCaliAnglePit:0,servCaliAngleHrz:0,servCaliAnglePit:0,offlineCaliAngleHrz:0,offlineCaliAnglePit:0,determine2useFlag:0,IMU_Z_Accel:-21.592,IMU_X_AngularRate:-2.093,IMU_Y_AngularRate:-2.093,IMU_RollAngle:-180,IMU_PitchAngle:-180,IMU_YawAngle:-180,FcwID:0,FCWWarningLevel:0,FCWTTC:0
0,2.32,0,30.1,29,0,0,0,8.25,1.37605e-33,0,0,0,-9,0,0,0,0,-0.00229183,0,0,0,0,0,0,0,0,0,1,78,54,0,0.00034,0.00034,3,5,0,0,0,0,0,0,0,0,0,0,1,0,1,0,0,0,0,0,0,0,0,,0,0,0,0,
1,2.8,0,-34.05,43,0,0,0,1.75,0,0,0,0,6,0,0,0,0,-0.00229183,0,0,0,0,0,0,0,0,0,1,92,54,0,0.00034,0.00034,3,0,0,0,0,0,0,0,0,0,0,0,1,0,1,0,0,0,0,0,0,0,0,,0,0,0,0,
2,3.28,0,13.8,37,0,0,0,2.65,0,0,0,0,-8,0,0,0,0,-0.00229183,0,0,0,0,0,0,0,0,0,1,86,54,0,0.00034,0.00034,3,5,0,0,0,0,0,0,0,0,0,0,1,0,1,0,0,0,0,0,0,0,0,,0,0,0,0,
3,3.64,0,45.55,31.5,0,0,0,-9.3,0,0,0,0,5,0,0,0,0,-0.00229183,0,0,0,0,0,0,0,0,0,1,80,54,0,0.00034,0.00034,3,5,0,0,0,0,0,0,0,0,0,0,1,0,1,0,0,0,0,0,0,0,0,,0,0,0,0,
4,4.03,0,2.2,41.5,0,0,0,0.55,0,0,0,0,-6.5,0,0,0,0,-0.00229183,0,0,0,0,0,0,0,0,0,1,89,54,0,0.00034,0.00034,3,5,0,0,0,0,0,0,0,0,0,0,1,0,1,0,0,0,0,0,0,0,0,,0,0,0,0,
5,5.17,0,-35.1,34,0,0,0,-3.45,0,0,0,0,-6,0,0,0,0,-0.00229183,0,0,0,0,0,0,0,0,0,1,79,54,0,0.00034,0.00034,3,5,0,0,0,0,0,0,0,0,0,0,1,0,1,0,0,0,0,0,0,0,0,,0,0,0,0,
6,5.17,0,-40.6,34,0,0,0,0.2,0,0,0,0,-3,0,0,0,0,-0.00229183,0,0,0,0,0,0,0,0,0,1,79,54,0,0.00034,0.00034,3,5,0,0,0,0,0,0,0,0,0,0,1,0,1,0,0,0,0,0,0,0,0,,0,0,0,0,
7,5.61,0,-34.55,35.5,0,0,0,-3,0,0,0,0,-4,0,0,0,0,-0.00229183,0,0,0,0,0,0,0,0,0,1,80,54,0,0.00034,0.00034,3,5,0,0,0,0,0,0,0,0,0,0,1,0,1,0,0,0,0,0,0,0,0,,0,0,0,0,
8,5.61,0,-24.1,35.5,0,0,0,-5.55,0,0,0,0,-9,0,0,0,0,-0.00229183,0,0,0,0,0,0,0,0,0,1,80,54,0,0.00034,0.00034,3,5,0,0,0,0,0,0,0,0,0,0,1,0,1,0,0,0,0,0,0,0,0,,0,0,0,0,
9,5.83,0,-40.7,30.5,0,0,0,0.3,0,0,0,0,-5.5,0,0,0,0,-0.00229183,0,0,0,0,0,0,0,0,0,1,76,54,0,0.00034,0.00034,3,5,0,0,0,0,0,0,0,0,0,0,1,0,1,0,0,0,0,0,0,0,0,,0,0,0,0,
10,6.63,0,-53.8,24.5,0,0,0,-2.6,0,0,0,0,0.5,0,0,0,0,-0.00229183,0,0,0,0,0,0,0,0,0,1,70,54,0,0.00034,0.00034,3,5,0,0,0,0,0,0,0,0,0,0,1,0,1,0,0,0,0,0,0,0,0,,0,0,0,0,
11,7.03,0,-10.2,24,0,0,0,2.15,0,0,0,0,-23,0,0,0,0,-0.00229183,0,0,0,0,0,0,0,0,0,1,70,54,0,0.00034,0.00034,3,5,0,0,0,0,0,0,0,0,0,0,1,0,1,0,0,0,0,0,0,0,0,,0,0,0,0,
12,7.66,0,34.9,39.5,0,0,0,6.25,0,0,0,0,5,0,0,0,0,-0.00229183,0,0,0,0,0,0,0,0,0,1,85,54,0,0.00034,0.00034,3,5,0,0,0,0,0,0,0,0,0,0,1,0,1,0,0,0,0,0,0,0,0,,0,0,0,0,
13,8.24,0,-25.1,29,0,0,0,11.75,0,0,0,0,-12,0,0,0,0,-0.00229183,0,0,0,0,0,0,0,0,0,1,75,54,0,0.00034,0.00034,3,0,0,0,0,0,0,0,0,0,0,0,1,0,1,0,0,0,0,0,0,0,0,,0,0,0,0,
14,8.65,0,69.2,30,0,0,0,-11.55,0,0,0,0,22.5,0,0,0,0,-0.00229183,0,0,0,0,0,0,0,0,0,1,76,54,0,0.00034,0.00034,3,7,0,0,0,0,0,0,0,0,0,0,1,0,1,0,0,0,0,0,0,0,0,,0,0,0,0,
15,8.9,0,-32.7,26,0,0,0,-1.05,0,0,0,0,-10,0,0,0,0,-0.00229183,0,0,0,0,0,0,0,0,0,1,73,54,0,0.00034,0.00034,3,5,0,0,0,0,0,0,0,0,0,0,1,0,1,0,0,0,0,0,0,0,0,,0,0,0,0,
16,9.38,0,-29.1,23,0,0,0,-2.85,0,0,0,0,-14.5,0,0,0,0,-0.00229183,0,0,0,0,0,0,0,0,0,1,70,54,0,0.00034,0.00034,3,5,0,0,0,0,0,0,0,0,0,0,1,0,1,0,0,0,0,0,0,0,0,,0,0,0,0,
17,9.82,0,-28.3,20.5,0,0,0,-0.7,0,0,0,0,-18,0,0,0,0,-0.00229183,0,0,0,0,0,0,0,0,0,1,67,54,0,0.00034,0.00034,3,5,0,0,0,0,0,0,0,0,0,0,1,0,1,0,0,0,0,0,0,0,0,,0,0,0,0,
18,12.16,0,-12.5,26.5,0,0,0,12.8,0,0,0,0,-16,0,0,0,0,-0.00229183,0,0,0,0,0,0,0,0,0,1,73,54,0,0.00034,0.00034,3,5,0,0,0,0,0,0,0,0,0,0,1,0,1,0,0,0,0,0,0,0,0,,0,0,0,0,
19,13,0,-23.05,21.5,0,0,0,-1.6,0,0,0,0,-17.5,0,0,0,0,-0.00229183,0,0,0,0,0,0,0,0,0,1,68,54,0,0.00034,0.00034,3,5,0,0,0,0,0,0,0,0,0,0,1,0,1,0,0,0,0,0,0,0,0,,0,0,0,0,
END,Total:20
START,FrameNb:15,CameraNb:0,HeSaiNb:0,ARS410Nb:0
2026/08/02 16:23:50:204---->
heightOffset:0,1785659030204,1319744,selfCaliBufCnt:0,selfAccObjCnt:0,selfAccAngle:0,installHAngleOffset:0,Interpolation:0,installVAngleOffset:0,radarOffsetH:0,radarOffsetV:0.32,Polynom:-0.001023;-0.0511;-2.047;0;0;0;-0.001023;-0.0511;-2.047;-25.5;0;0,WheelDirection:0;0;0;0,selfAngleOffset:0,selfAngleOffsetPit:0,currCaliAngleHrz:0,currCaliAnglePit:0,selfCaliAngleHrz:0,selfCaliAnglePit:0,servCaliAngleHrz:0,servCaliAnglePit:0,offlineCaliAngleHrz:0,offlineCaliAnglePit:0,determine2useFlag:0,IMU_Z_Accel:-21.592,IMU_X_AngularRate:-2.093,IMU_Y_AngularRate:-2.093,IMU_RollAngle:-180,IMU_PitchAngle:-180,IMU_YawAngle:-180,FcwID:0,FCWWarningLevel:0,FCWTTC:0
0,2.32,0,30.1,29,0,0,0,7.75,1.37605e-33,0,0,0,-8.5,0,0,0,0,-0.00229183,0,0,0,0,0,0,0,0,0,1,78,58,0,0.00034,0.00034,3,5,0,0,0,0,0,0,0,0,0,0,1,0,0,0,0,0,0,0,0,0,0,,0,0,0,0,
1,2.8,0,-34.05,43.5,0,0,0,1.75,0,0,0,0,6,0,0,0,0,-0.00229183,0,0,0,0,0,0,0,0,0,1,92,58,0,0.00034,0.00034,3,0,0,0,0,0,0,0,0,0,0,0,1,0,0,0,0,0,0,0,0,0,0,,0,0,0,0,
2,3.27,0,13.8,37.5,0,0,0,2.65,0,0,0,0,-8,0,0,0,0,-0.00229183,0,0,0,0,0,0,0,0,0,1,86,58,0,0.00034,0.00034,3,5,0,0,0,0,0,0,0,0,0,0,1,0,0,0,0,0,0,0,0,0,0,,0,0,0,0,
3,3.59,0,45.7,32,0,0,0,-9.55,0,0,0,0,5,0,0,0,0,-0.00229183,0,0,0,0,0,0,0,0,0,1,80,58,0,0.00034,0.00034,3,5,0,0,0,0,0,0,0,0,0,0,1,0,0,0,0,0,0,0,0,0,0,,0,0,0,0,
4,4.03,0,2.2,41.5,0,0,0,0.55,0,0,0,0,-6,0,0,0,0,-0.00229183,0,0,0,0,0,0,0,0,0,1,89,58,0,0.00034,0.00034,3,5,0,0,0,0,0,0,0,0,0,0,1,0,0,0,0,0,0,0,0,0,0,,0,0,0,0,
5,5.16,0,-35.1,34,0,0,0,-3.35,0,0,0,0,-6,0,0,0,0,-0.00229183,0,0,0,0,0,0,0,0,0,1,79,58,0,0.00034,0.00034,3,5,0,0,0,0,0,0,0,0,0,0,1,0,0,0,0,0,0,0,0,0,0,,0,0,0,0,
6,5.16,0,-40.7,34,0,0,0,0.25,0,0,0,0,-3,0,0,0,0,-0.00229183,0,0,0,0,0,0,0,0,0,1,79,58,0,0.00034,0.00034,3,5,0,0,0,0,0,0,0,0,0,0,1,0,0,0,0,0,0,0,0,0,0,,0,0,0,0,
7,5.61,0,-34.6,36,0,0,0,-3.05,0,0,0,0,-4,0,0,0,0,-0.00229183,0,0,0,0,0,0,0,0,0,1,80,58,0,0.00034,0.00034,3,5,0,0,0,0,0,0,0,0,0,0,1,0,0,0,0,0,0,0,0,0,0,,0,0,0,0,
8,5.61,0,-24.1,36,0,0,0,-5.55,0,0,0,0,-9,0,0,0,0,-0.00229183,0,0,0,0,0,0,0,0,0,1,80,58,0,0.00034,0.00034,3,5,0,0,0,0,0,0,0,0,0,0,1,0,0,0,0,0,0,0,0,0,0,,0,0,0,0,
9,5.83,0,-40.65,30.5,0,0,0,0.05,0,0,0,0,-5.5,0,0,0,0,-0.00229183,0,0,0,0,0,0,0,0,0,1,75,58,0,0.00034,0.00034,3,5,0,0,0,0,0,0,0,0,0,0,1,0,0,0,0,0,0,0,0,0,0,,0,0,0,0,
10,6.63,0,-53.9,24.5,0,0,0,0.65,0,0,0,0,0.5,0,0,0,0,-0.00229183,0,0,0,0,0,0,0,0,0,1,70,58,0,0.00034,0.00034,3,5,0,0,0,0,0,0,0,0,0,0,1,0,0,0,0,0,0,0,0,0,0,,0,0,0,0,
11,7.03,0,-33.35,24.5,0,0,0,7.9,0,0,0,0,-14,0,0,0,0,-0.00229183,0,0,0,0,0,0,0,0,0,1,70,58,0,0.00034,0.00034,3,5,0,0,0,0,0,0,0,0,0,0,1,0,0,0,0,0,0,0,0,0,0,,0,0,0,0,
12,7.66,0,34.95,39.5,0,0,0,6.45,0,0,0,0,5,0,0,0,0,-0.00229183,0,0,0,0,0,0,0,0,0,1,85,58,0,0.00034,0.00034,3,0,0,0,0,0,0,0,0,0,0,0,1,0,0,0,0,0,0,0,0,0,0,,0,0,0,0,
13,8.23,0,-25.2,29,0,0,0,11.95,0,0,0,0,-12,0,0,0,0,-0.00229183,0,0,0,0,0,0,0,0,0,1,75,58,0,0.00034,0.00034,3,0,0,0,0,0,0,0,0,0,0,0,1,0,0,0,0,0,0,0,0,0,0,,0,0,0,0,
14,8.65,0,69.2,30,0,0,0,-11.45,0,0,0,0,22.5,0,0,0,0,-0.00229183,0,0,0,0,0,0,0,0,0,1,76,58,0,0.00034,0.00034,3,7,0,0,0,0,0,0,0,0,0,0,1,0,0,0,0,0,0,0,0,0,0,,0,0,0,0,
15,8.9,0,-32.65,26.5,0,0,0,-1.25,0,0,0,0,-9.5,0,0,0,0,-0.00229183,0,0,0,0,0,0,0,0,0,1,73,58,0,0.00034,0.00034,3,5,0,0,0,0,0,0,0,0,0,0,1,0,0,0,0,0,0,0,0,0,0,,0,0,0,0,
16,9.38,0,-29.15,23,0,0,0,-2.8,0,0,0,0,-15,0,0,0,0,-0.00229183,0,0,0,0,0,0,0,0,0,1,69,58,0,0.00034,0.00034,3,5,0,0,0,0,0,0,0,0,0,0,1,0,0,0,0,0,0,0,0,0,0,,0,0,0,0,
17,9.84,0,-28.35,21,0,0,0,-0.55,0,0,0,0,-17.5,0,0,0,0,-0.00229183,0,0,0,0,0,0,0,0,0,1,67,58,0,0.00034,0.00034,3,5,0,0,0,0,0,0,0,0,0,0,1,0,0,0,0,0,0,0,0,0,0,,0,0,0,0,
18,12.16,0,-12.6,27,0,0,0,13,0,0,0,0,-16.5,0,0,0,0,-0.00229183,0,0,0,0,0,0,0,0,0,1,73,58,0,0.00034,0.00034,3,5,0,0,0,0,0,0,0,0,0,0,1,0,0,0,0,0,0,0,0,0,0,,0,0,0,0,
19,13,0,-23.1,21.5,0,0,0,-1.75,0,0,0,0,-17.5,0,0,0,0,-0.00229183,0,0,0,0,0,0,0,0,0,1,68,58,0,0.00034,0.00034,3,5,0,0,0,0,0,0,0,0,0,0,1,0,0,0,0,0,0,0,0,0,0,,0,0,0,0,
END,Total:20
START,FrameNb:16,CameraNb:0,HeSaiNb:0,ARS410Nb:0
2026/08/02 16:23:50:237---->
heightOffset:0,1785659030237,1319800,selfCaliBufCnt:0,selfAccObjCnt:0,selfAccAngle:0,installHAngleOffset:0,Interpolation:0,installVAngleOffset:0,radarOffsetH:0,radarOffsetV:0.32,Polynom:-0.001023;-0.0511;-2.047;0;0;0;-0.001023;-0.0511;-2.047;-25.5;0;0,WheelDirection:0;0;0;0,selfAngleOffset:0,selfAngleOffsetPit:0,currCaliAngleHrz:0,currCaliAnglePit:0,selfCaliAngleHrz:0,selfCaliAnglePit:0,servCaliAngleHrz:0,servCaliAnglePit:0,offlineCaliAngleHrz:0,offlineCaliAnglePit:0,determine2useFlag:0,IMU_Z_Accel:-21.592,IMU_X_AngularRate:-2.093,IMU_Y_AngularRate:-2.093,IMU_RollAngle:-180,IMU_PitchAngle:-180,IMU_YawAngle:-180,FcwID:0,FCWWarningLevel:0,FCWTTC:0
0,2.32,0,30.05,29,0,0,0,8.25,1.37605e-33,0,0,0,-9,0,0,0,0,-0.00229183,0,0,0,0,0,0,0,0,0,1,78,53,0,0.00034,0.00034,3,5,0,0,0,0,0,0,0,0,0,0,1,0,1,0,0,0,0,0,0,0,0,,0,0,0,0,
1,2.79,0,-34.05,43,0,0,0,1.75,0,0,0,0,6,0,0,0,0,-0.00229183,0,0,0,0,0,0,0,0,0,1,92,53,0,0.00034,0.00034,3,0,0,0,0,0,0,0,0,0,0,0,1,0,1,0,0,0,0,0,0,0,0,,0,0,0,0,
2,3.27,0,13.8,37.5,0,0,0,2.65,0,0,0,0,-8,0,0,0,0,-0.00229183,0,0,0,0,0,0,0,0,0,1,86,53,0,0.00034,0.00034,3,5,0,0,0,0,0,0,0,0,0,0,1,0,1,0,0,0,0,0,0,0,0,,0,0,0,0,
3,3.61,0,45.4,31.5,0,0,0,-9.35,0,0,0,0,5,0,0,0,0,-0.00229183,0,0,0,0,0,0,0,0,0,1,80,53,0,0.00034,0.00034,3,5,0,0,0,0,0,0,0,0,0,0,1,0,1,0,0,0,0,0,0,0,0,,0,0,0,0,
4,4.03,0,2.2,41.5,0,0,0,0.55,0,0,0,0,-6.5,0,0,0,0,-0.00229183,0,0,0,0,0,0,0,0,0,1,89,53,0,0.00034,0.00034,3,5,0,0,0,0,0,0,0,0,0,0,1,0,1,0,0,0,0,0,0,0,0,,0,0,0,0,
5,5.17,0,-35.1,33.5,0,0,0,-3.3,0,0,0,0,-6,0,0,0,0,-0.00229183,0,0,0,0,0,0,0,0,0,1,79,53,0,0.00034,0.00034,3,5,0,0,0,0,0,0,0,0,0,0,1,0,1,0,0,0,0,0,0,0,0,,0,0,0,0,
6,5.17,0,-40.65,33.5,0,0,0,0.2,0,0,0,0,-3,0,0,0,0,-0.00229183,0,0,0,0,0,0,0,0,0,1,79,53,0,0.00034,0.00034,3,5,0,0,0,0,0,0,0,0,0,0,1,0,1,0,0,0,0,0,0,0,0,,0,0,0,0,
7,5.62,0,-34.55,35.5,0,0,0,-3.05,0,0,0,0,-4,0,0,0,0,-0.00229183,0,0,0,0,0,0,0,0,0,1,80,53,0,0.00034,0.00034,3,5,0,0,0,0,0,0,0,0,0,0,1,0,1,0,0,0,0,0,0,0,0,,0,0,0,0,
8,5.62,0,-24.1,35.5,0,0,0,-5.6,0,0,0,0,-9,0,0,0,0,-0.00229183,0,0,0,0,0,0,0,0,0,1,80,53,0,0.00034,0.00034,3,5,0,0,0,0,0,0,0,0,0,0,1,0,1,0,0,0,0,0,0,0,0,,0,0,0,0,
9,5.83,0,-40.85,30.5,0,0,0,0.25,0,0,0,0,-5.5,0,0,0,0,-0.00229183,0,0,0,0,0,0,0,0,0,1,75,53,0,0.00034,0.00034,3,5,0,0,0,0,0,0,0,0,0,0,1,0,1,0,0,0,0,0,0,0,0,,0,0,0,0,
10,6.63,0,-53.85,24.5,0,0,0,-2.2,0,0,0,0,0.5,0,0,0,0,-0.00229183,0,0,0,0,0,0,0,0,0,1,70,53,0,0.00034,0.00034,3,5,0,0,0,0,0,0,0,0,0,0,1,0,1,0,0,0,0,0,0,0,0,,0,0,0,0,
11,7.01,0,-10.15,24.5,0,0,0,2.4,0,0,0,0,-23,0,0,0,0,-0.00229183,0,0,0,0,0,0,0,0,0,1,70,53,0,0.00034,0.00034,3,5,0,0,0,0,0,0,0,0,0,0,1,0,1,0,0,0,0,0,0,0,0,,0,0,0,0,
12,7.65,0,34.9,39.5,0,0,0,6.65,0,0,0,0,5,0,0,0,0,-0.00229183,0,0,0,0,0,0,0,0,0,1,86,53,0,0.00034,0.00034,3,5,0,0,0,0,0,0,0,0,0,0,1,0,1,0,0,0,0,0,0,0,0,,0,0,0,0,
13,8.24,0,-25.15,29,0,0,0,11.8,0,0,0,0,-12,0,0,0,0,-0.00229183,0,0,0,0,0,0,0,0,0,1,75,53,0,0.00034,0.00034,3,0,0,0,0,0,0,0,0,0,0,0,1,0,1,0,0,0,0,0,0,0,0,,0,0,0,0,
14,8.65,0,69.2,30,0,0,0,-11.45,0,0,0,0,22.5,0,0,0,0,-0.00229183,0,0,0,0,0,0,0,0,0,1,76,53,0,0.00034,0.00034,3,7,0,0,0,0,0,0,0,0,0,0,1,0,1,0,0,0,0,0,0,0,0,,0,0,0,0,
15,8.9,0,-32.6,26.5,0,0,0,-1.2,0,0,0,0,-10,0,0,0,0,-0.00229183,0,0,0,0,0,0,0,0,0,1,73,53,0,0.00034,0.00034,3,5,0,0,0,0,0,0,0,0,0,0,1,0,1,0,0,0,0,0,0,0,0,,0,0,0,0,
16,9.38,0,-29.2,23.5,0,0,0,-2.95,0,0,0,0,-15,0,0,0,0,-0.00229183,0,0,0,0,0,0,0,0,0,1,69,53,0,0.00034,0.00034,3,5,0,0,0,0,0,0,0,0,0,0,1,0,1,0,0,0,0,0,0,0,0,,0,0,0,0,
17,9.84,0,-28.35,21,0,0,0,-0.6,0,0,0,0,-18,0,0,0,0,-0.00229183,0,0,0,0,0,0,0,0,0,1,67,53,0,0.00034,0.00034,3,5,0,0,0,0,0,0,0,0,0,0,1,0,1,0,0,0,0,0,0,0,0,,0,0,0,0,
18,12.16,0,-12.55,27,0,0,0,12.75,0,0,0,0,-16,0,0,0,0,-0.00229183,0,0,0,0,0,0,0,0,0,1,73,53,0,0.00034,0.00034,3,5,0,0,0,0,0,0,0,0,0,0,1,0,1,0,0,0,0,0,0,0,0,,0,0,0,0,
19,13,0,-23.05,21,0,0,0,-1.7,0,0,0,0,-18,0,0,0,0,-0.00229183,0,0,0,0,0,0,0,0,0,1,68,53,0,0.00034,0.00034,3,5,0,0,0,0,0,0,0,0,0,0,1,0,1,0,0,0,0,0,0,0,0,,0,0,0,0,
END,Total:20
START,FrameNb:17,CameraNb:0,HeSaiNb:0,ARS410Nb:0
2026/08/02 16:23:50:299---->
heightOffset:0,1785659030299,1319860,selfCaliBufCnt:0,selfAccObjCnt:0,selfAccAngle:0,installHAngleOffset:0,Interpolation:0,installVAngleOffset:0,radarOffsetH:0,radarOffsetV:0.32,Polynom:-0.001023;-0.0511;-2.047;0;0;0;-0.001023;-0.0511;-2.047;-25.5;0;0,WheelDirection:0;0;0;0,selfAngleOffset:0,selfAngleOffsetPit:0,currCaliAngleHrz:0,currCaliAnglePit:0,selfCaliAngleHrz:0,selfCaliAnglePit:0,servCaliAngleHrz:0,servCaliAnglePit:0,offlineCaliAngleHrz:0,offlineCaliAnglePit:0,determine2useFlag:0,IMU_Z_Accel:-21.592,IMU_X_AngularRate:-2.093,IMU_Y_AngularRate:-2.093,IMU_RollAngle:-180,IMU_PitchAngle:-180,IMU_YawAngle:-180,FcwID:0,FCWWarningLevel:0,FCWTTC:0
0,2.32,0,30.1,29,0,0,0,7.7,1.37605e-33,0,0,0,-8.5,0,0,0,0,-0.00229183,0,0,0,0,0,0,0,0,0,1,78,63,0,0.00034,0.00034,3,5,0,0,0,0,0,0,0,0,0,0,1,0,0,0,0,0,0,0,0,0,0,,0,0,0,0,
1,2.8,0,-34.05,43,0,0,0,1.75,0,0,0,0,6,0,0,0,0,-0.00229183,0,0,0,0,0,0,0,0,0,1,92,63,0,0.00034,0.00034,3,0,0,0,0,0,0,0,0,0,0,0,1,0,0,0,0,0,0,0,0,0,0,,0,0,0,0,
2,3.28,0,13.8,37.5,0,0,0,2.65,0,0,0,0,-8,0,0,0,0,-0.00229183,0,0,0,0,0,0,0,0,0,1,86,63,0,0.00034,0.00034,3,5,0,0,0,0,0,0,0,0,0,0,1,0,0,0,0,0,0,0,0,0,0,,0,0,0,0,
3,3.59,0,45.85,32,0,0,0,-10.3,0,0,0,0,5,0,0,0,0,-0.00229183,0,0,0,0,0,0,0,0,0,1,80,63,0,0.00034,0.00034,3,5,0,0,0,0,0,0,0,0,0,0,1,0,0,0,0,0,0,0,0,0,0,,0,0,0,0,
4,4.03,0,2.2,41.5,0,0,0,0.55,0,0,0,0,-6,0,0,0,0,-0.00229183,0,0,0,0,0,0,0,0,0,1,89,63,0,0.00034,0.00034,3,5,0,0,0,0,0,0,0,0,0,0,1,0,0,0,0,0,0,0,0,0,0,,0,0,0,0,
5,5.16,0,-35.1,34,0,0,0,-3.3,0,0,0,0,-6,0,0,0,0,-0.00229183,0,0,0,0,0,0,0,0,0,1,79,63,0,0.00034,0.00034,3,5,0,0,0,0,0,0,0,0,0,0,1,0,0,0,0,0,0,0,0,0,0,,0,0,0,0,
6,5.16,0,-40.7,34,0,0,0,0.2,0,0,0,0,-3,0,0,0,0,-0.00229183,0,0,0,0,0,0,0,0,0,1,79,63,0,0.00034,0.00034,3,5,0,0,0,0,0,0,0,0,0,0,1,0,0,0,0,0,0,0,0,0,0,,0,0,0,0,
7,5.61,0,-34.6,36,0,0,0,-3.05,0,0,0,0,-4,0,0,0,0,-0.00229183,0,0,0,0,0,0,0,0,0,1,80,63,0,0.00034,0.00034,3,5,0,0,0,0,0,0,0,0,0,0,1,0,0,0,0,0,0,0,0,0,0,,0,0,0,0,
8,5.61,0,-24.1,36,0,0,0,-5.55,0,0,0,0,-9,0,0,0,0,-0.00229183,0,0,0,0,0,0,0,0,0,1,80,63,0,0.00034,0.00034,3,5,0,0,0,0,0,0,0,0,0,0,1,0,0,0,0,0,0,0,0,0,0,,0,0,0,0,
9,5.83,0,-40.7,30.5,0,0,0,0.15,0,0,0,0,-5.5,0,0,0,0,-0.00229183,0,0,0,0,0,0,0,0,0,1,75,63,0,0.00034,0.00034,3,5,0,0,0,0,0,0,0,0,0,0,1,0,0,0,0,0,0,0,0,0,0,,0,0,0,0,
10,6.63,0,-53.85,24.5,0,0,0,-1.3,0,0,0,0,0.5,0,0,0,0,-0.00229183,0,0,0,0,0,0,0,0,0,1,70,63,0,0.00034,0.00034,3,5,0,0,0,0,0,0,0,0,0,0,1,0,0,0,0,0,0,0,0,0,0,,0,0,0,0,
11,7.02,0,22.55,24.5,0,0,0,-10.1,0,0,0,0,-17,0,0,0,0,-0.00229183,0,0,0,0,0,0,0,0,0,1,70,63,0,0.00034,0.00034,3,5,0,0,0,0,0,0,0,0,0,0,1,0,0,0,0,0,0,0,0,0,0,,0,0,0,0,
12,7.65,0,34.85,40,0,0,0,6.8,0,0,0,0,5,0,0,0,0,-0.00229183,0,0,0,0,0,0,0,0,0,1,86,63,0,0.00034,0.00034,3,5,0,0,0,0,0,0,0,0,0,0,1,0,0,0,0,0,0,0,0,0,0,,0,0,0,0,
13,8.24,0,-25.2,29.5,0,0,0,12.05,0,0,0,0,-12,0,0,0,0,-0.00229183,0,0,0,0,0,0,0,0,0,1,75,63,0,0.00034,0.00034,3,0,0,0,0,0,0,0,0,0,0,0,1,0,0,0,0,0,0,0,0,0,0,,0,0,0,0,
14,8.62,0,69.15,30.5,0,0,0,-11.45,0,0,0,0,22.5,0,0,0,0,-0.00229183,0,0,0,0,0,0,0,0,0,1,76,63,0,0.00034,0.00034,3,7,0,0,0,0,0,0,0,0,0,0,1,0,0,0,0,0,0,0,0,0,0,,0,0,0,0,
15,8.9,0,-32.8,26.5,0,0,0,-1,0,0,0,0,-10,0,0,0,0,-0.00229183,0,0,0,0,0,0,0,0,0,1,73,63,0,0.00034,0.00034,3,5,0,0,0,0,0,0,0,0,0,0,1,0,0,0,0,0,0,0,0,0,0,,0,0,0,0,
16,9.38,0,-29.1,23,0,0,0,-2.95,0,0,0,0,-15,0,0,0,0,-0.00229183,0,0,0,0,0,0,0,0,0,1,69,63,0,0.00034,0.00034,3,5,0,0,0,0,0,0,0,0,0,0,1,0,0,0,0,0,0,0,0,0,0,,0,0,0,0,
17,9.85,0,-28.4,21,0,0,0,-0.55,0,0,0,0,-17.5,0,0,0,0,-0.00229183,0,0,0,0,0,0,0,0,0,1,67,63,0,0.00034,0.00034,3,5,0,0,0,0,0,0,0,0,0,0,1,0,0,0,0,0,0,0,0,0,0,,0,0,0,0,
18,12.16,0,-12.55,26.5,0,0,0,13.05,0,0,0,0,-16.5,0,0,0,0,-0.00229183,0,0,0,0,0,0,0,0,0,1,73,63,0,0.00034,0.00034,3,5,0,0,0,0,0,0,0,0,0,0,1,0,0,0,0,0,0,0,0,0,0,,0,0,0,0,
19,12.99,0,-23.1,21.5,0,0,0,-1.6,0,0,0,0,-18,0,0,0,0,-0.00229183,0,0,0,0,0,0,0,0,0,1,67,63,0,0.00034,0.00034,3,5,0,0,0,0,0,0,0,0,0,0,1,0,0,0,0,0,0,0,0,0,0,,0,0,0,0,
END,Total:20
START,FrameNb:18,CameraNb:0,HeSaiNb:0,ARS410Nb:0
2026/08/02 16:23:50:328---->
heightOffset:0,1785659030328,1319920,selfCaliBufCnt:0,selfAccObjCnt:0,selfAccAngle:0,installHAngleOffset:0,Interpolation:0,installVAngleOffset:0,radarOffsetH:0,radarOffsetV:0.32,Polynom:-0.001023;-0.0511;-2.047;0;0;0;-0.001023;-0.0511;-2.047;-25.5;0;0,WheelDirection:0;0;0;0,selfAngleOffset:0,selfAngleOffsetPit:0,currCaliAngleHrz:0,currCaliAnglePit:0,selfCaliAngleHrz:0,selfCaliAnglePit:0,servCaliAngleHrz:0,servCaliAnglePit:0,offlineCaliAngleHrz:0,offlineCaliAnglePit:0,determine2useFlag:0,IMU_Z_Accel:-21.592,IMU_X_AngularRate:-2.093,IMU_Y_AngularRate:-2.093,IMU_RollAngle:-180,IMU_PitchAngle:-180,IMU_YawAngle:-180,FcwID:0,FCWWarningLevel:0,FCWTTC:0
0,2.32,0,30.1,29,0,0,0,8.25,1.37605e-33,0,0,0,-9,0,0,0,0,-0.00229183,0,0,0,0,0,0,0,0,0,1,78,58,0,0.00034,0.00034,3,5,0,0,0,0,0,0,0,0,0,0,1,0,1,0,0,0,0,0,0,0,0,,0,0,0,0,
1,2.8,0,-34.05,43,0,0,0,1.75,0,0,0,0,6,0,0,0,0,-0.00229183,0,0,0,0,0,0,0,0,0,1,92,58,0,0.00034,0.00034,3,0,0,0,0,0,0,0,0,0,0,0,1,0,1,0,0,0,0,0,0,0,0,,0,0,0,0,
2,3.27,0,13.7,37.5,0,0,0,2.7,0,0,0,0,-8,0,0,0,0,-0.00229183,0,0,0,0,0,0,0,0,0,1,86,58,0,0.00034,0.00034,3,5,0,0,0,0,0,0,0,0,0,0,1,0,1,0,0,0,0,0,0,0,0,,0,0,0,0,
3,3.6,0,45.65,31.5,0,0,0,-9,0,0,0,0,5,0,0,0,0,-0.00229183,0,0,0,0,0,0,0,0,0,1,80,58,0,0.00034,0.00034,3,5,0,0,0,0,0,0,0,0,0,0,1,0,1,0,0,0,0,0,0,0,0,,0,0,0,0,
4,4.03,0,2.2,41.5,0,0,0,0.55,0,0,0,0,-6.5,0,0,0,0,-0.00229183,0,0,0,0,0,0,0,0,0,1,89,58,0,0.00034,0.00034,3,5,0,0,0,0,0,0,0,0,0,0,1,0,1,0,0,0,0,0,0,0,0,,0,0,0,0,
5,5.17,0,-35.1,34,0,0,0,-3.3,0,0,0,0,-6,0,0,0,0,-0.00229183,0,0,0,0,0,0,0,0,0,1,79,58,0,0.00034,0.00034,3,5,0,0,0,0,0,0,0,0,0,0,1,0,1,0,0,0,0,0,0,0,0,,0,0,0,0,
6,5.17,0,-40.6,34,0,0,0,0.2,0,0,0,0,-3,0,0,0,0,-0.00229183,0,0,0,0,0,0,0,0,0,1,79,58,0,0.00034,0.00034,3,5,0,0,0,0,0,0,0,0,0,0,1,0,1,0,0,0,0,0,0,0,0,,0,0,0,0,
7,5.61,0,-34.6,35.5,0,0,0,-3,0,0,0,0,-4,0,0,0,0,-0.00229183,0,0,0,0,0,0,0,0,0,1,80,58,0,0.00034,0.00034,3,5,0,0,0,0,0,0,0,0,0,0,1,0,1,0,0,0,0,0,0,0,0,,0,0,0,0,
8,5.61,0,-24.1,35.5,0,0,0,-5.6,0,0,0,0,-9,0,0,0,0,-0.00229183,0,0,0,0,0,0,0,0,0,1,80,58,0,0.00034,0.00034,3,5,0,0,0,0,0,0,0,0,0,0,1,0,1,0,0,0,0,0,0,0,0,,0,0,0,0,
9,5.83,0,-40.7,30.5,0,0,0,0.25,0,0,0,0,-5.5,0,0,0,0,-0.00229183,0,0,0,0,0,0,0,0,0,1,75,58,0,0.00034,0.00034,3,5,0,0,0,0,0,0,0,0,0,0,1,0,1,0,0,0,0,0,0,0,0,,0,0,0,0,
10,6.63,0,-53.8,24,0,0,0,3.25,0,0,0,0,0.5,0,0,0,0,-0.00229183,0,0,0,0,0,0,0,0,0,1,70,58,0,0.00034,0.00034,3,5,0,0,0,0,0,0,0,0,0,0,1,0,1,0,0,0,0,0,0,0,0,,0,0,0,0,
11,7.02,0,-33.35,24.5,0,0,0,7.95,0,0,0,0,-14,0,0,0,0,-0.00229183,0,0,0,0,0,0,0,0,0,1,70,58,0,0.00034,0.00034,3,5,0,0,0,0,0,0,0,0,0,0,1,0,1,0,0,0,0,0,0,0,0,,0,0,0,0,
12,7.65,0,34.8,40,0,0,0,6.65,0,0,0,0,5.5,0,0,0,0,-0.00229183,0,0,0,0,0,0,0,0,0,1,86,58,0,0.00034,0.00034,3,5,0,0,0,0,0,0,0,0,0,0,1,0,1,0,0,0,0,0,0,0,0,,0,0,0,0,
13,8.24,0,-25.1,29,0,0,0,11.75,0,0,0,0,-12,0,0,0,0,-0.00229183,0,0,0,0,0,0,0,0,0,1,75,58,0,0.00034,0.00034,3,0,0,0,0,0,0,0,0,0,0,0,1,0,1,0,0,0,0,0,0,0,0,,0,0,0,0,
14,8.65,0,69.2,30.5,0,0,0,-11.45,0,0,0,0,22.5,0,0,0,0,-0.00229183,0,0,0,0,0,0,0,0,0,1,76,58,0,0.00034,0.00034,3,7,0,0,0,0,0,0,0,0,0,0,1,0,1,0,0,0,0,0,0,0,0,,0,0,0,0,
15,8.9,0,-32.7,26.5,0,0,0,-0.8,0,0,0,0,-10,0,0,0,0,-0.00229183,0,0,0,0,0,0,0,0,0,1,73,58,0,0.00034,0.00034,3,5,0,0,0,0,0,0,0,0,0,0,1,0,1,0,0,0,0,0,0,0,0,,0,0,0,0,
16,9.39,0,-29.2,23,0,0,0,-2.8,0,0,0,0,-15,0,0,0,0,-0.00229183,0,0,0,0,0,0,0,0,0,1,69,58,0,0.00034,0.00034,3,5,0,0,0,0,0,0,0,0,0,0,1,0,1,0,0,0,0,0,0,0,0,,0,0,0,0,
17,9.83,0,-28.3,21,0,0,0,-0.55,0,0,0,0,-18,0,0,0,0,-0.00229183,0,0,0,0,0,0,0,0,0,1,67,58,0,0.00034,0.00034,3,5,0,0,0,0,0,0,0,0,0,0,1,0,1,0,0,0,0,0,0,0,0,,0,0,0,0,
18,12.16,0,-12.55,27,0,0,0,12.95,0,0,0,0,-16,0,0,0,0,-0.00229183,0,0,0,0,0,0,0,0,0,1,74,58,0,0.00034,0.00034,3,5,0,0,0,0,0,0,0,0,0,0,1,0,1,0,0,0,0,0,0,0,0,,0,0,0,0,
19,13,0,-23.1,21.5,0,0,0,-1.45,0,0,0,0,-17.5,0,0,0,0,-0.00229183,0,0,0,0,0,0,0,0,0,1,68,58,0,0.00034,0.00034,3,5,0,0,0,0,0,0,0,0,0,0,1,0,1,0,0,0,0,0,0,0,0,,0,0,0,0,
END,Total:20
START,FrameNb:19,CameraNb:0,HeSaiNb:0,ARS410Nb:0
2026/08/02 16:23:50:388---->
heightOffset:0,1785659030388,1319976,selfCaliBufCnt:0,selfAccObjCnt:0,selfAccAngle:0,installHAngleOffset:0,Interpolation:0,installVAngleOffset:0,radarOffsetH:0,radarOffsetV:0.32,Polynom:-0.001023;-0.0511;-2.047;0;0;0;-0.001023;-0.0511;-2.047;-25.5;0;0,WheelDirection:0;0;0;0,selfAngleOffset:0,selfAngleOffsetPit:0,currCaliAngleHrz:0,currCaliAnglePit:0,selfCaliAngleHrz:0,selfCaliAnglePit:0,servCaliAngleHrz:0,servCaliAnglePit:0,offlineCaliAngleHrz:0,offlineCaliAnglePit:0,determine2useFlag:0,IMU_Z_Accel:-21.592,IMU_X_AngularRate:-2.093,IMU_Y_AngularRate:-2.093,IMU_RollAngle:-180,IMU_PitchAngle:-180,IMU_YawAngle:-180,FcwID:0,FCWWarningLevel:0,FCWTTC:0
0,2.32,0,30.1,29,0,0,0,7.7,1.37605e-33,0,0,0,-8.5,0,0,0,0,-0.00229183,0,0,0,0,0,0,0,0,0,1,78,59,0,0.00034,0.00034,3,5,0,0,0,0,0,0,0,0,0,0,1,0,0,0,0,0,0,0,0,0,0,,0,0,0,0,
1,2.8,0,-34.05,43,0,0,0,1.75,0,0,0,0,6,0,0,0,0,-0.00229183,0,0,0,0,0,0,0,0,0,1,92,59,0,0.00034,0.00034,3,0,0,0,0,0,0,0,0,0,0,0,1,0,0,0,0,0,0,0,0,0,0,,0,0,0,0,
2,3.27,0,13.8,37,0,0,0,2.55,0,0,0,0,-8,0,0,0,0,-0.00229183,0,0,0,0,0,0,0,0,0,1,86,59,0,0.00034,0.00034,3,5,0,0,0,0,0,0,0,0,0,0,1,0,0,0,0,0,0,0,0,0,0,,0,0,0,0,
3,4.03,0,2.2,41.5,0,0,0,0.55,0,0,0,0,-6,0,0,0,0,-0.00229183,0,0,0,0,0,0,0,0,0,1,89,59,0,0.00034,0.00034,3,5,0,0,0,0,0,0,0,0,0,0,1,0,0,0,0,0,0,0,0,0,0,,0,0,0,0,
4,5.16,0,-35.1,33.5,0,0,0,-3.35,0,0,0,0,-6,0,0,0,0,-0.00229183,0,0,0,0,0,0,0,0,0,1,79,59,0,0.00034,0.00034,3,5,0,0,0,0,0,0,0,0,0,0,1,0,0,0,0,0,0,0,0,0,0,,0,0,0,0,
5,5.16,0,-40.65,33.5,0,0,0,0.2,0,0,0,0,-3,0,0,0,0,-0.00229183,0,0,0,0,0,0,0,0,0,1,79,59,0,0.00034,0.00034,3,5,0,0,0,0,0,0,0,0,0,0,1,0,0,0,0,0,0,0,0,0,0,,0,0,0,0,
6,5.61,0,-34.6,35.5,0,0,0,-3.05,0,0,0,0,-4,0,0,0,0,-0.00229183,0,0,0,0,0,0,0,0,0,1,80,59,0,0.00034,0.00034,3,5,0,0,0,0,0,0,0,0,0,0,1,0,0,0,0,0,0,0,0,0,0,,0,0,0,0,
7,5.61,0,-24.1,35.5,0,0,0,-5.55,0,0,0,0,-9,0,0,0,0,-0.00229183,0,0,0,0,0,0,0,0,0,1,80,59,0,0.00034,0.00034,3,5,0,0,0,0,0,0,0,0,0,0,1,0,0,0,0,0,0,0,0,0,0,,0,0,0,0,
8,5.83,0,-40.55,30.5,0,0,0,0.05,0,0,0,0,-6,0,0,0,0,-0.00229183,0,0,0,0,0,0,0,0,0,1,75,59,0,0.00034,0.00034,3,5,0,0,0,0,0,0,0,0,0,0,1,0,0,0,0,0,0,0,0,0,0,,0,0,0,0,
9,6.62,0,-53.8,24,0,0,0,-2.1,0,0,0,0,0.5,0,0,0,0,-0.00229183,0,0,0,0,0,0,0,0,0,1,70,59,0,0.00034,0.00034,3,5,0,0,0,0,0,0,0,0,0,0,1,0,0,0,0,0,0,0,0,0,0,,0,0,0,0,
10,7.03,0,-33.1,24.5,0,0,0,7.65,0,0,0,0,-14,0,0,0,0,-0.00229183,0,0,0,0,0,0,0,0,0,1,70,59,0,0.00034,0.00034,3,5,0,0,0,0,0,0,0,0,0,0,1,0,0,0,0,0,0,0,0,0,0,,0,0,0,0,
11,7.65,0,34.8,40,0,0,0,6.75,0,0,0,0,5.5,0,0,0,0,-0.00229183,0,0,0,0,0,0,0,0,0,1,86,59,0,0.00034,0.00034,3,5,0,0,0,0,0,0,0,0,0,0,1,0,0,0,0,0,0,0,0,0,0,,0,0,0,0,
12,8.24,0,-25.1,29,0,0,0,-1.8,0,0,0,0,-12,0,0,0,0,-0.00229183,0,0,0,0,0,0,0,0,0,1,75,59,0,0.00034,0.00034,3,0,0,0,0,0,0,0,0,0,0,0,1,0,0,0,0,0,0,0,0,0,0,,0,0,0,0,
13,8.62,0,69.15,30,0,0,0,-11.3,0,0,0,0,22.5,0,0,0,0,-0.00229183,0,0,0,0,0,0,0,0,0,1,76,59,0,0.00034,0.00034,3,7,0,0,0,0,0,0,0,0,0,0,1,0,0,0,0,0,0,0,0,0,0,,0,0,0,0,
14,8.9,0,-32.6,26.5,0,0,0,-1.2,0,0,0,0,-10,0,0,0,0,-0.00229183,0,0,0,0,0,0,0,0,0,1,73,59,0,0.00034,0.00034,3,7,0,0,0,0,0,0,0,0,0,0,1,0,0,0,0,0,0,0,0,0,0,,0,0,0,0,
15,9.38,0,-29.15,23,0,0,0,-2.95,0,0,0,0,-15,0,0,0,0,-0.00229183,0,0,0,0,0,0,0,0,0,1,69,59,0,0.00034,0.00034,3,5,0,0,0,0,0,0,0,0,0,0,1,0,0,0,0,0,0,0,0,0,0,,0,0,0,0,
16,9.84,0,-28.3,21,0,0,0,-0.6,0,0,0,0,-17.5,0,0,0,0,-0.00229183,0,0,0,0,0,0,0,0,0,1,67,59,0,0.00034,0.00034,3,5,0,0,0,0,0,0,0,0,0,0,1,0,0,0,0,0,0,0,0,0,0,,0,0,0,0,
17,12.16,0,-12.6,27,0,0,0,13.05,0,0,0,0,-16,0,0,0,0,-0.00229183,0,0,0,0,0,0,0,0,0,1,74,59,0,0.00034,0.00034,3,5,0,0,0,0,0,0,0,0,0,0,1,0,0,0,0,0,0,0,0,0,0,,0,0,0,0,
18,13,0,-23.1,21.5,0,0,0,-1.55,0,0,0,0,-18,0,0,0,0,-0.00229183,0,0,0,0,0,0,0,0,0,1,68,59,0,0.00034,0.00034,3,5,0,0,0,0,0,0,0,0,0,0,1,0,0,0,0,0,0,0,0,0,0,,0,0,0,0,
END,Total:19
START,FrameNb:20,CameraNb:0,HeSaiNb:0,ARS410Nb:0
2026/08/02 16:23:50:486---->
heightOffset:0,1785659030486,1320032,selfCaliBufCnt:0,selfAccObjCnt:0,selfAccAngle:0,installHAngleOffset:0,Interpolation:0,installVAngleOffset:0,radarOffsetH:0,radarOffsetV:0.32,Polynom:-0.001023;-0.0511;-2.047;0;0;0;-0.001023;-0.0511;-2.047;-25.5;0;0,WheelDirection:0;0;0;0,selfAngleOffset:0,selfAngleOffsetPit:0,currCaliAngleHrz:0,currCaliAnglePit:0,selfCaliAngleHrz:0,selfCaliAnglePit:0,servCaliAngleHrz:0,servCaliAnglePit:0,offlineCaliAngleHrz:0,offlineCaliAnglePit:0,determine2useFlag:0,IMU_Z_Accel:-21.592,IMU_X_AngularRate:-2.093,IMU_Y_AngularRate:-2.093,IMU_RollAngle:-180,IMU_PitchAngle:-180,IMU_YawAngle:-180,FcwID:0,FCWWarningLevel:0,FCWTTC:0
0,2.32,0,30.05,29,0,0,0,8.2,1.37605e-33,0,0,0,-8.5,0,0,0,0,-0.00229183,0,0,0,0,0,0,0,0,0,1,78,53,0,0.00034,0.00034,3,5,0,0,0,0,0,0,0,0,0,0,1,0,1,0,0,0,0,0,0,0,0,,0,0,0,0,
1,2.79,0,-34.05,43,0,0,0,1.75,0,0,0,0,6,0,0,0,0,-0.00229183,0,0,0,0,0,0,0,0,0,1,92,53,0,0.00034,0.00034,3,0,0,0,0,0,0,0,0,0,0,0,1,0,1,0,0,0,0,0,0,0,0,,0,0,0,0,
2,3.27,0,13.7,37.5,0,0,0,2.7,0,0,0,0,-8,0,0,0,0,-0.00229183,0,0,0,0,0,0,0,0,0,1,86,53,0,0.00034,0.00034,3,5,0,0,0,0,0,0,0,0,0,0,1,0,1,0,0,0,0,0,0,0,0,,0,0,0,0,
3,3.6,0,45.65,31.5,0,0,0,-9.55,0,0,0,0,5,0,0,0,0,-0.00229183,0,0,0,0,0,0,0,0,0,1,80,53,0,0.00034,0.00034,3,5,0,0,0,0,0,0,0,0,0,0,1,0,1,0,0,0,0,0,0,0,0,,0,0,0,0,
4,4.03,0,2.2,41.5,0,0,0,0.55,0,0,0,0,-6.5,0,0,0,0,-0.00229183,0,0,0,0,0,0,0,0,0,1,89,53,0,0.00034,0.00034,3,5,0,0,0,0,0,0,0,0,0,0,1,0,1,0,0,0,0,0,0,0,0,,0,0,0,0,
5,5.17,0,-35.1,34,0,0,0,-3.35,0,0,0,0,-6,0,0,0,0,-0.00229183,0,0,0,0,0,0,0,0,0,1,79,53,0,0.00034,0.00034,3,5,0,0,0,0,0,0,0,0,0,0,1,0,1,0,0,0,0,0,0,0,0,,0,0,0,0,
6,5.17,0,-40.6,34,0,0,0,0.25,0,0,0,0,-3,0,0,0,0,-0.00229183,0,0,0,0,0,0,0,0,0,1,79,53,0,0.00034,0.00034,3,5,0,0,0,0,0,0,0,0,0,0,1,0,1,0,0,0,0,0,0,0,0,,0,0,0,0,
7,5.61,0,-34.55,35.5,0,0,0,-3,0,0,0,0,-4,0,0,0,0,-0.00229183,0,0,0,0,0,0,0,0,0,1,80,53,0,0.00034,0.00034,3,5,0,0,0,0,0,0,0,0,0,0,1,0,1,0,0,0,0,0,0,0,0,,0,0,0,0,
8,5.61,0,-24.1,35.5,0,0,0,-5.6,0,0,0,0,-9,0,0,0,0,-0.00229183,0,0,0,0,0,0,0,0,0,1,80,53,0,0.00034,0.00034,3,5,0,0,0,0,0,0,0,0,0,0,1,0,1,0,0,0,0,0,0,0,0,,0,0,0,0,
9,5.83,0,-40.55,30.5,0,0,0,0.15,0,0,0,0,-5.5,0,0,0,0,-0.00229183,0,0,0,0,0,0,0,0,0,1,75,53,0,0.00034,0.00034,3,5,0,0,0,0,0,0,0,0,0,0,1,0,1,0,0,0,0,0,0,0,0,,0,0,0,0,
10,6.64,0,4.7,24.5,0,0,0,-13.2,0,0,0,0,-23.5,0,0,0,0,-0.00229183,0,0,0,0,0,0,0,0,0,1,70,53,0,0.00034,0.00034,2,-1,0,0,0,0,0,0,0,0,0,0,1,0,1,0,0,0,0,0,0,0,0,,0,0,0,0,
11,7.02,0,-10.1,24.5,0,0,0,2.2,0,0,0,0,-23,0,0,0,0,-0.00229183,0,0,0,0,0,0,0,0,0,1,70,53,0,0.00034,0.00034,3,5,0,0,0,0,0,0,0,0,0,0,1,0,1,0,0,0,0,0,0,0,0,,0,0,0,0,
12,7.65,0,34.8,40,0,0,0,6.65,0,0,0,0,5,0,0,0,0,-0.00229183,0,0,0,0,0,0,0,0,0,1,86,53,0,0.00034,0.00034,3,5,0,0,0,0,0,0,0,0,0,0,1,0,1,0,0,0,0,0,0,0,0,,0,0,0,0,
13,8.24,0,-25.1,29,0,0,0,-1.7,0,0,0,0,-12,0,0,0,0,-0.00229183,0,0,0,0,0,0,0,0,0,1,75,53,0,0.00034,0.00034,3,0,0,0,0,0,0,0,0,0,0,0,1,0,1,0,0,0,0,0,0,0,0,,0,0,0,0,
14,8.65,0,69.2,30,0,0,0,-11.45,0,0,0,0,22.5,0,0,0,0,-0.00229183,0,0,0,0,0,0,0,0,0,1,76,53,0,0.00034,0.00034,3,7,0,0,0,0,0,0,0,0,0,0,1,0,1,0,0,0,0,0,0,0,0,,0,0,0,0,
15,8.9,0,-32.7,26,0,0,0,-1,0,0,0,0,-10,0,0,0,0,-0.00229183,0,0,0,0,0,0,0,0,0,1,72,53,0,0.00034,0.00034,3,5,0,0,0,0,0,0,0,0,0,0,1,0,1,0,0,0,0,0,0,0,0,,0,0,0,0,
16,9.38,0,-29.3,23,0,0,0,-2.7,0,0,0,0,-15,0,0,0,0,-0.00229183,0,0,0,0,0,0,0,0,0,1,69,53,0,0.00034,0.00034,3,5,0,0,0,0,0,0,0,0,0,0,1,0,1,0,0,0,0,0,0,0,0,,0,0,0,0,
17,9.84,0,-28.2,21,0,0,0,-0.95,0,0,0,0,-17.5,0,0,0,0,-0.00229183,0,0,0,0,0,0,0,0,0,1,68,53,0,0.00034,0.00034,3,5,0,0,0,0,0,0,0,0,0,0,1,0,1,0,0,0,0,0,0,0,0,,0,0,0,0,
18,12.16,0,-12.5,27,0,0,0,12.8,0,0,0,0,-16,0,0,0,0,-0.00229183,0,0,0,0,0,0,0,0,0,1,74,53,0,0.00034,0.00034,3,5,0,0,0,0,0,0,0,0,0,0,1,0,1,0,0,0,0,0,0,0,0,,0,0,0,0,
19,13,0,-23.2,21.5,0,0,0,-1.7,0,0,0,0,-17.5,0,0,0,0,-0.00229183,0,0,0,0,0,0,0,0,0,1,68,53,0,0.00034,0.00034,3,5,0,0,0,0,0,0,0,0,0,0,1,0,1,0,0,0,0,0,0,0,0,,0,0,0,0,
END,Total:20
START,FrameNb:21,CameraNb:0,HeSaiNb:0,ARS410Nb:0
2026/08/02 16:23:50:550---->
heightOffset:0,1785659030550,1320088,selfCaliBufCnt:0,selfAccObjCnt:0,selfAccAngle:0,installHAngleOffset:0,Interpolation:0,installVAngleOffset:0,radarOffsetH:0,radarOffsetV:0.32,Polynom:-0.001023;-0.0511;-2.047;0;0;0;-0.001023;-0.0511;-2.047;-25.5;0;0,WheelDirection:0;0;0;0,selfAngleOffset:0,selfAngleOffsetPit:0,currCaliAngleHrz:0,currCaliAnglePit:0,selfCaliAngleHrz:0,selfCaliAnglePit:0,servCaliAngleHrz:0,servCaliAnglePit:0,offlineCaliAngleHrz:0,offlineCaliAnglePit:0,determine2useFlag:0,IMU_Z_Accel:-21.592,IMU_X_AngularRate:-2.093,IMU_Y_AngularRate:-2.093,IMU_RollAngle:-180,IMU_PitchAngle:-180,IMU_YawAngle:-180,FcwID:0,FCWWarningLevel:0,FCWTTC:0
0,2.32,0,30.1,29,0,0,0,7.7,1.37605e-33,0,0,0,-8.5,0,0,0,0,-0.00229183,0,0,0,0,0,0,0,0,0,1,78,59,0,0.00034,0.00034,3,5,0,0,0,0,0,0,0,0,0,0,1,0,0,0,0,0,0,0,0,0,0,,0,0,0,0,
1,2.8,0,-34.05,43.5,0,0,0,1.75,0,0,0,0,6,0,0,0,0,-0.00229183,0,0,0,0,0,0,0,0,0,1,92,59,0,0.00034,0.00034,3,0,0,0,0,0,0,0,0,0,0,0,1,0,0,0,0,0,0,0,0,0,0,,0,0,0,0,
2,3.28,0,13.7,37.5,0,0,0,2.7,0,0,0,0,-8,0,0,0,0,-0.00229183,0,0,0,0,0,0,0,0,0,1,86,59,0,0.00034,0.00034,3,5,0,0,0,0,0,0,0,0,0,0,1,0,0,0,0,0,0,0,0,0,0,,0,0,0,0,
3,3.6,0,46.15,32,0,0,0,-10.3,0,0,0,0,5,0,0,0,0,-0.00229183,0,0,0,0,0,0,0,0,0,1,80,59,0,0.00034,0.00034,3,5,0,0,0,0,0,0,0,0,0,0,1,0,0,0,0,0,0,0,0,0,0,,0,0,0,0,
4,4.03,0,2.2,41.5,0,0,0,0.55,0,0,0,0,-6,0,0,0,0,-0.00229183,0,0,0,0,0,0,0,0,0,1,89,59,0,0.00034,0.00034,3,5,0,0,0,0,0,0,0,0,0,0,1,0,0,0,0,0,0,0,0,0,0,,0,0,0,0,
5,5.16,0,-35.1,34,0,0,0,-3.35,0,0,0,0,-6,0,0,0,0,-0.00229183,0,0,0,0,0,0,0,0,0,1,79,59,0,0.00034,0.00034,3,5,0,0,0,0,0,0,0,0,0,0,1,0,0,0,0,0,0,0,0,0,0,,0,0,0,0,
6,5.16,0,-40.65,34,0,0,0,0.25,0,0,0,0,-3,0,0,0,0,-0.00229183,0,0,0,0,0,0,0,0,0,1,79,59,0,0.00034,0.00034,3,5,0,0,0,0,0,0,0,0,0,0,1,0,0,0,0,0,0,0,0,0,0,,0,0,0,0,
7,5.61,0,-34.55,35.5,0,0,0,-3.05,0,0,0,0,-4,0,0,0,0,-0.00229183,0,0,0,0,0,0,0,0,0,1,80,59,0,0.00034,0.00034,3,5,0,0,0,0,0,0,0,0,0,0,1,0,0,0,0,0,0,0,0,0,0,,0,0,0,0,
8,5.61,0,-24.1,35.5,0,0,0,-5.7,0,0,0,0,-9,0,0,0,0,-0.00229183,0,0,0,0,0,0,0,0,0,1,80,59,0,0.00034,0.00034,3,5,0,0,0,0,0,0,0,0,0,0,1,0,0,0,0,0,0,0,0,0,0,,0,0,0,0,
9,5.83,0,-40.8,30.5,0,0,0,0,0,0,0,0,-5.5,0,0,0,0,-0.00229183,0,0,0,0,0,0,0,0,0,1,75,59,0,0.00034,0.00034,3,5,0,0,0,0,0,0,0,0,0,0,1,0,0,0,0,0,0,0,0,0,0,,0,0,0,0,
10,6.63,0,-53.9,24.5,0,0,0,-8.7,0,0,0,0,0.5,0,0,0,0,-0.00229183,0,0,0,0,0,0,0,0,0,1,70,59,0,0.00034,0.00034,3,5,0,0,0,0,0,0,0,0,0,0,1,0,0,0,0,0,0,0,0,0,0,,0,0,0,0,
11,7.03,0,22.3,24.5,0,0,0,-9.75,0,0,0,0,-17,0,0,0,0,-0.00229183,0,0,0,0,0,0,0,0,0,1,70,59,0,0.00034,0.00034,3,5,0,0,0,0,0,0,0,0,0,0,1,0,0,0,0,0,0,0,0,0,0,,0,0,0,0,
12,7.65,0,34.9,39.5,0,0,0,6.55,0,0,0,0,5,0,0,0,0,-0.00229183,0,0,0,0,0,0,0,0,0,1,86,59,0,0.00034,0.00034,3,0,0,0,0,0,0,0,0,0,0,0,1,0,0,0,0,0,0,0,0,0,0,,0,0,0,0,
13,8.23,0,-25.15,29,0,0,0,11.8,0,0,0,0,-12,0,0,0,0,-0.00229183,0,0,0,0,0,0,0,0,0,1,75,59,0,0.00034,0.00034,3,0,0,0,0,0,0,0,0,0,0,0,1,0,0,0,0,0,0,0,0,0,0,,0,0,0,0,
14,8.65,0,69.15,30,0,0,0,-11.45,0,0,0,0,22.5,0,0,0,0,-0.00229183,0,0,0,0,0,0,0,0,0,1,76,59,0,0.00034,0.00034,3,7,0,0,0,0,0,0,0,0,0,0,1,0,0,0,0,0,0,0,0,0,0,,0,0,0,0,
15,8.91,0,-32.55,26,0,0,0,-0.85,0,0,0,0,-10,0,0,0,0,-0.00229183,0,0,0,0,0,0,0,0,0,1,73,59,0,0.00034,0.00034,3,5,0,0,0,0,0,0,0,0,0,0,1,0,0,0,0,0,0,0,0,0,0,,0,0,0,0,
16,9.38,0,-29.15,23,0,0,0,-2.8,0,0,0,0,-15,0,0,0,0,-0.00229183,0,0,0,0,0,0,0,0,0,1,69,59,0,0.00034,0.00034,3,5,0,0,0,0,0,0,0,0,0,0,1,0,0,0,0,0,0,0,0,0,0,,0,0,0,0,
17,9.84,0,-28.3,21,0,0,0,-0.55,0,0,0,0,-17.5,0,0,0,0,-0.00229183,0,0,0,0,0,0,0,0,0,1,68,59,0,0.00034,0.00034,3,5,0,0,0,0,0,0,0,0,0,0,1,0,0,0,0,0,0,0,0,0,0,,0,0,0,0,
18,12.16,0,-12.6,26.5,0,0,0,12.95,0,0,0,0,-16.5,0,0,0,0,-0.00229183,0,0,0,0,0,0,0,0,0,1,73,59,0,0.00034,0.00034,3,5,0,0,0,0,0,0,0,0,0,0,1,0,0,0,0,0,0,0,0,0,0,,0,0,0,0,
19,12.99,0,-23.1,21,0,0,0,-1.8,0,0,0,0,-18,0,0,0,0,-0.00229183,0,0,0,0,0,0,0,0,0,1,68,59,0,0.00034,0.00034,3,5,0,0,0,0,0,0,0,0,0,0,1,0,0,0,0,0,0,0,0,0,0,,0,0,0,0,
END,Total:20
START,FrameNb:22,CameraNb:0,HeSaiNb:0,ARS410Nb:0
2026/08/02 16:23:50:583---->
heightOffset:0,1785659030583,1320144,selfCaliBufCnt:0,selfAccObjCnt:0,selfAccAngle:0,installHAngleOffset:0,Interpolation:0,installVAngleOffset:0,radarOffsetH:0,radarOffsetV:0.32,Polynom:-0.001023;-0.0511;-2.047;0;0;0;-0.001023;-0.0511;-2.047;-25.5;0;0,WheelDirection:0;0;0;0,selfAngleOffset:0,selfAngleOffsetPit:0,currCaliAngleHrz:0,currCaliAnglePit:0,selfCaliAngleHrz:0,selfCaliAnglePit:0,servCaliAngleHrz:0,servCaliAnglePit:0,offlineCaliAngleHrz:0,offlineCaliAnglePit:0,determine2useFlag:0,IMU_Z_Accel:-21.592,IMU_X_AngularRate:-2.093,IMU_Y_AngularRate:-2.093,IMU_RollAngle:-180,IMU_PitchAngle:-180,IMU_YawAngle:-180,FcwID:0,FCWWarningLevel:0,FCWTTC:0
0,2.32,0,-35.2,29,0,0,0,3.05,1.37605e-33,0,0,0,-9,0,0,0,0,-0.00229183,0,0,0,0,0,0,0,0,0,1,78,53,0,0.00034,0.00034,3,5,0,0,0,0,0,0,0,0,0,0,1,0,1,0,0,0,0,0,0,0,0,,0,0,0,0,
1,2.79,0,-34.05,43.5,0,0,0,1.75,0,0,0,0,6,0,0,0,0,-0.00229183,0,0,0,0,0,0,0,0,0,1,92,53,0,0.00034,0.00034,3,0,0,0,0,0,0,0,0,0,0,0,1,0,1,0,0,0,0,0,0,0,0,,0,0,0,0,
2,3.27,0,13.7,37.5,0,0,0,2.7,0,0,0,0,-8,0,0,0,0,-0.00229183,0,0,0,0,0,0,0,0,0,1,86,53,0,0.00034,0.00034,3,5,0,0,0,0,0,0,0,0,0,0,1,0,1,0,0,0,0,0,0,0,0,,0,0,0,0,
3,3.62,0,45.35,31.5,0,0,0,-9,0,0,0,0,5,0,0,0,0,-0.00229183,0,0,0,0,0,0,0,0,0,1,80,53,0,0.00034,0.00034,3,5,0,0,0,0,0,0,0,0,0,0,1,0,1,0,0,0,0,0,0,0,0,,0,0,0,0,
4,4.03,0,2.2,41.5,0,0,0,0.55,0,0,0,0,-6.5,0,0,0,0,-0.00229183,0,0,0,0,0,0,0,0,0,1,89,53,0,0.00034,0.00034,3,5,0,0,0,0,0,0,0,0,0,0,1,0,1,0,0,0,0,0,0,0,0,,0,0,0,0,
5,5.17,0,-35.1,34,0,0,0,-3.35,0,0,0,0,-5.5,0,0,0,0,-0.00229183,0,0,0,0,0,0,0,0,0,1,79,53,0,0.00034,0.00034,3,5,0,0,0,0,0,0,0,0,0,0,1,0,1,0,0,0,0,0,0,0,0,,0,0,0,0,
6,5.17,0,-40.6,34,0,0,0,0.2,0,0,0,0,-2.5,0,0,0,0,-0.00229183,0,0,0,0,0,0,0,0,0,1,79,53,0,0.00034,0.00034,3,5,0,0,0,0,0,0,0,0,0,0,1,0,1,0,0,0,0,0,0,0,0,,0,0,0,0,
7,5.61,0,-34.55,36,0,0,0,-3.05,0,0,0,0,-4,0,0,0,0,-0.00229183,0,0,0,0,0,0,0,0,0,1,80,53,0,0.00034,0.00034,3,5,0,0,0,0,0,0,0,0,0,0,1,0,1,0,0,0,0,0,0,0,0,,0,0,0,0,
8,5.61,0,-24.1,36,0,0,0,-5.7,0,0,0,0,-9,0,0,0,0,-0.00229183,0,0,0,0,0,0,0,0,0,1,80,53,0,0.00034,0.00034,3,5,0,0,0,0,0,0,0,0,0,0,1,0,1,0,0,0,0,0,0,0,0,,0,0,0,0,
9,5.83,0,-40.8,30.5,0,0,0,0.2,0,0,0,0,-5.5,0,0,0,0,-0.00229183,0,0,0,0,0,0,0,0,0,1,76,53,0,0.00034,0.00034,3,5,0,0,0,0,0,0,0,0,0,0,1,0,1,0,0,0,0,0,0,0,0,,0,0,0,0,
10,6.62,0,-53.95,24.5,0,0,0,-3.45,0,0,0,0,0.5,0,0,0,0,-0.00229183,0,0,0,0,0,0,0,0,0,1,70,53,0,0.00034,0.00034,3,5,0,0,0,0,0,0,0,0,0,0,1,0,1,0,0,0,0,0,0,0,0,,0,0,0,0,
11,7.03,0,-10.1,24.5,0,0,0,2.25,0,0,0,0,-23,0,0,0,0,-0.00229183,0,0,0,0,0,0,0,0,0,1,70,53,0,0.00034,0.00034,3,5,0,0,0,0,0,0,0,0,0,0,1,0,1,0,0,0,0,0,0,0,0,,0,0,0,0,
12,7.65,0,34.95,40,0,0,0,6.4,0,0,0,0,5.5,0,0,0,0,-0.00229183,0,0,0,0,0,0,0,0,0,1,86,53,0,0.00034,0.00034,3,5,0,0,0,0,0,0,0,0,0,0,1,0,1,0,0,0,0,0,0,0,0,,0,0,0,0,
13,8.24,0,-25.1,29,0,0,0,11.4,0,0,0,0,-12,0,0,0,0,-0.00229183,0,0,0,0,0,0,0,0,0,1,75,53,0,0.00034,0.00034,3,0,0,0,0,0,0,0,0,0,0,0,1,0,1,0,0,0,0,0,0,0,0,,0,0,0,0,
14,8.66,0,69.1,30,0,0,0,-11.55,0,0,0,0,22.5,0,0,0,0,-0.00229183,0,0,0,0,0,0,0,0,0,1,76,53,0,0.00034,0.00034,3,7,0,0,0,0,0,0,0,0,0,0,1,0,1,0,0,0,0,0,0,0,0,,0,0,0,0,
15,8.9,0,-32.6,26.5,0,0,0,-1.1,0,0,0,0,-10,0,0,0,0,-0.00229183,0,0,0,0,0,0,0,0,0,1,73,53,0,0.00034,0.00034,3,5,0,0,0,0,0,0,0,0,0,0,1,0,1,0,0,0,0,0,0,0,0,,0,0,0,0,
16,9.39,0,-29.2,23,0,0,0,-2.8,0,0,0,0,-15,0,0,0,0,-0.00229183,0,0,0,0,0,0,0,0,0,1,69,53,0,0.00034,0.00034,3,5,0,0,0,0,0,0,0,0,0,0,1,0,1,0,0,0,0,0,0,0,0,,0,0,0,0,
17,9.81,0,-28.3,21.5,0,0,0,-0.75,0,0,0,0,-17,0,0,0,0,-0.00229183,0,0,0,0,0,0,0,0,0,1,68,53,0,0.00034,0.00034,3,5,0,0,0,0,0,0,0,0,0,0,1,0,1,0,0,0,0,0,0,0,0,,0,0,0,0,
18,12.16,0,-12.55,26.5,0,0,0,12.8,0,0,0,0,-16.5,0,0,0,0,-0.00229183,0,0,0,0,0,0,0,0,0,1,73,53,0,0.00034,0.00034,3,5,0,0,0,0,0,0,0,0,0,0,1,0,1,0,0,0,0,0,0,0,0,,0,0,0,0,
19,13,0,-23.2,21,0,0,0,-1.75,0,0,0,0,-18,0,0,0,0,-0.00229183,0,0,0,0,0,0,0,0,0,1,67,53,0,0.00034,0.00034,3,5,0,0,0,0,0,0,0,0,0,0,1,0,1,0,0,0,0,0,0,0,0,,0,0,0,0,
END,Total:20
START,FrameNb:23,CameraNb:0,HeSaiNb:0,ARS410Nb:0
2026/08/02 16:23:50:639---->
heightOffset:0,1785659030639,1320200,selfCaliBufCnt:0,selfAccObjCnt:0,selfAccAngle:0,installHAngleOffset:0,Interpolation:0,installVAngleOffset:0,radarOffsetH:0,radarOffsetV:0.32,Polynom:-0.001023;-0.0511;-2.047;0;0;0;-0.001023;-0.0511;-2.047;-25.5;0;0,WheelDirection:0;0;0;0,selfAngleOffset:0,selfAngleOffsetPit:0,currCaliAngleHrz:0,currCaliAnglePit:0,selfCaliAngleHrz:0,selfCaliAnglePit:0,servCaliAngleHrz:0,servCaliAnglePit:0,offlineCaliAngleHrz:0,offlineCaliAnglePit:0,determine2useFlag:0,IMU_Z_Accel:-21.592,IMU_X_AngularRate:-2.093,IMU_Y_AngularRate:-2.093,IMU_RollAngle:-180,IMU_PitchAngle:-180,IMU_YawAngle:-180,FcwID:0,FCWWarningLevel:0,FCWTTC:0
0,2.32,0,30.1,29,0,0,0,7.55,1.37605e-33,0,0,0,-8.5,0,0,0,0,-0.00229183,0,0,0,0,0,0,0,0,0,1,78,61,0,0.00034,0.00034,3,5,0,0,0,0,0,0,0,0,0,0,1,0,0,0,0,0,0,0,0,0,0,,0,0,0,0,
1,2.8,0,-34.05,43.5,0,0,0,1.75,0,0,0,0,6,0,0,0,0,-0.00229183,0,0,0,0,0,0,0,0,0,1,92,61,0,0.00034,0.00034,3,0,0,0,0,0,0,0,0,0,0,0,1,0,0,0,0,0,0,0,0,0,0,,0,0,0,0,
2,3.28,0,13.7,37.5,0,0,0,2.7,0,0,0,0,-8,0,0,0,0,-0.00229183,0,0,0,0,0,0,0,0,0,1,86,61,0,0.00034,0.00034,3,5,0,0,0,0,0,0,0,0,0,0,1,0,0,0,0,0,0,0,0,0,0,,0,0,0,0,
3,3.58,0,45.8,31.5,0,0,0,-10.2,0,0,0,0,5,0,0,0,0,-0.00229183,0,0,0,0,0,0,0,0,0,1,80,61,0,0.00034,0.00034,3,5,0,0,0,0,0,0,0,0,0,0,1,0,0,0,0,0,0,0,0,0,0,,0,0,0,0,
4,4.03,0,2.2,41.5,0,0,0,0.55,0,0,0,0,-6,0,0,0,0,-0.00229183,0,0,0,0,0,0,0,0,0,1,89,61,0,0.00034,0.00034,3,5,0,0,0,0,0,0,0,0,0,0,1,0,0,0,0,0,0,0,0,0,0,,0,0,0,0,
5,5.16,0,-35.05,34,0,0,0,-3.45,0,0,0,0,-6,0,0,0,0,-0.00229183,0,0,0,0,0,0,0,0,0,1,79,61,0,0.00034,0.00034,3,5,0,0,0,0,0,0,0,0,0,0,1,0,0,0,0,0,0,0,0,0,0,,0,0,0,0,
6,5.16,0,-40.6,34,0,0,0,0.2,0,0,0,0,-3,0,0,0,0,-0.00229183,0,0,0,0,0,0,0,0,0,1,79,61,0,0.00034,0.00034,3,5,0,0,0,0,0,0,0,0,0,0,1,0,0,0,0,0,0,0,0,0,0,,0,0,0,0,
7,5.61,0,-34.65,36,0,0,0,-3.1,0,0,0,0,-4,0,0,0,0,-0.00229183,0,0,0,0,0,0,0,0,0,1,80,61,0,0.00034,0.00034,3,5,0,0,0,0,0,0,0,0,0,0,1,0,0,0,0,0,0,0,0,0,0,,0,0,0,0,
8,5.61,0,-24.1,36,0,0,0,-5.7,0,0,0,0,-9,0,0,0,0,-0.00229183,0,0,0,0,0,0,0,0,0,1,80,61,0,0.00034,0.00034,3,5,0,0,0,0,0,0,0,0,0,0,1,0,0,0,0,0,0,0,0,0,0,,0,0,0,0,
9,5.83,0,-40.8,30.5,0,0,0,0.05,0,0,0,0,-5.5,0,0,0,0,-0.00229183,0,0,0,0,0,0,0,0,0,1,76,61,0,0.00034,0.00034,3,5,0,0,0,0,0,0,0,0,0,0,1,0,0,0,0,0,0,0,0,0,0,,0,0,0,0,
10,6.61,0,-53.7,24.5,0,0,0,-1.85,0,0,0,0,0.5,0,0,0,0,-0.00229183,0,0,0,0,0,0,0,0,0,1,70,61,0,0.00034,0.00034,3,5,0,0,0,0,0,0,0,0,0,0,1,0,0,0,0,0,0,0,0,0,0,,0,0,0,0,
11,7.03,0,-33.35,24.5,0,0,0,7.75,0,0,0,0,-14,0,0,0,0,-0.00229183,0,0,0,0,0,0,0,0,0,1,70,61,0,0.00034,0.00034,3,5,0,0,0,0,0,0,0,0,0,0,1,0,0,0,0,0,0,0,0,0,0,,0,0,0,0,
12,7.65,0,34.95,40,0,0,0,6.55,0,0,0,0,5.5,0,0,0,0,-0.00229183,0,0,0,0,0,0,0,0,0,1,86,61,0,0.00034,0.00034,3,5,0,0,0,0,0,0,0,0,0,0,1,0,0,0,0,0,0,0,0,0,0,,0,0,0,0,
13,8.24,0,-25.2,29.5,0,0,0,11.65,0,0,0,0,-12,0,0,0,0,-0.00229183,0,0,0,0,0,0,0,0,0,1,75,61,0,0.00034,0.00034,3,0,0,0,0,0,0,0,0,0,0,0,1,0,0,0,0,0,0,0,0,0,0,,0,0,0,0,
14,8.65,0,69.1,30,0,0,0,-11.55,0,0,0,0,22.5,0,0,0,0,-0.00229183,0,0,0,0,0,0,0,0,0,1,76,61,0,0.00034,0.00034,3,7,0,0,0,0,0,0,0,0,0,0,1,0,0,0,0,0,0,0,0,0,0,,0,0,0,0,
15,8.91,0,-32.7,26.5,0,0,0,-0.8,0,0,0,0,-10,0,0,0,0,-0.00229183,0,0,0,0,0,0,0,0,0,1,73,61,0,0.00034,0.00034,3,5,0,0,0,0,0,0,0,0,0,0,1,0,0,0,0,0,0,0,0,0,0,,0,0,0,0,
16,9.39,0,-29.15,22.5,0,0,0,-2.8,0,0,0,0,-15.5,0,0,0,0,-0.00229183,0,0,0,0,0,0,0,0,0,1,69,61,0,0.00034,0.00034,3,5,0,0,0,0,0,0,0,0,0,0,1,0,0,0,0,0,0,0,0,0,0,,0,0,0,0,
17,9.81,0,-28.35,21,0,0,0,-0.7,0,0,0,0,-17.5,0,0,0,0,-0.00229183,0,0,0,0,0,0,0,0,0,1,67,61,0,0.00034,0.00034,3,5,0,0,0,0,0,0,0,0,0,0,1,0,0,0,0,0,0,0,0,0,0,,0,0,0,0,
18,12.16,0,-12.6,26.5,0,0,0,13,0,0,0,0,-16.5,0,0,0,0,-0.00229183,0,0,0,0,0,0,0,0,0,1,73,61,0,0.00034,0.00034,3,5,0,0,0,0,0,0,0,0,0,0,1,0,0,0,0,0,0,0,0,0,0,,0,0,0,0,
19,13,0,-23.1,21.5,0,0,0,-1.8,0,0,0,0,-17.5,0,0,0,0,-0.00229183,0,0,0,0,0,0,0,0,0,1,68,61,0,0.00034,0.00034,3,5,0,0,0,0,0,0,0,0,0,0,1,0,0,0,0,0,0,0,0,0,0,,0,0,0,0,
END,Total:20
START,FrameNb:24,CameraNb:0,HeSaiNb:0,ARS410Nb:0
2026/08/02 16:23:50:698---->
heightOffset:0,1785659030698,1320264,selfCaliBufCnt:0,selfAccObjCnt:0,selfAccAngle:0,installHAngleOffset:0,Interpolation:0,installVAngleOffset:0,radarOffsetH:0,radarOffsetV:0.32,Polynom:-0.001023;-0.0511;-2.047;0;0;0;-0.001023;-0.0511;-2.047;-25.5;0;0,WheelDirection:0;0;0;0,selfAngleOffset:0,selfAngleOffsetPit:0,currCaliAngleHrz:0,currCaliAnglePit:0,selfCaliAngleHrz:0,selfCaliAnglePit:0,servCaliAngleHrz:0,servCaliAnglePit:0,offlineCaliAngleHrz:0,offlineCaliAnglePit:0,determine2useFlag:0,IMU_Z_Accel:-21.592,IMU_X_AngularRate:-2.093,IMU_Y_AngularRate:-2.093,IMU_RollAngle:-180,IMU_PitchAngle:-180,IMU_YawAngle:-180,FcwID:0,FCWWarningLevel:0,FCWTTC:0
0,2.32,0,30.1,29,0,0,0,8.2,1.37605e-33,0,0,0,-8.5,0,0,0,0,-0.00229183,0,0,0,0,0,0,0,0,0,1,78,59,0,0.00034,0.00034,3,5,0,0,0,0,0,0,0,0,0,0,1,0,1,0,0,0,0,0,0,0,0,,0,0,0,0,
1,2.79,0,-34.05,43.5,0,0,0,1.75,0,0,0,0,6,0,0,0,0,-0.00229183,0,0,0,0,0,0,0,0,0,1,92,59,0,0.00034,0.00034,3,0,0,0,0,0,0,0,0,0,0,0,1,0,1,0,0,0,0,0,0,0,0,,0,0,0,0,
2,3.27,0,13.7,37.5,0,0,0,2.7,0,0,0,0,-8,0,0,0,0,-0.00229183,0,0,0,0,0,0,0,0,0,1,86,59,0,0.00034,0.00034,3,5,0,0,0,0,0,0,0,0,0,0,1,0,1,0,0,0,0,0,0,0,0,,0,0,0,0,
3,3.6,0,45.8,31.5,0,0,0,-10.05,0,0,0,0,5,0,0,0,0,-0.00229183,0,0,0,0,0,0,0,0,0,1,80,59,0,0.00034,0.00034,3,5,0,0,0,0,0,0,0,0,0,0,1,0,1,0,0,0,0,0,0,0,0,,0,0,0,0,
4,4.03,0,2.2,41.5,0,0,0,0.55,0,0,0,0,-6.5,0,0,0,0,-0.00229183,0,0,0,0,0,0,0,0,0,1,89,59,0,0.00034,0.00034,3,5,0,0,0,0,0,0,0,0,0,0,1,0,1,0,0,0,0,0,0,0,0,,0,0,0,0,
5,5.16,0,-35.1,33.5,0,0,0,-3.35,0,0,0,0,-6,0,0,0,0,-0.00229183,0,0,0,0,0,0,0,0,0,1,79,59,0,0.00034,0.00034,3,5,0,0,0,0,0,0,0,0,0,0,1,0,1,0,0,0,0,0,0,0,0,,0,0,0,0,
6,5.16,0,-40.6,33.5,0,0,0,0.2,0,0,0,0,-3,0,0,0,0,-0.00229183,0,0,0,0,0,0,0,0,0,1,79,59,0,0.00034,0.00034,3,5,0,0,0,0,0,0,0,0,0,0,1,0,1,0,0,0,0,0,0,0,0,,0,0,0,0,
7,5.61,0,-34.55,35.5,0,0,0,-3.05,0,0,0,0,-4,0,0,0,0,-0.00229183,0,0,0,0,0,0,0,0,0,1,80,59,0,0.00034,0.00034,3,5,0,0,0,0,0,0,0,0,0,0,1,0,1,0,0,0,0,0,0,0,0,,0,0,0,0,
8,5.61,0,-24.1,35.5,0,0,0,-5.7,0,0,0,0,-9,0,0,0,0,-0.00229183,0,0,0,0,0,0,0,0,0,1,80,59,0,0.00034,0.00034,3,5,0,0,0,0,0,0,0,0,0,0,1,0,1,0,0,0,0,0,0,0,0,,0,0,0,0,
9,5.83,0,-40.6,30.5,0,0,0,0.15,0,0,0,0,-5.5,0,0,0,0,-0.00229183,0,0,0,0,0,0,0,0,0,1,75,59,0,0.00034,0.00034,3,5,0,0,0,0,0,0,0,0,0,0,1,0,1,0,0,0,0,0,0,0,0,,0,0,0,0,
10,6.62,0,4.7,25,0,0,0,-13.3,0,0,0,0,-23.5,0,0,0,0,-0.00229183,0,0,0,0,0,0,0,0,0,1,70,59,0,0.00034,0.00034,2,-1,0,0,0,0,0,0,0,0,0,0,1,0,1,0,0,0,0,0,0,0,0,,0,0,0,0,
11,7.03,0,-10.2,24.5,0,0,0,2.4,0,0,0,0,-23,0,0,0,0,-0.00229183,0,0,0,0,0,0,0,0,0,1,70,59,0,0.00034,0.00034,3,5,0,0,0,0,0,0,0,0,0,0,1,0,1,0,0,0,0,0,0,0,0,,0,0,0,0,
12,7.64,0,34.9,40.5,0,0,0,6.75,0,0,0,0,5.5,0,0,0,0,-0.00229183,0,0,0,0,0,0,0,0,0,1,86,59,0,0.00034,0.00034,3,5,0,0,0,0,0,0,0,0,0,0,1,0,1,0,0,0,0,0,0,0,0,,0,0,0,0,
13,8.25,0,-25.1,29,0,0,0,11.25,0,0,0,0,-12,0,0,0,0,-0.00229183,0,0,0,0,0,0,0,0,0,1,75,59,0,0.00034,0.00034,3,0,0,0,0,0,0,0,0,0,0,0,1,0,1,0,0,0,0,0,0,0,0,,0,0,0,0,
14,8.65,0,69.2,30.5,0,0,0,-11.55,0,0,0,0,22.5,0,0,0,0,-0.00229183,0,0,0,0,0,0,0,0,0,1,76,59,0,0.00034,0.00034,3,7,0,0,0,0,0,0,0,0,0,0,1,0,1,0,0,0,0,0,0,0,0,,0,0,0,0,
15,8.91,0,-32.65,26.5,0,0,0,-1,0,0,0,0,-10,0,0,0,0,-0.00229183,0,0,0,0,0,0,0,0,0,1,72,59,0,0.00034,0.00034,3,5,0,0,0,0,0,0,0,0,0,0,1,0,1,0,0,0,0,0,0,0,0,,0,0,0,0,
16,9.39,0,-29.3,23,0,0,0,-2.75,0,0,0,0,-15,0,0,0,0,-0.00229183,0,0,0,0,0,0,0,0,0,1,69,59,0,0.00034,0.00034,3,5,0,0,0,0,0,0,0,0,0,0,1,0,1,0,0,0,0,0,0,0,0,,0,0,0,0,
17,9.8,0,-28.35,21,0,0,0,-0.75,0,0,0,0,-17.5,0,0,0,0,-0.00229183,0,0,0,0,0,0,0,0,0,1,67,59,0,0.00034,0.00034,3,5,0,0,0,0,0,0,0,0,0,0,1,0,1,0,0,0,0,0,0,0,0,,0,0,0,0,
18,12.16,0,-12.55,26.5,0,0,0,12.75,0,0,0,0,-16.5,0,0,0,0,-0.00229183,0,0,0,0,0,0,0,0,0,1,73,59,0,0.00034,0.00034,3,5,0,0,0,0,0,0,0,0,0,0,1,0,1,0,0,0,0,0,0,0,0,,0,0,0,0,
19,13.01,0,-23.1,21.5,0,0,0,-1.7,0,0,0,0,-17.5,0,0,0,0,-0.00229183,0,0,0,0,0,0,0,0,0,1,68,59,0,0.00034,0.00034,3,5,0,0,0,0,0,0,0,0,0,0,1,0,1,0,0,0,0,0,0,0,0,,0,0,0,0,
END,Total:20
START,FrameNb:25,CameraNb:0,HeSaiNb:0,ARS410Nb:0
2026/08/02 16:23:50:735---->
heightOffset:0,1785659030735,1320320,selfCaliBufCnt:0,selfAccObjCnt:0,selfAccAngle:0,installHAngleOffset:0,Interpolation:0,installVAngleOffset:0,radarOffsetH:0,radarOffsetV:0.32,Polynom:-0.001023;-0.0511;-2.047;0;0;0;-0.001023;-0.0511;-2.047;-25.5;0;0,WheelDirection:0;0;0;0,selfAngleOffset:0,selfAngleOffsetPit:0,currCaliAngleHrz:0,currCaliAnglePit:0,selfCaliAngleHrz:0,selfCaliAnglePit:0,servCaliAngleHrz:0,servCaliAnglePit:0,offlineCaliAngleHrz:0,offlineCaliAnglePit:0,determine2useFlag:0,IMU_Z_Accel:-21.592,IMU_X_AngularRate:-2.093,IMU_Y_AngularRate:-2.093,IMU_RollAngle:-180,IMU_PitchAngle:-180,IMU_YawAngle:-180,FcwID:0,FCWWarningLevel:0,FCWTTC:0
0,2.32,0,30.1,29,0,0,0,7.75,1.37605e-33,0,0,0,-8.5,0,0,0,0,-0.00229183,0,0,0,0,0,0,0,0,0,1,78,61,0,0.00034,0.00034,3,5,0,0,0,0,0,0,0,0,0,0,1,0,0,0,0,0,0,0,0,0,0,,0,0,0,0,
1,2.8,0,-34.05,43.5,0,0,0,1.75,0,0,0,0,6,0,0,0,0,-0.00229183,0,0,0,0,0,0,0,0,0,1,92,61,0,0.00034,0.00034,3,0,0,0,0,0,0,0,0,0,0,0,1,0,0,0,0,0,0,0,0,0,0,,0,0,0,0,
2,3.27,0,13.7,37.5,0,0,0,2.65,0,0,0,0,-8,0,0,0,0,-0.00229183,0,0,0,0,0,0,0,0,0,1,86,61,0,0.00034,0.00034,3,5,0,0,0,0,0,0,0,0,0,0,1,0,0,0,0,0,0,0,0,0,0,,0,0,0,0,
3,3.58,0,45.85,31.5,0,0,0,-10.1,0,0,0,0,5,0,0,0,0,-0.00229183,0,0,0,0,0,0,0,0,0,1,80,61,0,0.00034,0.00034,3,5,0,0,0,0,0,0,0,0,0,0,1,0,0,0,0,0,0,0,0,0,0,,0,0,0,0,
4,4.03,0,2.2,41.5,0,0,0,0.55,0,0,0,0,-6,0,0,0,0,-0.00229183,0,0,0,0,0,0,0,0,0,1,89,61,0,0.00034,0.00034,3,5,0,0,0,0,0,0,0,0,0,0,1,0,0,0,0,0,0,0,0,0,0,,0,0,0,0,
5,5.16,0,-35.1,34,0,0,0,-3.35,0,0,0,0,-6,0,0,0,0,-0.00229183,0,0,0,0,0,0,0,0,0,1,79,61,0,0.00034,0.00034,3,5,0,0,0,0,0,0,0,0,0,0,1,0,0,0,0,0,0,0,0,0,0,,0,0,0,0,
6,5.16,0,-40.6,34,0,0,0,0.2,0,0,0,0,-3,0,0,0,0,-0.00229183,0,0,0,0,0,0,0,0,0,1,79,61,0,0.00034,0.00034,3,5,0,0,0,0,0,0,0,0,0,0,1,0,0,0,0,0,0,0,0,0,0,,0,0,0,0,
7,5.61,0,-34.6,36,0,0,0,-3.1,0,0,0,0,-4,0,0,0,0,-0.00229183,0,0,0,0,0,0,0,0,0,1,80,61,0,0.00034,0.00034,3,5,0,0,0,0,0,0,0,0,0,0,1,0,0,0,0,0,0,0,0,0,0,,0,0,0,0,
8,5.61,0,-24.15,36,0,0,0,-5.6,0,0,0,0,-9,0,0,0,0,-0.00229183,0,0,0,0,0,0,0,0,0,1,80,61,0,0.00034,0.00034,3,5,0,0,0,0,0,0,0,0,0,0,1,0,0,0,0,0,0,0,0,0,0,,0,0,0,0,
9,5.83,0,-40.7,30.5,0,0,0,0.15,0,0,0,0,-5.5,0,0,0,0,-0.00229183,0,0,0,0,0,0,0,0,0,1,75,61,0,0.00034,0.00034,3,5,0,0,0,0,0,0,0,0,0,0,1,0,0,0,0,0,0,0,0,0,0,,0,0,0,0,
10,6.63,0,4.7,24.5,0,0,0,-13.3,0,0,0,0,-23.5,0,0,0,0,-0.00229183,0,0,0,0,0,0,0,0,0,1,70,61,0,0.00034,0.00034,3,5,0,0,0,0,0,0,0,0,0,0,1,0,0,0,0,0,0,0,0,0,0,,0,0,0,0,
11,7.02,0,-10.2,24,0,0,0,2,0,0,0,0,-23,0,0,0,0,-0.00229183,0,0,0,0,0,0,0,0,0,1,70,61,0,0.00034,0.00034,3,5,0,0,0,0,0,0,0,0,0,0,1,0,0,0,0,0,0,0,0,0,0,,0,0,0,0,
12,7.64,0,34.8,40,0,0,0,6.8,0,0,0,0,5.5,0,0,0,0,-0.00229183,0,0,0,0,0,0,0,0,0,1,86,61,0,0.00034,0.00034,3,5,0,0,0,0,0,0,0,0,0,0,1,0,0,0,0,0,0,0,0,0,0,,0,0,0,0,
13,8.24,0,-25.15,29,0,0,0,11.65,0,0,0,0,-11.5,0,0,0,0,-0.00229183,0,0,0,0,0,0,0,0,0,1,75,61,0,0.00034,0.00034,3,0,0,0,0,0,0,0,0,0,0,0,1,0,0,0,0,0,0,0,0,0,0,,0,0,0,0,
14,8.64,0,69.15,30,0,0,0,-11.55,0,0,0,0,22.5,0,0,0,0,-0.00229183,0,0,0,0,0,0,0,0,0,1,76,61,0,0.00034,0.00034,3,7,0,0,0,0,0,0,0,0,0,0,1,0,0,0,0,0,0,0,0,0,0,,0,0,0,0,
15,8.91,0,-32.7,26.5,0,0,0,-0.95,0,0,0,0,-10,0,0,0,0,-0.00229183,0,0,0,0,0,0,0,0,0,1,73,61,0,0.00034,0.00034,3,5,0,0,0,0,0,0,0,0,0,0,1,0,0,0,0,0,0,0,0,0,0,,0,0,0,0,
16,9.38,0,-29.2,23,0,0,0,-2.85,0,0,0,0,-15,0,0,0,0,-0.00229183,0,0,0,0,0,0,0,0,0,1,69,61,0,0.00034,0.00034,3,5,0,0,0,0,0,0,0,0,0,0,1,0,0,0,0,0,0,0,0,0,0,,0,0,0,0,
17,9.84,0,-28.3,21,0,0,0,-0.55,0,0,0,0,-17.5,0,0,0,0,-0.00229183,0,0,0,0,0,0,0,0,0,1,68,61,0,0.00034,0.00034,3,5,0,0,0,0,0,0,0,0,0,0,1,0,0,0,0,0,0,0,0,0,0,,0,0,0,0,
18,12.16,0,-12.6,26.5,0,0,0,13.05,0,0,0,0,-16.5,0,0,0,0,-0.00229183,0,0,0,0,0,0,0,0,0,1,73,61,0,0.00034,0.00034,3,5,0,0,0,0,0,0,0,0,0,0,1,0,0,0,0,0,0,0,0,0,0,,0,0,0,0,
19,13,0,-23.3,21.5,0,0,0,-1.75,0,0,0,0,-17.5,0,0,0,0,-0.00229183,0,0,0,0,0,0,0,0,0,1,68,61,0,0.00034,0.00034,3,5,0,0,0,0,0,0,0,0,0,0,1,0,0,0,0,0,0,0,0,0,0,,0,0,0,0,
END,Total:20
START,FrameNb:26,CameraNb:0,HeSaiNb:0,ARS410Nb:0
2026/08/02 16:23:50:796---->
heightOffset:0,1785659030796,1320380,selfCaliBufCnt:0,selfAccObjCnt:0,selfAccAngle:0,installHAngleOffset:0,Interpolation:0,installVAngleOffset:0,radarOffsetH:0,radarOffsetV:0.32,Polynom:-0.001023;-0.0511;-2.047;0;0;0;-0.001023;-0.0511;-2.047;-25.5;0;0,WheelDirection:0;0;0;0,selfAngleOffset:0,selfAngleOffsetPit:0,currCaliAngleHrz:0,currCaliAnglePit:0,selfCaliAngleHrz:0,selfCaliAnglePit:0,servCaliAngleHrz:0,servCaliAnglePit:0,offlineCaliAngleHrz:0,offlineCaliAnglePit:0,determine2useFlag:0,IMU_Z_Accel:-21.592,IMU_X_AngularRate:-2.093,IMU_Y_AngularRate:-2.093,IMU_RollAngle:-180,IMU_PitchAngle:-180,IMU_YawAngle:-180,FcwID:0,FCWWarningLevel:0,FCWTTC:0
0,2.32,0,30.1,29,0,0,0,8.25,1.37605e-33,0,0,0,-8.5,0,0,0,0,-0.00229183,0,0,0,0,0,0,0,0,0,1,78,54,0,0.00034,0.00034,3,5,0,0,0,0,0,0,0,0,0,0,1,0,1,0,0,0,0,0,0,0,0,,0,0,0,0,
1,2.79,0,-34.05,43,0,0,0,1.75,0,0,0,0,6,0,0,0,0,-0.00229183,0,0,0,0,0,0,0,0,0,1,92,54,0,0.00034,0.00034,3,0,0,0,0,0,0,0,0,0,0,0,1,0,1,0,0,0,0,0,0,0,0,,0,0,0,0,
2,3.28,0,13.7,37.5,0,0,0,2.7,0,0,0,0,-8,0,0,0,0,-0.00229183,0,0,0,0,0,0,0,0,0,1,86,54,0,0.00034,0.00034,3,5,0,0,0,0,0,0,0,0,0,0,1,0,1,0,0,0,0,0,0,0,0,,0,0,0,0,
3,3.64,0,45.55,31.5,0,0,0,-9.25,0,0,0,0,5,0,0,0,0,-0.00229183,0,0,0,0,0,0,0,0,0,1,80,54,0,0.00034,0.00034,3,5,0,0,0,0,0,0,0,0,0,0,1,0,1,0,0,0,0,0,0,0,0,,0,0,0,0,
4,4.03,0,2.2,41.5,0,0,0,0.65,0,0,0,0,-6.5,0,0,0,0,-0.00229183,0,0,0,0,0,0,0,0,0,1,89,54,0,0.00034,0.00034,3,5,0,0,0,0,0,0,0,0,0,0,1,0,1,0,0,0,0,0,0,0,0,,0,0,0,0,
5,5.16,0,-35.1,33.5,0,0,0,-3.35,0,0,0,0,-6,0,0,0,0,-0.00229183,0,0,0,0,0,0,0,0,0,1,79,54,0,0.00034,0.00034,3,5,0,0,0,0,0,0,0,0,0,0,1,0,1,0,0,0,0,0,0,0,0,,0,0,0,0,
6,5.16,0,-40.6,33.5,0,0,0,0.15,0,0,0,0,-3,0,0,0,0,-0.00229183,0,0,0,0,0,0,0,0,0,1,79,54,0,0.00034,0.00034,3,5,0,0,0,0,0,0,0,0,0,0,1,0,1,0,0,0,0,0,0,0,0,,0,0,0,0,
7,5.61,0,-34.55,35.5,0,0,0,-3,0,0,0,0,-4,0,0,0,0,-0.00229183,0,0,0,0,0,0,0,0,0,1,80,54,0,0.00034,0.00034,3,5,0,0,0,0,0,0,0,0,0,0,1,0,1,0,0,0,0,0,0,0,0,,0,0,0,0,
8,5.61,0,-24.1,35.5,0,0,0,-5.7,0,0,0,0,-9,0,0,0,0,-0.00229183,0,0,0,0,0,0,0,0,0,1,80,54,0,0.00034,0.00034,3,5,0,0,0,0,0,0,0,0,0,0,1,0,1,0,0,0,0,0,0,0,0,,0,0,0,0,
9,5.83,0,-40.55,30.5,0,0,0,0.2,0,0,0,0,-5.5,0,0,0,0,-0.00229183,0,0,0,0,0,0,0,0,0,1,76,54,0,0.00034,0.00034,3,5,0,0,0,0,0,0,0,0,0,0,1,0,1,0,0,0,0,0,0,0,0,,0,0,0,0,
10,6.62,0,4.9,24.5,0,0,0,-13.25,0,0,0,0,-23.5,0,0,0,0,-0.00229183,0,0,0,0,0,0,0,0,0,1,70,54,0,0.00034,0.00034,3,5,0,0,0,0,0,0,0,0,0,0,1,0,1,0,0,0,0,0,0,0,0,,0,0,0,0,
11,7.02,0,-10.6,24.5,0,0,0,-7.8,0,0,0,0,-23,0,0,0,0,-0.00229183,0,0,0,0,0,0,0,0,0,1,70,54,0,0.00034,0.00034,3,5,0,0,0,0,0,0,0,0,0,0,1,0,1,0,0,0,0,0,0,0,0,,0,0,0,0,
12,7.65,0,34.7,40,0,0,0,7,0,0,0,0,5.5,0,0,0,0,-0.00229183,0,0,0,0,0,0,0,0,0,1,86,54,0,0.00034,0.00034,3,5,0,0,0,0,0,0,0,0,0,0,1,0,1,0,0,0,0,0,0,0,0,,0,0,0,0,
13,8.24,0,-25.1,28.5,0,0,0,-1.7,0,0,0,0,-12,0,0,0,0,-0.00229183,0,0,0,0,0,0,0,0,0,1,75,54,0,0.00034,0.00034,3,0,0,0,0,0,0,0,0,0,0,0,1,0,1,0,0,0,0,0,0,0,0,,0,0,0,0,
14,8.48,0,69.15,30,0,0,0,-11.3,0,0,0,0,22.5,0,0,0,0,-0.00229183,0,0,0,0,0,0,0,0,0,1,76,54,0,0.00034,0.00034,3,7,0,0,0,0,0,0,0,0,0,0,1,0,1,0,0,0,0,0,0,0,0,,0,0,0,0,
15,8.9,0,-32.8,26.5,0,0,0,-0.75,0,0,0,0,-10,0,0,0,0,-0.00229183,0,0,0,0,0,0,0,0,0,1,73,54,0,0.00034,0.00034,3,5,0,0,0,0,0,0,0,0,0,0,1,0,1,0,0,0,0,0,0,0,0,,0,0,0,0,
16,9.38,0,-29.35,23,0,0,0,-2.75,0,0,0,0,-15,0,0,0,0,-0.00229183,0,0,0,0,0,0,0,0,0,1,69,54,0,0.00034,0.00034,3,5,0,0,0,0,0,0,0,0,0,0,1,0,1,0,0,0,0,0,0,0,0,,0,0,0,0,
17,9.84,0,-28.3,21,0,0,0,-0.8,0,0,0,0,-18,0,0,0,0,-0.00229183,0,0,0,0,0,0,0,0,0,1,67,54,0,0.00034,0.00034,3,5,0,0,0,0,0,0,0,0,0,0,1,0,1,0,0,0,0,0,0,0,0,,0,0,0,0,
18,12.16,0,-12.55,26.5,0,0,0,12.7,0,0,0,0,-16,0,0,0,0,-0.00229183,0,0,0,0,0,0,0,0,0,1,73,54,0,0.00034,0.00034,3,5,0,0,0,0,0,0,0,0,0,0,1,0,1,0,0,0,0,0,0,0,0,,0,0,0,0,
19,13.01,0,-23.3,21.5,0,0,0,-1.6,0,0,0,0,-17.5,0,0,0,0,-0.00229183,0,0,0,0,0,0,0,0,0,1,68,54,0,0.00034,0.00034,3,5,0,0,0,0,0,0,0,0,0,0,1,0,1,0,0,0,0,0,0,0,0,,0,0,0,0,
END,Total:20
START,FrameNb:27,CameraNb:0,HeSaiNb:0,ARS410Nb:0
2026/08/02 16:23:50:888---->
heightOffset:0,1785659030888,1320432,selfCaliBufCnt:0,selfAccObjCnt:0,selfAccAngle:0,installHAngleOffset:0,Interpolation:0,installVAngleOffset:0,radarOffsetH:0,radarOffsetV:0.32,Polynom:-0.001023;-0.0511;-2.047;0;0;0;-0.001023;-0.0511;-2.047;-25.5;0;0,WheelDirection:0;0;0;0,selfAngleOffset:0,selfAngleOffsetPit:0,currCaliAngleHrz:0,currCaliAnglePit:0,selfCaliAngleHrz:0,selfCaliAnglePit:0,servCaliAngleHrz:0,servCaliAnglePit:0,offlineCaliAngleHrz:0,offlineCaliAnglePit:0,determine2useFlag:0,IMU_Z_Accel:-21.592,IMU_X_AngularRate:-2.093,IMU_Y_AngularRate:-2.093,IMU_RollAngle:-180,IMU_PitchAngle:-180,IMU_YawAngle:-180,FcwID:0,FCWWarningLevel:0,FCWTTC:0
0,2.31,0,30.05,29,0,0,0,7.65,1.37605e-33,0,0,0,-8.5,0,0,0,0,-0.00229183,0,0,0,0,0,0,0,0,0,1,78,58,0,0.00034,0.00034,3,5,0,0,0,0,0,0,0,0,0,0,1,0,0,0,0,0,0,0,0,0,0,,0,0,0,0,
1,2.8,0,-34.05,43.5,0,0,0,1.75,0,0,0,0,6,0,0,0,0,-0.00229183,0,0,0,0,0,0,0,0,0,1,92,58,0,0.00034,0.00034,3,0,0,0,0,0,0,0,0,0,0,0,1,0,0,0,0,0,0,0,0,0,0,,0,0,0,0,
2,3.27,0,13.8,37.5,0,0,0,2.65,0,0,0,0,-8,0,0,0,0,-0.00229183,0,0,0,0,0,0,0,0,0,1,86,58,0,0.00034,0.00034,3,5,0,0,0,0,0,0,0,0,0,0,1,0,0,0,0,0,0,0,0,0,0,,0,0,0,0,
3,3.59,0,45.95,31.5,0,0,0,-10.25,0,0,0,0,5,0,0,0,0,-0.00229183,0,0,0,0,0,0,0,0,0,1,80,58,0,0.00034,0.00034,3,5,0,0,0,0,0,0,0,0,0,0,1,0,0,0,0,0,0,0,0,0,0,,0,0,0,0,
4,4.03,0,2.2,41.5,0,0,0,0.45,0,0,0,0,-6,0,0,0,0,-0.00229183,0,0,0,0,0,0,0,0,0,1,89,58,0,0.00034,0.00034,3,5,0,0,0,0,0,0,0,0,0,0,1,0,0,0,0,0,0,0,0,0,0,,0,0,0,0,
5,5.16,0,-35.05,34,0,0,0,-3.35,0,0,0,0,-6,0,0,0,0,-0.00229183,0,0,0,0,0,0,0,0,0,1,79,58,0,0.00034,0.00034,3,5,0,0,0,0,0,0,0,0,0,0,1,0,0,0,0,0,0,0,0,0,0,,0,0,0,0,
6,5.16,0,-40.65,34,0,0,0,0.2,0,0,0,0,-3,0,0,0,0,-0.00229183,0,0,0,0,0,0,0,0,0,1,79,58,0,0.00034,0.00034,3,5,0,0,0,0,0,0,0,0,0,0,1,0,0,0,0,0,0,0,0,0,0,,0,0,0,0,
7,5.61,0,-34.6,36,0,0,0,-3.1,0,0,0,0,-4,0,0,0,0,-0.00229183,0,0,0,0,0,0,0,0,0,1,80,58,0,0.00034,0.00034,3,5,0,0,0,0,0,0,0,0,0,0,1,0,0,0,0,0,0,0,0,0,0,,0,0,0,0,
8,5.61,0,-24.15,36,0,0,0,-5.6,0,0,0,0,-9,0,0,0,0,-0.00229183,0,0,0,0,0,0,0,0,0,1,80,58,0,0.00034,0.00034,3,5,0,0,0,0,0,0,0,0,0,0,1,0,0,0,0,0,0,0,0,0,0,,0,0,0,0,
9,5.83,0,-40.65,30.5,0,0,0,-0.05,0,0,0,0,-5.5,0,0,0,0,-0.00229183,0,0,0,0,0,0,0,0,0,1,75,58,0,0.00034,0.00034,3,5,0,0,0,0,0,0,0,0,0,0,1,0,0,0,0,0,0,0,0,0,0,,0,0,0,0,
10,6.62,0,-54.05,24,0,0,0,-3.1,0,0,0,0,0,0,0,0,0,-0.00229183,0,0,0,0,0,0,0,0,0,1,70,58,0,0.00034,0.00034,3,5,0,0,0,0,0,0,0,0,0,0,1,0,0,0,0,0,0,0,0,0,0,,0,0,0,0,
11,7.03,0,-10.8,24.5,0,0,0,-7.8,0,0,0,0,-22.5,0,0,0,0,-0.00229183,0,0,0,0,0,0,0,0,0,1,70,58,0,0.00034,0.00034,3,5,0,0,0,0,0,0,0,0,0,0,1,0,0,0,0,0,0,0,0,0,0,,0,0,0,0,
12,7.65,0,34.8,40,0,0,0,6.95,0,0,0,0,5.5,0,0,0,0,-0.00229183,0,0,0,0,0,0,0,0,0,1,86,58,0,0.00034,0.00034,3,5,0,0,0,0,0,0,0,0,0,0,1,0,0,0,0,0,0,0,0,0,0,,0,0,0,0,
13,8.23,0,-25.15,29,0,0,0,11.7,0,0,0,0,-12,0,0,0,0,-0.00229183,0,0,0,0,0,0,0,0,0,1,75,58,0,0.00034,0.00034,3,0,0,0,0,0,0,0,0,0,0,0,1,0,0,0,0,0,0,0,0,0,0,,0,0,0,0,
14,8.65,0,69.15,30,0,0,0,-11.35,0,0,0,0,22.5,0,0,0,0,-0.00229183,0,0,0,0,0,0,0,0,0,1,76,58,0,0.00034,0.00034,3,7,0,0,0,0,0,0,0,0,0,0,1,0,0,0,0,0,0,0,0,0,0,,0,0,0,0,
15,8.9,0,-32.7,26.5,0,0,0,-0.8,0,0,0,0,-10,0,0,0,0,-0.00229183,0,0,0,0,0,0,0,0,0,1,73,58,0,0.00034,0.00034,3,5,0,0,0,0,0,0,0,0,0,0,1,0,0,0,0,0,0,0,0,0,0,,0,0,0,0,
16,9.38,0,-29.2,23,0,0,0,-2.7,0,0,0,0,-15,0,0,0,0,-0.00229183,0,0,0,0,0,0,0,0,0,1,69,58,0,0.00034,0.00034,3,5,0,0,0,0,0,0,0,0,0,0,1,0,0,0,0,0,0,0,0,0,0,,0,0,0,0,
17,9.83,0,-28.3,21,0,0,0,-0.85,0,0,0,0,-17.5,0,0,0,0,-0.00229183,0,0,0,0,0,0,0,0,0,1,67,58,0,0.00034,0.00034,3,5,0,0,0,0,0,0,0,0,0,0,1,0,0,0,0,0,0,0,0,0,0,,0,0,0,0,
18,12.16,0,-12.6,26.5,0,0,0,13,0,0,0,0,-16.5,0,0,0,0,-0.00229183,0,0,0,0,0,0,0,0,0,1,73,58,0,0.00034,0.00034,3,5,0,0,0,0,0,0,0,0,0,0,1,0,0,0,0,0,0,0,0,0,0,,0,0,0,0,
19,13,0,-23.1,21.5,0,0,0,-1.75,0,0,0,0,-17.5,0,0,0,0,-0.00229183,0,0,0,0,0,0,0,0,0,1,68,58,0,0.00034,0.00034,3,5,0,0,0,0,0,0,0,0,0,0,1,0,0,0,0,0,0,0,0,0,0,,0,0,0,0,
END,Total:20
START,FrameNb:28,CameraNb:0,HeSaiNb:0,ARS410Nb:0
2026/08/02 16:23:50:943---->
heightOffset:0,1785659030943,1320492,selfCaliBufCnt:0,selfAccObjCnt:0,selfAccAngle:0,installHAngleOffset:0,Interpolation:0,installVAngleOffset:0,radarOffsetH:0,radarOffsetV:0.32,Polynom:-0.001023;-0.0511;-2.047;0;0;0;-0.001023;-0.0511;-2.047;-25.5;0;0,WheelDirection:0;0;0;0,selfAngleOffset:0,selfAngleOffsetPit:0,currCaliAngleHrz:0,currCaliAnglePit:0,selfCaliAngleHrz:0,selfCaliAnglePit:0,servCaliAngleHrz:0,servCaliAnglePit:0,offlineCaliAngleHrz:0,offlineCaliAnglePit:0,determine2useFlag:0,IMU_Z_Accel:-21.592,IMU_X_AngularRate:-2.093,IMU_Y_AngularRate:-2.093,IMU_RollAngle:-180,IMU_PitchAngle:-180,IMU_YawAngle:-180,FcwID:0,FCWWarningLevel:0,FCWTTC:0
0,2.32,0,-35.15,29,0,0,0,2.95,1.37605e-33,0,0,0,-8.5,0,0,0,0,-0.00229183,0,0,0,0,0,0,0,0,0,1,78,54,0,0.00034,0.00034,3,5,0,0,0,0,0,0,0,0,0,0,1,0,1,0,0,0,0,0,0,0,0,,0,0,0,0,
1,2.79,0,-34.05,43,0,0,0,1.75,0,0,0,0,6,0,0,0,0,-0.00229183,0,0,0,0,0,0,0,0,0,1,92,54,0,0.00034,0.00034,3,0,0,0,0,0,0,0,0,0,0,0,1,0,1,0,0,0,0,0,0,0,0,,0,0,0,0,
2,3.27,0,13.7,37.5,0,0,0,2.7,0,0,0,0,-8,0,0,0,0,-0.00229183,0,0,0,0,0,0,0,0,0,1,86,54,0,0.00034,0.00034,3,5,0,0,0,0,0,0,0,0,0,0,1,0,1,0,0,0,0,0,0,0,0,,0,0,0,0,
3,3.64,0,45.45,31.5,0,0,0,-9.45,0,0,0,0,5,0,0,0,0,-0.00229183,0,0,0,0,0,0,0,0,0,1,80,54,0,0.00034,0.00034,3,5,0,0,0,0,0,0,0,0,0,0,1,0,1,0,0,0,0,0,0,0,0,,0,0,0,0,
4,4.03,0,2.2,41.5,0,0,0,0.55,0,0,0,0,-6.5,0,0,0,0,-0.00229183,0,0,0,0,0,0,0,0,0,1,89,54,0,0.00034,0.00034,3,5,0,0,0,0,0,0,0,0,0,0,1,0,1,0,0,0,0,0,0,0,0,,0,0,0,0,
5,5.17,0,-35.1,33.5,0,0,0,-3.3,0,0,0,0,-6,0,0,0,0,-0.00229183,0,0,0,0,0,0,0,0,0,1,79,54,0,0.00034,0.00034,3,5,0,0,0,0,0,0,0,0,0,0,1,0,1,0,0,0,0,0,0,0,0,,0,0,0,0,
6,5.17,0,-40.6,33.5,0,0,0,0.2,0,0,0,0,-3,0,0,0,0,-0.00229183,0,0,0,0,0,0,0,0,0,1,79,54,0,0.00034,0.00034,3,5,0,0,0,0,0,0,0,0,0,0,1,0,1,0,0,0,0,0,0,0,0,,0,0,0,0,
7,5.61,0,-34.55,35.5,0,0,0,-3.05,0,0,0,0,-4,0,0,0,0,-0.00229183,0,0,0,0,0,0,0,0,0,1,80,54,0,0.00034,0.00034,3,5,0,0,0,0,0,0,0,0,0,0,1,0,1,0,0,0,0,0,0,0,0,,0,0,0,0,
8,5.61,0,-24.1,35.5,0,0,0,-5.6,0,0,0,0,-9,0,0,0,0,-0.00229183,0,0,0,0,0,0,0,0,0,1,80,54,0,0.00034,0.00034,3,5,0,0,0,0,0,0,0,0,0,0,1,0,1,0,0,0,0,0,0,0,0,,0,0,0,0,
9,5.83,0,-40.6,30.5,0,0,0,0.4,0,0,0,0,-5.5,0,0,0,0,-0.00229183,0,0,0,0,0,0,0,0,0,1,75,54,0,0.00034,0.00034,3,5,0,0,0,0,0,0,0,0,0,0,1,0,1,0,0,0,0,0,0,0,0,,0,0,0,0,
10,6.62,0,-53.9,24.5,0,0,0,-3,0,0,0,0,0.5,0,0,0,0,-0.00229183,0,0,0,0,0,0,0,0,0,1,70,54,0,0.00034,0.00034,3,5,0,0,0,0,0,0,0,0,0,0,1,0,1,0,0,0,0,0,0,0,0,,0,0,0,0,
11,7.03,0,-10.3,24,0,0,0,-7.85,0,0,0,0,-23,0,0,0,0,-0.00229183,0,0,0,0,0,0,0,0,0,1,70,54,0,0.00034,0.00034,3,5,0,0,0,0,0,0,0,0,0,0,1,0,1,0,0,0,0,0,0,0,0,,0,0,0,0,
12,7.65,0,34.8,40,0,0,0,6.9,0,0,0,0,5,0,0,0,0,-0.00229183,0,0,0,0,0,0,0,0,0,1,86,54,0,0.00034,0.00034,3,5,0,0,0,0,0,0,0,0,0,0,1,0,1,0,0,0,0,0,0,0,0,,0,0,0,0,
13,8.24,0,-25.05,29,0,0,0,-1.75,0,0,0,0,-12,0,0,0,0,-0.00229183,0,0,0,0,0,0,0,0,0,1,75,54,0,0.00034,0.00034,3,0,0,0,0,0,0,0,0,0,0,0,1,0,1,0,0,0,0,0,0,0,0,,0,0,0,0,
14,8.48,0,69.2,30,0,0,0,-11.45,0,0,0,0,22.5,0,0,0,0,-0.00229183,0,0,0,0,0,0,0,0,0,1,76,54,0,0.00034,0.00034,3,7,0,0,0,0,0,0,0,0,0,0,1,0,1,0,0,0,0,0,0,0,0,,0,0,0,0,
15,8.9,0,-32.7,26,0,0,0,-0.95,0,0,0,0,-10,0,0,0,0,-0.00229183,0,0,0,0,0,0,0,0,0,1,72,54,0,0.00034,0.00034,3,5,0,0,0,0,0,0,0,0,0,0,1,0,1,0,0,0,0,0,0,0,0,,0,0,0,0,
16,9.38,0,-29.2,23,0,0,0,-2.75,0,0,0,0,-15,0,0,0,0,-0.00229183,0,0,0,0,0,0,0,0,0,1,69,54,0,0.00034,0.00034,3,5,0,0,0,0,0,0,0,0,0,0,1,0,1,0,0,0,0,0,0,0,0,,0,0,0,0,
17,9.84,0,-28.2,21,0,0,0,-1,0,0,0,0,-17.5,0,0,0,0,-0.00229183,0,0,0,0,0,0,0,0,0,1,67,54,0,0.00034,0.00034,3,5,0,0,0,0,0,0,0,0,0,0,1,0,1,0,0,0,0,0,0,0,0,,0,0,0,0,
18,12.16,0,-12.5,26.5,0,0,0,12.8,0,0,0,0,-16.5,0,0,0,0,-0.00229183,0,0,0,0,0,0,0,0,0,1,73,54,0,0.00034,0.00034,3,5,0,0,0,0,0,0,0,0,0,0,1,0,1,0,0,0,0,0,0,0,0,,0,0,0,0,
19,13.01,0,-23.05,21.5,0,0,0,-1.6,0,0,0,0,-17.5,0,0,0,0,-0.00229183,0,0,0,0,0,0,0,0,0,1,68,54,0,0.00034,0.00034,3,5,0,0,0,0,0,0,0,0,0,0,1,0,1,0,0,0,0,0,0,0,0,,0,0,0,0,
END,Total:20
START,FrameNb:29,CameraNb:0,HeSaiNb:0,ARS410Nb:0
2026/08/02 16:23:50:983---->
heightOffset:0,1785659030983,1320548,selfCaliBufCnt:0,selfAccObjCnt:0,selfAccAngle:0,installHAngleOffset:0,Interpolation:0,installVAngleOffset:0,radarOffsetH:0,radarOffsetV:0.32,Polynom:-0.001023;-0.0511;-2.047;0;0;0;-0.001023;-0.0511;-2.047;-25.5;0;0,WheelDirection:0;0;0;0,selfAngleOffset:0,selfAngleOffsetPit:0,currCaliAngleHrz:0,currCaliAnglePit:0,selfCaliAngleHrz:0,selfCaliAnglePit:0,servCaliAngleHrz:0,servCaliAnglePit:0,offlineCaliAngleHrz:0,offlineCaliAnglePit:0,determine2useFlag:0,IMU_Z_Accel:-21.592,IMU_X_AngularRate:-2.093,IMU_Y_AngularRate:-2.093,IMU_RollAngle:-180,IMU_PitchAngle:-180,IMU_YawAngle:-180,FcwID:0,FCWWarningLevel:0,FCWTTC:0
0,2.32,0,30.1,29,0,0,0,7.75,1.37605e-33,0,0,0,-8.5,0,0,0,0,-0.00229183,0,0,0,0,0,0,0,0,0,1,78,58,0,0.00034,0.00034,3,5,0,0,0,0,0,0,0,0,0,0,1,0,0,0,0,0,0,0,0,0,0,,0,0,0,0,
1,2.8,0,-34.05,43,0,0,0,1.75,0,0,0,0,6,0,0,0,0,-0.00229183,0,0,0,0,0,0,0,0,0,1,92,58,0,0.00034,0.00034,3,0,0,0,0,0,0,0,0,0,0,0,1,0,0,0,0,0,0,0,0,0,0,,0,0,0,0,
2,3.27,0,13.8,37.5,0,0,0,2.55,0,0,0,0,-8,0,0,0,0,-0.00229183,0,0,0,0,0,0,0,0,0,1,86,58,0,0.00034,0.00034,3,5,0,0,0,0,0,0,0,0,0,0,1,0,0,0,0,0,0,0,0,0,0,,0,0,0,0,
3,3.6,0,45.4,32,0,0,0,-9.75,0,0,0,0,5,0,0,0,0,-0.00229183,0,0,0,0,0,0,0,0,0,1,80,58,0,0.00034,0.00034,3,5,0,0,0,0,0,0,0,0,0,0,1,0,0,0,0,0,0,0,0,0,0,,0,0,0,0,
4,4.03,0,2.2,41.5,0,0,0,0.55,0,0,0,0,-6,0,0,0,0,-0.00229183,0,0,0,0,0,0,0,0,0,1,89,58,0,0.00034,0.00034,3,5,0,0,0,0,0,0,0,0,0,0,1,0,0,0,0,0,0,0,0,0,0,,0,0,0,0,
5,5.16,0,-35.05,34,0,0,0,-3.3,0,0,0,0,-6,0,0,0,0,-0.00229183,0,0,0,0,0,0,0,0,0,1,79,58,0,0.00034,0.00034,3,5,0,0,0,0,0,0,0,0,0,0,1,0,0,0,0,0,0,0,0,0,0,,0,0,0,0,
6,5.16,0,-40.65,34,0,0,0,0.25,0,0,0,0,-3,0,0,0,0,-0.00229183,0,0,0,0,0,0,0,0,0,1,79,58,0,0.00034,0.00034,3,5,0,0,0,0,0,0,0,0,0,0,1,0,0,0,0,0,0,0,0,0,0,,0,0,0,0,
7,5.61,0,-34.6,35.5,0,0,0,-3.1,0,0,0,0,-4,0,0,0,0,-0.00229183,0,0,0,0,0,0,0,0,0,1,80,58,0,0.00034,0.00034,3,5,0,0,0,0,0,0,0,0,0,0,1,0,0,0,0,0,0,0,0,0,0,,0,0,0,0,
8,5.61,0,-24.15,35.5,0,0,0,-5.55,0,0,0,0,-9,0,0,0,0,-0.00229183,0,0,0,0,0,0,0,0,0,1,80,58,0,0.00034,0.00034,3,5,0,0,0,0,0,0,0,0,0,0,1,0,0,0,0,0,0,0,0,0,0,,0,0,0,0,
9,5.83,0,-40.8,30.5,0,0,0,-0.05,0,0,0,0,-5.5,0,0,0,0,-0.00229183,0,0,0,0,0,0,0,0,0,1,75,58,0,0.00034,0.00034,3,5,0,0,0,0,0,0,0,0,0,0,1,0,0,0,0,0,0,0,0,0,0,,0,0,0,0,
10,6.62,0,-53.8,24.5,0,0,0,-0.8,0,0,0,0,0.5,0,0,0,0,-0.00229183,0,0,0,0,0,0,0,0,0,1,70,58,0,0.00034,0.00034,3,5,0,0,0,0,0,0,0,0,0,0,1,0,0,0,0,0,0,0,0,0,0,,0,0,0,0,
11,7.03,0,-10.2,24.5,0,0,0,2.25,0,0,0,0,-23,0,0,0,0,-0.00229183,0,0,0,0,0,0,0,0,0,1,70,58,0,0.00034,0.00034,3,5,0,0,0,0,0,0,0,0,0,0,1,0,0,0,0,0,0,0,0,0,0,,0,0,0,0,
12,7.65,0,34.85,40,0,0,0,6.95,0,0,0,0,5,0,0,0,0,-0.00229183,0,0,0,0,0,0,0,0,0,1,86,58,0,0.00034,0.00034,3,0,0,0,0,0,0,0,0,0,0,0,1,0,0,0,0,0,0,0,0,0,0,,0,0,0,0,
13,8.23,0,-25.2,29,0,0,0,11.9,0,0,0,0,-12,0,0,0,0,-0.00229183,0,0,0,0,0,0,0,0,0,1,75,58,0,0.00034,0.00034,3,0,0,0,0,0,0,0,0,0,0,0,1,0,0,0,0,0,0,0,0,0,0,,0,0,0,0,
14,8.65,0,69.2,30,0,0,0,-11.55,0,0,0,0,22.5,0,0,0,0,-0.00229183,0,0,0,0,0,0,0,0,0,1,76,58,0,0.00034,0.00034,3,7,0,0,0,0,0,0,0,0,0,0,1,0,0,0,0,0,0,0,0,0,0,,0,0,0,0,
15,8.91,0,-32.7,26.5,0,0,0,-0.6,0,0,0,0,-10,0,0,0,0,-0.00229183,0,0,0,0,0,0,0,0,0,1,73,58,0,0.00034,0.00034,3,5,0,0,0,0,0,0,0,0,0,0,1,0,0,0,0,0,0,0,0,0,0,,0,0,0,0,
16,9.39,0,-29.3,23,0,0,0,-2.55,0,0,0,0,-15,0,0,0,0,-0.00229183,0,0,0,0,0,0,0,0,0,1,69,58,0,0.00034,0.00034,3,5,0,0,0,0,0,0,0,0,0,0,1,0,0,0,0,0,0,0,0,0,0,,0,0,0,0,
17,9.83,0,-28.3,21,0,0,0,-0.7,0,0,0,0,-17.5,0,0,0,0,-0.00229183,0,0,0,0,0,0,0,0,0,1,67,58,0,0.00034,0.00034,3,5,0,0,0,0,0,0,0,0,0,0,1,0,0,0,0,0,0,0,0,0,0,,0,0,0,0,
18,12.16,0,-12.55,26.5,0,0,0,13,0,0,0,0,-16.5,0,0,0,0,-0.00229183,0,0,0,0,0,0,0,0,0,1,73,58,0,0.00034,0.00034,3,5,0,0,0,0,0,0,0,0,0,0,1,0,0,0,0,0,0,0,0,0,0,,0,0,0,0,
19,12.99,0,-23.1,21.5,0,0,0,-1.8,0,0,0,0,-17.5,0,0,0,0,-0.00229183,0,0,0,0,0,0,0,0,0,1,68,58,0,0.00034,0.00034,3,5,0,0,0,0,0,0,0,0,0,0,1,0,0,0,0,0,0,0,0,0,0,,0,0,0,0,
END,Total:20
START,FrameNb:30,CameraNb:0,HeSaiNb:0,ARS410Nb:0
2026/08/02 16:23:51:045---->
heightOffset:0,1785659031045,1320608,selfCaliBufCnt:0,selfAccObjCnt:0,selfAccAngle:0,installHAngleOffset:0,Interpolation:0,installVAngleOffset:0,radarOffsetH:0,radarOffsetV:0.32,Polynom:-0.001023;-0.0511;-2.047;0;0;0;-0.001023;-0.0511;-2.047;-25.5;0;0,WheelDirection:0;0;0;0,selfAngleOffset:0,selfAngleOffsetPit:0,currCaliAngleHrz:0,currCaliAnglePit:0,selfCaliAngleHrz:0,selfCaliAnglePit:0,servCaliAngleHrz:0,servCaliAnglePit:0,offlineCaliAngleHrz:0,offlineCaliAnglePit:0,determine2useFlag:0,IMU_Z_Accel:-21.592,IMU_X_AngularRate:-2.093,IMU_Y_AngularRate:-2.093,IMU_RollAngle:-180,IMU_PitchAngle:-180,IMU_YawAngle:-180,FcwID:0,FCWWarningLevel:0,FCWTTC:0
0,2.32,0,30.1,29,0,0,0,8.25,1.37605e-33,0,0,0,-9,0,0,0,0,-0.00229183,0,0,0,0,0,0,0,0,0,1,78,58,0,0.00034,0.00034,3,5,0,0,0,0,0,0,0,0,0,0,1,0,1,0,0,0,0,0,0,0,0,,0,0,0,0,
1,2.79,0,-34.05,43,0,0,0,1.75,0,0,0,0,6,0,0,0,0,-0.00229183,0,0,0,0,0,0,0,0,0,1,92,58,0,0.00034,0.00034,3,0,0,0,0,0,0,0,0,0,0,0,1,0,1,0,0,0,0,0,0,0,0,,0,0,0,0,
2,3.28,0,13.7,37.5,0,0,0,2.7,0,0,0,0,-8,0,0,0,0,-0.00229183,0,0,0,0,0,0,0,0,0,1,86,58,0,0.00034,0.00034,3,5,0,0,0,0,0,0,0,0,0,0,1,0,1,0,0,0,0,0,0,0,0,,0,0,0,0,
3,3.64,0,45.7,31.5,0,0,0,-9.2,0,0,0,0,5,0,0,0,0,-0.00229183,0,0,0,0,0,0,0,0,0,1,80,58,0,0.00034,0.00034,3,5,0,0,0,0,0,0,0,0,0,0,1,0,1,0,0,0,0,0,0,0,0,,0,0,0,0,
4,4.03,0,2.2,41.5,0,0,0,0.55,0,0,0,0,-6.5,0,0,0,0,-0.00229183,0,0,0,0,0,0,0,0,0,1,89,58,0,0.00034,0.00034,3,5,0,0,0,0,0,0,0,0,0,0,1,0,1,0,0,0,0,0,0,0,0,,0,0,0,0,
5,5.16,0,-35.1,33.5,0,0,0,-3.45,0,0,0,0,-6,0,0,0,0,-0.00229183,0,0,0,0,0,0,0,0,0,1,79,58,0,0.00034,0.00034,3,5,0,0,0,0,0,0,0,0,0,0,1,0,1,0,0,0,0,0,0,0,0,,0,0,0,0,
6,5.16,0,-40.6,33.5,0,0,0,0.25,0,0,0,0,-3,0,0,0,0,-0.00229183,0,0,0,0,0,0,0,0,0,1,79,58,0,0.00034,0.00034,3,5,0,0,0,0,0,0,0,0,0,0,1,0,1,0,0,0,0,0,0,0,0,,0,0,0,0,
7,5.62,0,-34.6,35.5,0,0,0,-3,0,0,0,0,-4,0,0,0,0,-0.00229183,0,0,0,0,0,0,0,0,0,1,80,58,0,0.00034,0.00034,3,5,0,0,0,0,0,0,0,0,0,0,1,0,1,0,0,0,0,0,0,0,0,,0,0,0,0,
8,5.62,0,-24.1,35.5,0,0,0,-5.55,0,0,0,0,-9,0,0,0,0,-0.00229183,0,0,0,0,0,0,0,0,0,1,80,58,0,0.00034,0.00034,3,5,0,0,0,0,0,0,0,0,0,0,1,0,1,0,0,0,0,0,0,0,0,,0,0,0,0,
9,5.83,0,-40.7,30.5,0,0,0,0.2,0,0,0,0,-6,0,0,0,0,-0.00229183,0,0,0,0,0,0,0,0,0,1,75,58,0,0.00034,0.00034,3,5,0,0,0,0,0,0,0,0,0,0,1,0,1,0,0,0,0,0,0,0,0,,0,0,0,0,
10,6.62,0,-53.85,24.5,0,0,0,-2.55,0,0,0,0,0.5,0,0,0,0,-0.00229183,0,0,0,0,0,0,0,0,0,1,70,58,0,0.00034,0.00034,3,5,0,0,0,0,0,0,0,0,0,0,1,0,1,0,0,0,0,0,0,0,0,,0,0,0,0,
11,7.03,0,-10.2,24,0,0,0,2.55,0,0,0,0,-23.5,0,0,0,0,-0.00229183,0,0,0,0,0,0,0,0,0,1,70,58,0,0.00034,0.00034,3,5,0,0,0,0,0,0,0,0,0,0,1,0,1,0,0,0,0,0,0,0,0,,0,0,0,0,
12,7.65,0,34.8,40,0,0,0,6.8,0,0,0,0,5,0,0,0,0,-0.00229183,0,0,0,0,0,0,0,0,0,1,86,58,0,0.00034,0.00034,3,5,0,0,0,0,0,0,0,0,0,0,1,0,1,0,0,0,0,0,0,0,0,,0,0,0,0,
13,8.23,0,-25.1,29,0,0,0,11.45,0,0,0,0,-12,0,0,0,0,-0.00229183,0,0,0,0,0,0,0,0,0,1,75,58,0,0.00034,0.00034,3,0,0,0,0,0,0,0,0,0,0,0,1,0,1,0,0,0,0,0,0,0,0,,0,0,0,0,
14,8.48,0,69.15,30,0,0,0,-11.3,0,0,0,0,22,0,0,0,0,-0.00229183,0,0,0,0,0,0,0,0,0,1,76,58,0,0.00034,0.00034,3,7,0,0,0,0,0,0,0,0,0,0,1,0,1,0,0,0,0,0,0,0,0,,0,0,0,0,
15,8.9,0,-32.6,26.5,0,0,0,-0.85,0,0,0,0,-10,0,0,0,0,-0.00229183,0,0,0,0,0,0,0,0,0,1,73,58,0,0.00034,0.00034,3,5,0,0,0,0,0,0,0,0,0,0,1,0,1,0,0,0,0,0,0,0,0,,0,0,0,0,
16,9.39,0,-29.3,23,0,0,0,-2.3,0,0,0,0,-15,0,0,0,0,-0.00229183,0,0,0,0,0,0,0,0,0,1,69,58,0,0.00034,0.00034,3,5,0,0,0,0,0,0,0,0,0,0,1,0,1,0,0,0,0,0,0,0,0,,0,0,0,0,
17,9.82,0,-28.35,21,0,0,0,-0.85,0,0,0,0,-17.5,0,0,0,0,-0.00229183,0,0,0,0,0,0,0,0,0,1,67,58,0,0.00034,0.00034,3,5,0,0,0,0,0,0,0,0,0,0,1,0,1,0,0,0,0,0,0,0,0,,0,0,0,0,
18,12.16,0,-12.55,26.5,0,0,0,12.9,0,0,0,0,-16.5,0,0,0,0,-0.00229183,0,0,0,0,0,0,0,0,0,1,73,58,0,0.00034,0.00034,3,5,0,0,0,0,0,0,0,0,0,0,1,0,1,0,0,0,0,0,0,0,0,,0,0,0,0,
19,13,0,-23.1,21,0,0,0,-1.7,0,0,0,0,-17.5,0,0,0,0,-0.00229183,0,0,0,0,0,0,0,0,0,1,68,58,0,0.00034,0.00034,3,5,0,0,0,0,0,0,0,0,0,0,1,0,1,0,0,0,0,0,0,0,0,,0,0,0,0,
END,Total:20
START,FrameNb:31,CameraNb:0,HeSaiNb:0,ARS410Nb:0
2026/08/02 16:23:51:108---->
heightOffset:0,1785659031108,1320668,selfCaliBufCnt:0,selfAccObjCnt:0,selfAccAngle:0,installHAngleOffset:0,Interpolation:0,installVAngleOffset:0,radarOffsetH:0,radarOffsetV:0.32,Polynom:-0.001023;-0.0511;-2.047;0;0;0;-0.001023;-0.0511;-2.047;-25.5;0;0,WheelDirection:0;0;0;0,selfAngleOffset:0,selfAngleOffsetPit:0,currCaliAngleHrz:0,currCaliAnglePit:0,selfCaliAngleHrz:0,selfCaliAnglePit:0,servCaliAngleHrz:0,servCaliAnglePit:0,offlineCaliAngleHrz:0,offlineCaliAnglePit:0,determine2useFlag:0,IMU_Z_Accel:-21.592,IMU_X_AngularRate:-2.093,IMU_Y_AngularRate:-2.093,IMU_RollAngle:-180,IMU_PitchAngle:-180,IMU_YawAngle:-180,FcwID:0,FCWWarningLevel:0,FCWTTC:0
0,2.32,0,30.1,29,0,0,0,7.7,1.37605e-33,0,0,0,-8.5,0,0,0,0,-0.00229183,0,0,0,0,0,0,0,0,0,1,78,63,0,0.00034,0.00034,3,5,0,0,0,0,0,0,0,0,0,0,1,0,0,0,0,0,0,0,0,0,0,,0,0,0,0,
1,2.8,0,-34.05,43.5,0,0,0,1.75,0,0,0,0,6,0,0,0,0,-0.00229183,0,0,0,0,0,0,0,0,0,1,92,63,0,0.00034,0.00034,3,0,0,0,0,0,0,0,0,0,0,0,1,0,0,0,0,0,0,0,0,0,0,,0,0,0,0,
2,3.29,0,13.8,37.5,0,0,0,2.65,0,0,0,0,-8,0,0,0,0,-0.00229183,0,0,0,0,0,0,0,0,0,1,86,63,0,0.00034,0.00034,3,5,0,0,0,0,0,0,0,0,0,0,1,0,0,0,0,0,0,0,0,0,0,,0,0,0,0,
3,3.62,0,46,32,0,0,0,-10.35,0,0,0,0,5,0,0,0,0,-0.00229183,0,0,0,0,0,0,0,0,0,1,80,63,0,0.00034,0.00034,3,5,0,0,0,0,0,0,0,0,0,0,1,0,0,0,0,0,0,0,0,0,0,,0,0,0,0,
4,4.03,0,2.2,41.5,0,0,0,0.55,0,0,0,0,-6,0,0,0,0,-0.00229183,0,0,0,0,0,0,0,0,0,1,89,63,0,0.00034,0.00034,3,5,0,0,0,0,0,0,0,0,0,0,1,0,0,0,0,0,0,0,0,0,0,,0,0,0,0,
5,5.16,0,-35.1,34,0,0,0,-3.45,0,0,0,0,-6,0,0,0,0,-0.00229183,0,0,0,0,0,0,0,0,0,1,79,63,0,0.00034,0.00034,3,5,0,0,0,0,0,0,0,0,0,0,1,0,0,0,0,0,0,0,0,0,0,,0,0,0,0,
6,5.16,0,-40.65,34,0,0,0,0.25,0,0,0,0,-3,0,0,0,0,-0.00229183,0,0,0,0,0,0,0,0,0,1,79,63,0,0.00034,0.00034,3,5,0,0,0,0,0,0,0,0,0,0,1,0,0,0,0,0,0,0,0,0,0,,0,0,0,0,
7,5.61,0,-34.6,36,0,0,0,-3.1,0,0,0,0,-4,0,0,0,0,-0.00229183,0,0,0,0,0,0,0,0,0,1,80,63,0,0.00034,0.00034,3,5,0,0,0,0,0,0,0,0,0,0,1,0,0,0,0,0,0,0,0,0,0,,0,0,0,0,
8,5.61,0,-24.2,36,0,0,0,-5.55,0,0,0,0,-9,0,0,0,0,-0.00229183,0,0,0,0,0,0,0,0,0,1,80,63,0,0.00034,0.00034,3,5,0,0,0,0,0,0,0,0,0,0,1,0,0,0,0,0,0,0,0,0,0,,0,0,0,0,
9,5.83,0,-40.55,30.5,0,0,0,0,0,0,0,0,-5.5,0,0,0,0,-0.00229183,0,0,0,0,0,0,0,0,0,1,76,63,0,0.00034,0.00034,3,5,0,0,0,0,0,0,0,0,0,0,1,0,0,0,0,0,0,0,0,0,0,,0,0,0,0,
10,6.62,0,-53.65,24.5,0,0,0,-7.55,0,0,0,0,0.5,0,0,0,0,-0.00229183,0,0,0,0,0,0,0,0,0,1,70,63,0,0.00034,0.00034,3,5,0,0,0,0,0,0,0,0,0,0,1,0,0,0,0,0,0,0,0,0,0,,0,0,0,0,
11,7.03,0,-10.1,24.5,0,0,0,2,0,0,0,0,-23,0,0,0,0,-0.00229183,0,0,0,0,0,0,0,0,0,1,70,63,0,0.00034,0.00034,3,5,0,0,0,0,0,0,0,0,0,0,1,0,0,0,0,0,0,0,0,0,0,,0,0,0,0,
12,7.65,0,34.8,39.5,0,0,0,6.75,0,0,0,0,5,0,0,0,0,-0.00229183,0,0,0,0,0,0,0,0,0,1,86,63,0,0.00034,0.00034,3,5,0,0,0,0,0,0,0,0,0,0,1,0,0,0,0,0,0,0,0,0,0,,0,0,0,0,
13,8.23,0,-25.15,29.5,0,0,0,11.95,0,0,0,0,-11.5,0,0,0,0,-0.00229183,0,0,0,0,0,0,0,0,0,1,75,63,0,0.00034,0.00034,3,0,0,0,0,0,0,0,0,0,0,0,1,0,0,0,0,0,0,0,0,0,0,,0,0,0,0,
14,8.66,0,69.1,30,0,0,0,-11.3,0,0,0,0,22.5,0,0,0,0,-0.00229183,0,0,0,0,0,0,0,0,0,1,76,63,0,0.00034,0.00034,3,7,0,0,0,0,0,0,0,0,0,0,1,0,0,0,0,0,0,0,0,0,0,,0,0,0,0,
15,8.9,0,-32.55,26.5,0,0,0,-0.3,0,0,0,0,-9.5,0,0,0,0,-0.00229183,0,0,0,0,0,0,0,0,0,1,73,63,0,0.00034,0.00034,3,5,0,0,0,0,0,0,0,0,0,0,1,0,0,0,0,0,0,0,0,0,0,,0,0,0,0,
16,9.39,0,-29.2,23,0,0,0,-2.55,0,0,0,0,-15,0,0,0,0,-0.00229183,0,0,0,0,0,0,0,0,0,1,70,63,0,0.00034,0.00034,3,5,0,0,0,0,0,0,0,0,0,0,1,0,0,0,0,0,0,0,0,0,0,,0,0,0,0,
17,9.85,0,-28.35,21,0,0,0,-0.55,0,0,0,0,-17.5,0,0,0,0,-0.00229183,0,0,0,0,0,0,0,0,0,1,67,63,0,0.00034,0.00034,3,5,0,0,0,0,0,0,0,0,0,0,1,0,0,0,0,0,0,0,0,0,0,,0,0,0,0,
18,12.16,0,-12.6,26.5,0,0,0,12.95,0,0,0,0,-16.5,0,0,0,0,-0.00229183,0,0,0,0,0,0,0,0,0,1,73,63,0,0.00034,0.00034,3,5,0,0,0,0,0,0,0,0,0,0,1,0,0,0,0,0,0,0,0,0,0,,0,0,0,0,
19,13,0,-23.1,21.5,0,0,0,-1.95,0,0,0,0,-17.5,0,0,0,0,-0.00229183,0,0,0,0,0,0,0,0,0,1,68,63,0,0.00034,0.00034,3,5,0,0,0,0,0,0,0,0,0,0,1,0,0,0,0,0,0,0,0,0,0,,0,0,0,0,
END,Total:20
START,FrameNb:32,CameraNb:0,HeSaiNb:0,ARS410Nb:0
2026/08/02 16:23:51:139---->
heightOffset:0,1785659031139,1320724,selfCaliBufCnt:0,selfAccObjCnt:0,selfAccAngle:0,installHAngleOffset:0,Interpolation:0,installVAngleOffset:0,radarOffsetH:0,radarOffsetV:0.32,Polynom:-0.001023;-0.0511;-2.047;0;0;0;-0.001023;-0.0511;-2.047;-25.5;0;0,WheelDirection:0;0;0;0,selfAngleOffset:0,selfAngleOffsetPit:0,currCaliAngleHrz:0,currCaliAnglePit:0,selfCaliAngleHrz:0,selfCaliAnglePit:0,servCaliAngleHrz:0,servCaliAnglePit:0,offlineCaliAngleHrz:0,offlineCaliAnglePit:0,determine2useFlag:0,IMU_Z_Accel:-21.592,IMU_X_AngularRate:-2.093,IMU_Y_AngularRate:-2.093,IMU_RollAngle:-180,IMU_PitchAngle:-180,IMU_YawAngle:-180,FcwID:0,FCWWarningLevel:0,FCWTTC:0
0,2.32,0,30.05,29,0,0,0,8.2,1.37605e-33,0,0,0,-9,0,0,0,0,-0.00229183,0,0,0,0,0,0,0,0,0,1,78,55,0,0.00034,0.00034,3,5,0,0,0,0,0,0,0,0,0,0,1,0,1,0,0,0,0,0,0,0,0,,0,0,0,0,
1,2.79,0,-34.05,43,0,0,0,1.75,0,0,0,0,6,0,0,0,0,-0.00229183,0,0,0,0,0,0,0,0,0,1,92,55,0,0.00034,0.00034,3,0,0,0,0,0,0,0,0,0,0,0,1,0,1,0,0,0,0,0,0,0,0,,0,0,0,0,
2,3.27,0,13.7,37.5,0,0,0,2.7,0,0,0,0,-8,0,0,0,0,-0.00229183,0,0,0,0,0,0,0,0,0,1,86,55,0,0.00034,0.00034,3,5,0,0,0,0,0,0,0,0,0,0,1,0,1,0,0,0,0,0,0,0,0,,0,0,0,0,
3,3.65,0,45.7,31.5,0,0,0,-9.3,0,0,0,0,5,0,0,0,0,-0.00229183,0,0,0,0,0,0,0,0,0,1,80,55,0,0.00034,0.00034,3,5,0,0,0,0,0,0,0,0,0,0,1,0,1,0,0,0,0,0,0,0,0,,0,0,0,0,
4,4.03,0,2.2,41.5,0,0,0,0.55,0,0,0,0,-6.5,0,0,0,0,-0.00229183,0,0,0,0,0,0,0,0,0,1,89,55,0,0.00034,0.00034,3,5,0,0,0,0,0,0,0,0,0,0,1,0,1,0,0,0,0,0,0,0,0,,0,0,0,0,
5,5.17,0,-35.1,34,0,0,0,-3.25,0,0,0,0,-6,0,0,0,0,-0.00229183,0,0,0,0,0,0,0,0,0,1,79,55,0,0.00034,0.00034,3,5,0,0,0,0,0,0,0,0,0,0,1,0,1,0,0,0,0,0,0,0,0,,0,0,0,0,
6,5.17,0,-40.6,34,0,0,0,0.25,0,0,0,0,-3,0,0,0,0,-0.00229183,0,0,0,0,0,0,0,0,0,1,79,55,0,0.00034,0.00034,3,5,0,0,0,0,0,0,0,0,0,0,1,0,1,0,0,0,0,0,0,0,0,,0,0,0,0,
7,5.47,0,-34.6,36,0,0,0,-3.05,0,0,0,0,-4,0,0,0,0,-0.00229183,0,0,0,0,0,0,0,0,0,1,80,55,0,0.00034,0.00034,3,5,0,0,0,0,0,0,0,0,0,0,1,0,1,0,0,0,0,0,0,0,0,,0,0,0,0,
8,5.47,0,-24.1,36,0,0,0,-5.55,0,0,0,0,-9,0,0,0,0,-0.00229183,0,0,0,0,0,0,0,0,0,1,80,55,0,0.00034,0.00034,3,5,0,0,0,0,0,0,0,0,0,0,1,0,1,0,0,0,0,0,0,0,0,,0,0,0,0,
9,6.62,0,-53.7,25,0,0,0,-4.55,0,0,0,0,0.5,0,0,0,0,-0.00229183,0,0,0,0,0,0,0,0,0,1,70,55,0,0.00034,0.00034,3,5,0,0,0,0,0,0,0,0,0,0,1,0,1,0,0,0,0,0,0,0,0,,0,0,0,0,
10,7.03,0,-10.3,24.5,0,0,0,2.9,0,0,0,0,-23,0,0,0,0,-0.00229183,0,0,0,0,0,0,0,0,0,1,70,55,0,0.00034,0.00034,3,5,0,0,0,0,0,0,0,0,0,0,1,0,1,0,0,0,0,0,0,0,0,,0,0,0,0,
11,7.65,0,34.8,39.5,0,0,0,6.65,0,0,0,0,5,0,0,0,0,-0.00229183,0,0,0,0,0,0,0,0,0,1,86,55,0,0.00034,0.00034,3,5,0,0,0,0,0,0,0,0,0,0,1,0,1,0,0,0,0,0,0,0,0,,0,0,0,0,
12,8.24,0,-25.1,29,0,0,0,11.55,0,0,0,0,-12,0,0,0,0,-0.00229183,0,0,0,0,0,0,0,0,0,1,75,55,0,0.00034,0.00034,3,0,0,0,0,0,0,0,0,0,0,0,1,0,1,0,0,0,0,0,0,0,0,,0,0,0,0,
13,8.48,0,69.15,30,0,0,0,-11.45,0,0,0,0,22.5,0,0,0,0,-0.00229183,0,0,0,0,0,0,0,0,0,1,76,55,0,0.00034,0.00034,3,7,0,0,0,0,0,0,0,0,0,0,1,0,1,0,0,0,0,0,0,0,0,,0,0,0,0,
14,8.9,0,-32.7,26.5,0,0,0,-0.45,0,0,0,0,-10,0,0,0,0,-0.00229183,0,0,0,0,0,0,0,0,0,1,72,55,0,0.00034,0.00034,3,7,0,0,0,0,0,0,0,0,0,0,1,0,1,0,0,0,0,0,0,0,0,,0,0,0,0,
15,9.38,0,-29.3,23,0,0,0,-2.35,0,0,0,0,-15,0,0,0,0,-0.00229183,0,0,0,0,0,0,0,0,0,1,69,55,0,0.00034,0.00034,3,5,0,0,0,0,0,0,0,0,0,0,1,0,1,0,0,0,0,0,0,0,0,,0,0,0,0,
16,9.84,0,-28.3,21,0,0,0,-0.75,0,0,0,0,-18,0,0,0,0,-0.00229183,0,0,0,0,0,0,0,0,0,1,67,55,0,0.00034,0.00034,3,5,0,0,0,0,0,0,0,0,0,0,1,0,1,0,0,0,0,0,0,0,0,,0,0,0,0,
17,12.16,0,-12.55,26.5,0,0,0,12.8,0,0,0,0,-16.5,0,0,0,0,-0.00229183,0,0,0,0,0,0,0,0,0,1,73,55,0,0.00034,0.00034,3,5,0,0,0,0,0,0,0,0,0,0,1,0,1,0,0,0,0,0,0,0,0,,0,0,0,0,
18,13.01,0,-23.05,21.5,0,0,0,-1.8,0,0,0,0,-17.5,0,0,0,0,-0.00229183,0,0,0,0,0,0,0,0,0,1,68,55,0,0.00034,0.00034,3,5,0,0,0,0,0,0,0,0,0,0,1,0,1,0,0,0,0,0,0,0,0,,0,0,0,0,
END,Total:19
START,FrameNb:33,CameraNb:0,HeSaiNb:0,ARS410Nb:0
2026/08/02 16:23:51:195---->
heightOffset:0,1785659031195,1320780,selfCaliBufCnt:0,selfAccObjCnt:0,selfAccAngle:0,installHAngleOffset:0,Interpolation:0,installVAngleOffset:0,radarOffsetH:0,radarOffsetV:0.32,Polynom:-0.001023;-0.0511;-2.047;0;0;0;-0.001023;-0.0511;-2.047;-25.5;0;0,WheelDirection:0;0;0;0,selfAngleOffset:0,selfAngleOffsetPit:0,currCaliAngleHrz:0,currCaliAnglePit:0,selfCaliAngleHrz:0,selfCaliAnglePit:0,servCaliAngleHrz:0,servCaliAnglePit:0,offlineCaliAngleHrz:0,offlineCaliAnglePit:0,determine2useFlag:0,IMU_Z_Accel:-21.592,IMU_X_AngularRate:-2.093,IMU_Y_AngularRate:-2.093,IMU_RollAngle:-180,IMU_PitchAngle:-180,IMU_YawAngle:-180,FcwID:0,FCWWarningLevel:0,FCWTTC:0
0,2.32,0,30.1,29,0,0,0,7.7,1.37605e-33,0,0,0,-8.5,0,0,0,0,-0.00229183,0,0,0,0,0,0,0,0,0,1,78,57,0,0.00034,0.00034,3,5,0,0,0,0,0,0,0,0,0,0,1,0,0,0,0,0,0,0,0,0,0,,0,0,0,0,
1,2.8,0,-34.05,43.5,0,0,0,1.75,0,0,0,0,6,0,0,0,0,-0.00229183,0,0,0,0,0,0,0,0,0,1,92,57,0,0.00034,0.00034,3,0,0,0,0,0,0,0,0,0,0,0,1,0,0,0,0,0,0,0,0,0,0,,0,0,0,0,
2,3.28,0,13.7,37.5,0,0,0,2.65,0,0,0,0,-8,0,0,0,0,-0.00229183,0,0,0,0,0,0,0,0,0,1,86,57,0,0.00034,0.00034,3,5,0,0,0,0,0,0,0,0,0,0,1,0,0,0,0,0,0,0,0,0,0,,0,0,0,0,
3,3.59,0,45.8,32,0,0,0,-10.55,0,0,0,0,5,0,0,0,0,-0.00229183,0,0,0,0,0,0,0,0,0,1,80,57,0,0.00034,0.00034,3,5,0,0,0,0,0,0,0,0,0,0,1,0,0,0,0,0,0,0,0,0,0,,0,0,0,0,
4,4.03,0,2.2,41.5,0,0,0,0.45,0,0,0,0,-6,0,0,0,0,-0.00229183,0,0,0,0,0,0,0,0,0,1,89,57,0,0.00034,0.00034,3,5,0,0,0,0,0,0,0,0,0,0,1,0,0,0,0,0,0,0,0,0,0,,0,0,0,0,
5,5.16,0,-35.1,34,0,0,0,-3.35,0,0,0,0,-6,0,0,0,0,-0.00229183,0,0,0,0,0,0,0,0,0,1,79,57,0,0.00034,0.00034,3,5,0,0,0,0,0,0,0,0,0,0,1,0,0,0,0,0,0,0,0,0,0,,0,0,0,0,
6,5.16,0,-40.65,34,0,0,0,0.2,0,0,0,0,-3,0,0,0,0,-0.00229183,0,0,0,0,0,0,0,0,0,1,79,57,0,0.00034,0.00034,3,5,0,0,0,0,0,0,0,0,0,0,1,0,0,0,0,0,0,0,0,0,0,,0,0,0,0,
7,5.62,0,-34.7,36,0,0,0,-3.05,0,0,0,0,-4,0,0,0,0,-0.00229183,0,0,0,0,0,0,0,0,0,1,80,57,0,0.00034,0.00034,3,5,0,0,0,0,0,0,0,0,0,0,1,0,0,0,0,0,0,0,0,0,0,,0,0,0,0,
8,5.62,0,-24.15,36,0,0,0,-5.45,0,0,0,0,-9,0,0,0,0,-0.00229183,0,0,0,0,0,0,0,0,0,1,80,57,0,0.00034,0.00034,3,5,0,0,0,0,0,0,0,0,0,0,1,0,0,0,0,0,0,0,0,0,0,,0,0,0,0,
9,5.84,0,-40.5,31,0,0,0,0.05,0,0,0,0,-5.5,0,0,0,0,-0.00229183,0,0,0,0,0,0,0,0,0,1,76,57,0,0.00034,0.00034,3,5,0,0,0,0,0,0,0,0,0,0,1,0,0,0,0,0,0,0,0,0,0,,0,0,0,0,
10,6.62,0,-53.85,25,0,0,0,-1.45,0,0,0,0,0.5,0,0,0,0,-0.00229183,0,0,0,0,0,0,0,0,0,1,70,57,0,0.00034,0.00034,3,5,0,0,0,0,0,0,0,0,0,0,1,0,0,0,0,0,0,0,0,0,0,,0,0,0,0,
11,7.03,0,-10.2,24.5,0,0,0,2.2,0,0,0,0,-23,0,0,0,0,-0.00229183,0,0,0,0,0,0,0,0,0,1,70,57,0,0.00034,0.00034,3,5,0,0,0,0,0,0,0,0,0,0,1,0,0,0,0,0,0,0,0,0,0,,0,0,0,0,
12,7.65,0,34.85,39.5,0,0,0,6.7,0,0,0,0,5,0,0,0,0,-0.00229183,0,0,0,0,0,0,0,0,0,1,86,57,0,0.00034,0.00034,3,5,0,0,0,0,0,0,0,0,0,0,1,0,0,0,0,0,0,0,0,0,0,,0,0,0,0,
13,8.23,0,-25.2,29,0,0,0,12,0,0,0,0,-12,0,0,0,0,-0.00229183,0,0,0,0,0,0,0,0,0,1,75,57,0,0.00034,0.00034,3,0,0,0,0,0,0,0,0,0,0,0,1,0,0,0,0,0,0,0,0,0,0,,0,0,0,0,
14,8.65,0,69.15,30,0,0,0,-11.55,0,0,0,0,22.5,0,0,0,0,-0.00229183,0,0,0,0,0,0,0,0,0,1,76,57,0,0.00034,0.00034,3,7,0,0,0,0,0,0,0,0,0,0,1,0,0,0,0,0,0,0,0,0,0,,0,0,0,0,
15,8.9,0,-32.85,26.5,0,0,0,-0.45,0,0,0,0,-10,0,0,0,0,-0.00229183,0,0,0,0,0,0,0,0,0,1,73,57,0,0.00034,0.00034,3,5,0,0,0,0,0,0,0,0,0,0,1,0,0,0,0,0,0,0,0,0,0,,0,0,0,0,
16,9.38,0,-29.2,22.5,0,0,0,-2.7,0,0,0,0,-15,0,0,0,0,-0.00229183,0,0,0,0,0,0,0,0,0,1,69,57,0,0.00034,0.00034,3,5,0,0,0,0,0,0,0,0,0,0,1,0,0,0,0,0,0,0,0,0,0,,0,0,0,0,
17,9.86,0,-28.4,20.5,0,0,0,-0.45,0,0,0,0,-18,0,0,0,0,-0.00229183,0,0,0,0,0,0,0,0,0,1,67,57,0,0.00034,0.00034,3,5,0,0,0,0,0,0,0,0,0,0,1,0,0,0,0,0,0,0,0,0,0,,0,0,0,0,
18,12.16,0,-12.6,26.5,0,0,0,13,0,0,0,0,-16.5,0,0,0,0,-0.00229183,0,0,0,0,0,0,0,0,0,1,73,57,0,0.00034,0.00034,3,5,0,0,0,0,0,0,0,0,0,0,1,0,0,0,0,0,0,0,0,0,0,,0,0,0,0,
19,13,0,-23.2,21.5,0,0,0,-1.75,0,0,0,0,-17.5,0,0,0,0,-0.00229183,0,0,0,0,0,0,0,0,0,1,68,57,0,0.00034,0.00034,3,5,0,0,0,0,0,0,0,0,0,0,1,0,0,0,0,0,0,0,0,0,0,,0,0,0,0,
END,Total:20
START,FrameNb:34,CameraNb:0,HeSaiNb:0,ARS410Nb:0
2026/08/02 16:23:51:296---->
heightOffset:0,1785659031296,1320836,selfCaliBufCnt:0,selfAccObjCnt:0,selfAccAngle:0,installHAngleOffset:0,Interpolation:0,installVAngleOffset:0,radarOffsetH:0,radarOffsetV:0.32,Polynom:-0.001023;-0.0511;-2.047;0;0;0;-0.001023;-0.0511;-2.047;-25.5;0;0,WheelDirection:0;0;0;0,selfAngleOffset:0,selfAngleOffsetPit:0,currCaliAngleHrz:0,currCaliAnglePit:0,selfCaliAngleHrz:0,selfCaliAnglePit:0,servCaliAngleHrz:0,servCaliAnglePit:0,offlineCaliAngleHrz:0,offlineCaliAnglePit:0,determine2useFlag:0,IMU_Z_Accel:-21.592,IMU_X_AngularRate:-2.093,IMU_Y_AngularRate:-2.093,IMU_RollAngle:-180,IMU_PitchAngle:-180,IMU_YawAngle:-180,FcwID:0,FCWWarningLevel:0,FCWTTC:0
0,2.32,0,-35.05,29,0,0,0,3.15,1.37605e-33,0,0,0,-9,0,0,0,0,-0.00229183,0,0,0,0,0,0,0,0,0,1,78,54,0,0.00034,0.00034,3,5,0,0,0,0,0,0,0,0,0,0,1,0,1,0,0,0,0,0,0,0,0,,0,0,0,0,
1,2.8,0,-34.05,43.5,0,0,0,1.75,0,0,0,0,6,0,0,0,0,-0.00229183,0,0,0,0,0,0,0,0,0,1,92,54,0,0.00034,0.00034,3,0,0,0,0,0,0,0,0,0,0,0,1,0,1,0,0,0,0,0,0,0,0,,0,0,0,0,
2,3.26,0,13.7,37.5,0,0,0,2.7,0,0,0,0,-8,0,0,0,0,-0.00229183,0,0,0,0,0,0,0,0,0,1,86,54,0,0.00034,0.00034,3,5,0,0,0,0,0,0,0,0,0,0,1,0,1,0,0,0,0,0,0,0,0,,0,0,0,0,
3,3.6,0,45.7,31.5,0,0,0,-9.2,0,0,0,0,5,0,0,0,0,-0.00229183,0,0,0,0,0,0,0,0,0,1,80,54,0,0.00034,0.00034,3,5,0,0,0,0,0,0,0,0,0,0,1,0,1,0,0,0,0,0,0,0,0,,0,0,0,0,
4,4.03,0,2.2,41.5,0,0,0,0.55,0,0,0,0,-6.5,0,0,0,0,-0.00229183,0,0,0,0,0,0,0,0,0,1,89,54,0,0.00034,0.00034,3,5,0,0,0,0,0,0,0,0,0,0,1,0,1,0,0,0,0,0,0,0,0,,0,0,0,0,
5,5.17,0,-35.05,34,0,0,0,-3.35,0,0,0,0,-6,0,0,0,0,-0.00229183,0,0,0,0,0,0,0,0,0,1,79,54,0,0.00034,0.00034,3,5,0,0,0,0,0,0,0,0,0,0,1,0,1,0,0,0,0,0,0,0,0,,0,0,0,0,
6,5.17,0,-40.55,34,0,0,0,0.2,0,0,0,0,-3,0,0,0,0,-0.00229183,0,0,0,0,0,0,0,0,0,1,79,54,0,0.00034,0.00034,3,5,0,0,0,0,0,0,0,0,0,0,1,0,1,0,0,0,0,0,0,0,0,,0,0,0,0,
7,5.62,0,-34.65,36,0,0,0,-3,0,0,0,0,-4,0,0,0,0,-0.00229183,0,0,0,0,0,0,0,0,0,1,80,54,0,0.00034,0.00034,3,5,0,0,0,0,0,0,0,0,0,0,1,0,1,0,0,0,0,0,0,0,0,,0,0,0,0,
8,5.62,0,-24.15,36,0,0,0,-5.45,0,0,0,0,-9,0,0,0,0,-0.00229183,0,0,0,0,0,0,0,0,0,1,80,54,0,0.00034,0.00034,3,5,0,0,0,0,0,0,0,0,0,0,1,0,1,0,0,0,0,0,0,0,0,,0,0,0,0,
9,5.83,0,-40.55,31,0,0,0,0.15,0,0,0,0,-5.5,0,0,0,0,-0.00229183,0,0,0,0,0,0,0,0,0,1,75,54,0,0.00034,0.00034,3,5,0,0,0,0,0,0,0,0,0,0,1,0,1,0,0,0,0,0,0,0,0,,0,0,0,0,
10,6.61,0,-53.85,24.5,0,0,0,-2.35,0,0,0,0,0.5,0,0,0,0,-0.00229183,0,0,0,0,0,0,0,0,0,1,70,54,0,0.00034,0.00034,3,5,0,0,0,0,0,0,0,0,0,0,1,0,1,0,0,0,0,0,0,0,0,,0,0,0,0,
11,7.03,0,-10.3,24.5,0,0,0,-7.75,0,0,0,0,-23,0,0,0,0,-0.00229183,0,0,0,0,0,0,0,0,0,1,70,54,0,0.00034,0.00034,3,5,0,0,0,0,0,0,0,0,0,0,1,0,1,0,0,0,0,0,0,0,0,,0,0,0,0,
12,7.65,0,34.9,39.5,0,0,0,6.8,0,0,0,0,5,0,0,0,0,-0.00229183,0,0,0,0,0,0,0,0,0,1,85,54,0,0.00034,0.00034,3,5,0,0,0,0,0,0,0,0,0,0,1,0,1,0,0,0,0,0,0,0,0,,0,0,0,0,
13,8.24,0,-25.1,29,0,0,0,11.8,0,0,0,0,-12,0,0,0,0,-0.00229183,0,0,0,0,0,0,0,0,0,1,75,54,0,0.00034,0.00034,3,0,0,0,0,0,0,0,0,0,0,0,1,0,1,0,0,0,0,0,0,0,0,,0,0,0,0,
14,8.65,0,69.15,30,0,0,0,-11.45,0,0,0,0,22.5,0,0,0,0,-0.00229183,0,0,0,0,0,0,0,0,0,1,76,54,0,0.00034,0.00034,3,7,0,0,0,0,0,0,0,0,0,0,1,0,1,0,0,0,0,0,0,0,0,,0,0,0,0,
15,8.9,0,-32.8,26.5,0,0,0,-0.55,0,0,0,0,-10,0,0,0,0,-0.00229183,0,0,0,0,0,0,0,0,0,1,72,54,0,0.00034,0.00034,3,5,0,0,0,0,0,0,0,0,0,0,1,0,1,0,0,0,0,0,0,0,0,,0,0,0,0,
16,9.39,0,-29.3,23,0,0,0,-2.7,0,0,0,0,-15,0,0,0,0,-0.00229183,0,0,0,0,0,0,0,0,0,1,69,54,0,0.00034,0.00034,3,5,0,0,0,0,0,0,0,0,0,0,1,0,1,0,0,0,0,0,0,0,0,,0,0,0,0,
17,9.85,0,-28.3,20.5,0,0,0,-0.55,0,0,0,0,-18,0,0,0,0,-0.00229183,0,0,0,0,0,0,0,0,0,1,67,54,0,0.00034,0.00034,3,5,0,0,0,0,0,0,0,0,0,0,1,0,1,0,0,0,0,0,0,0,0,,0,0,0,0,
18,12.16,0,-12.55,27,0,0,0,12.8,0,0,0,0,-16,0,0,0,0,-0.00229183,0,0,0,0,0,0,0,0,0,1,74,54,0,0.00034,0.00034,3,5,0,0,0,0,0,0,0,0,0,0,1,0,1,0,0,0,0,0,0,0,0,,0,0,0,0,
19,13,0,-23.05,21.5,0,0,0,-1.7,0,0,0,0,-17.5,0,0,0,0,-0.00229183,0,0,0,0,0,0,0,0,0,1,68,54,0,0.00034,0.00034,3,5,0,0,0,0,0,0,0,0,0,0,1,0,1,0,0,0,0,0,0,0,0,,0,0,0,0,
END,Total:20
START,FrameNb:35,CameraNb:0,HeSaiNb:0,ARS410Nb:0
2026/08/02 16:23:51:357---->
heightOffset:0,1785659031357,1320892,selfCaliBufCnt:0,selfAccObjCnt:0,selfAccAngle:0,installHAngleOffset:0,Interpolation:0,installVAngleOffset:0,radarOffsetH:0,radarOffsetV:0.32,Polynom:-0.001023;-0.0511;-2.047;0;0;0;-0.001023;-0.0511;-2.047;-25.5;0;0,WheelDirection:0;0;0;0,selfAngleOffset:0,selfAngleOffsetPit:0,currCaliAngleHrz:0,currCaliAnglePit:0,selfCaliAngleHrz:0,selfCaliAnglePit:0,servCaliAngleHrz:0,servCaliAnglePit:0,offlineCaliAngleHrz:0,offlineCaliAnglePit:0,determine2useFlag:0,IMU_Z_Accel:-21.592,IMU_X_AngularRate:-2.093,IMU_Y_AngularRate:-2.093,IMU_RollAngle:-180,IMU_PitchAngle:-180,IMU_YawAngle:-180,FcwID:0,FCWWarningLevel:0,FCWTTC:0
0,2.32,0,30.1,29,0,0,0,7.8,1.37605e-33,0,0,0,-8.5,0,0,0,0,-0.00229183,0,0,0,0,0,0,0,0,0,1,78,58,0,0.00034,0.00034,3,5,0,0,0,0,0,0,0,0,0,0,1,0,0,0,0,0,0,0,0,0,0,,0,0,0,0,
1,2.8,0,-34.05,43,0,0,0,1.75,0,0,0,0,6,0,0,0,0,-0.00229183,0,0,0,0,0,0,0,0,0,1,92,58,0,0.00034,0.00034,3,0,0,0,0,0,0,0,0,0,0,0,1,0,0,0,0,0,0,0,0,0,0,,0,0,0,0,
2,3.27,0,13.7,37.5,0,0,0,2.65,0,0,0,0,-8,0,0,0,0,-0.00229183,0,0,0,0,0,0,0,0,0,1,86,58,0,0.00034,0.00034,3,5,0,0,0,0,0,0,0,0,0,0,1,0,0,0,0,0,0,0,0,0,0,,0,0,0,0,
3,3.58,0,45.8,32,0,0,0,-10.2,0,0,0,0,5,0,0,0,0,-0.00229183,0,0,0,0,0,0,0,0,0,1,80,58,0,0.00034,0.00034,3,5,0,0,0,0,0,0,0,0,0,0,1,0,0,0,0,0,0,0,0,0,0,,0,0,0,0,
4,4.03,0,2.2,41.5,0,0,0,0.55,0,0,0,0,-6,0,0,0,0,-0.00229183,0,0,0,0,0,0,0,0,0,1,89,58,0,0.00034,0.00034,3,5,0,0,0,0,0,0,0,0,0,0,1,0,0,0,0,0,0,0,0,0,0,,0,0,0,0,
5,5.16,0,-35.1,34,0,0,0,-3.35,0,0,0,0,-6,0,0,0,0,-0.00229183,0,0,0,0,0,0,0,0,0,1,79,58,0,0.00034,0.00034,3,5,0,0,0,0,0,0,0,0,0,0,1,0,0,0,0,0,0,0,0,0,0,,0,0,0,0,
6,5.16,0,-40.7,34,0,0,0,0.2,0,0,0,0,-3,0,0,0,0,-0.00229183,0,0,0,0,0,0,0,0,0,1,79,58,0,0.00034,0.00034,3,5,0,0,0,0,0,0,0,0,0,0,1,0,0,0,0,0,0,0,0,0,0,,0,0,0,0,
7,5.62,0,-34.7,36,0,0,0,-3.05,0,0,0,0,-4,0,0,0,0,-0.00229183,0,0,0,0,0,0,0,0,0,1,80,58,0,0.00034,0.00034,3,5,0,0,0,0,0,0,0,0,0,0,1,0,0,0,0,0,0,0,0,0,0,,0,0,0,0,
8,5.62,0,-24.15,36,0,0,0,-5.45,0,0,0,0,-9,0,0,0,0,-0.00229183,0,0,0,0,0,0,0,0,0,1,80,58,0,0.00034,0.00034,3,5,0,0,0,0,0,0,0,0,0,0,1,0,0,0,0,0,0,0,0,0,0,,0,0,0,0,
9,5.84,0,-40.45,30.5,0,0,0,0.05,0,0,0,0,-5.5,0,0,0,0,-0.00229183,0,0,0,0,0,0,0,0,0,1,75,58,0,0.00034,0.00034,3,5,0,0,0,0,0,0,0,0,0,0,1,0,0,0,0,0,0,0,0,0,0,,0,0,0,0,
10,6.62,0,-53.85,24.5,0,0,0,-1.35,0,0,0,0,0.5,0,0,0,0,-0.00229183,0,0,0,0,0,0,0,0,0,1,70,58,0,0.00034,0.00034,3,5,0,0,0,0,0,0,0,0,0,0,1,0,0,0,0,0,0,0,0,0,0,,0,0,0,0,
11,7.03,0,-10.2,24.5,0,0,0,2.2,0,0,0,0,-23,0,0,0,0,-0.00229183,0,0,0,0,0,0,0,0,0,1,70,58,0,0.00034,0.00034,3,5,0,0,0,0,0,0,0,0,0,0,1,0,0,0,0,0,0,0,0,0,0,,0,0,0,0,
12,7.65,0,34.85,39.5,0,0,0,7,0,0,0,0,5,0,0,0,0,-0.00229183,0,0,0,0,0,0,0,0,0,1,85,58,0,0.00034,0.00034,3,0,0,0,0,0,0,0,0,0,0,0,1,0,0,0,0,0,0,0,0,0,0,,0,0,0,0,
13,8.22,0,-25.2,29,0,0,0,11.9,0,0,0,0,-12,0,0,0,0,-0.00229183,0,0,0,0,0,0,0,0,0,1,75,58,0,0.00034,0.00034,3,0,0,0,0,0,0,0,0,0,0,0,1,0,0,0,0,0,0,0,0,0,0,,0,0,0,0,
14,8.65,0,69.15,30,0,0,0,-11.55,0,0,0,0,22.5,0,0,0,0,-0.00229183,0,0,0,0,0,0,0,0,0,1,76,58,0,0.00034,0.00034,3,7,0,0,0,0,0,0,0,0,0,0,1,0,0,0,0,0,0,0,0,0,0,,0,0,0,0,
15,8.9,0,-32.7,26.5,0,0,0,-0.8,0,0,0,0,-10,0,0,0,0,-0.00229183,0,0,0,0,0,0,0,0,0,1,73,58,0,0.00034,0.00034,3,5,0,0,0,0,0,0,0,0,0,0,1,0,0,0,0,0,0,0,0,0,0,,0,0,0,0,
16,9.38,0,-29.3,23,0,0,0,-2.7,0,0,0,0,-15,0,0,0,0,-0.00229183,0,0,0,0,0,0,0,0,0,1,69,58,0,0.00034,0.00034,3,5,0,0,0,0,0,0,0,0,0,0,1,0,0,0,0,0,0,0,0,0,0,,0,0,0,0,
17,12.16,0,-12.55,26.5,0,0,0,13.05,0,0,0,0,-16.5,0,0,0,0,-0.00229183,0,0,0,0,0,0,0,0,0,1,73,58,0,0.00034,0.00034,3,5,0,0,0,0,0,0,0,0,0,0,1,0,0,0,0,0,0,0,0,0,0,,0,0,0,0,
18,13,0,-23.05,21.5,0,0,0,-1.85,0,0,0,0,-17.5,0,0,0,0,-0.00229183,0,0,0,0,0,0,0,0,0,1,68,58,0,0.00034,0.00034,3,5,0,0,0,0,0,0,0,0,0,0,1,0,0,0,0,0,0,0,0,0,0,,0,0,0,0,
END,Total:19
START,FrameNb:36,CameraNb:0,HeSaiNb:0,ARS410Nb:0
2026/08/02 16:23:51:386---->
heightOffset:0,1785659031386,1320948,selfCaliBufCnt:0,selfAccObjCnt:0,selfAccAngle:0,installHAngleOffset:0,Interpolation:0,installVAngleOffset:0,radarOffsetH:0,radarOffsetV:0.32,Polynom:-0.001023;-0.0511;-2.047;0;0;0;-0.001023;-0.0511;-2.047;-25.5;0;0,WheelDirection:0;0;0;0,selfAngleOffset:0,selfAngleOffsetPit:0,currCaliAngleHrz:0,currCaliAnglePit:0,selfCaliAngleHrz:0,selfCaliAnglePit:0,servCaliAngleHrz:0,servCaliAnglePit:0,offlineCaliAngleHrz:0,offlineCaliAnglePit:0,determine2useFlag:0,IMU_Z_Accel:-21.592,IMU_X_AngularRate:-2.093,IMU_Y_AngularRate:-2.093,IMU_RollAngle:-180,IMU_PitchAngle:-180,IMU_YawAngle:-180,FcwID:0,FCWWarningLevel:0,FCWTTC:0
0,2.32,0,30.1,29,0,0,0,8.25,1.37605e-33,0,0,0,-8.5,0,0,0,0,-0.00229183,0,0,0,0,0,0,0,0,0,1,78,54,0,0.00034,0.00034,3,5,0,0,0,0,0,0,0,0,0,0,1,0,1,0,0,0,0,0,0,0,0,,0,0,0,0,
1,2.79,0,-34.05,43,0,0,0,1.75,0,0,0,0,6,0,0,0,0,-0.00229183,0,0,0,0,0,0,0,0,0,1,92,54,0,0.00034,0.00034,3,0,0,0,0,0,0,0,0,0,0,0,1,0,1,0,0,0,0,0,0,0,0,,0,0,0,0,
2,3.27,0,13.7,37.5,0,0,0,2.7,0,0,0,0,-8,0,0,0,0,-0.00229183,0,0,0,0,0,0,0,0,0,1,86,54,0,0.00034,0.00034,3,5,0,0,0,0,0,0,0,0,0,0,1,0,1,0,0,0,0,0,0,0,0,,0,0,0,0,
3,3.61,0,45.55,31.5,0,0,0,-9.55,0,0,0,0,5,0,0,0,0,-0.00229183,0,0,0,0,0,0,0,0,0,1,80,54,0,0.00034,0.00034,3,5,0,0,0,0,0,0,0,0,0,0,1,0,1,0,0,0,0,0,0,0,0,,0,0,0,0,
4,4.03,0,2.2,41.5,0,0,0,0.55,0,0,0,0,-6.5,0,0,0,0,-0.00229183,0,0,0,0,0,0,0,0,0,1,89,54,0,0.00034,0.00034,3,5,0,0,0,0,0,0,0,0,0,0,1,0,1,0,0,0,0,0,0,0,0,,0,0,0,0,
5,5.17,0,-35.1,34,0,0,0,-3.45,0,0,0,0,-6,0,0,0,0,-0.00229183,0,0,0,0,0,0,0,0,0,1,79,54,0,0.00034,0.00034,3,5,0,0,0,0,0,0,0,0,0,0,1,0,1,0,0,0,0,0,0,0,0,,0,0,0,0,
6,5.17,0,-40.6,34,0,0,0,0.2,0,0,0,0,-3,0,0,0,0,-0.00229183,0,0,0,0,0,0,0,0,0,1,79,54,0,0.00034,0.00034,3,5,0,0,0,0,0,0,0,0,0,0,1,0,1,0,0,0,0,0,0,0,0,,0,0,0,0,
7,5.62,0,-34.7,35.5,0,0,0,-3,0,0,0,0,-4,0,0,0,0,-0.00229183,0,0,0,0,0,0,0,0,0,1,80,54,0,0.00034,0.00034,3,5,0,0,0,0,0,0,0,0,0,0,1,0,1,0,0,0,0,0,0,0,0,,0,0,0,0,
8,5.62,0,-24.1,35.5,0,0,0,-5.55,0,0,0,0,-9,0,0,0,0,-0.00229183,0,0,0,0,0,0,0,0,0,1,80,54,0,0.00034,0.00034,3,5,0,0,0,0,0,0,0,0,0,0,1,0,1,0,0,0,0,0,0,0,0,,0,0,0,0,
9,5.83,0,-40.6,30.5,0,0,0,0.3,0,0,0,0,-6,0,0,0,0,-0.00229183,0,0,0,0,0,0,0,0,0,1,75,54,0,0.00034,0.00034,3,5,0,0,0,0,0,0,0,0,0,0,1,0,1,0,0,0,0,0,0,0,0,,0,0,0,0,
10,6.62,0,5.05,24.5,0,0,0,-13.3,0,0,0,0,-23.5,0,0,0,0,-0.00229183,0,0,0,0,0,0,0,0,0,1,70,54,0,0.00034,0.00034,2,-1,0,0,0,0,0,0,0,0,0,0,1,0,1,0,0,0,0,0,0,0,0,,0,0,0,0,
11,7.03,0,-10.2,24.5,0,0,0,2.65,0,0,0,0,-23,0,0,0,0,-0.00229183,0,0,0,0,0,0,0,0,0,1,70,54,0,0.00034,0.00034,3,5,0,0,0,0,0,0,0,0,0,0,1,0,1,0,0,0,0,0,0,0,0,,0,0,0,0,
12,7.65,0,34.85,39.5,0,0,0,7.05,0,0,0,0,5,0,0,0,0,-0.00229183,0,0,0,0,0,0,0,0,0,1,85,54,0,0.00034,0.00034,3,0,0,0,0,0,0,0,0,0,0,0,1,0,1,0,0,0,0,0,0,0,0,,0,0,0,0,
13,8.23,0,-25.1,29,0,0,0,11.45,0,0,0,0,-12,0,0,0,0,-0.00229183,0,0,0,0,0,0,0,0,0,1,75,54,0,0.00034,0.00034,3,0,0,0,0,0,0,0,0,0,0,0,1,0,1,0,0,0,0,0,0,0,0,,0,0,0,0,
14,8.66,0,69.2,30,0,0,0,-11.55,0,0,0,0,22.5,0,0,0,0,-0.00229183,0,0,0,0,0,0,0,0,0,1,76,54,0,0.00034,0.00034,3,7,0,0,0,0,0,0,0,0,0,0,1,0,1,0,0,0,0,0,0,0,0,,0,0,0,0,
15,8.9,0,-32.7,26.5,0,0,0,-0.6,0,0,0,0,-10,0,0,0,0,-0.00229183,0,0,0,0,0,0,0,0,0,1,73,54,0,0.00034,0.00034,3,5,0,0,0,0,0,0,0,0,0,0,1,0,1,0,0,0,0,0,0,0,0,,0,0,0,0,
16,9.4,0,-29.3,23,0,0,0,-2.6,0,0,0,0,-15,0,0,0,0,-0.00229183,0,0,0,0,0,0,0,0,0,1,69,54,0,0.00034,0.00034,3,5,0,0,0,0,0,0,0,0,0,0,1,0,1,0,0,0,0,0,0,0,0,,0,0,0,0,
17,9.85,0,-28.3,20.5,0,0,0,-0.55,0,0,0,0,-18,0,0,0,0,-0.00229183,0,0,0,0,0,0,0,0,0,1,67,54,0,0.00034,0.00034,3,5,0,0,0,0,0,0,0,0,0,0,1,0,1,0,0,0,0,0,0,0,0,,0,0,0,0,
18,12.16,0,-12.5,27,0,0,0,12.75,0,0,0,0,-16,0,0,0,0,-0.00229183,0,0,0,0,0,0,0,0,0,1,73,54,0,0.00034,0.00034,3,5,0,0,0,0,0,0,0,0,0,0,1,0,1,0,0,0,0,0,0,0,0,,0,0,0,0,
19,13.01,0,-23.1,21.5,0,0,0,-1.75,0,0,0,0,-17.5,0,0,0,0,-0.00229183,0,0,0,0,0,0,0,0,0,1,68,54,0,0.00034,0.00034,3,5,0,0,0,0,0,0,0,0,0,0,1,0,1,0,0,0,0,0,0,0,0,,0,0,0,0,
END,Total:20
START,FrameNb:37,CameraNb:0,HeSaiNb:0,ARS410Nb:0
2026/08/02 16:23:51:442---->
heightOffset:0,1785659031442,1321004,selfCaliBufCnt:0,selfAccObjCnt:0,selfAccAngle:0,installHAngleOffset:0,Interpolation:0,installVAngleOffset:0,radarOffsetH:0,radarOffsetV:0.32,Polynom:-0.001023;-0.0511;-2.047;0;0;0;-0.001023;-0.0511;-2.047;-25.5;0;0,WheelDirection:0;0;0;0,selfAngleOffset:0,selfAngleOffsetPit:0,currCaliAngleHrz:0,currCaliAnglePit:0,selfCaliAngleHrz:0,selfCaliAnglePit:0,servCaliAngleHrz:0,servCaliAnglePit:0,offlineCaliAngleHrz:0,offlineCaliAnglePit:0,determine2useFlag:0,IMU_Z_Accel:-21.592,IMU_X_AngularRate:-2.093,IMU_Y_AngularRate:-2.093,IMU_RollAngle:-180,IMU_PitchAngle:-180,IMU_YawAngle:-180,FcwID:0,FCWWarningLevel:0,FCWTTC:0
0,2.32,0,30.05,29,0,0,0,7.7,1.37605e-33,0,0,0,-8.5,0,0,0,0,-0.00229183,0,0,0,0,0,0,0,0,0,1,78,61,0,0.00034,0.00034,3,5,0,0,0,0,0,0,0,0,0,0,1,0,0,0,0,0,0,0,0,0,0,,0,0,0,0,
1,2.8,0,-34.05,43.5,0,0,0,1.75,0,0,0,0,6,0,0,0,0,-0.00229183,0,0,0,0,0,0,0,0,0,1,92,61,0,0.00034,0.00034,3,0,0,0,0,0,0,0,0,0,0,0,1,0,0,0,0,0,0,0,0,0,0,,0,0,0,0,
2,3.28,0,13.7,37.5,0,0,0,2.65,0,0,0,0,-8,0,0,0,0,-0.00229183,0,0,0,0,0,0,0,0,0,1,86,61,0,0.00034,0.00034,3,5,0,0,0,0,0,0,0,0,0,0,1,0,0,0,0,0,0,0,0,0,0,,0,0,0,0,
3,3.59,0,45.7,32,0,0,0,-9.8,0,0,0,0,5,0,0,0,0,-0.00229183,0,0,0,0,0,0,0,0,0,1,80,61,0,0.00034,0.00034,3,5,0,0,0,0,0,0,0,0,0,0,1,0,0,0,0,0,0,0,0,0,0,,0,0,0,0,
4,4.03,0,2.2,41.5,0,0,0,0.55,0,0,0,0,-6,0,0,0,0,-0.00229183,0,0,0,0,0,0,0,0,0,1,89,61,0,0.00034,0.00034,3,5,0,0,0,0,0,0,0,0,0,0,1,0,0,0,0,0,0,0,0,0,0,,0,0,0,0,
5,5.16,0,-35.05,34,0,0,0,-3.35,0,0,0,0,-6,0,0,0,0,-0.00229183,0,0,0,0,0,0,0,0,0,1,79,61,0,0.00034,0.00034,3,5,0,0,0,0,0,0,0,0,0,0,1,0,0,0,0,0,0,0,0,0,0,,0,0,0,0,
6,5.16,0,-40.65,34,0,0,0,0.2,0,0,0,0,-3,0,0,0,0,-0.00229183,0,0,0,0,0,0,0,0,0,1,79,61,0,0.00034,0.00034,3,5,0,0,0,0,0,0,0,0,0,0,1,0,0,0,0,0,0,0,0,0,0,,0,0,0,0,
7,5.61,0,-34.7,35.5,0,0,0,-3.05,0,0,0,0,-4,0,0,0,0,-0.00229183,0,0,0,0,0,0,0,0,0,1,80,61,0,0.00034,0.00034,3,5,0,0,0,0,0,0,0,0,0,0,1,0,0,0,0,0,0,0,0,0,0,,0,0,0,0,
8,5.61,0,-24.15,35.5,0,0,0,-5.55,0,0,0,0,-9,0,0,0,0,-0.00229183,0,0,0,0,0,0,0,0,0,1,80,61,0,0.00034,0.00034,3,5,0,0,0,0,0,0,0,0,0,0,1,0,0,0,0,0,0,0,0,0,0,,0,0,0,0,
9,5.84,0,-40.6,30.5,0,0,0,0.05,0,0,0,0,-5.5,0,0,0,0,-0.00229183,0,0,0,0,0,0,0,0,0,1,75,61,0,0.00034,0.00034,3,5,0,0,0,0,0,0,0,0,0,0,1,0,0,0,0,0,0,0,0,0,0,,0,0,0,0,
10,6.62,0,-53.8,24.5,0,0,0,-2.95,0,0,0,0,0.5,0,0,0,0,-0.00229183,0,0,0,0,0,0,0,0,0,1,70,61,0,0.00034,0.00034,3,5,0,0,0,0,0,0,0,0,0,0,1,0,0,0,0,0,0,0,0,0,0,,0,0,0,0,
11,7.03,0,-9.95,24.5,0,0,0,2.2,0,0,0,0,-23,0,0,0,0,-0.00229183,0,0,0,0,0,0,0,0,0,1,70,61,0,0.00034,0.00034,3,5,0,0,0,0,0,0,0,0,0,0,1,0,0,0,0,0,0,0,0,0,0,,0,0,0,0,
12,7.65,0,34.85,39.5,0,0,0,7.15,0,0,0,0,5,0,0,0,0,-0.00229183,0,0,0,0,0,0,0,0,0,1,85,61,0,0.00034,0.00034,3,0,0,0,0,0,0,0,0,0,0,0,1,0,0,0,0,0,0,0,0,0,0,,0,0,0,0,
13,8.22,0,-25.1,29,0,0,0,11.75,0,0,0,0,-12,0,0,0,0,-0.00229183,0,0,0,0,0,0,0,0,0,1,75,61,0,0.00034,0.00034,3,0,0,0,0,0,0,0,0,0,0,0,1,0,0,0,0,0,0,0,0,0,0,,0,0,0,0,
14,8.66,0,69.15,30,0,0,0,-11.6,0,0,0,0,22.5,0,0,0,0,-0.00229183,0,0,0,0,0,0,0,0,0,1,76,61,0,0.00034,0.00034,3,7,0,0,0,0,0,0,0,0,0,0,1,0,0,0,0,0,0,0,0,0,0,,0,0,0,0,
15,8.9,0,-32.6,26.5,0,0,0,-0.45,0,0,0,0,-10,0,0,0,0,-0.00229183,0,0,0,0,0,0,0,0,0,1,73,61,0,0.00034,0.00034,3,5,0,0,0,0,0,0,0,0,0,0,1,0,0,0,0,0,0,0,0,0,0,,0,0,0,0,
16,9.38,0,-29.3,23.5,0,0,0,-2.55,0,0,0,0,-14.5,0,0,0,0,-0.00229183,0,0,0,0,0,0,0,0,0,1,70,61,0,0.00034,0.00034,3,5,0,0,0,0,0,0,0,0,0,0,1,0,0,0,0,0,0,0,0,0,0,,0,0,0,0,
17,9.84,0,-28.35,21,0,0,0,-0.45,0,0,0,0,-17.5,0,0,0,0,-0.00229183,0,0,0,0,0,0,0,0,0,1,67,61,0,0.00034,0.00034,3,5,0,0,0,0,0,0,0,0,0,0,1,0,0,0,0,0,0,0,0,0,0,,0,0,0,0,
18,12.16,0,-12.6,26.5,0,0,0,13.05,0,0,0,0,-16,0,0,0,0,-0.00229183,0,0,0,0,0,0,0,0,0,1,73,61,0,0.00034,0.00034,3,5,0,0,0,0,0,0,0,0,0,0,1,0,0,0,0,0,0,0,0,0,0,,0,0,0,0,
19,13,0,-23.05,21.5,0,0,0,-1.95,0,0,0,0,-17.5,0,0,0,0,-0.00229183,0,0,0,0,0,0,0,0,0,1,68,61,0,0.00034,0.00034,3,5,0,0,0,0,0,0,0,0,0,0,1,0,0,0,0,0,0,0,0,0,0,,0,0,0,0,
END,Total:20
START,FrameNb:38,CameraNb:0,HeSaiNb:0,ARS410Nb:0
2026/08/02 16:23:51:480---->
heightOffset:0,1785659031480,1321068,selfCaliBufCnt:0,selfAccObjCnt:0,selfAccAngle:0,installHAngleOffset:0,Interpolation:0,installVAngleOffset:0,radarOffsetH:0,radarOffsetV:0.32,Polynom:-0.001023;-0.0511;-2.047;0;0;0;-0.001023;-0.0511;-2.047;-25.5;0;0,WheelDirection:0;0;0;0,selfAngleOffset:0,selfAngleOffsetPit:0,currCaliAngleHrz:0,currCaliAnglePit:0,selfCaliAngleHrz:0,selfCaliAnglePit:0,servCaliAngleHrz:0,servCaliAnglePit:0,offlineCaliAngleHrz:0,offlineCaliAnglePit:0,determine2useFlag:0,IMU_Z_Accel:-21.592,IMU_X_AngularRate:-2.093,IMU_Y_AngularRate:-2.093,IMU_RollAngle:-180,IMU_PitchAngle:-180,IMU_YawAngle:-180,FcwID:0,FCWWarningLevel:0,FCWTTC:0
0,2.32,0,30.1,29,0,0,0,8.3,1.37605e-33,0,0,0,-9,0,0,0,0,-0.00229183,0,0,0,0,0,0,0,0,0,1,78,59,0,0.00034,0.00034,3,5,0,0,0,0,0,0,0,0,0,0,1,0,1,0,0,0,0,0,0,0,0,,0,0,0,0,
1,2.8,0,-34.05,43,0,0,0,1.75,0,0,0,0,6,0,0,0,0,-0.00229183,0,0,0,0,0,0,0,0,0,1,92,59,0,0.00034,0.00034,3,0,0,0,0,0,0,0,0,0,0,0,1,0,1,0,0,0,0,0,0,0,0,,0,0,0,0,
2,3.26,0,13.7,37.5,0,0,0,2.65,0,0,0,0,-8,0,0,0,0,-0.00229183,0,0,0,0,0,0,0,0,0,1,86,59,0,0.00034,0.00034,3,5,0,0,0,0,0,0,0,0,0,0,1,0,1,0,0,0,0,0,0,0,0,,0,0,0,0,
3,3.61,0,45.7,31.5,0,0,0,-9.25,0,0,0,0,5,0,0,0,0,-0.00229183,0,0,0,0,0,0,0,0,0,1,80,59,0,0.00034,0.00034,3,5,0,0,0,0,0,0,0,0,0,0,1,0,1,0,0,0,0,0,0,0,0,,0,0,0,0,
4,4.03,0,2.2,41.5,0,0,0,0.55,0,0,0,0,-6.5,0,0,0,0,-0.00229183,0,0,0,0,0,0,0,0,0,1,89,59,0,0.00034,0.00034,3,5,0,0,0,0,0,0,0,0,0,0,1,0,1,0,0,0,0,0,0,0,0,,0,0,0,0,
5,5.16,0,-35.1,34,0,0,0,-3.3,0,0,0,0,-6,0,0,0,0,-0.00229183,0,0,0,0,0,0,0,0,0,1,79,59,0,0.00034,0.00034,3,5,0,0,0,0,0,0,0,0,0,0,1,0,1,0,0,0,0,0,0,0,0,,0,0,0,0,
6,5.16,0,-40.6,34,0,0,0,0.15,0,0,0,0,-3,0,0,0,0,-0.00229183,0,0,0,0,0,0,0,0,0,1,79,59,0,0.00034,0.00034,3,5,0,0,0,0,0,0,0,0,0,0,1,0,1,0,0,0,0,0,0,0,0,,0,0,0,0,
7,5.62,0,-34.6,36,0,0,0,-3,0,0,0,0,-4,0,0,0,0,-0.00229183,0,0,0,0,0,0,0,0,0,1,80,59,0,0.00034,0.00034,3,5,0,0,0,0,0,0,0,0,0,0,1,0,1,0,0,0,0,0,0,0,0,,0,0,0,0,
8,5.62,0,-24.1,36,0,0,0,-5.55,0,0,0,0,-9,0,0,0,0,-0.00229183,0,0,0,0,0,0,0,0,0,1,80,59,0,0.00034,0.00034,3,5,0,0,0,0,0,0,0,0,0,0,1,0,1,0,0,0,0,0,0,0,0,,0,0,0,0,
9,5.83,0,-40.8,30.5,0,0,0,0.25,0,0,0,0,-6,0,0,0,0,-0.00229183,0,0,0,0,0,0,0,0,0,1,75,59,0,0.00034,0.00034,3,5,0,0,0,0,0,0,0,0,0,0,1,0,1,0,0,0,0,0,0,0,0,,0,0,0,0,
10,6.61,0,-53.85,25,0,0,0,-3.7,0,0,0,0,1,0,0,0,0,-0.00229183,0,0,0,0,0,0,0,0,0,1,70,59,0,0.00034,0.00034,3,5,0,0,0,0,0,0,0,0,0,0,1,0,1,0,0,0,0,0,0,0,0,,0,0,0,0,
11,7.03,0,-33.45,24.5,0,0,0,7.95,0,0,0,0,-14,0,0,0,0,-0.00229183,0,0,0,0,0,0,0,0,0,1,70,59,0,0.00034,0.00034,3,5,0,0,0,0,0,0,0,0,0,0,1,0,1,0,0,0,0,0,0,0,0,,0,0,0,0,
12,7.65,0,34.9,39.5,0,0,0,7,0,0,0,0,5,0,0,0,0,-0.00229183,0,0,0,0,0,0,0,0,0,1,85,59,0,0.00034,0.00034,3,0,0,0,0,0,0,0,0,0,0,0,1,0,1,0,0,0,0,0,0,0,0,,0,0,0,0,
13,8.23,0,-25.1,29,0,0,0,11.45,0,0,0,0,-12,0,0,0,0,-0.00229183,0,0,0,0,0,0,0,0,0,1,75,59,0,0.00034,0.00034,3,0,0,0,0,0,0,0,0,0,0,0,1,0,1,0,0,0,0,0,0,0,0,,0,0,0,0,
14,8.65,0,69.15,30,0,0,0,-11.55,0,0,0,0,22.5,0,0,0,0,-0.00229183,0,0,0,0,0,0,0,0,0,1,76,59,0,0.00034,0.00034,3,7,0,0,0,0,0,0,0,0,0,0,1,0,1,0,0,0,0,0,0,0,0,,0,0,0,0,
15,8.9,0,-32.6,26.5,0,0,0,-0.75,0,0,0,0,-10,0,0,0,0,-0.00229183,0,0,0,0,0,0,0,0,0,1,72,59,0,0.00034,0.00034,3,5,0,0,0,0,0,0,0,0,0,0,1,0,1,0,0,0,0,0,0,0,0,,0,0,0,0,
16,9.39,0,-29.3,23,0,0,0,-2.8,0,0,0,0,-14.5,0,0,0,0,-0.00229183,0,0,0,0,0,0,0,0,0,1,70,59,0,0.00034,0.00034,3,5,0,0,0,0,0,0,0,0,0,0,1,0,1,0,0,0,0,0,0,0,0,,0,0,0,0,
17,9.84,0,-28.3,20.5,0,0,0,-0.55,0,0,0,0,-18,0,0,0,0,-0.00229183,0,0,0,0,0,0,0,0,0,1,67,59,0,0.00034,0.00034,3,5,0,0,0,0,0,0,0,0,0,0,1,0,1,0,0,0,0,0,0,0,0,,0,0,0,0,
18,12.16,0,-12.5,27,0,0,0,12.8,0,0,0,0,-16,0,0,0,0,-0.00229183,0,0,0,0,0,0,0,0,0,1,73,59,0,0.00034,0.00034,3,5,0,0,0,0,0,0,0,0,0,0,1,0,1,0,0,0,0,0,0,0,0,,0,0,0,0,
19,13.01,0,-23.05,21.5,0,0,0,-1.85,0,0,0,0,-17.5,0,0,0,0,-0.00229183,0,0,0,0,0,0,0,0,0,1,68,59,0,0.00034,0.00034,3,5,0,0,0,0,0,0,0,0,0,0,1,0,1,0,0,0,0,0,0,0,0,,0,0,0,0,
END,Total:20
START,FrameNb:39,CameraNb:0,HeSaiNb:0,ARS410Nb:0
2026/08/02 16:23:51:541---->
heightOffset:0,1785659031541,1321124,selfCaliBufCnt:0,selfAccObjCnt:0,selfAccAngle:0,installHAngleOffset:0,Interpolation:0,installVAngleOffset:0,radarOffsetH:0,radarOffsetV:0.32,Polynom:-0.001023;-0.0511;-2.047;0;0;0;-0.001023;-0.0511;-2.047;-25.5;0;0,WheelDirection:0;0;0;0,selfAngleOffset:0,selfAngleOffsetPit:0,currCaliAngleHrz:0,currCaliAnglePit:0,selfCaliAngleHrz:0,selfCaliAnglePit:0,servCaliAngleHrz:0,servCaliAnglePit:0,offlineCaliAngleHrz:0,offlineCaliAnglePit:0,determine2useFlag:0,IMU_Z_Accel:-21.592,IMU_X_AngularRate:-2.093,IMU_Y_AngularRate:-2.093,IMU_RollAngle:-180,IMU_PitchAngle:-180,IMU_YawAngle:-180,FcwID:0,FCWWarningLevel:0,FCWTTC:0
0,2.32,0,30.1,29,0,0,0,7.75,1.37605e-33,0,0,0,-8.5,0,0,0,0,-0.00229183,0,0,0,0,0,0,0,0,0,1,78,59,0,0.00034,0.00034,3,5,0,0,0,0,0,0,0,0,0,0,1,0,0,0,0,0,0,0,0,0,0,,0,0,0,0,
1,2.8,0,-34.05,43.5,0,0,0,1.75,0,0,0,0,6,0,0,0,0,-0.00229183,0,0,0,0,0,0,0,0,0,1,92,59,0,0.00034,0.00034,3,0,0,0,0,0,0,0,0,0,0,0,1,0,0,0,0,0,0,0,0,0,0,,0,0,0,0,
2,3.28,0,13.7,37.5,0,0,0,2.65,0,0,0,0,-8,0,0,0,0,-0.00229183,0,0,0,0,0,0,0,0,0,1,86,59,0,0.00034,0.00034,3,5,0,0,0,0,0,0,0,0,0,0,1,0,0,0,0,0,0,0,0,0,0,,0,0,0,0,
3,3.59,0,45.7,32,0,0,0,-9.7,0,0,0,0,5,0,0,0,0,-0.00229183,0,0,0,0,0,0,0,0,0,1,80,59,0,0.00034,0.00034,3,5,0,0,0,0,0,0,0,0,0,0,1,0,0,0,0,0,0,0,0,0,0,,0,0,0,0,
4,4.03,0,2.2,41.5,0,0,0,0.55,0,0,0,0,-6,0,0,0,0,-0.00229183,0,0,0,0,0,0,0,0,0,1,89,59,0,0.00034,0.00034,3,5,0,0,0,0,0,0,0,0,0,0,1,0,0,0,0,0,0,0,0,0,0,,0,0,0,0,
5,5.16,0,-35.1,34,0,0,0,-3.45,0,0,0,0,-6,0,0,0,0,-0.00229183,0,0,0,0,0,0,0,0,0,1,79,59,0,0.00034,0.00034,3,5,0,0,0,0,0,0,0,0,0,0,1,0,0,0,0,0,0,0,0,0,0,,0,0,0,0,
6,5.16,0,-40.6,34,0,0,0,0.2,0,0,0,0,-3,0,0,0,0,-0.00229183,0,0,0,0,0,0,0,0,0,1,79,59,0,0.00034,0.00034,3,5,0,0,0,0,0,0,0,0,0,0,1,0,0,0,0,0,0,0,0,0,0,,0,0,0,0,
7,5.61,0,-34.7,36,0,0,0,-3.05,0,0,0,0,-4,0,0,0,0,-0.00229183,0,0,0,0,0,0,0,0,0,1,80,59,0,0.00034,0.00034,3,5,0,0,0,0,0,0,0,0,0,0,1,0,0,0,0,0,0,0,0,0,0,,0,0,0,0,
8,5.61,0,-24.15,36,0,0,0,-5.55,0,0,0,0,-9,0,0,0,0,-0.00229183,0,0,0,0,0,0,0,0,0,1,80,59,0,0.00034,0.00034,3,5,0,0,0,0,0,0,0,0,0,0,1,0,0,0,0,0,0,0,0,0,0,,0,0,0,0,
9,5.84,0,-41.1,30.5,0,0,0,0.05,0,0,0,0,-3.5,0,0,0,0,-0.00229183,0,0,0,0,0,0,0,0,0,1,75,59,0,0.00034,0.00034,3,5,0,0,0,0,0,0,0,0,0,0,1,0,0,0,0,0,0,0,0,0,0,,0,0,0,0,
10,6.62,0,-53.95,24.5,0,0,0,-8.3,0,0,0,0,0.5,0,0,0,0,-0.00229183,0,0,0,0,0,0,0,0,0,1,70,59,0,0.00034,0.00034,3,5,0,0,0,0,0,0,0,0,0,0,1,0,0,0,0,0,0,0,0,0,0,,0,0,0,0,
11,7.03,0,-33.3,24.5,0,0,0,7.65,0,0,0,0,-14,0,0,0,0,-0.00229183,0,0,0,0,0,0,0,0,0,1,70,59,0,0.00034,0.00034,3,5,0,0,0,0,0,0,0,0,0,0,1,0,0,0,0,0,0,0,0,0,0,,0,0,0,0,
12,7.65,0,34.8,39.5,0,0,0,7,0,0,0,0,5,0,0,0,0,-0.00229183,0,0,0,0,0,0,0,0,0,1,85,59,0,0.00034,0.00034,3,0,0,0,0,0,0,0,0,0,0,0,1,0,0,0,0,0,0,0,0,0,0,,0,0,0,0,
13,8.24,0,-25.2,29,0,0,0,11.65,0,0,0,0,-12,0,0,0,0,-0.00229183,0,0,0,0,0,0,0,0,0,1,75,59,0,0.00034,0.00034,3,0,0,0,0,0,0,0,0,0,0,0,1,0,0,0,0,0,0,0,0,0,0,,0,0,0,0,
14,8.65,0,69.15,30,0,0,0,-11.55,0,0,0,0,22.5,0,0,0,0,-0.00229183,0,0,0,0,0,0,0,0,0,1,76,59,0,0.00034,0.00034,3,7,0,0,0,0,0,0,0,0,0,0,1,0,0,0,0,0,0,0,0,0,0,,0,0,0,0,
15,8.9,0,-32.8,26.5,0,0,0,-0.8,0,0,0,0,-10,0,0,0,0,-0.00229183,0,0,0,0,0,0,0,0,0,1,73,59,0,0.00034,0.00034,3,5,0,0,0,0,0,0,0,0,0,0,1,0,0,0,0,0,0,0,0,0,0,,0,0,0,0,
16,9.38,0,-29.3,23,0,0,0,-2.55,0,0,0,0,-15,0,0,0,0,-0.00229183,0,0,0,0,0,0,0,0,0,1,69,59,0,0.00034,0.00034,3,5,0,0,0,0,0,0,0,0,0,0,1,0,0,0,0,0,0,0,0,0,0,,0,0,0,0,
17,9.85,0,-28.35,21,0,0,0,-0.7,0,0,0,0,-17.5,0,0,0,0,-0.00229183,0,0,0,0,0,0,0,0,0,1,67,59,0,0.00034,0.00034,3,5,0,0,0,0,0,0,0,0,0,0,1,0,0,0,0,0,0,0,0,0,0,,0,0,0,0,
18,12.16,0,-12.55,27,0,0,0,13.05,0,0,0,0,-16,0,0,0,0,-0.00229183,0,0,0,0,0,0,0,0,0,1,74,59,0,0.00034,0.00034,3,5,0,0,0,0,0,0,0,0,0,0,1,0,0,0,0,0,0,0,0,0,0,,0,0,0,0,
19,13,0,-23.15,21.5,0,0,0,-1.6,0,0,0,0,-17.5,0,0,0,0,-0.00229183,0,0,0,0,0,0,0,0,0,1,68,59,0,0.00034,0.00034,3,5,0,0,0,0,0,0,0,0,0,0,1,0,0,0,0,0,0,0,0,0,0,,0,0,0,0,
END,Total:20
START,FrameNb:40,CameraNb:0,HeSaiNb:0,ARS410Nb:0
2026/08/02 16:23:51:604---->
heightOffset:0,1785659031604,1321180,selfCaliBufCnt:0,selfAccObjCnt:0,selfAccAngle:0,installHAngleOffset:0,Interpolation:0,installVAngleOffset:0,radarOffsetH:0,radarOffsetV:0.32,Polynom:-0.001023;-0.0511;-2.047;0;0;0;-0.001023;-0.0511;-2.047;-25.5;0;0,WheelDirection:0;0;0;0,selfAngleOffset:0,selfAngleOffsetPit:0,currCaliAngleHrz:0,currCaliAnglePit:0,selfCaliAngleHrz:0,selfCaliAnglePit:0,servCaliAngleHrz:0,servCaliAnglePit:0,offlineCaliAngleHrz:0,offlineCaliAnglePit:0,determine2useFlag:0,IMU_Z_Accel:-21.592,IMU_X_AngularRate:-2.093,IMU_Y_AngularRate:-2.093,IMU_RollAngle:-180,IMU_PitchAngle:-180,IMU_YawAngle:-180,FcwID:0,FCWWarningLevel:0,FCWTTC:0
0,2.32,0,30.05,29,0,0,0,8.25,1.37605e-33,0,0,0,-8.5,0,0,0,0,-0.00229183,0,0,0,0,0,0,0,0,0,1,78,54,0,0.00034,0.00034,3,5,0,0,0,0,0,0,0,0,0,0,1,0,1,0,0,0,0,0,0,0,0,,0,0,0,0,
1,2.79,0,-34.05,43.5,0,0,0,1.75,0,0,0,0,6,0,0,0,0,-0.00229183,0,0,0,0,0,0,0,0,0,1,92,54,0,0.00034,0.00034,3,0,0,0,0,0,0,0,0,0,0,0,1,0,1,0,0,0,0,0,0,0,0,,0,0,0,0,
2,3.27,0,13.7,37.5,0,0,0,2.65,0,0,0,0,-8,0,0,0,0,-0.00229183,0,0,0,0,0,0,0,0,0,1,86,54,0,0.00034,0.00034,3,5,0,0,0,0,0,0,0,0,0,0,1,0,1,0,0,0,0,0,0,0,0,,0,0,0,0,
3,3.65,0,45.7,31.5,0,0,0,-9.55,0,0,0,0,5,0,0,0,0,-0.00229183,0,0,0,0,0,0,0,0,0,1,80,54,0,0.00034,0.00034,3,5,0,0,0,0,0,0,0,0,0,0,1,0,1,0,0,0,0,0,0,0,0,,0,0,0,0,
4,4.03,0,2.2,41.5,0,0,0,0.55,0,0,0,0,-6.5,0,0,0,0,-0.00229183,0,0,0,0,0,0,0,0,0,1,89,54,0,0.00034,0.00034,3,5,0,0,0,0,0,0,0,0,0,0,1,0,1,0,0,0,0,0,0,0,0,,0,0,0,0,
5,5.17,0,-35.1,34,0,0,0,-3.35,0,0,0,0,-6,0,0,0,0,-0.00229183,0,0,0,0,0,0,0,0,0,1,79,54,0,0.00034,0.00034,3,5,0,0,0,0,0,0,0,0,0,0,1,0,1,0,0,0,0,0,0,0,0,,0,0,0,0,
6,5.17,0,-40.6,34,0,0,0,0.25,0,0,0,0,-3,0,0,0,0,-0.00229183,0,0,0,0,0,0,0,0,0,1,79,54,0,0.00034,0.00034,3,5,0,0,0,0,0,0,0,0,0,0,1,0,1,0,0,0,0,0,0,0,0,,0,0,0,0,
7,5.62,0,-34.6,36,0,0,0,-3.1,0,0,0,0,-4,0,0,0,0,-0.00229183,0,0,0,0,0,0,0,0,0,1,80,54,0,0.00034,0.00034,3,5,0,0,0,0,0,0,0,0,0,0,1,0,1,0,0,0,0,0,0,0,0,,0,0,0,0,
8,5.62,0,-24.1,36,0,0,0,-5.55,0,0,0,0,-9,0,0,0,0,-0.00229183,0,0,0,0,0,0,0,0,0,1,80,54,0,0.00034,0.00034,3,5,0,0,0,0,0,0,0,0,0,0,1,0,1,0,0,0,0,0,0,0,0,,0,0,0,0,
9,5.83,0,-40.8,30.5,0,0,0,0.4,0,0,0,0,-5.5,0,0,0,0,-0.00229183,0,0,0,0,0,0,0,0,0,1,75,54,0,0.00034,0.00034,3,5,0,0,0,0,0,0,0,0,0,0,1,0,1,0,0,0,0,0,0,0,0,,0,0,0,0,
10,6.63,0,-53.8,24.5,0,0,0,-3.2,0,0,0,0,0.5,0,0,0,0,-0.00229183,0,0,0,0,0,0,0,0,0,1,70,54,0,0.00034,0.00034,3,5,0,0,0,0,0,0,0,0,0,0,1,0,1,0,0,0,0,0,0,0,0,,0,0,0,0,
11,7.02,0,-10.2,24.5,0,0,0,2.65,0,0,0,0,-23,0,0,0,0,-0.00229183,0,0,0,0,0,0,0,0,0,1,70,54,0,0.00034,0.00034,3,5,0,0,0,0,0,0,0,0,0,0,1,0,1,0,0,0,0,0,0,0,0,,0,0,0,0,
12,7.66,0,34.8,39.5,0,0,0,6.9,0,0,0,0,5,0,0,0,0,-0.00229183,0,0,0,0,0,0,0,0,0,1,85,54,0,0.00034,0.00034,3,5,0,0,0,0,0,0,0,0,0,0,1,0,1,0,0,0,0,0,0,0,0,,0,0,0,0,
13,8.24,0,-25.1,28.5,0,0,0,11.4,0,0,0,0,-12.5,0,0,0,0,-0.00229183,0,0,0,0,0,0,0,0,0,1,75,54,0,0.00034,0.00034,3,0,0,0,0,0,0,0,0,0,0,0,1,0,1,0,0,0,0,0,0,0,0,,0,0,0,0,
14,8.48,0,69.15,30,0,0,0,-11.55,0,0,0,0,22.5,0,0,0,0,-0.00229183,0,0,0,0,0,0,0,0,0,1,76,54,0,0.00034,0.00034,3,7,0,0,0,0,0,0,0,0,0,0,1,0,1,0,0,0,0,0,0,0,0,,0,0,0,0,
15,8.9,0,-32.7,26,0,0,0,-1.1,0,0,0,0,-10,0,0,0,0,-0.00229183,0,0,0,0,0,0,0,0,0,1,72,54,0,0.00034,0.00034,3,5,0,0,0,0,0,0,0,0,0,0,1,0,1,0,0,0,0,0,0,0,0,,0,0,0,0,
16,9.38,0,-29.3,23,0,0,0,-2.7,0,0,0,0,-15,0,0,0,0,-0.00229183,0,0,0,0,0,0,0,0,0,1,69,54,0,0.00034,0.00034,3,5,0,0,0,0,0,0,0,0,0,0,1,0,1,0,0,0,0,0,0,0,0,,0,0,0,0,
17,9.85,0,-28.3,21,0,0,0,-0.7,0,0,0,0,-17.5,0,0,0,0,-0.00229183,0,0,0,0,0,0,0,0,0,1,67,54,0,0.00034,0.00034,3,5,0,0,0,0,0,0,0,0,0,0,1,0,1,0,0,0,0,0,0,0,0,,0,0,0,0,
18,12.16,0,-12.55,26.5,0,0,0,12.9,0,0,0,0,-16,0,0,0,0,-0.00229183,0,0,0,0,0,0,0,0,0,1,74,54,0,0.00034,0.00034,3,5,0,0,0,0,0,0,0,0,0,0,1,0,1,0,0,0,0,0,0,0,0,,0,0,0,0,
19,13,0,-23.1,21.5,0,0,0,-1.6,0,0,0,0,-18,0,0,0,0,-0.00229183,0,0,0,0,0,0,0,0,0,1,68,54,0,0.00034,0.00034,3,5,0,0,0,0,0,0,0,0,0,0,1,0,1,0,0,0,0,0,0,0,0,,0,0,0,0,
END,Total:20
START,FrameNb:41,CameraNb:0,HeSaiNb:0,ARS410Nb:0
2026/08/02 16:23:51:688---->
heightOffset:0,1785659031688,1321236,selfCaliBufCnt:0,selfAccObjCnt:0,selfAccAngle:0,installHAngleOffset:0,Interpolation:0,installVAngleOffset:0,radarOffsetH:0,radarOffsetV:0.32,Polynom:-0.001023;-0.0511;-2.047;0;0;0;-0.001023;-0.0511;-2.047;-25.5;0;0,WheelDirection:0;0;0;0,selfAngleOffset:0,selfAngleOffsetPit:0,currCaliAngleHrz:0,currCaliAnglePit:0,selfCaliAngleHrz:0,selfCaliAnglePit:0,servCaliAngleHrz:0,servCaliAnglePit:0,offlineCaliAngleHrz:0,offlineCaliAnglePit:0,determine2useFlag:0,IMU_Z_Accel:-21.592,IMU_X_AngularRate:-2.093,IMU_Y_AngularRate:-2.093,IMU_RollAngle:-180,IMU_PitchAngle:-180,IMU_YawAngle:-180,FcwID:0,FCWWarningLevel:0,FCWTTC:0
0,2.32,0,30.05,29,0,0,0,7.75,1.37605e-33,0,0,0,-8.5,0,0,0,0,-0.00229183,0,0,0,0,0,0,0,0,0,1,78,58,0,0.00034,0.00034,3,5,0,0,0,0,0,0,0,0,0,0,1,0,0,0,0,0,0,0,0,0,0,,0,0,0,0,
1,2.8,0,-34.05,43,0,0,0,1.75,0,0,0,0,6,0,0,0,0,-0.00229183,0,0,0,0,0,0,0,0,0,1,92,58,0,0.00034,0.00034,3,0,0,0,0,0,0,0,0,0,0,0,1,0,0,0,0,0,0,0,0,0,0,,0,0,0,0,
2,3.27,0,13.7,37.5,0,0,0,2.65,0,0,0,0,-8,0,0,0,0,-0.00229183,0,0,0,0,0,0,0,0,0,1,86,58,0,0.00034,0.00034,3,5,0,0,0,0,0,0,0,0,0,0,1,0,0,0,0,0,0,0,0,0,0,,0,0,0,0,
3,3.59,0,45.55,32,0,0,0,-9.75,0,0,0,0,5,0,0,0,0,-0.00229183,0,0,0,0,0,0,0,0,0,1,80,58,0,0.00034,0.00034,3,5,0,0,0,0,0,0,0,0,0,0,1,0,0,0,0,0,0,0,0,0,0,,0,0,0,0,
4,4.03,0,2.2,41.5,0,0,0,0.65,0,0,0,0,-6,0,0,0,0,-0.00229183,0,0,0,0,0,0,0,0,0,1,89,58,0,0.00034,0.00034,3,5,0,0,0,0,0,0,0,0,0,0,1,0,0,0,0,0,0,0,0,0,0,,0,0,0,0,
5,5.16,0,-35.05,33.5,0,0,0,-3.45,0,0,0,0,-6,0,0,0,0,-0.00229183,0,0,0,0,0,0,0,0,0,1,79,58,0,0.00034,0.00034,3,5,0,0,0,0,0,0,0,0,0,0,1,0,0,0,0,0,0,0,0,0,0,,0,0,0,0,
6,5.16,0,-40.6,33.5,0,0,0,0.3,0,0,0,0,-3,0,0,0,0,-0.00229183,0,0,0,0,0,0,0,0,0,1,79,58,0,0.00034,0.00034,3,5,0,0,0,0,0,0,0,0,0,0,1,0,0,0,0,0,0,0,0,0,0,,0,0,0,0,
7,5.61,0,-34.7,35.5,0,0,0,-3.1,0,0,0,0,-4,0,0,0,0,-0.00229183,0,0,0,0,0,0,0,0,0,1,80,58,0,0.00034,0.00034,3,5,0,0,0,0,0,0,0,0,0,0,1,0,0,0,0,0,0,0,0,0,0,,0,0,0,0,
8,5.61,0,-24.15,35.5,0,0,0,-5.45,0,0,0,0,-9,0,0,0,0,-0.00229183,0,0,0,0,0,0,0,0,0,1,80,58,0,0.00034,0.00034,3,5,0,0,0,0,0,0,0,0,0,0,1,0,0,0,0,0,0,0,0,0,0,,0,0,0,0,
9,5.83,0,-40.7,30.5,0,0,0,0.05,0,0,0,0,-6,0,0,0,0,-0.00229183,0,0,0,0,0,0,0,0,0,1,75,58,0,0.00034,0.00034,3,5,0,0,0,0,0,0,0,0,0,0,1,0,0,0,0,0,0,0,0,0,0,,0,0,0,0,
10,6.62,0,-54.05,24.5,0,0,0,-1.6,0,0,0,0,0.5,0,0,0,0,-0.00229183,0,0,0,0,0,0,0,0,0,1,70,58,0,0.00034,0.00034,3,5,0,0,0,0,0,0,0,0,0,0,1,0,0,0,0,0,0,0,0,0,0,,0,0,0,0,
11,7.02,0,-9.8,24.5,0,0,0,2.25,0,0,0,0,-23,0,0,0,0,-0.00229183,0,0,0,0,0,0,0,0,0,1,70,58,0,0.00034,0.00034,3,5,0,0,0,0,0,0,0,0,0,0,1,0,0,0,0,0,0,0,0,0,0,,0,0,0,0,
12,7.66,0,34.85,39.5,0,0,0,6.9,0,0,0,0,5,0,0,0,0,-0.00229183,0,0,0,0,0,0,0,0,0,1,85,58,0,0.00034,0.00034,3,0,0,0,0,0,0,0,0,0,0,0,1,0,0,0,0,0,0,0,0,0,0,,0,0,0,0,
13,8.25,0,-25.1,29,0,0,0,11.7,0,0,0,0,-12,0,0,0,0,-0.00229183,0,0,0,0,0,0,0,0,0,1,75,58,0,0.00034,0.00034,3,0,0,0,0,0,0,0,0,0,0,0,1,0,0,0,0,0,0,0,0,0,0,,0,0,0,0,
14,8.65,0,69.15,30,0,0,0,-11.55,0,0,0,0,22.5,0,0,0,0,-0.00229183,0,0,0,0,0,0,0,0,0,1,76,58,0,0.00034,0.00034,3,7,0,0,0,0,0,0,0,0,0,0,1,0,0,0,0,0,0,0,0,0,0,,0,0,0,0,
15,8.9,0,-32.6,26.5,0,0,0,-0.8,0,0,0,0,-10,0,0,0,0,-0.00229183,0,0,0,0,0,0,0,0,0,1,73,58,0,0.00034,0.00034,3,5,0,0,0,0,0,0,0,0,0,0,1,0,0,0,0,0,0,0,0,0,0,,0,0,0,0,
16,9.38,0,-29.15,23.5,0,0,0,-3,0,0,0,0,-14.5,0,0,0,0,-0.00229183,0,0,0,0,0,0,0,0,0,1,70,58,0,0.00034,0.00034,3,5,0,0,0,0,0,0,0,0,0,0,1,0,0,0,0,0,0,0,0,0,0,,0,0,0,0,
17,9.85,0,-28.3,21.5,0,0,0,-0.45,0,0,0,0,-17.5,0,0,0,0,-0.00229183,0,0,0,0,0,0,0,0,0,1,68,58,0,0.00034,0.00034,3,5,0,0,0,0,0,0,0,0,0,0,1,0,0,0,0,0,0,0,0,0,0,,0,0,0,0,
18,12.16,0,-12.6,27,0,0,0,13,0,0,0,0,-16,0,0,0,0,-0.00229183,0,0,0,0,0,0,0,0,0,1,74,58,0,0.00034,0.00034,3,5,0,0,0,0,0,0,0,0,0,0,1,0,0,0,0,0,0,0,0,0,0,,0,0,0,0,
19,13,0,-23.1,21.5,0,0,0,-1.8,0,0,0,0,-18,0,0,0,0,-0.00229183,0,0,0,0,0,0,0,0,0,1,68,58,0,0.00034,0.00034,3,5,0,0,0,0,0,0,0,0,0,0,1,0,0,0,0,0,0,0,0,0,0,,0,0,0,0,
END,Total:20
START,FrameNb:42,CameraNb:0,HeSaiNb:0,ARS410Nb:0
2026/08/02 16:23:51:730---->
heightOffset:0,1785659031730,1321292,selfCaliBufCnt:0,selfAccObjCnt:0,selfAccAngle:0,installHAngleOffset:0,Interpolation:0,installVAngleOffset:0,radarOffsetH:0,radarOffsetV:0.32,Polynom:-0.001023;-0.0511;-2.047;0;0;0;-0.001023;-0.0511;-2.047;-25.5;0;0,WheelDirection:0;0;0;0,selfAngleOffset:0,selfAngleOffsetPit:0,currCaliAngleHrz:0,currCaliAnglePit:0,selfCaliAngleHrz:0,selfCaliAnglePit:0,servCaliAngleHrz:0,servCaliAnglePit:0,offlineCaliAngleHrz:0,offlineCaliAnglePit:0,determine2useFlag:0,IMU_Z_Accel:-21.592,IMU_X_AngularRate:-2.093,IMU_Y_AngularRate:-2.093,IMU_RollAngle:-180,IMU_PitchAngle:-180,IMU_YawAngle:-180,FcwID:0,FCWWarningLevel:0,FCWTTC:0
0,2.32,0,30.05,29,0,0,0,8.25,1.37605e-33,0,0,0,-9,0,0,0,0,-0.00229183,0,0,0,0,0,0,0,0,0,1,78,54,0,0.00034,0.00034,3,5,0,0,0,0,0,0,0,0,0,0,1,0,1,0,0,0,0,0,0,0,0,,0,0,0,0,
1,2.79,0,-34.05,43.5,0,0,0,1.75,0,0,0,0,6,0,0,0,0,-0.00229183,0,0,0,0,0,0,0,0,0,1,92,54,0,0.00034,0.00034,3,0,0,0,0,0,0,0,0,0,0,0,1,0,1,0,0,0,0,0,0,0,0,,0,0,0,0,
2,3.27,0,13.7,37.5,0,0,0,2.65,0,0,0,0,-8,0,0,0,0,-0.00229183,0,0,0,0,0,0,0,0,0,1,86,54,0,0.00034,0.00034,3,5,0,0,0,0,0,0,0,0,0,0,1,0,1,0,0,0,0,0,0,0,0,,0,0,0,0,
3,3.6,0,45.7,31.5,0,0,0,-9.3,0,0,0,0,5,0,0,0,0,-0.00229183,0,0,0,0,0,0,0,0,0,1,80,54,0,0.00034,0.00034,3,5,0,0,0,0,0,0,0,0,0,0,1,0,1,0,0,0,0,0,0,0,0,,0,0,0,0,
4,4.03,0,2.2,41.5,0,0,0,0.55,0,0,0,0,-6.5,0,0,0,0,-0.00229183,0,0,0,0,0,0,0,0,0,1,89,54,0,0.00034,0.00034,3,5,0,0,0,0,0,0,0,0,0,0,1,0,1,0,0,0,0,0,0,0,0,,0,0,0,0,
5,5.16,0,-35.1,34,0,0,0,-3.45,0,0,0,0,-6,0,0,0,0,-0.00229183,0,0,0,0,0,0,0,0,0,1,79,54,0,0.00034,0.00034,3,5,0,0,0,0,0,0,0,0,0,0,1,0,1,0,0,0,0,0,0,0,0,,0,0,0,0,
6,5.16,0,-40.6,34,0,0,0,0.25,0,0,0,0,-3,0,0,0,0,-0.00229183,0,0,0,0,0,0,0,0,0,1,79,54,0,0.00034,0.00034,3,5,0,0,0,0,0,0,0,0,0,0,1,0,1,0,0,0,0,0,0,0,0,,0,0,0,0,
7,5.62,0,-34.6,36,0,0,0,-3.05,0,0,0,0,-4,0,0,0,0,-0.00229183,0,0,0,0,0,0,0,0,0,1,80,54,0,0.00034,0.00034,3,5,0,0,0,0,0,0,0,0,0,0,1,0,1,0,0,0,0,0,0,0,0,,0,0,0,0,
8,5.62,0,-24.1,36,0,0,0,-5.55,0,0,0,0,-9,0,0,0,0,-0.00229183,0,0,0,0,0,0,0,0,0,1,80,54,0,0.00034,0.00034,3,5,0,0,0,0,0,0,0,0,0,0,1,0,1,0,0,0,0,0,0,0,0,,0,0,0,0,
9,5.83,0,-40.8,31,0,0,0,0.25,0,0,0,0,-5.5,0,0,0,0,-0.00229183,0,0,0,0,0,0,0,0,0,1,76,54,0,0.00034,0.00034,3,5,0,0,0,0,0,0,0,0,0,0,1,0,1,0,0,0,0,0,0,0,0,,0,0,0,0,
10,6.62,0,5.05,24.5,0,0,0,-13.2,0,0,0,0,-23,0,0,0,0,-0.00229183,0,0,0,0,0,0,0,0,0,1,70,54,0,0.00034,0.00034,2,-1,0,0,0,0,0,0,0,0,0,0,1,0,1,0,0,0,0,0,0,0,0,,0,0,0,0,
11,7.03,0,-10.2,24,0,0,0,2.15,0,0,0,0,-23,0,0,0,0,-0.00229183,0,0,0,0,0,0,0,0,0,1,70,54,0,0.00034,0.00034,3,5,0,0,0,0,0,0,0,0,0,0,1,0,1,0,0,0,0,0,0,0,0,,0,0,0,0,
12,7.66,0,34.95,39.5,0,0,0,6.7,0,0,0,0,5,0,0,0,0,-0.00229183,0,0,0,0,0,0,0,0,0,1,86,54,0,0.00034,0.00034,3,0,0,0,0,0,0,0,0,0,0,0,1,0,1,0,0,0,0,0,0,0,0,,0,0,0,0,
13,8.25,0,-25.1,29,0,0,0,11.3,0,0,0,0,-12,0,0,0,0,-0.00229183,0,0,0,0,0,0,0,0,0,1,75,54,0,0.00034,0.00034,3,0,0,0,0,0,0,0,0,0,0,0,1,0,1,0,0,0,0,0,0,0,0,,0,0,0,0,
14,8.65,0,69.15,30,0,0,0,-11.55,0,0,0,0,22.5,0,0,0,0,-0.00229183,0,0,0,0,0,0,0,0,0,1,76,54,0,0.00034,0.00034,3,7,0,0,0,0,0,0,0,0,0,0,1,0,1,0,0,0,0,0,0,0,0,,0,0,0,0,
15,8.9,0,-32.65,26,0,0,0,-0.95,0,0,0,0,-10,0,0,0,0,-0.00229183,0,0,0,0,0,0,0,0,0,1,72,54,0,0.00034,0.00034,3,5,0,0,0,0,0,0,0,0,0,0,1,0,1,0,0,0,0,0,0,0,0,,0,0,0,0,
16,9.37,0,-29.3,23.5,0,0,0,-2.8,0,0,0,0,-14.5,0,0,0,0,-0.00229183,0,0,0,0,0,0,0,0,0,1,70,54,0,0.00034,0.00034,3,5,0,0,0,0,0,0,0,0,0,0,1,0,1,0,0,0,0,0,0,0,0,,0,0,0,0,
17,9.84,0,-28.3,21,0,0,0,-0.8,0,0,0,0,-17.5,0,0,0,0,-0.00229183,0,0,0,0,0,0,0,0,0,1,67,54,0,0.00034,0.00034,3,5,0,0,0,0,0,0,0,0,0,0,1,0,1,0,0,0,0,0,0,0,0,,0,0,0,0,
18,12.16,0,-12.5,27,0,0,0,12.75,0,0,0,0,-16,0,0,0,0,-0.00229183,0,0,0,0,0,0,0,0,0,1,74,54,0,0.00034,0.00034,3,5,0,0,0,0,0,0,0,0,0,0,1,0,1,0,0,0,0,0,0,0,0,,0,0,0,0,
19,13.01,0,-23.1,21.5,0,0,0,-1.75,0,0,0,0,-17.5,0,0,0,0,-0.00229183,0,0,0,0,0,0,0,0,0,1,68,54,0,0.00034,0.00034,3,5,0,0,0,0,0,0,0,0,0,0,1,0,1,0,0,0,0,0,0,0,0,,0,0,0,0,
END,Total:20
START,FrameNb:43,CameraNb:0,HeSaiNb:0,ARS410Nb:0
2026/08/02 16:23:51:792---->
heightOffset:0,1785659031792,1321352,selfCaliBufCnt:0,selfAccObjCnt:0,selfAccAngle:0,installHAngleOffset:0,Interpolation:0,installVAngleOffset:0,radarOffsetH:0,radarOffsetV:0.32,Polynom:-0.001023;-0.0511;-2.047;0;0;0;-0.001023;-0.0511;-2.047;-25.5;0;0,WheelDirection:0;0;0;0,selfAngleOffset:0,selfAngleOffsetPit:0,currCaliAngleHrz:0,currCaliAnglePit:0,selfCaliAngleHrz:0,selfCaliAnglePit:0,servCaliAngleHrz:0,servCaliAnglePit:0,offlineCaliAngleHrz:0,offlineCaliAnglePit:0,determine2useFlag:0,IMU_Z_Accel:-21.592,IMU_X_AngularRate:-2.093,IMU_Y_AngularRate:-2.093,IMU_RollAngle:-180,IMU_PitchAngle:-180,IMU_YawAngle:-180,FcwID:0,FCWWarningLevel:0,FCWTTC:0
0,2.32,0,30.1,29,0,0,0,7.9,1.37605e-33,0,0,0,-8.5,0,0,0,0,-0.00229183,0,0,0,0,0,0,0,0,0,1,78,61,0,0.00034,0.00034,3,5,0,0,0,0,0,0,0,0,0,0,1,0,0,0,0,0,0,0,0,0,0,,0,0,0,0,
1,2.8,0,-34.05,43,0,0,0,1.75,0,0,0,0,6,0,0,0,0,-0.00229183,0,0,0,0,0,0,0,0,0,1,92,61,0,0.00034,0.00034,3,0,0,0,0,0,0,0,0,0,0,0,1,0,0,0,0,0,0,0,0,0,0,,0,0,0,0,
2,3.27,0,13.7,37.5,0,0,0,2.65,0,0,0,0,-8,0,0,0,0,-0.00229183,0,0,0,0,0,0,0,0,0,1,86,61,0,0.00034,0.00034,3,5,0,0,0,0,0,0,0,0,0,0,1,0,0,0,0,0,0,0,0,0,0,,0,0,0,0,
3,3.58,0,45.9,31.5,0,0,0,-10.35,0,0,0,0,5,0,0,0,0,-0.00229183,0,0,0,0,0,0,0,0,0,1,80,61,0,0.00034,0.00034,3,5,0,0,0,0,0,0,0,0,0,0,1,0,0,0,0,0,0,0,0,0,0,,0,0,0,0,
4,4.03,0,2.2,41.5,0,0,0,0.55,0,0,0,0,-6,0,0,0,0,-0.00229183,0,0,0,0,0,0,0,0,0,1,89,61,0,0.00034,0.00034,3,5,0,0,0,0,0,0,0,0,0,0,1,0,0,0,0,0,0,0,0,0,0,,0,0,0,0,
5,5.16,0,-35.1,33.5,0,0,0,-3.35,0,0,0,0,-6,0,0,0,0,-0.00229183,0,0,0,0,0,0,0,0,0,1,79,61,0,0.00034,0.00034,3,5,0,0,0,0,0,0,0,0,0,0,1,0,0,0,0,0,0,0,0,0,0,,0,0,0,0,
6,5.16,0,-40.65,33.5,0,0,0,0.4,0,0,0,0,-3,0,0,0,0,-0.00229183,0,0,0,0,0,0,0,0,0,1,79,61,0,0.00034,0.00034,3,5,0,0,0,0,0,0,0,0,0,0,1,0,0,0,0,0,0,0,0,0,0,,0,0,0,0,
7,5.61,0,-34.7,35.5,0,0,0,-3.05,0,0,0,0,-4,0,0,0,0,-0.00229183,0,0,0,0,0,0,0,0,0,1,80,61,0,0.00034,0.00034,3,5,0,0,0,0,0,0,0,0,0,0,1,0,0,0,0,0,0,0,0,0,0,,0,0,0,0,
8,5.61,0,-24.1,35.5,0,0,0,-5.55,0,0,0,0,-9,0,0,0,0,-0.00229183,0,0,0,0,0,0,0,0,0,1,80,61,0,0.00034,0.00034,3,5,0,0,0,0,0,0,0,0,0,0,1,0,0,0,0,0,0,0,0,0,0,,0,0,0,0,
9,5.83,0,-40.9,30.5,0,0,0,0,0,0,0,0,-5.5,0,0,0,0,-0.00229183,0,0,0,0,0,0,0,0,0,1,75,61,0,0.00034,0.00034,3,5,0,0,0,0,0,0,0,0,0,0,1,0,0,0,0,0,0,0,0,0,0,,0,0,0,0,
10,6.62,0,-53.9,24.5,0,0,0,-2.95,0,0,0,0,0.5,0,0,0,0,-0.00229183,0,0,0,0,0,0,0,0,0,1,70,61,0,0.00034,0.00034,3,5,0,0,0,0,0,0,0,0,0,0,1,0,0,0,0,0,0,0,0,0,0,,0,0,0,0,
11,7.03,0,-10.1,24.5,0,0,0,1.9,0,0,0,0,-23,0,0,0,0,-0.00229183,0,0,0,0,0,0,0,0,0,1,70,61,0,0.00034,0.00034,3,5,0,0,0,0,0,0,0,0,0,0,1,0,0,0,0,0,0,0,0,0,0,,0,0,0,0,
12,7.66,0,34.95,39.5,0,0,0,6.75,0,0,0,0,5,0,0,0,0,-0.00229183,0,0,0,0,0,0,0,0,0,1,86,61,0,0.00034,0.00034,3,0,0,0,0,0,0,0,0,0,0,0,1,0,0,0,0,0,0,0,0,0,0,,0,0,0,0,
13,8.24,0,-25.1,29,0,0,0,11.45,0,0,0,0,-12,0,0,0,0,-0.00229183,0,0,0,0,0,0,0,0,0,1,75,61,0,0.00034,0.00034,3,0,0,0,0,0,0,0,0,0,0,0,1,0,0,0,0,0,0,0,0,0,0,,0,0,0,0,
14,8.65,0,69.2,30,0,0,0,-11.55,0,0,0,0,22.5,0,0,0,0,-0.00229183,0,0,0,0,0,0,0,0,0,1,76,61,0,0.00034,0.00034,3,7,0,0,0,0,0,0,0,0,0,0,1,0,0,0,0,0,0,0,0,0,0,,0,0,0,0,
15,8.9,0,-32.7,26,0,0,0,-0.6,0,0,0,0,-10,0,0,0,0,-0.00229183,0,0,0,0,0,0,0,0,0,1,72,61,0,0.00034,0.00034,3,5,0,0,0,0,0,0,0,0,0,0,1,0,0,0,0,0,0,0,0,0,0,,0,0,0,0,
16,9.38,0,-29.15,23.5,0,0,0,-2.75,0,0,0,0,-14.5,0,0,0,0,-0.00229183,0,0,0,0,0,0,0,0,0,1,70,61,0,0.00034,0.00034,3,5,0,0,0,0,0,0,0,0,0,0,1,0,0,0,0,0,0,0,0,0,0,,0,0,0,0,
17,9.85,0,-28.3,21,0,0,0,-0.95,0,0,0,0,-17.5,0,0,0,0,-0.00229183,0,0,0,0,0,0,0,0,0,1,68,61,0,0.00034,0.00034,3,5,0,0,0,0,0,0,0,0,0,0,1,0,0,0,0,0,0,0,0,0,0,,0,0,0,0,
18,12.16,0,-12.6,27,0,0,0,13.05,0,0,0,0,-16,0,0,0,0,-0.00229183,0,0,0,0,0,0,0,0,0,1,73,61,0,0.00034,0.00034,3,5,0,0,0,0,0,0,0,0,0,0,1,0,0,0,0,0,0,0,0,0,0,,0,0,0,0,
19,13,0,-23,21.5,0,0,0,-1.8,0,0,0,0,-17.5,0,0,0,0,-0.00229183,0,0,0,0,0,0,0,0,0,1,68,61,0,0.00034,0.00034,3,5,0,0,0,0,0,0,0,0,0,0,1,0,0,0,0,0,0,0,0,0,0,,0,0,0,0,
END,Total:20
START,FrameNb:44,CameraNb:0,HeSaiNb:0,ARS410Nb:0
2026/08/02 16:23:51:854---->
heightOffset:0,1785659031854,1321412,selfCaliBufCnt:0,selfAccObjCnt:0,selfAccAngle:0,installHAngleOffset:0,Interpolation:0,installVAngleOffset:0,radarOffsetH:0,radarOffsetV:0.32,Polynom:-0.001023;-0.0511;-2.047;0;0;0;-0.001023;-0.0511;-2.047;-25.5;0;0,WheelDirection:0;0;0;0,selfAngleOffset:0,selfAngleOffsetPit:0,currCaliAngleHrz:0,currCaliAnglePit:0,selfCaliAngleHrz:0,selfCaliAnglePit:0,servCaliAngleHrz:0,servCaliAnglePit:0,offlineCaliAngleHrz:0,offlineCaliAnglePit:0,determine2useFlag:0,IMU_Z_Accel:-21.592,IMU_X_AngularRate:-2.093,IMU_Y_AngularRate:-2.093,IMU_RollAngle:-180,IMU_PitchAngle:-180,IMU_YawAngle:-180,FcwID:0,FCWWarningLevel:0,FCWTTC:0
0,2.32,0,30.1,29,0,0,0,8.2,1.37605e-33,0,0,0,-8.5,0,0,0,0,-0.00229183,0,0,0,0,0,0,0,0,0,1,78,58,0,0.00034,0.00034,3,5,0,0,0,0,0,0,0,0,0,0,1,0,1,0,0,0,0,0,0,0,0,,0,0,0,0,
1,2.79,0,-34.05,43,0,0,0,1.75,0,0,0,0,6,0,0,0,0,-0.00229183,0,0,0,0,0,0,0,0,0,1,92,58,0,0.00034,0.00034,3,0,0,0,0,0,0,0,0,0,0,0,1,0,1,0,0,0,0,0,0,0,0,,0,0,0,0,
2,3.27,0,13.7,37.5,0,0,0,2.7,0,0,0,0,-8,0,0,0,0,-0.00229183,0,0,0,0,0,0,0,0,0,1,86,58,0,0.00034,0.00034,3,5,0,0,0,0,0,0,0,0,0,0,1,0,1,0,0,0,0,0,0,0,0,,0,0,0,0,
3,3.64,0,45.45,31.5,0,0,0,-9.1,0,0,0,0,5,0,0,0,0,-0.00229183,0,0,0,0,0,0,0,0,0,1,80,58,0,0.00034,0.00034,3,5,0,0,0,0,0,0,0,0,0,0,1,0,1,0,0,0,0,0,0,0,0,,0,0,0,0,
4,4.03,0,2.2,41.5,0,0,0,0.55,0,0,0,0,-6.5,0,0,0,0,-0.00229183,0,0,0,0,0,0,0,0,0,1,89,58,0,0.00034,0.00034,3,5,0,0,0,0,0,0,0,0,0,0,1,0,1,0,0,0,0,0,0,0,0,,0,0,0,0,
5,5.16,0,-35.1,34,0,0,0,-3.35,0,0,0,0,-6,0,0,0,0,-0.00229183,0,0,0,0,0,0,0,0,0,1,79,58,0,0.00034,0.00034,3,5,0,0,0,0,0,0,0,0,0,0,1,0,1,0,0,0,0,0,0,0,0,,0,0,0,0,
6,5.16,0,-40.6,34,0,0,0,0.3,0,0,0,0,-3,0,0,0,0,-0.00229183,0,0,0,0,0,0,0,0,0,1,79,58,0,0.00034,0.00034,3,5,0,0,0,0,0,0,0,0,0,0,1,0,1,0,0,0,0,0,0,0,0,,0,0,0,0,
7,5.61,0,-34.6,36,0,0,0,-3.05,0,0,0,0,-4,0,0,0,0,-0.00229183,0,0,0,0,0,0,0,0,0,1,80,58,0,0.00034,0.00034,3,5,0,0,0,0,0,0,0,0,0,0,1,0,1,0,0,0,0,0,0,0,0,,0,0,0,0,
8,5.61,0,-24.1,36,0,0,0,-5.55,0,0,0,0,-9,0,0,0,0,-0.00229183,0,0,0,0,0,0,0,0,0,1,80,58,0,0.00034,0.00034,3,5,0,0,0,0,0,0,0,0,0,0,1,0,1,0,0,0,0,0,0,0,0,,0,0,0,0,
9,5.83,0,-40.7,30.5,0,0,0,0.25,0,0,0,0,-5.5,0,0,0,0,-0.00229183,0,0,0,0,0,0,0,0,0,1,76,58,0,0.00034,0.00034,3,5,0,0,0,0,0,0,0,0,0,0,1,0,1,0,0,0,0,0,0,0,0,,0,0,0,0,
10,6.63,0,-53.7,25,0,0,0,-3.35,0,0,0,0,1,0,0,0,0,-0.00229183,0,0,0,0,0,0,0,0,0,1,70,58,0,0.00034,0.00034,3,5,0,0,0,0,0,0,0,0,0,0,1,0,1,0,0,0,0,0,0,0,0,,0,0,0,0,
11,7.03,0,-10,24.5,0,0,0,2.45,0,0,0,0,-23,0,0,0,0,-0.00229183,0,0,0,0,0,0,0,0,0,1,70,58,0,0.00034,0.00034,3,0,0,0,0,0,0,0,0,0,0,0,1,0,1,0,0,0,0,0,0,0,0,,0,0,0,0,
12,7.66,0,34.85,39.5,0,0,0,6.7,0,0,0,0,5,0,0,0,0,-0.00229183,0,0,0,0,0,0,0,0,0,1,86,58,0,0.00034,0.00034,3,5,0,0,0,0,0,0,0,0,0,0,1,0,1,0,0,0,0,0,0,0,0,,0,0,0,0,
13,8.25,0,-25.05,29,0,0,0,11.25,0,0,0,0,-12,0,0,0,0,-0.00229183,0,0,0,0,0,0,0,0,0,1,75,58,0,0.00034,0.00034,3,0,0,0,0,0,0,0,0,0,0,0,1,0,1,0,0,0,0,0,0,0,0,,0,0,0,0,
14,8.65,0,69.15,30,0,0,0,-11.6,0,0,0,0,22.5,0,0,0,0,-0.00229183,0,0,0,0,0,0,0,0,0,1,76,58,0,0.00034,0.00034,3,7,0,0,0,0,0,0,0,0,0,0,1,0,1,0,0,0,0,0,0,0,0,,0,0,0,0,
15,8.9,0,-32.6,26.5,0,0,0,-0.85,0,0,0,0,-10,0,0,0,0,-0.00229183,0,0,0,0,0,0,0,0,0,1,73,58,0,0.00034,0.00034,3,5,0,0,0,0,0,0,0,0,0,0,1,0,1,0,0,0,0,0,0,0,0,,0,0,0,0,
16,9.38,0,-29.15,23,0,0,0,-2.95,0,0,0,0,-14.5,0,0,0,0,-0.00229183,0,0,0,0,0,0,0,0,0,1,70,58,0,0.00034,0.00034,3,5,0,0,0,0,0,0,0,0,0,0,1,0,1,0,0,0,0,0,0,0,0,,0,0,0,0,
17,9.84,0,-28.3,21,0,0,0,-0.95,0,0,0,0,-17.5,0,0,0,0,-0.00229183,0,0,0,0,0,0,0,0,0,1,67,58,0,0.00034,0.00034,3,5,0,0,0,0,0,0,0,0,0,0,1,0,1,0,0,0,0,0,0,0,0,,0,0,0,0,
18,12.16,0,-12.6,27,0,0,0,12.8,0,0,0,0,-16,0,0,0,0,-0.00229183,0,0,0,0,0,0,0,0,0,1,74,58,0,0.00034,0.00034,3,5,0,0,0,0,0,0,0,0,0,0,1,0,1,0,0,0,0,0,0,0,0,,0,0,0,0,
19,13.01,0,-23.15,21,0,0,0,-1.75,0,0,0,0,-17.5,0,0,0,0,-0.00229183,0,0,0,0,0,0,0,0,0,1,68,58,0,0.00034,0.00034,3,5,0,0,0,0,0,0,0,0,0,0,1,0,1,0,0,0,0,0,0,0,0,,0,0,0,0,
END,Total:20
START,FrameNb:45,CameraNb:0,HeSaiNb:0,ARS410Nb:0
2026/08/02 16:23:51:886---->
heightOffset:0,1785659031886,1321468,selfCaliBufCnt:0,selfAccObjCnt:0,selfAccAngle:0,installHAngleOffset:0,Interpolation:0,installVAngleOffset:0,radarOffsetH:0,radarOffsetV:0.32,Polynom:-0.001023;-0.0511;-2.047;0;0;0;-0.001023;-0.0511;-2.047;-25.5;0;0,WheelDirection:0;0;0;0,selfAngleOffset:0,selfAngleOffsetPit:0,currCaliAngleHrz:0,currCaliAnglePit:0,selfCaliAngleHrz:0,selfCaliAnglePit:0,servCaliAngleHrz:0,servCaliAnglePit:0,offlineCaliAngleHrz:0,offlineCaliAnglePit:0,determine2useFlag:0,IMU_Z_Accel:-21.592,IMU_X_AngularRate:-2.093,IMU_Y_AngularRate:-2.093,IMU_RollAngle:-180,IMU_PitchAngle:-180,IMU_YawAngle:-180,FcwID:0,FCWWarningLevel:0,FCWTTC:0
0,2.32,0,30.1,29,0,0,0,7.7,1.37605e-33,0,0,0,-8.5,0,0,0,0,-0.00229183,0,0,0,0,0,0,0,0,0,1,78,61,0,0.00034,0.00034,3,5,0,0,0,0,0,0,0,0,0,0,1,0,0,0,0,0,0,0,0,0,0,,0,0,0,0,
1,2.8,0,-34.05,43.5,0,0,0,1.75,0,0,0,0,6,0,0,0,0,-0.00229183,0,0,0,0,0,0,0,0,0,1,92,61,0,0.00034,0.00034,3,0,0,0,0,0,0,0,0,0,0,0,1,0,0,0,0,0,0,0,0,0,0,,0,0,0,0,
2,3.28,0,13.7,37.5,0,0,0,2.65,0,0,0,0,-8,0,0,0,0,-0.00229183,0,0,0,0,0,0,0,0,0,1,86,61,0,0.00034,0.00034,3,5,0,0,0,0,0,0,0,0,0,0,1,0,0,0,0,0,0,0,0,0,0,,0,0,0,0,
3,3.58,0,45.6,32,0,0,0,-9.75,0,0,0,0,5,0,0,0,0,-0.00229183,0,0,0,0,0,0,0,0,0,1,80,61,0,0.00034,0.00034,3,5,0,0,0,0,0,0,0,0,0,0,1,0,0,0,0,0,0,0,0,0,0,,0,0,0,0,
4,4.03,0,2.2,41.5,0,0,0,0.55,0,0,0,0,-6,0,0,0,0,-0.00229183,0,0,0,0,0,0,0,0,0,1,89,61,0,0.00034,0.00034,3,5,0,0,0,0,0,0,0,0,0,0,1,0,0,0,0,0,0,0,0,0,0,,0,0,0,0,
5,5.16,0,-35.1,34,0,0,0,-3.35,0,0,0,0,-6,0,0,0,0,-0.00229183,0,0,0,0,0,0,0,0,0,1,79,61,0,0.00034,0.00034,3,5,0,0,0,0,0,0,0,0,0,0,1,0,0,0,0,0,0,0,0,0,0,,0,0,0,0,
6,5.16,0,-40.6,34,0,0,0,0.3,0,0,0,0,-3,0,0,0,0,-0.00229183,0,0,0,0,0,0,0,0,0,1,79,61,0,0.00034,0.00034,3,5,0,0,0,0,0,0,0,0,0,0,1,0,0,0,0,0,0,0,0,0,0,,0,0,0,0,
7,5.61,0,-34.7,36,0,0,0,-3.05,0,0,0,0,-4,0,0,0,0,-0.00229183,0,0,0,0,0,0,0,0,0,1,80,61,0,0.00034,0.00034,3,5,0,0,0,0,0,0,0,0,0,0,1,0,0,0,0,0,0,0,0,0,0,,0,0,0,0,
8,5.61,0,-24.15,36,0,0,0,-5.55,0,0,0,0,-9,0,0,0,0,-0.00229183,0,0,0,0,0,0,0,0,0,1,80,61,0,0.00034,0.00034,3,5,0,0,0,0,0,0,0,0,0,0,1,0,0,0,0,0,0,0,0,0,0,,0,0,0,0,
9,5.83,0,-40.8,31,0,0,0,-0.05,0,0,0,0,-5.5,0,0,0,0,-0.00229183,0,0,0,0,0,0,0,0,0,1,76,61,0,0.00034,0.00034,3,5,0,0,0,0,0,0,0,0,0,0,1,0,0,0,0,0,0,0,0,0,0,,0,0,0,0,
10,6.63,0,4.8,25,0,0,0,-13.2,0,0,0,0,-23,0,0,0,0,-0.00229183,0,0,0,0,0,0,0,0,0,1,70,61,0,0.00034,0.00034,2,-1,0,0,0,0,0,0,0,0,0,0,1,0,0,0,0,0,0,0,0,0,0,,0,0,0,0,
11,7.03,0,-10,24.5,0,0,0,2,0,0,0,0,-22.5,0,0,0,0,-0.00229183,0,0,0,0,0,0,0,0,0,1,70,61,0,0.00034,0.00034,3,5,0,0,0,0,0,0,0,0,0,0,1,0,0,0,0,0,0,0,0,0,0,,0,0,0,0,
12,7.65,0,34.85,40,0,0,0,6.75,0,0,0,0,5,0,0,0,0,-0.00229183,0,0,0,0,0,0,0,0,0,1,86,61,0,0.00034,0.00034,3,5,0,0,0,0,0,0,0,0,0,0,1,0,0,0,0,0,0,0,0,0,0,,0,0,0,0,
13,8.24,0,-25.2,29,0,0,0,11.65,0,0,0,0,-12,0,0,0,0,-0.00229183,0,0,0,0,0,0,0,0,0,1,75,61,0,0.00034,0.00034,3,0,0,0,0,0,0,0,0,0,0,0,1,0,0,0,0,0,0,0,0,0,0,,0,0,0,0,
14,8.66,0,69.1,30,0,0,0,-11.7,0,0,0,0,22.5,0,0,0,0,-0.00229183,0,0,0,0,0,0,0,0,0,1,76,61,0,0.00034,0.00034,3,7,0,0,0,0,0,0,0,0,0,0,1,0,0,0,0,0,0,0,0,0,0,,0,0,0,0,
15,8.9,0,-32.65,26.5,0,0,0,-0.55,0,0,0,0,-10,0,0,0,0,-0.00229183,0,0,0,0,0,0,0,0,0,1,73,61,0,0.00034,0.00034,3,5,0,0,0,0,0,0,0,0,0,0,1,0,0,0,0,0,0,0,0,0,0,,0,0,0,0,
16,9.38,0,-29.2,23.5,0,0,0,-2.7,0,0,0,0,-14.5,0,0,0,0,-0.00229183,0,0,0,0,0,0,0,0,0,1,70,61,0,0.00034,0.00034,3,5,0,0,0,0,0,0,0,0,0,0,1,0,0,0,0,0,0,0,0,0,0,,0,0,0,0,
17,9.85,0,-28.4,21,0,0,0,-0.8,0,0,0,0,-17.5,0,0,0,0,-0.00229183,0,0,0,0,0,0,0,0,0,1,67,61,0,0.00034,0.00034,3,5,0,0,0,0,0,0,0,0,0,0,1,0,0,0,0,0,0,0,0,0,0,,0,0,0,0,
18,12.16,0,-12.6,27,0,0,0,13,0,0,0,0,-16,0,0,0,0,-0.00229183,0,0,0,0,0,0,0,0,0,1,74,61,0,0.00034,0.00034,3,5,0,0,0,0,0,0,0,0,0,0,1,0,0,0,0,0,0,0,0,0,0,,0,0,0,0,
19,13,0,-23.1,21.5,0,0,0,-1.75,0,0,0,0,-17.5,0,0,0,0,-0.00229183,0,0,0,0,0,0,0,0,0,1,68,61,0,0.00034,0.00034,3,5,0,0,0,0,0,0,0,0,0,0,1,0,0,0,0,0,0,0,0,0,0,,0,0,0,0,
END,Total:20
START,FrameNb:46,CameraNb:0,HeSaiNb:0,ARS410Nb:0
2026/08/02 16:23:51:941---->
heightOffset:0,1785659031941,1321528,selfCaliBufCnt:0,selfAccObjCnt:0,selfAccAngle:0,installHAngleOffset:0,Interpolation:0,installVAngleOffset:0,radarOffsetH:0,radarOffsetV:0.32,Polynom:-0.001023;-0.0511;-2.047;0;0;0;-0.001023;-0.0511;-2.047;-25.5;0;0,WheelDirection:0;0;0;0,selfAngleOffset:0,selfAngleOffsetPit:0,currCaliAngleHrz:0,currCaliAnglePit:0,selfCaliAngleHrz:0,selfCaliAnglePit:0,servCaliAngleHrz:0,servCaliAnglePit:0,offlineCaliAngleHrz:0,offlineCaliAnglePit:0,determine2useFlag:0,IMU_Z_Accel:-21.592,IMU_X_AngularRate:-2.093,IMU_Y_AngularRate:-2.093,IMU_RollAngle:-180,IMU_PitchAngle:-180,IMU_YawAngle:-180,FcwID:0,FCWWarningLevel:0,FCWTTC:0
0,2.32,0,30.1,29,0,0,0,8.25,1.37605e-33,0,0,0,-8.5,0,0,0,0,-0.00229183,0,0,0,0,0,0,0,0,0,1,78,54,0,0.00034,0.00034,3,5,0,0,0,0,0,0,0,0,0,0,1,0,1,0,0,0,0,0,0,0,0,,0,0,0,0,
1,2.79,0,-34.05,43.5,0,0,0,1.75,0,0,0,0,6,0,0,0,0,-0.00229183,0,0,0,0,0,0,0,0,0,1,92,54,0,0.00034,0.00034,3,0,0,0,0,0,0,0,0,0,0,0,1,0,1,0,0,0,0,0,0,0,0,,0,0,0,0,
2,3.26,0,13.7,38,0,0,0,2.7,0,0,0,0,-8,0,0,0,0,-0.00229183,0,0,0,0,0,0,0,0,0,1,86,54,0,0.00034,0.00034,3,5,0,0,0,0,0,0,0,0,0,0,1,0,1,0,0,0,0,0,0,0,0,,0,0,0,0,
3,3.62,0,45.8,31.5,0,0,0,-10,0,0,0,0,5,0,0,0,0,-0.00229183,0,0,0,0,0,0,0,0,0,1,80,54,0,0.00034,0.00034,3,5,0,0,0,0,0,0,0,0,0,0,1,0,1,0,0,0,0,0,0,0,0,,0,0,0,0,
4,4.03,0,2.2,41.5,0,0,0,0.55,0,0,0,0,-6.5,0,0,0,0,-0.00229183,0,0,0,0,0,0,0,0,0,1,89,54,0,0.00034,0.00034,3,5,0,0,0,0,0,0,0,0,0,0,1,0,1,0,0,0,0,0,0,0,0,,0,0,0,0,
5,5.16,0,-35.1,34,0,0,0,-3.35,0,0,0,0,-6,0,0,0,0,-0.00229183,0,0,0,0,0,0,0,0,0,1,79,54,0,0.00034,0.00034,3,5,0,0,0,0,0,0,0,0,0,0,1,0,1,0,0,0,0,0,0,0,0,,0,0,0,0,
6,5.16,0,-40.6,34,0,0,0,0.25,0,0,0,0,-3,0,0,0,0,-0.00229183,0,0,0,0,0,0,0,0,0,1,79,54,0,0.00034,0.00034,3,5,0,0,0,0,0,0,0,0,0,0,1,0,1,0,0,0,0,0,0,0,0,,0,0,0,0,
7,5.61,0,-34.6,36,0,0,0,-3.05,0,0,0,0,-4,0,0,0,0,-0.00229183,0,0,0,0,0,0,0,0,0,1,80,54,0,0.00034,0.00034,3,5,0,0,0,0,0,0,0,0,0,0,1,0,1,0,0,0,0,0,0,0,0,,0,0,0,0,
8,5.61,0,-24.1,36,0,0,0,-5.55,0,0,0,0,-9,0,0,0,0,-0.00229183,0,0,0,0,0,0,0,0,0,1,80,54,0,0.00034,0.00034,3,5,0,0,0,0,0,0,0,0,0,0,1,0,1,0,0,0,0,0,0,0,0,,0,0,0,0,
9,5.83,0,-40.85,31,0,0,0,0.3,0,0,0,0,-5.5,0,0,0,0,-0.00229183,0,0,0,0,0,0,0,0,0,1,75,54,0,0.00034,0.00034,3,5,0,0,0,0,0,0,0,0,0,0,1,0,1,0,0,0,0,0,0,0,0,,0,0,0,0,
10,6.63,0,4.9,25,0,0,0,-13.3,0,0,0,0,-23,0,0,0,0,-0.00229183,0,0,0,0,0,0,0,0,0,1,70,54,0,0.00034,0.00034,3,5,0,0,0,0,0,0,0,0,0,0,1,0,1,0,0,0,0,0,0,0,0,,0,0,0,0,
11,7.03,0,-10.15,24.5,0,0,0,2.55,0,0,0,0,-23,0,0,0,0,-0.00229183,0,0,0,0,0,0,0,0,0,1,70,54,0,0.00034,0.00034,3,5,0,0,0,0,0,0,0,0,0,0,1,0,1,0,0,0,0,0,0,0,0,,0,0,0,0,
12,7.65,0,34.85,39.5,0,0,0,6.8,0,0,0,0,5,0,0,0,0,-0.00229183,0,0,0,0,0,0,0,0,0,1,86,54,0,0.00034,0.00034,3,5,0,0,0,0,0,0,0,0,0,0,1,0,1,0,0,0,0,0,0,0,0,,0,0,0,0,
13,8.24,0,-25.1,28.5,0,0,0,11.3,0,0,0,0,-12.5,0,0,0,0,-0.00229183,0,0,0,0,0,0,0,0,0,1,75,54,0,0.00034,0.00034,3,0,0,0,0,0,0,0,0,0,0,0,1,0,1,0,0,0,0,0,0,0,0,,0,0,0,0,
14,8.65,0,69.15,30,0,0,0,-11.55,0,0,0,0,22.5,0,0,0,0,-0.00229183,0,0,0,0,0,0,0,0,0,1,76,54,0,0.00034,0.00034,3,7,0,0,0,0,0,0,0,0,0,0,1,0,1,0,0,0,0,0,0,0,0,,0,0,0,0,
15,8.9,0,-50.9,26.5,0,0,0,-12.35,0,0,0,0,4,0,0,0,0,-0.00229183,0,0,0,0,0,0,0,0,0,1,73,54,0,0.00034,0.00034,3,5,0,0,0,0,0,0,0,0,0,0,1,0,1,0,0,0,0,0,0,0,0,,0,0,0,0,
16,9.38,0,-29.3,23.5,0,0,0,-2.45,0,0,0,0,-14.5,0,0,0,0,-0.00229183,0,0,0,0,0,0,0,0,0,1,70,54,0,0.00034,0.00034,3,5,0,0,0,0,0,0,0,0,0,0,1,0,1,0,0,0,0,0,0,0,0,,0,0,0,0,
17,9.85,0,-28.35,21,0,0,0,-0.75,0,0,0,0,-17.5,0,0,0,0,-0.00229183,0,0,0,0,0,0,0,0,0,1,67,54,0,0.00034,0.00034,3,5,0,0,0,0,0,0,0,0,0,0,1,0,1,0,0,0,0,0,0,0,0,,0,0,0,0,
18,12.16,0,-12.55,27,0,0,0,12.8,0,0,0,0,-16,0,0,0,0,-0.00229183,0,0,0,0,0,0,0,0,0,1,74,54,0,0.00034,0.00034,3,5,0,0,0,0,0,0,0,0,0,0,1,0,1,0,0,0,0,0,0,0,0,,0,0,0,0,
19,13.01,0,-23.05,21.5,0,0,0,-1.75,0,0,0,0,-17.5,0,0,0,0,-0.00229183,0,0,0,0,0,0,0,0,0,1,68,54,0,0.00034,0.00034,3,5,0,0,0,0,0,0,0,0,0,0,1,0,1,0,0,0,0,0,0,0,0,,0,0,0,0,
END,Total:20
START,FrameNb:47,CameraNb:0,HeSaiNb:0,ARS410Nb:0
2026/08/02 16:23:51:980---->
heightOffset:0,1785659031980,1321580,selfCaliBufCnt:0,selfAccObjCnt:0,selfAccAngle:0,installHAngleOffset:0,Interpolation:0,installVAngleOffset:0,radarOffsetH:0,radarOffsetV:0.32,Polynom:-0.001023;-0.0511;-2.047;0;0;0;-0.001023;-0.0511;-2.047;-25.5;0;0,WheelDirection:0;0;0;0,selfAngleOffset:0,selfAngleOffsetPit:0,currCaliAngleHrz:0,currCaliAnglePit:0,selfCaliAngleHrz:0,selfCaliAnglePit:0,servCaliAngleHrz:0,servCaliAnglePit:0,offlineCaliAngleHrz:0,offlineCaliAnglePit:0,determine2useFlag:0,IMU_Z_Accel:-21.592,IMU_X_AngularRate:-2.093,IMU_Y_AngularRate:-2.093,IMU_RollAngle:-180,IMU_PitchAngle:-180,IMU_YawAngle:-180,FcwID:0,FCWWarningLevel:0,FCWTTC:0
0,2.32,0,30.1,29,0,0,0,7.7,1.37605e-33,0,0,0,-8.5,0,0,0,0,-0.00229183,0,0,0,0,0,0,0,0,0,1,78,58,0,0.00034,0.00034,3,5,0,0,0,0,0,0,0,0,0,0,1,0,0,0,0,0,0,0,0,0,0,,0,0,0,0,
1,2.8,0,-34.05,43,0,0,0,1.75,0,0,0,0,6,0,0,0,0,-0.00229183,0,0,0,0,0,0,0,0,0,1,92,58,0,0.00034,0.00034,3,0,0,0,0,0,0,0,0,0,0,0,1,0,0,0,0,0,0,0,0,0,0,,0,0,0,0,
2,3.28,0,13.7,37.5,0,0,0,2.65,0,0,0,0,-8,0,0,0,0,-0.00229183,0,0,0,0,0,0,0,0,0,1,86,58,0,0.00034,0.00034,3,5,0,0,0,0,0,0,0,0,0,0,1,0,0,0,0,0,0,0,0,0,0,,0,0,0,0,
3,3.58,0,45.9,31.5,0,0,0,-10.35,0,0,0,0,5,0,0,0,0,-0.00229183,0,0,0,0,0,0,0,0,0,1,80,58,0,0.00034,0.00034,3,5,0,0,0,0,0,0,0,0,0,0,1,0,0,0,0,0,0,0,0,0,0,,0,0,0,0,
4,4.03,0,2.2,41.5,0,0,0,0.55,0,0,0,0,-6,0,0,0,0,-0.00229183,0,0,0,0,0,0,0,0,0,1,89,58,0,0.00034,0.00034,3,5,0,0,0,0,0,0,0,0,0,0,1,0,0,0,0,0,0,0,0,0,0,,0,0,0,0,
5,5.16,0,-35.05,33.5,0,0,0,-3.3,0,0,0,0,-6,0,0,0,0,-0.00229183,0,0,0,0,0,0,0,0,0,1,79,58,0,0.00034,0.00034,3,5,0,0,0,0,0,0,0,0,0,0,1,0,0,0,0,0,0,0,0,0,0,,0,0,0,0,
6,5.16,0,-40.6,33.5,0,0,0,0.3,0,0,0,0,-3,0,0,0,0,-0.00229183,0,0,0,0,0,0,0,0,0,1,79,58,0,0.00034,0.00034,3,5,0,0,0,0,0,0,0,0,0,0,1,0,0,0,0,0,0,0,0,0,0,,0,0,0,0,
7,5.61,0,-34.7,35.5,0,0,0,-3,0,0,0,0,-4,0,0,0,0,-0.00229183,0,0,0,0,0,0,0,0,0,1,80,58,0,0.00034,0.00034,3,5,0,0,0,0,0,0,0,0,0,0,1,0,0,0,0,0,0,0,0,0,0,,0,0,0,0,
8,5.61,0,-24.2,35.5,0,0,0,-5.55,0,0,0,0,-9,0,0,0,0,-0.00229183,0,0,0,0,0,0,0,0,0,1,80,58,0,0.00034,0.00034,3,5,0,0,0,0,0,0,0,0,0,0,1,0,0,0,0,0,0,0,0,0,0,,0,0,0,0,
9,5.83,0,-40.5,30.5,0,0,0,0.05,0,0,0,0,-6,0,0,0,0,-0.00229183,0,0,0,0,0,0,0,0,0,1,75,58,0,0.00034,0.00034,3,5,0,0,0,0,0,0,0,0,0,0,1,0,0,0,0,0,0,0,0,0,0,,0,0,0,0,
10,6.62,0,-53.55,24.5,0,0,0,-3.2,0,0,0,0,0.5,0,0,0,0,-0.00229183,0,0,0,0,0,0,0,0,0,1,70,58,0,0.00034,0.00034,3,5,0,0,0,0,0,0,0,0,0,0,1,0,0,0,0,0,0,0,0,0,0,,0,0,0,0,
11,7.03,0,-10.05,24.5,0,0,0,2.15,0,0,0,0,-23,0,0,0,0,-0.00229183,0,0,0,0,0,0,0,0,0,1,70,58,0,0.00034,0.00034,3,5,0,0,0,0,0,0,0,0,0,0,1,0,0,0,0,0,0,0,0,0,0,,0,0,0,0,
12,7.66,0,34.9,39.5,0,0,0,6.9,0,0,0,0,5,0,0,0,0,-0.00229183,0,0,0,0,0,0,0,0,0,1,86,58,0,0.00034,0.00034,3,5,0,0,0,0,0,0,0,0,0,0,1,0,0,0,0,0,0,0,0,0,0,,0,0,0,0,
13,8.24,0,-25.15,29,0,0,0,11.9,0,0,0,0,-12,0,0,0,0,-0.00229183,0,0,0,0,0,0,0,0,0,1,75,58,0,0.00034,0.00034,3,0,0,0,0,0,0,0,0,0,0,0,1,0,0,0,0,0,0,0,0,0,0,,0,0,0,0,
14,8.65,0,69.15,30,0,0,0,-11.55,0,0,0,0,22.5,0,0,0,0,-0.00229183,0,0,0,0,0,0,0,0,0,1,76,58,0,0.00034,0.00034,3,7,0,0,0,0,0,0,0,0,0,0,1,0,0,0,0,0,0,0,0,0,0,,0,0,0,0,
15,8.9,0,-50.85,26.5,0,0,0,-12.2,0,0,0,0,4,0,0,0,0,-0.00229183,0,0,0,0,0,0,0,0,0,1,73,58,0,0.00034,0.00034,3,5,0,0,0,0,0,0,0,0,0,0,1,0,0,0,0,0,0,0,0,0,0,,0,0,0,0,
16,9.37,0,-29.2,23,0,0,0,-2.85,0,0,0,0,-15,0,0,0,0,-0.00229183,0,0,0,0,0,0,0,0,0,1,69,58,0,0.00034,0.00034,3,5,0,0,0,0,0,0,0,0,0,0,1,0,0,0,0,0,0,0,0,0,0,,0,0,0,0,
17,9.83,0,-28.3,21,0,0,0,-0.95,0,0,0,0,-17.5,0,0,0,0,-0.00229183,0,0,0,0,0,0,0,0,0,1,68,58,0,0.00034,0.00034,3,5,0,0,0,0,0,0,0,0,0,0,1,0,0,0,0,0,0,0,0,0,0,,0,0,0,0,
18,12.16,0,-12.55,26.5,0,0,0,13.05,0,0,0,0,-16,0,0,0,0,-0.00229183,0,0,0,0,0,0,0,0,0,1,73,58,0,0.00034,0.00034,3,5,0,0,0,0,0,0,0,0,0,0,1,0,0,0,0,0,0,0,0,0,0,,0,0,0,0,
19,13,0,-23.1,21.5,0,0,0,-1.75,0,0,0,0,-17.5,0,0,0,0,-0.00229183,0,0,0,0,0,0,0,0,0,1,68,58,0,0.00034,0.00034,3,5,0,0,0,0,0,0,0,0,0,0,1,0,0,0,0,0,0,0,0,0,0,,0,0,0,0,
END,Total:20
START,FrameNb:48,CameraNb:0,HeSaiNb:0,ARS410Nb:0
2026/08/02 16:23:52:104---->
heightOffset:0,1785659032104,1321640,selfCaliBufCnt:0,selfAccObjCnt:0,selfAccAngle:0,installHAngleOffset:0,Interpolation:0,installVAngleOffset:0,radarOffsetH:0,radarOffsetV:0.32,Polynom:-0.001023;-0.0511;-2.047;0;0;0;-0.001023;-0.0511;-2.047;-25.5;0;0,WheelDirection:0;0;0;0,selfAngleOffset:0,selfAngleOffsetPit:0,currCaliAngleHrz:0,currCaliAnglePit:0,selfCaliAngleHrz:0,selfCaliAnglePit:0,servCaliAngleHrz:0,servCaliAnglePit:0,offlineCaliAngleHrz:0,offlineCaliAnglePit:0,determine2useFlag:0,IMU_Z_Accel:-21.592,IMU_X_AngularRate:-2.093,IMU_Y_AngularRate:-2.093,IMU_RollAngle:-180,IMU_PitchAngle:-180,IMU_YawAngle:-180,FcwID:0,FCWWarningLevel:0,FCWTTC:0
0,2.32,0,30.05,29,0,0,0,8.25,1.37605e-33,0,0,0,-8.5,0,0,0,0,-0.00229183,0,0,0,0,0,0,0,0,0,1,78,54,0,0.00034,0.00034,3,5,0,0,0,0,0,0,0,0,0,0,1,0,1,0,0,0,0,0,0,0,0,,0,0,0,0,
1,2.79,0,-34.05,43.5,0,0,0,1.75,0,0,0,0,6,0,0,0,0,-0.00229183,0,0,0,0,0,0,0,0,0,1,92,54,0,0.00034,0.00034,3,0,0,0,0,0,0,0,0,0,0,0,1,0,1,0,0,0,0,0,0,0,0,,0,0,0,0,
2,3.27,0,13.65,38,0,0,0,2.65,0,0,0,0,-8,0,0,0,0,-0.00229183,0,0,0,0,0,0,0,0,0,1,86,54,0,0.00034,0.00034,3,5,0,0,0,0,0,0,0,0,0,0,1,0,1,0,0,0,0,0,0,0,0,,0,0,0,0,
3,3.62,0,45.85,32,0,0,0,-9.8,0,0,0,0,5,0,0,0,0,-0.00229183,0,0,0,0,0,0,0,0,0,1,80,54,0,0.00034,0.00034,3,5,0,0,0,0,0,0,0,0,0,0,1,0,1,0,0,0,0,0,0,0,0,,0,0,0,0,
4,4.03,0,2.2,41.5,0,0,0,0.55,0,0,0,0,-6.5,0,0,0,0,-0.00229183,0,0,0,0,0,0,0,0,0,1,89,54,0,0.00034,0.00034,3,5,0,0,0,0,0,0,0,0,0,0,1,0,1,0,0,0,0,0,0,0,0,,0,0,0,0,
5,5.16,0,-35.05,34,0,0,0,-3.35,0,0,0,0,-6,0,0,0,0,-0.00229183,0,0,0,0,0,0,0,0,0,1,79,54,0,0.00034,0.00034,3,5,0,0,0,0,0,0,0,0,0,0,1,0,1,0,0,0,0,0,0,0,0,,0,0,0,0,
6,5.16,0,-40.5,34,0,0,0,0.45,0,0,0,0,-3,0,0,0,0,-0.00229183,0,0,0,0,0,0,0,0,0,1,79,54,0,0.00034,0.00034,3,5,0,0,0,0,0,0,0,0,0,0,1,0,1,0,0,0,0,0,0,0,0,,0,0,0,0,
7,5.61,0,-34.6,36,0,0,0,-3.05,0,0,0,0,-4,0,0,0,0,-0.00229183,0,0,0,0,0,0,0,0,0,1,80,54,0,0.00034,0.00034,3,5,0,0,0,0,0,0,0,0,0,0,1,0,1,0,0,0,0,0,0,0,0,,0,0,0,0,
8,5.61,0,-24.1,36,0,0,0,-5.55,0,0,0,0,-9,0,0,0,0,-0.00229183,0,0,0,0,0,0,0,0,0,1,80,54,0,0.00034,0.00034,3,5,0,0,0,0,0,0,0,0,0,0,1,0,1,0,0,0,0,0,0,0,0,,0,0,0,0,
9,5.83,0,-40.55,31,0,0,0,0.2,0,0,0,0,-5.5,0,0,0,0,-0.00229183,0,0,0,0,0,0,0,0,0,1,75,54,0,0.00034,0.00034,3,5,0,0,0,0,0,0,0,0,0,0,1,0,1,0,0,0,0,0,0,0,0,,0,0,0,0,
10,6.61,0,4.8,25,0,0,0,-13.3,0,0,0,0,-23.5,0,0,0,0,-0.00229183,0,0,0,0,0,0,0,0,0,1,70,54,0,0.00034,0.00034,2,-1,0,0,0,0,0,0,0,0,0,0,1,0,1,0,0,0,0,0,0,0,0,,0,0,0,0,
11,7.02,0,-10.55,24.5,0,0,0,2.45,0,0,0,0,-23,0,0,0,0,-0.00229183,0,0,0,0,0,0,0,0,0,1,70,54,0,0.00034,0.00034,3,5,0,0,0,0,0,0,0,0,0,0,1,0,1,0,0,0,0,0,0,0,0,,0,0,0,0,
12,7.66,0,35,39.5,0,0,0,6.45,0,0,0,0,6,0,0,0,0,-0.00229183,0,0,0,0,0,0,0,0,0,1,86,54,0,0.00034,0.00034,3,5,0,0,0,0,0,0,0,0,0,0,1,0,1,0,0,0,0,0,0,0,0,,0,0,0,0,
13,8.25,0,-25.1,29,0,0,0,11.4,0,0,0,0,-12.5,0,0,0,0,-0.00229183,0,0,0,0,0,0,0,0,0,1,75,54,0,0.00034,0.00034,3,0,0,0,0,0,0,0,0,0,0,0,1,0,1,0,0,0,0,0,0,0,0,,0,0,0,0,
14,8.48,0,69.1,30,0,0,0,-11.45,0,0,0,0,22.5,0,0,0,0,-0.00229183,0,0,0,0,0,0,0,0,0,1,76,54,0,0.00034,0.00034,3,7,0,0,0,0,0,0,0,0,0,0,1,0,1,0,0,0,0,0,0,0,0,,0,0,0,0,
15,8.9,0,-32.85,26.5,0,0,0,-0.7,0,0,0,0,-10,0,0,0,0,-0.00229183,0,0,0,0,0,0,0,0,0,1,73,54,0,0.00034,0.00034,3,5,0,0,0,0,0,0,0,0,0,0,1,0,1,0,0,0,0,0,0,0,0,,0,0,0,0,
16,9.38,0,-29.2,23,0,0,0,-2.8,0,0,0,0,-15,0,0,0,0,-0.00229183,0,0,0,0,0,0,0,0,0,1,69,54,0,0.00034,0.00034,3,5,0,0,0,0,0,0,0,0,0,0,1,0,1,0,0,0,0,0,0,0,0,,0,0,0,0,
17,9.84,0,-28.35,21,0,0,0,-0.85,0,0,0,0,-17.5,0,0,0,0,-0.00229183,0,0,0,0,0,0,0,0,0,1,67,54,0,0.00034,0.00034,3,5,0,0,0,0,0,0,0,0,0,0,1,0,1,0,0,0,0,0,0,0,0,,0,0,0,0,
18,12.16,0,-12.5,27,0,0,0,12.55,0,0,0,0,-16,0,0,0,0,-0.00229183,0,0,0,0,0,0,0,0,0,1,73,54,0,0.00034,0.00034,3,5,0,0,0,0,0,0,0,0,0,0,1,0,1,0,0,0,0,0,0,0,0,,0,0,0,0,
19,13.01,0,-23.2,21,0,0,0,-1.75,0,0,0,0,-18,0,0,0,0,-0.00229183,0,0,0,0,0,0,0,0,0,1,67,54,0,0.00034,0.00034,3,5,0,0,0,0,0,0,0,0,0,0,1,0,1,0,0,0,0,0,0,0,0,,0,0,0,0,
END,Total:20
START,FrameNb:49,CameraNb:0,HeSaiNb:0,ARS410Nb:0
2026/08/02 16:23:52:136---->
heightOffset:0,1785659032136,1321692,selfCaliBufCnt:0,selfAccObjCnt:0,selfAccAngle:0,installHAngleOffset:0,Interpolation:0,installVAngleOffset:0,radarOffsetH:0,radarOffsetV:0.32,Polynom:-0.001023;-0.0511;-2.047;0;0;0;-0.001023;-0.0511;-2.047;-25.5;0;0,WheelDirection:0;0;0;0,selfAngleOffset:0,selfAngleOffsetPit:0,currCaliAngleHrz:0,currCaliAnglePit:0,selfCaliAngleHrz:0,selfCaliAnglePit:0,servCaliAngleHrz:0,servCaliAnglePit:0,offlineCaliAngleHrz:0,offlineCaliAnglePit:0,determine2useFlag:0,IMU_Z_Accel:-21.592,IMU_X_AngularRate:-2.093,IMU_Y_AngularRate:-2.093,IMU_RollAngle:-180,IMU_PitchAngle:-180,IMU_YawAngle:-180,FcwID:0,FCWWarningLevel:0,FCWTTC:0
0,2.32,0,30.1,29,0,0,0,7.75,1.37605e-33,0,0,0,-8.5,0,0,0,0,-0.00229183,0,0,0,0,0,0,0,0,0,1,78,58,0,0.00034,0.00034,3,5,0,0,0,0,0,0,0,0,0,0,1,0,0,0,0,0,0,0,0,0,0,,0,0,0,0,
1,2.8,0,-34.05,43,0,0,0,1.75,0,0,0,0,6,0,0,0,0,-0.00229183,0,0,0,0,0,0,0,0,0,1,92,58,0,0.00034,0.00034,3,0,0,0,0,0,0,0,0,0,0,0,1,0,0,0,0,0,0,0,0,0,0,,0,0,0,0,
2,3.27,0,13.7,37.5,0,0,0,2.65,0,0,0,0,-8,0,0,0,0,-0.00229183,0,0,0,0,0,0,0,0,0,1,86,58,0,0.00034,0.00034,3,5,0,0,0,0,0,0,0,0,0,0,1,0,0,0,0,0,0,0,0,0,0,,0,0,0,0,
3,3.58,0,45.85,31.5,0,0,0,-10.3,0,0,0,0,5,0,0,0,0,-0.00229183,0,0,0,0,0,0,0,0,0,1,80,58,0,0.00034,0.00034,3,5,0,0,0,0,0,0,0,0,0,0,1,0,0,0,0,0,0,0,0,0,0,,0,0,0,0,
4,4.03,0,2.2,41.5,0,0,0,0.55,0,0,0,0,-6,0,0,0,0,-0.00229183,0,0,0,0,0,0,0,0,0,1,89,58,0,0.00034,0.00034,3,5,0,0,0,0,0,0,0,0,0,0,1,0,0,0,0,0,0,0,0,0,0,,0,0,0,0,
5,5.16,0,-35.05,34,0,0,0,-3.3,0,0,0,0,-6,0,0,0,0,-0.00229183,0,0,0,0,0,0,0,0,0,1,79,58,0,0.00034,0.00034,3,5,0,0,0,0,0,0,0,0,0,0,1,0,0,0,0,0,0,0,0,0,0,,0,0,0,0,
6,5.16,0,-40.55,34,0,0,0,0.4,0,0,0,0,-3,0,0,0,0,-0.00229183,0,0,0,0,0,0,0,0,0,1,79,58,0,0.00034,0.00034,3,5,0,0,0,0,0,0,0,0,0,0,1,0,0,0,0,0,0,0,0,0,0,,0,0,0,0,
7,5.61,0,-34.7,35.5,0,0,0,-3.1,0,0,0,0,-4,0,0,0,0,-0.00229183,0,0,0,0,0,0,0,0,0,1,80,58,0,0.00034,0.00034,3,5,0,0,0,0,0,0,0,0,0,0,1,0,0,0,0,0,0,0,0,0,0,,0,0,0,0,
8,5.61,0,-24.15,35.5,0,0,0,-5.55,0,0,0,0,-9,0,0,0,0,-0.00229183,0,0,0,0,0,0,0,0,0,1,80,58,0,0.00034,0.00034,3,5,0,0,0,0,0,0,0,0,0,0,1,0,0,0,0,0,0,0,0,0,0,,0,0,0,0,
9,5.83,0,-40.9,30.5,0,0,0,0,0,0,0,0,-5.5,0,0,0,0,-0.00229183,0,0,0,0,0,0,0,0,0,1,75,58,0,0.00034,0.00034,3,5,0,0,0,0,0,0,0,0,0,0,1,0,0,0,0,0,0,0,0,0,0,,0,0,0,0,
10,6.62,0,-53.95,25,0,0,0,-4.7,0,0,0,0,1,0,0,0,0,-0.00229183,0,0,0,0,0,0,0,0,0,1,70,58,0,0.00034,0.00034,3,5,0,0,0,0,0,0,0,0,0,0,1,0,0,0,0,0,0,0,0,0,0,,0,0,0,0,
11,7.03,0,-9.85,24.5,0,0,0,1.75,0,0,0,0,-22.5,0,0,0,0,-0.00229183,0,0,0,0,0,0,0,0,0,1,70,58,0,0.00034,0.00034,3,5,0,0,0,0,0,0,0,0,0,0,1,0,0,0,0,0,0,0,0,0,0,,0,0,0,0,
12,7.66,0,35.05,39.5,0,0,0,6.45,0,0,0,0,6,0,0,0,0,-0.00229183,0,0,0,0,0,0,0,0,0,1,85,58,0,0.00034,0.00034,3,5,0,0,0,0,0,0,0,0,0,0,1,0,0,0,0,0,0,0,0,0,0,,0,0,0,0,
13,8.25,0,-25.2,29,0,0,0,11.4,0,0,0,0,-12,0,0,0,0,-0.00229183,0,0,0,0,0,0,0,0,0,1,75,58,0,0.00034,0.00034,3,0,0,0,0,0,0,0,0,0,0,0,1,0,0,0,0,0,0,0,0,0,0,,0,0,0,0,
14,8.65,0,69.1,30,0,0,0,-11.55,0,0,0,0,22.5,0,0,0,0,-0.00229183,0,0,0,0,0,0,0,0,0,1,76,58,0,0.00034,0.00034,3,7,0,0,0,0,0,0,0,0,0,0,1,0,0,0,0,0,0,0,0,0,0,,0,0,0,0,
15,8.9,0,-32.8,27,0,0,0,-0.55,0,0,0,0,-9.5,0,0,0,0,-0.00229183,0,0,0,0,0,0,0,0,0,1,73,58,0,0.00034,0.00034,3,5,0,0,0,0,0,0,0,0,0,0,1,0,0,0,0,0,0,0,0,0,0,,0,0,0,0,
16,9.38,0,-29.2,23.5,0,0,0,-2.7,0,0,0,0,-15,0,0,0,0,-0.00229183,0,0,0,0,0,0,0,0,0,1,69,58,0,0.00034,0.00034,3,5,0,0,0,0,0,0,0,0,0,0,1,0,0,0,0,0,0,0,0,0,0,,0,0,0,0,
17,9.84,0,-28.35,21,0,0,0,-0.25,0,0,0,0,-17.5,0,0,0,0,-0.00229183,0,0,0,0,0,0,0,0,0,1,67,58,0,0.00034,0.00034,3,5,0,0,0,0,0,0,0,0,0,0,1,0,0,0,0,0,0,0,0,0,0,,0,0,0,0,
18,12.16,0,-12.55,27,0,0,0,13,0,0,0,0,-16,0,0,0,0,-0.00229183,0,0,0,0,0,0,0,0,0,1,73,58,0,0.00034,0.00034,3,5,0,0,0,0,0,0,0,0,0,0,1,0,0,0,0,0,0,0,0,0,0,,0,0,0,0,
19,13,0,-23.15,21.5,0,0,0,-1.85,0,0,0,0,-17.5,0,0,0,0,-0.00229183,0,0,0,0,0,0,0,0,0,1,68,58,0,0.00034,0.00034,3,5,0,0,0,0,0,0,0,0,0,0,1,0,0,0,0,0,0,0,0,0,0,,0,0,0,0,
END,Total:20
START,FrameNb:50,CameraNb:0,HeSaiNb:0,ARS410Nb:0
2026/08/02 16:23:52:184---->
heightOffset:0,1785659032184,1321756,selfCaliBufCnt:0,selfAccObjCnt:0,selfAccAngle:0,installHAngleOffset:0,Interpolation:0,installVAngleOffset:0,radarOffsetH:0,radarOffsetV:0.32,Polynom:-0.001023;-0.0511;-2.047;0;0;0;-0.001023;-0.0511;-2.047;-25.5;0;0,WheelDirection:0;0;0;0,selfAngleOffset:0,selfAngleOffsetPit:0,currCaliAngleHrz:0,currCaliAnglePit:0,selfCaliAngleHrz:0,selfCaliAnglePit:0,servCaliAngleHrz:0,servCaliAnglePit:0,offlineCaliAngleHrz:0,offlineCaliAnglePit:0,determine2useFlag:0,IMU_Z_Accel:-21.592,IMU_X_AngularRate:-2.093,IMU_Y_AngularRate:-2.093,IMU_RollAngle:-180,IMU_PitchAngle:-180,IMU_YawAngle:-180,FcwID:0,FCWWarningLevel:0,FCWTTC:0
0,2.32,0,-35.05,29,0,0,0,2.75,1.37605e-33,0,0,0,-8.5,0,0,0,0,-0.00229183,0,0,0,0,0,0,0,0,0,1,78,57,0,0.00034,0.00034,3,5,0,0,0,0,0,0,0,0,0,0,1,0,1,0,0,0,0,0,0,0,0,,0,0,0,0,
1,2.79,0,-34.05,43,0,0,0,1.75,0,0,0,0,6,0,0,0,0,-0.00229183,0,0,0,0,0,0,0,0,0,1,92,57,0,0.00034,0.00034,3,0,0,0,0,0,0,0,0,0,0,0,1,0,1,0,0,0,0,0,0,0,0,,0,0,0,0,
2,3.27,0,13.65,37.5,0,0,0,2.7,0,0,0,0,-8,0,0,0,0,-0.00229183,0,0,0,0,0,0,0,0,0,1,86,57,0,0.00034,0.00034,3,5,0,0,0,0,0,0,0,0,0,0,1,0,1,0,0,0,0,0,0,0,0,,0,0,0,0,
3,3.59,0,45.35,31.5,0,0,0,-9.2,0,0,0,0,5,0,0,0,0,-0.00229183,0,0,0,0,0,0,0,0,0,1,80,57,0,0.00034,0.00034,3,5,0,0,0,0,0,0,0,0,0,0,1,0,1,0,0,0,0,0,0,0,0,,0,0,0,0,
4,4.03,0,2.2,41.5,0,0,0,0.55,0,0,0,0,-6.5,0,0,0,0,-0.00229183,0,0,0,0,0,0,0,0,0,1,89,57,0,0.00034,0.00034,3,5,0,0,0,0,0,0,0,0,0,0,1,0,1,0,0,0,0,0,0,0,0,,0,0,0,0,
5,5.17,0,-35.05,34,0,0,0,-3.3,0,0,0,0,-6,0,0,0,0,-0.00229183,0,0,0,0,0,0,0,0,0,1,79,57,0,0.00034,0.00034,3,5,0,0,0,0,0,0,0,0,0,0,1,0,1,0,0,0,0,0,0,0,0,,0,0,0,0,
6,5.17,0,-40.55,34,0,0,0,0.3,0,0,0,0,-3,0,0,0,0,-0.00229183,0,0,0,0,0,0,0,0,0,1,79,57,0,0.00034,0.00034,3,5,0,0,0,0,0,0,0,0,0,0,1,0,1,0,0,0,0,0,0,0,0,,0,0,0,0,
7,5.61,0,-34.6,35.5,0,0,0,-3.1,0,0,0,0,-4,0,0,0,0,-0.00229183,0,0,0,0,0,0,0,0,0,1,80,57,0,0.00034,0.00034,3,5,0,0,0,0,0,0,0,0,0,0,1,0,1,0,0,0,0,0,0,0,0,,0,0,0,0,
8,5.61,0,-24.1,35.5,0,0,0,-5.55,0,0,0,0,-9,0,0,0,0,-0.00229183,0,0,0,0,0,0,0,0,0,1,80,57,0,0.00034,0.00034,3,5,0,0,0,0,0,0,0,0,0,0,1,0,1,0,0,0,0,0,0,0,0,,0,0,0,0,
9,5.83,0,-40.8,30.5,0,0,0,0.15,0,0,0,0,-5.5,0,0,0,0,-0.00229183,0,0,0,0,0,0,0,0,0,1,75,57,0,0.00034,0.00034,3,5,0,0,0,0,0,0,0,0,0,0,1,0,1,0,0,0,0,0,0,0,0,,0,0,0,0,
10,6.61,0,-53.45,24.5,0,0,0,-3.35,0,0,0,0,0.5,0,0,0,0,-0.00229183,0,0,0,0,0,0,0,0,0,1,70,57,0,0.00034,0.00034,3,5,0,0,0,0,0,0,0,0,0,0,1,0,1,0,0,0,0,0,0,0,0,,0,0,0,0,
11,7.04,0,-10.35,24,0,0,0,2.55,0,0,0,0,-23,0,0,0,0,-0.00229183,0,0,0,0,0,0,0,0,0,1,70,57,0,0.00034,0.00034,3,5,0,0,0,0,0,0,0,0,0,0,1,0,1,0,0,0,0,0,0,0,0,,0,0,0,0,
12,7.66,0,35,39.5,0,0,0,6.3,0,0,0,0,6,0,0,0,0,-0.00229183,0,0,0,0,0,0,0,0,0,1,86,57,0,0.00034,0.00034,3,5,0,0,0,0,0,0,0,0,0,0,1,0,1,0,0,0,0,0,0,0,0,,0,0,0,0,
13,8.25,0,-25.1,28.5,0,0,0,11.25,0,0,0,0,-12,0,0,0,0,-0.00229183,0,0,0,0,0,0,0,0,0,1,75,57,0,0.00034,0.00034,3,0,0,0,0,0,0,0,0,0,0,0,1,0,1,0,0,0,0,0,0,0,0,,0,0,0,0,
14,8.48,0,69.15,30,0,0,0,-11.55,0,0,0,0,22.5,0,0,0,0,-0.00229183,0,0,0,0,0,0,0,0,0,1,76,57,0,0.00034,0.00034,3,7,0,0,0,0,0,0,0,0,0,0,1,0,1,0,0,0,0,0,0,0,0,,0,0,0,0,
15,8.9,0,-32.8,26.5,0,0,0,-0.8,0,0,0,0,-10,0,0,0,0,-0.00229183,0,0,0,0,0,0,0,0,0,1,73,57,0,0.00034,0.00034,3,5,0,0,0,0,0,0,0,0,0,0,1,0,1,0,0,0,0,0,0,0,0,,0,0,0,0,
16,9.39,0,-29.3,23,0,0,0,-2.55,0,0,0,0,-15,0,0,0,0,-0.00229183,0,0,0,0,0,0,0,0,0,1,69,57,0,0.00034,0.00034,3,5,0,0,0,0,0,0,0,0,0,0,1,0,1,0,0,0,0,0,0,0,0,,0,0,0,0,
17,9.84,0,-28.3,21,0,0,0,-0.6,0,0,0,0,-17.5,0,0,0,0,-0.00229183,0,0,0,0,0,0,0,0,0,1,68,57,0,0.00034,0.00034,3,5,0,0,0,0,0,0,0,0,0,0,1,0,1,0,0,0,0,0,0,0,0,,0,0,0,0,
18,12.16,0,-12.45,27,0,0,0,12.8,0,0,0,0,-16,0,0,0,0,-0.00229183,0,0,0,0,0,0,0,0,0,1,73,57,0,0.00034,0.00034,3,5,0,0,0,0,0,0,0,0,0,0,1,0,1,0,0,0,0,0,0,0,0,,0,0,0,0,
19,13.01,0,-23.2,21.5,0,0,0,-1.75,0,0,0,0,-17.5,0,0,0,0,-0.00229183,0,0,0,0,0,0,0,0,0,1,68,57,0,0.00034,0.00034,3,5,0,0,0,0,0,0,0,0,0,0,1,0,1,0,0,0,0,0,0,0,0,,0,0,0,0,
END,Total:20
START,FrameNb:51,CameraNb:0,HeSaiNb:0,ARS410Nb:0
2026/08/02 16:23:52:245---->
heightOffset:0,1785659032245,1321812,selfCaliBufCnt:0,selfAccObjCnt:0,selfAccAngle:0,installHAngleOffset:0,Interpolation:0,installVAngleOffset:0,radarOffsetH:0,radarOffsetV:0.32,Polynom:-0.001023;-0.0511;-2.047;0;0;0;-0.001023;-0.0511;-2.047;-25.5;0;0,WheelDirection:0;0;0;0,selfAngleOffset:0,selfAngleOffsetPit:0,currCaliAngleHrz:0,currCaliAnglePit:0,selfCaliAngleHrz:0,selfCaliAnglePit:0,servCaliAngleHrz:0,servCaliAnglePit:0,offlineCaliAngleHrz:0,offlineCaliAnglePit:0,determine2useFlag:0,IMU_Z_Accel:-21.592,IMU_X_AngularRate:-2.093,IMU_Y_AngularRate:-2.093,IMU_RollAngle:-180,IMU_PitchAngle:-180,IMU_YawAngle:-180,FcwID:0,FCWWarningLevel:0,FCWTTC:0
0,2.32,0,30.1,29,0,0,0,7.75,1.37605e-33,0,0,0,-8.5,0,0,0,0,-0.00229183,0,0,0,0,0,0,0,0,0,1,78,63,0,0.00034,0.00034,3,5,0,0,0,0,0,0,0,0,0,0,1,0,0,0,0,0,0,0,0,0,0,,0,0,0,0,
1,2.8,0,-34.05,43.5,0,0,0,1.75,0,0,0,0,6,0,0,0,0,-0.00229183,0,0,0,0,0,0,0,0,0,1,92,63,0,0.00034,0.00034,3,0,0,0,0,0,0,0,0,0,0,0,1,0,0,0,0,0,0,0,0,0,0,,0,0,0,0,
2,3.27,0,13.7,37.5,0,0,0,2.65,0,0,0,0,-8,0,0,0,0,-0.00229183,0,0,0,0,0,0,0,0,0,1,86,63,0,0.00034,0.00034,3,5,0,0,0,0,0,0,0,0,0,0,1,0,0,0,0,0,0,0,0,0,0,,0,0,0,0,
3,3.58,0,45.7,32,0,0,0,-9.75,0,0,0,0,5,0,0,0,0,-0.00229183,0,0,0,0,0,0,0,0,0,1,80,63,0,0.00034,0.00034,3,5,0,0,0,0,0,0,0,0,0,0,1,0,0,0,0,0,0,0,0,0,0,,0,0,0,0,
4,4.03,0,2.2,41.5,0,0,0,0.55,0,0,0,0,-6,0,0,0,0,-0.00229183,0,0,0,0,0,0,0,0,0,1,89,63,0,0.00034,0.00034,3,5,0,0,0,0,0,0,0,0,0,0,1,0,0,0,0,0,0,0,0,0,0,,0,0,0,0,
5,5.16,0,-35.05,33.5,0,0,0,-3.35,0,0,0,0,-6,0,0,0,0,-0.00229183,0,0,0,0,0,0,0,0,0,1,79,63,0,0.00034,0.00034,3,5,0,0,0,0,0,0,0,0,0,0,1,0,0,0,0,0,0,0,0,0,0,,0,0,0,0,
6,5.16,0,-40.6,33.5,0,0,0,0.4,0,0,0,0,-3,0,0,0,0,-0.00229183,0,0,0,0,0,0,0,0,0,1,79,63,0,0.00034,0.00034,3,5,0,0,0,0,0,0,0,0,0,0,1,0,0,0,0,0,0,0,0,0,0,,0,0,0,0,
7,5.61,0,-34.7,35.5,0,0,0,-3.1,0,0,0,0,-4,0,0,0,0,-0.00229183,0,0,0,0,0,0,0,0,0,1,80,63,0,0.00034,0.00034,3,5,0,0,0,0,0,0,0,0,0,0,1,0,0,0,0,0,0,0,0,0,0,,0,0,0,0,
8,5.61,0,-24.15,35.5,0,0,0,-5.55,0,0,0,0,-9,0,0,0,0,-0.00229183,0,0,0,0,0,0,0,0,0,1,80,63,0,0.00034,0.00034,3,5,0,0,0,0,0,0,0,0,0,0,1,0,0,0,0,0,0,0,0,0,0,,0,0,0,0,
9,5.83,0,-40.4,30.5,0,0,0,0,0,0,0,0,-5.5,0,0,0,0,-0.00229183,0,0,0,0,0,0,0,0,0,1,75,63,0,0.00034,0.00034,3,5,0,0,0,0,0,0,0,0,0,0,1,0,0,0,0,0,0,0,0,0,0,,0,0,0,0,
10,6.61,0,-53.6,25,0,0,0,-2.6,0,0,0,0,0.5,0,0,0,0,-0.00229183,0,0,0,0,0,0,0,0,0,1,70,63,0,0.00034,0.00034,3,5,0,0,0,0,0,0,0,0,0,0,1,0,0,0,0,0,0,0,0,0,0,,0,0,0,0,
11,7.03,0,-10.15,24.5,0,0,0,2.2,0,0,0,0,-23,0,0,0,0,-0.00229183,0,0,0,0,0,0,0,0,0,1,70,63,0,0.00034,0.00034,3,5,0,0,0,0,0,0,0,0,0,0,1,0,0,0,0,0,0,0,0,0,0,,0,0,0,0,
12,7.66,0,34.95,39.5,0,0,0,6.3,0,0,0,0,5,0,0,0,0,-0.00229183,0,0,0,0,0,0,0,0,0,1,86,63,0,0.00034,0.00034,3,5,0,0,0,0,0,0,0,0,0,0,1,0,0,0,0,0,0,0,0,0,0,,0,0,0,0,
13,8.24,0,-25.15,29,0,0,0,11.65,0,0,0,0,-12,0,0,0,0,-0.00229183,0,0,0,0,0,0,0,0,0,1,75,63,0,0.00034,0.00034,3,0,0,0,0,0,0,0,0,0,0,0,1,0,0,0,0,0,0,0,0,0,0,,0,0,0,0,
14,8.65,0,69.15,30,0,0,0,-11.55,0,0,0,0,22.5,0,0,0,0,-0.00229183,0,0,0,0,0,0,0,0,0,1,76,63,0,0.00034,0.00034,3,7,0,0,0,0,0,0,0,0,0,0,1,0,0,0,0,0,0,0,0,0,0,,0,0,0,0,
15,8.9,0,-32.7,26.5,0,0,0,-0.7,0,0,0,0,-10,0,0,0,0,-0.00229183,0,0,0,0,0,0,0,0,0,1,73,63,0,0.00034,0.00034,3,5,0,0,0,0,0,0,0,0,0,0,1,0,0,0,0,0,0,0,0,0,0,,0,0,0,0,
16,9.39,0,-29.2,23,0,0,0,-2.55,0,0,0,0,-15,0,0,0,0,-0.00229183,0,0,0,0,0,0,0,0,0,1,69,63,0,0.00034,0.00034,3,5,0,0,0,0,0,0,0,0,0,0,1,0,0,0,0,0,0,0,0,0,0,,0,0,0,0,
17,9.86,0,-28.4,21,0,0,0,-0.6,0,0,0,0,-17.5,0,0,0,0,-0.00229183,0,0,0,0,0,0,0,0,0,1,67,63,0,0.00034,0.00034,3,5,0,0,0,0,0,0,0,0,0,0,1,0,0,0,0,0,0,0,0,0,0,,0,0,0,0,
18,12.16,0,-12.6,27,0,0,0,12.9,0,0,0,0,-16,0,0,0,0,-0.00229183,0,0,0,0,0,0,0,0,0,1,73,63,0,0.00034,0.00034,3,5,0,0,0,0,0,0,0,0,0,0,1,0,0,0,0,0,0,0,0,0,0,,0,0,0,0,
19,13.01,0,-23.1,21.5,0,0,0,-1.95,0,0,0,0,-17.5,0,0,0,0,-0.00229183,0,0,0,0,0,0,0,0,0,1,68,63,0,0.00034,0.00034,3,5,0,0,0,0,0,0,0,0,0,0,1,0,0,0,0,0,0,0,0,0,0,,0,0,0,0,
END,Total:20
START,FrameNb:52,CameraNb:0,HeSaiNb:0,ARS410Nb:0
2026/08/02 16:23:52:304---->
heightOffset:0,1785659032304,1321872,selfCaliBufCnt:0,selfAccObjCnt:0,selfAccAngle:0,installHAngleOffset:0,Interpolation:0,installVAngleOffset:0,radarOffsetH:0,radarOffsetV:0.32,Polynom:-0.001023;-0.0511;-2.047;0;0;0;-0.001023;-0.0511;-2.047;-25.5;0;0,WheelDirection:0;0;0;0,selfAngleOffset:0,selfAngleOffsetPit:0,currCaliAngleHrz:0,currCaliAnglePit:0,selfCaliAngleHrz:0,selfCaliAnglePit:0,servCaliAngleHrz:0,servCaliAnglePit:0,offlineCaliAngleHrz:0,offlineCaliAnglePit:0,determine2useFlag:0,IMU_Z_Accel:-21.592,IMU_X_AngularRate:-2.093,IMU_Y_AngularRate:-2.093,IMU_RollAngle:-180,IMU_PitchAngle:-180,IMU_YawAngle:-180,FcwID:0,FCWWarningLevel:0,FCWTTC:0
0,2.32,0,30.05,29,0,0,0,8.25,1.37605e-33,0,0,0,-8.5,0,0,0,0,-0.00229183,0,0,0,0,0,0,0,0,0,1,78,56,0,0.00034,0.00034,3,5,0,0,0,0,0,0,0,0,0,0,1,0,1,0,0,0,0,0,0,0,0,,0,0,0,0,
1,2.8,0,-34.05,43,0,0,0,1.75,0,0,0,0,6,0,0,0,0,-0.00229183,0,0,0,0,0,0,0,0,0,1,92,56,0,0.00034,0.00034,3,0,0,0,0,0,0,0,0,0,0,0,1,0,1,0,0,0,0,0,0,0,0,,0,0,0,0,
2,3.27,0,13.65,37.5,0,0,0,2.7,0,0,0,0,-8,0,0,0,0,-0.00229183,0,0,0,0,0,0,0,0,0,1,86,56,0,0.00034,0.00034,3,5,0,0,0,0,0,0,0,0,0,0,1,0,1,0,0,0,0,0,0,0,0,,0,0,0,0,
3,3.67,0,45.55,31.5,0,0,0,-9.3,0,0,0,0,5,0,0,0,0,-0.00229183,0,0,0,0,0,0,0,0,0,1,80,56,0,0.00034,0.00034,3,5,0,0,0,0,0,0,0,0,0,0,1,0,1,0,0,0,0,0,0,0,0,,0,0,0,0,
4,4.03,0,2.2,41.5,0,0,0,0.65,0,0,0,0,-6.5,0,0,0,0,-0.00229183,0,0,0,0,0,0,0,0,0,1,89,56,0,0.00034,0.00034,3,5,0,0,0,0,0,0,0,0,0,0,1,0,1,0,0,0,0,0,0,0,0,,0,0,0,0,
5,5.17,0,-35.05,34,0,0,0,-3.35,0,0,0,0,-6,0,0,0,0,-0.00229183,0,0,0,0,0,0,0,0,0,1,79,56,0,0.00034,0.00034,3,5,0,0,0,0,0,0,0,0,0,0,1,0,1,0,0,0,0,0,0,0,0,,0,0,0,0,
6,5.17,0,-40.55,34,0,0,0,0.4,0,0,0,0,-3,0,0,0,0,-0.00229183,0,0,0,0,0,0,0,0,0,1,79,56,0,0.00034,0.00034,3,5,0,0,0,0,0,0,0,0,0,0,1,0,1,0,0,0,0,0,0,0,0,,0,0,0,0,
7,5.61,0,-34.6,35.5,0,0,0,-3.05,0,0,0,0,-4,0,0,0,0,-0.00229183,0,0,0,0,0,0,0,0,0,1,80,56,0,0.00034,0.00034,3,5,0,0,0,0,0,0,0,0,0,0,1,0,1,0,0,0,0,0,0,0,0,,0,0,0,0,
8,5.61,0,-24.1,35.5,0,0,0,-5.6,0,0,0,0,-9,0,0,0,0,-0.00229183,0,0,0,0,0,0,0,0,0,1,80,56,0,0.00034,0.00034,3,5,0,0,0,0,0,0,0,0,0,0,1,0,1,0,0,0,0,0,0,0,0,,0,0,0,0,
9,5.83,0,-40.95,30.5,0,0,0,0.2,0,0,0,0,-6,0,0,0,0,-0.00229183,0,0,0,0,0,0,0,0,0,1,75,56,0,0.00034,0.00034,3,5,0,0,0,0,0,0,0,0,0,0,1,0,1,0,0,0,0,0,0,0,0,,0,0,0,0,
10,6.62,0,4.95,24.5,0,0,0,-13.2,0,0,0,0,-23.5,0,0,0,0,-0.00229183,0,0,0,0,0,0,0,0,0,1,70,56,0,0.00034,0.00034,2,-1,0,0,0,0,0,0,0,0,0,0,1,0,1,0,0,0,0,0,0,0,0,,0,0,0,0,
11,7.03,0,-33.4,24.5,0,0,0,7.9,0,0,0,0,-14,0,0,0,0,-0.00229183,0,0,0,0,0,0,0,0,0,1,70,56,0,0.00034,0.00034,3,5,0,0,0,0,0,0,0,0,0,0,1,0,1,0,0,0,0,0,0,0,0,,0,0,0,0,
12,7.66,0,34.95,39.5,0,0,0,6.3,0,0,0,0,5,0,0,0,0,-0.00229183,0,0,0,0,0,0,0,0,0,1,85,56,0,0.00034,0.00034,3,5,0,0,0,0,0,0,0,0,0,0,1,0,1,0,0,0,0,0,0,0,0,,0,0,0,0,
13,8.24,0,-25.1,29,0,0,0,11.4,0,0,0,0,-12,0,0,0,0,-0.00229183,0,0,0,0,0,0,0,0,0,1,75,56,0,0.00034,0.00034,3,0,0,0,0,0,0,0,0,0,0,0,1,0,1,0,0,0,0,0,0,0,0,,0,0,0,0,
14,8.48,0,69.15,30,0,0,0,-11.45,0,0,0,0,22.5,0,0,0,0,-0.00229183,0,0,0,0,0,0,0,0,0,1,76,56,0,0.00034,0.00034,3,7,0,0,0,0,0,0,0,0,0,0,1,0,1,0,0,0,0,0,0,0,0,,0,0,0,0,
15,8.9,0,-32.7,26.5,0,0,0,-0.7,0,0,0,0,-10,0,0,0,0,-0.00229183,0,0,0,0,0,0,0,0,0,1,72,56,0,0.00034,0.00034,3,5,0,0,0,0,0,0,0,0,0,0,1,0,1,0,0,0,0,0,0,0,0,,0,0,0,0,
16,9.39,0,-29.3,23,0,0,0,-2.55,0,0,0,0,-15,0,0,0,0,-0.00229183,0,0,0,0,0,0,0,0,0,1,69,56,0,0.00034,0.00034,3,5,0,0,0,0,0,0,0,0,0,0,1,0,1,0,0,0,0,0,0,0,0,,0,0,0,0,
17,9.85,0,-28.3,21,0,0,0,-0.8,0,0,0,0,-17.5,0,0,0,0,-0.00229183,0,0,0,0,0,0,0,0,0,1,67,56,0,0.00034,0.00034,3,5,0,0,0,0,0,0,0,0,0,0,1,0,1,0,0,0,0,0,0,0,0,,0,0,0,0,
18,12.16,0,-12.55,27,0,0,0,12.75,0,0,0,0,-16,0,0,0,0,-0.00229183,0,0,0,0,0,0,0,0,0,1,73,56,0,0.00034,0.00034,3,5,0,0,0,0,0,0,0,0,0,0,1,0,1,0,0,0,0,0,0,0,0,,0,0,0,0,
19,13.01,0,-23.1,21.5,0,0,0,-1.8,0,0,0,0,-17.5,0,0,0,0,-0.00229183,0,0,0,0,0,0,0,0,0,1,68,56,0,0.00034,0.00034,3,5,0,0,0,0,0,0,0,0,0,0,1,0,1,0,0,0,0,0,0,0,0,,0,0,0,0,
END,Total:20
START,FrameNb:53,CameraNb:0,HeSaiNb:0,ARS410Nb:0
2026/08/02 16:23:52:333---->
heightOffset:0,1785659032333,1321928,selfCaliBufCnt:0,selfAccObjCnt:0,selfAccAngle:0,installHAngleOffset:0,Interpolation:0,installVAngleOffset:0,radarOffsetH:0,radarOffsetV:0.32,Polynom:-0.001023;-0.0511;-2.047;0;0;0;-0.001023;-0.0511;-2.047;-25.5;0;0,WheelDirection:0;0;0;0,selfAngleOffset:0,selfAngleOffsetPit:0,currCaliAngleHrz:0,currCaliAnglePit:0,selfCaliAngleHrz:0,selfCaliAnglePit:0,servCaliAngleHrz:0,servCaliAnglePit:0,offlineCaliAngleHrz:0,offlineCaliAnglePit:0,determine2useFlag:0,IMU_Z_Accel:-21.592,IMU_X_AngularRate:-2.093,IMU_Y_AngularRate:-2.093,IMU_RollAngle:-180,IMU_PitchAngle:-180,IMU_YawAngle:-180,FcwID:0,FCWWarningLevel:0,FCWTTC:0
0,2.32,0,30.1,29,0,0,0,7.7,1.37605e-33,0,0,0,-8.5,0,0,0,0,-0.00229183,0,0,0,0,0,0,0,0,0,1,78,58,0,0.00034,0.00034,3,5,0,0,0,0,0,0,0,0,0,0,1,0,0,0,0,0,0,0,0,0,0,,0,0,0,0,
1,2.8,0,-34.05,43.5,0,0,0,1.75,0,0,0,0,6,0,0,0,0,-0.00229183,0,0,0,0,0,0,0,0,0,1,92,58,0,0.00034,0.00034,3,0,0,0,0,0,0,0,0,0,0,0,1,0,0,0,0,0,0,0,0,0,0,,0,0,0,0,
2,3.27,0,13.7,37.5,0,0,0,2.65,0,0,0,0,-8,0,0,0,0,-0.00229183,0,0,0,0,0,0,0,0,0,1,86,58,0,0.00034,0.00034,3,5,0,0,0,0,0,0,0,0,0,0,1,0,0,0,0,0,0,0,0,0,0,,0,0,0,0,
3,3.58,0,45.85,32,0,0,0,-10.2,0,0,0,0,5,0,0,0,0,-0.00229183,0,0,0,0,0,0,0,0,0,1,80,58,0,0.00034,0.00034,3,5,0,0,0,0,0,0,0,0,0,0,1,0,0,0,0,0,0,0,0,0,0,,0,0,0,0,
4,4.03,0,2.2,41.5,0,0,0,0.55,0,0,0,0,-6,0,0,0,0,-0.00229183,0,0,0,0,0,0,0,0,0,1,89,58,0,0.00034,0.00034,3,5,0,0,0,0,0,0,0,0,0,0,1,0,0,0,0,0,0,0,0,0,0,,0,0,0,0,
5,5.16,0,-35.1,34,0,0,0,-3.35,0,0,0,0,-6,0,0,0,0,-0.00229183,0,0,0,0,0,0,0,0,0,1,79,58,0,0.00034,0.00034,3,5,0,0,0,0,0,0,0,0,0,0,1,0,0,0,0,0,0,0,0,0,0,,0,0,0,0,
6,5.16,0,-40.6,34,0,0,0,0.4,0,0,0,0,-3,0,0,0,0,-0.00229183,0,0,0,0,0,0,0,0,0,1,79,58,0,0.00034,0.00034,3,5,0,0,0,0,0,0,0,0,0,0,1,0,0,0,0,0,0,0,0,0,0,,0,0,0,0,
7,5.61,0,-34.7,35.5,0,0,0,-3.1,0,0,0,0,-4,0,0,0,0,-0.00229183,0,0,0,0,0,0,0,0,0,1,80,58,0,0.00034,0.00034,3,5,0,0,0,0,0,0,0,0,0,0,1,0,0,0,0,0,0,0,0,0,0,,0,0,0,0,
8,5.61,0,-24.15,35.5,0,0,0,-5.45,0,0,0,0,-9,0,0,0,0,-0.00229183,0,0,0,0,0,0,0,0,0,1,80,58,0,0.00034,0.00034,3,5,0,0,0,0,0,0,0,0,0,0,1,0,0,0,0,0,0,0,0,0,0,,0,0,0,0,
9,5.83,0,-40.6,30.5,0,0,0,0.05,0,0,0,0,-5.5,0,0,0,0,-0.00229183,0,0,0,0,0,0,0,0,0,1,76,58,0,0.00034,0.00034,3,5,0,0,0,0,0,0,0,0,0,0,1,0,0,0,0,0,0,0,0,0,0,,0,0,0,0,
10,6.63,0,4.9,24.5,0,0,0,-13.45,0,0,0,0,-23,0,0,0,0,-0.00229183,0,0,0,0,0,0,0,0,0,1,70,58,0,0.00034,0.00034,3,5,0,0,0,0,0,0,0,0,0,0,1,0,0,0,0,0,0,0,0,0,0,,0,0,0,0,
11,7.03,0,-10.35,24.5,0,0,0,2.3,0,0,0,0,-23,0,0,0,0,-0.00229183,0,0,0,0,0,0,0,0,0,1,70,58,0,0.00034,0.00034,3,5,0,0,0,0,0,0,0,0,0,0,1,0,0,0,0,0,0,0,0,0,0,,0,0,0,0,
12,7.66,0,34.85,39.5,0,0,0,6.3,0,0,0,0,5,0,0,0,0,-0.00229183,0,0,0,0,0,0,0,0,0,1,85,58,0,0.00034,0.00034,3,5,0,0,0,0,0,0,0,0,0,0,1,0,0,0,0,0,0,0,0,0,0,,0,0,0,0,
13,8.25,0,-25.1,29,0,0,0,11.65,0,0,0,0,-12,0,0,0,0,-0.00229183,0,0,0,0,0,0,0,0,0,1,75,58,0,0.00034,0.00034,3,0,0,0,0,0,0,0,0,0,0,0,1,0,0,0,0,0,0,0,0,0,0,,0,0,0,0,
14,8.64,0,69.15,30,0,0,0,-11.55,0,0,0,0,22.5,0,0,0,0,-0.00229183,0,0,0,0,0,0,0,0,0,1,76,58,0,0.00034,0.00034,3,7,0,0,0,0,0,0,0,0,0,0,1,0,0,0,0,0,0,0,0,0,0,,0,0,0,0,
15,8.9,0,-32.8,26.5,0,0,0,-0.25,0,0,0,0,-10,0,0,0,0,-0.00229183,0,0,0,0,0,0,0,0,0,1,73,58,0,0.00034,0.00034,3,5,0,0,0,0,0,0,0,0,0,0,1,0,0,0,0,0,0,0,0,0,0,,0,0,0,0,
16,9.39,0,-29.2,23,0,0,0,-2.55,0,0,0,0,-15,0,0,0,0,-0.00229183,0,0,0,0,0,0,0,0,0,1,69,58,0,0.00034,0.00034,3,5,0,0,0,0,0,0,0,0,0,0,1,0,0,0,0,0,0,0,0,0,0,,0,0,0,0,
17,9.86,0,-28.4,21,0,0,0,-0.55,0,0,0,0,-18,0,0,0,0,-0.00229183,0,0,0,0,0,0,0,0,0,1,67,58,0,0.00034,0.00034,3,5,0,0,0,0,0,0,0,0,0,0,1,0,0,0,0,0,0,0,0,0,0,,0,0,0,0,
18,12.16,0,-12.55,26.5,0,0,0,13.15,0,0,0,0,-16.5,0,0,0,0,-0.00229183,0,0,0,0,0,0,0,0,0,1,73,58,0,0.00034,0.00034,3,5,0,0,0,0,0,0,0,0,0,0,1,0,0,0,0,0,0,0,0,0,0,,0,0,0,0,
19,13,0,-23.15,22,0,0,0,-1.8,0,0,0,0,-17.5,0,0,0,0,-0.00229183,0,0,0,0,0,0,0,0,0,1,68,58,0,0.00034,0.00034,3,5,0,0,0,0,0,0,0,0,0,0,1,0,0,0,0,0,0,0,0,0,0,,0,0,0,0,
END,Total:20
START,FrameNb:54,CameraNb:0,HeSaiNb:0,ARS410Nb:0
2026/08/02 16:23:52:448---->
heightOffset:0,1785659032448,1321984,selfCaliBufCnt:0,selfAccObjCnt:0,selfAccAngle:0,installHAngleOffset:0,Interpolation:0,installVAngleOffset:0,radarOffsetH:0,radarOffsetV:0.32,Polynom:-0.001023;-0.0511;-2.047;0;0;0;-0.001023;-0.0511;-2.047;-25.5;0;0,WheelDirection:0;0;0;0,selfAngleOffset:0,selfAngleOffsetPit:0,currCaliAngleHrz:0,currCaliAnglePit:0,selfCaliAngleHrz:0,selfCaliAnglePit:0,servCaliAngleHrz:0,servCaliAnglePit:0,offlineCaliAngleHrz:0,offlineCaliAnglePit:0,determine2useFlag:0,IMU_Z_Accel:-21.592,IMU_X_AngularRate:-2.093,IMU_Y_AngularRate:-2.093,IMU_RollAngle:-180,IMU_PitchAngle:-180,IMU_YawAngle:-180,FcwID:0,FCWWarningLevel:0,FCWTTC:0
0,2.32,0,30.1,29,0,0,0,8.2,1.37605e-33,0,0,0,-9,0,0,0,0,-0.00229183,0,0,0,0,0,0,0,0,0,1,78,54,0,0.00034,0.00034,3,5,0,0,0,0,0,0,0,0,0,0,1,0,1,0,0,0,0,0,0,0,0,,0,0,0,0,
1,2.8,0,-34.05,43.5,0,0,0,1.75,0,0,0,0,6,0,0,0,0,-0.00229183,0,0,0,0,0,0,0,0,0,1,92,54,0,0.00034,0.00034,3,0,0,0,0,0,0,0,0,0,0,0,1,0,1,0,0,0,0,0,0,0,0,,0,0,0,0,
2,3.26,0,13.65,38,0,0,0,2.65,0,0,0,0,-8,0,0,0,0,-0.00229183,0,0,0,0,0,0,0,0,0,1,86,54,0,0.00034,0.00034,3,5,0,0,0,0,0,0,0,0,0,0,1,0,1,0,0,0,0,0,0,0,0,,0,0,0,0,
3,3.6,0,45.7,32,0,0,0,-9.25,0,0,0,0,5,0,0,0,0,-0.00229183,0,0,0,0,0,0,0,0,0,1,80,54,0,0.00034,0.00034,3,5,0,0,0,0,0,0,0,0,0,0,1,0,1,0,0,0,0,0,0,0,0,,0,0,0,0,
4,4.03,0,2.2,41.5,0,0,0,0.65,0,0,0,0,-6.5,0,0,0,0,-0.00229183,0,0,0,0,0,0,0,0,0,1,89,54,0,0.00034,0.00034,3,5,0,0,0,0,0,0,0,0,0,0,1,0,1,0,0,0,0,0,0,0,0,,0,0,0,0,
5,5.16,0,-35.1,34,0,0,0,-3.35,0,0,0,0,-6,0,0,0,0,-0.00229183,0,0,0,0,0,0,0,0,0,1,79,54,0,0.00034,0.00034,3,5,0,0,0,0,0,0,0,0,0,0,1,0,1,0,0,0,0,0,0,0,0,,0,0,0,0,
6,5.16,0,-40.6,34,0,0,0,0.3,0,0,0,0,-3,0,0,0,0,-0.00229183,0,0,0,0,0,0,0,0,0,1,79,54,0,0.00034,0.00034,3,5,0,0,0,0,0,0,0,0,0,0,1,0,1,0,0,0,0,0,0,0,0,,0,0,0,0,
7,5.61,0,-34.65,36,0,0,0,-3.1,0,0,0,0,-4,0,0,0,0,-0.00229183,0,0,0,0,0,0,0,0,0,1,80,54,0,0.00034,0.00034,3,5,0,0,0,0,0,0,0,0,0,0,1,0,1,0,0,0,0,0,0,0,0,,0,0,0,0,
8,5.61,0,-24.1,36,0,0,0,-5.55,0,0,0,0,-9,0,0,0,0,-0.00229183,0,0,0,0,0,0,0,0,0,1,80,54,0,0.00034,0.00034,3,5,0,0,0,0,0,0,0,0,0,0,1,0,1,0,0,0,0,0,0,0,0,,0,0,0,0,
9,5.83,0,-40.8,30.5,0,0,0,0.4,0,0,0,0,-6,0,0,0,0,-0.00229183,0,0,0,0,0,0,0,0,0,1,75,54,0,0.00034,0.00034,3,5,0,0,0,0,0,0,0,0,0,0,1,0,1,0,0,0,0,0,0,0,0,,0,0,0,0,
10,6.63,0,-53.85,25,0,0,0,-3.6,0,0,0,0,0.5,0,0,0,0,-0.00229183,0,0,0,0,0,0,0,0,0,1,70,54,0,0.00034,0.00034,3,5,0,0,0,0,0,0,0,0,0,0,1,0,1,0,0,0,0,0,0,0,0,,0,0,0,0,
11,7.03,0,-10.3,24.5,0,0,0,-7.85,0,0,0,0,-23,0,0,0,0,-0.00229183,0,0,0,0,0,0,0,0,0,1,70,54,0,0.00034,0.00034,3,5,0,0,0,0,0,0,0,0,0,0,1,0,1,0,0,0,0,0,0,0,0,,0,0,0,0,
12,7.66,0,34.8,39.5,0,0,0,6.4,0,0,0,0,5,0,0,0,0,-0.00229183,0,0,0,0,0,0,0,0,0,1,85,54,0,0.00034,0.00034,3,5,0,0,0,0,0,0,0,0,0,0,1,0,1,0,0,0,0,0,0,0,0,,0,0,0,0,
13,8.24,0,-25.05,29,0,0,0,11.7,0,0,0,0,-12,0,0,0,0,-0.00229183,0,0,0,0,0,0,0,0,0,1,75,54,0,0.00034,0.00034,3,0,0,0,0,0,0,0,0,0,0,0,1,0,1,0,0,0,0,0,0,0,0,,0,0,0,0,
14,8.48,0,69.1,30,0,0,0,-11.55,0,0,0,0,22.5,0,0,0,0,-0.00229183,0,0,0,0,0,0,0,0,0,1,76,54,0,0.00034,0.00034,3,7,0,0,0,0,0,0,0,0,0,0,1,0,1,0,0,0,0,0,0,0,0,,0,0,0,0,
15,8.9,0,-32.7,26,0,0,0,-0.7,0,0,0,0,-10,0,0,0,0,-0.00229183,0,0,0,0,0,0,0,0,0,1,73,54,0,0.00034,0.00034,3,5,0,0,0,0,0,0,0,0,0,0,1,0,1,0,0,0,0,0,0,0,0,,0,0,0,0,
16,9.39,0,-29.3,23,0,0,0,-2.7,0,0,0,0,-15,0,0,0,0,-0.00229183,0,0,0,0,0,0,0,0,0,1,69,54,0,0.00034,0.00034,3,5,0,0,0,0,0,0,0,0,0,0,1,0,1,0,0,0,0,0,0,0,0,,0,0,0,0,
17,9.86,0,-28.35,20.5,0,0,0,-0.7,0,0,0,0,-18,0,0,0,0,-0.00229183,0,0,0,0,0,0,0,0,0,1,67,54,0,0.00034,0.00034,3,5,0,0,0,0,0,0,0,0,0,0,1,0,1,0,0,0,0,0,0,0,0,,0,0,0,0,
18,12.16,0,-12.55,26.5,0,0,0,12.75,0,0,0,0,-16,0,0,0,0,-0.00229183,0,0,0,0,0,0,0,0,0,1,73,54,0,0.00034,0.00034,3,5,0,0,0,0,0,0,0,0,0,0,1,0,1,0,0,0,0,0,0,0,0,,0,0,0,0,
19,13,0,-23.05,21.5,0,0,0,-1.7,0,0,0,0,-17.5,0,0,0,0,-0.00229183,0,0,0,0,0,0,0,0,0,1,68,54,0,0.00034,0.00034,3,5,0,0,0,0,0,0,0,0,0,0,1,0,1,0,0,0,0,0,0,0,0,,0,0,0,0,
END,Total:20
START,FrameNb:55,CameraNb:0,HeSaiNb:0,ARS410Nb:0
2026/08/02 16:23:52:490---->
heightOffset:0,1785659032490,1322040,selfCaliBufCnt:0,selfAccObjCnt:0,selfAccAngle:0,installHAngleOffset:0,Interpolation:0,installVAngleOffset:0,radarOffsetH:0,radarOffsetV:0.32,Polynom:-0.001023;-0.0511;-2.047;0;0;0;-0.001023;-0.0511;-2.047;-25.5;0;0,WheelDirection:0;0;0;0,selfAngleOffset:0,selfAngleOffsetPit:0,currCaliAngleHrz:0,currCaliAnglePit:0,selfCaliAngleHrz:0,selfCaliAnglePit:0,servCaliAngleHrz:0,servCaliAnglePit:0,offlineCaliAngleHrz:0,offlineCaliAnglePit:0,determine2useFlag:0,IMU_Z_Accel:-21.592,IMU_X_AngularRate:-2.093,IMU_Y_AngularRate:-2.093,IMU_RollAngle:-180,IMU_PitchAngle:-180,IMU_YawAngle:-180,FcwID:0,FCWWarningLevel:0,FCWTTC:0
0,2.32,0,30.05,29,0,0,0,7.7,1.37605e-33,0,0,0,-8.5,0,0,0,0,-0.00229183,0,0,0,0,0,0,0,0,0,1,78,58,0,0.00034,0.00034,3,5,0,0,0,0,0,0,0,0,0,0,1,0,0,0,0,0,0,0,0,0,0,,0,0,0,0,
1,2.8,0,-34.05,43,0,0,0,1.75,0,0,0,0,6,0,0,0,0,-0.00229183,0,0,0,0,0,0,0,0,0,1,92,58,0,0.00034,0.00034,3,0,0,0,0,0,0,0,0,0,0,0,1,0,0,0,0,0,0,0,0,0,0,,0,0,0,0,
2,3.27,0,13.7,37.5,0,0,0,2.65,0,0,0,0,-7.5,0,0,0,0,-0.00229183,0,0,0,0,0,0,0,0,0,1,86,58,0,0.00034,0.00034,3,0,0,0,0,0,0,0,0,0,0,0,1,0,0,0,0,0,0,0,0,0,0,,0,0,0,0,
3,3.58,0,45.9,32,0,0,0,-10.3,0,0,0,0,5,0,0,0,0,-0.00229183,0,0,0,0,0,0,0,0,0,1,80,58,0,0.00034,0.00034,3,5,0,0,0,0,0,0,0,0,0,0,1,0,0,0,0,0,0,0,0,0,0,,0,0,0,0,
4,4.03,0,2.2,41.5,0,0,0,0.55,0,0,0,0,-6,0,0,0,0,-0.00229183,0,0,0,0,0,0,0,0,0,1,89,58,0,0.00034,0.00034,3,5,0,0,0,0,0,0,0,0,0,0,1,0,0,0,0,0,0,0,0,0,0,,0,0,0,0,
5,5.16,0,-35.1,33.5,0,0,0,-3.35,0,0,0,0,-6,0,0,0,0,-0.00229183,0,0,0,0,0,0,0,0,0,1,79,58,0,0.00034,0.00034,3,5,0,0,0,0,0,0,0,0,0,0,1,0,0,0,0,0,0,0,0,0,0,,0,0,0,0,
6,5.16,0,-40.65,33.5,0,0,0,0.3,0,0,0,0,-3,0,0,0,0,-0.00229183,0,0,0,0,0,0,0,0,0,1,79,58,0,0.00034,0.00034,3,5,0,0,0,0,0,0,0,0,0,0,1,0,0,0,0,0,0,0,0,0,0,,0,0,0,0,
7,5.61,0,-34.65,35.5,0,0,0,-3.1,0,0,0,0,-4,0,0,0,0,-0.00229183,0,0,0,0,0,0,0,0,0,1,80,58,0,0.00034,0.00034,3,5,0,0,0,0,0,0,0,0,0,0,1,0,0,0,0,0,0,0,0,0,0,,0,0,0,0,
8,5.61,0,-24.15,35.5,0,0,0,-5.55,0,0,0,0,-9,0,0,0,0,-0.00229183,0,0,0,0,0,0,0,0,0,1,80,58,0,0.00034,0.00034,3,5,0,0,0,0,0,0,0,0,0,0,1,0,0,0,0,0,0,0,0,0,0,,0,0,0,0,
9,5.83,0,-40.65,30.5,0,0,0,0,0,0,0,0,-5.5,0,0,0,0,-0.00229183,0,0,0,0,0,0,0,0,0,1,75,58,0,0.00034,0.00034,3,5,0,0,0,0,0,0,0,0,0,0,1,0,0,0,0,0,0,0,0,0,0,,0,0,0,0,
10,6.63,0,-53.85,24.5,0,0,0,-0.2,0,0,0,0,1,0,0,0,0,-0.00229183,0,0,0,0,0,0,0,0,0,1,70,58,0,0.00034,0.00034,3,5,0,0,0,0,0,0,0,0,0,0,1,0,0,0,0,0,0,0,0,0,0,,0,0,0,0,
11,7.03,0,-10.2,24.5,0,0,0,2.15,0,0,0,0,-23,0,0,0,0,-0.00229183,0,0,0,0,0,0,0,0,0,1,70,58,0,0.00034,0.00034,3,5,0,0,0,0,0,0,0,0,0,0,1,0,0,0,0,0,0,0,0,0,0,,0,0,0,0,
12,7.65,0,34.7,39.5,0,0,0,6.8,0,0,0,0,5,0,0,0,0,-0.00229183,0,0,0,0,0,0,0,0,0,1,85,58,0,0.00034,0.00034,3,5,0,0,0,0,0,0,0,0,0,0,1,0,0,0,0,0,0,0,0,0,0,,0,0,0,0,
13,8.24,0,-25.15,29,0,0,0,12,0,0,0,0,-12,0,0,0,0,-0.00229183,0,0,0,0,0,0,0,0,0,1,75,58,0,0.00034,0.00034,3,0,0,0,0,0,0,0,0,0,0,0,1,0,0,0,0,0,0,0,0,0,0,,0,0,0,0,
14,8.66,0,69.1,30,0,0,0,-11.55,0,0,0,0,22.5,0,0,0,0,-0.00229183,0,0,0,0,0,0,0,0,0,1,76,58,0,0.00034,0.00034,3,7,0,0,0,0,0,0,0,0,0,0,1,0,0,0,0,0,0,0,0,0,0,,0,0,0,0,
15,8.9,0,-32.7,26.5,0,0,0,-0.8,0,0,0,0,-10,0,0,0,0,-0.00229183,0,0,0,0,0,0,0,0,0,1,73,58,0,0.00034,0.00034,3,5,0,0,0,0,0,0,0,0,0,0,1,0,0,0,0,0,0,0,0,0,0,,0,0,0,0,
16,9.39,0,-29.35,23,0,0,0,-2.35,0,0,0,0,-15,0,0,0,0,-0.00229183,0,0,0,0,0,0,0,0,0,1,69,58,0,0.00034,0.00034,3,5,0,0,0,0,0,0,0,0,0,0,1,0,0,0,0,0,0,0,0,0,0,,0,0,0,0,
17,9.86,0,-28.35,21,0,0,0,-0.45,0,0,0,0,-17.5,0,0,0,0,-0.00229183,0,0,0,0,0,0,0,0,0,1,67,58,0,0.00034,0.00034,3,5,0,0,0,0,0,0,0,0,0,0,1,0,0,0,0,0,0,0,0,0,0,,0,0,0,0,
18,12.16,0,-12.6,26.5,0,0,0,13.05,0,0,0,0,-16.5,0,0,0,0,-0.00229183,0,0,0,0,0,0,0,0,0,1,73,58,0,0.00034,0.00034,3,5,0,0,0,0,0,0,0,0,0,0,1,0,0,0,0,0,0,0,0,0,0,,0,0,0,0,
19,13,0,-23.2,21.5,0,0,0,-1.6,0,0,0,0,-17.5,0,0,0,0,-0.00229183,0,0,0,0,0,0,0,0,0,1,68,58,0,0.00034,0.00034,3,5,0,0,0,0,0,0,0,0,0,0,1,0,0,0,0,0,0,0,0,0,0,,0,0,0,0,
END,Total:20
START,FrameNb:56,CameraNb:0,HeSaiNb:0,ARS410Nb:0
2026/08/02 16:23:52:551---->
heightOffset:0,1785659032551,1322096,selfCaliBufCnt:0,selfAccObjCnt:0,selfAccAngle:0,installHAngleOffset:0,Interpolation:0,installVAngleOffset:0,radarOffsetH:0,radarOffsetV:0.32,Polynom:-0.001023;-0.0511;-2.047;0;0;0;-0.001023;-0.0511;-2.047;-25.5;0;0,WheelDirection:0;0;0;0,selfAngleOffset:0,selfAngleOffsetPit:0,currCaliAngleHrz:0,currCaliAnglePit:0,selfCaliAngleHrz:0,selfCaliAnglePit:0,servCaliAngleHrz:0,servCaliAnglePit:0,offlineCaliAngleHrz:0,offlineCaliAnglePit:0,determine2useFlag:0,IMU_Z_Accel:-21.592,IMU_X_AngularRate:-2.093,IMU_Y_AngularRate:-2.093,IMU_RollAngle:-180,IMU_PitchAngle:-180,IMU_YawAngle:-180,FcwID:0,FCWWarningLevel:0,FCWTTC:0
0,2.32,0,30.05,29,0,0,0,8.2,1.37605e-33,0,0,0,-9,0,0,0,0,-0.00229183,0,0,0,0,0,0,0,0,0,1,78,54,0,0.00034,0.00034,3,5,0,0,0,0,0,0,0,0,0,0,1,0,1,0,0,0,0,0,0,0,0,,0,0,0,0,
1,2.8,0,-34.05,43,0,0,0,1.75,0,0,0,0,6,0,0,0,0,-0.00229183,0,0,0,0,0,0,0,0,0,1,92,54,0,0.00034,0.00034,3,0,0,0,0,0,0,0,0,0,0,0,1,0,1,0,0,0,0,0,0,0,0,,0,0,0,0,
2,3.26,0,13.65,37.5,0,0,0,2.65,0,0,0,0,-7.5,0,0,0,0,-0.00229183,0,0,0,0,0,0,0,0,0,1,86,54,0,0.00034,0.00034,3,0,0,0,0,0,0,0,0,0,0,0,1,0,1,0,0,0,0,0,0,0,0,,0,0,0,0,
3,3.6,0,45.45,31.5,0,0,0,-9.2,0,0,0,0,5,0,0,0,0,-0.00229183,0,0,0,0,0,0,0,0,0,1,80,54,0,0.00034,0.00034,3,5,0,0,0,0,0,0,0,0,0,0,1,0,1,0,0,0,0,0,0,0,0,,0,0,0,0,
4,4.03,0,2.2,41.5,0,0,0,0.65,0,0,0,0,-6.5,0,0,0,0,-0.00229183,0,0,0,0,0,0,0,0,0,1,89,54,0,0.00034,0.00034,3,5,0,0,0,0,0,0,0,0,0,0,1,0,1,0,0,0,0,0,0,0,0,,0,0,0,0,
5,5.17,0,-35.1,34,0,0,0,-3.35,0,0,0,0,-6,0,0,0,0,-0.00229183,0,0,0,0,0,0,0,0,0,1,79,54,0,0.00034,0.00034,3,5,0,0,0,0,0,0,0,0,0,0,1,0,1,0,0,0,0,0,0,0,0,,0,0,0,0,
6,5.17,0,-40.65,34,0,0,0,0.3,0,0,0,0,-3,0,0,0,0,-0.00229183,0,0,0,0,0,0,0,0,0,1,79,54,0,0.00034,0.00034,3,5,0,0,0,0,0,0,0,0,0,0,1,0,1,0,0,0,0,0,0,0,0,,0,0,0,0,
7,5.62,0,-34.65,36,0,0,0,-3.05,0,0,0,0,-4,0,0,0,0,-0.00229183,0,0,0,0,0,0,0,0,0,1,80,54,0,0.00034,0.00034,3,5,0,0,0,0,0,0,0,0,0,0,1,0,1,0,0,0,0,0,0,0,0,,0,0,0,0,
8,5.62,0,-24.1,36,0,0,0,-5.55,0,0,0,0,-9,0,0,0,0,-0.00229183,0,0,0,0,0,0,0,0,0,1,80,54,0,0.00034,0.00034,3,5,0,0,0,0,0,0,0,0,0,0,1,0,1,0,0,0,0,0,0,0,0,,0,0,0,0,
9,5.83,0,-40.8,30.5,0,0,0,0.25,0,0,0,0,-5.5,0,0,0,0,-0.00229183,0,0,0,0,0,0,0,0,0,1,75,54,0,0.00034,0.00034,3,5,0,0,0,0,0,0,0,0,0,0,1,0,1,0,0,0,0,0,0,0,0,,0,0,0,0,
10,6.64,0,-53.8,25,0,0,0,-3.1,0,0,0,0,1,0,0,0,0,-0.00229183,0,0,0,0,0,0,0,0,0,1,70,54,0,0.00034,0.00034,3,5,0,0,0,0,0,0,0,0,0,0,1,0,1,0,0,0,0,0,0,0,0,,0,0,0,0,
11,7.02,0,-10.2,24.5,0,0,0,2.45,0,0,0,0,-23,0,0,0,0,-0.00229183,0,0,0,0,0,0,0,0,0,1,70,54,0,0.00034,0.00034,3,5,0,0,0,0,0,0,0,0,0,0,1,0,1,0,0,0,0,0,0,0,0,,0,0,0,0,
12,7.65,0,34.7,40,0,0,0,6.95,0,0,0,0,5,0,0,0,0,-0.00229183,0,0,0,0,0,0,0,0,0,1,86,54,0,0.00034,0.00034,3,5,0,0,0,0,0,0,0,0,0,0,1,0,1,0,0,0,0,0,0,0,0,,0,0,0,0,
13,8.24,0,-25.1,29,0,0,0,11.95,0,0,0,0,-12,0,0,0,0,-0.00229183,0,0,0,0,0,0,0,0,0,1,75,54,0,0.00034,0.00034,3,0,0,0,0,0,0,0,0,0,0,0,1,0,1,0,0,0,0,0,0,0,0,,0,0,0,0,
14,8.66,0,69.2,30,0,0,0,-11.45,0,0,0,0,22.5,0,0,0,0,-0.00229183,0,0,0,0,0,0,0,0,0,1,76,54,0,0.00034,0.00034,3,7,0,0,0,0,0,0,0,0,0,0,1,0,1,0,0,0,0,0,0,0,0,,0,0,0,0,
15,8.9,0,-32.7,26.5,0,0,0,-0.95,0,0,0,0,-10,0,0,0,0,-0.00229183,0,0,0,0,0,0,0,0,0,1,73,54,0,0.00034,0.00034,3,5,0,0,0,0,0,0,0,0,0,0,1,0,1,0,0,0,0,0,0,0,0,,0,0,0,0,
16,9.39,0,-29.3,23,0,0,0,-2.55,0,0,0,0,-15,0,0,0,0,-0.00229183,0,0,0,0,0,0,0,0,0,1,69,54,0,0.00034,0.00034,3,5,0,0,0,0,0,0,0,0,0,0,1,0,1,0,0,0,0,0,0,0,0,,0,0,0,0,
17,9.84,0,-28.3,21,0,0,0,-0.35,0,0,0,0,-17.5,0,0,0,0,-0.00229183,0,0,0,0,0,0,0,0,0,1,67,54,0,0.00034,0.00034,3,5,0,0,0,0,0,0,0,0,0,0,1,0,1,0,0,0,0,0,0,0,0,,0,0,0,0,
18,12.16,0,-12.55,26.5,0,0,0,12.95,0,0,0,0,-16.5,0,0,0,0,-0.00229183,0,0,0,0,0,0,0,0,0,1,73,54,0,0.00034,0.00034,3,5,0,0,0,0,0,0,0,0,0,0,1,0,1,0,0,0,0,0,0,0,0,,0,0,0,0,
19,13.01,0,-23.2,21.5,0,0,0,-1.75,0,0,0,0,-17.5,0,0,0,0,-0.00229183,0,0,0,0,0,0,0,0,0,1,68,54,0,0.00034,0.00034,3,5,0,0,0,0,0,0,0,0,0,0,1,0,1,0,0,0,0,0,0,0,0,,0,0,0,0,
END,Total:20
START,FrameNb:57,CameraNb:0,HeSaiNb:0,ARS410Nb:0
2026/08/02 16:23:52:582---->
heightOffset:0,1785659032582,1322156,selfCaliBufCnt:0,selfAccObjCnt:0,selfAccAngle:0,installHAngleOffset:0,Interpolation:0,installVAngleOffset:0,radarOffsetH:0,radarOffsetV:0.32,Polynom:-0.001023;-0.0511;-2.047;0;0;0;-0.001023;-0.0511;-2.047;-25.5;0;0,WheelDirection:0;0;0;0,selfAngleOffset:0,selfAngleOffsetPit:0,currCaliAngleHrz:0,currCaliAnglePit:0,selfCaliAngleHrz:0,selfCaliAnglePit:0,servCaliAngleHrz:0,servCaliAnglePit:0,offlineCaliAngleHrz:0,offlineCaliAnglePit:0,determine2useFlag:0,IMU_Z_Accel:-21.592,IMU_X_AngularRate:-2.093,IMU_Y_AngularRate:-2.093,IMU_RollAngle:-180,IMU_PitchAngle:-180,IMU_YawAngle:-180,FcwID:0,FCWWarningLevel:0,FCWTTC:0
0,2.32,0,30.05,29,0,0,0,7.7,1.37605e-33,0,0,0,-8.5,0,0,0,0,-0.00229183,0,0,0,0,0,0,0,0,0,1,78,61,0,0.00034,0.00034,3,5,0,0,0,0,0,0,0,0,0,0,1,0,0,0,0,0,0,0,0,0,0,,0,0,0,0,
1,2.8,0,-34.05,43.5,0,0,0,1.75,0,0,0,0,6,0,0,0,0,-0.00229183,0,0,0,0,0,0,0,0,0,1,92,61,0,0.00034,0.00034,3,0,0,0,0,0,0,0,0,0,0,0,1,0,0,0,0,0,0,0,0,0,0,,0,0,0,0,
2,3.27,0,13.65,38,0,0,0,2.65,0,0,0,0,-7.5,0,0,0,0,-0.00229183,0,0,0,0,0,0,0,0,0,1,86,61,0,0.00034,0.00034,3,5,0,0,0,0,0,0,0,0,0,0,1,0,0,0,0,0,0,0,0,0,0,,0,0,0,0,
3,3.6,0,45.8,32,0,0,0,-10.3,0,0,0,0,5,0,0,0,0,-0.00229183,0,0,0,0,0,0,0,0,0,1,80,61,0,0.00034,0.00034,3,5,0,0,0,0,0,0,0,0,0,0,1,0,0,0,0,0,0,0,0,0,0,,0,0,0,0,
4,4.03,0,2.2,41.5,0,0,0,0.55,0,0,0,0,-6,0,0,0,0,-0.00229183,0,0,0,0,0,0,0,0,0,1,89,61,0,0.00034,0.00034,3,5,0,0,0,0,0,0,0,0,0,0,1,0,0,0,0,0,0,0,0,0,0,,0,0,0,0,
5,5.16,0,-34.85,34,0,0,0,-3.45,0,0,0,0,-6,0,0,0,0,-0.00229183,0,0,0,0,0,0,0,0,0,1,79,61,0,0.00034,0.00034,3,5,0,0,0,0,0,0,0,0,0,0,1,0,0,0,0,0,0,0,0,0,0,,0,0,0,0,
6,5.16,0,-40.8,34,0,0,0,0.55,0,0,0,0,-3,0,0,0,0,-0.00229183,0,0,0,0,0,0,0,0,0,1,79,61,0,0.00034,0.00034,3,5,0,0,0,0,0,0,0,0,0,0,1,0,0,0,0,0,0,0,0,0,0,,0,0,0,0,
7,5.61,0,-34.7,36,0,0,0,-3.1,0,0,0,0,-4,0,0,0,0,-0.00229183,0,0,0,0,0,0,0,0,0,1,80,61,0,0.00034,0.00034,3,5,0,0,0,0,0,0,0,0,0,0,1,0,0,0,0,0,0,0,0,0,0,,0,0,0,0,
8,5.61,0,-24.1,36,0,0,0,-5.45,0,0,0,0,-9,0,0,0,0,-0.00229183,0,0,0,0,0,0,0,0,0,1,80,61,0,0.00034,0.00034,3,5,0,0,0,0,0,0,0,0,0,0,1,0,0,0,0,0,0,0,0,0,0,,0,0,0,0,
9,5.83,0,-40.7,30.5,0,0,0,-0.05,0,0,0,0,-6,0,0,0,0,-0.00229183,0,0,0,0,0,0,0,0,0,1,75,61,0,0.00034,0.00034,3,5,0,0,0,0,0,0,0,0,0,0,1,0,0,0,0,0,0,0,0,0,0,,0,0,0,0,
10,6.63,0,-53.8,25,0,0,0,-1.45,0,0,0,0,1,0,0,0,0,-0.00229183,0,0,0,0,0,0,0,0,0,1,70,61,0,0.00034,0.00034,3,5,0,0,0,0,0,0,0,0,0,0,1,0,0,0,0,0,0,0,0,0,0,,0,0,0,0,
11,7.03,0,-10.1,24,0,0,0,2,0,0,0,0,-23,0,0,0,0,-0.00229183,0,0,0,0,0,0,0,0,0,1,70,61,0,0.00034,0.00034,3,5,0,0,0,0,0,0,0,0,0,0,1,0,0,0,0,0,0,0,0,0,0,,0,0,0,0,
12,7.64,0,34.7,40,0,0,0,7.05,0,0,0,0,5.5,0,0,0,0,-0.00229183,0,0,0,0,0,0,0,0,0,1,86,61,0,0.00034,0.00034,3,5,0,0,0,0,0,0,0,0,0,0,1,0,0,0,0,0,0,0,0,0,0,,0,0,0,0,
13,8.23,0,-25.1,29,0,0,0,12,0,0,0,0,-11.5,0,0,0,0,-0.00229183,0,0,0,0,0,0,0,0,0,1,75,61,0,0.00034,0.00034,3,0,0,0,0,0,0,0,0,0,0,0,1,0,0,0,0,0,0,0,0,0,0,,0,0,0,0,
14,8.66,0,69.15,30,0,0,0,-11.35,0,0,0,0,22.5,0,0,0,0,-0.00229183,0,0,0,0,0,0,0,0,0,1,76,61,0,0.00034,0.00034,3,7,0,0,0,0,0,0,0,0,0,0,1,0,0,0,0,0,0,0,0,0,0,,0,0,0,0,
15,8.9,0,-32.7,26.5,0,0,0,-0.75,0,0,0,0,-10,0,0,0,0,-0.00229183,0,0,0,0,0,0,0,0,0,1,73,61,0,0.00034,0.00034,3,5,0,0,0,0,0,0,0,0,0,0,1,0,0,0,0,0,0,0,0,0,0,,0,0,0,0,
16,9.38,0,-29.2,23,0,0,0,-2.75,0,0,0,0,-15,0,0,0,0,-0.00229183,0,0,0,0,0,0,0,0,0,1,69,61,0,0.00034,0.00034,3,5,0,0,0,0,0,0,0,0,0,0,1,0,0,0,0,0,0,0,0,0,0,,0,0,0,0,
17,9.85,0,-28.35,21,0,0,0,-0.35,0,0,0,0,-18,0,0,0,0,-0.00229183,0,0,0,0,0,0,0,0,0,1,67,61,0,0.00034,0.00034,3,5,0,0,0,0,0,0,0,0,0,0,1,0,0,0,0,0,0,0,0,0,0,,0,0,0,0,
18,12.16,0,-12.6,26.5,0,0,0,13.15,0,0,0,0,-16.5,0,0,0,0,-0.00229183,0,0,0,0,0,0,0,0,0,1,73,61,0,0.00034,0.00034,3,5,0,0,0,0,0,0,0,0,0,0,1,0,0,0,0,0,0,0,0,0,0,,0,0,0,0,
19,13,0,-23.2,21.5,0,0,0,-1.75,0,0,0,0,-17.5,0,0,0,0,-0.00229183,0,0,0,0,0,0,0,0,0,1,68,61,0,0.00034,0.00034,3,5,0,0,0,0,0,0,0,0,0,0,1,0,0,0,0,0,0,0,0,0,0,,0,0,0,0,
END,Total:20
START,FrameNb:58,CameraNb:0,HeSaiNb:0,ARS410Nb:0
2026/08/02 16:23:52:635---->
heightOffset:0,1785659032635,1322216,selfCaliBufCnt:0,selfAccObjCnt:0,selfAccAngle:0,installHAngleOffset:0,Interpolation:0,installVAngleOffset:0,radarOffsetH:0,radarOffsetV:0.32,Polynom:-0.001023;-0.0511;-2.047;0;0;0;-0.001023;-0.0511;-2.047;-25.5;0;0,WheelDirection:0;0;0;0,selfAngleOffset:0,selfAngleOffsetPit:0,currCaliAngleHrz:0,currCaliAnglePit:0,selfCaliAngleHrz:0,selfCaliAnglePit:0,servCaliAngleHrz:0,servCaliAnglePit:0,offlineCaliAngleHrz:0,offlineCaliAnglePit:0,determine2useFlag:0,IMU_Z_Accel:-21.592,IMU_X_AngularRate:-2.093,IMU_Y_AngularRate:-2.093,IMU_RollAngle:-180,IMU_PitchAngle:-180,IMU_YawAngle:-180,FcwID:0,FCWWarningLevel:0,FCWTTC:0
0,2.32,0,30.05,29,0,0,0,8.2,1.37605e-33,0,0,0,-8.5,0,0,0,0,-0.00229183,0,0,0,0,0,0,0,0,0,1,78,59,0,0.00034,0.00034,3,5,0,0,0,0,0,0,0,0,0,0,1,0,1,0,0,0,0,0,0,0,0,,0,0,0,0,
1,2.8,0,-34.05,43,0,0,0,1.75,0,0,0,0,6,0,0,0,0,-0.00229183,0,0,0,0,0,0,0,0,0,1,92,59,0,0.00034,0.00034,3,0,0,0,0,0,0,0,0,0,0,0,1,0,1,0,0,0,0,0,0,0,0,,0,0,0,0,
2,3.27,0,13.65,37.5,0,0,0,2.65,0,0,0,0,-7.5,0,0,0,0,-0.00229183,0,0,0,0,0,0,0,0,0,1,86,59,0,0.00034,0.00034,3,0,0,0,0,0,0,0,0,0,0,0,1,0,1,0,0,0,0,0,0,0,0,,0,0,0,0,
3,3.62,0,45.5,31.5,0,0,0,-9,0,0,0,0,5,0,0,0,0,-0.00229183,0,0,0,0,0,0,0,0,0,1,80,59,0,0.00034,0.00034,3,5,0,0,0,0,0,0,0,0,0,0,1,0,1,0,0,0,0,0,0,0,0,,0,0,0,0,
4,4.03,0,2.2,41.5,0,0,0,0.65,0,0,0,0,-6.5,0,0,0,0,-0.00229183,0,0,0,0,0,0,0,0,0,1,89,59,0,0.00034,0.00034,3,5,0,0,0,0,0,0,0,0,0,0,1,0,1,0,0,0,0,0,0,0,0,,0,0,0,0,
5,5.16,0,-35.1,34,0,0,0,-3.35,0,0,0,0,-6,0,0,0,0,-0.00229183,0,0,0,0,0,0,0,0,0,1,79,59,0,0.00034,0.00034,3,5,0,0,0,0,0,0,0,0,0,0,1,0,1,0,0,0,0,0,0,0,0,,0,0,0,0,
6,5.16,0,-40.65,34,0,0,0,0.25,0,0,0,0,-3,0,0,0,0,-0.00229183,0,0,0,0,0,0,0,0,0,1,79,59,0,0.00034,0.00034,3,5,0,0,0,0,0,0,0,0,0,0,1,0,1,0,0,0,0,0,0,0,0,,0,0,0,0,
7,5.62,0,-34.6,35.5,0,0,0,-3.05,0,0,0,0,-4,0,0,0,0,-0.00229183,0,0,0,0,0,0,0,0,0,1,80,59,0,0.00034,0.00034,3,5,0,0,0,0,0,0,0,0,0,0,1,0,1,0,0,0,0,0,0,0,0,,0,0,0,0,
8,5.62,0,-24.1,35.5,0,0,0,-5.55,0,0,0,0,-9,0,0,0,0,-0.00229183,0,0,0,0,0,0,0,0,0,1,80,59,0,0.00034,0.00034,3,5,0,0,0,0,0,0,0,0,0,0,1,0,1,0,0,0,0,0,0,0,0,,0,0,0,0,
9,5.83,0,-40.95,30.5,0,0,0,0.05,0,0,0,0,-5.5,0,0,0,0,-0.00229183,0,0,0,0,0,0,0,0,0,1,75,59,0,0.00034,0.00034,3,5,0,0,0,0,0,0,0,0,0,0,1,0,1,0,0,0,0,0,0,0,0,,0,0,0,0,
10,6.63,0,4.95,24.5,0,0,0,-13.05,0,0,0,0,-23,0,0,0,0,-0.00229183,0,0,0,0,0,0,0,0,0,1,70,59,0,0.00034,0.00034,2,-1,0,0,0,0,0,0,0,0,0,0,1,0,1,0,0,0,0,0,0,0,0,,0,0,0,0,
11,7.02,0,-10.1,24,0,0,0,2.2,0,0,0,0,-23,0,0,0,0,-0.00229183,0,0,0,0,0,0,0,0,0,1,70,59,0,0.00034,0.00034,3,5,0,0,0,0,0,0,0,0,0,0,1,0,1,0,0,0,0,0,0,0,0,,0,0,0,0,
12,7.64,0,34.6,39.5,0,0,0,7,0,0,0,0,5.5,0,0,0,0,-0.00229183,0,0,0,0,0,0,0,0,0,1,86,59,0,0.00034,0.00034,3,0,0,0,0,0,0,0,0,0,0,0,1,0,1,0,0,0,0,0,0,0,0,,0,0,0,0,
13,8.24,0,-25.1,28.5,0,0,0,12.05,0,0,0,0,-12,0,0,0,0,-0.00229183,0,0,0,0,0,0,0,0,0,1,75,59,0,0.00034,0.00034,3,0,0,0,0,0,0,0,0,0,0,0,1,0,1,0,0,0,0,0,0,0,0,,0,0,0,0,
14,8.65,0,69.15,29.5,0,0,0,-11.25,0,0,0,0,22.5,0,0,0,0,-0.00229183,0,0,0,0,0,0,0,0,0,1,76,59,0,0.00034,0.00034,3,7,0,0,0,0,0,0,0,0,0,0,1,0,1,0,0,0,0,0,0,0,0,,0,0,0,0,
15,8.9,0,-32.6,26,0,0,0,-0.55,0,0,0,0,-10,0,0,0,0,-0.00229183,0,0,0,0,0,0,0,0,0,1,73,59,0,0.00034,0.00034,3,5,0,0,0,0,0,0,0,0,0,0,1,0,1,0,0,0,0,0,0,0,0,,0,0,0,0,
16,9.39,0,-29.3,23,0,0,0,-2.75,0,0,0,0,-15,0,0,0,0,-0.00229183,0,0,0,0,0,0,0,0,0,1,69,59,0,0.00034,0.00034,3,5,0,0,0,0,0,0,0,0,0,0,1,0,1,0,0,0,0,0,0,0,0,,0,0,0,0,
17,9.85,0,-28.3,20.5,0,0,0,-0.25,0,0,0,0,-18,0,0,0,0,-0.00229183,0,0,0,0,0,0,0,0,0,1,67,59,0,0.00034,0.00034,3,5,0,0,0,0,0,0,0,0,0,0,1,0,1,0,0,0,0,0,0,0,0,,0,0,0,0,
18,12.16,0,-12.5,26.5,0,0,0,12.95,0,0,0,0,-16,0,0,0,0,-0.00229183,0,0,0,0,0,0,0,0,0,1,73,59,0,0.00034,0.00034,3,5,0,0,0,0,0,0,0,0,0,0,1,0,1,0,0,0,0,0,0,0,0,,0,0,0,0,
19,13,0,-23.1,21.5,0,0,0,-1.75,0,0,0,0,-17.5,0,0,0,0,-0.00229183,0,0,0,0,0,0,0,0,0,1,68,59,0,0.00034,0.00034,3,5,0,0,0,0,0,0,0,0,0,0,1,0,1,0,0,0,0,0,0,0,0,,0,0,0,0,
END,Total:20
START,FrameNb:59,CameraNb:0,HeSaiNb:0,ARS410Nb:0
2026/08/02 16:23:52:675---->
heightOffset:0,1785659032675,1322272,selfCaliBufCnt:0,selfAccObjCnt:0,selfAccAngle:0,installHAngleOffset:0,Interpolation:0,installVAngleOffset:0,radarOffsetH:0,radarOffsetV:0.32,Polynom:-0.001023;-0.0511;-2.047;0;0;0;-0.001023;-0.0511;-2.047;-25.5;0;0,WheelDirection:0;0;0;0,selfAngleOffset:0,selfAngleOffsetPit:0,currCaliAngleHrz:0,currCaliAnglePit:0,selfCaliAngleHrz:0,selfCaliAnglePit:0,servCaliAngleHrz:0,servCaliAnglePit:0,offlineCaliAngleHrz:0,offlineCaliAnglePit:0,determine2useFlag:0,IMU_Z_Accel:-21.592,IMU_X_AngularRate:-2.093,IMU_Y_AngularRate:-2.093,IMU_RollAngle:-180,IMU_PitchAngle:-180,IMU_YawAngle:-180,FcwID:0,FCWWarningLevel:0,FCWTTC:0
0,2.32,0,30.05,29,0,0,0,7.7,1.37605e-33,0,0,0,-8.5,0,0,0,0,-0.00229183,0,0,0,0,0,0,0,0,0,1,78,59,0,0.00034,0.00034,3,5,0,0,0,0,0,0,0,0,0,0,1,0,0,0,0,0,0,0,0,0,0,,0,0,0,0,
1,2.8,0,-34.05,43,0,0,0,1.75,0,0,0,0,6,0,0,0,0,-0.00229183,0,0,0,0,0,0,0,0,0,1,92,59,0,0.00034,0.00034,3,0,0,0,0,0,0,0,0,0,0,0,1,0,0,0,0,0,0,0,0,0,0,,0,0,0,0,
2,3.27,0,13.65,37.5,0,0,0,2.65,0,0,0,0,-7.5,0,0,0,0,-0.00229183,0,0,0,0,0,0,0,0,0,1,86,59,0,0.00034,0.00034,3,5,0,0,0,0,0,0,0,0,0,0,1,0,0,0,0,0,0,0,0,0,0,,0,0,0,0,
3,3.58,0,45.7,31.5,0,0,0,-9.55,0,0,0,0,5,0,0,0,0,-0.00229183,0,0,0,0,0,0,0,0,0,1,80,59,0,0.00034,0.00034,3,5,0,0,0,0,0,0,0,0,0,0,1,0,0,0,0,0,0,0,0,0,0,,0,0,0,0,
4,4.03,0,2.2,41.5,0,0,0,0.55,0,0,0,0,-6,0,0,0,0,-0.00229183,0,0,0,0,0,0,0,0,0,1,89,59,0,0.00034,0.00034,3,5,0,0,0,0,0,0,0,0,0,0,1,0,0,0,0,0,0,0,0,0,0,,0,0,0,0,
5,5.16,0,-35.1,33.5,0,0,0,-3.3,0,0,0,0,-6,0,0,0,0,-0.00229183,0,0,0,0,0,0,0,0,0,1,79,59,0,0.00034,0.00034,3,5,0,0,0,0,0,0,0,0,0,0,1,0,0,0,0,0,0,0,0,0,0,,0,0,0,0,
6,5.16,0,-40.65,33.5,0,0,0,0.25,0,0,0,0,-3,0,0,0,0,-0.00229183,0,0,0,0,0,0,0,0,0,1,79,59,0,0.00034,0.00034,3,5,0,0,0,0,0,0,0,0,0,0,1,0,0,0,0,0,0,0,0,0,0,,0,0,0,0,
7,5.61,0,-34.65,35.5,0,0,0,-3.05,0,0,0,0,-4,0,0,0,0,-0.00229183,0,0,0,0,0,0,0,0,0,1,80,59,0,0.00034,0.00034,3,5,0,0,0,0,0,0,0,0,0,0,1,0,0,0,0,0,0,0,0,0,0,,0,0,0,0,
8,5.61,0,-24.1,35.5,0,0,0,-5.55,0,0,0,0,-9,0,0,0,0,-0.00229183,0,0,0,0,0,0,0,0,0,1,80,59,0,0.00034,0.00034,3,5,0,0,0,0,0,0,0,0,0,0,1,0,0,0,0,0,0,0,0,0,0,,0,0,0,0,
9,5.83,0,-40.7,30.5,0,0,0,0,0,0,0,0,-5.5,0,0,0,0,-0.00229183,0,0,0,0,0,0,0,0,0,1,75,59,0,0.00034,0.00034,3,5,0,0,0,0,0,0,0,0,0,0,1,0,0,0,0,0,0,0,0,0,0,,0,0,0,0,
10,6.63,0,-53.8,24.5,0,0,0,0.25,0,0,0,0,1,0,0,0,0,-0.00229183,0,0,0,0,0,0,0,0,0,1,70,59,0,0.00034,0.00034,3,5,0,0,0,0,0,0,0,0,0,0,1,0,0,0,0,0,0,0,0,0,0,,0,0,0,0,
11,7.03,0,-10.15,24,0,0,0,2.15,0,0,0,0,-23.5,0,0,0,0,-0.00229183,0,0,0,0,0,0,0,0,0,1,70,59,0,0.00034,0.00034,3,5,0,0,0,0,0,0,0,0,0,0,1,0,0,0,0,0,0,0,0,0,0,,0,0,0,0,
12,7.65,0,34.6,39.5,0,0,0,6.9,0,0,0,0,5,0,0,0,0,-0.00229183,0,0,0,0,0,0,0,0,0,1,86,59,0,0.00034,0.00034,3,5,0,0,0,0,0,0,0,0,0,0,1,0,0,0,0,0,0,0,0,0,0,,0,0,0,0,
13,8.23,0,-25.2,29,0,0,0,12.05,0,0,0,0,-12,0,0,0,0,-0.00229183,0,0,0,0,0,0,0,0,0,1,75,59,0,0.00034,0.00034,3,0,0,0,0,0,0,0,0,0,0,0,1,0,0,0,0,0,0,0,0,0,0,,0,0,0,0,
14,8.66,0,69.1,30,0,0,0,-11.25,0,0,0,0,22.5,0,0,0,0,-0.00229183,0,0,0,0,0,0,0,0,0,1,76,59,0,0.00034,0.00034,3,7,0,0,0,0,0,0,0,0,0,0,1,0,0,0,0,0,0,0,0,0,0,,0,0,0,0,
15,8.91,0,-32.7,26.5,0,0,0,-0.55,0,0,0,0,-10,0,0,0,0,-0.00229183,0,0,0,0,0,0,0,0,0,1,73,59,0,0.00034,0.00034,3,5,0,0,0,0,0,0,0,0,0,0,1,0,0,0,0,0,0,0,0,0,0,,0,0,0,0,
16,9.38,0,-29.35,23,0,0,0,-2.75,0,0,0,0,-15,0,0,0,0,-0.00229183,0,0,0,0,0,0,0,0,0,1,69,59,0,0.00034,0.00034,3,5,0,0,0,0,0,0,0,0,0,0,1,0,0,0,0,0,0,0,0,0,0,,0,0,0,0,
17,12.16,0,-12.6,26.5,0,0,0,13.2,0,0,0,0,-16.5,0,0,0,0,-0.00229183,0,0,0,0,0,0,0,0,0,1,73,59,0,0.00034,0.00034,3,5,0,0,0,0,0,0,0,0,0,0,1,0,0,0,0,0,0,0,0,0,0,,0,0,0,0,
18,13,0,-23.05,21.5,0,0,0,-1.6,0,0,0,0,-17.5,0,0,0,0,-0.00229183,0,0,0,0,0,0,0,0,0,1,68,59,0,0.00034,0.00034,3,5,0,0,0,0,0,0,0,0,0,0,1,0,0,0,0,0,0,0,0,0,0,,0,0,0,0,
END,Total:19
START,FrameNb:60,CameraNb:0,HeSaiNb:0,ARS410Nb:0
2026/08/02 16:23:52:739---->
heightOffset:0,1785659032739,1322332,selfCaliBufCnt:0,selfAccObjCnt:0,selfAccAngle:0,installHAngleOffset:0,Interpolation:0,installVAngleOffset:0,radarOffsetH:0,radarOffsetV:0.32,Polynom:-0.001023;-0.0511;-2.047;0;0;0;-0.001023;-0.0511;-2.047;-25.5;0;0,WheelDirection:0;0;0;0,selfAngleOffset:0,selfAngleOffsetPit:0,currCaliAngleHrz:0,currCaliAnglePit:0,selfCaliAngleHrz:0,selfCaliAnglePit:0,servCaliAngleHrz:0,servCaliAnglePit:0,offlineCaliAngleHrz:0,offlineCaliAnglePit:0,determine2useFlag:0,IMU_Z_Accel:-21.592,IMU_X_AngularRate:-2.093,IMU_Y_AngularRate:-2.093,IMU_RollAngle:-180,IMU_PitchAngle:-180,IMU_YawAngle:-180,FcwID:0,FCWWarningLevel:0,FCWTTC:0
0,2.32,0,30.05,29,0,0,0,8.25,1.37605e-33,0,0,0,-8.5,0,0,0,0,-0.00229183,0,0,0,0,0,0,0,0,0,1,78,54,0,0.00034,0.00034,3,5,0,0,0,0,0,0,0,0,0,0,1,0,1,0,0,0,0,0,0,0,0,,0,0,0,0,
1,2.8,0,-34.05,43,0,0,0,1.75,0,0,0,0,6,0,0,0,0,-0.00229183,0,0,0,0,0,0,0,0,0,1,92,54,0,0.00034,0.00034,3,0,0,0,0,0,0,0,0,0,0,0,1,0,1,0,0,0,0,0,0,0,0,,0,0,0,0,
2,3.26,0,13.65,38,0,0,0,2.65,0,0,0,0,-7.5,0,0,0,0,-0.00229183,0,0,0,0,0,0,0,0,0,1,86,54,0,0.00034,0.00034,3,5,0,0,0,0,0,0,0,0,0,0,1,0,1,0,0,0,0,0,0,0,0,,0,0,0,0,
3,3.62,0,45.5,31.5,0,0,0,-9.35,0,0,0,0,5,0,0,0,0,-0.00229183,0,0,0,0,0,0,0,0,0,1,80,54,0,0.00034,0.00034,3,5,0,0,0,0,0,0,0,0,0,0,1,0,1,0,0,0,0,0,0,0,0,,0,0,0,0,
4,4.03,0,2.2,41.5,0,0,0,0.55,0,0,0,0,-6.5,0,0,0,0,-0.00229183,0,0,0,0,0,0,0,0,0,1,89,54,0,0.00034,0.00034,3,5,0,0,0,0,0,0,0,0,0,0,1,0,1,0,0,0,0,0,0,0,0,,0,0,0,0,
5,5.17,0,-35.1,34,0,0,0,-3.45,0,0,0,0,-6,0,0,0,0,-0.00229183,0,0,0,0,0,0,0,0,0,1,79,54,0,0.00034,0.00034,3,5,0,0,0,0,0,0,0,0,0,0,1,0,1,0,0,0,0,0,0,0,0,,0,0,0,0,
6,5.17,0,-40.65,34,0,0,0,0.2,0,0,0,0,-3,0,0,0,0,-0.00229183,0,0,0,0,0,0,0,0,0,1,79,54,0,0.00034,0.00034,3,5,0,0,0,0,0,0,0,0,0,0,1,0,1,0,0,0,0,0,0,0,0,,0,0,0,0,
7,5.62,0,-34.6,36,0,0,0,-3.05,0,0,0,0,-4,0,0,0,0,-0.00229183,0,0,0,0,0,0,0,0,0,1,80,54,0,0.00034,0.00034,3,5,0,0,0,0,0,0,0,0,0,0,1,0,1,0,0,0,0,0,0,0,0,,0,0,0,0,
8,5.62,0,-24.1,36,0,0,0,-5.55,0,0,0,0,-9,0,0,0,0,-0.00229183,0,0,0,0,0,0,0,0,0,1,80,54,0,0.00034,0.00034,3,5,0,0,0,0,0,0,0,0,0,0,1,0,1,0,0,0,0,0,0,0,0,,0,0,0,0,
9,5.83,0,-41.1,30.5,0,0,0,0.25,0,0,0,0,-4,0,0,0,0,-0.00229183,0,0,0,0,0,0,0,0,0,1,75,54,0,0.00034,0.00034,3,5,0,0,0,0,0,0,0,0,0,0,1,0,1,0,0,0,0,0,0,0,0,,0,0,0,0,
10,6.63,0,4.85,25,0,0,0,-13.3,0,0,0,0,-23,0,0,0,0,-0.00229183,0,0,0,0,0,0,0,0,0,1,70,54,0,0.00034,0.00034,2,-1,0,0,0,0,0,0,0,0,0,0,1,0,1,0,0,0,0,0,0,0,0,,0,0,0,0,
11,7.03,0,-10.1,24,0,0,0,2.3,0,0,0,0,-23,0,0,0,0,-0.00229183,0,0,0,0,0,0,0,0,0,1,70,54,0,0.00034,0.00034,3,5,0,0,0,0,0,0,0,0,0,0,1,0,1,0,0,0,0,0,0,0,0,,0,0,0,0,
12,7.65,0,34.6,39.5,0,0,0,6.8,0,0,0,0,5,0,0,0,0,-0.00229183,0,0,0,0,0,0,0,0,0,1,86,54,0,0.00034,0.00034,3,5,0,0,0,0,0,0,0,0,0,0,1,0,1,0,0,0,0,0,0,0,0,,0,0,0,0,
13,8.23,0,-25.15,28.5,0,0,0,11.8,0,0,0,0,-12,0,0,0,0,-0.00229183,0,0,0,0,0,0,0,0,0,1,75,54,0,0.00034,0.00034,3,0,0,0,0,0,0,0,0,0,0,0,1,0,1,0,0,0,0,0,0,0,0,,0,0,0,0,
14,8.48,0,69.15,30,0,0,0,-11.2,0,0,0,0,22,0,0,0,0,-0.00229183,0,0,0,0,0,0,0,0,0,1,76,54,0,0.00034,0.00034,3,7,0,0,0,0,0,0,0,0,0,0,1,0,1,0,0,0,0,0,0,0,0,,0,0,0,0,
15,8.9,0,-32.7,26.5,0,0,0,-0.45,0,0,0,0,-10,0,0,0,0,-0.00229183,0,0,0,0,0,0,0,0,0,1,73,54,0,0.00034,0.00034,3,5,0,0,0,0,0,0,0,0,0,0,1,0,1,0,0,0,0,0,0,0,0,,0,0,0,0,
16,9.39,0,-29.3,22.5,0,0,0,-2.8,0,0,0,0,-15,0,0,0,0,-0.00229183,0,0,0,0,0,0,0,0,0,1,69,54,0,0.00034,0.00034,3,5,0,0,0,0,0,0,0,0,0,0,1,0,1,0,0,0,0,0,0,0,0,,0,0,0,0,
17,9.85,0,-28.3,21,0,0,0,-0.35,0,0,0,0,-17.5,0,0,0,0,-0.00229183,0,0,0,0,0,0,0,0,0,1,67,54,0,0.00034,0.00034,3,5,0,0,0,0,0,0,0,0,0,0,1,0,1,0,0,0,0,0,0,0,0,,0,0,0,0,
18,12.16,0,-12.6,26.5,0,0,0,12.9,0,0,0,0,-16.5,0,0,0,0,-0.00229183,0,0,0,0,0,0,0,0,0,1,73,54,0,0.00034,0.00034,3,5,0,0,0,0,0,0,0,0,0,0,1,0,1,0,0,0,0,0,0,0,0,,0,0,0,0,
19,13,0,-22.95,21,0,0,0,-1.6,0,0,0,0,-17.5,0,0,0,0,-0.00229183,0,0,0,0,0,0,0,0,0,1,68,54,0,0.00034,0.00034,3,5,0,0,0,0,0,0,0,0,0,0,1,0,1,0,0,0,0,0,0,0,0,,0,0,0,0,
END,Total:20
START,FrameNb:61,CameraNb:0,HeSaiNb:0,ARS410Nb:0
2026/08/02 16:23:52:831---->
heightOffset:0,1785659032831,1322384,selfCaliBufCnt:0,selfAccObjCnt:0,selfAccAngle:0,installHAngleOffset:0,Interpolation:0,installVAngleOffset:0,radarOffsetH:0,radarOffsetV:0.32,Polynom:-0.001023;-0.0511;-2.047;0;0;0;-0.001023;-0.0511;-2.047;-25.5;0;0,WheelDirection:0;0;0;0,selfAngleOffset:0,selfAngleOffsetPit:0,currCaliAngleHrz:0,currCaliAnglePit:0,selfCaliAngleHrz:0,selfCaliAnglePit:0,servCaliAngleHrz:0,servCaliAnglePit:0,offlineCaliAngleHrz:0,offlineCaliAnglePit:0,determine2useFlag:0,IMU_Z_Accel:-21.592,IMU_X_AngularRate:-2.093,IMU_Y_AngularRate:-2.093,IMU_RollAngle:-180,IMU_PitchAngle:-180,IMU_YawAngle:-180,FcwID:0,FCWWarningLevel:0,FCWTTC:0
0,2.32,0,30.05,29,0,0,0,7.55,1.37605e-33,0,0,0,-8.5,0,0,0,0,-0.00229183,0,0,0,0,0,0,0,0,0,1,78,58,0,0.00034,0.00034,3,5,0,0,0,0,0,0,0,0,0,0,1,0,0,0,0,0,0,0,0,0,0,,0,0,0,0,
1,2.8,0,-34.05,43,0,0,0,1.75,0,0,0,0,6,0,0,0,0,-0.00229183,0,0,0,0,0,0,0,0,0,1,92,58,0,0.00034,0.00034,3,0,0,0,0,0,0,0,0,0,0,0,1,0,0,0,0,0,0,0,0,0,0,,0,0,0,0,
2,3.27,0,13.65,38,0,0,0,2.65,0,0,0,0,-7.5,0,0,0,0,-0.00229183,0,0,0,0,0,0,0,0,0,1,86,58,0,0.00034,0.00034,3,5,0,0,0,0,0,0,0,0,0,0,1,0,0,0,0,0,0,0,0,0,0,,0,0,0,0,
3,3.58,0,45.8,31.5,0,0,0,-10.05,0,0,0,0,5,0,0,0,0,-0.00229183,0,0,0,0,0,0,0,0,0,1,80,58,0,0.00034,0.00034,3,5,0,0,0,0,0,0,0,0,0,0,1,0,0,0,0,0,0,0,0,0,0,,0,0,0,0,
4,4.03,0,2.2,41.5,0,0,0,0.55,0,0,0,0,-6,0,0,0,0,-0.00229183,0,0,0,0,0,0,0,0,0,1,89,58,0,0.00034,0.00034,3,5,0,0,0,0,0,0,0,0,0,0,1,0,0,0,0,0,0,0,0,0,0,,0,0,0,0,
5,5.17,0,-35.1,34,0,0,0,-3.45,0,0,0,0,-6,0,0,0,0,-0.00229183,0,0,0,0,0,0,0,0,0,1,79,58,0,0.00034,0.00034,3,5,0,0,0,0,0,0,0,0,0,0,1,0,0,0,0,0,0,0,0,0,0,,0,0,0,0,
6,5.17,0,-40.7,34,0,0,0,0.25,0,0,0,0,-3,0,0,0,0,-0.00229183,0,0,0,0,0,0,0,0,0,1,79,58,0,0.00034,0.00034,3,5,0,0,0,0,0,0,0,0,0,0,1,0,0,0,0,0,0,0,0,0,0,,0,0,0,0,
7,5.61,0,-34.7,35.5,0,0,0,-3.05,0,0,0,0,-4,0,0,0,0,-0.00229183,0,0,0,0,0,0,0,0,0,1,80,58,0,0.00034,0.00034,3,5,0,0,0,0,0,0,0,0,0,0,1,0,0,0,0,0,0,0,0,0,0,,0,0,0,0,
8,5.61,0,-24.1,35.5,0,0,0,-5.45,0,0,0,0,-9,0,0,0,0,-0.00229183,0,0,0,0,0,0,0,0,0,1,80,58,0,0.00034,0.00034,3,5,0,0,0,0,0,0,0,0,0,0,1,0,0,0,0,0,0,0,0,0,0,,0,0,0,0,
9,5.83,0,-40.7,30.5,0,0,0,0.05,0,0,0,0,-6,0,0,0,0,-0.00229183,0,0,0,0,0,0,0,0,0,1,75,58,0,0.00034,0.00034,3,5,0,0,0,0,0,0,0,0,0,0,1,0,0,0,0,0,0,0,0,0,0,,0,0,0,0,
10,6.63,0,-54,24.5,0,0,0,-1,0,0,0,0,1,0,0,0,0,-0.00229183,0,0,0,0,0,0,0,0,0,1,70,58,0,0.00034,0.00034,3,5,0,0,0,0,0,0,0,0,0,0,1,0,0,0,0,0,0,0,0,0,0,,0,0,0,0,
11,7.04,0,-10.1,24.5,0,0,0,2.3,0,0,0,0,-23,0,0,0,0,-0.00229183,0,0,0,0,0,0,0,0,0,1,70,58,0,0.00034,0.00034,3,5,0,0,0,0,0,0,0,0,0,0,1,0,0,0,0,0,0,0,0,0,0,,0,0,0,0,
12,7.65,0,34.65,40,0,0,0,6.75,0,0,0,0,5.5,0,0,0,0,-0.00229183,0,0,0,0,0,0,0,0,0,1,86,58,0,0.00034,0.00034,3,5,0,0,0,0,0,0,0,0,0,0,1,0,0,0,0,0,0,0,0,0,0,,0,0,0,0,
13,8.23,0,-25.3,29,0,0,0,-1.05,0,0,0,0,-12,0,0,0,0,-0.00229183,0,0,0,0,0,0,0,0,0,1,75,58,0,0.00034,0.00034,3,0,0,0,0,0,0,0,0,0,0,0,1,0,0,0,0,0,0,0,0,0,0,,0,0,0,0,
14,8.66,0,70.95,29.5,0,0,0,-11.6,0,0,0,0,24.5,0,0,0,0,-0.00229183,0,0,0,0,0,0,0,0,0,1,76,58,0,0.00034,0.00034,3,5,0,0,0,0,0,0,0,0,0,0,1,0,0,0,0,0,0,0,0,0,0,,0,0,0,0,
15,8.9,0,-32.7,26.5,0,0,0,-0.35,0,0,0,0,-10,0,0,0,0,-0.00229183,0,0,0,0,0,0,0,0,0,1,72,58,0,0.00034,0.00034,3,5,0,0,0,0,0,0,0,0,0,0,1,0,0,0,0,0,0,0,0,0,0,,0,0,0,0,
16,9.38,0,-29.3,22.5,0,0,0,-2.75,0,0,0,0,-15,0,0,0,0,-0.00229183,0,0,0,0,0,0,0,0,0,1,69,58,0,0.00034,0.00034,3,5,0,0,0,0,0,0,0,0,0,0,1,0,0,0,0,0,0,0,0,0,0,,0,0,0,0,
17,9.86,0,-28.3,21,0,0,0,-0.25,0,0,0,0,-17.5,0,0,0,0,-0.00229183,0,0,0,0,0,0,0,0,0,1,67,58,0,0.00034,0.00034,3,5,0,0,0,0,0,0,0,0,0,0,1,0,0,0,0,0,0,0,0,0,0,,0,0,0,0,
18,12.17,0,-12.6,26.5,0,0,0,13.15,0,0,0,0,-16.5,0,0,0,0,-0.00229183,0,0,0,0,0,0,0,0,0,1,73,58,0,0.00034,0.00034,3,5,0,0,0,0,0,0,0,0,0,0,1,0,0,0,0,0,0,0,0,0,0,,0,0,0,0,
19,13,0,-23.1,21,0,0,0,-1.75,0,0,0,0,-18,0,0,0,0,-0.00229183,0,0,0,0,0,0,0,0,0,1,67,58,0,0.00034,0.00034,3,5,0,0,0,0,0,0,0,0,0,0,1,0,0,0,0,0,0,0,0,0,0,,0,0,0,0,
END,Total:20
START,FrameNb:62,CameraNb:0,HeSaiNb:0,ARS410Nb:0
2026/08/02 16:23:52:888---->
heightOffset:0,1785659032888,1322444,selfCaliBufCnt:0,selfAccObjCnt:0,selfAccAngle:0,installHAngleOffset:0,Interpolation:0,installVAngleOffset:0,radarOffsetH:0,radarOffsetV:0.32,Polynom:-0.001023;-0.0511;-2.047;0;0;0;-0.001023;-0.0511;-2.047;-25.5;0;0,WheelDirection:0;0;0;0,selfAngleOffset:0,selfAngleOffsetPit:0,currCaliAngleHrz:0,currCaliAnglePit:0,selfCaliAngleHrz:0,selfCaliAnglePit:0,servCaliAngleHrz:0,servCaliAnglePit:0,offlineCaliAngleHrz:0,offlineCaliAnglePit:0,determine2useFlag:0,IMU_Z_Accel:-21.592,IMU_X_AngularRate:-2.093,IMU_Y_AngularRate:-2.093,IMU_RollAngle:-180,IMU_PitchAngle:-180,IMU_YawAngle:-180,FcwID:0,FCWWarningLevel:0,FCWTTC:0
0,2.32,0,30.05,29,0,0,0,8.2,1.37605e-33,0,0,0,-9,0,0,0,0,-0.00229183,0,0,0,0,0,0,0,0,0,1,78,54,0,0.00034,0.00034,3,5,0,0,0,0,0,0,0,0,0,0,1,0,1,0,0,0,0,0,0,0,0,,0,0,0,0,
1,2.8,0,-34.05,43.5,0,0,0,1.75,0,0,0,0,6,0,0,0,0,-0.00229183,0,0,0,0,0,0,0,0,0,1,92,54,0,0.00034,0.00034,3,0,0,0,0,0,0,0,0,0,0,0,1,0,1,0,0,0,0,0,0,0,0,,0,0,0,0,
2,3.26,0,13.65,38,0,0,0,2.65,0,0,0,0,-7.5,0,0,0,0,-0.00229183,0,0,0,0,0,0,0,0,0,1,86,54,0,0.00034,0.00034,3,0,0,0,0,0,0,0,0,0,0,0,1,0,1,0,0,0,0,0,0,0,0,,0,0,0,0,
3,3.6,0,45.45,31.5,0,0,0,-9.1,0,0,0,0,5,0,0,0,0,-0.00229183,0,0,0,0,0,0,0,0,0,1,80,54,0,0.00034,0.00034,3,5,0,0,0,0,0,0,0,0,0,0,1,0,1,0,0,0,0,0,0,0,0,,0,0,0,0,
4,4.03,0,2.2,41.5,0,0,0,0.55,0,0,0,0,-6.5,0,0,0,0,-0.00229183,0,0,0,0,0,0,0,0,0,1,89,54,0,0.00034,0.00034,3,5,0,0,0,0,0,0,0,0,0,0,1,0,1,0,0,0,0,0,0,0,0,,0,0,0,0,
5,5.17,0,-35.1,34,0,0,0,-3.45,0,0,0,0,-6,0,0,0,0,-0.00229183,0,0,0,0,0,0,0,0,0,1,79,54,0,0.00034,0.00034,3,5,0,0,0,0,0,0,0,0,0,0,1,0,1,0,0,0,0,0,0,0,0,,0,0,0,0,
6,5.17,0,-40.6,34,0,0,0,0.2,0,0,0,0,-3,0,0,0,0,-0.00229183,0,0,0,0,0,0,0,0,0,1,79,54,0,0.00034,0.00034,3,5,0,0,0,0,0,0,0,0,0,0,1,0,1,0,0,0,0,0,0,0,0,,0,0,0,0,
7,5.61,0,-34.6,36,0,0,0,-3,0,0,0,0,-4,0,0,0,0,-0.00229183,0,0,0,0,0,0,0,0,0,1,80,54,0,0.00034,0.00034,3,5,0,0,0,0,0,0,0,0,0,0,1,0,1,0,0,0,0,0,0,0,0,,0,0,0,0,
8,5.61,0,-24.1,36,0,0,0,-5.55,0,0,0,0,-9,0,0,0,0,-0.00229183,0,0,0,0,0,0,0,0,0,1,80,54,0,0.00034,0.00034,3,5,0,0,0,0,0,0,0,0,0,0,1,0,1,0,0,0,0,0,0,0,0,,0,0,0,0,
9,5.83,0,-40.9,30.5,0,0,0,0.05,0,0,0,0,-5.5,0,0,0,0,-0.00229183,0,0,0,0,0,0,0,0,0,1,75,54,0,0.00034,0.00034,3,5,0,0,0,0,0,0,0,0,0,0,1,0,1,0,0,0,0,0,0,0,0,,0,0,0,0,
10,6.61,0,4.95,24.5,0,0,0,-13.05,0,0,0,0,-23.5,0,0,0,0,-0.00229183,0,0,0,0,0,0,0,0,0,1,70,54,0,0.00034,0.00034,2,-1,0,0,0,0,0,0,0,0,0,0,1,0,1,0,0,0,0,0,0,0,0,,0,0,0,0,
11,7.03,0,-10.3,24,0,0,0,-7.85,0,0,0,0,-23.5,0,0,0,0,-0.00229183,0,0,0,0,0,0,0,0,0,1,70,54,0,0.00034,0.00034,3,5,0,0,0,0,0,0,0,0,0,0,1,0,1,0,0,0,0,0,0,0,0,,0,0,0,0,
12,7.64,0,34.6,40,0,0,0,6.9,0,0,0,0,5.5,0,0,0,0,-0.00229183,0,0,0,0,0,0,0,0,0,1,86,54,0,0.00034,0.00034,3,5,0,0,0,0,0,0,0,0,0,0,1,0,1,0,0,0,0,0,0,0,0,,0,0,0,0,
13,8.23,0,-25.1,29,0,0,0,11.9,0,0,0,0,-12,0,0,0,0,-0.00229183,0,0,0,0,0,0,0,0,0,1,75,54,0,0.00034,0.00034,3,0,0,0,0,0,0,0,0,0,0,0,1,0,1,0,0,0,0,0,0,0,0,,0,0,0,0,
14,8.48,0,70.95,30,0,0,0,-11.55,0,0,0,0,24,0,0,0,0,-0.00229183,0,0,0,0,0,0,0,0,0,1,76,54,0,0.00034,0.00034,3,5,0,0,0,0,0,0,0,0,0,0,1,0,1,0,0,0,0,0,0,0,0,,0,0,0,0,
15,8.9,0,-32.65,26,0,0,0,-0.6,0,0,0,0,-10,0,0,0,0,-0.00229183,0,0,0,0,0,0,0,0,0,1,72,54,0,0.00034,0.00034,3,5,0,0,0,0,0,0,0,0,0,0,1,0,1,0,0,0,0,0,0,0,0,,0,0,0,0,
16,9.39,0,-29.2,23,0,0,0,-2.95,0,0,0,0,-15,0,0,0,0,-0.00229183,0,0,0,0,0,0,0,0,0,1,69,54,0,0.00034,0.00034,3,5,0,0,0,0,0,0,0,0,0,0,1,0,1,0,0,0,0,0,0,0,0,,0,0,0,0,
17,9.82,0,-28.35,21,0,0,0,-0.45,0,0,0,0,-17.5,0,0,0,0,-0.00229183,0,0,0,0,0,0,0,0,0,1,67,54,0,0.00034,0.00034,3,5,0,0,0,0,0,0,0,0,0,0,1,0,1,0,0,0,0,0,0,0,0,,0,0,0,0,
18,12.16,0,-12.5,26.5,0,0,0,12.8,0,0,0,0,-16.5,0,0,0,0,-0.00229183,0,0,0,0,0,0,0,0,0,1,73,54,0,0.00034,0.00034,3,5,0,0,0,0,0,0,0,0,0,0,1,0,1,0,0,0,0,0,0,0,0,,0,0,0,0,
19,13,0,-23.1,21.5,0,0,0,-1.6,0,0,0,0,-18,0,0,0,0,-0.00229183,0,0,0,0,0,0,0,0,0,1,68,54,0,0.00034,0.00034,3,5,0,0,0,0,0,0,0,0,0,0,1,0,1,0,0,0,0,0,0,0,0,,0,0,0,0,
END,Total:20
START,FrameNb:63,CameraNb:0,HeSaiNb:0,ARS410Nb:0
2026/08/02 16:23:52:928---->
heightOffset:0,1785659032928,1322500,selfCaliBufCnt:0,selfAccObjCnt:0,selfAccAngle:0,installHAngleOffset:0,Interpolation:0,installVAngleOffset:0,radarOffsetH:0,radarOffsetV:0.32,Polynom:-0.001023;-0.0511;-2.047;0;0;0;-0.001023;-0.0511;-2.047;-25.5;0;0,WheelDirection:0;0;0;0,selfAngleOffset:0,selfAngleOffsetPit:0,currCaliAngleHrz:0,currCaliAnglePit:0,selfCaliAngleHrz:0,selfCaliAnglePit:0,servCaliAngleHrz:0,servCaliAnglePit:0,offlineCaliAngleHrz:0,offlineCaliAnglePit:0,determine2useFlag:0,IMU_Z_Accel:-21.592,IMU_X_AngularRate:-2.093,IMU_Y_AngularRate:-2.093,IMU_RollAngle:-180,IMU_PitchAngle:-180,IMU_YawAngle:-180,FcwID:0,FCWWarningLevel:0,FCWTTC:0
0,2.32,0,30.1,29,0,0,0,7.75,1.37605e-33,0,0,0,-8.5,0,0,0,0,-0.00229183,0,0,0,0,0,0,0,0,0,1,78,61,0,0.00034,0.00034,3,5,0,0,0,0,0,0,0,0,0,0,1,0,0,0,0,0,0,0,0,0,0,,0,0,0,0,
1,2.8,0,-34.05,43,0,0,0,1.75,0,0,0,0,6,0,0,0,0,-0.00229183,0,0,0,0,0,0,0,0,0,1,92,61,0,0.00034,0.00034,3,0,0,0,0,0,0,0,0,0,0,0,1,0,0,0,0,0,0,0,0,0,0,,0,0,0,0,
2,3.27,0,13.65,38,0,0,0,2.65,0,0,0,0,-7.5,0,0,0,0,-0.00229183,0,0,0,0,0,0,0,0,0,1,86,61,0,0.00034,0.00034,3,5,0,0,0,0,0,0,0,0,0,0,1,0,0,0,0,0,0,0,0,0,0,,0,0,0,0,
3,3.59,0,45.95,31.5,0,0,0,-10.2,0,0,0,0,5,0,0,0,0,-0.00229183,0,0,0,0,0,0,0,0,0,1,80,61,0,0.00034,0.00034,3,5,0,0,0,0,0,0,0,0,0,0,1,0,0,0,0,0,0,0,0,0,0,,0,0,0,0,
4,4.03,0,2.2,41.5,0,0,0,0.55,0,0,0,0,-6,0,0,0,0,-0.00229183,0,0,0,0,0,0,0,0,0,1,89,61,0,0.00034,0.00034,3,5,0,0,0,0,0,0,0,0,0,0,1,0,0,0,0,0,0,0,0,0,0,,0,0,0,0,
5,5.16,0,-35.1,34,0,0,0,-3.35,0,0,0,0,-6,0,0,0,0,-0.00229183,0,0,0,0,0,0,0,0,0,1,79,61,0,0.00034,0.00034,3,5,0,0,0,0,0,0,0,0,0,0,1,0,0,0,0,0,0,0,0,0,0,,0,0,0,0,
6,5.16,0,-40.65,34,0,0,0,0.25,0,0,0,0,-3,0,0,0,0,-0.00229183,0,0,0,0,0,0,0,0,0,1,79,61,0,0.00034,0.00034,3,5,0,0,0,0,0,0,0,0,0,0,1,0,0,0,0,0,0,0,0,0,0,,0,0,0,0,
7,5.61,0,-34.7,35.5,0,0,0,-3,0,0,0,0,-4,0,0,0,0,-0.00229183,0,0,0,0,0,0,0,0,0,1,80,61,0,0.00034,0.00034,3,5,0,0,0,0,0,0,0,0,0,0,1,0,0,0,0,0,0,0,0,0,0,,0,0,0,0,
8,5.61,0,-24.15,35.5,0,0,0,-5.45,0,0,0,0,-9,0,0,0,0,-0.00229183,0,0,0,0,0,0,0,0,0,1,80,61,0,0.00034,0.00034,3,5,0,0,0,0,0,0,0,0,0,0,1,0,0,0,0,0,0,0,0,0,0,,0,0,0,0,
9,5.83,0,-40.7,30.5,0,0,0,0,0,0,0,0,-5.5,0,0,0,0,-0.00229183,0,0,0,0,0,0,0,0,0,1,75,61,0,0.00034,0.00034,3,5,0,0,0,0,0,0,0,0,0,0,1,0,0,0,0,0,0,0,0,0,0,,0,0,0,0,
10,6.62,0,-53.55,24.5,0,0,0,-0.8,0,0,0,0,0.5,0,0,0,0,-0.00229183,0,0,0,0,0,0,0,0,0,1,70,61,0,0.00034,0.00034,3,5,0,0,0,0,0,0,0,0,0,0,1,0,0,0,0,0,0,0,0,0,0,,0,0,0,0,
11,7.03,0,-10.15,24,0,0,0,2,0,0,0,0,-23,0,0,0,0,-0.00229183,0,0,0,0,0,0,0,0,0,1,70,61,0,0.00034,0.00034,3,5,0,0,0,0,0,0,0,0,0,0,1,0,0,0,0,0,0,0,0,0,0,,0,0,0,0,
12,7.64,0,34.65,40,0,0,0,-9.35,0,0,0,0,5.5,0,0,0,0,-0.00229183,0,0,0,0,0,0,0,0,0,1,86,61,0,0.00034,0.00034,3,5,0,0,0,0,0,0,0,0,0,0,1,0,0,0,0,0,0,0,0,0,0,,0,0,0,0,
13,8.23,0,-25.15,29,0,0,0,12.15,0,0,0,0,-12,0,0,0,0,-0.00229183,0,0,0,0,0,0,0,0,0,1,75,61,0,0.00034,0.00034,3,0,0,0,0,0,0,0,0,0,0,0,1,0,0,0,0,0,0,0,0,0,0,,0,0,0,0,
14,8.66,0,69.15,30,0,0,0,-11.3,0,0,0,0,22.5,0,0,0,0,-0.00229183,0,0,0,0,0,0,0,0,0,1,76,61,0,0.00034,0.00034,3,7,0,0,0,0,0,0,0,0,0,0,1,0,0,0,0,0,0,0,0,0,0,,0,0,0,0,
15,8.9,0,-32.7,26.5,0,0,0,-0.45,0,0,0,0,-10,0,0,0,0,-0.00229183,0,0,0,0,0,0,0,0,0,1,73,61,0,0.00034,0.00034,3,5,0,0,0,0,0,0,0,0,0,0,1,0,0,0,0,0,0,0,0,0,0,,0,0,0,0,
16,9.37,0,-29.15,23,0,0,0,-3.05,0,0,0,0,-15,0,0,0,0,-0.00229183,0,0,0,0,0,0,0,0,0,1,69,61,0,0.00034,0.00034,3,5,0,0,0,0,0,0,0,0,0,0,1,0,0,0,0,0,0,0,0,0,0,,0,0,0,0,
17,9.85,0,-28.3,21,0,0,0,-0.55,0,0,0,0,-17.5,0,0,0,0,-0.00229183,0,0,0,0,0,0,0,0,0,1,67,61,0,0.00034,0.00034,3,5,0,0,0,0,0,0,0,0,0,0,1,0,0,0,0,0,0,0,0,0,0,,0,0,0,0,
18,12.17,0,-12.6,26.5,0,0,0,13,0,0,0,0,-16.5,0,0,0,0,-0.00229183,0,0,0,0,0,0,0,0,0,1,73,61,0,0.00034,0.00034,3,5,0,0,0,0,0,0,0,0,0,0,1,0,0,0,0,0,0,0,0,0,0,,0,0,0,0,
19,13,0,-23.2,22,0,0,0,-1.75,0,0,0,0,-17.5,0,0,0,0,-0.00229183,0,0,0,0,0,0,0,0,0,1,68,61,0,0.00034,0.00034,3,5,0,0,0,0,0,0,0,0,0,0,1,0,0,0,0,0,0,0,0,0,0,,0,0,0,0,
END,Total:20
START,FrameNb:64,CameraNb:0,HeSaiNb:0,ARS410Nb:0
2026/08/02 16:23:52:989---->
heightOffset:0,1785659032989,1322560,selfCaliBufCnt:0,selfAccObjCnt:0,selfAccAngle:0,installHAngleOffset:0,Interpolation:0,installVAngleOffset:0,radarOffsetH:0,radarOffsetV:0.32,Polynom:-0.001023;-0.0511;-2.047;0;0;0;-0.001023;-0.0511;-2.047;-25.5;0;0,WheelDirection:0;0;0;0,selfAngleOffset:0,selfAngleOffsetPit:0,currCaliAngleHrz:0,currCaliAnglePit:0,selfCaliAngleHrz:0,selfCaliAnglePit:0,servCaliAngleHrz:0,servCaliAnglePit:0,offlineCaliAngleHrz:0,offlineCaliAnglePit:0,determine2useFlag:0,IMU_Z_Accel:-21.592,IMU_X_AngularRate:-2.093,IMU_Y_AngularRate:-2.093,IMU_RollAngle:-180,IMU_PitchAngle:-180,IMU_YawAngle:-180,FcwID:0,FCWWarningLevel:0,FCWTTC:0
0,2.32,0,30.05,29,0,0,0,8.2,1.37605e-33,0,0,0,-8.5,0,0,0,0,-0.00229183,0,0,0,0,0,0,0,0,0,1,78,58,0,0.00034,0.00034,3,5,0,0,0,0,0,0,0,0,0,0,1,0,1,0,0,0,0,0,0,0,0,,0,0,0,0,
1,2.8,0,-34.05,43,0,0,0,1.75,0,0,0,0,6,0,0,0,0,-0.00229183,0,0,0,0,0,0,0,0,0,1,92,58,0,0.00034,0.00034,3,0,0,0,0,0,0,0,0,0,0,0,1,0,1,0,0,0,0,0,0,0,0,,0,0,0,0,
2,3.26,0,13.65,38,0,0,0,2.65,0,0,0,0,-7.5,0,0,0,0,-0.00229183,0,0,0,0,0,0,0,0,0,1,86,58,0,0.00034,0.00034,3,0,0,0,0,0,0,0,0,0,0,0,1,0,1,0,0,0,0,0,0,0,0,,0,0,0,0,
3,3.61,0,45.55,31.5,0,0,0,-9.45,0,0,0,0,5,0,0,0,0,-0.00229183,0,0,0,0,0,0,0,0,0,1,80,58,0,0.00034,0.00034,3,5,0,0,0,0,0,0,0,0,0,0,1,0,1,0,0,0,0,0,0,0,0,,0,0,0,0,
4,4.03,0,2.2,41.5,0,0,0,0.55,0,0,0,0,-6.5,0,0,0,0,-0.00229183,0,0,0,0,0,0,0,0,0,1,89,58,0,0.00034,0.00034,3,5,0,0,0,0,0,0,0,0,0,0,1,0,1,0,0,0,0,0,0,0,0,,0,0,0,0,
5,5.17,0,-35.1,33.5,0,0,0,-3.3,0,0,0,0,-6,0,0,0,0,-0.00229183,0,0,0,0,0,0,0,0,0,1,79,58,0,0.00034,0.00034,3,5,0,0,0,0,0,0,0,0,0,0,1,0,1,0,0,0,0,0,0,0,0,,0,0,0,0,
6,5.17,0,-40.65,33.5,0,0,0,0.15,0,0,0,0,-3,0,0,0,0,-0.00229183,0,0,0,0,0,0,0,0,0,1,79,58,0,0.00034,0.00034,3,5,0,0,0,0,0,0,0,0,0,0,1,0,1,0,0,0,0,0,0,0,0,,0,0,0,0,
7,5.61,0,-34.6,36,0,0,0,-3,0,0,0,0,-4,0,0,0,0,-0.00229183,0,0,0,0,0,0,0,0,0,1,80,58,0,0.00034,0.00034,3,5,0,0,0,0,0,0,0,0,0,0,1,0,1,0,0,0,0,0,0,0,0,,0,0,0,0,
8,5.61,0,-24.1,36,0,0,0,-5.55,0,0,0,0,-9,0,0,0,0,-0.00229183,0,0,0,0,0,0,0,0,0,1,80,58,0,0.00034,0.00034,3,5,0,0,0,0,0,0,0,0,0,0,1,0,1,0,0,0,0,0,0,0,0,,0,0,0,0,
9,5.83,0,-40.7,30.5,0,0,0,0.25,0,0,0,0,-5.5,0,0,0,0,-0.00229183,0,0,0,0,0,0,0,0,0,1,75,58,0,0.00034,0.00034,3,5,0,0,0,0,0,0,0,0,0,0,1,0,1,0,0,0,0,0,0,0,0,,0,0,0,0,
10,6.61,0,-53.7,25,0,0,0,-2.45,0,0,0,0,1,0,0,0,0,-0.00229183,0,0,0,0,0,0,0,0,0,1,70,58,0,0.00034,0.00034,3,5,0,0,0,0,0,0,0,0,0,0,1,0,1,0,0,0,0,0,0,0,0,,0,0,0,0,
11,7.03,0,-10.35,24,0,0,0,-8.1,0,0,0,0,-23,0,0,0,0,-0.00229183,0,0,0,0,0,0,0,0,0,1,70,58,0,0.00034,0.00034,3,5,0,0,0,0,0,0,0,0,0,0,1,0,1,0,0,0,0,0,0,0,0,,0,0,0,0,
12,7.64,0,34.7,40,0,0,0,6.75,0,0,0,0,5.5,0,0,0,0,-0.00229183,0,0,0,0,0,0,0,0,0,1,86,58,0,0.00034,0.00034,3,5,0,0,0,0,0,0,0,0,0,0,1,0,1,0,0,0,0,0,0,0,0,,0,0,0,0,
13,8.24,0,-25.05,29.5,0,0,0,11.7,0,0,0,0,-12,0,0,0,0,-0.00229183,0,0,0,0,0,0,0,0,0,1,75,58,0,0.00034,0.00034,3,0,0,0,0,0,0,0,0,0,0,0,1,0,1,0,0,0,0,0,0,0,0,,0,0,0,0,
14,8.66,0,69.15,30,0,0,0,-11.45,0,0,0,0,22.5,0,0,0,0,-0.00229183,0,0,0,0,0,0,0,0,0,1,76,58,0,0.00034,0.00034,3,7,0,0,0,0,0,0,0,0,0,0,1,0,1,0,0,0,0,0,0,0,0,,0,0,0,0,
15,8.9,0,-32.8,26.5,0,0,0,-0.6,0,0,0,0,-10,0,0,0,0,-0.00229183,0,0,0,0,0,0,0,0,0,1,73,58,0,0.00034,0.00034,3,5,0,0,0,0,0,0,0,0,0,0,1,0,1,0,0,0,0,0,0,0,0,,0,0,0,0,
16,9.4,0,-29.2,23,0,0,0,-2.95,0,0,0,0,-15,0,0,0,0,-0.00229183,0,0,0,0,0,0,0,0,0,1,69,58,0,0.00034,0.00034,3,5,0,0,0,0,0,0,0,0,0,0,1,0,1,0,0,0,0,0,0,0,0,,0,0,0,0,
17,9.81,0,-28.3,21,0,0,0,-0.55,0,0,0,0,-17.5,0,0,0,0,-0.00229183,0,0,0,0,0,0,0,0,0,1,68,58,0,0.00034,0.00034,3,5,0,0,0,0,0,0,0,0,0,0,1,0,1,0,0,0,0,0,0,0,0,,0,0,0,0,
18,12.16,0,-12.55,27,0,0,0,12.7,0,0,0,0,-16,0,0,0,0,-0.00229183,0,0,0,0,0,0,0,0,0,1,74,58,0,0.00034,0.00034,3,5,0,0,0,0,0,0,0,0,0,0,1,0,1,0,0,0,0,0,0,0,0,,0,0,0,0,
19,13,0,-23.2,21.5,0,0,0,-1.8,0,0,0,0,-17.5,0,0,0,0,-0.00229183,0,0,0,0,0,0,0,0,0,1,68,58,0,0.00034,0.00034,3,5,0,0,0,0,0,0,0,0,0,0,1,0,1,0,0,0,0,0,0,0,0,,0,0,0,0,
END,Total:20
START,FrameNb:65,CameraNb:0,HeSaiNb:0,ARS410Nb:0
2026/08/02 16:23:53:050---->
heightOffset:0,1785659033050,1322616,selfCaliBufCnt:0,selfAccObjCnt:0,selfAccAngle:0,installHAngleOffset:0,Interpolation:0,installVAngleOffset:0,radarOffsetH:0,radarOffsetV:0.32,Polynom:-0.001023;-0.0511;-2.047;0;0;0;-0.001023;-0.0511;-2.047;-25.5;0;0,WheelDirection:0;0;0;0,selfAngleOffset:0,selfAngleOffsetPit:0,currCaliAngleHrz:0,currCaliAnglePit:0,selfCaliAngleHrz:0,selfCaliAnglePit:0,servCaliAngleHrz:0,servCaliAnglePit:0,offlineCaliAngleHrz:0,offlineCaliAnglePit:0,determine2useFlag:0,IMU_Z_Accel:-21.592,IMU_X_AngularRate:-2.093,IMU_Y_AngularRate:-2.093,IMU_RollAngle:-180,IMU_PitchAngle:-180,IMU_YawAngle:-180,FcwID:0,FCWWarningLevel:0,FCWTTC:0
0,2.32,0,30.1,29.5,0,0,0,7.75,1.37605e-33,0,0,0,-8.5,0,0,0,0,-0.00229183,0,0,0,0,0,0,0,0,0,1,78,60,0,0.00034,0.00034,3,5,0,0,0,0,0,0,0,0,0,0,1,0,0,0,0,0,0,0,0,0,0,,0,0,0,0,
1,2.8,0,-34.05,43.5,0,0,0,1.75,0,0,0,0,6,0,0,0,0,-0.00229183,0,0,0,0,0,0,0,0,0,1,92,60,0,0.00034,0.00034,3,0,0,0,0,0,0,0,0,0,0,0,1,0,0,0,0,0,0,0,0,0,0,,0,0,0,0,
2,3.27,0,13.65,38,0,0,0,2.65,0,0,0,0,-7.5,0,0,0,0,-0.00229183,0,0,0,0,0,0,0,0,0,1,86,60,0,0.00034,0.00034,3,5,0,0,0,0,0,0,0,0,0,0,1,0,0,0,0,0,0,0,0,0,0,,0,0,0,0,
3,3.58,0,45.8,32,0,0,0,-10.2,0,0,0,0,5,0,0,0,0,-0.00229183,0,0,0,0,0,0,0,0,0,1,80,60,0,0.00034,0.00034,3,5,0,0,0,0,0,0,0,0,0,0,1,0,0,0,0,0,0,0,0,0,0,,0,0,0,0,
4,4.03,0,2.2,41.5,0,0,0,0.55,0,0,0,0,-6,0,0,0,0,-0.00229183,0,0,0,0,0,0,0,0,0,1,89,60,0,0.00034,0.00034,3,5,0,0,0,0,0,0,0,0,0,0,1,0,0,0,0,0,0,0,0,0,0,,0,0,0,0,
5,5.16,0,-35.1,34,0,0,0,-3.35,0,0,0,0,-6,0,0,0,0,-0.00229183,0,0,0,0,0,0,0,0,0,1,79,60,0,0.00034,0.00034,3,5,0,0,0,0,0,0,0,0,0,0,1,0,0,0,0,0,0,0,0,0,0,,0,0,0,0,
6,5.16,0,-40.65,34,0,0,0,0.15,0,0,0,0,-3,0,0,0,0,-0.00229183,0,0,0,0,0,0,0,0,0,1,79,60,0,0.00034,0.00034,3,5,0,0,0,0,0,0,0,0,0,0,1,0,0,0,0,0,0,0,0,0,0,,0,0,0,0,
7,5.61,0,-34.65,36,0,0,0,-3.05,0,0,0,0,-4,0,0,0,0,-0.00229183,0,0,0,0,0,0,0,0,0,1,80,60,0,0.00034,0.00034,3,5,0,0,0,0,0,0,0,0,0,0,1,0,0,0,0,0,0,0,0,0,0,,0,0,0,0,
8,5.61,0,-24.15,36,0,0,0,-5.55,0,0,0,0,-9,0,0,0,0,-0.00229183,0,0,0,0,0,0,0,0,0,1,80,60,0,0.00034,0.00034,3,5,0,0,0,0,0,0,0,0,0,0,1,0,0,0,0,0,0,0,0,0,0,,0,0,0,0,
9,5.83,0,-40.7,30.5,0,0,0,0.05,0,0,0,0,-5.5,0,0,0,0,-0.00229183,0,0,0,0,0,0,0,0,0,1,76,60,0,0.00034,0.00034,3,5,0,0,0,0,0,0,0,0,0,0,1,0,0,0,0,0,0,0,0,0,0,,0,0,0,0,
10,6.62,0,4.95,24.5,0,0,0,-13.45,0,0,0,0,-23.5,0,0,0,0,-0.00229183,0,0,0,0,0,0,0,0,0,1,70,60,0,0.00034,0.00034,2,-1,0,0,0,0,0,0,0,0,0,0,1,0,0,0,0,0,0,0,0,0,0,,0,0,0,0,
11,7.03,0,-10.2,24.5,0,0,0,2.05,0,0,0,0,-23,0,0,0,0,-0.00229183,0,0,0,0,0,0,0,0,0,1,70,60,0,0.00034,0.00034,3,5,0,0,0,0,0,0,0,0,0,0,1,0,0,0,0,0,0,0,0,0,0,,0,0,0,0,
12,7.64,0,34.8,40,0,0,0,6.75,0,0,0,0,5.5,0,0,0,0,-0.00229183,0,0,0,0,0,0,0,0,0,1,86,60,0,0.00034,0.00034,3,5,0,0,0,0,0,0,0,0,0,0,1,0,0,0,0,0,0,0,0,0,0,,0,0,0,0,
13,8.24,0,-25.1,29,0,0,0,-1.85,0,0,0,0,-11.5,0,0,0,0,-0.00229183,0,0,0,0,0,0,0,0,0,1,75,60,0,0.00034,0.00034,3,0,0,0,0,0,0,0,0,0,0,0,1,0,0,0,0,0,0,0,0,0,0,,0,0,0,0,
14,8.66,0,69.15,30.5,0,0,0,-11.55,0,0,0,0,22.5,0,0,0,0,-0.00229183,0,0,0,0,0,0,0,0,0,1,76,60,0,0.00034,0.00034,3,7,0,0,0,0,0,0,0,0,0,0,1,0,0,0,0,0,0,0,0,0,0,,0,0,0,0,
15,8.9,0,-32.8,26.5,0,0,0,-0.8,0,0,0,0,-10,0,0,0,0,-0.00229183,0,0,0,0,0,0,0,0,0,1,73,60,0,0.00034,0.00034,3,5,0,0,0,0,0,0,0,0,0,0,1,0,0,0,0,0,0,0,0,0,0,,0,0,0,0,
16,9.38,0,-29.3,23.5,0,0,0,-2.75,0,0,0,0,-14.5,0,0,0,0,-0.00229183,0,0,0,0,0,0,0,0,0,1,70,60,0,0.00034,0.00034,3,5,0,0,0,0,0,0,0,0,0,0,1,0,0,0,0,0,0,0,0,0,0,,0,0,0,0,
17,9.84,0,-28.35,21,0,0,0,-0.55,0,0,0,0,-17.5,0,0,0,0,-0.00229183,0,0,0,0,0,0,0,0,0,1,68,60,0,0.00034,0.00034,3,5,0,0,0,0,0,0,0,0,0,0,1,0,0,0,0,0,0,0,0,0,0,,0,0,0,0,
18,12.16,0,-12.55,26.5,0,0,0,12.95,0,0,0,0,-16,0,0,0,0,-0.00229183,0,0,0,0,0,0,0,0,0,1,73,60,0,0.00034,0.00034,3,5,0,0,0,0,0,0,0,0,0,0,1,0,0,0,0,0,0,0,0,0,0,,0,0,0,0,
19,13,0,-23.3,21.5,0,0,0,-1.75,0,0,0,0,-17.5,0,0,0,0,-0.00229183,0,0,0,0,0,0,0,0,0,1,68,60,0,0.00034,0.00034,3,5,0,0,0,0,0,0,0,0,0,0,1,0,0,0,0,0,0,0,0,0,0,,0,0,0,0,
END,Total:20
START,FrameNb:66,CameraNb:0,HeSaiNb:0,ARS410Nb:0
2026/08/02 16:23:53:078---->
heightOffset:0,1785659033078,1322676,selfCaliBufCnt:0,selfAccObjCnt:0,selfAccAngle:0,installHAngleOffset:0,Interpolation:0,installVAngleOffset:0,radarOffsetH:0,radarOffsetV:0.32,Polynom:-0.001023;-0.0511;-2.047;0;0;0;-0.001023;-0.0511;-2.047;-25.5;0;0,WheelDirection:0;0;0;0,selfAngleOffset:0,selfAngleOffsetPit:0,currCaliAngleHrz:0,currCaliAnglePit:0,selfCaliAngleHrz:0,selfCaliAnglePit:0,servCaliAngleHrz:0,servCaliAnglePit:0,offlineCaliAngleHrz:0,offlineCaliAnglePit:0,determine2useFlag:0,IMU_Z_Accel:-21.592,IMU_X_AngularRate:-2.093,IMU_Y_AngularRate:-2.093,IMU_RollAngle:-180,IMU_PitchAngle:-180,IMU_YawAngle:-180,FcwID:0,FCWWarningLevel:0,FCWTTC:0
0,2.32,0,30.05,29,0,0,0,8.4,1.37605e-33,0,0,0,-8.5,0,0,0,0,-0.00229183,0,0,0,0,0,0,0,0,0,1,78,55,0,0.00034,0.00034,3,5,0,0,0,0,0,0,0,0,0,0,1,0,1,0,0,0,0,0,0,0,0,,0,0,0,0,
1,2.8,0,-34.05,43,0,0,0,1.75,0,0,0,0,6,0,0,0,0,-0.00229183,0,0,0,0,0,0,0,0,0,1,92,55,0,0.00034,0.00034,3,0,0,0,0,0,0,0,0,0,0,0,1,0,1,0,0,0,0,0,0,0,0,,0,0,0,0,
2,3.26,0,13.65,38,0,0,0,2.65,0,0,0,0,-7.5,0,0,0,0,-0.00229183,0,0,0,0,0,0,0,0,0,1,86,55,0,0.00034,0.00034,3,0,0,0,0,0,0,0,0,0,0,0,1,0,1,0,0,0,0,0,0,0,0,,0,0,0,0,
3,3.62,0,45.55,31.5,0,0,0,-9.1,0,0,0,0,5,0,0,0,0,-0.00229183,0,0,0,0,0,0,0,0,0,1,80,55,0,0.00034,0.00034,3,5,0,0,0,0,0,0,0,0,0,0,1,0,1,0,0,0,0,0,0,0,0,,0,0,0,0,
4,4.03,0,2.2,41.5,0,0,0,0.55,0,0,0,0,-6.5,0,0,0,0,-0.00229183,0,0,0,0,0,0,0,0,0,1,89,55,0,0.00034,0.00034,3,5,0,0,0,0,0,0,0,0,0,0,1,0,1,0,0,0,0,0,0,0,0,,0,0,0,0,
5,5.17,0,-35.1,34,0,0,0,-3.3,0,0,0,0,-6,0,0,0,0,-0.00229183,0,0,0,0,0,0,0,0,0,1,79,55,0,0.00034,0.00034,3,5,0,0,0,0,0,0,0,0,0,0,1,0,1,0,0,0,0,0,0,0,0,,0,0,0,0,
6,5.17,0,-40.6,34,0,0,0,0.15,0,0,0,0,-3,0,0,0,0,-0.00229183,0,0,0,0,0,0,0,0,0,1,79,55,0,0.00034,0.00034,3,5,0,0,0,0,0,0,0,0,0,0,1,0,1,0,0,0,0,0,0,0,0,,0,0,0,0,
7,5.61,0,-34.6,35.5,0,0,0,-3,0,0,0,0,-4,0,0,0,0,-0.00229183,0,0,0,0,0,0,0,0,0,1,80,55,0,0.00034,0.00034,3,5,0,0,0,0,0,0,0,0,0,0,1,0,1,0,0,0,0,0,0,0,0,,0,0,0,0,
8,5.61,0,-24.1,35.5,0,0,0,-5.55,0,0,0,0,-9,0,0,0,0,-0.00229183,0,0,0,0,0,0,0,0,0,1,80,55,0,0.00034,0.00034,3,5,0,0,0,0,0,0,0,0,0,0,1,0,1,0,0,0,0,0,0,0,0,,0,0,0,0,
9,5.83,0,-40.7,30.5,0,0,0,0.3,0,0,0,0,-5.5,0,0,0,0,-0.00229183,0,0,0,0,0,0,0,0,0,1,76,55,0,0.00034,0.00034,3,5,0,0,0,0,0,0,0,0,0,0,1,0,1,0,0,0,0,0,0,0,0,,0,0,0,0,
10,6.63,0,4.95,24.5,0,0,0,-13.35,0,0,0,0,-23.5,0,0,0,0,-0.00229183,0,0,0,0,0,0,0,0,0,1,70,55,0,0.00034,0.00034,3,5,0,0,0,0,0,0,0,0,0,0,1,0,1,0,0,0,0,0,0,0,0,,0,0,0,0,
11,7.02,0,-10.55,24,0,0,0,-7.95,0,0,0,0,-23,0,0,0,0,-0.00229183,0,0,0,0,0,0,0,0,0,1,70,55,0,0.00034,0.00034,3,5,0,0,0,0,0,0,0,0,0,0,1,0,1,0,0,0,0,0,0,0,0,,0,0,0,0,
12,7.65,0,34.9,40,0,0,0,6.9,0,0,0,0,5.5,0,0,0,0,-0.00229183,0,0,0,0,0,0,0,0,0,1,86,55,0,0.00034,0.00034,3,5,0,0,0,0,0,0,0,0,0,0,1,0,1,0,0,0,0,0,0,0,0,,0,0,0,0,
13,8.25,0,-25.05,29,0,0,0,-1.8,0,0,0,0,-12,0,0,0,0,-0.00229183,0,0,0,0,0,0,0,0,0,1,75,55,0,0.00034,0.00034,3,0,0,0,0,0,0,0,0,0,0,0,1,0,1,0,0,0,0,0,0,0,0,,0,0,0,0,
14,8.48,0,69.15,30.5,0,0,0,-11.55,0,0,0,0,22.5,0,0,0,0,-0.00229183,0,0,0,0,0,0,0,0,0,1,76,55,0,0.00034,0.00034,3,7,0,0,0,0,0,0,0,0,0,0,1,0,1,0,0,0,0,0,0,0,0,,0,0,0,0,
15,8.9,0,-32.8,26.5,0,0,0,-0.8,0,0,0,0,-10,0,0,0,0,-0.00229183,0,0,0,0,0,0,0,0,0,1,73,55,0,0.00034,0.00034,3,5,0,0,0,0,0,0,0,0,0,0,1,0,1,0,0,0,0,0,0,0,0,,0,0,0,0,
16,9.37,0,-29.2,23,0,0,0,-3.1,0,0,0,0,-15,0,0,0,0,-0.00229183,0,0,0,0,0,0,0,0,0,1,69,55,0,0.00034,0.00034,3,5,0,0,0,0,0,0,0,0,0,0,1,0,1,0,0,0,0,0,0,0,0,,0,0,0,0,
17,9.85,0,-28.3,21,0,0,0,-0.75,0,0,0,0,-18,0,0,0,0,-0.00229183,0,0,0,0,0,0,0,0,0,1,67,55,0,0.00034,0.00034,3,5,0,0,0,0,0,0,0,0,0,0,1,0,1,0,0,0,0,0,0,0,0,,0,0,0,0,
18,12.16,0,-12.5,26.5,0,0,0,12.75,0,0,0,0,-16,0,0,0,0,-0.00229183,0,0,0,0,0,0,0,0,0,1,73,55,0,0.00034,0.00034,3,5,0,0,0,0,0,0,0,0,0,0,1,0,1,0,0,0,0,0,0,0,0,,0,0,0,0,
19,13.02,0,-23.05,21.5,0,0,0,-1.6,0,0,0,0,-17.5,0,0,0,0,-0.00229183,0,0,0,0,0,0,0,0,0,1,68,55,0,0.00034,0.00034,3,5,0,0,0,0,0,0,0,0,0,0,1,0,1,0,0,0,0,0,0,0,0,,0,0,0,0,
END,Total:20
START,FrameNb:67,CameraNb:0,HeSaiNb:0,ARS410Nb:0
2026/08/02 16:23:53:142---->
heightOffset:0,1785659033142,1322732,selfCaliBufCnt:0,selfAccObjCnt:0,selfAccAngle:0,installHAngleOffset:0,Interpolation:0,installVAngleOffset:0,radarOffsetH:0,radarOffsetV:0.32,Polynom:-0.001023;-0.0511;-2.047;0;0;0;-0.001023;-0.0511;-2.047;-25.5;0;0,WheelDirection:0;0;0;0,selfAngleOffset:0,selfAngleOffsetPit:0,currCaliAngleHrz:0,currCaliAnglePit:0,selfCaliAngleHrz:0,selfCaliAnglePit:0,servCaliAngleHrz:0,servCaliAnglePit:0,offlineCaliAngleHrz:0,offlineCaliAnglePit:0,determine2useFlag:0,IMU_Z_Accel:-21.592,IMU_X_AngularRate:-2.093,IMU_Y_AngularRate:-2.093,IMU_RollAngle:-180,IMU_PitchAngle:-180,IMU_YawAngle:-180,FcwID:0,FCWWarningLevel:0,FCWTTC:0
0,2.32,0,30.1,29,0,0,0,7.75,1.37605e-33,0,0,0,-8.5,0,0,0,0,-0.00229183,0,0,0,0,0,0,0,0,0,1,78,58,0,0.00034,0.00034,3,5,0,0,0,0,0,0,0,0,0,0,1,0,0,0,0,0,0,0,0,0,0,,0,0,0,0,
1,2.8,0,-34.05,43.5,0,0,0,1.75,0,0,0,0,6,0,0,0,0,-0.00229183,0,0,0,0,0,0,0,0,0,1,92,58,0,0.00034,0.00034,3,0,0,0,0,0,0,0,0,0,0,0,1,0,0,0,0,0,0,0,0,0,0,,0,0,0,0,
2,3.27,0,13.65,38,0,0,0,2.65,0,0,0,0,-7.5,0,0,0,0,-0.00229183,0,0,0,0,0,0,0,0,0,1,86,58,0,0.00034,0.00034,3,5,0,0,0,0,0,0,0,0,0,0,1,0,0,0,0,0,0,0,0,0,0,,0,0,0,0,
3,3.58,0,45.85,32,0,0,0,-10.45,0,0,0,0,5,0,0,0,0,-0.00229183,0,0,0,0,0,0,0,0,0,1,80,58,0,0.00034,0.00034,3,5,0,0,0,0,0,0,0,0,0,0,1,0,0,0,0,0,0,0,0,0,0,,0,0,0,0,
4,4.03,0,2.2,41.5,0,0,0,0.55,0,0,0,0,-6,0,0,0,0,-0.00229183,0,0,0,0,0,0,0,0,0,1,89,58,0,0.00034,0.00034,3,5,0,0,0,0,0,0,0,0,0,0,1,0,0,0,0,0,0,0,0,0,0,,0,0,0,0,
5,5.16,0,-35.05,34,0,0,0,-3.3,0,0,0,0,-6,0,0,0,0,-0.00229183,0,0,0,0,0,0,0,0,0,1,79,58,0,0.00034,0.00034,3,5,0,0,0,0,0,0,0,0,0,0,1,0,0,0,0,0,0,0,0,0,0,,0,0,0,0,
6,5.16,0,-40.6,34,0,0,0,0.2,0,0,0,0,-3,0,0,0,0,-0.00229183,0,0,0,0,0,0,0,0,0,1,79,58,0,0.00034,0.00034,3,5,0,0,0,0,0,0,0,0,0,0,1,0,0,0,0,0,0,0,0,0,0,,0,0,0,0,
7,5.61,0,-34.7,36,0,0,0,-3.1,0,0,0,0,-4,0,0,0,0,-0.00229183,0,0,0,0,0,0,0,0,0,1,80,58,0,0.00034,0.00034,3,5,0,0,0,0,0,0,0,0,0,0,1,0,0,0,0,0,0,0,0,0,0,,0,0,0,0,
8,5.61,0,-24.15,36,0,0,0,-5.55,0,0,0,0,-9,0,0,0,0,-0.00229183,0,0,0,0,0,0,0,0,0,1,80,58,0,0.00034,0.00034,3,5,0,0,0,0,0,0,0,0,0,0,1,0,0,0,0,0,0,0,0,0,0,,0,0,0,0,
9,5.83,0,-40.55,30.5,0,0,0,0,0,0,0,0,-5.5,0,0,0,0,-0.00229183,0,0,0,0,0,0,0,0,0,1,75,58,0,0.00034,0.00034,3,5,0,0,0,0,0,0,0,0,0,0,1,0,0,0,0,0,0,0,0,0,0,,0,0,0,0,
10,6.63,0,-54.1,24.5,0,0,0,-2.35,0,0,0,0,0.5,0,0,0,0,-0.00229183,0,0,0,0,0,0,0,0,0,1,70,58,0,0.00034,0.00034,3,5,0,0,0,0,0,0,0,0,0,0,1,0,0,0,0,0,0,0,0,0,0,,0,0,0,0,
11,7.02,0,-10.15,24,0,0,0,2.05,0,0,0,0,-23,0,0,0,0,-0.00229183,0,0,0,0,0,0,0,0,0,1,70,58,0,0.00034,0.00034,3,5,0,0,0,0,0,0,0,0,0,0,1,0,0,0,0,0,0,0,0,0,0,,0,0,0,0,
12,7.65,0,34.95,39.5,0,0,0,6.9,0,0,0,0,5,0,0,0,0,-0.00229183,0,0,0,0,0,0,0,0,0,1,86,58,0,0.00034,0.00034,3,5,0,0,0,0,0,0,0,0,0,0,1,0,0,0,0,0,0,0,0,0,0,,0,0,0,0,
13,8.24,0,-25.15,29,0,0,0,11.9,0,0,0,0,-12,0,0,0,0,-0.00229183,0,0,0,0,0,0,0,0,0,1,75,58,0,0.00034,0.00034,3,0,0,0,0,0,0,0,0,0,0,0,1,0,0,0,0,0,0,0,0,0,0,,0,0,0,0,
14,8.66,0,69.15,30,0,0,0,-11.55,0,0,0,0,22.5,0,0,0,0,-0.00229183,0,0,0,0,0,0,0,0,0,1,76,58,0,0.00034,0.00034,3,7,0,0,0,0,0,0,0,0,0,0,1,0,0,0,0,0,0,0,0,0,0,,0,0,0,0,
15,8.9,0,-32.8,26.5,0,0,0,-0.7,0,0,0,0,-10,0,0,0,0,-0.00229183,0,0,0,0,0,0,0,0,0,1,73,58,0,0.00034,0.00034,3,5,0,0,0,0,0,0,0,0,0,0,1,0,0,0,0,0,0,0,0,0,0,,0,0,0,0,
16,9.37,0,-29.3,23,0,0,0,-2.7,0,0,0,0,-15,0,0,0,0,-0.00229183,0,0,0,0,0,0,0,0,0,1,69,58,0,0.00034,0.00034,3,5,0,0,0,0,0,0,0,0,0,0,1,0,0,0,0,0,0,0,0,0,0,,0,0,0,0,
17,9.83,0,-28.35,21,0,0,0,-0.8,0,0,0,0,-17.5,0,0,0,0,-0.00229183,0,0,0,0,0,0,0,0,0,1,68,58,0,0.00034,0.00034,3,5,0,0,0,0,0,0,0,0,0,0,1,0,0,0,0,0,0,0,0,0,0,,0,0,0,0,
18,12.16,0,-12.55,26.5,0,0,0,13,0,0,0,0,-16.5,0,0,0,0,-0.00229183,0,0,0,0,0,0,0,0,0,1,73,58,0,0.00034,0.00034,3,5,0,0,0,0,0,0,0,0,0,0,1,0,0,0,0,0,0,0,0,0,0,,0,0,0,0,
19,13.01,0,-23.2,21.5,0,0,0,-1.75,0,0,0,0,-17.5,0,0,0,0,-0.00229183,0,0,0,0,0,0,0,0,0,1,68,58,0,0.00034,0.00034,3,5,0,0,0,0,0,0,0,0,0,0,1,0,0,0,0,0,0,0,0,0,0,,0,0,0,0,
END,Total:20
START,FrameNb:68,CameraNb:0,HeSaiNb:0,ARS410Nb:0
2026/08/02 16:23:53:238---->
heightOffset:0,1785659033238,1322788,selfCaliBufCnt:0,selfAccObjCnt:0,selfAccAngle:0,installHAngleOffset:0,Interpolation:0,installVAngleOffset:0,radarOffsetH:0,radarOffsetV:0.32,Polynom:-0.001023;-0.0511;-2.047;0;0;0;-0.001023;-0.0511;-2.047;-25.5;0;0,WheelDirection:0;0;0;0,selfAngleOffset:0,selfAngleOffsetPit:0,currCaliAngleHrz:0,currCaliAnglePit:0,selfCaliAngleHrz:0,selfCaliAnglePit:0,servCaliAngleHrz:0,servCaliAnglePit:0,offlineCaliAngleHrz:0,offlineCaliAnglePit:0,determine2useFlag:0,IMU_Z_Accel:-21.592,IMU_X_AngularRate:-2.093,IMU_Y_AngularRate:-2.093,IMU_RollAngle:-180,IMU_PitchAngle:-180,IMU_YawAngle:-180,FcwID:0,FCWWarningLevel:0,FCWTTC:0
0,2.32,0,30.05,29,0,0,0,8.2,1.37605e-33,0,0,0,-8.5,0,0,0,0,-0.00229183,0,0,0,0,0,0,0,0,0,1,78,54,0,0.00034,0.00034,3,5,0,0,0,0,0,0,0,0,0,0,1,0,1,0,0,0,0,0,0,0,0,,0,0,0,0,
1,2.8,0,-34.05,43,0,0,0,1.75,0,0,0,0,6,0,0,0,0,-0.00229183,0,0,0,0,0,0,0,0,0,1,92,54,0,0.00034,0.00034,3,0,0,0,0,0,0,0,0,0,0,0,1,0,1,0,0,0,0,0,0,0,0,,0,0,0,0,
2,3.26,0,13.65,38,0,0,0,2.65,0,0,0,0,-7.5,0,0,0,0,-0.00229183,0,0,0,0,0,0,0,0,0,1,86,54,0,0.00034,0.00034,3,0,0,0,0,0,0,0,0,0,0,0,1,0,1,0,0,0,0,0,0,0,0,,0,0,0,0,
3,3.67,0,45.45,31.5,0,0,0,-9.1,0,0,0,0,5,0,0,0,0,-0.00229183,0,0,0,0,0,0,0,0,0,1,80,54,0,0.00034,0.00034,3,5,0,0,0,0,0,0,0,0,0,0,1,0,1,0,0,0,0,0,0,0,0,,0,0,0,0,
4,4.03,0,2.2,41.5,0,0,0,0.55,0,0,0,0,-6.5,0,0,0,0,-0.00229183,0,0,0,0,0,0,0,0,0,1,89,54,0,0.00034,0.00034,3,5,0,0,0,0,0,0,0,0,0,0,1,0,1,0,0,0,0,0,0,0,0,,0,0,0,0,
5,5.17,0,-35.1,33.5,0,0,0,-3.3,0,0,0,0,-6,0,0,0,0,-0.00229183,0,0,0,0,0,0,0,0,0,1,79,54,0,0.00034,0.00034,3,5,0,0,0,0,0,0,0,0,0,0,1,0,1,0,0,0,0,0,0,0,0,,0,0,0,0,
6,5.17,0,-40.6,33.5,0,0,0,0.15,0,0,0,0,-3,0,0,0,0,-0.00229183,0,0,0,0,0,0,0,0,0,1,79,54,0,0.00034,0.00034,3,5,0,0,0,0,0,0,0,0,0,0,1,0,1,0,0,0,0,0,0,0,0,,0,0,0,0,
7,5.61,0,-34.6,36,0,0,0,-3.05,0,0,0,0,-4,0,0,0,0,-0.00229183,0,0,0,0,0,0,0,0,0,1,80,54,0,0.00034,0.00034,3,5,0,0,0,0,0,0,0,0,0,0,1,0,1,0,0,0,0,0,0,0,0,,0,0,0,0,
8,5.61,0,-24.1,36,0,0,0,-5.6,0,0,0,0,-9,0,0,0,0,-0.00229183,0,0,0,0,0,0,0,0,0,1,80,54,0,0.00034,0.00034,3,5,0,0,0,0,0,0,0,0,0,0,1,0,1,0,0,0,0,0,0,0,0,,0,0,0,0,
9,5.83,0,-40.7,30.5,0,0,0,0.2,0,0,0,0,-6,0,0,0,0,-0.00229183,0,0,0,0,0,0,0,0,0,1,75,54,0,0.00034,0.00034,3,5,0,0,0,0,0,0,0,0,0,0,1,0,1,0,0,0,0,0,0,0,0,,0,0,0,0,
10,6.64,0,4.8,24.5,0,0,0,-13.95,0,0,0,0,-23.5,0,0,0,0,-0.00229183,0,0,0,0,0,0,0,0,0,1,70,54,0,0.00034,0.00034,2,-1,0,0,0,0,0,0,0,0,0,0,1,0,1,0,0,0,0,0,0,0,0,,0,0,0,0,
11,7.02,0,-10.35,24,0,0,0,2.7,0,0,0,0,-23,0,0,0,0,-0.00229183,0,0,0,0,0,0,0,0,0,1,70,54,0,0.00034,0.00034,3,5,0,0,0,0,0,0,0,0,0,0,1,0,1,0,0,0,0,0,0,0,0,,0,0,0,0,
12,7.66,0,34.95,39.5,0,0,0,6.45,0,0,0,0,5,0,0,0,0,-0.00229183,0,0,0,0,0,0,0,0,0,1,85,54,0,0.00034,0.00034,3,5,0,0,0,0,0,0,0,0,0,0,1,0,1,0,0,0,0,0,0,0,0,,0,0,0,0,
13,8.25,0,-25.05,28.5,0,0,0,11.7,0,0,0,0,-12.5,0,0,0,0,-0.00229183,0,0,0,0,0,0,0,0,0,1,75,54,0,0.00034,0.00034,3,0,0,0,0,0,0,0,0,0,0,0,1,0,1,0,0,0,0,0,0,0,0,,0,0,0,0,
14,8.48,0,69.15,30,0,0,0,-11.55,0,0,0,0,22.5,0,0,0,0,-0.00229183,0,0,0,0,0,0,0,0,0,1,76,54,0,0.00034,0.00034,3,7,0,0,0,0,0,0,0,0,0,0,1,0,1,0,0,0,0,0,0,0,0,,0,0,0,0,
15,8.9,0,-32.8,26,0,0,0,-0.6,0,0,0,0,-10,0,0,0,0,-0.00229183,0,0,0,0,0,0,0,0,0,1,73,54,0,0.00034,0.00034,3,5,0,0,0,0,0,0,0,0,0,0,1,0,1,0,0,0,0,0,0,0,0,,0,0,0,0,
16,9.38,0,-29.35,23,0,0,0,-2.75,0,0,0,0,-15,0,0,0,0,-0.00229183,0,0,0,0,0,0,0,0,0,1,69,54,0,0.00034,0.00034,3,5,0,0,0,0,0,0,0,0,0,0,1,0,1,0,0,0,0,0,0,0,0,,0,0,0,0,
17,9.81,0,-28.3,21,0,0,0,-0.8,0,0,0,0,-17.5,0,0,0,0,-0.00229183,0,0,0,0,0,0,0,0,0,1,68,54,0,0.00034,0.00034,3,5,0,0,0,0,0,0,0,0,0,0,1,0,1,0,0,0,0,0,0,0,0,,0,0,0,0,
18,12.16,0,-12.55,27,0,0,0,12.75,0,0,0,0,-16,0,0,0,0,-0.00229183,0,0,0,0,0,0,0,0,0,1,73,54,0,0.00034,0.00034,3,5,0,0,0,0,0,0,0,0,0,0,1,0,1,0,0,0,0,0,0,0,0,,0,0,0,0,
19,13.01,0,-23.15,21.5,0,0,0,-1.8,0,0,0,0,-17.5,0,0,0,0,-0.00229183,0,0,0,0,0,0,0,0,0,1,68,54,0,0.00034,0.00034,3,5,0,0,0,0,0,0,0,0,0,0,1,0,1,0,0,0,0,0,0,0,0,,0,0,0,0,
END,Total:20
START,FrameNb:69,CameraNb:0,HeSaiNb:0,ARS410Nb:0
2026/08/02 16:23:53:302---->
heightOffset:0,1785659033302,1322844,selfCaliBufCnt:0,selfAccObjCnt:0,selfAccAngle:0,installHAngleOffset:0,Interpolation:0,installVAngleOffset:0,radarOffsetH:0,radarOffsetV:0.32,Polynom:-0.001023;-0.0511;-2.047;0;0;0;-0.001023;-0.0511;-2.047;-25.5;0;0,WheelDirection:0;0;0;0,selfAngleOffset:0,selfAngleOffsetPit:0,currCaliAngleHrz:0,currCaliAnglePit:0,selfCaliAngleHrz:0,selfCaliAnglePit:0,servCaliAngleHrz:0,servCaliAnglePit:0,offlineCaliAngleHrz:0,offlineCaliAnglePit:0,determine2useFlag:0,IMU_Z_Accel:-21.592,IMU_X_AngularRate:-2.093,IMU_Y_AngularRate:-2.093,IMU_RollAngle:-180,IMU_PitchAngle:-180,IMU_YawAngle:-180,FcwID:0,FCWWarningLevel:0,FCWTTC:0
0,2.32,0,30.05,29,0,0,0,7.65,1.37605e-33,0,0,0,-8.5,0,0,0,0,-0.00229183,0,0,0,0,0,0,0,0,0,1,78,58,0,0.00034,0.00034,3,5,0,0,0,0,0,0,0,0,0,0,1,0,0,0,0,0,0,0,0,0,0,,0,0,0,0,
1,2.8,0,-34.05,43.5,0,0,0,1.75,0,0,0,0,6,0,0,0,0,-0.00229183,0,0,0,0,0,0,0,0,0,1,92,58,0,0.00034,0.00034,3,0,0,0,0,0,0,0,0,0,0,0,1,0,0,0,0,0,0,0,0,0,0,,0,0,0,0,
2,3.27,0,13.65,38,0,0,0,2.65,0,0,0,0,-7.5,0,0,0,0,-0.00229183,0,0,0,0,0,0,0,0,0,1,86,58,0,0.00034,0.00034,3,5,0,0,0,0,0,0,0,0,0,0,1,0,0,0,0,0,0,0,0,0,0,,0,0,0,0,
3,3.59,0,45.8,32,0,0,0,-10.1,0,0,0,0,5,0,0,0,0,-0.00229183,0,0,0,0,0,0,0,0,0,1,80,58,0,0.00034,0.00034,3,5,0,0,0,0,0,0,0,0,0,0,1,0,0,0,0,0,0,0,0,0,0,,0,0,0,0,
4,4.03,0,2.2,41.5,0,0,0,0.55,0,0,0,0,-6,0,0,0,0,-0.00229183,0,0,0,0,0,0,0,0,0,1,89,58,0,0.00034,0.00034,3,5,0,0,0,0,0,0,0,0,0,0,1,0,0,0,0,0,0,0,0,0,0,,0,0,0,0,
5,5.16,0,-35.05,34,0,0,0,-3.35,0,0,0,0,-6,0,0,0,0,-0.00229183,0,0,0,0,0,0,0,0,0,1,79,58,0,0.00034,0.00034,3,5,0,0,0,0,0,0,0,0,0,0,1,0,0,0,0,0,0,0,0,0,0,,0,0,0,0,
6,5.16,0,-40.65,34,0,0,0,0.25,0,0,0,0,-3,0,0,0,0,-0.00229183,0,0,0,0,0,0,0,0,0,1,79,58,0,0.00034,0.00034,3,5,0,0,0,0,0,0,0,0,0,0,1,0,0,0,0,0,0,0,0,0,0,,0,0,0,0,
7,5.61,0,-34.65,36,0,0,0,-3.05,0,0,0,0,-4,0,0,0,0,-0.00229183,0,0,0,0,0,0,0,0,0,1,80,58,0,0.00034,0.00034,3,5,0,0,0,0,0,0,0,0,0,0,1,0,0,0,0,0,0,0,0,0,0,,0,0,0,0,
8,5.61,0,-24.1,36,0,0,0,-5.7,0,0,0,0,-9,0,0,0,0,-0.00229183,0,0,0,0,0,0,0,0,0,1,80,58,0,0.00034,0.00034,3,5,0,0,0,0,0,0,0,0,0,0,1,0,0,0,0,0,0,0,0,0,0,,0,0,0,0,
9,5.83,0,-40.55,30.5,0,0,0,0,0,0,0,0,-5.5,0,0,0,0,-0.00229183,0,0,0,0,0,0,0,0,0,1,75,58,0,0.00034,0.00034,3,5,0,0,0,0,0,0,0,0,0,0,1,0,0,0,0,0,0,0,0,0,0,,0,0,0,0,
10,6.64,0,-54,24.5,0,0,0,-0.75,0,0,0,0,0.5,0,0,0,0,-0.00229183,0,0,0,0,0,0,0,0,0,1,70,58,0,0.00034,0.00034,3,5,0,0,0,0,0,0,0,0,0,0,1,0,0,0,0,0,0,0,0,0,0,,0,0,0,0,
11,7.02,0,-10.35,24.5,0,0,0,-7.85,0,0,0,0,-23,0,0,0,0,-0.00229183,0,0,0,0,0,0,0,0,0,1,70,58,0,0.00034,0.00034,3,5,0,0,0,0,0,0,0,0,0,0,1,0,0,0,0,0,0,0,0,0,0,,0,0,0,0,
12,7.66,0,35,39,0,0,0,6.3,0,0,0,0,5.5,0,0,0,0,-0.00229183,0,0,0,0,0,0,0,0,0,1,85,58,0,0.00034,0.00034,3,5,0,0,0,0,0,0,0,0,0,0,1,0,0,0,0,0,0,0,0,0,0,,0,0,0,0,
13,8.24,0,-25.1,29,0,0,0,11.95,0,0,0,0,-12,0,0,0,0,-0.00229183,0,0,0,0,0,0,0,0,0,1,75,58,0,0.00034,0.00034,3,0,0,0,0,0,0,0,0,0,0,0,1,0,0,0,0,0,0,0,0,0,0,,0,0,0,0,
14,8.65,0,69.15,30,0,0,0,-11.55,0,0,0,0,22.5,0,0,0,0,-0.00229183,0,0,0,0,0,0,0,0,0,1,76,58,0,0.00034,0.00034,3,7,0,0,0,0,0,0,0,0,0,0,1,0,0,0,0,0,0,0,0,0,0,,0,0,0,0,
15,8.9,0,-32.8,26,0,0,0,-0.55,0,0,0,0,-10,0,0,0,0,-0.00229183,0,0,0,0,0,0,0,0,0,1,73,58,0,0.00034,0.00034,3,5,0,0,0,0,0,0,0,0,0,0,1,0,0,0,0,0,0,0,0,0,0,,0,0,0,0,
16,9.38,0,-29.3,23,0,0,0,-2.45,0,0,0,0,-15,0,0,0,0,-0.00229183,0,0,0,0,0,0,0,0,0,1,69,58,0,0.00034,0.00034,3,5,0,0,0,0,0,0,0,0,0,0,1,0,0,0,0,0,0,0,0,0,0,,0,0,0,0,
17,9.84,0,-28.35,21,0,0,0,-0.7,0,0,0,0,-18,0,0,0,0,-0.00229183,0,0,0,0,0,0,0,0,0,1,67,58,0,0.00034,0.00034,3,5,0,0,0,0,0,0,0,0,0,0,1,0,0,0,0,0,0,0,0,0,0,,0,0,0,0,
18,12.16,0,-12.55,27,0,0,0,13.05,0,0,0,0,-16,0,0,0,0,-0.00229183,0,0,0,0,0,0,0,0,0,1,73,58,0,0.00034,0.00034,3,5,0,0,0,0,0,0,0,0,0,0,1,0,0,0,0,0,0,0,0,0,0,,0,0,0,0,
19,13,0,-23.1,21.5,0,0,0,-1.75,0,0,0,0,-17.5,0,0,0,0,-0.00229183,0,0,0,0,0,0,0,0,0,1,68,58,0,0.00034,0.00034,3,5,0,0,0,0,0,0,0,0,0,0,1,0,0,0,0,0,0,0,0,0,0,,0,0,0,0,
END,Total:20
START,FrameNb:70,CameraNb:0,HeSaiNb:0,ARS410Nb:0
2026/08/02 16:23:53:333---->
heightOffset:0,1785659033333,1322904,selfCaliBufCnt:0,selfAccObjCnt:0,selfAccAngle:0,installHAngleOffset:0,Interpolation:0,installVAngleOffset:0,radarOffsetH:0,radarOffsetV:0.32,Polynom:-0.001023;-0.0511;-2.047;0;0;0;-0.001023;-0.0511;-2.047;-25.5;0;0,WheelDirection:0;0;0;0,selfAngleOffset:0,selfAngleOffsetPit:0,currCaliAngleHrz:0,currCaliAnglePit:0,selfCaliAngleHrz:0,selfCaliAnglePit:0,servCaliAngleHrz:0,servCaliAnglePit:0,offlineCaliAngleHrz:0,offlineCaliAnglePit:0,determine2useFlag:0,IMU_Z_Accel:-21.592,IMU_X_AngularRate:-2.093,IMU_Y_AngularRate:-2.093,IMU_RollAngle:-180,IMU_PitchAngle:-180,IMU_YawAngle:-180,FcwID:0,FCWWarningLevel:0,FCWTTC:0
0,2.32,0,30.05,29,0,0,0,8.2,1.37605e-33,0,0,0,-8.5,0,0,0,0,-0.00229183,0,0,0,0,0,0,0,0,0,1,78,57,0,0.00034,0.00034,3,5,0,0,0,0,0,0,0,0,0,0,1,0,1,0,0,0,0,0,0,0,0,,0,0,0,0,
1,2.8,0,-34.05,43,0,0,0,1.75,0,0,0,0,6,0,0,0,0,-0.00229183,0,0,0,0,0,0,0,0,0,1,92,57,0,0.00034,0.00034,3,0,0,0,0,0,0,0,0,0,0,0,1,0,1,0,0,0,0,0,0,0,0,,0,0,0,0,
2,3.26,0,13.65,38,0,0,0,2.65,0,0,0,0,-7.5,0,0,0,0,-0.00229183,0,0,0,0,0,0,0,0,0,1,86,57,0,0.00034,0.00034,3,0,0,0,0,0,0,0,0,0,0,0,1,0,1,0,0,0,0,0,0,0,0,,0,0,0,0,
3,3.62,0,45.45,31.5,0,0,0,-9.35,0,0,0,0,5,0,0,0,0,-0.00229183,0,0,0,0,0,0,0,0,0,1,80,57,0,0.00034,0.00034,3,5,0,0,0,0,0,0,0,0,0,0,1,0,1,0,0,0,0,0,0,0,0,,0,0,0,0,
4,4.03,0,2.2,41.5,0,0,0,0.65,0,0,0,0,-6.5,0,0,0,0,-0.00229183,0,0,0,0,0,0,0,0,0,1,89,57,0,0.00034,0.00034,3,5,0,0,0,0,0,0,0,0,0,0,1,0,1,0,0,0,0,0,0,0,0,,0,0,0,0,
5,5.17,0,-35.15,33.5,0,0,0,-3.3,0,0,0,0,-6,0,0,0,0,-0.00229183,0,0,0,0,0,0,0,0,0,1,79,57,0,0.00034,0.00034,3,5,0,0,0,0,0,0,0,0,0,0,1,0,1,0,0,0,0,0,0,0,0,,0,0,0,0,
6,5.17,0,-40.6,33.5,0,0,0,0.05,0,0,0,0,-3,0,0,0,0,-0.00229183,0,0,0,0,0,0,0,0,0,1,79,57,0,0.00034,0.00034,3,5,0,0,0,0,0,0,0,0,0,0,1,0,1,0,0,0,0,0,0,0,0,,0,0,0,0,
7,5.61,0,-34.55,36,0,0,0,-3.05,0,0,0,0,-4,0,0,0,0,-0.00229183,0,0,0,0,0,0,0,0,0,1,80,57,0,0.00034,0.00034,3,5,0,0,0,0,0,0,0,0,0,0,1,0,1,0,0,0,0,0,0,0,0,,0,0,0,0,
8,5.61,0,-24.05,36,0,0,0,-5.7,0,0,0,0,-9,0,0,0,0,-0.00229183,0,0,0,0,0,0,0,0,0,1,80,57,0,0.00034,0.00034,3,5,0,0,0,0,0,0,0,0,0,0,1,0,1,0,0,0,0,0,0,0,0,,0,0,0,0,
9,5.83,0,-40.7,30.5,0,0,0,0.2,0,0,0,0,-5.5,0,0,0,0,-0.00229183,0,0,0,0,0,0,0,0,0,1,75,57,0,0.00034,0.00034,3,5,0,0,0,0,0,0,0,0,0,0,1,0,1,0,0,0,0,0,0,0,0,,0,0,0,0,
10,6.64,0,-53.8,24.5,0,0,0,-3.05,0,0,0,0,0.5,0,0,0,0,-0.00229183,0,0,0,0,0,0,0,0,0,1,70,57,0,0.00034,0.00034,3,5,0,0,0,0,0,0,0,0,0,0,1,0,1,0,0,0,0,0,0,0,0,,0,0,0,0,
11,7.02,0,-10.35,24.5,0,0,0,-7.6,0,0,0,0,-23,0,0,0,0,-0.00229183,0,0,0,0,0,0,0,0,0,1,70,57,0,0.00034,0.00034,3,5,0,0,0,0,0,0,0,0,0,0,1,0,1,0,0,0,0,0,0,0,0,,0,0,0,0,
12,7.66,0,34.9,39,0,0,0,6.2,0,0,0,0,4.5,0,0,0,0,-0.00229183,0,0,0,0,0,0,0,0,0,1,85,57,0,0.00034,0.00034,3,5,0,0,0,0,0,0,0,0,0,0,1,0,1,0,0,0,0,0,0,0,0,,0,0,0,0,
13,8.25,0,-25.05,28.5,0,0,0,11.55,0,0,0,0,-12,0,0,0,0,-0.00229183,0,0,0,0,0,0,0,0,0,1,75,57,0,0.00034,0.00034,3,0,0,0,0,0,0,0,0,0,0,0,1,0,1,0,0,0,0,0,0,0,0,,0,0,0,0,
14,8.48,0,69.15,30,0,0,0,-11.55,0,0,0,0,22,0,0,0,0,-0.00229183,0,0,0,0,0,0,0,0,0,1,76,57,0,0.00034,0.00034,3,7,0,0,0,0,0,0,0,0,0,0,1,0,1,0,0,0,0,0,0,0,0,,0,0,0,0,
15,8.9,0,-32.7,26,0,0,0,-0.75,0,0,0,0,-10,0,0,0,0,-0.00229183,0,0,0,0,0,0,0,0,0,1,72,57,0,0.00034,0.00034,3,5,0,0,0,0,0,0,0,0,0,0,1,0,1,0,0,0,0,0,0,0,0,,0,0,0,0,
16,9.38,0,-29.35,23,0,0,0,-2.6,0,0,0,0,-15,0,0,0,0,-0.00229183,0,0,0,0,0,0,0,0,0,1,69,57,0,0.00034,0.00034,3,5,0,0,0,0,0,0,0,0,0,0,1,0,1,0,0,0,0,0,0,0,0,,0,0,0,0,
17,9.84,0,-28.3,20.5,0,0,0,-0.8,0,0,0,0,-18,0,0,0,0,-0.00229183,0,0,0,0,0,0,0,0,0,1,67,57,0,0.00034,0.00034,3,5,0,0,0,0,0,0,0,0,0,0,1,0,1,0,0,0,0,0,0,0,0,,0,0,0,0,
18,12.16,0,-12.55,26.5,0,0,0,12.65,0,0,0,0,-16,0,0,0,0,-0.00229183,0,0,0,0,0,0,0,0,0,1,73,57,0,0.00034,0.00034,3,5,0,0,0,0,0,0,0,0,0,0,1,0,1,0,0,0,0,0,0,0,0,,0,0,0,0,
19,13,0,-23.15,21.5,0,0,0,-1.8,0,0,0,0,-17.5,0,0,0,0,-0.00229183,0,0,0,0,0,0,0,0,0,1,68,57,0,0.00034,0.00034,3,5,0,0,0,0,0,0,0,0,0,0,1,0,1,0,0,0,0,0,0,0,0,,0,0,0,0,
END,Total:20
START,FrameNb:71,CameraNb:0,HeSaiNb:0,ARS410Nb:0
2026/08/02 16:23:53:403---->
heightOffset:0,1785659033403,1322964,selfCaliBufCnt:0,selfAccObjCnt:0,selfAccAngle:0,installHAngleOffset:0,Interpolation:0,installVAngleOffset:0,radarOffsetH:0,radarOffsetV:0.32,Polynom:-0.001023;-0.0511;-2.047;0;0;0;-0.001023;-0.0511;-2.047;-25.5;0;0,WheelDirection:0;0;0;0,selfAngleOffset:0,selfAngleOffsetPit:0,currCaliAngleHrz:0,currCaliAnglePit:0,selfCaliAngleHrz:0,selfCaliAnglePit:0,servCaliAngleHrz:0,servCaliAnglePit:0,offlineCaliAngleHrz:0,offlineCaliAnglePit:0,determine2useFlag:0,IMU_Z_Accel:-21.592,IMU_X_AngularRate:-2.093,IMU_Y_AngularRate:-2.093,IMU_RollAngle:-180,IMU_PitchAngle:-180,IMU_YawAngle:-180,FcwID:0,FCWWarningLevel:0,FCWTTC:0
0,2.32,0,30.1,29,0,0,0,7.7,1.37605e-33,0,0,0,-8.5,0,0,0,0,-0.00229183,0,0,0,0,0,0,0,0,0,1,78,63,0,0.00034,0.00034,3,5,0,0,0,0,0,0,0,0,0,0,1,0,0,0,0,0,0,0,0,0,0,,0,0,0,0,
1,2.8,0,-34.05,43,0,0,0,1.75,0,0,0,0,6,0,0,0,0,-0.00229183,0,0,0,0,0,0,0,0,0,1,92,63,0,0.00034,0.00034,3,0,0,0,0,0,0,0,0,0,0,0,1,0,0,0,0,0,0,0,0,0,0,,0,0,0,0,
2,3.26,0,13.65,38,0,0,0,2.65,0,0,0,0,-7.5,0,0,0,0,-0.00229183,0,0,0,0,0,0,0,0,0,1,86,63,0,0.00034,0.00034,3,5,0,0,0,0,0,0,0,0,0,0,1,0,0,0,0,0,0,0,0,0,0,,0,0,0,0,
3,3.58,0,45.7,31.5,0,0,0,-9.6,0,0,0,0,5,0,0,0,0,-0.00229183,0,0,0,0,0,0,0,0,0,1,80,63,0,0.00034,0.00034,3,5,0,0,0,0,0,0,0,0,0,0,1,0,0,0,0,0,0,0,0,0,0,,0,0,0,0,
4,4.03,0,2.2,41.5,0,0,0,0.55,0,0,0,0,-6,0,0,0,0,-0.00229183,0,0,0,0,0,0,0,0,0,1,89,63,0,0.00034,0.00034,3,5,0,0,0,0,0,0,0,0,0,0,1,0,0,0,0,0,0,0,0,0,0,,0,0,0,0,
5,5.16,0,-35.1,34,0,0,0,-3.35,0,0,0,0,-6,0,0,0,0,-0.00229183,0,0,0,0,0,0,0,0,0,1,79,63,0,0.00034,0.00034,3,5,0,0,0,0,0,0,0,0,0,0,1,0,0,0,0,0,0,0,0,0,0,,0,0,0,0,
6,5.16,0,-40.7,34,0,0,0,0.15,0,0,0,0,-3,0,0,0,0,-0.00229183,0,0,0,0,0,0,0,0,0,1,79,63,0,0.00034,0.00034,3,5,0,0,0,0,0,0,0,0,0,0,1,0,0,0,0,0,0,0,0,0,0,,0,0,0,0,
7,5.61,0,-34.6,35.5,0,0,0,-3.2,0,0,0,0,-4,0,0,0,0,-0.00229183,0,0,0,0,0,0,0,0,0,1,80,63,0,0.00034,0.00034,3,5,0,0,0,0,0,0,0,0,0,0,1,0,0,0,0,0,0,0,0,0,0,,0,0,0,0,
8,5.61,0,-24.1,35.5,0,0,0,-5.7,0,0,0,0,-9,0,0,0,0,-0.00229183,0,0,0,0,0,0,0,0,0,1,80,63,0,0.00034,0.00034,3,5,0,0,0,0,0,0,0,0,0,0,1,0,0,0,0,0,0,0,0,0,0,,0,0,0,0,
9,5.83,0,-40.7,30.5,0,0,0,0.05,0,0,0,0,-5.5,0,0,0,0,-0.00229183,0,0,0,0,0,0,0,0,0,1,75,63,0,0.00034,0.00034,3,5,0,0,0,0,0,0,0,0,0,0,1,0,0,0,0,0,0,0,0,0,0,,0,0,0,0,
10,6.64,0,-53.95,24.5,0,0,0,-0.95,0,0,0,0,0.5,0,0,0,0,-0.00229183,0,0,0,0,0,0,0,0,0,1,70,63,0,0.00034,0.00034,3,5,0,0,0,0,0,0,0,0,0,0,1,0,0,0,0,0,0,0,0,0,0,,0,0,0,0,
11,7.02,0,-10.3,24.5,0,0,0,-8,0,0,0,0,-23,0,0,0,0,-0.00229183,0,0,0,0,0,0,0,0,0,1,70,63,0,0.00034,0.00034,3,5,0,0,0,0,0,0,0,0,0,0,1,0,0,0,0,0,0,0,0,0,0,,0,0,0,0,
12,7.64,0,34.85,39,0,0,0,6.2,0,0,0,0,4.5,0,0,0,0,-0.00229183,0,0,0,0,0,0,0,0,0,1,85,63,0,0.00034,0.00034,3,5,0,0,0,0,0,0,0,0,0,0,1,0,0,0,0,0,0,0,0,0,0,,0,0,0,0,
13,8.24,0,-25.15,29,0,0,0,11.9,0,0,0,0,-12,0,0,0,0,-0.00229183,0,0,0,0,0,0,0,0,0,1,75,63,0,0.00034,0.00034,3,0,0,0,0,0,0,0,0,0,0,0,1,0,0,0,0,0,0,0,0,0,0,,0,0,0,0,
14,8.65,0,69.1,30,0,0,0,-11.55,0,0,0,0,22.5,0,0,0,0,-0.00229183,0,0,0,0,0,0,0,0,0,1,76,63,0,0.00034,0.00034,3,7,0,0,0,0,0,0,0,0,0,0,1,0,0,0,0,0,0,0,0,0,0,,0,0,0,0,
15,8.9,0,-32.65,26.5,0,0,0,-0.8,0,0,0,0,-10,0,0,0,0,-0.00229183,0,0,0,0,0,0,0,0,0,1,73,63,0,0.00034,0.00034,3,5,0,0,0,0,0,0,0,0,0,0,1,0,0,0,0,0,0,0,0,0,0,,0,0,0,0,
16,9.39,0,-29.2,23,0,0,0,-2.6,0,0,0,0,-15,0,0,0,0,-0.00229183,0,0,0,0,0,0,0,0,0,1,70,63,0,0.00034,0.00034,3,5,0,0,0,0,0,0,0,0,0,0,1,0,0,0,0,0,0,0,0,0,0,,0,0,0,0,
17,9.84,0,-28.35,21,0,0,0,-0.7,0,0,0,0,-18,0,0,0,0,-0.00229183,0,0,0,0,0,0,0,0,0,1,67,63,0,0.00034,0.00034,3,5,0,0,0,0,0,0,0,0,0,0,1,0,0,0,0,0,0,0,0,0,0,,0,0,0,0,
18,12.16,0,-12.55,26.5,0,0,0,13,0,0,0,0,-16.5,0,0,0,0,-0.00229183,0,0,0,0,0,0,0,0,0,1,73,63,0,0.00034,0.00034,3,5,0,0,0,0,0,0,0,0,0,0,1,0,0,0,0,0,0,0,0,0,0,,0,0,0,0,
19,13,0,-23.15,21.5,0,0,0,-1.55,0,0,0,0,-18,0,0,0,0,-0.00229183,0,0,0,0,0,0,0,0,0,1,67,63,0,0.00034,0.00034,3,5,0,0,0,0,0,0,0,0,0,0,1,0,0,0,0,0,0,0,0,0,0,,0,0,0,0,
END,Total:20
START,FrameNb:72,CameraNb:0,HeSaiNb:0,ARS410Nb:0
2026/08/02 16:23:53:453---->
heightOffset:0,1785659033453,1323024,selfCaliBufCnt:0,selfAccObjCnt:0,selfAccAngle:0,installHAngleOffset:0,Interpolation:0,installVAngleOffset:0,radarOffsetH:0,radarOffsetV:0.32,Polynom:-0.001023;-0.0511;-2.047;0;0;0;-0.001023;-0.0511;-2.047;-25.5;0;0,WheelDirection:0;0;0;0,selfAngleOffset:0,selfAngleOffsetPit:0,currCaliAngleHrz:0,currCaliAnglePit:0,selfCaliAngleHrz:0,selfCaliAnglePit:0,servCaliAngleHrz:0,servCaliAnglePit:0,offlineCaliAngleHrz:0,offlineCaliAnglePit:0,determine2useFlag:0,IMU_Z_Accel:-21.592,IMU_X_AngularRate:-2.093,IMU_Y_AngularRate:-2.093,IMU_RollAngle:-180,IMU_PitchAngle:-180,IMU_YawAngle:-180,FcwID:0,FCWWarningLevel:0,FCWTTC:0
0,2.32,0,30.1,29,0,0,0,8.2,1.37605e-33,0,0,0,-9,0,0,0,0,-0.00229183,0,0,0,0,0,0,0,0,0,1,78,57,0,0.00034,0.00034,3,5,0,0,0,0,0,0,0,0,0,0,1,0,1,0,0,0,0,0,0,0,0,,0,0,0,0,
1,2.8,0,-34.05,43,0,0,0,1.75,0,0,0,0,6,0,0,0,0,-0.00229183,0,0,0,0,0,0,0,0,0,1,92,57,0,0.00034,0.00034,3,0,0,0,0,0,0,0,0,0,0,0,1,0,1,0,0,0,0,0,0,0,0,,0,0,0,0,
2,3.26,0,13.65,38,0,0,0,2.65,0,0,0,0,-7.5,0,0,0,0,-0.00229183,0,0,0,0,0,0,0,0,0,1,86,57,0,0.00034,0.00034,3,0,0,0,0,0,0,0,0,0,0,0,1,0,1,0,0,0,0,0,0,0,0,,0,0,0,0,
3,3.59,0,45.5,31.5,0,0,0,-9,0,0,0,0,5,0,0,0,0,-0.00229183,0,0,0,0,0,0,0,0,0,1,80,57,0,0.00034,0.00034,3,5,0,0,0,0,0,0,0,0,0,0,1,0,1,0,0,0,0,0,0,0,0,,0,0,0,0,
4,4.03,0,2.2,41.5,0,0,0,0.55,0,0,0,0,-6.5,0,0,0,0,-0.00229183,0,0,0,0,0,0,0,0,0,1,89,57,0,0.00034,0.00034,3,5,0,0,0,0,0,0,0,0,0,0,1,0,1,0,0,0,0,0,0,0,0,,0,0,0,0,
5,5.17,0,-35.1,34,0,0,0,-3.3,0,0,0,0,-6,0,0,0,0,-0.00229183,0,0,0,0,0,0,0,0,0,1,79,57,0,0.00034,0.00034,3,5,0,0,0,0,0,0,0,0,0,0,1,0,1,0,0,0,0,0,0,0,0,,0,0,0,0,
6,5.17,0,-40.6,34,0,0,0,0.2,0,0,0,0,-3,0,0,0,0,-0.00229183,0,0,0,0,0,0,0,0,0,1,79,57,0,0.00034,0.00034,3,5,0,0,0,0,0,0,0,0,0,0,1,0,1,0,0,0,0,0,0,0,0,,0,0,0,0,
7,5.61,0,-34.6,36,0,0,0,-3.1,0,0,0,0,-4,0,0,0,0,-0.00229183,0,0,0,0,0,0,0,0,0,1,80,57,0,0.00034,0.00034,3,5,0,0,0,0,0,0,0,0,0,0,1,0,1,0,0,0,0,0,0,0,0,,0,0,0,0,
8,5.61,0,-24.1,36,0,0,0,-5.7,0,0,0,0,-9,0,0,0,0,-0.00229183,0,0,0,0,0,0,0,0,0,1,80,57,0,0.00034,0.00034,3,5,0,0,0,0,0,0,0,0,0,0,1,0,1,0,0,0,0,0,0,0,0,,0,0,0,0,
9,5.83,0,-40.65,30.5,0,0,0,0.25,0,0,0,0,-5.5,0,0,0,0,-0.00229183,0,0,0,0,0,0,0,0,0,1,75,57,0,0.00034,0.00034,3,5,0,0,0,0,0,0,0,0,0,0,1,0,1,0,0,0,0,0,0,0,0,,0,0,0,0,
10,7.02,0,-10.45,24.5,0,0,0,-7.8,0,0,0,0,-23,0,0,0,0,-0.00229183,0,0,0,0,0,0,0,0,0,1,70,57,0,0.00034,0.00034,3,5,0,0,0,0,0,0,0,0,0,0,1,0,1,0,0,0,0,0,0,0,0,,0,0,0,0,
11,7.66,0,34.85,39.5,0,0,0,6.4,0,0,0,0,4.5,0,0,0,0,-0.00229183,0,0,0,0,0,0,0,0,0,1,85,57,0,0.00034,0.00034,3,0,0,0,0,0,0,0,0,0,0,0,1,0,1,0,0,0,0,0,0,0,0,,0,0,0,0,
12,8.25,0,-25.05,29,0,0,0,11.55,0,0,0,0,-12,0,0,0,0,-0.00229183,0,0,0,0,0,0,0,0,0,1,75,57,0,0.00034,0.00034,3,0,0,0,0,0,0,0,0,0,0,0,1,0,1,0,0,0,0,0,0,0,0,,0,0,0,0,
13,8.65,0,69.15,30,0,0,0,-11.3,0,0,0,0,22.5,0,0,0,0,-0.00229183,0,0,0,0,0,0,0,0,0,1,76,57,0,0.00034,0.00034,3,7,0,0,0,0,0,0,0,0,0,0,1,0,1,0,0,0,0,0,0,0,0,,0,0,0,0,
14,8.9,0,-32.8,26.5,0,0,0,-0.8,0,0,0,0,-10,0,0,0,0,-0.00229183,0,0,0,0,0,0,0,0,0,1,72,57,0,0.00034,0.00034,3,7,0,0,0,0,0,0,0,0,0,0,1,0,1,0,0,0,0,0,0,0,0,,0,0,0,0,
15,9.39,0,-29.2,23,0,0,0,-2.85,0,0,0,0,-15,0,0,0,0,-0.00229183,0,0,0,0,0,0,0,0,0,1,69,57,0,0.00034,0.00034,3,5,0,0,0,0,0,0,0,0,0,0,1,0,1,0,0,0,0,0,0,0,0,,0,0,0,0,
16,9.82,0,-28.3,20.5,0,0,0,-0.75,0,0,0,0,-18,0,0,0,0,-0.00229183,0,0,0,0,0,0,0,0,0,1,67,57,0,0.00034,0.00034,3,5,0,0,0,0,0,0,0,0,0,0,1,0,1,0,0,0,0,0,0,0,0,,0,0,0,0,
17,12.16,0,-12.45,27,0,0,0,12.75,0,0,0,0,-16,0,0,0,0,-0.00229183,0,0,0,0,0,0,0,0,0,1,74,57,0,0.00034,0.00034,3,5,0,0,0,0,0,0,0,0,0,0,1,0,1,0,0,0,0,0,0,0,0,,0,0,0,0,
18,13,0,-23.05,21.5,0,0,0,-1.7,0,0,0,0,-18,0,0,0,0,-0.00229183,0,0,0,0,0,0,0,0,0,1,67,57,0,0.00034,0.00034,3,5,0,0,0,0,0,0,0,0,0,0,1,0,1,0,0,0,0,0,0,0,0,,0,0,0,0,
END,Total:19
START,FrameNb:73,CameraNb:0,HeSaiNb:0,ARS410Nb:0
2026/08/02 16:23:53:483---->
heightOffset:0,1785659033483,1323076,selfCaliBufCnt:0,selfAccObjCnt:0,selfAccAngle:0,installHAngleOffset:0,Interpolation:0,installVAngleOffset:0,radarOffsetH:0,radarOffsetV:0.32,Polynom:-0.001023;-0.0511;-2.047;0;0;0;-0.001023;-0.0511;-2.047;-25.5;0;0,WheelDirection:0;0;0;0,selfAngleOffset:0,selfAngleOffsetPit:0,currCaliAngleHrz:0,currCaliAnglePit:0,selfCaliAngleHrz:0,selfCaliAnglePit:0,servCaliAngleHrz:0,servCaliAnglePit:0,offlineCaliAngleHrz:0,offlineCaliAnglePit:0,determine2useFlag:0,IMU_Z_Accel:-21.592,IMU_X_AngularRate:-2.093,IMU_Y_AngularRate:-2.093,IMU_RollAngle:-180,IMU_PitchAngle:-180,IMU_YawAngle:-180,FcwID:0,FCWWarningLevel:0,FCWTTC:0
0,2.32,0,30.1,29,0,0,0,7.75,1.37605e-33,0,0,0,-8.5,0,0,0,0,-0.00229183,0,0,0,0,0,0,0,0,0,1,78,58,0,0.00034,0.00034,3,5,0,0,0,0,0,0,0,0,0,0,1,0,0,0,0,0,0,0,0,0,0,,0,0,0,0,
1,2.8,0,-34.05,43,0,0,0,1.75,0,0,0,0,6,0,0,0,0,-0.00229183,0,0,0,0,0,0,0,0,0,1,92,58,0,0.00034,0.00034,3,0,0,0,0,0,0,0,0,0,0,0,1,0,0,0,0,0,0,0,0,0,0,,0,0,0,0,
2,3.26,0,13.65,38,0,0,0,2.55,0,0,0,0,-7.5,0,0,0,0,-0.00229183,0,0,0,0,0,0,0,0,0,1,86,58,0,0.00034,0.00034,3,5,0,0,0,0,0,0,0,0,0,0,1,0,0,0,0,0,0,0,0,0,0,,0,0,0,0,
3,3.58,0,45.8,31.5,0,0,0,-10.2,0,0,0,0,5,0,0,0,0,-0.00229183,0,0,0,0,0,0,0,0,0,1,80,58,0,0.00034,0.00034,3,5,0,0,0,0,0,0,0,0,0,0,1,0,0,0,0,0,0,0,0,0,0,,0,0,0,0,
4,4.03,0,2.2,41.5,0,0,0,0.55,0,0,0,0,-6,0,0,0,0,-0.00229183,0,0,0,0,0,0,0,0,0,1,89,58,0,0.00034,0.00034,3,5,0,0,0,0,0,0,0,0,0,0,1,0,0,0,0,0,0,0,0,0,0,,0,0,0,0,
5,5.16,0,-35.1,34,0,0,0,-3.45,0,0,0,0,-6,0,0,0,0,-0.00229183,0,0,0,0,0,0,0,0,0,1,79,58,0,0.00034,0.00034,3,5,0,0,0,0,0,0,0,0,0,0,1,0,0,0,0,0,0,0,0,0,0,,0,0,0,0,
6,5.16,0,-40.7,34,0,0,0,0.2,0,0,0,0,-3,0,0,0,0,-0.00229183,0,0,0,0,0,0,0,0,0,1,79,58,0,0.00034,0.00034,3,5,0,0,0,0,0,0,0,0,0,0,1,0,0,0,0,0,0,0,0,0,0,,0,0,0,0,
7,5.61,0,-34.65,35.5,0,0,0,-3.1,0,0,0,0,-4,0,0,0,0,-0.00229183,0,0,0,0,0,0,0,0,0,1,80,58,0,0.00034,0.00034,3,5,0,0,0,0,0,0,0,0,0,0,1,0,0,0,0,0,0,0,0,0,0,,0,0,0,0,
8,5.61,0,-24.15,35.5,0,0,0,-5.6,0,0,0,0,-9,0,0,0,0,-0.00229183,0,0,0,0,0,0,0,0,0,1,80,58,0,0.00034,0.00034,3,5,0,0,0,0,0,0,0,0,0,0,1,0,0,0,0,0,0,0,0,0,0,,0,0,0,0,
9,5.83,0,-40.55,30.5,0,0,0,0.05,0,0,0,0,-5.5,0,0,0,0,-0.00229183,0,0,0,0,0,0,0,0,0,1,75,58,0,0.00034,0.00034,3,5,0,0,0,0,0,0,0,0,0,0,1,0,0,0,0,0,0,0,0,0,0,,0,0,0,0,
10,6.64,0,-54.2,24,0,0,0,2.9,0,0,0,0,0.5,0,0,0,0,-0.00229183,0,0,0,0,0,0,0,0,0,1,70,58,0,0.00034,0.00034,3,5,0,0,0,0,0,0,0,0,0,0,1,0,0,0,0,0,0,0,0,0,0,,0,0,0,0,
11,7.02,0,-33.6,24,0,0,0,-3.25,0,0,0,0,-14,0,0,0,0,-0.00229183,0,0,0,0,0,0,0,0,0,1,70,58,0,0.00034,0.00034,3,5,0,0,0,0,0,0,0,0,0,0,1,0,0,0,0,0,0,0,0,0,0,,0,0,0,0,
12,7.65,0,34.9,39.5,0,0,0,6.55,0,0,0,0,5,0,0,0,0,-0.00229183,0,0,0,0,0,0,0,0,0,1,85,58,0,0.00034,0.00034,3,5,0,0,0,0,0,0,0,0,0,0,1,0,0,0,0,0,0,0,0,0,0,,0,0,0,0,
13,8.24,0,-25.1,29.5,0,0,0,11.8,0,0,0,0,-11.5,0,0,0,0,-0.00229183,0,0,0,0,0,0,0,0,0,1,75,58,0,0.00034,0.00034,3,0,0,0,0,0,0,0,0,0,0,0,1,0,0,0,0,0,0,0,0,0,0,,0,0,0,0,
14,8.65,0,69.1,30,0,0,0,-11.45,0,0,0,0,22.5,0,0,0,0,-0.00229183,0,0,0,0,0,0,0,0,0,1,76,58,0,0.00034,0.00034,3,7,0,0,0,0,0,0,0,0,0,0,1,0,0,0,0,0,0,0,0,0,0,,0,0,0,0,
15,8.9,0,-32.6,26.5,0,0,0,-1,0,0,0,0,-10,0,0,0,0,-0.00229183,0,0,0,0,0,0,0,0,0,1,73,58,0,0.00034,0.00034,3,0,0,0,0,0,0,0,0,0,0,0,1,0,0,0,0,0,0,0,0,0,0,,0,0,0,0,
16,9.38,0,-29.2,23,0,0,0,-2.8,0,0,0,0,-14.5,0,0,0,0,-0.00229183,0,0,0,0,0,0,0,0,0,1,70,58,0,0.00034,0.00034,3,5,0,0,0,0,0,0,0,0,0,0,1,0,0,0,0,0,0,0,0,0,0,,0,0,0,0,
17,9.84,0,-28.35,20.5,0,0,0,-0.55,0,0,0,0,-18,0,0,0,0,-0.00229183,0,0,0,0,0,0,0,0,0,1,67,58,0,0.00034,0.00034,3,5,0,0,0,0,0,0,0,0,0,0,1,0,0,0,0,0,0,0,0,0,0,,0,0,0,0,
18,12.16,0,-12.6,26.5,0,0,0,13,0,0,0,0,-16.5,0,0,0,0,-0.00229183,0,0,0,0,0,0,0,0,0,1,73,58,0,0.00034,0.00034,3,5,0,0,0,0,0,0,0,0,0,0,1,0,0,0,0,0,0,0,0,0,0,,0,0,0,0,
19,13,0,-23.1,21.5,0,0,0,-1.8,0,0,0,0,-17.5,0,0,0,0,-0.00229183,0,0,0,0,0,0,0,0,0,1,68,58,0,0.00034,0.00034,3,5,0,0,0,0,0,0,0,0,0,0,1,0,0,0,0,0,0,0,0,0,0,,0,0,0,0,
END,Total:20
START,FrameNb:74,CameraNb:0,HeSaiNb:0,ARS410Nb:0
2026/08/02 16:23:53:578---->
heightOffset:0,1785659033578,1323136,selfCaliBufCnt:0,selfAccObjCnt:0,selfAccAngle:0,installHAngleOffset:0,Interpolation:0,installVAngleOffset:0,radarOffsetH:0,radarOffsetV:0.32,Polynom:-0.001023;-0.0511;-2.047;0;0;0;-0.001023;-0.0511;-2.047;-25.5;0;0,WheelDirection:0;0;0;0,selfAngleOffset:0,selfAngleOffsetPit:0,currCaliAngleHrz:0,currCaliAnglePit:0,selfCaliAngleHrz:0,selfCaliAnglePit:0,servCaliAngleHrz:0,servCaliAnglePit:0,offlineCaliAngleHrz:0,offlineCaliAnglePit:0,determine2useFlag:0,IMU_Z_Accel:-21.592,IMU_X_AngularRate:-2.093,IMU_Y_AngularRate:-2.093,IMU_RollAngle:-180,IMU_PitchAngle:-180,IMU_YawAngle:-180,FcwID:0,FCWWarningLevel:0,FCWTTC:0
0,2.32,0,30.1,29,0,0,0,8.25,1.37605e-33,0,0,0,-9,0,0,0,0,-0.00229183,0,0,0,0,0,0,0,0,0,1,78,54,0,0.00034,0.00034,3,5,0,0,0,0,0,0,0,0,0,0,1,0,1,0,0,0,0,0,0,0,0,,0,0,0,0,
1,2.79,0,-34.05,43,0,0,0,1.75,0,0,0,0,6,0,0,0,0,-0.00229183,0,0,0,0,0,0,0,0,0,1,92,54,0,0.00034,0.00034,3,0,0,0,0,0,0,0,0,0,0,0,1,0,1,0,0,0,0,0,0,0,0,,0,0,0,0,
2,3.26,0,13.65,38,0,0,0,2.65,0,0,0,0,-7.5,0,0,0,0,-0.00229183,0,0,0,0,0,0,0,0,0,1,86,54,0,0.00034,0.00034,3,0,0,0,0,0,0,0,0,0,0,0,1,0,1,0,0,0,0,0,0,0,0,,0,0,0,0,
3,3.6,0,45.45,31.5,0,0,0,-9.25,0,0,0,0,5,0,0,0,0,-0.00229183,0,0,0,0,0,0,0,0,0,1,80,54,0,0.00034,0.00034,3,5,0,0,0,0,0,0,0,0,0,0,1,0,1,0,0,0,0,0,0,0,0,,0,0,0,0,
4,4.03,0,2.2,41.5,0,0,0,0.55,0,0,0,0,-6.5,0,0,0,0,-0.00229183,0,0,0,0,0,0,0,0,0,1,89,54,0,0.00034,0.00034,3,5,0,0,0,0,0,0,0,0,0,0,1,0,1,0,0,0,0,0,0,0,0,,0,0,0,0,
5,5.17,0,-35.1,34,0,0,0,-3.35,0,0,0,0,-6,0,0,0,0,-0.00229183,0,0,0,0,0,0,0,0,0,1,79,54,0,0.00034,0.00034,3,5,0,0,0,0,0,0,0,0,0,0,1,0,1,0,0,0,0,0,0,0,0,,0,0,0,0,
6,5.17,0,-40.65,34,0,0,0,0.25,0,0,0,0,-3,0,0,0,0,-0.00229183,0,0,0,0,0,0,0,0,0,1,79,54,0,0.00034,0.00034,3,5,0,0,0,0,0,0,0,0,0,0,1,0,1,0,0,0,0,0,0,0,0,,0,0,0,0,
7,5.62,0,-34.6,36,0,0,0,-3.05,0,0,0,0,-4,0,0,0,0,-0.00229183,0,0,0,0,0,0,0,0,0,1,80,54,0,0.00034,0.00034,3,5,0,0,0,0,0,0,0,0,0,0,1,0,1,0,0,0,0,0,0,0,0,,0,0,0,0,
8,5.62,0,-24.05,36,0,0,0,-5.6,0,0,0,0,-9,0,0,0,0,-0.00229183,0,0,0,0,0,0,0,0,0,1,80,54,0,0.00034,0.00034,3,5,0,0,0,0,0,0,0,0,0,0,1,0,1,0,0,0,0,0,0,0,0,,0,0,0,0,
9,5.83,0,-40.45,30.5,0,0,0,0.3,0,0,0,0,-5.5,0,0,0,0,-0.00229183,0,0,0,0,0,0,0,0,0,1,76,54,0,0.00034,0.00034,3,5,0,0,0,0,0,0,0,0,0,0,1,0,1,0,0,0,0,0,0,0,0,,0,0,0,0,
10,6.63,0,-53.95,24.5,0,0,0,-2.3,0,0,0,0,0.5,0,0,0,0,-0.00229183,0,0,0,0,0,0,0,0,0,1,70,54,0,0.00034,0.00034,3,5,0,0,0,0,0,0,0,0,0,0,1,0,1,0,0,0,0,0,0,0,0,,0,0,0,0,
11,7.02,0,-10.35,24.5,0,0,0,-7.8,0,0,0,0,-23,0,0,0,0,-0.00229183,0,0,0,0,0,0,0,0,0,1,70,54,0,0.00034,0.00034,3,5,0,0,0,0,0,0,0,0,0,0,1,0,1,0,0,0,0,0,0,0,0,,0,0,0,0,
12,7.65,0,34.85,39.5,0,0,0,6.7,0,0,0,0,5,0,0,0,0,-0.00229183,0,0,0,0,0,0,0,0,0,1,86,54,0,0.00034,0.00034,3,5,0,0,0,0,0,0,0,0,0,0,1,0,1,0,0,0,0,0,0,0,0,,0,0,0,0,
13,8.24,0,-25.05,29,0,0,0,11.55,0,0,0,0,-12,0,0,0,0,-0.00229183,0,0,0,0,0,0,0,0,0,1,75,54,0,0.00034,0.00034,3,0,0,0,0,0,0,0,0,0,0,0,1,0,1,0,0,0,0,0,0,0,0,,0,0,0,0,
14,8.65,0,70.95,30,0,0,0,-11.7,0,0,0,0,24.5,0,0,0,0,-0.00229183,0,0,0,0,0,0,0,0,0,1,76,54,0,0.00034,0.00034,3,5,0,0,0,0,0,0,0,0,0,0,1,0,1,0,0,0,0,0,0,0,0,,0,0,0,0,
15,8.9,0,-32.6,26,0,0,0,-0.8,0,0,0,0,-10,0,0,0,0,-0.00229183,0,0,0,0,0,0,0,0,0,1,73,54,0,0.00034,0.00034,3,5,0,0,0,0,0,0,0,0,0,0,1,0,1,0,0,0,0,0,0,0,0,,0,0,0,0,
16,9.38,0,-29.2,22.5,0,0,0,-2.85,0,0,0,0,-15,0,0,0,0,-0.00229183,0,0,0,0,0,0,0,0,0,1,69,54,0,0.00034,0.00034,3,5,0,0,0,0,0,0,0,0,0,0,1,0,1,0,0,0,0,0,0,0,0,,0,0,0,0,
17,9.84,0,-28.3,20.5,0,0,0,-0.7,0,0,0,0,-18,0,0,0,0,-0.00229183,0,0,0,0,0,0,0,0,0,1,67,54,0,0.00034,0.00034,3,5,0,0,0,0,0,0,0,0,0,0,1,0,1,0,0,0,0,0,0,0,0,,0,0,0,0,
18,12.16,0,-12.55,27,0,0,0,12.75,0,0,0,0,-16,0,0,0,0,-0.00229183,0,0,0,0,0,0,0,0,0,1,73,54,0,0.00034,0.00034,3,5,0,0,0,0,0,0,0,0,0,0,1,0,1,0,0,0,0,0,0,0,0,,0,0,0,0,
19,12.99,0,-23.1,21.5,0,0,0,-1.6,0,0,0,0,-17.5,0,0,0,0,-0.00229183,0,0,0,0,0,0,0,0,0,1,68,54,0,0.00034,0.00034,3,5,0,0,0,0,0,0,0,0,0,0,1,0,1,0,0,0,0,0,0,0,0,,0,0,0,0,
END,Total:20
START,FrameNb:75,CameraNb:0,HeSaiNb:0,ARS410Nb:0
2026/08/02 16:23:53:641---->
heightOffset:0,1785659033641,1323188,selfCaliBufCnt:0,selfAccObjCnt:0,selfAccAngle:0,installHAngleOffset:0,Interpolation:0,installVAngleOffset:0,radarOffsetH:0,radarOffsetV:0.32,Polynom:-0.001023;-0.0511;-2.047;0;0;0;-0.001023;-0.0511;-2.047;-25.5;0;0,WheelDirection:0;0;0;0,selfAngleOffset:0,selfAngleOffsetPit:0,currCaliAngleHrz:0,currCaliAnglePit:0,selfCaliAngleHrz:0,selfCaliAnglePit:0,servCaliAngleHrz:0,servCaliAnglePit:0,offlineCaliAngleHrz:0,offlineCaliAnglePit:0,determine2useFlag:0,IMU_Z_Accel:-21.592,IMU_X_AngularRate:-2.093,IMU_Y_AngularRate:-2.093,IMU_RollAngle:-180,IMU_PitchAngle:-180,IMU_YawAngle:-180,FcwID:0,FCWWarningLevel:0,FCWTTC:0
0,2.32,0,30.1,29,0,0,0,7.7,1.37605e-33,0,0,0,-8.5,0,0,0,0,-0.00229183,0,0,0,0,0,0,0,0,0,1,78,58,0,0.00034,0.00034,3,5,0,0,0,0,0,0,0,0,0,0,1,0,0,0,0,0,0,0,0,0,0,,0,0,0,0,
1,2.8,0,-34.05,43.5,0,0,0,1.75,0,0,0,0,6,0,0,0,0,-0.00229183,0,0,0,0,0,0,0,0,0,1,92,58,0,0.00034,0.00034,3,0,0,0,0,0,0,0,0,0,0,0,1,0,0,0,0,0,0,0,0,0,0,,0,0,0,0,
2,3.26,0,13.65,38,0,0,0,2.55,0,0,0,0,-7.5,0,0,0,0,-0.00229183,0,0,0,0,0,0,0,0,0,1,86,58,0,0.00034,0.00034,3,5,0,0,0,0,0,0,0,0,0,0,1,0,0,0,0,0,0,0,0,0,0,,0,0,0,0,
3,3.58,0,45.7,32,0,0,0,-9.45,0,0,0,0,5,0,0,0,0,-0.00229183,0,0,0,0,0,0,0,0,0,1,80,58,0,0.00034,0.00034,3,5,0,0,0,0,0,0,0,0,0,0,1,0,0,0,0,0,0,0,0,0,0,,0,0,0,0,
4,4.03,0,2.2,41.5,0,0,0,0.55,0,0,0,0,-6,0,0,0,0,-0.00229183,0,0,0,0,0,0,0,0,0,1,89,58,0,0.00034,0.00034,3,5,0,0,0,0,0,0,0,0,0,0,1,0,0,0,0,0,0,0,0,0,0,,0,0,0,0,
5,5.16,0,-35.1,33.5,0,0,0,-3.35,0,0,0,0,-6,0,0,0,0,-0.00229183,0,0,0,0,0,0,0,0,0,1,79,58,0,0.00034,0.00034,3,5,0,0,0,0,0,0,0,0,0,0,1,0,0,0,0,0,0,0,0,0,0,,0,0,0,0,
6,5.16,0,-40.7,33.5,0,0,0,0.2,0,0,0,0,-3,0,0,0,0,-0.00229183,0,0,0,0,0,0,0,0,0,1,79,58,0,0.00034,0.00034,3,5,0,0,0,0,0,0,0,0,0,0,1,0,0,0,0,0,0,0,0,0,0,,0,0,0,0,
7,5.61,0,-34.65,36,0,0,0,-3.1,0,0,0,0,-4,0,0,0,0,-0.00229183,0,0,0,0,0,0,0,0,0,1,80,58,0,0.00034,0.00034,3,5,0,0,0,0,0,0,0,0,0,0,1,0,0,0,0,0,0,0,0,0,0,,0,0,0,0,
8,5.61,0,-24.1,36,0,0,0,-5.6,0,0,0,0,-9,0,0,0,0,-0.00229183,0,0,0,0,0,0,0,0,0,1,80,58,0,0.00034,0.00034,3,5,0,0,0,0,0,0,0,0,0,0,1,0,0,0,0,0,0,0,0,0,0,,0,0,0,0,
9,5.83,0,-40.55,30.5,0,0,0,0.2,0,0,0,0,-5.5,0,0,0,0,-0.00229183,0,0,0,0,0,0,0,0,0,1,75,58,0,0.00034,0.00034,3,5,0,0,0,0,0,0,0,0,0,0,1,0,0,0,0,0,0,0,0,0,0,,0,0,0,0,
10,6.63,0,-53.95,24.5,0,0,0,0.4,0,0,0,0,0.5,0,0,0,0,-0.00229183,0,0,0,0,0,0,0,0,0,1,70,58,0,0.00034,0.00034,3,5,0,0,0,0,0,0,0,0,0,0,1,0,0,0,0,0,0,0,0,0,0,,0,0,0,0,
11,7.02,0,-10.2,24.5,0,0,0,2.4,0,0,0,0,-23,0,0,0,0,-0.00229183,0,0,0,0,0,0,0,0,0,1,70,58,0,0.00034,0.00034,3,5,0,0,0,0,0,0,0,0,0,0,1,0,0,0,0,0,0,0,0,0,0,,0,0,0,0,
12,7.65,0,34.8,40,0,0,0,6.75,0,0,0,0,5,0,0,0,0,-0.00229183,0,0,0,0,0,0,0,0,0,1,86,58,0,0.00034,0.00034,3,5,0,0,0,0,0,0,0,0,0,0,1,0,0,0,0,0,0,0,0,0,0,,0,0,0,0,
13,8.24,0,-25.1,29.5,0,0,0,11.8,0,0,0,0,-11.5,0,0,0,0,-0.00229183,0,0,0,0,0,0,0,0,0,1,76,58,0,0.00034,0.00034,3,0,0,0,0,0,0,0,0,0,0,0,1,0,0,0,0,0,0,0,0,0,0,,0,0,0,0,
14,8.66,0,69.15,30,0,0,0,-11.45,0,0,0,0,22.5,0,0,0,0,-0.00229183,0,0,0,0,0,0,0,0,0,1,76,58,0,0.00034,0.00034,3,7,0,0,0,0,0,0,0,0,0,0,1,0,0,0,0,0,0,0,0,0,0,,0,0,0,0,
15,8.9,0,-32.55,26.5,0,0,0,-1,0,0,0,0,-10,0,0,0,0,-0.00229183,0,0,0,0,0,0,0,0,0,1,73,58,0,0.00034,0.00034,3,5,0,0,0,0,0,0,0,0,0,0,1,0,0,0,0,0,0,0,0,0,0,,0,0,0,0,
16,9.37,0,-29.2,23,0,0,0,-2.85,0,0,0,0,-15,0,0,0,0,-0.00229183,0,0,0,0,0,0,0,0,0,1,69,58,0,0.00034,0.00034,3,5,0,0,0,0,0,0,0,0,0,0,1,0,0,0,0,0,0,0,0,0,0,,0,0,0,0,
17,9.85,0,-28.3,21,0,0,0,-0.45,0,0,0,0,-17.5,0,0,0,0,-0.00229183,0,0,0,0,0,0,0,0,0,1,67,58,0,0.00034,0.00034,3,5,0,0,0,0,0,0,0,0,0,0,1,0,0,0,0,0,0,0,0,0,0,,0,0,0,0,
18,12.16,0,-12.6,26.5,0,0,0,13,0,0,0,0,-16.5,0,0,0,0,-0.00229183,0,0,0,0,0,0,0,0,0,1,73,58,0,0.00034,0.00034,3,5,0,0,0,0,0,0,0,0,0,0,1,0,0,0,0,0,0,0,0,0,0,,0,0,0,0,
19,13,0,-23.1,21.5,0,0,0,-1.55,0,0,0,0,-17.5,0,0,0,0,-0.00229183,0,0,0,0,0,0,0,0,0,1,68,58,0,0.00034,0.00034,3,5,0,0,0,0,0,0,0,0,0,0,1,0,0,0,0,0,0,0,0,0,0,,0,0,0,0,
END,Total:20
START,FrameNb:76,CameraNb:0,HeSaiNb:0,ARS410Nb:0
2026/08/02 16:23:53:703---->
heightOffset:0,1785659033703,1323248,selfCaliBufCnt:0,selfAccObjCnt:0,selfAccAngle:0,installHAngleOffset:0,Interpolation:0,installVAngleOffset:0,radarOffsetH:0,radarOffsetV:0.32,Polynom:-0.001023;-0.0511;-2.047;0;0;0;-0.001023;-0.0511;-2.047;-25.5;0;0,WheelDirection:0;0;0;0,selfAngleOffset:0,selfAngleOffsetPit:0,currCaliAngleHrz:0,currCaliAnglePit:0,selfCaliAngleHrz:0,selfCaliAnglePit:0,servCaliAngleHrz:0,servCaliAnglePit:0,offlineCaliAngleHrz:0,offlineCaliAnglePit:0,determine2useFlag:0,IMU_Z_Accel:-21.592,IMU_X_AngularRate:-2.093,IMU_Y_AngularRate:-2.093,IMU_RollAngle:-180,IMU_PitchAngle:-180,IMU_YawAngle:-180,FcwID:0,FCWWarningLevel:0,FCWTTC:0
0,2.32,0,30.05,29,0,0,0,8.15,1.37605e-33,0,0,0,-9,0,0,0,0,-0.00229183,0,0,0,0,0,0,0,0,0,1,78,54,0,0.00034,0.00034,3,5,0,0,0,0,0,0,0,0,0,0,1,0,1,0,0,0,0,0,0,0,0,,0,0,0,0,
1,2.8,0,-34.05,43,0,0,0,1.75,0,0,0,0,6,0,0,0,0,-0.00229183,0,0,0,0,0,0,0,0,0,1,92,54,0,0.00034,0.00034,3,0,0,0,0,0,0,0,0,0,0,0,1,0,1,0,0,0,0,0,0,0,0,,0,0,0,0,
2,3.26,0,13.65,38,0,0,0,2.65,0,0,0,0,-7.5,0,0,0,0,-0.00229183,0,0,0,0,0,0,0,0,0,1,86,54,0,0.00034,0.00034,3,0,0,0,0,0,0,0,0,0,0,0,1,0,1,0,0,0,0,0,0,0,0,,0,0,0,0,
3,3.61,0,45.35,31.5,0,0,0,-9.2,0,0,0,0,5,0,0,0,0,-0.00229183,0,0,0,0,0,0,0,0,0,1,80,54,0,0.00034,0.00034,3,5,0,0,0,0,0,0,0,0,0,0,1,0,1,0,0,0,0,0,0,0,0,,0,0,0,0,
4,4.03,0,2.2,41.5,0,0,0,0.55,0,0,0,0,-6.5,0,0,0,0,-0.00229183,0,0,0,0,0,0,0,0,0,1,89,54,0,0.00034,0.00034,3,5,0,0,0,0,0,0,0,0,0,0,1,0,1,0,0,0,0,0,0,0,0,,0,0,0,0,
5,5.17,0,-35.15,34,0,0,0,-3.3,0,0,0,0,-6,0,0,0,0,-0.00229183,0,0,0,0,0,0,0,0,0,1,79,54,0,0.00034,0.00034,3,5,0,0,0,0,0,0,0,0,0,0,1,0,1,0,0,0,0,0,0,0,0,,0,0,0,0,
6,5.17,0,-40.65,34,0,0,0,0.15,0,0,0,0,-3,0,0,0,0,-0.00229183,0,0,0,0,0,0,0,0,0,1,79,54,0,0.00034,0.00034,3,5,0,0,0,0,0,0,0,0,0,0,1,0,1,0,0,0,0,0,0,0,0,,0,0,0,0,
7,5.62,0,-34.6,36,0,0,0,-3,0,0,0,0,-4,0,0,0,0,-0.00229183,0,0,0,0,0,0,0,0,0,1,80,54,0,0.00034,0.00034,3,5,0,0,0,0,0,0,0,0,0,0,1,0,1,0,0,0,0,0,0,0,0,,0,0,0,0,
8,5.62,0,-24.1,36,0,0,0,-5.55,0,0,0,0,-9,0,0,0,0,-0.00229183,0,0,0,0,0,0,0,0,0,1,80,54,0,0.00034,0.00034,3,5,0,0,0,0,0,0,0,0,0,0,1,0,1,0,0,0,0,0,0,0,0,,0,0,0,0,
9,5.83,0,-40.8,30.5,0,0,0,0.25,0,0,0,0,-5.5,0,0,0,0,-0.00229183,0,0,0,0,0,0,0,0,0,1,76,54,0,0.00034,0.00034,3,5,0,0,0,0,0,0,0,0,0,0,1,0,1,0,0,0,0,0,0,0,0,,0,0,0,0,
10,6.63,0,-53.85,24.5,0,0,0,-1.6,0,0,0,0,1,0,0,0,0,-0.00229183,0,0,0,0,0,0,0,0,0,1,70,54,0,0.00034,0.00034,3,5,0,0,0,0,0,0,0,0,0,0,1,0,1,0,0,0,0,0,0,0,0,,0,0,0,0,
11,7.02,0,-10.4,24.5,0,0,0,2.8,0,0,0,0,-23,0,0,0,0,-0.00229183,0,0,0,0,0,0,0,0,0,1,70,54,0,0.00034,0.00034,3,5,0,0,0,0,0,0,0,0,0,0,1,0,1,0,0,0,0,0,0,0,0,,0,0,0,0,
12,7.65,0,34.8,39.5,0,0,0,6.8,0,0,0,0,5,0,0,0,0,-0.00229183,0,0,0,0,0,0,0,0,0,1,86,54,0,0.00034,0.00034,3,0,0,0,0,0,0,0,0,0,0,0,1,0,1,0,0,0,0,0,0,0,0,,0,0,0,0,
13,8.24,0,-25,29,0,0,0,11.65,0,0,0,0,-12,0,0,0,0,-0.00229183,0,0,0,0,0,0,0,0,0,1,75,54,0,0.00034,0.00034,3,0,0,0,0,0,0,0,0,0,0,0,1,0,1,0,0,0,0,0,0,0,0,,0,0,0,0,
14,8.48,0,69.1,30,0,0,0,-11.35,0,0,0,0,22.5,0,0,0,0,-0.00229183,0,0,0,0,0,0,0,0,0,1,76,54,0,0.00034,0.00034,3,7,0,0,0,0,0,0,0,0,0,0,1,0,1,0,0,0,0,0,0,0,0,,0,0,0,0,
15,8.9,0,-32.5,26.5,0,0,0,-0.85,0,0,0,0,-10,0,0,0,0,-0.00229183,0,0,0,0,0,0,0,0,0,1,73,54,0,0.00034,0.00034,3,5,0,0,0,0,0,0,0,0,0,0,1,0,1,0,0,0,0,0,0,0,0,,0,0,0,0,
16,9.38,0,-29.3,23,0,0,0,-2.8,0,0,0,0,-15,0,0,0,0,-0.00229183,0,0,0,0,0,0,0,0,0,1,69,54,0,0.00034,0.00034,3,5,0,0,0,0,0,0,0,0,0,0,1,0,1,0,0,0,0,0,0,0,0,,0,0,0,0,
17,9.84,0,-28.3,21,0,0,0,-0.45,0,0,0,0,-17.5,0,0,0,0,-0.00229183,0,0,0,0,0,0,0,0,0,1,67,54,0,0.00034,0.00034,3,5,0,0,0,0,0,0,0,0,0,0,1,0,1,0,0,0,0,0,0,0,0,,0,0,0,0,
18,12.16,0,-12.55,27,0,0,0,12.8,0,0,0,0,-16,0,0,0,0,-0.00229183,0,0,0,0,0,0,0,0,0,1,74,54,0,0.00034,0.00034,3,5,0,0,0,0,0,0,0,0,0,0,1,0,1,0,0,0,0,0,0,0,0,,0,0,0,0,
19,13,0,-23.1,21.5,0,0,0,-1.7,0,0,0,0,-17.5,0,0,0,0,-0.00229183,0,0,0,0,0,0,0,0,0,1,68,54,0,0.00034,0.00034,3,5,0,0,0,0,0,0,0,0,0,0,1,0,1,0,0,0,0,0,0,0,0,,0,0,0,0,
END,Total:20
START,FrameNb:77,CameraNb:0,HeSaiNb:0,ARS410Nb:0
2026/08/02 16:23:53:733---->
heightOffset:0,1785659033733,1323304,selfCaliBufCnt:0,selfAccObjCnt:0,selfAccAngle:0,installHAngleOffset:0,Interpolation:0,installVAngleOffset:0,radarOffsetH:0,radarOffsetV:0.32,Polynom:-0.001023;-0.0511;-2.047;0;0;0;-0.001023;-0.0511;-2.047;-25.5;0;0,WheelDirection:0;0;0;0,selfAngleOffset:0,selfAngleOffsetPit:0,currCaliAngleHrz:0,currCaliAnglePit:0,selfCaliAngleHrz:0,selfCaliAnglePit:0,servCaliAngleHrz:0,servCaliAnglePit:0,offlineCaliAngleHrz:0,offlineCaliAnglePit:0,determine2useFlag:0,IMU_Z_Accel:-21.592,IMU_X_AngularRate:-2.093,IMU_Y_AngularRate:-2.093,IMU_RollAngle:-180,IMU_PitchAngle:-180,IMU_YawAngle:-180,FcwID:0,FCWWarningLevel:0,FCWTTC:0
0,2.32,0,30.1,29,0,0,0,7.7,1.37605e-33,0,0,0,-8.5,0,0,0,0,-0.00229183,0,0,0,0,0,0,0,0,0,1,78,61,0,0.00034,0.00034,3,5,0,0,0,0,0,0,0,0,0,0,1,0,0,0,0,0,0,0,0,0,0,,0,0,0,0,
1,2.8,0,-34.05,43,0,0,0,1.75,0,0,0,0,6,0,0,0,0,-0.00229183,0,0,0,0,0,0,0,0,0,1,92,61,0,0.00034,0.00034,3,0,0,0,0,0,0,0,0,0,0,0,1,0,0,0,0,0,0,0,0,0,0,,0,0,0,0,
2,3.26,0,13.65,38,0,0,0,2.65,0,0,0,0,-7.5,0,0,0,0,-0.00229183,0,0,0,0,0,0,0,0,0,1,87,61,0,0.00034,0.00034,3,0,0,0,0,0,0,0,0,0,0,0,1,0,0,0,0,0,0,0,0,0,0,,0,0,0,0,
3,3.59,0,45.35,31.5,0,0,0,-9.8,0,0,0,0,5,0,0,0,0,-0.00229183,0,0,0,0,0,0,0,0,0,1,80,61,0,0.00034,0.00034,3,5,0,0,0,0,0,0,0,0,0,0,1,0,0,0,0,0,0,0,0,0,0,,0,0,0,0,
4,4.03,0,2.2,41.5,0,0,0,0.55,0,0,0,0,-6,0,0,0,0,-0.00229183,0,0,0,0,0,0,0,0,0,1,89,61,0,0.00034,0.00034,3,5,0,0,0,0,0,0,0,0,0,0,1,0,0,0,0,0,0,0,0,0,0,,0,0,0,0,
5,5.16,0,-35.1,33.5,0,0,0,-3.35,0,0,0,0,-6,0,0,0,0,-0.00229183,0,0,0,0,0,0,0,0,0,1,79,61,0,0.00034,0.00034,3,5,0,0,0,0,0,0,0,0,0,0,1,0,0,0,0,0,0,0,0,0,0,,0,0,0,0,
6,5.16,0,-40.7,33.5,0,0,0,0.2,0,0,0,0,-3,0,0,0,0,-0.00229183,0,0,0,0,0,0,0,0,0,1,79,61,0,0.00034,0.00034,3,5,0,0,0,0,0,0,0,0,0,0,1,0,0,0,0,0,0,0,0,0,0,,0,0,0,0,
7,5.61,0,-34.65,36,0,0,0,-3.05,0,0,0,0,-4,0,0,0,0,-0.00229183,0,0,0,0,0,0,0,0,0,1,80,61,0,0.00034,0.00034,3,5,0,0,0,0,0,0,0,0,0,0,1,0,0,0,0,0,0,0,0,0,0,,0,0,0,0,
8,5.61,0,-24.1,36,0,0,0,-5.55,0,0,0,0,-9,0,0,0,0,-0.00229183,0,0,0,0,0,0,0,0,0,1,80,61,0,0.00034,0.00034,3,5,0,0,0,0,0,0,0,0,0,0,1,0,0,0,0,0,0,0,0,0,0,,0,0,0,0,
9,5.83,0,-40.5,30.5,0,0,0,0.05,0,0,0,0,-5.5,0,0,0,0,-0.00229183,0,0,0,0,0,0,0,0,0,1,76,61,0,0.00034,0.00034,3,5,0,0,0,0,0,0,0,0,0,0,1,0,0,0,0,0,0,0,0,0,0,,0,0,0,0,
10,6.62,0,-53.85,24.5,0,0,0,0.65,0,0,0,0,1,0,0,0,0,-0.00229183,0,0,0,0,0,0,0,0,0,1,70,61,0,0.00034,0.00034,3,5,0,0,0,0,0,0,0,0,0,0,1,0,0,0,0,0,0,0,0,0,0,,0,0,0,0,
11,7.03,0,-10.35,24.5,0,0,0,2.9,0,0,0,0,-23,0,0,0,0,-0.00229183,0,0,0,0,0,0,0,0,0,1,70,61,0,0.00034,0.00034,3,5,0,0,0,0,0,0,0,0,0,0,1,0,0,0,0,0,0,0,0,0,0,,0,0,0,0,
12,7.65,0,34.85,39.5,0,0,0,6.75,0,0,0,0,5,0,0,0,0,-0.00229183,0,0,0,0,0,0,0,0,0,1,86,61,0,0.00034,0.00034,3,0,0,0,0,0,0,0,0,0,0,0,1,0,0,0,0,0,0,0,0,0,0,,0,0,0,0,
13,8.23,0,-25.1,29.5,0,0,0,11.95,0,0,0,0,-11.5,0,0,0,0,-0.00229183,0,0,0,0,0,0,0,0,0,1,76,61,0,0.00034,0.00034,3,0,0,0,0,0,0,0,0,0,0,0,1,0,0,0,0,0,0,0,0,0,0,,0,0,0,0,
14,8.65,0,69.1,30,0,0,0,-11.45,0,0,0,0,22.5,0,0,0,0,-0.00229183,0,0,0,0,0,0,0,0,0,1,76,61,0,0.00034,0.00034,3,7,0,0,0,0,0,0,0,0,0,0,1,0,0,0,0,0,0,0,0,0,0,,0,0,0,0,
15,8.9,0,-32.6,26.5,0,0,0,-0.95,0,0,0,0,-10,0,0,0,0,-0.00229183,0,0,0,0,0,0,0,0,0,1,73,61,0,0.00034,0.00034,3,5,0,0,0,0,0,0,0,0,0,0,1,0,0,0,0,0,0,0,0,0,0,,0,0,0,0,
16,9.38,0,-29.3,23,0,0,0,-2.55,0,0,0,0,-15,0,0,0,0,-0.00229183,0,0,0,0,0,0,0,0,0,1,69,61,0,0.00034,0.00034,3,5,0,0,0,0,0,0,0,0,0,0,1,0,0,0,0,0,0,0,0,0,0,,0,0,0,0,
17,9.85,0,-28.3,21,0,0,0,-0.35,0,0,0,0,-17.5,0,0,0,0,-0.00229183,0,0,0,0,0,0,0,0,0,1,68,61,0,0.00034,0.00034,3,5,0,0,0,0,0,0,0,0,0,0,1,0,0,0,0,0,0,0,0,0,0,,0,0,0,0,
18,12.16,0,-12.6,26.5,0,0,0,12.95,0,0,0,0,-16.5,0,0,0,0,-0.00229183,0,0,0,0,0,0,0,0,0,1,73,61,0,0.00034,0.00034,3,5,0,0,0,0,0,0,0,0,0,0,1,0,0,0,0,0,0,0,0,0,0,,0,0,0,0,
19,12.99,0,-23.1,21.5,0,0,0,-1.8,0,0,0,0,-17.5,0,0,0,0,-0.00229183,0,0,0,0,0,0,0,0,0,1,68,61,0,0.00034,0.00034,3,5,0,0,0,0,0,0,0,0,0,0,1,0,0,0,0,0,0,0,0,0,0,,0,0,0,0,
END,Total:20
START,FrameNb:78,CameraNb:0,HeSaiNb:0,ARS410Nb:0
2026/08/02 16:23:53:792---->
heightOffset:0,1785659033792,1323368,selfCaliBufCnt:0,selfAccObjCnt:0,selfAccAngle:0,installHAngleOffset:0,Interpolation:0,installVAngleOffset:0,radarOffsetH:0,radarOffsetV:0.32,Polynom:-0.001023;-0.0511;-2.047;0;0;0;-0.001023;-0.0511;-2.047;-25.5;0;0,WheelDirection:0;0;0;0,selfAngleOffset:0,selfAngleOffsetPit:0,currCaliAngleHrz:0,currCaliAnglePit:0,selfCaliAngleHrz:0,selfCaliAnglePit:0,servCaliAngleHrz:0,servCaliAnglePit:0,offlineCaliAngleHrz:0,offlineCaliAnglePit:0,determine2useFlag:0,IMU_Z_Accel:-21.592,IMU_X_AngularRate:-2.093,IMU_Y_AngularRate:-2.093,IMU_RollAngle:-180,IMU_PitchAngle:-180,IMU_YawAngle:-180,FcwID:0,FCWWarningLevel:0,FCWTTC:0
0,2.32,0,30.05,29,0,0,0,8.25,1.37605e-33,0,0,0,-8.5,0,0,0,0,-0.00229183,0,0,0,0,0,0,0,0,0,1,78,59,0,0.00034,0.00034,3,5,0,0,0,0,0,0,0,0,0,0,1,0,1,0,0,0,0,0,0,0,0,,0,0,0,0,
1,2.8,0,-34.05,43,0,0,0,1.75,0,0,0,0,6,0,0,0,0,-0.00229183,0,0,0,0,0,0,0,0,0,1,92,59,0,0.00034,0.00034,3,0,0,0,0,0,0,0,0,0,0,0,1,0,1,0,0,0,0,0,0,0,0,,0,0,0,0,
2,3.26,0,13.6,38,0,0,0,2.65,0,0,0,0,-7.5,0,0,0,0,-0.00229183,0,0,0,0,0,0,0,0,0,1,87,59,0,0.00034,0.00034,3,0,0,0,0,0,0,0,0,0,0,0,1,0,1,0,0,0,0,0,0,0,0,,0,0,0,0,
3,3.68,0,45.4,31.5,0,0,0,-9.2,0,0,0,0,5,0,0,0,0,-0.00229183,0,0,0,0,0,0,0,0,0,1,80,59,0,0.00034,0.00034,3,5,0,0,0,0,0,0,0,0,0,0,1,0,1,0,0,0,0,0,0,0,0,,0,0,0,0,
4,4.03,0,2.2,41.5,0,0,0,0.65,0,0,0,0,-6,0,0,0,0,-0.00229183,0,0,0,0,0,0,0,0,0,1,89,59,0,0.00034,0.00034,3,5,0,0,0,0,0,0,0,0,0,0,1,0,1,0,0,0,0,0,0,0,0,,0,0,0,0,
5,5.17,0,-35.1,33.5,0,0,0,-3.35,0,0,0,0,-6,0,0,0,0,-0.00229183,0,0,0,0,0,0,0,0,0,1,79,59,0,0.00034,0.00034,3,5,0,0,0,0,0,0,0,0,0,0,1,0,1,0,0,0,0,0,0,0,0,,0,0,0,0,
6,5.17,0,-40.6,33.5,0,0,0,0.2,0,0,0,0,-3,0,0,0,0,-0.00229183,0,0,0,0,0,0,0,0,0,1,79,59,0,0.00034,0.00034,3,5,0,0,0,0,0,0,0,0,0,0,1,0,1,0,0,0,0,0,0,0,0,,0,0,0,0,
7,5.62,0,-34.6,36,0,0,0,-3.05,0,0,0,0,-4,0,0,0,0,-0.00229183,0,0,0,0,0,0,0,0,0,1,80,59,0,0.00034,0.00034,3,5,0,0,0,0,0,0,0,0,0,0,1,0,1,0,0,0,0,0,0,0,0,,0,0,0,0,
8,5.62,0,-24.1,36,0,0,0,-5.6,0,0,0,0,-9,0,0,0,0,-0.00229183,0,0,0,0,0,0,0,0,0,1,80,59,0,0.00034,0.00034,3,5,0,0,0,0,0,0,0,0,0,0,1,0,1,0,0,0,0,0,0,0,0,,0,0,0,0,
9,5.83,0,-40.5,30.5,0,0,0,0.25,0,0,0,0,-5.5,0,0,0,0,-0.00229183,0,0,0,0,0,0,0,0,0,1,75,59,0,0.00034,0.00034,3,5,0,0,0,0,0,0,0,0,0,0,1,0,1,0,0,0,0,0,0,0,0,,0,0,0,0,
10,6.63,0,5,24.5,0,0,0,-13.75,0,0,0,0,-23,0,0,0,0,-0.00229183,0,0,0,0,0,0,0,0,0,1,70,59,0,0.00034,0.00034,2,-1,0,0,0,0,0,0,0,0,0,0,1,0,1,0,0,0,0,0,0,0,0,,0,0,0,0,
11,7.02,0,-10.55,24,0,0,0,-7.35,0,0,0,0,-23,0,0,0,0,-0.00229183,0,0,0,0,0,0,0,0,0,1,70,59,0,0.00034,0.00034,3,5,0,0,0,0,0,0,0,0,0,0,1,0,1,0,0,0,0,0,0,0,0,,0,0,0,0,
12,7.65,0,34.8,39.5,0,0,0,6.7,0,0,0,0,5,0,0,0,0,-0.00229183,0,0,0,0,0,0,0,0,0,1,86,59,0,0.00034,0.00034,3,5,0,0,0,0,0,0,0,0,0,0,1,0,1,0,0,0,0,0,0,0,0,,0,0,0,0,
13,8.23,0,-25.1,29,0,0,0,11.45,0,0,0,0,-11.5,0,0,0,0,-0.00229183,0,0,0,0,0,0,0,0,0,1,75,59,0,0.00034,0.00034,3,0,0,0,0,0,0,0,0,0,0,0,1,0,1,0,0,0,0,0,0,0,0,,0,0,0,0,
14,8.65,0,69.15,30,0,0,0,-11.45,0,0,0,0,22.5,0,0,0,0,-0.00229183,0,0,0,0,0,0,0,0,0,1,76,59,0,0.00034,0.00034,3,7,0,0,0,0,0,0,0,0,0,0,1,0,1,0,0,0,0,0,0,0,0,,0,0,0,0,
15,8.9,0,-32.7,26,0,0,0,-1.25,0,0,0,0,-10,0,0,0,0,-0.00229183,0,0,0,0,0,0,0,0,0,1,72,59,0,0.00034,0.00034,3,5,0,0,0,0,0,0,0,0,0,0,1,0,1,0,0,0,0,0,0,0,0,,0,0,0,0,
16,9.39,0,-29.3,23,0,0,0,-2.75,0,0,0,0,-15,0,0,0,0,-0.00229183,0,0,0,0,0,0,0,0,0,1,69,59,0,0.00034,0.00034,3,5,0,0,0,0,0,0,0,0,0,0,1,0,1,0,0,0,0,0,0,0,0,,0,0,0,0,
17,9.84,0,-28.3,21,0,0,0,-0.45,0,0,0,0,-17.5,0,0,0,0,-0.00229183,0,0,0,0,0,0,0,0,0,1,67,59,0,0.00034,0.00034,3,5,0,0,0,0,0,0,0,0,0,0,1,0,1,0,0,0,0,0,0,0,0,,0,0,0,0,
18,12.16,0,-12.55,26.5,0,0,0,12.8,0,0,0,0,-16,0,0,0,0,-0.00229183,0,0,0,0,0,0,0,0,0,1,73,59,0,0.00034,0.00034,3,5,0,0,0,0,0,0,0,0,0,0,1,0,1,0,0,0,0,0,0,0,0,,0,0,0,0,
19,13,0,-23.1,21,0,0,0,-1.75,0,0,0,0,-17.5,0,0,0,0,-0.00229183,0,0,0,0,0,0,0,0,0,1,68,59,0,0.00034,0.00034,3,5,0,0,0,0,0,0,0,0,0,0,1,0,1,0,0,0,0,0,0,0,0,,0,0,0,0,
END,Total:20
START,FrameNb:79,CameraNb:0,HeSaiNb:0,ARS410Nb:0
2026/08/02 16:23:53:831---->
heightOffset:0,1785659033831,1323424,selfCaliBufCnt:0,selfAccObjCnt:0,selfAccAngle:0,installHAngleOffset:0,Interpolation:0,installVAngleOffset:0,radarOffsetH:0,radarOffsetV:0.32,Polynom:-0.001023;-0.0511;-2.047;0;0;0;-0.001023;-0.0511;-2.047;-25.5;0;0,WheelDirection:0;0;0;0,selfAngleOffset:0,selfAngleOffsetPit:0,currCaliAngleHrz:0,currCaliAnglePit:0,selfCaliAngleHrz:0,selfCaliAnglePit:0,servCaliAngleHrz:0,servCaliAnglePit:0,offlineCaliAngleHrz:0,offlineCaliAnglePit:0,determine2useFlag:0,IMU_Z_Accel:-21.592,IMU_X_AngularRate:-2.093,IMU_Y_AngularRate:-2.093,IMU_RollAngle:-180,IMU_PitchAngle:-180,IMU_YawAngle:-180,FcwID:0,FCWWarningLevel:0,FCWTTC:0
0,2.32,0,30.05,29,0,0,0,7.65,1.37605e-33,0,0,0,-8.5,0,0,0,0,-0.00229183,0,0,0,0,0,0,0,0,0,1,78,59,0,0.00034,0.00034,3,5,0,0,0,0,0,0,0,0,0,0,1,0,0,0,0,0,0,0,0,0,0,,0,0,0,0,
1,2.8,0,-34.05,43.5,0,0,0,1.75,0,0,0,0,6,0,0,0,0,-0.00229183,0,0,0,0,0,0,0,0,0,1,92,59,0,0.00034,0.00034,3,0,0,0,0,0,0,0,0,0,0,0,1,0,0,0,0,0,0,0,0,0,0,,0,0,0,0,
2,3.27,0,13.65,38,0,0,0,2.55,0,0,0,0,-7.5,0,0,0,0,-0.00229183,0,0,0,0,0,0,0,0,0,1,87,59,0,0.00034,0.00034,3,0,0,0,0,0,0,0,0,0,0,0,1,0,0,0,0,0,0,0,0,0,0,,0,0,0,0,
3,3.6,0,45.8,32,0,0,0,-10.2,0,0,0,0,5,0,0,0,0,-0.00229183,0,0,0,0,0,0,0,0,0,1,80,59,0,0.00034,0.00034,3,5,0,0,0,0,0,0,0,0,0,0,1,0,0,0,0,0,0,0,0,0,0,,0,0,0,0,
4,4.03,0,2.2,41.5,0,0,0,0.55,0,0,0,0,-6,0,0,0,0,-0.00229183,0,0,0,0,0,0,0,0,0,1,89,59,0,0.00034,0.00034,3,5,0,0,0,0,0,0,0,0,0,0,1,0,0,0,0,0,0,0,0,0,0,,0,0,0,0,
5,5.16,0,-35.1,34,0,0,0,-3.35,0,0,0,0,-6,0,0,0,0,-0.00229183,0,0,0,0,0,0,0,0,0,1,79,59,0,0.00034,0.00034,3,5,0,0,0,0,0,0,0,0,0,0,1,0,0,0,0,0,0,0,0,0,0,,0,0,0,0,
6,5.16,0,-40.7,34,0,0,0,0.15,0,0,0,0,-3,0,0,0,0,-0.00229183,0,0,0,0,0,0,0,0,0,1,79,59,0,0.00034,0.00034,3,5,0,0,0,0,0,0,0,0,0,0,1,0,0,0,0,0,0,0,0,0,0,,0,0,0,0,
7,5.61,0,-34.7,36,0,0,0,-3.05,0,0,0,0,-4,0,0,0,0,-0.00229183,0,0,0,0,0,0,0,0,0,1,80,59,0,0.00034,0.00034,3,5,0,0,0,0,0,0,0,0,0,0,1,0,0,0,0,0,0,0,0,0,0,,0,0,0,0,
8,5.61,0,-24.1,36,0,0,0,-5.55,0,0,0,0,-9,0,0,0,0,-0.00229183,0,0,0,0,0,0,0,0,0,1,80,59,0,0.00034,0.00034,3,5,0,0,0,0,0,0,0,0,0,0,1,0,0,0,0,0,0,0,0,0,0,,0,0,0,0,
9,5.83,0,-40.55,30.5,0,0,0,0.05,0,0,0,0,-5.5,0,0,0,0,-0.00229183,0,0,0,0,0,0,0,0,0,1,75,59,0,0.00034,0.00034,3,5,0,0,0,0,0,0,0,0,0,0,1,0,0,0,0,0,0,0,0,0,0,,0,0,0,0,
10,6.62,0,-53.4,25,0,0,0,-0.7,0,0,0,0,1,0,0,0,0,-0.00229183,0,0,0,0,0,0,0,0,0,1,70,59,0,0.00034,0.00034,3,5,0,0,0,0,0,0,0,0,0,0,1,0,0,0,0,0,0,0,0,0,0,,0,0,0,0,
11,7.03,0,-10.45,24,0,0,0,-7.7,0,0,0,0,-23,0,0,0,0,-0.00229183,0,0,0,0,0,0,0,0,0,1,70,59,0,0.00034,0.00034,3,5,0,0,0,0,0,0,0,0,0,0,1,0,0,0,0,0,0,0,0,0,0,,0,0,0,0,
12,7.65,0,34.85,39.5,0,0,0,6.8,0,0,0,0,5,0,0,0,0,-0.00229183,0,0,0,0,0,0,0,0,0,1,86,59,0,0.00034,0.00034,3,0,0,0,0,0,0,0,0,0,0,0,1,0,0,0,0,0,0,0,0,0,0,,0,0,0,0,
13,8.22,0,-25.1,29.5,0,0,0,-2.05,0,0,0,0,-11.5,0,0,0,0,-0.00229183,0,0,0,0,0,0,0,0,0,1,76,59,0,0.00034,0.00034,3,0,0,0,0,0,0,0,0,0,0,0,1,0,0,0,0,0,0,0,0,0,0,,0,0,0,0,
14,8.65,0,69.15,30,0,0,0,-11.55,0,0,0,0,22.5,0,0,0,0,-0.00229183,0,0,0,0,0,0,0,0,0,1,76,59,0,0.00034,0.00034,3,7,0,0,0,0,0,0,0,0,0,0,1,0,0,0,0,0,0,0,0,0,0,,0,0,0,0,
15,8.9,0,-32.7,26.5,0,0,0,-0.85,0,0,0,0,-10,0,0,0,0,-0.00229183,0,0,0,0,0,0,0,0,0,1,73,59,0,0.00034,0.00034,3,5,0,0,0,0,0,0,0,0,0,0,1,0,0,0,0,0,0,0,0,0,0,,0,0,0,0,
16,9.39,0,-29.3,23,0,0,0,-2.55,0,0,0,0,-15,0,0,0,0,-0.00229183,0,0,0,0,0,0,0,0,0,1,69,59,0,0.00034,0.00034,3,5,0,0,0,0,0,0,0,0,0,0,1,0,0,0,0,0,0,0,0,0,0,,0,0,0,0,
17,9.85,0,-28.35,21,0,0,0,-0.35,0,0,0,0,-17.5,0,0,0,0,-0.00229183,0,0,0,0,0,0,0,0,0,1,67,59,0,0.00034,0.00034,3,5,0,0,0,0,0,0,0,0,0,0,1,0,0,0,0,0,0,0,0,0,0,,0,0,0,0,
18,12.16,0,-12.6,27,0,0,0,12.9,0,0,0,0,-16.5,0,0,0,0,-0.00229183,0,0,0,0,0,0,0,0,0,1,73,59,0,0.00034,0.00034,3,5,0,0,0,0,0,0,0,0,0,0,1,0,0,0,0,0,0,0,0,0,0,,0,0,0,0,
19,13,0,-23.1,21.5,0,0,0,-1.75,0,0,0,0,-17.5,0,0,0,0,-0.00229183,0,0,0,0,0,0,0,0,0,1,68,59,0,0.00034,0.00034,3,5,0,0,0,0,0,0,0,0,0,0,1,0,0,0,0,0,0,0,0,0,0,,0,0,0,0,
END,Total:20
START,FrameNb:80,CameraNb:0,HeSaiNb:0,ARS410Nb:0
2026/08/02 16:23:53:896---->
heightOffset:0,1785659033896,1323480,selfCaliBufCnt:0,selfAccObjCnt:0,selfAccAngle:0,installHAngleOffset:0,Interpolation:0,installVAngleOffset:0,radarOffsetH:0,radarOffsetV:0.32,Polynom:-0.001023;-0.0511;-2.047;0;0;0;-0.001023;-0.0511;-2.047;-25.5;0;0,WheelDirection:0;0;0;0,selfAngleOffset:0,selfAngleOffsetPit:0,currCaliAngleHrz:0,currCaliAnglePit:0,selfCaliAngleHrz:0,selfCaliAnglePit:0,servCaliAngleHrz:0,servCaliAnglePit:0,offlineCaliAngleHrz:0,offlineCaliAnglePit:0,determine2useFlag:0,IMU_Z_Accel:-21.592,IMU_X_AngularRate:-2.093,IMU_Y_AngularRate:-2.093,IMU_RollAngle:-180,IMU_PitchAngle:-180,IMU_YawAngle:-180,FcwID:0,FCWWarningLevel:0,FCWTTC:0
0,2.32,0,30.1,29,0,0,0,8.2,1.37605e-33,0,0,0,-8.5,0,0,0,0,-0.00229183,0,0,0,0,0,0,0,0,0,1,78,54,0,0.00034,0.00034,3,5,0,0,0,0,0,0,0,0,0,0,1,0,1,0,0,0,0,0,0,0,0,,0,0,0,0,
1,2.8,0,-34.05,43.5,0,0,0,1.75,0,0,0,0,6,0,0,0,0,-0.00229183,0,0,0,0,0,0,0,0,0,1,92,54,0,0.00034,0.00034,3,0,0,0,0,0,0,0,0,0,0,0,1,0,1,0,0,0,0,0,0,0,0,,0,0,0,0,
2,3.26,0,13.6,38,0,0,0,2.65,0,0,0,0,-7.5,0,0,0,0,-0.00229183,0,0,0,0,0,0,0,0,0,1,87,54,0,0.00034,0.00034,3,0,0,0,0,0,0,0,0,0,0,0,1,0,1,0,0,0,0,0,0,0,0,,0,0,0,0,
3,3.61,0,45.3,31.5,0,0,0,-9.25,0,0,0,0,5,0,0,0,0,-0.00229183,0,0,0,0,0,0,0,0,0,1,80,54,0,0.00034,0.00034,3,5,0,0,0,0,0,0,0,0,0,0,1,0,1,0,0,0,0,0,0,0,0,,0,0,0,0,
4,4.03,0,2.2,41.5,0,0,0,0.55,0,0,0,0,-6.5,0,0,0,0,-0.00229183,0,0,0,0,0,0,0,0,0,1,89,54,0,0.00034,0.00034,3,5,0,0,0,0,0,0,0,0,0,0,1,0,1,0,0,0,0,0,0,0,0,,0,0,0,0,
5,5.17,0,-35.1,34,0,0,0,-3.35,0,0,0,0,-6,0,0,0,0,-0.00229183,0,0,0,0,0,0,0,0,0,1,79,54,0,0.00034,0.00034,3,5,0,0,0,0,0,0,0,0,0,0,1,0,1,0,0,0,0,0,0,0,0,,0,0,0,0,
6,5.17,0,-40.65,34,0,0,0,0.05,0,0,0,0,-3,0,0,0,0,-0.00229183,0,0,0,0,0,0,0,0,0,1,79,54,0,0.00034,0.00034,3,5,0,0,0,0,0,0,0,0,0,0,1,0,1,0,0,0,0,0,0,0,0,,0,0,0,0,
7,5.62,0,-34.6,36,0,0,0,-3,0,0,0,0,-4,0,0,0,0,-0.00229183,0,0,0,0,0,0,0,0,0,1,80,54,0,0.00034,0.00034,3,5,0,0,0,0,0,0,0,0,0,0,1,0,1,0,0,0,0,0,0,0,0,,0,0,0,0,
8,5.62,0,-24.1,36,0,0,0,-5.55,0,0,0,0,-9,0,0,0,0,-0.00229183,0,0,0,0,0,0,0,0,0,1,80,54,0,0.00034,0.00034,3,5,0,0,0,0,0,0,0,0,0,0,1,0,1,0,0,0,0,0,0,0,0,,0,0,0,0,
9,5.83,0,-40.55,30.5,0,0,0,0.4,0,0,0,0,-5.5,0,0,0,0,-0.00229183,0,0,0,0,0,0,0,0,0,1,75,54,0,0.00034,0.00034,3,5,0,0,0,0,0,0,0,0,0,0,1,0,1,0,0,0,0,0,0,0,0,,0,0,0,0,
10,6.62,0,5.05,24.5,0,0,0,-13.2,0,0,0,0,-23,0,0,0,0,-0.00229183,0,0,0,0,0,0,0,0,0,1,70,54,0,0.00034,0.00034,2,-1,0,0,0,0,0,0,0,0,0,0,1,0,1,0,0,0,0,0,0,0,0,,0,0,0,0,
11,7.03,0,-10.3,24,0,0,0,-7.6,0,0,0,0,-23.5,0,0,0,0,-0.00229183,0,0,0,0,0,0,0,0,0,1,70,54,0,0.00034,0.00034,3,5,0,0,0,0,0,0,0,0,0,0,1,0,1,0,0,0,0,0,0,0,0,,0,0,0,0,
12,7.65,0,34.8,39.5,0,0,0,6.75,0,0,0,0,5,0,0,0,0,-0.00229183,0,0,0,0,0,0,0,0,0,1,86,54,0,0.00034,0.00034,3,5,0,0,0,0,0,0,0,0,0,0,1,0,1,0,0,0,0,0,0,0,0,,0,0,0,0,
13,8.24,0,-25,29,0,0,0,-2.05,0,0,0,0,-11.5,0,0,0,0,-0.00229183,0,0,0,0,0,0,0,0,0,1,75,54,0,0.00034,0.00034,3,0,0,0,0,0,0,0,0,0,0,0,1,0,1,0,0,0,0,0,0,0,0,,0,0,0,0,
14,8.65,0,69.15,30,0,0,0,-11.35,0,0,0,0,22.5,0,0,0,0,-0.00229183,0,0,0,0,0,0,0,0,0,1,76,54,0,0.00034,0.00034,3,7,0,0,0,0,0,0,0,0,0,0,1,0,1,0,0,0,0,0,0,0,0,,0,0,0,0,
15,8.9,0,-32.65,26,0,0,0,-1.05,0,0,0,0,-10,0,0,0,0,-0.00229183,0,0,0,0,0,0,0,0,0,1,72,54,0,0.00034,0.00034,3,5,0,0,0,0,0,0,0,0,0,0,1,0,1,0,0,0,0,0,0,0,0,,0,0,0,0,
16,9.39,0,-29.15,22.5,0,0,0,-2.95,0,0,0,0,-15,0,0,0,0,-0.00229183,0,0,0,0,0,0,0,0,0,1,69,54,0,0.00034,0.00034,3,5,0,0,0,0,0,0,0,0,0,0,1,0,1,0,0,0,0,0,0,0,0,,0,0,0,0,
17,9.85,0,-28.35,20.5,0,0,0,-0.45,0,0,0,0,-18,0,0,0,0,-0.00229183,0,0,0,0,0,0,0,0,0,1,67,54,0,0.00034,0.00034,3,5,0,0,0,0,0,0,0,0,0,0,1,0,1,0,0,0,0,0,0,0,0,,0,0,0,0,
18,12.16,0,-12.55,26.5,0,0,0,12.75,0,0,0,0,-16,0,0,0,0,-0.00229183,0,0,0,0,0,0,0,0,0,1,73,54,0,0.00034,0.00034,3,5,0,0,0,0,0,0,0,0,0,0,1,0,1,0,0,0,0,0,0,0,0,,0,0,0,0,
19,13,0,-23.15,21.5,0,0,0,-1.6,0,0,0,0,-17.5,0,0,0,0,-0.00229183,0,0,0,0,0,0,0,0,0,1,68,54,0,0.00034,0.00034,3,5,0,0,0,0,0,0,0,0,0,0,1,0,1,0,0,0,0,0,0,0,0,,0,0,0,0,
END,Total:20
START,FrameNb:81,CameraNb:0,HeSaiNb:0,ARS410Nb:0
2026/08/02 16:23:53:986---->
heightOffset:0,1785659033986,1323536,selfCaliBufCnt:0,selfAccObjCnt:0,selfAccAngle:0,installHAngleOffset:0,Interpolation:0,installVAngleOffset:0,radarOffsetH:0,radarOffsetV:0.32,Polynom:-0.001023;-0.0511;-2.047;0;0;0;-0.001023;-0.0511;-2.047;-25.5;0;0,WheelDirection:0;0;0;0,selfAngleOffset:0,selfAngleOffsetPit:0,currCaliAngleHrz:0,currCaliAnglePit:0,selfCaliAngleHrz:0,selfCaliAnglePit:0,servCaliAngleHrz:0,servCaliAnglePit:0,offlineCaliAngleHrz:0,offlineCaliAnglePit:0,determine2useFlag:0,IMU_Z_Accel:-21.592,IMU_X_AngularRate:-2.093,IMU_Y_AngularRate:-2.093,IMU_RollAngle:-180,IMU_PitchAngle:-180,IMU_YawAngle:-180,FcwID:0,FCWWarningLevel:0,FCWTTC:0
0,2.32,0,30.1,29,0,0,0,7.7,1.37605e-33,0,0,0,-8.5,0,0,0,0,-0.00229183,0,0,0,0,0,0,0,0,0,1,78,58,0,0.00034,0.00034,3,5,0,0,0,0,0,0,0,0,0,0,1,0,0,0,0,0,0,0,0,0,0,,0,0,0,0,
1,2.8,0,-34.05,43,0,0,0,1.75,0,0,0,0,6,0,0,0,0,-0.00229183,0,0,0,0,0,0,0,0,0,1,92,58,0,0.00034,0.00034,3,0,0,0,0,0,0,0,0,0,0,0,1,0,0,0,0,0,0,0,0,0,0,,0,0,0,0,
2,3.26,0,13.6,38,0,0,0,2.55,0,0,0,0,-7.5,0,0,0,0,-0.00229183,0,0,0,0,0,0,0,0,0,1,87,58,0,0.00034,0.00034,3,0,0,0,0,0,0,0,0,0,0,0,1,0,0,0,0,0,0,0,0,0,0,,0,0,0,0,
3,3.61,0,45.55,31.5,0,0,0,-9.6,0,0,0,0,5,0,0,0,0,-0.00229183,0,0,0,0,0,0,0,0,0,1,80,58,0,0.00034,0.00034,3,5,0,0,0,0,0,0,0,0,0,0,1,0,0,0,0,0,0,0,0,0,0,,0,0,0,0,
4,4.03,0,2.2,41.5,0,0,0,0.45,0,0,0,0,-6,0,0,0,0,-0.00229183,0,0,0,0,0,0,0,0,0,1,89,58,0,0.00034,0.00034,3,5,0,0,0,0,0,0,0,0,0,0,1,0,0,0,0,0,0,0,0,0,0,,0,0,0,0,
5,5.16,0,-35.1,33.5,0,0,0,-3.35,0,0,0,0,-6,0,0,0,0,-0.00229183,0,0,0,0,0,0,0,0,0,1,79,58,0,0.00034,0.00034,3,5,0,0,0,0,0,0,0,0,0,0,1,0,0,0,0,0,0,0,0,0,0,,0,0,0,0,
6,5.16,0,-40.65,33.5,0,0,0,0.2,0,0,0,0,-3,0,0,0,0,-0.00229183,0,0,0,0,0,0,0,0,0,1,79,58,0,0.00034,0.00034,3,5,0,0,0,0,0,0,0,0,0,0,1,0,0,0,0,0,0,0,0,0,0,,0,0,0,0,
7,5.61,0,-34.65,36,0,0,0,-3.05,0,0,0,0,-4,0,0,0,0,-0.00229183,0,0,0,0,0,0,0,0,0,1,80,58,0,0.00034,0.00034,3,5,0,0,0,0,0,0,0,0,0,0,1,0,0,0,0,0,0,0,0,0,0,,0,0,0,0,
8,5.61,0,-24.1,36,0,0,0,-5.55,0,0,0,0,-9,0,0,0,0,-0.00229183,0,0,0,0,0,0,0,0,0,1,80,58,0,0.00034,0.00034,3,5,0,0,0,0,0,0,0,0,0,0,1,0,0,0,0,0,0,0,0,0,0,,0,0,0,0,
9,5.83,0,-40.6,30.5,0,0,0,0,0,0,0,0,-5.5,0,0,0,0,-0.00229183,0,0,0,0,0,0,0,0,0,1,75,58,0,0.00034,0.00034,3,5,0,0,0,0,0,0,0,0,0,0,1,0,0,0,0,0,0,0,0,0,0,,0,0,0,0,
10,6.62,0,-53.8,24.5,0,0,0,-1.55,0,0,0,0,0.5,0,0,0,0,-0.00229183,0,0,0,0,0,0,0,0,0,1,70,58,0,0.00034,0.00034,3,5,0,0,0,0,0,0,0,0,0,0,1,0,0,0,0,0,0,0,0,0,0,,0,0,0,0,
11,7.02,0,-10.6,24,0,0,0,-8,0,0,0,0,-23,0,0,0,0,-0.00229183,0,0,0,0,0,0,0,0,0,1,70,58,0,0.00034,0.00034,3,5,0,0,0,0,0,0,0,0,0,0,1,0,0,0,0,0,0,0,0,0,0,,0,0,0,0,
12,7.65,0,34.85,39.5,0,0,0,6.8,0,0,0,0,5,0,0,0,0,-0.00229183,0,0,0,0,0,0,0,0,0,1,86,58,0,0.00034,0.00034,3,5,0,0,0,0,0,0,0,0,0,0,1,0,0,0,0,0,0,0,0,0,0,,0,0,0,0,
13,8.24,0,-25.1,29.5,0,0,0,-2,0,0,0,0,-11.5,0,0,0,0,-0.00229183,0,0,0,0,0,0,0,0,0,1,75,58,0,0.00034,0.00034,3,0,0,0,0,0,0,0,0,0,0,0,1,0,0,0,0,0,0,0,0,0,0,,0,0,0,0,
14,8.65,0,69.15,30,0,0,0,-11.55,0,0,0,0,22.5,0,0,0,0,-0.00229183,0,0,0,0,0,0,0,0,0,1,76,58,0,0.00034,0.00034,3,7,0,0,0,0,0,0,0,0,0,0,1,0,0,0,0,0,0,0,0,0,0,,0,0,0,0,
15,8.9,0,-32.8,26,0,0,0,-1.2,0,0,0,0,-10,0,0,0,0,-0.00229183,0,0,0,0,0,0,0,0,0,1,72,58,0,0.00034,0.00034,3,5,0,0,0,0,0,0,0,0,0,0,1,0,0,0,0,0,0,0,0,0,0,,0,0,0,0,
16,9.38,0,-29.3,23,0,0,0,-2.55,0,0,0,0,-15,0,0,0,0,-0.00229183,0,0,0,0,0,0,0,0,0,1,70,58,0,0.00034,0.00034,3,5,0,0,0,0,0,0,0,0,0,0,1,0,0,0,0,0,0,0,0,0,0,,0,0,0,0,
17,9.85,0,-28.3,21,0,0,0,-0.45,0,0,0,0,-17.5,0,0,0,0,-0.00229183,0,0,0,0,0,0,0,0,0,1,67,58,0,0.00034,0.00034,3,5,0,0,0,0,0,0,0,0,0,0,1,0,0,0,0,0,0,0,0,0,0,,0,0,0,0,
18,12.16,0,-12.55,26.5,0,0,0,12.8,0,0,0,0,-16.5,0,0,0,0,-0.00229183,0,0,0,0,0,0,0,0,0,1,73,58,0,0.00034,0.00034,3,5,0,0,0,0,0,0,0,0,0,0,1,0,0,0,0,0,0,0,0,0,0,,0,0,0,0,
19,13,0,-23.2,21.5,0,0,0,-1.8,0,0,0,0,-17.5,0,0,0,0,-0.00229183,0,0,0,0,0,0,0,0,0,1,68,58,0,0.00034,0.00034,3,5,0,0,0,0,0,0,0,0,0,0,1,0,0,0,0,0,0,0,0,0,0,,0,0,0,0,
END,Total:20
START,FrameNb:82,CameraNb:0,HeSaiNb:0,ARS410Nb:0
2026/08/02 16:23:54:041---->
heightOffset:0,1785659034041,1323592,selfCaliBufCnt:0,selfAccObjCnt:0,selfAccAngle:0,installHAngleOffset:0,Interpolation:0,installVAngleOffset:0,radarOffsetH:0,radarOffsetV:0.32,Polynom:-0.001023;-0.0511;-2.047;0;0;0;-0.001023;-0.0511;-2.047;-25.5;0;0,WheelDirection:0;0;0;0,selfAngleOffset:0,selfAngleOffsetPit:0,currCaliAngleHrz:0,currCaliAnglePit:0,selfCaliAngleHrz:0,selfCaliAnglePit:0,servCaliAngleHrz:0,servCaliAnglePit:0,offlineCaliAngleHrz:0,offlineCaliAnglePit:0,determine2useFlag:0,IMU_Z_Accel:-21.592,IMU_X_AngularRate:-2.093,IMU_Y_AngularRate:-2.093,IMU_RollAngle:-180,IMU_PitchAngle:-180,IMU_YawAngle:-180,FcwID:0,FCWWarningLevel:0,FCWTTC:0
0,2.32,0,30.1,29,0,0,0,8.2,1.37605e-33,0,0,0,-9,0,0,0,0,-0.00229183,0,0,0,0,0,0,0,0,0,1,78,54,0,0.00034,0.00034,3,5,0,0,0,0,0,0,0,0,0,0,1,0,1,0,0,0,0,0,0,0,0,,0,0,0,0,
1,2.8,0,-34.05,43,0,0,0,1.75,0,0,0,0,6,0,0,0,0,-0.00229183,0,0,0,0,0,0,0,0,0,1,92,54,0,0.00034,0.00034,3,0,0,0,0,0,0,0,0,0,0,0,1,0,1,0,0,0,0,0,0,0,0,,0,0,0,0,
2,3.25,0,13.6,38,0,0,0,2.65,0,0,0,0,-7.5,0,0,0,0,-0.00229183,0,0,0,0,0,0,0,0,0,1,87,54,0,0.00034,0.00034,3,0,0,0,0,0,0,0,0,0,0,0,1,0,1,0,0,0,0,0,0,0,0,,0,0,0,0,
3,3.61,0,45.35,31.5,0,0,0,-9.1,0,0,0,0,5,0,0,0,0,-0.00229183,0,0,0,0,0,0,0,0,0,1,80,54,0,0.00034,0.00034,3,5,0,0,0,0,0,0,0,0,0,0,1,0,1,0,0,0,0,0,0,0,0,,0,0,0,0,
4,4.03,0,2.2,41.5,0,0,0,0.55,0,0,0,0,-6.5,0,0,0,0,-0.00229183,0,0,0,0,0,0,0,0,0,1,89,54,0,0.00034,0.00034,3,5,0,0,0,0,0,0,0,0,0,0,1,0,1,0,0,0,0,0,0,0,0,,0,0,0,0,
5,5.16,0,-35.1,34,0,0,0,-3.3,0,0,0,0,-6,0,0,0,0,-0.00229183,0,0,0,0,0,0,0,0,0,1,79,54,0,0.00034,0.00034,3,5,0,0,0,0,0,0,0,0,0,0,1,0,1,0,0,0,0,0,0,0,0,,0,0,0,0,
6,5.16,0,-40.6,34,0,0,0,0.05,0,0,0,0,-3,0,0,0,0,-0.00229183,0,0,0,0,0,0,0,0,0,1,79,54,0,0.00034,0.00034,3,5,0,0,0,0,0,0,0,0,0,0,1,0,1,0,0,0,0,0,0,0,0,,0,0,0,0,
7,5.62,0,-34.6,36,0,0,0,-3,0,0,0,0,-4,0,0,0,0,-0.00229183,0,0,0,0,0,0,0,0,0,1,80,54,0,0.00034,0.00034,3,5,0,0,0,0,0,0,0,0,0,0,1,0,1,0,0,0,0,0,0,0,0,,0,0,0,0,
8,5.62,0,-24.1,36,0,0,0,-5.55,0,0,0,0,-9,0,0,0,0,-0.00229183,0,0,0,0,0,0,0,0,0,1,80,54,0,0.00034,0.00034,3,5,0,0,0,0,0,0,0,0,0,0,1,0,1,0,0,0,0,0,0,0,0,,0,0,0,0,
9,5.83,0,-40.65,30.5,0,0,0,0.2,0,0,0,0,-5.5,0,0,0,0,-0.00229183,0,0,0,0,0,0,0,0,0,1,76,54,0,0.00034,0.00034,3,5,0,0,0,0,0,0,0,0,0,0,1,0,1,0,0,0,0,0,0,0,0,,0,0,0,0,
10,6.63,0,-53.65,24.5,0,0,0,-2.05,0,0,0,0,1,0,0,0,0,-0.00229183,0,0,0,0,0,0,0,0,0,1,70,54,0,0.00034,0.00034,3,5,0,0,0,0,0,0,0,0,0,0,1,0,1,0,0,0,0,0,0,0,0,,0,0,0,0,
11,7.02,0,-10.2,24,0,0,0,2.4,0,0,0,0,-23,0,0,0,0,-0.00229183,0,0,0,0,0,0,0,0,0,1,70,54,0,0.00034,0.00034,3,5,0,0,0,0,0,0,0,0,0,0,1,0,1,0,0,0,0,0,0,0,0,,0,0,0,0,
12,7.65,0,34.9,39.5,0,0,0,6.55,0,0,0,0,5,0,0,0,0,-0.00229183,0,0,0,0,0,0,0,0,0,1,85,54,0,0.00034,0.00034,3,0,0,0,0,0,0,0,0,0,0,0,1,0,1,0,0,0,0,0,0,0,0,,0,0,0,0,
13,8.24,0,-25,29.5,0,0,0,-1.8,0,0,0,0,-12,0,0,0,0,-0.00229183,0,0,0,0,0,0,0,0,0,1,75,54,0,0.00034,0.00034,3,0,0,0,0,0,0,0,0,0,0,0,1,0,1,0,0,0,0,0,0,0,0,,0,0,0,0,
14,8.65,0,69.15,30,0,0,0,-11.55,0,0,0,0,22.5,0,0,0,0,-0.00229183,0,0,0,0,0,0,0,0,0,1,76,54,0,0.00034,0.00034,3,7,0,0,0,0,0,0,0,0,0,0,1,0,1,0,0,0,0,0,0,0,0,,0,0,0,0,
15,8.9,0,-32.7,26.5,0,0,0,-1,0,0,0,0,-10,0,0,0,0,-0.00229183,0,0,0,0,0,0,0,0,0,1,72,54,0,0.00034,0.00034,3,5,0,0,0,0,0,0,0,0,0,0,1,0,1,0,0,0,0,0,0,0,0,,0,0,0,0,
16,9.39,0,-29.2,23,0,0,0,-2.8,0,0,0,0,-15,0,0,0,0,-0.00229183,0,0,0,0,0,0,0,0,0,1,69,54,0,0.00034,0.00034,3,5,0,0,0,0,0,0,0,0,0,0,1,0,1,0,0,0,0,0,0,0,0,,0,0,0,0,
17,9.84,0,-28.35,21,0,0,0,-0.7,0,0,0,0,-17.5,0,0,0,0,-0.00229183,0,0,0,0,0,0,0,0,0,1,67,54,0,0.00034,0.00034,3,5,0,0,0,0,0,0,0,0,0,0,1,0,1,0,0,0,0,0,0,0,0,,0,0,0,0,
18,12.16,0,-12.55,27,0,0,0,12.7,0,0,0,0,-16,0,0,0,0,-0.00229183,0,0,0,0,0,0,0,0,0,1,74,54,0,0.00034,0.00034,3,5,0,0,0,0,0,0,0,0,0,0,1,0,1,0,0,0,0,0,0,0,0,,0,0,0,0,
19,13,0,-23.05,21.5,0,0,0,-1.7,0,0,0,0,-17.5,0,0,0,0,-0.00229183,0,0,0,0,0,0,0,0,0,1,68,54,0,0.00034,0.00034,3,5,0,0,0,0,0,0,0,0,0,0,1,0,1,0,0,0,0,0,0,0,0,,0,0,0,0,
END,Total:20
START,FrameNb:83,CameraNb:0,HeSaiNb:0,ARS410Nb:0
2026/08/02 16:23:54:080---->
heightOffset:0,1785659034080,1323648,selfCaliBufCnt:0,selfAccObjCnt:0,selfAccAngle:0,installHAngleOffset:0,Interpolation:0,installVAngleOffset:0,radarOffsetH:0,radarOffsetV:0.32,Polynom:-0.001023;-0.0511;-2.047;0;0;0;-0.001023;-0.0511;-2.047;-25.5;0;0,WheelDirection:0;0;0;0,selfAngleOffset:0,selfAngleOffsetPit:0,currCaliAngleHrz:0,currCaliAnglePit:0,selfCaliAngleHrz:0,selfCaliAnglePit:0,servCaliAngleHrz:0,servCaliAnglePit:0,offlineCaliAngleHrz:0,offlineCaliAnglePit:0,determine2useFlag:0,IMU_Z_Accel:-21.592,IMU_X_AngularRate:-2.093,IMU_Y_AngularRate:-2.093,IMU_RollAngle:-180,IMU_PitchAngle:-180,IMU_YawAngle:-180,FcwID:0,FCWWarningLevel:0,FCWTTC:0
0,2.32,0,30.1,29,0,0,0,7.7,1.37605e-33,0,0,0,-8.5,0,0,0,0,-0.00229183,0,0,0,0,0,0,0,0,0,1,78,61,0,0.00034,0.00034,3,5,0,0,0,0,0,0,0,0,0,0,1,0,0,0,0,0,0,0,0,0,0,,0,0,0,0,
1,2.8,0,-34.05,43,0,0,0,1.75,0,0,0,0,6,0,0,0,0,-0.00229183,0,0,0,0,0,0,0,0,0,1,92,61,0,0.00034,0.00034,3,0,0,0,0,0,0,0,0,0,0,0,1,0,0,0,0,0,0,0,0,0,0,,0,0,0,0,
2,3.26,0,13.6,38,0,0,0,2.55,0,0,0,0,-7.5,0,0,0,0,-0.00229183,0,0,0,0,0,0,0,0,0,1,87,61,0,0.00034,0.00034,3,0,0,0,0,0,0,0,0,0,0,0,1,0,0,0,0,0,0,0,0,0,0,,0,0,0,0,
3,3.58,0,45.6,32,0,0,0,-9.75,0,0,0,0,5,0,0,0,0,-0.00229183,0,0,0,0,0,0,0,0,0,1,80,61,0,0.00034,0.00034,3,5,0,0,0,0,0,0,0,0,0,0,1,0,0,0,0,0,0,0,0,0,0,,0,0,0,0,
4,4.03,0,2.2,41.5,0,0,0,0.55,0,0,0,0,-6,0,0,0,0,-0.00229183,0,0,0,0,0,0,0,0,0,1,89,61,0,0.00034,0.00034,3,5,0,0,0,0,0,0,0,0,0,0,1,0,0,0,0,0,0,0,0,0,0,,0,0,0,0,
5,5.16,0,-35.05,33.5,0,0,0,-3.3,0,0,0,0,-6,0,0,0,0,-0.00229183,0,0,0,0,0,0,0,0,0,1,79,61,0,0.00034,0.00034,3,5,0,0,0,0,0,0,0,0,0,0,1,0,0,0,0,0,0,0,0,0,0,,0,0,0,0,
6,5.16,0,-40.7,33.5,0,0,0,0.15,0,0,0,0,-3,0,0,0,0,-0.00229183,0,0,0,0,0,0,0,0,0,1,79,61,0,0.00034,0.00034,3,5,0,0,0,0,0,0,0,0,0,0,1,0,0,0,0,0,0,0,0,0,0,,0,0,0,0,
7,5.61,0,-34.7,35.5,0,0,0,-3.05,0,0,0,0,-4,0,0,0,0,-0.00229183,0,0,0,0,0,0,0,0,0,1,80,61,0,0.00034,0.00034,3,5,0,0,0,0,0,0,0,0,0,0,1,0,0,0,0,0,0,0,0,0,0,,0,0,0,0,
8,5.61,0,-24.1,35.5,0,0,0,-5.55,0,0,0,0,-9,0,0,0,0,-0.00229183,0,0,0,0,0,0,0,0,0,1,80,61,0,0.00034,0.00034,3,5,0,0,0,0,0,0,0,0,0,0,1,0,0,0,0,0,0,0,0,0,0,,0,0,0,0,
9,5.83,0,-40.6,30.5,0,0,0,0.05,0,0,0,0,-5.5,0,0,0,0,-0.00229183,0,0,0,0,0,0,0,0,0,1,75,61,0,0.00034,0.00034,3,5,0,0,0,0,0,0,0,0,0,0,1,0,0,0,0,0,0,0,0,0,0,,0,0,0,0,
10,6.63,0,-53.65,24.5,0,0,0,-1,0,0,0,0,0.5,0,0,0,0,-0.00229183,0,0,0,0,0,0,0,0,0,1,70,61,0,0.00034,0.00034,3,5,0,0,0,0,0,0,0,0,0,0,1,0,0,0,0,0,0,0,0,0,0,,0,0,0,0,
11,7.03,0,-10.55,24.5,0,0,0,2.45,0,0,0,0,-23,0,0,0,0,-0.00229183,0,0,0,0,0,0,0,0,0,1,70,61,0,0.00034,0.00034,3,5,0,0,0,0,0,0,0,0,0,0,1,0,0,0,0,0,0,0,0,0,0,,0,0,0,0,
12,7.66,0,35,39.5,0,0,0,6.45,0,0,0,0,6,0,0,0,0,-0.00229183,0,0,0,0,0,0,0,0,0,1,85,61,0,0.00034,0.00034,3,0,0,0,0,0,0,0,0,0,0,0,1,0,0,0,0,0,0,0,0,0,0,,0,0,0,0,
13,8.24,0,-25.1,29.5,0,0,0,12.05,0,0,0,0,-11.5,0,0,0,0,-0.00229183,0,0,0,0,0,0,0,0,0,1,75,61,0,0.00034,0.00034,3,0,0,0,0,0,0,0,0,0,0,0,1,0,0,0,0,0,0,0,0,0,0,,0,0,0,0,
14,8.64,0,69.1,30,0,0,0,-11.55,0,0,0,0,22.5,0,0,0,0,-0.00229183,0,0,0,0,0,0,0,0,0,1,76,61,0,0.00034,0.00034,3,7,0,0,0,0,0,0,0,0,0,0,1,0,0,0,0,0,0,0,0,0,0,,0,0,0,0,
15,8.9,0,-32.6,26.5,0,0,0,-0.7,0,0,0,0,-10,0,0,0,0,-0.00229183,0,0,0,0,0,0,0,0,0,1,73,61,0,0.00034,0.00034,3,5,0,0,0,0,0,0,0,0,0,0,1,0,0,0,0,0,0,0,0,0,0,,0,0,0,0,
16,9.39,0,-29.2,23.5,0,0,0,-2.6,0,0,0,0,-14.5,0,0,0,0,-0.00229183,0,0,0,0,0,0,0,0,0,1,70,61,0,0.00034,0.00034,3,5,0,0,0,0,0,0,0,0,0,0,1,0,0,0,0,0,0,0,0,0,0,,0,0,0,0,
17,9.85,0,-28.4,21,0,0,0,-0.55,0,0,0,0,-17.5,0,0,0,0,-0.00229183,0,0,0,0,0,0,0,0,0,1,68,61,0,0.00034,0.00034,3,5,0,0,0,0,0,0,0,0,0,0,1,0,0,0,0,0,0,0,0,0,0,,0,0,0,0,
18,12.16,0,-12.55,26.5,0,0,0,12.8,0,0,0,0,-16.5,0,0,0,0,-0.00229183,0,0,0,0,0,0,0,0,0,1,73,61,0,0.00034,0.00034,3,5,0,0,0,0,0,0,0,0,0,0,1,0,0,0,0,0,0,0,0,0,0,,0,0,0,0,
19,13,0,-23.1,21.5,0,0,0,-1.95,0,0,0,0,-17.5,0,0,0,0,-0.00229183,0,0,0,0,0,0,0,0,0,1,68,61,0,0.00034,0.00034,3,5,0,0,0,0,0,0,0,0,0,0,1,0,0,0,0,0,0,0,0,0,0,,0,0,0,0,
END,Total:20
START,FrameNb:84,CameraNb:0,HeSaiNb:0,ARS410Nb:0
2026/08/02 16:23:54:141---->
heightOffset:0,1785659034141,1323712,selfCaliBufCnt:0,selfAccObjCnt:0,selfAccAngle:0,installHAngleOffset:0,Interpolation:0,installVAngleOffset:0,radarOffsetH:0,radarOffsetV:0.32,Polynom:-0.001023;-0.0511;-2.047;0;0;0;-0.001023;-0.0511;-2.047;-25.5;0;0,WheelDirection:0;0;0;0,selfAngleOffset:0,selfAngleOffsetPit:0,currCaliAngleHrz:0,currCaliAnglePit:0,selfCaliAngleHrz:0,selfCaliAnglePit:0,servCaliAngleHrz:0,servCaliAnglePit:0,offlineCaliAngleHrz:0,offlineCaliAnglePit:0,determine2useFlag:0,IMU_Z_Accel:-21.592,IMU_X_AngularRate:-2.093,IMU_Y_AngularRate:-2.093,IMU_RollAngle:-180,IMU_PitchAngle:-180,IMU_YawAngle:-180,FcwID:0,FCWWarningLevel:0,FCWTTC:0
0,2.32,0,30.1,29,0,0,0,8.2,1.37605e-33,0,0,0,-8.5,0,0,0,0,-0.00229183,0,0,0,0,0,0,0,0,0,1,78,59,0,0.00034,0.00034,3,5,0,0,0,0,0,0,0,0,0,0,1,0,1,0,0,0,0,0,0,0,0,,0,0,0,0,
1,2.8,0,-34.05,43,0,0,0,1.75,0,0,0,0,6,0,0,0,0,-0.00229183,0,0,0,0,0,0,0,0,0,1,92,59,0,0.00034,0.00034,3,0,0,0,0,0,0,0,0,0,0,0,1,0,1,0,0,0,0,0,0,0,0,,0,0,0,0,
2,3.26,0,13.6,38,0,0,0,2.65,0,0,0,0,-7.5,0,0,0,0,-0.00229183,0,0,0,0,0,0,0,0,0,1,87,59,0,0.00034,0.00034,3,0,0,0,0,0,0,0,0,0,0,0,1,0,1,0,0,0,0,0,0,0,0,,0,0,0,0,
3,3.6,0,45.35,31.5,0,0,0,-9.2,0,0,0,0,5,0,0,0,0,-0.00229183,0,0,0,0,0,0,0,0,0,1,80,59,0,0.00034,0.00034,3,5,0,0,0,0,0,0,0,0,0,0,1,0,1,0,0,0,0,0,0,0,0,,0,0,0,0,
4,4.03,0,2.2,41.5,0,0,0,0.65,0,0,0,0,-6,0,0,0,0,-0.00229183,0,0,0,0,0,0,0,0,0,1,89,59,0,0.00034,0.00034,3,5,0,0,0,0,0,0,0,0,0,0,1,0,1,0,0,0,0,0,0,0,0,,0,0,0,0,
5,5.17,0,-35.1,34,0,0,0,-3.35,0,0,0,0,-6,0,0,0,0,-0.00229183,0,0,0,0,0,0,0,0,0,1,79,59,0,0.00034,0.00034,3,5,0,0,0,0,0,0,0,0,0,0,1,0,1,0,0,0,0,0,0,0,0,,0,0,0,0,
6,5.17,0,-40.65,34,0,0,0,0.25,0,0,0,0,-3,0,0,0,0,-0.00229183,0,0,0,0,0,0,0,0,0,1,79,59,0,0.00034,0.00034,3,5,0,0,0,0,0,0,0,0,0,0,1,0,1,0,0,0,0,0,0,0,0,,0,0,0,0,
7,5.61,0,-34.6,36,0,0,0,-3,0,0,0,0,-4,0,0,0,0,-0.00229183,0,0,0,0,0,0,0,0,0,1,80,59,0,0.00034,0.00034,3,5,0,0,0,0,0,0,0,0,0,0,1,0,1,0,0,0,0,0,0,0,0,,0,0,0,0,
8,5.61,0,-24.1,36,0,0,0,-5.55,0,0,0,0,-9,0,0,0,0,-0.00229183,0,0,0,0,0,0,0,0,0,1,80,59,0,0.00034,0.00034,3,5,0,0,0,0,0,0,0,0,0,0,1,0,1,0,0,0,0,0,0,0,0,,0,0,0,0,
9,5.83,0,-40.55,30.5,0,0,0,0.2,0,0,0,0,-5.5,0,0,0,0,-0.00229183,0,0,0,0,0,0,0,0,0,1,75,59,0,0.00034,0.00034,3,5,0,0,0,0,0,0,0,0,0,0,1,0,1,0,0,0,0,0,0,0,0,,0,0,0,0,
10,6.63,0,-53.85,24.5,0,0,0,-3.45,0,0,0,0,1,0,0,0,0,-0.00229183,0,0,0,0,0,0,0,0,0,1,70,59,0,0.00034,0.00034,3,5,0,0,0,0,0,0,0,0,0,0,1,0,1,0,0,0,0,0,0,0,0,,0,0,0,0,
11,7.03,0,-10.3,24.5,0,0,0,2.9,0,0,0,0,-23,0,0,0,0,-0.00229183,0,0,0,0,0,0,0,0,0,1,70,59,0,0.00034,0.00034,3,5,0,0,0,0,0,0,0,0,0,0,1,0,1,0,0,0,0,0,0,0,0,,0,0,0,0,
12,7.66,0,35.05,39,0,0,0,6.2,0,0,0,0,6,0,0,0,0,-0.00229183,0,0,0,0,0,0,0,0,0,1,85,59,0,0.00034,0.00034,3,0,0,0,0,0,0,0,0,0,0,0,1,0,1,0,0,0,0,0,0,0,0,,0,0,0,0,
13,8.23,0,-25.05,29,0,0,0,11.45,0,0,0,0,-12,0,0,0,0,-0.00229183,0,0,0,0,0,0,0,0,0,1,75,59,0,0.00034,0.00034,3,0,0,0,0,0,0,0,0,0,0,0,1,0,1,0,0,0,0,0,0,0,0,,0,0,0,0,
14,8.65,0,69.15,30,0,0,0,-11.55,0,0,0,0,22.5,0,0,0,0,-0.00229183,0,0,0,0,0,0,0,0,0,1,76,59,0,0.00034,0.00034,3,7,0,0,0,0,0,0,0,0,0,0,1,0,1,0,0,0,0,0,0,0,0,,0,0,0,0,
15,8.9,0,-32.7,26.5,0,0,0,-0.7,0,0,0,0,-10,0,0,0,0,-0.00229183,0,0,0,0,0,0,0,0,0,1,73,59,0,0.00034,0.00034,3,5,0,0,0,0,0,0,0,0,0,0,1,0,1,0,0,0,0,0,0,0,0,,0,0,0,0,
16,9.4,0,-29.3,23.5,0,0,0,-2.45,0,0,0,0,-14.5,0,0,0,0,-0.00229183,0,0,0,0,0,0,0,0,0,1,70,59,0,0.00034,0.00034,3,5,0,0,0,0,0,0,0,0,0,0,1,0,1,0,0,0,0,0,0,0,0,,0,0,0,0,
17,9.8,0,-28.35,21.5,0,0,0,-0.95,0,0,0,0,-17.5,0,0,0,0,-0.00229183,0,0,0,0,0,0,0,0,0,1,68,59,0,0.00034,0.00034,3,5,0,0,0,0,0,0,0,0,0,0,1,0,1,0,0,0,0,0,0,0,0,,0,0,0,0,
18,12.16,0,-12.5,27,0,0,0,12.75,0,0,0,0,-16,0,0,0,0,-0.00229183,0,0,0,0,0,0,0,0,0,1,73,59,0,0.00034,0.00034,3,5,0,0,0,0,0,0,0,0,0,0,1,0,1,0,0,0,0,0,0,0,0,,0,0,0,0,
19,13.01,0,-23.05,21.5,0,0,0,-1.85,0,0,0,0,-17.5,0,0,0,0,-0.00229183,0,0,0,0,0,0,0,0,0,1,68,59,0,0.00034,0.00034,3,5,0,0,0,0,0,0,0,0,0,0,1,0,1,0,0,0,0,0,0,0,0,,0,0,0,0,
END,Total:20
START,FrameNb:85,CameraNb:0,HeSaiNb:0,ARS410Nb:0
2026/08/02 16:23:54:206---->
heightOffset:0,1785659034206,1323768,selfCaliBufCnt:0,selfAccObjCnt:0,selfAccAngle:0,installHAngleOffset:0,Interpolation:0,installVAngleOffset:0,radarOffsetH:0,radarOffsetV:0.32,Polynom:-0.001023;-0.0511;-2.047;0;0;0;-0.001023;-0.0511;-2.047;-25.5;0;0,WheelDirection:0;0;0;0,selfAngleOffset:0,selfAngleOffsetPit:0,currCaliAngleHrz:0,currCaliAnglePit:0,selfCaliAngleHrz:0,selfCaliAnglePit:0,servCaliAngleHrz:0,servCaliAnglePit:0,offlineCaliAngleHrz:0,offlineCaliAnglePit:0,determine2useFlag:0,IMU_Z_Accel:-21.592,IMU_X_AngularRate:-2.093,IMU_Y_AngularRate:-2.093,IMU_RollAngle:-180,IMU_PitchAngle:-180,IMU_YawAngle:-180,FcwID:0,FCWWarningLevel:0,FCWTTC:0
0,2.32,0,30.1,29,0,0,0,7.65,1.37605e-33,0,0,0,-8.5,0,0,0,0,-0.00229183,0,0,0,0,0,0,0,0,0,1,78,60,0,0.00034,0.00034,3,5,0,0,0,0,0,0,0,0,0,0,1,0,0,0,0,0,0,0,0,0,0,,0,0,0,0,
1,2.8,0,-34.05,43.5,0,0,0,1.75,0,0,0,0,6,0,0,0,0,-0.00229183,0,0,0,0,0,0,0,0,0,1,92,60,0,0.00034,0.00034,3,0,0,0,0,0,0,0,0,0,0,0,1,0,0,0,0,0,0,0,0,0,0,,0,0,0,0,
2,3.26,0,13.6,38,0,0,0,2.65,0,0,0,0,-7.5,0,0,0,0,-0.00229183,0,0,0,0,0,0,0,0,0,1,87,60,0,0.00034,0.00034,3,5,0,0,0,0,0,0,0,0,0,0,1,0,0,0,0,0,0,0,0,0,0,,0,0,0,0,
3,3.59,0,45.8,31.5,0,0,0,-10.05,0,0,0,0,5,0,0,0,0,-0.00229183,0,0,0,0,0,0,0,0,0,1,80,60,0,0.00034,0.00034,3,5,0,0,0,0,0,0,0,0,0,0,1,0,0,0,0,0,0,0,0,0,0,,0,0,0,0,
4,4.03,0,2.2,41.5,0,0,0,0.55,0,0,0,0,-6,0,0,0,0,-0.00229183,0,0,0,0,0,0,0,0,0,1,89,60,0,0.00034,0.00034,3,5,0,0,0,0,0,0,0,0,0,0,1,0,0,0,0,0,0,0,0,0,0,,0,0,0,0,
5,5.16,0,-35.05,33.5,0,0,0,-3.3,0,0,0,0,-6,0,0,0,0,-0.00229183,0,0,0,0,0,0,0,0,0,1,79,60,0,0.00034,0.00034,3,5,0,0,0,0,0,0,0,0,0,0,1,0,0,0,0,0,0,0,0,0,0,,0,0,0,0,
6,5.16,0,-40.7,33.5,0,0,0,0.25,0,0,0,0,-3,0,0,0,0,-0.00229183,0,0,0,0,0,0,0,0,0,1,79,60,0,0.00034,0.00034,3,5,0,0,0,0,0,0,0,0,0,0,1,0,0,0,0,0,0,0,0,0,0,,0,0,0,0,
7,5.61,0,-34.7,36,0,0,0,-3,0,0,0,0,-4,0,0,0,0,-0.00229183,0,0,0,0,0,0,0,0,0,1,80,60,0,0.00034,0.00034,3,5,0,0,0,0,0,0,0,0,0,0,1,0,0,0,0,0,0,0,0,0,0,,0,0,0,0,
8,5.61,0,-24.1,36,0,0,0,-5.55,0,0,0,0,-9,0,0,0,0,-0.00229183,0,0,0,0,0,0,0,0,0,1,80,60,0,0.00034,0.00034,3,5,0,0,0,0,0,0,0,0,0,0,1,0,0,0,0,0,0,0,0,0,0,,0,0,0,0,
9,5.83,0,-40.35,30.5,0,0,0,0,0,0,0,0,-5.5,0,0,0,0,-0.00229183,0,0,0,0,0,0,0,0,0,1,76,60,0,0.00034,0.00034,3,5,0,0,0,0,0,0,0,0,0,0,1,0,0,0,0,0,0,0,0,0,0,,0,0,0,0,
10,6.62,0,-53.8,25,0,0,0,-3.6,0,0,0,0,1,0,0,0,0,-0.00229183,0,0,0,0,0,0,0,0,0,1,70,60,0,0.00034,0.00034,3,5,0,0,0,0,0,0,0,0,0,0,1,0,0,0,0,0,0,0,0,0,0,,0,0,0,0,
11,7.03,0,-10.15,24.5,0,0,0,2.05,0,0,0,0,-22.5,0,0,0,0,-0.00229183,0,0,0,0,0,0,0,0,0,1,70,60,0,0.00034,0.00034,3,5,0,0,0,0,0,0,0,0,0,0,1,0,0,0,0,0,0,0,0,0,0,,0,0,0,0,
12,7.66,0,40.55,38.5,0,0,0,-10.95,0,0,0,0,9,0,0,0,0,-0.00229183,0,0,0,0,0,0,0,0,0,1,85,60,0,0.00034,0.00034,3,5,0,0,0,0,0,0,0,0,0,0,1,0,0,0,0,0,0,0,0,0,0,,0,0,0,0,
13,8.24,0,-25.1,29,0,0,0,11.8,0,0,0,0,-12,0,0,0,0,-0.00229183,0,0,0,0,0,0,0,0,0,1,75,60,0,0.00034,0.00034,3,0,0,0,0,0,0,0,0,0,0,0,1,0,0,0,0,0,0,0,0,0,0,,0,0,0,0,
14,8.66,0,69.1,30,0,0,0,-11.6,0,0,0,0,22.5,0,0,0,0,-0.00229183,0,0,0,0,0,0,0,0,0,1,76,60,0,0.00034,0.00034,3,7,0,0,0,0,0,0,0,0,0,0,1,0,0,0,0,0,0,0,0,0,0,,0,0,0,0,
15,8.9,0,-32.6,26.5,0,0,0,-0.55,0,0,0,0,-10,0,0,0,0,-0.00229183,0,0,0,0,0,0,0,0,0,1,73,60,0,0.00034,0.00034,3,5,0,0,0,0,0,0,0,0,0,0,1,0,0,0,0,0,0,0,0,0,0,,0,0,0,0,
16,9.39,0,-29.2,23,0,0,0,-2.75,0,0,0,0,-15,0,0,0,0,-0.00229183,0,0,0,0,0,0,0,0,0,1,69,60,0,0.00034,0.00034,3,5,0,0,0,0,0,0,0,0,0,0,1,0,0,0,0,0,0,0,0,0,0,,0,0,0,0,
17,9.82,0,-28.4,21,0,0,0,-1,0,0,0,0,-17.5,0,0,0,0,-0.00229183,0,0,0,0,0,0,0,0,0,1,68,60,0,0.00034,0.00034,3,5,0,0,0,0,0,0,0,0,0,0,1,0,0,0,0,0,0,0,0,0,0,,0,0,0,0,
18,12.16,0,-12.45,26.5,0,0,0,12.8,0,0,0,0,-16.5,0,0,0,0,-0.00229183,0,0,0,0,0,0,0,0,0,1,73,60,0,0.00034,0.00034,3,5,0,0,0,0,0,0,0,0,0,0,1,0,0,0,0,0,0,0,0,0,0,,0,0,0,0,
19,13,0,-23.1,21.5,0,0,0,-1.8,0,0,0,0,-17.5,0,0,0,0,-0.00229183,0,0,0,0,0,0,0,0,0,1,68,60,0,0.00034,0.00034,3,5,0,0,0,0,0,0,0,0,0,0,1,0,0,0,0,0,0,0,0,0,0,,0,0,0,0,
END,Total:20
START,FrameNb:86,CameraNb:0,HeSaiNb:0,ARS410Nb:0
2026/08/02 16:23:54:233---->
heightOffset:0,1785659034233,1323828,selfCaliBufCnt:0,selfAccObjCnt:0,selfAccAngle:0,installHAngleOffset:0,Interpolation:0,installVAngleOffset:0,radarOffsetH:0,radarOffsetV:0.32,Polynom:-0.001023;-0.0511;-2.047;0;0;0;-0.001023;-0.0511;-2.047;-25.5;0;0,WheelDirection:0;0;0;0,selfAngleOffset:0,selfAngleOffsetPit:0,currCaliAngleHrz:0,currCaliAnglePit:0,selfCaliAngleHrz:0,selfCaliAnglePit:0,servCaliAngleHrz:0,servCaliAnglePit:0,offlineCaliAngleHrz:0,offlineCaliAnglePit:0,determine2useFlag:0,IMU_Z_Accel:-21.592,IMU_X_AngularRate:-2.093,IMU_Y_AngularRate:-2.093,IMU_RollAngle:-180,IMU_PitchAngle:-180,IMU_YawAngle:-180,FcwID:0,FCWWarningLevel:0,FCWTTC:0
0,2.32,0,30.1,29,0,0,0,8.25,1.37605e-33,0,0,0,-8.5,0,0,0,0,-0.00229183,0,0,0,0,0,0,0,0,0,1,78,55,0,0.00034,0.00034,3,5,0,0,0,0,0,0,0,0,0,0,1,0,1,0,0,0,0,0,0,0,0,,0,0,0,0,
1,2.8,0,-34.05,43,0,0,0,1.75,0,0,0,0,6,0,0,0,0,-0.00229183,0,0,0,0,0,0,0,0,0,1,92,55,0,0.00034,0.00034,3,0,0,0,0,0,0,0,0,0,0,0,1,0,1,0,0,0,0,0,0,0,0,,0,0,0,0,
2,3.26,0,13.6,38,0,0,0,2.55,0,0,0,0,-7.5,0,0,0,0,-0.00229183,0,0,0,0,0,0,0,0,0,1,87,55,0,0.00034,0.00034,3,0,0,0,0,0,0,0,0,0,0,0,1,0,1,0,0,0,0,0,0,0,0,,0,0,0,0,
3,3.63,0,45.6,31.5,0,0,0,-9,0,0,0,0,5,0,0,0,0,-0.00229183,0,0,0,0,0,0,0,0,0,1,80,55,0,0.00034,0.00034,3,5,0,0,0,0,0,0,0,0,0,0,1,0,1,0,0,0,0,0,0,0,0,,0,0,0,0,
4,4.03,0,2.2,41.5,0,0,0,0.55,0,0,0,0,-6,0,0,0,0,-0.00229183,0,0,0,0,0,0,0,0,0,1,89,55,0,0.00034,0.00034,3,5,0,0,0,0,0,0,0,0,0,0,1,0,1,0,0,0,0,0,0,0,0,,0,0,0,0,
5,5.17,0,-35.1,34,0,0,0,-3.35,0,0,0,0,-6,0,0,0,0,-0.00229183,0,0,0,0,0,0,0,0,0,1,79,55,0,0.00034,0.00034,3,5,0,0,0,0,0,0,0,0,0,0,1,0,1,0,0,0,0,0,0,0,0,,0,0,0,0,
6,5.17,0,-40.7,34,0,0,0,0.25,0,0,0,0,-3,0,0,0,0,-0.00229183,0,0,0,0,0,0,0,0,0,1,79,55,0,0.00034,0.00034,3,5,0,0,0,0,0,0,0,0,0,0,1,0,1,0,0,0,0,0,0,0,0,,0,0,0,0,
7,5.61,0,-34.6,36,0,0,0,-3,0,0,0,0,-4,0,0,0,0,-0.00229183,0,0,0,0,0,0,0,0,0,1,80,55,0,0.00034,0.00034,3,5,0,0,0,0,0,0,0,0,0,0,1,0,1,0,0,0,0,0,0,0,0,,0,0,0,0,
8,5.61,0,-24.1,36,0,0,0,-5.55,0,0,0,0,-9,0,0,0,0,-0.00229183,0,0,0,0,0,0,0,0,0,1,80,55,0,0.00034,0.00034,3,5,0,0,0,0,0,0,0,0,0,0,1,0,1,0,0,0,0,0,0,0,0,,0,0,0,0,
9,5.83,0,-40.8,30.5,0,0,0,0.3,0,0,0,0,-5.5,0,0,0,0,-0.00229183,0,0,0,0,0,0,0,0,0,1,75,55,0,0.00034,0.00034,3,5,0,0,0,0,0,0,0,0,0,0,1,0,1,0,0,0,0,0,0,0,0,,0,0,0,0,
10,6.63,0,-53.8,25,0,0,0,-3.35,0,0,0,0,1,0,0,0,0,-0.00229183,0,0,0,0,0,0,0,0,0,1,70,55,0,0.00034,0.00034,3,5,0,0,0,0,0,0,0,0,0,0,1,0,1,0,0,0,0,0,0,0,0,,0,0,0,0,
11,7.03,0,-33.65,24.5,0,0,0,7.75,0,0,0,0,-14,0,0,0,0,-0.00229183,0,0,0,0,0,0,0,0,0,1,70,55,0,0.00034,0.00034,3,5,0,0,0,0,0,0,0,0,0,0,1,0,1,0,0,0,0,0,0,0,0,,0,0,0,0,
12,7.65,0,34.95,39.5,0,0,0,6.05,0,0,0,0,5,0,0,0,0,-0.00229183,0,0,0,0,0,0,0,0,0,1,85,55,0,0.00034,0.00034,3,5,0,0,0,0,0,0,0,0,0,0,1,0,1,0,0,0,0,0,0,0,0,,0,0,0,0,
13,8.25,0,-25.1,29,0,0,0,11.4,0,0,0,0,-12,0,0,0,0,-0.00229183,0,0,0,0,0,0,0,0,0,1,75,55,0,0.00034,0.00034,3,0,0,0,0,0,0,0,0,0,0,0,1,0,1,0,0,0,0,0,0,0,0,,0,0,0,0,
14,8.48,0,69.1,30,0,0,0,-11.55,0,0,0,0,22.5,0,0,0,0,-0.00229183,0,0,0,0,0,0,0,0,0,1,76,55,0,0.00034,0.00034,3,7,0,0,0,0,0,0,0,0,0,0,1,0,1,0,0,0,0,0,0,0,0,,0,0,0,0,
15,8.9,0,-32.7,26.5,0,0,0,-0.75,0,0,0,0,-10,0,0,0,0,-0.00229183,0,0,0,0,0,0,0,0,0,1,73,55,0,0.00034,0.00034,3,5,0,0,0,0,0,0,0,0,0,0,1,0,1,0,0,0,0,0,0,0,0,,0,0,0,0,
16,9.4,0,-29.2,23,0,0,0,-2.75,0,0,0,0,-15,0,0,0,0,-0.00229183,0,0,0,0,0,0,0,0,0,1,69,55,0,0.00034,0.00034,3,5,0,0,0,0,0,0,0,0,0,0,1,0,1,0,0,0,0,0,0,0,0,,0,0,0,0,
17,9.82,0,-28.35,21,0,0,0,-0.8,0,0,0,0,-18,0,0,0,0,-0.00229183,0,0,0,0,0,0,0,0,0,1,67,55,0,0.00034,0.00034,3,5,0,0,0,0,0,0,0,0,0,0,1,0,1,0,0,0,0,0,0,0,0,,0,0,0,0,
18,12.16,0,-12.45,27,0,0,0,12.7,0,0,0,0,-16,0,0,0,0,-0.00229183,0,0,0,0,0,0,0,0,0,1,73,55,0,0.00034,0.00034,3,5,0,0,0,0,0,0,0,0,0,0,1,0,1,0,0,0,0,0,0,0,0,,0,0,0,0,
19,13.01,0,-23.1,21.5,0,0,0,-1.75,0,0,0,0,-17.5,0,0,0,0,-0.00229183,0,0,0,0,0,0,0,0,0,1,68,55,0,0.00034,0.00034,3,5,0,0,0,0,0,0,0,0,0,0,1,0,1,0,0,0,0,0,0,0,0,,0,0,0,0,
END,Total:20
START,FrameNb:87,CameraNb:0,HeSaiNb:0,ARS410Nb:0
2026/08/02 16:23:54:286---->
heightOffset:0,1785659034286,1323880,selfCaliBufCnt:0,selfAccObjCnt:0,selfAccAngle:0,installHAngleOffset:0,Interpolation:0,installVAngleOffset:0,radarOffsetH:0,radarOffsetV:0.32,Polynom:-0.001023;-0.0511;-2.047;0;0;0;-0.001023;-0.0511;-2.047;-25.5;0;0,WheelDirection:0;0;0;0,selfAngleOffset:0,selfAngleOffsetPit:0,currCaliAngleHrz:0,currCaliAnglePit:0,selfCaliAngleHrz:0,selfCaliAnglePit:0,servCaliAngleHrz:0,servCaliAnglePit:0,offlineCaliAngleHrz:0,offlineCaliAnglePit:0,determine2useFlag:0,IMU_Z_Accel:-21.592,IMU_X_AngularRate:-2.093,IMU_Y_AngularRate:-2.093,IMU_RollAngle:-180,IMU_PitchAngle:-180,IMU_YawAngle:-180,FcwID:0,FCWWarningLevel:0,FCWTTC:0
0,2.32,0,30.05,29.5,0,0,0,7.7,1.37605e-33,0,0,0,-8.5,0,0,0,0,-0.00229183,0,0,0,0,0,0,0,0,0,1,78,58,0,0.00034,0.00034,3,5,0,0,0,0,0,0,0,0,0,0,1,0,0,0,0,0,0,0,0,0,0,,0,0,0,0,
1,2.8,0,-34.05,43.5,0,0,0,1.75,0,0,0,0,6,0,0,0,0,-0.00229183,0,0,0,0,0,0,0,0,0,1,92,58,0,0.00034,0.00034,3,0,0,0,0,0,0,0,0,0,0,0,1,0,0,0,0,0,0,0,0,0,0,,0,0,0,0,
2,3.25,0,13.6,38.5,0,0,0,2.55,0,0,0,0,-7.5,0,0,0,0,-0.00229183,0,0,0,0,0,0,0,0,0,1,87,58,0,0.00034,0.00034,3,0,0,0,0,0,0,0,0,0,0,0,1,0,0,0,0,0,0,0,0,0,0,,0,0,0,0,
3,3.59,0,45.7,32,0,0,0,-9.45,0,0,0,0,5,0,0,0,0,-0.00229183,0,0,0,0,0,0,0,0,0,1,80,58,0,0.00034,0.00034,3,5,0,0,0,0,0,0,0,0,0,0,1,0,0,0,0,0,0,0,0,0,0,,0,0,0,0,
4,4.03,0,2.2,41.5,0,0,0,0.55,0,0,0,0,-6,0,0,0,0,-0.00229183,0,0,0,0,0,0,0,0,0,1,89,58,0,0.00034,0.00034,3,5,0,0,0,0,0,0,0,0,0,0,1,0,0,0,0,0,0,0,0,0,0,,0,0,0,0,
5,5.16,0,-35.1,34,0,0,0,-3.35,0,0,0,0,-6,0,0,0,0,-0.00229183,0,0,0,0,0,0,0,0,0,1,79,58,0,0.00034,0.00034,3,5,0,0,0,0,0,0,0,0,0,0,1,0,0,0,0,0,0,0,0,0,0,,0,0,0,0,
6,5.16,0,-40.7,34,0,0,0,0.3,0,0,0,0,-3,0,0,0,0,-0.00229183,0,0,0,0,0,0,0,0,0,1,79,58,0,0.00034,0.00034,3,5,0,0,0,0,0,0,0,0,0,0,1,0,0,0,0,0,0,0,0,0,0,,0,0,0,0,
7,5.61,0,-34.7,36,0,0,0,-3,0,0,0,0,-4,0,0,0,0,-0.00229183,0,0,0,0,0,0,0,0,0,1,80,58,0,0.00034,0.00034,3,5,0,0,0,0,0,0,0,0,0,0,1,0,0,0,0,0,0,0,0,0,0,,0,0,0,0,
8,5.61,0,-24.1,36,0,0,0,-5.55,0,0,0,0,-9,0,0,0,0,-0.00229183,0,0,0,0,0,0,0,0,0,1,80,58,0,0.00034,0.00034,3,5,0,0,0,0,0,0,0,0,0,0,1,0,0,0,0,0,0,0,0,0,0,,0,0,0,0,
9,5.83,0,-40.55,30.5,0,0,0,0.05,0,0,0,0,-5.5,0,0,0,0,-0.00229183,0,0,0,0,0,0,0,0,0,1,75,58,0,0.00034,0.00034,3,5,0,0,0,0,0,0,0,0,0,0,1,0,0,0,0,0,0,0,0,0,0,,0,0,0,0,
10,6.63,0,-53.9,25,0,0,0,-2.1,0,0,0,0,1,0,0,0,0,-0.00229183,0,0,0,0,0,0,0,0,0,1,70,58,0,0.00034,0.00034,3,5,0,0,0,0,0,0,0,0,0,0,1,0,0,0,0,0,0,0,0,0,0,,0,0,0,0,
11,7.03,0,-33.3,25,0,0,0,7.55,0,0,0,0,-13.5,0,0,0,0,-0.00229183,0,0,0,0,0,0,0,0,0,1,71,58,0,0.00034,0.00034,3,5,0,0,0,0,0,0,0,0,0,0,1,0,0,0,0,0,0,0,0,0,0,,0,0,0,0,
12,7.65,0,34.95,39.5,0,0,0,6.15,0,0,0,0,5,0,0,0,0,-0.00229183,0,0,0,0,0,0,0,0,0,1,85,58,0,0.00034,0.00034,3,5,0,0,0,0,0,0,0,0,0,0,1,0,0,0,0,0,0,0,0,0,0,,0,0,0,0,
13,8.24,0,-25.1,29,0,0,0,11.75,0,0,0,0,-12,0,0,0,0,-0.00229183,0,0,0,0,0,0,0,0,0,1,75,58,0,0.00034,0.00034,3,0,0,0,0,0,0,0,0,0,0,0,1,0,0,0,0,0,0,0,0,0,0,,0,0,0,0,
14,8.48,0,69.1,30,0,0,0,-11.55,0,0,0,0,22.5,0,0,0,0,-0.00229183,0,0,0,0,0,0,0,0,0,1,76,58,0,0.00034,0.00034,3,7,0,0,0,0,0,0,0,0,0,0,1,0,0,0,0,0,0,0,0,0,0,,0,0,0,0,
15,8.9,0,-32.6,26.5,0,0,0,-0.55,0,0,0,0,-10,0,0,0,0,-0.00229183,0,0,0,0,0,0,0,0,0,1,73,58,0,0.00034,0.00034,3,5,0,0,0,0,0,0,0,0,0,0,1,0,0,0,0,0,0,0,0,0,0,,0,0,0,0,
16,9.39,0,-29.2,23,0,0,0,-2.75,0,0,0,0,-15,0,0,0,0,-0.00229183,0,0,0,0,0,0,0,0,0,1,69,58,0,0.00034,0.00034,3,5,0,0,0,0,0,0,0,0,0,0,1,0,0,0,0,0,0,0,0,0,0,,0,0,0,0,
17,9.84,0,-28.35,21,0,0,0,-0.85,0,0,0,0,-17.5,0,0,0,0,-0.00229183,0,0,0,0,0,0,0,0,0,1,67,58,0,0.00034,0.00034,3,5,0,0,0,0,0,0,0,0,0,0,1,0,0,0,0,0,0,0,0,0,0,,0,0,0,0,
18,12.16,0,-12.55,26.5,0,0,0,13,0,0,0,0,-16,0,0,0,0,-0.00229183,0,0,0,0,0,0,0,0,0,1,73,58,0,0.00034,0.00034,3,5,0,0,0,0,0,0,0,0,0,0,1,0,0,0,0,0,0,0,0,0,0,,0,0,0,0,
19,13.01,0,-23.15,21.5,0,0,0,-1.95,0,0,0,0,-17.5,0,0,0,0,-0.00229183,0,0,0,0,0,0,0,0,0,1,68,58,0,0.00034,0.00034,3,5,0,0,0,0,0,0,0,0,0,0,1,0,0,0,0,0,0,0,0,0,0,,0,0,0,0,
END,Total:20
START,FrameNb:88,CameraNb:0,HeSaiNb:0,ARS410Nb:0
2026/08/02 16:23:54:390---->
heightOffset:0,1785659034390,1323940,selfCaliBufCnt:0,selfAccObjCnt:0,selfAccAngle:0,installHAngleOffset:0,Interpolation:0,installVAngleOffset:0,radarOffsetH:0,radarOffsetV:0.32,Polynom:-0.001023;-0.0511;-2.047;0;0;0;-0.001023;-0.0511;-2.047;-25.5;0;0,WheelDirection:0;0;0;0,selfAngleOffset:0,selfAngleOffsetPit:0,currCaliAngleHrz:0,currCaliAnglePit:0,selfCaliAngleHrz:0,selfCaliAnglePit:0,servCaliAngleHrz:0,servCaliAnglePit:0,offlineCaliAngleHrz:0,offlineCaliAnglePit:0,determine2useFlag:0,IMU_Z_Accel:-21.592,IMU_X_AngularRate:-2.093,IMU_Y_AngularRate:-2.093,IMU_RollAngle:-180,IMU_PitchAngle:-180,IMU_YawAngle:-180,FcwID:0,FCWWarningLevel:0,FCWTTC:0
0,2.32,0,30.05,29,0,0,0,8.2,1.37605e-33,0,0,0,-8.5,0,0,0,0,-0.00229183,0,0,0,0,0,0,0,0,0,1,78,54,0,0.00034,0.00034,3,5,0,0,0,0,0,0,0,0,0,0,1,0,1,0,0,0,0,0,0,0,0,,0,0,0,0,
1,2.8,0,-34.05,43,0,0,0,1.75,0,0,0,0,6,0,0,0,0,-0.00229183,0,0,0,0,0,0,0,0,0,1,92,54,0,0.00034,0.00034,3,0,0,0,0,0,0,0,0,0,0,0,1,0,1,0,0,0,0,0,0,0,0,,0,0,0,0,
2,3.25,0,13.55,38,0,0,0,2.65,0,0,0,0,-7.5,0,0,0,0,-0.00229183,0,0,0,0,0,0,0,0,0,1,87,54,0,0.00034,0.00034,3,0,0,0,0,0,0,0,0,0,0,0,1,0,1,0,0,0,0,0,0,0,0,,0,0,0,0,
3,3.6,0,45.45,31.5,0,0,0,-9.1,0,0,0,0,5,0,0,0,0,-0.00229183,0,0,0,0,0,0,0,0,0,1,80,54,0,0.00034,0.00034,3,5,0,0,0,0,0,0,0,0,0,0,1,0,1,0,0,0,0,0,0,0,0,,0,0,0,0,
4,4.03,0,2.2,41.5,0,0,0,0.55,0,0,0,0,-6.5,0,0,0,0,-0.00229183,0,0,0,0,0,0,0,0,0,1,89,54,0,0.00034,0.00034,3,5,0,0,0,0,0,0,0,0,0,0,1,0,1,0,0,0,0,0,0,0,0,,0,0,0,0,
5,5.17,0,-35.1,34,0,0,0,-3.35,0,0,0,0,-6,0,0,0,0,-0.00229183,0,0,0,0,0,0,0,0,0,1,79,54,0,0.00034,0.00034,3,5,0,0,0,0,0,0,0,0,0,0,1,0,1,0,0,0,0,0,0,0,0,,0,0,0,0,
6,5.17,0,-40.6,34,0,0,0,0.4,0,0,0,0,-3,0,0,0,0,-0.00229183,0,0,0,0,0,0,0,0,0,1,79,54,0,0.00034,0.00034,3,5,0,0,0,0,0,0,0,0,0,0,1,0,1,0,0,0,0,0,0,0,0,,0,0,0,0,
7,5.61,0,-34.6,35.5,0,0,0,-3,0,0,0,0,-4,0,0,0,0,-0.00229183,0,0,0,0,0,0,0,0,0,1,80,54,0,0.00034,0.00034,3,5,0,0,0,0,0,0,0,0,0,0,1,0,1,0,0,0,0,0,0,0,0,,0,0,0,0,
8,5.61,0,-24.05,35.5,0,0,0,-5.6,0,0,0,0,-9,0,0,0,0,-0.00229183,0,0,0,0,0,0,0,0,0,1,80,54,0,0.00034,0.00034,3,5,0,0,0,0,0,0,0,0,0,0,1,0,1,0,0,0,0,0,0,0,0,,0,0,0,0,
9,5.83,0,-40.7,30.5,0,0,0,0.2,0,0,0,0,-5.5,0,0,0,0,-0.00229183,0,0,0,0,0,0,0,0,0,1,75,54,0,0.00034,0.00034,3,5,0,0,0,0,0,0,0,0,0,0,1,0,1,0,0,0,0,0,0,0,0,,0,0,0,0,
10,6.63,0,-53.65,25,0,0,0,-3,0,0,0,0,1,0,0,0,0,-0.00229183,0,0,0,0,0,0,0,0,0,1,70,54,0,0.00034,0.00034,3,5,0,0,0,0,0,0,0,0,0,0,1,0,1,0,0,0,0,0,0,0,0,,0,0,0,0,
11,7.02,0,-33.6,24.5,0,0,0,7.7,0,0,0,0,-14,0,0,0,0,-0.00229183,0,0,0,0,0,0,0,0,0,1,70,54,0,0.00034,0.00034,3,5,0,0,0,0,0,0,0,0,0,0,1,0,1,0,0,0,0,0,0,0,0,,0,0,0,0,
12,7.65,0,35,39.5,0,0,0,6.15,0,0,0,0,6,0,0,0,0,-0.00229183,0,0,0,0,0,0,0,0,0,1,85,54,0,0.00034,0.00034,3,5,0,0,0,0,0,0,0,0,0,0,1,0,1,0,0,0,0,0,0,0,0,,0,0,0,0,
13,8.25,0,-25.05,28.5,0,0,0,-1.75,0,0,0,0,-12.5,0,0,0,0,-0.00229183,0,0,0,0,0,0,0,0,0,1,75,54,0,0.00034,0.00034,3,0,0,0,0,0,0,0,0,0,0,0,1,0,1,0,0,0,0,0,0,0,0,,0,0,0,0,
14,8.49,0,69.1,30,0,0,0,-11.55,0,0,0,0,22.5,0,0,0,0,-0.00229183,0,0,0,0,0,0,0,0,0,1,76,54,0,0.00034,0.00034,3,7,0,0,0,0,0,0,0,0,0,0,1,0,1,0,0,0,0,0,0,0,0,,0,0,0,0,
15,8.9,0,-32.7,26,0,0,0,-0.6,0,0,0,0,-10,0,0,0,0,-0.00229183,0,0,0,0,0,0,0,0,0,1,72,54,0,0.00034,0.00034,3,5,0,0,0,0,0,0,0,0,0,0,1,0,1,0,0,0,0,0,0,0,0,,0,0,0,0,
16,9.38,0,-29.3,23,0,0,0,-2.75,0,0,0,0,-15,0,0,0,0,-0.00229183,0,0,0,0,0,0,0,0,0,1,69,54,0,0.00034,0.00034,3,5,0,0,0,0,0,0,0,0,0,0,1,0,1,0,0,0,0,0,0,0,0,,0,0,0,0,
17,9.85,0,-28.45,21,0,0,0,-0.8,0,0,0,0,-18,0,0,0,0,-0.00229183,0,0,0,0,0,0,0,0,0,1,67,54,0,0.00034,0.00034,3,5,0,0,0,0,0,0,0,0,0,0,1,0,1,0,0,0,0,0,0,0,0,,0,0,0,0,
18,12.16,0,-12.5,27,0,0,0,12.9,0,0,0,0,-16,0,0,0,0,-0.00229183,0,0,0,0,0,0,0,0,0,1,74,54,0,0.00034,0.00034,3,5,0,0,0,0,0,0,0,0,0,0,1,0,1,0,0,0,0,0,0,0,0,,0,0,0,0,
19,13.01,0,-23.2,21.5,0,0,0,-1.8,0,0,0,0,-17.5,0,0,0,0,-0.00229183,0,0,0,0,0,0,0,0,0,1,68,54,0,0.00034,0.00034,3,5,0,0,0,0,0,0,0,0,0,0,1,0,1,0,0,0,0,0,0,0,0,,0,0,0,0,
END,Total:20
START,FrameNb:89,CameraNb:0,HeSaiNb:0,ARS410Nb:0
2026/08/02 16:23:54:454---->
heightOffset:0,1785659034454,1323992,selfCaliBufCnt:0,selfAccObjCnt:0,selfAccAngle:0,installHAngleOffset:0,Interpolation:0,installVAngleOffset:0,radarOffsetH:0,radarOffsetV:0.32,Polynom:-0.001023;-0.0511;-2.047;0;0;0;-0.001023;-0.0511;-2.047;-25.5;0;0,WheelDirection:0;0;0;0,selfAngleOffset:0,selfAngleOffsetPit:0,currCaliAngleHrz:0,currCaliAnglePit:0,selfCaliAngleHrz:0,selfCaliAnglePit:0,servCaliAngleHrz:0,servCaliAnglePit:0,offlineCaliAngleHrz:0,offlineCaliAnglePit:0,determine2useFlag:0,IMU_Z_Accel:-21.592,IMU_X_AngularRate:-2.093,IMU_Y_AngularRate:-2.093,IMU_RollAngle:-180,IMU_PitchAngle:-180,IMU_YawAngle:-180,FcwID:0,FCWWarningLevel:0,FCWTTC:0
0,2.32,0,30.05,29,0,0,0,7.7,1.37605e-33,0,0,0,-8.5,0,0,0,0,-0.00229183,0,0,0,0,0,0,0,0,0,1,78,58,0,0.00034,0.00034,3,5,0,0,0,0,0,0,0,0,0,0,1,0,0,0,0,0,0,0,0,0,0,,0,0,0,0,
1,2.8,0,-34.05,43,0,0,0,1.75,0,0,0,0,6,0,0,0,0,-0.00229183,0,0,0,0,0,0,0,0,0,1,92,58,0,0.00034,0.00034,3,0,0,0,0,0,0,0,0,0,0,0,1,0,0,0,0,0,0,0,0,0,0,,0,0,0,0,
2,3.26,0,13.6,38,0,0,0,2.55,0,0,0,0,-7.5,0,0,0,0,-0.00229183,0,0,0,0,0,0,0,0,0,1,87,58,0,0.00034,0.00034,3,5,0,0,0,0,0,0,0,0,0,0,1,0,0,0,0,0,0,0,0,0,0,,0,0,0,0,
3,3.59,0,45.85,31.5,0,0,0,-10.3,0,0,0,0,5,0,0,0,0,-0.00229183,0,0,0,0,0,0,0,0,0,1,80,58,0,0.00034,0.00034,3,5,0,0,0,0,0,0,0,0,0,0,1,0,0,0,0,0,0,0,0,0,0,,0,0,0,0,
4,4.03,0,2.2,41.5,0,0,0,0.55,0,0,0,0,-6,0,0,0,0,-0.00229183,0,0,0,0,0,0,0,0,0,1,89,58,0,0.00034,0.00034,3,5,0,0,0,0,0,0,0,0,0,0,1,0,0,0,0,0,0,0,0,0,0,,0,0,0,0,
5,5.16,0,-35.05,33.5,0,0,0,-3.35,0,0,0,0,-6,0,0,0,0,-0.00229183,0,0,0,0,0,0,0,0,0,1,79,58,0,0.00034,0.00034,3,5,0,0,0,0,0,0,0,0,0,0,1,0,0,0,0,0,0,0,0,0,0,,0,0,0,0,
6,5.16,0,-40.65,33.5,0,0,0,0.45,0,0,0,0,-3,0,0,0,0,-0.00229183,0,0,0,0,0,0,0,0,0,1,79,58,0,0.00034,0.00034,3,5,0,0,0,0,0,0,0,0,0,0,1,0,0,0,0,0,0,0,0,0,0,,0,0,0,0,
7,5.61,0,-34.7,36,0,0,0,-3.05,0,0,0,0,-4,0,0,0,0,-0.00229183,0,0,0,0,0,0,0,0,0,1,80,58,0,0.00034,0.00034,3,5,0,0,0,0,0,0,0,0,0,0,1,0,0,0,0,0,0,0,0,0,0,,0,0,0,0,
8,5.61,0,-24.15,36,0,0,0,-5.55,0,0,0,0,-9,0,0,0,0,-0.00229183,0,0,0,0,0,0,0,0,0,1,80,58,0,0.00034,0.00034,3,5,0,0,0,0,0,0,0,0,0,0,1,0,0,0,0,0,0,0,0,0,0,,0,0,0,0,
9,5.83,0,-40.45,30.5,0,0,0,0.05,0,0,0,0,-6,0,0,0,0,-0.00229183,0,0,0,0,0,0,0,0,0,1,75,58,0,0.00034,0.00034,3,5,0,0,0,0,0,0,0,0,0,0,1,0,0,0,0,0,0,0,0,0,0,,0,0,0,0,
10,6.63,0,-53.85,24.5,0,0,0,-2.3,0,0,0,0,0.5,0,0,0,0,-0.00229183,0,0,0,0,0,0,0,0,0,1,70,58,0,0.00034,0.00034,3,5,0,0,0,0,0,0,0,0,0,0,1,0,0,0,0,0,0,0,0,0,0,,0,0,0,0,
11,7.03,0,-10.7,25,0,0,0,2.05,0,0,0,0,-22.5,0,0,0,0,-0.00229183,0,0,0,0,0,0,0,0,0,1,71,58,0,0.00034,0.00034,3,5,0,0,0,0,0,0,0,0,0,0,1,0,0,0,0,0,0,0,0,0,0,,0,0,0,0,
12,7.65,0,34.95,39.5,0,0,0,6.3,0,0,0,0,5,0,0,0,0,-0.00229183,0,0,0,0,0,0,0,0,0,1,85,58,0,0.00034,0.00034,3,5,0,0,0,0,0,0,0,0,0,0,1,0,0,0,0,0,0,0,0,0,0,,0,0,0,0,
13,8.25,0,-25.2,29,0,0,0,11.7,0,0,0,0,-12,0,0,0,0,-0.00229183,0,0,0,0,0,0,0,0,0,1,75,58,0,0.00034,0.00034,3,0,0,0,0,0,0,0,0,0,0,0,1,0,0,0,0,0,0,0,0,0,0,,0,0,0,0,
14,8.48,0,69.15,30.5,0,0,0,-11.45,0,0,0,0,22.5,0,0,0,0,-0.00229183,0,0,0,0,0,0,0,0,0,1,76,58,0,0.00034,0.00034,3,7,0,0,0,0,0,0,0,0,0,0,1,0,0,0,0,0,0,0,0,0,0,,0,0,0,0,
15,8.9,0,-32.8,26.5,0,0,0,-0.45,0,0,0,0,-10,0,0,0,0,-0.00229183,0,0,0,0,0,0,0,0,0,1,73,58,0,0.00034,0.00034,3,5,0,0,0,0,0,0,0,0,0,0,1,0,0,0,0,0,0,0,0,0,0,,0,0,0,0,
16,9.38,0,-29.1,23.5,0,0,0,-2.7,0,0,0,0,-15,0,0,0,0,-0.00229183,0,0,0,0,0,0,0,0,0,1,69,58,0,0.00034,0.00034,3,5,0,0,0,0,0,0,0,0,0,0,1,0,0,0,0,0,0,0,0,0,0,,0,0,0,0,
17,9.83,0,-28.4,21.5,0,0,0,-0.8,0,0,0,0,-17.5,0,0,0,0,-0.00229183,0,0,0,0,0,0,0,0,0,1,67,58,0,0.00034,0.00034,3,5,0,0,0,0,0,0,0,0,0,0,1,0,0,0,0,0,0,0,0,0,0,,0,0,0,0,
18,12.16,0,-12.55,27,0,0,0,12.7,0,0,0,0,-16,0,0,0,0,-0.00229183,0,0,0,0,0,0,0,0,0,1,74,58,0,0.00034,0.00034,3,5,0,0,0,0,0,0,0,0,0,0,1,0,0,0,0,0,0,0,0,0,0,,0,0,0,0,
19,13.01,0,-23.15,21.5,0,0,0,-1.85,0,0,0,0,-17.5,0,0,0,0,-0.00229183,0,0,0,0,0,0,0,0,0,1,68,58,0,0.00034,0.00034,3,5,0,0,0,0,0,0,0,0,0,0,1,0,0,0,0,0,0,0,0,0,0,,0,0,0,0,
END,Total:20
START,FrameNb:90,CameraNb:0,HeSaiNb:0,ARS410Nb:0
2026/08/02 16:23:54:484---->
heightOffset:0,1785659034484,1324056,selfCaliBufCnt:0,selfAccObjCnt:0,selfAccAngle:0,installHAngleOffset:0,Interpolation:0,installVAngleOffset:0,radarOffsetH:0,radarOffsetV:0.32,Polynom:-0.001023;-0.0511;-2.047;0;0;0;-0.001023;-0.0511;-2.047;-25.5;0;0,WheelDirection:0;0;0;0,selfAngleOffset:0,selfAngleOffsetPit:0,currCaliAngleHrz:0,currCaliAnglePit:0,selfCaliAngleHrz:0,selfCaliAnglePit:0,servCaliAngleHrz:0,servCaliAnglePit:0,offlineCaliAngleHrz:0,offlineCaliAnglePit:0,determine2useFlag:0,IMU_Z_Accel:-21.592,IMU_X_AngularRate:-2.093,IMU_Y_AngularRate:-2.093,IMU_RollAngle:-180,IMU_PitchAngle:-180,IMU_YawAngle:-180,FcwID:0,FCWWarningLevel:0,FCWTTC:0
0,2.32,0,30.1,29,0,0,0,8.2,1.37605e-33,0,0,0,-8.5,0,0,0,0,-0.00229183,0,0,0,0,0,0,0,0,0,1,78,57,0,0.00034,0.00034,3,5,0,0,0,0,0,0,0,0,0,0,1,0,1,0,0,0,0,0,0,0,0,,0,0,0,0,
1,2.8,0,-34.05,43,0,0,0,1.75,0,0,0,0,6,0,0,0,0,-0.00229183,0,0,0,0,0,0,0,0,0,1,92,57,0,0.00034,0.00034,3,0,0,0,0,0,0,0,0,0,0,0,1,0,1,0,0,0,0,0,0,0,0,,0,0,0,0,
2,3.25,0,13.55,38,0,0,0,2.65,0,0,0,0,-7.5,0,0,0,0,-0.00229183,0,0,0,0,0,0,0,0,0,1,87,57,0,0.00034,0.00034,3,0,0,0,0,0,0,0,0,0,0,0,1,0,1,0,0,0,0,0,0,0,0,,0,0,0,0,
3,3.59,0,45.45,31.5,0,0,0,-9.1,0,0,0,0,5,0,0,0,0,-0.00229183,0,0,0,0,0,0,0,0,0,1,80,57,0,0.00034,0.00034,3,5,0,0,0,0,0,0,0,0,0,0,1,0,1,0,0,0,0,0,0,0,0,,0,0,0,0,
4,4.03,0,2.2,41.5,0,0,0,0.55,0,0,0,0,-6.5,0,0,0,0,-0.00229183,0,0,0,0,0,0,0,0,0,1,89,57,0,0.00034,0.00034,3,5,0,0,0,0,0,0,0,0,0,0,1,0,1,0,0,0,0,0,0,0,0,,0,0,0,0,
5,5.17,0,-35.1,34,0,0,0,-3.3,0,0,0,0,-6,0,0,0,0,-0.00229183,0,0,0,0,0,0,0,0,0,1,79,57,0,0.00034,0.00034,3,5,0,0,0,0,0,0,0,0,0,0,1,0,1,0,0,0,0,0,0,0,0,,0,0,0,0,
6,5.17,0,-40.6,34,0,0,0,0.45,0,0,0,0,-3,0,0,0,0,-0.00229183,0,0,0,0,0,0,0,0,0,1,79,57,0,0.00034,0.00034,3,5,0,0,0,0,0,0,0,0,0,0,1,0,1,0,0,0,0,0,0,0,0,,0,0,0,0,
7,5.61,0,-34.6,36,0,0,0,-3,0,0,0,0,-4,0,0,0,0,-0.00229183,0,0,0,0,0,0,0,0,0,1,80,57,0,0.00034,0.00034,3,5,0,0,0,0,0,0,0,0,0,0,1,0,1,0,0,0,0,0,0,0,0,,0,0,0,0,
8,5.61,0,-24.1,36,0,0,0,-5.55,0,0,0,0,-9,0,0,0,0,-0.00229183,0,0,0,0,0,0,0,0,0,1,80,57,0,0.00034,0.00034,3,5,0,0,0,0,0,0,0,0,0,0,1,0,1,0,0,0,0,0,0,0,0,,0,0,0,0,
9,5.83,0,-40.7,30.5,0,0,0,0.25,0,0,0,0,-6,0,0,0,0,-0.00229183,0,0,0,0,0,0,0,0,0,1,75,57,0,0.00034,0.00034,3,5,0,0,0,0,0,0,0,0,0,0,1,0,1,0,0,0,0,0,0,0,0,,0,0,0,0,
10,6.64,0,-53.85,24.5,0,0,0,-2.45,0,0,0,0,1,0,0,0,0,-0.00229183,0,0,0,0,0,0,0,0,0,1,70,57,0,0.00034,0.00034,3,5,0,0,0,0,0,0,0,0,0,0,1,0,1,0,0,0,0,0,0,0,0,,0,0,0,0,
11,7.02,0,-10.8,24.5,0,0,0,-7.55,0,0,0,0,-23,0,0,0,0,-0.00229183,0,0,0,0,0,0,0,0,0,1,70,57,0,0.00034,0.00034,3,5,0,0,0,0,0,0,0,0,0,0,1,0,1,0,0,0,0,0,0,0,0,,0,0,0,0,
12,7.66,0,35,39.5,0,0,0,6.45,0,0,0,0,6,0,0,0,0,-0.00229183,0,0,0,0,0,0,0,0,0,1,85,57,0,0.00034,0.00034,3,5,0,0,0,0,0,0,0,0,0,0,1,0,1,0,0,0,0,0,0,0,0,,0,0,0,0,
13,8.25,0,-25.1,28.5,0,0,0,11.45,0,0,0,0,-12.5,0,0,0,0,-0.00229183,0,0,0,0,0,0,0,0,0,1,75,57,0,0.00034,0.00034,3,0,0,0,0,0,0,0,0,0,0,0,1,0,1,0,0,0,0,0,0,0,0,,0,0,0,0,
14,8.49,0,69.2,30,0,0,0,-11.55,0,0,0,0,22.5,0,0,0,0,-0.00229183,0,0,0,0,0,0,0,0,0,1,76,57,0,0.00034,0.00034,3,7,0,0,0,0,0,0,0,0,0,0,1,0,1,0,0,0,0,0,0,0,0,,0,0,0,0,
15,8.9,0,-32.7,26,0,0,0,-0.6,0,0,0,0,-10,0,0,0,0,-0.00229183,0,0,0,0,0,0,0,0,0,1,72,57,0,0.00034,0.00034,3,5,0,0,0,0,0,0,0,0,0,0,1,0,1,0,0,0,0,0,0,0,0,,0,0,0,0,
16,9.39,0,-29.2,22.5,0,0,0,-2.75,0,0,0,0,-15,0,0,0,0,-0.00229183,0,0,0,0,0,0,0,0,0,1,69,57,0,0.00034,0.00034,3,5,0,0,0,0,0,0,0,0,0,0,1,0,1,0,0,0,0,0,0,0,0,,0,0,0,0,
17,9.84,0,-28.35,21,0,0,0,-0.7,0,0,0,0,-17.5,0,0,0,0,-0.00229183,0,0,0,0,0,0,0,0,0,1,67,57,0,0.00034,0.00034,3,5,0,0,0,0,0,0,0,0,0,0,1,0,1,0,0,0,0,0,0,0,0,,0,0,0,0,
18,12.16,0,-12.55,27,0,0,0,12.8,0,0,0,0,-16,0,0,0,0,-0.00229183,0,0,0,0,0,0,0,0,0,1,74,57,0,0.00034,0.00034,3,5,0,0,0,0,0,0,0,0,0,0,1,0,1,0,0,0,0,0,0,0,0,,0,0,0,0,
19,13.01,0,-23.35,21.5,0,0,0,-1.55,0,0,0,0,-17.5,0,0,0,0,-0.00229183,0,0,0,0,0,0,0,0,0,1,68,57,0,0.00034,0.00034,3,5,0,0,0,0,0,0,0,0,0,0,1,0,1,0,0,0,0,0,0,0,0,,0,0,0,0,
END,Total:20
START,FrameNb:91,CameraNb:0,HeSaiNb:0,ARS410Nb:0
2026/08/02 16:23:54:536---->
heightOffset:0,1785659034536,1324112,selfCaliBufCnt:0,selfAccObjCnt:0,selfAccAngle:0,installHAngleOffset:0,Interpolation:0,installVAngleOffset:0,radarOffsetH:0,radarOffsetV:0.32,Polynom:-0.001023;-0.0511;-2.047;0;0;0;-0.001023;-0.0511;-2.047;-25.5;0;0,WheelDirection:0;0;0;0,selfAngleOffset:0,selfAngleOffsetPit:0,currCaliAngleHrz:0,currCaliAnglePit:0,selfCaliAngleHrz:0,selfCaliAnglePit:0,servCaliAngleHrz:0,servCaliAnglePit:0,offlineCaliAngleHrz:0,offlineCaliAnglePit:0,determine2useFlag:0,IMU_Z_Accel:-21.592,IMU_X_AngularRate:-2.093,IMU_Y_AngularRate:-2.093,IMU_RollAngle:-180,IMU_PitchAngle:-180,IMU_YawAngle:-180,FcwID:0,FCWWarningLevel:0,FCWTTC:0
0,2.32,0,30.05,29,0,0,0,7.7,1.37605e-33,0,0,0,-8.5,0,0,0,0,-0.00229183,0,0,0,0,0,0,0,0,0,1,78,63,0,0.00034,0.00034,3,5,0,0,0,0,0,0,0,0,0,0,1,0,0,0,0,0,0,0,0,0,0,,0,0,0,0,
1,2.8,0,-34.05,43,0,0,0,1.75,0,0,0,0,6,0,0,0,0,-0.00229183,0,0,0,0,0,0,0,0,0,1,92,63,0,0.00034,0.00034,3,0,0,0,0,0,0,0,0,0,0,0,1,0,0,0,0,0,0,0,0,0,0,,0,0,0,0,
2,3.26,0,13.6,38,0,0,0,2.55,0,0,0,0,-7.5,0,0,0,0,-0.00229183,0,0,0,0,0,0,0,0,0,1,87,63,0,0.00034,0.00034,3,0,0,0,0,0,0,0,0,0,0,0,1,0,0,0,0,0,0,0,0,0,0,,0,0,0,0,
3,3.58,0,46.05,31.5,0,0,0,-10.05,0,0,0,0,5,0,0,0,0,-0.00229183,0,0,0,0,0,0,0,0,0,1,80,63,0,0.00034,0.00034,3,5,0,0,0,0,0,0,0,0,0,0,1,0,0,0,0,0,0,0,0,0,0,,0,0,0,0,
4,4.03,0,2.2,41.5,0,0,0,0.55,0,0,0,0,-6,0,0,0,0,-0.00229183,0,0,0,0,0,0,0,0,0,1,89,63,0,0.00034,0.00034,3,5,0,0,0,0,0,0,0,0,0,0,1,0,0,0,0,0,0,0,0,0,0,,0,0,0,0,
5,5.16,0,-35.05,34,0,0,0,-3.3,0,0,0,0,-6,0,0,0,0,-0.00229183,0,0,0,0,0,0,0,0,0,1,79,63,0,0.00034,0.00034,3,5,0,0,0,0,0,0,0,0,0,0,1,0,0,0,0,0,0,0,0,0,0,,0,0,0,0,
6,5.16,0,-40.6,34,0,0,0,0.45,0,0,0,0,-3,0,0,0,0,-0.00229183,0,0,0,0,0,0,0,0,0,1,79,63,0,0.00034,0.00034,3,5,0,0,0,0,0,0,0,0,0,0,1,0,0,0,0,0,0,0,0,0,0,,0,0,0,0,
7,5.61,0,-34.7,35.5,0,0,0,-3,0,0,0,0,-4,0,0,0,0,-0.00229183,0,0,0,0,0,0,0,0,0,1,80,63,0,0.00034,0.00034,3,5,0,0,0,0,0,0,0,0,0,0,1,0,0,0,0,0,0,0,0,0,0,,0,0,0,0,
8,5.61,0,-24.15,35.5,0,0,0,-5.45,0,0,0,0,-9,0,0,0,0,-0.00229183,0,0,0,0,0,0,0,0,0,1,80,63,0,0.00034,0.00034,3,5,0,0,0,0,0,0,0,0,0,0,1,0,0,0,0,0,0,0,0,0,0,,0,0,0,0,
9,5.83,0,-40.5,30.5,0,0,0,0.05,0,0,0,0,-5.5,0,0,0,0,-0.00229183,0,0,0,0,0,0,0,0,0,1,75,63,0,0.00034,0.00034,3,5,0,0,0,0,0,0,0,0,0,0,1,0,0,0,0,0,0,0,0,0,0,,0,0,0,0,
10,6.63,0,-54.2,24.5,0,0,0,-2.75,0,0,0,0,1,0,0,0,0,-0.00229183,0,0,0,0,0,0,0,0,0,1,70,63,0,0.00034,0.00034,3,5,0,0,0,0,0,0,0,0,0,0,1,0,0,0,0,0,0,0,0,0,0,,0,0,0,0,
11,7.03,0,-10.6,24.5,0,0,0,1.7,0,0,0,0,-23,0,0,0,0,-0.00229183,0,0,0,0,0,0,0,0,0,1,70,63,0,0.00034,0.00034,3,5,0,0,0,0,0,0,0,0,0,0,1,0,0,0,0,0,0,0,0,0,0,,0,0,0,0,
12,7.65,0,35.05,39.5,0,0,0,6.4,0,0,0,0,6,0,0,0,0,-0.00229183,0,0,0,0,0,0,0,0,0,1,85,63,0,0.00034,0.00034,3,5,0,0,0,0,0,0,0,0,0,0,1,0,0,0,0,0,0,0,0,0,0,,0,0,0,0,
13,8.25,0,-25.2,29,0,0,0,11.75,0,0,0,0,-12,0,0,0,0,-0.00229183,0,0,0,0,0,0,0,0,0,1,75,63,0,0.00034,0.00034,3,0,0,0,0,0,0,0,0,0,0,0,1,0,0,0,0,0,0,0,0,0,0,,0,0,0,0,
14,8.48,0,69.2,30,0,0,0,-11.55,0,0,0,0,22.5,0,0,0,0,-0.00229183,0,0,0,0,0,0,0,0,0,1,76,63,0,0.00034,0.00034,3,7,0,0,0,0,0,0,0,0,0,0,1,0,0,0,0,0,0,0,0,0,0,,0,0,0,0,
15,8.91,0,-32.7,26,0,0,0,-0.7,0,0,0,0,-10,0,0,0,0,-0.00229183,0,0,0,0,0,0,0,0,0,1,72,63,0,0.00034,0.00034,3,5,0,0,0,0,0,0,0,0,0,0,1,0,0,0,0,0,0,0,0,0,0,,0,0,0,0,
16,9.39,0,-29.2,23,0,0,0,-2.7,0,0,0,0,-15,0,0,0,0,-0.00229183,0,0,0,0,0,0,0,0,0,1,69,63,0,0.00034,0.00034,3,5,0,0,0,0,0,0,0,0,0,0,1,0,0,0,0,0,0,0,0,0,0,,0,0,0,0,
17,9.85,0,-28.35,21.5,0,0,0,0.15,0,0,0,0,-17,0,0,0,0,-0.00229183,0,0,0,0,0,0,0,0,0,1,68,63,0,0.00034,0.00034,3,5,0,0,0,0,0,0,0,0,0,0,1,0,0,0,0,0,0,0,0,0,0,,0,0,0,0,
18,12.16,0,-12.55,27,0,0,0,12.95,0,0,0,0,-16,0,0,0,0,-0.00229183,0,0,0,0,0,0,0,0,0,1,74,63,0,0.00034,0.00034,3,5,0,0,0,0,0,0,0,0,0,0,1,0,0,0,0,0,0,0,0,0,0,,0,0,0,0,
19,13.01,0,-23.1,21.5,0,0,0,-1.95,0,0,0,0,-17.5,0,0,0,0,-0.00229183,0,0,0,0,0,0,0,0,0,1,68,63,0,0.00034,0.00034,3,5,0,0,0,0,0,0,0,0,0,0,1,0,0,0,0,0,0,0,0,0,0,,0,0,0,0,
END,Total:20
START,FrameNb:92,CameraNb:0,HeSaiNb:0,ARS410Nb:0
2026/08/02 16:23:54:579---->
heightOffset:0,1785659034579,1324172,selfCaliBufCnt:0,selfAccObjCnt:0,selfAccAngle:0,installHAngleOffset:0,Interpolation:0,installVAngleOffset:0,radarOffsetH:0,radarOffsetV:0.32,Polynom:-0.001023;-0.0511;-2.047;0;0;0;-0.001023;-0.0511;-2.047;-25.5;0;0,WheelDirection:0;0;0;0,selfAngleOffset:0,selfAngleOffsetPit:0,currCaliAngleHrz:0,currCaliAnglePit:0,selfCaliAngleHrz:0,selfCaliAnglePit:0,servCaliAngleHrz:0,servCaliAnglePit:0,offlineCaliAngleHrz:0,offlineCaliAnglePit:0,determine2useFlag:0,IMU_Z_Accel:-21.592,IMU_X_AngularRate:-2.093,IMU_Y_AngularRate:-2.093,IMU_RollAngle:-180,IMU_PitchAngle:-180,IMU_YawAngle:-180,FcwID:0,FCWWarningLevel:0,FCWTTC:0
0,2.32,0,30.05,29,0,0,0,8.25,1.37605e-33,0,0,0,-9,0,0,0,0,-0.00229183,0,0,0,0,0,0,0,0,0,1,78,56,0,0.00034,0.00034,3,5,0,0,0,0,0,0,0,0,0,0,1,0,1,0,0,0,0,0,0,0,0,,0,0,0,0,
1,2.8,0,-34.05,43,0,0,0,1.75,0,0,0,0,6,0,0,0,0,-0.00229183,0,0,0,0,0,0,0,0,0,1,92,56,0,0.00034,0.00034,3,0,0,0,0,0,0,0,0,0,0,0,1,0,1,0,0,0,0,0,0,0,0,,0,0,0,0,
2,3.26,0,13.55,38,0,0,0,2.55,0,0,0,0,-7.5,0,0,0,0,-0.00229183,0,0,0,0,0,0,0,0,0,1,87,56,0,0.00034,0.00034,3,0,0,0,0,0,0,0,0,0,0,0,1,0,1,0,0,0,0,0,0,0,0,,0,0,0,0,
3,3.63,0,45.85,31.5,0,0,0,-9.8,0,0,0,0,5,0,0,0,0,-0.00229183,0,0,0,0,0,0,0,0,0,1,80,56,0,0.00034,0.00034,3,5,0,0,0,0,0,0,0,0,0,0,1,0,1,0,0,0,0,0,0,0,0,,0,0,0,0,
4,4.03,0,2.2,41.5,0,0,0,0.55,0,0,0,0,-6,0,0,0,0,-0.00229183,0,0,0,0,0,0,0,0,0,1,89,56,0,0.00034,0.00034,3,5,0,0,0,0,0,0,0,0,0,0,1,0,1,0,0,0,0,0,0,0,0,,0,0,0,0,
5,5.17,0,-35.05,34,0,0,0,-3.3,0,0,0,0,-6,0,0,0,0,-0.00229183,0,0,0,0,0,0,0,0,0,1,79,56,0,0.00034,0.00034,3,5,0,0,0,0,0,0,0,0,0,0,1,0,1,0,0,0,0,0,0,0,0,,0,0,0,0,
6,5.17,0,-40.6,34,0,0,0,0.3,0,0,0,0,-3,0,0,0,0,-0.00229183,0,0,0,0,0,0,0,0,0,1,79,56,0,0.00034,0.00034,3,5,0,0,0,0,0,0,0,0,0,0,1,0,1,0,0,0,0,0,0,0,0,,0,0,0,0,
7,5.61,0,-34.65,36,0,0,0,-3,0,0,0,0,-4,0,0,0,0,-0.00229183,0,0,0,0,0,0,0,0,0,1,80,56,0,0.00034,0.00034,3,5,0,0,0,0,0,0,0,0,0,0,1,0,1,0,0,0,0,0,0,0,0,,0,0,0,0,
8,5.61,0,-24.1,36,0,0,0,-5.55,0,0,0,0,-9,0,0,0,0,-0.00229183,0,0,0,0,0,0,0,0,0,1,80,56,0,0.00034,0.00034,3,5,0,0,0,0,0,0,0,0,0,0,1,0,1,0,0,0,0,0,0,0,0,,0,0,0,0,
9,5.83,0,-40.8,30.5,0,0,0,0.15,0,0,0,0,-5.5,0,0,0,0,-0.00229183,0,0,0,0,0,0,0,0,0,1,76,56,0,0.00034,0.00034,3,5,0,0,0,0,0,0,0,0,0,0,1,0,1,0,0,0,0,0,0,0,0,,0,0,0,0,
10,6.64,0,4.55,24.5,0,0,0,-13.1,0,0,0,0,-23,0,0,0,0,-0.00229183,0,0,0,0,0,0,0,0,0,1,70,56,0,0.00034,0.00034,2,-1,0,0,0,0,0,0,0,0,0,0,1,0,1,0,0,0,0,0,0,0,0,,0,0,0,0,
11,7.02,0,-33.55,24.5,0,0,0,7.65,0,0,0,0,-14,0,0,0,0,-0.00229183,0,0,0,0,0,0,0,0,0,1,70,56,0,0.00034,0.00034,3,5,0,0,0,0,0,0,0,0,0,0,1,0,1,0,0,0,0,0,0,0,0,,0,0,0,0,
12,7.65,0,34.95,39,0,0,0,6.15,0,0,0,0,4.5,0,0,0,0,-0.00229183,0,0,0,0,0,0,0,0,0,1,85,56,0,0.00034,0.00034,3,5,0,0,0,0,0,0,0,0,0,0,1,0,1,0,0,0,0,0,0,0,0,,0,0,0,0,
13,8.25,0,-25.2,28.5,0,0,0,11.45,0,0,0,0,-12.5,0,0,0,0,-0.00229183,0,0,0,0,0,0,0,0,0,1,75,56,0,0.00034,0.00034,3,0,0,0,0,0,0,0,0,0,0,0,1,0,1,0,0,0,0,0,0,0,0,,0,0,0,0,
14,8.48,0,69.15,30,0,0,0,-11.6,0,0,0,0,22.5,0,0,0,0,-0.00229183,0,0,0,0,0,0,0,0,0,1,76,56,0,0.00034,0.00034,3,7,0,0,0,0,0,0,0,0,0,0,1,0,1,0,0,0,0,0,0,0,0,,0,0,0,0,
15,8.9,0,-32.8,26.5,0,0,0,-0.85,0,0,0,0,-10,0,0,0,0,-0.00229183,0,0,0,0,0,0,0,0,0,1,73,56,0,0.00034,0.00034,3,5,0,0,0,0,0,0,0,0,0,0,1,0,1,0,0,0,0,0,0,0,0,,0,0,0,0,
16,9.38,0,-29.2,23,0,0,0,-2.8,0,0,0,0,-15,0,0,0,0,-0.00229183,0,0,0,0,0,0,0,0,0,1,69,56,0,0.00034,0.00034,3,5,0,0,0,0,0,0,0,0,0,0,1,0,1,0,0,0,0,0,0,0,0,,0,0,0,0,
17,9.86,0,-28.4,21,0,0,0,-0.2,0,0,0,0,-17.5,0,0,0,0,-0.00229183,0,0,0,0,0,0,0,0,0,1,67,56,0,0.00034,0.00034,3,5,0,0,0,0,0,0,0,0,0,0,1,0,1,0,0,0,0,0,0,0,0,,0,0,0,0,
18,12.16,0,-12.55,27,0,0,0,12.75,0,0,0,0,-16,0,0,0,0,-0.00229183,0,0,0,0,0,0,0,0,0,1,74,56,0,0.00034,0.00034,3,5,0,0,0,0,0,0,0,0,0,0,1,0,1,0,0,0,0,0,0,0,0,,0,0,0,0,
19,13.01,0,-23.15,21.5,0,0,0,-1.85,0,0,0,0,-17.5,0,0,0,0,-0.00229183,0,0,0,0,0,0,0,0,0,1,68,56,0,0.00034,0.00034,3,5,0,0,0,0,0,0,0,0,0,0,1,0,1,0,0,0,0,0,0,0,0,,0,0,0,0,
END,Total:20
START,FrameNb:93,CameraNb:0,HeSaiNb:0,ARS410Nb:0
2026/08/02 16:23:54:641---->
heightOffset:0,1785659034641,1324228,selfCaliBufCnt:0,selfAccObjCnt:0,selfAccAngle:0,installHAngleOffset:0,Interpolation:0,installVAngleOffset:0,radarOffsetH:0,radarOffsetV:0.32,Polynom:-0.001023;-0.0511;-2.047;0;0;0;-0.001023;-0.0511;-2.047;-25.5;0;0,WheelDirection:0;0;0;0,selfAngleOffset:0,selfAngleOffsetPit:0,currCaliAngleHrz:0,currCaliAnglePit:0,selfCaliAngleHrz:0,selfCaliAnglePit:0,servCaliAngleHrz:0,servCaliAnglePit:0,offlineCaliAngleHrz:0,offlineCaliAnglePit:0,determine2useFlag:0,IMU_Z_Accel:-21.592,IMU_X_AngularRate:-2.093,IMU_Y_AngularRate:-2.093,IMU_RollAngle:-180,IMU_PitchAngle:-180,IMU_YawAngle:-180,FcwID:0,FCWWarningLevel:0,FCWTTC:0
0,2.32,0,30.1,29,0,0,0,7.7,1.37605e-33,0,0,0,-8.5,0,0,0,0,-0.00229183,0,0,0,0,0,0,0,0,0,1,78,58,0,0.00034,0.00034,3,5,0,0,0,0,0,0,0,0,0,0,1,0,0,0,0,0,0,0,0,0,0,,0,0,0,0,
1,2.8,0,-34.05,43,0,0,0,1.75,0,0,0,0,6,0,0,0,0,-0.00229183,0,0,0,0,0,0,0,0,0,1,92,58,0,0.00034,0.00034,3,0,0,0,0,0,0,0,0,0,0,0,1,0,0,0,0,0,0,0,0,0,0,,0,0,0,0,
2,3.26,0,13.6,38,0,0,0,2.55,0,0,0,0,-7.5,0,0,0,0,-0.00229183,0,0,0,0,0,0,0,0,0,1,87,58,0,0.00034,0.00034,3,0,0,0,0,0,0,0,0,0,0,0,1,0,0,0,0,0,0,0,0,0,0,,0,0,0,0,
3,3.58,0,45.85,31.5,0,0,0,-10.25,0,0,0,0,5,0,0,0,0,-0.00229183,0,0,0,0,0,0,0,0,0,1,80,58,0,0.00034,0.00034,3,5,0,0,0,0,0,0,0,0,0,0,1,0,0,0,0,0,0,0,0,0,0,,0,0,0,0,
4,4.03,0,2.2,41.5,0,0,0,0.55,0,0,0,0,-6,0,0,0,0,-0.00229183,0,0,0,0,0,0,0,0,0,1,89,58,0,0.00034,0.00034,3,5,0,0,0,0,0,0,0,0,0,0,1,0,0,0,0,0,0,0,0,0,0,,0,0,0,0,
5,5.16,0,-35.1,33.5,0,0,0,-3.35,0,0,0,0,-6,0,0,0,0,-0.00229183,0,0,0,0,0,0,0,0,0,1,79,58,0,0.00034,0.00034,3,5,0,0,0,0,0,0,0,0,0,0,1,0,0,0,0,0,0,0,0,0,0,,0,0,0,0,
6,5.16,0,-40.7,33.5,0,0,0,0.45,0,0,0,0,-3,0,0,0,0,-0.00229183,0,0,0,0,0,0,0,0,0,1,79,58,0,0.00034,0.00034,3,5,0,0,0,0,0,0,0,0,0,0,1,0,0,0,0,0,0,0,0,0,0,,0,0,0,0,
7,5.61,0,-34.7,36,0,0,0,-3.05,0,0,0,0,-4,0,0,0,0,-0.00229183,0,0,0,0,0,0,0,0,0,1,80,58,0,0.00034,0.00034,3,5,0,0,0,0,0,0,0,0,0,0,1,0,0,0,0,0,0,0,0,0,0,,0,0,0,0,
8,5.61,0,-24.15,36,0,0,0,-5.45,0,0,0,0,-9,0,0,0,0,-0.00229183,0,0,0,0,0,0,0,0,0,1,80,58,0,0.00034,0.00034,3,5,0,0,0,0,0,0,0,0,0,0,1,0,0,0,0,0,0,0,0,0,0,,0,0,0,0,
9,5.83,0,-40.35,30.5,0,0,0,0.05,0,0,0,0,-5.5,0,0,0,0,-0.00229183,0,0,0,0,0,0,0,0,0,1,76,58,0,0.00034,0.00034,3,5,0,0,0,0,0,0,0,0,0,0,1,0,0,0,0,0,0,0,0,0,0,,0,0,0,0,
10,6.63,0,-54.15,24.5,0,0,0,-6.3,0,0,0,0,1,0,0,0,0,-0.00229183,0,0,0,0,0,0,0,0,0,1,70,58,0,0.00034,0.00034,3,5,0,0,0,0,0,0,0,0,0,0,1,0,0,0,0,0,0,0,0,0,0,,0,0,0,0,
11,7.02,0,-10.2,24.5,0,0,0,1.7,0,0,0,0,-22.5,0,0,0,0,-0.00229183,0,0,0,0,0,0,0,0,0,1,70,58,0,0.00034,0.00034,3,5,0,0,0,0,0,0,0,0,0,0,1,0,0,0,0,0,0,0,0,0,0,,0,0,0,0,
12,7.65,0,34.9,39,0,0,0,6.25,0,0,0,0,4.5,0,0,0,0,-0.00229183,0,0,0,0,0,0,0,0,0,1,85,58,0,0.00034,0.00034,3,5,0,0,0,0,0,0,0,0,0,0,1,0,0,0,0,0,0,0,0,0,0,,0,0,0,0,
13,8.24,0,-25.2,29,0,0,0,11.8,0,0,0,0,-12,0,0,0,0,-0.00229183,0,0,0,0,0,0,0,0,0,1,75,58,0,0.00034,0.00034,3,0,0,0,0,0,0,0,0,0,0,0,1,0,0,0,0,0,0,0,0,0,0,,0,0,0,0,
14,8.64,0,69.15,30,0,0,0,-11.6,0,0,0,0,22.5,0,0,0,0,-0.00229183,0,0,0,0,0,0,0,0,0,1,76,58,0,0.00034,0.00034,3,7,0,0,0,0,0,0,0,0,0,0,1,0,0,0,0,0,0,0,0,0,0,,0,0,0,0,
15,8.9,0,-32.7,26.5,0,0,0,-0.95,0,0,0,0,-10,0,0,0,0,-0.00229183,0,0,0,0,0,0,0,0,0,1,73,58,0,0.00034,0.00034,3,5,0,0,0,0,0,0,0,0,0,0,1,0,0,0,0,0,0,0,0,0,0,,0,0,0,0,
16,9.39,0,-29.15,23,0,0,0,-2.7,0,0,0,0,-14.5,0,0,0,0,-0.00229183,0,0,0,0,0,0,0,0,0,1,70,58,0,0.00034,0.00034,3,5,0,0,0,0,0,0,0,0,0,0,1,0,0,0,0,0,0,0,0,0,0,,0,0,0,0,
17,9.84,0,-28.35,21,0,0,0,-0.95,0,0,0,0,-17.5,0,0,0,0,-0.00229183,0,0,0,0,0,0,0,0,0,1,67,58,0,0.00034,0.00034,3,5,0,0,0,0,0,0,0,0,0,0,1,0,0,0,0,0,0,0,0,0,0,,0,0,0,0,
18,12.16,0,-12.6,27,0,0,0,12.9,0,0,0,0,-16,0,0,0,0,-0.00229183,0,0,0,0,0,0,0,0,0,1,74,58,0,0.00034,0.00034,3,5,0,0,0,0,0,0,0,0,0,0,1,0,0,0,0,0,0,0,0,0,0,,0,0,0,0,
19,13.01,0,-23.05,21,0,0,0,-1.75,0,0,0,0,-17.5,0,0,0,0,-0.00229183,0,0,0,0,0,0,0,0,0,1,68,58,0,0.00034,0.00034,3,5,0,0,0,0,0,0,0,0,0,0,1,0,0,0,0,0,0,0,0,0,0,,0,0,0,0,
END,Total:20
START,FrameNb:94,CameraNb:0,HeSaiNb:0,ARS410Nb:0
2026/08/02 16:23:54:734---->
heightOffset:0,1785659034734,1324284,selfCaliBufCnt:0,selfAccObjCnt:0,selfAccAngle:0,installHAngleOffset:0,Interpolation:0,installVAngleOffset:0,radarOffsetH:0,radarOffsetV:0.32,Polynom:-0.001023;-0.0511;-2.047;0;0;0;-0.001023;-0.0511;-2.047;-25.5;0;0,WheelDirection:0;0;0;0,selfAngleOffset:0,selfAngleOffsetPit:0,currCaliAngleHrz:0,currCaliAnglePit:0,selfCaliAngleHrz:0,selfCaliAnglePit:0,servCaliAngleHrz:0,servCaliAnglePit:0,offlineCaliAngleHrz:0,offlineCaliAnglePit:0,determine2useFlag:0,IMU_Z_Accel:-21.592,IMU_X_AngularRate:-2.093,IMU_Y_AngularRate:-2.093,IMU_RollAngle:-180,IMU_PitchAngle:-180,IMU_YawAngle:-180,FcwID:0,FCWWarningLevel:0,FCWTTC:0
0,2.32,0,30.05,29,0,0,0,8.25,1.37605e-33,0,0,0,-8.5,0,0,0,0,-0.00229183,0,0,0,0,0,0,0,0,0,1,78,54,0,0.00034,0.00034,3,5,0,0,0,0,0,0,0,0,0,0,1,0,1,0,0,0,0,0,0,0,0,,0,0,0,0,
1,2.8,0,-34.05,43,0,0,0,1.75,0,0,0,0,6,0,0,0,0,-0.00229183,0,0,0,0,0,0,0,0,0,1,92,54,0,0.00034,0.00034,3,0,0,0,0,0,0,0,0,0,0,0,1,0,1,0,0,0,0,0,0,0,0,,0,0,0,0,
2,3.25,0,13.55,38,0,0,0,2.65,0,0,0,0,-7.5,0,0,0,0,-0.00229183,0,0,0,0,0,0,0,0,0,1,87,54,0,0.00034,0.00034,3,0,0,0,0,0,0,0,0,0,0,0,1,0,1,0,0,0,0,0,0,0,0,,0,0,0,0,
3,3.6,0,45.7,31.5,0,0,0,-9.1,0,0,0,0,5,0,0,0,0,-0.00229183,0,0,0,0,0,0,0,0,0,1,80,54,0,0.00034,0.00034,3,5,0,0,0,0,0,0,0,0,0,0,1,0,1,0,0,0,0,0,0,0,0,,0,0,0,0,
4,4.03,0,2.2,41.5,0,0,0,0.55,0,0,0,0,-6.5,0,0,0,0,-0.00229183,0,0,0,0,0,0,0,0,0,1,89,54,0,0.00034,0.00034,3,5,0,0,0,0,0,0,0,0,0,0,1,0,1,0,0,0,0,0,0,0,0,,0,0,0,0,
5,5.17,0,-35.1,34,0,0,0,-3.35,0,0,0,0,-6,0,0,0,0,-0.00229183,0,0,0,0,0,0,0,0,0,1,79,54,0,0.00034,0.00034,3,5,0,0,0,0,0,0,0,0,0,0,1,0,1,0,0,0,0,0,0,0,0,,0,0,0,0,
6,5.17,0,-40.65,34,0,0,0,0.4,0,0,0,0,-3,0,0,0,0,-0.00229183,0,0,0,0,0,0,0,0,0,1,79,54,0,0.00034,0.00034,3,5,0,0,0,0,0,0,0,0,0,0,1,0,1,0,0,0,0,0,0,0,0,,0,0,0,0,
7,5.62,0,-34.7,36,0,0,0,-3,0,0,0,0,-4,0,0,0,0,-0.00229183,0,0,0,0,0,0,0,0,0,1,80,54,0,0.00034,0.00034,3,5,0,0,0,0,0,0,0,0,0,0,1,0,1,0,0,0,0,0,0,0,0,,0,0,0,0,
8,5.62,0,-24.1,36,0,0,0,-5.55,0,0,0,0,-9,0,0,0,0,-0.00229183,0,0,0,0,0,0,0,0,0,1,80,54,0,0.00034,0.00034,3,5,0,0,0,0,0,0,0,0,0,0,1,0,1,0,0,0,0,0,0,0,0,,0,0,0,0,
9,5.83,0,-40.6,30.5,0,0,0,0.3,0,0,0,0,-5.5,0,0,0,0,-0.00229183,0,0,0,0,0,0,0,0,0,1,75,54,0,0.00034,0.00034,3,5,0,0,0,0,0,0,0,0,0,0,1,0,1,0,0,0,0,0,0,0,0,,0,0,0,0,
10,6.63,0,4.85,25,0,0,0,-13.35,0,0,0,0,-23,0,0,0,0,-0.00229183,0,0,0,0,0,0,0,0,0,1,70,54,0,0.00034,0.00034,2,-1,0,0,0,0,0,0,0,0,0,0,1,0,1,0,0,0,0,0,0,0,0,,0,0,0,0,
11,7.02,0,-33.6,24.5,0,0,0,-3.1,0,0,0,0,-14,0,0,0,0,-0.00229183,0,0,0,0,0,0,0,0,0,1,70,54,0,0.00034,0.00034,3,5,0,0,0,0,0,0,0,0,0,0,1,0,1,0,0,0,0,0,0,0,0,,0,0,0,0,
12,7.66,0,34.85,39.5,0,0,0,6.4,0,0,0,0,4.5,0,0,0,0,-0.00229183,0,0,0,0,0,0,0,0,0,1,85,54,0,0.00034,0.00034,3,5,0,0,0,0,0,0,0,0,0,0,1,0,1,0,0,0,0,0,0,0,0,,0,0,0,0,
13,8.24,0,-25.1,28.5,0,0,0,-1.95,0,0,0,0,-12.5,0,0,0,0,-0.00229183,0,0,0,0,0,0,0,0,0,1,75,54,0,0.00034,0.00034,3,0,0,0,0,0,0,0,0,0,0,0,1,0,1,0,0,0,0,0,0,0,0,,0,0,0,0,
14,8.48,0,69.15,30,0,0,0,-11.45,0,0,0,0,22.5,0,0,0,0,-0.00229183,0,0,0,0,0,0,0,0,0,1,76,54,0,0.00034,0.00034,3,7,0,0,0,0,0,0,0,0,0,0,1,0,1,0,0,0,0,0,0,0,0,,0,0,0,0,
15,8.9,0,-32.55,26,0,0,0,-0.8,0,0,0,0,-10,0,0,0,0,-0.00229183,0,0,0,0,0,0,0,0,0,1,72,54,0,0.00034,0.00034,3,5,0,0,0,0,0,0,0,0,0,0,1,0,1,0,0,0,0,0,0,0,0,,0,0,0,0,
16,9.39,0,-29.3,23,0,0,0,-2.7,0,0,0,0,-15,0,0,0,0,-0.00229183,0,0,0,0,0,0,0,0,0,1,69,54,0,0.00034,0.00034,3,5,0,0,0,0,0,0,0,0,0,0,1,0,1,0,0,0,0,0,0,0,0,,0,0,0,0,
17,9.84,0,-28.35,21,0,0,0,-0.1,0,0,0,0,-17.5,0,0,0,0,-0.00229183,0,0,0,0,0,0,0,0,0,1,67,54,0,0.00034,0.00034,3,5,0,0,0,0,0,0,0,0,0,0,1,0,1,0,0,0,0,0,0,0,0,,0,0,0,0,
18,12.16,0,-12.5,27,0,0,0,12.9,0,0,0,0,-16,0,0,0,0,-0.00229183,0,0,0,0,0,0,0,0,0,1,74,54,0,0.00034,0.00034,3,5,0,0,0,0,0,0,0,0,0,0,1,0,1,0,0,0,0,0,0,0,0,,0,0,0,0,
19,13,0,-23.05,21.5,0,0,0,-1.55,0,0,0,0,-17.5,0,0,0,0,-0.00229183,0,0,0,0,0,0,0,0,0,1,68,54,0,0.00034,0.00034,3,5,0,0,0,0,0,0,0,0,0,0,1,0,1,0,0,0,0,0,0,0,0,,0,0,0,0,
END,Total:20
START,FrameNb:95,CameraNb:0,HeSaiNb:0,ARS410Nb:0
2026/08/02 16:23:54:791---->
heightOffset:0,1785659034791,1324340,selfCaliBufCnt:0,selfAccObjCnt:0,selfAccAngle:0,installHAngleOffset:0,Interpolation:0,installVAngleOffset:0,radarOffsetH:0,radarOffsetV:0.32,Polynom:-0.001023;-0.0511;-2.047;0;0;0;-0.001023;-0.0511;-2.047;-25.5;0;0,WheelDirection:0;0;0;0,selfAngleOffset:0,selfAngleOffsetPit:0,currCaliAngleHrz:0,currCaliAnglePit:0,selfCaliAngleHrz:0,selfCaliAnglePit:0,servCaliAngleHrz:0,servCaliAnglePit:0,offlineCaliAngleHrz:0,offlineCaliAnglePit:0,determine2useFlag:0,IMU_Z_Accel:-21.592,IMU_X_AngularRate:-2.093,IMU_Y_AngularRate:-2.093,IMU_RollAngle:-180,IMU_PitchAngle:-180,IMU_YawAngle:-180,FcwID:0,FCWWarningLevel:0,FCWTTC:0
0,2.32,0,30.05,29,0,0,0,7.75,1.37605e-33,0,0,0,-8.5,0,0,0,0,-0.00229183,0,0,0,0,0,0,0,0,0,1,78,58,0,0.00034,0.00034,3,5,0,0,0,0,0,0,0,0,0,0,1,0,0,0,0,0,0,0,0,0,0,,0,0,0,0,
1,2.8,0,-34.05,43,0,0,0,1.75,0,0,0,0,6,0,0,0,0,-0.00229183,0,0,0,0,0,0,0,0,0,1,92,58,0,0.00034,0.00034,3,0,0,0,0,0,0,0,0,0,0,0,1,0,0,0,0,0,0,0,0,0,0,,0,0,0,0,
2,3.26,0,13.6,38,0,0,0,2.55,0,0,0,0,-7.5,0,0,0,0,-0.00229183,0,0,0,0,0,0,0,0,0,1,87,58,0,0.00034,0.00034,3,0,0,0,0,0,0,0,0,0,0,0,1,0,0,0,0,0,0,0,0,0,0,,0,0,0,0,
3,3.59,0,45.95,32,0,0,0,-10.05,0,0,0,0,5,0,0,0,0,-0.00229183,0,0,0,0,0,0,0,0,0,1,80,58,0,0.00034,0.00034,3,5,0,0,0,0,0,0,0,0,0,0,1,0,0,0,0,0,0,0,0,0,0,,0,0,0,0,
4,4.03,0,2.2,41.5,0,0,0,0.55,0,0,0,0,-6,0,0,0,0,-0.00229183,0,0,0,0,0,0,0,0,0,1,89,58,0,0.00034,0.00034,3,5,0,0,0,0,0,0,0,0,0,0,1,0,0,0,0,0,0,0,0,0,0,,0,0,0,0,
5,5.16,0,-35.1,33.5,0,0,0,-3.35,0,0,0,0,-6,0,0,0,0,-0.00229183,0,0,0,0,0,0,0,0,0,1,79,58,0,0.00034,0.00034,3,5,0,0,0,0,0,0,0,0,0,0,1,0,0,0,0,0,0,0,0,0,0,,0,0,0,0,
6,5.16,0,-40.7,33.5,0,0,0,0.3,0,0,0,0,-3,0,0,0,0,-0.00229183,0,0,0,0,0,0,0,0,0,1,79,58,0,0.00034,0.00034,3,5,0,0,0,0,0,0,0,0,0,0,1,0,0,0,0,0,0,0,0,0,0,,0,0,0,0,
7,5.61,0,-34.8,36,0,0,0,-2.6,0,0,0,0,-4,0,0,0,0,-0.00229183,0,0,0,0,0,0,0,0,0,1,80,58,0,0.00034,0.00034,3,5,0,0,0,0,0,0,0,0,0,0,1,0,0,0,0,0,0,0,0,0,0,,0,0,0,0,
8,5.61,0,-24.1,36,0,0,0,-5.25,0,0,0,0,-9,0,0,0,0,-0.00229183,0,0,0,0,0,0,0,0,0,1,80,58,0,0.00034,0.00034,3,5,0,0,0,0,0,0,0,0,0,0,1,0,0,0,0,0,0,0,0,0,0,,0,0,0,0,
9,5.83,0,-40.5,30.5,0,0,0,0,0,0,0,0,-5.5,0,0,0,0,-0.00229183,0,0,0,0,0,0,0,0,0,1,75,58,0,0.00034,0.00034,3,5,0,0,0,0,0,0,0,0,0,0,1,0,0,0,0,0,0,0,0,0,0,,0,0,0,0,
10,6.63,0,-53.8,24.5,0,0,0,-0.75,0,0,0,0,1,0,0,0,0,-0.00229183,0,0,0,0,0,0,0,0,0,1,70,58,0,0.00034,0.00034,3,5,0,0,0,0,0,0,0,0,0,0,1,0,0,0,0,0,0,0,0,0,0,,0,0,0,0,
11,7.02,0,-33.7,24.5,0,0,0,-3.25,0,0,0,0,-14,0,0,0,0,-0.00229183,0,0,0,0,0,0,0,0,0,1,70,58,0,0.00034,0.00034,3,5,0,0,0,0,0,0,0,0,0,0,1,0,0,0,0,0,0,0,0,0,0,,0,0,0,0,
12,7.65,0,34.85,39.5,0,0,0,6.55,0,0,0,0,5,0,0,0,0,-0.00229183,0,0,0,0,0,0,0,0,0,1,85,58,0,0.00034,0.00034,3,0,0,0,0,0,0,0,0,0,0,0,1,0,0,0,0,0,0,0,0,0,0,,0,0,0,0,
13,8.23,0,-25.2,29,0,0,0,-2.05,0,0,0,0,-12,0,0,0,0,-0.00229183,0,0,0,0,0,0,0,0,0,1,75,58,0,0.00034,0.00034,3,0,0,0,0,0,0,0,0,0,0,0,1,0,0,0,0,0,0,0,0,0,0,,0,0,0,0,
14,8.64,0,69.15,30,0,0,0,-11.45,0,0,0,0,22.5,0,0,0,0,-0.00229183,0,0,0,0,0,0,0,0,0,1,76,58,0,0.00034,0.00034,3,7,0,0,0,0,0,0,0,0,0,0,1,0,0,0,0,0,0,0,0,0,0,,0,0,0,0,
15,8.9,0,-32.5,26,0,0,0,-0.75,0,0,0,0,-10,0,0,0,0,-0.00229183,0,0,0,0,0,0,0,0,0,1,72,58,0,0.00034,0.00034,3,5,0,0,0,0,0,0,0,0,0,0,1,0,0,0,0,0,0,0,0,0,0,,0,0,0,0,
16,9.39,0,-29.2,23,0,0,0,-2.75,0,0,0,0,-15,0,0,0,0,-0.00229183,0,0,0,0,0,0,0,0,0,1,69,58,0,0.00034,0.00034,3,5,0,0,0,0,0,0,0,0,0,0,1,0,0,0,0,0,0,0,0,0,0,,0,0,0,0,
17,9.83,0,-28.4,21,0,0,0,-0.55,0,0,0,0,-17.5,0,0,0,0,-0.00229183,0,0,0,0,0,0,0,0,0,1,67,58,0,0.00034,0.00034,3,5,0,0,0,0,0,0,0,0,0,0,1,0,0,0,0,0,0,0,0,0,0,,0,0,0,0,
18,12.16,0,-12.55,27,0,0,0,13,0,0,0,0,-16,0,0,0,0,-0.00229183,0,0,0,0,0,0,0,0,0,1,74,58,0,0.00034,0.00034,3,5,0,0,0,0,0,0,0,0,0,0,1,0,0,0,0,0,0,0,0,0,0,,0,0,0,0,
19,13,0,-23.2,21.5,0,0,0,-1.55,0,0,0,0,-17.5,0,0,0,0,-0.00229183,0,0,0,0,0,0,0,0,0,1,68,58,0,0.00034,0.00034,3,5,0,0,0,0,0,0,0,0,0,0,1,0,0,0,0,0,0,0,0,0,0,,0,0,0,0,
END,Total:20
START,FrameNb:96,CameraNb:0,HeSaiNb:0,ARS410Nb:0
2026/08/02 16:23:54:830---->
heightOffset:0,1785659034830,1324396,selfCaliBufCnt:0,selfAccObjCnt:0,selfAccAngle:0,installHAngleOffset:0,Interpolation:0,installVAngleOffset:0,radarOffsetH:0,radarOffsetV:0.32,Polynom:-0.001023;-0.0511;-2.047;0;0;0;-0.001023;-0.0511;-2.047;-25.5;0;0,WheelDirection:0;0;0;0,selfAngleOffset:0,selfAngleOffsetPit:0,currCaliAngleHrz:0,currCaliAnglePit:0,selfCaliAngleHrz:0,selfCaliAnglePit:0,servCaliAngleHrz:0,servCaliAnglePit:0,offlineCaliAngleHrz:0,offlineCaliAnglePit:0,determine2useFlag:0,IMU_Z_Accel:-21.592,IMU_X_AngularRate:-2.093,IMU_Y_AngularRate:-2.093,IMU_RollAngle:-180,IMU_PitchAngle:-180,IMU_YawAngle:-180,FcwID:0,FCWWarningLevel:0,FCWTTC:0
0,2.32,0,30.1,29,0,0,0,8.2,1.37605e-33,0,0,0,-8.5,0,0,0,0,-0.00229183,0,0,0,0,0,0,0,0,0,1,78,54,0,0.00034,0.00034,3,5,0,0,0,0,0,0,0,0,0,0,1,0,1,0,0,0,0,0,0,0,0,,0,0,0,0,
1,2.8,0,-34.05,43,0,0,0,1.75,0,0,0,0,6,0,0,0,0,-0.00229183,0,0,0,0,0,0,0,0,0,1,92,54,0,0.00034,0.00034,3,0,0,0,0,0,0,0,0,0,0,0,1,0,1,0,0,0,0,0,0,0,0,,0,0,0,0,
2,3.26,0,13.55,38,0,0,0,2.65,0,0,0,0,-7,0,0,0,0,-0.00229183,0,0,0,0,0,0,0,0,0,1,87,54,0,0.00034,0.00034,3,0,0,0,0,0,0,0,0,0,0,0,1,0,1,0,0,0,0,0,0,0,0,,0,0,0,0,
3,3.6,0,45.85,31.5,0,0,0,-9.75,0,0,0,0,5,0,0,0,0,-0.00229183,0,0,0,0,0,0,0,0,0,1,80,54,0,0.00034,0.00034,3,5,0,0,0,0,0,0,0,0,0,0,1,0,1,0,0,0,0,0,0,0,0,,0,0,0,0,
4,4.03,0,2.2,41.5,0,0,0,0.55,0,0,0,0,-6.5,0,0,0,0,-0.00229183,0,0,0,0,0,0,0,0,0,1,89,54,0,0.00034,0.00034,3,5,0,0,0,0,0,0,0,0,0,0,1,0,1,0,0,0,0,0,0,0,0,,0,0,0,0,
5,5.17,0,-35.1,33.5,0,0,0,-3.35,0,0,0,0,-6,0,0,0,0,-0.00229183,0,0,0,0,0,0,0,0,0,1,79,54,0,0.00034,0.00034,3,5,0,0,0,0,0,0,0,0,0,0,1,0,1,0,0,0,0,0,0,0,0,,0,0,0,0,
6,5.17,0,-40.65,33.5,0,0,0,0.3,0,0,0,0,-3,0,0,0,0,-0.00229183,0,0,0,0,0,0,0,0,0,1,79,54,0,0.00034,0.00034,3,5,0,0,0,0,0,0,0,0,0,0,1,0,1,0,0,0,0,0,0,0,0,,0,0,0,0,
7,5.62,0,-34.7,36,0,0,0,-3,0,0,0,0,-4,0,0,0,0,-0.00229183,0,0,0,0,0,0,0,0,0,1,80,54,0,0.00034,0.00034,3,5,0,0,0,0,0,0,0,0,0,0,1,0,1,0,0,0,0,0,0,0,0,,0,0,0,0,
8,5.62,0,-24.1,36,0,0,0,-5.55,0,0,0,0,-9,0,0,0,0,-0.00229183,0,0,0,0,0,0,0,0,0,1,80,54,0,0.00034,0.00034,3,5,0,0,0,0,0,0,0,0,0,0,1,0,1,0,0,0,0,0,0,0,0,,0,0,0,0,
9,5.83,0,-40.6,30.5,0,0,0,0.15,0,0,0,0,-5.5,0,0,0,0,-0.00229183,0,0,0,0,0,0,0,0,0,1,75,54,0,0.00034,0.00034,3,5,0,0,0,0,0,0,0,0,0,0,1,0,1,0,0,0,0,0,0,0,0,,0,0,0,0,
10,6.62,0,4.95,25,0,0,0,-13,0,0,0,0,-23,0,0,0,0,-0.00229183,0,0,0,0,0,0,0,0,0,1,70,54,0,0.00034,0.00034,2,-1,0,0,0,0,0,0,0,0,0,0,1,0,1,0,0,0,0,0,0,0,0,,0,0,0,0,
11,7.02,0,-33.5,24.5,0,0,0,-3.05,0,0,0,0,-14,0,0,0,0,-0.00229183,0,0,0,0,0,0,0,0,0,1,70,54,0,0.00034,0.00034,3,5,0,0,0,0,0,0,0,0,0,0,1,0,1,0,0,0,0,0,0,0,0,,0,0,0,0,
12,7.64,0,34.8,40,0,0,0,6.7,0,0,0,0,5,0,0,0,0,-0.00229183,0,0,0,0,0,0,0,0,0,1,86,54,0,0.00034,0.00034,3,5,0,0,0,0,0,0,0,0,0,0,1,0,1,0,0,0,0,0,0,0,0,,0,0,0,0,
13,8.24,0,-25.15,28.5,0,0,0,-1.95,0,0,0,0,-12.5,0,0,0,0,-0.00229183,0,0,0,0,0,0,0,0,0,1,75,54,0,0.00034,0.00034,3,0,0,0,0,0,0,0,0,0,0,0,1,0,1,0,0,0,0,0,0,0,0,,0,0,0,0,
14,8.48,0,69.2,30,0,0,0,-11.3,0,0,0,0,22.5,0,0,0,0,-0.00229183,0,0,0,0,0,0,0,0,0,1,76,54,0,0.00034,0.00034,3,7,0,0,0,0,0,0,0,0,0,0,1,0,1,0,0,0,0,0,0,0,0,,0,0,0,0,
15,8.9,0,-32.6,26,0,0,0,-0.85,0,0,0,0,-10,0,0,0,0,-0.00229183,0,0,0,0,0,0,0,0,0,1,72,54,0,0.00034,0.00034,3,5,0,0,0,0,0,0,0,0,0,0,1,0,1,0,0,0,0,0,0,0,0,,0,0,0,0,
16,9.39,0,-29.3,22.5,0,0,0,-2.7,0,0,0,0,-15,0,0,0,0,-0.00229183,0,0,0,0,0,0,0,0,0,1,69,54,0,0.00034,0.00034,3,5,0,0,0,0,0,0,0,0,0,0,1,0,1,0,0,0,0,0,0,0,0,,0,0,0,0,
17,9.83,0,-28.3,21,0,0,0,-0.85,0,0,0,0,-17.5,0,0,0,0,-0.00229183,0,0,0,0,0,0,0,0,0,1,68,54,0,0.00034,0.00034,3,5,0,0,0,0,0,0,0,0,0,0,1,0,1,0,0,0,0,0,0,0,0,,0,0,0,0,
18,12.16,0,-12.55,27,0,0,0,12.65,0,0,0,0,-16,0,0,0,0,-0.00229183,0,0,0,0,0,0,0,0,0,1,74,54,0,0.00034,0.00034,3,5,0,0,0,0,0,0,0,0,0,0,1,0,1,0,0,0,0,0,0,0,0,,0,0,0,0,
19,13.01,0,-23.15,21,0,0,0,-1.75,0,0,0,0,-17.5,0,0,0,0,-0.00229183,0,0,0,0,0,0,0,0,0,1,68,54,0,0.00034,0.00034,3,5,0,0,0,0,0,0,0,0,0,0,1,0,1,0,0,0,0,0,0,0,0,,0,0,0,0,
END,Total:20
START,FrameNb:97,CameraNb:0,HeSaiNb:0,ARS410Nb:0
2026/08/02 16:23:54:891---->
heightOffset:0,1785659034891,1324456,selfCaliBufCnt:0,selfAccObjCnt:0,selfAccAngle:0,installHAngleOffset:0,Interpolation:0,installVAngleOffset:0,radarOffsetH:0,radarOffsetV:0.32,Polynom:-0.001023;-0.0511;-2.047;0;0;0;-0.001023;-0.0511;-2.047;-25.5;0;0,WheelDirection:0;0;0;0,selfAngleOffset:0,selfAngleOffsetPit:0,currCaliAngleHrz:0,currCaliAnglePit:0,selfCaliAngleHrz:0,selfCaliAnglePit:0,servCaliAngleHrz:0,servCaliAnglePit:0,offlineCaliAngleHrz:0,offlineCaliAnglePit:0,determine2useFlag:0,IMU_Z_Accel:-21.592,IMU_X_AngularRate:-2.093,IMU_Y_AngularRate:-2.093,IMU_RollAngle:-180,IMU_PitchAngle:-180,IMU_YawAngle:-180,FcwID:0,FCWWarningLevel:0,FCWTTC:0
0,2.32,0,30.05,29,0,0,0,7.7,1.37605e-33,0,0,0,-8.5,0,0,0,0,-0.00229183,0,0,0,0,0,0,0,0,0,1,78,62,0,0.00034,0.00034,3,5,0,0,0,0,0,0,0,0,0,0,1,0,0,0,0,0,0,0,0,0,0,,0,0,0,0,
1,2.8,0,-34.05,43.5,0,0,0,1.75,0,0,0,0,6,0,0,0,0,-0.00229183,0,0,0,0,0,0,0,0,0,1,92,62,0,0.00034,0.00034,3,0,0,0,0,0,0,0,0,0,0,0,1,0,0,0,0,0,0,0,0,0,0,,0,0,0,0,
2,3.26,0,13.6,38.5,0,0,0,2.55,0,0,0,0,-7,0,0,0,0,-0.00229183,0,0,0,0,0,0,0,0,0,1,87,62,0,0.00034,0.00034,3,5,0,0,0,0,0,0,0,0,0,0,1,0,0,0,0,0,0,0,0,0,0,,0,0,0,0,
3,3.58,0,46.1,32,0,0,0,-10.25,0,0,0,0,5,0,0,0,0,-0.00229183,0,0,0,0,0,0,0,0,0,1,80,62,0,0.00034,0.00034,3,5,0,0,0,0,0,0,0,0,0,0,1,0,0,0,0,0,0,0,0,0,0,,0,0,0,0,
4,4.03,0,2.2,41.5,0,0,0,0.45,0,0,0,0,-6,0,0,0,0,-0.00229183,0,0,0,0,0,0,0,0,0,1,89,62,0,0.00034,0.00034,3,5,0,0,0,0,0,0,0,0,0,0,1,0,0,0,0,0,0,0,0,0,0,,0,0,0,0,
5,5.16,0,-35.1,33.5,0,0,0,-3.35,0,0,0,0,-6,0,0,0,0,-0.00229183,0,0,0,0,0,0,0,0,0,1,79,62,0,0.00034,0.00034,3,5,0,0,0,0,0,0,0,0,0,0,1,0,0,0,0,0,0,0,0,0,0,,0,0,0,0,
6,5.16,0,-40.7,33.5,0,0,0,0.25,0,0,0,0,-3,0,0,0,0,-0.00229183,0,0,0,0,0,0,0,0,0,1,79,62,0,0.00034,0.00034,3,5,0,0,0,0,0,0,0,0,0,0,1,0,0,0,0,0,0,0,0,0,0,,0,0,0,0,
7,5.62,0,-34.7,36,0,0,0,-3,0,0,0,0,-4,0,0,0,0,-0.00229183,0,0,0,0,0,0,0,0,0,1,80,62,0,0.00034,0.00034,3,5,0,0,0,0,0,0,0,0,0,0,1,0,0,0,0,0,0,0,0,0,0,,0,0,0,0,
8,5.62,0,-24.2,36,0,0,0,-5.45,0,0,0,0,-9,0,0,0,0,-0.00229183,0,0,0,0,0,0,0,0,0,1,80,62,0,0.00034,0.00034,3,5,0,0,0,0,0,0,0,0,0,0,1,0,0,0,0,0,0,0,0,0,0,,0,0,0,0,
9,5.83,0,-40.6,30.5,0,0,0,-0.05,0,0,0,0,-5.5,0,0,0,0,-0.00229183,0,0,0,0,0,0,0,0,0,1,75,62,0,0.00034,0.00034,3,5,0,0,0,0,0,0,0,0,0,0,1,0,0,0,0,0,0,0,0,0,0,,0,0,0,0,
10,6.62,0,-53.85,25,0,0,0,-1.3,0,0,0,0,1,0,0,0,0,-0.00229183,0,0,0,0,0,0,0,0,0,1,70,62,0,0.00034,0.00034,3,5,0,0,0,0,0,0,0,0,0,0,1,0,0,0,0,0,0,0,0,0,0,,0,0,0,0,
11,7.02,0,-10.3,24.5,0,0,0,2.4,0,0,0,0,-23,0,0,0,0,-0.00229183,0,0,0,0,0,0,0,0,0,1,70,62,0,0.00034,0.00034,3,5,0,0,0,0,0,0,0,0,0,0,1,0,0,0,0,0,0,0,0,0,0,,0,0,0,0,
12,7.64,0,34.7,39.5,0,0,0,6.8,0,0,0,0,5,0,0,0,0,-0.00229183,0,0,0,0,0,0,0,0,0,1,86,62,0,0.00034,0.00034,3,5,0,0,0,0,0,0,0,0,0,0,1,0,0,0,0,0,0,0,0,0,0,,0,0,0,0,
13,8.23,0,-25.2,29,0,0,0,-2,0,0,0,0,-12,0,0,0,0,-0.00229183,0,0,0,0,0,0,0,0,0,1,75,62,0,0.00034,0.00034,3,0,0,0,0,0,0,0,0,0,0,0,1,0,0,0,0,0,0,0,0,0,0,,0,0,0,0,
14,8.58,0,69.15,30,0,0,0,-11.1,0,0,0,0,22.5,0,0,0,0,-0.00229183,0,0,0,0,0,0,0,0,0,1,76,62,0,0.00034,0.00034,3,7,0,0,0,0,0,0,0,0,0,0,1,0,0,0,0,0,0,0,0,0,0,,0,0,0,0,
15,8.9,0,-32.6,26,0,0,0,-1.05,0,0,0,0,-10,0,0,0,0,-0.00229183,0,0,0,0,0,0,0,0,0,1,73,62,0,0.00034,0.00034,3,5,0,0,0,0,0,0,0,0,0,0,1,0,0,0,0,0,0,0,0,0,0,,0,0,0,0,
16,9.38,0,-29.2,23,0,0,0,-2.85,0,0,0,0,-15,0,0,0,0,-0.00229183,0,0,0,0,0,0,0,0,0,1,69,62,0,0.00034,0.00034,3,5,0,0,0,0,0,0,0,0,0,0,1,0,0,0,0,0,0,0,0,0,0,,0,0,0,0,
17,9.84,0,-28.35,21,0,0,0,-0.55,0,0,0,0,-17.5,0,0,0,0,-0.00229183,0,0,0,0,0,0,0,0,0,1,67,62,0,0.00034,0.00034,3,5,0,0,0,0,0,0,0,0,0,0,1,0,0,0,0,0,0,0,0,0,0,,0,0,0,0,
18,12.16,0,-12.55,26.5,0,0,0,12.95,0,0,0,0,-16,0,0,0,0,-0.00229183,0,0,0,0,0,0,0,0,0,1,74,62,0,0.00034,0.00034,3,5,0,0,0,0,0,0,0,0,0,0,1,0,0,0,0,0,0,0,0,0,0,,0,0,0,0,
19,13.01,0,-23,21,0,0,0,-1.45,0,0,0,0,-18,0,0,0,0,-0.00229183,0,0,0,0,0,0,0,0,0,1,67,62,0,0.00034,0.00034,3,5,0,0,0,0,0,0,0,0,0,0,1,0,0,0,0,0,0,0,0,0,0,,0,0,0,0,
END,Total:20
START,FrameNb:98,CameraNb:0,HeSaiNb:0,ARS410Nb:0
2026/08/02 16:23:54:951---->
heightOffset:0,1785659034951,1324520,selfCaliBufCnt:0,selfAccObjCnt:0,selfAccAngle:0,installHAngleOffset:0,Interpolation:0,installVAngleOffset:0,radarOffsetH:0,radarOffsetV:0.32,Polynom:-0.001023;-0.0511;-2.047;0;0;0;-0.001023;-0.0511;-2.047;-25.5;0;0,WheelDirection:0;0;0;0,selfAngleOffset:0,selfAngleOffsetPit:0,currCaliAngleHrz:0,currCaliAnglePit:0,selfCaliAngleHrz:0,selfCaliAnglePit:0,servCaliAngleHrz:0,servCaliAnglePit:0,offlineCaliAngleHrz:0,offlineCaliAnglePit:0,determine2useFlag:0,IMU_Z_Accel:-21.592,IMU_X_AngularRate:-2.093,IMU_Y_AngularRate:-2.093,IMU_RollAngle:-180,IMU_PitchAngle:-180,IMU_YawAngle:-180,FcwID:0,FCWWarningLevel:0,FCWTTC:0
0,2.32,0,30.15,29,0,0,0,8.25,1.37605e-33,0,0,0,-9,0,0,0,0,-0.00229183,0,0,0,0,0,0,0,0,0,1,78,59,0,0.00034,0.00034,3,5,0,0,0,0,0,0,0,0,0,0,1,0,1,0,0,0,0,0,0,0,0,,0,0,0,0,
1,2.8,0,-34.05,43.5,0,0,0,1.75,0,0,0,0,6,0,0,0,0,-0.00229183,0,0,0,0,0,0,0,0,0,1,92,59,0,0.00034,0.00034,3,0,0,0,0,0,0,0,0,0,0,0,1,0,1,0,0,0,0,0,0,0,0,,0,0,0,0,
2,3.25,0,13.55,38,0,0,0,2.55,0,0,0,0,-7,0,0,0,0,-0.00229183,0,0,0,0,0,0,0,0,0,1,87,59,0,0.00034,0.00034,3,0,0,0,0,0,0,0,0,0,0,0,1,0,1,0,0,0,0,0,0,0,0,,0,0,0,0,
3,3.63,0,45.6,31.5,0,0,0,-9.25,0,0,0,0,5,0,0,0,0,-0.00229183,0,0,0,0,0,0,0,0,0,1,80,59,0,0.00034,0.00034,3,5,0,0,0,0,0,0,0,0,0,0,1,0,1,0,0,0,0,0,0,0,0,,0,0,0,0,
4,4.03,0,2.2,41.5,0,0,0,0.65,0,0,0,0,-6,0,0,0,0,-0.00229183,0,0,0,0,0,0,0,0,0,1,89,59,0,0.00034,0.00034,3,5,0,0,0,0,0,0,0,0,0,0,1,0,1,0,0,0,0,0,0,0,0,,0,0,0,0,
5,5.17,0,-35.1,34,0,0,0,-3.35,0,0,0,0,-6,0,0,0,0,-0.00229183,0,0,0,0,0,0,0,0,0,1,79,59,0,0.00034,0.00034,3,5,0,0,0,0,0,0,0,0,0,0,1,0,1,0,0,0,0,0,0,0,0,,0,0,0,0,
6,5.17,0,-40.65,34,0,0,0,0.3,0,0,0,0,-3,0,0,0,0,-0.00229183,0,0,0,0,0,0,0,0,0,1,79,59,0,0.00034,0.00034,3,5,0,0,0,0,0,0,0,0,0,0,1,0,1,0,0,0,0,0,0,0,0,,0,0,0,0,
7,5.47,0,-34.7,36,0,0,0,-3,0,0,0,0,-4,0,0,0,0,-0.00229183,0,0,0,0,0,0,0,0,0,1,80,59,0,0.00034,0.00034,3,5,0,0,0,0,0,0,0,0,0,0,1,0,1,0,0,0,0,0,0,0,0,,0,0,0,0,
8,5.47,0,-24.1,36,0,0,0,-5.55,0,0,0,0,-9,0,0,0,0,-0.00229183,0,0,0,0,0,0,0,0,0,1,80,59,0,0.00034,0.00034,3,5,0,0,0,0,0,0,0,0,0,0,1,0,1,0,0,0,0,0,0,0,0,,0,0,0,0,
9,6.62,0,-53.7,24.5,0,0,0,-2.05,0,0,0,0,1,0,0,0,0,-0.00229183,0,0,0,0,0,0,0,0,0,1,70,59,0,0.00034,0.00034,3,5,0,0,0,0,0,0,0,0,0,0,1,0,1,0,0,0,0,0,0,0,0,,0,0,0,0,
10,7.02,0,-10.3,24,0,0,0,-7.85,0,0,0,0,-23,0,0,0,0,-0.00229183,0,0,0,0,0,0,0,0,0,1,70,59,0,0.00034,0.00034,3,5,0,0,0,0,0,0,0,0,0,0,1,0,1,0,0,0,0,0,0,0,0,,0,0,0,0,
11,7.64,0,34.65,39.5,0,0,0,6.75,0,0,0,0,5.5,0,0,0,0,-0.00229183,0,0,0,0,0,0,0,0,0,1,86,59,0,0.00034,0.00034,3,5,0,0,0,0,0,0,0,0,0,0,1,0,1,0,0,0,0,0,0,0,0,,0,0,0,0,
12,8.24,0,-25.2,28.5,0,0,0,-1.75,0,0,0,0,-12,0,0,0,0,-0.00229183,0,0,0,0,0,0,0,0,0,1,75,59,0,0.00034,0.00034,3,0,0,0,0,0,0,0,0,0,0,0,1,0,1,0,0,0,0,0,0,0,0,,0,0,0,0,
13,8.66,0,45.05,30,0,0,0,6.25,0,0,0,0,5.5,0,0,0,0,-0.00229183,0,0,0,0,0,0,0,0,0,1,76,59,0,0.00034,0.00034,3,7,0,0,0,0,0,0,0,0,0,0,1,0,1,0,0,0,0,0,0,0,0,,0,0,0,0,
14,8.9,0,-32.6,26.5,0,0,0,-0.8,0,0,0,0,-10,0,0,0,0,-0.00229183,0,0,0,0,0,0,0,0,0,1,72,59,0,0.00034,0.00034,3,7,0,0,0,0,0,0,0,0,0,0,1,0,1,0,0,0,0,0,0,0,0,,0,0,0,0,
15,9.39,0,-29.2,22.5,0,0,0,-2.85,0,0,0,0,-15,0,0,0,0,-0.00229183,0,0,0,0,0,0,0,0,0,1,69,59,0,0.00034,0.00034,3,5,0,0,0,0,0,0,0,0,0,0,1,0,1,0,0,0,0,0,0,0,0,,0,0,0,0,
16,9.84,0,-28.4,21,0,0,0,-0.55,0,0,0,0,-17.5,0,0,0,0,-0.00229183,0,0,0,0,0,0,0,0,0,1,67,59,0,0.00034,0.00034,3,5,0,0,0,0,0,0,0,0,0,0,1,0,1,0,0,0,0,0,0,0,0,,0,0,0,0,
17,12.16,0,-12.55,27,0,0,0,12.8,0,0,0,0,-16,0,0,0,0,-0.00229183,0,0,0,0,0,0,0,0,0,1,74,59,0,0.00034,0.00034,3,5,0,0,0,0,0,0,0,0,0,0,1,0,1,0,0,0,0,0,0,0,0,,0,0,0,0,
18,13.01,0,-22.95,21,0,0,0,-1.75,0,0,0,0,-18,0,0,0,0,-0.00229183,0,0,0,0,0,0,0,0,0,1,67,59,0,0.00034,0.00034,3,5,0,0,0,0,0,0,0,0,0,0,1,0,1,0,0,0,0,0,0,0,0,,0,0,0,0,
END,Total:19
START,FrameNb:99,CameraNb:0,HeSaiNb:0,ARS410Nb:0
2026/08/02 16:23:54:981---->
heightOffset:0,1785659034981,1324572,selfCaliBufCnt:0,selfAccObjCnt:0,selfAccAngle:0,installHAngleOffset:0,Interpolation:0,installVAngleOffset:0,radarOffsetH:0,radarOffsetV:0.32,Polynom:-0.001023;-0.0511;-2.047;0;0;0;-0.001023;-0.0511;-2.047;-25.5;0;0,WheelDirection:0;0;0;0,selfAngleOffset:0,selfAngleOffsetPit:0,currCaliAngleHrz:0,currCaliAnglePit:0,selfCaliAngleHrz:0,selfCaliAnglePit:0,servCaliAngleHrz:0,servCaliAnglePit:0,offlineCaliAngleHrz:0,offlineCaliAnglePit:0,determine2useFlag:0,IMU_Z_Accel:-21.592,IMU_X_AngularRate:-2.093,IMU_Y_AngularRate:-2.093,IMU_RollAngle:-180,IMU_PitchAngle:-180,IMU_YawAngle:-180,FcwID:0,FCWWarningLevel:0,FCWTTC:0
0,2.32,0,30.05,29,0,0,0,7.7,1.37605e-33,0,0,0,-8.5,0,0,0,0,-0.00229183,0,0,0,0,0,0,0,0,0,1,78,58,0,0.00034,0.00034,3,5,0,0,0,0,0,0,0,0,0,0,1,0,0,0,0,0,0,0,0,0,0,,0,0,0,0,
1,2.8,0,-34.05,43,0,0,0,1.75,0,0,0,0,6,0,0,0,0,-0.00229183,0,0,0,0,0,0,0,0,0,1,92,58,0,0.00034,0.00034,3,0,0,0,0,0,0,0,0,0,0,0,1,0,0,0,0,0,0,0,0,0,0,,0,0,0,0,
2,3.26,0,13.55,38.5,0,0,0,2.55,0,0,0,0,-7,0,0,0,0,-0.00229183,0,0,0,0,0,0,0,0,0,1,87,58,0,0.00034,0.00034,3,0,0,0,0,0,0,0,0,0,0,0,1,0,0,0,0,0,0,0,0,0,0,,0,0,0,0,
3,3.59,0,45.85,32,0,0,0,-10.25,0,0,0,0,5,0,0,0,0,-0.00229183,0,0,0,0,0,0,0,0,0,1,80,58,0,0.00034,0.00034,3,5,0,0,0,0,0,0,0,0,0,0,1,0,0,0,0,0,0,0,0,0,0,,0,0,0,0,
4,4.03,0,2.2,41.5,0,0,0,0.55,0,0,0,0,-6,0,0,0,0,-0.00229183,0,0,0,0,0,0,0,0,0,1,89,58,0,0.00034,0.00034,3,5,0,0,0,0,0,0,0,0,0,0,1,0,0,0,0,0,0,0,0,0,0,,0,0,0,0,
5,5.16,0,-35.1,34,0,0,0,-3.45,0,0,0,0,-6,0,0,0,0,-0.00229183,0,0,0,0,0,0,0,0,0,1,79,58,0,0.00034,0.00034,3,5,0,0,0,0,0,0,0,0,0,0,1,0,0,0,0,0,0,0,0,0,0,,0,0,0,0,
6,5.16,0,-40.7,34,0,0,0,0.25,0,0,0,0,-3,0,0,0,0,-0.00229183,0,0,0,0,0,0,0,0,0,1,79,58,0,0.00034,0.00034,3,5,0,0,0,0,0,0,0,0,0,0,1,0,0,0,0,0,0,0,0,0,0,,0,0,0,0,
7,5.62,0,-34.7,36,0,0,0,-3,0,0,0,0,-4,0,0,0,0,-0.00229183,0,0,0,0,0,0,0,0,0,1,80,58,0,0.00034,0.00034,3,5,0,0,0,0,0,0,0,0,0,0,1,0,0,0,0,0,0,0,0,0,0,,0,0,0,0,
8,5.62,0,-24.15,36,0,0,0,-5.55,0,0,0,0,-9,0,0,0,0,-0.00229183,0,0,0,0,0,0,0,0,0,1,80,58,0,0.00034,0.00034,3,5,0,0,0,0,0,0,0,0,0,0,1,0,0,0,0,0,0,0,0,0,0,,0,0,0,0,
9,5.83,0,-40.55,30.5,0,0,0,-0.05,0,0,0,0,-6,0,0,0,0,-0.00229183,0,0,0,0,0,0,0,0,0,1,75,58,0,0.00034,0.00034,3,5,0,0,0,0,0,0,0,0,0,0,1,0,0,0,0,0,0,0,0,0,0,,0,0,0,0,
10,6.61,0,-53.45,25,0,0,0,-0.85,0,0,0,0,1,0,0,0,0,-0.00229183,0,0,0,0,0,0,0,0,0,1,70,58,0,0.00034,0.00034,3,5,0,0,0,0,0,0,0,0,0,0,1,0,0,0,0,0,0,0,0,0,0,,0,0,0,0,
11,7.02,0,-33.45,24.5,0,0,0,-3,0,0,0,0,-14,0,0,0,0,-0.00229183,0,0,0,0,0,0,0,0,0,1,70,58,0,0.00034,0.00034,3,5,0,0,0,0,0,0,0,0,0,0,1,0,0,0,0,0,0,0,0,0,0,,0,0,0,0,
12,7.64,0,34.7,40,0,0,0,6.75,0,0,0,0,5.5,0,0,0,0,-0.00229183,0,0,0,0,0,0,0,0,0,1,86,58,0,0.00034,0.00034,3,0,0,0,0,0,0,0,0,0,0,0,1,0,0,0,0,0,0,0,0,0,0,,0,0,0,0,
13,8.22,0,-25.3,29,0,0,0,-1.55,0,0,0,0,-12,0,0,0,0,-0.00229183,0,0,0,0,0,0,0,0,0,1,75,58,0,0.00034,0.00034,3,0,0,0,0,0,0,0,0,0,0,0,1,0,0,0,0,0,0,0,0,0,0,,0,0,0,0,
14,8.63,0,69.15,30,0,0,0,-11,0,0,0,0,22.5,0,0,0,0,-0.00229183,0,0,0,0,0,0,0,0,0,1,76,58,0,0.00034,0.00034,2,-1,0,0,0,0,0,0,0,0,0,0,1,0,0,0,0,0,0,0,0,0,0,,0,0,0,0,
15,8.9,0,-32.55,26.5,0,0,0,-0.95,0,0,0,0,-10,0,0,0,0,-0.00229183,0,0,0,0,0,0,0,0,0,1,73,58,0,0.00034,0.00034,3,5,0,0,0,0,0,0,0,0,0,0,1,0,0,0,0,0,0,0,0,0,0,,0,0,0,0,
16,9.39,0,-29.2,23,0,0,0,-2.75,0,0,0,0,-15,0,0,0,0,-0.00229183,0,0,0,0,0,0,0,0,0,1,69,58,0,0.00034,0.00034,3,5,0,0,0,0,0,0,0,0,0,0,1,0,0,0,0,0,0,0,0,0,0,,0,0,0,0,
17,9.84,0,-28.4,21.5,0,0,0,-0.6,0,0,0,0,-17.5,0,0,0,0,-0.00229183,0,0,0,0,0,0,0,0,0,1,68,58,0,0.00034,0.00034,3,5,0,0,0,0,0,0,0,0,0,0,1,0,0,0,0,0,0,0,0,0,0,,0,0,0,0,
18,12.16,0,-12.55,27,0,0,0,13,0,0,0,0,-16,0,0,0,0,-0.00229183,0,0,0,0,0,0,0,0,0,1,74,58,0,0.00034,0.00034,3,5,0,0,0,0,0,0,0,0,0,0,1,0,0,0,0,0,0,0,0,0,0,,0,0,0,0,
19,13.01,0,-23,21,0,0,0,-1.55,0,0,0,0,-18,0,0,0,0,-0.00229183,0,0,0,0,0,0,0,0,0,1,67,58,0,0.00034,0.00034,3,5,0,0,0,0,0,0,0,0,0,0,1,0,0,0,0,0,0,0,0,0,0,,0,0,0,0,
END,Total:20
START,FrameNb:100,CameraNb:0,HeSaiNb:0,ARS410Nb:0
2026/08/02 16:23:55:034---->
heightOffset:0,1785659035034,1324632,selfCaliBufCnt:0,selfAccObjCnt:0,selfAccAngle:0,installHAngleOffset:0,Interpolation:0,installVAngleOffset:0,radarOffsetH:0,radarOffsetV:0.32,Polynom:-0.001023;-0.0511;-2.047;0;0;0;-0.001023;-0.0511;-2.047;-25.5;0;0,WheelDirection:0;0;0;0,selfAngleOffset:0,selfAngleOffsetPit:0,currCaliAngleHrz:0,currCaliAnglePit:0,selfCaliAngleHrz:0,selfCaliAnglePit:0,servCaliAngleHrz:0,servCaliAnglePit:0,offlineCaliAngleHrz:0,offlineCaliAnglePit:0,determine2useFlag:0,IMU_Z_Accel:-21.592,IMU_X_AngularRate:-2.093,IMU_Y_AngularRate:-2.093,IMU_RollAngle:-180,IMU_PitchAngle:-180,IMU_YawAngle:-180,FcwID:0,FCWWarningLevel:0,FCWTTC:0
0,2.32,0,30.05,29,0,0,0,8.25,1.37605e-33,0,0,0,-8.5,0,0,0,0,-0.00229183,0,0,0,0,0,0,0,0,0,1,78,55,0,0.00034,0.00034,3,5,0,0,0,0,0,0,0,0,0,0,1,0,1,0,0,0,0,0,0,0,0,,0,0,0,0,
1,2.8,0,-34.05,43.5,0,0,0,1.75,0,0,0,0,6,0,0,0,0,-0.00229183,0,0,0,0,0,0,0,0,0,1,92,55,0,0.00034,0.00034,3,0,0,0,0,0,0,0,0,0,0,0,1,0,1,0,0,0,0,0,0,0,0,,0,0,0,0,
2,3.25,0,13.55,38.5,0,0,0,2.55,0,0,0,0,-7,0,0,0,0,-0.00229183,0,0,0,0,0,0,0,0,0,1,87,55,0,0.00034,0.00034,3,0,0,0,0,0,0,0,0,0,0,0,1,0,1,0,0,0,0,0,0,0,0,,0,0,0,0,
3,3.62,0,45.55,31.5,0,0,0,-9,0,0,0,0,5,0,0,0,0,-0.00229183,0,0,0,0,0,0,0,0,0,1,80,55,0,0.00034,0.00034,3,5,0,0,0,0,0,0,0,0,0,0,1,0,1,0,0,0,0,0,0,0,0,,0,0,0,0,
4,4.03,0,2.2,41.5,0,0,0,0.65,0,0,0,0,-6,0,0,0,0,-0.00229183,0,0,0,0,0,0,0,0,0,1,89,55,0,0.00034,0.00034,3,5,0,0,0,0,0,0,0,0,0,0,1,0,1,0,0,0,0,0,0,0,0,,0,0,0,0,
5,5.17,0,-35.1,34,0,0,0,-3.35,0,0,0,0,-6,0,0,0,0,-0.00229183,0,0,0,0,0,0,0,0,0,1,79,55,0,0.00034,0.00034,3,5,0,0,0,0,0,0,0,0,0,0,1,0,1,0,0,0,0,0,0,0,0,,0,0,0,0,
6,5.17,0,-40.7,34,0,0,0,0.2,0,0,0,0,-3,0,0,0,0,-0.00229183,0,0,0,0,0,0,0,0,0,1,79,55,0,0.00034,0.00034,3,5,0,0,0,0,0,0,0,0,0,0,1,0,1,0,0,0,0,0,0,0,0,,0,0,0,0,
7,5.47,0,-34.7,36,0,0,0,-3,0,0,0,0,-4,0,0,0,0,-0.00229183,0,0,0,0,0,0,0,0,0,1,81,55,0,0.00034,0.00034,3,5,0,0,0,0,0,0,0,0,0,0,1,0,1,0,0,0,0,0,0,0,0,,0,0,0,0,
8,5.47,0,-24.15,36,0,0,0,-5.45,0,0,0,0,-9,0,0,0,0,-0.00229183,0,0,0,0,0,0,0,0,0,1,81,55,0,0.00034,0.00034,3,5,0,0,0,0,0,0,0,0,0,0,1,0,1,0,0,0,0,0,0,0,0,,0,0,0,0,
9,6.61,0,-53.5,25,0,0,0,-2,0,0,0,0,1,0,0,0,0,-0.00229183,0,0,0,0,0,0,0,0,0,1,70,55,0,0.00034,0.00034,3,5,0,0,0,0,0,0,0,0,0,0,1,0,1,0,0,0,0,0,0,0,0,,0,0,0,0,
10,7.02,0,-10.3,24.5,0,0,0,-7.6,0,0,0,0,-23,0,0,0,0,-0.00229183,0,0,0,0,0,0,0,0,0,1,70,55,0,0.00034,0.00034,3,5,0,0,0,0,0,0,0,0,0,0,1,0,1,0,0,0,0,0,0,0,0,,0,0,0,0,
11,7.64,0,34.7,40,0,0,0,6.75,0,0,0,0,5.5,0,0,0,0,-0.00229183,0,0,0,0,0,0,0,0,0,1,86,55,0,0.00034,0.00034,3,0,0,0,0,0,0,0,0,0,0,0,1,0,1,0,0,0,0,0,0,0,0,,0,0,0,0,
12,8.24,0,-25.2,29,0,0,0,-1.8,0,0,0,0,-12.5,0,0,0,0,-0.00229183,0,0,0,0,0,0,0,0,0,1,75,55,0,0.00034,0.00034,3,0,0,0,0,0,0,0,0,0,0,0,1,0,1,0,0,0,0,0,0,0,0,,0,0,0,0,
13,8.48,0,45.1,30,0,0,0,6.2,0,0,0,0,5,0,0,0,0,-0.00229183,0,0,0,0,0,0,0,0,0,1,76,55,0,0.00034,0.00034,3,7,0,0,0,0,0,0,0,0,0,0,1,0,1,0,0,0,0,0,0,0,0,,0,0,0,0,
14,8.9,0,-32.6,26.5,0,0,0,-0.85,0,0,0,0,-10,0,0,0,0,-0.00229183,0,0,0,0,0,0,0,0,0,1,72,55,0,0.00034,0.00034,3,7,0,0,0,0,0,0,0,0,0,0,1,0,1,0,0,0,0,0,0,0,0,,0,0,0,0,
15,9.39,0,-29.2,23,0,0,0,-2.8,0,0,0,0,-15,0,0,0,0,-0.00229183,0,0,0,0,0,0,0,0,0,1,69,55,0,0.00034,0.00034,3,5,0,0,0,0,0,0,0,0,0,0,1,0,1,0,0,0,0,0,0,0,0,,0,0,0,0,
16,9.85,0,-28.35,21.5,0,0,0,-0.75,0,0,0,0,-17.5,0,0,0,0,-0.00229183,0,0,0,0,0,0,0,0,0,1,68,55,0,0.00034,0.00034,3,5,0,0,0,0,0,0,0,0,0,0,1,0,1,0,0,0,0,0,0,0,0,,0,0,0,0,
17,12.16,0,-12.5,27,0,0,0,12.75,0,0,0,0,-16,0,0,0,0,-0.00229183,0,0,0,0,0,0,0,0,0,1,74,55,0,0.00034,0.00034,3,5,0,0,0,0,0,0,0,0,0,0,1,0,1,0,0,0,0,0,0,0,0,,0,0,0,0,
18,13.01,0,-22.95,21,0,0,0,-1.55,0,0,0,0,-18,0,0,0,0,-0.00229183,0,0,0,0,0,0,0,0,0,1,67,55,0,0.00034,0.00034,3,5,0,0,0,0,0,0,0,0,0,0,1,0,1,0,0,0,0,0,0,0,0,,0,0,0,0,
END,Total:19
START,FrameNb:101,CameraNb:0,HeSaiNb:0,ARS410Nb:0
2026/08/02 16:23:55:140---->
heightOffset:0,1785659035140,1324684,selfCaliBufCnt:0,selfAccObjCnt:0,selfAccAngle:0,installHAngleOffset:0,Interpolation:0,installVAngleOffset:0,radarOffsetH:0,radarOffsetV:0.32,Polynom:-0.001023;-0.0511;-2.047;0;0;0;-0.001023;-0.0511;-2.047;-25.5;0;0,WheelDirection:0;0;0;0,selfAngleOffset:0,selfAngleOffsetPit:0,currCaliAngleHrz:0,currCaliAnglePit:0,selfCaliAngleHrz:0,selfCaliAnglePit:0,servCaliAngleHrz:0,servCaliAnglePit:0,offlineCaliAngleHrz:0,offlineCaliAnglePit:0,determine2useFlag:0,IMU_Z_Accel:-21.592,IMU_X_AngularRate:-2.093,IMU_Y_AngularRate:-2.093,IMU_RollAngle:-180,IMU_PitchAngle:-180,IMU_YawAngle:-180,FcwID:0,FCWWarningLevel:0,FCWTTC:0
0,2.32,0,30.05,29,0,0,0,7.75,1.37605e-33,0,0,0,-8.5,0,0,0,0,-0.00229183,0,0,0,0,0,0,0,0,0,1,78,57,0,0.00034,0.00034,3,5,0,0,0,0,0,0,0,0,0,0,1,0,0,0,0,0,0,0,0,0,0,,0,0,0,0,
1,2.8,0,-34.05,43,0,0,0,1.75,0,0,0,0,6,0,0,0,0,-0.00229183,0,0,0,0,0,0,0,0,0,1,92,57,0,0.00034,0.00034,3,0,0,0,0,0,0,0,0,0,0,0,1,0,0,0,0,0,0,0,0,0,0,,0,0,0,0,
2,3.25,0,13.55,38,0,0,0,2.55,0,0,0,0,-7,0,0,0,0,-0.00229183,0,0,0,0,0,0,0,0,0,1,87,57,0,0.00034,0.00034,3,0,0,0,0,0,0,0,0,0,0,0,1,0,0,0,0,0,0,0,0,0,0,,0,0,0,0,
3,3.59,0,45.9,31.5,0,0,0,-10.25,0,0,0,0,5,0,0,0,0,-0.00229183,0,0,0,0,0,0,0,0,0,1,80,57,0,0.00034,0.00034,3,5,0,0,0,0,0,0,0,0,0,0,1,0,0,0,0,0,0,0,0,0,0,,0,0,0,0,
4,4.03,0,2.2,41.5,0,0,0,0.45,0,0,0,0,-6,0,0,0,0,-0.00229183,0,0,0,0,0,0,0,0,0,1,89,57,0,0.00034,0.00034,3,5,0,0,0,0,0,0,0,0,0,0,1,0,0,0,0,0,0,0,0,0,0,,0,0,0,0,
5,5.16,0,-35.1,33.5,0,0,0,-3.45,0,0,0,0,-6,0,0,0,0,-0.00229183,0,0,0,0,0,0,0,0,0,1,79,57,0,0.00034,0.00034,3,5,0,0,0,0,0,0,0,0,0,0,1,0,0,0,0,0,0,0,0,0,0,,0,0,0,0,
6,5.16,0,-40.7,33.5,0,0,0,0.25,0,0,0,0,-3,0,0,0,0,-0.00229183,0,0,0,0,0,0,0,0,0,1,79,57,0,0.00034,0.00034,3,5,0,0,0,0,0,0,0,0,0,0,1,0,0,0,0,0,0,0,0,0,0,,0,0,0,0,
7,5.62,0,-34.8,35.5,0,0,0,-2.6,0,0,0,0,-4,0,0,0,0,-0.00229183,0,0,0,0,0,0,0,0,0,1,81,57,0,0.00034,0.00034,3,5,0,0,0,0,0,0,0,0,0,0,1,0,0,0,0,0,0,0,0,0,0,,0,0,0,0,
8,5.62,0,-24.1,35.5,0,0,0,-5.2,0,0,0,0,-9,0,0,0,0,-0.00229183,0,0,0,0,0,0,0,0,0,1,81,57,0,0.00034,0.00034,3,5,0,0,0,0,0,0,0,0,0,0,1,0,0,0,0,0,0,0,0,0,0,,0,0,0,0,
9,5.83,0,-40.45,30.5,0,0,0,0,0,0,0,0,-6,0,0,0,0,-0.00229183,0,0,0,0,0,0,0,0,0,1,75,57,0,0.00034,0.00034,3,5,0,0,0,0,0,0,0,0,0,0,1,0,0,0,0,0,0,0,0,0,0,,0,0,0,0,
10,6.61,0,-53.6,25,0,0,0,-0.75,0,0,0,0,1,0,0,0,0,-0.00229183,0,0,0,0,0,0,0,0,0,1,70,57,0,0.00034,0.00034,3,5,0,0,0,0,0,0,0,0,0,0,1,0,0,0,0,0,0,0,0,0,0,,0,0,0,0,
11,7.02,0,-10.2,24.5,0,0,0,2.4,0,0,0,0,-23,0,0,0,0,-0.00229183,0,0,0,0,0,0,0,0,0,1,70,57,0,0.00034,0.00034,3,5,0,0,0,0,0,0,0,0,0,0,1,0,0,0,0,0,0,0,0,0,0,,0,0,0,0,
12,7.64,0,34.8,40,0,0,0,-9.35,0,0,0,0,5.5,0,0,0,0,-0.00229183,0,0,0,0,0,0,0,0,0,1,86,57,0,0.00034,0.00034,3,0,0,0,0,0,0,0,0,0,0,0,1,0,0,0,0,0,0,0,0,0,0,,0,0,0,0,
13,8.23,0,-25.3,29,0,0,0,-1.6,0,0,0,0,-12,0,0,0,0,-0.00229183,0,0,0,0,0,0,0,0,0,1,75,57,0,0.00034,0.00034,3,0,0,0,0,0,0,0,0,0,0,0,1,0,0,0,0,0,0,0,0,0,0,,0,0,0,0,
14,8.64,0,70.95,30,0,0,0,-11.55,0,0,0,0,24.5,0,0,0,0,-0.00229183,0,0,0,0,0,0,0,0,0,1,76,57,0,0.00034,0.00034,2,-1,0,0,0,0,0,0,0,0,0,0,1,0,0,0,0,0,0,0,0,0,0,,0,0,0,0,
15,8.91,0,-51,26,0,0,0,-12.3,0,0,0,0,4,0,0,0,0,-0.00229183,0,0,0,0,0,0,0,0,0,1,73,57,0,0.00034,0.00034,3,5,0,0,0,0,0,0,0,0,0,0,1,0,0,0,0,0,0,0,0,0,0,,0,0,0,0,
16,9.38,0,-29.3,23,0,0,0,-2.7,0,0,0,0,-15,0,0,0,0,-0.00229183,0,0,0,0,0,0,0,0,0,1,69,57,0,0.00034,0.00034,3,5,0,0,0,0,0,0,0,0,0,0,1,0,0,0,0,0,0,0,0,0,0,,0,0,0,0,
17,9.86,0,-28.35,21.5,0,0,0,-0.45,0,0,0,0,-17.5,0,0,0,0,-0.00229183,0,0,0,0,0,0,0,0,0,1,68,57,0,0.00034,0.00034,3,5,0,0,0,0,0,0,0,0,0,0,1,0,0,0,0,0,0,0,0,0,0,,0,0,0,0,
18,12.16,0,-12.55,27,0,0,0,13,0,0,0,0,-16,0,0,0,0,-0.00229183,0,0,0,0,0,0,0,0,0,1,74,57,0,0.00034,0.00034,3,5,0,0,0,0,0,0,0,0,0,0,1,0,0,0,0,0,0,0,0,0,0,,0,0,0,0,
19,13,0,-23.05,21.5,0,0,0,-1.6,0,0,0,0,-17.5,0,0,0,0,-0.00229183,0,0,0,0,0,0,0,0,0,1,68,57,0,0.00034,0.00034,3,5,0,0,0,0,0,0,0,0,0,0,1,0,0,0,0,0,0,0,0,0,0,,0,0,0,0,
END,Total:20
START,FrameNb:102,CameraNb:0,HeSaiNb:0,ARS410Nb:0
2026/08/02 16:23:55:204---->
heightOffset:0,1785659035204,1324744,selfCaliBufCnt:0,selfAccObjCnt:0,selfAccAngle:0,installHAngleOffset:0,Interpolation:0,installVAngleOffset:0,radarOffsetH:0,radarOffsetV:0.32,Polynom:-0.001023;-0.0511;-2.047;0;0;0;-0.001023;-0.0511;-2.047;-25.5;0;0,WheelDirection:0;0;0;0,selfAngleOffset:0,selfAngleOffsetPit:0,currCaliAngleHrz:0,currCaliAnglePit:0,selfCaliAngleHrz:0,selfCaliAnglePit:0,servCaliAngleHrz:0,servCaliAnglePit:0,offlineCaliAngleHrz:0,offlineCaliAnglePit:0,determine2useFlag:0,IMU_Z_Accel:-21.592,IMU_X_AngularRate:-2.093,IMU_Y_AngularRate:-2.093,IMU_RollAngle:-180,IMU_PitchAngle:-180,IMU_YawAngle:-180,FcwID:0,FCWWarningLevel:0,FCWTTC:0
0,2.32,0,30.05,29,0,0,0,8.25,1.37605e-33,0,0,0,-8.5,0,0,0,0,-0.00229183,0,0,0,0,0,0,0,0,0,1,78,55,0,0.00034,0.00034,3,5,0,0,0,0,0,0,0,0,0,0,1,0,1,0,0,0,0,0,0,0,0,,0,0,0,0,
1,2.8,0,-34.05,43,0,0,0,1.75,0,0,0,0,6,0,0,0,0,-0.00229183,0,0,0,0,0,0,0,0,0,1,92,55,0,0.00034,0.00034,3,0,0,0,0,0,0,0,0,0,0,0,1,0,1,0,0,0,0,0,0,0,0,,0,0,0,0,
2,3.25,0,13.55,38.5,0,0,0,2.55,0,0,0,0,-7,0,0,0,0,-0.00229183,0,0,0,0,0,0,0,0,0,1,87,55,0,0.00034,0.00034,3,0,0,0,0,0,0,0,0,0,0,0,1,0,1,0,0,0,0,0,0,0,0,,0,0,0,0,
3,3.59,0,45.55,32,0,0,0,-9.35,0,0,0,0,5,0,0,0,0,-0.00229183,0,0,0,0,0,0,0,0,0,1,80,55,0,0.00034,0.00034,3,5,0,0,0,0,0,0,0,0,0,0,1,0,1,0,0,0,0,0,0,0,0,,0,0,0,0,
4,4.03,0,2.2,41.5,0,0,0,0.65,0,0,0,0,-6,0,0,0,0,-0.00229183,0,0,0,0,0,0,0,0,0,1,89,55,0,0.00034,0.00034,3,5,0,0,0,0,0,0,0,0,0,0,1,0,1,0,0,0,0,0,0,0,0,,0,0,0,0,
5,5.17,0,-35.1,33.5,0,0,0,-3.35,0,0,0,0,-6,0,0,0,0,-0.00229183,0,0,0,0,0,0,0,0,0,1,79,55,0,0.00034,0.00034,3,5,0,0,0,0,0,0,0,0,0,0,1,0,1,0,0,0,0,0,0,0,0,,0,0,0,0,
6,5.17,0,-40.7,33.5,0,0,0,0.25,0,0,0,0,-3,0,0,0,0,-0.00229183,0,0,0,0,0,0,0,0,0,1,79,55,0,0.00034,0.00034,3,5,0,0,0,0,0,0,0,0,0,0,1,0,1,0,0,0,0,0,0,0,0,,0,0,0,0,
7,5.47,0,-34.7,36,0,0,0,-2.95,0,0,0,0,-4,0,0,0,0,-0.00229183,0,0,0,0,0,0,0,0,0,1,81,55,0,0.00034,0.00034,3,5,0,0,0,0,0,0,0,0,0,0,1,0,1,0,0,0,0,0,0,0,0,,0,0,0,0,
8,5.47,0,-24.1,36,0,0,0,-5.55,0,0,0,0,-9,0,0,0,0,-0.00229183,0,0,0,0,0,0,0,0,0,1,81,55,0,0.00034,0.00034,3,5,0,0,0,0,0,0,0,0,0,0,1,0,1,0,0,0,0,0,0,0,0,,0,0,0,0,
9,6.61,0,5.05,25,0,0,0,-13.3,0,0,0,0,-23,0,0,0,0,-0.00229183,0,0,0,0,0,0,0,0,0,1,70,55,0,0.00034,0.00034,2,-1,0,0,0,0,0,0,0,0,0,0,1,0,1,0,0,0,0,0,0,0,0,,0,0,0,0,
10,7.02,0,-10.3,25,0,0,0,-7.75,0,0,0,0,-23,0,0,0,0,-0.00229183,0,0,0,0,0,0,0,0,0,1,70,55,0,0.00034,0.00034,3,5,0,0,0,0,0,0,0,0,0,0,1,0,1,0,0,0,0,0,0,0,0,,0,0,0,0,
11,7.64,0,34.8,40.5,0,0,0,6.45,0,0,0,0,5.5,0,0,0,0,-0.00229183,0,0,0,0,0,0,0,0,0,1,86,55,0,0.00034,0.00034,3,0,0,0,0,0,0,0,0,0,0,0,1,0,1,0,0,0,0,0,0,0,0,,0,0,0,0,
12,8.24,0,-25.2,29,0,0,0,11.8,0,0,0,0,-12.5,0,0,0,0,-0.00229183,0,0,0,0,0,0,0,0,0,1,75,55,0,0.00034,0.00034,3,0,0,0,0,0,0,0,0,0,0,0,1,0,1,0,0,0,0,0,0,0,0,,0,0,0,0,
13,8.66,0,70.95,30,0,0,0,-11.6,0,0,0,0,24.5,0,0,0,0,-0.00229183,0,0,0,0,0,0,0,0,0,1,76,55,0,0.00034,0.00034,3,5,0,0,0,0,0,0,0,0,0,0,1,0,1,0,0,0,0,0,0,0,0,,0,0,0,0,
14,8.9,0,-32.6,26,0,0,0,-0.7,0,0,0,0,-10,0,0,0,0,-0.00229183,0,0,0,0,0,0,0,0,0,1,72,55,0,0.00034,0.00034,3,5,0,0,0,0,0,0,0,0,0,0,1,0,1,0,0,0,0,0,0,0,0,,0,0,0,0,
15,9.39,0,-29.3,23,0,0,0,-2.55,0,0,0,0,-15,0,0,0,0,-0.00229183,0,0,0,0,0,0,0,0,0,1,69,55,0,0.00034,0.00034,3,5,0,0,0,0,0,0,0,0,0,0,1,0,1,0,0,0,0,0,0,0,0,,0,0,0,0,
16,9.82,0,-28.3,21.5,0,0,0,-0.75,0,0,0,0,-17.5,0,0,0,0,-0.00229183,0,0,0,0,0,0,0,0,0,1,68,55,0,0.00034,0.00034,3,5,0,0,0,0,0,0,0,0,0,0,1,0,1,0,0,0,0,0,0,0,0,,0,0,0,0,
17,12.16,0,-12.5,27,0,0,0,12.75,0,0,0,0,-16,0,0,0,0,-0.00229183,0,0,0,0,0,0,0,0,0,1,74,55,0,0.00034,0.00034,3,5,0,0,0,0,0,0,0,0,0,0,1,0,1,0,0,0,0,0,0,0,0,,0,0,0,0,
18,13.01,0,-23.15,21.5,0,0,0,-1.75,0,0,0,0,-17.5,0,0,0,0,-0.00229183,0,0,0,0,0,0,0,0,0,1,68,55,0,0.00034,0.00034,3,5,0,0,0,0,0,0,0,0,0,0,1,0,1,0,0,0,0,0,0,0,0,,0,0,0,0,
END,Total:19
START,FrameNb:103,CameraNb:0,HeSaiNb:0,ARS410Nb:0
2026/08/02 16:23:55:233---->
heightOffset:0,1785659035233,1324800,selfCaliBufCnt:0,selfAccObjCnt:0,selfAccAngle:0,installHAngleOffset:0,Interpolation:0,installVAngleOffset:0,radarOffsetH:0,radarOffsetV:0.32,Polynom:-0.001023;-0.0511;-2.047;0;0;0;-0.001023;-0.0511;-2.047;-25.5;0;0,WheelDirection:0;0;0;0,selfAngleOffset:0,selfAngleOffsetPit:0,currCaliAngleHrz:0,currCaliAnglePit:0,selfCaliAngleHrz:0,selfCaliAnglePit:0,servCaliAngleHrz:0,servCaliAnglePit:0,offlineCaliAngleHrz:0,offlineCaliAnglePit:0,determine2useFlag:0,IMU_Z_Accel:-21.592,IMU_X_AngularRate:-2.093,IMU_Y_AngularRate:-2.093,IMU_RollAngle:-180,IMU_PitchAngle:-180,IMU_YawAngle:-180,FcwID:0,FCWWarningLevel:0,FCWTTC:0
0,2.32,0,30.05,29,0,0,0,7.65,1.37605e-33,0,0,0,-8.5,0,0,0,0,-0.00229183,0,0,0,0,0,0,0,0,0,1,78,61,0,0.00034,0.00034,3,5,0,0,0,0,0,0,0,0,0,0,1,0,0,0,0,0,0,0,0,0,0,,0,0,0,0,
1,2.8,0,-34.05,43,0,0,0,1.75,0,0,0,0,6,0,0,0,0,-0.00229183,0,0,0,0,0,0,0,0,0,1,92,61,0,0.00034,0.00034,3,0,0,0,0,0,0,0,0,0,0,0,1,0,0,0,0,0,0,0,0,0,0,,0,0,0,0,
2,3.26,0,13.6,38.5,0,0,0,2.55,0,0,0,0,-7,0,0,0,0,-0.00229183,0,0,0,0,0,0,0,0,0,1,87,61,0,0.00034,0.00034,3,0,0,0,0,0,0,0,0,0,0,0,1,0,0,0,0,0,0,0,0,0,0,,0,0,0,0,
3,3.58,0,45.9,31.5,0,0,0,-10.35,0,0,0,0,5,0,0,0,0,-0.00229183,0,0,0,0,0,0,0,0,0,1,80,61,0,0.00034,0.00034,3,5,0,0,0,0,0,0,0,0,0,0,1,0,0,0,0,0,0,0,0,0,0,,0,0,0,0,
4,4.03,0,2.2,41.5,0,0,0,0.55,0,0,0,0,-6,0,0,0,0,-0.00229183,0,0,0,0,0,0,0,0,0,1,89,61,0,0.00034,0.00034,3,5,0,0,0,0,0,0,0,0,0,0,1,0,0,0,0,0,0,0,0,0,0,,0,0,0,0,
5,5.16,0,-35.1,33.5,0,0,0,-3.45,0,0,0,0,-6,0,0,0,0,-0.00229183,0,0,0,0,0,0,0,0,0,1,79,61,0,0.00034,0.00034,3,5,0,0,0,0,0,0,0,0,0,0,1,0,0,0,0,0,0,0,0,0,0,,0,0,0,0,
6,5.16,0,-40.7,33.5,0,0,0,0.25,0,0,0,0,-3,0,0,0,0,-0.00229183,0,0,0,0,0,0,0,0,0,1,79,61,0,0.00034,0.00034,3,5,0,0,0,0,0,0,0,0,0,0,1,0,0,0,0,0,0,0,0,0,0,,0,0,0,0,
7,5.62,0,-34.7,35.5,0,0,0,-3,0,0,0,0,-4,0,0,0,0,-0.00229183,0,0,0,0,0,0,0,0,0,1,80,61,0,0.00034,0.00034,3,5,0,0,0,0,0,0,0,0,0,0,1,0,0,0,0,0,0,0,0,0,0,,0,0,0,0,
8,5.62,0,-24.15,35.5,0,0,0,-5.45,0,0,0,0,-9,0,0,0,0,-0.00229183,0,0,0,0,0,0,0,0,0,1,80,61,0,0.00034,0.00034,3,5,0,0,0,0,0,0,0,0,0,0,1,0,0,0,0,0,0,0,0,0,0,,0,0,0,0,
9,5.83,0,-40.4,30.5,0,0,0,0.05,0,0,0,0,-6,0,0,0,0,-0.00229183,0,0,0,0,0,0,0,0,0,1,75,61,0,0.00034,0.00034,3,5,0,0,0,0,0,0,0,0,0,0,1,0,0,0,0,0,0,0,0,0,0,,0,0,0,0,
10,6.61,0,-53.45,24.5,0,0,0,-0.8,0,0,0,0,0.5,0,0,0,0,-0.00229183,0,0,0,0,0,0,0,0,0,1,70,61,0,0.00034,0.00034,3,5,0,0,0,0,0,0,0,0,0,0,1,0,0,0,0,0,0,0,0,0,0,,0,0,0,0,
11,7.03,0,-10.3,24.5,0,0,0,2.15,0,0,0,0,-23,0,0,0,0,-0.00229183,0,0,0,0,0,0,0,0,0,1,70,61,0,0.00034,0.00034,3,5,0,0,0,0,0,0,0,0,0,0,1,0,0,0,0,0,0,0,0,0,0,,0,0,0,0,
12,7.64,0,34.8,40,0,0,0,6.7,0,0,0,0,5.5,0,0,0,0,-0.00229183,0,0,0,0,0,0,0,0,0,1,86,61,0,0.00034,0.00034,3,0,0,0,0,0,0,0,0,0,0,0,1,0,0,0,0,0,0,0,0,0,0,,0,0,0,0,
13,8.23,0,-25.2,29,0,0,0,12,0,0,0,0,-12,0,0,0,0,-0.00229183,0,0,0,0,0,0,0,0,0,1,75,61,0,0.00034,0.00034,3,0,0,0,0,0,0,0,0,0,0,0,1,0,0,0,0,0,0,0,0,0,0,,0,0,0,0,
14,8.65,0,70.95,30,0,0,0,-11.55,0,0,0,0,24.5,0,0,0,0,-0.00229183,0,0,0,0,0,0,0,0,0,1,76,61,0,0.00034,0.00034,3,5,0,0,0,0,0,0,0,0,0,0,1,0,0,0,0,0,0,0,0,0,0,,0,0,0,0,
15,8.91,0,-32.55,26.5,0,0,0,-0.45,0,0,0,0,-10,0,0,0,0,-0.00229183,0,0,0,0,0,0,0,0,0,1,73,61,0,0.00034,0.00034,3,5,0,0,0,0,0,0,0,0,0,0,1,0,0,0,0,0,0,0,0,0,0,,0,0,0,0,
16,9.39,0,-29.2,23,0,0,0,-2.6,0,0,0,0,-15,0,0,0,0,-0.00229183,0,0,0,0,0,0,0,0,0,1,69,61,0,0.00034,0.00034,3,5,0,0,0,0,0,0,0,0,0,0,1,0,0,0,0,0,0,0,0,0,0,,0,0,0,0,
17,9.85,0,-28.3,21,0,0,0,-0.45,0,0,0,0,-17.5,0,0,0,0,-0.00229183,0,0,0,0,0,0,0,0,0,1,68,61,0,0.00034,0.00034,3,5,0,0,0,0,0,0,0,0,0,0,1,0,0,0,0,0,0,0,0,0,0,,0,0,0,0,
18,12.16,0,-12.55,27,0,0,0,12.9,0,0,0,0,-16,0,0,0,0,-0.00229183,0,0,0,0,0,0,0,0,0,1,74,61,0,0.00034,0.00034,3,5,0,0,0,0,0,0,0,0,0,0,1,0,0,0,0,0,0,0,0,0,0,,0,0,0,0,
19,13,0,-23.1,21,0,0,0,-1.55,0,0,0,0,-18,0,0,0,0,-0.00229183,0,0,0,0,0,0,0,0,0,1,67,61,0,0.00034,0.00034,3,5,0,0,0,0,0,0,0,0,0,0,1,0,0,0,0,0,0,0,0,0,0,,0,0,0,0,
END,Total:20
START,FrameNb:104,CameraNb:0,HeSaiNb:0,ARS410Nb:0
2026/08/02 16:23:55:288---->
heightOffset:0,1785659035288,1324864,selfCaliBufCnt:0,selfAccObjCnt:0,selfAccAngle:0,installHAngleOffset:0,Interpolation:0,installVAngleOffset:0,radarOffsetH:0,radarOffsetV:0.32,Polynom:-0.001023;-0.0511;-2.047;0;0;0;-0.001023;-0.0511;-2.047;-25.5;0;0,WheelDirection:0;0;0;0,selfAngleOffset:0,selfAngleOffsetPit:0,currCaliAngleHrz:0,currCaliAnglePit:0,selfCaliAngleHrz:0,selfCaliAnglePit:0,servCaliAngleHrz:0,servCaliAnglePit:0,offlineCaliAngleHrz:0,offlineCaliAnglePit:0,determine2useFlag:0,IMU_Z_Accel:-21.592,IMU_X_AngularRate:-2.093,IMU_Y_AngularRate:-2.093,IMU_RollAngle:-180,IMU_PitchAngle:-180,IMU_YawAngle:-180,FcwID:0,FCWWarningLevel:0,FCWTTC:0
0,2.32,0,30.1,29,0,0,0,8.2,1.37605e-33,0,0,0,-9,0,0,0,0,-0.00229183,0,0,0,0,0,0,0,0,0,1,78,58,0,0.00034,0.00034,3,5,0,0,0,0,0,0,0,0,0,0,1,0,1,0,0,0,0,0,0,0,0,,0,0,0,0,
1,2.8,0,-34.05,43.5,0,0,0,1.75,0,0,0,0,6,0,0,0,0,-0.00229183,0,0,0,0,0,0,0,0,0,1,92,58,0,0.00034,0.00034,3,0,0,0,0,0,0,0,0,0,0,0,1,0,1,0,0,0,0,0,0,0,0,,0,0,0,0,
2,3.25,0,13.55,38.5,0,0,0,2.65,0,0,0,0,-7,0,0,0,0,-0.00229183,0,0,0,0,0,0,0,0,0,1,87,58,0,0.00034,0.00034,3,0,0,0,0,0,0,0,0,0,0,0,1,0,1,0,0,0,0,0,0,0,0,,0,0,0,0,
3,3.6,0,45.45,31.5,0,0,0,-9.3,0,0,0,0,5,0,0,0,0,-0.00229183,0,0,0,0,0,0,0,0,0,1,80,58,0,0.00034,0.00034,3,5,0,0,0,0,0,0,0,0,0,0,1,0,1,0,0,0,0,0,0,0,0,,0,0,0,0,
4,4.03,0,2.2,41.5,0,0,0,0.65,0,0,0,0,-6,0,0,0,0,-0.00229183,0,0,0,0,0,0,0,0,0,1,89,58,0,0.00034,0.00034,3,5,0,0,0,0,0,0,0,0,0,0,1,0,1,0,0,0,0,0,0,0,0,,0,0,0,0,
5,5.17,0,-35.1,34,0,0,0,-3.35,0,0,0,0,-6,0,0,0,0,-0.00229183,0,0,0,0,0,0,0,0,0,1,79,58,0,0.00034,0.00034,3,5,0,0,0,0,0,0,0,0,0,0,1,0,1,0,0,0,0,0,0,0,0,,0,0,0,0,
6,5.17,0,-40.65,34,0,0,0,0.25,0,0,0,0,-3,0,0,0,0,-0.00229183,0,0,0,0,0,0,0,0,0,1,79,58,0,0.00034,0.00034,3,5,0,0,0,0,0,0,0,0,0,0,1,0,1,0,0,0,0,0,0,0,0,,0,0,0,0,
7,5.47,0,-34.65,36,0,0,0,-3,0,0,0,0,-4,0,0,0,0,-0.00229183,0,0,0,0,0,0,0,0,0,1,81,58,0,0.00034,0.00034,3,5,0,0,0,0,0,0,0,0,0,0,1,0,1,0,0,0,0,0,0,0,0,,0,0,0,0,
8,5.47,0,-24.1,36,0,0,0,-5.55,0,0,0,0,-9,0,0,0,0,-0.00229183,0,0,0,0,0,0,0,0,0,1,81,58,0,0.00034,0.00034,3,5,0,0,0,0,0,0,0,0,0,0,1,0,1,0,0,0,0,0,0,0,0,,0,0,0,0,
9,6.62,0,-53.55,25,0,0,0,-1.3,0,0,0,0,1,0,0,0,0,-0.00229183,0,0,0,0,0,0,0,0,0,1,70,58,0,0.00034,0.00034,3,5,0,0,0,0,0,0,0,0,0,0,1,0,1,0,0,0,0,0,0,0,0,,0,0,0,0,
10,7.02,0,-10.55,24.5,0,0,0,-7.85,0,0,0,0,-23,0,0,0,0,-0.00229183,0,0,0,0,0,0,0,0,0,1,70,58,0,0.00034,0.00034,3,5,0,0,0,0,0,0,0,0,0,0,1,0,1,0,0,0,0,0,0,0,0,,0,0,0,0,
11,7.64,0,34.8,40,0,0,0,6.45,0,0,0,0,5,0,0,0,0,-0.00229183,0,0,0,0,0,0,0,0,0,1,86,58,0,0.00034,0.00034,3,0,0,0,0,0,0,0,0,0,0,0,1,0,1,0,0,0,0,0,0,0,0,,0,0,0,0,
12,8.24,0,-25.15,29,0,0,0,-1.75,0,0,0,0,-12,0,0,0,0,-0.00229183,0,0,0,0,0,0,0,0,0,1,75,58,0,0.00034,0.00034,3,0,0,0,0,0,0,0,0,0,0,0,1,0,1,0,0,0,0,0,0,0,0,,0,0,0,0,
13,8.65,0,69.15,30,0,0,0,-11.35,0,0,0,0,22.5,0,0,0,0,-0.00229183,0,0,0,0,0,0,0,0,0,1,76,58,0,0.00034,0.00034,3,7,0,0,0,0,0,0,0,0,0,0,1,0,1,0,0,0,0,0,0,0,0,,0,0,0,0,
14,8.9,0,-32.6,26,0,0,0,-0.8,0,0,0,0,-10,0,0,0,0,-0.00229183,0,0,0,0,0,0,0,0,0,1,73,58,0,0.00034,0.00034,3,5,0,0,0,0,0,0,0,0,0,0,1,0,1,0,0,0,0,0,0,0,0,,0,0,0,0,
15,9.4,0,-29.3,22.5,0,0,0,-2.75,0,0,0,0,-15,0,0,0,0,-0.00229183,0,0,0,0,0,0,0,0,0,1,69,58,0,0.00034,0.00034,3,5,0,0,0,0,0,0,0,0,0,0,1,0,1,0,0,0,0,0,0,0,0,,0,0,0,0,
16,9.83,0,-28.3,21,0,0,0,-0.55,0,0,0,0,-17.5,0,0,0,0,-0.00229183,0,0,0,0,0,0,0,0,0,1,67,58,0,0.00034,0.00034,3,5,0,0,0,0,0,0,0,0,0,0,1,0,1,0,0,0,0,0,0,0,0,,0,0,0,0,
17,12.16,0,-12.5,27,0,0,0,12.7,0,0,0,0,-16,0,0,0,0,-0.00229183,0,0,0,0,0,0,0,0,0,1,74,58,0,0.00034,0.00034,3,5,0,0,0,0,0,0,0,0,0,0,1,0,1,0,0,0,0,0,0,0,0,,0,0,0,0,
18,13.01,0,-23.05,21.5,0,0,0,-1.75,0,0,0,0,-17.5,0,0,0,0,-0.00229183,0,0,0,0,0,0,0,0,0,1,68,58,0,0.00034,0.00034,3,5,0,0,0,0,0,0,0,0,0,0,1,0,1,0,0,0,0,0,0,0,0,,0,0,0,0,
END,Total:19
START,FrameNb:105,CameraNb:0,HeSaiNb:0,ARS410Nb:0
2026/08/02 16:23:55:329---->
heightOffset:0,1785659035329,1324920,selfCaliBufCnt:0,selfAccObjCnt:0,selfAccAngle:0,installHAngleOffset:0,Interpolation:0,installVAngleOffset:0,radarOffsetH:0,radarOffsetV:0.32,Polynom:-0.001023;-0.0511;-2.047;0;0;0;-0.001023;-0.0511;-2.047;-25.5;0;0,WheelDirection:0;0;0;0,selfAngleOffset:0,selfAngleOffsetPit:0,currCaliAngleHrz:0,currCaliAnglePit:0,selfCaliAngleHrz:0,selfCaliAnglePit:0,servCaliAngleHrz:0,servCaliAnglePit:0,offlineCaliAngleHrz:0,offlineCaliAnglePit:0,determine2useFlag:0,IMU_Z_Accel:-21.592,IMU_X_AngularRate:-2.093,IMU_Y_AngularRate:-2.093,IMU_RollAngle:-180,IMU_PitchAngle:-180,IMU_YawAngle:-180,FcwID:0,FCWWarningLevel:0,FCWTTC:0
0,2.32,0,30.1,29,0,0,0,7.75,1.37605e-33,0,0,0,-8.5,0,0,0,0,-0.00229183,0,0,0,0,0,0,0,0,0,1,78,61,0,0.00034,0.00034,3,5,0,0,0,0,0,0,0,0,0,0,1,0,0,0,0,0,0,0,0,0,0,,0,0,0,0,
1,2.8,0,-34.05,43,0,0,0,1.75,0,0,0,0,6,0,0,0,0,-0.00229183,0,0,0,0,0,0,0,0,0,1,92,61,0,0.00034,0.00034,3,0,0,0,0,0,0,0,0,0,0,0,1,0,0,0,0,0,0,0,0,0,0,,0,0,0,0,
2,3.26,0,13.55,38.5,0,0,0,2.55,0,0,0,0,-7,0,0,0,0,-0.00229183,0,0,0,0,0,0,0,0,0,1,87,61,0,0.00034,0.00034,3,0,0,0,0,0,0,0,0,0,0,0,1,0,0,0,0,0,0,0,0,0,0,,0,0,0,0,
3,3.58,0,45.55,32,0,0,0,-9.55,0,0,0,0,5,0,0,0,0,-0.00229183,0,0,0,0,0,0,0,0,0,1,80,61,0,0.00034,0.00034,3,5,0,0,0,0,0,0,0,0,0,0,1,0,0,0,0,0,0,0,0,0,0,,0,0,0,0,
4,4.03,0,2.2,41.5,0,0,0,0.45,0,0,0,0,-6,0,0,0,0,-0.00229183,0,0,0,0,0,0,0,0,0,1,89,61,0,0.00034,0.00034,3,5,0,0,0,0,0,0,0,0,0,0,1,0,0,0,0,0,0,0,0,0,0,,0,0,0,0,
5,5.16,0,-35.1,33.5,0,0,0,-3.35,0,0,0,0,-6,0,0,0,0,-0.00229183,0,0,0,0,0,0,0,0,0,1,79,61,0,0.00034,0.00034,3,5,0,0,0,0,0,0,0,0,0,0,1,0,0,0,0,0,0,0,0,0,0,,0,0,0,0,
6,5.16,0,-40.7,33.5,0,0,0,0.3,0,0,0,0,-3,0,0,0,0,-0.00229183,0,0,0,0,0,0,0,0,0,1,79,61,0,0.00034,0.00034,3,5,0,0,0,0,0,0,0,0,0,0,1,0,0,0,0,0,0,0,0,0,0,,0,0,0,0,
7,5.62,0,-34.8,36,0,0,0,-2.7,0,0,0,0,-4,0,0,0,0,-0.00229183,0,0,0,0,0,0,0,0,0,1,80,61,0,0.00034,0.00034,3,5,0,0,0,0,0,0,0,0,0,0,1,0,0,0,0,0,0,0,0,0,0,,0,0,0,0,
8,5.62,0,-24.05,36,0,0,0,-5.25,0,0,0,0,-9,0,0,0,0,-0.00229183,0,0,0,0,0,0,0,0,0,1,80,61,0,0.00034,0.00034,3,5,0,0,0,0,0,0,0,0,0,0,1,0,0,0,0,0,0,0,0,0,0,,0,0,0,0,
9,5.83,0,-40.55,30.5,0,0,0,0.05,0,0,0,0,-6,0,0,0,0,-0.00229183,0,0,0,0,0,0,0,0,0,1,75,61,0,0.00034,0.00034,3,5,0,0,0,0,0,0,0,0,0,0,1,0,0,0,0,0,0,0,0,0,0,,0,0,0,0,
10,6.62,0,4.95,24.5,0,0,0,-13.55,0,0,0,0,-23.5,0,0,0,0,-0.00229183,0,0,0,0,0,0,0,0,0,1,70,61,0,0.00034,0.00034,2,-1,0,0,0,0,0,0,0,0,0,0,1,0,0,0,0,0,0,0,0,0,0,,0,0,0,0,
11,7.03,0,-10.2,24.5,0,0,0,2.3,0,0,0,0,-23,0,0,0,0,-0.00229183,0,0,0,0,0,0,0,0,0,1,70,61,0,0.00034,0.00034,3,5,0,0,0,0,0,0,0,0,0,0,1,0,0,0,0,0,0,0,0,0,0,,0,0,0,0,
12,7.64,0,34.8,39.5,0,0,0,6.65,0,0,0,0,5,0,0,0,0,-0.00229183,0,0,0,0,0,0,0,0,0,1,86,61,0,0.00034,0.00034,3,5,0,0,0,0,0,0,0,0,0,0,1,0,0,0,0,0,0,0,0,0,0,,0,0,0,0,
13,8.23,0,-25.2,29,0,0,0,11.7,0,0,0,0,-12,0,0,0,0,-0.00229183,0,0,0,0,0,0,0,0,0,1,75,61,0,0.00034,0.00034,3,0,0,0,0,0,0,0,0,0,0,0,1,0,0,0,0,0,0,0,0,0,0,,0,0,0,0,
14,8.65,0,70.95,30,0,0,0,-11.7,0,0,0,0,24.5,0,0,0,0,-0.00229183,0,0,0,0,0,0,0,0,0,1,76,61,0,0.00034,0.00034,3,5,0,0,0,0,0,0,0,0,0,0,1,0,0,0,0,0,0,0,0,0,0,,0,0,0,0,
15,8.91,0,-32.7,26.5,0,0,0,-0.75,0,0,0,0,-10,0,0,0,0,-0.00229183,0,0,0,0,0,0,0,0,0,1,73,61,0,0.00034,0.00034,3,5,0,0,0,0,0,0,0,0,0,0,1,0,0,0,0,0,0,0,0,0,0,,0,0,0,0,
16,9.39,0,-29.2,23,0,0,0,-2.85,0,0,0,0,-15,0,0,0,0,-0.00229183,0,0,0,0,0,0,0,0,0,1,69,61,0,0.00034,0.00034,3,5,0,0,0,0,0,0,0,0,0,0,1,0,0,0,0,0,0,0,0,0,0,,0,0,0,0,
17,9.85,0,-28.3,21,0,0,0,-0.35,0,0,0,0,-17.5,0,0,0,0,-0.00229183,0,0,0,0,0,0,0,0,0,1,67,61,0,0.00034,0.00034,3,5,0,0,0,0,0,0,0,0,0,0,1,0,0,0,0,0,0,0,0,0,0,,0,0,0,0,
18,12.16,0,-12.6,26.5,0,0,0,13,0,0,0,0,-16.5,0,0,0,0,-0.00229183,0,0,0,0,0,0,0,0,0,1,73,61,0,0.00034,0.00034,3,5,0,0,0,0,0,0,0,0,0,0,1,0,0,0,0,0,0,0,0,0,0,,0,0,0,0,
19,13.01,0,-23.1,21.5,0,0,0,-1.75,0,0,0,0,-17.5,0,0,0,0,-0.00229183,0,0,0,0,0,0,0,0,0,1,68,61,0,0.00034,0.00034,3,5,0,0,0,0,0,0,0,0,0,0,1,0,0,0,0,0,0,0,0,0,0,,0,0,0,0,
END,Total:20
START,FrameNb:106,CameraNb:0,HeSaiNb:0,ARS410Nb:0
2026/08/02 16:23:55:391---->
heightOffset:0,1785659035391,1324976,selfCaliBufCnt:0,selfAccObjCnt:0,selfAccAngle:0,installHAngleOffset:0,Interpolation:0,installVAngleOffset:0,radarOffsetH:0,radarOffsetV:0.32,Polynom:-0.001023;-0.0511;-2.047;0;0;0;-0.001023;-0.0511;-2.047;-25.5;0;0,WheelDirection:0;0;0;0,selfAngleOffset:0,selfAngleOffsetPit:0,currCaliAngleHrz:0,currCaliAnglePit:0,selfCaliAngleHrz:0,selfCaliAnglePit:0,servCaliAngleHrz:0,servCaliAnglePit:0,offlineCaliAngleHrz:0,offlineCaliAnglePit:0,determine2useFlag:0,IMU_Z_Accel:-21.592,IMU_X_AngularRate:-2.093,IMU_Y_AngularRate:-2.093,IMU_RollAngle:-180,IMU_PitchAngle:-180,IMU_YawAngle:-180,FcwID:0,FCWWarningLevel:0,FCWTTC:0
0,2.31,0,30.05,29,0,0,0,8.25,1.37605e-33,0,0,0,-9,0,0,0,0,-0.00229183,0,0,0,0,0,0,0,0,0,1,78,54,0,0.00034,0.00034,3,5,0,0,0,0,0,0,0,0,0,0,1,0,1,0,0,0,0,0,0,0,0,,0,0,0,0,
1,2.8,0,-34.05,43.5,0,0,0,1.75,0,0,0,0,6,0,0,0,0,-0.00229183,0,0,0,0,0,0,0,0,0,1,92,54,0,0.00034,0.00034,3,0,0,0,0,0,0,0,0,0,0,0,1,0,1,0,0,0,0,0,0,0,0,,0,0,0,0,
2,3.25,0,13.55,38.5,0,0,0,2.55,0,0,0,0,-7,0,0,0,0,-0.00229183,0,0,0,0,0,0,0,0,0,1,87,54,0,0.00034,0.00034,3,0,0,0,0,0,0,0,0,0,0,0,1,0,1,0,0,0,0,0,0,0,0,,0,0,0,0,
3,3.59,0,45.7,31.5,0,0,0,-9,0,0,0,0,5,0,0,0,0,-0.00229183,0,0,0,0,0,0,0,0,0,1,80,54,0,0.00034,0.00034,3,5,0,0,0,0,0,0,0,0,0,0,1,0,1,0,0,0,0,0,0,0,0,,0,0,0,0,
4,4.03,0,2.2,41.5,0,0,0,0.65,0,0,0,0,-6,0,0,0,0,-0.00229183,0,0,0,0,0,0,0,0,0,1,89,54,0,0.00034,0.00034,3,5,0,0,0,0,0,0,0,0,0,0,1,0,1,0,0,0,0,0,0,0,0,,0,0,0,0,
5,5.17,0,-35.1,34,0,0,0,-3.45,0,0,0,0,-6,0,0,0,0,-0.00229183,0,0,0,0,0,0,0,0,0,1,79,54,0,0.00034,0.00034,3,5,0,0,0,0,0,0,0,0,0,0,1,0,1,0,0,0,0,0,0,0,0,,0,0,0,0,
6,5.17,0,-40.65,34,0,0,0,0.2,0,0,0,0,-3,0,0,0,0,-0.00229183,0,0,0,0,0,0,0,0,0,1,79,54,0,0.00034,0.00034,3,5,0,0,0,0,0,0,0,0,0,0,1,0,1,0,0,0,0,0,0,0,0,,0,0,0,0,
7,5.62,0,-34.7,36,0,0,0,-3,0,0,0,0,-4,0,0,0,0,-0.00229183,0,0,0,0,0,0,0,0,0,1,81,54,0,0.00034,0.00034,3,5,0,0,0,0,0,0,0,0,0,0,1,0,1,0,0,0,0,0,0,0,0,,0,0,0,0,
8,5.62,0,-24.1,36,0,0,0,-5.45,0,0,0,0,-9,0,0,0,0,-0.00229183,0,0,0,0,0,0,0,0,0,1,81,54,0,0.00034,0.00034,3,5,0,0,0,0,0,0,0,0,0,0,1,0,1,0,0,0,0,0,0,0,0,,0,0,0,0,
9,5.83,0,-40.45,30.5,0,0,0,0.45,0,0,0,0,-5.5,0,0,0,0,-0.00229183,0,0,0,0,0,0,0,0,0,1,75,54,0,0.00034,0.00034,3,5,0,0,0,0,0,0,0,0,0,0,1,0,1,0,0,0,0,0,0,0,0,,0,0,0,0,
10,6.62,0,4.95,24.5,0,0,0,-13.55,0,0,0,0,-23.5,0,0,0,0,-0.00229183,0,0,0,0,0,0,0,0,0,1,70,54,0,0.00034,0.00034,3,5,0,0,0,0,0,0,0,0,0,0,1,0,1,0,0,0,0,0,0,0,0,,0,0,0,0,
11,7.02,0,-10.4,24.5,0,0,0,-7.6,0,0,0,0,-23,0,0,0,0,-0.00229183,0,0,0,0,0,0,0,0,0,1,70,54,0,0.00034,0.00034,3,5,0,0,0,0,0,0,0,0,0,0,1,0,1,0,0,0,0,0,0,0,0,,0,0,0,0,
12,7.65,0,34.85,39.5,0,0,0,6.55,0,0,0,0,5,0,0,0,0,-0.00229183,0,0,0,0,0,0,0,0,0,1,86,54,0,0.00034,0.00034,3,5,0,0,0,0,0,0,0,0,0,0,1,0,1,0,0,0,0,0,0,0,0,,0,0,0,0,
13,8.24,0,-25.1,28.5,0,0,0,11.45,0,0,0,0,-12.5,0,0,0,0,-0.00229183,0,0,0,0,0,0,0,0,0,1,75,54,0,0.00034,0.00034,3,0,0,0,0,0,0,0,0,0,0,0,1,0,1,0,0,0,0,0,0,0,0,,0,0,0,0,
14,8.48,0,69.15,30,0,0,0,-11.45,0,0,0,0,22,0,0,0,0,-0.00229183,0,0,0,0,0,0,0,0,0,1,76,54,0,0.00034,0.00034,3,7,0,0,0,0,0,0,0,0,0,0,1,0,1,0,0,0,0,0,0,0,0,,0,0,0,0,
15,8.9,0,-32.6,26.5,0,0,0,-0.7,0,0,0,0,-10,0,0,0,0,-0.00229183,0,0,0,0,0,0,0,0,0,1,73,54,0,0.00034,0.00034,3,5,0,0,0,0,0,0,0,0,0,0,1,0,1,0,0,0,0,0,0,0,0,,0,0,0,0,
16,9.4,0,-29.3,23,0,0,0,-2.55,0,0,0,0,-15,0,0,0,0,-0.00229183,0,0,0,0,0,0,0,0,0,1,69,54,0,0.00034,0.00034,3,5,0,0,0,0,0,0,0,0,0,0,1,0,1,0,0,0,0,0,0,0,0,,0,0,0,0,
17,9.83,0,-28.4,21,0,0,0,-0.35,0,0,0,0,-17.5,0,0,0,0,-0.00229183,0,0,0,0,0,0,0,0,0,1,67,54,0,0.00034,0.00034,3,5,0,0,0,0,0,0,0,0,0,0,1,0,1,0,0,0,0,0,0,0,0,,0,0,0,0,
18,12.16,0,-12.55,26.5,0,0,0,12.8,0,0,0,0,-16.5,0,0,0,0,-0.00229183,0,0,0,0,0,0,0,0,0,1,73,54,0,0.00034,0.00034,3,5,0,0,0,0,0,0,0,0,0,0,1,0,1,0,0,0,0,0,0,0,0,,0,0,0,0,
19,13,0,-23.05,21.5,0,0,0,-1.75,0,0,0,0,-17.5,0,0,0,0,-0.00229183,0,0,0,0,0,0,0,0,0,1,68,54,0,0.00034,0.00034,3,5,0,0,0,0,0,0,0,0,0,0,1,0,1,0,0,0,0,0,0,0,0,,0,0,0,0,
END,Total:20
START,FrameNb:107,CameraNb:0,HeSaiNb:0,ARS410Nb:0
2026/08/02 16:23:55:454---->
heightOffset:0,1785659035454,1325032,selfCaliBufCnt:0,selfAccObjCnt:0,selfAccAngle:0,installHAngleOffset:0,Interpolation:0,installVAngleOffset:0,radarOffsetH:0,radarOffsetV:0.32,Polynom:-0.001023;-0.0511;-2.047;0;0;0;-0.001023;-0.0511;-2.047;-25.5;0;0,WheelDirection:0;0;0;0,selfAngleOffset:0,selfAngleOffsetPit:0,currCaliAngleHrz:0,currCaliAnglePit:0,selfCaliAngleHrz:0,selfCaliAnglePit:0,servCaliAngleHrz:0,servCaliAnglePit:0,offlineCaliAngleHrz:0,offlineCaliAnglePit:0,determine2useFlag:0,IMU_Z_Accel:-21.592,IMU_X_AngularRate:-2.093,IMU_Y_AngularRate:-2.093,IMU_RollAngle:-180,IMU_PitchAngle:-180,IMU_YawAngle:-180,FcwID:0,FCWWarningLevel:0,FCWTTC:0
0,2.32,0,30.05,29,0,0,0,7.7,1.37605e-33,0,0,0,-8.5,0,0,0,0,-0.00229183,0,0,0,0,0,0,0,0,0,1,78,58,0,0.00034,0.00034,3,5,0,0,0,0,0,0,0,0,0,0,1,0,0,0,0,0,0,0,0,0,0,,0,0,0,0,
1,2.8,0,-34.05,43.5,0,0,0,1.75,0,0,0,0,6,0,0,0,0,-0.00229183,0,0,0,0,0,0,0,0,0,1,92,58,0,0.00034,0.00034,3,0,0,0,0,0,0,0,0,0,0,0,1,0,0,0,0,0,0,0,0,0,0,,0,0,0,0,
2,3.25,0,13.55,38.5,0,0,0,2.55,0,0,0,0,-7,0,0,0,0,-0.00229183,0,0,0,0,0,0,0,0,0,1,87,58,0,0.00034,0.00034,3,0,0,0,0,0,0,0,0,0,0,0,1,0,0,0,0,0,0,0,0,0,0,,0,0,0,0,
3,3.58,0,45.6,32,0,0,0,-9.75,0,0,0,0,5,0,0,0,0,-0.00229183,0,0,0,0,0,0,0,0,0,1,80,58,0,0.00034,0.00034,3,5,0,0,0,0,0,0,0,0,0,0,1,0,0,0,0,0,0,0,0,0,0,,0,0,0,0,
4,4.03,0,2.2,41.5,0,0,0,0.55,0,0,0,0,-6,0,0,0,0,-0.00229183,0,0,0,0,0,0,0,0,0,1,89,58,0,0.00034,0.00034,3,5,0,0,0,0,0,0,0,0,0,0,1,0,0,0,0,0,0,0,0,0,0,,0,0,0,0,
5,5.16,0,-35.1,34,0,0,0,-3.35,0,0,0,0,-6,0,0,0,0,-0.00229183,0,0,0,0,0,0,0,0,0,1,79,58,0,0.00034,0.00034,3,5,0,0,0,0,0,0,0,0,0,0,1,0,0,0,0,0,0,0,0,0,0,,0,0,0,0,
6,5.16,0,-40.65,34,0,0,0,0.25,0,0,0,0,-3,0,0,0,0,-0.00229183,0,0,0,0,0,0,0,0,0,1,79,58,0,0.00034,0.00034,3,5,0,0,0,0,0,0,0,0,0,0,1,0,0,0,0,0,0,0,0,0,0,,0,0,0,0,
7,5.61,0,-34.8,36,0,0,0,-2.7,0,0,0,0,-4,0,0,0,0,-0.00229183,0,0,0,0,0,0,0,0,0,1,80,58,0,0.00034,0.00034,3,5,0,0,0,0,0,0,0,0,0,0,1,0,0,0,0,0,0,0,0,0,0,,0,0,0,0,
8,5.61,0,-24.05,36,0,0,0,-5.25,0,0,0,0,-9,0,0,0,0,-0.00229183,0,0,0,0,0,0,0,0,0,1,80,58,0,0.00034,0.00034,3,5,0,0,0,0,0,0,0,0,0,0,1,0,0,0,0,0,0,0,0,0,0,,0,0,0,0,
9,5.83,0,-40.6,30.5,0,0,0,0,0,0,0,0,-5.5,0,0,0,0,-0.00229183,0,0,0,0,0,0,0,0,0,1,75,58,0,0.00034,0.00034,3,5,0,0,0,0,0,0,0,0,0,0,1,0,0,0,0,0,0,0,0,0,0,,0,0,0,0,
10,6.61,0,-53.7,24.5,0,0,0,-1.55,0,0,0,0,0.5,0,0,0,0,-0.00229183,0,0,0,0,0,0,0,0,0,1,70,58,0,0.00034,0.00034,3,5,0,0,0,0,0,0,0,0,0,0,1,0,0,0,0,0,0,0,0,0,0,,0,0,0,0,
11,7.03,0,-10.35,24.5,0,0,0,2.65,0,0,0,0,-23,0,0,0,0,-0.00229183,0,0,0,0,0,0,0,0,0,1,70,58,0,0.00034,0.00034,3,5,0,0,0,0,0,0,0,0,0,0,1,0,0,0,0,0,0,0,0,0,0,,0,0,0,0,
12,7.65,0,34.85,39.5,0,0,0,6.55,0,0,0,0,5,0,0,0,0,-0.00229183,0,0,0,0,0,0,0,0,0,1,86,58,0,0.00034,0.00034,3,5,0,0,0,0,0,0,0,0,0,0,1,0,0,0,0,0,0,0,0,0,0,,0,0,0,0,
13,8.24,0,-25.05,29,0,0,0,11.65,0,0,0,0,-12,0,0,0,0,-0.00229183,0,0,0,0,0,0,0,0,0,1,75,58,0,0.00034,0.00034,3,0,0,0,0,0,0,0,0,0,0,0,1,0,0,0,0,0,0,0,0,0,0,,0,0,0,0,
14,8.65,0,69.15,30,0,0,0,-11.55,0,0,0,0,22.5,0,0,0,0,-0.00229183,0,0,0,0,0,0,0,0,0,1,76,58,0,0.00034,0.00034,3,7,0,0,0,0,0,0,0,0,0,0,1,0,0,0,0,0,0,0,0,0,0,,0,0,0,0,
15,8.9,0,-32.6,26.5,0,0,0,-0.95,0,0,0,0,-10,0,0,0,0,-0.00229183,0,0,0,0,0,0,0,0,0,1,73,58,0,0.00034,0.00034,3,5,0,0,0,0,0,0,0,0,0,0,1,0,0,0,0,0,0,0,0,0,0,,0,0,0,0,
16,9.38,0,-29.3,23,0,0,0,-2.6,0,0,0,0,-15,0,0,0,0,-0.00229183,0,0,0,0,0,0,0,0,0,1,69,58,0,0.00034,0.00034,3,5,0,0,0,0,0,0,0,0,0,0,1,0,0,0,0,0,0,0,0,0,0,,0,0,0,0,
17,9.83,0,-28.35,21,0,0,0,0.9,0,0,0,0,-17.5,0,0,0,0,-0.00229183,0,0,0,0,0,0,0,0,0,1,68,58,0,0.00034,0.00034,3,5,0,0,0,0,0,0,0,0,0,0,1,0,0,0,0,0,0,0,0,0,0,,0,0,0,0,
18,12.16,0,-12.6,26.5,0,0,0,12.65,0,0,0,0,-16.5,0,0,0,0,-0.00229183,0,0,0,0,0,0,0,0,0,1,73,58,0,0.00034,0.00034,3,5,0,0,0,0,0,0,0,0,0,0,1,0,0,0,0,0,0,0,0,0,0,,0,0,0,0,
19,13,0,-23.05,21,0,0,0,-1.75,0,0,0,0,-18,0,0,0,0,-0.00229183,0,0,0,0,0,0,0,0,0,1,67,58,0,0.00034,0.00034,3,5,0,0,0,0,0,0,0,0,0,0,1,0,0,0,0,0,0,0,0,0,0,,0,0,0,0,
END,Total:20
START,FrameNb:108,CameraNb:0,HeSaiNb:0,ARS410Nb:0
2026/08/02 16:23:55:540---->
heightOffset:0,1785659035540,1325088,selfCaliBufCnt:0,selfAccObjCnt:0,selfAccAngle:0,installHAngleOffset:0,Interpolation:0,installVAngleOffset:0,radarOffsetH:0,radarOffsetV:0.32,Polynom:-0.001023;-0.0511;-2.047;0;0;0;-0.001023;-0.0511;-2.047;-25.5;0;0,WheelDirection:0;0;0;0,selfAngleOffset:0,selfAngleOffsetPit:0,currCaliAngleHrz:0,currCaliAnglePit:0,selfCaliAngleHrz:0,selfCaliAnglePit:0,servCaliAngleHrz:0,servCaliAnglePit:0,offlineCaliAngleHrz:0,offlineCaliAnglePit:0,determine2useFlag:0,IMU_Z_Accel:-21.592,IMU_X_AngularRate:-2.093,IMU_Y_AngularRate:-2.093,IMU_RollAngle:-180,IMU_PitchAngle:-180,IMU_YawAngle:-180,FcwID:0,FCWWarningLevel:0,FCWTTC:0
0,2.32,0,30.05,29,0,0,0,8.25,1.37605e-33,0,0,0,-9,0,0,0,0,-0.00229183,0,0,0,0,0,0,0,0,0,1,78,53,0,0.00034,0.00034,3,5,0,0,0,0,0,0,0,0,0,0,1,0,1,0,0,0,0,0,0,0,0,,0,0,0,0,
1,2.8,0,-34.05,43,0,0,0,1.75,0,0,0,0,6,0,0,0,0,-0.00229183,0,0,0,0,0,0,0,0,0,1,92,53,0,0.00034,0.00034,3,0,0,0,0,0,0,0,0,0,0,0,1,0,1,0,0,0,0,0,0,0,0,,0,0,0,0,
2,3.25,0,13.55,38.5,0,0,0,2.55,0,0,0,0,-7,0,0,0,0,-0.00229183,0,0,0,0,0,0,0,0,0,1,87,53,0,0.00034,0.00034,3,0,0,0,0,0,0,0,0,0,0,0,1,0,1,0,0,0,0,0,0,0,0,,0,0,0,0,
3,3.6,0,45.35,31.5,0,0,0,-9.25,0,0,0,0,5,0,0,0,0,-0.00229183,0,0,0,0,0,0,0,0,0,1,80,53,0,0.00034,0.00034,3,5,0,0,0,0,0,0,0,0,0,0,1,0,1,0,0,0,0,0,0,0,0,,0,0,0,0,
4,4.03,0,2.2,41.5,0,0,0,0.55,0,0,0,0,-6.5,0,0,0,0,-0.00229183,0,0,0,0,0,0,0,0,0,1,89,53,0,0.00034,0.00034,3,5,0,0,0,0,0,0,0,0,0,0,1,0,1,0,0,0,0,0,0,0,0,,0,0,0,0,
5,5.17,0,-35.05,34,0,0,0,-3.35,0,0,0,0,-6,0,0,0,0,-0.00229183,0,0,0,0,0,0,0,0,0,1,79,53,0,0.00034,0.00034,3,5,0,0,0,0,0,0,0,0,0,0,1,0,1,0,0,0,0,0,0,0,0,,0,0,0,0,
6,5.17,0,-40.6,34,0,0,0,0.25,0,0,0,0,-3,0,0,0,0,-0.00229183,0,0,0,0,0,0,0,0,0,1,79,53,0,0.00034,0.00034,3,5,0,0,0,0,0,0,0,0,0,0,1,0,1,0,0,0,0,0,0,0,0,,0,0,0,0,
7,5.61,0,-34.6,36,0,0,0,-3,0,0,0,0,-4,0,0,0,0,-0.00229183,0,0,0,0,0,0,0,0,0,1,80,53,0,0.00034,0.00034,3,5,0,0,0,0,0,0,0,0,0,0,1,0,1,0,0,0,0,0,0,0,0,,0,0,0,0,
8,5.61,0,-24.1,36,0,0,0,-5.55,0,0,0,0,-9,0,0,0,0,-0.00229183,0,0,0,0,0,0,0,0,0,1,80,53,0,0.00034,0.00034,3,5,0,0,0,0,0,0,0,0,0,0,1,0,1,0,0,0,0,0,0,0,0,,0,0,0,0,
9,5.83,0,-40.5,30.5,0,0,0,0.25,0,0,0,0,-5.5,0,0,0,0,-0.00229183,0,0,0,0,0,0,0,0,0,1,75,53,0,0.00034,0.00034,3,5,0,0,0,0,0,0,0,0,0,0,1,0,1,0,0,0,0,0,0,0,0,,0,0,0,0,
10,6.62,0,4.9,24.5,0,0,0,-13.35,0,0,0,0,-23.5,0,0,0,0,-0.00229183,0,0,0,0,0,0,0,0,0,1,70,53,0,0.00034,0.00034,2,-1,0,0,0,0,0,0,0,0,0,0,1,0,1,0,0,0,0,0,0,0,0,,0,0,0,0,
11,7.03,0,-10.3,24.5,0,0,0,2.45,0,0,0,0,-23,0,0,0,0,-0.00229183,0,0,0,0,0,0,0,0,0,1,70,53,0,0.00034,0.00034,3,5,0,0,0,0,0,0,0,0,0,0,1,0,1,0,0,0,0,0,0,0,0,,0,0,0,0,
12,7.65,0,34.85,39.5,0,0,0,6.4,0,0,0,0,5,0,0,0,0,-0.00229183,0,0,0,0,0,0,0,0,0,1,86,53,0,0.00034,0.00034,3,5,0,0,0,0,0,0,0,0,0,0,1,0,1,0,0,0,0,0,0,0,0,,0,0,0,0,
13,8.24,0,-25.1,28.5,0,0,0,11.3,0,0,0,0,-12,0,0,0,0,-0.00229183,0,0,0,0,0,0,0,0,0,1,75,53,0,0.00034,0.00034,3,0,0,0,0,0,0,0,0,0,0,0,1,0,1,0,0,0,0,0,0,0,0,,0,0,0,0,
14,8.48,0,69.1,30,0,0,0,-11.55,0,0,0,0,22,0,0,0,0,-0.00229183,0,0,0,0,0,0,0,0,0,1,76,53,0,0.00034,0.00034,3,7,0,0,0,0,0,0,0,0,0,0,1,0,1,0,0,0,0,0,0,0,0,,0,0,0,0,
15,8.9,0,-32.7,26.5,0,0,0,-0.45,0,0,0,0,-10,0,0,0,0,-0.00229183,0,0,0,0,0,0,0,0,0,1,73,53,0,0.00034,0.00034,3,5,0,0,0,0,0,0,0,0,0,0,1,0,1,0,0,0,0,0,0,0,0,,0,0,0,0,
16,9.41,0,-29.3,22.5,0,0,0,-2.55,0,0,0,0,-15,0,0,0,0,-0.00229183,0,0,0,0,0,0,0,0,0,1,69,53,0,0.00034,0.00034,3,5,0,0,0,0,0,0,0,0,0,0,1,0,1,0,0,0,0,0,0,0,0,,0,0,0,0,
17,9.83,0,-28.35,21,0,0,0,-0.55,0,0,0,0,-17.5,0,0,0,0,-0.00229183,0,0,0,0,0,0,0,0,0,1,67,53,0,0.00034,0.00034,3,5,0,0,0,0,0,0,0,0,0,0,1,0,1,0,0,0,0,0,0,0,0,,0,0,0,0,
18,12.16,0,-12.55,26.5,0,0,0,12.7,0,0,0,0,-16.5,0,0,0,0,-0.00229183,0,0,0,0,0,0,0,0,0,1,73,53,0,0.00034,0.00034,3,5,0,0,0,0,0,0,0,0,0,0,1,0,1,0,0,0,0,0,0,0,0,,0,0,0,0,
19,13,0,-23.1,21.5,0,0,0,-1.55,0,0,0,0,-17.5,0,0,0,0,-0.00229183,0,0,0,0,0,0,0,0,0,1,68,53,0,0.00034,0.00034,3,5,0,0,0,0,0,0,0,0,0,0,1,0,1,0,0,0,0,0,0,0,0,,0,0,0,0,
END,Total:20
START,FrameNb:109,CameraNb:0,HeSaiNb:0,ARS410Nb:0
2026/08/02 16:23:55:580---->
heightOffset:0,1785659035580,1325144,selfCaliBufCnt:0,selfAccObjCnt:0,selfAccAngle:0,installHAngleOffset:0,Interpolation:0,installVAngleOffset:0,radarOffsetH:0,radarOffsetV:0.32,Polynom:-0.001023;-0.0511;-2.047;0;0;0;-0.001023;-0.0511;-2.047;-25.5;0;0,WheelDirection:0;0;0;0,selfAngleOffset:0,selfAngleOffsetPit:0,currCaliAngleHrz:0,currCaliAnglePit:0,selfCaliAngleHrz:0,selfCaliAnglePit:0,servCaliAngleHrz:0,servCaliAnglePit:0,offlineCaliAngleHrz:0,offlineCaliAnglePit:0,determine2useFlag:0,IMU_Z_Accel:-21.592,IMU_X_AngularRate:-2.093,IMU_Y_AngularRate:-2.093,IMU_RollAngle:-180,IMU_PitchAngle:-180,IMU_YawAngle:-180,FcwID:0,FCWWarningLevel:0,FCWTTC:0
0,2.32,0,30.1,29,0,0,0,7.65,1.37605e-33,0,0,0,-8.5,0,0,0,0,-0.00229183,0,0,0,0,0,0,0,0,0,1,78,58,0,0.00034,0.00034,3,5,0,0,0,0,0,0,0,0,0,0,1,0,0,0,0,0,0,0,0,0,0,,0,0,0,0,
1,2.8,0,-34.05,43.5,0,0,0,1.75,0,0,0,0,6,0,0,0,0,-0.00229183,0,0,0,0,0,0,0,0,0,1,92,58,0,0.00034,0.00034,3,0,0,0,0,0,0,0,0,0,0,0,1,0,0,0,0,0,0,0,0,0,0,,0,0,0,0,
2,3.25,0,13.55,38.5,0,0,0,2.55,0,0,0,0,-7,0,0,0,0,-0.00229183,0,0,0,0,0,0,0,0,0,1,87,58,0,0.00034,0.00034,3,0,0,0,0,0,0,0,0,0,0,0,1,0,0,0,0,0,0,0,0,0,0,,0,0,0,0,
3,3.58,0,46.05,32,0,0,0,-10.45,0,0,0,0,5,0,0,0,0,-0.00229183,0,0,0,0,0,0,0,0,0,1,80,58,0,0.00034,0.00034,3,5,0,0,0,0,0,0,0,0,0,0,1,0,0,0,0,0,0,0,0,0,0,,0,0,0,0,
4,4.03,0,2.2,41.5,0,0,0,0.55,0,0,0,0,-6,0,0,0,0,-0.00229183,0,0,0,0,0,0,0,0,0,1,89,58,0,0.00034,0.00034,3,5,0,0,0,0,0,0,0,0,0,0,1,0,0,0,0,0,0,0,0,0,0,,0,0,0,0,
5,5.16,0,-35.05,34,0,0,0,-3.35,0,0,0,0,-6,0,0,0,0,-0.00229183,0,0,0,0,0,0,0,0,0,1,79,58,0,0.00034,0.00034,3,5,0,0,0,0,0,0,0,0,0,0,1,0,0,0,0,0,0,0,0,0,0,,0,0,0,0,
6,5.16,0,-40.6,34,0,0,0,0.3,0,0,0,0,-3,0,0,0,0,-0.00229183,0,0,0,0,0,0,0,0,0,1,79,58,0,0.00034,0.00034,3,5,0,0,0,0,0,0,0,0,0,0,1,0,0,0,0,0,0,0,0,0,0,,0,0,0,0,
7,5.61,0,-34.65,35.5,0,0,0,-3.05,0,0,0,0,-4,0,0,0,0,-0.00229183,0,0,0,0,0,0,0,0,0,1,80,58,0,0.00034,0.00034,3,5,0,0,0,0,0,0,0,0,0,0,1,0,0,0,0,0,0,0,0,0,0,,0,0,0,0,
8,5.61,0,-24.1,35.5,0,0,0,-5.55,0,0,0,0,-9,0,0,0,0,-0.00229183,0,0,0,0,0,0,0,0,0,1,80,58,0,0.00034,0.00034,3,5,0,0,0,0,0,0,0,0,0,0,1,0,0,0,0,0,0,0,0,0,0,,0,0,0,0,
9,5.83,0,-40.7,30.5,0,0,0,0.05,0,0,0,0,-5.5,0,0,0,0,-0.00229183,0,0,0,0,0,0,0,0,0,1,75,58,0,0.00034,0.00034,3,5,0,0,0,0,0,0,0,0,0,0,1,0,0,0,0,0,0,0,0,0,0,,0,0,0,0,
10,6.62,0,4.7,25,0,0,0,-13.35,0,0,0,0,-23.5,0,0,0,0,-0.00229183,0,0,0,0,0,0,0,0,0,1,70,58,0,0.00034,0.00034,3,5,0,0,0,0,0,0,0,0,0,0,1,0,0,0,0,0,0,0,0,0,0,,0,0,0,0,
11,7.03,0,-10.1,24.5,0,0,0,2,0,0,0,0,-23,0,0,0,0,-0.00229183,0,0,0,0,0,0,0,0,0,1,70,58,0,0.00034,0.00034,3,5,0,0,0,0,0,0,0,0,0,0,1,0,0,0,0,0,0,0,0,0,0,,0,0,0,0,
12,7.65,0,34.85,39.5,0,0,0,6.4,0,0,0,0,5,0,0,0,0,-0.00229183,0,0,0,0,0,0,0,0,0,1,86,58,0,0.00034,0.00034,3,5,0,0,0,0,0,0,0,0,0,0,1,0,0,0,0,0,0,0,0,0,0,,0,0,0,0,
13,8.24,0,-25.1,29,0,0,0,11.4,0,0,0,0,-12,0,0,0,0,-0.00229183,0,0,0,0,0,0,0,0,0,1,75,58,0,0.00034,0.00034,3,0,0,0,0,0,0,0,0,0,0,0,1,0,0,0,0,0,0,0,0,0,0,,0,0,0,0,
14,8.66,0,69.1,30,0,0,0,-11.55,0,0,0,0,22.5,0,0,0,0,-0.00229183,0,0,0,0,0,0,0,0,0,1,76,58,0,0.00034,0.00034,3,7,0,0,0,0,0,0,0,0,0,0,1,0,0,0,0,0,0,0,0,0,0,,0,0,0,0,
15,8.9,0,-32.7,26.5,0,0,0,-0.45,0,0,0,0,-10,0,0,0,0,-0.00229183,0,0,0,0,0,0,0,0,0,1,73,58,0,0.00034,0.00034,3,5,0,0,0,0,0,0,0,0,0,0,1,0,0,0,0,0,0,0,0,0,0,,0,0,0,0,
16,9.4,0,-29.35,23,0,0,0,-2.45,0,0,0,0,-15,0,0,0,0,-0.00229183,0,0,0,0,0,0,0,0,0,1,69,58,0,0.00034,0.00034,3,5,0,0,0,0,0,0,0,0,0,0,1,0,0,0,0,0,0,0,0,0,0,,0,0,0,0,
17,9.84,0,-28.35,21,0,0,0,-0.45,0,0,0,0,-17.5,0,0,0,0,-0.00229183,0,0,0,0,0,0,0,0,0,1,67,58,0,0.00034,0.00034,3,5,0,0,0,0,0,0,0,0,0,0,1,0,0,0,0,0,0,0,0,0,0,,0,0,0,0,
18,12.16,0,-12.55,26.5,0,0,0,13.05,0,0,0,0,-16.5,0,0,0,0,-0.00229183,0,0,0,0,0,0,0,0,0,1,73,58,0,0.00034,0.00034,3,5,0,0,0,0,0,0,0,0,0,0,1,0,0,0,0,0,0,0,0,0,0,,0,0,0,0,
19,13,0,-23.1,21.5,0,0,0,-1.95,0,0,0,0,-17.5,0,0,0,0,-0.00229183,0,0,0,0,0,0,0,0,0,1,68,58,0,0.00034,0.00034,3,5,0,0,0,0,0,0,0,0,0,0,1,0,0,0,0,0,0,0,0,0,0,,0,0,0,0,
END,Total:20
START,FrameNb:110,CameraNb:0,HeSaiNb:0,ARS410Nb:0
2026/08/02 16:23:55:639---->
heightOffset:0,1785659035639,1325204,selfCaliBufCnt:0,selfAccObjCnt:0,selfAccAngle:0,installHAngleOffset:0,Interpolation:0,installVAngleOffset:0,radarOffsetH:0,radarOffsetV:0.32,Polynom:-0.001023;-0.0511;-2.047;0;0;0;-0.001023;-0.0511;-2.047;-25.5;0;0,WheelDirection:0;0;0;0,selfAngleOffset:0,selfAngleOffsetPit:0,currCaliAngleHrz:0,currCaliAnglePit:0,selfCaliAngleHrz:0,selfCaliAnglePit:0,servCaliAngleHrz:0,servCaliAnglePit:0,offlineCaliAngleHrz:0,offlineCaliAnglePit:0,determine2useFlag:0,IMU_Z_Accel:-21.592,IMU_X_AngularRate:-2.093,IMU_Y_AngularRate:-2.093,IMU_RollAngle:-180,IMU_PitchAngle:-180,IMU_YawAngle:-180,FcwID:0,FCWWarningLevel:0,FCWTTC:0
0,2.32,0,30.1,29,0,0,0,8.25,1.37605e-33,0,0,0,-8.5,0,0,0,0,-0.00229183,0,0,0,0,0,0,0,0,0,1,78,57,0,0.00034,0.00034,3,5,0,0,0,0,0,0,0,0,0,0,1,0,1,0,0,0,0,0,0,0,0,,0,0,0,0,
1,2.8,0,-34.05,43,0,0,0,1.75,0,0,0,0,6,0,0,0,0,-0.00229183,0,0,0,0,0,0,0,0,0,1,92,57,0,0.00034,0.00034,3,0,0,0,0,0,0,0,0,0,0,0,1,0,1,0,0,0,0,0,0,0,0,,0,0,0,0,
2,3.25,0,13.55,38.5,0,0,0,2.55,0,0,0,0,-7,0,0,0,0,-0.00229183,0,0,0,0,0,0,0,0,0,1,87,57,0,0.00034,0.00034,3,0,0,0,0,0,0,0,0,0,0,0,1,0,1,0,0,0,0,0,0,0,0,,0,0,0,0,
3,3.61,0,45.4,31.5,0,0,0,-9.2,0,0,0,0,5,0,0,0,0,-0.00229183,0,0,0,0,0,0,0,0,0,1,80,57,0,0.00034,0.00034,3,5,0,0,0,0,0,0,0,0,0,0,1,0,1,0,0,0,0,0,0,0,0,,0,0,0,0,
4,4.03,0,2.2,41.5,0,0,0,0.55,0,0,0,0,-6.5,0,0,0,0,-0.00229183,0,0,0,0,0,0,0,0,0,1,89,57,0,0.00034,0.00034,3,5,0,0,0,0,0,0,0,0,0,0,1,0,1,0,0,0,0,0,0,0,0,,0,0,0,0,
5,5.17,0,-35.1,34,0,0,0,-3.35,0,0,0,0,-5.5,0,0,0,0,-0.00229183,0,0,0,0,0,0,0,0,0,1,79,57,0,0.00034,0.00034,3,5,0,0,0,0,0,0,0,0,0,0,1,0,1,0,0,0,0,0,0,0,0,,0,0,0,0,
6,5.17,0,-40.6,34,0,0,0,0.2,0,0,0,0,-2.5,0,0,0,0,-0.00229183,0,0,0,0,0,0,0,0,0,1,79,57,0,0.00034,0.00034,3,5,0,0,0,0,0,0,0,0,0,0,1,0,1,0,0,0,0,0,0,0,0,,0,0,0,0,
7,5.61,0,-34.6,35.5,0,0,0,-3,0,0,0,0,-4,0,0,0,0,-0.00229183,0,0,0,0,0,0,0,0,0,1,80,57,0,0.00034,0.00034,3,5,0,0,0,0,0,0,0,0,0,0,1,0,1,0,0,0,0,0,0,0,0,,0,0,0,0,
8,5.61,0,-24.1,35.5,0,0,0,-5.6,0,0,0,0,-9,0,0,0,0,-0.00229183,0,0,0,0,0,0,0,0,0,1,80,57,0,0.00034,0.00034,3,5,0,0,0,0,0,0,0,0,0,0,1,0,1,0,0,0,0,0,0,0,0,,0,0,0,0,
9,5.83,0,-40.65,30.5,0,0,0,0.4,0,0,0,0,-5.5,0,0,0,0,-0.00229183,0,0,0,0,0,0,0,0,0,1,75,57,0,0.00034,0.00034,3,5,0,0,0,0,0,0,0,0,0,0,1,0,1,0,0,0,0,0,0,0,0,,0,0,0,0,
10,6.64,0,4.8,25,0,0,0,-13.3,0,0,0,0,-23,0,0,0,0,-0.00229183,0,0,0,0,0,0,0,0,0,1,70,57,0,0.00034,0.00034,3,5,0,0,0,0,0,0,0,0,0,0,1,0,1,0,0,0,0,0,0,0,0,,0,0,0,0,
11,7.02,0,-33.4,24.5,0,0,0,7.8,0,0,0,0,-13.5,0,0,0,0,-0.00229183,0,0,0,0,0,0,0,0,0,1,70,57,0,0.00034,0.00034,3,5,0,0,0,0,0,0,0,0,0,0,1,0,1,0,0,0,0,0,0,0,0,,0,0,0,0,
12,7.65,0,34.85,39.5,0,0,0,6.45,0,0,0,0,5,0,0,0,0,-0.00229183,0,0,0,0,0,0,0,0,0,1,86,57,0,0.00034,0.00034,3,5,0,0,0,0,0,0,0,0,0,0,1,0,1,0,0,0,0,0,0,0,0,,0,0,0,0,
13,8.25,0,-25.1,29,0,0,0,-1.7,0,0,0,0,-12,0,0,0,0,-0.00229183,0,0,0,0,0,0,0,0,0,1,75,57,0,0.00034,0.00034,3,0,0,0,0,0,0,0,0,0,0,0,1,0,1,0,0,0,0,0,0,0,0,,0,0,0,0,
14,8.48,0,69.15,30,0,0,0,-11.55,0,0,0,0,22.5,0,0,0,0,-0.00229183,0,0,0,0,0,0,0,0,0,1,76,57,0,0.00034,0.00034,3,7,0,0,0,0,0,0,0,0,0,0,1,0,1,0,0,0,0,0,0,0,0,,0,0,0,0,
15,8.9,0,-32.7,26.5,0,0,0,-0.55,0,0,0,0,-10,0,0,0,0,-0.00229183,0,0,0,0,0,0,0,0,0,1,73,57,0,0.00034,0.00034,3,5,0,0,0,0,0,0,0,0,0,0,1,0,1,0,0,0,0,0,0,0,0,,0,0,0,0,
16,9.4,0,-29.35,23,0,0,0,-2.55,0,0,0,0,-15,0,0,0,0,-0.00229183,0,0,0,0,0,0,0,0,0,1,69,57,0,0.00034,0.00034,3,5,0,0,0,0,0,0,0,0,0,0,1,0,1,0,0,0,0,0,0,0,0,,0,0,0,0,
17,9.84,0,-28.3,21,0,0,0,-0.05,0,0,0,0,-17.5,0,0,0,0,-0.00229183,0,0,0,0,0,0,0,0,0,1,67,57,0,0.00034,0.00034,3,5,0,0,0,0,0,0,0,0,0,0,1,0,1,0,0,0,0,0,0,0,0,,0,0,0,0,
18,12.16,0,-12.55,26.5,0,0,0,12.9,0,0,0,0,-16.5,0,0,0,0,-0.00229183,0,0,0,0,0,0,0,0,0,1,73,57,0,0.00034,0.00034,3,5,0,0,0,0,0,0,0,0,0,0,1,0,1,0,0,0,0,0,0,0,0,,0,0,0,0,
19,13,0,-23.1,21.5,0,0,0,-1.8,0,0,0,0,-17.5,0,0,0,0,-0.00229183,0,0,0,0,0,0,0,0,0,1,68,57,0,0.00034,0.00034,3,5,0,0,0,0,0,0,0,0,0,0,1,0,1,0,0,0,0,0,0,0,0,,0,0,0,0,
END,Total:20
START,FrameNb:111,CameraNb:0,HeSaiNb:0,ARS410Nb:0
2026/08/02 16:23:55:702---->
heightOffset:0,1785659035702,1325264,selfCaliBufCnt:0,selfAccObjCnt:0,selfAccAngle:0,installHAngleOffset:0,Interpolation:0,installVAngleOffset:0,radarOffsetH:0,radarOffsetV:0.32,Polynom:-0.001023;-0.0511;-2.047;0;0;0;-0.001023;-0.0511;-2.047;-25.5;0;0,WheelDirection:0;0;0;0,selfAngleOffset:0,selfAngleOffsetPit:0,currCaliAngleHrz:0,currCaliAnglePit:0,selfCaliAngleHrz:0,selfCaliAnglePit:0,servCaliAngleHrz:0,servCaliAnglePit:0,offlineCaliAngleHrz:0,offlineCaliAnglePit:0,determine2useFlag:0,IMU_Z_Accel:-21.592,IMU_X_AngularRate:-2.093,IMU_Y_AngularRate:-2.093,IMU_RollAngle:-180,IMU_PitchAngle:-180,IMU_YawAngle:-180,FcwID:0,FCWWarningLevel:0,FCWTTC:0
0,2.32,0,30.1,29,0,0,0,7.65,1.37605e-33,0,0,0,-8.5,0,0,0,0,-0.00229183,0,0,0,0,0,0,0,0,0,1,78,63,0,0.00034,0.00034,3,5,0,0,0,0,0,0,0,0,0,0,1,0,0,0,0,0,0,0,0,0,0,,0,0,0,0,
1,2.8,0,-34.05,43,0,0,0,1.75,0,0,0,0,6,0,0,0,0,-0.00229183,0,0,0,0,0,0,0,0,0,1,92,63,0,0.00034,0.00034,3,0,0,0,0,0,0,0,0,0,0,0,1,0,0,0,0,0,0,0,0,0,0,,0,0,0,0,
2,3.25,0,13.55,38,0,0,0,2.55,0,0,0,0,-7,0,0,0,0,-0.00229183,0,0,0,0,0,0,0,0,0,1,87,63,0,0.00034,0.00034,3,0,0,0,0,0,0,0,0,0,0,0,1,0,0,0,0,0,0,0,0,0,0,,0,0,0,0,
3,3.59,0,45.8,31.5,0,0,0,-10.05,0,0,0,0,5,0,0,0,0,-0.00229183,0,0,0,0,0,0,0,0,0,1,80,63,0,0.00034,0.00034,3,5,0,0,0,0,0,0,0,0,0,0,1,0,0,0,0,0,0,0,0,0,0,,0,0,0,0,
4,4.03,0,2.2,41.5,0,0,0,0.55,0,0,0,0,-6,0,0,0,0,-0.00229183,0,0,0,0,0,0,0,0,0,1,89,63,0,0.00034,0.00034,3,5,0,0,0,0,0,0,0,0,0,0,1,0,0,0,0,0,0,0,0,0,0,,0,0,0,0,
5,5.16,0,-35.05,33.5,0,0,0,-3.35,0,0,0,0,-6,0,0,0,0,-0.00229183,0,0,0,0,0,0,0,0,0,1,79,63,0,0.00034,0.00034,3,5,0,0,0,0,0,0,0,0,0,0,1,0,0,0,0,0,0,0,0,0,0,,0,0,0,0,
6,5.16,0,-40.6,33.5,0,0,0,0.3,0,0,0,0,-3,0,0,0,0,-0.00229183,0,0,0,0,0,0,0,0,0,1,79,63,0,0.00034,0.00034,3,5,0,0,0,0,0,0,0,0,0,0,1,0,0,0,0,0,0,0,0,0,0,,0,0,0,0,
7,5.61,0,-34.7,35.5,0,0,0,-3,0,0,0,0,-4,0,0,0,0,-0.00229183,0,0,0,0,0,0,0,0,0,1,80,63,0,0.00034,0.00034,3,5,0,0,0,0,0,0,0,0,0,0,1,0,0,0,0,0,0,0,0,0,0,,0,0,0,0,
8,5.61,0,-24.1,35.5,0,0,0,-5.6,0,0,0,0,-9,0,0,0,0,-0.00229183,0,0,0,0,0,0,0,0,0,1,80,63,0,0.00034,0.00034,3,5,0,0,0,0,0,0,0,0,0,0,1,0,0,0,0,0,0,0,0,0,0,,0,0,0,0,
9,5.83,0,-40.65,30.5,0,0,0,0.15,0,0,0,0,-5.5,0,0,0,0,-0.00229183,0,0,0,0,0,0,0,0,0,1,75,63,0,0.00034,0.00034,3,5,0,0,0,0,0,0,0,0,0,0,1,0,0,0,0,0,0,0,0,0,0,,0,0,0,0,
10,6.63,0,4.7,24.5,0,0,0,-13.55,0,0,0,0,-23,0,0,0,0,-0.00229183,0,0,0,0,0,0,0,0,0,1,70,63,0,0.00034,0.00034,3,5,0,0,0,0,0,0,0,0,0,0,1,0,0,0,0,0,0,0,0,0,0,,0,0,0,0,
11,7.03,0,-33.35,24.5,0,0,0,7.7,0,0,0,0,-13.5,0,0,0,0,-0.00229183,0,0,0,0,0,0,0,0,0,1,70,63,0,0.00034,0.00034,3,5,0,0,0,0,0,0,0,0,0,0,1,0,0,0,0,0,0,0,0,0,0,,0,0,0,0,
12,7.66,0,34.95,39.5,0,0,0,6.45,0,0,0,0,5,0,0,0,0,-0.00229183,0,0,0,0,0,0,0,0,0,1,86,63,0,0.00034,0.00034,3,5,0,0,0,0,0,0,0,0,0,0,1,0,0,0,0,0,0,0,0,0,0,,0,0,0,0,
13,8.24,0,-25.2,28.5,0,0,0,-2,0,0,0,0,-12,0,0,0,0,-0.00229183,0,0,0,0,0,0,0,0,0,1,75,63,0,0.00034,0.00034,3,0,0,0,0,0,0,0,0,0,0,0,1,0,0,0,0,0,0,0,0,0,0,,0,0,0,0,
14,8.65,0,69.1,30,0,0,0,-11.45,0,0,0,0,22.5,0,0,0,0,-0.00229183,0,0,0,0,0,0,0,0,0,1,76,63,0,0.00034,0.00034,3,7,0,0,0,0,0,0,0,0,0,0,1,0,0,0,0,0,0,0,0,0,0,,0,0,0,0,
15,8.9,0,-32.8,26.5,0,0,0,-0.2,0,0,0,0,-10,0,0,0,0,-0.00229183,0,0,0,0,0,0,0,0,0,1,73,63,0,0.00034,0.00034,3,5,0,0,0,0,0,0,0,0,0,0,1,0,0,0,0,0,0,0,0,0,0,,0,0,0,0,
16,9.39,0,-29.35,23,0,0,0,-2.45,0,0,0,0,-15,0,0,0,0,-0.00229183,0,0,0,0,0,0,0,0,0,1,69,63,0,0.00034,0.00034,3,5,0,0,0,0,0,0,0,0,0,0,1,0,0,0,0,0,0,0,0,0,0,,0,0,0,0,
17,9.84,0,-28.3,21,0,0,0,-0.6,0,0,0,0,-17.5,0,0,0,0,-0.00229183,0,0,0,0,0,0,0,0,0,1,68,63,0,0.00034,0.00034,3,5,0,0,0,0,0,0,0,0,0,0,1,0,0,0,0,0,0,0,0,0,0,,0,0,0,0,
18,12.16,0,-12.6,26.5,0,0,0,13.05,0,0,0,0,-16.5,0,0,0,0,-0.00229183,0,0,0,0,0,0,0,0,0,1,73,63,0,0.00034,0.00034,3,5,0,0,0,0,0,0,0,0,0,0,1,0,0,0,0,0,0,0,0,0,0,,0,0,0,0,
19,13,0,-23.3,21.5,0,0,0,-1.8,0,0,0,0,-17,0,0,0,0,-0.00229183,0,0,0,0,0,0,0,0,0,1,68,63,0,0.00034,0.00034,3,5,0,0,0,0,0,0,0,0,0,0,1,0,0,0,0,0,0,0,0,0,0,,0,0,0,0,
END,Total:20
START,FrameNb:112,CameraNb:0,HeSaiNb:0,ARS410Nb:0
2026/08/02 16:23:55:733---->
heightOffset:0,1785659035733,1325324,selfCaliBufCnt:0,selfAccObjCnt:0,selfAccAngle:0,installHAngleOffset:0,Interpolation:0,installVAngleOffset:0,radarOffsetH:0,radarOffsetV:0.32,Polynom:-0.001023;-0.0511;-2.047;0;0;0;-0.001023;-0.0511;-2.047;-25.5;0;0,WheelDirection:0;0;0;0,selfAngleOffset:0,selfAngleOffsetPit:0,currCaliAngleHrz:0,currCaliAnglePit:0,selfCaliAngleHrz:0,selfCaliAnglePit:0,servCaliAngleHrz:0,servCaliAnglePit:0,offlineCaliAngleHrz:0,offlineCaliAnglePit:0,determine2useFlag:0,IMU_Z_Accel:-21.592,IMU_X_AngularRate:-2.093,IMU_Y_AngularRate:-2.093,IMU_RollAngle:-180,IMU_PitchAngle:-180,IMU_YawAngle:-180,FcwID:0,FCWWarningLevel:0,FCWTTC:0
0,2.32,0,-35.05,29,0,0,0,2.4,1.37605e-33,0,0,0,-9,0,0,0,0,-0.00229183,0,0,0,0,0,0,0,0,0,1,78,56,0,0.00034,0.00034,3,5,0,0,0,0,0,0,0,0,0,0,1,0,1,0,0,0,0,0,0,0,0,,0,0,0,0,
1,2.8,0,-34.05,43,0,0,0,1.75,0,0,0,0,6,0,0,0,0,-0.00229183,0,0,0,0,0,0,0,0,0,1,92,56,0,0.00034,0.00034,3,0,0,0,0,0,0,0,0,0,0,0,1,0,1,0,0,0,0,0,0,0,0,,0,0,0,0,
2,3.26,0,13.55,38.5,0,0,0,2.55,0,0,0,0,-7,0,0,0,0,-0.00229183,0,0,0,0,0,0,0,0,0,1,87,56,0,0.00034,0.00034,3,0,0,0,0,0,0,0,0,0,0,0,1,0,1,0,0,0,0,0,0,0,0,,0,0,0,0,
3,3.59,0,45.45,31.5,0,0,0,-9.05,0,0,0,0,5,0,0,0,0,-0.00229183,0,0,0,0,0,0,0,0,0,1,80,56,0,0.00034,0.00034,3,5,0,0,0,0,0,0,0,0,0,0,1,0,1,0,0,0,0,0,0,0,0,,0,0,0,0,
4,4.03,0,2.2,41.5,0,0,0,0.65,0,0,0,0,-6.5,0,0,0,0,-0.00229183,0,0,0,0,0,0,0,0,0,1,89,56,0,0.00034,0.00034,3,5,0,0,0,0,0,0,0,0,0,0,1,0,1,0,0,0,0,0,0,0,0,,0,0,0,0,
5,5.17,0,-35.1,33.5,0,0,0,-3.35,0,0,0,0,-6,0,0,0,0,-0.00229183,0,0,0,0,0,0,0,0,0,1,79,56,0,0.00034,0.00034,3,5,0,0,0,0,0,0,0,0,0,0,1,0,1,0,0,0,0,0,0,0,0,,0,0,0,0,
6,5.17,0,-40.55,33.5,0,0,0,0.25,0,0,0,0,-3,0,0,0,0,-0.00229183,0,0,0,0,0,0,0,0,0,1,79,56,0,0.00034,0.00034,3,5,0,0,0,0,0,0,0,0,0,0,1,0,1,0,0,0,0,0,0,0,0,,0,0,0,0,
7,5.61,0,-34.6,35.5,0,0,0,-3,0,0,0,0,-4,0,0,0,0,-0.00229183,0,0,0,0,0,0,0,0,0,1,80,56,0,0.00034,0.00034,3,5,0,0,0,0,0,0,0,0,0,0,1,0,1,0,0,0,0,0,0,0,0,,0,0,0,0,
8,5.61,0,-24.1,35.5,0,0,0,-5.7,0,0,0,0,-9,0,0,0,0,-0.00229183,0,0,0,0,0,0,0,0,0,1,80,56,0,0.00034,0.00034,3,5,0,0,0,0,0,0,0,0,0,0,1,0,1,0,0,0,0,0,0,0,0,,0,0,0,0,
9,5.83,0,-40.8,30.5,0,0,0,0.25,0,0,0,0,-5.5,0,0,0,0,-0.00229183,0,0,0,0,0,0,0,0,0,1,75,56,0,0.00034,0.00034,3,5,0,0,0,0,0,0,0,0,0,0,1,0,1,0,0,0,0,0,0,0,0,,0,0,0,0,
10,7.03,0,-33.4,24.5,0,0,0,7.8,0,0,0,0,-14,0,0,0,0,-0.00229183,0,0,0,0,0,0,0,0,0,1,70,56,0,0.00034,0.00034,3,5,0,0,0,0,0,0,0,0,0,0,1,0,1,0,0,0,0,0,0,0,0,,0,0,0,0,
11,7.66,0,34.85,39.5,0,0,0,6.2,0,0,0,0,5,0,0,0,0,-0.00229183,0,0,0,0,0,0,0,0,0,1,85,56,0,0.00034,0.00034,3,5,0,0,0,0,0,0,0,0,0,0,1,0,1,0,0,0,0,0,0,0,0,,0,0,0,0,
12,8.25,0,-25.15,28.5,0,0,0,-1.95,0,0,0,0,-12.5,0,0,0,0,-0.00229183,0,0,0,0,0,0,0,0,0,1,74,56,0,0.00034,0.00034,3,0,0,0,0,0,0,0,0,0,0,0,1,0,1,0,0,0,0,0,0,0,0,,0,0,0,0,
13,8.48,0,69.1,30,0,0,0,-11.45,0,0,0,0,22.5,0,0,0,0,-0.00229183,0,0,0,0,0,0,0,0,0,1,76,56,0,0.00034,0.00034,3,7,0,0,0,0,0,0,0,0,0,0,1,0,1,0,0,0,0,0,0,0,0,,0,0,0,0,
14,8.9,0,-32.8,26.5,0,0,0,-0.45,0,0,0,0,-10,0,0,0,0,-0.00229183,0,0,0,0,0,0,0,0,0,1,72,56,0,0.00034,0.00034,3,7,0,0,0,0,0,0,0,0,0,0,1,0,1,0,0,0,0,0,0,0,0,,0,0,0,0,
15,9.39,0,-29.3,23,0,0,0,-2.6,0,0,0,0,-15,0,0,0,0,-0.00229183,0,0,0,0,0,0,0,0,0,1,69,56,0,0.00034,0.00034,3,5,0,0,0,0,0,0,0,0,0,0,1,0,1,0,0,0,0,0,0,0,0,,0,0,0,0,
16,9.83,0,-28.2,21,0,0,0,-0.95,0,0,0,0,-17.5,0,0,0,0,-0.00229183,0,0,0,0,0,0,0,0,0,1,67,56,0,0.00034,0.00034,3,5,0,0,0,0,0,0,0,0,0,0,1,0,1,0,0,0,0,0,0,0,0,,0,0,0,0,
17,12.16,0,-12.55,27,0,0,0,12.75,0,0,0,0,-16.5,0,0,0,0,-0.00229183,0,0,0,0,0,0,0,0,0,1,73,56,0,0.00034,0.00034,3,5,0,0,0,0,0,0,0,0,0,0,1,0,1,0,0,0,0,0,0,0,0,,0,0,0,0,
18,13,0,-23.2,22,0,0,0,-1.6,0,0,0,0,-17.5,0,0,0,0,-0.00229183,0,0,0,0,0,0,0,0,0,1,68,56,0,0.00034,0.00034,3,5,0,0,0,0,0,0,0,0,0,0,1,0,1,0,0,0,0,0,0,0,0,,0,0,0,0,
END,Total:19
START,FrameNb:113,CameraNb:0,HeSaiNb:0,ARS410Nb:0
2026/08/02 16:23:55:784---->
heightOffset:0,1785659035784,1325376,selfCaliBufCnt:0,selfAccObjCnt:0,selfAccAngle:0,installHAngleOffset:0,Interpolation:0,installVAngleOffset:0,radarOffsetH:0,radarOffsetV:0.32,Polynom:-0.001023;-0.0511;-2.047;0;0;0;-0.001023;-0.0511;-2.047;-25.5;0;0,WheelDirection:0;0;0;0,selfAngleOffset:0,selfAngleOffsetPit:0,currCaliAngleHrz:0,currCaliAnglePit:0,selfCaliAngleHrz:0,selfCaliAnglePit:0,servCaliAngleHrz:0,servCaliAnglePit:0,offlineCaliAngleHrz:0,offlineCaliAnglePit:0,determine2useFlag:0,IMU_Z_Accel:-21.592,IMU_X_AngularRate:-2.093,IMU_Y_AngularRate:-2.093,IMU_RollAngle:-180,IMU_PitchAngle:-180,IMU_YawAngle:-180,FcwID:0,FCWWarningLevel:0,FCWTTC:0
0,2.32,0,30.05,29,0,0,0,7.7,1.37605e-33,0,0,0,-8.5,0,0,0,0,-0.00229183,0,0,0,0,0,0,0,0,0,1,78,58,0,0.00034,0.00034,3,5,0,0,0,0,0,0,0,0,0,0,1,0,0,0,0,0,0,0,0,0,0,,0,0,0,0,
1,2.8,0,-34.05,43.5,0,0,0,1.75,0,0,0,0,6,0,0,0,0,-0.00229183,0,0,0,0,0,0,0,0,0,1,92,58,0,0.00034,0.00034,3,0,0,0,0,0,0,0,0,0,0,0,1,0,0,0,0,0,0,0,0,0,0,,0,0,0,0,
2,3.25,0,13.55,38.5,0,0,0,2.55,0,0,0,0,-7,0,0,0,0,-0.00229183,0,0,0,0,0,0,0,0,0,1,87,58,0,0.00034,0.00034,3,0,0,0,0,0,0,0,0,0,0,0,1,0,0,0,0,0,0,0,0,0,0,,0,0,0,0,
3,3.58,0,45.95,32,0,0,0,-10.1,0,0,0,0,5,0,0,0,0,-0.00229183,0,0,0,0,0,0,0,0,0,1,80,58,0,0.00034,0.00034,3,5,0,0,0,0,0,0,0,0,0,0,1,0,0,0,0,0,0,0,0,0,0,,0,0,0,0,
4,4.03,0,2.2,41.5,0,0,0,0.55,0,0,0,0,-6,0,0,0,0,-0.00229183,0,0,0,0,0,0,0,0,0,1,89,58,0,0.00034,0.00034,3,5,0,0,0,0,0,0,0,0,0,0,1,0,0,0,0,0,0,0,0,0,0,,0,0,0,0,
5,5.16,0,-35.1,34,0,0,0,-3.45,0,0,0,0,-6,0,0,0,0,-0.00229183,0,0,0,0,0,0,0,0,0,1,79,58,0,0.00034,0.00034,3,5,0,0,0,0,0,0,0,0,0,0,1,0,0,0,0,0,0,0,0,0,0,,0,0,0,0,
6,5.16,0,-40.6,34,0,0,0,0.2,0,0,0,0,-3,0,0,0,0,-0.00229183,0,0,0,0,0,0,0,0,0,1,79,58,0,0.00034,0.00034,3,5,0,0,0,0,0,0,0,0,0,0,1,0,0,0,0,0,0,0,0,0,0,,0,0,0,0,
7,5.61,0,-34.7,36,0,0,0,-3.1,0,0,0,0,-4,0,0,0,0,-0.00229183,0,0,0,0,0,0,0,0,0,1,80,58,0,0.00034,0.00034,3,5,0,0,0,0,0,0,0,0,0,0,1,0,0,0,0,0,0,0,0,0,0,,0,0,0,0,
8,5.61,0,-24.15,36,0,0,0,-5.6,0,0,0,0,-9,0,0,0,0,-0.00229183,0,0,0,0,0,0,0,0,0,1,80,58,0,0.00034,0.00034,3,5,0,0,0,0,0,0,0,0,0,0,1,0,0,0,0,0,0,0,0,0,0,,0,0,0,0,
9,5.83,0,-40.65,30.5,0,0,0,0.15,0,0,0,0,-5.5,0,0,0,0,-0.00229183,0,0,0,0,0,0,0,0,0,1,76,58,0,0.00034,0.00034,3,5,0,0,0,0,0,0,0,0,0,0,1,0,0,0,0,0,0,0,0,0,0,,0,0,0,0,
10,6.63,0,4.55,24.5,0,0,0,-13.1,0,0,0,0,-23.5,0,0,0,0,-0.00229183,0,0,0,0,0,0,0,0,0,1,70,58,0,0.00034,0.00034,2,-1,0,0,0,0,0,0,0,0,0,0,1,0,0,0,0,0,0,0,0,0,0,,0,0,0,0,
11,7.03,0,-33.3,25,0,0,0,7.55,0,0,0,0,-13.5,0,0,0,0,-0.00229183,0,0,0,0,0,0,0,0,0,1,70,58,0,0.00034,0.00034,3,5,0,0,0,0,0,0,0,0,0,0,1,0,0,0,0,0,0,0,0,0,0,,0,0,0,0,
12,7.66,0,34.9,39,0,0,0,6.15,0,0,0,0,5,0,0,0,0,-0.00229183,0,0,0,0,0,0,0,0,0,1,85,58,0,0.00034,0.00034,3,5,0,0,0,0,0,0,0,0,0,0,1,0,0,0,0,0,0,0,0,0,0,,0,0,0,0,
13,8.24,0,-25.15,28.5,0,0,0,11.75,0,0,0,0,-12,0,0,0,0,-0.00229183,0,0,0,0,0,0,0,0,0,1,75,58,0,0.00034,0.00034,3,0,0,0,0,0,0,0,0,0,0,0,1,0,0,0,0,0,0,0,0,0,0,,0,0,0,0,
14,8.65,0,69.1,30,0,0,0,-11.55,0,0,0,0,22.5,0,0,0,0,-0.00229183,0,0,0,0,0,0,0,0,0,1,76,58,0,0.00034,0.00034,3,7,0,0,0,0,0,0,0,0,0,0,1,0,0,0,0,0,0,0,0,0,0,,0,0,0,0,
15,8.9,0,-32.7,26.5,0,0,0,-0.55,0,0,0,0,-10,0,0,0,0,-0.00229183,0,0,0,0,0,0,0,0,0,1,72,58,0,0.00034,0.00034,3,5,0,0,0,0,0,0,0,0,0,0,1,0,0,0,0,0,0,0,0,0,0,,0,0,0,0,
16,9.39,0,-29.3,23,0,0,0,-2.6,0,0,0,0,-15,0,0,0,0,-0.00229183,0,0,0,0,0,0,0,0,0,1,69,58,0,0.00034,0.00034,3,5,0,0,0,0,0,0,0,0,0,0,1,0,0,0,0,0,0,0,0,0,0,,0,0,0,0,
17,9.85,0,-28.3,21,0,0,0,0.15,0,0,0,0,-17.5,0,0,0,0,-0.00229183,0,0,0,0,0,0,0,0,0,1,68,58,0,0.00034,0.00034,3,5,0,0,0,0,0,0,0,0,0,0,1,0,0,0,0,0,0,0,0,0,0,,0,0,0,0,
18,12.16,0,-12.6,26.5,0,0,0,12.9,0,0,0,0,-16,0,0,0,0,-0.00229183,0,0,0,0,0,0,0,0,0,1,73,58,0,0.00034,0.00034,3,5,0,0,0,0,0,0,0,0,0,0,1,0,0,0,0,0,0,0,0,0,0,,0,0,0,0,
19,13,0,-23.15,21,0,0,0,-1.45,0,0,0,0,-18,0,0,0,0,-0.00229183,0,0,0,0,0,0,0,0,0,1,67,58,0,0.00034,0.00034,3,5,0,0,0,0,0,0,0,0,0,0,1,0,0,0,0,0,0,0,0,0,0,,0,0,0,0,
END,Total:20
START,FrameNb:114,CameraNb:0,HeSaiNb:0,ARS410Nb:0
2026/08/02 16:23:55:889---->
heightOffset:0,1785659035889,1325436,selfCaliBufCnt:0,selfAccObjCnt:0,selfAccAngle:0,installHAngleOffset:0,Interpolation:0,installVAngleOffset:0,radarOffsetH:0,radarOffsetV:0.32,Polynom:-0.001023;-0.0511;-2.047;0;0;0;-0.001023;-0.0511;-2.047;-25.5;0;0,WheelDirection:0;0;0;0,selfAngleOffset:0,selfAngleOffsetPit:0,currCaliAngleHrz:0,currCaliAnglePit:0,selfCaliAngleHrz:0,selfCaliAnglePit:0,servCaliAngleHrz:0,servCaliAnglePit:0,offlineCaliAngleHrz:0,offlineCaliAnglePit:0,determine2useFlag:0,IMU_Z_Accel:-21.592,IMU_X_AngularRate:-2.093,IMU_Y_AngularRate:-2.093,IMU_RollAngle:-180,IMU_PitchAngle:-180,IMU_YawAngle:-180,FcwID:0,FCWWarningLevel:0,FCWTTC:0
0,2.32,0,30.05,29,0,0,0,8.2,1.37605e-33,0,0,0,-8.5,0,0,0,0,-0.00229183,0,0,0,0,0,0,0,0,0,1,78,55,0,0.00034,0.00034,3,5,0,0,0,0,0,0,0,0,0,0,1,0,1,0,0,0,0,0,0,0,0,,0,0,0,0,
1,2.8,0,-34.05,43,0,0,0,1.75,0,0,0,0,6,0,0,0,0,-0.00229183,0,0,0,0,0,0,0,0,0,1,92,55,0,0.00034,0.00034,3,0,0,0,0,0,0,0,0,0,0,0,1,0,1,0,0,0,0,0,0,0,0,,0,0,0,0,
2,3.25,0,13.55,38.5,0,0,0,2.55,0,0,0,0,-7,0,0,0,0,-0.00229183,0,0,0,0,0,0,0,0,0,1,87,55,0,0.00034,0.00034,3,0,0,0,0,0,0,0,0,0,0,0,1,0,1,0,0,0,0,0,0,0,0,,0,0,0,0,
3,3.63,0,45.8,31.5,0,0,0,-9.6,0,0,0,0,5,0,0,0,0,-0.00229183,0,0,0,0,0,0,0,0,0,1,80,55,0,0.00034,0.00034,3,5,0,0,0,0,0,0,0,0,0,0,1,0,1,0,0,0,0,0,0,0,0,,0,0,0,0,
4,4.03,0,2.2,41.5,0,0,0,0.65,0,0,0,0,-6.5,0,0,0,0,-0.00229183,0,0,0,0,0,0,0,0,0,1,89,55,0,0.00034,0.00034,3,5,0,0,0,0,0,0,0,0,0,0,1,0,1,0,0,0,0,0,0,0,0,,0,0,0,0,
5,5.16,0,-35.1,34,0,0,0,-3.3,0,0,0,0,-6,0,0,0,0,-0.00229183,0,0,0,0,0,0,0,0,0,1,79,55,0,0.00034,0.00034,3,5,0,0,0,0,0,0,0,0,0,0,1,0,1,0,0,0,0,0,0,0,0,,0,0,0,0,
6,5.16,0,-40.55,34,0,0,0,0.2,0,0,0,0,-3,0,0,0,0,-0.00229183,0,0,0,0,0,0,0,0,0,1,79,55,0,0.00034,0.00034,3,5,0,0,0,0,0,0,0,0,0,0,1,0,1,0,0,0,0,0,0,0,0,,0,0,0,0,
7,5.61,0,-34.6,35.5,0,0,0,-3.1,0,0,0,0,-4,0,0,0,0,-0.00229183,0,0,0,0,0,0,0,0,0,1,80,55,0,0.00034,0.00034,3,5,0,0,0,0,0,0,0,0,0,0,1,0,1,0,0,0,0,0,0,0,0,,0,0,0,0,
8,5.61,0,-24.1,35.5,0,0,0,-5.7,0,0,0,0,-9,0,0,0,0,-0.00229183,0,0,0,0,0,0,0,0,0,1,80,55,0,0.00034,0.00034,3,5,0,0,0,0,0,0,0,0,0,0,1,0,1,0,0,0,0,0,0,0,0,,0,0,0,0,
9,5.83,0,-40.65,30.5,0,0,0,0.25,0,0,0,0,-5.5,0,0,0,0,-0.00229183,0,0,0,0,0,0,0,0,0,1,76,55,0,0.00034,0.00034,3,5,0,0,0,0,0,0,0,0,0,0,1,0,1,0,0,0,0,0,0,0,0,,0,0,0,0,
10,7.02,0,-10.2,24.5,0,0,0,2.3,0,0,0,0,-23,0,0,0,0,-0.00229183,0,0,0,0,0,0,0,0,0,1,70,55,0,0.00034,0.00034,3,5,0,0,0,0,0,0,0,0,0,0,1,0,1,0,0,0,0,0,0,0,0,,0,0,0,0,
11,7.66,0,34.95,39.5,0,0,0,6.25,0,0,0,0,5,0,0,0,0,-0.00229183,0,0,0,0,0,0,0,0,0,1,85,55,0,0.00034,0.00034,3,5,0,0,0,0,0,0,0,0,0,0,1,0,1,0,0,0,0,0,0,0,0,,0,0,0,0,
12,8.25,0,-25.1,28.5,0,0,0,-1.7,0,0,0,0,-12.5,0,0,0,0,-0.00229183,0,0,0,0,0,0,0,0,0,1,75,55,0,0.00034,0.00034,3,0,0,0,0,0,0,0,0,0,0,0,1,0,1,0,0,0,0,0,0,0,0,,0,0,0,0,
13,8.48,0,69.15,30,0,0,0,-11.55,0,0,0,0,22.5,0,0,0,0,-0.00229183,0,0,0,0,0,0,0,0,0,1,76,55,0,0.00034,0.00034,3,7,0,0,0,0,0,0,0,0,0,0,1,0,1,0,0,0,0,0,0,0,0,,0,0,0,0,
14,8.9,0,-32.6,26,0,0,0,-0.75,0,0,0,0,-10,0,0,0,0,-0.00229183,0,0,0,0,0,0,0,0,0,1,72,55,0,0.00034,0.00034,3,7,0,0,0,0,0,0,0,0,0,0,1,0,1,0,0,0,0,0,0,0,0,,0,0,0,0,
15,9.39,0,-29.3,23,0,0,0,-2.55,0,0,0,0,-15,0,0,0,0,-0.00229183,0,0,0,0,0,0,0,0,0,1,69,55,0,0.00034,0.00034,3,5,0,0,0,0,0,0,0,0,0,0,1,0,1,0,0,0,0,0,0,0,0,,0,0,0,0,
16,9.84,0,-28.35,20.5,0,0,0,-0.7,0,0,0,0,-18,0,0,0,0,-0.00229183,0,0,0,0,0,0,0,0,0,1,67,55,0,0.00034,0.00034,3,5,0,0,0,0,0,0,0,0,0,0,1,0,1,0,0,0,0,0,0,0,0,,0,0,0,0,
17,12.16,0,-12.55,26.5,0,0,0,12.8,0,0,0,0,-16,0,0,0,0,-0.00229183,0,0,0,0,0,0,0,0,0,1,74,55,0,0.00034,0.00034,3,5,0,0,0,0,0,0,0,0,0,0,1,0,1,0,0,0,0,0,0,0,0,,0,0,0,0,
18,13,0,-23.2,21.5,0,0,0,-1.75,0,0,0,0,-17.5,0,0,0,0,-0.00229183,0,0,0,0,0,0,0,0,0,1,68,55,0,0.00034,0.00034,3,5,0,0,0,0,0,0,0,0,0,0,1,0,1,0,0,0,0,0,0,0,0,,0,0,0,0,
END,Total:19
START,FrameNb:115,CameraNb:0,HeSaiNb:0,ARS410Nb:0
2026/08/02 16:23:55:949---->
heightOffset:0,1785659035949,1325488,selfCaliBufCnt:0,selfAccObjCnt:0,selfAccAngle:0,installHAngleOffset:0,Interpolation:0,installVAngleOffset:0,radarOffsetH:0,radarOffsetV:0.32,Polynom:-0.001023;-0.0511;-2.047;0;0;0;-0.001023;-0.0511;-2.047;-25.5;0;0,WheelDirection:0;0;0;0,selfAngleOffset:0,selfAngleOffsetPit:0,currCaliAngleHrz:0,currCaliAnglePit:0,selfCaliAngleHrz:0,selfCaliAnglePit:0,servCaliAngleHrz:0,servCaliAnglePit:0,offlineCaliAngleHrz:0,offlineCaliAnglePit:0,determine2useFlag:0,IMU_Z_Accel:-21.592,IMU_X_AngularRate:-2.093,IMU_Y_AngularRate:-2.093,IMU_RollAngle:-180,IMU_PitchAngle:-180,IMU_YawAngle:-180,FcwID:0,FCWWarningLevel:0,FCWTTC:0
0,2.32,0,30.05,29,0,0,0,7.65,1.37605e-33,0,0,0,-8.5,0,0,0,0,-0.00229183,0,0,0,0,0,0,0,0,0,1,78,57,0,0.00034,0.00034,3,5,0,0,0,0,0,0,0,0,0,0,1,0,0,0,0,0,0,0,0,0,0,,0,0,0,0,
1,2.8,0,-34.05,43.5,0,0,0,1.75,0,0,0,0,6,0,0,0,0,-0.00229183,0,0,0,0,0,0,0,0,0,1,92,57,0,0.00034,0.00034,3,0,0,0,0,0,0,0,0,0,0,0,1,0,0,0,0,0,0,0,0,0,0,,0,0,0,0,
2,3.25,0,13.55,38.5,0,0,0,2.55,0,0,0,0,-7,0,0,0,0,-0.00229183,0,0,0,0,0,0,0,0,0,1,87,57,0,0.00034,0.00034,3,0,0,0,0,0,0,0,0,0,0,0,1,0,0,0,0,0,0,0,0,0,0,,0,0,0,0,
3,3.59,0,45.95,32,0,0,0,-10.05,0,0,0,0,5,0,0,0,0,-0.00229183,0,0,0,0,0,0,0,0,0,1,80,57,0,0.00034,0.00034,3,5,0,0,0,0,0,0,0,0,0,0,1,0,0,0,0,0,0,0,0,0,0,,0,0,0,0,
4,4.03,0,2.2,41.5,0,0,0,0.55,0,0,0,0,-6,0,0,0,0,-0.00229183,0,0,0,0,0,0,0,0,0,1,89,57,0,0.00034,0.00034,3,5,0,0,0,0,0,0,0,0,0,0,1,0,0,0,0,0,0,0,0,0,0,,0,0,0,0,
5,5.16,0,-35.1,34,0,0,0,-3.35,0,0,0,0,-6,0,0,0,0,-0.00229183,0,0,0,0,0,0,0,0,0,1,79,57,0,0.00034,0.00034,3,5,0,0,0,0,0,0,0,0,0,0,1,0,0,0,0,0,0,0,0,0,0,,0,0,0,0,
6,5.16,0,-40.6,34,0,0,0,0.15,0,0,0,0,-3,0,0,0,0,-0.00229183,0,0,0,0,0,0,0,0,0,1,79,57,0,0.00034,0.00034,3,5,0,0,0,0,0,0,0,0,0,0,1,0,0,0,0,0,0,0,0,0,0,,0,0,0,0,
7,5.61,0,-34.65,36,0,0,0,-3.1,0,0,0,0,-4,0,0,0,0,-0.00229183,0,0,0,0,0,0,0,0,0,1,80,57,0,0.00034,0.00034,3,5,0,0,0,0,0,0,0,0,0,0,1,0,0,0,0,0,0,0,0,0,0,,0,0,0,0,
8,5.61,0,-24.1,36,0,0,0,-5.6,0,0,0,0,-9,0,0,0,0,-0.00229183,0,0,0,0,0,0,0,0,0,1,80,57,0,0.00034,0.00034,3,5,0,0,0,0,0,0,0,0,0,0,1,0,0,0,0,0,0,0,0,0,0,,0,0,0,0,
9,5.83,0,-40.6,30.5,0,0,0,0,0,0,0,0,-6,0,0,0,0,-0.00229183,0,0,0,0,0,0,0,0,0,1,75,57,0,0.00034,0.00034,3,5,0,0,0,0,0,0,0,0,0,0,1,0,0,0,0,0,0,0,0,0,0,,0,0,0,0,
10,6.63,0,-53.85,24.5,0,0,0,-4.45,0,0,0,0,0.5,0,0,0,0,-0.00229183,0,0,0,0,0,0,0,0,0,1,70,57,0,0.00034,0.00034,3,5,0,0,0,0,0,0,0,0,0,0,1,0,0,0,0,0,0,0,0,0,0,,0,0,0,0,
11,7.03,0,-10.2,24.5,0,0,0,2.2,0,0,0,0,-23,0,0,0,0,-0.00229183,0,0,0,0,0,0,0,0,0,1,70,57,0,0.00034,0.00034,3,5,0,0,0,0,0,0,0,0,0,0,1,0,0,0,0,0,0,0,0,0,0,,0,0,0,0,
12,7.66,0,35,39.5,0,0,0,6.3,0,0,0,0,6,0,0,0,0,-0.00229183,0,0,0,0,0,0,0,0,0,1,85,57,0,0.00034,0.00034,3,5,0,0,0,0,0,0,0,0,0,0,1,0,0,0,0,0,0,0,0,0,0,,0,0,0,0,
13,8.23,0,-25.1,29,0,0,0,-1.8,0,0,0,0,-12,0,0,0,0,-0.00229183,0,0,0,0,0,0,0,0,0,1,75,57,0,0.00034,0.00034,3,0,0,0,0,0,0,0,0,0,0,0,1,0,0,0,0,0,0,0,0,0,0,,0,0,0,0,
14,8.65,0,69.15,30,0,0,0,-11.55,0,0,0,0,22.5,0,0,0,0,-0.00229183,0,0,0,0,0,0,0,0,0,1,76,57,0,0.00034,0.00034,3,7,0,0,0,0,0,0,0,0,0,0,1,0,0,0,0,0,0,0,0,0,0,,0,0,0,0,
15,8.9,0,-32.65,26.5,0,0,0,-0.45,0,0,0,0,-10,0,0,0,0,-0.00229183,0,0,0,0,0,0,0,0,0,1,73,57,0,0.00034,0.00034,3,5,0,0,0,0,0,0,0,0,0,0,1,0,0,0,0,0,0,0,0,0,0,,0,0,0,0,
16,9.39,0,-29.2,23,0,0,0,-2.75,0,0,0,0,-15,0,0,0,0,-0.00229183,0,0,0,0,0,0,0,0,0,1,69,57,0,0.00034,0.00034,3,5,0,0,0,0,0,0,0,0,0,0,1,0,0,0,0,0,0,0,0,0,0,,0,0,0,0,
17,9.82,0,-28.35,21,0,0,0,-0.6,0,0,0,0,-18,0,0,0,0,-0.00229183,0,0,0,0,0,0,0,0,0,1,67,57,0,0.00034,0.00034,3,5,0,0,0,0,0,0,0,0,0,0,1,0,0,0,0,0,0,0,0,0,0,,0,0,0,0,
18,12.16,0,-12.55,26.5,0,0,0,12.95,0,0,0,0,-16.5,0,0,0,0,-0.00229183,0,0,0,0,0,0,0,0,0,1,73,57,0,0.00034,0.00034,3,5,0,0,0,0,0,0,0,0,0,0,1,0,0,0,0,0,0,0,0,0,0,,0,0,0,0,
19,13,0,-23.2,21.5,0,0,0,-1.95,0,0,0,0,-17.5,0,0,0,0,-0.00229183,0,0,0,0,0,0,0,0,0,1,68,57,0,0.00034,0.00034,3,5,0,0,0,0,0,0,0,0,0,0,1,0,0,0,0,0,0,0,0,0,0,,0,0,0,0,
END,Total:20
START,FrameNb:116,CameraNb:0,HeSaiNb:0,ARS410Nb:0
2026/08/02 16:23:55:977---->
heightOffset:0,1785659035977,1325548,selfCaliBufCnt:0,selfAccObjCnt:0,selfAccAngle:0,installHAngleOffset:0,Interpolation:0,installVAngleOffset:0,radarOffsetH:0,radarOffsetV:0.32,Polynom:-0.001023;-0.0511;-2.047;0;0;0;-0.001023;-0.0511;-2.047;-25.5;0;0,WheelDirection:0;0;0;0,selfAngleOffset:0,selfAngleOffsetPit:0,currCaliAngleHrz:0,currCaliAnglePit:0,selfCaliAngleHrz:0,selfCaliAnglePit:0,servCaliAngleHrz:0,servCaliAnglePit:0,offlineCaliAngleHrz:0,offlineCaliAnglePit:0,determine2useFlag:0,IMU_Z_Accel:-21.592,IMU_X_AngularRate:-2.093,IMU_Y_AngularRate:-2.093,IMU_RollAngle:-180,IMU_PitchAngle:-180,IMU_YawAngle:-180,FcwID:0,FCWWarningLevel:0,FCWTTC:0
0,2.32,0,30.1,29,0,0,0,8.15,1.37605e-33,0,0,0,-8.5,0,0,0,0,-0.00229183,0,0,0,0,0,0,0,0,0,1,78,54,0,0.00034,0.00034,3,5,0,0,0,0,0,0,0,0,0,0,1,0,1,0,0,0,0,0,0,0,0,,0,0,0,0,
1,2.8,0,-34.05,43.5,0,0,0,1.75,0,0,0,0,6,0,0,0,0,-0.00229183,0,0,0,0,0,0,0,0,0,1,92,54,0,0.00034,0.00034,3,0,0,0,0,0,0,0,0,0,0,0,1,0,1,0,0,0,0,0,0,0,0,,0,0,0,0,
2,3.25,0,13.55,38.5,0,0,0,2.55,0,0,0,0,-7,0,0,0,0,-0.00229183,0,0,0,0,0,0,0,0,0,1,87,54,0,0.00034,0.00034,3,0,0,0,0,0,0,0,0,0,0,0,1,0,1,0,0,0,0,0,0,0,0,,0,0,0,0,
3,3.61,0,45.55,31.5,0,0,0,-9.1,0,0,0,0,5,0,0,0,0,-0.00229183,0,0,0,0,0,0,0,0,0,1,80,54,0,0.00034,0.00034,3,5,0,0,0,0,0,0,0,0,0,0,1,0,1,0,0,0,0,0,0,0,0,,0,0,0,0,
4,4.03,0,2.2,41.5,0,0,0,0.65,0,0,0,0,-6.5,0,0,0,0,-0.00229183,0,0,0,0,0,0,0,0,0,1,89,54,0,0.00034,0.00034,3,5,0,0,0,0,0,0,0,0,0,0,1,0,1,0,0,0,0,0,0,0,0,,0,0,0,0,
5,5.17,0,-35.1,34,0,0,0,-3.35,0,0,0,0,-6,0,0,0,0,-0.00229183,0,0,0,0,0,0,0,0,0,1,79,54,0,0.00034,0.00034,3,5,0,0,0,0,0,0,0,0,0,0,1,0,1,0,0,0,0,0,0,0,0,,0,0,0,0,
6,5.17,0,-40.6,34,0,0,0,0.05,0,0,0,0,-3,0,0,0,0,-0.00229183,0,0,0,0,0,0,0,0,0,1,79,54,0,0.00034,0.00034,3,5,0,0,0,0,0,0,0,0,0,0,1,0,1,0,0,0,0,0,0,0,0,,0,0,0,0,
7,5.61,0,-34.55,35.5,0,0,0,-3.05,0,0,0,0,-4,0,0,0,0,-0.00229183,0,0,0,0,0,0,0,0,0,1,80,54,0,0.00034,0.00034,3,5,0,0,0,0,0,0,0,0,0,0,1,0,1,0,0,0,0,0,0,0,0,,0,0,0,0,
8,5.61,0,-24.1,35.5,0,0,0,-5.6,0,0,0,0,-9,0,0,0,0,-0.00229183,0,0,0,0,0,0,0,0,0,1,80,54,0,0.00034,0.00034,3,5,0,0,0,0,0,0,0,0,0,0,1,0,1,0,0,0,0,0,0,0,0,,0,0,0,0,
9,5.83,0,-40.85,30.5,0,0,0,0.25,0,0,0,0,-5.5,0,0,0,0,-0.00229183,0,0,0,0,0,0,0,0,0,1,75,54,0,0.00034,0.00034,3,5,0,0,0,0,0,0,0,0,0,0,1,0,1,0,0,0,0,0,0,0,0,,0,0,0,0,
10,6.63,0,4.85,24.5,0,0,0,-13.35,0,0,0,0,-23.5,0,0,0,0,-0.00229183,0,0,0,0,0,0,0,0,0,1,70,54,0,0.00034,0.00034,2,-1,0,0,0,0,0,0,0,0,0,0,1,0,1,0,0,0,0,0,0,0,0,,0,0,0,0,
11,7.03,0,-33.35,24.5,0,0,0,7.55,0,0,0,0,-14,0,0,0,0,-0.00229183,0,0,0,0,0,0,0,0,0,1,70,54,0,0.00034,0.00034,3,5,0,0,0,0,0,0,0,0,0,0,1,0,1,0,0,0,0,0,0,0,0,,0,0,0,0,
12,7.66,0,34.95,39.5,0,0,0,6.25,0,0,0,0,5,0,0,0,0,-0.00229183,0,0,0,0,0,0,0,0,0,1,85,54,0,0.00034,0.00034,3,5,0,0,0,0,0,0,0,0,0,0,1,0,1,0,0,0,0,0,0,0,0,,0,0,0,0,
13,8.23,0,-25.1,29,0,0,0,11.3,0,0,0,0,-12,0,0,0,0,-0.00229183,0,0,0,0,0,0,0,0,0,1,75,54,0,0.00034,0.00034,3,0,0,0,0,0,0,0,0,0,0,0,1,0,1,0,0,0,0,0,0,0,0,,0,0,0,0,
14,8.65,0,69.2,30,0,0,0,-11.6,0,0,0,0,22.5,0,0,0,0,-0.00229183,0,0,0,0,0,0,0,0,0,1,76,54,0,0.00034,0.00034,3,7,0,0,0,0,0,0,0,0,0,0,1,0,1,0,0,0,0,0,0,0,0,,0,0,0,0,
15,8.9,0,-32.65,26,0,0,0,-0.85,0,0,0,0,-10,0,0,0,0,-0.00229183,0,0,0,0,0,0,0,0,0,1,72,54,0,0.00034,0.00034,3,5,0,0,0,0,0,0,0,0,0,0,1,0,1,0,0,0,0,0,0,0,0,,0,0,0,0,
16,9.4,0,-29.35,23,0,0,0,-2.45,0,0,0,0,-15,0,0,0,0,-0.00229183,0,0,0,0,0,0,0,0,0,1,69,54,0,0.00034,0.00034,3,5,0,0,0,0,0,0,0,0,0,0,1,0,1,0,0,0,0,0,0,0,0,,0,0,0,0,
17,9.81,0,-28.3,21,0,0,0,-0.75,0,0,0,0,-17.5,0,0,0,0,-0.00229183,0,0,0,0,0,0,0,0,0,1,67,54,0,0.00034,0.00034,3,5,0,0,0,0,0,0,0,0,0,0,1,0,1,0,0,0,0,0,0,0,0,,0,0,0,0,
18,12.16,0,-12.45,26.5,0,0,0,12.75,0,0,0,0,-16.5,0,0,0,0,-0.00229183,0,0,0,0,0,0,0,0,0,1,73,54,0,0.00034,0.00034,3,5,0,0,0,0,0,0,0,0,0,0,1,0,1,0,0,0,0,0,0,0,0,,0,0,0,0,
19,13,0,-23.2,21.5,0,0,0,-1.75,0,0,0,0,-17.5,0,0,0,0,-0.00229183,0,0,0,0,0,0,0,0,0,1,68,54,0,0.00034,0.00034,3,5,0,0,0,0,0,0,0,0,0,0,1,0,1,0,0,0,0,0,0,0,0,,0,0,0,0,
END,Total:20
START,FrameNb:117,CameraNb:0,HeSaiNb:0,ARS410Nb:0
2026/08/02 16:23:56:036---->
heightOffset:0,1785659036036,1325604,selfCaliBufCnt:0,selfAccObjCnt:0,selfAccAngle:0,installHAngleOffset:0,Interpolation:0,installVAngleOffset:0,radarOffsetH:0,radarOffsetV:0.32,Polynom:-0.001023;-0.0511;-2.047;0;0;0;-0.001023;-0.0511;-2.047;-25.5;0;0,WheelDirection:0;0;0;0,selfAngleOffset:0,selfAngleOffsetPit:0,currCaliAngleHrz:0,currCaliAnglePit:0,selfCaliAngleHrz:0,selfCaliAnglePit:0,servCaliAngleHrz:0,servCaliAnglePit:0,offlineCaliAngleHrz:0,offlineCaliAnglePit:0,determine2useFlag:0,IMU_Z_Accel:-21.592,IMU_X_AngularRate:-2.093,IMU_Y_AngularRate:-2.093,IMU_RollAngle:-180,IMU_PitchAngle:-180,IMU_YawAngle:-180,FcwID:0,FCWWarningLevel:0,FCWTTC:0
0,2.32,0,30.1,29,0,0,0,7.55,1.37605e-33,0,0,0,-8.5,0,0,0,0,-0.00229183,0,0,0,0,0,0,0,0,0,1,78,61,0,0.00034,0.00034,3,5,0,0,0,0,0,0,0,0,0,0,1,0,0,0,0,0,0,0,0,0,0,,0,0,0,0,
1,2.8,0,-34.05,43.5,0,0,0,1.75,0,0,0,0,6,0,0,0,0,-0.00229183,0,0,0,0,0,0,0,0,0,1,92,61,0,0.00034,0.00034,3,0,0,0,0,0,0,0,0,0,0,0,1,0,0,0,0,0,0,0,0,0,0,,0,0,0,0,
2,3.25,0,13.55,38.5,0,0,0,2.55,0,0,0,0,-7,0,0,0,0,-0.00229183,0,0,0,0,0,0,0,0,0,1,87,61,0,0.00034,0.00034,3,0,0,0,0,0,0,0,0,0,0,0,1,0,0,0,0,0,0,0,0,0,0,,0,0,0,0,
3,3.58,0,45.8,32,0,0,0,-10.1,0,0,0,0,5,0,0,0,0,-0.00229183,0,0,0,0,0,0,0,0,0,1,80,61,0,0.00034,0.00034,3,5,0,0,0,0,0,0,0,0,0,0,1,0,0,0,0,0,0,0,0,0,0,,0,0,0,0,
4,4.03,0,2.2,41.5,0,0,0,0.55,0,0,0,0,-6,0,0,0,0,-0.00229183,0,0,0,0,0,0,0,0,0,1,89,61,0,0.00034,0.00034,3,5,0,0,0,0,0,0,0,0,0,0,1,0,0,0,0,0,0,0,0,0,0,,0,0,0,0,
5,5.16,0,-35.05,34,0,0,0,-3.35,0,0,0,0,-6,0,0,0,0,-0.00229183,0,0,0,0,0,0,0,0,0,1,79,61,0,0.00034,0.00034,3,5,0,0,0,0,0,0,0,0,0,0,1,0,0,0,0,0,0,0,0,0,0,,0,0,0,0,
6,5.16,0,-40.6,34,0,0,0,0.15,0,0,0,0,-3,0,0,0,0,-0.00229183,0,0,0,0,0,0,0,0,0,1,79,61,0,0.00034,0.00034,3,5,0,0,0,0,0,0,0,0,0,0,1,0,0,0,0,0,0,0,0,0,0,,0,0,0,0,
7,5.61,0,-34.6,35.5,0,0,0,-3.05,0,0,0,0,-4,0,0,0,0,-0.00229183,0,0,0,0,0,0,0,0,0,1,80,61,0,0.00034,0.00034,3,5,0,0,0,0,0,0,0,0,0,0,1,0,0,0,0,0,0,0,0,0,0,,0,0,0,0,
8,5.61,0,-24.05,35.5,0,0,0,-5.6,0,0,0,0,-9,0,0,0,0,-0.00229183,0,0,0,0,0,0,0,0,0,1,80,61,0,0.00034,0.00034,3,5,0,0,0,0,0,0,0,0,0,0,1,0,0,0,0,0,0,0,0,0,0,,0,0,0,0,
9,5.83,0,-40.45,30.5,0,0,0,0.15,0,0,0,0,-5.5,0,0,0,0,-0.00229183,0,0,0,0,0,0,0,0,0,1,75,61,0,0.00034,0.00034,3,5,0,0,0,0,0,0,0,0,0,0,1,0,0,0,0,0,0,0,0,0,0,,0,0,0,0,
10,6.63,0,-53.85,24.5,0,0,0,-0.45,0,0,0,0,0.5,0,0,0,0,-0.00229183,0,0,0,0,0,0,0,0,0,1,70,61,0,0.00034,0.00034,3,5,0,0,0,0,0,0,0,0,0,0,1,0,0,0,0,0,0,0,0,0,0,,0,0,0,0,
11,7.03,0,-33.2,24.5,0,0,0,7.4,0,0,0,0,-14,0,0,0,0,-0.00229183,0,0,0,0,0,0,0,0,0,1,70,61,0,0.00034,0.00034,3,5,0,0,0,0,0,0,0,0,0,0,1,0,0,0,0,0,0,0,0,0,0,,0,0,0,0,
12,7.66,0,34.95,39.5,0,0,0,6.45,0,0,0,0,5,0,0,0,0,-0.00229183,0,0,0,0,0,0,0,0,0,1,85,61,0,0.00034,0.00034,3,5,0,0,0,0,0,0,0,0,0,0,1,0,0,0,0,0,0,0,0,0,0,,0,0,0,0,
13,8.23,0,-25.15,29,0,0,0,12,0,0,0,0,-12,0,0,0,0,-0.00229183,0,0,0,0,0,0,0,0,0,1,75,61,0,0.00034,0.00034,3,0,0,0,0,0,0,0,0,0,0,0,1,0,0,0,0,0,0,0,0,0,0,,0,0,0,0,
14,8.65,0,69.15,30,0,0,0,-11.55,0,0,0,0,22.5,0,0,0,0,-0.00229183,0,0,0,0,0,0,0,0,0,1,76,61,0,0.00034,0.00034,3,7,0,0,0,0,0,0,0,0,0,0,1,0,0,0,0,0,0,0,0,0,0,,0,0,0,0,
15,8.9,0,-32.65,26,0,0,0,-0.7,0,0,0,0,-10,0,0,0,0,-0.00229183,0,0,0,0,0,0,0,0,0,1,73,61,0,0.00034,0.00034,3,5,0,0,0,0,0,0,0,0,0,0,1,0,0,0,0,0,0,0,0,0,0,,0,0,0,0,
16,9.39,0,-29.35,23,0,0,0,-2.45,0,0,0,0,-15,0,0,0,0,-0.00229183,0,0,0,0,0,0,0,0,0,1,69,61,0,0.00034,0.00034,3,5,0,0,0,0,0,0,0,0,0,0,1,0,0,0,0,0,0,0,0,0,0,,0,0,0,0,
17,9.83,0,-28.3,21,0,0,0,-0.55,0,0,0,0,-17.5,0,0,0,0,-0.00229183,0,0,0,0,0,0,0,0,0,1,67,61,0,0.00034,0.00034,3,5,0,0,0,0,0,0,0,0,0,0,1,0,0,0,0,0,0,0,0,0,0,,0,0,0,0,
18,12.16,0,-12.55,27,0,0,0,13.05,0,0,0,0,-16.5,0,0,0,0,-0.00229183,0,0,0,0,0,0,0,0,0,1,73,61,0,0.00034,0.00034,3,5,0,0,0,0,0,0,0,0,0,0,1,0,0,0,0,0,0,0,0,0,0,,0,0,0,0,
19,13,0,-23.2,21.5,0,0,0,-1.6,0,0,0,0,-17.5,0,0,0,0,-0.00229183,0,0,0,0,0,0,0,0,0,1,68,61,0,0.00034,0.00034,3,5,0,0,0,0,0,0,0,0,0,0,1,0,0,0,0,0,0,0,0,0,0,,0,0,0,0,
END,Total:20
START,FrameNb:118,CameraNb:0,HeSaiNb:0,ARS410Nb:0
2026/08/02 16:23:56:086---->
heightOffset:0,1785659036086,1325668,selfCaliBufCnt:0,selfAccObjCnt:0,selfAccAngle:0,installHAngleOffset:0,Interpolation:0,installVAngleOffset:0,radarOffsetH:0,radarOffsetV:0.32,Polynom:-0.001023;-0.0511;-2.047;0;0;0;-0.001023;-0.0511;-2.047;-25.5;0;0,WheelDirection:0;0;0;0,selfAngleOffset:0,selfAngleOffsetPit:0,currCaliAngleHrz:0,currCaliAnglePit:0,selfCaliAngleHrz:0,selfCaliAnglePit:0,servCaliAngleHrz:0,servCaliAnglePit:0,offlineCaliAngleHrz:0,offlineCaliAnglePit:0,determine2useFlag:0,IMU_Z_Accel:-21.592,IMU_X_AngularRate:-2.093,IMU_Y_AngularRate:-2.093,IMU_RollAngle:-180,IMU_PitchAngle:-180,IMU_YawAngle:-180,FcwID:0,FCWWarningLevel:0,FCWTTC:0
0,2.32,0,30.05,29,0,0,0,8.2,1.37605e-33,0,0,0,-8.5,0,0,0,0,-0.00229183,0,0,0,0,0,0,0,0,0,1,78,60,0,0.00034,0.00034,3,5,0,0,0,0,0,0,0,0,0,0,1,0,1,0,0,0,0,0,0,0,0,,0,0,0,0,
1,2.8,0,-34.05,43,0,0,0,1.75,0,0,0,0,6,0,0,0,0,-0.00229183,0,0,0,0,0,0,0,0,0,1,92,60,0,0.00034,0.00034,3,0,0,0,0,0,0,0,0,0,0,0,1,0,1,0,0,0,0,0,0,0,0,,0,0,0,0,
2,3.25,0,13.55,38.5,0,0,0,2.55,0,0,0,0,-7,0,0,0,0,-0.00229183,0,0,0,0,0,0,0,0,0,1,87,60,0,0.00034,0.00034,3,0,0,0,0,0,0,0,0,0,0,0,1,0,1,0,0,0,0,0,0,0,0,,0,0,0,0,
3,3.6,0,45.45,31.5,0,0,0,-9,0,0,0,0,5,0,0,0,0,-0.00229183,0,0,0,0,0,0,0,0,0,1,80,60,0,0.00034,0.00034,3,5,0,0,0,0,0,0,0,0,0,0,1,0,1,0,0,0,0,0,0,0,0,,0,0,0,0,
4,4.03,0,2.2,41.5,0,0,0,0.55,0,0,0,0,-6.5,0,0,0,0,-0.00229183,0,0,0,0,0,0,0,0,0,1,89,60,0,0.00034,0.00034,3,5,0,0,0,0,0,0,0,0,0,0,1,0,1,0,0,0,0,0,0,0,0,,0,0,0,0,
5,5.17,0,-35.1,33.5,0,0,0,-3.3,0,0,0,0,-6,0,0,0,0,-0.00229183,0,0,0,0,0,0,0,0,0,1,79,60,0,0.00034,0.00034,3,5,0,0,0,0,0,0,0,0,0,0,1,0,1,0,0,0,0,0,0,0,0,,0,0,0,0,
6,5.17,0,-40.6,33.5,0,0,0,0.15,0,0,0,0,-3,0,0,0,0,-0.00229183,0,0,0,0,0,0,0,0,0,1,79,60,0,0.00034,0.00034,3,5,0,0,0,0,0,0,0,0,0,0,1,0,1,0,0,0,0,0,0,0,0,,0,0,0,0,
7,5.61,0,-34.6,35.5,0,0,0,-3,0,0,0,0,-4,0,0,0,0,-0.00229183,0,0,0,0,0,0,0,0,0,1,80,60,0,0.00034,0.00034,3,5,0,0,0,0,0,0,0,0,0,0,1,0,1,0,0,0,0,0,0,0,0,,0,0,0,0,
8,5.61,0,-24.1,35.5,0,0,0,-5.6,0,0,0,0,-9,0,0,0,0,-0.00229183,0,0,0,0,0,0,0,0,0,1,80,60,0,0.00034,0.00034,3,5,0,0,0,0,0,0,0,0,0,0,1,0,1,0,0,0,0,0,0,0,0,,0,0,0,0,
9,5.83,0,-40.6,30.5,0,0,0,0.25,0,0,0,0,-5.5,0,0,0,0,-0.00229183,0,0,0,0,0,0,0,0,0,1,76,60,0,0.00034,0.00034,3,5,0,0,0,0,0,0,0,0,0,0,1,0,1,0,0,0,0,0,0,0,0,,0,0,0,0,
10,6.64,0,4.8,24.5,0,0,0,-14.05,0,0,0,0,-23.5,0,0,0,0,-0.00229183,0,0,0,0,0,0,0,0,0,1,70,60,0,0.00034,0.00034,2,-1,0,0,0,0,0,0,0,0,0,0,1,0,1,0,0,0,0,0,0,0,0,,0,0,0,0,
11,7.03,0,-10.35,24.5,0,0,0,-7.75,0,0,0,0,-23,0,0,0,0,-0.00229183,0,0,0,0,0,0,0,0,0,1,70,60,0,0.00034,0.00034,3,5,0,0,0,0,0,0,0,0,0,0,1,0,1,0,0,0,0,0,0,0,0,,0,0,0,0,
12,7.65,0,34.8,39.5,0,0,0,6.4,0,0,0,0,5,0,0,0,0,-0.00229183,0,0,0,0,0,0,0,0,0,1,85,60,0,0.00034,0.00034,3,5,0,0,0,0,0,0,0,0,0,0,1,0,1,0,0,0,0,0,0,0,0,,0,0,0,0,
13,8.24,0,-25.1,29,0,0,0,-1.75,0,0,0,0,-12,0,0,0,0,-0.00229183,0,0,0,0,0,0,0,0,0,1,75,60,0,0.00034,0.00034,3,0,0,0,0,0,0,0,0,0,0,0,1,0,1,0,0,0,0,0,0,0,0,,0,0,0,0,
14,8.48,0,69.15,30,0,0,0,-11.35,0,0,0,0,22.5,0,0,0,0,-0.00229183,0,0,0,0,0,0,0,0,0,1,76,60,0,0.00034,0.00034,3,7,0,0,0,0,0,0,0,0,0,0,1,0,1,0,0,0,0,0,0,0,0,,0,0,0,0,
15,8.9,0,-32.7,26.5,0,0,0,-0.85,0,0,0,0,-10,0,0,0,0,-0.00229183,0,0,0,0,0,0,0,0,0,1,72,60,0,0.00034,0.00034,3,5,0,0,0,0,0,0,0,0,0,0,1,0,1,0,0,0,0,0,0,0,0,,0,0,0,0,
16,9.38,0,-29.35,23,0,0,0,-2.6,0,0,0,0,-15,0,0,0,0,-0.00229183,0,0,0,0,0,0,0,0,0,1,69,60,0,0.00034,0.00034,3,5,0,0,0,0,0,0,0,0,0,0,1,0,1,0,0,0,0,0,0,0,0,,0,0,0,0,
17,9.84,0,-28.35,20.5,0,0,0,-0.7,0,0,0,0,-18,0,0,0,0,-0.00229183,0,0,0,0,0,0,0,0,0,1,67,60,0,0.00034,0.00034,3,5,0,0,0,0,0,0,0,0,0,0,1,0,1,0,0,0,0,0,0,0,0,,0,0,0,0,
18,12.16,0,-12.5,26.5,0,0,0,12.8,0,0,0,0,-16,0,0,0,0,-0.00229183,0,0,0,0,0,0,0,0,0,1,73,60,0,0.00034,0.00034,3,5,0,0,0,0,0,0,0,0,0,0,1,0,1,0,0,0,0,0,0,0,0,,0,0,0,0,
19,13.01,0,-23.15,21.5,0,0,0,-1.85,0,0,0,0,-17.5,0,0,0,0,-0.00229183,0,0,0,0,0,0,0,0,0,1,68,60,0,0.00034,0.00034,3,5,0,0,0,0,0,0,0,0,0,0,1,0,1,0,0,0,0,0,0,0,0,,0,0,0,0,
END,Total:20
START,FrameNb:119,CameraNb:0,HeSaiNb:0,ARS410Nb:0
2026/08/02 16:23:56:148---->
heightOffset:0,1785659036148,1325724,selfCaliBufCnt:0,selfAccObjCnt:0,selfAccAngle:0,installHAngleOffset:0,Interpolation:0,installVAngleOffset:0,radarOffsetH:0,radarOffsetV:0.32,Polynom:-0.001023;-0.0511;-2.047;0;0;0;-0.001023;-0.0511;-2.047;-25.5;0;0,WheelDirection:0;0;0;0,selfAngleOffset:0,selfAngleOffsetPit:0,currCaliAngleHrz:0,currCaliAnglePit:0,selfCaliAngleHrz:0,selfCaliAnglePit:0,servCaliAngleHrz:0,servCaliAnglePit:0,offlineCaliAngleHrz:0,offlineCaliAnglePit:0,determine2useFlag:0,IMU_Z_Accel:-21.592,IMU_X_AngularRate:-2.093,IMU_Y_AngularRate:-2.093,IMU_RollAngle:-180,IMU_PitchAngle:-180,IMU_YawAngle:-180,FcwID:0,FCWWarningLevel:0,FCWTTC:0
0,2.32,0,30.05,29,0,0,0,7.7,1.37605e-33,0,0,0,-8.5,0,0,0,0,-0.00229183,0,0,0,0,0,0,0,0,0,1,78,59,0,0.00034,0.00034,3,5,0,0,0,0,0,0,0,0,0,0,1,0,0,0,0,0,0,0,0,0,0,,0,0,0,0,
1,2.8,0,-34.05,43.5,0,0,0,1.75,0,0,0,0,6,0,0,0,0,-0.00229183,0,0,0,0,0,0,0,0,0,1,92,59,0,0.00034,0.00034,3,0,0,0,0,0,0,0,0,0,0,0,1,0,0,0,0,0,0,0,0,0,0,,0,0,0,0,
2,3.25,0,13.55,38.5,0,0,0,2.55,0,0,0,0,-7,0,0,0,0,-0.00229183,0,0,0,0,0,0,0,0,0,1,87,59,0,0.00034,0.00034,3,0,0,0,0,0,0,0,0,0,0,0,1,0,0,0,0,0,0,0,0,0,0,,0,0,0,0,
3,4.03,0,2.2,41.5,0,0,0,0.55,0,0,0,0,-6,0,0,0,0,-0.00229183,0,0,0,0,0,0,0,0,0,1,89,59,0,0.00034,0.00034,3,5,0,0,0,0,0,0,0,0,0,0,1,0,0,0,0,0,0,0,0,0,0,,0,0,0,0,
4,5.16,0,-35.1,34,0,0,0,-3.35,0,0,0,0,-6,0,0,0,0,-0.00229183,0,0,0,0,0,0,0,0,0,1,79,59,0,0.00034,0.00034,3,5,0,0,0,0,0,0,0,0,0,0,1,0,0,0,0,0,0,0,0,0,0,,0,0,0,0,
5,5.16,0,-40.6,34,0,0,0,0.2,0,0,0,0,-3,0,0,0,0,-0.00229183,0,0,0,0,0,0,0,0,0,1,79,59,0,0.00034,0.00034,3,5,0,0,0,0,0,0,0,0,0,0,1,0,0,0,0,0,0,0,0,0,0,,0,0,0,0,
6,5.61,0,-34.6,35.5,0,0,0,-3.05,0,0,0,0,-4,0,0,0,0,-0.00229183,0,0,0,0,0,0,0,0,0,1,80,59,0,0.00034,0.00034,3,5,0,0,0,0,0,0,0,0,0,0,1,0,0,0,0,0,0,0,0,0,0,,0,0,0,0,
7,5.61,0,-24.1,35.5,0,0,0,-5.6,0,0,0,0,-9,0,0,0,0,-0.00229183,0,0,0,0,0,0,0,0,0,1,80,59,0,0.00034,0.00034,3,5,0,0,0,0,0,0,0,0,0,0,1,0,0,0,0,0,0,0,0,0,0,,0,0,0,0,
8,5.83,0,-40.55,30.5,0,0,0,0,0,0,0,0,-5.5,0,0,0,0,-0.00229183,0,0,0,0,0,0,0,0,0,1,75,59,0,0.00034,0.00034,3,5,0,0,0,0,0,0,0,0,0,0,1,0,0,0,0,0,0,0,0,0,0,,0,0,0,0,
9,6.63,0,-53.8,24.5,0,0,0,-8.7,0,0,0,0,0.5,0,0,0,0,-0.00229183,0,0,0,0,0,0,0,0,0,1,70,59,0,0.00034,0.00034,3,5,0,0,0,0,0,0,0,0,0,0,1,0,0,0,0,0,0,0,0,0,0,,0,0,0,0,
10,7.03,0,-10.2,24.5,0,0,0,2.2,0,0,0,0,-22.5,0,0,0,0,-0.00229183,0,0,0,0,0,0,0,0,0,1,70,59,0,0.00034,0.00034,3,5,0,0,0,0,0,0,0,0,0,0,1,0,0,0,0,0,0,0,0,0,0,,0,0,0,0,
11,7.65,0,34.85,39.5,0,0,0,6.7,0,0,0,0,5,0,0,0,0,-0.00229183,0,0,0,0,0,0,0,0,0,1,85,59,0,0.00034,0.00034,3,5,0,0,0,0,0,0,0,0,0,0,1,0,0,0,0,0,0,0,0,0,0,,0,0,0,0,
12,8.23,0,-25.2,29,0,0,0,-1.95,0,0,0,0,-12,0,0,0,0,-0.00229183,0,0,0,0,0,0,0,0,0,1,75,59,0,0.00034,0.00034,3,0,0,0,0,0,0,0,0,0,0,0,1,0,0,0,0,0,0,0,0,0,0,,0,0,0,0,
13,8.65,0,69.15,30,0,0,0,-11.45,0,0,0,0,22.5,0,0,0,0,-0.00229183,0,0,0,0,0,0,0,0,0,1,76,59,0,0.00034,0.00034,3,7,0,0,0,0,0,0,0,0,0,0,1,0,0,0,0,0,0,0,0,0,0,,0,0,0,0,
14,8.9,0,-32.65,26,0,0,0,-1,0,0,0,0,-10,0,0,0,0,-0.00229183,0,0,0,0,0,0,0,0,0,1,72,59,0,0.00034,0.00034,3,7,0,0,0,0,0,0,0,0,0,0,1,0,0,0,0,0,0,0,0,0,0,,0,0,0,0,
15,9.38,0,-29.3,23,0,0,0,-2.6,0,0,0,0,-15,0,0,0,0,-0.00229183,0,0,0,0,0,0,0,0,0,1,69,59,0,0.00034,0.00034,3,5,0,0,0,0,0,0,0,0,0,0,1,0,0,0,0,0,0,0,0,0,0,,0,0,0,0,
16,9.83,0,-28.35,21.5,0,0,0,0.4,0,0,0,0,-17,0,0,0,0,-0.00229183,0,0,0,0,0,0,0,0,0,1,68,59,0,0.00034,0.00034,3,5,0,0,0,0,0,0,0,0,0,0,1,0,0,0,0,0,0,0,0,0,0,,0,0,0,0,
17,12.16,0,-12.55,26.5,0,0,0,12.95,0,0,0,0,-16.5,0,0,0,0,-0.00229183,0,0,0,0,0,0,0,0,0,1,73,59,0,0.00034,0.00034,3,5,0,0,0,0,0,0,0,0,0,0,1,0,0,0,0,0,0,0,0,0,0,,0,0,0,0,
18,13,0,-23.2,21,0,0,0,-1.7,0,0,0,0,-18,0,0,0,0,-0.00229183,0,0,0,0,0,0,0,0,0,1,67,59,0,0.00034,0.00034,3,5,0,0,0,0,0,0,0,0,0,0,1,0,0,0,0,0,0,0,0,0,0,,0,0,0,0,
END,Total:19
START,FrameNb:120,CameraNb:0,HeSaiNb:0,ARS410Nb:0
2026/08/02 16:23:56:179---->
heightOffset:0,1785659036179,1325780,selfCaliBufCnt:0,selfAccObjCnt:0,selfAccAngle:0,installHAngleOffset:0,Interpolation:0,installVAngleOffset:0,radarOffsetH:0,radarOffsetV:0.32,Polynom:-0.001023;-0.0511;-2.047;0;0;0;-0.001023;-0.0511;-2.047;-25.5;0;0,WheelDirection:0;0;0;0,selfAngleOffset:0,selfAngleOffsetPit:0,currCaliAngleHrz:0,currCaliAnglePit:0,selfCaliAngleHrz:0,selfCaliAnglePit:0,servCaliAngleHrz:0,servCaliAnglePit:0,offlineCaliAngleHrz:0,offlineCaliAnglePit:0,determine2useFlag:0,IMU_Z_Accel:-21.592,IMU_X_AngularRate:-2.093,IMU_Y_AngularRate:-2.093,IMU_RollAngle:-180,IMU_PitchAngle:-180,IMU_YawAngle:-180,FcwID:0,FCWWarningLevel:0,FCWTTC:0
0,2.32,0,-35.05,29,0,0,0,2.95,1.37605e-33,0,0,0,-9,0,0,0,0,-0.00229183,0,0,0,0,0,0,0,0,0,1,78,54,0,0.00034,0.00034,3,5,0,0,0,0,0,0,0,0,0,0,1,0,1,0,0,0,0,0,0,0,0,,0,0,0,0,
1,2.8,0,-34.05,43.5,0,0,0,1.75,0,0,0,0,6,0,0,0,0,-0.00229183,0,0,0,0,0,0,0,0,0,1,92,54,0,0.00034,0.00034,3,0,0,0,0,0,0,0,0,0,0,0,1,0,1,0,0,0,0,0,0,0,0,,0,0,0,0,
2,3.25,0,13.55,38.5,0,0,0,2.55,0,0,0,0,-7,0,0,0,0,-0.00229183,0,0,0,0,0,0,0,0,0,1,87,54,0,0.00034,0.00034,3,0,0,0,0,0,0,0,0,0,0,0,1,0,1,0,0,0,0,0,0,0,0,,0,0,0,0,
3,3.61,0,45.55,32,0,0,0,-9.1,0,0,0,0,5,0,0,0,0,-0.00229183,0,0,0,0,0,0,0,0,0,1,80,54,0,0.00034,0.00034,3,5,0,0,0,0,0,0,0,0,0,0,1,0,1,0,0,0,0,0,0,0,0,,0,0,0,0,
4,4.03,0,2.2,41.5,0,0,0,0.55,0,0,0,0,-6.5,0,0,0,0,-0.00229183,0,0,0,0,0,0,0,0,0,1,89,54,0,0.00034,0.00034,3,5,0,0,0,0,0,0,0,0,0,0,1,0,1,0,0,0,0,0,0,0,0,,0,0,0,0,
5,5.17,0,-35.05,34,0,0,0,-3.3,0,0,0,0,-6,0,0,0,0,-0.00229183,0,0,0,0,0,0,0,0,0,1,79,54,0,0.00034,0.00034,3,5,0,0,0,0,0,0,0,0,0,0,1,0,1,0,0,0,0,0,0,0,0,,0,0,0,0,
6,5.17,0,-40.55,34,0,0,0,0.2,0,0,0,0,-3,0,0,0,0,-0.00229183,0,0,0,0,0,0,0,0,0,1,79,54,0,0.00034,0.00034,3,5,0,0,0,0,0,0,0,0,0,0,1,0,1,0,0,0,0,0,0,0,0,,0,0,0,0,
7,5.62,0,-34.6,36,0,0,0,-3.05,0,0,0,0,-4,0,0,0,0,-0.00229183,0,0,0,0,0,0,0,0,0,1,80,54,0,0.00034,0.00034,3,5,0,0,0,0,0,0,0,0,0,0,1,0,1,0,0,0,0,0,0,0,0,,0,0,0,0,
8,5.62,0,-24.05,36,0,0,0,-5.7,0,0,0,0,-9,0,0,0,0,-0.00229183,0,0,0,0,0,0,0,0,0,1,80,54,0,0.00034,0.00034,3,5,0,0,0,0,0,0,0,0,0,0,1,0,1,0,0,0,0,0,0,0,0,,0,0,0,0,
9,5.83,0,-40.7,30.5,0,0,0,0.05,0,0,0,0,-5.5,0,0,0,0,-0.00229183,0,0,0,0,0,0,0,0,0,1,75,54,0,0.00034,0.00034,3,5,0,0,0,0,0,0,0,0,0,0,1,0,1,0,0,0,0,0,0,0,0,,0,0,0,0,
10,6.63,0,5,24.5,0,0,0,-13.25,0,0,0,0,-23.5,0,0,0,0,-0.00229183,0,0,0,0,0,0,0,0,0,1,70,54,0,0.00034,0.00034,3,5,0,0,0,0,0,0,0,0,0,0,1,0,1,0,0,0,0,0,0,0,0,,0,0,0,0,
11,7.02,0,-10.35,24,0,0,0,-7.85,0,0,0,0,-23,0,0,0,0,-0.00229183,0,0,0,0,0,0,0,0,0,1,70,54,0,0.00034,0.00034,3,5,0,0,0,0,0,0,0,0,0,0,1,0,1,0,0,0,0,0,0,0,0,,0,0,0,0,
12,7.65,0,34.85,39.5,0,0,0,6.7,0,0,0,0,5,0,0,0,0,-0.00229183,0,0,0,0,0,0,0,0,0,1,86,54,0,0.00034,0.00034,3,0,0,0,0,0,0,0,0,0,0,0,1,0,1,0,0,0,0,0,0,0,0,,0,0,0,0,
13,8.24,0,-25.1,29,0,0,0,-1.75,0,0,0,0,-12,0,0,0,0,-0.00229183,0,0,0,0,0,0,0,0,0,1,75,54,0,0.00034,0.00034,3,0,0,0,0,0,0,0,0,0,0,0,1,0,1,0,0,0,0,0,0,0,0,,0,0,0,0,
14,8.66,0,69.15,30,0,0,0,-11.45,0,0,0,0,22.5,0,0,0,0,-0.00229183,0,0,0,0,0,0,0,0,0,1,76,54,0,0.00034,0.00034,3,7,0,0,0,0,0,0,0,0,0,0,1,0,1,0,0,0,0,0,0,0,0,,0,0,0,0,
15,8.9,0,-32.65,26.5,0,0,0,-1,0,0,0,0,-10,0,0,0,0,-0.00229183,0,0,0,0,0,0,0,0,0,1,73,54,0,0.00034,0.00034,3,5,0,0,0,0,0,0,0,0,0,0,1,0,1,0,0,0,0,0,0,0,0,,0,0,0,0,
16,9.38,0,-29.3,23,0,0,0,-2.6,0,0,0,0,-14.5,0,0,0,0,-0.00229183,0,0,0,0,0,0,0,0,0,1,70,54,0,0.00034,0.00034,3,5,0,0,0,0,0,0,0,0,0,0,1,0,1,0,0,0,0,0,0,0,0,,0,0,0,0,
17,9.82,0,-28.35,21,0,0,0,-0.7,0,0,0,0,-17.5,0,0,0,0,-0.00229183,0,0,0,0,0,0,0,0,0,1,67,54,0,0.00034,0.00034,3,5,0,0,0,0,0,0,0,0,0,0,1,0,1,0,0,0,0,0,0,0,0,,0,0,0,0,
18,12.16,0,-12.5,27,0,0,0,12.8,0,0,0,0,-16,0,0,0,0,-0.00229183,0,0,0,0,0,0,0,0,0,1,74,54,0,0.00034,0.00034,3,5,0,0,0,0,0,0,0,0,0,0,1,0,1,0,0,0,0,0,0,0,0,,0,0,0,0,
19,13,0,-23.2,21.5,0,0,0,-1.6,0,0,0,0,-17.5,0,0,0,0,-0.00229183,0,0,0,0,0,0,0,0,0,1,68,54,0,0.00034,0.00034,3,5,0,0,0,0,0,0,0,0,0,0,1,0,1,0,0,0,0,0,0,0,0,,0,0,0,0,
END,Total:20
START,FrameNb:121,CameraNb:0,HeSaiNb:0,ARS410Nb:0
2026/08/02 16:23:56:293---->
heightOffset:0,1785659036293,1325836,selfCaliBufCnt:0,selfAccObjCnt:0,selfAccAngle:0,installHAngleOffset:0,Interpolation:0,installVAngleOffset:0,radarOffsetH:0,radarOffsetV:0.32,Polynom:-0.001023;-0.0511;-2.047;0;0;0;-0.001023;-0.0511;-2.047;-25.5;0;0,WheelDirection:0;0;0;0,selfAngleOffset:0,selfAngleOffsetPit:0,currCaliAngleHrz:0,currCaliAnglePit:0,selfCaliAngleHrz:0,selfCaliAnglePit:0,servCaliAngleHrz:0,servCaliAnglePit:0,offlineCaliAngleHrz:0,offlineCaliAnglePit:0,determine2useFlag:0,IMU_Z_Accel:-21.592,IMU_X_AngularRate:-2.093,IMU_Y_AngularRate:-2.093,IMU_RollAngle:-180,IMU_PitchAngle:-180,IMU_YawAngle:-180,FcwID:0,FCWWarningLevel:0,FCWTTC:0
0,2.32,0,30.1,29.5,0,0,0,7.7,1.37605e-33,0,0,0,-8.5,0,0,0,0,-0.00229183,0,0,0,0,0,0,0,0,0,1,78,59,0,0.00034,0.00034,3,5,0,0,0,0,0,0,0,0,0,0,1,0,0,0,0,0,0,0,0,0,0,,0,0,0,0,
1,2.8,0,-34.05,43.5,0,0,0,1.75,0,0,0,0,6,0,0,0,0,-0.00229183,0,0,0,0,0,0,0,0,0,1,92,59,0,0.00034,0.00034,3,0,0,0,0,0,0,0,0,0,0,0,1,0,0,0,0,0,0,0,0,0,0,,0,0,0,0,
2,3.25,0,13.55,38.5,0,0,0,2.55,0,0,0,0,-7,0,0,0,0,-0.00229183,0,0,0,0,0,0,0,0,0,1,87,59,0,0.00034,0.00034,3,0,0,0,0,0,0,0,0,0,0,0,1,0,0,0,0,0,0,0,0,0,0,,0,0,0,0,
3,3.6,0,45.55,32,0,0,0,-9.45,0,0,0,0,5,0,0,0,0,-0.00229183,0,0,0,0,0,0,0,0,0,1,80,59,0,0.00034,0.00034,3,5,0,0,0,0,0,0,0,0,0,0,1,0,0,0,0,0,0,0,0,0,0,,0,0,0,0,
4,4.03,0,2.2,41.5,0,0,0,0.55,0,0,0,0,-6,0,0,0,0,-0.00229183,0,0,0,0,0,0,0,0,0,1,89,59,0,0.00034,0.00034,3,5,0,0,0,0,0,0,0,0,0,0,1,0,0,0,0,0,0,0,0,0,0,,0,0,0,0,
5,5.16,0,-35.05,34,0,0,0,-3.35,0,0,0,0,-6,0,0,0,0,-0.00229183,0,0,0,0,0,0,0,0,0,1,79,59,0,0.00034,0.00034,3,5,0,0,0,0,0,0,0,0,0,0,1,0,0,0,0,0,0,0,0,0,0,,0,0,0,0,
6,5.16,0,-40.6,34,0,0,0,0.25,0,0,0,0,-3,0,0,0,0,-0.00229183,0,0,0,0,0,0,0,0,0,1,79,59,0,0.00034,0.00034,3,5,0,0,0,0,0,0,0,0,0,0,1,0,0,0,0,0,0,0,0,0,0,,0,0,0,0,
7,5.61,0,-34.7,35.5,0,0,0,-3.05,0,0,0,0,-4,0,0,0,0,-0.00229183,0,0,0,0,0,0,0,0,0,1,80,59,0,0.00034,0.00034,3,5,0,0,0,0,0,0,0,0,0,0,1,0,0,0,0,0,0,0,0,0,0,,0,0,0,0,
8,5.61,0,-24.15,35.5,0,0,0,-5.6,0,0,0,0,-9,0,0,0,0,-0.00229183,0,0,0,0,0,0,0,0,0,1,80,59,0,0.00034,0.00034,3,5,0,0,0,0,0,0,0,0,0,0,1,0,0,0,0,0,0,0,0,0,0,,0,0,0,0,
9,5.83,0,-40.45,30.5,0,0,0,-0.05,0,0,0,0,-5.5,0,0,0,0,-0.00229183,0,0,0,0,0,0,0,0,0,1,75,59,0,0.00034,0.00034,3,5,0,0,0,0,0,0,0,0,0,0,1,0,0,0,0,0,0,0,0,0,0,,0,0,0,0,
10,6.63,0,-53.55,24.5,0,0,0,-9.85,0,0,0,0,0.5,0,0,0,0,-0.00229183,0,0,0,0,0,0,0,0,0,1,70,59,0,0.00034,0.00034,3,5,0,0,0,0,0,0,0,0,0,0,1,0,0,0,0,0,0,0,0,0,0,,0,0,0,0,
11,7.03,0,-33.15,24.5,0,0,0,7.45,0,0,0,0,-14,0,0,0,0,-0.00229183,0,0,0,0,0,0,0,0,0,1,70,59,0,0.00034,0.00034,3,5,0,0,0,0,0,0,0,0,0,0,1,0,0,0,0,0,0,0,0,0,0,,0,0,0,0,
12,7.64,0,34.95,40,0,0,0,6.75,0,0,0,0,5.5,0,0,0,0,-0.00229183,0,0,0,0,0,0,0,0,0,1,86,59,0,0.00034,0.00034,3,0,0,0,0,0,0,0,0,0,0,0,1,0,0,0,0,0,0,0,0,0,0,,0,0,0,0,
13,8.24,0,-25.2,29,0,0,0,-2.05,0,0,0,0,-12,0,0,0,0,-0.00229183,0,0,0,0,0,0,0,0,0,1,75,59,0,0.00034,0.00034,3,0,0,0,0,0,0,0,0,0,0,0,1,0,0,0,0,0,0,0,0,0,0,,0,0,0,0,
14,8.65,0,69.1,30,0,0,0,-11.6,0,0,0,0,22.5,0,0,0,0,-0.00229183,0,0,0,0,0,0,0,0,0,1,76,59,0,0.00034,0.00034,3,7,0,0,0,0,0,0,0,0,0,0,1,0,0,0,0,0,0,0,0,0,0,,0,0,0,0,
15,8.9,0,-32.6,26,0,0,0,-0.75,0,0,0,0,-10,0,0,0,0,-0.00229183,0,0,0,0,0,0,0,0,0,1,73,59,0,0.00034,0.00034,3,5,0,0,0,0,0,0,0,0,0,0,1,0,0,0,0,0,0,0,0,0,0,,0,0,0,0,
16,9.39,0,-29.2,23,0,0,0,-2.75,0,0,0,0,-15,0,0,0,0,-0.00229183,0,0,0,0,0,0,0,0,0,1,69,59,0,0.00034,0.00034,3,5,0,0,0,0,0,0,0,0,0,0,1,0,0,0,0,0,0,0,0,0,0,,0,0,0,0,
17,9.84,0,-28.3,21,0,0,0,-0.55,0,0,0,0,-17.5,0,0,0,0,-0.00229183,0,0,0,0,0,0,0,0,0,1,67,59,0,0.00034,0.00034,3,5,0,0,0,0,0,0,0,0,0,0,1,0,0,0,0,0,0,0,0,0,0,,0,0,0,0,
18,12.16,0,-12.55,27,0,0,0,12.8,0,0,0,0,-16,0,0,0,0,-0.00229183,0,0,0,0,0,0,0,0,0,1,74,59,0,0.00034,0.00034,3,5,0,0,0,0,0,0,0,0,0,0,1,0,0,0,0,0,0,0,0,0,0,,0,0,0,0,
19,13,0,-23.1,21.5,0,0,0,-1.6,0,0,0,0,-17.5,0,0,0,0,-0.00229183,0,0,0,0,0,0,0,0,0,1,68,59,0,0.00034,0.00034,3,5,0,0,0,0,0,0,0,0,0,0,1,0,0,0,0,0,0,0,0,0,0,,0,0,0,0,
END,Total:20
START,FrameNb:122,CameraNb:0,HeSaiNb:0,ARS410Nb:0
2026/08/02 16:23:56:335---->
heightOffset:0,1785659036335,1325892,selfCaliBufCnt:0,selfAccObjCnt:0,selfAccAngle:0,installHAngleOffset:0,Interpolation:0,installVAngleOffset:0,radarOffsetH:0,radarOffsetV:0.32,Polynom:-0.001023;-0.0511;-2.047;0;0;0;-0.001023;-0.0511;-2.047;-25.5;0;0,WheelDirection:0;0;0;0,selfAngleOffset:0,selfAngleOffsetPit:0,currCaliAngleHrz:0,currCaliAnglePit:0,selfCaliAngleHrz:0,selfCaliAnglePit:0,servCaliAngleHrz:0,servCaliAnglePit:0,offlineCaliAngleHrz:0,offlineCaliAnglePit:0,determine2useFlag:0,IMU_Z_Accel:-21.592,IMU_X_AngularRate:-2.093,IMU_Y_AngularRate:-2.093,IMU_RollAngle:-180,IMU_PitchAngle:-180,IMU_YawAngle:-180,FcwID:0,FCWWarningLevel:0,FCWTTC:0
0,2.32,0,30.1,29,0,0,0,8.2,1.37605e-33,0,0,0,-8.5,0,0,0,0,-0.00229183,0,0,0,0,0,0,0,0,0,1,78,54,0,0.00034,0.00034,3,5,0,0,0,0,0,0,0,0,0,0,1,0,1,0,0,0,0,0,0,0,0,,0,0,0,0,
1,2.8,0,-34.05,43,0,0,0,1.75,0,0,0,0,6,0,0,0,0,-0.00229183,0,0,0,0,0,0,0,0,0,1,92,54,0,0.00034,0.00034,3,0,0,0,0,0,0,0,0,0,0,0,1,0,1,0,0,0,0,0,0,0,0,,0,0,0,0,
2,3.25,0,13.55,38.5,0,0,0,2.55,0,0,0,0,-7,0,0,0,0,-0.00229183,0,0,0,0,0,0,0,0,0,1,87,54,0,0.00034,0.00034,3,0,0,0,0,0,0,0,0,0,0,0,1,0,1,0,0,0,0,0,0,0,0,,0,0,0,0,
3,3.61,0,45.45,31.5,0,0,0,-9,0,0,0,0,5,0,0,0,0,-0.00229183,0,0,0,0,0,0,0,0,0,1,80,54,0,0.00034,0.00034,3,5,0,0,0,0,0,0,0,0,0,0,1,0,1,0,0,0,0,0,0,0,0,,0,0,0,0,
4,4.03,0,2.2,41.5,0,0,0,0.65,0,0,0,0,-6.5,0,0,0,0,-0.00229183,0,0,0,0,0,0,0,0,0,1,89,54,0,0.00034,0.00034,3,5,0,0,0,0,0,0,0,0,0,0,1,0,1,0,0,0,0,0,0,0,0,,0,0,0,0,
5,5.17,0,-35.05,33.5,0,0,0,-3.3,0,0,0,0,-6,0,0,0,0,-0.00229183,0,0,0,0,0,0,0,0,0,1,79,54,0,0.00034,0.00034,3,5,0,0,0,0,0,0,0,0,0,0,1,0,1,0,0,0,0,0,0,0,0,,0,0,0,0,
6,5.17,0,-40.6,33.5,0,0,0,0.25,0,0,0,0,-3,0,0,0,0,-0.00229183,0,0,0,0,0,0,0,0,0,1,79,54,0,0.00034,0.00034,3,5,0,0,0,0,0,0,0,0,0,0,1,0,1,0,0,0,0,0,0,0,0,,0,0,0,0,
7,5.61,0,-34.6,35.5,0,0,0,-3,0,0,0,0,-4,0,0,0,0,-0.00229183,0,0,0,0,0,0,0,0,0,1,80,54,0,0.00034,0.00034,3,5,0,0,0,0,0,0,0,0,0,0,1,0,1,0,0,0,0,0,0,0,0,,0,0,0,0,
8,5.61,0,-24.1,35.5,0,0,0,-5.6,0,0,0,0,-9,0,0,0,0,-0.00229183,0,0,0,0,0,0,0,0,0,1,80,54,0,0.00034,0.00034,3,5,0,0,0,0,0,0,0,0,0,0,1,0,1,0,0,0,0,0,0,0,0,,0,0,0,0,
9,5.83,0,-40.6,30.5,0,0,0,0.05,0,0,0,0,-5.5,0,0,0,0,-0.00229183,0,0,0,0,0,0,0,0,0,1,76,54,0,0.00034,0.00034,3,5,0,0,0,0,0,0,0,0,0,0,1,0,1,0,0,0,0,0,0,0,0,,0,0,0,0,
10,6.63,0,4.95,25,0,0,0,-13.75,0,0,0,0,-23,0,0,0,0,-0.00229183,0,0,0,0,0,0,0,0,0,1,70,54,0,0.00034,0.00034,2,-1,0,0,0,0,0,0,0,0,0,0,1,0,1,0,0,0,0,0,0,0,0,,0,0,0,0,
11,7.02,0,-10.3,24.5,0,0,0,2.25,0,0,0,0,-23,0,0,0,0,-0.00229183,0,0,0,0,0,0,0,0,0,1,70,54,0,0.00034,0.00034,3,0,0,0,0,0,0,0,0,0,0,0,1,0,1,0,0,0,0,0,0,0,0,,0,0,0,0,
12,7.64,0,34.95,40,0,0,0,6.65,0,0,0,0,5.5,0,0,0,0,-0.00229183,0,0,0,0,0,0,0,0,0,1,86,54,0,0.00034,0.00034,3,0,0,0,0,0,0,0,0,0,0,0,1,0,1,0,0,0,0,0,0,0,0,,0,0,0,0,
13,8.24,0,-25.15,28.5,0,0,0,-2,0,0,0,0,-12.5,0,0,0,0,-0.00229183,0,0,0,0,0,0,0,0,0,1,75,54,0,0.00034,0.00034,3,0,0,0,0,0,0,0,0,0,0,0,1,0,1,0,0,0,0,0,0,0,0,,0,0,0,0,
14,8.65,0,69.1,30,0,0,0,-11.6,0,0,0,0,22.5,0,0,0,0,-0.00229183,0,0,0,0,0,0,0,0,0,1,76,54,0,0.00034,0.00034,3,7,0,0,0,0,0,0,0,0,0,0,1,0,1,0,0,0,0,0,0,0,0,,0,0,0,0,
15,8.9,0,-32.8,26,0,0,0,-0.6,0,0,0,0,-10,0,0,0,0,-0.00229183,0,0,0,0,0,0,0,0,0,1,72,54,0,0.00034,0.00034,3,5,0,0,0,0,0,0,0,0,0,0,1,0,1,0,0,0,0,0,0,0,0,,0,0,0,0,
16,9.39,0,-29.2,23,0,0,0,-2.8,0,0,0,0,-15,0,0,0,0,-0.00229183,0,0,0,0,0,0,0,0,0,1,69,54,0,0.00034,0.00034,3,5,0,0,0,0,0,0,0,0,0,0,1,0,1,0,0,0,0,0,0,0,0,,0,0,0,0,
17,9.82,0,-28.3,21,0,0,0,-0.7,0,0,0,0,-17.5,0,0,0,0,-0.00229183,0,0,0,0,0,0,0,0,0,1,68,54,0,0.00034,0.00034,3,5,0,0,0,0,0,0,0,0,0,0,1,0,1,0,0,0,0,0,0,0,0,,0,0,0,0,
18,12.16,0,-12.5,27,0,0,0,12.75,0,0,0,0,-16,0,0,0,0,-0.00229183,0,0,0,0,0,0,0,0,0,1,74,54,0,0.00034,0.00034,3,5,0,0,0,0,0,0,0,0,0,0,1,0,1,0,0,0,0,0,0,0,0,,0,0,0,0,
19,13,0,-23.1,21.5,0,0,0,-1.75,0,0,0,0,-17.5,0,0,0,0,-0.00229183,0,0,0,0,0,0,0,0,0,1,68,54,0,0.00034,0.00034,3,5,0,0,0,0,0,0,0,0,0,0,1,0,1,0,0,0,0,0,0,0,0,,0,0,0,0,
END,Total:20
START,FrameNb:123,CameraNb:0,HeSaiNb:0,ARS410Nb:0
2026/08/02 16:23:56:387---->
heightOffset:0,1785659036387,1325952,selfCaliBufCnt:0,selfAccObjCnt:0,selfAccAngle:0,installHAngleOffset:0,Interpolation:0,installVAngleOffset:0,radarOffsetH:0,radarOffsetV:0.32,Polynom:-0.001023;-0.0511;-2.047;0;0;0;-0.001023;-0.0511;-2.047;-25.5;0;0,WheelDirection:0;0;0;0,selfAngleOffset:0,selfAngleOffsetPit:0,currCaliAngleHrz:0,currCaliAnglePit:0,selfCaliAngleHrz:0,selfCaliAnglePit:0,servCaliAngleHrz:0,servCaliAnglePit:0,offlineCaliAngleHrz:0,offlineCaliAnglePit:0,determine2useFlag:0,IMU_Z_Accel:-21.592,IMU_X_AngularRate:-2.093,IMU_Y_AngularRate:-2.093,IMU_RollAngle:-180,IMU_PitchAngle:-180,IMU_YawAngle:-180,FcwID:0,FCWWarningLevel:0,FCWTTC:0
0,2.32,0,30.05,29,0,0,0,7.8,1.37605e-33,0,0,0,-8.5,0,0,0,0,-0.00229183,0,0,0,0,0,0,0,0,0,1,78,61,0,0.00034,0.00034,3,5,0,0,0,0,0,0,0,0,0,0,1,0,0,0,0,0,0,0,0,0,0,,0,0,0,0,
1,2.8,0,-34.05,43,0,0,0,1.75,0,0,0,0,6,0,0,0,0,-0.00229183,0,0,0,0,0,0,0,0,0,1,92,61,0,0.00034,0.00034,3,0,0,0,0,0,0,0,0,0,0,0,1,0,0,0,0,0,0,0,0,0,0,,0,0,0,0,
2,3.25,0,13.55,38.5,0,0,0,2.55,0,0,0,0,-7,0,0,0,0,-0.00229183,0,0,0,0,0,0,0,0,0,1,87,61,0,0.00034,0.00034,3,0,0,0,0,0,0,0,0,0,0,0,1,0,0,0,0,0,0,0,0,0,0,,0,0,0,0,
3,3.59,0,45.8,31.5,0,0,0,-10.2,0,0,0,0,5,0,0,0,0,-0.00229183,0,0,0,0,0,0,0,0,0,1,80,61,0,0.00034,0.00034,3,5,0,0,0,0,0,0,0,0,0,0,1,0,0,0,0,0,0,0,0,0,0,,0,0,0,0,
4,4.03,0,2.2,41.5,0,0,0,0.55,0,0,0,0,-6,0,0,0,0,-0.00229183,0,0,0,0,0,0,0,0,0,1,89,61,0,0.00034,0.00034,3,5,0,0,0,0,0,0,0,0,0,0,1,0,0,0,0,0,0,0,0,0,0,,0,0,0,0,
5,5.16,0,-35.1,34,0,0,0,-3.35,0,0,0,0,-6,0,0,0,0,-0.00229183,0,0,0,0,0,0,0,0,0,1,79,61,0,0.00034,0.00034,3,5,0,0,0,0,0,0,0,0,0,0,1,0,0,0,0,0,0,0,0,0,0,,0,0,0,0,
6,5.16,0,-40.65,34,0,0,0,0.15,0,0,0,0,-3,0,0,0,0,-0.00229183,0,0,0,0,0,0,0,0,0,1,79,61,0,0.00034,0.00034,3,5,0,0,0,0,0,0,0,0,0,0,1,0,0,0,0,0,0,0,0,0,0,,0,0,0,0,
7,5.61,0,-34.7,35.5,0,0,0,-3.05,0,0,0,0,-4,0,0,0,0,-0.00229183,0,0,0,0,0,0,0,0,0,1,80,61,0,0.00034,0.00034,3,5,0,0,0,0,0,0,0,0,0,0,1,0,0,0,0,0,0,0,0,0,0,,0,0,0,0,
8,5.61,0,-24.15,35.5,0,0,0,-5.55,0,0,0,0,-9,0,0,0,0,-0.00229183,0,0,0,0,0,0,0,0,0,1,80,61,0,0.00034,0.00034,3,5,0,0,0,0,0,0,0,0,0,0,1,0,0,0,0,0,0,0,0,0,0,,0,0,0,0,
9,5.83,0,-40.35,30.5,0,0,0,0,0,0,0,0,-5.5,0,0,0,0,-0.00229183,0,0,0,0,0,0,0,0,0,1,75,61,0,0.00034,0.00034,3,5,0,0,0,0,0,0,0,0,0,0,1,0,0,0,0,0,0,0,0,0,0,,0,0,0,0,
10,6.62,0,-53.55,24,0,0,0,-10.25,0,0,0,0,0.5,0,0,0,0,-0.00229183,0,0,0,0,0,0,0,0,0,1,70,61,0,0.00034,0.00034,3,5,0,0,0,0,0,0,0,0,0,0,1,0,0,0,0,0,0,0,0,0,0,,0,0,0,0,
11,7.02,0,-33.2,24.5,0,0,0,7.45,0,0,0,0,-14,0,0,0,0,-0.00229183,0,0,0,0,0,0,0,0,0,1,70,61,0,0.00034,0.00034,3,5,0,0,0,0,0,0,0,0,0,0,1,0,0,0,0,0,0,0,0,0,0,,0,0,0,0,
12,7.65,0,35.05,39.5,0,0,0,6.45,0,0,0,0,6,0,0,0,0,-0.00229183,0,0,0,0,0,0,0,0,0,1,86,61,0,0.00034,0.00034,3,0,0,0,0,0,0,0,0,0,0,0,1,0,0,0,0,0,0,0,0,0,0,,0,0,0,0,
13,8.24,0,-25.3,29,0,0,0,-1.35,0,0,0,0,-12,0,0,0,0,-0.00229183,0,0,0,0,0,0,0,0,0,1,75,61,0,0.00034,0.00034,3,0,0,0,0,0,0,0,0,0,0,0,1,0,0,0,0,0,0,0,0,0,0,,0,0,0,0,
14,8.64,0,69.1,30,0,0,0,-11.55,0,0,0,0,22.5,0,0,0,0,-0.00229183,0,0,0,0,0,0,0,0,0,1,76,61,0,0.00034,0.00034,3,7,0,0,0,0,0,0,0,0,0,0,1,0,0,0,0,0,0,0,0,0,0,,0,0,0,0,
15,8.91,0,-32.7,26,0,0,0,-0.6,0,0,0,0,-10,0,0,0,0,-0.00229183,0,0,0,0,0,0,0,0,0,1,73,61,0,0.00034,0.00034,3,0,0,0,0,0,0,0,0,0,0,0,1,0,0,0,0,0,0,0,0,0,0,,0,0,0,0,
16,9.39,0,-29.2,23,0,0,0,-2.6,0,0,0,0,-15,0,0,0,0,-0.00229183,0,0,0,0,0,0,0,0,0,1,69,61,0,0.00034,0.00034,3,5,0,0,0,0,0,0,0,0,0,0,1,0,0,0,0,0,0,0,0,0,0,,0,0,0,0,
17,9.83,0,-28.4,21,0,0,0,-0.75,0,0,0,0,-17.5,0,0,0,0,-0.00229183,0,0,0,0,0,0,0,0,0,1,68,61,0,0.00034,0.00034,3,5,0,0,0,0,0,0,0,0,0,0,1,0,0,0,0,0,0,0,0,0,0,,0,0,0,0,
18,12.16,0,-12.6,27,0,0,0,13,0,0,0,0,-16,0,0,0,0,-0.00229183,0,0,0,0,0,0,0,0,0,1,74,61,0,0.00034,0.00034,3,5,0,0,0,0,0,0,0,0,0,0,1,0,0,0,0,0,0,0,0,0,0,,0,0,0,0,
19,13,0,-23.1,21.5,0,0,0,-1.85,0,0,0,0,-17.5,0,0,0,0,-0.00229183,0,0,0,0,0,0,0,0,0,1,68,61,0,0.00034,0.00034,3,5,0,0,0,0,0,0,0,0,0,0,1,0,0,0,0,0,0,0,0,0,0,,0,0,0,0,
END,Total:20
START,FrameNb:124,CameraNb:0,HeSaiNb:0,ARS410Nb:0
2026/08/02 16:23:56:429---->
heightOffset:0,1785659036429,1326012,selfCaliBufCnt:0,selfAccObjCnt:0,selfAccAngle:0,installHAngleOffset:0,Interpolation:0,installVAngleOffset:0,radarOffsetH:0,radarOffsetV:0.32,Polynom:-0.001023;-0.0511;-2.047;0;0;0;-0.001023;-0.0511;-2.047;-25.5;0;0,WheelDirection:0;0;0;0,selfAngleOffset:0,selfAngleOffsetPit:0,currCaliAngleHrz:0,currCaliAnglePit:0,selfCaliAngleHrz:0,selfCaliAnglePit:0,servCaliAngleHrz:0,servCaliAnglePit:0,offlineCaliAngleHrz:0,offlineCaliAnglePit:0,determine2useFlag:0,IMU_Z_Accel:-21.592,IMU_X_AngularRate:-2.093,IMU_Y_AngularRate:-2.093,IMU_RollAngle:-180,IMU_PitchAngle:-180,IMU_YawAngle:-180,FcwID:0,FCWWarningLevel:0,FCWTTC:0
0,2.32,0,30.1,29,0,0,0,8.15,1.37605e-33,0,0,0,-8.5,0,0,0,0,-0.00229183,0,0,0,0,0,0,0,0,0,1,78,59,0,0.00034,0.00034,3,5,0,0,0,0,0,0,0,0,0,0,1,0,1,0,0,0,0,0,0,0,0,,0,0,0,0,
1,2.8,0,-34.05,43.5,0,0,0,1.75,0,0,0,0,6,0,0,0,0,-0.00229183,0,0,0,0,0,0,0,0,0,1,92,59,0,0.00034,0.00034,3,0,0,0,0,0,0,0,0,0,0,0,1,0,1,0,0,0,0,0,0,0,0,,0,0,0,0,
2,3.25,0,13.55,38.5,0,0,0,2.55,0,0,0,0,-7,0,0,0,0,-0.00229183,0,0,0,0,0,0,0,0,0,1,87,59,0,0.00034,0.00034,3,0,0,0,0,0,0,0,0,0,0,0,1,0,1,0,0,0,0,0,0,0,0,,0,0,0,0,
3,3.59,0,45.8,31.5,0,0,0,-9.75,0,0,0,0,5,0,0,0,0,-0.00229183,0,0,0,0,0,0,0,0,0,1,80,59,0,0.00034,0.00034,3,5,0,0,0,0,0,0,0,0,0,0,1,0,1,0,0,0,0,0,0,0,0,,0,0,0,0,
4,4.03,0,2.2,41.5,0,0,0,0.55,0,0,0,0,-6.5,0,0,0,0,-0.00229183,0,0,0,0,0,0,0,0,0,1,89,59,0,0.00034,0.00034,3,5,0,0,0,0,0,0,0,0,0,0,1,0,1,0,0,0,0,0,0,0,0,,0,0,0,0,
5,5.17,0,-35.1,34,0,0,0,-3.35,0,0,0,0,-6,0,0,0,0,-0.00229183,0,0,0,0,0,0,0,0,0,1,79,59,0,0.00034,0.00034,3,5,0,0,0,0,0,0,0,0,0,0,1,0,1,0,0,0,0,0,0,0,0,,0,0,0,0,
6,5.17,0,-40.6,34,0,0,0,0.25,0,0,0,0,-3,0,0,0,0,-0.00229183,0,0,0,0,0,0,0,0,0,1,79,59,0,0.00034,0.00034,3,5,0,0,0,0,0,0,0,0,0,0,1,0,1,0,0,0,0,0,0,0,0,,0,0,0,0,
7,5.62,0,-34.6,36,0,0,0,-3,0,0,0,0,-4,0,0,0,0,-0.00229183,0,0,0,0,0,0,0,0,0,1,80,59,0,0.00034,0.00034,3,5,0,0,0,0,0,0,0,0,0,0,1,0,1,0,0,0,0,0,0,0,0,,0,0,0,0,
8,5.62,0,-24.1,36,0,0,0,-5.55,0,0,0,0,-9,0,0,0,0,-0.00229183,0,0,0,0,0,0,0,0,0,1,80,59,0,0.00034,0.00034,3,5,0,0,0,0,0,0,0,0,0,0,1,0,1,0,0,0,0,0,0,0,0,,0,0,0,0,
9,5.83,0,-40.35,30.5,0,0,0,0.2,0,0,0,0,-5.5,0,0,0,0,-0.00229183,0,0,0,0,0,0,0,0,0,1,76,59,0,0.00034,0.00034,3,5,0,0,0,0,0,0,0,0,0,0,1,0,1,0,0,0,0,0,0,0,0,,0,0,0,0,
10,6.63,0,-53.85,25,0,0,0,-2.7,0,0,0,0,0.5,0,0,0,0,-0.00229183,0,0,0,0,0,0,0,0,0,1,70,59,0,0.00034,0.00034,3,5,0,0,0,0,0,0,0,0,0,0,1,0,1,0,0,0,0,0,0,0,0,,0,0,0,0,
11,7.02,0,-33.4,24.5,0,0,0,7.75,0,0,0,0,-14,0,0,0,0,-0.00229183,0,0,0,0,0,0,0,0,0,1,70,59,0,0.00034,0.00034,3,5,0,0,0,0,0,0,0,0,0,0,1,0,1,0,0,0,0,0,0,0,0,,0,0,0,0,
12,7.66,0,35,39.5,0,0,0,6.25,0,0,0,0,6,0,0,0,0,-0.00229183,0,0,0,0,0,0,0,0,0,1,85,59,0,0.00034,0.00034,3,0,0,0,0,0,0,0,0,0,0,0,1,0,1,0,0,0,0,0,0,0,0,,0,0,0,0,
13,8.25,0,-25.2,28.5,0,0,0,-1.95,0,0,0,0,-12.5,0,0,0,0,-0.00229183,0,0,0,0,0,0,0,0,0,1,75,59,0,0.00034,0.00034,3,0,0,0,0,0,0,0,0,0,0,0,1,0,1,0,0,0,0,0,0,0,0,,0,0,0,0,
14,8.48,0,69.15,30,0,0,0,-11.55,0,0,0,0,22.5,0,0,0,0,-0.00229183,0,0,0,0,0,0,0,0,0,1,76,59,0,0.00034,0.00034,3,7,0,0,0,0,0,0,0,0,0,0,1,0,1,0,0,0,0,0,0,0,0,,0,0,0,0,
15,8.9,0,-32.8,26,0,0,0,-0.55,0,0,0,0,-10.5,0,0,0,0,-0.00229183,0,0,0,0,0,0,0,0,0,1,72,59,0,0.00034,0.00034,3,5,0,0,0,0,0,0,0,0,0,0,1,0,1,0,0,0,0,0,0,0,0,,0,0,0,0,
16,9.39,0,-29.2,23,0,0,0,-2.8,0,0,0,0,-14.5,0,0,0,0,-0.00229183,0,0,0,0,0,0,0,0,0,1,70,59,0,0.00034,0.00034,3,5,0,0,0,0,0,0,0,0,0,0,1,0,1,0,0,0,0,0,0,0,0,,0,0,0,0,
17,9.83,0,-28.4,21,0,0,0,-0.75,0,0,0,0,-17.5,0,0,0,0,-0.00229183,0,0,0,0,0,0,0,0,0,1,68,59,0,0.00034,0.00034,3,5,0,0,0,0,0,0,0,0,0,0,1,0,1,0,0,0,0,0,0,0,0,,0,0,0,0,
18,12.16,0,-12.55,27,0,0,0,12.75,0,0,0,0,-16,0,0,0,0,-0.00229183,0,0,0,0,0,0,0,0,0,1,74,59,0,0.00034,0.00034,3,5,0,0,0,0,0,0,0,0,0,0,1,0,1,0,0,0,0,0,0,0,0,,0,0,0,0,
19,13.01,0,-23.1,21.5,0,0,0,-1.8,0,0,0,0,-17.5,0,0,0,0,-0.00229183,0,0,0,0,0,0,0,0,0,1,68,59,0,0.00034,0.00034,3,5,0,0,0,0,0,0,0,0,0,0,1,0,1,0,0,0,0,0,0,0,0,,0,0,0,0,
END,Total:20
START,FrameNb:125,CameraNb:0,HeSaiNb:0,ARS410Nb:0
2026/08/02 16:23:56:493---->
heightOffset:0,1785659036493,1326068,selfCaliBufCnt:0,selfAccObjCnt:0,selfAccAngle:0,installHAngleOffset:0,Interpolation:0,installVAngleOffset:0,radarOffsetH:0,radarOffsetV:0.32,Polynom:-0.001023;-0.0511;-2.047;0;0;0;-0.001023;-0.0511;-2.047;-25.5;0;0,WheelDirection:0;0;0;0,selfAngleOffset:0,selfAngleOffsetPit:0,currCaliAngleHrz:0,currCaliAnglePit:0,selfCaliAngleHrz:0,selfCaliAnglePit:0,servCaliAngleHrz:0,servCaliAnglePit:0,offlineCaliAngleHrz:0,offlineCaliAnglePit:0,determine2useFlag:0,IMU_Z_Accel:-21.592,IMU_X_AngularRate:-2.093,IMU_Y_AngularRate:-2.093,IMU_RollAngle:-180,IMU_PitchAngle:-180,IMU_YawAngle:-180,FcwID:0,FCWWarningLevel:0,FCWTTC:0
0,2.32,0,30.1,29,0,0,0,7.7,1.37605e-33,0,0,0,-8.5,0,0,0,0,-0.00229183,0,0,0,0,0,0,0,0,0,1,78,60,0,0.00034,0.00034,3,5,0,0,0,0,0,0,0,0,0,0,1,0,0,0,0,0,0,0,0,0,0,,0,0,0,0,
1,2.8,0,-34.05,43,0,0,0,1.75,0,0,0,0,6,0,0,0,0,-0.00229183,0,0,0,0,0,0,0,0,0,1,92,60,0,0.00034,0.00034,3,0,0,0,0,0,0,0,0,0,0,0,1,0,0,0,0,0,0,0,0,0,0,,0,0,0,0,
2,3.25,0,13.55,38.5,0,0,0,2.55,0,0,0,0,-7,0,0,0,0,-0.00229183,0,0,0,0,0,0,0,0,0,1,87,60,0,0.00034,0.00034,3,0,0,0,0,0,0,0,0,0,0,0,1,0,0,0,0,0,0,0,0,0,0,,0,0,0,0,
3,3.6,0,45.95,31.5,0,0,0,-10,0,0,0,0,5,0,0,0,0,-0.00229183,0,0,0,0,0,0,0,0,0,1,80,60,0,0.00034,0.00034,3,5,0,0,0,0,0,0,0,0,0,0,1,0,0,0,0,0,0,0,0,0,0,,0,0,0,0,
4,4.03,0,2.2,41.5,0,0,0,0.55,0,0,0,0,-6,0,0,0,0,-0.00229183,0,0,0,0,0,0,0,0,0,1,89,60,0,0.00034,0.00034,3,5,0,0,0,0,0,0,0,0,0,0,1,0,0,0,0,0,0,0,0,0,0,,0,0,0,0,
5,5.16,0,-35.1,34,0,0,0,-3.35,0,0,0,0,-6,0,0,0,0,-0.00229183,0,0,0,0,0,0,0,0,0,1,79,60,0,0.00034,0.00034,3,5,0,0,0,0,0,0,0,0,0,0,1,0,0,0,0,0,0,0,0,0,0,,0,0,0,0,
6,5.16,0,-40.65,34,0,0,0,0.25,0,0,0,0,-3,0,0,0,0,-0.00229183,0,0,0,0,0,0,0,0,0,1,79,60,0,0.00034,0.00034,3,5,0,0,0,0,0,0,0,0,0,0,1,0,0,0,0,0,0,0,0,0,0,,0,0,0,0,
7,5.61,0,-34.65,35.5,0,0,0,-3.05,0,0,0,0,-4,0,0,0,0,-0.00229183,0,0,0,0,0,0,0,0,0,1,80,60,0,0.00034,0.00034,3,5,0,0,0,0,0,0,0,0,0,0,1,0,0,0,0,0,0,0,0,0,0,,0,0,0,0,
8,5.61,0,-24.1,35.5,0,0,0,-5.55,0,0,0,0,-9,0,0,0,0,-0.00229183,0,0,0,0,0,0,0,0,0,1,80,60,0,0.00034,0.00034,3,5,0,0,0,0,0,0,0,0,0,0,1,0,0,0,0,0,0,0,0,0,0,,0,0,0,0,
9,5.83,0,-40.7,30.5,0,0,0,0.05,0,0,0,0,-5.5,0,0,0,0,-0.00229183,0,0,0,0,0,0,0,0,0,1,75,60,0,0.00034,0.00034,3,5,0,0,0,0,0,0,0,0,0,0,1,0,0,0,0,0,0,0,0,0,0,,0,0,0,0,
10,6.63,0,-53.85,24.5,0,0,0,-6.8,0,0,0,0,0.5,0,0,0,0,-0.00229183,0,0,0,0,0,0,0,0,0,1,70,60,0,0.00034,0.00034,3,5,0,0,0,0,0,0,0,0,0,0,1,0,0,0,0,0,0,0,0,0,0,,0,0,0,0,
11,7.02,0,-33.3,24.5,0,0,0,-3.25,0,0,0,0,-14,0,0,0,0,-0.00229183,0,0,0,0,0,0,0,0,0,1,70,60,0,0.00034,0.00034,3,5,0,0,0,0,0,0,0,0,0,0,1,0,0,0,0,0,0,0,0,0,0,,0,0,0,0,
12,7.65,0,34.95,39,0,0,0,5.95,0,0,0,0,4.5,0,0,0,0,-0.00229183,0,0,0,0,0,0,0,0,0,1,85,60,0,0.00034,0.00034,3,5,0,0,0,0,0,0,0,0,0,0,1,0,0,0,0,0,0,0,0,0,0,,0,0,0,0,
13,8.25,0,-25.3,28.5,0,0,0,-1.7,0,0,0,0,-12.5,0,0,0,0,-0.00229183,0,0,0,0,0,0,0,0,0,1,75,60,0,0.00034,0.00034,3,0,0,0,0,0,0,0,0,0,0,0,1,0,0,0,0,0,0,0,0,0,0,,0,0,0,0,
14,8.64,0,69.1,30,0,0,0,-11.55,0,0,0,0,22.5,0,0,0,0,-0.00229183,0,0,0,0,0,0,0,0,0,1,76,60,0,0.00034,0.00034,3,7,0,0,0,0,0,0,0,0,0,0,1,0,0,0,0,0,0,0,0,0,0,,0,0,0,0,
15,8.91,0,-32.8,26,0,0,0,-0.75,0,0,0,0,-10,0,0,0,0,-0.00229183,0,0,0,0,0,0,0,0,0,1,72,60,0,0.00034,0.00034,3,5,0,0,0,0,0,0,0,0,0,0,1,0,0,0,0,0,0,0,0,0,0,,0,0,0,0,
16,9.38,0,-29.2,23,0,0,0,-2.7,0,0,0,0,-14.5,0,0,0,0,-0.00229183,0,0,0,0,0,0,0,0,0,1,70,60,0,0.00034,0.00034,3,5,0,0,0,0,0,0,0,0,0,0,1,0,0,0,0,0,0,0,0,0,0,,0,0,0,0,
17,9.86,0,-28.3,21,0,0,0,-0.8,0,0,0,0,-17.5,0,0,0,0,-0.00229183,0,0,0,0,0,0,0,0,0,1,67,60,0,0.00034,0.00034,3,5,0,0,0,0,0,0,0,0,0,0,1,0,0,0,0,0,0,0,0,0,0,,0,0,0,0,
18,12.16,0,-12.6,27,0,0,0,12.95,0,0,0,0,-16,0,0,0,0,-0.00229183,0,0,0,0,0,0,0,0,0,1,74,60,0,0.00034,0.00034,3,5,0,0,0,0,0,0,0,0,0,0,1,0,0,0,0,0,0,0,0,0,0,,0,0,0,0,
19,13.01,0,-23.1,22,0,0,0,-1.7,0,0,0,0,-17.5,0,0,0,0,-0.00229183,0,0,0,0,0,0,0,0,0,1,68,60,0,0.00034,0.00034,3,5,0,0,0,0,0,0,0,0,0,0,1,0,0,0,0,0,0,0,0,0,0,,0,0,0,0,
END,Total:20
START,FrameNb:126,CameraNb:0,HeSaiNb:0,ARS410Nb:0
2026/08/02 16:23:56:555---->
heightOffset:0,1785659036555,1326128,selfCaliBufCnt:0,selfAccObjCnt:0,selfAccAngle:0,installHAngleOffset:0,Interpolation:0,installVAngleOffset:0,radarOffsetH:0,radarOffsetV:0.32,Polynom:-0.001023;-0.0511;-2.047;0;0;0;-0.001023;-0.0511;-2.047;-25.5;0;0,WheelDirection:0;0;0;0,selfAngleOffset:0,selfAngleOffsetPit:0,currCaliAngleHrz:0,currCaliAnglePit:0,selfCaliAngleHrz:0,selfCaliAnglePit:0,servCaliAngleHrz:0,servCaliAnglePit:0,offlineCaliAngleHrz:0,offlineCaliAnglePit:0,determine2useFlag:0,IMU_Z_Accel:-21.592,IMU_X_AngularRate:-2.093,IMU_Y_AngularRate:-2.093,IMU_RollAngle:-180,IMU_PitchAngle:-180,IMU_YawAngle:-180,FcwID:0,FCWWarningLevel:0,FCWTTC:0
0,2.32,0,30.1,29,0,0,0,8.25,1.37605e-33,0,0,0,-9,0,0,0,0,-0.00229183,0,0,0,0,0,0,0,0,0,1,78,55,0,0.00034,0.00034,3,5,0,0,0,0,0,0,0,0,0,0,1,0,1,0,0,0,0,0,0,0,0,,0,0,0,0,
1,2.8,0,-34.05,43,0,0,0,1.75,0,0,0,0,6,0,0,0,0,-0.00229183,0,0,0,0,0,0,0,0,0,1,92,55,0,0.00034,0.00034,3,0,0,0,0,0,0,0,0,0,0,0,1,0,1,0,0,0,0,0,0,0,0,,0,0,0,0,
2,3.25,0,13.55,38.5,0,0,0,2.55,0,0,0,0,-7,0,0,0,0,-0.00229183,0,0,0,0,0,0,0,0,0,1,87,55,0,0.00034,0.00034,3,0,0,0,0,0,0,0,0,0,0,0,1,0,1,0,0,0,0,0,0,0,0,,0,0,0,0,
3,3.61,0,45.55,31.5,0,0,0,-9.2,0,0,0,0,5,0,0,0,0,-0.00229183,0,0,0,0,0,0,0,0,0,1,80,55,0,0.00034,0.00034,3,5,0,0,0,0,0,0,0,0,0,0,1,0,1,0,0,0,0,0,0,0,0,,0,0,0,0,
4,4.03,0,2.2,41.5,0,0,0,0.65,0,0,0,0,-6.5,0,0,0,0,-0.00229183,0,0,0,0,0,0,0,0,0,1,89,55,0,0.00034,0.00034,3,5,0,0,0,0,0,0,0,0,0,0,1,0,1,0,0,0,0,0,0,0,0,,0,0,0,0,
5,5.17,0,-35.1,34,0,0,0,-3.35,0,0,0,0,-6,0,0,0,0,-0.00229183,0,0,0,0,0,0,0,0,0,1,79,55,0,0.00034,0.00034,3,5,0,0,0,0,0,0,0,0,0,0,1,0,1,0,0,0,0,0,0,0,0,,0,0,0,0,
6,5.17,0,-40.65,34,0,0,0,0.3,0,0,0,0,-3,0,0,0,0,-0.00229183,0,0,0,0,0,0,0,0,0,1,79,55,0,0.00034,0.00034,3,5,0,0,0,0,0,0,0,0,0,0,1,0,1,0,0,0,0,0,0,0,0,,0,0,0,0,
7,5.62,0,-34.6,36,0,0,0,-3,0,0,0,0,-4,0,0,0,0,-0.00229183,0,0,0,0,0,0,0,0,0,1,80,55,0,0.00034,0.00034,3,5,0,0,0,0,0,0,0,0,0,0,1,0,1,0,0,0,0,0,0,0,0,,0,0,0,0,
8,5.62,0,-24.1,36,0,0,0,-5.55,0,0,0,0,-9,0,0,0,0,-0.00229183,0,0,0,0,0,0,0,0,0,1,80,55,0,0.00034,0.00034,3,5,0,0,0,0,0,0,0,0,0,0,1,0,1,0,0,0,0,0,0,0,0,,0,0,0,0,
9,5.83,0,-40.8,30.5,0,0,0,0.2,0,0,0,0,-5.5,0,0,0,0,-0.00229183,0,0,0,0,0,0,0,0,0,1,75,55,0,0.00034,0.00034,3,5,0,0,0,0,0,0,0,0,0,0,1,0,1,0,0,0,0,0,0,0,0,,0,0,0,0,
10,6.63,0,-53.55,24.5,0,0,0,-3.7,0,0,0,0,0.5,0,0,0,0,-0.00229183,0,0,0,0,0,0,0,0,0,1,70,55,0,0.00034,0.00034,3,5,0,0,0,0,0,0,0,0,0,0,1,0,1,0,0,0,0,0,0,0,0,,0,0,0,0,
11,7.02,0,-10.05,24.5,0,0,0,2.3,0,0,0,0,-23,0,0,0,0,-0.00229183,0,0,0,0,0,0,0,0,0,1,70,55,0,0.00034,0.00034,3,5,0,0,0,0,0,0,0,0,0,0,1,0,1,0,0,0,0,0,0,0,0,,0,0,0,0,
12,7.65,0,34.85,39,0,0,0,5.65,0,0,0,0,4.5,0,0,0,0,-0.00229183,0,0,0,0,0,0,0,0,0,1,85,55,0,0.00034,0.00034,3,5,0,0,0,0,0,0,0,0,0,0,1,0,1,0,0,0,0,0,0,0,0,,0,0,0,0,
13,8.25,0,-25.2,28.5,0,0,0,-1.8,0,0,0,0,-12.5,0,0,0,0,-0.00229183,0,0,0,0,0,0,0,0,0,1,75,55,0,0.00034,0.00034,3,0,0,0,0,0,0,0,0,0,0,0,1,0,1,0,0,0,0,0,0,0,0,,0,0,0,0,
14,8.48,0,69.1,30,0,0,0,-11.35,0,0,0,0,22,0,0,0,0,-0.00229183,0,0,0,0,0,0,0,0,0,1,76,55,0,0.00034,0.00034,3,7,0,0,0,0,0,0,0,0,0,0,1,0,1,0,0,0,0,0,0,0,0,,0,0,0,0,
15,8.9,0,-32.7,26,0,0,0,-0.8,0,0,0,0,-10,0,0,0,0,-0.00229183,0,0,0,0,0,0,0,0,0,1,72,55,0,0.00034,0.00034,3,5,0,0,0,0,0,0,0,0,0,0,1,0,1,0,0,0,0,0,0,0,0,,0,0,0,0,
16,9.39,0,-29.2,23,0,0,0,-2.8,0,0,0,0,-15,0,0,0,0,-0.00229183,0,0,0,0,0,0,0,0,0,1,69,55,0,0.00034,0.00034,3,5,0,0,0,0,0,0,0,0,0,0,1,0,1,0,0,0,0,0,0,0,0,,0,0,0,0,
17,9.83,0,-28.35,21,0,0,0,-0.75,0,0,0,0,-17.5,0,0,0,0,-0.00229183,0,0,0,0,0,0,0,0,0,1,67,55,0,0.00034,0.00034,3,5,0,0,0,0,0,0,0,0,0,0,1,0,1,0,0,0,0,0,0,0,0,,0,0,0,0,
18,12.16,0,-12.5,26.5,0,0,0,12.8,0,0,0,0,-16,0,0,0,0,-0.00229183,0,0,0,0,0,0,0,0,0,1,74,55,0,0.00034,0.00034,3,5,0,0,0,0,0,0,0,0,0,0,1,0,1,0,0,0,0,0,0,0,0,,0,0,0,0,
19,13.01,0,-23.2,21.5,0,0,0,-1.55,0,0,0,0,-17.5,0,0,0,0,-0.00229183,0,0,0,0,0,0,0,0,0,1,68,55,0,0.00034,0.00034,3,5,0,0,0,0,0,0,0,0,0,0,1,0,1,0,0,0,0,0,0,0,0,,0,0,0,0,
END,Total:20
START,FrameNb:127,CameraNb:0,HeSaiNb:0,ARS410Nb:0
2026/08/02 16:23:56:586---->
heightOffset:0,1785659036586,1326184,selfCaliBufCnt:0,selfAccObjCnt:0,selfAccAngle:0,installHAngleOffset:0,Interpolation:0,installVAngleOffset:0,radarOffsetH:0,radarOffsetV:0.32,Polynom:-0.001023;-0.0511;-2.047;0;0;0;-0.001023;-0.0511;-2.047;-25.5;0;0,WheelDirection:0;0;0;0,selfAngleOffset:0,selfAngleOffsetPit:0,currCaliAngleHrz:0,currCaliAnglePit:0,selfCaliAngleHrz:0,selfCaliAnglePit:0,servCaliAngleHrz:0,servCaliAnglePit:0,offlineCaliAngleHrz:0,offlineCaliAnglePit:0,determine2useFlag:0,IMU_Z_Accel:-21.592,IMU_X_AngularRate:-2.093,IMU_Y_AngularRate:-2.093,IMU_RollAngle:-180,IMU_PitchAngle:-180,IMU_YawAngle:-180,FcwID:0,FCWWarningLevel:0,FCWTTC:0
0,2.32,0,30.1,29,0,0,0,7.7,1.37605e-33,0,0,0,-8.5,0,0,0,0,-0.00229183,0,0,0,0,0,0,0,0,0,1,78,58,0,0.00034,0.00034,3,5,0,0,0,0,0,0,0,0,0,0,1,0,0,0,0,0,0,0,0,0,0,,0,0,0,0,
1,2.8,0,-34.05,43.5,0,0,0,1.75,0,0,0,0,6,0,0,0,0,-0.00229183,0,0,0,0,0,0,0,0,0,1,92,58,0,0.00034,0.00034,3,0,0,0,0,0,0,0,0,0,0,0,1,0,0,0,0,0,0,0,0,0,0,,0,0,0,0,
2,3.25,0,13.55,38.5,0,0,0,2.55,0,0,0,0,-7,0,0,0,0,-0.00229183,0,0,0,0,0,0,0,0,0,1,87,58,0,0.00034,0.00034,3,0,0,0,0,0,0,0,0,0,0,0,1,0,0,0,0,0,0,0,0,0,0,,0,0,0,0,
3,3.58,0,45.85,32,0,0,0,-10.35,0,0,0,0,5,0,0,0,0,-0.00229183,0,0,0,0,0,0,0,0,0,1,80,58,0,0.00034,0.00034,3,5,0,0,0,0,0,0,0,0,0,0,1,0,0,0,0,0,0,0,0,0,0,,0,0,0,0,
4,4.03,0,2.2,41.5,0,0,0,0.45,0,0,0,0,-6,0,0,0,0,-0.00229183,0,0,0,0,0,0,0,0,0,1,89,58,0,0.00034,0.00034,3,5,0,0,0,0,0,0,0,0,0,0,1,0,0,0,0,0,0,0,0,0,0,,0,0,0,0,
5,5.16,0,-35.05,34,0,0,0,-3.35,0,0,0,0,-6,0,0,0,0,-0.00229183,0,0,0,0,0,0,0,0,0,1,79,58,0,0.00034,0.00034,3,5,0,0,0,0,0,0,0,0,0,0,1,0,0,0,0,0,0,0,0,0,0,,0,0,0,0,
6,5.16,0,-40.6,34,0,0,0,0.45,0,0,0,0,-3,0,0,0,0,-0.00229183,0,0,0,0,0,0,0,0,0,1,79,58,0,0.00034,0.00034,3,5,0,0,0,0,0,0,0,0,0,0,1,0,0,0,0,0,0,0,0,0,0,,0,0,0,0,
7,5.61,0,-34.7,36,0,0,0,-3,0,0,0,0,-4,0,0,0,0,-0.00229183,0,0,0,0,0,0,0,0,0,1,80,58,0,0.00034,0.00034,3,5,0,0,0,0,0,0,0,0,0,0,1,0,0,0,0,0,0,0,0,0,0,,0,0,0,0,
8,5.61,0,-24.1,36,0,0,0,-5.55,0,0,0,0,-9,0,0,0,0,-0.00229183,0,0,0,0,0,0,0,0,0,1,80,58,0,0.00034,0.00034,3,5,0,0,0,0,0,0,0,0,0,0,1,0,0,0,0,0,0,0,0,0,0,,0,0,0,0,
9,5.83,0,-40.55,30.5,0,0,0,0,0,0,0,0,-5.5,0,0,0,0,-0.00229183,0,0,0,0,0,0,0,0,0,1,76,58,0,0.00034,0.00034,3,5,0,0,0,0,0,0,0,0,0,0,1,0,0,0,0,0,0,0,0,0,0,,0,0,0,0,
10,6.63,0,4.8,24.5,0,0,0,-13.45,0,0,0,0,-23.5,0,0,0,0,-0.00229183,0,0,0,0,0,0,0,0,0,1,70,58,0,0.00034,0.00034,2,-1,0,0,0,0,0,0,0,0,0,0,1,0,0,0,0,0,0,0,0,0,0,,0,0,0,0,
11,7.03,0,-10.1,25,0,0,0,2.4,0,0,0,0,-22.5,0,0,0,0,-0.00229183,0,0,0,0,0,0,0,0,0,1,70,58,0,0.00034,0.00034,3,5,0,0,0,0,0,0,0,0,0,0,1,0,0,0,0,0,0,0,0,0,0,,0,0,0,0,
12,7.65,0,34.9,39.5,0,0,0,5.95,0,0,0,0,5,0,0,0,0,-0.00229183,0,0,0,0,0,0,0,0,0,1,85,58,0,0.00034,0.00034,3,5,0,0,0,0,0,0,0,0,0,0,1,0,0,0,0,0,0,0,0,0,0,,0,0,0,0,
13,8.25,0,-25.1,28.5,0,0,0,11.65,0,0,0,0,-12.5,0,0,0,0,-0.00229183,0,0,0,0,0,0,0,0,0,1,75,58,0,0.00034,0.00034,3,0,0,0,0,0,0,0,0,0,0,0,1,0,0,0,0,0,0,0,0,0,0,,0,0,0,0,
14,8.65,0,69.1,30,0,0,0,-11.55,0,0,0,0,22.5,0,0,0,0,-0.00229183,0,0,0,0,0,0,0,0,0,1,76,58,0,0.00034,0.00034,3,7,0,0,0,0,0,0,0,0,0,0,1,0,0,0,0,0,0,0,0,0,0,,0,0,0,0,
15,8.91,0,-32.65,26.5,0,0,0,-0.6,0,0,0,0,-10,0,0,0,0,-0.00229183,0,0,0,0,0,0,0,0,0,1,73,58,0,0.00034,0.00034,3,5,0,0,0,0,0,0,0,0,0,0,1,0,0,0,0,0,0,0,0,0,0,,0,0,0,0,
16,9.39,0,-29.3,23,0,0,0,-2.45,0,0,0,0,-15,0,0,0,0,-0.00229183,0,0,0,0,0,0,0,0,0,1,69,58,0,0.00034,0.00034,3,5,0,0,0,0,0,0,0,0,0,0,1,0,0,0,0,0,0,0,0,0,0,,0,0,0,0,
17,9.84,0,-28.35,20.5,0,0,0,-0.8,0,0,0,0,-18,0,0,0,0,-0.00229183,0,0,0,0,0,0,0,0,0,1,67,58,0,0.00034,0.00034,3,5,0,0,0,0,0,0,0,0,0,0,1,0,0,0,0,0,0,0,0,0,0,,0,0,0,0,
18,12.16,0,-12.55,27,0,0,0,12.65,0,0,0,0,-16,0,0,0,0,-0.00229183,0,0,0,0,0,0,0,0,0,1,73,58,0,0.00034,0.00034,3,5,0,0,0,0,0,0,0,0,0,0,1,0,0,0,0,0,0,0,0,0,0,,0,0,0,0,
19,13,0,-23.05,21.5,0,0,0,-1.75,0,0,0,0,-17.5,0,0,0,0,-0.00229183,0,0,0,0,0,0,0,0,0,1,68,58,0,0.00034,0.00034,3,5,0,0,0,0,0,0,0,0,0,0,1,0,0,0,0,0,0,0,0,0,0,,0,0,0,0,
END,Total:20
START,FrameNb:128,CameraNb:0,HeSaiNb:0,ARS410Nb:0
2026/08/02 16:23:56:682---->
heightOffset:0,1785659036682,1326240,selfCaliBufCnt:0,selfAccObjCnt:0,selfAccAngle:0,installHAngleOffset:0,Interpolation:0,installVAngleOffset:0,radarOffsetH:0,radarOffsetV:0.32,Polynom:-0.001023;-0.0511;-2.047;0;0;0;-0.001023;-0.0511;-2.047;-25.5;0;0,WheelDirection:0;0;0;0,selfAngleOffset:0,selfAngleOffsetPit:0,currCaliAngleHrz:0,currCaliAnglePit:0,selfCaliAngleHrz:0,selfCaliAnglePit:0,servCaliAngleHrz:0,servCaliAnglePit:0,offlineCaliAngleHrz:0,offlineCaliAnglePit:0,determine2useFlag:0,IMU_Z_Accel:-21.592,IMU_X_AngularRate:-2.093,IMU_Y_AngularRate:-2.093,IMU_RollAngle:-180,IMU_PitchAngle:-180,IMU_YawAngle:-180,FcwID:0,FCWWarningLevel:0,FCWTTC:0
0,2.32,0,30.1,29,0,0,0,8.25,1.37605e-33,0,0,0,-9,0,0,0,0,-0.00229183,0,0,0,0,0,0,0,0,0,1,78,54,0,0.00034,0.00034,3,5,0,0,0,0,0,0,0,0,0,0,1,0,1,0,0,0,0,0,0,0,0,,0,0,0,0,
1,2.8,0,-34.05,43,0,0,0,1.75,0,0,0,0,6,0,0,0,0,-0.00229183,0,0,0,0,0,0,0,0,0,1,92,54,0,0.00034,0.00034,3,0,0,0,0,0,0,0,0,0,0,0,1,0,1,0,0,0,0,0,0,0,0,,0,0,0,0,
2,3.25,0,13.55,38.5,0,0,0,2.55,0,0,0,0,-7,0,0,0,0,-0.00229183,0,0,0,0,0,0,0,0,0,1,87,54,0,0.00034,0.00034,3,0,0,0,0,0,0,0,0,0,0,0,1,0,1,0,0,0,0,0,0,0,0,,0,0,0,0,
3,3.6,0,45.45,31.5,0,0,0,-8.75,0,0,0,0,5,0,0,0,0,-0.00229183,0,0,0,0,0,0,0,0,0,1,80,54,0,0.00034,0.00034,3,5,0,0,0,0,0,0,0,0,0,0,1,0,1,0,0,0,0,0,0,0,0,,0,0,0,0,
4,4.03,0,2.2,41.5,0,0,0,0.55,0,0,0,0,-6.5,0,0,0,0,-0.00229183,0,0,0,0,0,0,0,0,0,1,89,54,0,0.00034,0.00034,3,5,0,0,0,0,0,0,0,0,0,0,1,0,1,0,0,0,0,0,0,0,0,,0,0,0,0,
5,5.17,0,-35.05,34,0,0,0,-3.3,0,0,0,0,-6,0,0,0,0,-0.00229183,0,0,0,0,0,0,0,0,0,1,79,54,0,0.00034,0.00034,3,5,0,0,0,0,0,0,0,0,0,0,1,0,1,0,0,0,0,0,0,0,0,,0,0,0,0,
6,5.17,0,-40.6,34,0,0,0,0.3,0,0,0,0,-3,0,0,0,0,-0.00229183,0,0,0,0,0,0,0,0,0,1,79,54,0,0.00034,0.00034,3,5,0,0,0,0,0,0,0,0,0,0,1,0,1,0,0,0,0,0,0,0,0,,0,0,0,0,
7,5.62,0,-34.6,36,0,0,0,-3,0,0,0,0,-4,0,0,0,0,-0.00229183,0,0,0,0,0,0,0,0,0,1,80,54,0,0.00034,0.00034,3,5,0,0,0,0,0,0,0,0,0,0,1,0,1,0,0,0,0,0,0,0,0,,0,0,0,0,
8,5.62,0,-24.1,36,0,0,0,-5.6,0,0,0,0,-9,0,0,0,0,-0.00229183,0,0,0,0,0,0,0,0,0,1,80,54,0,0.00034,0.00034,3,5,0,0,0,0,0,0,0,0,0,0,1,0,1,0,0,0,0,0,0,0,0,,0,0,0,0,
9,5.83,0,-40.85,30.5,0,0,0,0.2,0,0,0,0,-5.5,0,0,0,0,-0.00229183,0,0,0,0,0,0,0,0,0,1,75,54,0,0.00034,0.00034,3,5,0,0,0,0,0,0,0,0,0,0,1,0,1,0,0,0,0,0,0,0,0,,0,0,0,0,
10,6.48,0,4.8,25,0,0,0,-13.6,0,0,0,0,-23.5,0,0,0,0,-0.00229183,0,0,0,0,0,0,0,0,0,1,70,54,0,0.00034,0.00034,3,5,0,0,0,0,0,0,0,0,0,0,1,0,1,0,0,0,0,0,0,0,0,,0,0,0,0,
11,7.03,0,-9.95,25,0,0,0,2.3,0,0,0,0,-22.5,0,0,0,0,-0.00229183,0,0,0,0,0,0,0,0,0,1,70,54,0,0.00034,0.00034,3,5,0,0,0,0,0,0,0,0,0,0,1,0,1,0,0,0,0,0,0,0,0,,0,0,0,0,
12,7.65,0,35,40,0,0,0,-9,0,0,0,0,6.5,0,0,0,0,-0.00229183,0,0,0,0,0,0,0,0,0,1,86,54,0,0.00034,0.00034,3,0,0,0,0,0,0,0,0,0,0,0,1,0,1,0,0,0,0,0,0,0,0,,0,0,0,0,
13,8.25,0,-25.05,28.5,0,0,0,-1.8,0,0,0,0,-12.5,0,0,0,0,-0.00229183,0,0,0,0,0,0,0,0,0,1,75,54,0,0.00034,0.00034,3,0,0,0,0,0,0,0,0,0,0,0,1,0,1,0,0,0,0,0,0,0,0,,0,0,0,0,
14,8.48,0,69.15,30,0,0,0,-11.45,0,0,0,0,22.5,0,0,0,0,-0.00229183,0,0,0,0,0,0,0,0,0,1,76,54,0,0.00034,0.00034,3,7,0,0,0,0,0,0,0,0,0,0,1,0,1,0,0,0,0,0,0,0,0,,0,0,0,0,
15,8.9,0,-32.7,26.5,0,0,0,-0.85,0,0,0,0,-10,0,0,0,0,-0.00229183,0,0,0,0,0,0,0,0,0,1,73,54,0,0.00034,0.00034,3,5,0,0,0,0,0,0,0,0,0,0,1,0,1,0,0,0,0,0,0,0,0,,0,0,0,0,
16,9.39,0,-29.3,23.5,0,0,0,-2.6,0,0,0,0,-15,0,0,0,0,-0.00229183,0,0,0,0,0,0,0,0,0,1,69,54,0,0.00034,0.00034,3,5,0,0,0,0,0,0,0,0,0,0,1,0,1,0,0,0,0,0,0,0,0,,0,0,0,0,
17,9.83,0,-28.4,21,0,0,0,-0.8,0,0,0,0,-18,0,0,0,0,-0.00229183,0,0,0,0,0,0,0,0,0,1,67,54,0,0.00034,0.00034,3,5,0,0,0,0,0,0,0,0,0,0,1,0,1,0,0,0,0,0,0,0,0,,0,0,0,0,
18,12.16,0,-12.55,27,0,0,0,12.9,0,0,0,0,-16,0,0,0,0,-0.00229183,0,0,0,0,0,0,0,0,0,1,73,54,0,0.00034,0.00034,3,5,0,0,0,0,0,0,0,0,0,0,1,0,1,0,0,0,0,0,0,0,0,,0,0,0,0,
19,13.01,0,-23.1,21.5,0,0,0,-1.95,0,0,0,0,-18,0,0,0,0,-0.00229183,0,0,0,0,0,0,0,0,0,1,67,54,0,0.00034,0.00034,3,5,0,0,0,0,0,0,0,0,0,0,1,0,1,0,0,0,0,0,0,0,0,,0,0,0,0,
END,Total:20
START,FrameNb:129,CameraNb:0,HeSaiNb:0,ARS410Nb:0
2026/08/02 16:23:56:747---->
heightOffset:0,1785659036747,1326292,selfCaliBufCnt:0,selfAccObjCnt:0,selfAccAngle:0,installHAngleOffset:0,Interpolation:0,installVAngleOffset:0,radarOffsetH:0,radarOffsetV:0.32,Polynom:-0.001023;-0.0511;-2.047;0;0;0;-0.001023;-0.0511;-2.047;-25.5;0;0,WheelDirection:0;0;0;0,selfAngleOffset:0,selfAngleOffsetPit:0,currCaliAngleHrz:0,currCaliAnglePit:0,selfCaliAngleHrz:0,selfCaliAnglePit:0,servCaliAngleHrz:0,servCaliAnglePit:0,offlineCaliAngleHrz:0,offlineCaliAnglePit:0,determine2useFlag:0,IMU_Z_Accel:-21.592,IMU_X_AngularRate:-2.093,IMU_Y_AngularRate:-2.093,IMU_RollAngle:-180,IMU_PitchAngle:-180,IMU_YawAngle:-180,FcwID:0,FCWWarningLevel:0,FCWTTC:0
0,2.32,0,30.05,28.5,0,0,0,7.75,1.37605e-33,0,0,0,-8.5,0,0,0,0,-0.00229183,0,0,0,0,0,0,0,0,0,1,78,58,0,0.00034,0.00034,3,5,0,0,0,0,0,0,0,0,0,0,1,0,0,0,0,0,0,0,0,0,0,,0,0,0,0,
1,2.8,0,-34.05,43,0,0,0,1.75,0,0,0,0,6,0,0,0,0,-0.00229183,0,0,0,0,0,0,0,0,0,1,92,58,0,0.00034,0.00034,3,0,0,0,0,0,0,0,0,0,0,0,1,0,0,0,0,0,0,0,0,0,0,,0,0,0,0,
2,3.25,0,13.55,38.5,0,0,0,2.55,0,0,0,0,-7,0,0,0,0,-0.00229183,0,0,0,0,0,0,0,0,0,1,87,58,0,0.00034,0.00034,3,0,0,0,0,0,0,0,0,0,0,0,1,0,0,0,0,0,0,0,0,0,0,,0,0,0,0,
3,3.6,0,45.8,31.5,0,0,0,-10.2,0,0,0,0,5,0,0,0,0,-0.00229183,0,0,0,0,0,0,0,0,0,1,80,58,0,0.00034,0.00034,3,5,0,0,0,0,0,0,0,0,0,0,1,0,0,0,0,0,0,0,0,0,0,,0,0,0,0,
4,4.03,0,2.2,41.5,0,0,0,0.55,0,0,0,0,-6,0,0,0,0,-0.00229183,0,0,0,0,0,0,0,0,0,1,89,58,0,0.00034,0.00034,3,5,0,0,0,0,0,0,0,0,0,0,1,0,0,0,0,0,0,0,0,0,0,,0,0,0,0,
5,5.16,0,-35.1,34,0,0,0,-3.35,0,0,0,0,-5.5,0,0,0,0,-0.00229183,0,0,0,0,0,0,0,0,0,1,79,58,0,0.00034,0.00034,3,5,0,0,0,0,0,0,0,0,0,0,1,0,0,0,0,0,0,0,0,0,0,,0,0,0,0,
6,5.16,0,-40.6,34,0,0,0,0.3,0,0,0,0,-2.5,0,0,0,0,-0.00229183,0,0,0,0,0,0,0,0,0,1,79,58,0,0.00034,0.00034,3,5,0,0,0,0,0,0,0,0,0,0,1,0,0,0,0,0,0,0,0,0,0,,0,0,0,0,
7,5.61,0,-34.65,35.5,0,0,0,-3.05,0,0,0,0,-4,0,0,0,0,-0.00229183,0,0,0,0,0,0,0,0,0,1,80,58,0,0.00034,0.00034,3,5,0,0,0,0,0,0,0,0,0,0,1,0,0,0,0,0,0,0,0,0,0,,0,0,0,0,
8,5.61,0,-24.1,35.5,0,0,0,-5.7,0,0,0,0,-9,0,0,0,0,-0.00229183,0,0,0,0,0,0,0,0,0,1,80,58,0,0.00034,0.00034,3,5,0,0,0,0,0,0,0,0,0,0,1,0,0,0,0,0,0,0,0,0,0,,0,0,0,0,
9,5.83,0,-40.7,30.5,0,0,0,0,0,0,0,0,-5.5,0,0,0,0,-0.00229183,0,0,0,0,0,0,0,0,0,1,75,58,0,0.00034,0.00034,3,5,0,0,0,0,0,0,0,0,0,0,1,0,0,0,0,0,0,0,0,0,0,,0,0,0,0,
10,6.63,0,4.9,24.5,0,0,0,-13.35,0,0,0,0,-23,0,0,0,0,-0.00229183,0,0,0,0,0,0,0,0,0,1,70,58,0,0.00034,0.00034,3,5,0,0,0,0,0,0,0,0,0,0,1,0,0,0,0,0,0,0,0,0,0,,0,0,0,0,
11,7.04,0,24.05,24.5,0,0,0,-10.3,0,0,0,0,-15.5,0,0,0,0,-0.00229183,0,0,0,0,0,0,0,0,0,1,71,58,0,0.00034,0.00034,3,5,0,0,0,0,0,0,0,0,0,0,1,0,0,0,0,0,0,0,0,0,0,,0,0,0,0,
12,7.64,0,34.95,40,0,0,0,-9.1,0,0,0,0,5.5,0,0,0,0,-0.00229183,0,0,0,0,0,0,0,0,0,1,86,58,0,0.00034,0.00034,3,0,0,0,0,0,0,0,0,0,0,0,1,0,0,0,0,0,0,0,0,0,0,,0,0,0,0,
13,8.24,0,-25.1,29,0,0,0,-2,0,0,0,0,-12,0,0,0,0,-0.00229183,0,0,0,0,0,0,0,0,0,1,75,58,0,0.00034,0.00034,3,0,0,0,0,0,0,0,0,0,0,0,1,0,0,0,0,0,0,0,0,0,0,,0,0,0,0,
14,8.65,0,45.05,30,0,0,0,5.8,0,0,0,0,5.5,0,0,0,0,-0.00229183,0,0,0,0,0,0,0,0,0,1,76,58,0,0.00034,0.00034,3,7,0,0,0,0,0,0,0,0,0,0,1,0,0,0,0,0,0,0,0,0,0,,0,0,0,0,
15,8.9,0,-32.7,26.5,0,0,0,-0.35,0,0,0,0,-10,0,0,0,0,-0.00229183,0,0,0,0,0,0,0,0,0,1,73,58,0,0.00034,0.00034,3,5,0,0,0,0,0,0,0,0,0,0,1,0,0,0,0,0,0,0,0,0,0,,0,0,0,0,
16,9.38,0,-29.3,23,0,0,0,-2.45,0,0,0,0,-15,0,0,0,0,-0.00229183,0,0,0,0,0,0,0,0,0,1,69,58,0,0.00034,0.00034,3,5,0,0,0,0,0,0,0,0,0,0,1,0,0,0,0,0,0,0,0,0,0,,0,0,0,0,
17,9.86,0,-28.4,21,0,0,0,-0.6,0,0,0,0,-18,0,0,0,0,-0.00229183,0,0,0,0,0,0,0,0,0,1,67,58,0,0.00034,0.00034,3,5,0,0,0,0,0,0,0,0,0,0,1,0,0,0,0,0,0,0,0,0,0,,0,0,0,0,
18,12.16,0,-12.55,26,0,0,0,12.65,0,0,0,0,-16.5,0,0,0,0,-0.00229183,0,0,0,0,0,0,0,0,0,1,73,58,0,0.00034,0.00034,3,5,0,0,0,0,0,0,0,0,0,0,1,0,0,0,0,0,0,0,0,0,0,,0,0,0,0,
19,13.01,0,-23.1,21.5,0,0,0,-1.85,0,0,0,0,-17.5,0,0,0,0,-0.00229183,0,0,0,0,0,0,0,0,0,1,68,58,0,0.00034,0.00034,3,5,0,0,0,0,0,0,0,0,0,0,1,0,0,0,0,0,0,0,0,0,0,,0,0,0,0,
END,Total:20
START,FrameNb:130,CameraNb:0,HeSaiNb:0,ARS410Nb:0
2026/08/02 16:23:56:776---->
heightOffset:0,1785659036776,1326356,selfCaliBufCnt:0,selfAccObjCnt:0,selfAccAngle:0,installHAngleOffset:0,Interpolation:0,installVAngleOffset:0,radarOffsetH:0,radarOffsetV:0.32,Polynom:-0.001023;-0.0511;-2.047;0;0;0;-0.001023;-0.0511;-2.047;-25.5;0;0,WheelDirection:0;0;0;0,selfAngleOffset:0,selfAngleOffsetPit:0,currCaliAngleHrz:0,currCaliAnglePit:0,selfCaliAngleHrz:0,selfCaliAnglePit:0,servCaliAngleHrz:0,servCaliAnglePit:0,offlineCaliAngleHrz:0,offlineCaliAnglePit:0,determine2useFlag:0,IMU_Z_Accel:-21.592,IMU_X_AngularRate:-2.093,IMU_Y_AngularRate:-2.093,IMU_RollAngle:-180,IMU_PitchAngle:-180,IMU_YawAngle:-180,FcwID:0,FCWWarningLevel:0,FCWTTC:0
0,2.32,0,30.1,29,0,0,0,8.2,1.37605e-33,0,0,0,-9,0,0,0,0,-0.00229183,0,0,0,0,0,0,0,0,0,1,78,57,0,0.00034,0.00034,3,5,0,0,0,0,0,0,0,0,0,0,1,0,1,0,0,0,0,0,0,0,0,,0,0,0,0,
1,2.8,0,-34.05,43,0,0,0,1.75,0,0,0,0,6,0,0,0,0,-0.00229183,0,0,0,0,0,0,0,0,0,1,92,57,0,0.00034,0.00034,3,0,0,0,0,0,0,0,0,0,0,0,1,0,1,0,0,0,0,0,0,0,0,,0,0,0,0,
2,3.24,0,13.55,38.5,0,0,0,2.55,0,0,0,0,-7,0,0,0,0,-0.00229183,0,0,0,0,0,0,0,0,0,1,87,57,0,0.00034,0.00034,3,0,0,0,0,0,0,0,0,0,0,0,1,0,1,0,0,0,0,0,0,0,0,,0,0,0,0,
3,3.6,0,45.55,31.5,0,0,0,-9,0,0,0,0,5,0,0,0,0,-0.00229183,0,0,0,0,0,0,0,0,0,1,80,57,0,0.00034,0.00034,3,5,0,0,0,0,0,0,0,0,0,0,1,0,1,0,0,0,0,0,0,0,0,,0,0,0,0,
4,4.03,0,2.2,41.5,0,0,0,0.65,0,0,0,0,-6.5,0,0,0,0,-0.00229183,0,0,0,0,0,0,0,0,0,1,89,57,0,0.00034,0.00034,3,5,0,0,0,0,0,0,0,0,0,0,1,0,1,0,0,0,0,0,0,0,0,,0,0,0,0,
5,5.17,0,-35.1,34,0,0,0,-3.35,0,0,0,0,-6,0,0,0,0,-0.00229183,0,0,0,0,0,0,0,0,0,1,79,57,0,0.00034,0.00034,3,5,0,0,0,0,0,0,0,0,0,0,1,0,1,0,0,0,0,0,0,0,0,,0,0,0,0,
6,5.17,0,-40.6,34,0,0,0,0.2,0,0,0,0,-3,0,0,0,0,-0.00229183,0,0,0,0,0,0,0,0,0,1,79,57,0,0.00034,0.00034,3,5,0,0,0,0,0,0,0,0,0,0,1,0,1,0,0,0,0,0,0,0,0,,0,0,0,0,
7,5.61,0,-34.55,36,0,0,0,-3,0,0,0,0,-4,0,0,0,0,-0.00229183,0,0,0,0,0,0,0,0,0,1,80,57,0,0.00034,0.00034,3,5,0,0,0,0,0,0,0,0,0,0,1,0,1,0,0,0,0,0,0,0,0,,0,0,0,0,
8,5.61,0,-24.1,36,0,0,0,-5.7,0,0,0,0,-9,0,0,0,0,-0.00229183,0,0,0,0,0,0,0,0,0,1,80,57,0,0.00034,0.00034,3,5,0,0,0,0,0,0,0,0,0,0,1,0,1,0,0,0,0,0,0,0,0,,0,0,0,0,
9,5.83,0,-40.65,30.5,0,0,0,0.3,0,0,0,0,-5.5,0,0,0,0,-0.00229183,0,0,0,0,0,0,0,0,0,1,76,57,0,0.00034,0.00034,3,5,0,0,0,0,0,0,0,0,0,0,1,0,1,0,0,0,0,0,0,0,0,,0,0,0,0,
10,7.02,0,-10.35,24.5,0,0,0,-8.1,0,0,0,0,-23,0,0,0,0,-0.00229183,0,0,0,0,0,0,0,0,0,1,70,57,0,0.00034,0.00034,3,5,0,0,0,0,0,0,0,0,0,0,1,0,1,0,0,0,0,0,0,0,0,,0,0,0,0,
11,7.65,0,34.8,40,0,0,0,-9.2,0,0,0,0,5.5,0,0,0,0,-0.00229183,0,0,0,0,0,0,0,0,0,1,86,57,0,0.00034,0.00034,3,0,0,0,0,0,0,0,0,0,0,0,1,0,1,0,0,0,0,0,0,0,0,,0,0,0,0,
12,8.25,0,-25.05,29,0,0,0,-2,0,0,0,0,-12,0,0,0,0,-0.00229183,0,0,0,0,0,0,0,0,0,1,75,57,0,0.00034,0.00034,3,0,0,0,0,0,0,0,0,0,0,0,1,0,1,0,0,0,0,0,0,0,0,,0,0,0,0,
13,8.48,0,45,30,0,0,0,5.95,0,0,0,0,5.5,0,0,0,0,-0.00229183,0,0,0,0,0,0,0,0,0,1,76,57,0,0.00034,0.00034,3,7,0,0,0,0,0,0,0,0,0,0,1,0,1,0,0,0,0,0,0,0,0,,0,0,0,0,
14,8.9,0,-32.7,26,0,0,0,-0.55,0,0,0,0,-10.5,0,0,0,0,-0.00229183,0,0,0,0,0,0,0,0,0,1,72,57,0,0.00034,0.00034,3,7,0,0,0,0,0,0,0,0,0,0,1,0,1,0,0,0,0,0,0,0,0,,0,0,0,0,
15,9.39,0,-29.3,22.5,0,0,0,-2.55,0,0,0,0,-15.5,0,0,0,0,-0.00229183,0,0,0,0,0,0,0,0,0,1,69,57,0,0.00034,0.00034,3,5,0,0,0,0,0,0,0,0,0,0,1,0,1,0,0,0,0,0,0,0,0,,0,0,0,0,
16,9.83,0,-28.3,21,0,0,0,-0.95,0,0,0,0,-17.5,0,0,0,0,-0.00229183,0,0,0,0,0,0,0,0,0,1,68,57,0,0.00034,0.00034,3,5,0,0,0,0,0,0,0,0,0,0,1,0,1,0,0,0,0,0,0,0,0,,0,0,0,0,
17,12.16,0,-12.55,27,0,0,0,12.65,0,0,0,0,-16,0,0,0,0,-0.00229183,0,0,0,0,0,0,0,0,0,1,73,57,0,0.00034,0.00034,3,5,0,0,0,0,0,0,0,0,0,0,1,0,1,0,0,0,0,0,0,0,0,,0,0,0,0,
18,13.01,0,-23.2,21.5,0,0,0,-1.7,0,0,0,0,-17.5,0,0,0,0,-0.00229183,0,0,0,0,0,0,0,0,0,1,68,57,0,0.00034,0.00034,3,5,0,0,0,0,0,0,0,0,0,0,1,0,1,0,0,0,0,0,0,0,0,,0,0,0,0,
END,Total:19
START,FrameNb:131,CameraNb:0,HeSaiNb:0,ARS410Nb:0
2026/08/02 16:23:56:835---->
heightOffset:0,1785659036835,1326412,selfCaliBufCnt:0,selfAccObjCnt:0,selfAccAngle:0,installHAngleOffset:0,Interpolation:0,installVAngleOffset:0,radarOffsetH:0,radarOffsetV:0.32,Polynom:-0.001023;-0.0511;-2.047;0;0;0;-0.001023;-0.0511;-2.047;-25.5;0;0,WheelDirection:0;0;0;0,selfAngleOffset:0,selfAngleOffsetPit:0,currCaliAngleHrz:0,currCaliAnglePit:0,selfCaliAngleHrz:0,selfCaliAnglePit:0,servCaliAngleHrz:0,servCaliAnglePit:0,offlineCaliAngleHrz:0,offlineCaliAnglePit:0,determine2useFlag:0,IMU_Z_Accel:-21.592,IMU_X_AngularRate:-2.093,IMU_Y_AngularRate:-2.093,IMU_RollAngle:-180,IMU_PitchAngle:-180,IMU_YawAngle:-180,FcwID:0,FCWWarningLevel:0,FCWTTC:0
0,2.32,0,30.1,29,0,0,0,7.65,1.37605e-33,0,0,0,-8.5,0,0,0,0,-0.00229183,0,0,0,0,0,0,0,0,0,1,78,62,0,0.00034,0.00034,3,5,0,0,0,0,0,0,0,0,0,0,1,0,0,0,0,0,0,0,0,0,0,,0,0,0,0,
1,2.8,0,-34.05,43,0,0,0,1.75,0,0,0,0,6,0,0,0,0,-0.00229183,0,0,0,0,0,0,0,0,0,1,92,62,0,0.00034,0.00034,3,0,0,0,0,0,0,0,0,0,0,0,1,0,0,0,0,0,0,0,0,0,0,,0,0,0,0,
2,3.25,0,13.55,38.5,0,0,0,2.55,0,0,0,0,-7,0,0,0,0,-0.00229183,0,0,0,0,0,0,0,0,0,1,87,62,0,0.00034,0.00034,3,0,0,0,0,0,0,0,0,0,0,0,1,0,0,0,0,0,0,0,0,0,0,,0,0,0,0,
3,3.6,0,45.8,31.5,0,0,0,-10,0,0,0,0,5,0,0,0,0,-0.00229183,0,0,0,0,0,0,0,0,0,1,80,62,0,0.00034,0.00034,3,5,0,0,0,0,0,0,0,0,0,0,1,0,0,0,0,0,0,0,0,0,0,,0,0,0,0,
4,4.03,0,2.2,41.5,0,0,0,0.55,0,0,0,0,-6,0,0,0,0,-0.00229183,0,0,0,0,0,0,0,0,0,1,89,62,0,0.00034,0.00034,3,5,0,0,0,0,0,0,0,0,0,0,1,0,0,0,0,0,0,0,0,0,0,,0,0,0,0,
5,5.16,0,-35.1,34,0,0,0,-3.35,0,0,0,0,-5.5,0,0,0,0,-0.00229183,0,0,0,0,0,0,0,0,0,1,79,62,0,0.00034,0.00034,3,5,0,0,0,0,0,0,0,0,0,0,1,0,0,0,0,0,0,0,0,0,0,,0,0,0,0,
6,5.16,0,-40.65,34,0,0,0,0.25,0,0,0,0,-2.5,0,0,0,0,-0.00229183,0,0,0,0,0,0,0,0,0,1,79,62,0,0.00034,0.00034,3,5,0,0,0,0,0,0,0,0,0,0,1,0,0,0,0,0,0,0,0,0,0,,0,0,0,0,
7,5.61,0,-34.6,35.5,0,0,0,-3,0,0,0,0,-4,0,0,0,0,-0.00229183,0,0,0,0,0,0,0,0,0,1,80,62,0,0.00034,0.00034,3,5,0,0,0,0,0,0,0,0,0,0,1,0,0,0,0,0,0,0,0,0,0,,0,0,0,0,
8,5.61,0,-24.15,35.5,0,0,0,-5.6,0,0,0,0,-9,0,0,0,0,-0.00229183,0,0,0,0,0,0,0,0,0,1,80,62,0,0.00034,0.00034,3,5,0,0,0,0,0,0,0,0,0,0,1,0,0,0,0,0,0,0,0,0,0,,0,0,0,0,
9,5.83,0,-40.8,30.5,0,0,0,0.05,0,0,0,0,-5.5,0,0,0,0,-0.00229183,0,0,0,0,0,0,0,0,0,1,76,62,0,0.00034,0.00034,3,5,0,0,0,0,0,0,0,0,0,0,1,0,0,0,0,0,0,0,0,0,0,,0,0,0,0,
10,6.63,0,-53.95,24.5,0,0,0,-2.7,0,0,0,0,0.5,0,0,0,0,-0.00229183,0,0,0,0,0,0,0,0,0,1,70,62,0,0.00034,0.00034,3,5,0,0,0,0,0,0,0,0,0,0,1,0,0,0,0,0,0,0,0,0,0,,0,0,0,0,
11,7.03,0,-10.6,24.5,0,0,0,2,0,0,0,0,-23,0,0,0,0,-0.00229183,0,0,0,0,0,0,0,0,0,1,70,62,0,0.00034,0.00034,3,5,0,0,0,0,0,0,0,0,0,0,1,0,0,0,0,0,0,0,0,0,0,,0,0,0,0,
12,7.64,0,34.6,39.5,0,0,0,-9,0,0,0,0,5.5,0,0,0,0,-0.00229183,0,0,0,0,0,0,0,0,0,1,86,62,0,0.00034,0.00034,3,5,0,0,0,0,0,0,0,0,0,0,1,0,0,0,0,0,0,0,0,0,0,,0,0,0,0,
13,8.24,0,-25.1,29,0,0,0,-2,0,0,0,0,-12,0,0,0,0,-0.00229183,0,0,0,0,0,0,0,0,0,1,75,62,0,0.00034,0.00034,3,0,0,0,0,0,0,0,0,0,0,0,1,0,0,0,0,0,0,0,0,0,0,,0,0,0,0,
14,8.65,0,70.95,30,0,0,0,-11.75,0,0,0,0,24.5,0,0,0,0,-0.00229183,0,0,0,0,0,0,0,0,0,1,76,62,0,0.00034,0.00034,2,-1,0,0,0,0,0,0,0,0,0,0,1,0,0,0,0,0,0,0,0,0,0,,0,0,0,0,
15,8.9,0,-32.8,26,0,0,0,-0.2,0,0,0,0,-10.5,0,0,0,0,-0.00229183,0,0,0,0,0,0,0,0,0,1,72,62,0,0.00034,0.00034,3,0,0,0,0,0,0,0,0,0,0,0,1,0,0,0,0,0,0,0,0,0,0,,0,0,0,0,
16,9.39,0,-29.3,22.5,0,0,0,-2.55,0,0,0,0,-15,0,0,0,0,-0.00229183,0,0,0,0,0,0,0,0,0,1,69,62,0,0.00034,0.00034,3,5,0,0,0,0,0,0,0,0,0,0,1,0,0,0,0,0,0,0,0,0,0,,0,0,0,0,
17,9.84,0,-28.35,21.5,0,0,0,-1.05,0,0,0,0,-17,0,0,0,0,-0.00229183,0,0,0,0,0,0,0,0,0,1,68,62,0,0.00034,0.00034,3,5,0,0,0,0,0,0,0,0,0,0,1,0,0,0,0,0,0,0,0,0,0,,0,0,0,0,
18,12.16,0,-12.6,27,0,0,0,12.95,0,0,0,0,-16.5,0,0,0,0,-0.00229183,0,0,0,0,0,0,0,0,0,1,73,62,0,0.00034,0.00034,3,5,0,0,0,0,0,0,0,0,0,0,1,0,0,0,0,0,0,0,0,0,0,,0,0,0,0,
19,13,0,-23.3,21.5,0,0,0,-1.7,0,0,0,0,-18,0,0,0,0,-0.00229183,0,0,0,0,0,0,0,0,0,1,68,62,0,0.00034,0.00034,3,5,0,0,0,0,0,0,0,0,0,0,1,0,0,0,0,0,0,0,0,0,0,,0,0,0,0,
END,Total:20
START,FrameNb:132,CameraNb:0,HeSaiNb:0,ARS410Nb:0
2026/08/02 16:23:56:889---->
heightOffset:0,1785659036889,1326472,selfCaliBufCnt:0,selfAccObjCnt:0,selfAccAngle:0,installHAngleOffset:0,Interpolation:0,installVAngleOffset:0,radarOffsetH:0,radarOffsetV:0.32,Polynom:-0.001023;-0.0511;-2.047;0;0;0;-0.001023;-0.0511;-2.047;-25.5;0;0,WheelDirection:0;0;0;0,selfAngleOffset:0,selfAngleOffsetPit:0,currCaliAngleHrz:0,currCaliAnglePit:0,selfCaliAngleHrz:0,selfCaliAnglePit:0,servCaliAngleHrz:0,servCaliAnglePit:0,offlineCaliAngleHrz:0,offlineCaliAnglePit:0,determine2useFlag:0,IMU_Z_Accel:-21.592,IMU_X_AngularRate:-2.093,IMU_Y_AngularRate:-2.093,IMU_RollAngle:-180,IMU_PitchAngle:-180,IMU_YawAngle:-180,FcwID:0,FCWWarningLevel:0,FCWTTC:0
0,2.32,0,30.1,29,0,0,0,8.25,1.37605e-33,0,0,0,-8.5,0,0,0,0,-0.00229183,0,0,0,0,0,0,0,0,0,1,78,56,0,0.00034,0.00034,3,5,0,0,0,0,0,0,0,0,0,0,1,0,1,0,0,0,0,0,0,0,0,,0,0,0,0,
1,2.8,0,-34.05,43,0,0,0,1.75,0,0,0,0,6,0,0,0,0,-0.00229183,0,0,0,0,0,0,0,0,0,1,92,56,0,0.00034,0.00034,3,0,0,0,0,0,0,0,0,0,0,0,1,0,1,0,0,0,0,0,0,0,0,,0,0,0,0,
2,3.24,0,13.55,38.5,0,0,0,2.55,0,0,0,0,-7,0,0,0,0,-0.00229183,0,0,0,0,0,0,0,0,0,1,87,56,0,0.00034,0.00034,3,0,0,0,0,0,0,0,0,0,0,0,1,0,1,0,0,0,0,0,0,0,0,,0,0,0,0,
3,3.6,0,45.6,31.5,0,0,0,-9.25,0,0,0,0,5,0,0,0,0,-0.00229183,0,0,0,0,0,0,0,0,0,1,80,56,0,0.00034,0.00034,3,5,0,0,0,0,0,0,0,0,0,0,1,0,1,0,0,0,0,0,0,0,0,,0,0,0,0,
4,4.03,0,2.2,41.5,0,0,0,0.55,0,0,0,0,-6.5,0,0,0,0,-0.00229183,0,0,0,0,0,0,0,0,0,1,89,56,0,0.00034,0.00034,3,5,0,0,0,0,0,0,0,0,0,0,1,0,1,0,0,0,0,0,0,0,0,,0,0,0,0,
5,5.17,0,-35.05,33.5,0,0,0,-3.35,0,0,0,0,-5.5,0,0,0,0,-0.00229183,0,0,0,0,0,0,0,0,0,1,79,56,0,0.00034,0.00034,3,5,0,0,0,0,0,0,0,0,0,0,1,0,1,0,0,0,0,0,0,0,0,,0,0,0,0,
6,5.17,0,-40.6,33.5,0,0,0,0.4,0,0,0,0,-2.5,0,0,0,0,-0.00229183,0,0,0,0,0,0,0,0,0,1,79,56,0,0.00034,0.00034,3,5,0,0,0,0,0,0,0,0,0,0,1,0,1,0,0,0,0,0,0,0,0,,0,0,0,0,
7,5.61,0,-34.6,35.5,0,0,0,-3.05,0,0,0,0,-4,0,0,0,0,-0.00229183,0,0,0,0,0,0,0,0,0,1,80,56,0,0.00034,0.00034,3,5,0,0,0,0,0,0,0,0,0,0,1,0,1,0,0,0,0,0,0,0,0,,0,0,0,0,
8,5.61,0,-24.1,35.5,0,0,0,-5.6,0,0,0,0,-9,0,0,0,0,-0.00229183,0,0,0,0,0,0,0,0,0,1,80,56,0,0.00034,0.00034,3,5,0,0,0,0,0,0,0,0,0,0,1,0,1,0,0,0,0,0,0,0,0,,0,0,0,0,
9,5.83,0,-40.85,30.5,0,0,0,0.25,0,0,0,0,-5.5,0,0,0,0,-0.00229183,0,0,0,0,0,0,0,0,0,1,76,56,0,0.00034,0.00034,3,5,0,0,0,0,0,0,0,0,0,0,1,0,1,0,0,0,0,0,0,0,0,,0,0,0,0,
10,6.64,0,-54.05,24.5,0,0,0,6.65,0,0,0,0,0.5,0,0,0,0,-0.00229183,0,0,0,0,0,0,0,0,0,1,70,56,0,0.00034,0.00034,3,5,0,0,0,0,0,0,0,0,0,0,1,0,1,0,0,0,0,0,0,0,0,,0,0,0,0,
11,7.02,0,-10.85,24.5,0,0,0,-7.95,0,0,0,0,-23,0,0,0,0,-0.00229183,0,0,0,0,0,0,0,0,0,1,70,56,0,0.00034,0.00034,3,5,0,0,0,0,0,0,0,0,0,0,1,0,1,0,0,0,0,0,0,0,0,,0,0,0,0,
12,7.64,0,34.7,39.5,0,0,0,5.9,0,0,0,0,5,0,0,0,0,-0.00229183,0,0,0,0,0,0,0,0,0,1,85,56,0,0.00034,0.00034,3,5,0,0,0,0,0,0,0,0,0,0,1,0,1,0,0,0,0,0,0,0,0,,0,0,0,0,
13,8.25,0,-25.1,28.5,0,0,0,-1.85,0,0,0,0,-12.5,0,0,0,0,-0.00229183,0,0,0,0,0,0,0,0,0,1,75,56,0,0.00034,0.00034,3,0,0,0,0,0,0,0,0,0,0,0,1,0,1,0,0,0,0,0,0,0,0,,0,0,0,0,
14,8.49,0,70.95,30,0,0,0,-11.75,0,0,0,0,24.5,0,0,0,0,-0.00229183,0,0,0,0,0,0,0,0,0,1,76,56,0,0.00034,0.00034,3,5,0,0,0,0,0,0,0,0,0,0,1,0,1,0,0,0,0,0,0,0,0,,0,0,0,0,
15,8.9,0,-32.8,26,0,0,0,-0.3,0,0,0,0,-10,0,0,0,0,-0.00229183,0,0,0,0,0,0,0,0,0,1,72,56,0,0.00034,0.00034,3,5,0,0,0,0,0,0,0,0,0,0,1,0,1,0,0,0,0,0,0,0,0,,0,0,0,0,
16,9.39,0,-29.4,23,0,0,0,-2.6,0,0,0,0,-15,0,0,0,0,-0.00229183,0,0,0,0,0,0,0,0,0,1,69,56,0,0.00034,0.00034,3,5,0,0,0,0,0,0,0,0,0,0,1,0,1,0,0,0,0,0,0,0,0,,0,0,0,0,
17,9.83,0,-28.3,21.5,0,0,0,-0.95,0,0,0,0,-17,0,0,0,0,-0.00229183,0,0,0,0,0,0,0,0,0,1,68,56,0,0.00034,0.00034,3,5,0,0,0,0,0,0,0,0,0,0,1,0,1,0,0,0,0,0,0,0,0,,0,0,0,0,
18,12.16,0,-12.5,27,0,0,0,12.65,0,0,0,0,-16.5,0,0,0,0,-0.00229183,0,0,0,0,0,0,0,0,0,1,73,56,0,0.00034,0.00034,3,5,0,0,0,0,0,0,0,0,0,0,1,0,1,0,0,0,0,0,0,0,0,,0,0,0,0,
19,13,0,-23.3,21,0,0,0,-1.45,0,0,0,0,-18,0,0,0,0,-0.00229183,0,0,0,0,0,0,0,0,0,1,67,56,0,0.00034,0.00034,3,5,0,0,0,0,0,0,0,0,0,0,1,0,1,0,0,0,0,0,0,0,0,,0,0,0,0,
END,Total:20
START,FrameNb:133,CameraNb:0,HeSaiNb:0,ARS410Nb:0
2026/08/02 16:23:56:932---->
heightOffset:0,1785659036932,1326528,selfCaliBufCnt:0,selfAccObjCnt:0,selfAccAngle:0,installHAngleOffset:0,Interpolation:0,installVAngleOffset:0,radarOffsetH:0,radarOffsetV:0.32,Polynom:-0.001023;-0.0511;-2.047;0;0;0;-0.001023;-0.0511;-2.047;-25.5;0;0,WheelDirection:0;0;0;0,selfAngleOffset:0,selfAngleOffsetPit:0,currCaliAngleHrz:0,currCaliAnglePit:0,selfCaliAngleHrz:0,selfCaliAnglePit:0,servCaliAngleHrz:0,servCaliAnglePit:0,offlineCaliAngleHrz:0,offlineCaliAnglePit:0,determine2useFlag:0,IMU_Z_Accel:-21.592,IMU_X_AngularRate:-2.093,IMU_Y_AngularRate:-2.093,IMU_RollAngle:-180,IMU_PitchAngle:-180,IMU_YawAngle:-180,FcwID:0,FCWWarningLevel:0,FCWTTC:0
0,2.32,0,30.1,29,0,0,0,7.7,1.37605e-33,0,0,0,-8.5,0,0,0,0,-0.00229183,0,0,0,0,0,0,0,0,0,1,78,58,0,0.00034,0.00034,3,5,0,0,0,0,0,0,0,0,0,0,1,0,0,0,0,0,0,0,0,0,0,,0,0,0,0,
1,2.8,0,-34.05,43,0,0,0,1.75,0,0,0,0,6,0,0,0,0,-0.00229183,0,0,0,0,0,0,0,0,0,1,92,58,0,0.00034,0.00034,3,0,0,0,0,0,0,0,0,0,0,0,1,0,0,0,0,0,0,0,0,0,0,,0,0,0,0,
2,3.25,0,13.55,38.5,0,0,0,2.55,0,0,0,0,-7,0,0,0,0,-0.00229183,0,0,0,0,0,0,0,0,0,1,87,58,0,0.00034,0.00034,3,0,0,0,0,0,0,0,0,0,0,0,1,0,0,0,0,0,0,0,0,0,0,,0,0,0,0,
3,3.58,0,45.7,31.5,0,0,0,-9.55,0,0,0,0,5,0,0,0,0,-0.00229183,0,0,0,0,0,0,0,0,0,1,80,58,0,0.00034,0.00034,3,5,0,0,0,0,0,0,0,0,0,0,1,0,0,0,0,0,0,0,0,0,0,,0,0,0,0,
4,4.03,0,2.2,41.5,0,0,0,0.55,0,0,0,0,-6,0,0,0,0,-0.00229183,0,0,0,0,0,0,0,0,0,1,89,58,0,0.00034,0.00034,3,5,0,0,0,0,0,0,0,0,0,0,1,0,0,0,0,0,0,0,0,0,0,,0,0,0,0,
5,5.16,0,-35.05,34,0,0,0,-3.45,0,0,0,0,-5.5,0,0,0,0,-0.00229183,0,0,0,0,0,0,0,0,0,1,79,58,0,0.00034,0.00034,3,5,0,0,0,0,0,0,0,0,0,0,1,0,0,0,0,0,0,0,0,0,0,,0,0,0,0,
6,5.16,0,-40.6,34,0,0,0,0.4,0,0,0,0,-2.5,0,0,0,0,-0.00229183,0,0,0,0,0,0,0,0,0,1,79,58,0,0.00034,0.00034,3,5,0,0,0,0,0,0,0,0,0,0,1,0,0,0,0,0,0,0,0,0,0,,0,0,0,0,
7,5.61,0,-34.65,35.5,0,0,0,-3.1,0,0,0,0,-4,0,0,0,0,-0.00229183,0,0,0,0,0,0,0,0,0,1,80,58,0,0.00034,0.00034,3,5,0,0,0,0,0,0,0,0,0,0,1,0,0,0,0,0,0,0,0,0,0,,0,0,0,0,
8,5.61,0,-24.1,35.5,0,0,0,-5.6,0,0,0,0,-9,0,0,0,0,-0.00229183,0,0,0,0,0,0,0,0,0,1,80,58,0,0.00034,0.00034,3,5,0,0,0,0,0,0,0,0,0,0,1,0,0,0,0,0,0,0,0,0,0,,0,0,0,0,
9,5.83,0,-41.05,30.5,0,0,0,0.05,0,0,0,0,-3.5,0,0,0,0,-0.00229183,0,0,0,0,0,0,0,0,0,1,75,58,0,0.00034,0.00034,3,5,0,0,0,0,0,0,0,0,0,0,1,0,0,0,0,0,0,0,0,0,0,,0,0,0,0,
10,6.63,0,13.05,24,0,0,0,-8.7,0,0,0,0,-22,0,0,0,0,-0.00229183,0,0,0,0,0,0,0,0,0,1,70,58,0,0.00034,0.00034,3,5,0,0,0,0,0,0,0,0,0,0,1,0,0,0,0,0,0,0,0,0,0,,0,0,0,0,
11,7.03,0,23.7,25,0,0,0,-10.3,0,0,0,0,-15.5,0,0,0,0,-0.00229183,0,0,0,0,0,0,0,0,0,1,71,58,0,0.00034,0.00034,3,5,0,0,0,0,0,0,0,0,0,0,1,0,0,0,0,0,0,0,0,0,0,,0,0,0,0,
12,7.64,0,35,39,0,0,0,6,0,0,0,0,5.5,0,0,0,0,-0.00229183,0,0,0,0,0,0,0,0,0,1,85,58,0,0.00034,0.00034,3,5,0,0,0,0,0,0,0,0,0,0,1,0,0,0,0,0,0,0,0,0,0,,0,0,0,0,
13,8.24,0,-25.2,29,0,0,0,-1.85,0,0,0,0,-12,0,0,0,0,-0.00229183,0,0,0,0,0,0,0,0,0,1,75,58,0,0.00034,0.00034,3,0,0,0,0,0,0,0,0,0,0,0,1,0,0,0,0,0,0,0,0,0,0,,0,0,0,0,
14,8.48,0,70.95,30,0,0,0,-11.75,0,0,0,0,24.5,0,0,0,0,-0.00229183,0,0,0,0,0,0,0,0,0,1,76,58,0,0.00034,0.00034,3,5,0,0,0,0,0,0,0,0,0,0,1,0,0,0,0,0,0,0,0,0,0,,0,0,0,0,
15,8.91,0,-32.7,26.5,0,0,0,-0.55,0,0,0,0,-10,0,0,0,0,-0.00229183,0,0,0,0,0,0,0,0,0,1,73,58,0,0.00034,0.00034,3,5,0,0,0,0,0,0,0,0,0,0,1,0,0,0,0,0,0,0,0,0,0,,0,0,0,0,
16,9.39,0,-29.35,23,0,0,0,-2.45,0,0,0,0,-15,0,0,0,0,-0.00229183,0,0,0,0,0,0,0,0,0,1,69,58,0,0.00034,0.00034,3,5,0,0,0,0,0,0,0,0,0,0,1,0,0,0,0,0,0,0,0,0,0,,0,0,0,0,
17,9.84,0,-28.3,21.5,0,0,0,-0.85,0,0,0,0,-17,0,0,0,0,-0.00229183,0,0,0,0,0,0,0,0,0,1,68,58,0,0.00034,0.00034,3,5,0,0,0,0,0,0,0,0,0,0,1,0,0,0,0,0,0,0,0,0,0,,0,0,0,0,
18,12.16,0,-12.55,26.5,0,0,0,13.05,0,0,0,0,-16.5,0,0,0,0,-0.00229183,0,0,0,0,0,0,0,0,0,1,73,58,0,0.00034,0.00034,3,5,0,0,0,0,0,0,0,0,0,0,1,0,0,0,0,0,0,0,0,0,0,,0,0,0,0,
19,13.01,0,-23.2,21,0,0,0,-1.55,0,0,0,0,-18,0,0,0,0,-0.00229183,0,0,0,0,0,0,0,0,0,1,67,58,0,0.00034,0.00034,3,5,0,0,0,0,0,0,0,0,0,0,1,0,0,0,0,0,0,0,0,0,0,,0,0,0,0,
END,Total:20
START,FrameNb:134,CameraNb:0,HeSaiNb:0,ARS410Nb:0
2026/08/02 16:23:57:057---->
heightOffset:0,1785659037057,1326584,selfCaliBufCnt:0,selfAccObjCnt:0,selfAccAngle:0,installHAngleOffset:0,Interpolation:0,installVAngleOffset:0,radarOffsetH:0,radarOffsetV:0.32,Polynom:-0.001023;-0.0511;-2.047;0;0;0;-0.001023;-0.0511;-2.047;-25.5;0;0,WheelDirection:0;0;0;0,selfAngleOffset:0,selfAngleOffsetPit:0,currCaliAngleHrz:0,currCaliAnglePit:0,selfCaliAngleHrz:0,selfCaliAnglePit:0,servCaliAngleHrz:0,servCaliAnglePit:0,offlineCaliAngleHrz:0,offlineCaliAnglePit:0,determine2useFlag:0,IMU_Z_Accel:-21.592,IMU_X_AngularRate:-2.093,IMU_Y_AngularRate:-2.093,IMU_RollAngle:-180,IMU_PitchAngle:-180,IMU_YawAngle:-180,FcwID:0,FCWWarningLevel:0,FCWTTC:0
0,2.32,0,30.1,29,0,0,0,8.3,1.37605e-33,0,0,0,-9,0,0,0,0,-0.00229183,0,0,0,0,0,0,0,0,0,1,78,53,0,0.00034,0.00034,3,5,0,0,0,0,0,0,0,0,0,0,1,0,1,0,0,0,0,0,0,0,0,,0,0,0,0,
1,2.8,0,-34.05,43.5,0,0,0,1.75,0,0,0,0,6,0,0,0,0,-0.00229183,0,0,0,0,0,0,0,0,0,1,92,53,0,0.00034,0.00034,3,0,0,0,0,0,0,0,0,0,0,0,1,0,1,0,0,0,0,0,0,0,0,,0,0,0,0,
2,3.25,0,13.55,38.5,0,0,0,2.55,0,0,0,0,-7,0,0,0,0,-0.00229183,0,0,0,0,0,0,0,0,0,1,87,53,0,0.00034,0.00034,3,0,0,0,0,0,0,0,0,0,0,0,1,0,1,0,0,0,0,0,0,0,0,,0,0,0,0,
3,3.62,0,45.55,31.5,0,0,0,-9,0,0,0,0,5,0,0,0,0,-0.00229183,0,0,0,0,0,0,0,0,0,1,80,53,0,0.00034,0.00034,3,5,0,0,0,0,0,0,0,0,0,0,1,0,1,0,0,0,0,0,0,0,0,,0,0,0,0,
4,4.03,0,2.2,41.5,0,0,0,0.55,0,0,0,0,-6.5,0,0,0,0,-0.00229183,0,0,0,0,0,0,0,0,0,1,89,53,0,0.00034,0.00034,3,5,0,0,0,0,0,0,0,0,0,0,1,0,1,0,0,0,0,0,0,0,0,,0,0,0,0,
5,5.17,0,-35,34,0,0,0,-3.35,0,0,0,0,-5.5,0,0,0,0,-0.00229183,0,0,0,0,0,0,0,0,0,1,79,53,0,0.00034,0.00034,3,5,0,0,0,0,0,0,0,0,0,0,1,0,1,0,0,0,0,0,0,0,0,,0,0,0,0,
6,5.17,0,-40.55,34,0,0,0,0.4,0,0,0,0,-2.5,0,0,0,0,-0.00229183,0,0,0,0,0,0,0,0,0,1,79,53,0,0.00034,0.00034,3,5,0,0,0,0,0,0,0,0,0,0,1,0,1,0,0,0,0,0,0,0,0,,0,0,0,0,
7,5.61,0,-34.6,36,0,0,0,-3.05,0,0,0,0,-4,0,0,0,0,-0.00229183,0,0,0,0,0,0,0,0,0,1,80,53,0,0.00034,0.00034,3,5,0,0,0,0,0,0,0,0,0,0,1,0,1,0,0,0,0,0,0,0,0,,0,0,0,0,
8,5.61,0,-24.1,36,0,0,0,-5.7,0,0,0,0,-9,0,0,0,0,-0.00229183,0,0,0,0,0,0,0,0,0,1,80,53,0,0.00034,0.00034,3,5,0,0,0,0,0,0,0,0,0,0,1,0,1,0,0,0,0,0,0,0,0,,0,0,0,0,
9,5.83,0,-40.85,30.5,0,0,0,0.25,0,0,0,0,-6,0,0,0,0,-0.00229183,0,0,0,0,0,0,0,0,0,1,75,53,0,0.00034,0.00034,3,5,0,0,0,0,0,0,0,0,0,0,1,0,1,0,0,0,0,0,0,0,0,,0,0,0,0,
10,7.03,0,-10.55,24.5,0,0,0,-7.95,0,0,0,0,-23,0,0,0,0,-0.00229183,0,0,0,0,0,0,0,0,0,1,70,53,0,0.00034,0.00034,3,5,0,0,0,0,0,0,0,0,0,0,1,0,1,0,0,0,0,0,0,0,0,,0,0,0,0,
11,7.65,0,35.05,39.5,0,0,0,6.25,0,0,0,0,6,0,0,0,0,-0.00229183,0,0,0,0,0,0,0,0,0,1,85,53,0,0.00034,0.00034,3,5,0,0,0,0,0,0,0,0,0,0,1,0,1,0,0,0,0,0,0,0,0,,0,0,0,0,
12,8.25,0,-25.1,28.5,0,0,0,-1.8,0,0,0,0,-12.5,0,0,0,0,-0.00229183,0,0,0,0,0,0,0,0,0,1,75,53,0,0.00034,0.00034,3,0,0,0,0,0,0,0,0,0,0,0,1,0,1,0,0,0,0,0,0,0,0,,0,0,0,0,
13,8.49,0,44.95,30.5,0,0,0,5.9,0,0,0,0,4.5,0,0,0,0,-0.00229183,0,0,0,0,0,0,0,0,0,1,77,53,0,0.00034,0.00034,3,7,0,0,0,0,0,0,0,0,0,0,1,0,1,0,0,0,0,0,0,0,0,,0,0,0,0,
14,8.91,0,-32.7,26,0,0,0,-0.7,0,0,0,0,-10,0,0,0,0,-0.00229183,0,0,0,0,0,0,0,0,0,1,72,53,0,0.00034,0.00034,3,5,0,0,0,0,0,0,0,0,0,0,1,0,1,0,0,0,0,0,0,0,0,,0,0,0,0,
15,9.38,0,-29.35,23.5,0,0,0,-2.45,0,0,0,0,-14.5,0,0,0,0,-0.00229183,0,0,0,0,0,0,0,0,0,1,70,53,0,0.00034,0.00034,3,5,0,0,0,0,0,0,0,0,0,0,1,0,1,0,0,0,0,0,0,0,0,,0,0,0,0,
16,9.84,0,-28.3,21.5,0,0,0,-0.45,0,0,0,0,-17,0,0,0,0,-0.00229183,0,0,0,0,0,0,0,0,0,1,68,53,0,0.00034,0.00034,3,5,0,0,0,0,0,0,0,0,0,0,1,0,1,0,0,0,0,0,0,0,0,,0,0,0,0,
17,12.16,0,-12.45,27,0,0,0,12.8,0,0,0,0,-16,0,0,0,0,-0.00229183,0,0,0,0,0,0,0,0,0,1,74,53,0,0.00034,0.00034,3,5,0,0,0,0,0,0,0,0,0,0,1,0,1,0,0,0,0,0,0,0,0,,0,0,0,0,
18,13.01,0,-23.15,21.5,0,0,0,-1.75,0,0,0,0,-17.5,0,0,0,0,-0.00229183,0,0,0,0,0,0,0,0,0,1,68,53,0,0.00034,0.00034,3,5,0,0,0,0,0,0,0,0,0,0,1,0,1,0,0,0,0,0,0,0,0,,0,0,0,0,
END,Total:19
START,FrameNb:135,CameraNb:0,HeSaiNb:0,ARS410Nb:0
2026/08/02 16:23:57:085---->
heightOffset:0,1785659037085,1326640,selfCaliBufCnt:0,selfAccObjCnt:0,selfAccAngle:0,installHAngleOffset:0,Interpolation:0,installVAngleOffset:0,radarOffsetH:0,radarOffsetV:0.32,Polynom:-0.001023;-0.0511;-2.047;0;0;0;-0.001023;-0.0511;-2.047;-25.5;0;0,WheelDirection:0;0;0;0,selfAngleOffset:0,selfAngleOffsetPit:0,currCaliAngleHrz:0,currCaliAnglePit:0,selfCaliAngleHrz:0,selfCaliAnglePit:0,servCaliAngleHrz:0,servCaliAnglePit:0,offlineCaliAngleHrz:0,offlineCaliAnglePit:0,determine2useFlag:0,IMU_Z_Accel:-21.592,IMU_X_AngularRate:-2.093,IMU_Y_AngularRate:-2.093,IMU_RollAngle:-180,IMU_PitchAngle:-180,IMU_YawAngle:-180,FcwID:0,FCWWarningLevel:0,FCWTTC:0
0,2.32,0,30.05,29.5,0,0,0,7.65,1.37605e-33,0,0,0,-8.5,0,0,0,0,-0.00229183,0,0,0,0,0,0,0,0,0,1,78,58,0,0.00034,0.00034,3,5,0,0,0,0,0,0,0,0,0,0,1,0,0,0,0,0,0,0,0,0,0,,0,0,0,0,
1,2.8,0,-34.05,43.5,0,0,0,1.75,0,0,0,0,6,0,0,0,0,-0.00229183,0,0,0,0,0,0,0,0,0,1,92,58,0,0.00034,0.00034,3,0,0,0,0,0,0,0,0,0,0,0,1,0,0,0,0,0,0,0,0,0,0,,0,0,0,0,
2,3.25,0,13.55,39,0,0,0,2.55,0,0,0,0,-7,0,0,0,0,-0.00229183,0,0,0,0,0,0,0,0,0,1,87,58,0,0.00034,0.00034,3,0,0,0,0,0,0,0,0,0,0,0,1,0,0,0,0,0,0,0,0,0,0,,0,0,0,0,
3,3.58,0,46,32,0,0,0,-10.2,0,0,0,0,5,0,0,0,0,-0.00229183,0,0,0,0,0,0,0,0,0,1,80,58,0,0.00034,0.00034,3,5,0,0,0,0,0,0,0,0,0,0,1,0,0,0,0,0,0,0,0,0,0,,0,0,0,0,
4,4.03,0,2.2,41.5,0,0,0,0.55,0,0,0,0,-6,0,0,0,0,-0.00229183,0,0,0,0,0,0,0,0,0,1,89,58,0,0.00034,0.00034,3,5,0,0,0,0,0,0,0,0,0,0,1,0,0,0,0,0,0,0,0,0,0,,0,0,0,0,
5,5.16,0,-35.05,34,0,0,0,-3.35,0,0,0,0,-6,0,0,0,0,-0.00229183,0,0,0,0,0,0,0,0,0,1,79,58,0,0.00034,0.00034,3,5,0,0,0,0,0,0,0,0,0,0,1,0,0,0,0,0,0,0,0,0,0,,0,0,0,0,
6,5.16,0,-40.6,34,0,0,0,0.25,0,0,0,0,-3,0,0,0,0,-0.00229183,0,0,0,0,0,0,0,0,0,1,79,58,0,0.00034,0.00034,3,5,0,0,0,0,0,0,0,0,0,0,1,0,0,0,0,0,0,0,0,0,0,,0,0,0,0,
7,5.61,0,-34.6,36,0,0,0,-3.05,0,0,0,0,-4,0,0,0,0,-0.00229183,0,0,0,0,0,0,0,0,0,1,80,58,0,0.00034,0.00034,3,5,0,0,0,0,0,0,0,0,0,0,1,0,0,0,0,0,0,0,0,0,0,,0,0,0,0,
8,5.61,0,-24.1,36,0,0,0,-5.6,0,0,0,0,-9,0,0,0,0,-0.00229183,0,0,0,0,0,0,0,0,0,1,80,58,0,0.00034,0.00034,3,5,0,0,0,0,0,0,0,0,0,0,1,0,0,0,0,0,0,0,0,0,0,,0,0,0,0,
9,5.83,0,-40.85,31,0,0,0,0.05,0,0,0,0,-5.5,0,0,0,0,-0.00229183,0,0,0,0,0,0,0,0,0,1,76,58,0,0.00034,0.00034,3,5,0,0,0,0,0,0,0,0,0,0,1,0,0,0,0,0,0,0,0,0,0,,0,0,0,0,
10,6.64,0,13.15,24.5,0,0,0,-7.7,0,0,0,0,-22,0,0,0,0,-0.00229183,0,0,0,0,0,0,0,0,0,1,70,58,0,0.00034,0.00034,2,-1,0,0,0,0,0,0,0,0,0,0,1,0,0,0,0,0,0,0,0,0,0,,0,0,0,0,
11,7.03,0,-10.6,25,0,0,0,2.15,0,0,0,0,-22.5,0,0,0,0,-0.00229183,0,0,0,0,0,0,0,0,0,1,70,58,0,0.00034,0.00034,3,5,0,0,0,0,0,0,0,0,0,0,1,0,0,0,0,0,0,0,0,0,0,,0,0,0,0,
12,7.66,0,40.55,39,0,0,0,-10.3,0,0,0,0,9.5,0,0,0,0,-0.00229183,0,0,0,0,0,0,0,0,0,1,85,58,0,0.00034,0.00034,3,5,0,0,0,0,0,0,0,0,0,0,1,0,0,0,0,0,0,0,0,0,0,,0,0,0,0,
13,8.25,0,-25.2,28.5,0,0,0,-2.05,0,0,0,0,-12,0,0,0,0,-0.00229183,0,0,0,0,0,0,0,0,0,1,75,58,0,0.00034,0.00034,3,0,0,0,0,0,0,0,0,0,0,0,1,0,0,0,0,0,0,0,0,0,0,,0,0,0,0,
14,8.65,0,44.95,30,0,0,0,5.9,0,0,0,0,4.5,0,0,0,0,-0.00229183,0,0,0,0,0,0,0,0,0,1,77,58,0,0.00034,0.00034,3,7,0,0,0,0,0,0,0,0,0,0,1,0,0,0,0,0,0,0,0,0,0,,0,0,0,0,
15,8.91,0,-32.65,26.5,0,0,0,-0.35,0,0,0,0,-10,0,0,0,0,-0.00229183,0,0,0,0,0,0,0,0,0,1,73,58,0,0.00034,0.00034,3,5,0,0,0,0,0,0,0,0,0,0,1,0,0,0,0,0,0,0,0,0,0,,0,0,0,0,
16,9.38,0,-29.3,23,0,0,0,-2.3,0,0,0,0,-15,0,0,0,0,-0.00229183,0,0,0,0,0,0,0,0,0,1,69,58,0,0.00034,0.00034,3,5,0,0,0,0,0,0,0,0,0,0,1,0,0,0,0,0,0,0,0,0,0,,0,0,0,0,
17,9.85,0,-28.35,21,0,0,0,-0.7,0,0,0,0,-17.5,0,0,0,0,-0.00229183,0,0,0,0,0,0,0,0,0,1,67,58,0,0.00034,0.00034,3,5,0,0,0,0,0,0,0,0,0,0,1,0,0,0,0,0,0,0,0,0,0,,0,0,0,0,
18,12.17,0,-12.6,27,0,0,0,13,0,0,0,0,-16,0,0,0,0,-0.00229183,0,0,0,0,0,0,0,0,0,1,74,58,0,0.00034,0.00034,3,5,0,0,0,0,0,0,0,0,0,0,1,0,0,0,0,0,0,0,0,0,0,,0,0,0,0,
19,13.01,0,-23.05,21.5,0,0,0,-1.85,0,0,0,0,-17.5,0,0,0,0,-0.00229183,0,0,0,0,0,0,0,0,0,1,68,58,0,0.00034,0.00034,3,5,0,0,0,0,0,0,0,0,0,0,1,0,0,0,0,0,0,0,0,0,0,,0,0,0,0,
END,Total:20
START,FrameNb:136,CameraNb:0,HeSaiNb:0,ARS410Nb:0
2026/08/02 16:23:57:138---->
heightOffset:0,1785659037138,1326696,selfCaliBufCnt:0,selfAccObjCnt:0,selfAccAngle:0,installHAngleOffset:0,Interpolation:0,installVAngleOffset:0,radarOffsetH:0,radarOffsetV:0.32,Polynom:-0.001023;-0.0511;-2.047;0;0;0;-0.001023;-0.0511;-2.047;-25.5;0;0,WheelDirection:0;0;0;0,selfAngleOffset:0,selfAngleOffsetPit:0,currCaliAngleHrz:0,currCaliAnglePit:0,selfCaliAngleHrz:0,selfCaliAnglePit:0,servCaliAngleHrz:0,servCaliAnglePit:0,offlineCaliAngleHrz:0,offlineCaliAnglePit:0,determine2useFlag:0,IMU_Z_Accel:-21.592,IMU_X_AngularRate:-2.093,IMU_Y_AngularRate:-2.093,IMU_RollAngle:-180,IMU_PitchAngle:-180,IMU_YawAngle:-180,FcwID:0,FCWWarningLevel:0,FCWTTC:0
0,2.32,0,30.05,29,0,0,0,8.3,1.37605e-33,0,0,0,-8.5,0,0,0,0,-0.00229183,0,0,0,0,0,0,0,0,0,1,78,54,0,0.00034,0.00034,3,5,0,0,0,0,0,0,0,0,0,0,1,0,1,0,0,0,0,0,0,0,0,,0,0,0,0,
1,2.8,0,-34.05,43,0,0,0,1.75,0,0,0,0,6,0,0,0,0,-0.00229183,0,0,0,0,0,0,0,0,0,1,92,54,0,0.00034,0.00034,3,0,0,0,0,0,0,0,0,0,0,0,1,0,1,0,0,0,0,0,0,0,0,,0,0,0,0,
2,3.24,0,13.55,38.5,0,0,0,2.55,0,0,0,0,-7,0,0,0,0,-0.00229183,0,0,0,0,0,0,0,0,0,1,87,54,0,0.00034,0.00034,3,0,0,0,0,0,0,0,0,0,0,0,1,0,1,0,0,0,0,0,0,0,0,,0,0,0,0,
3,3.62,0,45.9,31.5,0,0,0,-9.85,0,0,0,0,5,0,0,0,0,-0.00229183,0,0,0,0,0,0,0,0,0,1,80,54,0,0.00034,0.00034,3,5,0,0,0,0,0,0,0,0,0,0,1,0,1,0,0,0,0,0,0,0,0,,0,0,0,0,
4,4.03,0,2.2,41.5,0,0,0,0.65,0,0,0,0,-6.5,0,0,0,0,-0.00229183,0,0,0,0,0,0,0,0,0,1,89,54,0,0.00034,0.00034,3,5,0,0,0,0,0,0,0,0,0,0,1,0,1,0,0,0,0,0,0,0,0,,0,0,0,0,
5,5.16,0,-35.05,34,0,0,0,-3.35,0,0,0,0,-6,0,0,0,0,-0.00229183,0,0,0,0,0,0,0,0,0,1,79,54,0,0.00034,0.00034,3,5,0,0,0,0,0,0,0,0,0,0,1,0,1,0,0,0,0,0,0,0,0,,0,0,0,0,
6,5.16,0,-40.55,34,0,0,0,0.25,0,0,0,0,-3,0,0,0,0,-0.00229183,0,0,0,0,0,0,0,0,0,1,79,54,0,0.00034,0.00034,3,5,0,0,0,0,0,0,0,0,0,0,1,0,1,0,0,0,0,0,0,0,0,,0,0,0,0,
7,5.62,0,-34.55,36,0,0,0,-3.1,0,0,0,0,-4,0,0,0,0,-0.00229183,0,0,0,0,0,0,0,0,0,1,80,54,0,0.00034,0.00034,3,5,0,0,0,0,0,0,0,0,0,0,1,0,1,0,0,0,0,0,0,0,0,,0,0,0,0,
8,5.62,0,-24.05,36,0,0,0,-5.6,0,0,0,0,-9,0,0,0,0,-0.00229183,0,0,0,0,0,0,0,0,0,1,80,54,0,0.00034,0.00034,3,5,0,0,0,0,0,0,0,0,0,0,1,0,1,0,0,0,0,0,0,0,0,,0,0,0,0,
9,5.83,0,-40.7,31,0,0,0,0.15,0,0,0,0,-5.5,0,0,0,0,-0.00229183,0,0,0,0,0,0,0,0,0,1,76,54,0,0.00034,0.00034,3,5,0,0,0,0,0,0,0,0,0,0,1,0,1,0,0,0,0,0,0,0,0,,0,0,0,0,
10,7.02,0,-10.45,24.5,0,0,0,-8.45,0,0,0,0,-23,0,0,0,0,-0.00229183,0,0,0,0,0,0,0,0,0,1,70,54,0,0.00034,0.00034,3,5,0,0,0,0,0,0,0,0,0,0,1,0,1,0,0,0,0,0,0,0,0,,0,0,0,0,
11,7.66,0,35,39.5,0,0,0,6.25,0,0,0,0,6,0,0,0,0,-0.00229183,0,0,0,0,0,0,0,0,0,1,85,54,0,0.00034,0.00034,3,0,0,0,0,0,0,0,0,0,0,0,1,0,1,0,0,0,0,0,0,0,0,,0,0,0,0,
12,8.26,0,-25.15,28,0,0,0,-1.85,0,0,0,0,-12.5,0,0,0,0,-0.00229183,0,0,0,0,0,0,0,0,0,1,74,54,0,0.00034,0.00034,3,0,0,0,0,0,0,0,0,0,0,0,1,0,1,0,0,0,0,0,0,0,0,,0,0,0,0,
13,8.48,0,69.2,30,0,0,0,-11.55,0,0,0,0,22.5,0,0,0,0,-0.00229183,0,0,0,0,0,0,0,0,0,1,76,54,0,0.00034,0.00034,2,-1,0,0,0,0,0,0,0,0,0,0,1,0,1,0,0,0,0,0,0,0,0,,0,0,0,0,
14,8.9,0,-32.7,26,0,0,0,-0.7,0,0,0,0,-10.5,0,0,0,0,-0.00229183,0,0,0,0,0,0,0,0,0,1,72,54,0,0.00034,0.00034,3,7,0,0,0,0,0,0,0,0,0,0,1,0,1,0,0,0,0,0,0,0,0,,0,0,0,0,
15,9.37,0,-29.35,23,0,0,0,-2.45,0,0,0,0,-15,0,0,0,0,-0.00229183,0,0,0,0,0,0,0,0,0,1,69,54,0,0.00034,0.00034,3,5,0,0,0,0,0,0,0,0,0,0,1,0,1,0,0,0,0,0,0,0,0,,0,0,0,0,
16,9.85,0,-28.4,20.5,0,0,0,-0.8,0,0,0,0,-18,0,0,0,0,-0.00229183,0,0,0,0,0,0,0,0,0,1,67,54,0,0.00034,0.00034,3,5,0,0,0,0,0,0,0,0,0,0,1,0,1,0,0,0,0,0,0,0,0,,0,0,0,0,
17,12.17,0,-12.5,27,0,0,0,12.8,0,0,0,0,-16,0,0,0,0,-0.00229183,0,0,0,0,0,0,0,0,0,1,74,54,0,0.00034,0.00034,3,5,0,0,0,0,0,0,0,0,0,0,1,0,1,0,0,0,0,0,0,0,0,,0,0,0,0,
18,13.01,0,-23.05,21.5,0,0,0,-1.85,0,0,0,0,-17.5,0,0,0,0,-0.00229183,0,0,0,0,0,0,0,0,0,1,68,54,0,0.00034,0.00034,3,5,0,0,0,0,0,0,0,0,0,0,1,0,1,0,0,0,0,0,0,0,0,,0,0,0,0,
END,Total:19
START,FrameNb:137,CameraNb:0,HeSaiNb:0,ARS410Nb:0
2026/08/02 16:23:57:181---->
heightOffset:0,1785659037181,1326756,selfCaliBufCnt:0,selfAccObjCnt:0,selfAccAngle:0,installHAngleOffset:0,Interpolation:0,installVAngleOffset:0,radarOffsetH:0,radarOffsetV:0.32,Polynom:-0.001023;-0.0511;-2.047;0;0;0;-0.001023;-0.0511;-2.047;-25.5;0;0,WheelDirection:0;0;0;0,selfAngleOffset:0,selfAngleOffsetPit:0,currCaliAngleHrz:0,currCaliAnglePit:0,selfCaliAngleHrz:0,selfCaliAnglePit:0,servCaliAngleHrz:0,servCaliAnglePit:0,offlineCaliAngleHrz:0,offlineCaliAnglePit:0,determine2useFlag:0,IMU_Z_Accel:-21.592,IMU_X_AngularRate:-2.093,IMU_Y_AngularRate:-2.093,IMU_RollAngle:-180,IMU_PitchAngle:-180,IMU_YawAngle:-180,FcwID:0,FCWWarningLevel:0,FCWTTC:0
0,2.32,0,30.1,29,0,0,0,7.65,1.37605e-33,0,0,0,-8.5,0,0,0,0,-0.00229183,0,0,0,0,0,0,0,0,0,1,78,62,0,0.00034,0.00034,3,5,0,0,0,0,0,0,0,0,0,0,1,0,0,0,0,0,0,0,0,0,0,,0,0,0,0,
1,2.8,0,-34.05,43.5,0,0,0,1.75,0,0,0,0,6,0,0,0,0,-0.00229183,0,0,0,0,0,0,0,0,0,1,92,62,0,0.00034,0.00034,3,0,0,0,0,0,0,0,0,0,0,0,1,0,0,0,0,0,0,0,0,0,0,,0,0,0,0,
2,3.25,0,13.55,38.5,0,0,0,2.55,0,0,0,0,-7,0,0,0,0,-0.00229183,0,0,0,0,0,0,0,0,0,1,87,62,0,0.00034,0.00034,3,0,0,0,0,0,0,0,0,0,0,0,1,0,0,0,0,0,0,0,0,0,0,,0,0,0,0,
3,3.59,0,45.85,32,0,0,0,-10.2,0,0,0,0,5,0,0,0,0,-0.00229183,0,0,0,0,0,0,0,0,0,1,80,62,0,0.00034,0.00034,3,5,0,0,0,0,0,0,0,0,0,0,1,0,0,0,0,0,0,0,0,0,0,,0,0,0,0,
4,4.03,0,2.2,41.5,0,0,0,0.55,0,0,0,0,-6,0,0,0,0,-0.00229183,0,0,0,0,0,0,0,0,0,1,89,62,0,0.00034,0.00034,3,5,0,0,0,0,0,0,0,0,0,0,1,0,0,0,0,0,0,0,0,0,0,,0,0,0,0,
5,5.16,0,-35.05,34,0,0,0,-3.35,0,0,0,0,-6,0,0,0,0,-0.00229183,0,0,0,0,0,0,0,0,0,1,79,62,0,0.00034,0.00034,3,5,0,0,0,0,0,0,0,0,0,0,1,0,0,0,0,0,0,0,0,0,0,,0,0,0,0,
6,5.16,0,-40.65,34,0,0,0,0.25,0,0,0,0,-3,0,0,0,0,-0.00229183,0,0,0,0,0,0,0,0,0,1,79,62,0,0.00034,0.00034,3,5,0,0,0,0,0,0,0,0,0,0,1,0,0,0,0,0,0,0,0,0,0,,0,0,0,0,
7,5.61,0,-34.65,35.5,0,0,0,-3.05,0,0,0,0,-4,0,0,0,0,-0.00229183,0,0,0,0,0,0,0,0,0,1,80,62,0,0.00034,0.00034,3,5,0,0,0,0,0,0,0,0,0,0,1,0,0,0,0,0,0,0,0,0,0,,0,0,0,0,
8,5.61,0,-24.1,35.5,0,0,0,-5.55,0,0,0,0,-9,0,0,0,0,-0.00229183,0,0,0,0,0,0,0,0,0,1,80,62,0,0.00034,0.00034,3,5,0,0,0,0,0,0,0,0,0,0,1,0,0,0,0,0,0,0,0,0,0,,0,0,0,0,
9,5.83,0,-40.6,30.5,0,0,0,0,0,0,0,0,-5.5,0,0,0,0,-0.00229183,0,0,0,0,0,0,0,0,0,1,75,62,0,0.00034,0.00034,3,5,0,0,0,0,0,0,0,0,0,0,1,0,0,0,0,0,0,0,0,0,0,,0,0,0,0,
10,6.63,0,-53.95,24.5,0,0,0,-0.3,0,0,0,0,0.5,0,0,0,0,-0.00229183,0,0,0,0,0,0,0,0,0,1,70,62,0,0.00034,0.00034,3,5,0,0,0,0,0,0,0,0,0,0,1,0,0,0,0,0,0,0,0,0,0,,0,0,0,0,
11,7.03,0,-33.35,25,0,0,0,7.55,0,0,0,0,-13.5,0,0,0,0,-0.00229183,0,0,0,0,0,0,0,0,0,1,70,62,0,0.00034,0.00034,3,5,0,0,0,0,0,0,0,0,0,0,1,0,0,0,0,0,0,0,0,0,0,,0,0,0,0,
12,7.66,0,40.6,38.5,0,0,0,-11.05,0,0,0,0,9,0,0,0,0,-0.00229183,0,0,0,0,0,0,0,0,0,1,84,62,0,0.00034,0.00034,3,5,0,0,0,0,0,0,0,0,0,0,1,0,0,0,0,0,0,0,0,0,0,,0,0,0,0,
13,8.24,0,-25.2,28.5,0,0,0,-1.85,0,0,0,0,-12.5,0,0,0,0,-0.00229183,0,0,0,0,0,0,0,0,0,1,75,62,0,0.00034,0.00034,3,0,0,0,0,0,0,0,0,0,0,0,1,0,0,0,0,0,0,0,0,0,0,,0,0,0,0,
14,8.65,0,69.2,30,0,0,0,-11.6,0,0,0,0,22.5,0,0,0,0,-0.00229183,0,0,0,0,0,0,0,0,0,1,76,62,0,0.00034,0.00034,3,7,0,0,0,0,0,0,0,0,0,0,1,0,0,0,0,0,0,0,0,0,0,,0,0,0,0,
15,8.91,0,-32.7,26.5,0,0,0,-0.55,0,0,0,0,-10,0,0,0,0,-0.00229183,0,0,0,0,0,0,0,0,0,1,73,62,0,0.00034,0.00034,3,5,0,0,0,0,0,0,0,0,0,0,1,0,0,0,0,0,0,0,0,0,0,,0,0,0,0,
16,9.39,0,-29.3,23,0,0,0,-2.25,0,0,0,0,-15,0,0,0,0,-0.00229183,0,0,0,0,0,0,0,0,0,1,69,62,0,0.00034,0.00034,3,5,0,0,0,0,0,0,0,0,0,0,1,0,0,0,0,0,0,0,0,0,0,,0,0,0,0,
17,9.86,0,-28.35,20.5,0,0,0,-0.8,0,0,0,0,-18,0,0,0,0,-0.00229183,0,0,0,0,0,0,0,0,0,1,67,62,0,0.00034,0.00034,3,5,0,0,0,0,0,0,0,0,0,0,1,0,0,0,0,0,0,0,0,0,0,,0,0,0,0,
18,12.16,0,-12.55,27,0,0,0,13.15,0,0,0,0,-16,0,0,0,0,-0.00229183,0,0,0,0,0,0,0,0,0,1,74,62,0,0.00034,0.00034,3,5,0,0,0,0,0,0,0,0,0,0,1,0,0,0,0,0,0,0,0,0,0,,0,0,0,0,
19,13.01,0,-23.05,21.5,0,0,0,-1.6,0,0,0,0,-17.5,0,0,0,0,-0.00229183,0,0,0,0,0,0,0,0,0,1,68,62,0,0.00034,0.00034,3,5,0,0,0,0,0,0,0,0,0,0,1,0,0,0,0,0,0,0,0,0,0,,0,0,0,0,
END,Total:20
START,FrameNb:138,CameraNb:0,HeSaiNb:0,ARS410Nb:0
2026/08/02 16:23:57:245---->
heightOffset:0,1785659037245,1326816,selfCaliBufCnt:0,selfAccObjCnt:0,selfAccAngle:0,installHAngleOffset:0,Interpolation:0,installVAngleOffset:0,radarOffsetH:0,radarOffsetV:0.32,Polynom:-0.001023;-0.0511;-2.047;0;0;0;-0.001023;-0.0511;-2.047;-25.5;0;0,WheelDirection:0;0;0;0,selfAngleOffset:0,selfAngleOffsetPit:0,currCaliAngleHrz:0,currCaliAnglePit:0,selfCaliAngleHrz:0,selfCaliAnglePit:0,servCaliAngleHrz:0,servCaliAnglePit:0,offlineCaliAngleHrz:0,offlineCaliAnglePit:0,determine2useFlag:0,IMU_Z_Accel:-21.592,IMU_X_AngularRate:-2.093,IMU_Y_AngularRate:-2.093,IMU_RollAngle:-180,IMU_PitchAngle:-180,IMU_YawAngle:-180,FcwID:0,FCWWarningLevel:0,FCWTTC:0
0,2.32,0,-35.15,29,0,0,0,2.65,1.37605e-33,0,0,0,-9,0,0,0,0,-0.00229183,0,0,0,0,0,0,0,0,0,1,78,58,0,0.00034,0.00034,3,5,0,0,0,0,0,0,0,0,0,0,1,0,1,0,0,0,0,0,0,0,0,,0,0,0,0,
1,2.8,0,-34.05,43.5,0,0,0,1.75,0,0,0,0,6,0,0,0,0,-0.00229183,0,0,0,0,0,0,0,0,0,1,92,58,0,0.00034,0.00034,3,0,0,0,0,0,0,0,0,0,0,0,1,0,1,0,0,0,0,0,0,0,0,,0,0,0,0,
2,3.25,0,13.5,39,0,0,0,2.55,0,0,0,0,-7,0,0,0,0,-0.00229183,0,0,0,0,0,0,0,0,0,1,87,58,0,0.00034,0.00034,3,0,0,0,0,0,0,0,0,0,0,0,1,0,1,0,0,0,0,0,0,0,0,,0,0,0,0,
3,3.61,0,45.65,32,0,0,0,-9.1,0,0,0,0,5,0,0,0,0,-0.00229183,0,0,0,0,0,0,0,0,0,1,80,58,0,0.00034,0.00034,3,5,0,0,0,0,0,0,0,0,0,0,1,0,1,0,0,0,0,0,0,0,0,,0,0,0,0,
4,4.03,0,2.2,41.5,0,0,0,0.65,0,0,0,0,-6,0,0,0,0,-0.00229183,0,0,0,0,0,0,0,0,0,1,89,58,0,0.00034,0.00034,3,5,0,0,0,0,0,0,0,0,0,0,1,0,1,0,0,0,0,0,0,0,0,,0,0,0,0,
5,5.16,0,-35.1,34,0,0,0,-3.45,0,0,0,0,-5.5,0,0,0,0,-0.00229183,0,0,0,0,0,0,0,0,0,1,79,58,0,0.00034,0.00034,3,5,0,0,0,0,0,0,0,0,0,0,1,0,1,0,0,0,0,0,0,0,0,,0,0,0,0,
6,5.16,0,-40.65,34,0,0,0,0.25,0,0,0,0,-2.5,0,0,0,0,-0.00229183,0,0,0,0,0,0,0,0,0,1,79,58,0,0.00034,0.00034,3,5,0,0,0,0,0,0,0,0,0,0,1,0,1,0,0,0,0,0,0,0,0,,0,0,0,0,
7,5.62,0,-34.55,36,0,0,0,-3,0,0,0,0,-4,0,0,0,0,-0.00229183,0,0,0,0,0,0,0,0,0,1,80,58,0,0.00034,0.00034,3,5,0,0,0,0,0,0,0,0,0,0,1,0,1,0,0,0,0,0,0,0,0,,0,0,0,0,
8,5.62,0,-24.1,36,0,0,0,-5.6,0,0,0,0,-9,0,0,0,0,-0.00229183,0,0,0,0,0,0,0,0,0,1,80,58,0,0.00034,0.00034,3,5,0,0,0,0,0,0,0,0,0,0,1,0,1,0,0,0,0,0,0,0,0,,0,0,0,0,
9,5.83,0,-40.7,31,0,0,0,0.05,0,0,0,0,-5.5,0,0,0,0,-0.00229183,0,0,0,0,0,0,0,0,0,1,76,58,0,0.00034,0.00034,3,5,0,0,0,0,0,0,0,0,0,0,1,0,1,0,0,0,0,0,0,0,0,,0,0,0,0,
10,6.63,0,-53.55,24.5,0,0,0,-2.75,0,0,0,0,0.5,0,0,0,0,-0.00229183,0,0,0,0,0,0,0,0,0,1,70,58,0,0.00034,0.00034,3,5,0,0,0,0,0,0,0,0,0,0,1,0,1,0,0,0,0,0,0,0,0,,0,0,0,0,
11,7.03,0,-33.45,24.5,0,0,0,7.7,0,0,0,0,-14,0,0,0,0,-0.00229183,0,0,0,0,0,0,0,0,0,1,70,58,0,0.00034,0.00034,3,5,0,0,0,0,0,0,0,0,0,0,1,0,1,0,0,0,0,0,0,0,0,,0,0,0,0,
12,7.64,0,34.85,39,0,0,0,5.65,0,0,0,0,4.5,0,0,0,0,-0.00229183,0,0,0,0,0,0,0,0,0,1,85,58,0,0.00034,0.00034,3,0,0,0,0,0,0,0,0,0,0,0,1,0,1,0,0,0,0,0,0,0,0,,0,0,0,0,
13,8.24,0,-25.15,28.5,0,0,0,-1.75,0,0,0,0,-12.5,0,0,0,0,-0.00229183,0,0,0,0,0,0,0,0,0,1,75,58,0,0.00034,0.00034,3,0,0,0,0,0,0,0,0,0,0,0,1,0,1,0,0,0,0,0,0,0,0,,0,0,0,0,
14,8.48,0,69.15,30,0,0,0,-11.55,0,0,0,0,22,0,0,0,0,-0.00229183,0,0,0,0,0,0,0,0,0,1,76,58,0,0.00034,0.00034,3,7,0,0,0,0,0,0,0,0,0,0,1,0,1,0,0,0,0,0,0,0,0,,0,0,0,0,
15,8.9,0,-32.65,26,0,0,0,-1,0,0,0,0,-10,0,0,0,0,-0.00229183,0,0,0,0,0,0,0,0,0,1,72,58,0,0.00034,0.00034,3,5,0,0,0,0,0,0,0,0,0,0,1,0,1,0,0,0,0,0,0,0,0,,0,0,0,0,
16,9.39,0,-29.35,23,0,0,0,-2.55,0,0,0,0,-15,0,0,0,0,-0.00229183,0,0,0,0,0,0,0,0,0,1,69,58,0,0.00034,0.00034,3,5,0,0,0,0,0,0,0,0,0,0,1,0,1,0,0,0,0,0,0,0,0,,0,0,0,0,
17,9.86,0,-28.4,20.5,0,0,0,-0.75,0,0,0,0,-18,0,0,0,0,-0.00229183,0,0,0,0,0,0,0,0,0,1,67,58,0,0.00034,0.00034,3,5,0,0,0,0,0,0,0,0,0,0,1,0,1,0,0,0,0,0,0,0,0,,0,0,0,0,
18,12.16,0,-12.55,27,0,0,0,12.75,0,0,0,0,-16,0,0,0,0,-0.00229183,0,0,0,0,0,0,0,0,0,1,74,58,0,0.00034,0.00034,3,5,0,0,0,0,0,0,0,0,0,0,1,0,1,0,0,0,0,0,0,0,0,,0,0,0,0,
19,13.01,0,-23.1,21.5,0,0,0,-1.7,0,0,0,0,-17.5,0,0,0,0,-0.00229183,0,0,0,0,0,0,0,0,0,1,68,58,0,0.00034,0.00034,3,5,0,0,0,0,0,0,0,0,0,0,1,0,1,0,0,0,0,0,0,0,0,,0,0,0,0,
END,Total:20
START,FrameNb:139,CameraNb:0,HeSaiNb:0,ARS410Nb:0
2026/08/02 16:23:57:274---->
heightOffset:0,1785659037274,1326872,selfCaliBufCnt:0,selfAccObjCnt:0,selfAccAngle:0,installHAngleOffset:0,Interpolation:0,installVAngleOffset:0,radarOffsetH:0,radarOffsetV:0.32,Polynom:-0.001023;-0.0511;-2.047;0;0;0;-0.001023;-0.0511;-2.047;-25.5;0;0,WheelDirection:0;0;0;0,selfAngleOffset:0,selfAngleOffsetPit:0,currCaliAngleHrz:0,currCaliAnglePit:0,selfCaliAngleHrz:0,selfCaliAnglePit:0,servCaliAngleHrz:0,servCaliAnglePit:0,offlineCaliAngleHrz:0,offlineCaliAnglePit:0,determine2useFlag:0,IMU_Z_Accel:-21.592,IMU_X_AngularRate:-2.093,IMU_Y_AngularRate:-2.093,IMU_RollAngle:-180,IMU_PitchAngle:-180,IMU_YawAngle:-180,FcwID:0,FCWWarningLevel:0,FCWTTC:0
0,2.32,0,30.1,29,0,0,0,7.65,1.37605e-33,0,0,0,-8.5,0,0,0,0,-0.00229183,0,0,0,0,0,0,0,0,0,1,78,59,0,0.00034,0.00034,3,5,0,0,0,0,0,0,0,0,0,0,1,0,0,0,0,0,0,0,0,0,0,,0,0,0,0,
1,2.8,0,-34.05,43.5,0,0,0,1.75,0,0,0,0,6,0,0,0,0,-0.00229183,0,0,0,0,0,0,0,0,0,1,92,59,0,0.00034,0.00034,3,0,0,0,0,0,0,0,0,0,0,0,1,0,0,0,0,0,0,0,0,0,0,,0,0,0,0,
2,3.25,0,13.55,38.5,0,0,0,2.55,0,0,0,0,-7,0,0,0,0,-0.00229183,0,0,0,0,0,0,0,0,0,1,87,59,0,0.00034,0.00034,3,0,0,0,0,0,0,0,0,0,0,0,1,0,0,0,0,0,0,0,0,0,0,,0,0,0,0,
3,3.59,0,46.05,32,0,0,0,-10.25,0,0,0,0,5,0,0,0,0,-0.00229183,0,0,0,0,0,0,0,0,0,1,80,59,0,0.00034,0.00034,3,5,0,0,0,0,0,0,0,0,0,0,1,0,0,0,0,0,0,0,0,0,0,,0,0,0,0,
4,4.03,0,2.2,41.5,0,0,0,0.55,0,0,0,0,-6,0,0,0,0,-0.00229183,0,0,0,0,0,0,0,0,0,1,89,59,0,0.00034,0.00034,3,5,0,0,0,0,0,0,0,0,0,0,1,0,0,0,0,0,0,0,0,0,0,,0,0,0,0,
5,5.16,0,-35.05,34,0,0,0,-3.3,0,0,0,0,-6,0,0,0,0,-0.00229183,0,0,0,0,0,0,0,0,0,1,79,59,0,0.00034,0.00034,3,5,0,0,0,0,0,0,0,0,0,0,1,0,0,0,0,0,0,0,0,0,0,,0,0,0,0,
6,5.16,0,-40.7,34,0,0,0,0.3,0,0,0,0,-3,0,0,0,0,-0.00229183,0,0,0,0,0,0,0,0,0,1,79,59,0,0.00034,0.00034,3,5,0,0,0,0,0,0,0,0,0,0,1,0,0,0,0,0,0,0,0,0,0,,0,0,0,0,
7,5.62,0,-34.7,36,0,0,0,-3.05,0,0,0,0,-4,0,0,0,0,-0.00229183,0,0,0,0,0,0,0,0,0,1,80,59,0,0.00034,0.00034,3,5,0,0,0,0,0,0,0,0,0,0,1,0,0,0,0,0,0,0,0,0,0,,0,0,0,0,
8,5.62,0,-24.15,36,0,0,0,-5.55,0,0,0,0,-9,0,0,0,0,-0.00229183,0,0,0,0,0,0,0,0,0,1,80,59,0,0.00034,0.00034,3,5,0,0,0,0,0,0,0,0,0,0,1,0,0,0,0,0,0,0,0,0,0,,0,0,0,0,
9,5.83,0,-40.55,31,0,0,0,0.05,0,0,0,0,-5.5,0,0,0,0,-0.00229183,0,0,0,0,0,0,0,0,0,1,76,59,0,0.00034,0.00034,3,5,0,0,0,0,0,0,0,0,0,0,1,0,0,0,0,0,0,0,0,0,0,,0,0,0,0,
10,6.62,0,-53.85,24.5,0,0,0,5.45,0,0,0,0,0.5,0,0,0,0,-0.00229183,0,0,0,0,0,0,0,0,0,1,70,59,0,0.00034,0.00034,3,5,0,0,0,0,0,0,0,0,0,0,1,0,0,0,0,0,0,0,0,0,0,,0,0,0,0,
11,7.03,0,-10.3,24.5,0,0,0,2.05,0,0,0,0,-23,0,0,0,0,-0.00229183,0,0,0,0,0,0,0,0,0,1,70,59,0,0.00034,0.00034,3,5,0,0,0,0,0,0,0,0,0,0,1,0,0,0,0,0,0,0,0,0,0,,0,0,0,0,
12,7.64,0,34.8,39,0,0,0,5.75,0,0,0,0,4.5,0,0,0,0,-0.00229183,0,0,0,0,0,0,0,0,0,1,85,59,0,0.00034,0.00034,3,5,0,0,0,0,0,0,0,0,0,0,1,0,0,0,0,0,0,0,0,0,0,,0,0,0,0,
13,8.24,0,-25.2,29,0,0,0,-1.85,0,0,0,0,-12,0,0,0,0,-0.00229183,0,0,0,0,0,0,0,0,0,1,75,59,0,0.00034,0.00034,3,0,0,0,0,0,0,0,0,0,0,0,1,0,0,0,0,0,0,0,0,0,0,,0,0,0,0,
14,8.65,0,69.1,30,0,0,0,-11.45,0,0,0,0,22.5,0,0,0,0,-0.00229183,0,0,0,0,0,0,0,0,0,1,76,59,0,0.00034,0.00034,3,7,0,0,0,0,0,0,0,0,0,0,1,0,0,0,0,0,0,0,0,0,0,,0,0,0,0,
15,8.91,0,-32.6,26.5,0,0,0,-0.95,0,0,0,0,-10,0,0,0,0,-0.00229183,0,0,0,0,0,0,0,0,0,1,73,59,0,0.00034,0.00034,3,5,0,0,0,0,0,0,0,0,0,0,1,0,0,0,0,0,0,0,0,0,0,,0,0,0,0,
16,9.39,0,-29.35,23.5,0,0,0,-2.45,0,0,0,0,-14.5,0,0,0,0,-0.00229183,0,0,0,0,0,0,0,0,0,1,70,59,0,0.00034,0.00034,3,5,0,0,0,0,0,0,0,0,0,0,1,0,0,0,0,0,0,0,0,0,0,,0,0,0,0,
17,9.86,0,-28.35,21.5,0,0,0,0.45,0,0,0,0,-17.5,0,0,0,0,-0.00229183,0,0,0,0,0,0,0,0,0,1,68,59,0,0.00034,0.00034,3,5,0,0,0,0,0,0,0,0,0,0,1,0,0,0,0,0,0,0,0,0,0,,0,0,0,0,
18,12.16,0,-12.55,27,0,0,0,13,0,0,0,0,-16,0,0,0,0,-0.00229183,0,0,0,0,0,0,0,0,0,1,74,59,0,0.00034,0.00034,3,5,0,0,0,0,0,0,0,0,0,0,1,0,0,0,0,0,0,0,0,0,0,,0,0,0,0,
19,13.01,0,-23.1,21.5,0,0,0,-1.55,0,0,0,0,-17.5,0,0,0,0,-0.00229183,0,0,0,0,0,0,0,0,0,1,68,59,0,0.00034,0.00034,3,5,0,0,0,0,0,0,0,0,0,0,1,0,0,0,0,0,0,0,0,0,0,,0,0,0,0,
END,Total:20
START,FrameNb:140,CameraNb:0,HeSaiNb:0,ARS410Nb:0
2026/08/02 16:23:57:336---->
heightOffset:0,1785659037336,1326928,selfCaliBufCnt:0,selfAccObjCnt:0,selfAccAngle:0,installHAngleOffset:0,Interpolation:0,installVAngleOffset:0,radarOffsetH:0,radarOffsetV:0.32,Polynom:-0.001023;-0.0511;-2.047;0;0;0;-0.001023;-0.0511;-2.047;-25.5;0;0,WheelDirection:0;0;0;0,selfAngleOffset:0,selfAngleOffsetPit:0,currCaliAngleHrz:0,currCaliAnglePit:0,selfCaliAngleHrz:0,selfCaliAnglePit:0,servCaliAngleHrz:0,servCaliAnglePit:0,offlineCaliAngleHrz:0,offlineCaliAnglePit:0,determine2useFlag:0,IMU_Z_Accel:-21.592,IMU_X_AngularRate:-2.093,IMU_Y_AngularRate:-2.093,IMU_RollAngle:-180,IMU_PitchAngle:-180,IMU_YawAngle:-180,FcwID:0,FCWWarningLevel:0,FCWTTC:0
0,2.32,0,-35.1,29,0,0,0,2.95,1.37605e-33,0,0,0,-8.5,0,0,0,0,-0.00229183,0,0,0,0,0,0,0,0,0,1,78,54,0,0.00034,0.00034,3,5,0,0,0,0,0,0,0,0,0,0,1,0,1,0,0,0,0,0,0,0,0,,0,0,0,0,
1,2.8,0,-34.05,43.5,0,0,0,1.75,0,0,0,0,6,0,0,0,0,-0.00229183,0,0,0,0,0,0,0,0,0,1,92,54,0,0.00034,0.00034,3,0,0,0,0,0,0,0,0,0,0,0,1,0,1,0,0,0,0,0,0,0,0,,0,0,0,0,
2,3.24,0,13.5,39,0,0,0,2.55,0,0,0,0,-7,0,0,0,0,-0.00229183,0,0,0,0,0,0,0,0,0,1,87,54,0,0.00034,0.00034,3,0,0,0,0,0,0,0,0,0,0,0,1,0,1,0,0,0,0,0,0,0,0,,0,0,0,0,
3,3.62,0,45.85,32,0,0,0,-9.95,0,0,0,0,5,0,0,0,0,-0.00229183,0,0,0,0,0,0,0,0,0,1,80,54,0,0.00034,0.00034,3,5,0,0,0,0,0,0,0,0,0,0,1,0,1,0,0,0,0,0,0,0,0,,0,0,0,0,
4,4.03,0,2.2,41.5,0,0,0,0.55,0,0,0,0,-6.5,0,0,0,0,-0.00229183,0,0,0,0,0,0,0,0,0,1,89,54,0,0.00034,0.00034,3,5,0,0,0,0,0,0,0,0,0,0,1,0,1,0,0,0,0,0,0,0,0,,0,0,0,0,
5,5.17,0,-35.1,34,0,0,0,-3.35,0,0,0,0,-6,0,0,0,0,-0.00229183,0,0,0,0,0,0,0,0,0,1,79,54,0,0.00034,0.00034,3,5,0,0,0,0,0,0,0,0,0,0,1,0,1,0,0,0,0,0,0,0,0,,0,0,0,0,
6,5.17,0,-40.6,34,0,0,0,0.25,0,0,0,0,-3,0,0,0,0,-0.00229183,0,0,0,0,0,0,0,0,0,1,79,54,0,0.00034,0.00034,3,5,0,0,0,0,0,0,0,0,0,0,1,0,1,0,0,0,0,0,0,0,0,,0,0,0,0,
7,5.62,0,-34.6,36,0,0,0,-3,0,0,0,0,-4,0,0,0,0,-0.00229183,0,0,0,0,0,0,0,0,0,1,80,54,0,0.00034,0.00034,3,5,0,0,0,0,0,0,0,0,0,0,1,0,1,0,0,0,0,0,0,0,0,,0,0,0,0,
8,5.62,0,-24.1,36,0,0,0,-5.45,0,0,0,0,-9,0,0,0,0,-0.00229183,0,0,0,0,0,0,0,0,0,1,80,54,0,0.00034,0.00034,3,5,0,0,0,0,0,0,0,0,0,0,1,0,1,0,0,0,0,0,0,0,0,,0,0,0,0,
9,5.83,0,-40.8,31,0,0,0,0.25,0,0,0,0,-5.5,0,0,0,0,-0.00229183,0,0,0,0,0,0,0,0,0,1,76,54,0,0.00034,0.00034,3,5,0,0,0,0,0,0,0,0,0,0,1,0,1,0,0,0,0,0,0,0,0,,0,0,0,0,
10,6.28,0,-30.6,26.5,0,0,0,-10.35,0,0,0,0,-14,0,0,0,0,-0.00229183,0,0,0,0,0,0,0,0,0,1,71,54,0,0.00034,0.00034,3,5,0,0,0,0,0,0,0,0,0,0,1,0,1,0,0,0,0,0,0,0,0,,0,0,0,0,
11,7.03,0,-33.4,24.5,0,0,0,7.9,0,0,0,0,-14,0,0,0,0,-0.00229183,0,0,0,0,0,0,0,0,0,1,70,54,0,0.00034,0.00034,3,5,0,0,0,0,0,0,0,0,0,0,1,0,1,0,0,0,0,0,0,0,0,,0,0,0,0,
12,7.65,0,34.85,39,0,0,0,6.05,0,0,0,0,4.5,0,0,0,0,-0.00229183,0,0,0,0,0,0,0,0,0,1,85,54,0,0.00034,0.00034,3,5,0,0,0,0,0,0,0,0,0,0,1,0,1,0,0,0,0,0,0,0,0,,0,0,0,0,
13,8.25,0,-25.2,28.5,0,0,0,-1.95,0,0,0,0,-12.5,0,0,0,0,-0.00229183,0,0,0,0,0,0,0,0,0,1,75,54,0,0.00034,0.00034,3,0,0,0,0,0,0,0,0,0,0,0,1,0,1,0,0,0,0,0,0,0,0,,0,0,0,0,
14,8.48,0,69.15,30,0,0,0,-11.35,0,0,0,0,22.5,0,0,0,0,-0.00229183,0,0,0,0,0,0,0,0,0,1,76,54,0,0.00034,0.00034,3,7,0,0,0,0,0,0,0,0,0,0,1,0,1,0,0,0,0,0,0,0,0,,0,0,0,0,
15,8.9,0,-32.7,26.5,0,0,0,-0.75,0,0,0,0,-10,0,0,0,0,-0.00229183,0,0,0,0,0,0,0,0,0,1,72,54,0,0.00034,0.00034,3,5,0,0,0,0,0,0,0,0,0,0,1,0,1,0,0,0,0,0,0,0,0,,0,0,0,0,
16,9.38,0,-29.3,23.5,0,0,0,-2.7,0,0,0,0,-14.5,0,0,0,0,-0.00229183,0,0,0,0,0,0,0,0,0,1,70,54,0,0.00034,0.00034,3,5,0,0,0,0,0,0,0,0,0,0,1,0,1,0,0,0,0,0,0,0,0,,0,0,0,0,
17,9.86,0,-28.45,21,0,0,0,-0.8,0,0,0,0,-17.5,0,0,0,0,-0.00229183,0,0,0,0,0,0,0,0,0,1,67,54,0,0.00034,0.00034,3,5,0,0,0,0,0,0,0,0,0,0,1,0,1,0,0,0,0,0,0,0,0,,0,0,0,0,
18,12.16,0,-12.55,27,0,0,0,12.75,0,0,0,0,-16,0,0,0,0,-0.00229183,0,0,0,0,0,0,0,0,0,1,74,54,0,0.00034,0.00034,3,5,0,0,0,0,0,0,0,0,0,0,1,0,1,0,0,0,0,0,0,0,0,,0,0,0,0,
19,13.01,0,-23.2,21.5,0,0,0,-1.7,0,0,0,0,-17.5,0,0,0,0,-0.00229183,0,0,0,0,0,0,0,0,0,1,68,54,0,0.00034,0.00034,3,5,0,0,0,0,0,0,0,0,0,0,1,0,1,0,0,0,0,0,0,0,0,,0,0,0,0,
END,Total:20
START,FrameNb:141,CameraNb:0,HeSaiNb:0,ARS410Nb:0
2026/08/02 16:23:57:430---->
heightOffset:0,1785659037430,1326984,selfCaliBufCnt:0,selfAccObjCnt:0,selfAccAngle:0,installHAngleOffset:0,Interpolation:0,installVAngleOffset:0,radarOffsetH:0,radarOffsetV:0.32,Polynom:-0.001023;-0.0511;-2.047;0;0;0;-0.001023;-0.0511;-2.047;-25.5;0;0,WheelDirection:0;0;0;0,selfAngleOffset:0,selfAngleOffsetPit:0,currCaliAngleHrz:0,currCaliAnglePit:0,selfCaliAngleHrz:0,selfCaliAnglePit:0,servCaliAngleHrz:0,servCaliAnglePit:0,offlineCaliAngleHrz:0,offlineCaliAnglePit:0,determine2useFlag:0,IMU_Z_Accel:-21.592,IMU_X_AngularRate:-2.093,IMU_Y_AngularRate:-2.093,IMU_RollAngle:-180,IMU_PitchAngle:-180,IMU_YawAngle:-180,FcwID:0,FCWWarningLevel:0,FCWTTC:0
0,2.32,0,30.1,29,0,0,0,7.65,1.37605e-33,0,0,0,-8.5,0,0,0,0,-0.00229183,0,0,0,0,0,0,0,0,0,1,78,58,0,0.00034,0.00034,3,5,0,0,0,0,0,0,0,0,0,0,1,0,0,0,0,0,0,0,0,0,0,,0,0,0,0,
1,2.8,0,-34.05,43.5,0,0,0,1.75,0,0,0,0,6,0,0,0,0,-0.00229183,0,0,0,0,0,0,0,0,0,1,92,58,0,0.00034,0.00034,3,0,0,0,0,0,0,0,0,0,0,0,1,0,0,0,0,0,0,0,0,0,0,,0,0,0,0,
2,3.25,0,13.55,38.5,0,0,0,2.55,0,0,0,0,-7,0,0,0,0,-0.00229183,0,0,0,0,0,0,0,0,0,1,87,58,0,0.00034,0.00034,3,0,0,0,0,0,0,0,0,0,0,0,1,0,0,0,0,0,0,0,0,0,0,,0,0,0,0,
3,3.59,0,45.6,32,0,0,0,-9.55,0,0,0,0,5,0,0,0,0,-0.00229183,0,0,0,0,0,0,0,0,0,1,80,58,0,0.00034,0.00034,3,5,0,0,0,0,0,0,0,0,0,0,1,0,0,0,0,0,0,0,0,0,0,,0,0,0,0,
4,4.03,0,2.2,41.5,0,0,0,0.55,0,0,0,0,-6,0,0,0,0,-0.00229183,0,0,0,0,0,0,0,0,0,1,89,58,0,0.00034,0.00034,3,5,0,0,0,0,0,0,0,0,0,0,1,0,0,0,0,0,0,0,0,0,0,,0,0,0,0,
5,5.16,0,-35.05,34,0,0,0,-3.35,0,0,0,0,-6,0,0,0,0,-0.00229183,0,0,0,0,0,0,0,0,0,1,79,58,0,0.00034,0.00034,3,5,0,0,0,0,0,0,0,0,0,0,1,0,0,0,0,0,0,0,0,0,0,,0,0,0,0,
6,5.16,0,-40.65,34,0,0,0,0.4,0,0,0,0,-3,0,0,0,0,-0.00229183,0,0,0,0,0,0,0,0,0,1,79,58,0,0.00034,0.00034,3,5,0,0,0,0,0,0,0,0,0,0,1,0,0,0,0,0,0,0,0,0,0,,0,0,0,0,
7,5.62,0,-34.8,36,0,0,0,-2.6,0,0,0,0,-4,0,0,0,0,-0.00229183,0,0,0,0,0,0,0,0,0,1,80,58,0,0.00034,0.00034,3,5,0,0,0,0,0,0,0,0,0,0,1,0,0,0,0,0,0,0,0,0,0,,0,0,0,0,
8,5.62,0,-24.1,36,0,0,0,-5.2,0,0,0,0,-9,0,0,0,0,-0.00229183,0,0,0,0,0,0,0,0,0,1,80,58,0,0.00034,0.00034,3,5,0,0,0,0,0,0,0,0,0,0,1,0,0,0,0,0,0,0,0,0,0,,0,0,0,0,
9,5.83,0,-40.6,30.5,0,0,0,-0.1,0,0,0,0,-5.5,0,0,0,0,-0.00229183,0,0,0,0,0,0,0,0,0,1,75,58,0,0.00034,0.00034,3,5,0,0,0,0,0,0,0,0,0,0,1,0,0,0,0,0,0,0,0,0,0,,0,0,0,0,
10,6.61,0,-53.95,25,0,0,0,-5.3,0,0,0,0,0.5,0,0,0,0,-0.00229183,0,0,0,0,0,0,0,0,0,1,70,58,0,0.00034,0.00034,3,5,0,0,0,0,0,0,0,0,0,0,1,0,0,0,0,0,0,0,0,0,0,,0,0,0,0,
11,7.03,0,-33.35,25,0,0,0,7.3,0,0,0,0,-13.5,0,0,0,0,-0.00229183,0,0,0,0,0,0,0,0,0,1,70,58,0,0.00034,0.00034,3,5,0,0,0,0,0,0,0,0,0,0,1,0,0,0,0,0,0,0,0,0,0,,0,0,0,0,
12,7.66,0,34.95,39.5,0,0,0,6.3,0,0,0,0,5,0,0,0,0,-0.00229183,0,0,0,0,0,0,0,0,0,1,85,58,0,0.00034,0.00034,3,5,0,0,0,0,0,0,0,0,0,0,1,0,0,0,0,0,0,0,0,0,0,,0,0,0,0,
13,8.24,0,-25.2,29,0,0,0,11.4,0,0,0,0,-12.5,0,0,0,0,-0.00229183,0,0,0,0,0,0,0,0,0,1,75,58,0,0.00034,0.00034,3,0,0,0,0,0,0,0,0,0,0,0,1,0,0,0,0,0,0,0,0,0,0,,0,0,0,0,
14,8.66,0,69.15,30,0,0,0,-11.55,0,0,0,0,22.5,0,0,0,0,-0.00229183,0,0,0,0,0,0,0,0,0,1,76,58,0,0.00034,0.00034,3,7,0,0,0,0,0,0,0,0,0,0,1,0,0,0,0,0,0,0,0,0,0,,0,0,0,0,
15,8.9,0,-32.7,26.5,0,0,0,-0.95,0,0,0,0,-10,0,0,0,0,-0.00229183,0,0,0,0,0,0,0,0,0,1,73,58,0,0.00034,0.00034,3,5,0,0,0,0,0,0,0,0,0,0,1,0,0,0,0,0,0,0,0,0,0,,0,0,0,0,
16,9.38,0,-29.2,23.5,0,0,0,-2.75,0,0,0,0,-14.5,0,0,0,0,-0.00229183,0,0,0,0,0,0,0,0,0,1,70,58,0,0.00034,0.00034,3,5,0,0,0,0,0,0,0,0,0,0,1,0,0,0,0,0,0,0,0,0,0,,0,0,0,0,
17,9.86,0,-28.5,21,0,0,0,-0.7,0,0,0,0,-17.5,0,0,0,0,-0.00229183,0,0,0,0,0,0,0,0,0,1,67,58,0,0.00034,0.00034,3,5,0,0,0,0,0,0,0,0,0,0,1,0,0,0,0,0,0,0,0,0,0,,0,0,0,0,
18,12.16,0,-12.6,26.5,0,0,0,13.05,0,0,0,0,-16,0,0,0,0,-0.00229183,0,0,0,0,0,0,0,0,0,1,74,58,0,0.00034,0.00034,3,5,0,0,0,0,0,0,0,0,0,0,1,0,0,0,0,0,0,0,0,0,0,,0,0,0,0,
19,13,0,-23.1,21.5,0,0,0,-1.85,0,0,0,0,-17.5,0,0,0,0,-0.00229183,0,0,0,0,0,0,0,0,0,1,68,58,0,0.00034,0.00034,3,5,0,0,0,0,0,0,0,0,0,0,1,0,0,0,0,0,0,0,0,0,0,,0,0,0,0,
END,Total:20
START,FrameNb:142,CameraNb:0,HeSaiNb:0,ARS410Nb:0
2026/08/02 16:23:57:493---->
heightOffset:0,1785659037493,1327040,selfCaliBufCnt:0,selfAccObjCnt:0,selfAccAngle:0,installHAngleOffset:0,Interpolation:0,installVAngleOffset:0,radarOffsetH:0,radarOffsetV:0.32,Polynom:-0.001023;-0.0511;-2.047;0;0;0;-0.001023;-0.0511;-2.047;-25.5;0;0,WheelDirection:0;0;0;0,selfAngleOffset:0,selfAngleOffsetPit:0,currCaliAngleHrz:0,currCaliAnglePit:0,selfCaliAngleHrz:0,selfCaliAnglePit:0,servCaliAngleHrz:0,servCaliAnglePit:0,offlineCaliAngleHrz:0,offlineCaliAnglePit:0,determine2useFlag:0,IMU_Z_Accel:-21.592,IMU_X_AngularRate:-2.093,IMU_Y_AngularRate:-2.093,IMU_RollAngle:-180,IMU_PitchAngle:-180,IMU_YawAngle:-180,FcwID:0,FCWWarningLevel:0,FCWTTC:0
0,2.32,0,30.1,29,0,0,0,8.25,1.37605e-33,0,0,0,-9,0,0,0,0,-0.00229183,0,0,0,0,0,0,0,0,0,1,78,54,0,0.00034,0.00034,3,5,0,0,0,0,0,0,0,0,0,0,1,0,1,0,0,0,0,0,0,0,0,,0,0,0,0,
1,2.8,0,-34.05,43.5,0,0,0,1.75,0,0,0,0,6,0,0,0,0,-0.00229183,0,0,0,0,0,0,0,0,0,1,92,54,0,0.00034,0.00034,3,0,0,0,0,0,0,0,0,0,0,0,1,0,1,0,0,0,0,0,0,0,0,,0,0,0,0,
2,3.24,0,13.5,38.5,0,0,0,2.55,0,0,0,0,-7,0,0,0,0,-0.00229183,0,0,0,0,0,0,0,0,0,1,87,54,0,0.00034,0.00034,3,0,0,0,0,0,0,0,0,0,0,0,1,0,1,0,0,0,0,0,0,0,0,,0,0,0,0,
3,3.6,0,45.5,31.5,0,0,0,-9.2,0,0,0,0,5,0,0,0,0,-0.00229183,0,0,0,0,0,0,0,0,0,1,80,54,0,0.00034,0.00034,3,5,0,0,0,0,0,0,0,0,0,0,1,0,1,0,0,0,0,0,0,0,0,,0,0,0,0,
4,4.03,0,2.2,41.5,0,0,0,0.65,0,0,0,0,-6.5,0,0,0,0,-0.00229183,0,0,0,0,0,0,0,0,0,1,89,54,0,0.00034,0.00034,3,5,0,0,0,0,0,0,0,0,0,0,1,0,1,0,0,0,0,0,0,0,0,,0,0,0,0,
5,5.17,0,-35.05,34,0,0,0,-3.35,0,0,0,0,-6,0,0,0,0,-0.00229183,0,0,0,0,0,0,0,0,0,1,79,54,0,0.00034,0.00034,3,5,0,0,0,0,0,0,0,0,0,0,1,0,1,0,0,0,0,0,0,0,0,,0,0,0,0,
6,5.17,0,-40.6,34,0,0,0,0.25,0,0,0,0,-3,0,0,0,0,-0.00229183,0,0,0,0,0,0,0,0,0,1,79,54,0,0.00034,0.00034,3,5,0,0,0,0,0,0,0,0,0,0,1,0,1,0,0,0,0,0,0,0,0,,0,0,0,0,
7,5.47,0,-34.7,36,0,0,0,-2.95,0,0,0,0,-4,0,0,0,0,-0.00229183,0,0,0,0,0,0,0,0,0,1,80,54,0,0.00034,0.00034,3,5,0,0,0,0,0,0,0,0,0,0,1,0,1,0,0,0,0,0,0,0,0,,0,0,0,0,
8,5.47,0,-24.1,36,0,0,0,-5.45,0,0,0,0,-9,0,0,0,0,-0.00229183,0,0,0,0,0,0,0,0,0,1,80,54,0,0.00034,0.00034,3,5,0,0,0,0,0,0,0,0,0,0,1,0,1,0,0,0,0,0,0,0,0,,0,0,0,0,
9,6.63,0,4.9,25,0,0,0,-13.2,0,0,0,0,-23,0,0,0,0,-0.00229183,0,0,0,0,0,0,0,0,0,1,70,54,0,0.00034,0.00034,2,-1,0,0,0,0,0,0,0,0,0,0,1,0,1,0,0,0,0,0,0,0,0,,0,0,0,0,
10,7.03,0,-10.05,24.5,0,0,0,2.2,0,0,0,0,-23,0,0,0,0,-0.00229183,0,0,0,0,0,0,0,0,0,1,70,54,0,0.00034,0.00034,3,5,0,0,0,0,0,0,0,0,0,0,1,0,1,0,0,0,0,0,0,0,0,,0,0,0,0,
11,7.65,0,34.85,40,0,0,0,6.45,0,0,0,0,5.5,0,0,0,0,-0.00229183,0,0,0,0,0,0,0,0,0,1,86,54,0,0.00034,0.00034,3,5,0,0,0,0,0,0,0,0,0,0,1,0,1,0,0,0,0,0,0,0,0,,0,0,0,0,
12,8.25,0,-25.1,28.5,0,0,0,-1.8,0,0,0,0,-12.5,0,0,0,0,-0.00229183,0,0,0,0,0,0,0,0,0,1,74,54,0,0.00034,0.00034,3,0,0,0,0,0,0,0,0,0,0,0,1,0,1,0,0,0,0,0,0,0,0,,0,0,0,0,
13,8.48,0,69.1,30,0,0,0,-11.55,0,0,0,0,22.5,0,0,0,0,-0.00229183,0,0,0,0,0,0,0,0,0,1,76,54,0,0.00034,0.00034,3,7,0,0,0,0,0,0,0,0,0,0,1,0,1,0,0,0,0,0,0,0,0,,0,0,0,0,
14,8.9,0,-32.7,26.5,0,0,0,-0.85,0,0,0,0,-10,0,0,0,0,-0.00229183,0,0,0,0,0,0,0,0,0,1,73,54,0,0.00034,0.00034,3,7,0,0,0,0,0,0,0,0,0,0,1,0,1,0,0,0,0,0,0,0,0,,0,0,0,0,
15,9.39,0,-29.3,23.5,0,0,0,-2.35,0,0,0,0,-14.5,0,0,0,0,-0.00229183,0,0,0,0,0,0,0,0,0,1,70,54,0,0.00034,0.00034,3,5,0,0,0,0,0,0,0,0,0,0,1,0,1,0,0,0,0,0,0,0,0,,0,0,0,0,
16,9.84,0,-28.45,21,0,0,0,-0.35,0,0,0,0,-17.5,0,0,0,0,-0.00229183,0,0,0,0,0,0,0,0,0,1,68,54,0,0.00034,0.00034,3,5,0,0,0,0,0,0,0,0,0,0,1,0,1,0,0,0,0,0,0,0,0,,0,0,0,0,
17,12.16,0,-12.6,27,0,0,0,12.8,0,0,0,0,-16,0,0,0,0,-0.00229183,0,0,0,0,0,0,0,0,0,1,74,54,0,0.00034,0.00034,3,5,0,0,0,0,0,0,0,0,0,0,1,0,1,0,0,0,0,0,0,0,0,,0,0,0,0,
18,13.01,0,-23.15,21.5,0,0,0,-1.8,0,0,0,0,-17.5,0,0,0,0,-0.00229183,0,0,0,0,0,0,0,0,0,1,68,54,0,0.00034,0.00034,3,5,0,0,0,0,0,0,0,0,0,0,1,0,1,0,0,0,0,0,0,0,0,,0,0,0,0,
END,Total:19
START,FrameNb:143,CameraNb:0,HeSaiNb:0,ARS410Nb:0
2026/08/02 16:23:57:525---->
heightOffset:0,1785659037525,1327096,selfCaliBufCnt:0,selfAccObjCnt:0,selfAccAngle:0,installHAngleOffset:0,Interpolation:0,installVAngleOffset:0,radarOffsetH:0,radarOffsetV:0.32,Polynom:-0.001023;-0.0511;-2.047;0;0;0;-0.001023;-0.0511;-2.047;-25.5;0;0,WheelDirection:0;0;0;0,selfAngleOffset:0,selfAngleOffsetPit:0,currCaliAngleHrz:0,currCaliAnglePit:0,selfCaliAngleHrz:0,selfCaliAnglePit:0,servCaliAngleHrz:0,servCaliAnglePit:0,offlineCaliAngleHrz:0,offlineCaliAnglePit:0,determine2useFlag:0,IMU_Z_Accel:-21.592,IMU_X_AngularRate:-2.093,IMU_Y_AngularRate:-2.093,IMU_RollAngle:-180,IMU_PitchAngle:-180,IMU_YawAngle:-180,FcwID:0,FCWWarningLevel:0,FCWTTC:0
0,2.32,0,30.05,29,0,0,0,7.55,1.37605e-33,0,0,0,-8.5,0,0,0,0,-0.00229183,0,0,0,0,0,0,0,0,0,1,78,58,0,0.00034,0.00034,3,5,0,0,0,0,0,0,0,0,0,0,1,0,0,0,0,0,0,0,0,0,0,,0,0,0,0,
1,2.8,0,-34.05,43.5,0,0,0,1.75,0,0,0,0,6,0,0,0,0,-0.00229183,0,0,0,0,0,0,0,0,0,1,92,58,0,0.00034,0.00034,3,0,0,0,0,0,0,0,0,0,0,0,1,0,0,0,0,0,0,0,0,0,0,,0,0,0,0,
2,3.25,0,13.55,39,0,0,0,2.55,0,0,0,0,-7,0,0,0,0,-0.00229183,0,0,0,0,0,0,0,0,0,1,87,58,0,0.00034,0.00034,3,0,0,0,0,0,0,0,0,0,0,0,1,0,0,0,0,0,0,0,0,0,0,,0,0,0,0,
3,3.59,0,45.85,32,0,0,0,-10.3,0,0,0,0,5,0,0,0,0,-0.00229183,0,0,0,0,0,0,0,0,0,1,80,58,0,0.00034,0.00034,3,5,0,0,0,0,0,0,0,0,0,0,1,0,0,0,0,0,0,0,0,0,0,,0,0,0,0,
4,4.03,0,2.2,41.5,0,0,0,0.55,0,0,0,0,-6,0,0,0,0,-0.00229183,0,0,0,0,0,0,0,0,0,1,89,58,0,0.00034,0.00034,3,5,0,0,0,0,0,0,0,0,0,0,1,0,0,0,0,0,0,0,0,0,0,,0,0,0,0,
5,5.16,0,-35.05,34,0,0,0,-3.45,0,0,0,0,-6,0,0,0,0,-0.00229183,0,0,0,0,0,0,0,0,0,1,79,58,0,0.00034,0.00034,3,5,0,0,0,0,0,0,0,0,0,0,1,0,0,0,0,0,0,0,0,0,0,,0,0,0,0,
6,5.16,0,-40.6,34,0,0,0,0.4,0,0,0,0,-3,0,0,0,0,-0.00229183,0,0,0,0,0,0,0,0,0,1,79,58,0,0.00034,0.00034,3,5,0,0,0,0,0,0,0,0,0,0,1,0,0,0,0,0,0,0,0,0,0,,0,0,0,0,
7,5.62,0,-34.8,36,0,0,0,-2.6,0,0,0,0,-4,0,0,0,0,-0.00229183,0,0,0,0,0,0,0,0,0,1,80,58,0,0.00034,0.00034,3,5,0,0,0,0,0,0,0,0,0,0,1,0,0,0,0,0,0,0,0,0,0,,0,0,0,0,
8,5.62,0,-24.05,36,0,0,0,-5.25,0,0,0,0,-9,0,0,0,0,-0.00229183,0,0,0,0,0,0,0,0,0,1,80,58,0,0.00034,0.00034,3,5,0,0,0,0,0,0,0,0,0,0,1,0,0,0,0,0,0,0,0,0,0,,0,0,0,0,
9,5.83,0,-40.55,30.5,0,0,0,0,0,0,0,0,-5.5,0,0,0,0,-0.00229183,0,0,0,0,0,0,0,0,0,1,75,58,0,0.00034,0.00034,3,5,0,0,0,0,0,0,0,0,0,0,1,0,0,0,0,0,0,0,0,0,0,,0,0,0,0,
10,6.62,0,4.9,25,0,0,0,-13.25,0,0,0,0,-23,0,0,0,0,-0.00229183,0,0,0,0,0,0,0,0,0,1,71,58,0,0.00034,0.00034,3,5,0,0,0,0,0,0,0,0,0,0,1,0,0,0,0,0,0,0,0,0,0,,0,0,0,0,
11,7.03,0,24.85,24.5,0,0,0,-10.45,0,0,0,0,-15.5,0,0,0,0,-0.00229183,0,0,0,0,0,0,0,0,0,1,70,58,0,0.00034,0.00034,3,5,0,0,0,0,0,0,0,0,0,0,1,0,0,0,0,0,0,0,0,0,0,,0,0,0,0,
12,7.65,0,34.85,40,0,0,0,-9.05,0,0,0,0,5.5,0,0,0,0,-0.00229183,0,0,0,0,0,0,0,0,0,1,86,58,0,0.00034,0.00034,3,5,0,0,0,0,0,0,0,0,0,0,1,0,0,0,0,0,0,0,0,0,0,,0,0,0,0,
13,8.25,0,-25.2,28.5,0,0,0,-2.05,0,0,0,0,-12,0,0,0,0,-0.00229183,0,0,0,0,0,0,0,0,0,1,75,58,0,0.00034,0.00034,3,0,0,0,0,0,0,0,0,0,0,0,1,0,0,0,0,0,0,0,0,0,0,,0,0,0,0,
14,8.66,0,69.15,30,0,0,0,-11.55,0,0,0,0,22.5,0,0,0,0,-0.00229183,0,0,0,0,0,0,0,0,0,1,76,58,0,0.00034,0.00034,3,7,0,0,0,0,0,0,0,0,0,0,1,0,0,0,0,0,0,0,0,0,0,,0,0,0,0,
15,8.9,0,-32.7,26.5,0,0,0,-0.8,0,0,0,0,-9.5,0,0,0,0,-0.00229183,0,0,0,0,0,0,0,0,0,1,73,58,0,0.00034,0.00034,3,5,0,0,0,0,0,0,0,0,0,0,1,0,0,0,0,0,0,0,0,0,0,,0,0,0,0,
16,9.39,0,-29.2,23.5,0,0,0,-2.55,0,0,0,0,-14.5,0,0,0,0,-0.00229183,0,0,0,0,0,0,0,0,0,1,70,58,0,0.00034,0.00034,3,5,0,0,0,0,0,0,0,0,0,0,1,0,0,0,0,0,0,0,0,0,0,,0,0,0,0,
17,9.86,0,-28.55,21,0,0,0,0.15,0,0,0,0,-17.5,0,0,0,0,-0.00229183,0,0,0,0,0,0,0,0,0,1,67,58,0,0.00034,0.00034,3,5,0,0,0,0,0,0,0,0,0,0,1,0,0,0,0,0,0,0,0,0,0,,0,0,0,0,
18,12.16,0,-12.6,27,0,0,0,13,0,0,0,0,-16,0,0,0,0,-0.00229183,0,0,0,0,0,0,0,0,0,1,74,58,0,0.00034,0.00034,3,5,0,0,0,0,0,0,0,0,0,0,1,0,0,0,0,0,0,0,0,0,0,,0,0,0,0,
19,13.01,0,-23.1,21.5,0,0,0,-1.95,0,0,0,0,-17.5,0,0,0,0,-0.00229183,0,0,0,0,0,0,0,0,0,1,68,58,0,0.00034,0.00034,3,5,0,0,0,0,0,0,0,0,0,0,1,0,0,0,0,0,0,0,0,0,0,,0,0,0,0,
END,Total:20
START,FrameNb:144,CameraNb:0,HeSaiNb:0,ARS410Nb:0
2026/08/02 16:23:57:589---->
heightOffset:0,1785659037589,1327160,selfCaliBufCnt:0,selfAccObjCnt:0,selfAccAngle:0,installHAngleOffset:0,Interpolation:0,installVAngleOffset:0,radarOffsetH:0,radarOffsetV:0.32,Polynom:-0.001023;-0.0511;-2.047;0;0;0;-0.001023;-0.0511;-2.047;-25.5;0;0,WheelDirection:0;0;0;0,selfAngleOffset:0,selfAngleOffsetPit:0,currCaliAngleHrz:0,currCaliAnglePit:0,selfCaliAngleHrz:0,selfCaliAnglePit:0,servCaliAngleHrz:0,servCaliAnglePit:0,offlineCaliAngleHrz:0,offlineCaliAnglePit:0,determine2useFlag:0,IMU_Z_Accel:-21.592,IMU_X_AngularRate:-2.093,IMU_Y_AngularRate:-2.093,IMU_RollAngle:-180,IMU_PitchAngle:-180,IMU_YawAngle:-180,FcwID:0,FCWWarningLevel:0,FCWTTC:0
0,2.32,0,30.1,29,0,0,0,8.25,1.37605e-33,0,0,0,-9,0,0,0,0,-0.00229183,0,0,0,0,0,0,0,0,0,1,78,58,0,0.00034,0.00034,3,5,0,0,0,0,0,0,0,0,0,0,1,0,1,0,0,0,0,0,0,0,0,,0,0,0,0,
1,2.8,0,-34.05,43,0,0,0,1.75,0,0,0,0,6,0,0,0,0,-0.00229183,0,0,0,0,0,0,0,0,0,1,92,58,0,0.00034,0.00034,3,0,0,0,0,0,0,0,0,0,0,0,1,0,1,0,0,0,0,0,0,0,0,,0,0,0,0,
2,3.25,0,13.5,38.5,0,0,0,2.55,0,0,0,0,-7,0,0,0,0,-0.00229183,0,0,0,0,0,0,0,0,0,1,87,58,0,0.00034,0.00034,3,0,0,0,0,0,0,0,0,0,0,0,1,0,1,0,0,0,0,0,0,0,0,,0,0,0,0,
3,3.63,0,45.2,31.5,0,0,0,-8.55,0,0,0,0,5,0,0,0,0,-0.00229183,0,0,0,0,0,0,0,0,0,1,80,58,0,0.00034,0.00034,3,5,0,0,0,0,0,0,0,0,0,0,1,0,1,0,0,0,0,0,0,0,0,,0,0,0,0,
4,4.03,0,2.2,41.5,0,0,0,0.55,0,0,0,0,-6.5,0,0,0,0,-0.00229183,0,0,0,0,0,0,0,0,0,1,89,58,0,0.00034,0.00034,3,5,0,0,0,0,0,0,0,0,0,0,1,0,1,0,0,0,0,0,0,0,0,,0,0,0,0,
5,5.16,0,-35.05,34,0,0,0,-3.35,0,0,0,0,-6,0,0,0,0,-0.00229183,0,0,0,0,0,0,0,0,0,1,79,58,0,0.00034,0.00034,3,5,0,0,0,0,0,0,0,0,0,0,1,0,1,0,0,0,0,0,0,0,0,,0,0,0,0,
6,5.16,0,-40.6,34,0,0,0,0.3,0,0,0,0,-3,0,0,0,0,-0.00229183,0,0,0,0,0,0,0,0,0,1,79,58,0,0.00034,0.00034,3,5,0,0,0,0,0,0,0,0,0,0,1,0,1,0,0,0,0,0,0,0,0,,0,0,0,0,
7,5.62,0,-34.7,36,0,0,0,-2.95,0,0,0,0,-4,0,0,0,0,-0.00229183,0,0,0,0,0,0,0,0,0,1,80,58,0,0.00034,0.00034,3,5,0,0,0,0,0,0,0,0,0,0,1,0,1,0,0,0,0,0,0,0,0,,0,0,0,0,
8,5.62,0,-24.1,36,0,0,0,-5.55,0,0,0,0,-9,0,0,0,0,-0.00229183,0,0,0,0,0,0,0,0,0,1,80,58,0,0.00034,0.00034,3,5,0,0,0,0,0,0,0,0,0,0,1,0,1,0,0,0,0,0,0,0,0,,0,0,0,0,
9,5.83,0,-40.7,30.5,0,0,0,0.25,0,0,0,0,-5.5,0,0,0,0,-0.00229183,0,0,0,0,0,0,0,0,0,1,75,58,0,0.00034,0.00034,3,5,0,0,0,0,0,0,0,0,0,0,1,0,1,0,0,0,0,0,0,0,0,,0,0,0,0,
10,6.63,0,4.9,24.5,0,0,0,-12.95,0,0,0,0,-23.5,0,0,0,0,-0.00229183,0,0,0,0,0,0,0,0,0,1,70,58,0,0.00034,0.00034,3,5,0,0,0,0,0,0,0,0,0,0,1,0,1,0,0,0,0,0,0,0,0,,0,0,0,0,
11,7.02,0,25,24.5,0,0,0,-10.35,0,0,0,0,-15.5,0,0,0,0,-0.00229183,0,0,0,0,0,0,0,0,0,1,70,58,0,0.00034,0.00034,3,5,0,0,0,0,0,0,0,0,0,0,1,0,1,0,0,0,0,0,0,0,0,,0,0,0,0,
12,7.65,0,35.05,40,0,0,0,6.3,0,0,0,0,6.5,0,0,0,0,-0.00229183,0,0,0,0,0,0,0,0,0,1,86,58,0,0.00034,0.00034,3,5,0,0,0,0,0,0,0,0,0,0,1,0,1,0,0,0,0,0,0,0,0,,0,0,0,0,
13,8.25,0,-25.1,28.5,0,0,0,-1.85,0,0,0,0,-12.5,0,0,0,0,-0.00229183,0,0,0,0,0,0,0,0,0,1,75,58,0,0.00034,0.00034,3,0,0,0,0,0,0,0,0,0,0,0,1,0,1,0,0,0,0,0,0,0,0,,0,0,0,0,
14,8.48,0,69.2,30,0,0,0,-11.55,0,0,0,0,22.5,0,0,0,0,-0.00229183,0,0,0,0,0,0,0,0,0,1,76,58,0,0.00034,0.00034,3,7,0,0,0,0,0,0,0,0,0,0,1,0,1,0,0,0,0,0,0,0,0,,0,0,0,0,
15,8.91,0,-32.8,26,0,0,0,-0.45,0,0,0,0,-10,0,0,0,0,-0.00229183,0,0,0,0,0,0,0,0,0,1,72,58,0,0.00034,0.00034,3,5,0,0,0,0,0,0,0,0,0,0,1,0,1,0,0,0,0,0,0,0,0,,0,0,0,0,
16,9.39,0,-29.2,23.5,0,0,0,-2.8,0,0,0,0,-14.5,0,0,0,0,-0.00229183,0,0,0,0,0,0,0,0,0,1,70,58,0,0.00034,0.00034,3,5,0,0,0,0,0,0,0,0,0,0,1,0,1,0,0,0,0,0,0,0,0,,0,0,0,0,
17,9.84,0,-28.4,21,0,0,0,-0.95,0,0,0,0,-17.5,0,0,0,0,-0.00229183,0,0,0,0,0,0,0,0,0,1,67,58,0,0.00034,0.00034,3,5,0,0,0,0,0,0,0,0,0,0,1,0,1,0,0,0,0,0,0,0,0,,0,0,0,0,
18,12.16,0,26.6,27,0,0,0,-6.35,0,0,0,0,-8,0,0,0,0,-0.00229183,0,0,0,0,0,0,0,0,0,1,74,58,0,0.00034,0.00034,2,-1,0,0,0,0,0,0,0,0,0,0,1,0,1,0,0,0,0,0,0,0,0,,0,0,0,0,
19,13.01,0,-23.05,21.5,0,0,0,-1.95,0,0,0,0,-17.5,0,0,0,0,-0.00229183,0,0,0,0,0,0,0,0,0,1,68,58,0,0.00034,0.00034,3,5,0,0,0,0,0,0,0,0,0,0,1,0,1,0,0,0,0,0,0,0,0,,0,0,0,0,
END,Total:20
START,FrameNb:145,CameraNb:0,HeSaiNb:0,ARS410Nb:0
2026/08/02 16:23:57:641---->
heightOffset:0,1785659037641,1327216,selfCaliBufCnt:0,selfAccObjCnt:0,selfAccAngle:0,installHAngleOffset:0,Interpolation:0,installVAngleOffset:0,radarOffsetH:0,radarOffsetV:0.32,Polynom:-0.001023;-0.0511;-2.047;0;0;0;-0.001023;-0.0511;-2.047;-25.5;0;0,WheelDirection:0;0;0;0,selfAngleOffset:0,selfAngleOffsetPit:0,currCaliAngleHrz:0,currCaliAnglePit:0,selfCaliAngleHrz:0,selfCaliAnglePit:0,servCaliAngleHrz:0,servCaliAnglePit:0,offlineCaliAngleHrz:0,offlineCaliAnglePit:0,determine2useFlag:0,IMU_Z_Accel:-21.592,IMU_X_AngularRate:-2.093,IMU_Y_AngularRate:-2.093,IMU_RollAngle:-180,IMU_PitchAngle:-180,IMU_YawAngle:-180,FcwID:0,FCWWarningLevel:0,FCWTTC:0
0,2.32,0,30.1,29,0,0,0,7.65,1.37605e-33,0,0,0,-8.5,0,0,0,0,-0.00229183,0,0,0,0,0,0,0,0,0,1,78,64,0,0.00034,0.00034,3,5,0,0,0,0,0,0,0,0,0,0,1,0,0,0,0,0,0,0,0,0,0,,0,0,0,0,
1,2.8,0,-34.05,43.5,0,0,0,1.75,0,0,0,0,6,0,0,0,0,-0.00229183,0,0,0,0,0,0,0,0,0,1,92,64,0,0.00034,0.00034,3,0,0,0,0,0,0,0,0,0,0,0,1,0,0,0,0,0,0,0,0,0,0,,0,0,0,0,
2,3.25,0,13.55,38.5,0,0,0,2.55,0,0,0,0,-7,0,0,0,0,-0.00229183,0,0,0,0,0,0,0,0,0,1,87,64,0,0.00034,0.00034,3,0,0,0,0,0,0,0,0,0,0,0,1,0,0,0,0,0,0,0,0,0,0,,0,0,0,0,
3,3.6,0,46.05,31.5,0,0,0,-10.2,0,0,0,0,5,0,0,0,0,-0.00229183,0,0,0,0,0,0,0,0,0,1,80,64,0,0.00034,0.00034,3,5,0,0,0,0,0,0,0,0,0,0,1,0,0,0,0,0,0,0,0,0,0,,0,0,0,0,
4,4.03,0,2.2,41.5,0,0,0,0.45,0,0,0,0,-6,0,0,0,0,-0.00229183,0,0,0,0,0,0,0,0,0,1,89,64,0,0.00034,0.00034,3,5,0,0,0,0,0,0,0,0,0,0,1,0,0,0,0,0,0,0,0,0,0,,0,0,0,0,
5,5.16,0,-35.05,34,0,0,0,-3.45,0,0,0,0,-6,0,0,0,0,-0.00229183,0,0,0,0,0,0,0,0,0,1,79,64,0,0.00034,0.00034,3,5,0,0,0,0,0,0,0,0,0,0,1,0,0,0,0,0,0,0,0,0,0,,0,0,0,0,
6,5.16,0,-40.6,34,0,0,0,0.25,0,0,0,0,-3,0,0,0,0,-0.00229183,0,0,0,0,0,0,0,0,0,1,79,64,0,0.00034,0.00034,3,5,0,0,0,0,0,0,0,0,0,0,1,0,0,0,0,0,0,0,0,0,0,,0,0,0,0,
7,5.61,0,-34.8,36,0,0,0,-2.6,0,0,0,0,-4,0,0,0,0,-0.00229183,0,0,0,0,0,0,0,0,0,1,80,64,0,0.00034,0.00034,3,5,0,0,0,0,0,0,0,0,0,0,1,0,0,0,0,0,0,0,0,0,0,,0,0,0,0,
8,5.61,0,-24.1,36,0,0,0,-5.25,0,0,0,0,-9,0,0,0,0,-0.00229183,0,0,0,0,0,0,0,0,0,1,80,64,0,0.00034,0.00034,3,5,0,0,0,0,0,0,0,0,0,0,1,0,0,0,0,0,0,0,0,0,0,,0,0,0,0,
9,5.83,0,-40.55,30.5,0,0,0,-0.05,0,0,0,0,-6,0,0,0,0,-0.00229183,0,0,0,0,0,0,0,0,0,1,75,64,0,0.00034,0.00034,3,5,0,0,0,0,0,0,0,0,0,0,1,0,0,0,0,0,0,0,0,0,0,,0,0,0,0,
10,6.62,0,-53.7,25,0,0,0,-2.7,0,0,0,0,1,0,0,0,0,-0.00229183,0,0,0,0,0,0,0,0,0,1,70,64,0,0.00034,0.00034,3,5,0,0,0,0,0,0,0,0,0,0,1,0,0,0,0,0,0,0,0,0,0,,0,0,0,0,
11,7.03,0,24.7,24.5,0,0,0,-10.05,0,0,0,0,-15.5,0,0,0,0,-0.00229183,0,0,0,0,0,0,0,0,0,1,70,64,0,0.00034,0.00034,3,5,0,0,0,0,0,0,0,0,0,0,1,0,0,0,0,0,0,0,0,0,0,,0,0,0,0,
12,7.65,0,35.15,40,0,0,0,6.55,0,0,0,0,6.5,0,0,0,0,-0.00229183,0,0,0,0,0,0,0,0,0,1,86,64,0,0.00034,0.00034,3,0,0,0,0,0,0,0,0,0,0,0,1,0,0,0,0,0,0,0,0,0,0,,0,0,0,0,
13,8.25,0,-25.2,28.5,0,0,0,-2.05,0,0,0,0,-12,0,0,0,0,-0.00229183,0,0,0,0,0,0,0,0,0,1,75,64,0,0.00034,0.00034,3,0,0,0,0,0,0,0,0,0,0,0,1,0,0,0,0,0,0,0,0,0,0,,0,0,0,0,
14,8.65,0,69.15,30.5,0,0,0,-11.45,0,0,0,0,22.5,0,0,0,0,-0.00229183,0,0,0,0,0,0,0,0,0,1,76,64,0,0.00034,0.00034,3,7,0,0,0,0,0,0,0,0,0,0,1,0,0,0,0,0,0,0,0,0,0,,0,0,0,0,
15,8.9,0,-32.85,26.5,0,0,0,-0.55,0,0,0,0,-10,0,0,0,0,-0.00229183,0,0,0,0,0,0,0,0,0,1,73,64,0,0.00034,0.00034,3,5,0,0,0,0,0,0,0,0,0,0,1,0,0,0,0,0,0,0,0,0,0,,0,0,0,0,
16,9.39,0,-29.3,23.5,0,0,0,-2.45,0,0,0,0,-14.5,0,0,0,0,-0.00229183,0,0,0,0,0,0,0,0,0,1,70,64,0,0.00034,0.00034,3,5,0,0,0,0,0,0,0,0,0,0,1,0,0,0,0,0,0,0,0,0,0,,0,0,0,0,
17,9.85,0,-28.45,21.5,0,0,0,-0.7,0,0,0,0,-17.5,0,0,0,0,-0.00229183,0,0,0,0,0,0,0,0,0,1,68,64,0,0.00034,0.00034,3,5,0,0,0,0,0,0,0,0,0,0,1,0,0,0,0,0,0,0,0,0,0,,0,0,0,0,
18,12.16,0,-12.6,27,0,0,0,13.15,0,0,0,0,-16,0,0,0,0,-0.00229183,0,0,0,0,0,0,0,0,0,1,74,64,0,0.00034,0.00034,3,5,0,0,0,0,0,0,0,0,0,0,1,0,0,0,0,0,0,0,0,0,0,,0,0,0,0,
19,13,0,-23.05,21.5,0,0,0,-1.85,0,0,0,0,-17.5,0,0,0,0,-0.00229183,0,0,0,0,0,0,0,0,0,1,68,64,0,0.00034,0.00034,3,5,0,0,0,0,0,0,0,0,0,0,1,0,0,0,0,0,0,0,0,0,0,,0,0,0,0,
END,Total:20
START,FrameNb:146,CameraNb:0,HeSaiNb:0,ARS410Nb:0
2026/08/02 16:23:57:682---->
heightOffset:0,1785659037682,1327276,selfCaliBufCnt:0,selfAccObjCnt:0,selfAccAngle:0,installHAngleOffset:0,Interpolation:0,installVAngleOffset:0,radarOffsetH:0,radarOffsetV:0.32,Polynom:-0.001023;-0.0511;-2.047;0;0;0;-0.001023;-0.0511;-2.047;-25.5;0;0,WheelDirection:0;0;0;0,selfAngleOffset:0,selfAngleOffsetPit:0,currCaliAngleHrz:0,currCaliAnglePit:0,selfCaliAngleHrz:0,selfCaliAnglePit:0,servCaliAngleHrz:0,servCaliAnglePit:0,offlineCaliAngleHrz:0,offlineCaliAnglePit:0,determine2useFlag:0,IMU_Z_Accel:-21.592,IMU_X_AngularRate:-2.093,IMU_Y_AngularRate:-2.093,IMU_RollAngle:-180,IMU_PitchAngle:-180,IMU_YawAngle:-180,FcwID:0,FCWWarningLevel:0,FCWTTC:0
0,2.32,0,30.1,29,0,0,0,8.15,1.37605e-33,0,0,0,-9,0,0,0,0,-0.00229183,0,0,0,0,0,0,0,0,0,1,78,54,0,0.00034,0.00034,3,5,0,0,0,0,0,0,0,0,0,0,1,0,1,0,0,0,0,0,0,0,0,,0,0,0,0,
1,2.8,0,-34.05,43,0,0,0,1.75,0,0,0,0,6,0,0,0,0,-0.00229183,0,0,0,0,0,0,0,0,0,1,92,54,0,0.00034,0.00034,3,0,0,0,0,0,0,0,0,0,0,0,1,0,1,0,0,0,0,0,0,0,0,,0,0,0,0,
2,3.24,0,13.5,38.5,0,0,0,2.55,0,0,0,0,-7,0,0,0,0,-0.00229183,0,0,0,0,0,0,0,0,0,1,87,54,0,0.00034,0.00034,3,0,0,0,0,0,0,0,0,0,0,0,1,0,1,0,0,0,0,0,0,0,0,,0,0,0,0,
3,3.62,0,45.65,31.5,0,0,0,-9.1,0,0,0,0,5,0,0,0,0,-0.00229183,0,0,0,0,0,0,0,0,0,1,80,54,0,0.00034,0.00034,3,5,0,0,0,0,0,0,0,0,0,0,1,0,1,0,0,0,0,0,0,0,0,,0,0,0,0,
4,4.03,0,2.2,41.5,0,0,0,0.65,0,0,0,0,-6.5,0,0,0,0,-0.00229183,0,0,0,0,0,0,0,0,0,1,89,54,0,0.00034,0.00034,3,5,0,0,0,0,0,0,0,0,0,0,1,0,1,0,0,0,0,0,0,0,0,,0,0,0,0,
5,5.17,0,-35.05,33.5,0,0,0,-3.3,0,0,0,0,-6,0,0,0,0,-0.00229183,0,0,0,0,0,0,0,0,0,1,79,54,0,0.00034,0.00034,3,5,0,0,0,0,0,0,0,0,0,0,1,0,1,0,0,0,0,0,0,0,0,,0,0,0,0,
6,5.17,0,-40.6,33.5,0,0,0,0.25,0,0,0,0,-3,0,0,0,0,-0.00229183,0,0,0,0,0,0,0,0,0,1,79,54,0,0.00034,0.00034,3,5,0,0,0,0,0,0,0,0,0,0,1,0,1,0,0,0,0,0,0,0,0,,0,0,0,0,
7,5.62,0,-34.65,35.5,0,0,0,-2.95,0,0,0,0,-4,0,0,0,0,-0.00229183,0,0,0,0,0,0,0,0,0,1,80,54,0,0.00034,0.00034,3,5,0,0,0,0,0,0,0,0,0,0,1,0,1,0,0,0,0,0,0,0,0,,0,0,0,0,
8,5.62,0,-24.1,35.5,0,0,0,-5.55,0,0,0,0,-9,0,0,0,0,-0.00229183,0,0,0,0,0,0,0,0,0,1,80,54,0,0.00034,0.00034,3,5,0,0,0,0,0,0,0,0,0,0,1,0,1,0,0,0,0,0,0,0,0,,0,0,0,0,
9,5.83,0,-40.85,30.5,0,0,0,0.15,0,0,0,0,-5.5,0,0,0,0,-0.00229183,0,0,0,0,0,0,0,0,0,1,75,54,0,0.00034,0.00034,3,5,0,0,0,0,0,0,0,0,0,0,1,0,1,0,0,0,0,0,0,0,0,,0,0,0,0,
10,6.62,0,-53.45,24.5,0,0,0,-4.55,0,0,0,0,1,0,0,0,0,-0.00229183,0,0,0,0,0,0,0,0,0,1,70,54,0,0.00034,0.00034,3,5,0,0,0,0,0,0,0,0,0,0,1,0,1,0,0,0,0,0,0,0,0,,0,0,0,0,
11,7.02,0,-33.35,24.5,0,0,0,7.75,0,0,0,0,-13.5,0,0,0,0,-0.00229183,0,0,0,0,0,0,0,0,0,1,71,54,0,0.00034,0.00034,3,5,0,0,0,0,0,0,0,0,0,0,1,0,1,0,0,0,0,0,0,0,0,,0,0,0,0,
12,7.66,0,35.05,39.5,0,0,0,6.25,0,0,0,0,6,0,0,0,0,-0.00229183,0,0,0,0,0,0,0,0,0,1,86,54,0,0.00034,0.00034,3,0,0,0,0,0,0,0,0,0,0,0,1,0,1,0,0,0,0,0,0,0,0,,0,0,0,0,
13,8.26,0,-25.2,28,0,0,0,-2.1,0,0,0,0,-12.5,0,0,0,0,-0.00229183,0,0,0,0,0,0,0,0,0,1,74,54,0,0.00034,0.00034,3,0,0,0,0,0,0,0,0,0,0,0,1,0,1,0,0,0,0,0,0,0,0,,0,0,0,0,
14,8.48,0,69.15,30,0,0,0,-11.55,0,0,0,0,22.5,0,0,0,0,-0.00229183,0,0,0,0,0,0,0,0,0,1,76,54,0,0.00034,0.00034,3,7,0,0,0,0,0,0,0,0,0,0,1,0,1,0,0,0,0,0,0,0,0,,0,0,0,0,
15,8.9,0,-32.95,26,0,0,0,-0.7,0,0,0,0,-10,0,0,0,0,-0.00229183,0,0,0,0,0,0,0,0,0,1,73,54,0,0.00034,0.00034,3,5,0,0,0,0,0,0,0,0,0,0,1,0,1,0,0,0,0,0,0,0,0,,0,0,0,0,
16,9.39,0,-29.35,23,0,0,0,-2.55,0,0,0,0,-15,0,0,0,0,-0.00229183,0,0,0,0,0,0,0,0,0,1,69,54,0,0.00034,0.00034,3,5,0,0,0,0,0,0,0,0,0,0,1,0,1,0,0,0,0,0,0,0,0,,0,0,0,0,
17,9.85,0,-28.3,21,0,0,0,-0.75,0,0,0,0,-18,0,0,0,0,-0.00229183,0,0,0,0,0,0,0,0,0,1,67,54,0,0.00034,0.00034,3,5,0,0,0,0,0,0,0,0,0,0,1,0,1,0,0,0,0,0,0,0,0,,0,0,0,0,
18,12.16,0,-12.5,26.5,0,0,0,12.9,0,0,0,0,-16,0,0,0,0,-0.00229183,0,0,0,0,0,0,0,0,0,1,74,54,0,0.00034,0.00034,3,5,0,0,0,0,0,0,0,0,0,0,1,0,1,0,0,0,0,0,0,0,0,,0,0,0,0,
19,13.01,0,-23.1,21.5,0,0,0,-1.8,0,0,0,0,-17.5,0,0,0,0,-0.00229183,0,0,0,0,0,0,0,0,0,1,68,54,0,0.00034,0.00034,3,5,0,0,0,0,0,0,0,0,0,0,1,0,1,0,0,0,0,0,0,0,0,,0,0,0,0,
END,Total:20
START,FrameNb:147,CameraNb:0,HeSaiNb:0,ARS410Nb:0
2026/08/02 16:23:57:745---->
heightOffset:0,1785659037745,1327328,selfCaliBufCnt:0,selfAccObjCnt:0,selfAccAngle:0,installHAngleOffset:0,Interpolation:0,installVAngleOffset:0,radarOffsetH:0,radarOffsetV:0.32,Polynom:-0.001023;-0.0511;-2.047;0;0;0;-0.001023;-0.0511;-2.047;-25.5;0;0,WheelDirection:0;0;0;0,selfAngleOffset:0,selfAngleOffsetPit:0,currCaliAngleHrz:0,currCaliAnglePit:0,selfCaliAngleHrz:0,selfCaliAnglePit:0,servCaliAngleHrz:0,servCaliAnglePit:0,offlineCaliAngleHrz:0,offlineCaliAnglePit:0,determine2useFlag:0,IMU_Z_Accel:-21.592,IMU_X_AngularRate:-2.093,IMU_Y_AngularRate:-2.093,IMU_RollAngle:-180,IMU_PitchAngle:-180,IMU_YawAngle:-180,FcwID:0,FCWWarningLevel:0,FCWTTC:0
0,2.32,0,30.05,29,0,0,0,7.7,1.37605e-33,0,0,0,-8.5,0,0,0,0,-0.00229183,0,0,0,0,0,0,0,0,0,1,78,58,0,0.00034,0.00034,3,5,0,0,0,0,0,0,0,0,0,0,1,0,0,0,0,0,0,0,0,0,0,,0,0,0,0,
1,2.8,0,-34.05,43.5,0,0,0,1.75,0,0,0,0,6,0,0,0,0,-0.00229183,0,0,0,0,0,0,0,0,0,1,92,58,0,0.00034,0.00034,3,0,0,0,0,0,0,0,0,0,0,0,1,0,0,0,0,0,0,0,0,0,0,,0,0,0,0,
2,3.25,0,13.55,38.5,0,0,0,2.55,0,0,0,0,-7,0,0,0,0,-0.00229183,0,0,0,0,0,0,0,0,0,1,87,58,0,0.00034,0.00034,3,0,0,0,0,0,0,0,0,0,0,0,1,0,0,0,0,0,0,0,0,0,0,,0,0,0,0,
3,4.03,0,2.2,41.5,0,0,0,0.55,0,0,0,0,-6,0,0,0,0,-0.00229183,0,0,0,0,0,0,0,0,0,1,89,58,0,0.00034,0.00034,3,5,0,0,0,0,0,0,0,0,0,0,1,0,0,0,0,0,0,0,0,0,0,,0,0,0,0,
4,5.16,0,-35.05,34,0,0,0,-3.35,0,0,0,0,-6,0,0,0,0,-0.00229183,0,0,0,0,0,0,0,0,0,1,79,58,0,0.00034,0.00034,3,5,0,0,0,0,0,0,0,0,0,0,1,0,0,0,0,0,0,0,0,0,0,,0,0,0,0,
5,5.16,0,-40.65,34,0,0,0,0.4,0,0,0,0,-3,0,0,0,0,-0.00229183,0,0,0,0,0,0,0,0,0,1,79,58,0,0.00034,0.00034,3,5,0,0,0,0,0,0,0,0,0,0,1,0,0,0,0,0,0,0,0,0,0,,0,0,0,0,
6,5.61,0,-34.7,36,0,0,0,-3,0,0,0,0,-4,0,0,0,0,-0.00229183,0,0,0,0,0,0,0,0,0,1,80,58,0,0.00034,0.00034,3,5,0,0,0,0,0,0,0,0,0,0,1,0,0,0,0,0,0,0,0,0,0,,0,0,0,0,
7,5.61,0,-24.15,36,0,0,0,-5.55,0,0,0,0,-9,0,0,0,0,-0.00229183,0,0,0,0,0,0,0,0,0,1,80,58,0,0.00034,0.00034,3,5,0,0,0,0,0,0,0,0,0,0,1,0,0,0,0,0,0,0,0,0,0,,0,0,0,0,
8,5.83,0,-40.65,30.5,0,0,0,0,0,0,0,0,-5.5,0,0,0,0,-0.00229183,0,0,0,0,0,0,0,0,0,1,75,58,0,0.00034,0.00034,3,5,0,0,0,0,0,0,0,0,0,0,1,0,0,0,0,0,0,0,0,0,0,,0,0,0,0,
9,6.63,0,-53.7,24.5,0,0,0,-3.55,0,0,0,0,0.5,0,0,0,0,-0.00229183,0,0,0,0,0,0,0,0,0,1,70,58,0,0.00034,0.00034,3,5,0,0,0,0,0,0,0,0,0,0,1,0,0,0,0,0,0,0,0,0,0,,0,0,0,0,
10,7.03,0,-33.3,24.5,0,0,0,7.75,0,0,0,0,-13.5,0,0,0,0,-0.00229183,0,0,0,0,0,0,0,0,0,1,70,58,0,0.00034,0.00034,3,5,0,0,0,0,0,0,0,0,0,0,1,0,0,0,0,0,0,0,0,0,0,,0,0,0,0,
11,7.66,0,35.05,39.5,0,0,0,6.25,0,0,0,0,6,0,0,0,0,-0.00229183,0,0,0,0,0,0,0,0,0,1,85,58,0,0.00034,0.00034,3,0,0,0,0,0,0,0,0,0,0,0,1,0,0,0,0,0,0,0,0,0,0,,0,0,0,0,
12,8.25,0,-25.35,28.5,0,0,0,-1.7,0,0,0,0,-12.5,0,0,0,0,-0.00229183,0,0,0,0,0,0,0,0,0,1,74,58,0,0.00034,0.00034,3,0,0,0,0,0,0,0,0,0,0,0,1,0,0,0,0,0,0,0,0,0,0,,0,0,0,0,
13,8.65,0,69.1,30,0,0,0,-11.45,0,0,0,0,22.5,0,0,0,0,-0.00229183,0,0,0,0,0,0,0,0,0,1,76,58,0,0.00034,0.00034,3,7,0,0,0,0,0,0,0,0,0,0,1,0,0,0,0,0,0,0,0,0,0,,0,0,0,0,
14,8.91,0,-32.8,26.5,0,0,0,-0.55,0,0,0,0,-10,0,0,0,0,-0.00229183,0,0,0,0,0,0,0,0,0,1,72,58,0,0.00034,0.00034,3,7,0,0,0,0,0,0,0,0,0,0,1,0,0,0,0,0,0,0,0,0,0,,0,0,0,0,
15,9.39,0,-29.2,23.5,0,0,0,-2.55,0,0,0,0,-14.5,0,0,0,0,-0.00229183,0,0,0,0,0,0,0,0,0,1,70,58,0,0.00034,0.00034,3,5,0,0,0,0,0,0,0,0,0,0,1,0,0,0,0,0,0,0,0,0,0,,0,0,0,0,
16,9.86,0,-28.3,21,0,0,0,0.05,0,0,0,0,-17.5,0,0,0,0,-0.00229183,0,0,0,0,0,0,0,0,0,1,67,58,0,0.00034,0.00034,3,5,0,0,0,0,0,0,0,0,0,0,1,0,0,0,0,0,0,0,0,0,0,,0,0,0,0,
17,12.16,0,-12.6,27,0,0,0,12.95,0,0,0,0,-16,0,0,0,0,-0.00229183,0,0,0,0,0,0,0,0,0,1,74,58,0,0.00034,0.00034,3,5,0,0,0,0,0,0,0,0,0,0,1,0,0,0,0,0,0,0,0,0,0,,0,0,0,0,
18,13,0,-23.15,21.5,0,0,0,-1.75,0,0,0,0,-17.5,0,0,0,0,-0.00229183,0,0,0,0,0,0,0,0,0,1,68,58,0,0.00034,0.00034,3,5,0,0,0,0,0,0,0,0,0,0,1,0,0,0,0,0,0,0,0,0,0,,0,0,0,0,
END,Total:19
START,FrameNb:148,CameraNb:0,HeSaiNb:0,ARS410Nb:0
2026/08/02 16:23:57:838---->
heightOffset:0,1785659037838,1327388,selfCaliBufCnt:0,selfAccObjCnt:0,selfAccAngle:0,installHAngleOffset:0,Interpolation:0,installVAngleOffset:0,radarOffsetH:0,radarOffsetV:0.32,Polynom:-0.001023;-0.0511;-2.047;0;0;0;-0.001023;-0.0511;-2.047;-25.5;0;0,WheelDirection:0;0;0;0,selfAngleOffset:0,selfAngleOffsetPit:0,currCaliAngleHrz:0,currCaliAnglePit:0,selfCaliAngleHrz:0,selfCaliAnglePit:0,servCaliAngleHrz:0,servCaliAnglePit:0,offlineCaliAngleHrz:0,offlineCaliAnglePit:0,determine2useFlag:0,IMU_Z_Accel:-21.592,IMU_X_AngularRate:-2.093,IMU_Y_AngularRate:-2.093,IMU_RollAngle:-180,IMU_PitchAngle:-180,IMU_YawAngle:-180,FcwID:0,FCWWarningLevel:0,FCWTTC:0
0,2.32,0,30.05,29,0,0,0,8.2,1.37605e-33,0,0,0,-8.5,0,0,0,0,-0.00229183,0,0,0,0,0,0,0,0,0,1,78,54,0,0.00034,0.00034,3,5,0,0,0,0,0,0,0,0,0,0,1,0,1,0,0,0,0,0,0,0,0,,0,0,0,0,
1,2.8,0,-34.05,43,0,0,0,1.75,0,0,0,0,6,0,0,0,0,-0.00229183,0,0,0,0,0,0,0,0,0,1,92,54,0,0.00034,0.00034,3,0,0,0,0,0,0,0,0,0,0,0,1,0,1,0,0,0,0,0,0,0,0,,0,0,0,0,
2,3.25,0,13.5,38.5,0,0,0,2.55,0,0,0,0,-7,0,0,0,0,-0.00229183,0,0,0,0,0,0,0,0,0,1,87,54,0,0.00034,0.00034,3,0,0,0,0,0,0,0,0,0,0,0,1,0,1,0,0,0,0,0,0,0,0,,0,0,0,0,
3,3.6,0,45.45,31.5,0,0,0,-9.05,0,0,0,0,5,0,0,0,0,-0.00229183,0,0,0,0,0,0,0,0,0,1,80,54,0,0.00034,0.00034,3,5,0,0,0,0,0,0,0,0,0,0,1,0,1,0,0,0,0,0,0,0,0,,0,0,0,0,
4,4.03,0,2.2,41.5,0,0,0,0.65,0,0,0,0,-6.5,0,0,0,0,-0.00229183,0,0,0,0,0,0,0,0,0,1,89,54,0,0.00034,0.00034,3,5,0,0,0,0,0,0,0,0,0,0,1,0,1,0,0,0,0,0,0,0,0,,0,0,0,0,
5,5.17,0,-35.1,34,0,0,0,-3.3,0,0,0,0,-6,0,0,0,0,-0.00229183,0,0,0,0,0,0,0,0,0,1,79,54,0,0.00034,0.00034,3,5,0,0,0,0,0,0,0,0,0,0,1,0,1,0,0,0,0,0,0,0,0,,0,0,0,0,
6,5.17,0,-40.6,34,0,0,0,0.3,0,0,0,0,-3,0,0,0,0,-0.00229183,0,0,0,0,0,0,0,0,0,1,79,54,0,0.00034,0.00034,3,5,0,0,0,0,0,0,0,0,0,0,1,0,1,0,0,0,0,0,0,0,0,,0,0,0,0,
7,5.61,0,-34.6,36,0,0,0,-3,0,0,0,0,-4,0,0,0,0,-0.00229183,0,0,0,0,0,0,0,0,0,1,80,54,0,0.00034,0.00034,3,5,0,0,0,0,0,0,0,0,0,0,1,0,1,0,0,0,0,0,0,0,0,,0,0,0,0,
8,5.61,0,-24.1,36,0,0,0,-5.55,0,0,0,0,-9,0,0,0,0,-0.00229183,0,0,0,0,0,0,0,0,0,1,80,54,0,0.00034,0.00034,3,5,0,0,0,0,0,0,0,0,0,0,1,0,1,0,0,0,0,0,0,0,0,,0,0,0,0,
9,5.83,0,-40.85,30.5,0,0,0,0.25,0,0,0,0,-6,0,0,0,0,-0.00229183,0,0,0,0,0,0,0,0,0,1,75,54,0,0.00034,0.00034,3,5,0,0,0,0,0,0,0,0,0,0,1,0,1,0,0,0,0,0,0,0,0,,0,0,0,0,
10,6.63,0,-53.85,24.5,0,0,0,-3.45,0,0,0,0,0.5,0,0,0,0,-0.00229183,0,0,0,0,0,0,0,0,0,1,70,54,0,0.00034,0.00034,3,5,0,0,0,0,0,0,0,0,0,0,1,0,1,0,0,0,0,0,0,0,0,,0,0,0,0,
11,7.03,0,-33.5,25,0,0,0,7.55,0,0,0,0,-13.5,0,0,0,0,-0.00229183,0,0,0,0,0,0,0,0,0,1,70,54,0,0.00034,0.00034,3,5,0,0,0,0,0,0,0,0,0,0,1,0,1,0,0,0,0,0,0,0,0,,0,0,0,0,
12,7.66,0,34.95,39.5,0,0,0,6,0,0,0,0,5,0,0,0,0,-0.00229183,0,0,0,0,0,0,0,0,0,1,85,54,0,0.00034,0.00034,3,0,0,0,0,0,0,0,0,0,0,0,1,0,1,0,0,0,0,0,0,0,0,,0,0,0,0,
13,8.25,0,-25.15,28.5,0,0,0,-2.05,0,0,0,0,-12.5,0,0,0,0,-0.00229183,0,0,0,0,0,0,0,0,0,1,74,54,0,0.00034,0.00034,3,0,0,0,0,0,0,0,0,0,0,0,1,0,1,0,0,0,0,0,0,0,0,,0,0,0,0,
14,8.48,0,69.15,30,0,0,0,-11.55,0,0,0,0,22.5,0,0,0,0,-0.00229183,0,0,0,0,0,0,0,0,0,1,76,54,0,0.00034,0.00034,3,7,0,0,0,0,0,0,0,0,0,0,1,0,1,0,0,0,0,0,0,0,0,,0,0,0,0,
15,8.9,0,-32.8,26.5,0,0,0,-0.8,0,0,0,0,-10,0,0,0,0,-0.00229183,0,0,0,0,0,0,0,0,0,1,73,54,0,0.00034,0.00034,3,5,0,0,0,0,0,0,0,0,0,0,1,0,1,0,0,0,0,0,0,0,0,,0,0,0,0,
16,9.39,0,-29.3,23.5,0,0,0,-2.6,0,0,0,0,-14.5,0,0,0,0,-0.00229183,0,0,0,0,0,0,0,0,0,1,70,54,0,0.00034,0.00034,3,5,0,0,0,0,0,0,0,0,0,0,1,0,1,0,0,0,0,0,0,0,0,,0,0,0,0,
17,9.85,0,-28.2,21,0,0,0,-1.25,0,0,0,0,-17.5,0,0,0,0,-0.00229183,0,0,0,0,0,0,0,0,0,1,67,54,0,0.00034,0.00034,3,5,0,0,0,0,0,0,0,0,0,0,1,0,1,0,0,0,0,0,0,0,0,,0,0,0,0,
18,12.16,0,-12.55,26.5,0,0,0,12.8,0,0,0,0,-16,0,0,0,0,-0.00229183,0,0,0,0,0,0,0,0,0,1,74,54,0,0.00034,0.00034,3,5,0,0,0,0,0,0,0,0,0,0,1,0,1,0,0,0,0,0,0,0,0,,0,0,0,0,
19,13,0,-23.1,21.5,0,0,0,-1.8,0,0,0,0,-17.5,0,0,0,0,-0.00229183,0,0,0,0,0,0,0,0,0,1,68,54,0,0.00034,0.00034,3,5,0,0,0,0,0,0,0,0,0,0,1,0,1,0,0,0,0,0,0,0,0,,0,0,0,0,
END,Total:20
START,FrameNb:149,CameraNb:0,HeSaiNb:0,ARS410Nb:0
2026/08/02 16:23:57:891---->
heightOffset:0,1785659037891,1327440,selfCaliBufCnt:0,selfAccObjCnt:0,selfAccAngle:0,installHAngleOffset:0,Interpolation:0,installVAngleOffset:0,radarOffsetH:0,radarOffsetV:0.32,Polynom:-0.001023;-0.0511;-2.047;0;0;0;-0.001023;-0.0511;-2.047;-25.5;0;0,WheelDirection:0;0;0;0,selfAngleOffset:0,selfAngleOffsetPit:0,currCaliAngleHrz:0,currCaliAnglePit:0,selfCaliAngleHrz:0,selfCaliAnglePit:0,servCaliAngleHrz:0,servCaliAnglePit:0,offlineCaliAngleHrz:0,offlineCaliAnglePit:0,determine2useFlag:0,IMU_Z_Accel:-21.592,IMU_X_AngularRate:-2.093,IMU_Y_AngularRate:-2.093,IMU_RollAngle:-180,IMU_PitchAngle:-180,IMU_YawAngle:-180,FcwID:0,FCWWarningLevel:0,FCWTTC:0
0,2.32,0,30.1,29,0,0,0,7.65,1.37605e-33,0,0,0,-8.5,0,0,0,0,-0.00229183,0,0,0,0,0,0,0,0,0,1,78,58,0,0.00034,0.00034,3,5,0,0,0,0,0,0,0,0,0,0,1,0,0,0,0,0,0,0,0,0,0,,0,0,0,0,
1,2.8,0,-34.05,43,0,0,0,1.75,0,0,0,0,6,0,0,0,0,-0.00229183,0,0,0,0,0,0,0,0,0,1,92,58,0,0.00034,0.00034,3,0,0,0,0,0,0,0,0,0,0,0,1,0,0,0,0,0,0,0,0,0,0,,0,0,0,0,
2,3.25,0,13.55,38.5,0,0,0,2.55,0,0,0,0,-7,0,0,0,0,-0.00229183,0,0,0,0,0,0,0,0,0,1,87,58,0,0.00034,0.00034,3,0,0,0,0,0,0,0,0,0,0,0,1,0,0,0,0,0,0,0,0,0,0,,0,0,0,0,
3,3.58,0,45.85,31.5,0,0,0,-10.25,0,0,0,0,5,0,0,0,0,-0.00229183,0,0,0,0,0,0,0,0,0,1,80,58,0,0.00034,0.00034,3,5,0,0,0,0,0,0,0,0,0,0,1,0,0,0,0,0,0,0,0,0,0,,0,0,0,0,
4,4.03,0,2.2,41.5,0,0,0,0.65,0,0,0,0,-6,0,0,0,0,-0.00229183,0,0,0,0,0,0,0,0,0,1,89,58,0,0.00034,0.00034,3,5,0,0,0,0,0,0,0,0,0,0,1,0,0,0,0,0,0,0,0,0,0,,0,0,0,0,
5,5.16,0,-35.05,33.5,0,0,0,-3.35,0,0,0,0,-6,0,0,0,0,-0.00229183,0,0,0,0,0,0,0,0,0,1,79,58,0,0.00034,0.00034,3,5,0,0,0,0,0,0,0,0,0,0,1,0,0,0,0,0,0,0,0,0,0,,0,0,0,0,
6,5.16,0,-40.6,33.5,0,0,0,0.4,0,0,0,0,-3,0,0,0,0,-0.00229183,0,0,0,0,0,0,0,0,0,1,79,58,0,0.00034,0.00034,3,5,0,0,0,0,0,0,0,0,0,0,1,0,0,0,0,0,0,0,0,0,0,,0,0,0,0,
7,5.61,0,-34.7,35.5,0,0,0,-3.1,0,0,0,0,-4,0,0,0,0,-0.00229183,0,0,0,0,0,0,0,0,0,1,80,58,0,0.00034,0.00034,3,5,0,0,0,0,0,0,0,0,0,0,1,0,0,0,0,0,0,0,0,0,0,,0,0,0,0,
8,5.61,0,-24.2,35.5,0,0,0,-5.55,0,0,0,0,-9,0,0,0,0,-0.00229183,0,0,0,0,0,0,0,0,0,1,80,58,0,0.00034,0.00034,3,5,0,0,0,0,0,0,0,0,0,0,1,0,0,0,0,0,0,0,0,0,0,,0,0,0,0,
9,5.83,0,-40.8,30.5,0,0,0,0,0,0,0,0,-6,0,0,0,0,-0.00229183,0,0,0,0,0,0,0,0,0,1,75,58,0,0.00034,0.00034,3,5,0,0,0,0,0,0,0,0,0,0,1,0,0,0,0,0,0,0,0,0,0,,0,0,0,0,
10,6.62,0,-53.6,24.5,0,0,0,-3.05,0,0,0,0,0.5,0,0,0,0,-0.00229183,0,0,0,0,0,0,0,0,0,1,70,58,0,0.00034,0.00034,3,5,0,0,0,0,0,0,0,0,0,0,1,0,0,0,0,0,0,0,0,0,0,,0,0,0,0,
11,7.03,0,25.4,24.5,0,0,0,0.45,0,0,0,0,-16,0,0,0,0,-0.00229183,0,0,0,0,0,0,0,0,0,1,70,58,0,0.00034,0.00034,3,5,0,0,0,0,0,0,0,0,0,0,1,0,0,0,0,0,0,0,0,0,0,,0,0,0,0,
12,7.66,0,34.95,39,0,0,0,6.2,0,0,0,0,5,0,0,0,0,-0.00229183,0,0,0,0,0,0,0,0,0,1,85,58,0,0.00034,0.00034,3,5,0,0,0,0,0,0,0,0,0,0,1,0,0,0,0,0,0,0,0,0,0,,0,0,0,0,
13,8.25,0,-25.2,28.5,0,0,0,-2.1,0,0,0,0,-12.5,0,0,0,0,-0.00229183,0,0,0,0,0,0,0,0,0,1,75,58,0,0.00034,0.00034,3,0,0,0,0,0,0,0,0,0,0,0,1,0,0,0,0,0,0,0,0,0,0,,0,0,0,0,
14,8.65,0,69.2,30,0,0,0,-11.6,0,0,0,0,22.5,0,0,0,0,-0.00229183,0,0,0,0,0,0,0,0,0,1,76,58,0,0.00034,0.00034,3,7,0,0,0,0,0,0,0,0,0,0,1,0,0,0,0,0,0,0,0,0,0,,0,0,0,0,
15,8.9,0,-32.65,26,0,0,0,-0.75,0,0,0,0,-10,0,0,0,0,-0.00229183,0,0,0,0,0,0,0,0,0,1,72,58,0,0.00034,0.00034,3,5,0,0,0,0,0,0,0,0,0,0,1,0,0,0,0,0,0,0,0,0,0,,0,0,0,0,
16,9.39,0,-29.2,23.5,0,0,0,-2.6,0,0,0,0,-14.5,0,0,0,0,-0.00229183,0,0,0,0,0,0,0,0,0,1,70,58,0,0.00034,0.00034,3,5,0,0,0,0,0,0,0,0,0,0,1,0,0,0,0,0,0,0,0,0,0,,0,0,0,0,
17,9.84,0,-28.3,21,0,0,0,0.15,0,0,0,0,-17.5,0,0,0,0,-0.00229183,0,0,0,0,0,0,0,0,0,1,67,58,0,0.00034,0.00034,3,5,0,0,0,0,0,0,0,0,0,0,1,0,0,0,0,0,0,0,0,0,0,,0,0,0,0,
18,12.16,0,-12.55,27,0,0,0,13.05,0,0,0,0,-16,0,0,0,0,-0.00229183,0,0,0,0,0,0,0,0,0,1,74,58,0,0.00034,0.00034,3,5,0,0,0,0,0,0,0,0,0,0,1,0,0,0,0,0,0,0,0,0,0,,0,0,0,0,
19,13,0,-23.05,21.5,0,0,0,-1.8,0,0,0,0,-17.5,0,0,0,0,-0.00229183,0,0,0,0,0,0,0,0,0,1,68,58,0,0.00034,0.00034,3,5,0,0,0,0,0,0,0,0,0,0,1,0,0,0,0,0,0,0,0,0,0,,0,0,0,0,
END,Total:20
START,FrameNb:150,CameraNb:0,HeSaiNb:0,ARS410Nb:0
2026/08/02 16:23:57:933---->
heightOffset:0,1785659037933,1327500,selfCaliBufCnt:0,selfAccObjCnt:0,selfAccAngle:0,installHAngleOffset:0,Interpolation:0,installVAngleOffset:0,radarOffsetH:0,radarOffsetV:0.32,Polynom:-0.001023;-0.0511;-2.047;0;0;0;-0.001023;-0.0511;-2.047;-25.5;0;0,WheelDirection:0;0;0;0,selfAngleOffset:0,selfAngleOffsetPit:0,currCaliAngleHrz:0,currCaliAnglePit:0,selfCaliAngleHrz:0,selfCaliAnglePit:0,servCaliAngleHrz:0,servCaliAnglePit:0,offlineCaliAngleHrz:0,offlineCaliAnglePit:0,determine2useFlag:0,IMU_Z_Accel:-21.592,IMU_X_AngularRate:-2.093,IMU_Y_AngularRate:-2.093,IMU_RollAngle:-180,IMU_PitchAngle:-180,IMU_YawAngle:-180,FcwID:0,FCWWarningLevel:0,FCWTTC:0
0,2.32,0,30.1,29,0,0,0,8.2,1.37605e-33,0,0,0,-9,0,0,0,0,-0.00229183,0,0,0,0,0,0,0,0,0,1,78,53,0,0.00034,0.00034,3,5,0,0,0,0,0,0,0,0,0,0,1,0,1,0,0,0,0,0,0,0,0,,0,0,0,0,
1,2.8,0,-34.05,43,0,0,0,1.75,0,0,0,0,6,0,0,0,0,-0.00229183,0,0,0,0,0,0,0,0,0,1,92,53,0,0.00034,0.00034,3,0,0,0,0,0,0,0,0,0,0,0,1,0,1,0,0,0,0,0,0,0,0,,0,0,0,0,
2,3.25,0,13.55,38.5,0,0,0,2.55,0,0,0,0,-7,0,0,0,0,-0.00229183,0,0,0,0,0,0,0,0,0,1,87,53,0,0.00034,0.00034,3,0,0,0,0,0,0,0,0,0,0,0,1,0,1,0,0,0,0,0,0,0,0,,0,0,0,0,
3,3.6,0,45.55,31.5,0,0,0,-9.2,0,0,0,0,5,0,0,0,0,-0.00229183,0,0,0,0,0,0,0,0,0,1,80,53,0,0.00034,0.00034,3,5,0,0,0,0,0,0,0,0,0,0,1,0,1,0,0,0,0,0,0,0,0,,0,0,0,0,
4,4.03,0,2.2,41.5,0,0,0,0.65,0,0,0,0,-6.5,0,0,0,0,-0.00229183,0,0,0,0,0,0,0,0,0,1,89,53,0,0.00034,0.00034,3,5,0,0,0,0,0,0,0,0,0,0,1,0,1,0,0,0,0,0,0,0,0,,0,0,0,0,
5,5.17,0,-35.05,34,0,0,0,-3.35,0,0,0,0,-6,0,0,0,0,-0.00229183,0,0,0,0,0,0,0,0,0,1,79,53,0,0.00034,0.00034,3,5,0,0,0,0,0,0,0,0,0,0,1,0,1,0,0,0,0,0,0,0,0,,0,0,0,0,
6,5.17,0,-40.55,34,0,0,0,0.2,0,0,0,0,-3,0,0,0,0,-0.00229183,0,0,0,0,0,0,0,0,0,1,79,53,0,0.00034,0.00034,3,5,0,0,0,0,0,0,0,0,0,0,1,0,1,0,0,0,0,0,0,0,0,,0,0,0,0,
7,5.61,0,-34.6,36,0,0,0,-3,0,0,0,0,-4,0,0,0,0,-0.00229183,0,0,0,0,0,0,0,0,0,1,80,53,0,0.00034,0.00034,3,5,0,0,0,0,0,0,0,0,0,0,1,0,1,0,0,0,0,0,0,0,0,,0,0,0,0,
8,5.61,0,-24.1,36,0,0,0,-5.6,0,0,0,0,-9,0,0,0,0,-0.00229183,0,0,0,0,0,0,0,0,0,1,80,53,0,0.00034,0.00034,3,5,0,0,0,0,0,0,0,0,0,0,1,0,1,0,0,0,0,0,0,0,0,,0,0,0,0,
9,5.83,0,-40.85,30.5,0,0,0,0.15,0,0,0,0,-5.5,0,0,0,0,-0.00229183,0,0,0,0,0,0,0,0,0,1,75,53,0,0.00034,0.00034,3,5,0,0,0,0,0,0,0,0,0,0,1,0,1,0,0,0,0,0,0,0,0,,0,0,0,0,
10,6.64,0,-54.05,24.5,0,0,0,-2.85,0,0,0,0,0.5,0,0,0,0,-0.00229183,0,0,0,0,0,0,0,0,0,1,70,53,0,0.00034,0.00034,3,5,0,0,0,0,0,0,0,0,0,0,1,0,1,0,0,0,0,0,0,0,0,,0,0,0,0,
11,7.02,0,-10.4,24.5,0,0,0,2.3,0,0,0,0,-23,0,0,0,0,-0.00229183,0,0,0,0,0,0,0,0,0,1,70,53,0,0.00034,0.00034,3,5,0,0,0,0,0,0,0,0,0,0,1,0,1,0,0,0,0,0,0,0,0,,0,0,0,0,
12,7.66,0,34.95,39.5,0,0,0,6.25,0,0,0,0,5,0,0,0,0,-0.00229183,0,0,0,0,0,0,0,0,0,1,85,53,0,0.00034,0.00034,3,0,0,0,0,0,0,0,0,0,0,0,1,0,1,0,0,0,0,0,0,0,0,,0,0,0,0,
13,8.25,0,-25.2,28,0,0,0,-2.1,0,0,0,0,-12.5,0,0,0,0,-0.00229183,0,0,0,0,0,0,0,0,0,1,74,53,0,0.00034,0.00034,3,0,0,0,0,0,0,0,0,0,0,0,1,0,1,0,0,0,0,0,0,0,0,,0,0,0,0,
14,8.48,0,69.2,30,0,0,0,-11.55,0,0,0,0,22.5,0,0,0,0,-0.00229183,0,0,0,0,0,0,0,0,0,1,76,53,0,0.00034,0.00034,3,7,0,0,0,0,0,0,0,0,0,0,1,0,1,0,0,0,0,0,0,0,0,,0,0,0,0,
15,8.9,0,-32.8,26,0,0,0,-0.75,0,0,0,0,-10,0,0,0,0,-0.00229183,0,0,0,0,0,0,0,0,0,1,73,53,0,0.00034,0.00034,3,5,0,0,0,0,0,0,0,0,0,0,1,0,1,0,0,0,0,0,0,0,0,,0,0,0,0,
16,9.39,0,-29.35,23,0,0,0,-2.55,0,0,0,0,-14.5,0,0,0,0,-0.00229183,0,0,0,0,0,0,0,0,0,1,70,53,0,0.00034,0.00034,3,5,0,0,0,0,0,0,0,0,0,0,1,0,1,0,0,0,0,0,0,0,0,,0,0,0,0,
17,9.85,0,-28.35,21,0,0,0,-0.45,0,0,0,0,-17.5,0,0,0,0,-0.00229183,0,0,0,0,0,0,0,0,0,1,67,53,0,0.00034,0.00034,3,5,0,0,0,0,0,0,0,0,0,0,1,0,1,0,0,0,0,0,0,0,0,,0,0,0,0,
18,12.16,0,-12.55,27,0,0,0,12.75,0,0,0,0,-16,0,0,0,0,-0.00229183,0,0,0,0,0,0,0,0,0,1,74,53,0,0.00034,0.00034,3,5,0,0,0,0,0,0,0,0,0,0,1,0,1,0,0,0,0,0,0,0,0,,0,0,0,0,
19,13,0,-22.85,21.5,0,0,0,-1.8,0,0,0,0,-17.5,0,0,0,0,-0.00229183,0,0,0,0,0,0,0,0,0,1,68,53,0,0.00034,0.00034,3,5,0,0,0,0,0,0,0,0,0,0,1,0,1,0,0,0,0,0,0,0,0,,0,0,0,0,
END,Total:20
START,FrameNb:151,CameraNb:0,HeSaiNb:0,ARS410Nb:0
2026/08/02 16:23:57:998---->
heightOffset:0,1785659037998,1327556,selfCaliBufCnt:0,selfAccObjCnt:0,selfAccAngle:0,installHAngleOffset:0,Interpolation:0,installVAngleOffset:0,radarOffsetH:0,radarOffsetV:0.32,Polynom:-0.001023;-0.0511;-2.047;0;0;0;-0.001023;-0.0511;-2.047;-25.5;0;0,WheelDirection:0;0;0;0,selfAngleOffset:0,selfAngleOffsetPit:0,currCaliAngleHrz:0,currCaliAnglePit:0,selfCaliAngleHrz:0,selfCaliAnglePit:0,servCaliAngleHrz:0,servCaliAnglePit:0,offlineCaliAngleHrz:0,offlineCaliAnglePit:0,determine2useFlag:0,IMU_Z_Accel:-21.592,IMU_X_AngularRate:-2.093,IMU_Y_AngularRate:-2.093,IMU_RollAngle:-180,IMU_PitchAngle:-180,IMU_YawAngle:-180,FcwID:0,FCWWarningLevel:0,FCWTTC:0
0,2.32,0,30.1,29,0,0,0,7.7,1.37605e-33,0,0,0,-8.5,0,0,0,0,-0.00229183,0,0,0,0,0,0,0,0,0,1,78,62,0,0.00034,0.00034,3,5,0,0,0,0,0,0,0,0,0,0,1,0,0,0,0,0,0,0,0,0,0,,0,0,0,0,
1,2.8,0,-34.05,43.5,0,0,0,1.75,0,0,0,0,6,0,0,0,0,-0.00229183,0,0,0,0,0,0,0,0,0,1,92,62,0,0.00034,0.00034,3,0,0,0,0,0,0,0,0,0,0,0,1,0,0,0,0,0,0,0,0,0,0,,0,0,0,0,
2,3.25,0,13.55,38.5,0,0,0,2.55,0,0,0,0,-7,0,0,0,0,-0.00229183,0,0,0,0,0,0,0,0,0,1,87,62,0,0.00034,0.00034,3,0,0,0,0,0,0,0,0,0,0,0,1,0,0,0,0,0,0,0,0,0,0,,0,0,0,0,
3,3.6,0,45.85,32,0,0,0,-10.1,0,0,0,0,5,0,0,0,0,-0.00229183,0,0,0,0,0,0,0,0,0,1,80,62,0,0.00034,0.00034,3,5,0,0,0,0,0,0,0,0,0,0,1,0,0,0,0,0,0,0,0,0,0,,0,0,0,0,
4,4.03,0,2.2,41.5,0,0,0,0.55,0,0,0,0,-6,0,0,0,0,-0.00229183,0,0,0,0,0,0,0,0,0,1,89,62,0,0.00034,0.00034,3,5,0,0,0,0,0,0,0,0,0,0,1,0,0,0,0,0,0,0,0,0,0,,0,0,0,0,
5,5.16,0,-35.05,34,0,0,0,-3.3,0,0,0,0,-6,0,0,0,0,-0.00229183,0,0,0,0,0,0,0,0,0,1,79,62,0,0.00034,0.00034,3,5,0,0,0,0,0,0,0,0,0,0,1,0,0,0,0,0,0,0,0,0,0,,0,0,0,0,
6,5.16,0,-40.6,34,0,0,0,0.25,0,0,0,0,-3,0,0,0,0,-0.00229183,0,0,0,0,0,0,0,0,0,1,79,62,0,0.00034,0.00034,3,5,0,0,0,0,0,0,0,0,0,0,1,0,0,0,0,0,0,0,0,0,0,,0,0,0,0,
7,5.61,0,-34.65,36,0,0,0,-3.05,0,0,0,0,-4,0,0,0,0,-0.00229183,0,0,0,0,0,0,0,0,0,1,80,62,0,0.00034,0.00034,3,5,0,0,0,0,0,0,0,0,0,0,1,0,0,0,0,0,0,0,0,0,0,,0,0,0,0,
8,5.61,0,-24.15,36,0,0,0,-5.6,0,0,0,0,-9,0,0,0,0,-0.00229183,0,0,0,0,0,0,0,0,0,1,80,62,0,0.00034,0.00034,3,5,0,0,0,0,0,0,0,0,0,0,1,0,0,0,0,0,0,0,0,0,0,,0,0,0,0,
9,5.83,0,-40.65,30.5,0,0,0,0,0,0,0,0,-5.5,0,0,0,0,-0.00229183,0,0,0,0,0,0,0,0,0,1,75,62,0,0.00034,0.00034,3,5,0,0,0,0,0,0,0,0,0,0,1,0,0,0,0,0,0,0,0,0,0,,0,0,0,0,
10,6.63,0,-54.1,24.5,0,0,0,-3.95,0,0,0,0,0.5,0,0,0,0,-0.00229183,0,0,0,0,0,0,0,0,0,1,70,62,0,0.00034,0.00034,3,5,0,0,0,0,0,0,0,0,0,0,1,0,0,0,0,0,0,0,0,0,0,,0,0,0,0,
11,7.03,0,-33.35,24.5,0,0,0,7.65,0,0,0,0,-14,0,0,0,0,-0.00229183,0,0,0,0,0,0,0,0,0,1,70,62,0,0.00034,0.00034,3,5,0,0,0,0,0,0,0,0,0,0,1,0,0,0,0,0,0,0,0,0,0,,0,0,0,0,
12,7.66,0,35,39.5,0,0,0,6.25,0,0,0,0,5.5,0,0,0,0,-0.00229183,0,0,0,0,0,0,0,0,0,1,85,62,0,0.00034,0.00034,3,5,0,0,0,0,0,0,0,0,0,0,1,0,0,0,0,0,0,0,0,0,0,,0,0,0,0,
13,8.25,0,-25.3,28.5,0,0,0,-1.55,0,0,0,0,-12.5,0,0,0,0,-0.00229183,0,0,0,0,0,0,0,0,0,1,75,62,0,0.00034,0.00034,3,0,0,0,0,0,0,0,0,0,0,0,1,0,0,0,0,0,0,0,0,0,0,,0,0,0,0,
14,8.64,0,69.2,30,0,0,0,-11.55,0,0,0,0,22.5,0,0,0,0,-0.00229183,0,0,0,0,0,0,0,0,0,1,76,62,0,0.00034,0.00034,3,7,0,0,0,0,0,0,0,0,0,0,1,0,0,0,0,0,0,0,0,0,0,,0,0,0,0,
15,8.9,0,-32.8,26.5,0,0,0,-0.7,0,0,0,0,-10,0,0,0,0,-0.00229183,0,0,0,0,0,0,0,0,0,1,73,62,0,0.00034,0.00034,3,5,0,0,0,0,0,0,0,0,0,0,1,0,0,0,0,0,0,0,0,0,0,,0,0,0,0,
16,9.39,0,-29.3,23.5,0,0,0,-2.45,0,0,0,0,-14.5,0,0,0,0,-0.00229183,0,0,0,0,0,0,0,0,0,1,70,62,0,0.00034,0.00034,3,5,0,0,0,0,0,0,0,0,0,0,1,0,0,0,0,0,0,0,0,0,0,,0,0,0,0,
17,9.85,0,-28.4,21,0,0,0,-0.7,0,0,0,0,-17.5,0,0,0,0,-0.00229183,0,0,0,0,0,0,0,0,0,1,67,62,0,0.00034,0.00034,3,5,0,0,0,0,0,0,0,0,0,0,1,0,0,0,0,0,0,0,0,0,0,,0,0,0,0,
18,12.16,0,-12.55,27,0,0,0,12.9,0,0,0,0,-16.5,0,0,0,0,-0.00229183,0,0,0,0,0,0,0,0,0,1,73,62,0,0.00034,0.00034,3,5,0,0,0,0,0,0,0,0,0,0,1,0,0,0,0,0,0,0,0,0,0,,0,0,0,0,
19,13,0,-23.2,21.5,0,0,0,-1.85,0,0,0,0,-17.5,0,0,0,0,-0.00229183,0,0,0,0,0,0,0,0,0,1,68,62,0,0.00034,0.00034,3,5,0,0,0,0,0,0,0,0,0,0,1,0,0,0,0,0,0,0,0,0,0,,0,0,0,0,
END,Total:20
START,FrameNb:152,CameraNb:0,HeSaiNb:0,ARS410Nb:0
2026/08/02 16:23:58:025---->
heightOffset:0,1785659038025,1327620,selfCaliBufCnt:0,selfAccObjCnt:0,selfAccAngle:0,installHAngleOffset:0,Interpolation:0,installVAngleOffset:0,radarOffsetH:0,radarOffsetV:0.32,Polynom:-0.001023;-0.0511;-2.047;0;0;0;-0.001023;-0.0511;-2.047;-25.5;0;0,WheelDirection:0;0;0;0,selfAngleOffset:0,selfAngleOffsetPit:0,currCaliAngleHrz:0,currCaliAnglePit:0,selfCaliAngleHrz:0,selfCaliAnglePit:0,servCaliAngleHrz:0,servCaliAnglePit:0,offlineCaliAngleHrz:0,offlineCaliAnglePit:0,determine2useFlag:0,IMU_Z_Accel:-21.592,IMU_X_AngularRate:-2.093,IMU_Y_AngularRate:-2.093,IMU_RollAngle:-180,IMU_PitchAngle:-180,IMU_YawAngle:-180,FcwID:0,FCWWarningLevel:0,FCWTTC:0
0,2.32,0,30.1,29,0,0,0,8.2,1.37605e-33,0,0,0,-9,0,0,0,0,-0.00229183,0,0,0,0,0,0,0,0,0,1,78,60,0,0.00034,0.00034,3,5,0,0,0,0,0,0,0,0,0,0,1,0,1,0,0,0,0,0,0,0,0,,0,0,0,0,
1,2.8,0,-34.05,43,0,0,0,1.75,0,0,0,0,6,0,0,0,0,-0.00229183,0,0,0,0,0,0,0,0,0,1,92,60,0,0.00034,0.00034,3,0,0,0,0,0,0,0,0,0,0,0,1,0,1,0,0,0,0,0,0,0,0,,0,0,0,0,
2,3.24,0,13.5,38.5,0,0,0,2.55,0,0,0,0,-7,0,0,0,0,-0.00229183,0,0,0,0,0,0,0,0,0,1,87,60,0,0.00034,0.00034,3,0,0,0,0,0,0,0,0,0,0,0,1,0,1,0,0,0,0,0,0,0,0,,0,0,0,0,
3,3.6,0,45.8,31.5,0,0,0,-9.8,0,0,0,0,5,0,0,0,0,-0.00229183,0,0,0,0,0,0,0,0,0,1,80,60,0,0.00034,0.00034,3,5,0,0,0,0,0,0,0,0,0,0,1,0,1,0,0,0,0,0,0,0,0,,0,0,0,0,
4,4.03,0,2.2,41.5,0,0,0,0.65,0,0,0,0,-6.5,0,0,0,0,-0.00229183,0,0,0,0,0,0,0,0,0,1,89,60,0,0.00034,0.00034,3,5,0,0,0,0,0,0,0,0,0,0,1,0,1,0,0,0,0,0,0,0,0,,0,0,0,0,
5,5.17,0,-35.1,33.5,0,0,0,-3.3,0,0,0,0,-6,0,0,0,0,-0.00229183,0,0,0,0,0,0,0,0,0,1,79,60,0,0.00034,0.00034,3,5,0,0,0,0,0,0,0,0,0,0,1,0,1,0,0,0,0,0,0,0,0,,0,0,0,0,
6,5.17,0,-40.6,33.5,0,0,0,0.15,0,0,0,0,-3,0,0,0,0,-0.00229183,0,0,0,0,0,0,0,0,0,1,79,60,0,0.00034,0.00034,3,5,0,0,0,0,0,0,0,0,0,0,1,0,1,0,0,0,0,0,0,0,0,,0,0,0,0,
7,5.61,0,-34.6,35.5,0,0,0,-3.05,0,0,0,0,-4,0,0,0,0,-0.00229183,0,0,0,0,0,0,0,0,0,1,80,60,0,0.00034,0.00034,3,5,0,0,0,0,0,0,0,0,0,0,1,0,1,0,0,0,0,0,0,0,0,,0,0,0,0,
8,5.61,0,-24.1,35.5,0,0,0,-5.6,0,0,0,0,-9,0,0,0,0,-0.00229183,0,0,0,0,0,0,0,0,0,1,80,60,0,0.00034,0.00034,3,5,0,0,0,0,0,0,0,0,0,0,1,0,1,0,0,0,0,0,0,0,0,,0,0,0,0,
9,5.83,0,-40.85,30.5,0,0,0,0.25,0,0,0,0,-5.5,0,0,0,0,-0.00229183,0,0,0,0,0,0,0,0,0,1,76,60,0,0.00034,0.00034,3,5,0,0,0,0,0,0,0,0,0,0,1,0,1,0,0,0,0,0,0,0,0,,0,0,0,0,
10,6.63,0,4.55,24,0,0,0,-13.2,0,0,0,0,-23.5,0,0,0,0,-0.00229183,0,0,0,0,0,0,0,0,0,1,70,60,0,0.00034,0.00034,2,-1,0,0,0,0,0,0,0,0,0,0,1,0,1,0,0,0,0,0,0,0,0,,0,0,0,0,
11,7.03,0,-33.45,24.5,0,0,0,7.9,0,0,0,0,-14,0,0,0,0,-0.00229183,0,0,0,0,0,0,0,0,0,1,70,60,0,0.00034,0.00034,3,5,0,0,0,0,0,0,0,0,0,0,1,0,1,0,0,0,0,0,0,0,0,,0,0,0,0,
12,7.64,0,35,39,0,0,0,6.05,0,0,0,0,5.5,0,0,0,0,-0.00229183,0,0,0,0,0,0,0,0,0,1,85,60,0,0.00034,0.00034,3,5,0,0,0,0,0,0,0,0,0,0,1,0,1,0,0,0,0,0,0,0,0,,0,0,0,0,
13,8.25,0,-25.2,28.5,0,0,0,-1.85,0,0,0,0,-12.5,0,0,0,0,-0.00229183,0,0,0,0,0,0,0,0,0,1,75,60,0,0.00034,0.00034,3,0,0,0,0,0,0,0,0,0,0,0,1,0,1,0,0,0,0,0,0,0,0,,0,0,0,0,
14,8.48,0,69.15,30,0,0,0,-11.55,0,0,0,0,22.5,0,0,0,0,-0.00229183,0,0,0,0,0,0,0,0,0,1,76,60,0,0.00034,0.00034,3,7,0,0,0,0,0,0,0,0,0,0,1,0,1,0,0,0,0,0,0,0,0,,0,0,0,0,
15,8.9,0,-32.7,26.5,0,0,0,-0.95,0,0,0,0,-10,0,0,0,0,-0.00229183,0,0,0,0,0,0,0,0,0,1,72,60,0,0.00034,0.00034,3,5,0,0,0,0,0,0,0,0,0,0,1,0,1,0,0,0,0,0,0,0,0,,0,0,0,0,
16,9.38,0,-29.35,23.5,0,0,0,-2.6,0,0,0,0,-14.5,0,0,0,0,-0.00229183,0,0,0,0,0,0,0,0,0,1,70,60,0,0.00034,0.00034,3,5,0,0,0,0,0,0,0,0,0,0,1,0,1,0,0,0,0,0,0,0,0,,0,0,0,0,
17,9.85,0,-28.35,21,0,0,0,-0.75,0,0,0,0,-17.5,0,0,0,0,-0.00229183,0,0,0,0,0,0,0,0,0,1,67,60,0,0.00034,0.00034,3,5,0,0,0,0,0,0,0,0,0,0,1,0,1,0,0,0,0,0,0,0,0,,0,0,0,0,
18,12.16,0,-12.5,26.5,0,0,0,12.8,0,0,0,0,-16,0,0,0,0,-0.00229183,0,0,0,0,0,0,0,0,0,1,74,60,0,0.00034,0.00034,3,5,0,0,0,0,0,0,0,0,0,0,1,0,1,0,0,0,0,0,0,0,0,,0,0,0,0,
19,13.01,0,-23.2,21.5,0,0,0,-1.7,0,0,0,0,-17.5,0,0,0,0,-0.00229183,0,0,0,0,0,0,0,0,0,1,68,60,0,0.00034,0.00034,3,5,0,0,0,0,0,0,0,0,0,0,1,0,1,0,0,0,0,0,0,0,0,,0,0,0,0,
END,Total:20
START,FrameNb:153,CameraNb:0,HeSaiNb:0,ARS410Nb:0
2026/08/02 16:23:58:086---->
heightOffset:0,1785659038086,1327676,selfCaliBufCnt:0,selfAccObjCnt:0,selfAccAngle:0,installHAngleOffset:0,Interpolation:0,installVAngleOffset:0,radarOffsetH:0,radarOffsetV:0.32,Polynom:-0.001023;-0.0511;-2.047;0;0;0;-0.001023;-0.0511;-2.047;-25.5;0;0,WheelDirection:0;0;0;0,selfAngleOffset:0,selfAngleOffsetPit:0,currCaliAngleHrz:0,currCaliAnglePit:0,selfCaliAngleHrz:0,selfCaliAnglePit:0,servCaliAngleHrz:0,servCaliAnglePit:0,offlineCaliAngleHrz:0,offlineCaliAnglePit:0,determine2useFlag:0,IMU_Z_Accel:-21.592,IMU_X_AngularRate:-2.093,IMU_Y_AngularRate:-2.093,IMU_RollAngle:-180,IMU_PitchAngle:-180,IMU_YawAngle:-180,FcwID:0,FCWWarningLevel:0,FCWTTC:0
0,2.32,0,30.1,29,0,0,0,7.7,1.37605e-33,0,0,0,-8.5,0,0,0,0,-0.00229183,0,0,0,0,0,0,0,0,0,1,78,58,0,0.00034,0.00034,3,5,0,0,0,0,0,0,0,0,0,0,1,0,0,0,0,0,0,0,0,0,0,,0,0,0,0,
1,2.8,0,-34.05,43.5,0,0,0,1.75,0,0,0,0,6,0,0,0,0,-0.00229183,0,0,0,0,0,0,0,0,0,1,92,58,0,0.00034,0.00034,3,0,0,0,0,0,0,0,0,0,0,0,1,0,0,0,0,0,0,0,0,0,0,,0,0,0,0,
2,3.25,0,13.55,39,0,0,0,2.55,0,0,0,0,-7,0,0,0,0,-0.00229183,0,0,0,0,0,0,0,0,0,1,87,58,0,0.00034,0.00034,3,0,0,0,0,0,0,0,0,0,0,0,1,0,0,0,0,0,0,0,0,0,0,,0,0,0,0,
3,3.7,0,46.1,32,0,0,0,-10.1,0,0,0,0,5,0,0,0,0,-0.00229183,0,0,0,0,0,0,0,0,0,1,80,58,0,0.00034,0.00034,3,5,0,0,0,0,0,0,0,0,0,0,1,0,0,0,0,0,0,0,0,0,0,,0,0,0,0,
4,4.03,0,2.2,41.5,0,0,0,0.55,0,0,0,0,-6,0,0,0,0,-0.00229183,0,0,0,0,0,0,0,0,0,1,89,58,0,0.00034,0.00034,3,5,0,0,0,0,0,0,0,0,0,0,1,0,0,0,0,0,0,0,0,0,0,,0,0,0,0,
5,5.16,0,-35.1,34,0,0,0,-3.35,0,0,0,0,-6,0,0,0,0,-0.00229183,0,0,0,0,0,0,0,0,0,1,79,58,0,0.00034,0.00034,3,5,0,0,0,0,0,0,0,0,0,0,1,0,0,0,0,0,0,0,0,0,0,,0,0,0,0,
6,5.16,0,-40.7,34,0,0,0,0.2,0,0,0,0,-3,0,0,0,0,-0.00229183,0,0,0,0,0,0,0,0,0,1,79,58,0,0.00034,0.00034,3,5,0,0,0,0,0,0,0,0,0,0,1,0,0,0,0,0,0,0,0,0,0,,0,0,0,0,
7,5.61,0,-34.65,35.5,0,0,0,-3,0,0,0,0,-4,0,0,0,0,-0.00229183,0,0,0,0,0,0,0,0,0,1,80,58,0,0.00034,0.00034,3,5,0,0,0,0,0,0,0,0,0,0,1,0,0,0,0,0,0,0,0,0,0,,0,0,0,0,
8,5.61,0,-24.15,35.5,0,0,0,-5.6,0,0,0,0,-9,0,0,0,0,-0.00229183,0,0,0,0,0,0,0,0,0,1,80,58,0,0.00034,0.00034,3,5,0,0,0,0,0,0,0,0,0,0,1,0,0,0,0,0,0,0,0,0,0,,0,0,0,0,
9,5.83,0,-40.65,30.5,0,0,0,-0.05,0,0,0,0,-5.5,0,0,0,0,-0.00229183,0,0,0,0,0,0,0,0,0,1,75,58,0,0.00034,0.00034,3,5,0,0,0,0,0,0,0,0,0,0,1,0,0,0,0,0,0,0,0,0,0,,0,0,0,0,
10,6.64,0,13.3,24.5,0,0,0,-8.35,0,0,0,0,-21.5,0,0,0,0,-0.00229183,0,0,0,0,0,0,0,0,0,1,70,58,0,0.00034,0.00034,3,5,0,0,0,0,0,0,0,0,0,0,1,0,0,0,0,0,0,0,0,0,0,,0,0,0,0,
11,7.03,0,-33.3,25,0,0,0,-3,0,0,0,0,-13.5,0,0,0,0,-0.00229183,0,0,0,0,0,0,0,0,0,1,70,58,0,0.00034,0.00034,3,5,0,0,0,0,0,0,0,0,0,0,1,0,0,0,0,0,0,0,0,0,0,,0,0,0,0,
12,7.66,0,34.95,39.5,0,0,0,6.15,0,0,0,0,5,0,0,0,0,-0.00229183,0,0,0,0,0,0,0,0,0,1,85,58,0,0.00034,0.00034,3,5,0,0,0,0,0,0,0,0,0,0,1,0,0,0,0,0,0,0,0,0,0,,0,0,0,0,
13,8.25,0,-25.2,28.5,0,0,0,11.4,0,0,0,0,-12,0,0,0,0,-0.00229183,0,0,0,0,0,0,0,0,0,1,75,58,0,0.00034,0.00034,3,0,0,0,0,0,0,0,0,0,0,0,1,0,0,0,0,0,0,0,0,0,0,,0,0,0,0,
14,8.65,0,69.1,30,0,0,0,-11.55,0,0,0,0,22.5,0,0,0,0,-0.00229183,0,0,0,0,0,0,0,0,0,1,76,58,0,0.00034,0.00034,3,7,0,0,0,0,0,0,0,0,0,0,1,0,0,0,0,0,0,0,0,0,0,,0,0,0,0,
15,8.9,0,-32.8,26,0,0,0,-0.75,0,0,0,0,-10,0,0,0,0,-0.00229183,0,0,0,0,0,0,0,0,0,1,73,58,0,0.00034,0.00034,3,5,0,0,0,0,0,0,0,0,0,0,1,0,0,0,0,0,0,0,0,0,0,,0,0,0,0,
16,9.38,0,-29.3,23.5,0,0,0,-2.45,0,0,0,0,-14.5,0,0,0,0,-0.00229183,0,0,0,0,0,0,0,0,0,1,70,58,0,0.00034,0.00034,3,5,0,0,0,0,0,0,0,0,0,0,1,0,0,0,0,0,0,0,0,0,0,,0,0,0,0,
17,9.86,0,-28.35,21,0,0,0,-0.7,0,0,0,0,-17.5,0,0,0,0,-0.00229183,0,0,0,0,0,0,0,0,0,1,67,58,0,0.00034,0.00034,3,5,0,0,0,0,0,0,0,0,0,0,1,0,0,0,0,0,0,0,0,0,0,,0,0,0,0,
18,12.16,0,-12.6,26.5,0,0,0,12.95,0,0,0,0,-16,0,0,0,0,-0.00229183,0,0,0,0,0,0,0,0,0,1,73,58,0,0.00034,0.00034,3,5,0,0,0,0,0,0,0,0,0,0,1,0,0,0,0,0,0,0,0,0,0,,0,0,0,0,
19,13,0,-23.1,21.5,0,0,0,-1.8,0,0,0,0,-17.5,0,0,0,0,-0.00229183,0,0,0,0,0,0,0,0,0,1,68,58,0,0.00034,0.00034,3,5,0,0,0,0,0,0,0,0,0,0,1,0,0,0,0,0,0,0,0,0,0,,0,0,0,0,
END,Total:20
START,FrameNb:154,CameraNb:0,HeSaiNb:0,ARS410Nb:0
2026/08/02 16:23:58:180---->
heightOffset:0,1785659038180,1327732,selfCaliBufCnt:0,selfAccObjCnt:0,selfAccAngle:0,installHAngleOffset:0,Interpolation:0,installVAngleOffset:0,radarOffsetH:0,radarOffsetV:0.32,Polynom:-0.001023;-0.0511;-2.047;0;0;0;-0.001023;-0.0511;-2.047;-25.5;0;0,WheelDirection:0;0;0;0,selfAngleOffset:0,selfAngleOffsetPit:0,currCaliAngleHrz:0,currCaliAnglePit:0,selfCaliAngleHrz:0,selfCaliAnglePit:0,servCaliAngleHrz:0,servCaliAnglePit:0,offlineCaliAngleHrz:0,offlineCaliAnglePit:0,determine2useFlag:0,IMU_Z_Accel:-21.592,IMU_X_AngularRate:-2.093,IMU_Y_AngularRate:-2.093,IMU_RollAngle:-180,IMU_PitchAngle:-180,IMU_YawAngle:-180,FcwID:0,FCWWarningLevel:0,FCWTTC:0
0,2.32,0,-34.95,29,0,0,0,3.15,1.37605e-33,0,0,0,-8.5,0,0,0,0,-0.00229183,0,0,0,0,0,0,0,0,0,1,78,54,0,0.00034,0.00034,3,5,0,0,0,0,0,0,0,0,0,0,1,0,1,0,0,0,0,0,0,0,0,,0,0,0,0,
1,2.8,0,-34.05,43,0,0,0,1.75,0,0,0,0,6,0,0,0,0,-0.00229183,0,0,0,0,0,0,0,0,0,1,92,54,0,0.00034,0.00034,3,0,0,0,0,0,0,0,0,0,0,0,1,0,1,0,0,0,0,0,0,0,0,,0,0,0,0,
2,3.24,0,13.5,38.5,0,0,0,2.55,0,0,0,0,-7,0,0,0,0,-0.00229183,0,0,0,0,0,0,0,0,0,1,87,54,0,0.00034,0.00034,3,0,0,0,0,0,0,0,0,0,0,0,1,0,1,0,0,0,0,0,0,0,0,,0,0,0,0,
3,3.63,0,45.5,31.5,0,0,0,-9.1,0,0,0,0,5,0,0,0,0,-0.00229183,0,0,0,0,0,0,0,0,0,1,80,54,0,0.00034,0.00034,3,5,0,0,0,0,0,0,0,0,0,0,1,0,1,0,0,0,0,0,0,0,0,,0,0,0,0,
4,4.03,0,2.2,41.5,0,0,0,0.55,0,0,0,0,-6.5,0,0,0,0,-0.00229183,0,0,0,0,0,0,0,0,0,1,89,54,0,0.00034,0.00034,3,5,0,0,0,0,0,0,0,0,0,0,1,0,1,0,0,0,0,0,0,0,0,,0,0,0,0,
5,5.17,0,-35.1,34,0,0,0,-3.35,0,0,0,0,-6,0,0,0,0,-0.00229183,0,0,0,0,0,0,0,0,0,1,79,54,0,0.00034,0.00034,3,5,0,0,0,0,0,0,0,0,0,0,1,0,1,0,0,0,0,0,0,0,0,,0,0,0,0,
6,5.17,0,-40.65,34,0,0,0,0.05,0,0,0,0,-3,0,0,0,0,-0.00229183,0,0,0,0,0,0,0,0,0,1,79,54,0,0.00034,0.00034,3,5,0,0,0,0,0,0,0,0,0,0,1,0,1,0,0,0,0,0,0,0,0,,0,0,0,0,
7,5.61,0,-34.6,36,0,0,0,-3,0,0,0,0,-4,0,0,0,0,-0.00229183,0,0,0,0,0,0,0,0,0,1,80,54,0,0.00034,0.00034,3,5,0,0,0,0,0,0,0,0,0,0,1,0,1,0,0,0,0,0,0,0,0,,0,0,0,0,
8,5.61,0,-24.1,36,0,0,0,-5.6,0,0,0,0,-9,0,0,0,0,-0.00229183,0,0,0,0,0,0,0,0,0,1,80,54,0,0.00034,0.00034,3,5,0,0,0,0,0,0,0,0,0,0,1,0,1,0,0,0,0,0,0,0,0,,0,0,0,0,
9,5.83,0,-40.7,30.5,0,0,0,0.2,0,0,0,0,-5.5,0,0,0,0,-0.00229183,0,0,0,0,0,0,0,0,0,1,75,54,0,0.00034,0.00034,3,5,0,0,0,0,0,0,0,0,0,0,1,0,1,0,0,0,0,0,0,0,0,,0,0,0,0,
10,6.64,0,4.8,24,0,0,0,-13.95,0,0,0,0,-24,0,0,0,0,-0.00229183,0,0,0,0,0,0,0,0,0,1,70,54,0,0.00034,0.00034,3,5,0,0,0,0,0,0,0,0,0,0,1,0,1,0,0,0,0,0,0,0,0,,0,0,0,0,
11,7.03,0,-33.15,24.5,0,0,0,7.45,0,0,0,0,-13.5,0,0,0,0,-0.00229183,0,0,0,0,0,0,0,0,0,1,70,54,0,0.00034,0.00034,3,5,0,0,0,0,0,0,0,0,0,0,1,0,1,0,0,0,0,0,0,0,0,,0,0,0,0,
12,7.65,0,34.85,40,0,0,0,6.2,0,0,0,0,5,0,0,0,0,-0.00229183,0,0,0,0,0,0,0,0,0,1,86,54,0,0.00034,0.00034,3,5,0,0,0,0,0,0,0,0,0,0,1,0,1,0,0,0,0,0,0,0,0,,0,0,0,0,
13,8.25,0,-25.2,28.5,0,0,0,-2,0,0,0,0,-12.5,0,0,0,0,-0.00229183,0,0,0,0,0,0,0,0,0,1,75,54,0,0.00034,0.00034,3,0,0,0,0,0,0,0,0,0,0,0,1,0,1,0,0,0,0,0,0,0,0,,0,0,0,0,
14,8.48,0,69.2,30,0,0,0,-11.55,0,0,0,0,22,0,0,0,0,-0.00229183,0,0,0,0,0,0,0,0,0,1,76,54,0,0.00034,0.00034,3,7,0,0,0,0,0,0,0,0,0,0,1,0,1,0,0,0,0,0,0,0,0,,0,0,0,0,
15,8.9,0,-32.7,26,0,0,0,-1,0,0,0,0,-10,0,0,0,0,-0.00229183,0,0,0,0,0,0,0,0,0,1,72,54,0,0.00034,0.00034,3,5,0,0,0,0,0,0,0,0,0,0,1,0,1,0,0,0,0,0,0,0,0,,0,0,0,0,
16,9.39,0,-29.3,23.5,0,0,0,-2.35,0,0,0,0,-14.5,0,0,0,0,-0.00229183,0,0,0,0,0,0,0,0,0,1,70,54,0,0.00034,0.00034,3,5,0,0,0,0,0,0,0,0,0,0,1,0,1,0,0,0,0,0,0,0,0,,0,0,0,0,
17,9.86,0,-28.3,20.5,0,0,0,-0.6,0,0,0,0,-18,0,0,0,0,-0.00229183,0,0,0,0,0,0,0,0,0,1,67,54,0,0.00034,0.00034,3,5,0,0,0,0,0,0,0,0,0,0,1,0,1,0,0,0,0,0,0,0,0,,0,0,0,0,
18,12.16,0,-12.55,26.5,0,0,0,12.75,0,0,0,0,-16,0,0,0,0,-0.00229183,0,0,0,0,0,0,0,0,0,1,73,54,0,0.00034,0.00034,3,5,0,0,0,0,0,0,0,0,0,0,1,0,1,0,0,0,0,0,0,0,0,,0,0,0,0,
19,13.01,0,-23.2,21,0,0,0,-1.8,0,0,0,0,-18,0,0,0,0,-0.00229183,0,0,0,0,0,0,0,0,0,1,67,54,0,0.00034,0.00034,3,5,0,0,0,0,0,0,0,0,0,0,1,0,1,0,0,0,0,0,0,0,0,,0,0,0,0,
END,Total:20
START,FrameNb:155,CameraNb:0,HeSaiNb:0,ARS410Nb:0
2026/08/02 16:23:58:246---->
heightOffset:0,1785659038246,1327788,selfCaliBufCnt:0,selfAccObjCnt:0,selfAccAngle:0,installHAngleOffset:0,Interpolation:0,installVAngleOffset:0,radarOffsetH:0,radarOffsetV:0.32,Polynom:-0.001023;-0.0511;-2.047;0;0;0;-0.001023;-0.0511;-2.047;-25.5;0;0,WheelDirection:0;0;0;0,selfAngleOffset:0,selfAngleOffsetPit:0,currCaliAngleHrz:0,currCaliAnglePit:0,selfCaliAngleHrz:0,selfCaliAnglePit:0,servCaliAngleHrz:0,servCaliAnglePit:0,offlineCaliAngleHrz:0,offlineCaliAnglePit:0,determine2useFlag:0,IMU_Z_Accel:-21.592,IMU_X_AngularRate:-2.093,IMU_Y_AngularRate:-2.093,IMU_RollAngle:-180,IMU_PitchAngle:-180,IMU_YawAngle:-180,FcwID:0,FCWWarningLevel:0,FCWTTC:0
0,2.32,0,30.05,29,0,0,0,7.65,1.37605e-33,0,0,0,-8.5,0,0,0,0,-0.00229183,0,0,0,0,0,0,0,0,0,1,78,58,0,0.00034,0.00034,3,5,0,0,0,0,0,0,0,0,0,0,1,0,0,0,0,0,0,0,0,0,0,,0,0,0,0,
1,2.8,0,-34.05,43.5,0,0,0,1.75,0,0,0,0,6,0,0,0,0,-0.00229183,0,0,0,0,0,0,0,0,0,1,92,58,0,0.00034,0.00034,3,0,0,0,0,0,0,0,0,0,0,0,1,0,0,0,0,0,0,0,0,0,0,,0,0,0,0,
2,3.25,0,13.5,38.5,0,0,0,2.55,0,0,0,0,-7,0,0,0,0,-0.00229183,0,0,0,0,0,0,0,0,0,1,87,58,0,0.00034,0.00034,3,0,0,0,0,0,0,0,0,0,0,0,1,0,0,0,0,0,0,0,0,0,0,,0,0,0,0,
3,3.58,0,45.7,32,0,0,0,-9.7,0,0,0,0,5,0,0,0,0,-0.00229183,0,0,0,0,0,0,0,0,0,1,80,58,0,0.00034,0.00034,3,5,0,0,0,0,0,0,0,0,0,0,1,0,0,0,0,0,0,0,0,0,0,,0,0,0,0,
4,4.03,0,2.2,41.5,0,0,0,0.55,0,0,0,0,-6,0,0,0,0,-0.00229183,0,0,0,0,0,0,0,0,0,1,89,58,0,0.00034,0.00034,3,5,0,0,0,0,0,0,0,0,0,0,1,0,0,0,0,0,0,0,0,0,0,,0,0,0,0,
5,5.16,0,-35.05,33.5,0,0,0,-3.35,0,0,0,0,-6,0,0,0,0,-0.00229183,0,0,0,0,0,0,0,0,0,1,79,58,0,0.00034,0.00034,3,5,0,0,0,0,0,0,0,0,0,0,1,0,0,0,0,0,0,0,0,0,0,,0,0,0,0,
6,5.16,0,-40.6,33.5,0,0,0,0.25,0,0,0,0,-3,0,0,0,0,-0.00229183,0,0,0,0,0,0,0,0,0,1,79,58,0,0.00034,0.00034,3,5,0,0,0,0,0,0,0,0,0,0,1,0,0,0,0,0,0,0,0,0,0,,0,0,0,0,
7,5.61,0,-34.6,35.5,0,0,0,-3.05,0,0,0,0,-4,0,0,0,0,-0.00229183,0,0,0,0,0,0,0,0,0,1,80,58,0,0.00034,0.00034,3,5,0,0,0,0,0,0,0,0,0,0,1,0,0,0,0,0,0,0,0,0,0,,0,0,0,0,
8,5.61,0,-24.15,35.5,0,0,0,-5.6,0,0,0,0,-9,0,0,0,0,-0.00229183,0,0,0,0,0,0,0,0,0,1,80,58,0,0.00034,0.00034,3,5,0,0,0,0,0,0,0,0,0,0,1,0,0,0,0,0,0,0,0,0,0,,0,0,0,0,
9,5.83,0,-40.8,30.5,0,0,0,0,0,0,0,0,-6,0,0,0,0,-0.00229183,0,0,0,0,0,0,0,0,0,1,75,58,0,0.00034,0.00034,3,5,0,0,0,0,0,0,0,0,0,0,1,0,0,0,0,0,0,0,0,0,0,,0,0,0,0,
10,6.62,0,-53.6,25,0,0,0,-3.05,0,0,0,0,0.5,0,0,0,0,-0.00229183,0,0,0,0,0,0,0,0,0,1,70,58,0,0.00034,0.00034,3,5,0,0,0,0,0,0,0,0,0,0,1,0,0,0,0,0,0,0,0,0,0,,0,0,0,0,
11,7.03,0,-33.1,24.5,0,0,0,7.45,0,0,0,0,-14,0,0,0,0,-0.00229183,0,0,0,0,0,0,0,0,0,1,70,58,0,0.00034,0.00034,3,5,0,0,0,0,0,0,0,0,0,0,1,0,0,0,0,0,0,0,0,0,0,,0,0,0,0,
12,7.65,0,34.9,39.5,0,0,0,6.45,0,0,0,0,5,0,0,0,0,-0.00229183,0,0,0,0,0,0,0,0,0,1,86,58,0,0.00034,0.00034,3,5,0,0,0,0,0,0,0,0,0,0,1,0,0,0,0,0,0,0,0,0,0,,0,0,0,0,
13,8.24,0,-25.2,29,0,0,0,-2,0,0,0,0,-12,0,0,0,0,-0.00229183,0,0,0,0,0,0,0,0,0,1,75,58,0,0.00034,0.00034,3,0,0,0,0,0,0,0,0,0,0,0,1,0,0,0,0,0,0,0,0,0,0,,0,0,0,0,
14,8.65,0,69.2,30,0,0,0,-11.55,0,0,0,0,22.5,0,0,0,0,-0.00229183,0,0,0,0,0,0,0,0,0,1,76,58,0,0.00034,0.00034,3,7,0,0,0,0,0,0,0,0,0,0,1,0,0,0,0,0,0,0,0,0,0,,0,0,0,0,
15,8.9,0,-32.7,26.5,0,0,0,-0.6,0,0,0,0,-10,0,0,0,0,-0.00229183,0,0,0,0,0,0,0,0,0,1,73,58,0,0.00034,0.00034,3,5,0,0,0,0,0,0,0,0,0,0,1,0,0,0,0,0,0,0,0,0,0,,0,0,0,0,
16,9.38,0,-29.3,23,0,0,0,-2.55,0,0,0,0,-15,0,0,0,0,-0.00229183,0,0,0,0,0,0,0,0,0,1,69,58,0,0.00034,0.00034,3,5,0,0,0,0,0,0,0,0,0,0,1,0,0,0,0,0,0,0,0,0,0,,0,0,0,0,
17,9.85,0,-28.3,21,0,0,0,-0.45,0,0,0,0,-18,0,0,0,0,-0.00229183,0,0,0,0,0,0,0,0,0,1,67,58,0,0.00034,0.00034,3,5,0,0,0,0,0,0,0,0,0,0,1,0,0,0,0,0,0,0,0,0,0,,0,0,0,0,
18,12.16,0,-12.6,27,0,0,0,12.95,0,0,0,0,-16.5,0,0,0,0,-0.00229183,0,0,0,0,0,0,0,0,0,1,73,58,0,0.00034,0.00034,3,5,0,0,0,0,0,0,0,0,0,0,1,0,0,0,0,0,0,0,0,0,0,,0,0,0,0,
19,13,0,-23.05,21.5,0,0,0,-1.95,0,0,0,0,-17.5,0,0,0,0,-0.00229183,0,0,0,0,0,0,0,0,0,1,68,58,0,0.00034,0.00034,3,5,0,0,0,0,0,0,0,0,0,0,1,0,0,0,0,0,0,0,0,0,0,,0,0,0,0,
END,Total:20
START,FrameNb:156,CameraNb:0,HeSaiNb:0,ARS410Nb:0
2026/08/02 16:23:58:275---->
heightOffset:0,1785659038275,1327844,selfCaliBufCnt:0,selfAccObjCnt:0,selfAccAngle:0,installHAngleOffset:0,Interpolation:0,installVAngleOffset:0,radarOffsetH:0,radarOffsetV:0.32,Polynom:-0.001023;-0.0511;-2.047;0;0;0;-0.001023;-0.0511;-2.047;-25.5;0;0,WheelDirection:0;0;0;0,selfAngleOffset:0,selfAngleOffsetPit:0,currCaliAngleHrz:0,currCaliAnglePit:0,selfCaliAngleHrz:0,selfCaliAnglePit:0,servCaliAngleHrz:0,servCaliAnglePit:0,offlineCaliAngleHrz:0,offlineCaliAnglePit:0,determine2useFlag:0,IMU_Z_Accel:-21.592,IMU_X_AngularRate:-2.093,IMU_Y_AngularRate:-2.093,IMU_RollAngle:-180,IMU_PitchAngle:-180,IMU_YawAngle:-180,FcwID:0,FCWWarningLevel:0,FCWTTC:0
0,2.32,0,30.1,29,0,0,0,8.2,1.37605e-33,0,0,0,-9,0,0,0,0,-0.00229183,0,0,0,0,0,0,0,0,0,1,78,54,0,0.00034,0.00034,3,5,0,0,0,0,0,0,0,0,0,0,1,0,1,0,0,0,0,0,0,0,0,,0,0,0,0,
1,2.8,0,-34.05,43,0,0,0,1.75,0,0,0,0,6,0,0,0,0,-0.00229183,0,0,0,0,0,0,0,0,0,1,92,54,0,0.00034,0.00034,3,0,0,0,0,0,0,0,0,0,0,0,1,0,1,0,0,0,0,0,0,0,0,,0,0,0,0,
2,3.24,0,13.5,38.5,0,0,0,2.55,0,0,0,0,-7,0,0,0,0,-0.00229183,0,0,0,0,0,0,0,0,0,1,87,54,0,0.00034,0.00034,3,0,0,0,0,0,0,0,0,0,0,0,1,0,1,0,0,0,0,0,0,0,0,,0,0,0,0,
3,3.61,0,45.55,31.5,0,0,0,-9.2,0,0,0,0,5,0,0,0,0,-0.00229183,0,0,0,0,0,0,0,0,0,1,80,54,0,0.00034,0.00034,3,5,0,0,0,0,0,0,0,0,0,0,1,0,1,0,0,0,0,0,0,0,0,,0,0,0,0,
4,4.03,0,2.2,41.5,0,0,0,0.55,0,0,0,0,-6.5,0,0,0,0,-0.00229183,0,0,0,0,0,0,0,0,0,1,89,54,0,0.00034,0.00034,3,5,0,0,0,0,0,0,0,0,0,0,1,0,1,0,0,0,0,0,0,0,0,,0,0,0,0,
5,5.17,0,-35.1,34,0,0,0,-3.35,0,0,0,0,-6,0,0,0,0,-0.00229183,0,0,0,0,0,0,0,0,0,1,79,54,0,0.00034,0.00034,3,5,0,0,0,0,0,0,0,0,0,0,1,0,1,0,0,0,0,0,0,0,0,,0,0,0,0,
6,5.17,0,-40.6,34,0,0,0,0.2,0,0,0,0,-3,0,0,0,0,-0.00229183,0,0,0,0,0,0,0,0,0,1,79,54,0,0.00034,0.00034,3,5,0,0,0,0,0,0,0,0,0,0,1,0,1,0,0,0,0,0,0,0,0,,0,0,0,0,
7,5.61,0,-34.55,36,0,0,0,-3.05,0,0,0,0,-4,0,0,0,0,-0.00229183,0,0,0,0,0,0,0,0,0,1,80,54,0,0.00034,0.00034,3,5,0,0,0,0,0,0,0,0,0,0,1,0,1,0,0,0,0,0,0,0,0,,0,0,0,0,
8,5.61,0,-24.1,36,0,0,0,-5.7,0,0,0,0,-9,0,0,0,0,-0.00229183,0,0,0,0,0,0,0,0,0,1,80,54,0,0.00034,0.00034,3,5,0,0,0,0,0,0,0,0,0,0,1,0,1,0,0,0,0,0,0,0,0,,0,0,0,0,
9,5.83,0,-41.2,30.5,0,0,0,0.05,0,0,0,0,-3.5,0,0,0,0,-0.00229183,0,0,0,0,0,0,0,0,0,1,75,54,0,0.00034,0.00034,3,5,0,0,0,0,0,0,0,0,0,0,1,0,1,0,0,0,0,0,0,0,0,,0,0,0,0,
10,6.63,0,-53.85,24.5,0,0,0,-3.95,0,0,0,0,0.5,0,0,0,0,-0.00229183,0,0,0,0,0,0,0,0,0,1,70,54,0,0.00034,0.00034,3,5,0,0,0,0,0,0,0,0,0,0,1,0,1,0,0,0,0,0,0,0,0,,0,0,0,0,
11,7.03,0,-10.2,24.5,0,0,0,2.75,0,0,0,0,-23,0,0,0,0,-0.00229183,0,0,0,0,0,0,0,0,0,1,70,54,0,0.00034,0.00034,3,5,0,0,0,0,0,0,0,0,0,0,1,0,1,0,0,0,0,0,0,0,0,,0,0,0,0,
12,7.65,0,34.85,39.5,0,0,0,6.25,0,0,0,0,5,0,0,0,0,-0.00229183,0,0,0,0,0,0,0,0,0,1,85,54,0,0.00034,0.00034,3,0,0,0,0,0,0,0,0,0,0,0,1,0,1,0,0,0,0,0,0,0,0,,0,0,0,0,
13,8.24,0,-25.2,28.5,0,0,0,-2,0,0,0,0,-12,0,0,0,0,-0.00229183,0,0,0,0,0,0,0,0,0,1,75,54,0,0.00034,0.00034,3,0,0,0,0,0,0,0,0,0,0,0,1,0,1,0,0,0,0,0,0,0,0,,0,0,0,0,
14,8.48,0,69.2,30,0,0,0,-11.6,0,0,0,0,22.5,0,0,0,0,-0.00229183,0,0,0,0,0,0,0,0,0,1,76,54,0,0.00034,0.00034,3,7,0,0,0,0,0,0,0,0,0,0,1,0,1,0,0,0,0,0,0,0,0,,0,0,0,0,
15,8.9,0,-32.8,26,0,0,0,-0.25,0,0,0,0,-10,0,0,0,0,-0.00229183,0,0,0,0,0,0,0,0,0,1,72,54,0,0.00034,0.00034,3,5,0,0,0,0,0,0,0,0,0,0,1,0,1,0,0,0,0,0,0,0,0,,0,0,0,0,
16,9.39,0,-29.35,23,0,0,0,-2.45,0,0,0,0,-15,0,0,0,0,-0.00229183,0,0,0,0,0,0,0,0,0,1,69,54,0,0.00034,0.00034,3,5,0,0,0,0,0,0,0,0,0,0,1,0,1,0,0,0,0,0,0,0,0,,0,0,0,0,
17,9.86,0,-28.3,20.5,0,0,0,-0.55,0,0,0,0,-18,0,0,0,0,-0.00229183,0,0,0,0,0,0,0,0,0,1,67,54,0,0.00034,0.00034,3,5,0,0,0,0,0,0,0,0,0,0,1,0,1,0,0,0,0,0,0,0,0,,0,0,0,0,
18,12.16,0,-12.55,26.5,0,0,0,12.8,0,0,0,0,-16,0,0,0,0,-0.00229183,0,0,0,0,0,0,0,0,0,1,73,54,0,0.00034,0.00034,3,5,0,0,0,0,0,0,0,0,0,0,1,0,1,0,0,0,0,0,0,0,0,,0,0,0,0,
19,13.01,0,-23.15,21.5,0,0,0,-1.6,0,0,0,0,-17.5,0,0,0,0,-0.00229183,0,0,0,0,0,0,0,0,0,1,68,54,0,0.00034,0.00034,3,5,0,0,0,0,0,0,0,0,0,0,1,0,1,0,0,0,0,0,0,0,0,,0,0,0,0,
END,Total:20
START,FrameNb:157,CameraNb:0,HeSaiNb:0,ARS410Nb:0
2026/08/02 16:23:58:337---->
heightOffset:0,1785659038337,1327904,selfCaliBufCnt:0,selfAccObjCnt:0,selfAccAngle:0,installHAngleOffset:0,Interpolation:0,installVAngleOffset:0,radarOffsetH:0,radarOffsetV:0.32,Polynom:-0.001023;-0.0511;-2.047;0;0;0;-0.001023;-0.0511;-2.047;-25.5;0;0,WheelDirection:0;0;0;0,selfAngleOffset:0,selfAngleOffsetPit:0,currCaliAngleHrz:0,currCaliAnglePit:0,selfCaliAngleHrz:0,selfCaliAnglePit:0,servCaliAngleHrz:0,servCaliAnglePit:0,offlineCaliAngleHrz:0,offlineCaliAnglePit:0,determine2useFlag:0,IMU_Z_Accel:-21.592,IMU_X_AngularRate:-2.093,IMU_Y_AngularRate:-2.093,IMU_RollAngle:-180,IMU_PitchAngle:-180,IMU_YawAngle:-180,FcwID:0,FCWWarningLevel:0,FCWTTC:0
0,2.32,0,30.1,29,0,0,0,7.75,1.37605e-33,0,0,0,-8.5,0,0,0,0,-0.00229183,0,0,0,0,0,0,0,0,0,1,78,61,0,0.00034,0.00034,3,5,0,0,0,0,0,0,0,0,0,0,1,0,0,0,0,0,0,0,0,0,0,,0,0,0,0,
1,2.8,0,-34.05,43,0,0,0,1.75,0,0,0,0,6,0,0,0,0,-0.00229183,0,0,0,0,0,0,0,0,0,1,92,61,0,0.00034,0.00034,3,0,0,0,0,0,0,0,0,0,0,0,1,0,0,0,0,0,0,0,0,0,0,,0,0,0,0,
2,3.25,0,13.55,38.5,0,0,0,2.55,0,0,0,0,-7,0,0,0,0,-0.00229183,0,0,0,0,0,0,0,0,0,1,87,61,0,0.00034,0.00034,3,0,0,0,0,0,0,0,0,0,0,0,1,0,0,0,0,0,0,0,0,0,0,,0,0,0,0,
3,3.61,0,45.85,32,0,0,0,-10.2,0,0,0,0,5,0,0,0,0,-0.00229183,0,0,0,0,0,0,0,0,0,1,80,61,0,0.00034,0.00034,3,5,0,0,0,0,0,0,0,0,0,0,1,0,0,0,0,0,0,0,0,0,0,,0,0,0,0,
4,4.03,0,2.2,41.5,0,0,0,0.55,0,0,0,0,-6,0,0,0,0,-0.00229183,0,0,0,0,0,0,0,0,0,1,89,61,0,0.00034,0.00034,3,5,0,0,0,0,0,0,0,0,0,0,1,0,0,0,0,0,0,0,0,0,0,,0,0,0,0,
5,5.16,0,-35.05,33.5,0,0,0,-3.35,0,0,0,0,-6,0,0,0,0,-0.00229183,0,0,0,0,0,0,0,0,0,1,79,61,0,0.00034,0.00034,3,5,0,0,0,0,0,0,0,0,0,0,1,0,0,0,0,0,0,0,0,0,0,,0,0,0,0,
6,5.16,0,-40.65,33.5,0,0,0,0.2,0,0,0,0,-3,0,0,0,0,-0.00229183,0,0,0,0,0,0,0,0,0,1,79,61,0,0.00034,0.00034,3,5,0,0,0,0,0,0,0,0,0,0,1,0,0,0,0,0,0,0,0,0,0,,0,0,0,0,
7,5.61,0,-34.55,35.5,0,0,0,-3.1,0,0,0,0,-4,0,0,0,0,-0.00229183,0,0,0,0,0,0,0,0,0,1,80,61,0,0.00034,0.00034,3,5,0,0,0,0,0,0,0,0,0,0,1,0,0,0,0,0,0,0,0,0,0,,0,0,0,0,
8,5.61,0,-24.1,35.5,0,0,0,-5.6,0,0,0,0,-9,0,0,0,0,-0.00229183,0,0,0,0,0,0,0,0,0,1,80,61,0,0.00034,0.00034,3,5,0,0,0,0,0,0,0,0,0,0,1,0,0,0,0,0,0,0,0,0,0,,0,0,0,0,
9,5.83,0,-41,30.5,0,0,0,0.05,0,0,0,0,-3.5,0,0,0,0,-0.00229183,0,0,0,0,0,0,0,0,0,1,75,61,0,0.00034,0.00034,3,5,0,0,0,0,0,0,0,0,0,0,1,0,0,0,0,0,0,0,0,0,0,,0,0,0,0,
10,6.63,0,-53.85,24.5,0,0,0,-5.55,0,0,0,0,0.5,0,0,0,0,-0.00229183,0,0,0,0,0,0,0,0,0,1,70,61,0,0.00034,0.00034,3,5,0,0,0,0,0,0,0,0,0,0,1,0,0,0,0,0,0,0,0,0,0,,0,0,0,0,
11,7.04,0,-10.3,24.5,0,0,0,-8,0,0,0,0,-22.5,0,0,0,0,-0.00229183,0,0,0,0,0,0,0,0,0,1,70,61,0,0.00034,0.00034,3,5,0,0,0,0,0,0,0,0,0,0,1,0,0,0,0,0,0,0,0,0,0,,0,0,0,0,
12,7.66,0,34.8,39.5,0,0,0,6,0,0,0,0,4.5,0,0,0,0,-0.00229183,0,0,0,0,0,0,0,0,0,1,85,61,0,0.00034,0.00034,3,5,0,0,0,0,0,0,0,0,0,0,1,0,0,0,0,0,0,0,0,0,0,,0,0,0,0,
13,8.24,0,-25.2,29,0,0,0,11.55,0,0,0,0,-12,0,0,0,0,-0.00229183,0,0,0,0,0,0,0,0,0,1,75,61,0,0.00034,0.00034,3,0,0,0,0,0,0,0,0,0,0,0,1,0,0,0,0,0,0,0,0,0,0,,0,0,0,0,
14,8.65,0,69.15,30,0,0,0,-11.6,0,0,0,0,22.5,0,0,0,0,-0.00229183,0,0,0,0,0,0,0,0,0,1,76,61,0,0.00034,0.00034,3,7,0,0,0,0,0,0,0,0,0,0,1,0,0,0,0,0,0,0,0,0,0,,0,0,0,0,
15,8.9,0,-32.7,26,0,0,0,-0.75,0,0,0,0,-10,0,0,0,0,-0.00229183,0,0,0,0,0,0,0,0,0,1,72,61,0,0.00034,0.00034,3,5,0,0,0,0,0,0,0,0,0,0,1,0,0,0,0,0,0,0,0,0,0,,0,0,0,0,
16,9.38,0,-29.3,23,0,0,0,-2.45,0,0,0,0,-14.5,0,0,0,0,-0.00229183,0,0,0,0,0,0,0,0,0,1,70,61,0,0.00034,0.00034,3,5,0,0,0,0,0,0,0,0,0,0,1,0,0,0,0,0,0,0,0,0,0,,0,0,0,0,
17,9.85,0,-28.35,21,0,0,0,-0.45,0,0,0,0,-17.5,0,0,0,0,-0.00229183,0,0,0,0,0,0,0,0,0,1,67,61,0,0.00034,0.00034,3,5,0,0,0,0,0,0,0,0,0,0,1,0,0,0,0,0,0,0,0,0,0,,0,0,0,0,
18,12.16,0,-12.6,26.5,0,0,0,12.95,0,0,0,0,-16.5,0,0,0,0,-0.00229183,0,0,0,0,0,0,0,0,0,1,73,61,0,0.00034,0.00034,3,5,0,0,0,0,0,0,0,0,0,0,1,0,0,0,0,0,0,0,0,0,0,,0,0,0,0,
19,13,0,-23.15,21.5,0,0,0,-1.75,0,0,0,0,-17.5,0,0,0,0,-0.00229183,0,0,0,0,0,0,0,0,0,1,68,61,0,0.00034,0.00034,3,5,0,0,0,0,0,0,0,0,0,0,1,0,0,0,0,0,0,0,0,0,0,,0,0,0,0,
END,Total:20
START,FrameNb:158,CameraNb:0,HeSaiNb:0,ARS410Nb:0
2026/08/02 16:23:58:390---->
heightOffset:0,1785659038390,1327964,selfCaliBufCnt:0,selfAccObjCnt:0,selfAccAngle:0,installHAngleOffset:0,Interpolation:0,installVAngleOffset:0,radarOffsetH:0,radarOffsetV:0.32,Polynom:-0.001023;-0.0511;-2.047;0;0;0;-0.001023;-0.0511;-2.047;-25.5;0;0,WheelDirection:0;0;0;0,selfAngleOffset:0,selfAngleOffsetPit:0,currCaliAngleHrz:0,currCaliAnglePit:0,selfCaliAngleHrz:0,selfCaliAnglePit:0,servCaliAngleHrz:0,servCaliAnglePit:0,offlineCaliAngleHrz:0,offlineCaliAnglePit:0,determine2useFlag:0,IMU_Z_Accel:-21.592,IMU_X_AngularRate:-2.093,IMU_Y_AngularRate:-2.093,IMU_RollAngle:-180,IMU_PitchAngle:-180,IMU_YawAngle:-180,FcwID:0,FCWWarningLevel:0,FCWTTC:0
0,2.32,0,30.1,29,0,0,0,8.2,1.37605e-33,0,0,0,-9,0,0,0,0,-0.00229183,0,0,0,0,0,0,0,0,0,1,78,60,0,0.00034,0.00034,3,5,0,0,0,0,0,0,0,0,0,0,1,0,1,0,0,0,0,0,0,0,0,,0,0,0,0,
1,2.8,0,-34.05,43,0,0,0,1.75,0,0,0,0,6,0,0,0,0,-0.00229183,0,0,0,0,0,0,0,0,0,1,92,60,0,0.00034,0.00034,3,0,0,0,0,0,0,0,0,0,0,0,1,0,1,0,0,0,0,0,0,0,0,,0,0,0,0,
2,3.24,0,13.5,38.5,0,0,0,2.55,0,0,0,0,-7,0,0,0,0,-0.00229183,0,0,0,0,0,0,0,0,0,1,87,60,0,0.00034,0.00034,3,0,0,0,0,0,0,0,0,0,0,0,1,0,1,0,0,0,0,0,0,0,0,,0,0,0,0,
3,3.64,0,45.4,31.5,0,0,0,-8.85,0,0,0,0,5,0,0,0,0,-0.00229183,0,0,0,0,0,0,0,0,0,1,80,60,0,0.00034,0.00034,3,5,0,0,0,0,0,0,0,0,0,0,1,0,1,0,0,0,0,0,0,0,0,,0,0,0,0,
4,4.03,0,2.2,41.5,0,0,0,0.55,0,0,0,0,-6,0,0,0,0,-0.00229183,0,0,0,0,0,0,0,0,0,1,89,60,0,0.00034,0.00034,3,5,0,0,0,0,0,0,0,0,0,0,1,0,1,0,0,0,0,0,0,0,0,,0,0,0,0,
5,5.17,0,-35.05,33.5,0,0,0,-3.45,0,0,0,0,-6,0,0,0,0,-0.00229183,0,0,0,0,0,0,0,0,0,1,79,60,0,0.00034,0.00034,3,5,0,0,0,0,0,0,0,0,0,0,1,0,1,0,0,0,0,0,0,0,0,,0,0,0,0,
6,5.17,0,-40.55,33.5,0,0,0,0.3,0,0,0,0,-3,0,0,0,0,-0.00229183,0,0,0,0,0,0,0,0,0,1,79,60,0,0.00034,0.00034,3,5,0,0,0,0,0,0,0,0,0,0,1,0,1,0,0,0,0,0,0,0,0,,0,0,0,0,
7,5.61,0,-34.55,35.5,0,0,0,-3.05,0,0,0,0,-4,0,0,0,0,-0.00229183,0,0,0,0,0,0,0,0,0,1,80,60,0,0.00034,0.00034,3,5,0,0,0,0,0,0,0,0,0,0,1,0,1,0,0,0,0,0,0,0,0,,0,0,0,0,
8,5.61,0,-24.15,35.5,0,0,0,-5.7,0,0,0,0,-9,0,0,0,0,-0.00229183,0,0,0,0,0,0,0,0,0,1,80,60,0,0.00034,0.00034,3,5,0,0,0,0,0,0,0,0,0,0,1,0,1,0,0,0,0,0,0,0,0,,0,0,0,0,
9,5.83,0,-40.7,30.5,0,0,0,0.2,0,0,0,0,-5.5,0,0,0,0,-0.00229183,0,0,0,0,0,0,0,0,0,1,75,60,0,0.00034,0.00034,3,5,0,0,0,0,0,0,0,0,0,0,1,0,1,0,0,0,0,0,0,0,0,,0,0,0,0,
10,6.63,0,-53.95,24.5,0,0,0,-3,0,0,0,0,0.5,0,0,0,0,-0.00229183,0,0,0,0,0,0,0,0,0,1,70,60,0,0.00034,0.00034,3,5,0,0,0,0,0,0,0,0,0,0,1,0,1,0,0,0,0,0,0,0,0,,0,0,0,0,
11,7.03,0,-10.3,24.5,0,0,0,2.75,0,0,0,0,-22.5,0,0,0,0,-0.00229183,0,0,0,0,0,0,0,0,0,1,70,60,0,0.00034,0.00034,3,5,0,0,0,0,0,0,0,0,0,0,1,0,1,0,0,0,0,0,0,0,0,,0,0,0,0,
12,7.66,0,34.85,39,0,0,0,6.05,0,0,0,0,5,0,0,0,0,-0.00229183,0,0,0,0,0,0,0,0,0,1,85,60,0,0.00034,0.00034,3,0,0,0,0,0,0,0,0,0,0,0,1,0,1,0,0,0,0,0,0,0,0,,0,0,0,0,
13,8.25,0,-25.15,28.5,0,0,0,-1.85,0,0,0,0,-12.5,0,0,0,0,-0.00229183,0,0,0,0,0,0,0,0,0,1,75,60,0,0.00034,0.00034,3,0,0,0,0,0,0,0,0,0,0,0,1,0,1,0,0,0,0,0,0,0,0,,0,0,0,0,
14,8.48,0,69.2,30,0,0,0,-11.55,0,0,0,0,22,0,0,0,0,-0.00229183,0,0,0,0,0,0,0,0,0,1,76,60,0,0.00034,0.00034,3,7,0,0,0,0,0,0,0,0,0,0,1,0,1,0,0,0,0,0,0,0,0,,0,0,0,0,
15,8.9,0,-32.65,26.5,0,0,0,-1,0,0,0,0,-10,0,0,0,0,-0.00229183,0,0,0,0,0,0,0,0,0,1,73,60,0,0.00034,0.00034,3,5,0,0,0,0,0,0,0,0,0,0,1,0,1,0,0,0,0,0,0,0,0,,0,0,0,0,
16,9.39,0,-29.35,23,0,0,0,-2.45,0,0,0,0,-15,0,0,0,0,-0.00229183,0,0,0,0,0,0,0,0,0,1,69,60,0,0.00034,0.00034,3,5,0,0,0,0,0,0,0,0,0,0,1,0,1,0,0,0,0,0,0,0,0,,0,0,0,0,
17,9.86,0,-28.35,20.5,0,0,0,-0.55,0,0,0,0,-18,0,0,0,0,-0.00229183,0,0,0,0,0,0,0,0,0,1,67,60,0,0.00034,0.00034,3,5,0,0,0,0,0,0,0,0,0,0,1,0,1,0,0,0,0,0,0,0,0,,0,0,0,0,
18,12.17,0,-12.55,26.5,0,0,0,12.8,0,0,0,0,-16,0,0,0,0,-0.00229183,0,0,0,0,0,0,0,0,0,1,73,60,0,0.00034,0.00034,3,5,0,0,0,0,0,0,0,0,0,0,1,0,1,0,0,0,0,0,0,0,0,,0,0,0,0,
19,13,0,-23.1,21.5,0,0,0,-1.7,0,0,0,0,-17.5,0,0,0,0,-0.00229183,0,0,0,0,0,0,0,0,0,1,68,60,0,0.00034,0.00034,3,5,0,0,0,0,0,0,0,0,0,0,1,0,1,0,0,0,0,0,0,0,0,,0,0,0,0,
END,Total:20
START,FrameNb:159,CameraNb:0,HeSaiNb:0,ARS410Nb:0
2026/08/02 16:23:58:439---->
heightOffset:0,1785659038439,1328020,selfCaliBufCnt:0,selfAccObjCnt:0,selfAccAngle:0,installHAngleOffset:0,Interpolation:0,installVAngleOffset:0,radarOffsetH:0,radarOffsetV:0.32,Polynom:-0.001023;-0.0511;-2.047;0;0;0;-0.001023;-0.0511;-2.047;-25.5;0;0,WheelDirection:0;0;0;0,selfAngleOffset:0,selfAngleOffsetPit:0,currCaliAngleHrz:0,currCaliAnglePit:0,selfCaliAngleHrz:0,selfCaliAnglePit:0,servCaliAngleHrz:0,servCaliAnglePit:0,offlineCaliAngleHrz:0,offlineCaliAnglePit:0,determine2useFlag:0,IMU_Z_Accel:-21.592,IMU_X_AngularRate:-2.093,IMU_Y_AngularRate:-2.093,IMU_RollAngle:-180,IMU_PitchAngle:-180,IMU_YawAngle:-180,FcwID:0,FCWWarningLevel:0,FCWTTC:0
0,2.32,0,30.05,29,0,0,0,7.7,1.37605e-33,0,0,0,-8.5,0,0,0,0,-0.00229183,0,0,0,0,0,0,0,0,0,1,78,59,0,0.00034,0.00034,3,5,0,0,0,0,0,0,0,0,0,0,1,0,0,0,0,0,0,0,0,0,0,,0,0,0,0,
1,2.8,0,-34.05,43,0,0,0,1.75,0,0,0,0,6,0,0,0,0,-0.00229183,0,0,0,0,0,0,0,0,0,1,92,59,0,0.00034,0.00034,3,0,0,0,0,0,0,0,0,0,0,0,1,0,0,0,0,0,0,0,0,0,0,,0,0,0,0,
2,3.25,0,13.55,38.5,0,0,0,2.55,0,0,0,0,-7,0,0,0,0,-0.00229183,0,0,0,0,0,0,0,0,0,1,87,59,0,0.00034,0.00034,3,0,0,0,0,0,0,0,0,0,0,0,1,0,0,0,0,0,0,0,0,0,0,,0,0,0,0,
3,3.62,0,45.95,31.5,0,0,0,-10.1,0,0,0,0,5,0,0,0,0,-0.00229183,0,0,0,0,0,0,0,0,0,1,80,59,0,0.00034,0.00034,3,5,0,0,0,0,0,0,0,0,0,0,1,0,0,0,0,0,0,0,0,0,0,,0,0,0,0,
4,4.03,0,2.2,41.5,0,0,0,0.55,0,0,0,0,-6,0,0,0,0,-0.00229183,0,0,0,0,0,0,0,0,0,1,89,59,0,0.00034,0.00034,3,5,0,0,0,0,0,0,0,0,0,0,1,0,0,0,0,0,0,0,0,0,0,,0,0,0,0,
5,5.16,0,-35.1,33.5,0,0,0,-3.45,0,0,0,0,-6,0,0,0,0,-0.00229183,0,0,0,0,0,0,0,0,0,1,79,59,0,0.00034,0.00034,3,5,0,0,0,0,0,0,0,0,0,0,1,0,0,0,0,0,0,0,0,0,0,,0,0,0,0,
6,5.16,0,-40.7,33.5,0,0,0,0.3,0,0,0,0,-3,0,0,0,0,-0.00229183,0,0,0,0,0,0,0,0,0,1,79,59,0,0.00034,0.00034,3,5,0,0,0,0,0,0,0,0,0,0,1,0,0,0,0,0,0,0,0,0,0,,0,0,0,0,
7,5.61,0,-34.6,36,0,0,0,-3.1,0,0,0,0,-4,0,0,0,0,-0.00229183,0,0,0,0,0,0,0,0,0,1,80,59,0,0.00034,0.00034,3,5,0,0,0,0,0,0,0,0,0,0,1,0,0,0,0,0,0,0,0,0,0,,0,0,0,0,
8,5.61,0,-24.1,36,0,0,0,-5.6,0,0,0,0,-9,0,0,0,0,-0.00229183,0,0,0,0,0,0,0,0,0,1,80,59,0,0.00034,0.00034,3,5,0,0,0,0,0,0,0,0,0,0,1,0,0,0,0,0,0,0,0,0,0,,0,0,0,0,
9,5.83,0,-40.7,30.5,0,0,0,-0.05,0,0,0,0,-5.5,0,0,0,0,-0.00229183,0,0,0,0,0,0,0,0,0,1,75,59,0,0.00034,0.00034,3,5,0,0,0,0,0,0,0,0,0,0,1,0,0,0,0,0,0,0,0,0,0,,0,0,0,0,
10,6.63,0,-53.7,24.5,0,0,0,-2.95,0,0,0,0,0.5,0,0,0,0,-0.00229183,0,0,0,0,0,0,0,0,0,1,70,59,0,0.00034,0.00034,3,5,0,0,0,0,0,0,0,0,0,0,1,0,0,0,0,0,0,0,0,0,0,,0,0,0,0,
11,7.03,0,-10.05,25,0,0,0,1.95,0,0,0,0,-22.5,0,0,0,0,-0.00229183,0,0,0,0,0,0,0,0,0,1,70,59,0,0.00034,0.00034,3,5,0,0,0,0,0,0,0,0,0,0,1,0,0,0,0,0,0,0,0,0,0,,0,0,0,0,
12,7.65,0,34.95,39.5,0,0,0,6.2,0,0,0,0,5,0,0,0,0,-0.00229183,0,0,0,0,0,0,0,0,0,1,86,59,0,0.00034,0.00034,3,0,0,0,0,0,0,0,0,0,0,0,1,0,0,0,0,0,0,0,0,0,0,,0,0,0,0,
13,8.24,0,-25.15,28.5,0,0,0,-2.2,0,0,0,0,-12,0,0,0,0,-0.00229183,0,0,0,0,0,0,0,0,0,1,75,59,0,0.00034,0.00034,3,0,0,0,0,0,0,0,0,0,0,0,1,0,0,0,0,0,0,0,0,0,0,,0,0,0,0,
14,8.65,0,44.9,30,0,0,0,5.8,0,0,0,0,4.5,0,0,0,0,-0.00229183,0,0,0,0,0,0,0,0,0,1,76,59,0,0.00034,0.00034,3,7,0,0,0,0,0,0,0,0,0,0,1,0,0,0,0,0,0,0,0,0,0,,0,0,0,0,
15,8.91,0,-32.7,26.5,0,0,0,-0.75,0,0,0,0,-10,0,0,0,0,-0.00229183,0,0,0,0,0,0,0,0,0,1,73,59,0,0.00034,0.00034,3,5,0,0,0,0,0,0,0,0,0,0,1,0,0,0,0,0,0,0,0,0,0,,0,0,0,0,
16,9.39,0,-29.35,23.5,0,0,0,-2.45,0,0,0,0,-14.5,0,0,0,0,-0.00229183,0,0,0,0,0,0,0,0,0,1,70,59,0,0.00034,0.00034,3,5,0,0,0,0,0,0,0,0,0,0,1,0,0,0,0,0,0,0,0,0,0,,0,0,0,0,
17,9.85,0,-28.3,21,0,0,0,-0.45,0,0,0,0,-17.5,0,0,0,0,-0.00229183,0,0,0,0,0,0,0,0,0,1,67,59,0,0.00034,0.00034,3,5,0,0,0,0,0,0,0,0,0,0,1,0,0,0,0,0,0,0,0,0,0,,0,0,0,0,
18,12.17,0,-12.6,26.5,0,0,0,13.15,0,0,0,0,-16.5,0,0,0,0,-0.00229183,0,0,0,0,0,0,0,0,0,1,73,59,0,0.00034,0.00034,3,5,0,0,0,0,0,0,0,0,0,0,1,0,0,0,0,0,0,0,0,0,0,,0,0,0,0,
19,13,0,-23.1,21.5,0,0,0,-2,0,0,0,0,-17.5,0,0,0,0,-0.00229183,0,0,0,0,0,0,0,0,0,1,68,59,0,0.00034,0.00034,3,5,0,0,0,0,0,0,0,0,0,0,1,0,0,0,0,0,0,0,0,0,0,,0,0,0,0,
END,Total:20
START,FrameNb:160,CameraNb:0,HeSaiNb:0,ARS410Nb:0
2026/08/02 16:23:58:478---->
heightOffset:0,1785659038478,1328080,selfCaliBufCnt:0,selfAccObjCnt:0,selfAccAngle:0,installHAngleOffset:0,Interpolation:0,installVAngleOffset:0,radarOffsetH:0,radarOffsetV:0.32,Polynom:-0.001023;-0.0511;-2.047;0;0;0;-0.001023;-0.0511;-2.047;-25.5;0;0,WheelDirection:0;0;0;0,selfAngleOffset:0,selfAngleOffsetPit:0,currCaliAngleHrz:0,currCaliAnglePit:0,selfCaliAngleHrz:0,selfCaliAnglePit:0,servCaliAngleHrz:0,servCaliAnglePit:0,offlineCaliAngleHrz:0,offlineCaliAnglePit:0,determine2useFlag:0,IMU_Z_Accel:-21.592,IMU_X_AngularRate:-2.093,IMU_Y_AngularRate:-2.093,IMU_RollAngle:-180,IMU_PitchAngle:-180,IMU_YawAngle:-180,FcwID:0,FCWWarningLevel:0,FCWTTC:0
0,2.32,0,30.1,29,0,0,0,8.25,1.37605e-33,0,0,0,-8.5,0,0,0,0,-0.00229183,0,0,0,0,0,0,0,0,0,1,78,55,0,0.00034,0.00034,3,5,0,0,0,0,0,0,0,0,0,0,1,0,1,0,0,0,0,0,0,0,0,,0,0,0,0,
1,2.8,0,-34.05,43.5,0,0,0,1.75,0,0,0,0,6,0,0,0,0,-0.00229183,0,0,0,0,0,0,0,0,0,1,92,55,0,0.00034,0.00034,3,0,0,0,0,0,0,0,0,0,0,0,1,0,1,0,0,0,0,0,0,0,0,,0,0,0,0,
2,3.24,0,13.55,38.5,0,0,0,2.55,0,0,0,0,-7,0,0,0,0,-0.00229183,0,0,0,0,0,0,0,0,0,1,87,55,0,0.00034,0.00034,3,0,0,0,0,0,0,0,0,0,0,0,1,0,1,0,0,0,0,0,0,0,0,,0,0,0,0,
3,3.63,0,45.45,31.5,0,0,0,-9.2,0,0,0,0,5,0,0,0,0,-0.00229183,0,0,0,0,0,0,0,0,0,1,80,55,0,0.00034,0.00034,3,5,0,0,0,0,0,0,0,0,0,0,1,0,1,0,0,0,0,0,0,0,0,,0,0,0,0,
4,4.03,0,2.2,41.5,0,0,0,0.55,0,0,0,0,-6.5,0,0,0,0,-0.00229183,0,0,0,0,0,0,0,0,0,1,89,55,0,0.00034,0.00034,3,5,0,0,0,0,0,0,0,0,0,0,1,0,1,0,0,0,0,0,0,0,0,,0,0,0,0,
5,5.17,0,-35.05,34,0,0,0,-3.35,0,0,0,0,-6,0,0,0,0,-0.00229183,0,0,0,0,0,0,0,0,0,1,79,55,0,0.00034,0.00034,3,5,0,0,0,0,0,0,0,0,0,0,1,0,1,0,0,0,0,0,0,0,0,,0,0,0,0,
6,5.17,0,-40.6,34,0,0,0,0.25,0,0,0,0,-3,0,0,0,0,-0.00229183,0,0,0,0,0,0,0,0,0,1,79,55,0,0.00034,0.00034,3,5,0,0,0,0,0,0,0,0,0,0,1,0,1,0,0,0,0,0,0,0,0,,0,0,0,0,
7,5.61,0,-34.6,36,0,0,0,-3.05,0,0,0,0,-4,0,0,0,0,-0.00229183,0,0,0,0,0,0,0,0,0,1,80,55,0,0.00034,0.00034,3,5,0,0,0,0,0,0,0,0,0,0,1,0,1,0,0,0,0,0,0,0,0,,0,0,0,0,
8,5.61,0,-24.1,36,0,0,0,-5.55,0,0,0,0,-9,0,0,0,0,-0.00229183,0,0,0,0,0,0,0,0,0,1,80,55,0,0.00034,0.00034,3,5,0,0,0,0,0,0,0,0,0,0,1,0,1,0,0,0,0,0,0,0,0,,0,0,0,0,
9,5.83,0,-40.85,30.5,0,0,0,0.25,0,0,0,0,-5.5,0,0,0,0,-0.00229183,0,0,0,0,0,0,0,0,0,1,76,55,0,0.00034,0.00034,3,5,0,0,0,0,0,0,0,0,0,0,1,0,1,0,0,0,0,0,0,0,0,,0,0,0,0,
10,6.63,0,-53.7,24.5,0,0,0,-3.1,0,0,0,0,1,0,0,0,0,-0.00229183,0,0,0,0,0,0,0,0,0,1,70,55,0,0.00034,0.00034,3,5,0,0,0,0,0,0,0,0,0,0,1,0,1,0,0,0,0,0,0,0,0,,0,0,0,0,
11,7.02,0,-33.35,25,0,0,0,7.65,0,0,0,0,-13.5,0,0,0,0,-0.00229183,0,0,0,0,0,0,0,0,0,1,70,55,0,0.00034,0.00034,3,5,0,0,0,0,0,0,0,0,0,0,1,0,1,0,0,0,0,0,0,0,0,,0,0,0,0,
12,7.65,0,35,40,0,0,0,6.3,0,0,0,0,6.5,0,0,0,0,-0.00229183,0,0,0,0,0,0,0,0,0,1,86,55,0,0.00034,0.00034,3,5,0,0,0,0,0,0,0,0,0,0,1,0,1,0,0,0,0,0,0,0,0,,0,0,0,0,
13,8.25,0,-25.1,28.5,0,0,0,-2.05,0,0,0,0,-12.5,0,0,0,0,-0.00229183,0,0,0,0,0,0,0,0,0,1,75,55,0,0.00034,0.00034,3,0,0,0,0,0,0,0,0,0,0,0,1,0,1,0,0,0,0,0,0,0,0,,0,0,0,0,
14,8.48,0,44.85,30,0,0,0,6,0,0,0,0,4.5,0,0,0,0,-0.00229183,0,0,0,0,0,0,0,0,0,1,76,55,0,0.00034,0.00034,3,7,0,0,0,0,0,0,0,0,0,0,1,0,1,0,0,0,0,0,0,0,0,,0,0,0,0,
15,8.9,0,-32.65,26.5,0,0,0,-0.6,0,0,0,0,-10,0,0,0,0,-0.00229183,0,0,0,0,0,0,0,0,0,1,73,55,0,0.00034,0.00034,3,5,0,0,0,0,0,0,0,0,0,0,1,0,1,0,0,0,0,0,0,0,0,,0,0,0,0,
16,9.38,0,-29.35,23.5,0,0,0,-2.6,0,0,0,0,-14.5,0,0,0,0,-0.00229183,0,0,0,0,0,0,0,0,0,1,70,55,0,0.00034,0.00034,3,5,0,0,0,0,0,0,0,0,0,0,1,0,1,0,0,0,0,0,0,0,0,,0,0,0,0,
17,9.85,0,-28.35,21,0,0,0,-0.6,0,0,0,0,-18,0,0,0,0,-0.00229183,0,0,0,0,0,0,0,0,0,1,67,55,0,0.00034,0.00034,3,5,0,0,0,0,0,0,0,0,0,0,1,0,1,0,0,0,0,0,0,0,0,,0,0,0,0,
18,12.17,0,-12.55,26.5,0,0,0,12.95,0,0,0,0,-16.5,0,0,0,0,-0.00229183,0,0,0,0,0,0,0,0,0,1,73,55,0,0.00034,0.00034,3,5,0,0,0,0,0,0,0,0,0,0,1,0,1,0,0,0,0,0,0,0,0,,0,0,0,0,
19,13.01,0,-23.1,21.5,0,0,0,-1.8,0,0,0,0,-17.5,0,0,0,0,-0.00229183,0,0,0,0,0,0,0,0,0,1,68,55,0,0.00034,0.00034,3,5,0,0,0,0,0,0,0,0,0,0,1,0,1,0,0,0,0,0,0,0,0,,0,0,0,0,
END,Total:20
START,FrameNb:161,CameraNb:0,HeSaiNb:0,ARS410Nb:0
2026/08/02 16:23:58:605---->
heightOffset:0,1785659038605,1328132,selfCaliBufCnt:0,selfAccObjCnt:0,selfAccAngle:0,installHAngleOffset:0,Interpolation:0,installVAngleOffset:0,radarOffsetH:0,radarOffsetV:0.32,Polynom:-0.001023;-0.0511;-2.047;0;0;0;-0.001023;-0.0511;-2.047;-25.5;0;0,WheelDirection:0;0;0;0,selfAngleOffset:0,selfAngleOffsetPit:0,currCaliAngleHrz:0,currCaliAnglePit:0,selfCaliAngleHrz:0,selfCaliAnglePit:0,servCaliAngleHrz:0,servCaliAnglePit:0,offlineCaliAngleHrz:0,offlineCaliAnglePit:0,determine2useFlag:0,IMU_Z_Accel:-21.592,IMU_X_AngularRate:-2.093,IMU_Y_AngularRate:-2.093,IMU_RollAngle:-180,IMU_PitchAngle:-180,IMU_YawAngle:-180,FcwID:0,FCWWarningLevel:0,FCWTTC:0
0,2.32,0,30.1,29,0,0,0,7.65,1.37605e-33,0,0,0,-8.5,0,0,0,0,-0.00229183,0,0,0,0,0,0,0,0,0,1,78,58,0,0.00034,0.00034,3,5,0,0,0,0,0,0,0,0,0,0,1,0,0,0,0,0,0,0,0,0,0,,0,0,0,0,
1,2.8,0,-34.05,43.5,0,0,0,1.75,0,0,0,0,6,0,0,0,0,-0.00229183,0,0,0,0,0,0,0,0,0,1,92,58,0,0.00034,0.00034,3,0,0,0,0,0,0,0,0,0,0,0,1,0,0,0,0,0,0,0,0,0,0,,0,0,0,0,
2,3.25,0,13.55,38.5,0,0,0,2.55,0,0,0,0,-7,0,0,0,0,-0.00229183,0,0,0,0,0,0,0,0,0,1,87,58,0,0.00034,0.00034,3,0,0,0,0,0,0,0,0,0,0,0,1,0,0,0,0,0,0,0,0,0,0,,0,0,0,0,
3,3.59,0,45.65,32,0,0,0,-9.75,0,0,0,0,5,0,0,0,0,-0.00229183,0,0,0,0,0,0,0,0,0,1,80,58,0,0.00034,0.00034,3,5,0,0,0,0,0,0,0,0,0,0,1,0,0,0,0,0,0,0,0,0,0,,0,0,0,0,
4,4.03,0,2.2,41.5,0,0,0,0.45,0,0,0,0,-6,0,0,0,0,-0.00229183,0,0,0,0,0,0,0,0,0,1,89,58,0,0.00034,0.00034,3,5,0,0,0,0,0,0,0,0,0,0,1,0,0,0,0,0,0,0,0,0,0,,0,0,0,0,
5,5.16,0,-35.05,34,0,0,0,-3.35,0,0,0,0,-6,0,0,0,0,-0.00229183,0,0,0,0,0,0,0,0,0,1,79,58,0,0.00034,0.00034,3,5,0,0,0,0,0,0,0,0,0,0,1,0,0,0,0,0,0,0,0,0,0,,0,0,0,0,
6,5.16,0,-40.65,34,0,0,0,0.25,0,0,0,0,-3,0,0,0,0,-0.00229183,0,0,0,0,0,0,0,0,0,1,79,58,0,0.00034,0.00034,3,5,0,0,0,0,0,0,0,0,0,0,1,0,0,0,0,0,0,0,0,0,0,,0,0,0,0,
7,5.61,0,-34.7,35.5,0,0,0,-3.1,0,0,0,0,-4,0,0,0,0,-0.00229183,0,0,0,0,0,0,0,0,0,1,80,58,0,0.00034,0.00034,3,5,0,0,0,0,0,0,0,0,0,0,1,0,0,0,0,0,0,0,0,0,0,,0,0,0,0,
8,5.61,0,-24.15,35.5,0,0,0,-5.55,0,0,0,0,-9,0,0,0,0,-0.00229183,0,0,0,0,0,0,0,0,0,1,80,58,0,0.00034,0.00034,3,5,0,0,0,0,0,0,0,0,0,0,1,0,0,0,0,0,0,0,0,0,0,,0,0,0,0,
9,5.83,0,-40.4,30.5,0,0,0,0.15,0,0,0,0,-5.5,0,0,0,0,-0.00229183,0,0,0,0,0,0,0,0,0,1,75,58,0,0.00034,0.00034,3,5,0,0,0,0,0,0,0,0,0,0,1,0,0,0,0,0,0,0,0,0,0,,0,0,0,0,
10,6.62,0,-53.45,24.5,0,0,0,-3.45,0,0,0,0,0.5,0,0,0,0,-0.00229183,0,0,0,0,0,0,0,0,0,1,70,58,0,0.00034,0.00034,3,5,0,0,0,0,0,0,0,0,0,0,1,0,0,0,0,0,0,0,0,0,0,,0,0,0,0,
11,7.03,0,-10.3,24.5,0,0,0,2.4,0,0,0,0,-23,0,0,0,0,-0.00229183,0,0,0,0,0,0,0,0,0,1,70,58,0,0.00034,0.00034,3,5,0,0,0,0,0,0,0,0,0,0,1,0,0,0,0,0,0,0,0,0,0,,0,0,0,0,
12,7.65,0,34.95,40,0,0,0,6.45,0,0,0,0,5.5,0,0,0,0,-0.00229183,0,0,0,0,0,0,0,0,0,1,86,58,0,0.00034,0.00034,3,5,0,0,0,0,0,0,0,0,0,0,1,0,0,0,0,0,0,0,0,0,0,,0,0,0,0,
13,8.25,0,-25.15,29,0,0,0,11.4,0,0,0,0,-12,0,0,0,0,-0.00229183,0,0,0,0,0,0,0,0,0,1,75,58,0,0.00034,0.00034,3,0,0,0,0,0,0,0,0,0,0,0,1,0,0,0,0,0,0,0,0,0,0,,0,0,0,0,
14,8.65,0,44.85,30,0,0,0,5.95,0,0,0,0,4.5,0,0,0,0,-0.00229183,0,0,0,0,0,0,0,0,0,1,76,58,0,0.00034,0.00034,3,7,0,0,0,0,0,0,0,0,0,0,1,0,0,0,0,0,0,0,0,0,0,,0,0,0,0,
15,8.91,0,-32.65,26.5,0,0,0,-0.8,0,0,0,0,-9.5,0,0,0,0,-0.00229183,0,0,0,0,0,0,0,0,0,1,73,58,0,0.00034,0.00034,3,5,0,0,0,0,0,0,0,0,0,0,1,0,0,0,0,0,0,0,0,0,0,,0,0,0,0,
16,9.37,0,-29.3,23,0,0,0,-2.7,0,0,0,0,-15,0,0,0,0,-0.00229183,0,0,0,0,0,0,0,0,0,1,70,58,0,0.00034,0.00034,3,5,0,0,0,0,0,0,0,0,0,0,1,0,0,0,0,0,0,0,0,0,0,,0,0,0,0,
17,9.87,0,-28.4,20.5,0,0,0,-0.45,0,0,0,0,-18,0,0,0,0,-0.00229183,0,0,0,0,0,0,0,0,0,1,67,58,0,0.00034,0.00034,3,5,0,0,0,0,0,0,0,0,0,0,1,0,0,0,0,0,0,0,0,0,0,,0,0,0,0,
18,12.16,0,-12.6,26.5,0,0,0,12.95,0,0,0,0,-16,0,0,0,0,-0.00229183,0,0,0,0,0,0,0,0,0,1,73,58,0,0.00034,0.00034,3,5,0,0,0,0,0,0,0,0,0,0,1,0,0,0,0,0,0,0,0,0,0,,0,0,0,0,
19,13,0,-23.1,21.5,0,0,0,-1.85,0,0,0,0,-18,0,0,0,0,-0.00229183,0,0,0,0,0,0,0,0,0,1,68,58,0,0.00034,0.00034,3,5,0,0,0,0,0,0,0,0,0,0,1,0,0,0,0,0,0,0,0,0,0,,0,0,0,0,
END,Total:20
START,FrameNb:162,CameraNb:0,HeSaiNb:0,ARS410Nb:0
2026/08/02 16:23:58:635---->
heightOffset:0,1785659038635,1328192,selfCaliBufCnt:0,selfAccObjCnt:0,selfAccAngle:0,installHAngleOffset:0,Interpolation:0,installVAngleOffset:0,radarOffsetH:0,radarOffsetV:0.32,Polynom:-0.001023;-0.0511;-2.047;0;0;0;-0.001023;-0.0511;-2.047;-25.5;0;0,WheelDirection:0;0;0;0,selfAngleOffset:0,selfAngleOffsetPit:0,currCaliAngleHrz:0,currCaliAnglePit:0,selfCaliAngleHrz:0,selfCaliAnglePit:0,servCaliAngleHrz:0,servCaliAnglePit:0,offlineCaliAngleHrz:0,offlineCaliAnglePit:0,determine2useFlag:0,IMU_Z_Accel:-21.592,IMU_X_AngularRate:-2.093,IMU_Y_AngularRate:-2.093,IMU_RollAngle:-180,IMU_PitchAngle:-180,IMU_YawAngle:-180,FcwID:0,FCWWarningLevel:0,FCWTTC:0
0,2.32,0,30.1,29,0,0,0,8.2,1.37605e-33,0,0,0,-8.5,0,0,0,0,-0.00229183,0,0,0,0,0,0,0,0,0,1,78,54,0,0.00034,0.00034,3,5,0,0,0,0,0,0,0,0,0,0,1,0,1,0,0,0,0,0,0,0,0,,0,0,0,0,
1,2.8,0,-34.05,43.5,0,0,0,1.75,0,0,0,0,6,0,0,0,0,-0.00229183,0,0,0,0,0,0,0,0,0,1,92,54,0,0.00034,0.00034,3,0,0,0,0,0,0,0,0,0,0,0,1,0,1,0,0,0,0,0,0,0,0,,0,0,0,0,
2,3.24,0,13.5,38.5,0,0,0,2.55,0,0,0,0,-7,0,0,0,0,-0.00229183,0,0,0,0,0,0,0,0,0,1,87,54,0,0.00034,0.00034,3,0,0,0,0,0,0,0,0,0,0,0,1,0,1,0,0,0,0,0,0,0,0,,0,0,0,0,
3,3.74,0,45.2,31.5,0,0,0,-8.2,0,0,0,0,5,0,0,0,0,-0.00229183,0,0,0,0,0,0,0,0,0,1,80,54,0,0.00034,0.00034,3,5,0,0,0,0,0,0,0,0,0,0,1,0,1,0,0,0,0,0,0,0,0,,0,0,0,0,
4,4.03,0,2.2,41.5,0,0,0,0.55,0,0,0,0,-6.5,0,0,0,0,-0.00229183,0,0,0,0,0,0,0,0,0,1,89,54,0,0.00034,0.00034,3,5,0,0,0,0,0,0,0,0,0,0,1,0,1,0,0,0,0,0,0,0,0,,0,0,0,0,
5,5.16,0,-35.05,33.5,0,0,0,-3.3,0,0,0,0,-6,0,0,0,0,-0.00229183,0,0,0,0,0,0,0,0,0,1,79,54,0,0.00034,0.00034,3,5,0,0,0,0,0,0,0,0,0,0,1,0,1,0,0,0,0,0,0,0,0,,0,0,0,0,
6,5.16,0,-40.55,33.5,0,0,0,0.2,0,0,0,0,-3,0,0,0,0,-0.00229183,0,0,0,0,0,0,0,0,0,1,79,54,0,0.00034,0.00034,3,5,0,0,0,0,0,0,0,0,0,0,1,0,1,0,0,0,0,0,0,0,0,,0,0,0,0,
7,5.62,0,-34.6,36,0,0,0,-3.05,0,0,0,0,-4,0,0,0,0,-0.00229183,0,0,0,0,0,0,0,0,0,1,80,54,0,0.00034,0.00034,3,5,0,0,0,0,0,0,0,0,0,0,1,0,1,0,0,0,0,0,0,0,0,,0,0,0,0,
8,5.62,0,-24.1,36,0,0,0,-5.6,0,0,0,0,-9,0,0,0,0,-0.00229183,0,0,0,0,0,0,0,0,0,1,80,54,0,0.00034,0.00034,3,5,0,0,0,0,0,0,0,0,0,0,1,0,1,0,0,0,0,0,0,0,0,,0,0,0,0,
9,5.83,0,-40.9,30.5,0,0,0,0.3,0,0,0,0,-6,0,0,0,0,-0.00229183,0,0,0,0,0,0,0,0,0,1,75,54,0,0.00034,0.00034,3,5,0,0,0,0,0,0,0,0,0,0,1,0,1,0,0,0,0,0,0,0,0,,0,0,0,0,
10,6.62,0,4.9,24.5,0,0,0,-13.35,0,0,0,0,-23.5,0,0,0,0,-0.00229183,0,0,0,0,0,0,0,0,0,1,70,54,0,0.00034,0.00034,2,-1,0,0,0,0,0,0,0,0,0,0,1,0,1,0,0,0,0,0,0,0,0,,0,0,0,0,
11,7.02,0,-10.5,24.5,0,0,0,-8.45,0,0,0,0,-23,0,0,0,0,-0.00229183,0,0,0,0,0,0,0,0,0,1,70,54,0,0.00034,0.00034,3,5,0,0,0,0,0,0,0,0,0,0,1,0,1,0,0,0,0,0,0,0,0,,0,0,0,0,
12,7.65,0,34.95,40,0,0,0,6.45,0,0,0,0,5.5,0,0,0,0,-0.00229183,0,0,0,0,0,0,0,0,0,1,86,54,0,0.00034,0.00034,3,5,0,0,0,0,0,0,0,0,0,0,1,0,1,0,0,0,0,0,0,0,0,,0,0,0,0,
13,8.25,0,-25.1,28.5,0,0,0,-1.8,0,0,0,0,-12,0,0,0,0,-0.00229183,0,0,0,0,0,0,0,0,0,1,75,54,0,0.00034,0.00034,3,0,0,0,0,0,0,0,0,0,0,0,1,0,1,0,0,0,0,0,0,0,0,,0,0,0,0,
14,8.48,0,69.2,30,0,0,0,-11.55,0,0,0,0,22.5,0,0,0,0,-0.00229183,0,0,0,0,0,0,0,0,0,1,77,54,0,0.00034,0.00034,2,-1,0,0,0,0,0,0,0,0,0,0,1,0,1,0,0,0,0,0,0,0,0,,0,0,0,0,
15,8.9,0,-32.65,26.5,0,0,0,-0.7,0,0,0,0,-10,0,0,0,0,-0.00229183,0,0,0,0,0,0,0,0,0,1,73,54,0,0.00034,0.00034,3,5,0,0,0,0,0,0,0,0,0,0,1,0,1,0,0,0,0,0,0,0,0,,0,0,0,0,
16,9.38,0,-29.35,23,0,0,0,-2.75,0,0,0,0,-15,0,0,0,0,-0.00229183,0,0,0,0,0,0,0,0,0,1,69,54,0,0.00034,0.00034,3,5,0,0,0,0,0,0,0,0,0,0,1,0,1,0,0,0,0,0,0,0,0,,0,0,0,0,
17,9.87,0,-28.35,21,0,0,0,-0.7,0,0,0,0,-17.5,0,0,0,0,-0.00229183,0,0,0,0,0,0,0,0,0,1,67,54,0,0.00034,0.00034,3,5,0,0,0,0,0,0,0,0,0,0,1,0,1,0,0,0,0,0,0,0,0,,0,0,0,0,
18,12.16,0,-12.55,27,0,0,0,12.8,0,0,0,0,-16,0,0,0,0,-0.00229183,0,0,0,0,0,0,0,0,0,1,74,54,0,0.00034,0.00034,3,5,0,0,0,0,0,0,0,0,0,0,1,0,1,0,0,0,0,0,0,0,0,,0,0,0,0,
19,13.01,0,-23.1,21.5,0,0,0,-1.8,0,0,0,0,-18,0,0,0,0,-0.00229183,0,0,0,0,0,0,0,0,0,1,68,54,0,0.00034,0.00034,3,5,0,0,0,0,0,0,0,0,0,0,1,0,1,0,0,0,0,0,0,0,0,,0,0,0,0,
END,Total:20
START,FrameNb:163,CameraNb:0,HeSaiNb:0,ARS410Nb:0
2026/08/02 16:23:58:686---->
heightOffset:0,1785659038686,1328248,selfCaliBufCnt:0,selfAccObjCnt:0,selfAccAngle:0,installHAngleOffset:0,Interpolation:0,installVAngleOffset:0,radarOffsetH:0,radarOffsetV:0.32,Polynom:-0.001023;-0.0511;-2.047;0;0;0;-0.001023;-0.0511;-2.047;-25.5;0;0,WheelDirection:0;0;0;0,selfAngleOffset:0,selfAngleOffsetPit:0,currCaliAngleHrz:0,currCaliAnglePit:0,selfCaliAngleHrz:0,selfCaliAnglePit:0,servCaliAngleHrz:0,servCaliAnglePit:0,offlineCaliAngleHrz:0,offlineCaliAnglePit:0,determine2useFlag:0,IMU_Z_Accel:-21.592,IMU_X_AngularRate:-2.093,IMU_Y_AngularRate:-2.093,IMU_RollAngle:-180,IMU_PitchAngle:-180,IMU_YawAngle:-180,FcwID:0,FCWWarningLevel:0,FCWTTC:0
0,2.32,0,30.1,29,0,0,0,7.7,1.37605e-33,0,0,0,-8.5,0,0,0,0,-0.00229183,0,0,0,0,0,0,0,0,0,1,78,58,0,0.00034,0.00034,3,5,0,0,0,0,0,0,0,0,0,0,1,0,0,0,0,0,0,0,0,0,0,,0,0,0,0,
1,2.8,0,-34.05,43.5,0,0,0,1.75,0,0,0,0,6,0,0,0,0,-0.00229183,0,0,0,0,0,0,0,0,0,1,92,58,0,0.00034,0.00034,3,0,0,0,0,0,0,0,0,0,0,0,1,0,0,0,0,0,0,0,0,0,0,,0,0,0,0,
2,3.25,0,13.55,38.5,0,0,0,2.55,0,0,0,0,-7,0,0,0,0,-0.00229183,0,0,0,0,0,0,0,0,0,1,87,58,0,0.00034,0.00034,3,0,0,0,0,0,0,0,0,0,0,0,1,0,0,0,0,0,0,0,0,0,0,,0,0,0,0,
3,3.58,0,45.85,32,0,0,0,-10.1,0,0,0,0,5,0,0,0,0,-0.00229183,0,0,0,0,0,0,0,0,0,1,80,58,0,0.00034,0.00034,3,5,0,0,0,0,0,0,0,0,0,0,1,0,0,0,0,0,0,0,0,0,0,,0,0,0,0,
4,4.03,0,2.2,41.5,0,0,0,0.55,0,0,0,0,-6,0,0,0,0,-0.00229183,0,0,0,0,0,0,0,0,0,1,89,58,0,0.00034,0.00034,3,5,0,0,0,0,0,0,0,0,0,0,1,0,0,0,0,0,0,0,0,0,0,,0,0,0,0,
5,5.16,0,-35.05,34,0,0,0,-3.3,0,0,0,0,-6,0,0,0,0,-0.00229183,0,0,0,0,0,0,0,0,0,1,79,58,0,0.00034,0.00034,3,5,0,0,0,0,0,0,0,0,0,0,1,0,0,0,0,0,0,0,0,0,0,,0,0,0,0,
6,5.16,0,-40.6,34,0,0,0,0.25,0,0,0,0,-3,0,0,0,0,-0.00229183,0,0,0,0,0,0,0,0,0,1,79,58,0,0.00034,0.00034,3,5,0,0,0,0,0,0,0,0,0,0,1,0,0,0,0,0,0,0,0,0,0,,0,0,0,0,
7,5.61,0,-34.65,36,0,0,0,-3.05,0,0,0,0,-4,0,0,0,0,-0.00229183,0,0,0,0,0,0,0,0,0,1,80,58,0,0.00034,0.00034,3,5,0,0,0,0,0,0,0,0,0,0,1,0,0,0,0,0,0,0,0,0,0,,0,0,0,0,
8,5.61,0,-24.15,36,0,0,0,-5.55,0,0,0,0,-9,0,0,0,0,-0.00229183,0,0,0,0,0,0,0,0,0,1,80,58,0,0.00034,0.00034,3,5,0,0,0,0,0,0,0,0,0,0,1,0,0,0,0,0,0,0,0,0,0,,0,0,0,0,
9,5.83,0,-40.7,30.5,0,0,0,0.15,0,0,0,0,-5.5,0,0,0,0,-0.00229183,0,0,0,0,0,0,0,0,0,1,75,58,0,0.00034,0.00034,3,5,0,0,0,0,0,0,0,0,0,0,1,0,0,0,0,0,0,0,0,0,0,,0,0,0,0,
10,6.62,0,-53.8,24.5,0,0,0,-3.55,0,0,0,0,0.5,0,0,0,0,-0.00229183,0,0,0,0,0,0,0,0,0,1,70,58,0,0.00034,0.00034,3,5,0,0,0,0,0,0,0,0,0,0,1,0,0,0,0,0,0,0,0,0,0,,0,0,0,0,
11,7.02,0,-10.35,24.5,0,0,0,2.2,0,0,0,0,-23,0,0,0,0,-0.00229183,0,0,0,0,0,0,0,0,0,1,70,58,0,0.00034,0.00034,3,5,0,0,0,0,0,0,0,0,0,0,1,0,0,0,0,0,0,0,0,0,0,,0,0,0,0,
12,7.65,0,35,39.5,0,0,0,6.55,0,0,0,0,6.5,0,0,0,0,-0.00229183,0,0,0,0,0,0,0,0,0,1,86,58,0,0.00034,0.00034,3,5,0,0,0,0,0,0,0,0,0,0,1,0,0,0,0,0,0,0,0,0,0,,0,0,0,0,
13,8.25,0,-25.3,29,0,0,0,-1.85,0,0,0,0,-12,0,0,0,0,-0.00229183,0,0,0,0,0,0,0,0,0,1,75,58,0,0.00034,0.00034,3,0,0,0,0,0,0,0,0,0,0,0,1,0,0,0,0,0,0,0,0,0,0,,0,0,0,0,
14,8.65,0,69.2,30,0,0,0,-11.45,0,0,0,0,22.5,0,0,0,0,-0.00229183,0,0,0,0,0,0,0,0,0,1,76,58,0,0.00034,0.00034,3,7,0,0,0,0,0,0,0,0,0,0,1,0,0,0,0,0,0,0,0,0,0,,0,0,0,0,
15,8.91,0,-32.7,26.5,0,0,0,-0.95,0,0,0,0,-10,0,0,0,0,-0.00229183,0,0,0,0,0,0,0,0,0,1,73,58,0,0.00034,0.00034,3,5,0,0,0,0,0,0,0,0,0,0,1,0,0,0,0,0,0,0,0,0,0,,0,0,0,0,
16,9.38,0,-29.2,23.5,0,0,0,-2.8,0,0,0,0,-14.5,0,0,0,0,-0.00229183,0,0,0,0,0,0,0,0,0,1,70,58,0,0.00034,0.00034,3,5,0,0,0,0,0,0,0,0,0,0,1,0,0,0,0,0,0,0,0,0,0,,0,0,0,0,
17,9.87,0,-28.45,21,0,0,0,-0.55,0,0,0,0,-17.5,0,0,0,0,-0.00229183,0,0,0,0,0,0,0,0,0,1,67,58,0,0.00034,0.00034,3,5,0,0,0,0,0,0,0,0,0,0,1,0,0,0,0,0,0,0,0,0,0,,0,0,0,0,
18,12.16,0,-12.55,27,0,0,0,12.95,0,0,0,0,-16,0,0,0,0,-0.00229183,0,0,0,0,0,0,0,0,0,1,74,58,0,0.00034,0.00034,3,5,0,0,0,0,0,0,0,0,0,0,1,0,0,0,0,0,0,0,0,0,0,,0,0,0,0,
19,13,0,-23.2,21.5,0,0,0,-1.8,0,0,0,0,-17.5,0,0,0,0,-0.00229183,0,0,0,0,0,0,0,0,0,1,68,58,0,0.00034,0.00034,3,5,0,0,0,0,0,0,0,0,0,0,1,0,0,0,0,0,0,0,0,0,0,,0,0,0,0,
END,Total:20
START,FrameNb:164,CameraNb:0,HeSaiNb:0,ARS410Nb:0
2026/08/02 16:23:58:729---->
heightOffset:0,1785659038729,1328308,selfCaliBufCnt:0,selfAccObjCnt:0,selfAccAngle:0,installHAngleOffset:0,Interpolation:0,installVAngleOffset:0,radarOffsetH:0,radarOffsetV:0.32,Polynom:-0.001023;-0.0511;-2.047;0;0;0;-0.001023;-0.0511;-2.047;-25.5;0;0,WheelDirection:0;0;0;0,selfAngleOffset:0,selfAngleOffsetPit:0,currCaliAngleHrz:0,currCaliAnglePit:0,selfCaliAngleHrz:0,selfCaliAnglePit:0,servCaliAngleHrz:0,servCaliAnglePit:0,offlineCaliAngleHrz:0,offlineCaliAnglePit:0,determine2useFlag:0,IMU_Z_Accel:-21.592,IMU_X_AngularRate:-2.093,IMU_Y_AngularRate:-2.093,IMU_RollAngle:-180,IMU_PitchAngle:-180,IMU_YawAngle:-180,FcwID:0,FCWWarningLevel:0,FCWTTC:0
0,2.32,0,30.05,29,0,0,0,8.2,1.37605e-33,0,0,0,-8.5,0,0,0,0,-0.00229183,0,0,0,0,0,0,0,0,0,1,78,58,0,0.00034,0.00034,3,5,0,0,0,0,0,0,0,0,0,0,1,0,1,0,0,0,0,0,0,0,0,,0,0,0,0,
1,2.8,0,-34.05,43,0,0,0,1.75,0,0,0,0,6,0,0,0,0,-0.00229183,0,0,0,0,0,0,0,0,0,1,92,58,0,0.00034,0.00034,3,0,0,0,0,0,0,0,0,0,0,0,1,0,1,0,0,0,0,0,0,0,0,,0,0,0,0,
2,3.25,0,13.5,38.5,0,0,0,2.55,0,0,0,0,-7,0,0,0,0,-0.00229183,0,0,0,0,0,0,0,0,0,1,87,58,0,0.00034,0.00034,3,0,0,0,0,0,0,0,0,0,0,0,1,0,1,0,0,0,0,0,0,0,0,,0,0,0,0,
3,3.72,0,45.55,31.5,0,0,0,-9.2,0,0,0,0,5,0,0,0,0,-0.00229183,0,0,0,0,0,0,0,0,0,1,80,58,0,0.00034,0.00034,3,5,0,0,0,0,0,0,0,0,0,0,1,0,1,0,0,0,0,0,0,0,0,,0,0,0,0,
4,4.03,0,2.2,41.5,0,0,0,0.55,0,0,0,0,-6.5,0,0,0,0,-0.00229183,0,0,0,0,0,0,0,0,0,1,89,58,0,0.00034,0.00034,3,5,0,0,0,0,0,0,0,0,0,0,1,0,1,0,0,0,0,0,0,0,0,,0,0,0,0,
5,5.16,0,-35.05,34,0,0,0,-3.35,0,0,0,0,-6,0,0,0,0,-0.00229183,0,0,0,0,0,0,0,0,0,1,79,58,0,0.00034,0.00034,3,5,0,0,0,0,0,0,0,0,0,0,1,0,1,0,0,0,0,0,0,0,0,,0,0,0,0,
6,5.16,0,-40.55,34,0,0,0,0.15,0,0,0,0,-3,0,0,0,0,-0.00229183,0,0,0,0,0,0,0,0,0,1,79,58,0,0.00034,0.00034,3,5,0,0,0,0,0,0,0,0,0,0,1,0,1,0,0,0,0,0,0,0,0,,0,0,0,0,
7,5.62,0,-34.6,36,0,0,0,-3,0,0,0,0,-4,0,0,0,0,-0.00229183,0,0,0,0,0,0,0,0,0,1,80,58,0,0.00034,0.00034,3,5,0,0,0,0,0,0,0,0,0,0,1,0,1,0,0,0,0,0,0,0,0,,0,0,0,0,
8,5.62,0,-24.15,36,0,0,0,-5.55,0,0,0,0,-9,0,0,0,0,-0.00229183,0,0,0,0,0,0,0,0,0,1,80,58,0,0.00034,0.00034,3,5,0,0,0,0,0,0,0,0,0,0,1,0,1,0,0,0,0,0,0,0,0,,0,0,0,0,
9,5.83,0,-40.9,30.5,0,0,0,0.2,0,0,0,0,-5.5,0,0,0,0,-0.00229183,0,0,0,0,0,0,0,0,0,1,76,58,0,0.00034,0.00034,3,5,0,0,0,0,0,0,0,0,0,0,1,0,1,0,0,0,0,0,0,0,0,,0,0,0,0,
10,6.63,0,-53.8,24.5,0,0,0,-2.75,0,0,0,0,0.5,0,0,0,0,-0.00229183,0,0,0,0,0,0,0,0,0,1,70,58,0,0.00034,0.00034,3,5,0,0,0,0,0,0,0,0,0,0,1,0,1,0,0,0,0,0,0,0,0,,0,0,0,0,
11,7.02,0,-10.3,24.5,0,0,0,-7.95,0,0,0,0,-23,0,0,0,0,-0.00229183,0,0,0,0,0,0,0,0,0,1,70,58,0,0.00034,0.00034,3,5,0,0,0,0,0,0,0,0,0,0,1,0,1,0,0,0,0,0,0,0,0,,0,0,0,0,
12,7.65,0,35.05,39.5,0,0,0,6.4,0,0,0,0,6,0,0,0,0,-0.00229183,0,0,0,0,0,0,0,0,0,1,86,58,0,0.00034,0.00034,3,0,0,0,0,0,0,0,0,0,0,0,1,0,1,0,0,0,0,0,0,0,0,,0,0,0,0,
13,8.26,0,-25.2,28.5,0,0,0,-2.2,0,0,0,0,-12.5,0,0,0,0,-0.00229183,0,0,0,0,0,0,0,0,0,1,75,58,0,0.00034,0.00034,3,0,0,0,0,0,0,0,0,0,0,0,1,0,1,0,0,0,0,0,0,0,0,,0,0,0,0,
14,8.48,0,69.2,30,0,0,0,-11.45,0,0,0,0,22.5,0,0,0,0,-0.00229183,0,0,0,0,0,0,0,0,0,1,76,58,0,0.00034,0.00034,3,7,0,0,0,0,0,0,0,0,0,0,1,0,1,0,0,0,0,0,0,0,0,,0,0,0,0,
15,8.9,0,-32.7,26,0,0,0,-0.6,0,0,0,0,-10,0,0,0,0,-0.00229183,0,0,0,0,0,0,0,0,0,1,73,58,0,0.00034,0.00034,3,5,0,0,0,0,0,0,0,0,0,0,1,0,1,0,0,0,0,0,0,0,0,,0,0,0,0,
16,9.39,0,-29.3,23,0,0,0,-2.6,0,0,0,0,-15,0,0,0,0,-0.00229183,0,0,0,0,0,0,0,0,0,1,69,58,0,0.00034,0.00034,3,5,0,0,0,0,0,0,0,0,0,0,1,0,1,0,0,0,0,0,0,0,0,,0,0,0,0,
17,9.87,0,-28.35,20.5,0,0,0,-0.7,0,0,0,0,-17.5,0,0,0,0,-0.00229183,0,0,0,0,0,0,0,0,0,1,67,58,0,0.00034,0.00034,3,5,0,0,0,0,0,0,0,0,0,0,1,0,1,0,0,0,0,0,0,0,0,,0,0,0,0,
18,12.16,0,-12.55,27,0,0,0,13,0,0,0,0,-16,0,0,0,0,-0.00229183,0,0,0,0,0,0,0,0,0,1,74,58,0,0.00034,0.00034,3,5,0,0,0,0,0,0,0,0,0,0,1,0,1,0,0,0,0,0,0,0,0,,0,0,0,0,
19,13.02,0,-23.15,21,0,0,0,-1.75,0,0,0,0,-18,0,0,0,0,-0.00229183,0,0,0,0,0,0,0,0,0,1,67,58,0,0.00034,0.00034,3,5,0,0,0,0,0,0,0,0,0,0,1,0,1,0,0,0,0,0,0,0,0,,0,0,0,0,
END,Total:20
START,FrameNb:165,CameraNb:0,HeSaiNb:0,ARS410Nb:0
2026/08/02 16:23:58:792---->
heightOffset:0,1785659038792,1328368,selfCaliBufCnt:0,selfAccObjCnt:0,selfAccAngle:0,installHAngleOffset:0,Interpolation:0,installVAngleOffset:0,radarOffsetH:0,radarOffsetV:0.32,Polynom:-0.001023;-0.0511;-2.047;0;0;0;-0.001023;-0.0511;-2.047;-25.5;0;0,WheelDirection:0;0;0;0,selfAngleOffset:0,selfAngleOffsetPit:0,currCaliAngleHrz:0,currCaliAnglePit:0,selfCaliAngleHrz:0,selfCaliAnglePit:0,servCaliAngleHrz:0,servCaliAnglePit:0,offlineCaliAngleHrz:0,offlineCaliAnglePit:0,determine2useFlag:0,IMU_Z_Accel:-21.592,IMU_X_AngularRate:-2.093,IMU_Y_AngularRate:-2.093,IMU_RollAngle:-180,IMU_PitchAngle:-180,IMU_YawAngle:-180,FcwID:0,FCWWarningLevel:0,FCWTTC:0
0,2.32,0,30.1,29,0,0,0,7.65,1.37605e-33,0,0,0,-8.5,0,0,0,0,-0.00229183,0,0,0,0,0,0,0,0,0,1,78,64,0,0.00034,0.00034,3,5,0,0,0,0,0,0,0,0,0,0,1,0,0,0,0,0,0,0,0,0,0,,0,0,0,0,
1,2.8,0,-34.05,43,0,0,0,1.75,0,0,0,0,6,0,0,0,0,-0.00229183,0,0,0,0,0,0,0,0,0,1,92,64,0,0.00034,0.00034,3,0,0,0,0,0,0,0,0,0,0,0,1,0,0,0,0,0,0,0,0,0,0,,0,0,0,0,
2,3.25,0,13.55,38.5,0,0,0,2.55,0,0,0,0,-7,0,0,0,0,-0.00229183,0,0,0,0,0,0,0,0,0,1,87,64,0,0.00034,0.00034,3,0,0,0,0,0,0,0,0,0,0,0,1,0,0,0,0,0,0,0,0,0,0,,0,0,0,0,
3,3.59,0,46.1,31.5,0,0,0,-10.05,0,0,0,0,5,0,0,0,0,-0.00229183,0,0,0,0,0,0,0,0,0,1,80,64,0,0.00034,0.00034,3,5,0,0,0,0,0,0,0,0,0,0,1,0,0,0,0,0,0,0,0,0,0,,0,0,0,0,
4,4.03,0,2.2,41.5,0,0,0,0.55,0,0,0,0,-6,0,0,0,0,-0.00229183,0,0,0,0,0,0,0,0,0,1,89,64,0,0.00034,0.00034,3,5,0,0,0,0,0,0,0,0,0,0,1,0,0,0,0,0,0,0,0,0,0,,0,0,0,0,
5,5.16,0,-35.1,34,0,0,0,-3.35,0,0,0,0,-6,0,0,0,0,-0.00229183,0,0,0,0,0,0,0,0,0,1,79,64,0,0.00034,0.00034,3,5,0,0,0,0,0,0,0,0,0,0,1,0,0,0,0,0,0,0,0,0,0,,0,0,0,0,
6,5.16,0,-40.6,34,0,0,0,0.2,0,0,0,0,-3,0,0,0,0,-0.00229183,0,0,0,0,0,0,0,0,0,1,79,64,0,0.00034,0.00034,3,5,0,0,0,0,0,0,0,0,0,0,1,0,0,0,0,0,0,0,0,0,0,,0,0,0,0,
7,5.62,0,-34.7,35.5,0,0,0,-3.05,0,0,0,0,-4,0,0,0,0,-0.00229183,0,0,0,0,0,0,0,0,0,1,80,64,0,0.00034,0.00034,3,5,0,0,0,0,0,0,0,0,0,0,1,0,0,0,0,0,0,0,0,0,0,,0,0,0,0,
8,5.62,0,-24.15,35.5,0,0,0,-5.55,0,0,0,0,-9,0,0,0,0,-0.00229183,0,0,0,0,0,0,0,0,0,1,80,64,0,0.00034,0.00034,3,5,0,0,0,0,0,0,0,0,0,0,1,0,0,0,0,0,0,0,0,0,0,,0,0,0,0,
9,5.83,0,-40.6,30.5,0,0,0,0,0,0,0,0,-5.5,0,0,0,0,-0.00229183,0,0,0,0,0,0,0,0,0,1,76,64,0,0.00034,0.00034,3,5,0,0,0,0,0,0,0,0,0,0,1,0,0,0,0,0,0,0,0,0,0,,0,0,0,0,
10,6.63,0,-53.7,24.5,0,0,0,-0.55,0,0,0,0,1,0,0,0,0,-0.00229183,0,0,0,0,0,0,0,0,0,1,70,64,0,0.00034,0.00034,3,5,0,0,0,0,0,0,0,0,0,0,1,0,0,0,0,0,0,0,0,0,0,,0,0,0,0,
11,7.02,0,-10.05,24,0,0,0,2.15,0,0,0,0,-23,0,0,0,0,-0.00229183,0,0,0,0,0,0,0,0,0,1,70,64,0,0.00034,0.00034,3,5,0,0,0,0,0,0,0,0,0,0,1,0,0,0,0,0,0,0,0,0,0,,0,0,0,0,
12,7.66,0,35.05,39,0,0,0,6.3,0,0,0,0,6,0,0,0,0,-0.00229183,0,0,0,0,0,0,0,0,0,1,85,64,0,0.00034,0.00034,3,0,0,0,0,0,0,0,0,0,0,0,1,0,0,0,0,0,0,0,0,0,0,,0,0,0,0,
13,8.26,0,-25.3,28.5,0,0,0,-1.95,0,0,0,0,-12.5,0,0,0,0,-0.00229183,0,0,0,0,0,0,0,0,0,1,75,64,0,0.00034,0.00034,3,0,0,0,0,0,0,0,0,0,0,0,1,0,0,0,0,0,0,0,0,0,0,,0,0,0,0,
14,8.65,0,69.15,30,0,0,0,-11.55,0,0,0,0,22.5,0,0,0,0,-0.00229183,0,0,0,0,0,0,0,0,0,1,76,64,0,0.00034,0.00034,3,7,0,0,0,0,0,0,0,0,0,0,1,0,0,0,0,0,0,0,0,0,0,,0,0,0,0,
15,8.9,0,-32.8,26.5,0,0,0,-0.7,0,0,0,0,-10,0,0,0,0,-0.00229183,0,0,0,0,0,0,0,0,0,1,73,64,0,0.00034,0.00034,3,5,0,0,0,0,0,0,0,0,0,0,1,0,0,0,0,0,0,0,0,0,0,,0,0,0,0,
16,9.39,0,-29.3,23,0,0,0,-2.55,0,0,0,0,-15,0,0,0,0,-0.00229183,0,0,0,0,0,0,0,0,0,1,69,64,0,0.00034,0.00034,3,5,0,0,0,0,0,0,0,0,0,0,1,0,0,0,0,0,0,0,0,0,0,,0,0,0,0,
17,9.86,0,-28.4,21,0,0,0,-0.6,0,0,0,0,-17.5,0,0,0,0,-0.00229183,0,0,0,0,0,0,0,0,0,1,67,64,0,0.00034,0.00034,3,5,0,0,0,0,0,0,0,0,0,0,1,0,0,0,0,0,0,0,0,0,0,,0,0,0,0,
18,12.16,0,-12.55,27,0,0,0,13.05,0,0,0,0,-16,0,0,0,0,-0.00229183,0,0,0,0,0,0,0,0,0,1,74,64,0,0.00034,0.00034,3,5,0,0,0,0,0,0,0,0,0,0,1,0,0,0,0,0,0,0,0,0,0,,0,0,0,0,
19,13.01,0,-23.05,21.5,0,0,0,-1.8,0,0,0,0,-17.5,0,0,0,0,-0.00229183,0,0,0,0,0,0,0,0,0,1,68,64,0,0.00034,0.00034,3,5,0,0,0,0,0,0,0,0,0,0,1,0,0,0,0,0,0,0,0,0,0,,0,0,0,0,
END,Total:20
START,FrameNb:166,CameraNb:0,HeSaiNb:0,ARS410Nb:0
2026/08/02 16:23:58:853---->
heightOffset:0,1785659038853,1328428,selfCaliBufCnt:0,selfAccObjCnt:0,selfAccAngle:0,installHAngleOffset:0,Interpolation:0,installVAngleOffset:0,radarOffsetH:0,radarOffsetV:0.32,Polynom:-0.001023;-0.0511;-2.047;0;0;0;-0.001023;-0.0511;-2.047;-25.5;0;0,WheelDirection:0;0;0;0,selfAngleOffset:0,selfAngleOffsetPit:0,currCaliAngleHrz:0,currCaliAnglePit:0,selfCaliAngleHrz:0,selfCaliAnglePit:0,servCaliAngleHrz:0,servCaliAnglePit:0,offlineCaliAngleHrz:0,offlineCaliAnglePit:0,determine2useFlag:0,IMU_Z_Accel:-21.592,IMU_X_AngularRate:-2.093,IMU_Y_AngularRate:-2.093,IMU_RollAngle:-180,IMU_PitchAngle:-180,IMU_YawAngle:-180,FcwID:0,FCWWarningLevel:0,FCWTTC:0
0,2.32,0,30.1,29,0,0,0,8.2,1.37605e-33,0,0,0,-9,0,0,0,0,-0.00229183,0,0,0,0,0,0,0,0,0,1,78,55,0,0.00034,0.00034,3,5,0,0,0,0,0,0,0,0,0,0,1,0,1,0,0,0,0,0,0,0,0,,0,0,0,0,
1,2.8,0,-34.05,43.5,0,0,0,1.75,0,0,0,0,6,0,0,0,0,-0.00229183,0,0,0,0,0,0,0,0,0,1,92,55,0,0.00034,0.00034,3,0,0,0,0,0,0,0,0,0,0,0,1,0,1,0,0,0,0,0,0,0,0,,0,0,0,0,
2,3.25,0,13.55,38.5,0,0,0,2.55,0,0,0,0,-7,0,0,0,0,-0.00229183,0,0,0,0,0,0,0,0,0,1,87,55,0,0.00034,0.00034,3,0,0,0,0,0,0,0,0,0,0,0,1,0,1,0,0,0,0,0,0,0,0,,0,0,0,0,
3,3.69,0,45.8,31.5,0,0,0,-9.8,0,0,0,0,5,0,0,0,0,-0.00229183,0,0,0,0,0,0,0,0,0,1,80,55,0,0.00034,0.00034,3,5,0,0,0,0,0,0,0,0,0,0,1,0,1,0,0,0,0,0,0,0,0,,0,0,0,0,
4,4.03,0,2.2,41.5,0,0,0,0.55,0,0,0,0,-6.5,0,0,0,0,-0.00229183,0,0,0,0,0,0,0,0,0,1,89,55,0,0.00034,0.00034,3,5,0,0,0,0,0,0,0,0,0,0,1,0,1,0,0,0,0,0,0,0,0,,0,0,0,0,
5,5.16,0,-35.05,34,0,0,0,-3.45,0,0,0,0,-6,0,0,0,0,-0.00229183,0,0,0,0,0,0,0,0,0,1,79,55,0,0.00034,0.00034,3,5,0,0,0,0,0,0,0,0,0,0,1,0,1,0,0,0,0,0,0,0,0,,0,0,0,0,
6,5.16,0,-40.55,34,0,0,0,0.2,0,0,0,0,-3,0,0,0,0,-0.00229183,0,0,0,0,0,0,0,0,0,1,79,55,0,0.00034,0.00034,3,5,0,0,0,0,0,0,0,0,0,0,1,0,1,0,0,0,0,0,0,0,0,,0,0,0,0,
7,5.47,0,-34.6,36,0,0,0,-3,0,0,0,0,-4,0,0,0,0,-0.00229183,0,0,0,0,0,0,0,0,0,1,80,55,0,0.00034,0.00034,3,5,0,0,0,0,0,0,0,0,0,0,1,0,1,0,0,0,0,0,0,0,0,,0,0,0,0,
8,5.47,0,-24.1,36,0,0,0,-5.55,0,0,0,0,-9,0,0,0,0,-0.00229183,0,0,0,0,0,0,0,0,0,1,80,55,0,0.00034,0.00034,3,5,0,0,0,0,0,0,0,0,0,0,1,0,1,0,0,0,0,0,0,0,0,,0,0,0,0,
9,6.64,0,-53.7,25,0,0,0,0.65,0,0,0,0,0.5,0,0,0,0,-0.00229183,0,0,0,0,0,0,0,0,0,1,70,55,0,0.00034,0.00034,3,5,0,0,0,0,0,0,0,0,0,0,1,0,1,0,0,0,0,0,0,0,0,,0,0,0,0,
10,7.02,0,-10.35,24.5,0,0,0,2.7,0,0,0,0,-22.5,0,0,0,0,-0.00229183,0,0,0,0,0,0,0,0,0,1,70,55,0,0.00034,0.00034,3,5,0,0,0,0,0,0,0,0,0,0,1,0,1,0,0,0,0,0,0,0,0,,0,0,0,0,
11,7.66,0,35,39.5,0,0,0,6.15,0,0,0,0,6,0,0,0,0,-0.00229183,0,0,0,0,0,0,0,0,0,1,85,55,0,0.00034,0.00034,3,0,0,0,0,0,0,0,0,0,0,0,1,0,1,0,0,0,0,0,0,0,0,,0,0,0,0,
12,8.25,0,-25.2,28.5,0,0,0,-2.2,0,0,0,0,-12.5,0,0,0,0,-0.00229183,0,0,0,0,0,0,0,0,0,1,75,55,0,0.00034,0.00034,3,0,0,0,0,0,0,0,0,0,0,0,1,0,1,0,0,0,0,0,0,0,0,,0,0,0,0,
13,8.48,0,69.2,30,0,0,0,-11.55,0,0,0,0,22.5,0,0,0,0,-0.00229183,0,0,0,0,0,0,0,0,0,1,76,55,0,0.00034,0.00034,3,7,0,0,0,0,0,0,0,0,0,0,1,0,1,0,0,0,0,0,0,0,0,,0,0,0,0,
14,8.9,0,-32.7,26.5,0,0,0,-1.2,0,0,0,0,-10,0,0,0,0,-0.00229183,0,0,0,0,0,0,0,0,0,1,73,55,0,0.00034,0.00034,3,7,0,0,0,0,0,0,0,0,0,0,1,0,1,0,0,0,0,0,0,0,0,,0,0,0,0,
15,9.39,0,-29.3,23.5,0,0,0,-2.6,0,0,0,0,-14.5,0,0,0,0,-0.00229183,0,0,0,0,0,0,0,0,0,1,70,55,0,0.00034,0.00034,3,5,0,0,0,0,0,0,0,0,0,0,1,0,1,0,0,0,0,0,0,0,0,,0,0,0,0,
16,9.86,0,-28.35,21,0,0,0,-0.6,0,0,0,0,-17.5,0,0,0,0,-0.00229183,0,0,0,0,0,0,0,0,0,1,67,55,0,0.00034,0.00034,3,5,0,0,0,0,0,0,0,0,0,0,1,0,1,0,0,0,0,0,0,0,0,,0,0,0,0,
17,12.16,0,-12.5,27.5,0,0,0,12.95,0,0,0,0,-15.5,0,0,0,0,-0.00229183,0,0,0,0,0,0,0,0,0,1,74,55,0,0.00034,0.00034,3,5,0,0,0,0,0,0,0,0,0,0,1,0,1,0,0,0,0,0,0,0,0,,0,0,0,0,
18,13.01,0,-23.05,21.5,0,0,0,-1.75,0,0,0,0,-18,0,0,0,0,-0.00229183,0,0,0,0,0,0,0,0,0,1,67,55,0,0.00034,0.00034,3,5,0,0,0,0,0,0,0,0,0,0,1,0,1,0,0,0,0,0,0,0,0,,0,0,0,0,
END,Total:19
START,FrameNb:167,CameraNb:0,HeSaiNb:0,ARS410Nb:0
2026/08/02 16:23:58:883---->
heightOffset:0,1785659038883,1328480,selfCaliBufCnt:0,selfAccObjCnt:0,selfAccAngle:0,installHAngleOffset:0,Interpolation:0,installVAngleOffset:0,radarOffsetH:0,radarOffsetV:0.32,Polynom:-0.001023;-0.0511;-2.047;0;0;0;-0.001023;-0.0511;-2.047;-25.5;0;0,WheelDirection:0;0;0;0,selfAngleOffset:0,selfAngleOffsetPit:0,currCaliAngleHrz:0,currCaliAnglePit:0,selfCaliAngleHrz:0,selfCaliAnglePit:0,servCaliAngleHrz:0,servCaliAnglePit:0,offlineCaliAngleHrz:0,offlineCaliAnglePit:0,determine2useFlag:0,IMU_Z_Accel:-21.592,IMU_X_AngularRate:-2.093,IMU_Y_AngularRate:-2.093,IMU_RollAngle:-180,IMU_PitchAngle:-180,IMU_YawAngle:-180,FcwID:0,FCWWarningLevel:0,FCWTTC:0
0,2.32,0,30.1,29,0,0,0,7.65,1.37605e-33,0,0,0,-8.5,0,0,0,0,-0.00229183,0,0,0,0,0,0,0,0,0,1,78,58,0,0.00034,0.00034,3,5,0,0,0,0,0,0,0,0,0,0,1,0,0,0,0,0,0,0,0,0,0,,0,0,0,0,
1,2.8,0,-34.05,43,0,0,0,1.75,0,0,0,0,6,0,0,0,0,-0.00229183,0,0,0,0,0,0,0,0,0,1,92,58,0,0.00034,0.00034,3,0,0,0,0,0,0,0,0,0,0,0,1,0,0,0,0,0,0,0,0,0,0,,0,0,0,0,
2,3.24,0,13.55,38.5,0,0,0,2.55,0,0,0,0,-7,0,0,0,0,-0.00229183,0,0,0,0,0,0,0,0,0,1,87,58,0,0.00034,0.00034,3,0,0,0,0,0,0,0,0,0,0,0,1,0,0,0,0,0,0,0,0,0,0,,0,0,0,0,
3,3.59,0,46,31.5,0,0,0,-10.2,0,0,0,0,5,0,0,0,0,-0.00229183,0,0,0,0,0,0,0,0,0,1,80,58,0,0.00034,0.00034,3,5,0,0,0,0,0,0,0,0,0,0,1,0,0,0,0,0,0,0,0,0,0,,0,0,0,0,
4,4.03,0,2.2,41.5,0,0,0,0.55,0,0,0,0,-6,0,0,0,0,-0.00229183,0,0,0,0,0,0,0,0,0,1,89,58,0,0.00034,0.00034,3,5,0,0,0,0,0,0,0,0,0,0,1,0,0,0,0,0,0,0,0,0,0,,0,0,0,0,
5,5.16,0,-35.05,34,0,0,0,-3.35,0,0,0,0,-6,0,0,0,0,-0.00229183,0,0,0,0,0,0,0,0,0,1,79,58,0,0.00034,0.00034,3,5,0,0,0,0,0,0,0,0,0,0,1,0,0,0,0,0,0,0,0,0,0,,0,0,0,0,
6,5.16,0,-40.65,34,0,0,0,0.25,0,0,0,0,-3,0,0,0,0,-0.00229183,0,0,0,0,0,0,0,0,0,1,79,58,0,0.00034,0.00034,3,5,0,0,0,0,0,0,0,0,0,0,1,0,0,0,0,0,0,0,0,0,0,,0,0,0,0,
7,5.62,0,-34.7,36,0,0,0,-3.05,0,0,0,0,-4,0,0,0,0,-0.00229183,0,0,0,0,0,0,0,0,0,1,80,58,0,0.00034,0.00034,3,5,0,0,0,0,0,0,0,0,0,0,1,0,0,0,0,0,0,0,0,0,0,,0,0,0,0,
8,5.62,0,-24.15,36,0,0,0,-5.45,0,0,0,0,-9,0,0,0,0,-0.00229183,0,0,0,0,0,0,0,0,0,1,80,58,0,0.00034,0.00034,3,5,0,0,0,0,0,0,0,0,0,0,1,0,0,0,0,0,0,0,0,0,0,,0,0,0,0,
9,5.83,0,-40.85,30.5,0,0,0,0,0,0,0,0,-6,0,0,0,0,-0.00229183,0,0,0,0,0,0,0,0,0,1,75,58,0,0.00034,0.00034,3,5,0,0,0,0,0,0,0,0,0,0,1,0,0,0,0,0,0,0,0,0,0,,0,0,0,0,
10,6.62,0,-53.9,24.5,0,0,0,0.8,0,0,0,0,1,0,0,0,0,-0.00229183,0,0,0,0,0,0,0,0,0,1,70,58,0,0.00034,0.00034,3,5,0,0,0,0,0,0,0,0,0,0,1,0,0,0,0,0,0,0,0,0,0,,0,0,0,0,
11,7.03,0,24.35,24.5,0,0,0,-10.2,0,0,0,0,-15.5,0,0,0,0,-0.00229183,0,0,0,0,0,0,0,0,0,1,70,58,0,0.00034,0.00034,3,5,0,0,0,0,0,0,0,0,0,0,1,0,0,0,0,0,0,0,0,0,0,,0,0,0,0,
12,7.66,0,34.95,39,0,0,0,6,0,0,0,0,4.5,0,0,0,0,-0.00229183,0,0,0,0,0,0,0,0,0,1,85,58,0,0.00034,0.00034,3,0,0,0,0,0,0,0,0,0,0,0,1,0,0,0,0,0,0,0,0,0,0,,0,0,0,0,
13,8.24,0,-25.2,29,0,0,0,-2.45,0,0,0,0,-12,0,0,0,0,-0.00229183,0,0,0,0,0,0,0,0,0,1,75,58,0,0.00034,0.00034,3,0,0,0,0,0,0,0,0,0,0,0,1,0,0,0,0,0,0,0,0,0,0,,0,0,0,0,
14,8.65,0,69.2,30,0,0,0,-11.45,0,0,0,0,22.5,0,0,0,0,-0.00229183,0,0,0,0,0,0,0,0,0,1,76,58,0,0.00034,0.00034,3,7,0,0,0,0,0,0,0,0,0,0,1,0,0,0,0,0,0,0,0,0,0,,0,0,0,0,
15,8.91,0,-32.7,26.5,0,0,0,-1.05,0,0,0,0,-10,0,0,0,0,-0.00229183,0,0,0,0,0,0,0,0,0,1,73,58,0,0.00034,0.00034,3,5,0,0,0,0,0,0,0,0,0,0,1,0,0,0,0,0,0,0,0,0,0,,0,0,0,0,
16,9.38,0,-29.2,23.5,0,0,0,-2.7,0,0,0,0,-14.5,0,0,0,0,-0.00229183,0,0,0,0,0,0,0,0,0,1,70,58,0,0.00034,0.00034,3,5,0,0,0,0,0,0,0,0,0,0,1,0,0,0,0,0,0,0,0,0,0,,0,0,0,0,
17,9.86,0,-28.3,21,0,0,0,-0.75,0,0,0,0,-17.5,0,0,0,0,-0.00229183,0,0,0,0,0,0,0,0,0,1,67,58,0,0.00034,0.00034,3,5,0,0,0,0,0,0,0,0,0,0,1,0,0,0,0,0,0,0,0,0,0,,0,0,0,0,
18,12.16,0,-12.55,27,0,0,0,13.15,0,0,0,0,-16,0,0,0,0,-0.00229183,0,0,0,0,0,0,0,0,0,1,74,58,0,0.00034,0.00034,3,5,0,0,0,0,0,0,0,0,0,0,1,0,0,0,0,0,0,0,0,0,0,,0,0,0,0,
19,13,0,-23.05,21,0,0,0,-1.8,0,0,0,0,-18,0,0,0,0,-0.00229183,0,0,0,0,0,0,0,0,0,1,67,58,0,0.00034,0.00034,3,5,0,0,0,0,0,0,0,0,0,0,1,0,0,0,0,0,0,0,0,0,0,,0,0,0,0,
END,Total:20
START,FrameNb:168,CameraNb:0,HeSaiNb:0,ARS410Nb:0
2026/08/02 16:23:58:999---->
heightOffset:0,1785659038999,1328540,selfCaliBufCnt:0,selfAccObjCnt:0,selfAccAngle:0,installHAngleOffset:0,Interpolation:0,installVAngleOffset:0,radarOffsetH:0,radarOffsetV:0.32,Polynom:-0.001023;-0.0511;-2.047;0;0;0;-0.001023;-0.0511;-2.047;-25.5;0;0,WheelDirection:0;0;0;0,selfAngleOffset:0,selfAngleOffsetPit:0,currCaliAngleHrz:0,currCaliAnglePit:0,selfCaliAngleHrz:0,selfCaliAnglePit:0,servCaliAngleHrz:0,servCaliAnglePit:0,offlineCaliAngleHrz:0,offlineCaliAnglePit:0,determine2useFlag:0,IMU_Z_Accel:-21.592,IMU_X_AngularRate:-2.093,IMU_Y_AngularRate:-2.093,IMU_RollAngle:-180,IMU_PitchAngle:-180,IMU_YawAngle:-180,FcwID:0,FCWWarningLevel:0,FCWTTC:0
0,2.32,0,30.1,29,0,0,0,8.25,1.37605e-33,0,0,0,-9,0,0,0,0,-0.00229183,0,0,0,0,0,0,0,0,0,1,78,54,0,0.00034,0.00034,3,5,0,0,0,0,0,0,0,0,0,0,1,0,1,0,0,0,0,0,0,0,0,,0,0,0,0,
1,2.8,0,-34.05,43.5,0,0,0,1.75,0,0,0,0,6,0,0,0,0,-0.00229183,0,0,0,0,0,0,0,0,0,1,92,54,0,0.00034,0.00034,3,0,0,0,0,0,0,0,0,0,0,0,1,0,1,0,0,0,0,0,0,0,0,,0,0,0,0,
2,3.25,0,13.55,38.5,0,0,0,2.55,0,0,0,0,-7,0,0,0,0,-0.00229183,0,0,0,0,0,0,0,0,0,1,87,54,0,0.00034,0.00034,3,0,0,0,0,0,0,0,0,0,0,0,1,0,1,0,0,0,0,0,0,0,0,,0,0,0,0,
3,3.74,0,45.45,31.5,0,0,0,-9.05,0,0,0,0,5,0,0,0,0,-0.00229183,0,0,0,0,0,0,0,0,0,1,80,54,0,0.00034,0.00034,3,5,0,0,0,0,0,0,0,0,0,0,1,0,1,0,0,0,0,0,0,0,0,,0,0,0,0,
4,4.03,0,2.2,41.5,0,0,0,0.65,0,0,0,0,-6.5,0,0,0,0,-0.00229183,0,0,0,0,0,0,0,0,0,1,89,54,0,0.00034,0.00034,3,5,0,0,0,0,0,0,0,0,0,0,1,0,1,0,0,0,0,0,0,0,0,,0,0,0,0,
5,5.16,0,-35.05,34,0,0,0,-3.35,0,0,0,0,-6,0,0,0,0,-0.00229183,0,0,0,0,0,0,0,0,0,1,79,54,0,0.00034,0.00034,3,5,0,0,0,0,0,0,0,0,0,0,1,0,1,0,0,0,0,0,0,0,0,,0,0,0,0,
6,5.16,0,-40.6,34,0,0,0,0.3,0,0,0,0,-3,0,0,0,0,-0.00229183,0,0,0,0,0,0,0,0,0,1,79,54,0,0.00034,0.00034,3,5,0,0,0,0,0,0,0,0,0,0,1,0,1,0,0,0,0,0,0,0,0,,0,0,0,0,
7,5.47,0,-34.6,36,0,0,0,-3,0,0,0,0,-4,0,0,0,0,-0.00229183,0,0,0,0,0,0,0,0,0,1,80,54,0,0.00034,0.00034,3,5,0,0,0,0,0,0,0,0,0,0,1,0,1,0,0,0,0,0,0,0,0,,0,0,0,0,
8,5.47,0,-24.1,36,0,0,0,-5.55,0,0,0,0,-9,0,0,0,0,-0.00229183,0,0,0,0,0,0,0,0,0,1,80,54,0,0.00034,0.00034,3,5,0,0,0,0,0,0,0,0,0,0,1,0,1,0,0,0,0,0,0,0,0,,0,0,0,0,
9,6.63,0,4.9,25,0,0,0,-13,0,0,0,0,-23,0,0,0,0,-0.00229183,0,0,0,0,0,0,0,0,0,1,70,54,0,0.00034,0.00034,3,5,0,0,0,0,0,0,0,0,0,0,1,0,1,0,0,0,0,0,0,0,0,,0,0,0,0,
10,7.03,0,-10.3,24.5,0,0,0,-7.6,0,0,0,0,-23,0,0,0,0,-0.00229183,0,0,0,0,0,0,0,0,0,1,70,54,0,0.00034,0.00034,3,5,0,0,0,0,0,0,0,0,0,0,1,0,1,0,0,0,0,0,0,0,0,,0,0,0,0,
11,7.66,0,34.85,39,0,0,0,6,0,0,0,0,5,0,0,0,0,-0.00229183,0,0,0,0,0,0,0,0,0,1,85,54,0,0.00034,0.00034,3,0,0,0,0,0,0,0,0,0,0,0,1,0,1,0,0,0,0,0,0,0,0,,0,0,0,0,
12,8.25,0,-25.2,28.5,0,0,0,-2,0,0,0,0,-12.5,0,0,0,0,-0.00229183,0,0,0,0,0,0,0,0,0,1,75,54,0,0.00034,0.00034,3,0,0,0,0,0,0,0,0,0,0,0,1,0,1,0,0,0,0,0,0,0,0,,0,0,0,0,
13,8.48,0,69.2,30,0,0,0,-11.25,0,0,0,0,22.5,0,0,0,0,-0.00229183,0,0,0,0,0,0,0,0,0,1,76,54,0,0.00034,0.00034,3,7,0,0,0,0,0,0,0,0,0,0,1,0,1,0,0,0,0,0,0,0,0,,0,0,0,0,
14,8.9,0,-32.7,26.5,0,0,0,-0.85,0,0,0,0,-10,0,0,0,0,-0.00229183,0,0,0,0,0,0,0,0,0,1,72,54,0,0.00034,0.00034,3,7,0,0,0,0,0,0,0,0,0,0,1,0,1,0,0,0,0,0,0,0,0,,0,0,0,0,
15,9.38,0,-29.35,23.5,0,0,0,-2.75,0,0,0,0,-14.5,0,0,0,0,-0.00229183,0,0,0,0,0,0,0,0,0,1,70,54,0,0.00034,0.00034,3,5,0,0,0,0,0,0,0,0,0,0,1,0,1,0,0,0,0,0,0,0,0,,0,0,0,0,
16,9.84,0,-28.35,21.5,0,0,0,0.05,0,0,0,0,-17.5,0,0,0,0,-0.00229183,0,0,0,0,0,0,0,0,0,1,68,54,0,0.00034,0.00034,3,5,0,0,0,0,0,0,0,0,0,0,1,0,1,0,0,0,0,0,0,0,0,,0,0,0,0,
17,12.16,0,-12.55,27,0,0,0,12.75,0,0,0,0,-16,0,0,0,0,-0.00229183,0,0,0,0,0,0,0,0,0,1,74,54,0,0.00034,0.00034,3,5,0,0,0,0,0,0,0,0,0,0,1,0,1,0,0,0,0,0,0,0,0,,0,0,0,0,
18,13.01,0,-22.95,21.5,0,0,0,-1.6,0,0,0,0,-17.5,0,0,0,0,-0.00229183,0,0,0,0,0,0,0,0,0,1,68,54,0,0.00034,0.00034,3,5,0,0,0,0,0,0,0,0,0,0,1,0,1,0,0,0,0,0,0,0,0,,0,0,0,0,
END,Total:19
START,FrameNb:169,CameraNb:0,HeSaiNb:0,ARS410Nb:0
2026/08/02 16:23:59:041---->
heightOffset:0,1785659039041,1328592,selfCaliBufCnt:0,selfAccObjCnt:0,selfAccAngle:0,installHAngleOffset:0,Interpolation:0,installVAngleOffset:0,radarOffsetH:0,radarOffsetV:0.32,Polynom:-0.001023;-0.0511;-2.047;0;0;0;-0.001023;-0.0511;-2.047;-25.5;0;0,WheelDirection:0;0;0;0,selfAngleOffset:0,selfAngleOffsetPit:0,currCaliAngleHrz:0,currCaliAnglePit:0,selfCaliAngleHrz:0,selfCaliAnglePit:0,servCaliAngleHrz:0,servCaliAnglePit:0,offlineCaliAngleHrz:0,offlineCaliAnglePit:0,determine2useFlag:0,IMU_Z_Accel:-21.592,IMU_X_AngularRate:-2.093,IMU_Y_AngularRate:-2.093,IMU_RollAngle:-180,IMU_PitchAngle:-180,IMU_YawAngle:-180,FcwID:0,FCWWarningLevel:0,FCWTTC:0
0,2.32,0,30.05,29,0,0,0,7.65,1.37605e-33,0,0,0,-8.5,0,0,0,0,-0.00229183,0,0,0,0,0,0,0,0,0,1,78,58,0,0.00034,0.00034,3,5,0,0,0,0,0,0,0,0,0,0,1,0,0,0,0,0,0,0,0,0,0,,0,0,0,0,
1,2.8,0,-34.05,43,0,0,0,1.75,0,0,0,0,6,0,0,0,0,-0.00229183,0,0,0,0,0,0,0,0,0,1,92,58,0,0.00034,0.00034,3,0,0,0,0,0,0,0,0,0,0,0,1,0,0,0,0,0,0,0,0,0,0,,0,0,0,0,
2,3.25,0,13.55,38.5,0,0,0,2.55,0,0,0,0,-7,0,0,0,0,-0.00229183,0,0,0,0,0,0,0,0,0,1,87,58,0,0.00034,0.00034,3,0,0,0,0,0,0,0,0,0,0,0,1,0,0,0,0,0,0,0,0,0,0,,0,0,0,0,
3,3.58,0,45.95,31.5,0,0,0,-10.2,0,0,0,0,5,0,0,0,0,-0.00229183,0,0,0,0,0,0,0,0,0,1,80,58,0,0.00034,0.00034,3,5,0,0,0,0,0,0,0,0,0,0,1,0,0,0,0,0,0,0,0,0,0,,0,0,0,0,
4,4.03,0,2.2,41.5,0,0,0,0.55,0,0,0,0,-6,0,0,0,0,-0.00229183,0,0,0,0,0,0,0,0,0,1,89,58,0,0.00034,0.00034,3,5,0,0,0,0,0,0,0,0,0,0,1,0,0,0,0,0,0,0,0,0,0,,0,0,0,0,
5,5.16,0,-35.1,33.5,0,0,0,-3.3,0,0,0,0,-6,0,0,0,0,-0.00229183,0,0,0,0,0,0,0,0,0,1,79,58,0,0.00034,0.00034,3,5,0,0,0,0,0,0,0,0,0,0,1,0,0,0,0,0,0,0,0,0,0,,0,0,0,0,
6,5.16,0,-40.7,33.5,0,0,0,0.3,0,0,0,0,-3,0,0,0,0,-0.00229183,0,0,0,0,0,0,0,0,0,1,79,58,0,0.00034,0.00034,3,5,0,0,0,0,0,0,0,0,0,0,1,0,0,0,0,0,0,0,0,0,0,,0,0,0,0,
7,5.62,0,-34.65,35.5,0,0,0,-3.05,0,0,0,0,-4,0,0,0,0,-0.00229183,0,0,0,0,0,0,0,0,0,1,80,58,0,0.00034,0.00034,3,5,0,0,0,0,0,0,0,0,0,0,1,0,0,0,0,0,0,0,0,0,0,,0,0,0,0,
8,5.62,0,-24.15,35.5,0,0,0,-5.55,0,0,0,0,-9,0,0,0,0,-0.00229183,0,0,0,0,0,0,0,0,0,1,80,58,0,0.00034,0.00034,3,5,0,0,0,0,0,0,0,0,0,0,1,0,0,0,0,0,0,0,0,0,0,,0,0,0,0,
9,5.83,0,-40.8,30.5,0,0,0,-0.05,0,0,0,0,-6,0,0,0,0,-0.00229183,0,0,0,0,0,0,0,0,0,1,75,58,0,0.00034,0.00034,3,5,0,0,0,0,0,0,0,0,0,0,1,0,0,0,0,0,0,0,0,0,0,,0,0,0,0,
10,6.63,0,-53.85,24.5,0,0,0,4.25,0,0,0,0,0.5,0,0,0,0,-0.00229183,0,0,0,0,0,0,0,0,0,1,70,58,0,0.00034,0.00034,3,5,0,0,0,0,0,0,0,0,0,0,1,0,0,0,0,0,0,0,0,0,0,,0,0,0,0,
11,7.03,0,-33.2,24.5,0,0,0,-3.2,0,0,0,0,-14,0,0,0,0,-0.00229183,0,0,0,0,0,0,0,0,0,1,70,58,0,0.00034,0.00034,3,5,0,0,0,0,0,0,0,0,0,0,1,0,0,0,0,0,0,0,0,0,0,,0,0,0,0,
12,7.66,0,34.85,39.5,0,0,0,6.15,0,0,0,0,5,0,0,0,0,-0.00229183,0,0,0,0,0,0,0,0,0,1,85,58,0,0.00034,0.00034,3,0,0,0,0,0,0,0,0,0,0,0,1,0,0,0,0,0,0,0,0,0,0,,0,0,0,0,
13,8.24,0,-25.3,28.5,0,0,0,-1.7,0,0,0,0,-12,0,0,0,0,-0.00229183,0,0,0,0,0,0,0,0,0,1,75,58,0,0.00034,0.00034,3,0,0,0,0,0,0,0,0,0,0,0,1,0,0,0,0,0,0,0,0,0,0,,0,0,0,0,
14,8.65,0,69.2,30,0,0,0,-11.1,0,0,0,0,22.5,0,0,0,0,-0.00229183,0,0,0,0,0,0,0,0,0,1,76,58,0,0.00034,0.00034,3,7,0,0,0,0,0,0,0,0,0,0,1,0,0,0,0,0,0,0,0,0,0,,0,0,0,0,
15,8.91,0,-32.65,26,0,0,0,-0.35,0,0,0,0,-10,0,0,0,0,-0.00229183,0,0,0,0,0,0,0,0,0,1,73,58,0,0.00034,0.00034,3,5,0,0,0,0,0,0,0,0,0,0,1,0,0,0,0,0,0,0,0,0,0,,0,0,0,0,
16,9.38,0,-29.3,23,0,0,0,-2.7,0,0,0,0,-14.5,0,0,0,0,-0.00229183,0,0,0,0,0,0,0,0,0,1,70,58,0,0.00034,0.00034,3,5,0,0,0,0,0,0,0,0,0,0,1,0,0,0,0,0,0,0,0,0,0,,0,0,0,0,
17,9.85,0,-28.45,21,0,0,0,-0.8,0,0,0,0,-17.5,0,0,0,0,-0.00229183,0,0,0,0,0,0,0,0,0,1,67,58,0,0.00034,0.00034,3,5,0,0,0,0,0,0,0,0,0,0,1,0,0,0,0,0,0,0,0,0,0,,0,0,0,0,
18,12.16,0,-12.6,27,0,0,0,12.95,0,0,0,0,-16,0,0,0,0,-0.00229183,0,0,0,0,0,0,0,0,0,1,74,58,0,0.00034,0.00034,3,5,0,0,0,0,0,0,0,0,0,0,1,0,0,0,0,0,0,0,0,0,0,,0,0,0,0,
19,13.01,0,-23.05,21.5,0,0,0,-1.6,0,0,0,0,-17.5,0,0,0,0,-0.00229183,0,0,0,0,0,0,0,0,0,1,68,58,0,0.00034,0.00034,3,5,0,0,0,0,0,0,0,0,0,0,1,0,0,0,0,0,0,0,0,0,0,,0,0,0,0,
END,Total:20
START,FrameNb:170,CameraNb:0,HeSaiNb:0,ARS410Nb:0
2026/08/02 16:23:59:083---->
heightOffset:0,1785659039083,1328652,selfCaliBufCnt:0,selfAccObjCnt:0,selfAccAngle:0,installHAngleOffset:0,Interpolation:0,installVAngleOffset:0,radarOffsetH:0,radarOffsetV:0.32,Polynom:-0.001023;-0.0511;-2.047;0;0;0;-0.001023;-0.0511;-2.047;-25.5;0;0,WheelDirection:0;0;0;0,selfAngleOffset:0,selfAngleOffsetPit:0,currCaliAngleHrz:0,currCaliAnglePit:0,selfCaliAngleHrz:0,selfCaliAnglePit:0,servCaliAngleHrz:0,servCaliAnglePit:0,offlineCaliAngleHrz:0,offlineCaliAnglePit:0,determine2useFlag:0,IMU_Z_Accel:-21.592,IMU_X_AngularRate:-2.093,IMU_Y_AngularRate:-2.093,IMU_RollAngle:-180,IMU_PitchAngle:-180,IMU_YawAngle:-180,FcwID:0,FCWWarningLevel:0,FCWTTC:0
0,2.32,0,30.1,29,0,0,0,8.25,1.37605e-33,0,0,0,-9,0,0,0,0,-0.00229183,0,0,0,0,0,0,0,0,0,1,78,57,0,0.00034,0.00034,3,5,0,0,0,0,0,0,0,0,0,0,1,0,1,0,0,0,0,0,0,0,0,,0,0,0,0,
1,2.8,0,-34.05,43.5,0,0,0,1.75,0,0,0,0,6,0,0,0,0,-0.00229183,0,0,0,0,0,0,0,0,0,1,92,57,0,0.00034,0.00034,3,0,0,0,0,0,0,0,0,0,0,0,1,0,1,0,0,0,0,0,0,0,0,,0,0,0,0,
2,3.25,0,13.55,38.5,0,0,0,2.55,0,0,0,0,-7,0,0,0,0,-0.00229183,0,0,0,0,0,0,0,0,0,1,87,57,0,0.00034,0.00034,3,0,0,0,0,0,0,0,0,0,0,0,1,0,1,0,0,0,0,0,0,0,0,,0,0,0,0,
3,3.6,0,45.45,31.5,0,0,0,-9.1,0,0,0,0,5,0,0,0,0,-0.00229183,0,0,0,0,0,0,0,0,0,1,80,57,0,0.00034,0.00034,3,5,0,0,0,0,0,0,0,0,0,0,1,0,1,0,0,0,0,0,0,0,0,,0,0,0,0,
4,4.03,0,2.2,41.5,0,0,0,0.55,0,0,0,0,-6.5,0,0,0,0,-0.00229183,0,0,0,0,0,0,0,0,0,1,89,57,0,0.00034,0.00034,3,5,0,0,0,0,0,0,0,0,0,0,1,0,1,0,0,0,0,0,0,0,0,,0,0,0,0,
5,5.16,0,-35.1,34,0,0,0,-3.3,0,0,0,0,-6,0,0,0,0,-0.00229183,0,0,0,0,0,0,0,0,0,1,79,57,0,0.00034,0.00034,3,5,0,0,0,0,0,0,0,0,0,0,1,0,1,0,0,0,0,0,0,0,0,,0,0,0,0,
6,5.16,0,-40.65,34,0,0,0,0.25,0,0,0,0,-3,0,0,0,0,-0.00229183,0,0,0,0,0,0,0,0,0,1,79,57,0,0.00034,0.00034,3,5,0,0,0,0,0,0,0,0,0,0,1,0,1,0,0,0,0,0,0,0,0,,0,0,0,0,
7,5.62,0,-34.65,36,0,0,0,-3.05,0,0,0,0,-4,0,0,0,0,-0.00229183,0,0,0,0,0,0,0,0,0,1,80,57,0,0.00034,0.00034,3,5,0,0,0,0,0,0,0,0,0,0,1,0,1,0,0,0,0,0,0,0,0,,0,0,0,0,
8,5.62,0,-24.1,36,0,0,0,-5.55,0,0,0,0,-9,0,0,0,0,-0.00229183,0,0,0,0,0,0,0,0,0,1,80,57,0,0.00034,0.00034,3,5,0,0,0,0,0,0,0,0,0,0,1,0,1,0,0,0,0,0,0,0,0,,0,0,0,0,
9,5.83,0,-41.1,30.5,0,0,0,0.05,0,0,0,0,-3.5,0,0,0,0,-0.00229183,0,0,0,0,0,0,0,0,0,1,76,57,0,0.00034,0.00034,3,5,0,0,0,0,0,0,0,0,0,0,1,0,1,0,0,0,0,0,0,0,0,,0,0,0,0,
10,6.63,0,4.9,25,0,0,0,-13.2,0,0,0,0,-23,0,0,0,0,-0.00229183,0,0,0,0,0,0,0,0,0,1,70,57,0,0.00034,0.00034,2,-1,0,0,0,0,0,0,0,0,0,0,1,0,1,0,0,0,0,0,0,0,0,,0,0,0,0,
11,7.03,0,-10.2,25,0,0,0,2.55,0,0,0,0,-22.5,0,0,0,0,-0.00229183,0,0,0,0,0,0,0,0,0,1,70,57,0,0.00034,0.00034,3,5,0,0,0,0,0,0,0,0,0,0,1,0,1,0,0,0,0,0,0,0,0,,0,0,0,0,
12,7.65,0,34.7,40,0,0,0,6.45,0,0,0,0,5,0,0,0,0,-0.00229183,0,0,0,0,0,0,0,0,0,1,86,57,0,0.00034,0.00034,3,0,0,0,0,0,0,0,0,0,0,0,1,0,1,0,0,0,0,0,0,0,0,,0,0,0,0,
13,8.24,0,-25.2,29,0,0,0,-2.05,0,0,0,0,-12,0,0,0,0,-0.00229183,0,0,0,0,0,0,0,0,0,1,75,57,0,0.00034,0.00034,3,0,0,0,0,0,0,0,0,0,0,0,1,0,1,0,0,0,0,0,0,0,0,,0,0,0,0,
14,8.66,0,69.2,30,0,0,0,-11.05,0,0,0,0,22.5,0,0,0,0,-0.00229183,0,0,0,0,0,0,0,0,0,1,76,57,0,0.00034,0.00034,3,7,0,0,0,0,0,0,0,0,0,0,1,0,1,0,0,0,0,0,0,0,0,,0,0,0,0,
15,8.9,0,-32.6,26.5,0,0,0,-0.7,0,0,0,0,-10,0,0,0,0,-0.00229183,0,0,0,0,0,0,0,0,0,1,72,57,0,0.00034,0.00034,3,5,0,0,0,0,0,0,0,0,0,0,1,0,1,0,0,0,0,0,0,0,0,,0,0,0,0,
16,9.38,0,-29.3,23.5,0,0,0,-2.85,0,0,0,0,-14.5,0,0,0,0,-0.00229183,0,0,0,0,0,0,0,0,0,1,70,57,0,0.00034,0.00034,3,5,0,0,0,0,0,0,0,0,0,0,1,0,1,0,0,0,0,0,0,0,0,,0,0,0,0,
17,9.85,0,-28.35,21,0,0,0,-0.7,0,0,0,0,-17.5,0,0,0,0,-0.00229183,0,0,0,0,0,0,0,0,0,1,67,57,0,0.00034,0.00034,3,5,0,0,0,0,0,0,0,0,0,0,1,0,1,0,0,0,0,0,0,0,0,,0,0,0,0,
18,12.16,0,-12.55,27,0,0,0,12.75,0,0,0,0,-16,0,0,0,0,-0.00229183,0,0,0,0,0,0,0,0,0,1,74,57,0,0.00034,0.00034,3,5,0,0,0,0,0,0,0,0,0,0,1,0,1,0,0,0,0,0,0,0,0,,0,0,0,0,
19,13,0,-22.95,21,0,0,0,-1.55,0,0,0,0,-18,0,0,0,0,-0.00229183,0,0,0,0,0,0,0,0,0,1,67,57,0,0.00034,0.00034,3,5,0,0,0,0,0,0,0,0,0,0,1,0,1,0,0,0,0,0,0,0,0,,0,0,0,0,
END,Total:20
START,FrameNb:171,CameraNb:0,HeSaiNb:0,ARS410Nb:0
2026/08/02 16:23:59:137---->
heightOffset:0,1785659039137,1328712,selfCaliBufCnt:0,selfAccObjCnt:0,selfAccAngle:0,installHAngleOffset:0,Interpolation:0,installVAngleOffset:0,radarOffsetH:0,radarOffsetV:0.32,Polynom:-0.001023;-0.0511;-2.047;0;0;0;-0.001023;-0.0511;-2.047;-25.5;0;0,WheelDirection:0;0;0;0,selfAngleOffset:0,selfAngleOffsetPit:0,currCaliAngleHrz:0,currCaliAnglePit:0,selfCaliAngleHrz:0,selfCaliAnglePit:0,servCaliAngleHrz:0,servCaliAnglePit:0,offlineCaliAngleHrz:0,offlineCaliAnglePit:0,determine2useFlag:0,IMU_Z_Accel:-21.592,IMU_X_AngularRate:-2.093,IMU_Y_AngularRate:-2.093,IMU_RollAngle:-180,IMU_PitchAngle:-180,IMU_YawAngle:-180,FcwID:0,FCWWarningLevel:0,FCWTTC:0
0,2.32,0,30.1,29,0,0,0,7.75,1.37605e-33,0,0,0,-8.5,0,0,0,0,-0.00229183,0,0,0,0,0,0,0,0,0,1,78,63,0,0.00034,0.00034,3,5,0,0,0,0,0,0,0,0,0,0,1,0,0,0,0,0,0,0,0,0,0,,0,0,0,0,
1,2.8,0,-34.05,43,0,0,0,1.75,0,0,0,0,6,0,0,0,0,-0.00229183,0,0,0,0,0,0,0,0,0,1,92,63,0,0.00034,0.00034,3,0,0,0,0,0,0,0,0,0,0,0,1,0,0,0,0,0,0,0,0,0,0,,0,0,0,0,
2,3.25,0,13.55,38.5,0,0,0,2.55,0,0,0,0,-7,0,0,0,0,-0.00229183,0,0,0,0,0,0,0,0,0,1,87,63,0,0.00034,0.00034,3,0,0,0,0,0,0,0,0,0,0,0,1,0,0,0,0,0,0,0,0,0,0,,0,0,0,0,
3,3.61,0,45.9,31.5,0,0,0,-10.25,0,0,0,0,5,0,0,0,0,-0.00229183,0,0,0,0,0,0,0,0,0,1,80,63,0,0.00034,0.00034,3,5,0,0,0,0,0,0,0,0,0,0,1,0,0,0,0,0,0,0,0,0,0,,0,0,0,0,
4,4.03,0,2.2,41.5,0,0,0,0.55,0,0,0,0,-6,0,0,0,0,-0.00229183,0,0,0,0,0,0,0,0,0,1,89,63,0,0.00034,0.00034,3,5,0,0,0,0,0,0,0,0,0,0,1,0,0,0,0,0,0,0,0,0,0,,0,0,0,0,
5,5.16,0,-35.05,33.5,0,0,0,-3.35,0,0,0,0,-6,0,0,0,0,-0.00229183,0,0,0,0,0,0,0,0,0,1,79,63,0,0.00034,0.00034,3,5,0,0,0,0,0,0,0,0,0,0,1,0,0,0,0,0,0,0,0,0,0,,0,0,0,0,
6,5.16,0,-40.7,33.5,0,0,0,0.3,0,0,0,0,-3,0,0,0,0,-0.00229183,0,0,0,0,0,0,0,0,0,1,79,63,0,0.00034,0.00034,3,5,0,0,0,0,0,0,0,0,0,0,1,0,0,0,0,0,0,0,0,0,0,,0,0,0,0,
7,5.61,0,-34.6,35.5,0,0,0,-3.05,0,0,0,0,-4,0,0,0,0,-0.00229183,0,0,0,0,0,0,0,0,0,1,80,63,0,0.00034,0.00034,3,5,0,0,0,0,0,0,0,0,0,0,1,0,0,0,0,0,0,0,0,0,0,,0,0,0,0,
8,5.61,0,-24.1,35.5,0,0,0,-5.55,0,0,0,0,-9,0,0,0,0,-0.00229183,0,0,0,0,0,0,0,0,0,1,80,63,0,0.00034,0.00034,3,5,0,0,0,0,0,0,0,0,0,0,1,0,0,0,0,0,0,0,0,0,0,,0,0,0,0,
9,5.83,0,-41.1,30.5,0,0,0,-0.05,0,0,0,0,-3.5,0,0,0,0,-0.00229183,0,0,0,0,0,0,0,0,0,1,75,63,0,0.00034,0.00034,3,5,0,0,0,0,0,0,0,0,0,0,1,0,0,0,0,0,0,0,0,0,0,,0,0,0,0,
10,6.62,0,5.05,25,0,0,0,-13.2,0,0,0,0,-23,0,0,0,0,-0.00229183,0,0,0,0,0,0,0,0,0,1,70,63,0,0.00034,0.00034,3,5,0,0,0,0,0,0,0,0,0,0,1,0,0,0,0,0,0,0,0,0,0,,0,0,0,0,
11,7.03,0,-10.05,25,0,0,0,2.45,0,0,0,0,-22.5,0,0,0,0,-0.00229183,0,0,0,0,0,0,0,0,0,1,70,63,0,0.00034,0.00034,3,5,0,0,0,0,0,0,0,0,0,0,1,0,0,0,0,0,0,0,0,0,0,,0,0,0,0,
12,7.64,0,34.7,40,0,0,0,-9.1,0,0,0,0,5.5,0,0,0,0,-0.00229183,0,0,0,0,0,0,0,0,0,1,86,63,0,0.00034,0.00034,3,0,0,0,0,0,0,0,0,0,0,0,1,0,0,0,0,0,0,0,0,0,0,,0,0,0,0,
13,8.23,0,-25.2,29,0,0,0,-2.05,0,0,0,0,-12,0,0,0,0,-0.00229183,0,0,0,0,0,0,0,0,0,1,75,63,0,0.00034,0.00034,3,0,0,0,0,0,0,0,0,0,0,0,1,0,0,0,0,0,0,0,0,0,0,,0,0,0,0,
14,8.62,0,70.95,30,0,0,0,-11.55,0,0,0,0,24.5,0,0,0,0,-0.00229183,0,0,0,0,0,0,0,0,0,1,76,63,0,0.00034,0.00034,3,5,0,0,0,0,0,0,0,0,0,0,1,0,0,0,0,0,0,0,0,0,0,,0,0,0,0,
15,8.9,0,-32.7,26.5,0,0,0,-1,0,0,0,0,-10,0,0,0,0,-0.00229183,0,0,0,0,0,0,0,0,0,1,73,63,0,0.00034,0.00034,3,5,0,0,0,0,0,0,0,0,0,0,1,0,0,0,0,0,0,0,0,0,0,,0,0,0,0,
16,9.37,0,-29.2,23.5,0,0,0,-2.95,0,0,0,0,-14.5,0,0,0,0,-0.00229183,0,0,0,0,0,0,0,0,0,1,70,63,0,0.00034,0.00034,3,5,0,0,0,0,0,0,0,0,0,0,1,0,0,0,0,0,0,0,0,0,0,,0,0,0,0,
17,9.84,0,-28.3,21.5,0,0,0,-0.55,0,0,0,0,-17,0,0,0,0,-0.00229183,0,0,0,0,0,0,0,0,0,1,68,63,0,0.00034,0.00034,3,5,0,0,0,0,0,0,0,0,0,0,1,0,0,0,0,0,0,0,0,0,0,,0,0,0,0,
18,12.16,0,-12.55,27,0,0,0,13,0,0,0,0,-16,0,0,0,0,-0.00229183,0,0,0,0,0,0,0,0,0,1,74,63,0,0.00034,0.00034,3,5,0,0,0,0,0,0,0,0,0,0,1,0,0,0,0,0,0,0,0,0,0,,0,0,0,0,
19,13,0,-22.95,21.5,0,0,0,-1.55,0,0,0,0,-17.5,0,0,0,0,-0.00229183,0,0,0,0,0,0,0,0,0,1,68,63,0,0.00034,0.00034,3,5,0,0,0,0,0,0,0,0,0,0,1,0,0,0,0,0,0,0,0,0,0,,0,0,0,0,
END,Total:20
START,FrameNb:172,CameraNb:0,HeSaiNb:0,ARS410Nb:0
2026/08/02 16:23:59:181---->
heightOffset:0,1785659039181,1328772,selfCaliBufCnt:0,selfAccObjCnt:0,selfAccAngle:0,installHAngleOffset:0,Interpolation:0,installVAngleOffset:0,radarOffsetH:0,radarOffsetV:0.32,Polynom:-0.001023;-0.0511;-2.047;0;0;0;-0.001023;-0.0511;-2.047;-25.5;0;0,WheelDirection:0;0;0;0,selfAngleOffset:0,selfAngleOffsetPit:0,currCaliAngleHrz:0,currCaliAnglePit:0,selfCaliAngleHrz:0,selfCaliAnglePit:0,servCaliAngleHrz:0,servCaliAnglePit:0,offlineCaliAngleHrz:0,offlineCaliAnglePit:0,determine2useFlag:0,IMU_Z_Accel:-21.592,IMU_X_AngularRate:-2.093,IMU_Y_AngularRate:-2.093,IMU_RollAngle:-180,IMU_PitchAngle:-180,IMU_YawAngle:-180,FcwID:0,FCWWarningLevel:0,FCWTTC:0
0,2.32,0,30.1,29,0,0,0,8.2,1.37605e-33,0,0,0,-8.5,0,0,0,0,-0.00229183,0,0,0,0,0,0,0,0,0,1,78,57,0,0.00034,0.00034,3,5,0,0,0,0,0,0,0,0,0,0,1,0,1,0,0,0,0,0,0,0,0,,0,0,0,0,
1,2.8,0,-34.05,43,0,0,0,1.75,0,0,0,0,6,0,0,0,0,-0.00229183,0,0,0,0,0,0,0,0,0,1,92,57,0,0.00034,0.00034,3,0,0,0,0,0,0,0,0,0,0,0,1,0,1,0,0,0,0,0,0,0,0,,0,0,0,0,
2,3.24,0,13.55,38.5,0,0,0,2.55,0,0,0,0,-7,0,0,0,0,-0.00229183,0,0,0,0,0,0,0,0,0,1,87,57,0,0.00034,0.00034,3,0,0,0,0,0,0,0,0,0,0,0,1,0,1,0,0,0,0,0,0,0,0,,0,0,0,0,
3,3.7,0,45.3,31.5,0,0,0,-9,0,0,0,0,5,0,0,0,0,-0.00229183,0,0,0,0,0,0,0,0,0,1,80,57,0,0.00034,0.00034,3,5,0,0,0,0,0,0,0,0,0,0,1,0,1,0,0,0,0,0,0,0,0,,0,0,0,0,
4,4.03,0,2.2,41.5,0,0,0,0.55,0,0,0,0,-6.5,0,0,0,0,-0.00229183,0,0,0,0,0,0,0,0,0,1,89,57,0,0.00034,0.00034,3,5,0,0,0,0,0,0,0,0,0,0,1,0,1,0,0,0,0,0,0,0,0,,0,0,0,0,
5,5.16,0,-35.1,34,0,0,0,-3.45,0,0,0,0,-6,0,0,0,0,-0.00229183,0,0,0,0,0,0,0,0,0,1,79,57,0,0.00034,0.00034,3,5,0,0,0,0,0,0,0,0,0,0,1,0,1,0,0,0,0,0,0,0,0,,0,0,0,0,
6,5.16,0,-40.65,34,0,0,0,0.25,0,0,0,0,-3,0,0,0,0,-0.00229183,0,0,0,0,0,0,0,0,0,1,79,57,0,0.00034,0.00034,3,5,0,0,0,0,0,0,0,0,0,0,1,0,1,0,0,0,0,0,0,0,0,,0,0,0,0,
7,5.61,0,-34.6,35.5,0,0,0,-3.05,0,0,0,0,-4,0,0,0,0,-0.00229183,0,0,0,0,0,0,0,0,0,1,80,57,0,0.00034,0.00034,3,5,0,0,0,0,0,0,0,0,0,0,1,0,1,0,0,0,0,0,0,0,0,,0,0,0,0,
8,5.61,0,-24.15,35.5,0,0,0,-5.55,0,0,0,0,-9,0,0,0,0,-0.00229183,0,0,0,0,0,0,0,0,0,1,80,57,0,0.00034,0.00034,3,5,0,0,0,0,0,0,0,0,0,0,1,0,1,0,0,0,0,0,0,0,0,,0,0,0,0,
9,5.83,0,-40.9,30.5,0,0,0,0.25,0,0,0,0,-6,0,0,0,0,-0.00229183,0,0,0,0,0,0,0,0,0,1,75,57,0,0.00034,0.00034,3,5,0,0,0,0,0,0,0,0,0,0,1,0,1,0,0,0,0,0,0,0,0,,0,0,0,0,
10,6.62,0,4.9,24.5,0,0,0,-13.1,0,0,0,0,-23,0,0,0,0,-0.00229183,0,0,0,0,0,0,0,0,0,1,70,57,0,0.00034,0.00034,3,5,0,0,0,0,0,0,0,0,0,0,1,0,1,0,0,0,0,0,0,0,0,,0,0,0,0,
11,7.03,0,-33.45,24.5,0,0,0,-3.05,0,0,0,0,-14,0,0,0,0,-0.00229183,0,0,0,0,0,0,0,0,0,1,70,57,0,0.00034,0.00034,3,5,0,0,0,0,0,0,0,0,0,0,1,0,1,0,0,0,0,0,0,0,0,,0,0,0,0,
12,7.63,0,34.65,40,0,0,0,-9.2,0,0,0,0,5.5,0,0,0,0,-0.00229183,0,0,0,0,0,0,0,0,0,1,86,57,0,0.00034,0.00034,3,0,0,0,0,0,0,0,0,0,0,0,1,0,1,0,0,0,0,0,0,0,0,,0,0,0,0,
13,8.23,0,-25.2,28.5,0,0,0,-2.05,0,0,0,0,-12.5,0,0,0,0,-0.00229183,0,0,0,0,0,0,0,0,0,1,75,57,0,0.00034,0.00034,3,0,0,0,0,0,0,0,0,0,0,0,1,0,1,0,0,0,0,0,0,0,0,,0,0,0,0,
14,8.65,0,69.2,29.5,0,0,0,-11,0,0,0,0,22.5,0,0,0,0,-0.00229183,0,0,0,0,0,0,0,0,0,1,76,57,0,0.00034,0.00034,3,7,0,0,0,0,0,0,0,0,0,0,1,0,1,0,0,0,0,0,0,0,0,,0,0,0,0,
15,8.9,0,-32.7,26,0,0,0,-0.8,0,0,0,0,-10.5,0,0,0,0,-0.00229183,0,0,0,0,0,0,0,0,0,1,72,57,0,0.00034,0.00034,3,5,0,0,0,0,0,0,0,0,0,0,1,0,1,0,0,0,0,0,0,0,0,,0,0,0,0,
16,9.38,0,-29.2,23,0,0,0,-2.95,0,0,0,0,-15,0,0,0,0,-0.00229183,0,0,0,0,0,0,0,0,0,1,70,57,0,0.00034,0.00034,3,5,0,0,0,0,0,0,0,0,0,0,1,0,1,0,0,0,0,0,0,0,0,,0,0,0,0,
17,9.83,0,-28.4,21,0,0,0,-0.8,0,0,0,0,-17.5,0,0,0,0,-0.00229183,0,0,0,0,0,0,0,0,0,1,68,57,0,0.00034,0.00034,3,5,0,0,0,0,0,0,0,0,0,0,1,0,1,0,0,0,0,0,0,0,0,,0,0,0,0,
18,12.16,0,-12.55,27,0,0,0,12.8,0,0,0,0,-16,0,0,0,0,-0.00229183,0,0,0,0,0,0,0,0,0,1,74,57,0,0.00034,0.00034,3,5,0,0,0,0,0,0,0,0,0,0,1,0,1,0,0,0,0,0,0,0,0,,0,0,0,0,
19,13,0,-23.05,21,0,0,0,-1.75,0,0,0,0,-18,0,0,0,0,-0.00229183,0,0,0,0,0,0,0,0,0,1,67,57,0,0.00034,0.00034,3,5,0,0,0,0,0,0,0,0,0,0,1,0,1,0,0,0,0,0,0,0,0,,0,0,0,0,
END,Total:20
START,FrameNb:173,CameraNb:0,HeSaiNb:0,ARS410Nb:0
2026/08/02 16:23:59:243---->
heightOffset:0,1785659039243,1328828,selfCaliBufCnt:0,selfAccObjCnt:0,selfAccAngle:0,installHAngleOffset:0,Interpolation:0,installVAngleOffset:0,radarOffsetH:0,radarOffsetV:0.32,Polynom:-0.001023;-0.0511;-2.047;0;0;0;-0.001023;-0.0511;-2.047;-25.5;0;0,WheelDirection:0;0;0;0,selfAngleOffset:0,selfAngleOffsetPit:0,currCaliAngleHrz:0,currCaliAnglePit:0,selfCaliAngleHrz:0,selfCaliAnglePit:0,servCaliAngleHrz:0,servCaliAnglePit:0,offlineCaliAngleHrz:0,offlineCaliAnglePit:0,determine2useFlag:0,IMU_Z_Accel:-21.592,IMU_X_AngularRate:-2.093,IMU_Y_AngularRate:-2.093,IMU_RollAngle:-180,IMU_PitchAngle:-180,IMU_YawAngle:-180,FcwID:0,FCWWarningLevel:0,FCWTTC:0
0,2.32,0,30.05,29,0,0,0,7.75,1.37605e-33,0,0,0,-8.5,0,0,0,0,-0.00229183,0,0,0,0,0,0,0,0,0,1,78,58,0,0.00034,0.00034,3,5,0,0,0,0,0,0,0,0,0,0,1,0,0,0,0,0,0,0,0,0,0,,0,0,0,0,
1,2.8,0,-34.05,43,0,0,0,1.75,0,0,0,0,6,0,0,0,0,-0.00229183,0,0,0,0,0,0,0,0,0,1,92,58,0,0.00034,0.00034,3,0,0,0,0,0,0,0,0,0,0,0,1,0,0,0,0,0,0,0,0,0,0,,0,0,0,0,
2,3.25,0,13.55,38.5,0,0,0,2.55,0,0,0,0,-7,0,0,0,0,-0.00229183,0,0,0,0,0,0,0,0,0,1,87,58,0,0.00034,0.00034,3,0,0,0,0,0,0,0,0,0,0,0,1,0,0,0,0,0,0,0,0,0,0,,0,0,0,0,
3,3.6,0,45.9,32,0,0,0,-10.1,0,0,0,0,5,0,0,0,0,-0.00229183,0,0,0,0,0,0,0,0,0,1,80,58,0,0.00034,0.00034,3,5,0,0,0,0,0,0,0,0,0,0,1,0,0,0,0,0,0,0,0,0,0,,0,0,0,0,
4,4.03,0,2.2,41.5,0,0,0,0.45,0,0,0,0,-6,0,0,0,0,-0.00229183,0,0,0,0,0,0,0,0,0,1,89,58,0,0.00034,0.00034,3,5,0,0,0,0,0,0,0,0,0,0,1,0,0,0,0,0,0,0,0,0,0,,0,0,0,0,
5,5.16,0,-35.1,33.5,0,0,0,-3.35,0,0,0,0,-6,0,0,0,0,-0.00229183,0,0,0,0,0,0,0,0,0,1,79,58,0,0.00034,0.00034,3,5,0,0,0,0,0,0,0,0,0,0,1,0,0,0,0,0,0,0,0,0,0,,0,0,0,0,
6,5.16,0,-40.7,33.5,0,0,0,0.2,0,0,0,0,-3,0,0,0,0,-0.00229183,0,0,0,0,0,0,0,0,0,1,79,58,0,0.00034,0.00034,3,5,0,0,0,0,0,0,0,0,0,0,1,0,0,0,0,0,0,0,0,0,0,,0,0,0,0,
7,5.61,0,-34.6,35.5,0,0,0,-3.05,0,0,0,0,-4,0,0,0,0,-0.00229183,0,0,0,0,0,0,0,0,0,1,80,58,0,0.00034,0.00034,3,5,0,0,0,0,0,0,0,0,0,0,1,0,0,0,0,0,0,0,0,0,0,,0,0,0,0,
8,5.61,0,-24.15,35.5,0,0,0,-5.55,0,0,0,0,-9,0,0,0,0,-0.00229183,0,0,0,0,0,0,0,0,0,1,80,58,0,0.00034,0.00034,3,5,0,0,0,0,0,0,0,0,0,0,1,0,0,0,0,0,0,0,0,0,0,,0,0,0,0,
9,5.83,0,-40.85,30.5,0,0,0,-0.05,0,0,0,0,-6,0,0,0,0,-0.00229183,0,0,0,0,0,0,0,0,0,1,75,58,0,0.00034,0.00034,3,5,0,0,0,0,0,0,0,0,0,0,1,0,0,0,0,0,0,0,0,0,0,,0,0,0,0,
10,6.62,0,4.8,25,0,0,0,-13.3,0,0,0,0,-23,0,0,0,0,-0.00229183,0,0,0,0,0,0,0,0,0,1,70,58,0,0.00034,0.00034,3,5,0,0,0,0,0,0,0,0,0,0,1,0,0,0,0,0,0,0,0,0,0,,0,0,0,0,
11,7.03,0,-33.55,25,0,0,0,-3,0,0,0,0,-13.5,0,0,0,0,-0.00229183,0,0,0,0,0,0,0,0,0,1,70,58,0,0.00034,0.00034,3,5,0,0,0,0,0,0,0,0,0,0,1,0,0,0,0,0,0,0,0,0,0,,0,0,0,0,
12,7.64,0,34.7,40,0,0,0,6.75,0,0,0,0,5.5,0,0,0,0,-0.00229183,0,0,0,0,0,0,0,0,0,1,86,58,0,0.00034,0.00034,3,0,0,0,0,0,0,0,0,0,0,0,1,0,0,0,0,0,0,0,0,0,0,,0,0,0,0,
13,8.23,0,-25.3,29,0,0,0,-1.75,0,0,0,0,-12,0,0,0,0,-0.00229183,0,0,0,0,0,0,0,0,0,1,75,58,0,0.00034,0.00034,3,0,0,0,0,0,0,0,0,0,0,0,1,0,0,0,0,0,0,0,0,0,0,,0,0,0,0,
14,8.66,0,69.2,30,0,0,0,-11.2,0,0,0,0,22.5,0,0,0,0,-0.00229183,0,0,0,0,0,0,0,0,0,1,76,58,0,0.00034,0.00034,3,7,0,0,0,0,0,0,0,0,0,0,1,0,0,0,0,0,0,0,0,0,0,,0,0,0,0,
15,8.9,0,-32.8,26,0,0,0,-0.55,0,0,0,0,-10,0,0,0,0,-0.00229183,0,0,0,0,0,0,0,0,0,1,72,58,0,0.00034,0.00034,3,5,0,0,0,0,0,0,0,0,0,0,1,0,0,0,0,0,0,0,0,0,0,,0,0,0,0,
16,9.38,0,-29.2,23,0,0,0,-2.95,0,0,0,0,-15,0,0,0,0,-0.00229183,0,0,0,0,0,0,0,0,0,1,69,58,0,0.00034,0.00034,3,5,0,0,0,0,0,0,0,0,0,0,1,0,0,0,0,0,0,0,0,0,0,,0,0,0,0,
17,9.85,0,-28.35,21,0,0,0,-0.55,0,0,0,0,-17.5,0,0,0,0,-0.00229183,0,0,0,0,0,0,0,0,0,1,67,58,0,0.00034,0.00034,3,5,0,0,0,0,0,0,0,0,0,0,1,0,0,0,0,0,0,0,0,0,0,,0,0,0,0,
18,12.16,0,-12.6,27,0,0,0,13,0,0,0,0,-16,0,0,0,0,-0.00229183,0,0,0,0,0,0,0,0,0,1,74,58,0,0.00034,0.00034,3,5,0,0,0,0,0,0,0,0,0,0,1,0,0,0,0,0,0,0,0,0,0,,0,0,0,0,
19,13,0,-23.05,21,0,0,0,-1.75,0,0,0,0,-17.5,0,0,0,0,-0.00229183,0,0,0,0,0,0,0,0,0,1,68,58,0,0.00034,0.00034,3,5,0,0,0,0,0,0,0,0,0,0,1,0,0,0,0,0,0,0,0,0,0,,0,0,0,0,
END,Total:20
START,FrameNb:174,CameraNb:0,HeSaiNb:0,ARS410Nb:0
2026/08/02 16:23:59:341---->
heightOffset:0,1785659039341,1328884,selfCaliBufCnt:0,selfAccObjCnt:0,selfAccAngle:0,installHAngleOffset:0,Interpolation:0,installVAngleOffset:0,radarOffsetH:0,radarOffsetV:0.32,Polynom:-0.001023;-0.0511;-2.047;0;0;0;-0.001023;-0.0511;-2.047;-25.5;0;0,WheelDirection:0;0;0;0,selfAngleOffset:0,selfAngleOffsetPit:0,currCaliAngleHrz:0,currCaliAnglePit:0,selfCaliAngleHrz:0,selfCaliAnglePit:0,servCaliAngleHrz:0,servCaliAnglePit:0,offlineCaliAngleHrz:0,offlineCaliAnglePit:0,determine2useFlag:0,IMU_Z_Accel:-21.592,IMU_X_AngularRate:-2.093,IMU_Y_AngularRate:-2.093,IMU_RollAngle:-180,IMU_PitchAngle:-180,IMU_YawAngle:-180,FcwID:0,FCWWarningLevel:0,FCWTTC:0
0,2.32,0,30.05,29,0,0,0,8.2,1.37605e-33,0,0,0,-8.5,0,0,0,0,-0.00229183,0,0,0,0,0,0,0,0,0,1,78,54,0,0.00034,0.00034,3,5,0,0,0,0,0,0,0,0,0,0,1,0,1,0,0,0,0,0,0,0,0,,0,0,0,0,
1,2.8,0,-34.05,43.5,0,0,0,1.75,0,0,0,0,6,0,0,0,0,-0.00229183,0,0,0,0,0,0,0,0,0,1,92,54,0,0.00034,0.00034,3,0,0,0,0,0,0,0,0,0,0,0,1,0,1,0,0,0,0,0,0,0,0,,0,0,0,0,
2,3.25,0,13.55,38.5,0,0,0,2.55,0,0,0,0,-7,0,0,0,0,-0.00229183,0,0,0,0,0,0,0,0,0,1,87,54,0,0.00034,0.00034,3,0,0,0,0,0,0,0,0,0,0,0,1,0,1,0,0,0,0,0,0,0,0,,0,0,0,0,
3,3.61,0,45.45,31.5,0,0,0,-9.1,0,0,0,0,5,0,0,0,0,-0.00229183,0,0,0,0,0,0,0,0,0,1,80,54,0,0.00034,0.00034,3,5,0,0,0,0,0,0,0,0,0,0,1,0,1,0,0,0,0,0,0,0,0,,0,0,0,0,
4,4.03,0,2.2,41.5,0,0,0,0.55,0,0,0,0,-6.5,0,0,0,0,-0.00229183,0,0,0,0,0,0,0,0,0,1,89,54,0,0.00034,0.00034,3,5,0,0,0,0,0,0,0,0,0,0,1,0,1,0,0,0,0,0,0,0,0,,0,0,0,0,
5,5.16,0,-35.1,34,0,0,0,-3.35,0,0,0,0,-6,0,0,0,0,-0.00229183,0,0,0,0,0,0,0,0,0,1,79,54,0,0.00034,0.00034,3,5,0,0,0,0,0,0,0,0,0,0,1,0,1,0,0,0,0,0,0,0,0,,0,0,0,0,
6,5.16,0,-40.65,34,0,0,0,0.15,0,0,0,0,-3,0,0,0,0,-0.00229183,0,0,0,0,0,0,0,0,0,1,79,54,0,0.00034,0.00034,3,5,0,0,0,0,0,0,0,0,0,0,1,0,1,0,0,0,0,0,0,0,0,,0,0,0,0,
7,5.61,0,-34.6,36,0,0,0,-3.05,0,0,0,0,-4,0,0,0,0,-0.00229183,0,0,0,0,0,0,0,0,0,1,80,54,0,0.00034,0.00034,3,5,0,0,0,0,0,0,0,0,0,0,1,0,1,0,0,0,0,0,0,0,0,,0,0,0,0,
8,5.61,0,-24.15,36,0,0,0,-5.55,0,0,0,0,-9,0,0,0,0,-0.00229183,0,0,0,0,0,0,0,0,0,1,80,54,0,0.00034,0.00034,3,5,0,0,0,0,0,0,0,0,0,0,1,0,1,0,0,0,0,0,0,0,0,,0,0,0,0,
9,5.83,0,-41,30.5,0,0,0,0.2,0,0,0,0,-4,0,0,0,0,-0.00229183,0,0,0,0,0,0,0,0,0,1,75,54,0,0.00034,0.00034,3,5,0,0,0,0,0,0,0,0,0,0,1,0,1,0,0,0,0,0,0,0,0,,0,0,0,0,
10,6.62,0,-53.9,25,0,0,0,-1.8,0,0,0,0,1,0,0,0,0,-0.00229183,0,0,0,0,0,0,0,0,0,1,70,54,0,0.00034,0.00034,3,5,0,0,0,0,0,0,0,0,0,0,1,0,1,0,0,0,0,0,0,0,0,,0,0,0,0,
11,7.02,0,-10.1,24.5,0,0,0,2.55,0,0,0,0,-23,0,0,0,0,-0.00229183,0,0,0,0,0,0,0,0,0,1,70,54,0,0.00034,0.00034,3,5,0,0,0,0,0,0,0,0,0,0,1,0,1,0,0,0,0,0,0,0,0,,0,0,0,0,
12,7.64,0,34.8,39.5,0,0,0,-9.2,0,0,0,0,5.5,0,0,0,0,-0.00229183,0,0,0,0,0,0,0,0,0,1,86,54,0,0.00034,0.00034,3,0,0,0,0,0,0,0,0,0,0,0,1,0,1,0,0,0,0,0,0,0,0,,0,0,0,0,
13,8.25,0,-25.2,28.5,0,0,0,-2.05,0,0,0,0,-12.5,0,0,0,0,-0.00229183,0,0,0,0,0,0,0,0,0,1,75,54,0,0.00034,0.00034,3,0,0,0,0,0,0,0,0,0,0,0,1,0,1,0,0,0,0,0,0,0,0,,0,0,0,0,
14,8.48,0,70.9,30,0,0,0,-11.55,0,0,0,0,24.5,0,0,0,0,-0.00229183,0,0,0,0,0,0,0,0,0,1,76,54,0,0.00034,0.00034,3,5,0,0,0,0,0,0,0,0,0,0,1,0,1,0,0,0,0,0,0,0,0,,0,0,0,0,
15,8.9,0,-32.65,26.5,0,0,0,-1,0,0,0,0,-10,0,0,0,0,-0.00229183,0,0,0,0,0,0,0,0,0,1,73,54,0,0.00034,0.00034,3,5,0,0,0,0,0,0,0,0,0,0,1,0,1,0,0,0,0,0,0,0,0,,0,0,0,0,
16,9.37,0,-29.2,23,0,0,0,-3.1,0,0,0,0,-14.5,0,0,0,0,-0.00229183,0,0,0,0,0,0,0,0,0,1,70,54,0,0.00034,0.00034,3,5,0,0,0,0,0,0,0,0,0,0,1,0,1,0,0,0,0,0,0,0,0,,0,0,0,0,
17,9.85,0,-28.3,21,0,0,0,-0.8,0,0,0,0,-17.5,0,0,0,0,-0.00229183,0,0,0,0,0,0,0,0,0,1,67,54,0,0.00034,0.00034,3,5,0,0,0,0,0,0,0,0,0,0,1,0,1,0,0,0,0,0,0,0,0,,0,0,0,0,
18,12.16,0,-12.55,27,0,0,0,13,0,0,0,0,-16,0,0,0,0,-0.00229183,0,0,0,0,0,0,0,0,0,1,74,54,0,0.00034,0.00034,3,5,0,0,0,0,0,0,0,0,0,0,1,0,1,0,0,0,0,0,0,0,0,,0,0,0,0,
19,13.01,0,-23.05,21.5,0,0,0,-1.7,0,0,0,0,-17.5,0,0,0,0,-0.00229183,0,0,0,0,0,0,0,0,0,1,68,54,0,0.00034,0.00034,3,5,0,0,0,0,0,0,0,0,0,0,1,0,1,0,0,0,0,0,0,0,0,,0,0,0,0,
END,Total:20
START,FrameNb:175,CameraNb:0,HeSaiNb:0,ARS410Nb:0
2026/08/02 16:23:59:391---->
heightOffset:0,1785659039391,1328940,selfCaliBufCnt:0,selfAccObjCnt:0,selfAccAngle:0,installHAngleOffset:0,Interpolation:0,installVAngleOffset:0,radarOffsetH:0,radarOffsetV:0.32,Polynom:-0.001023;-0.0511;-2.047;0;0;0;-0.001023;-0.0511;-2.047;-25.5;0;0,WheelDirection:0;0;0;0,selfAngleOffset:0,selfAngleOffsetPit:0,currCaliAngleHrz:0,currCaliAnglePit:0,selfCaliAngleHrz:0,selfCaliAnglePit:0,servCaliAngleHrz:0,servCaliAnglePit:0,offlineCaliAngleHrz:0,offlineCaliAnglePit:0,determine2useFlag:0,IMU_Z_Accel:-21.592,IMU_X_AngularRate:-2.093,IMU_Y_AngularRate:-2.093,IMU_RollAngle:-180,IMU_PitchAngle:-180,IMU_YawAngle:-180,FcwID:0,FCWWarningLevel:0,FCWTTC:0
0,2.32,0,30.05,29,0,0,0,7.7,1.37605e-33,0,0,0,-8.5,0,0,0,0,-0.00229183,0,0,0,0,0,0,0,0,0,1,78,57,0,0.00034,0.00034,3,5,0,0,0,0,0,0,0,0,0,0,1,0,0,0,0,0,0,0,0,0,0,,0,0,0,0,
1,2.8,0,-34.05,43,0,0,0,1.75,0,0,0,0,6,0,0,0,0,-0.00229183,0,0,0,0,0,0,0,0,0,1,92,57,0,0.00034,0.00034,3,0,0,0,0,0,0,0,0,0,0,0,1,0,0,0,0,0,0,0,0,0,0,,0,0,0,0,
2,3.25,0,13.55,38.5,0,0,0,2.55,0,0,0,0,-7,0,0,0,0,-0.00229183,0,0,0,0,0,0,0,0,0,1,87,57,0,0.00034,0.00034,3,0,0,0,0,0,0,0,0,0,0,0,1,0,0,0,0,0,0,0,0,0,0,,0,0,0,0,
3,3.59,0,45.7,31.5,0,0,0,-9.6,0,0,0,0,5,0,0,0,0,-0.00229183,0,0,0,0,0,0,0,0,0,1,80,57,0,0.00034,0.00034,3,5,0,0,0,0,0,0,0,0,0,0,1,0,0,0,0,0,0,0,0,0,0,,0,0,0,0,
4,4.03,0,2.2,41.5,0,0,0,0.55,0,0,0,0,-6,0,0,0,0,-0.00229183,0,0,0,0,0,0,0,0,0,1,89,57,0,0.00034,0.00034,3,5,0,0,0,0,0,0,0,0,0,0,1,0,0,0,0,0,0,0,0,0,0,,0,0,0,0,
5,5.16,0,-35.05,33.5,0,0,0,-3.35,0,0,0,0,-6,0,0,0,0,-0.00229183,0,0,0,0,0,0,0,0,0,1,79,57,0,0.00034,0.00034,3,5,0,0,0,0,0,0,0,0,0,0,1,0,0,0,0,0,0,0,0,0,0,,0,0,0,0,
6,5.16,0,-40.6,33.5,0,0,0,0.25,0,0,0,0,-3,0,0,0,0,-0.00229183,0,0,0,0,0,0,0,0,0,1,79,57,0,0.00034,0.00034,3,5,0,0,0,0,0,0,0,0,0,0,1,0,0,0,0,0,0,0,0,0,0,,0,0,0,0,
7,5.61,0,-34.6,35.5,0,0,0,-3.1,0,0,0,0,-4,0,0,0,0,-0.00229183,0,0,0,0,0,0,0,0,0,1,80,57,0,0.00034,0.00034,3,5,0,0,0,0,0,0,0,0,0,0,1,0,0,0,0,0,0,0,0,0,0,,0,0,0,0,
8,5.61,0,-24.1,35.5,0,0,0,-5.6,0,0,0,0,-9,0,0,0,0,-0.00229183,0,0,0,0,0,0,0,0,0,1,80,57,0,0.00034,0.00034,3,5,0,0,0,0,0,0,0,0,0,0,1,0,0,0,0,0,0,0,0,0,0,,0,0,0,0,
9,5.83,0,-40.85,30.5,0,0,0,0.05,0,0,0,0,-5.5,0,0,0,0,-0.00229183,0,0,0,0,0,0,0,0,0,1,75,57,0,0.00034,0.00034,3,5,0,0,0,0,0,0,0,0,0,0,1,0,0,0,0,0,0,0,0,0,0,,0,0,0,0,
10,6.62,0,-53.8,24,0,0,0,-0.8,0,0,0,0,0.5,0,0,0,0,-0.00229183,0,0,0,0,0,0,0,0,0,1,70,57,0,0.00034,0.00034,3,5,0,0,0,0,0,0,0,0,0,0,1,0,0,0,0,0,0,0,0,0,0,,0,0,0,0,
11,7.02,0,-33.55,24.5,0,0,0,-3.1,0,0,0,0,-13.5,0,0,0,0,-0.00229183,0,0,0,0,0,0,0,0,0,1,70,57,0,0.00034,0.00034,3,5,0,0,0,0,0,0,0,0,0,0,1,0,0,0,0,0,0,0,0,0,0,,0,0,0,0,
12,7.64,0,34.85,39.5,0,0,0,-9.05,0,0,0,0,5,0,0,0,0,-0.00229183,0,0,0,0,0,0,0,0,0,1,86,57,0,0.00034,0.00034,3,0,0,0,0,0,0,0,0,0,0,0,1,0,0,0,0,0,0,0,0,0,0,,0,0,0,0,
13,8.24,0,-25.3,28.5,0,0,0,-1.85,0,0,0,0,-12,0,0,0,0,-0.00229183,0,0,0,0,0,0,0,0,0,1,75,57,0,0.00034,0.00034,3,0,0,0,0,0,0,0,0,0,0,0,1,0,0,0,0,0,0,0,0,0,0,,0,0,0,0,
14,8.65,0,69.2,30,0,0,0,-11.3,0,0,0,0,22.5,0,0,0,0,-0.00229183,0,0,0,0,0,0,0,0,0,1,76,57,0,0.00034,0.00034,3,7,0,0,0,0,0,0,0,0,0,0,1,0,0,0,0,0,0,0,0,0,0,,0,0,0,0,
15,8.91,0,-32.65,26.5,0,0,0,-0.8,0,0,0,0,-10,0,0,0,0,-0.00229183,0,0,0,0,0,0,0,0,0,1,73,57,0,0.00034,0.00034,3,5,0,0,0,0,0,0,0,0,0,0,1,0,0,0,0,0,0,0,0,0,0,,0,0,0,0,
16,9.39,0,-29.1,23.5,0,0,0,-2.85,0,0,0,0,-14.5,0,0,0,0,-0.00229183,0,0,0,0,0,0,0,0,0,1,70,57,0,0.00034,0.00034,3,5,0,0,0,0,0,0,0,0,0,0,1,0,0,0,0,0,0,0,0,0,0,,0,0,0,0,
17,9.85,0,-28.3,21,0,0,0,-0.45,0,0,0,0,-18,0,0,0,0,-0.00229183,0,0,0,0,0,0,0,0,0,1,67,57,0,0.00034,0.00034,3,5,0,0,0,0,0,0,0,0,0,0,1,0,0,0,0,0,0,0,0,0,0,,0,0,0,0,
18,12.16,0,-12.6,27,0,0,0,12.9,0,0,0,0,-16,0,0,0,0,-0.00229183,0,0,0,0,0,0,0,0,0,1,74,57,0,0.00034,0.00034,3,5,0,0,0,0,0,0,0,0,0,0,1,0,0,0,0,0,0,0,0,0,0,,0,0,0,0,
19,13,0,-23.1,21.5,0,0,0,-1.7,0,0,0,0,-17.5,0,0,0,0,-0.00229183,0,0,0,0,0,0,0,0,0,1,68,57,0,0.00034,0.00034,3,5,0,0,0,0,0,0,0,0,0,0,1,0,0,0,0,0,0,0,0,0,0,,0,0,0,0,
END,Total:20
START,FrameNb:176,CameraNb:0,HeSaiNb:0,ARS410Nb:0
2026/08/02 16:23:59:430---->
heightOffset:0,1785659039430,1328996,selfCaliBufCnt:0,selfAccObjCnt:0,selfAccAngle:0,installHAngleOffset:0,Interpolation:0,installVAngleOffset:0,radarOffsetH:0,radarOffsetV:0.32,Polynom:-0.001023;-0.0511;-2.047;0;0;0;-0.001023;-0.0511;-2.047;-25.5;0;0,WheelDirection:0;0;0;0,selfAngleOffset:0,selfAngleOffsetPit:0,currCaliAngleHrz:0,currCaliAnglePit:0,selfCaliAngleHrz:0,selfCaliAnglePit:0,servCaliAngleHrz:0,servCaliAnglePit:0,offlineCaliAngleHrz:0,offlineCaliAnglePit:0,determine2useFlag:0,IMU_Z_Accel:-21.592,IMU_X_AngularRate:-2.093,IMU_Y_AngularRate:-2.093,IMU_RollAngle:-180,IMU_PitchAngle:-180,IMU_YawAngle:-180,FcwID:0,FCWWarningLevel:0,FCWTTC:0
0,2.32,0,30.05,29,0,0,0,8.25,1.37605e-33,0,0,0,-9,0,0,0,0,-0.00229183,0,0,0,0,0,0,0,0,0,1,78,54,0,0.00034,0.00034,3,5,0,0,0,0,0,0,0,0,0,0,1,0,1,0,0,0,0,0,0,0,0,,0,0,0,0,
1,2.8,0,-34.05,43.5,0,0,0,1.75,0,0,0,0,6,0,0,0,0,-0.00229183,0,0,0,0,0,0,0,0,0,1,92,54,0,0.00034,0.00034,3,0,0,0,0,0,0,0,0,0,0,0,1,0,1,0,0,0,0,0,0,0,0,,0,0,0,0,
2,3.24,0,13.55,38.5,0,0,0,2.55,0,0,0,0,-7,0,0,0,0,-0.00229183,0,0,0,0,0,0,0,0,0,1,87,54,0,0.00034,0.00034,3,0,0,0,0,0,0,0,0,0,0,0,1,0,1,0,0,0,0,0,0,0,0,,0,0,0,0,
3,3.6,0,45.35,32,0,0,0,-9,0,0,0,0,5,0,0,0,0,-0.00229183,0,0,0,0,0,0,0,0,0,1,80,54,0,0.00034,0.00034,3,5,0,0,0,0,0,0,0,0,0,0,1,0,1,0,0,0,0,0,0,0,0,,0,0,0,0,
4,4.03,0,2.2,41.5,0,0,0,0.55,0,0,0,0,-6.5,0,0,0,0,-0.00229183,0,0,0,0,0,0,0,0,0,1,89,54,0,0.00034,0.00034,3,5,0,0,0,0,0,0,0,0,0,0,1,0,1,0,0,0,0,0,0,0,0,,0,0,0,0,
5,5.16,0,-35.05,34,0,0,0,-3.3,0,0,0,0,-6,0,0,0,0,-0.00229183,0,0,0,0,0,0,0,0,0,1,79,54,0,0.00034,0.00034,3,5,0,0,0,0,0,0,0,0,0,0,1,0,1,0,0,0,0,0,0,0,0,,0,0,0,0,
6,5.16,0,-40.6,34,0,0,0,0.2,0,0,0,0,-3,0,0,0,0,-0.00229183,0,0,0,0,0,0,0,0,0,1,79,54,0,0.00034,0.00034,3,5,0,0,0,0,0,0,0,0,0,0,1,0,1,0,0,0,0,0,0,0,0,,0,0,0,0,
7,5.61,0,-34.55,36,0,0,0,-3.05,0,0,0,0,-4,0,0,0,0,-0.00229183,0,0,0,0,0,0,0,0,0,1,80,54,0,0.00034,0.00034,3,5,0,0,0,0,0,0,0,0,0,0,1,0,1,0,0,0,0,0,0,0,0,,0,0,0,0,
8,5.61,0,-24.1,36,0,0,0,-5.6,0,0,0,0,-9,0,0,0,0,-0.00229183,0,0,0,0,0,0,0,0,0,1,80,54,0,0.00034,0.00034,3,5,0,0,0,0,0,0,0,0,0,0,1,0,1,0,0,0,0,0,0,0,0,,0,0,0,0,
9,5.83,0,-41.2,31,0,0,0,0.25,0,0,0,0,-3.5,0,0,0,0,-0.00229183,0,0,0,0,0,0,0,0,0,1,76,54,0,0.00034,0.00034,3,5,0,0,0,0,0,0,0,0,0,0,1,0,1,0,0,0,0,0,0,0,0,,0,0,0,0,
10,6.63,0,4.9,25,0,0,0,-13.35,0,0,0,0,-23.5,0,0,0,0,-0.00229183,0,0,0,0,0,0,0,0,0,1,70,54,0,0.00034,0.00034,2,-1,0,0,0,0,0,0,0,0,0,0,1,0,1,0,0,0,0,0,0,0,0,,0,0,0,0,
11,7.01,0,-10.05,24.5,0,0,0,2.25,0,0,0,0,-23,0,0,0,0,-0.00229183,0,0,0,0,0,0,0,0,0,1,70,54,0,0.00034,0.00034,3,5,0,0,0,0,0,0,0,0,0,0,1,0,1,0,0,0,0,0,0,0,0,,0,0,0,0,
12,7.65,0,34.85,40,0,0,0,6.55,0,0,0,0,5,0,0,0,0,-0.00229183,0,0,0,0,0,0,0,0,0,1,86,54,0,0.00034,0.00034,3,0,0,0,0,0,0,0,0,0,0,0,1,0,1,0,0,0,0,0,0,0,0,,0,0,0,0,
13,8.26,0,-25.2,28.5,0,0,0,-2.1,0,0,0,0,-12.5,0,0,0,0,-0.00229183,0,0,0,0,0,0,0,0,0,1,74,54,0,0.00034,0.00034,3,0,0,0,0,0,0,0,0,0,0,0,1,0,1,0,0,0,0,0,0,0,0,,0,0,0,0,
14,8.48,0,69.2,30,0,0,0,-11.3,0,0,0,0,22,0,0,0,0,-0.00229183,0,0,0,0,0,0,0,0,0,1,76,54,0,0.00034,0.00034,3,7,0,0,0,0,0,0,0,0,0,0,1,0,1,0,0,0,0,0,0,0,0,,0,0,0,0,
15,8.9,0,-32.6,26.5,0,0,0,-1.05,0,0,0,0,-10,0,0,0,0,-0.00229183,0,0,0,0,0,0,0,0,0,1,73,54,0,0.00034,0.00034,3,5,0,0,0,0,0,0,0,0,0,0,1,0,1,0,0,0,0,0,0,0,0,,0,0,0,0,
16,9.39,0,-29.35,23,0,0,0,-2.75,0,0,0,0,-14.5,0,0,0,0,-0.00229183,0,0,0,0,0,0,0,0,0,1,70,54,0,0.00034,0.00034,3,5,0,0,0,0,0,0,0,0,0,0,1,0,1,0,0,0,0,0,0,0,0,,0,0,0,0,
17,9.84,0,-28.2,20.5,0,0,0,-0.85,0,0,0,0,-18,0,0,0,0,-0.00229183,0,0,0,0,0,0,0,0,0,1,67,54,0,0.00034,0.00034,3,5,0,0,0,0,0,0,0,0,0,0,1,0,1,0,0,0,0,0,0,0,0,,0,0,0,0,
18,12.16,0,26.55,27,0,0,0,-6.45,0,0,0,0,-8,0,0,0,0,-0.00229183,0,0,0,0,0,0,0,0,0,1,74,54,0,0.00034,0.00034,2,-1,0,0,0,0,0,0,0,0,0,0,1,0,1,0,0,0,0,0,0,0,0,,0,0,0,0,
19,13,0,-23.1,21.5,0,0,0,-1.6,0,0,0,0,-17.5,0,0,0,0,-0.00229183,0,0,0,0,0,0,0,0,0,1,68,54,0,0.00034,0.00034,3,5,0,0,0,0,0,0,0,0,0,0,1,0,1,0,0,0,0,0,0,0,0,,0,0,0,0,
END,Total:20
START,FrameNb:177,CameraNb:0,HeSaiNb:0,ARS410Nb:0
2026/08/02 16:23:59:492---->
heightOffset:0,1785659039492,1329056,selfCaliBufCnt:0,selfAccObjCnt:0,selfAccAngle:0,installHAngleOffset:0,Interpolation:0,installVAngleOffset:0,radarOffsetH:0,radarOffsetV:0.32,Polynom:-0.001023;-0.0511;-2.047;0;0;0;-0.001023;-0.0511;-2.047;-25.5;0;0,WheelDirection:0;0;0;0,selfAngleOffset:0,selfAngleOffsetPit:0,currCaliAngleHrz:0,currCaliAnglePit:0,selfCaliAngleHrz:0,selfCaliAnglePit:0,servCaliAngleHrz:0,servCaliAnglePit:0,offlineCaliAngleHrz:0,offlineCaliAnglePit:0,determine2useFlag:0,IMU_Z_Accel:-21.592,IMU_X_AngularRate:-2.093,IMU_Y_AngularRate:-2.093,IMU_RollAngle:-180,IMU_PitchAngle:-180,IMU_YawAngle:-180,FcwID:0,FCWWarningLevel:0,FCWTTC:0
0,2.32,0,30.1,29,0,0,0,7.7,1.37605e-33,0,0,0,-8.5,0,0,0,0,-0.00229183,0,0,0,0,0,0,0,0,0,1,78,61,0,0.00034,0.00034,3,5,0,0,0,0,0,0,0,0,0,0,1,0,0,0,0,0,0,0,0,0,0,,0,0,0,0,
1,2.8,0,-34.05,43,0,0,0,1.75,0,0,0,0,6,0,0,0,0,-0.00229183,0,0,0,0,0,0,0,0,0,1,92,61,0,0.00034,0.00034,3,0,0,0,0,0,0,0,0,0,0,0,1,0,0,0,0,0,0,0,0,0,0,,0,0,0,0,
2,3.25,0,13.55,38.5,0,0,0,2.55,0,0,0,0,-7,0,0,0,0,-0.00229183,0,0,0,0,0,0,0,0,0,1,87,61,0,0.00034,0.00034,3,0,0,0,0,0,0,0,0,0,0,0,1,0,0,0,0,0,0,0,0,0,0,,0,0,0,0,
3,3.6,0,45.8,31.5,0,0,0,-10.2,0,0,0,0,5,0,0,0,0,-0.00229183,0,0,0,0,0,0,0,0,0,1,80,61,0,0.00034,0.00034,3,5,0,0,0,0,0,0,0,0,0,0,1,0,0,0,0,0,0,0,0,0,0,,0,0,0,0,
4,4.03,0,2.2,41.5,0,0,0,0.55,0,0,0,0,-6,0,0,0,0,-0.00229183,0,0,0,0,0,0,0,0,0,1,89,61,0,0.00034,0.00034,3,5,0,0,0,0,0,0,0,0,0,0,1,0,0,0,0,0,0,0,0,0,0,,0,0,0,0,
5,5.16,0,-35.1,34,0,0,0,-3.35,0,0,0,0,-6,0,0,0,0,-0.00229183,0,0,0,0,0,0,0,0,0,1,79,61,0,0.00034,0.00034,3,5,0,0,0,0,0,0,0,0,0,0,1,0,0,0,0,0,0,0,0,0,0,,0,0,0,0,
6,5.16,0,-40.7,34,0,0,0,0.2,0,0,0,0,-3,0,0,0,0,-0.00229183,0,0,0,0,0,0,0,0,0,1,79,61,0,0.00034,0.00034,3,5,0,0,0,0,0,0,0,0,0,0,1,0,0,0,0,0,0,0,0,0,0,,0,0,0,0,
7,5.61,0,-34.6,36,0,0,0,-3.1,0,0,0,0,-4,0,0,0,0,-0.00229183,0,0,0,0,0,0,0,0,0,1,80,61,0,0.00034,0.00034,3,5,0,0,0,0,0,0,0,0,0,0,1,0,0,0,0,0,0,0,0,0,0,,0,0,0,0,
8,5.61,0,-24.1,36,0,0,0,-5.6,0,0,0,0,-9,0,0,0,0,-0.00229183,0,0,0,0,0,0,0,0,0,1,80,61,0,0.00034,0.00034,3,5,0,0,0,0,0,0,0,0,0,0,1,0,0,0,0,0,0,0,0,0,0,,0,0,0,0,
9,5.83,0,-40.95,30.5,0,0,0,0.05,0,0,0,0,-5.5,0,0,0,0,-0.00229183,0,0,0,0,0,0,0,0,0,1,75,61,0,0.00034,0.00034,3,5,0,0,0,0,0,0,0,0,0,0,1,0,0,0,0,0,0,0,0,0,0,,0,0,0,0,
10,6.62,0,-53.85,24.5,0,0,0,-0.25,0,0,0,0,0.5,0,0,0,0,-0.00229183,0,0,0,0,0,0,0,0,0,1,70,61,0,0.00034,0.00034,3,5,0,0,0,0,0,0,0,0,0,0,1,0,0,0,0,0,0,0,0,0,0,,0,0,0,0,
11,7.02,0,-33.5,24.5,0,0,0,-3.1,0,0,0,0,-14,0,0,0,0,-0.00229183,0,0,0,0,0,0,0,0,0,1,70,61,0,0.00034,0.00034,3,5,0,0,0,0,0,0,0,0,0,0,1,0,0,0,0,0,0,0,0,0,0,,0,0,0,0,
12,7.64,0,34.95,39.5,0,0,0,6.65,0,0,0,0,5,0,0,0,0,-0.00229183,0,0,0,0,0,0,0,0,0,1,86,61,0,0.00034,0.00034,3,0,0,0,0,0,0,0,0,0,0,0,1,0,0,0,0,0,0,0,0,0,0,,0,0,0,0,
13,8.26,0,-25.2,28.5,0,0,0,11.95,0,0,0,0,-12.5,0,0,0,0,-0.00229183,0,0,0,0,0,0,0,0,0,1,75,61,0,0.00034,0.00034,3,0,0,0,0,0,0,0,0,0,0,0,1,0,0,0,0,0,0,0,0,0,0,,0,0,0,0,
14,8.65,0,70.95,30,0,0,0,-11.8,0,0,0,0,24.5,0,0,0,0,-0.00229183,0,0,0,0,0,0,0,0,0,1,76,61,0,0.00034,0.00034,3,5,0,0,0,0,0,0,0,0,0,0,1,0,0,0,0,0,0,0,0,0,0,,0,0,0,0,
15,8.91,0,-32.65,26.5,0,0,0,-1.2,0,0,0,0,-10,0,0,0,0,-0.00229183,0,0,0,0,0,0,0,0,0,1,73,61,0,0.00034,0.00034,3,5,0,0,0,0,0,0,0,0,0,0,1,0,0,0,0,0,0,0,0,0,0,,0,0,0,0,
16,9.38,0,-29.2,23.5,0,0,0,-2.8,0,0,0,0,-14.5,0,0,0,0,-0.00229183,0,0,0,0,0,0,0,0,0,1,70,61,0,0.00034,0.00034,3,5,0,0,0,0,0,0,0,0,0,0,1,0,0,0,0,0,0,0,0,0,0,,0,0,0,0,
17,9.84,0,-28.3,21,0,0,0,-0.45,0,0,0,0,-17.5,0,0,0,0,-0.00229183,0,0,0,0,0,0,0,0,0,1,67,61,0,0.00034,0.00034,3,5,0,0,0,0,0,0,0,0,0,0,1,0,0,0,0,0,0,0,0,0,0,,0,0,0,0,
18,12.16,0,-12.6,27,0,0,0,12.75,0,0,0,0,-16,0,0,0,0,-0.00229183,0,0,0,0,0,0,0,0,0,1,74,61,0,0.00034,0.00034,3,5,0,0,0,0,0,0,0,0,0,0,1,0,0,0,0,0,0,0,0,0,0,,0,0,0,0,
19,13.01,0,-23,21.5,0,0,0,-1.95,0,0,0,0,-17.5,0,0,0,0,-0.00229183,0,0,0,0,0,0,0,0,0,1,68,61,0,0.00034,0.00034,3,5,0,0,0,0,0,0,0,0,0,0,1,0,0,0,0,0,0,0,0,0,0,,0,0,0,0,
END,Total:20
START,FrameNb:178,CameraNb:0,HeSaiNb:0,ARS410Nb:0
2026/08/02 16:23:59:556---->
heightOffset:0,1785659039556,1329116,selfCaliBufCnt:0,selfAccObjCnt:0,selfAccAngle:0,installHAngleOffset:0,Interpolation:0,installVAngleOffset:0,radarOffsetH:0,radarOffsetV:0.32,Polynom:-0.001023;-0.0511;-2.047;0;0;0;-0.001023;-0.0511;-2.047;-25.5;0;0,WheelDirection:0;0;0;0,selfAngleOffset:0,selfAngleOffsetPit:0,currCaliAngleHrz:0,currCaliAnglePit:0,selfCaliAngleHrz:0,selfCaliAnglePit:0,servCaliAngleHrz:0,servCaliAnglePit:0,offlineCaliAngleHrz:0,offlineCaliAnglePit:0,determine2useFlag:0,IMU_Z_Accel:-21.592,IMU_X_AngularRate:-2.093,IMU_Y_AngularRate:-2.093,IMU_RollAngle:-180,IMU_PitchAngle:-180,IMU_YawAngle:-180,FcwID:0,FCWWarningLevel:0,FCWTTC:0
0,2.32,0,30.05,29,0,0,0,8.2,1.37605e-33,0,0,0,-8.5,0,0,0,0,-0.00229183,0,0,0,0,0,0,0,0,0,1,78,60,0,0.00034,0.00034,3,5,0,0,0,0,0,0,0,0,0,0,1,0,1,0,0,0,0,0,0,0,0,,0,0,0,0,
1,2.8,0,-34.05,43,0,0,0,1.75,0,0,0,0,6,0,0,0,0,-0.00229183,0,0,0,0,0,0,0,0,0,1,92,60,0,0.00034,0.00034,3,0,0,0,0,0,0,0,0,0,0,0,1,0,1,0,0,0,0,0,0,0,0,,0,0,0,0,
2,3.24,0,13.55,38.5,0,0,0,2.55,0,0,0,0,-7,0,0,0,0,-0.00229183,0,0,0,0,0,0,0,0,0,1,87,60,0,0.00034,0.00034,3,0,0,0,0,0,0,0,0,0,0,0,1,0,1,0,0,0,0,0,0,0,0,,0,0,0,0,
3,3.7,0,45.7,31.5,0,0,0,-9.2,0,0,0,0,5,0,0,0,0,-0.00229183,0,0,0,0,0,0,0,0,0,1,80,60,0,0.00034,0.00034,3,5,0,0,0,0,0,0,0,0,0,0,1,0,1,0,0,0,0,0,0,0,0,,0,0,0,0,
4,4.03,0,2.2,41.5,0,0,0,0.65,0,0,0,0,-6.5,0,0,0,0,-0.00229183,0,0,0,0,0,0,0,0,0,1,89,60,0,0.00034,0.00034,3,5,0,0,0,0,0,0,0,0,0,0,1,0,1,0,0,0,0,0,0,0,0,,0,0,0,0,
5,5.16,0,-35.05,34,0,0,0,-3.35,0,0,0,0,-6,0,0,0,0,-0.00229183,0,0,0,0,0,0,0,0,0,1,79,60,0,0.00034,0.00034,3,5,0,0,0,0,0,0,0,0,0,0,1,0,1,0,0,0,0,0,0,0,0,,0,0,0,0,
6,5.16,0,-40.6,34,0,0,0,0.2,0,0,0,0,-3,0,0,0,0,-0.00229183,0,0,0,0,0,0,0,0,0,1,79,60,0,0.00034,0.00034,3,5,0,0,0,0,0,0,0,0,0,0,1,0,1,0,0,0,0,0,0,0,0,,0,0,0,0,
7,5.61,0,-34.6,35.5,0,0,0,-3.1,0,0,0,0,-4,0,0,0,0,-0.00229183,0,0,0,0,0,0,0,0,0,1,80,60,0,0.00034,0.00034,3,5,0,0,0,0,0,0,0,0,0,0,1,0,1,0,0,0,0,0,0,0,0,,0,0,0,0,
8,5.61,0,-24.1,35.5,0,0,0,-5.6,0,0,0,0,-9,0,0,0,0,-0.00229183,0,0,0,0,0,0,0,0,0,1,80,60,0,0.00034,0.00034,3,5,0,0,0,0,0,0,0,0,0,0,1,0,1,0,0,0,0,0,0,0,0,,0,0,0,0,
9,5.83,0,-41.2,30.5,0,0,0,0.25,0,0,0,0,-3.5,0,0,0,0,-0.00229183,0,0,0,0,0,0,0,0,0,1,76,60,0,0.00034,0.00034,3,5,0,0,0,0,0,0,0,0,0,0,1,0,1,0,0,0,0,0,0,0,0,,0,0,0,0,
10,6.63,0,4.8,24.5,0,0,0,-13.25,0,0,0,0,-23.5,0,0,0,0,-0.00229183,0,0,0,0,0,0,0,0,0,1,70,60,0,0.00034,0.00034,2,-1,0,0,0,0,0,0,0,0,0,0,1,0,1,0,0,0,0,0,0,0,0,,0,0,0,0,
11,7.01,0,-33.55,24.5,0,0,0,-3.05,0,0,0,0,-14,0,0,0,0,-0.00229183,0,0,0,0,0,0,0,0,0,1,70,60,0,0.00034,0.00034,3,5,0,0,0,0,0,0,0,0,0,0,1,0,1,0,0,0,0,0,0,0,0,,0,0,0,0,
12,7.65,0,34.95,39.5,0,0,0,6.3,0,0,0,0,5,0,0,0,0,-0.00229183,0,0,0,0,0,0,0,0,0,1,86,60,0,0.00034,0.00034,3,0,0,0,0,0,0,0,0,0,0,0,1,0,1,0,0,0,0,0,0,0,0,,0,0,0,0,
13,8.48,0,69.2,30,0,0,0,-11.45,0,0,0,0,22,0,0,0,0,-0.00229183,0,0,0,0,0,0,0,0,0,1,76,60,0,0.00034,0.00034,3,7,0,0,0,0,0,0,0,0,0,0,1,0,1,0,0,0,0,0,0,0,0,,0,0,0,0,
14,8.9,0,-32.6,26,0,0,0,-1.1,0,0,0,0,-10,0,0,0,0,-0.00229183,0,0,0,0,0,0,0,0,0,1,72,60,0,0.00034,0.00034,3,5,0,0,0,0,0,0,0,0,0,0,1,0,1,0,0,0,0,0,0,0,0,,0,0,0,0,
15,9.39,0,-29.35,23,0,0,0,-2.7,0,0,0,0,-14.5,0,0,0,0,-0.00229183,0,0,0,0,0,0,0,0,0,1,70,60,0,0.00034,0.00034,3,5,0,0,0,0,0,0,0,0,0,0,1,0,1,0,0,0,0,0,0,0,0,,0,0,0,0,
16,9.85,0,-28.3,21,0,0,0,-0.55,0,0,0,0,-17.5,0,0,0,0,-0.00229183,0,0,0,0,0,0,0,0,0,1,67,60,0,0.00034,0.00034,3,5,0,0,0,0,0,0,0,0,0,0,1,0,1,0,0,0,0,0,0,0,0,,0,0,0,0,
17,12.16,0,26.6,27,0,0,0,-6.25,0,0,0,0,-8,0,0,0,0,-0.00229183,0,0,0,0,0,0,0,0,0,1,74,60,0,0.00034,0.00034,2,-1,0,0,0,0,0,0,0,0,0,0,1,0,1,0,0,0,0,0,0,0,0,,0,0,0,0,
18,13,0,-23.1,21.5,0,0,0,-1.75,0,0,0,0,-17.5,0,0,0,0,-0.00229183,0,0,0,0,0,0,0,0,0,1,68,60,0,0.00034,0.00034,3,5,0,0,0,0,0,0,0,0,0,0,1,0,1,0,0,0,0,0,0,0,0,,0,0,0,0,
END,Total:19
START,FrameNb:179,CameraNb:0,HeSaiNb:0,ARS410Nb:0
2026/08/02 16:23:59:588---->
heightOffset:0,1785659039588,1329172,selfCaliBufCnt:0,selfAccObjCnt:0,selfAccAngle:0,installHAngleOffset:0,Interpolation:0,installVAngleOffset:0,radarOffsetH:0,radarOffsetV:0.32,Polynom:-0.001023;-0.0511;-2.047;0;0;0;-0.001023;-0.0511;-2.047;-25.5;0;0,WheelDirection:0;0;0;0,selfAngleOffset:0,selfAngleOffsetPit:0,currCaliAngleHrz:0,currCaliAnglePit:0,selfCaliAngleHrz:0,selfCaliAnglePit:0,servCaliAngleHrz:0,servCaliAnglePit:0,offlineCaliAngleHrz:0,offlineCaliAnglePit:0,determine2useFlag:0,IMU_Z_Accel:-21.592,IMU_X_AngularRate:-2.093,IMU_Y_AngularRate:-2.093,IMU_RollAngle:-180,IMU_PitchAngle:-180,IMU_YawAngle:-180,FcwID:0,FCWWarningLevel:0,FCWTTC:0
0,2.32,0,30.05,29,0,0,0,7.7,1.37605e-33,0,0,0,-8.5,0,0,0,0,-0.00229183,0,0,0,0,0,0,0,0,0,1,78,59,0,0.00034,0.00034,3,5,0,0,0,0,0,0,0,0,0,0,1,0,0,0,0,0,0,0,0,0,0,,0,0,0,0,
1,2.8,0,-34.05,43.5,0,0,0,1.75,0,0,0,0,6,0,0,0,0,-0.00229183,0,0,0,0,0,0,0,0,0,1,92,59,0,0.00034,0.00034,3,0,0,0,0,0,0,0,0,0,0,0,1,0,0,0,0,0,0,0,0,0,0,,0,0,0,0,
2,3.25,0,13.55,38.5,0,0,0,2.55,0,0,0,0,-7,0,0,0,0,-0.00229183,0,0,0,0,0,0,0,0,0,1,87,59,0,0.00034,0.00034,3,0,0,0,0,0,0,0,0,0,0,0,1,0,0,0,0,0,0,0,0,0,0,,0,0,0,0,
3,3.59,0,46.05,32,0,0,0,-10.35,0,0,0,0,5,0,0,0,0,-0.00229183,0,0,0,0,0,0,0,0,0,1,80,59,0,0.00034,0.00034,3,5,0,0,0,0,0,0,0,0,0,0,1,0,0,0,0,0,0,0,0,0,0,,0,0,0,0,
4,4.03,0,2.2,41.5,0,0,0,0.55,0,0,0,0,-6,0,0,0,0,-0.00229183,0,0,0,0,0,0,0,0,0,1,89,59,0,0.00034,0.00034,3,5,0,0,0,0,0,0,0,0,0,0,1,0,0,0,0,0,0,0,0,0,0,,0,0,0,0,
5,5.16,0,-35.1,34,0,0,0,-3.35,0,0,0,0,-6,0,0,0,0,-0.00229183,0,0,0,0,0,0,0,0,0,1,79,59,0,0.00034,0.00034,3,5,0,0,0,0,0,0,0,0,0,0,1,0,0,0,0,0,0,0,0,0,0,,0,0,0,0,
6,5.16,0,-40.7,34,0,0,0,0.2,0,0,0,0,-3,0,0,0,0,-0.00229183,0,0,0,0,0,0,0,0,0,1,79,59,0,0.00034,0.00034,3,5,0,0,0,0,0,0,0,0,0,0,1,0,0,0,0,0,0,0,0,0,0,,0,0,0,0,
7,5.61,0,-34.65,35.5,0,0,0,-3.1,0,0,0,0,-4,0,0,0,0,-0.00229183,0,0,0,0,0,0,0,0,0,1,80,59,0,0.00034,0.00034,3,5,0,0,0,0,0,0,0,0,0,0,1,0,0,0,0,0,0,0,0,0,0,,0,0,0,0,
8,5.61,0,-24.2,35.5,0,0,0,-5.55,0,0,0,0,-9,0,0,0,0,-0.00229183,0,0,0,0,0,0,0,0,0,1,80,59,0,0.00034,0.00034,3,5,0,0,0,0,0,0,0,0,0,0,1,0,0,0,0,0,0,0,0,0,0,,0,0,0,0,
9,5.83,0,-40.95,30.5,0,0,0,0,0,0,0,0,-5.5,0,0,0,0,-0.00229183,0,0,0,0,0,0,0,0,0,1,75,59,0,0.00034,0.00034,3,5,0,0,0,0,0,0,0,0,0,0,1,0,0,0,0,0,0,0,0,0,0,,0,0,0,0,
10,6.63,0,-54,24.5,0,0,0,-1.35,0,0,0,0,0.5,0,0,0,0,-0.00229183,0,0,0,0,0,0,0,0,0,1,70,59,0,0.00034,0.00034,3,5,0,0,0,0,0,0,0,0,0,0,1,0,0,0,0,0,0,0,0,0,0,,0,0,0,0,
11,7.02,0,-33.6,24.5,0,0,0,-3.05,0,0,0,0,-13.5,0,0,0,0,-0.00229183,0,0,0,0,0,0,0,0,0,1,70,59,0,0.00034,0.00034,3,5,0,0,0,0,0,0,0,0,0,0,1,0,0,0,0,0,0,0,0,0,0,,0,0,0,0,
12,7.66,0,34.95,39.5,0,0,0,6.45,0,0,0,0,5,0,0,0,0,-0.00229183,0,0,0,0,0,0,0,0,0,1,85,59,0,0.00034,0.00034,3,0,0,0,0,0,0,0,0,0,0,0,1,0,0,0,0,0,0,0,0,0,0,,0,0,0,0,
13,8.65,0,70.95,29.5,0,0,0,-11.95,0,0,0,0,24,0,0,0,0,-0.00229183,0,0,0,0,0,0,0,0,0,1,76,59,0,0.00034,0.00034,3,5,0,0,0,0,0,0,0,0,0,0,1,0,0,0,0,0,0,0,0,0,0,,0,0,0,0,
14,8.91,0,-32.55,26.5,0,0,0,-0.75,0,0,0,0,-10,0,0,0,0,-0.00229183,0,0,0,0,0,0,0,0,0,1,73,59,0,0.00034,0.00034,3,5,0,0,0,0,0,0,0,0,0,0,1,0,0,0,0,0,0,0,0,0,0,,0,0,0,0,
15,9.38,0,-29.3,23.5,0,0,0,-2.75,0,0,0,0,-14.5,0,0,0,0,-0.00229183,0,0,0,0,0,0,0,0,0,1,70,59,0,0.00034,0.00034,3,5,0,0,0,0,0,0,0,0,0,0,1,0,0,0,0,0,0,0,0,0,0,,0,0,0,0,
16,9.83,0,-28.35,21,0,0,0,-0.45,0,0,0,0,-18,0,0,0,0,-0.00229183,0,0,0,0,0,0,0,0,0,1,67,59,0,0.00034,0.00034,3,5,0,0,0,0,0,0,0,0,0,0,1,0,0,0,0,0,0,0,0,0,0,,0,0,0,0,
17,12.16,0,-12.6,27,0,0,0,12.75,0,0,0,0,-16,0,0,0,0,-0.00229183,0,0,0,0,0,0,0,0,0,1,74,59,0,0.00034,0.00034,3,5,0,0,0,0,0,0,0,0,0,0,1,0,0,0,0,0,0,0,0,0,0,,0,0,0,0,
18,13.01,0,-23.05,21.5,0,0,0,-2,0,0,0,0,-17.5,0,0,0,0,-0.00229183,0,0,0,0,0,0,0,0,0,1,68,59,0,0.00034,0.00034,3,5,0,0,0,0,0,0,0,0,0,0,1,0,0,0,0,0,0,0,0,0,0,,0,0,0,0,
END,Total:19
START,FrameNb:180,CameraNb:0,HeSaiNb:0,ARS410Nb:0
2026/08/02 16:23:59:641---->
heightOffset:0,1785659039641,1329228,selfCaliBufCnt:0,selfAccObjCnt:0,selfAccAngle:0,installHAngleOffset:0,Interpolation:0,installVAngleOffset:0,radarOffsetH:0,radarOffsetV:0.32,Polynom:-0.001023;-0.0511;-2.047;0;0;0;-0.001023;-0.0511;-2.047;-25.5;0;0,WheelDirection:0;0;0;0,selfAngleOffset:0,selfAngleOffsetPit:0,currCaliAngleHrz:0,currCaliAnglePit:0,selfCaliAngleHrz:0,selfCaliAnglePit:0,servCaliAngleHrz:0,servCaliAnglePit:0,offlineCaliAngleHrz:0,offlineCaliAnglePit:0,determine2useFlag:0,IMU_Z_Accel:-21.592,IMU_X_AngularRate:-2.093,IMU_Y_AngularRate:-2.093,IMU_RollAngle:-180,IMU_PitchAngle:-180,IMU_YawAngle:-180,FcwID:0,FCWWarningLevel:0,FCWTTC:0
0,2.32,0,30.05,29,0,0,0,8.2,1.37605e-33,0,0,0,-9,0,0,0,0,-0.00229183,0,0,0,0,0,0,0,0,0,1,78,53,0,0.00034,0.00034,3,5,0,0,0,0,0,0,0,0,0,0,1,0,1,0,0,0,0,0,0,0,0,,0,0,0,0,
1,2.8,0,-34.05,43.5,0,0,0,1.75,0,0,0,0,6,0,0,0,0,-0.00229183,0,0,0,0,0,0,0,0,0,1,92,53,0,0.00034,0.00034,3,0,0,0,0,0,0,0,0,0,0,0,1,0,1,0,0,0,0,0,0,0,0,,0,0,0,0,
2,3.24,0,13.55,38.5,0,0,0,2.55,0,0,0,0,-7,0,0,0,0,-0.00229183,0,0,0,0,0,0,0,0,0,1,87,53,0,0.00034,0.00034,3,0,0,0,0,0,0,0,0,0,0,0,1,0,1,0,0,0,0,0,0,0,0,,0,0,0,0,
3,3.61,0,45.6,32,0,0,0,-9.1,0,0,0,0,5,0,0,0,0,-0.00229183,0,0,0,0,0,0,0,0,0,1,80,53,0,0.00034,0.00034,3,5,0,0,0,0,0,0,0,0,0,0,1,0,1,0,0,0,0,0,0,0,0,,0,0,0,0,
4,4.03,0,2.2,41.5,0,0,0,0.55,0,0,0,0,-6.5,0,0,0,0,-0.00229183,0,0,0,0,0,0,0,0,0,1,89,53,0,0.00034,0.00034,3,5,0,0,0,0,0,0,0,0,0,0,1,0,1,0,0,0,0,0,0,0,0,,0,0,0,0,
5,5.16,0,-35.1,33.5,0,0,0,-3.35,0,0,0,0,-6,0,0,0,0,-0.00229183,0,0,0,0,0,0,0,0,0,1,79,53,0,0.00034,0.00034,3,5,0,0,0,0,0,0,0,0,0,0,1,0,1,0,0,0,0,0,0,0,0,,0,0,0,0,
6,5.16,0,-40.6,33.5,0,0,0,0.2,0,0,0,0,-3,0,0,0,0,-0.00229183,0,0,0,0,0,0,0,0,0,1,79,53,0,0.00034,0.00034,3,5,0,0,0,0,0,0,0,0,0,0,1,0,1,0,0,0,0,0,0,0,0,,0,0,0,0,
7,5.61,0,-34.6,35.5,0,0,0,-3.1,0,0,0,0,-4,0,0,0,0,-0.00229183,0,0,0,0,0,0,0,0,0,1,80,53,0,0.00034,0.00034,3,5,0,0,0,0,0,0,0,0,0,0,1,0,1,0,0,0,0,0,0,0,0,,0,0,0,0,
8,5.61,0,-24.1,35.5,0,0,0,-5.55,0,0,0,0,-9,0,0,0,0,-0.00229183,0,0,0,0,0,0,0,0,0,1,80,53,0,0.00034,0.00034,3,5,0,0,0,0,0,0,0,0,0,0,1,0,1,0,0,0,0,0,0,0,0,,0,0,0,0,
9,5.83,0,-41.05,30.5,0,0,0,0.2,0,0,0,0,-3.5,0,0,0,0,-0.00229183,0,0,0,0,0,0,0,0,0,1,76,53,0,0.00034,0.00034,3,5,0,0,0,0,0,0,0,0,0,0,1,0,1,0,0,0,0,0,0,0,0,,0,0,0,0,
10,6.63,0,4.8,25,0,0,0,-13.45,0,0,0,0,-23.5,0,0,0,0,-0.00229183,0,0,0,0,0,0,0,0,0,1,70,53,0,0.00034,0.00034,2,-1,0,0,0,0,0,0,0,0,0,0,1,0,1,0,0,0,0,0,0,0,0,,0,0,0,0,
11,7.03,0,-10.3,24.5,0,0,0,2.55,0,0,0,0,-23,0,0,0,0,-0.00229183,0,0,0,0,0,0,0,0,0,1,70,53,0,0.00034,0.00034,3,0,0,0,0,0,0,0,0,0,0,0,1,0,1,0,0,0,0,0,0,0,0,,0,0,0,0,
12,7.64,0,34.9,39.5,0,0,0,5.95,0,0,0,0,4.5,0,0,0,0,-0.00229183,0,0,0,0,0,0,0,0,0,1,85,53,0,0.00034,0.00034,3,0,0,0,0,0,0,0,0,0,0,0,1,0,1,0,0,0,0,0,0,0,0,,0,0,0,0,
13,8.26,0,-25.1,28.5,0,0,0,-1.95,0,0,0,0,-12.5,0,0,0,0,-0.00229183,0,0,0,0,0,0,0,0,0,1,74,53,0,0.00034,0.00034,3,0,0,0,0,0,0,0,0,0,0,0,1,0,1,0,0,0,0,0,0,0,0,,0,0,0,0,
14,8.48,0,69.15,30,0,0,0,-11.55,0,0,0,0,22,0,0,0,0,-0.00229183,0,0,0,0,0,0,0,0,0,1,76,53,0,0.00034,0.00034,3,7,0,0,0,0,0,0,0,0,0,0,1,0,1,0,0,0,0,0,0,0,0,,0,0,0,0,
15,8.9,0,-32.65,26.5,0,0,0,-1.05,0,0,0,0,-10,0,0,0,0,-0.00229183,0,0,0,0,0,0,0,0,0,1,72,53,0,0.00034,0.00034,3,5,0,0,0,0,0,0,0,0,0,0,1,0,1,0,0,0,0,0,0,0,0,,0,0,0,0,
16,9.39,0,-29.3,23.5,0,0,0,-2.6,0,0,0,0,-14.5,0,0,0,0,-0.00229183,0,0,0,0,0,0,0,0,0,1,70,53,0,0.00034,0.00034,3,5,0,0,0,0,0,0,0,0,0,0,1,0,1,0,0,0,0,0,0,0,0,,0,0,0,0,
17,9.86,0,-28.3,20.5,0,0,0,-0.55,0,0,0,0,-18,0,0,0,0,-0.00229183,0,0,0,0,0,0,0,0,0,1,67,53,0,0.00034,0.00034,3,5,0,0,0,0,0,0,0,0,0,0,1,0,1,0,0,0,0,0,0,0,0,,0,0,0,0,
18,12.16,0,26.6,26.5,0,0,0,-6.2,0,0,0,0,-8,0,0,0,0,-0.00229183,0,0,0,0,0,0,0,0,0,1,74,53,0,0.00034,0.00034,2,-1,0,0,0,0,0,0,0,0,0,0,1,0,1,0,0,0,0,0,0,0,0,,0,0,0,0,
19,13.01,0,-23.1,21.5,0,0,0,-1.95,0,0,0,0,-17.5,0,0,0,0,-0.00229183,0,0,0,0,0,0,0,0,0,1,68,53,0,0.00034,0.00034,3,5,0,0,0,0,0,0,0,0,0,0,1,0,1,0,0,0,0,0,0,0,0,,0,0,0,0,
END,Total:20
START,FrameNb:181,CameraNb:0,HeSaiNb:0,ARS410Nb:0
2026/08/02 16:23:59:743---->
heightOffset:0,1785659039743,1329284,selfCaliBufCnt:0,selfAccObjCnt:0,selfAccAngle:0,installHAngleOffset:0,Interpolation:0,installVAngleOffset:0,radarOffsetH:0,radarOffsetV:0.32,Polynom:-0.001023;-0.0511;-2.047;0;0;0;-0.001023;-0.0511;-2.047;-25.5;0;0,WheelDirection:0;0;0;0,selfAngleOffset:0,selfAngleOffsetPit:0,currCaliAngleHrz:0,currCaliAnglePit:0,selfCaliAngleHrz:0,selfCaliAnglePit:0,servCaliAngleHrz:0,servCaliAnglePit:0,offlineCaliAngleHrz:0,offlineCaliAnglePit:0,determine2useFlag:0,IMU_Z_Accel:-21.592,IMU_X_AngularRate:-2.093,IMU_Y_AngularRate:-2.093,IMU_RollAngle:-180,IMU_PitchAngle:-180,IMU_YawAngle:-180,FcwID:0,FCWWarningLevel:0,FCWTTC:0
0,2.32,0,30.1,29,0,0,0,7.65,1.37605e-33,0,0,0,-8.5,0,0,0,0,-0.00229183,0,0,0,0,0,0,0,0,0,1,78,58,0,0.00034,0.00034,3,5,0,0,0,0,0,0,0,0,0,0,1,0,0,0,0,0,0,0,0,0,0,,0,0,0,0,
1,2.8,0,-34.05,43,0,0,0,1.75,0,0,0,0,6,0,0,0,0,-0.00229183,0,0,0,0,0,0,0,0,0,1,92,58,0,0.00034,0.00034,3,0,0,0,0,0,0,0,0,0,0,0,1,0,0,0,0,0,0,0,0,0,0,,0,0,0,0,
2,3.25,0,13.55,38.5,0,0,0,2.55,0,0,0,0,-7,0,0,0,0,-0.00229183,0,0,0,0,0,0,0,0,0,1,87,58,0,0.00034,0.00034,3,0,0,0,0,0,0,0,0,0,0,0,1,0,0,0,0,0,0,0,0,0,0,,0,0,0,0,
3,3.58,0,45.7,31.5,0,0,0,-9.6,0,0,0,0,5,0,0,0,0,-0.00229183,0,0,0,0,0,0,0,0,0,1,80,58,0,0.00034,0.00034,3,5,0,0,0,0,0,0,0,0,0,0,1,0,0,0,0,0,0,0,0,0,0,,0,0,0,0,
4,4.03,0,2.2,41.5,0,0,0,0.55,0,0,0,0,-6,0,0,0,0,-0.00229183,0,0,0,0,0,0,0,0,0,1,89,58,0,0.00034,0.00034,3,5,0,0,0,0,0,0,0,0,0,0,1,0,0,0,0,0,0,0,0,0,0,,0,0,0,0,
5,5.16,0,-35.15,33.5,0,0,0,-3.45,0,0,0,0,-6,0,0,0,0,-0.00229183,0,0,0,0,0,0,0,0,0,1,79,58,0,0.00034,0.00034,3,5,0,0,0,0,0,0,0,0,0,0,1,0,0,0,0,0,0,0,0,0,0,,0,0,0,0,
6,5.16,0,-40.7,33.5,0,0,0,0.25,0,0,0,0,-3,0,0,0,0,-0.00229183,0,0,0,0,0,0,0,0,0,1,79,58,0,0.00034,0.00034,3,5,0,0,0,0,0,0,0,0,0,0,1,0,0,0,0,0,0,0,0,0,0,,0,0,0,0,
7,5.61,0,-34.7,35.5,0,0,0,-3.1,0,0,0,0,-4,0,0,0,0,-0.00229183,0,0,0,0,0,0,0,0,0,1,80,58,0,0.00034,0.00034,3,5,0,0,0,0,0,0,0,0,0,0,1,0,0,0,0,0,0,0,0,0,0,,0,0,0,0,
8,5.61,0,-24.2,35.5,0,0,0,-5.55,0,0,0,0,-9,0,0,0,0,-0.00229183,0,0,0,0,0,0,0,0,0,1,80,58,0,0.00034,0.00034,3,5,0,0,0,0,0,0,0,0,0,0,1,0,0,0,0,0,0,0,0,0,0,,0,0,0,0,
9,5.84,0,-40.8,30.5,0,0,0,0.05,0,0,0,0,-5.5,0,0,0,0,-0.00229183,0,0,0,0,0,0,0,0,0,1,75,58,0,0.00034,0.00034,3,5,0,0,0,0,0,0,0,0,0,0,1,0,0,0,0,0,0,0,0,0,0,,0,0,0,0,
10,6.62,0,-53.8,24.5,0,0,0,-2.25,0,0,0,0,1,0,0,0,0,-0.00229183,0,0,0,0,0,0,0,0,0,1,70,58,0,0.00034,0.00034,3,5,0,0,0,0,0,0,0,0,0,0,1,0,0,0,0,0,0,0,0,0,0,,0,0,0,0,
11,7.04,0,-10.05,24.5,0,0,0,2.15,0,0,0,0,-23,0,0,0,0,-0.00229183,0,0,0,0,0,0,0,0,0,1,70,58,0,0.00034,0.00034,3,5,0,0,0,0,0,0,0,0,0,0,1,0,0,0,0,0,0,0,0,0,0,,0,0,0,0,
12,7.64,0,34.85,39,0,0,0,5.7,0,0,0,0,4.5,0,0,0,0,-0.00229183,0,0,0,0,0,0,0,0,0,1,85,58,0,0.00034,0.00034,3,0,0,0,0,0,0,0,0,0,0,0,1,0,0,0,0,0,0,0,0,0,0,,0,0,0,0,
13,8.25,0,-25.1,28.5,0,0,0,11.45,0,0,0,0,-12.5,0,0,0,0,-0.00229183,0,0,0,0,0,0,0,0,0,1,75,58,0,0.00034,0.00034,3,0,0,0,0,0,0,0,0,0,0,0,1,0,0,0,0,0,0,0,0,0,0,,0,0,0,0,
14,8.48,0,69.1,30,0,0,0,-11.55,0,0,0,0,22,0,0,0,0,-0.00229183,0,0,0,0,0,0,0,0,0,1,76,58,0,0.00034,0.00034,3,7,0,0,0,0,0,0,0,0,0,0,1,0,0,0,0,0,0,0,0,0,0,,0,0,0,0,
15,8.9,0,-32.7,26,0,0,0,-0.55,0,0,0,0,-10,0,0,0,0,-0.00229183,0,0,0,0,0,0,0,0,0,1,72,58,0,0.00034,0.00034,3,0,0,0,0,0,0,0,0,0,0,0,1,0,0,0,0,0,0,0,0,0,0,,0,0,0,0,
16,9.39,0,-29.2,23.5,0,0,0,-2.6,0,0,0,0,-14.5,0,0,0,0,-0.00229183,0,0,0,0,0,0,0,0,0,1,70,58,0,0.00034,0.00034,3,5,0,0,0,0,0,0,0,0,0,0,1,0,0,0,0,0,0,0,0,0,0,,0,0,0,0,
17,9.84,0,-28.4,21,0,0,0,-0.6,0,0,0,0,-18,0,0,0,0,-0.00229183,0,0,0,0,0,0,0,0,0,1,67,58,0,0.00034,0.00034,3,5,0,0,0,0,0,0,0,0,0,0,1,0,0,0,0,0,0,0,0,0,0,,0,0,0,0,
18,12.16,0,-12.6,26.5,0,0,0,12.55,0,0,0,0,-16,0,0,0,0,-0.00229183,0,0,0,0,0,0,0,0,0,1,73,58,0,0.00034,0.00034,3,5,0,0,0,0,0,0,0,0,0,0,1,0,0,0,0,0,0,0,0,0,0,,0,0,0,0,
19,13,0,-23.1,21.5,0,0,0,-1.8,0,0,0,0,-17.5,0,0,0,0,-0.00229183,0,0,0,0,0,0,0,0,0,1,68,58,0,0.00034,0.00034,3,5,0,0,0,0,0,0,0,0,0,0,1,0,0,0,0,0,0,0,0,0,0,,0,0,0,0,
END,Total:20
START,FrameNb:182,CameraNb:0,HeSaiNb:0,ARS410Nb:0
2026/08/02 16:23:59:805---->
heightOffset:0,1785659039805,1329340,selfCaliBufCnt:0,selfAccObjCnt:0,selfAccAngle:0,installHAngleOffset:0,Interpolation:0,installVAngleOffset:0,radarOffsetH:0,radarOffsetV:0.32,Polynom:-0.001023;-0.0511;-2.047;0;0;0;-0.001023;-0.0511;-2.047;-25.5;0;0,WheelDirection:0;0;0;0,selfAngleOffset:0,selfAngleOffsetPit:0,currCaliAngleHrz:0,currCaliAnglePit:0,selfCaliAngleHrz:0,selfCaliAnglePit:0,servCaliAngleHrz:0,servCaliAnglePit:0,offlineCaliAngleHrz:0,offlineCaliAnglePit:0,determine2useFlag:0,IMU_Z_Accel:-21.592,IMU_X_AngularRate:-2.093,IMU_Y_AngularRate:-2.093,IMU_RollAngle:-180,IMU_PitchAngle:-180,IMU_YawAngle:-180,FcwID:0,FCWWarningLevel:0,FCWTTC:0
0,2.32,0,-35.05,29,0,0,0,2.95,1.37605e-33,0,0,0,-9,0,0,0,0,-0.00229183,0,0,0,0,0,0,0,0,0,1,78,54,0,0.00034,0.00034,3,5,0,0,0,0,0,0,0,0,0,0,1,0,1,0,0,0,0,0,0,0,0,,0,0,0,0,
1,2.8,0,-34.05,43.5,0,0,0,1.75,0,0,0,0,6,0,0,0,0,-0.00229183,0,0,0,0,0,0,0,0,0,1,92,54,0,0.00034,0.00034,3,0,0,0,0,0,0,0,0,0,0,0,1,0,1,0,0,0,0,0,0,0,0,,0,0,0,0,
2,3.24,0,13.55,38.5,0,0,0,2.55,0,0,0,0,-7,0,0,0,0,-0.00229183,0,0,0,0,0,0,0,0,0,1,87,54,0,0.00034,0.00034,3,0,0,0,0,0,0,0,0,0,0,0,1,0,1,0,0,0,0,0,0,0,0,,0,0,0,0,
3,3.61,0,45.35,31.5,0,0,0,-9.3,0,0,0,0,5,0,0,0,0,-0.00229183,0,0,0,0,0,0,0,0,0,1,80,54,0,0.00034,0.00034,3,5,0,0,0,0,0,0,0,0,0,0,1,0,1,0,0,0,0,0,0,0,0,,0,0,0,0,
4,4.03,0,2.2,41.5,0,0,0,0.65,0,0,0,0,-6.5,0,0,0,0,-0.00229183,0,0,0,0,0,0,0,0,0,1,89,54,0,0.00034,0.00034,3,5,0,0,0,0,0,0,0,0,0,0,1,0,1,0,0,0,0,0,0,0,0,,0,0,0,0,
5,5.16,0,-35.1,34,0,0,0,-3.35,0,0,0,0,-6,0,0,0,0,-0.00229183,0,0,0,0,0,0,0,0,0,1,79,54,0,0.00034,0.00034,3,5,0,0,0,0,0,0,0,0,0,0,1,0,1,0,0,0,0,0,0,0,0,,0,0,0,0,
6,5.16,0,-40.6,34,0,0,0,0.25,0,0,0,0,-3,0,0,0,0,-0.00229183,0,0,0,0,0,0,0,0,0,1,79,54,0,0.00034,0.00034,3,5,0,0,0,0,0,0,0,0,0,0,1,0,1,0,0,0,0,0,0,0,0,,0,0,0,0,
7,5.61,0,-34.6,36,0,0,0,-3.1,0,0,0,0,-4,0,0,0,0,-0.00229183,0,0,0,0,0,0,0,0,0,1,80,54,0,0.00034,0.00034,3,5,0,0,0,0,0,0,0,0,0,0,1,0,1,0,0,0,0,0,0,0,0,,0,0,0,0,
8,5.61,0,-24.1,36,0,0,0,-5.55,0,0,0,0,-9,0,0,0,0,-0.00229183,0,0,0,0,0,0,0,0,0,1,80,54,0,0.00034,0.00034,3,5,0,0,0,0,0,0,0,0,0,0,1,0,1,0,0,0,0,0,0,0,0,,0,0,0,0,
9,5.83,0,-40.9,30.5,0,0,0,0.25,0,0,0,0,-5.5,0,0,0,0,-0.00229183,0,0,0,0,0,0,0,0,0,1,75,54,0,0.00034,0.00034,3,5,0,0,0,0,0,0,0,0,0,0,1,0,1,0,0,0,0,0,0,0,0,,0,0,0,0,
10,6.63,0,-53.8,25,0,0,0,-3.3,0,0,0,0,1,0,0,0,0,-0.00229183,0,0,0,0,0,0,0,0,0,1,70,54,0,0.00034,0.00034,3,5,0,0,0,0,0,0,0,0,0,0,1,0,1,0,0,0,0,0,0,0,0,,0,0,0,0,
11,7.04,0,-10.05,24.5,0,0,0,2.3,0,0,0,0,-23,0,0,0,0,-0.00229183,0,0,0,0,0,0,0,0,0,1,70,54,0,0.00034,0.00034,3,0,0,0,0,0,0,0,0,0,0,0,1,0,1,0,0,0,0,0,0,0,0,,0,0,0,0,
12,7.64,0,34.8,39,0,0,0,5.8,0,0,0,0,4.5,0,0,0,0,-0.00229183,0,0,0,0,0,0,0,0,0,1,85,54,0,0.00034,0.00034,3,5,0,0,0,0,0,0,0,0,0,0,1,0,1,0,0,0,0,0,0,0,0,,0,0,0,0,
13,8.26,0,-25.1,28.5,0,0,0,-1.7,0,0,0,0,-12.5,0,0,0,0,-0.00229183,0,0,0,0,0,0,0,0,0,1,75,54,0,0.00034,0.00034,3,0,0,0,0,0,0,0,0,0,0,0,1,0,1,0,0,0,0,0,0,0,0,,0,0,0,0,
14,8.48,0,69.1,30,0,0,0,-11.55,0,0,0,0,22,0,0,0,0,-0.00229183,0,0,0,0,0,0,0,0,0,1,76,54,0,0.00034,0.00034,3,7,0,0,0,0,0,0,0,0,0,0,1,0,1,0,0,0,0,0,0,0,0,,0,0,0,0,
15,8.9,0,-32.7,26,0,0,0,-0.85,0,0,0,0,-10.5,0,0,0,0,-0.00229183,0,0,0,0,0,0,0,0,0,1,72,54,0,0.00034,0.00034,3,5,0,0,0,0,0,0,0,0,0,0,1,0,1,0,0,0,0,0,0,0,0,,0,0,0,0,
16,9.39,0,-29.35,23.5,0,0,0,-2.6,0,0,0,0,-14.5,0,0,0,0,-0.00229183,0,0,0,0,0,0,0,0,0,1,70,54,0,0.00034,0.00034,3,5,0,0,0,0,0,0,0,0,0,0,1,0,1,0,0,0,0,0,0,0,0,,0,0,0,0,
17,9.85,0,-28.35,20.5,0,0,0,-0.6,0,0,0,0,-18,0,0,0,0,-0.00229183,0,0,0,0,0,0,0,0,0,1,67,54,0,0.00034,0.00034,3,5,0,0,0,0,0,0,0,0,0,0,1,0,1,0,0,0,0,0,0,0,0,,0,0,0,0,
18,12.16,0,-12.55,27,0,0,0,12.9,0,0,0,0,-16.5,0,0,0,0,-0.00229183,0,0,0,0,0,0,0,0,0,1,73,54,0,0.00034,0.00034,3,5,0,0,0,0,0,0,0,0,0,0,1,0,1,0,0,0,0,0,0,0,0,,0,0,0,0,
19,13,0,-23.2,21.5,0,0,0,-1.75,0,0,0,0,-17.5,0,0,0,0,-0.00229183,0,0,0,0,0,0,0,0,0,1,68,54,0,0.00034,0.00034,3,5,0,0,0,0,0,0,0,0,0,0,1,0,1,0,0,0,0,0,0,0,0,,0,0,0,0,
END,Total:20
START,FrameNb:183,CameraNb:0,HeSaiNb:0,ARS410Nb:0
2026/08/02 16:23:59:852---->
heightOffset:0,1785659039852,1329396,selfCaliBufCnt:0,selfAccObjCnt:0,selfAccAngle:0,installHAngleOffset:0,Interpolation:0,installVAngleOffset:0,radarOffsetH:0,radarOffsetV:0.32,Polynom:-0.001023;-0.0511;-2.047;0;0;0;-0.001023;-0.0511;-2.047;-25.5;0;0,WheelDirection:0;0;0;0,selfAngleOffset:0,selfAngleOffsetPit:0,currCaliAngleHrz:0,currCaliAnglePit:0,selfCaliAngleHrz:0,selfCaliAnglePit:0,servCaliAngleHrz:0,servCaliAnglePit:0,offlineCaliAngleHrz:0,offlineCaliAnglePit:0,determine2useFlag:0,IMU_Z_Accel:-21.592,IMU_X_AngularRate:-2.093,IMU_Y_AngularRate:-2.093,IMU_RollAngle:-180,IMU_PitchAngle:-180,IMU_YawAngle:-180,FcwID:0,FCWWarningLevel:0,FCWTTC:0
0,2.32,0,30.1,29,0,0,0,7.75,1.37605e-33,0,0,0,-8.5,0,0,0,0,-0.00229183,0,0,0,0,0,0,0,0,0,1,78,58,0,0.00034,0.00034,3,5,0,0,0,0,0,0,0,0,0,0,1,0,0,0,0,0,0,0,0,0,0,,0,0,0,0,
1,2.8,0,-34.05,43.5,0,0,0,1.75,0,0,0,0,6,0,0,0,0,-0.00229183,0,0,0,0,0,0,0,0,0,1,92,58,0,0.00034,0.00034,3,0,0,0,0,0,0,0,0,0,0,0,1,0,0,0,0,0,0,0,0,0,0,,0,0,0,0,
2,3.25,0,13.55,38.5,0,0,0,2.55,0,0,0,0,-7,0,0,0,0,-0.00229183,0,0,0,0,0,0,0,0,0,1,87,58,0,0.00034,0.00034,3,0,0,0,0,0,0,0,0,0,0,0,1,0,0,0,0,0,0,0,0,0,0,,0,0,0,0,
3,3.59,0,45.8,32,0,0,0,-10.2,0,0,0,0,5,0,0,0,0,-0.00229183,0,0,0,0,0,0,0,0,0,1,80,58,0,0.00034,0.00034,3,5,0,0,0,0,0,0,0,0,0,0,1,0,0,0,0,0,0,0,0,0,0,,0,0,0,0,
4,4.03,0,2.2,41.5,0,0,0,0.55,0,0,0,0,-6,0,0,0,0,-0.00229183,0,0,0,0,0,0,0,0,0,1,89,58,0,0.00034,0.00034,3,5,0,0,0,0,0,0,0,0,0,0,1,0,0,0,0,0,0,0,0,0,0,,0,0,0,0,
5,5.16,0,-35.1,34,0,0,0,-3.45,0,0,0,0,-6,0,0,0,0,-0.00229183,0,0,0,0,0,0,0,0,0,1,79,58,0,0.00034,0.00034,3,5,0,0,0,0,0,0,0,0,0,0,1,0,0,0,0,0,0,0,0,0,0,,0,0,0,0,
6,5.16,0,-40.6,34,0,0,0,0.3,0,0,0,0,-3,0,0,0,0,-0.00229183,0,0,0,0,0,0,0,0,0,1,79,58,0,0.00034,0.00034,3,5,0,0,0,0,0,0,0,0,0,0,1,0,0,0,0,0,0,0,0,0,0,,0,0,0,0,
7,5.61,0,-34.7,36,0,0,0,-3.1,0,0,0,0,-4,0,0,0,0,-0.00229183,0,0,0,0,0,0,0,0,0,1,80,58,0,0.00034,0.00034,3,5,0,0,0,0,0,0,0,0,0,0,1,0,0,0,0,0,0,0,0,0,0,,0,0,0,0,
8,5.61,0,-24.1,36,0,0,0,-5.55,0,0,0,0,-9,0,0,0,0,-0.00229183,0,0,0,0,0,0,0,0,0,1,80,58,0,0.00034,0.00034,3,5,0,0,0,0,0,0,0,0,0,0,1,0,0,0,0,0,0,0,0,0,0,,0,0,0,0,
9,5.84,0,-40.7,30.5,0,0,0,0,0,0,0,0,-6,0,0,0,0,-0.00229183,0,0,0,0,0,0,0,0,0,1,75,58,0,0.00034,0.00034,3,5,0,0,0,0,0,0,0,0,0,0,1,0,0,0,0,0,0,0,0,0,0,,0,0,0,0,
10,6.63,0,4.9,25,0,0,0,-13.3,0,0,0,0,-23,0,0,0,0,-0.00229183,0,0,0,0,0,0,0,0,0,1,70,58,0,0.00034,0.00034,3,5,0,0,0,0,0,0,0,0,0,0,1,0,0,0,0,0,0,0,0,0,0,,0,0,0,0,
11,7.04,0,-9.8,25,0,0,0,2.4,0,0,0,0,-22.5,0,0,0,0,-0.00229183,0,0,0,0,0,0,0,0,0,1,71,58,0,0.00034,0.00034,3,5,0,0,0,0,0,0,0,0,0,0,1,0,0,0,0,0,0,0,0,0,0,,0,0,0,0,
12,7.66,0,34.95,39.5,0,0,0,5.75,0,0,0,0,5,0,0,0,0,-0.00229183,0,0,0,0,0,0,0,0,0,1,85,58,0,0.00034,0.00034,3,5,0,0,0,0,0,0,0,0,0,0,1,0,0,0,0,0,0,0,0,0,0,,0,0,0,0,
13,8.26,0,-25.15,28.5,0,0,0,-1.95,0,0,0,0,-12.5,0,0,0,0,-0.00229183,0,0,0,0,0,0,0,0,0,1,75,58,0,0.00034,0.00034,3,0,0,0,0,0,0,0,0,0,0,0,1,0,0,0,0,0,0,0,0,0,0,,0,0,0,0,
14,8.48,0,69.1,29.5,0,0,0,-11.6,0,0,0,0,22,0,0,0,0,-0.00229183,0,0,0,0,0,0,0,0,0,1,76,58,0,0.00034,0.00034,3,7,0,0,0,0,0,0,0,0,0,0,1,0,0,0,0,0,0,0,0,0,0,,0,0,0,0,
15,8.9,0,-32.8,26.5,0,0,0,-0.35,0,0,0,0,-10,0,0,0,0,-0.00229183,0,0,0,0,0,0,0,0,0,1,73,58,0,0.00034,0.00034,3,5,0,0,0,0,0,0,0,0,0,0,1,0,0,0,0,0,0,0,0,0,0,,0,0,0,0,
16,9.39,0,-29.3,23.5,0,0,0,-2.35,0,0,0,0,-14.5,0,0,0,0,-0.00229183,0,0,0,0,0,0,0,0,0,1,70,58,0,0.00034,0.00034,3,5,0,0,0,0,0,0,0,0,0,0,1,0,0,0,0,0,0,0,0,0,0,,0,0,0,0,
17,12.16,0,-12.55,26.5,0,0,0,12.4,0,0,0,0,-16.5,0,0,0,0,-0.00229183,0,0,0,0,0,0,0,0,0,1,73,58,0,0.00034,0.00034,3,5,0,0,0,0,0,0,0,0,0,0,1,0,0,0,0,0,0,0,0,0,0,,0,0,0,0,
18,13,0,-23,21.5,0,0,0,-2.05,0,0,0,0,-17.5,0,0,0,0,-0.00229183,0,0,0,0,0,0,0,0,0,1,68,58,0,0.00034,0.00034,3,5,0,0,0,0,0,0,0,0,0,0,1,0,0,0,0,0,0,0,0,0,0,,0,0,0,0,
END,Total:19
START,FrameNb:184,CameraNb:0,HeSaiNb:0,ARS410Nb:0
2026/08/02 16:23:59:881---->
heightOffset:0,1785659039881,1329456,selfCaliBufCnt:0,selfAccObjCnt:0,selfAccAngle:0,installHAngleOffset:0,Interpolation:0,installVAngleOffset:0,radarOffsetH:0,radarOffsetV:0.32,Polynom:-0.001023;-0.0511;-2.047;0;0;0;-0.001023;-0.0511;-2.047;-25.5;0;0,WheelDirection:0;0;0;0,selfAngleOffset:0,selfAngleOffsetPit:0,currCaliAngleHrz:0,currCaliAnglePit:0,selfCaliAngleHrz:0,selfCaliAnglePit:0,servCaliAngleHrz:0,servCaliAnglePit:0,offlineCaliAngleHrz:0,offlineCaliAnglePit:0,determine2useFlag:0,IMU_Z_Accel:-21.592,IMU_X_AngularRate:-2.093,IMU_Y_AngularRate:-2.093,IMU_RollAngle:-180,IMU_PitchAngle:-180,IMU_YawAngle:-180,FcwID:0,FCWWarningLevel:0,FCWTTC:0
0,2.32,0,30.1,29,0,0,0,8.2,1.37605e-33,0,0,0,-8.5,0,0,0,0,-0.00229183,0,0,0,0,0,0,0,0,0,1,78,57,0,0.00034,0.00034,3,5,0,0,0,0,0,0,0,0,0,0,1,0,1,0,0,0,0,0,0,0,0,,0,0,0,0,
1,2.8,0,-34.05,43,0,0,0,1.75,0,0,0,0,6,0,0,0,0,-0.00229183,0,0,0,0,0,0,0,0,0,1,92,57,0,0.00034,0.00034,3,0,0,0,0,0,0,0,0,0,0,0,1,0,1,0,0,0,0,0,0,0,0,,0,0,0,0,
2,3.25,0,13.55,38.5,0,0,0,2.55,0,0,0,0,-7,0,0,0,0,-0.00229183,0,0,0,0,0,0,0,0,0,1,87,57,0,0.00034,0.00034,3,0,0,0,0,0,0,0,0,0,0,0,1,0,1,0,0,0,0,0,0,0,0,,0,0,0,0,
3,3.61,0,45.55,31.5,0,0,0,-9,0,0,0,0,5,0,0,0,0,-0.00229183,0,0,0,0,0,0,0,0,0,1,80,57,0,0.00034,0.00034,3,5,0,0,0,0,0,0,0,0,0,0,1,0,1,0,0,0,0,0,0,0,0,,0,0,0,0,
4,4.03,0,2.2,41.5,0,0,0,0.55,0,0,0,0,-6.5,0,0,0,0,-0.00229183,0,0,0,0,0,0,0,0,0,1,89,57,0,0.00034,0.00034,3,5,0,0,0,0,0,0,0,0,0,0,1,0,1,0,0,0,0,0,0,0,0,,0,0,0,0,
5,5.17,0,-35.1,33.5,0,0,0,-3.45,0,0,0,0,-6,0,0,0,0,-0.00229183,0,0,0,0,0,0,0,0,0,1,79,57,0,0.00034,0.00034,3,5,0,0,0,0,0,0,0,0,0,0,1,0,1,0,0,0,0,0,0,0,0,,0,0,0,0,
6,5.17,0,-40.55,33.5,0,0,0,0.3,0,0,0,0,-3,0,0,0,0,-0.00229183,0,0,0,0,0,0,0,0,0,1,79,57,0,0.00034,0.00034,3,5,0,0,0,0,0,0,0,0,0,0,1,0,1,0,0,0,0,0,0,0,0,,0,0,0,0,
7,5.62,0,-34.7,36,0,0,0,-3.05,0,0,0,0,-4,0,0,0,0,-0.00229183,0,0,0,0,0,0,0,0,0,1,80,57,0,0.00034,0.00034,3,5,0,0,0,0,0,0,0,0,0,0,1,0,1,0,0,0,0,0,0,0,0,,0,0,0,0,
8,5.62,0,-24.1,36,0,0,0,-5.55,0,0,0,0,-9,0,0,0,0,-0.00229183,0,0,0,0,0,0,0,0,0,1,80,57,0,0.00034,0.00034,3,5,0,0,0,0,0,0,0,0,0,0,1,0,1,0,0,0,0,0,0,0,0,,0,0,0,0,
9,5.84,0,-40.85,30.5,0,0,0,0.25,0,0,0,0,-6,0,0,0,0,-0.00229183,0,0,0,0,0,0,0,0,0,1,75,57,0,0.00034,0.00034,3,5,0,0,0,0,0,0,0,0,0,0,1,0,1,0,0,0,0,0,0,0,0,,0,0,0,0,
10,6.63,0,-53.8,25,0,0,0,-2.8,0,0,0,0,1,0,0,0,0,-0.00229183,0,0,0,0,0,0,0,0,0,1,71,57,0,0.00034,0.00034,3,5,0,0,0,0,0,0,0,0,0,0,1,0,1,0,0,0,0,0,0,0,0,,0,0,0,0,
11,7.03,0,-9.95,25,0,0,0,6.05,0,0,0,0,-22.5,0,0,0,0,-0.00229183,0,0,0,0,0,0,0,0,0,1,71,57,0,0.00034,0.00034,3,5,0,0,0,0,0,0,0,0,0,0,1,0,1,0,0,0,0,0,0,0,0,,0,0,0,0,
12,7.65,0,34.95,40,0,0,0,6.3,0,0,0,0,5,0,0,0,0,-0.00229183,0,0,0,0,0,0,0,0,0,1,86,57,0,0.00034,0.00034,3,5,0,0,0,0,0,0,0,0,0,0,1,0,1,0,0,0,0,0,0,0,0,,0,0,0,0,
13,8.26,0,-25.05,28.5,0,0,0,-2,0,0,0,0,-12.5,0,0,0,0,-0.00229183,0,0,0,0,0,0,0,0,0,1,74,57,0,0.00034,0.00034,3,0,0,0,0,0,0,0,0,0,0,0,1,0,1,0,0,0,0,0,0,0,0,,0,0,0,0,
14,8.49,0,69.2,30,0,0,0,-11.55,0,0,0,0,22.5,0,0,0,0,-0.00229183,0,0,0,0,0,0,0,0,0,1,76,57,0,0.00034,0.00034,3,7,0,0,0,0,0,0,0,0,0,0,1,0,1,0,0,0,0,0,0,0,0,,0,0,0,0,
15,8.9,0,-32.8,26.5,0,0,0,-0.35,0,0,0,0,-10,0,0,0,0,-0.00229183,0,0,0,0,0,0,0,0,0,1,73,57,0,0.00034,0.00034,3,5,0,0,0,0,0,0,0,0,0,0,1,0,1,0,0,0,0,0,0,0,0,,0,0,0,0,
16,9.4,0,-29.4,23.5,0,0,0,-2.35,0,0,0,0,-14.5,0,0,0,0,-0.00229183,0,0,0,0,0,0,0,0,0,1,70,57,0,0.00034,0.00034,3,5,0,0,0,0,0,0,0,0,0,0,1,0,1,0,0,0,0,0,0,0,0,,0,0,0,0,
17,9.85,0,-28.45,20.5,0,0,0,-0.45,0,0,0,0,-18,0,0,0,0,-0.00229183,0,0,0,0,0,0,0,0,0,1,67,57,0,0.00034,0.00034,3,5,0,0,0,0,0,0,0,0,0,0,1,0,1,0,0,0,0,0,0,0,0,,0,0,0,0,
18,12.16,0,26.7,26.5,0,0,0,-6.1,0,0,0,0,-8.5,0,0,0,0,-0.00229183,0,0,0,0,0,0,0,0,0,1,73,57,0,0.00034,0.00034,2,-1,0,0,0,0,0,0,0,0,0,0,1,0,1,0,0,0,0,0,0,0,0,,0,0,0,0,
19,13.01,0,-23.15,21,0,0,0,-1.95,0,0,0,0,-17.5,0,0,0,0,-0.00229183,0,0,0,0,0,0,0,0,0,1,68,57,0,0.00034,0.00034,3,5,0,0,0,0,0,0,0,0,0,0,1,0,1,0,0,0,0,0,0,0,0,,0,0,0,0,
END,Total:20
START,FrameNb:185,CameraNb:0,HeSaiNb:0,ARS410Nb:0
2026/08/02 16:23:59:938---->
heightOffset:0,1785659039938,1329516,selfCaliBufCnt:0,selfAccObjCnt:0,selfAccAngle:0,installHAngleOffset:0,Interpolation:0,installVAngleOffset:0,radarOffsetH:0,radarOffsetV:0.32,Polynom:-0.001023;-0.0511;-2.047;0;0;0;-0.001023;-0.0511;-2.047;-25.5;0;0,WheelDirection:0;0;0;0,selfAngleOffset:0,selfAngleOffsetPit:0,currCaliAngleHrz:0,currCaliAnglePit:0,selfCaliAngleHrz:0,selfCaliAnglePit:0,servCaliAngleHrz:0,servCaliAnglePit:0,offlineCaliAngleHrz:0,offlineCaliAnglePit:0,determine2useFlag:0,IMU_Z_Accel:-21.592,IMU_X_AngularRate:-2.093,IMU_Y_AngularRate:-2.093,IMU_RollAngle:-180,IMU_PitchAngle:-180,IMU_YawAngle:-180,FcwID:0,FCWWarningLevel:0,FCWTTC:0
0,2.32,0,30.1,29,0,0,0,7.65,1.37605e-33,0,0,0,-8.5,0,0,0,0,-0.00229183,0,0,0,0,0,0,0,0,0,1,78,63,0,0.00034,0.00034,3,5,0,0,0,0,0,0,0,0,0,0,1,0,0,0,0,0,0,0,0,0,0,,0,0,0,0,
1,2.8,0,-34.05,43,0,0,0,1.75,0,0,0,0,6,0,0,0,0,-0.00229183,0,0,0,0,0,0,0,0,0,1,92,63,0,0.00034,0.00034,3,0,0,0,0,0,0,0,0,0,0,0,1,0,0,0,0,0,0,0,0,0,0,,0,0,0,0,
2,3.25,0,13.55,38.5,0,0,0,2.55,0,0,0,0,-7,0,0,0,0,-0.00229183,0,0,0,0,0,0,0,0,0,1,87,63,0,0.00034,0.00034,3,0,0,0,0,0,0,0,0,0,0,0,1,0,0,0,0,0,0,0,0,0,0,,0,0,0,0,
3,3.61,0,45.85,31.5,0,0,0,-10.1,0,0,0,0,5,0,0,0,0,-0.00229183,0,0,0,0,0,0,0,0,0,1,80,63,0,0.00034,0.00034,3,5,0,0,0,0,0,0,0,0,0,0,1,0,0,0,0,0,0,0,0,0,0,,0,0,0,0,
4,4.03,0,2.2,41.5,0,0,0,0.55,0,0,0,0,-6,0,0,0,0,-0.00229183,0,0,0,0,0,0,0,0,0,1,89,63,0,0.00034,0.00034,3,5,0,0,0,0,0,0,0,0,0,0,1,0,0,0,0,0,0,0,0,0,0,,0,0,0,0,
5,5.16,0,-35.1,33.5,0,0,0,-3.45,0,0,0,0,-6,0,0,0,0,-0.00229183,0,0,0,0,0,0,0,0,0,1,79,63,0,0.00034,0.00034,3,5,0,0,0,0,0,0,0,0,0,0,1,0,0,0,0,0,0,0,0,0,0,,0,0,0,0,
6,5.16,0,-40.6,33.5,0,0,0,0.4,0,0,0,0,-3,0,0,0,0,-0.00229183,0,0,0,0,0,0,0,0,0,1,79,63,0,0.00034,0.00034,3,5,0,0,0,0,0,0,0,0,0,0,1,0,0,0,0,0,0,0,0,0,0,,0,0,0,0,
7,5.61,0,-34.7,35.5,0,0,0,-3.05,0,0,0,0,-4,0,0,0,0,-0.00229183,0,0,0,0,0,0,0,0,0,1,80,63,0,0.00034,0.00034,3,5,0,0,0,0,0,0,0,0,0,0,1,0,0,0,0,0,0,0,0,0,0,,0,0,0,0,
8,5.61,0,-24.15,35.5,0,0,0,-5.45,0,0,0,0,-9,0,0,0,0,-0.00229183,0,0,0,0,0,0,0,0,0,1,80,63,0,0.00034,0.00034,3,5,0,0,0,0,0,0,0,0,0,0,1,0,0,0,0,0,0,0,0,0,0,,0,0,0,0,
9,5.84,0,-40.85,30,0,0,0,0,0,0,0,0,-6,0,0,0,0,-0.00229183,0,0,0,0,0,0,0,0,0,1,75,63,0,0.00034,0.00034,3,5,0,0,0,0,0,0,0,0,0,0,1,0,0,0,0,0,0,0,0,0,0,,0,0,0,0,
10,6.63,0,5.05,25,0,0,0,-13.35,0,0,0,0,-23,0,0,0,0,-0.00229183,0,0,0,0,0,0,0,0,0,1,71,63,0,0.00034,0.00034,2,-1,0,0,0,0,0,0,0,0,0,0,1,0,0,0,0,0,0,0,0,0,0,,0,0,0,0,
11,7.03,0,24.15,24.5,0,0,0,-10.35,0,0,0,0,-15.5,0,0,0,0,-0.00229183,0,0,0,0,0,0,0,0,0,1,71,63,0,0.00034,0.00034,3,5,0,0,0,0,0,0,0,0,0,0,1,0,0,0,0,0,0,0,0,0,0,,0,0,0,0,
12,7.66,0,34.8,39.5,0,0,0,6.25,0,0,0,0,5,0,0,0,0,-0.00229183,0,0,0,0,0,0,0,0,0,1,86,63,0,0.00034,0.00034,3,5,0,0,0,0,0,0,0,0,0,0,1,0,0,0,0,0,0,0,0,0,0,,0,0,0,0,
13,8.25,0,-25.1,29,0,0,0,-1.95,0,0,0,0,-12,0,0,0,0,-0.00229183,0,0,0,0,0,0,0,0,0,1,75,63,0,0.00034,0.00034,3,0,0,0,0,0,0,0,0,0,0,0,1,0,0,0,0,0,0,0,0,0,0,,0,0,0,0,
14,8.65,0,70.95,30,0,0,0,-11.75,0,0,0,0,24.5,0,0,0,0,-0.00229183,0,0,0,0,0,0,0,0,0,1,76,63,0,0.00034,0.00034,3,5,0,0,0,0,0,0,0,0,0,0,1,0,0,0,0,0,0,0,0,0,0,,0,0,0,0,
15,8.91,0,-32.65,26.5,0,0,0,-0.45,0,0,0,0,-10,0,0,0,0,-0.00229183,0,0,0,0,0,0,0,0,0,1,73,63,0,0.00034,0.00034,3,5,0,0,0,0,0,0,0,0,0,0,1,0,0,0,0,0,0,0,0,0,0,,0,0,0,0,
16,9.4,0,-29.4,23.5,0,0,0,-2.35,0,0,0,0,-14.5,0,0,0,0,-0.00229183,0,0,0,0,0,0,0,0,0,1,70,63,0,0.00034,0.00034,3,5,0,0,0,0,0,0,0,0,0,0,1,0,0,0,0,0,0,0,0,0,0,,0,0,0,0,
17,12.16,0,-12.55,26.5,0,0,0,12.95,0,0,0,0,-16.5,0,0,0,0,-0.00229183,0,0,0,0,0,0,0,0,0,1,73,63,0,0.00034,0.00034,3,5,0,0,0,0,0,0,0,0,0,0,1,0,0,0,0,0,0,0,0,0,0,,0,0,0,0,
18,13,0,-23.15,21.5,0,0,0,-1.85,0,0,0,0,-18,0,0,0,0,-0.00229183,0,0,0,0,0,0,0,0,0,1,67,63,0,0.00034,0.00034,3,5,0,0,0,0,0,0,0,0,0,0,1,0,0,0,0,0,0,0,0,0,0,,0,0,0,0,
END,Total:19
START,FrameNb:186,CameraNb:0,HeSaiNb:0,ARS410Nb:0
2026/08/02 16:23:59:978---->
heightOffset:0,1785659039978,1329572,selfCaliBufCnt:0,selfAccObjCnt:0,selfAccAngle:0,installHAngleOffset:0,Interpolation:0,installVAngleOffset:0,radarOffsetH:0,radarOffsetV:0.32,Polynom:-0.001023;-0.0511;-2.047;0;0;0;-0.001023;-0.0511;-2.047;-25.5;0;0,WheelDirection:0;0;0;0,selfAngleOffset:0,selfAngleOffsetPit:0,currCaliAngleHrz:0,currCaliAnglePit:0,selfCaliAngleHrz:0,selfCaliAnglePit:0,servCaliAngleHrz:0,servCaliAnglePit:0,offlineCaliAngleHrz:0,offlineCaliAnglePit:0,determine2useFlag:0,IMU_Z_Accel:-21.592,IMU_X_AngularRate:-2.093,IMU_Y_AngularRate:-2.093,IMU_RollAngle:-180,IMU_PitchAngle:-180,IMU_YawAngle:-180,FcwID:0,FCWWarningLevel:0,FCWTTC:0
0,2.32,0,30.05,29,0,0,0,8.15,1.37605e-33,0,0,0,-9,0,0,0,0,-0.00229183,0,0,0,0,0,0,0,0,0,1,78,55,0,0.00034,0.00034,3,5,0,0,0,0,0,0,0,0,0,0,1,0,1,0,0,0,0,0,0,0,0,,0,0,0,0,
1,2.8,0,-34.05,43,0,0,0,1.75,0,0,0,0,6,0,0,0,0,-0.00229183,0,0,0,0,0,0,0,0,0,1,92,55,0,0.00034,0.00034,3,0,0,0,0,0,0,0,0,0,0,0,1,0,1,0,0,0,0,0,0,0,0,,0,0,0,0,
2,3.25,0,13.55,38.5,0,0,0,2.55,0,0,0,0,-7,0,0,0,0,-0.00229183,0,0,0,0,0,0,0,0,0,1,87,55,0,0.00034,0.00034,3,0,0,0,0,0,0,0,0,0,0,0,1,0,1,0,0,0,0,0,0,0,0,,0,0,0,0,
3,3.61,0,45.6,31.5,0,0,0,-9.1,0,0,0,0,5,0,0,0,0,-0.00229183,0,0,0,0,0,0,0,0,0,1,80,55,0,0.00034,0.00034,3,5,0,0,0,0,0,0,0,0,0,0,1,0,1,0,0,0,0,0,0,0,0,,0,0,0,0,
4,4.03,0,2.2,41.5,0,0,0,0.65,0,0,0,0,-6.5,0,0,0,0,-0.00229183,0,0,0,0,0,0,0,0,0,1,89,55,0,0.00034,0.00034,3,5,0,0,0,0,0,0,0,0,0,0,1,0,1,0,0,0,0,0,0,0,0,,0,0,0,0,
5,5.17,0,-35.15,34,0,0,0,-3.45,0,0,0,0,-6,0,0,0,0,-0.00229183,0,0,0,0,0,0,0,0,0,1,79,55,0,0.00034,0.00034,3,5,0,0,0,0,0,0,0,0,0,0,1,0,1,0,0,0,0,0,0,0,0,,0,0,0,0,
6,5.17,0,-40.6,34,0,0,0,0.55,0,0,0,0,-3,0,0,0,0,-0.00229183,0,0,0,0,0,0,0,0,0,1,79,55,0,0.00034,0.00034,3,5,0,0,0,0,0,0,0,0,0,0,1,0,1,0,0,0,0,0,0,0,0,,0,0,0,0,
7,5.62,0,-34.65,36,0,0,0,-3.05,0,0,0,0,-4,0,0,0,0,-0.00229183,0,0,0,0,0,0,0,0,0,1,80,55,0,0.00034,0.00034,3,5,0,0,0,0,0,0,0,0,0,0,1,0,1,0,0,0,0,0,0,0,0,,0,0,0,0,
8,5.62,0,-24.1,36,0,0,0,-5.45,0,0,0,0,-9,0,0,0,0,-0.00229183,0,0,0,0,0,0,0,0,0,1,80,55,0,0.00034,0.00034,3,5,0,0,0,0,0,0,0,0,0,0,1,0,1,0,0,0,0,0,0,0,0,,0,0,0,0,
9,5.84,0,-41.05,30.5,0,0,0,0.2,0,0,0,0,-3.5,0,0,0,0,-0.00229183,0,0,0,0,0,0,0,0,0,1,75,55,0,0.00034,0.00034,3,5,0,0,0,0,0,0,0,0,0,0,1,0,1,0,0,0,0,0,0,0,0,,0,0,0,0,
10,6.63,0,13.15,25,0,0,0,-7.8,0,0,0,0,-21,0,0,0,0,-0.00229183,0,0,0,0,0,0,0,0,0,1,70,55,0,0.00034,0.00034,3,5,0,0,0,0,0,0,0,0,0,0,1,0,1,0,0,0,0,0,0,0,0,,0,0,0,0,
11,7.02,0,10.2,24.5,0,0,0,-9,0,0,0,0,-22,0,0,0,0,-0.00229183,0,0,0,0,0,0,0,0,0,1,70,55,0,0.00034,0.00034,3,5,0,0,0,0,0,0,0,0,0,0,1,0,1,0,0,0,0,0,0,0,0,,0,0,0,0,
12,7.64,0,34.7,39.5,0,0,0,6.05,0,0,0,0,5,0,0,0,0,-0.00229183,0,0,0,0,0,0,0,0,0,1,86,55,0,0.00034,0.00034,3,5,0,0,0,0,0,0,0,0,0,0,1,0,1,0,0,0,0,0,0,0,0,,0,0,0,0,
13,8.26,0,-25.2,28.5,0,0,0,-2.05,0,0,0,0,-12.5,0,0,0,0,-0.00229183,0,0,0,0,0,0,0,0,0,1,75,55,0,0.00034,0.00034,3,0,0,0,0,0,0,0,0,0,0,0,1,0,1,0,0,0,0,0,0,0,0,,0,0,0,0,
14,8.49,0,70.95,30,0,0,0,-11.7,0,0,0,0,24.5,0,0,0,0,-0.00229183,0,0,0,0,0,0,0,0,0,1,76,55,0,0.00034,0.00034,3,5,0,0,0,0,0,0,0,0,0,0,1,0,1,0,0,0,0,0,0,0,0,,0,0,0,0,
15,8.91,0,-32.85,26,0,0,0,-0.6,0,0,0,0,-10,0,0,0,0,-0.00229183,0,0,0,0,0,0,0,0,0,1,72,55,0,0.00034,0.00034,3,5,0,0,0,0,0,0,0,0,0,0,1,0,1,0,0,0,0,0,0,0,0,,0,0,0,0,
16,9.41,0,-29.45,23,0,0,0,-2.35,0,0,0,0,-14.5,0,0,0,0,-0.00229183,0,0,0,0,0,0,0,0,0,1,70,55,0,0.00034,0.00034,3,5,0,0,0,0,0,0,0,0,0,0,1,0,1,0,0,0,0,0,0,0,0,,0,0,0,0,
17,9.86,0,-28.45,20.5,0,0,0,-0.85,0,0,0,0,-18,0,0,0,0,-0.00229183,0,0,0,0,0,0,0,0,0,1,67,55,0,0.00034,0.00034,3,5,0,0,0,0,0,0,0,0,0,0,1,0,1,0,0,0,0,0,0,0,0,,0,0,0,0,
18,12.16,0,-12.55,26.5,0,0,0,12.9,0,0,0,0,-16.5,0,0,0,0,-0.00229183,0,0,0,0,0,0,0,0,0,1,73,55,0,0.00034,0.00034,3,5,0,0,0,0,0,0,0,0,0,0,1,0,1,0,0,0,0,0,0,0,0,,0,0,0,0,
19,13,0,-23.2,21.5,0,0,0,-1.85,0,0,0,0,-17.5,0,0,0,0,-0.00229183,0,0,0,0,0,0,0,0,0,1,68,55,0,0.00034,0.00034,3,5,0,0,0,0,0,0,0,0,0,0,1,0,1,0,0,0,0,0,0,0,0,,0,0,0,0,
END,Total:20
START,FrameNb:187,CameraNb:0,HeSaiNb:0,ARS410Nb:0
2026/08/02 16:24:00:044---->
heightOffset:0,1785659040044,1329628,selfCaliBufCnt:0,selfAccObjCnt:0,selfAccAngle:0,installHAngleOffset:0,Interpolation:0,installVAngleOffset:0,radarOffsetH:0,radarOffsetV:0.32,Polynom:-0.001023;-0.0511;-2.047;0;0;0;-0.001023;-0.0511;-2.047;-25.5;0;0,WheelDirection:0;0;0;0,selfAngleOffset:0,selfAngleOffsetPit:0,currCaliAngleHrz:0,currCaliAnglePit:0,selfCaliAngleHrz:0,selfCaliAnglePit:0,servCaliAngleHrz:0,servCaliAnglePit:0,offlineCaliAngleHrz:0,offlineCaliAnglePit:0,determine2useFlag:0,IMU_Z_Accel:-21.592,IMU_X_AngularRate:-2.093,IMU_Y_AngularRate:-2.093,IMU_RollAngle:-180,IMU_PitchAngle:-180,IMU_YawAngle:-180,FcwID:0,FCWWarningLevel:0,FCWTTC:0
0,2.32,0,30.1,29,0,0,0,7.7,1.37605e-33,0,0,0,-8.5,0,0,0,0,-0.00229183,0,0,0,0,0,0,0,0,0,1,78,57,0,0.00034,0.00034,3,5,0,0,0,0,0,0,0,0,0,0,1,0,0,0,0,0,0,0,0,0,0,,0,0,0,0,
1,2.8,0,-34.05,43.5,0,0,0,1.75,0,0,0,0,6,0,0,0,0,-0.00229183,0,0,0,0,0,0,0,0,0,1,92,57,0,0.00034,0.00034,3,0,0,0,0,0,0,0,0,0,0,0,1,0,0,0,0,0,0,0,0,0,0,,0,0,0,0,
2,3.25,0,13.55,38.5,0,0,0,2.55,0,0,0,0,-7,0,0,0,0,-0.00229183,0,0,0,0,0,0,0,0,0,1,87,57,0,0.00034,0.00034,3,0,0,0,0,0,0,0,0,0,0,0,1,0,0,0,0,0,0,0,0,0,0,,0,0,0,0,
3,3.59,0,45.9,32,0,0,0,-10.1,0,0,0,0,5,0,0,0,0,-0.00229183,0,0,0,0,0,0,0,0,0,1,80,57,0,0.00034,0.00034,3,5,0,0,0,0,0,0,0,0,0,0,1,0,0,0,0,0,0,0,0,0,0,,0,0,0,0,
4,4.03,0,2.2,41.5,0,0,0,0.55,0,0,0,0,-6,0,0,0,0,-0.00229183,0,0,0,0,0,0,0,0,0,1,89,57,0,0.00034,0.00034,3,5,0,0,0,0,0,0,0,0,0,0,1,0,0,0,0,0,0,0,0,0,0,,0,0,0,0,
5,5.16,0,-35.1,34,0,0,0,-3.45,0,0,0,0,-5.5,0,0,0,0,-0.00229183,0,0,0,0,0,0,0,0,0,1,79,57,0,0.00034,0.00034,3,5,0,0,0,0,0,0,0,0,0,0,1,0,0,0,0,0,0,0,0,0,0,,0,0,0,0,
6,5.16,0,-40.6,34,0,0,0,0.25,0,0,0,0,-2.5,0,0,0,0,-0.00229183,0,0,0,0,0,0,0,0,0,1,79,57,0,0.00034,0.00034,3,5,0,0,0,0,0,0,0,0,0,0,1,0,0,0,0,0,0,0,0,0,0,,0,0,0,0,
7,5.61,0,-34.8,36,0,0,0,-2.7,0,0,0,0,-4,0,0,0,0,-0.00229183,0,0,0,0,0,0,0,0,0,1,80,57,0,0.00034,0.00034,3,5,0,0,0,0,0,0,0,0,0,0,1,0,0,0,0,0,0,0,0,0,0,,0,0,0,0,
8,5.61,0,-24.1,36,0,0,0,-5.1,0,0,0,0,-9,0,0,0,0,-0.00229183,0,0,0,0,0,0,0,0,0,1,80,57,0,0.00034,0.00034,3,5,0,0,0,0,0,0,0,0,0,0,1,0,0,0,0,0,0,0,0,0,0,,0,0,0,0,
9,5.84,0,-40.9,30.5,0,0,0,-0.05,0,0,0,0,-5.5,0,0,0,0,-0.00229183,0,0,0,0,0,0,0,0,0,1,76,57,0,0.00034,0.00034,3,5,0,0,0,0,0,0,0,0,0,0,1,0,0,0,0,0,0,0,0,0,0,,0,0,0,0,
10,6.63,0,4.9,25,0,0,0,-13.3,0,0,0,0,-23,0,0,0,0,-0.00229183,0,0,0,0,0,0,0,0,0,1,70,57,0,0.00034,0.00034,3,5,0,0,0,0,0,0,0,0,0,0,1,0,0,0,0,0,0,0,0,0,0,,0,0,0,0,
11,7.02,0,24.6,24.5,0,0,0,-10.55,0,0,0,0,-15.5,0,0,0,0,-0.00229183,0,0,0,0,0,0,0,0,0,1,70,57,0,0.00034,0.00034,3,5,0,0,0,0,0,0,0,0,0,0,1,0,0,0,0,0,0,0,0,0,0,,0,0,0,0,
12,7.64,0,34.8,39.5,0,0,0,5.7,0,0,0,0,5,0,0,0,0,-0.00229183,0,0,0,0,0,0,0,0,0,1,86,57,0,0.00034,0.00034,3,5,0,0,0,0,0,0,0,0,0,0,1,0,0,0,0,0,0,0,0,0,0,,0,0,0,0,
13,8.25,0,-25.2,28.5,0,0,0,-2.3,0,0,0,0,-12.5,0,0,0,0,-0.00229183,0,0,0,0,0,0,0,0,0,1,75,57,0,0.00034,0.00034,3,0,0,0,0,0,0,0,0,0,0,0,1,0,0,0,0,0,0,0,0,0,0,,0,0,0,0,
14,8.48,0,70.9,30,0,0,0,-11.75,0,0,0,0,24.5,0,0,0,0,-0.00229183,0,0,0,0,0,0,0,0,0,1,76,57,0,0.00034,0.00034,3,5,0,0,0,0,0,0,0,0,0,0,1,0,0,0,0,0,0,0,0,0,0,,0,0,0,0,
15,8.91,0,-32.8,26,0,0,0,-0.7,0,0,0,0,-10,0,0,0,0,-0.00229183,0,0,0,0,0,0,0,0,0,1,73,57,0,0.00034,0.00034,3,5,0,0,0,0,0,0,0,0,0,0,1,0,0,0,0,0,0,0,0,0,0,,0,0,0,0,
16,9.39,0,-29.3,23,0,0,0,-2.45,0,0,0,0,-14.5,0,0,0,0,-0.00229183,0,0,0,0,0,0,0,0,0,1,70,57,0,0.00034,0.00034,3,5,0,0,0,0,0,0,0,0,0,0,1,0,0,0,0,0,0,0,0,0,0,,0,0,0,0,
17,12.16,0,-12.6,26.5,0,0,0,13,0,0,0,0,-16,0,0,0,0,-0.00229183,0,0,0,0,0,0,0,0,0,1,74,57,0,0.00034,0.00034,3,5,0,0,0,0,0,0,0,0,0,0,1,0,0,0,0,0,0,0,0,0,0,,0,0,0,0,
18,13.01,0,-23.2,21.5,0,0,0,-1.85,0,0,0,0,-17.5,0,0,0,0,-0.00229183,0,0,0,0,0,0,0,0,0,1,68,57,0,0.00034,0.00034,3,5,0,0,0,0,0,0,0,0,0,0,1,0,0,0,0,0,0,0,0,0,0,,0,0,0,0,
END,Total:19
START,FrameNb:188,CameraNb:0,HeSaiNb:0,ARS410Nb:0
2026/08/02 16:24:00:133---->
heightOffset:0,1785659040133,1329684,selfCaliBufCnt:0,selfAccObjCnt:0,selfAccAngle:0,installHAngleOffset:0,Interpolation:0,installVAngleOffset:0,radarOffsetH:0,radarOffsetV:0.32,Polynom:-0.001023;-0.0511;-2.047;0;0;0;-0.001023;-0.0511;-2.047;-25.5;0;0,WheelDirection:0;0;0;0,selfAngleOffset:0,selfAngleOffsetPit:0,currCaliAngleHrz:0,currCaliAnglePit:0,selfCaliAngleHrz:0,selfCaliAnglePit:0,servCaliAngleHrz:0,servCaliAnglePit:0,offlineCaliAngleHrz:0,offlineCaliAnglePit:0,determine2useFlag:0,IMU_Z_Accel:-21.592,IMU_X_AngularRate:-2.093,IMU_Y_AngularRate:-2.093,IMU_RollAngle:-180,IMU_PitchAngle:-180,IMU_YawAngle:-180,FcwID:0,FCWWarningLevel:0,FCWTTC:0
0,2.32,0,30.05,29,0,0,0,8.15,1.37605e-33,0,0,0,-8.5,0,0,0,0,-0.00229183,0,0,0,0,0,0,0,0,0,1,78,54,0,0.00034,0.00034,3,5,0,0,0,0,0,0,0,0,0,0,1,0,1,0,0,0,0,0,0,0,0,,0,0,0,0,
1,2.8,0,-34.05,43.5,0,0,0,1.75,0,0,0,0,6,0,0,0,0,-0.00229183,0,0,0,0,0,0,0,0,0,1,92,54,0,0.00034,0.00034,3,0,0,0,0,0,0,0,0,0,0,0,1,0,1,0,0,0,0,0,0,0,0,,0,0,0,0,
2,3.25,0,13.55,38.5,0,0,0,2.55,0,0,0,0,-7,0,0,0,0,-0.00229183,0,0,0,0,0,0,0,0,0,1,87,54,0,0.00034,0.00034,3,0,0,0,0,0,0,0,0,0,0,0,1,0,1,0,0,0,0,0,0,0,0,,0,0,0,0,
3,3.62,0,45.4,31.5,0,0,0,-9.25,0,0,0,0,5,0,0,0,0,-0.00229183,0,0,0,0,0,0,0,0,0,1,80,54,0,0.00034,0.00034,3,5,0,0,0,0,0,0,0,0,0,0,1,0,1,0,0,0,0,0,0,0,0,,0,0,0,0,
4,4.03,0,2.2,41.5,0,0,0,0.65,0,0,0,0,-6.5,0,0,0,0,-0.00229183,0,0,0,0,0,0,0,0,0,1,89,54,0,0.00034,0.00034,3,5,0,0,0,0,0,0,0,0,0,0,1,0,1,0,0,0,0,0,0,0,0,,0,0,0,0,
5,5.17,0,-35.05,34,0,0,0,-3.55,0,0,0,0,-6,0,0,0,0,-0.00229183,0,0,0,0,0,0,0,0,0,1,79,54,0,0.00034,0.00034,3,5,0,0,0,0,0,0,0,0,0,0,1,0,1,0,0,0,0,0,0,0,0,,0,0,0,0,
6,5.17,0,-40.45,34,0,0,0,0.4,0,0,0,0,-3,0,0,0,0,-0.00229183,0,0,0,0,0,0,0,0,0,1,79,54,0,0.00034,0.00034,3,5,0,0,0,0,0,0,0,0,0,0,1,0,1,0,0,0,0,0,0,0,0,,0,0,0,0,
7,5.61,0,-34.7,36,0,0,0,-3.05,0,0,0,0,-4,0,0,0,0,-0.00229183,0,0,0,0,0,0,0,0,0,1,80,54,0,0.00034,0.00034,3,5,0,0,0,0,0,0,0,0,0,0,1,0,1,0,0,0,0,0,0,0,0,,0,0,0,0,
8,5.61,0,-24.1,36,0,0,0,-5.45,0,0,0,0,-9,0,0,0,0,-0.00229183,0,0,0,0,0,0,0,0,0,1,80,54,0,0.00034,0.00034,3,5,0,0,0,0,0,0,0,0,0,0,1,0,1,0,0,0,0,0,0,0,0,,0,0,0,0,
9,5.84,0,-40.8,30.5,0,0,0,0.2,0,0,0,0,-5.5,0,0,0,0,-0.00229183,0,0,0,0,0,0,0,0,0,1,75,54,0,0.00034,0.00034,3,5,0,0,0,0,0,0,0,0,0,0,1,0,1,0,0,0,0,0,0,0,0,,0,0,0,0,
10,6.63,0,-53.7,25.5,0,0,0,-2.3,0,0,0,0,1.5,0,0,0,0,-0.00229183,0,0,0,0,0,0,0,0,0,1,71,54,0,0.00034,0.00034,3,5,0,0,0,0,0,0,0,0,0,0,1,0,1,0,0,0,0,0,0,0,0,,0,0,0,0,
11,7,0,24.45,24.5,0,0,0,-10.55,0,0,0,0,-16,0,0,0,0,-0.00229183,0,0,0,0,0,0,0,0,0,1,70,54,0,0.00034,0.00034,3,5,0,0,0,0,0,0,0,0,0,0,1,0,1,0,0,0,0,0,0,0,0,,0,0,0,0,
12,7.63,0,34.95,39.5,0,0,0,5.95,0,0,0,0,5,0,0,0,0,-0.00229183,0,0,0,0,0,0,0,0,0,1,85,54,0,0.00034,0.00034,3,5,0,0,0,0,0,0,0,0,0,0,1,0,1,0,0,0,0,0,0,0,0,,0,0,0,0,
13,8.26,0,-25.2,28,0,0,0,-2.1,0,0,0,0,-12.5,0,0,0,0,-0.00229183,0,0,0,0,0,0,0,0,0,1,74,54,0,0.00034,0.00034,3,0,0,0,0,0,0,0,0,0,0,0,1,0,1,0,0,0,0,0,0,0,0,,0,0,0,0,
14,8.49,0,70.9,30,0,0,0,-11.8,0,0,0,0,24.5,0,0,0,0,-0.00229183,0,0,0,0,0,0,0,0,0,1,76,54,0,0.00034,0.00034,3,5,0,0,0,0,0,0,0,0,0,0,1,0,1,0,0,0,0,0,0,0,0,,0,0,0,0,
15,8.91,0,-32.85,26,0,0,0,-0.7,0,0,0,0,-10,0,0,0,0,-0.00229183,0,0,0,0,0,0,0,0,0,1,72,54,0,0.00034,0.00034,3,5,0,0,0,0,0,0,0,0,0,0,1,0,1,0,0,0,0,0,0,0,0,,0,0,0,0,
16,9.39,0,-29.35,23,0,0,0,-2.35,0,0,0,0,-14.5,0,0,0,0,-0.00229183,0,0,0,0,0,0,0,0,0,1,70,54,0,0.00034,0.00034,3,5,0,0,0,0,0,0,0,0,0,0,1,0,1,0,0,0,0,0,0,0,0,,0,0,0,0,
17,9.86,0,-28.35,20.5,0,0,0,-0.6,0,0,0,0,-18,0,0,0,0,-0.00229183,0,0,0,0,0,0,0,0,0,1,67,54,0,0.00034,0.00034,3,5,0,0,0,0,0,0,0,0,0,0,1,0,1,0,0,0,0,0,0,0,0,,0,0,0,0,
18,12.16,0,-12.55,26.5,0,0,0,12.95,0,0,0,0,-16,0,0,0,0,-0.00229183,0,0,0,0,0,0,0,0,0,1,74,54,0,0.00034,0.00034,3,5,0,0,0,0,0,0,0,0,0,0,1,0,1,0,0,0,0,0,0,0,0,,0,0,0,0,
19,13.01,0,-23.2,20.5,0,0,0,-1.8,0,0,0,0,-18,0,0,0,0,-0.00229183,0,0,0,0,0,0,0,0,0,1,67,54,0,0.00034,0.00034,3,5,0,0,0,0,0,0,0,0,0,0,1,0,1,0,0,0,0,0,0,0,0,,0,0,0,0,
END,Total:20
START,FrameNb:189,CameraNb:0,HeSaiNb:0,ARS410Nb:0
2026/08/02 16:24:00:187---->
heightOffset:0,1785659040187,1329740,selfCaliBufCnt:0,selfAccObjCnt:0,selfAccAngle:0,installHAngleOffset:0,Interpolation:0,installVAngleOffset:0,radarOffsetH:0,radarOffsetV:0.32,Polynom:-0.001023;-0.0511;-2.047;0;0;0;-0.001023;-0.0511;-2.047;-25.5;0;0,WheelDirection:0;0;0;0,selfAngleOffset:0,selfAngleOffsetPit:0,currCaliAngleHrz:0,currCaliAnglePit:0,selfCaliAngleHrz:0,selfCaliAnglePit:0,servCaliAngleHrz:0,servCaliAnglePit:0,offlineCaliAngleHrz:0,offlineCaliAnglePit:0,determine2useFlag:0,IMU_Z_Accel:-21.592,IMU_X_AngularRate:-2.093,IMU_Y_AngularRate:-2.093,IMU_RollAngle:-180,IMU_PitchAngle:-180,IMU_YawAngle:-180,FcwID:0,FCWWarningLevel:0,FCWTTC:0
0,2.32,0,30.1,29,0,0,0,7.7,1.37605e-33,0,0,0,-8.5,0,0,0,0,-0.00229183,0,0,0,0,0,0,0,0,0,1,78,58,0,0.00034,0.00034,3,5,0,0,0,0,0,0,0,0,0,0,1,0,0,0,0,0,0,0,0,0,0,,0,0,0,0,
1,2.8,0,-34.05,43.5,0,0,0,1.75,0,0,0,0,6,0,0,0,0,-0.00229183,0,0,0,0,0,0,0,0,0,1,92,58,0,0.00034,0.00034,3,0,0,0,0,0,0,0,0,0,0,0,1,0,0,0,0,0,0,0,0,0,0,,0,0,0,0,
2,3.25,0,13.55,38.5,0,0,0,2.55,0,0,0,0,-7,0,0,0,0,-0.00229183,0,0,0,0,0,0,0,0,0,1,87,58,0,0.00034,0.00034,3,0,0,0,0,0,0,0,0,0,0,0,1,0,0,0,0,0,0,0,0,0,0,,0,0,0,0,
3,3.59,0,45.8,32,0,0,0,-10.7,0,0,0,0,5,0,0,0,0,-0.00229183,0,0,0,0,0,0,0,0,0,1,80,58,0,0.00034,0.00034,3,5,0,0,0,0,0,0,0,0,0,0,1,0,0,0,0,0,0,0,0,0,0,,0,0,0,0,
4,4.03,0,2.2,41.5,0,0,0,0.55,0,0,0,0,-6,0,0,0,0,-0.00229183,0,0,0,0,0,0,0,0,0,1,89,58,0,0.00034,0.00034,3,5,0,0,0,0,0,0,0,0,0,0,1,0,0,0,0,0,0,0,0,0,0,,0,0,0,0,
5,5.16,0,-35.05,34,0,0,0,-3.55,0,0,0,0,-6,0,0,0,0,-0.00229183,0,0,0,0,0,0,0,0,0,1,79,58,0,0.00034,0.00034,3,5,0,0,0,0,0,0,0,0,0,0,1,0,0,0,0,0,0,0,0,0,0,,0,0,0,0,
6,5.16,0,-40.6,34,0,0,0,0.45,0,0,0,0,-3,0,0,0,0,-0.00229183,0,0,0,0,0,0,0,0,0,1,79,58,0,0.00034,0.00034,3,5,0,0,0,0,0,0,0,0,0,0,1,0,0,0,0,0,0,0,0,0,0,,0,0,0,0,
7,5.61,0,-34.8,36,0,0,0,-2.7,0,0,0,0,-4,0,0,0,0,-0.00229183,0,0,0,0,0,0,0,0,0,1,80,58,0,0.00034,0.00034,3,5,0,0,0,0,0,0,0,0,0,0,1,0,0,0,0,0,0,0,0,0,0,,0,0,0,0,
8,5.61,0,-24.1,36,0,0,0,-5.1,0,0,0,0,-9,0,0,0,0,-0.00229183,0,0,0,0,0,0,0,0,0,1,80,58,0,0.00034,0.00034,3,5,0,0,0,0,0,0,0,0,0,0,1,0,0,0,0,0,0,0,0,0,0,,0,0,0,0,
9,5.84,0,-40.6,30.5,0,0,0,0.05,0,0,0,0,-6,0,0,0,0,-0.00229183,0,0,0,0,0,0,0,0,0,1,75,58,0,0.00034,0.00034,3,5,0,0,0,0,0,0,0,0,0,0,1,0,0,0,0,0,0,0,0,0,0,,0,0,0,0,
10,6.63,0,-53.65,25.5,0,0,0,-2.25,0,0,0,0,1,0,0,0,0,-0.00229183,0,0,0,0,0,0,0,0,0,1,71,58,0,0.00034,0.00034,3,5,0,0,0,0,0,0,0,0,0,0,1,0,0,0,0,0,0,0,0,0,0,,0,0,0,0,
11,7.02,0,24.7,25,0,0,0,-10.45,0,0,0,0,-15.5,0,0,0,0,-0.00229183,0,0,0,0,0,0,0,0,0,1,71,58,0,0.00034,0.00034,3,5,0,0,0,0,0,0,0,0,0,0,1,0,0,0,0,0,0,0,0,0,0,,0,0,0,0,
12,7.66,0,35.1,39.5,0,0,0,6.15,0,0,0,0,6,0,0,0,0,-0.00229183,0,0,0,0,0,0,0,0,0,1,85,58,0,0.00034,0.00034,3,5,0,0,0,0,0,0,0,0,0,0,1,0,0,0,0,0,0,0,0,0,0,,0,0,0,0,
13,8.26,0,-25.15,28.5,0,0,0,-2.2,0,0,0,0,-12.5,0,0,0,0,-0.00229183,0,0,0,0,0,0,0,0,0,1,74,58,0,0.00034,0.00034,3,0,0,0,0,0,0,0,0,0,0,0,1,0,0,0,0,0,0,0,0,0,0,,0,0,0,0,
14,8.48,0,70.9,30,0,0,0,-11.8,0,0,0,0,24.5,0,0,0,0,-0.00229183,0,0,0,0,0,0,0,0,0,1,76,58,0,0.00034,0.00034,3,5,0,0,0,0,0,0,0,0,0,0,1,0,0,0,0,0,0,0,0,0,0,,0,0,0,0,
15,8.91,0,-32.7,26.5,0,0,0,-0.85,0,0,0,0,-10,0,0,0,0,-0.00229183,0,0,0,0,0,0,0,0,0,1,73,58,0,0.00034,0.00034,3,5,0,0,0,0,0,0,0,0,0,0,1,0,0,0,0,0,0,0,0,0,0,,0,0,0,0,
16,9.39,0,-29.3,23,0,0,0,-2.45,0,0,0,0,-14.5,0,0,0,0,-0.00229183,0,0,0,0,0,0,0,0,0,1,70,58,0,0.00034,0.00034,3,5,0,0,0,0,0,0,0,0,0,0,1,0,0,0,0,0,0,0,0,0,0,,0,0,0,0,
17,12.16,0,-12.55,26.5,0,0,0,12.9,0,0,0,0,-16,0,0,0,0,-0.00229183,0,0,0,0,0,0,0,0,0,1,74,58,0,0.00034,0.00034,3,5,0,0,0,0,0,0,0,0,0,0,1,0,0,0,0,0,0,0,0,0,0,,0,0,0,0,
18,13,0,-23.3,21,0,0,0,-1.8,0,0,0,0,-17.5,0,0,0,0,-0.00229183,0,0,0,0,0,0,0,0,0,1,68,58,0,0.00034,0.00034,3,5,0,0,0,0,0,0,0,0,0,0,1,0,0,0,0,0,0,0,0,0,0,,0,0,0,0,
END,Total:19
START,FrameNb:190,CameraNb:0,HeSaiNb:0,ARS410Nb:0
2026/08/02 16:24:00:230---->
heightOffset:0,1785659040230,1329796,selfCaliBufCnt:0,selfAccObjCnt:0,selfAccAngle:0,installHAngleOffset:0,Interpolation:0,installVAngleOffset:0,radarOffsetH:0,radarOffsetV:0.32,Polynom:-0.001023;-0.0511;-2.047;0;0;0;-0.001023;-0.0511;-2.047;-25.5;0;0,WheelDirection:0;0;0;0,selfAngleOffset:0,selfAngleOffsetPit:0,currCaliAngleHrz:0,currCaliAnglePit:0,selfCaliAngleHrz:0,selfCaliAnglePit:0,servCaliAngleHrz:0,servCaliAnglePit:0,offlineCaliAngleHrz:0,offlineCaliAnglePit:0,determine2useFlag:0,IMU_Z_Accel:-21.592,IMU_X_AngularRate:-2.093,IMU_Y_AngularRate:-2.093,IMU_RollAngle:-180,IMU_PitchAngle:-180,IMU_YawAngle:-180,FcwID:0,FCWWarningLevel:0,FCWTTC:0
0,2.32,0,30.1,29,0,0,0,8.2,1.37605e-33,0,0,0,-8.5,0,0,0,0,-0.00229183,0,0,0,0,0,0,0,0,0,1,78,53,0,0.00034,0.00034,3,5,0,0,0,0,0,0,0,0,0,0,1,0,1,0,0,0,0,0,0,0,0,,0,0,0,0,
1,2.8,0,-34.05,43,0,0,0,1.75,0,0,0,0,6,0,0,0,0,-0.00229183,0,0,0,0,0,0,0,0,0,1,92,53,0,0.00034,0.00034,3,0,0,0,0,0,0,0,0,0,0,0,1,0,1,0,0,0,0,0,0,0,0,,0,0,0,0,
2,3.25,0,13.55,38.5,0,0,0,2.55,0,0,0,0,-7,0,0,0,0,-0.00229183,0,0,0,0,0,0,0,0,0,1,87,53,0,0.00034,0.00034,3,0,0,0,0,0,0,0,0,0,0,0,1,0,1,0,0,0,0,0,0,0,0,,0,0,0,0,
3,3.62,0,45.45,31.5,0,0,0,-8.95,0,0,0,0,5,0,0,0,0,-0.00229183,0,0,0,0,0,0,0,0,0,1,80,53,0,0.00034,0.00034,3,5,0,0,0,0,0,0,0,0,0,0,1,0,1,0,0,0,0,0,0,0,0,,0,0,0,0,
4,4.03,0,2.2,41.5,0,0,0,0.65,0,0,0,0,-6.5,0,0,0,0,-0.00229183,0,0,0,0,0,0,0,0,0,1,89,53,0,0.00034,0.00034,3,5,0,0,0,0,0,0,0,0,0,0,1,0,1,0,0,0,0,0,0,0,0,,0,0,0,0,
5,5.17,0,-35.05,34,0,0,0,-3.45,0,0,0,0,-6,0,0,0,0,-0.00229183,0,0,0,0,0,0,0,0,0,1,79,53,0,0.00034,0.00034,3,5,0,0,0,0,0,0,0,0,0,0,1,0,1,0,0,0,0,0,0,0,0,,0,0,0,0,
6,5.17,0,-40.5,34,0,0,0,0.3,0,0,0,0,-3,0,0,0,0,-0.00229183,0,0,0,0,0,0,0,0,0,1,79,53,0,0.00034,0.00034,3,5,0,0,0,0,0,0,0,0,0,0,1,0,1,0,0,0,0,0,0,0,0,,0,0,0,0,
7,5.61,0,-34.7,36,0,0,0,-3.05,0,0,0,0,-4,0,0,0,0,-0.00229183,0,0,0,0,0,0,0,0,0,1,80,53,0,0.00034,0.00034,3,5,0,0,0,0,0,0,0,0,0,0,1,0,1,0,0,0,0,0,0,0,0,,0,0,0,0,
8,5.61,0,-24.1,36,0,0,0,-5.45,0,0,0,0,-9,0,0,0,0,-0.00229183,0,0,0,0,0,0,0,0,0,1,80,53,0,0.00034,0.00034,3,5,0,0,0,0,0,0,0,0,0,0,1,0,1,0,0,0,0,0,0,0,0,,0,0,0,0,
9,5.84,0,-40.95,30.5,0,0,0,0.15,0,0,0,0,-5.5,0,0,0,0,-0.00229183,0,0,0,0,0,0,0,0,0,1,75,53,0,0.00034,0.00034,3,5,0,0,0,0,0,0,0,0,0,0,1,0,1,0,0,0,0,0,0,0,0,,0,0,0,0,
10,6.62,0,-53.65,25,0,0,0,-3.05,0,0,0,0,1.5,0,0,0,0,-0.00229183,0,0,0,0,0,0,0,0,0,1,71,53,0,0.00034,0.00034,3,5,0,0,0,0,0,0,0,0,0,0,1,0,1,0,0,0,0,0,0,0,0,,0,0,0,0,
11,7.02,0,24.55,25,0,0,0,-10.55,0,0,0,0,-15.5,0,0,0,0,-0.00229183,0,0,0,0,0,0,0,0,0,1,71,53,0,0.00034,0.00034,3,5,0,0,0,0,0,0,0,0,0,0,1,0,1,0,0,0,0,0,0,0,0,,0,0,0,0,
12,7.66,0,40.7,39,0,0,0,-10.6,0,0,0,0,9.5,0,0,0,0,-0.00229183,0,0,0,0,0,0,0,0,0,1,85,53,0,0.00034,0.00034,3,5,0,0,0,0,0,0,0,0,0,0,1,0,1,0,0,0,0,0,0,0,0,,0,0,0,0,
13,8.26,0,-25,28.5,0,0,0,-2.45,0,0,0,0,-12.5,0,0,0,0,-0.00229183,0,0,0,0,0,0,0,0,0,1,74,53,0,0.00034,0.00034,3,0,0,0,0,0,0,0,0,0,0,0,1,0,1,0,0,0,0,0,0,0,0,,0,0,0,0,
14,8.49,0,44.95,30.5,0,0,0,5.95,0,0,0,0,4.5,0,0,0,0,-0.00229183,0,0,0,0,0,0,0,0,0,1,77,53,0,0.00034,0.00034,3,7,0,0,0,0,0,0,0,0,0,0,1,0,1,0,0,0,0,0,0,0,0,,0,0,0,0,
15,8.91,0,-32.8,26,0,0,0,-0.95,0,0,0,0,-10,0,0,0,0,-0.00229183,0,0,0,0,0,0,0,0,0,1,72,53,0,0.00034,0.00034,3,5,0,0,0,0,0,0,0,0,0,0,1,0,1,0,0,0,0,0,0,0,0,,0,0,0,0,
16,9.39,0,-29.35,23.5,0,0,0,-2.45,0,0,0,0,-14.5,0,0,0,0,-0.00229183,0,0,0,0,0,0,0,0,0,1,70,53,0,0.00034,0.00034,3,5,0,0,0,0,0,0,0,0,0,0,1,0,1,0,0,0,0,0,0,0,0,,0,0,0,0,
17,9.86,0,-28.3,20.5,0,0,0,-0.8,0,0,0,0,-18,0,0,0,0,-0.00229183,0,0,0,0,0,0,0,0,0,1,67,53,0,0.00034,0.00034,3,5,0,0,0,0,0,0,0,0,0,0,1,0,1,0,0,0,0,0,0,0,0,,0,0,0,0,
18,12.16,0,26.6,27,0,0,0,-6.25,0,0,0,0,-8,0,0,0,0,-0.00229183,0,0,0,0,0,0,0,0,0,1,74,53,0,0.00034,0.00034,2,-1,0,0,0,0,0,0,0,0,0,0,1,0,1,0,0,0,0,0,0,0,0,,0,0,0,0,
19,13,0,-23.3,21.5,0,0,0,-1.8,0,0,0,0,-17.5,0,0,0,0,-0.00229183,0,0,0,0,0,0,0,0,0,1,68,53,0,0.00034,0.00034,3,5,0,0,0,0,0,0,0,0,0,0,1,0,1,0,0,0,0,0,0,0,0,,0,0,0,0,
END,Total:20
START,FrameNb:191,CameraNb:0,HeSaiNb:0,ARS410Nb:0
2026/08/02 16:24:00:291---->
heightOffset:0,1785659040291,1329856,selfCaliBufCnt:0,selfAccObjCnt:0,selfAccAngle:0,installHAngleOffset:0,Interpolation:0,installVAngleOffset:0,radarOffsetH:0,radarOffsetV:0.32,Polynom:-0.001023;-0.0511;-2.047;0;0;0;-0.001023;-0.0511;-2.047;-25.5;0;0,WheelDirection:0;0;0;0,selfAngleOffset:0,selfAngleOffsetPit:0,currCaliAngleHrz:0,currCaliAnglePit:0,selfCaliAngleHrz:0,selfCaliAnglePit:0,servCaliAngleHrz:0,servCaliAnglePit:0,offlineCaliAngleHrz:0,offlineCaliAnglePit:0,determine2useFlag:0,IMU_Z_Accel:-21.592,IMU_X_AngularRate:-2.093,IMU_Y_AngularRate:-2.093,IMU_RollAngle:-180,IMU_PitchAngle:-180,IMU_YawAngle:-180,FcwID:0,FCWWarningLevel:0,FCWTTC:0
0,2.32,0,30.1,29,0,0,0,7.7,1.37605e-33,0,0,0,-8.5,0,0,0,0,-0.00229183,0,0,0,0,0,0,0,0,0,1,78,62,0,0.00034,0.00034,3,5,0,0,0,0,0,0,0,0,0,0,1,0,0,0,0,0,0,0,0,0,0,,0,0,0,0,
1,2.8,0,-34.05,43,0,0,0,1.75,0,0,0,0,6,0,0,0,0,-0.00229183,0,0,0,0,0,0,0,0,0,1,92,62,0,0.00034,0.00034,3,0,0,0,0,0,0,0,0,0,0,0,1,0,0,0,0,0,0,0,0,0,0,,0,0,0,0,
2,3.25,0,13.55,38.5,0,0,0,2.55,0,0,0,0,-7,0,0,0,0,-0.00229183,0,0,0,0,0,0,0,0,0,1,87,62,0,0.00034,0.00034,3,0,0,0,0,0,0,0,0,0,0,0,1,0,0,0,0,0,0,0,0,0,0,,0,0,0,0,
3,3.63,0,45.8,32,0,0,0,-10.25,0,0,0,0,5,0,0,0,0,-0.00229183,0,0,0,0,0,0,0,0,0,1,80,62,0,0.00034,0.00034,3,5,0,0,0,0,0,0,0,0,0,0,1,0,0,0,0,0,0,0,0,0,0,,0,0,0,0,
4,4.03,0,2.2,41.5,0,0,0,0.55,0,0,0,0,-6,0,0,0,0,-0.00229183,0,0,0,0,0,0,0,0,0,1,89,62,0,0.00034,0.00034,3,5,0,0,0,0,0,0,0,0,0,0,1,0,0,0,0,0,0,0,0,0,0,,0,0,0,0,
5,5.16,0,-35.1,34,0,0,0,-3.45,0,0,0,0,-6,0,0,0,0,-0.00229183,0,0,0,0,0,0,0,0,0,1,79,62,0,0.00034,0.00034,3,5,0,0,0,0,0,0,0,0,0,0,1,0,0,0,0,0,0,0,0,0,0,,0,0,0,0,
6,5.16,0,-40.6,34,0,0,0,0.4,0,0,0,0,-3,0,0,0,0,-0.00229183,0,0,0,0,0,0,0,0,0,1,79,62,0,0.00034,0.00034,3,5,0,0,0,0,0,0,0,0,0,0,1,0,0,0,0,0,0,0,0,0,0,,0,0,0,0,
7,5.61,0,-34.8,36,0,0,0,-2.7,0,0,0,0,-4,0,0,0,0,-0.00229183,0,0,0,0,0,0,0,0,0,1,80,62,0,0.00034,0.00034,3,5,0,0,0,0,0,0,0,0,0,0,1,0,0,0,0,0,0,0,0,0,0,,0,0,0,0,
8,5.61,0,-24.1,36,0,0,0,-5.1,0,0,0,0,-9,0,0,0,0,-0.00229183,0,0,0,0,0,0,0,0,0,1,80,62,0,0.00034,0.00034,3,5,0,0,0,0,0,0,0,0,0,0,1,0,0,0,0,0,0,0,0,0,0,,0,0,0,0,
9,5.84,0,-40.65,30.5,0,0,0,-0.05,0,0,0,0,-6,0,0,0,0,-0.00229183,0,0,0,0,0,0,0,0,0,1,75,62,0,0.00034,0.00034,3,5,0,0,0,0,0,0,0,0,0,0,1,0,0,0,0,0,0,0,0,0,0,,0,0,0,0,
10,6.63,0,5.05,25,0,0,0,-13.1,0,0,0,0,-23,0,0,0,0,-0.00229183,0,0,0,0,0,0,0,0,0,1,71,62,0,0.00034,0.00034,3,5,0,0,0,0,0,0,0,0,0,0,1,0,0,0,0,0,0,0,0,0,0,,0,0,0,0,
11,7.02,0,24.65,25,0,0,0,-10.45,0,0,0,0,-15.5,0,0,0,0,-0.00229183,0,0,0,0,0,0,0,0,0,1,71,62,0,0.00034,0.00034,3,5,0,0,0,0,0,0,0,0,0,0,1,0,0,0,0,0,0,0,0,0,0,,0,0,0,0,
12,7.64,0,35.15,39.5,0,0,0,5.7,0,0,0,0,6,0,0,0,0,-0.00229183,0,0,0,0,0,0,0,0,0,1,85,62,0,0.00034,0.00034,3,5,0,0,0,0,0,0,0,0,0,0,1,0,0,0,0,0,0,0,0,0,0,,0,0,0,0,
13,8.26,0,-25.2,28.5,0,0,0,-2.55,0,0,0,0,-12.5,0,0,0,0,-0.00229183,0,0,0,0,0,0,0,0,0,1,74,62,0,0.00034,0.00034,3,0,0,0,0,0,0,0,0,0,0,0,1,0,0,0,0,0,0,0,0,0,0,,0,0,0,0,
14,8.48,0,45.1,30,0,0,0,5.95,0,0,0,0,5.5,0,0,0,0,-0.00229183,0,0,0,0,0,0,0,0,0,1,76,62,0,0.00034,0.00034,3,7,0,0,0,0,0,0,0,0,0,0,1,0,0,0,0,0,0,0,0,0,0,,0,0,0,0,
15,8.91,0,-32.8,26,0,0,0,-0.85,0,0,0,0,-10,0,0,0,0,-0.00229183,0,0,0,0,0,0,0,0,0,1,73,62,0,0.00034,0.00034,3,5,0,0,0,0,0,0,0,0,0,0,1,0,0,0,0,0,0,0,0,0,0,,0,0,0,0,
16,9.39,0,-29.3,23.5,0,0,0,-2.45,0,0,0,0,-14.5,0,0,0,0,-0.00229183,0,0,0,0,0,0,0,0,0,1,70,62,0,0.00034,0.00034,3,5,0,0,0,0,0,0,0,0,0,0,1,0,0,0,0,0,0,0,0,0,0,,0,0,0,0,
17,12.16,0,-12.6,26.5,0,0,0,12.65,0,0,0,0,-16,0,0,0,0,-0.00229183,0,0,0,0,0,0,0,0,0,1,74,62,0,0.00034,0.00034,3,5,0,0,0,0,0,0,0,0,0,0,1,0,0,0,0,0,0,0,0,0,0,,0,0,0,0,
18,13.01,0,-23.2,21.5,0,0,0,-1.85,0,0,0,0,-17.5,0,0,0,0,-0.00229183,0,0,0,0,0,0,0,0,0,1,68,62,0,0.00034,0.00034,3,5,0,0,0,0,0,0,0,0,0,0,1,0,0,0,0,0,0,0,0,0,0,,0,0,0,0,
END,Total:19
START,FrameNb:192,CameraNb:0,HeSaiNb:0,ARS410Nb:0
2026/08/02 16:24:00:325---->
heightOffset:0,1785659040325,1329916,selfCaliBufCnt:0,selfAccObjCnt:0,selfAccAngle:0,installHAngleOffset:0,Interpolation:0,installVAngleOffset:0,radarOffsetH:0,radarOffsetV:0.32,Polynom:-0.001023;-0.0511;-2.047;0;0;0;-0.001023;-0.0511;-2.047;-25.5;0;0,WheelDirection:0;0;0;0,selfAngleOffset:0,selfAngleOffsetPit:0,currCaliAngleHrz:0,currCaliAnglePit:0,selfCaliAngleHrz:0,selfCaliAnglePit:0,servCaliAngleHrz:0,servCaliAnglePit:0,offlineCaliAngleHrz:0,offlineCaliAnglePit:0,determine2useFlag:0,IMU_Z_Accel:-21.592,IMU_X_AngularRate:-2.093,IMU_Y_AngularRate:-2.093,IMU_RollAngle:-180,IMU_PitchAngle:-180,IMU_YawAngle:-180,FcwID:0,FCWWarningLevel:0,FCWTTC:0
0,2.32,0,30.05,29,0,0,0,8.2,1.37605e-33,0,0,0,-8.5,0,0,0,0,-0.00229183,0,0,0,0,0,0,0,0,0,1,78,58,0,0.00034,0.00034,3,5,0,0,0,0,0,0,0,0,0,0,1,0,1,0,0,0,0,0,0,0,0,,0,0,0,0,
1,2.8,0,-34.05,43,0,0,0,1.75,0,0,0,0,6,0,0,0,0,-0.00229183,0,0,0,0,0,0,0,0,0,1,92,58,0,0.00034,0.00034,3,0,0,0,0,0,0,0,0,0,0,0,1,0,1,0,0,0,0,0,0,0,0,,0,0,0,0,
2,3.25,0,13.55,38.5,0,0,0,2.55,0,0,0,0,-7,0,0,0,0,-0.00229183,0,0,0,0,0,0,0,0,0,1,87,58,0,0.00034,0.00034,3,0,0,0,0,0,0,0,0,0,0,0,1,0,1,0,0,0,0,0,0,0,0,,0,0,0,0,
3,3.61,0,45.7,31.5,0,0,0,-9.2,0,0,0,0,5,0,0,0,0,-0.00229183,0,0,0,0,0,0,0,0,0,1,80,58,0,0.00034,0.00034,3,5,0,0,0,0,0,0,0,0,0,0,1,0,1,0,0,0,0,0,0,0,0,,0,0,0,0,
4,4.03,0,2.2,41.5,0,0,0,0.65,0,0,0,0,-6.5,0,0,0,0,-0.00229183,0,0,0,0,0,0,0,0,0,1,89,58,0,0.00034,0.00034,3,5,0,0,0,0,0,0,0,0,0,0,1,0,1,0,0,0,0,0,0,0,0,,0,0,0,0,
5,5.17,0,-35.05,34,0,0,0,-3.35,0,0,0,0,-6,0,0,0,0,-0.00229183,0,0,0,0,0,0,0,0,0,1,79,58,0,0.00034,0.00034,3,5,0,0,0,0,0,0,0,0,0,0,1,0,1,0,0,0,0,0,0,0,0,,0,0,0,0,
6,5.17,0,-40.55,34,0,0,0,0.45,0,0,0,0,-3,0,0,0,0,-0.00229183,0,0,0,0,0,0,0,0,0,1,79,58,0,0.00034,0.00034,3,5,0,0,0,0,0,0,0,0,0,0,1,0,1,0,0,0,0,0,0,0,0,,0,0,0,0,
7,5.62,0,-34.7,36,0,0,0,-3.05,0,0,0,0,-4,0,0,0,0,-0.00229183,0,0,0,0,0,0,0,0,0,1,80,58,0,0.00034,0.00034,3,5,0,0,0,0,0,0,0,0,0,0,1,0,1,0,0,0,0,0,0,0,0,,0,0,0,0,
8,5.62,0,-24.15,36,0,0,0,-5.55,0,0,0,0,-9,0,0,0,0,-0.00229183,0,0,0,0,0,0,0,0,0,1,80,58,0,0.00034,0.00034,3,5,0,0,0,0,0,0,0,0,0,0,1,0,1,0,0,0,0,0,0,0,0,,0,0,0,0,
9,5.84,0,-40.8,30.5,0,0,0,0.15,0,0,0,0,-6,0,0,0,0,-0.00229183,0,0,0,0,0,0,0,0,0,1,75,58,0,0.00034,0.00034,3,5,0,0,0,0,0,0,0,0,0,0,1,0,1,0,0,0,0,0,0,0,0,,0,0,0,0,
10,6.63,0,-53.8,25,0,0,0,-2.85,0,0,0,0,1,0,0,0,0,-0.00229183,0,0,0,0,0,0,0,0,0,1,70,58,0,0.00034,0.00034,3,5,0,0,0,0,0,0,0,0,0,0,1,0,1,0,0,0,0,0,0,0,0,,0,0,0,0,
11,7.02,0,-33.3,25,0,0,0,7.75,0,0,0,0,-13.5,0,0,0,0,-0.00229183,0,0,0,0,0,0,0,0,0,1,70,58,0,0.00034,0.00034,3,5,0,0,0,0,0,0,0,0,0,0,1,0,1,0,0,0,0,0,0,0,0,,0,0,0,0,
12,7.64,0,35.1,39.5,0,0,0,5.65,0,0,0,0,5.5,0,0,0,0,-0.00229183,0,0,0,0,0,0,0,0,0,1,85,58,0,0.00034,0.00034,3,5,0,0,0,0,0,0,0,0,0,0,1,0,1,0,0,0,0,0,0,0,0,,0,0,0,0,
13,8.48,0,69.15,30,0,0,0,-11.6,0,0,0,0,22.5,0,0,0,0,-0.00229183,0,0,0,0,0,0,0,0,0,1,76,58,0,0.00034,0.00034,2,-1,0,0,0,0,0,0,0,0,0,0,1,0,1,0,0,0,0,0,0,0,0,,0,0,0,0,
14,8.9,0,-32.7,26,0,0,0,-1,0,0,0,0,-10,0,0,0,0,-0.00229183,0,0,0,0,0,0,0,0,0,1,72,58,0,0.00034,0.00034,3,7,0,0,0,0,0,0,0,0,0,0,1,0,1,0,0,0,0,0,0,0,0,,0,0,0,0,
15,9.39,0,-29.35,23.5,0,0,0,-2.55,0,0,0,0,-14.5,0,0,0,0,-0.00229183,0,0,0,0,0,0,0,0,0,1,70,58,0,0.00034,0.00034,3,5,0,0,0,0,0,0,0,0,0,0,1,0,1,0,0,0,0,0,0,0,0,,0,0,0,0,
16,9.87,0,-28.4,20.5,0,0,0,-0.7,0,0,0,0,-18,0,0,0,0,-0.00229183,0,0,0,0,0,0,0,0,0,1,67,58,0,0.00034,0.00034,3,5,0,0,0,0,0,0,0,0,0,0,1,0,1,0,0,0,0,0,0,0,0,,0,0,0,0,
17,12.16,0,-12.55,27,0,0,0,13.05,0,0,0,0,-16,0,0,0,0,-0.00229183,0,0,0,0,0,0,0,0,0,1,74,58,0,0.00034,0.00034,3,5,0,0,0,0,0,0,0,0,0,0,1,0,1,0,0,0,0,0,0,0,0,,0,0,0,0,
18,13.01,0,-23.15,21,0,0,0,-1.8,0,0,0,0,-18,0,0,0,0,-0.00229183,0,0,0,0,0,0,0,0,0,1,67,58,0,0.00034,0.00034,3,5,0,0,0,0,0,0,0,0,0,0,1,0,1,0,0,0,0,0,0,0,0,,0,0,0,0,
END,Total:19
START,FrameNb:193,CameraNb:0,HeSaiNb:0,ARS410Nb:0
2026/08/02 16:24:00:387---->
heightOffset:0,1785659040387,1329972,selfCaliBufCnt:0,selfAccObjCnt:0,selfAccAngle:0,installHAngleOffset:0,Interpolation:0,installVAngleOffset:0,radarOffsetH:0,radarOffsetV:0.32,Polynom:-0.001023;-0.0511;-2.047;0;0;0;-0.001023;-0.0511;-2.047;-25.5;0;0,WheelDirection:0;0;0;0,selfAngleOffset:0,selfAngleOffsetPit:0,currCaliAngleHrz:0,currCaliAnglePit:0,selfCaliAngleHrz:0,selfCaliAnglePit:0,servCaliAngleHrz:0,servCaliAnglePit:0,offlineCaliAngleHrz:0,offlineCaliAnglePit:0,determine2useFlag:0,IMU_Z_Accel:-21.592,IMU_X_AngularRate:-2.093,IMU_Y_AngularRate:-2.093,IMU_RollAngle:-180,IMU_PitchAngle:-180,IMU_YawAngle:-180,FcwID:0,FCWWarningLevel:0,FCWTTC:0
0,2.32,0,30.1,29,0,0,0,7.65,1.37605e-33,0,0,0,-8.5,0,0,0,0,-0.00229183,0,0,0,0,0,0,0,0,0,1,78,60,0,0.00034,0.00034,3,5,0,0,0,0,0,0,0,0,0,0,1,0,0,0,0,0,0,0,0,0,0,,0,0,0,0,
1,2.8,0,-34.05,43,0,0,0,1.75,0,0,0,0,6,0,0,0,0,-0.00229183,0,0,0,0,0,0,0,0,0,1,92,60,0,0.00034,0.00034,3,0,0,0,0,0,0,0,0,0,0,0,1,0,0,0,0,0,0,0,0,0,0,,0,0,0,0,
2,3.25,0,13.55,38.5,0,0,0,2.55,0,0,0,0,-7,0,0,0,0,-0.00229183,0,0,0,0,0,0,0,0,0,1,87,60,0,0.00034,0.00034,3,0,0,0,0,0,0,0,0,0,0,0,1,0,0,0,0,0,0,0,0,0,0,,0,0,0,0,
3,3.59,0,45.65,31.5,0,0,0,-9.55,0,0,0,0,5,0,0,0,0,-0.00229183,0,0,0,0,0,0,0,0,0,1,80,60,0,0.00034,0.00034,3,5,0,0,0,0,0,0,0,0,0,0,1,0,0,0,0,0,0,0,0,0,0,,0,0,0,0,
4,4.03,0,2.2,41.5,0,0,0,0.65,0,0,0,0,-6,0,0,0,0,-0.00229183,0,0,0,0,0,0,0,0,0,1,89,60,0,0.00034,0.00034,3,5,0,0,0,0,0,0,0,0,0,0,1,0,0,0,0,0,0,0,0,0,0,,0,0,0,0,
5,5.16,0,-35.05,34,0,0,0,-3.35,0,0,0,0,-6,0,0,0,0,-0.00229183,0,0,0,0,0,0,0,0,0,1,79,60,0,0.00034,0.00034,3,5,0,0,0,0,0,0,0,0,0,0,1,0,0,0,0,0,0,0,0,0,0,,0,0,0,0,
6,5.16,0,-40.55,34,0,0,0,0.25,0,0,0,0,-3,0,0,0,0,-0.00229183,0,0,0,0,0,0,0,0,0,1,79,60,0,0.00034,0.00034,3,5,0,0,0,0,0,0,0,0,0,0,1,0,0,0,0,0,0,0,0,0,0,,0,0,0,0,
7,5.61,0,-34.7,35.5,0,0,0,-3.1,0,0,0,0,-4,0,0,0,0,-0.00229183,0,0,0,0,0,0,0,0,0,1,80,60,0,0.00034,0.00034,3,5,0,0,0,0,0,0,0,0,0,0,1,0,0,0,0,0,0,0,0,0,0,,0,0,0,0,
8,5.61,0,-24.15,35.5,0,0,0,-5.55,0,0,0,0,-9,0,0,0,0,-0.00229183,0,0,0,0,0,0,0,0,0,1,80,60,0,0.00034,0.00034,3,5,0,0,0,0,0,0,0,0,0,0,1,0,0,0,0,0,0,0,0,0,0,,0,0,0,0,
9,5.84,0,-40.65,30.5,0,0,0,0.05,0,0,0,0,-5.5,0,0,0,0,-0.00229183,0,0,0,0,0,0,0,0,0,1,75,60,0,0.00034,0.00034,3,5,0,0,0,0,0,0,0,0,0,0,1,0,0,0,0,0,0,0,0,0,0,,0,0,0,0,
10,6.62,0,5.05,24.5,0,0,0,-13.45,0,0,0,0,-23,0,0,0,0,-0.00229183,0,0,0,0,0,0,0,0,0,1,70,60,0,0.00034,0.00034,2,-1,0,0,0,0,0,0,0,0,0,0,1,0,0,0,0,0,0,0,0,0,0,,0,0,0,0,
11,7.03,0,24.4,24.5,0,0,0,-10.35,0,0,0,0,-15.5,0,0,0,0,-0.00229183,0,0,0,0,0,0,0,0,0,1,70,60,0,0.00034,0.00034,3,5,0,0,0,0,0,0,0,0,0,0,1,0,0,0,0,0,0,0,0,0,0,,0,0,0,0,
12,7.65,0,35,39,0,0,0,5.45,0,0,0,0,5.5,0,0,0,0,-0.00229183,0,0,0,0,0,0,0,0,0,1,85,60,0,0.00034,0.00034,3,5,0,0,0,0,0,0,0,0,0,0,1,0,0,0,0,0,0,0,0,0,0,,0,0,0,0,
13,8.25,0,-25.2,28.5,0,0,0,-2.25,0,0,0,0,-12.5,0,0,0,0,-0.00229183,0,0,0,0,0,0,0,0,0,1,75,60,0,0.00034,0.00034,3,0,0,0,0,0,0,0,0,0,0,0,1,0,0,0,0,0,0,0,0,0,0,,0,0,0,0,
14,8.64,0,69.1,30,0,0,0,-11.6,0,0,0,0,22.5,0,0,0,0,-0.00229183,0,0,0,0,0,0,0,0,0,1,76,60,0,0.00034,0.00034,3,7,0,0,0,0,0,0,0,0,0,0,1,0,0,0,0,0,0,0,0,0,0,,0,0,0,0,
15,8.91,0,-32.8,26.5,0,0,0,-0.7,0,0,0,0,-10,0,0,0,0,-0.00229183,0,0,0,0,0,0,0,0,0,1,73,60,0,0.00034,0.00034,3,5,0,0,0,0,0,0,0,0,0,0,1,0,0,0,0,0,0,0,0,0,0,,0,0,0,0,
16,9.39,0,-29.2,23.5,0,0,0,-2.75,0,0,0,0,-14.5,0,0,0,0,-0.00229183,0,0,0,0,0,0,0,0,0,1,70,60,0,0.00034,0.00034,3,5,0,0,0,0,0,0,0,0,0,0,1,0,0,0,0,0,0,0,0,0,0,,0,0,0,0,
17,9.85,0,-28.45,21,0,0,0,-0.8,0,0,0,0,-17.5,0,0,0,0,-0.00229183,0,0,0,0,0,0,0,0,0,1,67,60,0,0.00034,0.00034,3,5,0,0,0,0,0,0,0,0,0,0,1,0,0,0,0,0,0,0,0,0,0,,0,0,0,0,
18,12.16,0,-12.6,27,0,0,0,12.7,0,0,0,0,-16,0,0,0,0,-0.00229183,0,0,0,0,0,0,0,0,0,1,74,60,0,0.00034,0.00034,3,5,0,0,0,0,0,0,0,0,0,0,1,0,0,0,0,0,0,0,0,0,0,,0,0,0,0,
19,13.01,0,-23.05,21.5,0,0,0,-1.85,0,0,0,0,-17.5,0,0,0,0,-0.00229183,0,0,0,0,0,0,0,0,0,1,68,60,0,0.00034,0.00034,3,5,0,0,0,0,0,0,0,0,0,0,1,0,0,0,0,0,0,0,0,0,0,,0,0,0,0,
END,Total:20
START,FrameNb:194,CameraNb:0,HeSaiNb:0,ARS410Nb:0
2026/08/02 16:24:00:442---->
heightOffset:0,1785659040442,1330032,selfCaliBufCnt:0,selfAccObjCnt:0,selfAccAngle:0,installHAngleOffset:0,Interpolation:0,installVAngleOffset:0,radarOffsetH:0,radarOffsetV:0.32,Polynom:-0.001023;-0.0511;-2.047;0;0;0;-0.001023;-0.0511;-2.047;-25.5;0;0,WheelDirection:0;0;0;0,selfAngleOffset:0,selfAngleOffsetPit:0,currCaliAngleHrz:0,currCaliAnglePit:0,selfCaliAngleHrz:0,selfCaliAnglePit:0,servCaliAngleHrz:0,servCaliAnglePit:0,offlineCaliAngleHrz:0,offlineCaliAnglePit:0,determine2useFlag:0,IMU_Z_Accel:-21.592,IMU_X_AngularRate:-2.093,IMU_Y_AngularRate:-2.093,IMU_RollAngle:-180,IMU_PitchAngle:-180,IMU_YawAngle:-180,FcwID:0,FCWWarningLevel:0,FCWTTC:0
0,2.32,0,30.1,29,0,0,0,8.25,1.37605e-33,0,0,0,-8.5,0,0,0,0,-0.00229183,0,0,0,0,0,0,0,0,0,1,78,55,0,0.00034,0.00034,3,5,0,0,0,0,0,0,0,0,0,0,1,0,1,0,0,0,0,0,0,0,0,,0,0,0,0,
1,2.8,0,-34.05,43,0,0,0,1.75,0,0,0,0,6,0,0,0,0,-0.00229183,0,0,0,0,0,0,0,0,0,1,92,55,0,0.00034,0.00034,3,0,0,0,0,0,0,0,0,0,0,0,1,0,1,0,0,0,0,0,0,0,0,,0,0,0,0,
2,3.25,0,13.55,38.5,0,0,0,2.55,0,0,0,0,-7,0,0,0,0,-0.00229183,0,0,0,0,0,0,0,0,0,1,87,55,0,0.00034,0.00034,3,0,0,0,0,0,0,0,0,0,0,0,1,0,1,0,0,0,0,0,0,0,0,,0,0,0,0,
3,3.62,0,45.6,31.5,0,0,0,-9.05,0,0,0,0,5,0,0,0,0,-0.00229183,0,0,0,0,0,0,0,0,0,1,80,55,0,0.00034,0.00034,3,5,0,0,0,0,0,0,0,0,0,0,1,0,1,0,0,0,0,0,0,0,0,,0,0,0,0,
4,4.03,0,2.2,41.5,0,0,0,0.65,0,0,0,0,-6.5,0,0,0,0,-0.00229183,0,0,0,0,0,0,0,0,0,1,89,55,0,0.00034,0.00034,3,5,0,0,0,0,0,0,0,0,0,0,1,0,1,0,0,0,0,0,0,0,0,,0,0,0,0,
5,5.17,0,-35.05,34,0,0,0,-3.35,0,0,0,0,-6,0,0,0,0,-0.00229183,0,0,0,0,0,0,0,0,0,1,79,55,0,0.00034,0.00034,3,5,0,0,0,0,0,0,0,0,0,0,1,0,1,0,0,0,0,0,0,0,0,,0,0,0,0,
6,5.17,0,-40.55,34,0,0,0,0.3,0,0,0,0,-3,0,0,0,0,-0.00229183,0,0,0,0,0,0,0,0,0,1,79,55,0,0.00034,0.00034,3,5,0,0,0,0,0,0,0,0,0,0,1,0,1,0,0,0,0,0,0,0,0,,0,0,0,0,
7,5.62,0,-34.6,36,0,0,0,-3.1,0,0,0,0,-4,0,0,0,0,-0.00229183,0,0,0,0,0,0,0,0,0,1,80,55,0,0.00034,0.00034,3,5,0,0,0,0,0,0,0,0,0,0,1,0,1,0,0,0,0,0,0,0,0,,0,0,0,0,
8,5.62,0,-24.1,36,0,0,0,-5.55,0,0,0,0,-9,0,0,0,0,-0.00229183,0,0,0,0,0,0,0,0,0,1,80,55,0,0.00034,0.00034,3,5,0,0,0,0,0,0,0,0,0,0,1,0,1,0,0,0,0,0,0,0,0,,0,0,0,0,
9,5.84,0,-40.95,30.5,0,0,0,0.3,0,0,0,0,-5.5,0,0,0,0,-0.00229183,0,0,0,0,0,0,0,0,0,1,76,55,0,0.00034,0.00034,3,5,0,0,0,0,0,0,0,0,0,0,1,0,1,0,0,0,0,0,0,0,0,,0,0,0,0,
10,6.63,0,-53.8,24.5,0,0,0,-3.8,0,0,0,0,0.5,0,0,0,0,-0.00229183,0,0,0,0,0,0,0,0,0,1,70,55,0,0.00034,0.00034,3,5,0,0,0,0,0,0,0,0,0,0,1,0,1,0,0,0,0,0,0,0,0,,0,0,0,0,
11,7.02,0,-33.45,24.5,0,0,0,7.55,0,0,0,0,-14,0,0,0,0,-0.00229183,0,0,0,0,0,0,0,0,0,1,70,55,0,0.00034,0.00034,3,5,0,0,0,0,0,0,0,0,0,0,1,0,1,0,0,0,0,0,0,0,0,,0,0,0,0,
12,7.65,0,34.95,39,0,0,0,5.65,0,0,0,0,4.5,0,0,0,0,-0.00229183,0,0,0,0,0,0,0,0,0,1,85,55,0,0.00034,0.00034,3,5,0,0,0,0,0,0,0,0,0,0,1,0,1,0,0,0,0,0,0,0,0,,0,0,0,0,
13,8.26,0,-25.1,28,0,0,0,-2.1,0,0,0,0,-13,0,0,0,0,-0.00229183,0,0,0,0,0,0,0,0,0,1,74,55,0,0.00034,0.00034,3,0,0,0,0,0,0,0,0,0,0,0,1,0,1,0,0,0,0,0,0,0,0,,0,0,0,0,
14,8.48,0,69.1,30,0,0,0,-11.55,0,0,0,0,22.5,0,0,0,0,-0.00229183,0,0,0,0,0,0,0,0,0,1,76,55,0,0.00034,0.00034,3,7,0,0,0,0,0,0,0,0,0,0,1,0,1,0,0,0,0,0,0,0,0,,0,0,0,0,
15,8.9,0,-32.8,26,0,0,0,-0.85,0,0,0,0,-10,0,0,0,0,-0.00229183,0,0,0,0,0,0,0,0,0,1,72,55,0,0.00034,0.00034,3,5,0,0,0,0,0,0,0,0,0,0,1,0,1,0,0,0,0,0,0,0,0,,0,0,0,0,
16,9.39,0,-29.3,23.5,0,0,0,-2.45,0,0,0,0,-14,0,0,0,0,-0.00229183,0,0,0,0,0,0,0,0,0,1,70,55,0,0.00034,0.00034,3,5,0,0,0,0,0,0,0,0,0,0,1,0,1,0,0,0,0,0,0,0,0,,0,0,0,0,
17,9.86,0,-28.35,20.5,0,0,0,-0.7,0,0,0,0,-18,0,0,0,0,-0.00229183,0,0,0,0,0,0,0,0,0,1,67,55,0,0.00034,0.00034,3,5,0,0,0,0,0,0,0,0,0,0,1,0,1,0,0,0,0,0,0,0,0,,0,0,0,0,
18,12.16,0,-12.6,27,0,0,0,12.8,0,0,0,0,-16,0,0,0,0,-0.00229183,0,0,0,0,0,0,0,0,0,1,74,55,0,0.00034,0.00034,3,5,0,0,0,0,0,0,0,0,0,0,1,0,1,0,0,0,0,0,0,0,0,,0,0,0,0,
19,13.02,0,-23,21.5,0,0,0,-1.95,0,0,0,0,-17.5,0,0,0,0,-0.00229183,0,0,0,0,0,0,0,0,0,1,68,55,0,0.00034,0.00034,3,5,0,0,0,0,0,0,0,0,0,0,1,0,1,0,0,0,0,0,0,0,0,,0,0,0,0,
END,Total:20
START,FrameNb:195,CameraNb:0,HeSaiNb:0,ARS410Nb:0
2026/08/02 16:24:00:544---->
heightOffset:0,1785659040544,1330084,selfCaliBufCnt:0,selfAccObjCnt:0,selfAccAngle:0,installHAngleOffset:0,Interpolation:0,installVAngleOffset:0,radarOffsetH:0,radarOffsetV:0.32,Polynom:-0.001023;-0.0511;-2.047;0;0;0;-0.001023;-0.0511;-2.047;-25.5;0;0,WheelDirection:0;0;0;0,selfAngleOffset:0,selfAngleOffsetPit:0,currCaliAngleHrz:0,currCaliAnglePit:0,selfCaliAngleHrz:0,selfCaliAnglePit:0,servCaliAngleHrz:0,servCaliAnglePit:0,offlineCaliAngleHrz:0,offlineCaliAnglePit:0,determine2useFlag:0,IMU_Z_Accel:-21.592,IMU_X_AngularRate:-2.093,IMU_Y_AngularRate:-2.093,IMU_RollAngle:-180,IMU_PitchAngle:-180,IMU_YawAngle:-180,FcwID:0,FCWWarningLevel:0,FCWTTC:0
0,2.32,0,30.1,29,0,0,0,7.75,1.37605e-33,0,0,0,-8.5,0,0,0,0,-0.00229183,0,0,0,0,0,0,0,0,0,1,78,58,0,0.00034,0.00034,3,5,0,0,0,0,0,0,0,0,0,0,1,0,0,0,0,0,0,0,0,0,0,,0,0,0,0,
1,2.8,0,-34.05,43.5,0,0,0,1.75,0,0,0,0,6,0,0,0,0,-0.00229183,0,0,0,0,0,0,0,0,0,1,92,58,0,0.00034,0.00034,3,0,0,0,0,0,0,0,0,0,0,0,1,0,0,0,0,0,0,0,0,0,0,,0,0,0,0,
2,3.25,0,13.55,38.5,0,0,0,2.55,0,0,0,0,-7,0,0,0,0,-0.00229183,0,0,0,0,0,0,0,0,0,1,87,58,0,0.00034,0.00034,3,0,0,0,0,0,0,0,0,0,0,0,1,0,0,0,0,0,0,0,0,0,0,,0,0,0,0,
3,3.59,0,46.1,32,0,0,0,-10.1,0,0,0,0,5,0,0,0,0,-0.00229183,0,0,0,0,0,0,0,0,0,1,80,58,0,0.00034,0.00034,3,5,0,0,0,0,0,0,0,0,0,0,1,0,0,0,0,0,0,0,0,0,0,,0,0,0,0,
4,4.03,0,2.2,41.5,0,0,0,0.55,0,0,0,0,-6,0,0,0,0,-0.00229183,0,0,0,0,0,0,0,0,0,1,89,58,0,0.00034,0.00034,3,5,0,0,0,0,0,0,0,0,0,0,1,0,0,0,0,0,0,0,0,0,0,,0,0,0,0,
5,5.16,0,-35.1,34,0,0,0,-3.45,0,0,0,0,-6,0,0,0,0,-0.00229183,0,0,0,0,0,0,0,0,0,1,79,58,0,0.00034,0.00034,3,5,0,0,0,0,0,0,0,0,0,0,1,0,0,0,0,0,0,0,0,0,0,,0,0,0,0,
6,5.16,0,-40.6,34,0,0,0,0.4,0,0,0,0,-3,0,0,0,0,-0.00229183,0,0,0,0,0,0,0,0,0,1,79,58,0,0.00034,0.00034,3,5,0,0,0,0,0,0,0,0,0,0,1,0,0,0,0,0,0,0,0,0,0,,0,0,0,0,
7,5.62,0,-34.8,35.5,0,0,0,-2.6,0,0,0,0,-4,0,0,0,0,-0.00229183,0,0,0,0,0,0,0,0,0,1,80,58,0,0.00034,0.00034,3,5,0,0,0,0,0,0,0,0,0,0,1,0,0,0,0,0,0,0,0,0,0,,0,0,0,0,
8,5.62,0,-24.1,35.5,0,0,0,-5.25,0,0,0,0,-9,0,0,0,0,-0.00229183,0,0,0,0,0,0,0,0,0,1,80,58,0,0.00034,0.00034,3,5,0,0,0,0,0,0,0,0,0,0,1,0,0,0,0,0,0,0,0,0,0,,0,0,0,0,
9,5.84,0,-40.65,30.5,0,0,0,-0.1,0,0,0,0,-5.5,0,0,0,0,-0.00229183,0,0,0,0,0,0,0,0,0,1,76,58,0,0.00034,0.00034,3,5,0,0,0,0,0,0,0,0,0,0,1,0,0,0,0,0,0,0,0,0,0,,0,0,0,0,
10,6.62,0,-53.8,25,0,0,0,-4.25,0,0,0,0,1,0,0,0,0,-0.00229183,0,0,0,0,0,0,0,0,0,1,70,58,0,0.00034,0.00034,3,5,0,0,0,0,0,0,0,0,0,0,1,0,0,0,0,0,0,0,0,0,0,,0,0,0,0,
11,7.03,0,24.35,25,0,0,0,-13,0,0,0,0,-15.5,0,0,0,0,-0.00229183,0,0,0,0,0,0,0,0,0,1,70,58,0,0.00034,0.00034,3,5,0,0,0,0,0,0,0,0,0,0,1,0,0,0,0,0,0,0,0,0,0,,0,0,0,0,
12,7.65,0,34.95,39,0,0,0,5.8,0,0,0,0,4.5,0,0,0,0,-0.00229183,0,0,0,0,0,0,0,0,0,1,85,58,0,0.00034,0.00034,3,5,0,0,0,0,0,0,0,0,0,0,1,0,0,0,0,0,0,0,0,0,0,,0,0,0,0,
13,8.25,0,-25.2,28.5,0,0,0,-2.3,0,0,0,0,-12.5,0,0,0,0,-0.00229183,0,0,0,0,0,0,0,0,0,1,75,58,0,0.00034,0.00034,3,0,0,0,0,0,0,0,0,0,0,0,1,0,0,0,0,0,0,0,0,0,0,,0,0,0,0,
14,8.65,0,69.1,29.5,0,0,0,-11.55,0,0,0,0,22.5,0,0,0,0,-0.00229183,0,0,0,0,0,0,0,0,0,1,76,58,0,0.00034,0.00034,3,7,0,0,0,0,0,0,0,0,0,0,1,0,0,0,0,0,0,0,0,0,0,,0,0,0,0,
15,8.91,0,-32.7,26.5,0,0,0,-1.1,0,0,0,0,-10,0,0,0,0,-0.00229183,0,0,0,0,0,0,0,0,0,1,73,58,0,0.00034,0.00034,3,5,0,0,0,0,0,0,0,0,0,0,1,0,0,0,0,0,0,0,0,0,0,,0,0,0,0,
16,9.38,0,-29.2,23.5,0,0,0,-2.7,0,0,0,0,-14.5,0,0,0,0,-0.00229183,0,0,0,0,0,0,0,0,0,1,70,58,0,0.00034,0.00034,3,5,0,0,0,0,0,0,0,0,0,0,1,0,0,0,0,0,0,0,0,0,0,,0,0,0,0,
17,9.85,0,-28.35,21,0,0,0,-0.7,0,0,0,0,-17.5,0,0,0,0,-0.00229183,0,0,0,0,0,0,0,0,0,1,67,58,0,0.00034,0.00034,3,5,0,0,0,0,0,0,0,0,0,0,1,0,0,0,0,0,0,0,0,0,0,,0,0,0,0,
18,12.16,0,-12.6,27,0,0,0,12.7,0,0,0,0,-16,0,0,0,0,-0.00229183,0,0,0,0,0,0,0,0,0,1,74,58,0,0.00034,0.00034,3,5,0,0,0,0,0,0,0,0,0,0,1,0,0,0,0,0,0,0,0,0,0,,0,0,0,0,
19,13,0,-23.1,21.5,0,0,0,-1.85,0,0,0,0,-17.5,0,0,0,0,-0.00229183,0,0,0,0,0,0,0,0,0,1,68,58,0,0.00034,0.00034,3,5,0,0,0,0,0,0,0,0,0,0,1,0,0,0,0,0,0,0,0,0,0,,0,0,0,0,
END,Total:20
START,FrameNb:196,CameraNb:0,HeSaiNb:0,ARS410Nb:0
2026/08/02 16:24:00:607---->
heightOffset:0,1785659040607,1330144,selfCaliBufCnt:0,selfAccObjCnt:0,selfAccAngle:0,installHAngleOffset:0,Interpolation:0,installVAngleOffset:0,radarOffsetH:0,radarOffsetV:0.32,Polynom:-0.001023;-0.0511;-2.047;0;0;0;-0.001023;-0.0511;-2.047;-25.5;0;0,WheelDirection:0;0;0;0,selfAngleOffset:0,selfAngleOffsetPit:0,currCaliAngleHrz:0,currCaliAnglePit:0,selfCaliAngleHrz:0,selfCaliAnglePit:0,servCaliAngleHrz:0,servCaliAnglePit:0,offlineCaliAngleHrz:0,offlineCaliAnglePit:0,determine2useFlag:0,IMU_Z_Accel:-21.592,IMU_X_AngularRate:-2.093,IMU_Y_AngularRate:-2.093,IMU_RollAngle:-180,IMU_PitchAngle:-180,IMU_YawAngle:-180,FcwID:0,FCWWarningLevel:0,FCWTTC:0
0,2.32,0,30.05,29,0,0,0,8.25,1.37605e-33,0,0,0,-8.5,0,0,0,0,-0.00229183,0,0,0,0,0,0,0,0,0,1,78,54,0,0.00034,0.00034,3,5,0,0,0,0,0,0,0,0,0,0,1,0,1,0,0,0,0,0,0,0,0,,0,0,0,0,
1,2.8,0,-34.05,43,0,0,0,1.75,0,0,0,0,6,0,0,0,0,-0.00229183,0,0,0,0,0,0,0,0,0,1,92,54,0,0.00034,0.00034,3,0,0,0,0,0,0,0,0,0,0,0,1,0,1,0,0,0,0,0,0,0,0,,0,0,0,0,
2,3.25,0,13.55,38.5,0,0,0,2.55,0,0,0,0,-7,0,0,0,0,-0.00229183,0,0,0,0,0,0,0,0,0,1,87,54,0,0.00034,0.00034,3,0,0,0,0,0,0,0,0,0,0,0,1,0,1,0,0,0,0,0,0,0,0,,0,0,0,0,
3,3.63,0,45.65,31.5,0,0,0,-9,0,0,0,0,5,0,0,0,0,-0.00229183,0,0,0,0,0,0,0,0,0,1,80,54,0,0.00034,0.00034,3,5,0,0,0,0,0,0,0,0,0,0,1,0,1,0,0,0,0,0,0,0,0,,0,0,0,0,
4,4.03,0,2.2,41.5,0,0,0,0.65,0,0,0,0,-6.5,0,0,0,0,-0.00229183,0,0,0,0,0,0,0,0,0,1,89,54,0,0.00034,0.00034,3,5,0,0,0,0,0,0,0,0,0,0,1,0,1,0,0,0,0,0,0,0,0,,0,0,0,0,
5,5.17,0,-35.05,34,0,0,0,-3.35,0,0,0,0,-6,0,0,0,0,-0.00229183,0,0,0,0,0,0,0,0,0,1,79,54,0,0.00034,0.00034,3,5,0,0,0,0,0,0,0,0,0,0,1,0,1,0,0,0,0,0,0,0,0,,0,0,0,0,
6,5.17,0,-40.55,34,0,0,0,0.25,0,0,0,0,-3,0,0,0,0,-0.00229183,0,0,0,0,0,0,0,0,0,1,79,54,0,0.00034,0.00034,3,5,0,0,0,0,0,0,0,0,0,0,1,0,1,0,0,0,0,0,0,0,0,,0,0,0,0,
7,5.62,0,-34.7,35.5,0,0,0,-3.1,0,0,0,0,-4,0,0,0,0,-0.00229183,0,0,0,0,0,0,0,0,0,1,80,54,0,0.00034,0.00034,3,5,0,0,0,0,0,0,0,0,0,0,1,0,1,0,0,0,0,0,0,0,0,,0,0,0,0,
8,5.62,0,-24.1,35.5,0,0,0,-5.45,0,0,0,0,-9,0,0,0,0,-0.00229183,0,0,0,0,0,0,0,0,0,1,80,54,0,0.00034,0.00034,3,5,0,0,0,0,0,0,0,0,0,0,1,0,1,0,0,0,0,0,0,0,0,,0,0,0,0,
9,5.84,0,-40.85,30.5,0,0,0,0.05,0,0,0,0,-5.5,0,0,0,0,-0.00229183,0,0,0,0,0,0,0,0,0,1,75,54,0,0.00034,0.00034,3,5,0,0,0,0,0,0,0,0,0,0,1,0,1,0,0,0,0,0,0,0,0,,0,0,0,0,
10,6.63,0,-53.8,24.5,0,0,0,-2.85,0,0,0,0,1,0,0,0,0,-0.00229183,0,0,0,0,0,0,0,0,0,1,70,54,0,0.00034,0.00034,3,5,0,0,0,0,0,0,0,0,0,0,1,0,1,0,0,0,0,0,0,0,0,,0,0,0,0,
11,7.02,0,-33.6,24.5,0,0,0,-2.1,0,0,0,0,-14,0,0,0,0,-0.00229183,0,0,0,0,0,0,0,0,0,1,70,54,0,0.00034,0.00034,3,5,0,0,0,0,0,0,0,0,0,0,1,0,1,0,0,0,0,0,0,0,0,,0,0,0,0,
12,7.64,0,35.05,39,0,0,0,6,0,0,0,0,5.5,0,0,0,0,-0.00229183,0,0,0,0,0,0,0,0,0,1,85,54,0,0.00034,0.00034,3,0,0,0,0,0,0,0,0,0,0,0,1,0,1,0,0,0,0,0,0,0,0,,0,0,0,0,
13,8.26,0,-25.05,28.5,0,0,0,-2.25,0,0,0,0,-12.5,0,0,0,0,-0.00229183,0,0,0,0,0,0,0,0,0,1,74,54,0,0.00034,0.00034,3,0,0,0,0,0,0,0,0,0,0,0,1,0,1,0,0,0,0,0,0,0,0,,0,0,0,0,
14,8.48,0,69.1,30,0,0,0,-11.45,0,0,0,0,22,0,0,0,0,-0.00229183,0,0,0,0,0,0,0,0,0,1,76,54,0,0.00034,0.00034,3,7,0,0,0,0,0,0,0,0,0,0,1,0,1,0,0,0,0,0,0,0,0,,0,0,0,0,
15,8.9,0,-32.7,26,0,0,0,-1.25,0,0,0,0,-10,0,0,0,0,-0.00229183,0,0,0,0,0,0,0,0,0,1,72,54,0,0.00034,0.00034,3,5,0,0,0,0,0,0,0,0,0,0,1,0,1,0,0,0,0,0,0,0,0,,0,0,0,0,
16,9.39,0,-29.3,23.5,0,0,0,-2.45,0,0,0,0,-14.5,0,0,0,0,-0.00229183,0,0,0,0,0,0,0,0,0,1,70,54,0,0.00034,0.00034,3,5,0,0,0,0,0,0,0,0,0,0,1,0,1,0,0,0,0,0,0,0,0,,0,0,0,0,
17,9.84,0,-28.45,21,0,0,0,-0.75,0,0,0,0,-18,0,0,0,0,-0.00229183,0,0,0,0,0,0,0,0,0,1,67,54,0,0.00034,0.00034,3,5,0,0,0,0,0,0,0,0,0,0,1,0,1,0,0,0,0,0,0,0,0,,0,0,0,0,
18,12.16,0,-12.55,27,0,0,0,12.8,0,0,0,0,-16,0,0,0,0,-0.00229183,0,0,0,0,0,0,0,0,0,1,74,54,0,0.00034,0.00034,3,5,0,0,0,0,0,0,0,0,0,0,1,0,1,0,0,0,0,0,0,0,0,,0,0,0,0,
19,13,0,-23.15,21.5,0,0,0,-1.95,0,0,0,0,-17.5,0,0,0,0,-0.00229183,0,0,0,0,0,0,0,0,0,1,68,54,0,0.00034,0.00034,3,5,0,0,0,0,0,0,0,0,0,0,1,0,1,0,0,0,0,0,0,0,0,,0,0,0,0,
END,Total:20
START,FrameNb:197,CameraNb:0,HeSaiNb:0,ARS410Nb:0
2026/08/02 16:24:00:635---->
heightOffset:0,1785659040635,1330200,selfCaliBufCnt:0,selfAccObjCnt:0,selfAccAngle:0,installHAngleOffset:0,Interpolation:0,installVAngleOffset:0,radarOffsetH:0,radarOffsetV:0.32,Polynom:-0.001023;-0.0511;-2.047;0;0;0;-0.001023;-0.0511;-2.047;-25.5;0;0,WheelDirection:0;0;0;0,selfAngleOffset:0,selfAngleOffsetPit:0,currCaliAngleHrz:0,currCaliAnglePit:0,selfCaliAngleHrz:0,selfCaliAnglePit:0,servCaliAngleHrz:0,servCaliAnglePit:0,offlineCaliAngleHrz:0,offlineCaliAnglePit:0,determine2useFlag:0,IMU_Z_Accel:-21.592,IMU_X_AngularRate:-2.093,IMU_Y_AngularRate:-2.093,IMU_RollAngle:-180,IMU_PitchAngle:-180,IMU_YawAngle:-180,FcwID:0,FCWWarningLevel:0,FCWTTC:0
0,2.32,0,30.1,29,0,0,0,7.65,1.37605e-33,0,0,0,-8.5,0,0,0,0,-0.00229183,0,0,0,0,0,0,0,0,0,1,78,62,0,0.00034,0.00034,3,5,0,0,0,0,0,0,0,0,0,0,1,0,0,0,0,0,0,0,0,0,0,,0,0,0,0,
1,2.8,0,-34.05,43,0,0,0,1.75,0,0,0,0,6,0,0,0,0,-0.00229183,0,0,0,0,0,0,0,0,0,1,92,62,0,0.00034,0.00034,3,0,0,0,0,0,0,0,0,0,0,0,1,0,0,0,0,0,0,0,0,0,0,,0,0,0,0,
2,3.25,0,13.55,38.5,0,0,0,2.55,0,0,0,0,-7,0,0,0,0,-0.00229183,0,0,0,0,0,0,0,0,0,1,87,62,0,0.00034,0.00034,3,0,0,0,0,0,0,0,0,0,0,0,1,0,0,0,0,0,0,0,0,0,0,,0,0,0,0,
3,3.59,0,45.8,32,0,0,0,-10.1,0,0,0,0,5,0,0,0,0,-0.00229183,0,0,0,0,0,0,0,0,0,1,80,62,0,0.00034,0.00034,3,5,0,0,0,0,0,0,0,0,0,0,1,0,0,0,0,0,0,0,0,0,0,,0,0,0,0,
4,4.03,0,2.2,41.5,0,0,0,0.55,0,0,0,0,-6,0,0,0,0,-0.00229183,0,0,0,0,0,0,0,0,0,1,89,62,0,0.00034,0.00034,3,5,0,0,0,0,0,0,0,0,0,0,1,0,0,0,0,0,0,0,0,0,0,,0,0,0,0,
5,5.16,0,-35.1,34,0,0,0,-3.3,0,0,0,0,-6,0,0,0,0,-0.00229183,0,0,0,0,0,0,0,0,0,1,79,62,0,0.00034,0.00034,3,5,0,0,0,0,0,0,0,0,0,0,1,0,0,0,0,0,0,0,0,0,0,,0,0,0,0,
6,5.16,0,-40.6,34,0,0,0,0.2,0,0,0,0,-3,0,0,0,0,-0.00229183,0,0,0,0,0,0,0,0,0,1,79,62,0,0.00034,0.00034,3,5,0,0,0,0,0,0,0,0,0,0,1,0,0,0,0,0,0,0,0,0,0,,0,0,0,0,
7,5.61,0,-34.7,36,0,0,0,-3.05,0,0,0,0,-4,0,0,0,0,-0.00229183,0,0,0,0,0,0,0,0,0,1,80,62,0,0.00034,0.00034,3,5,0,0,0,0,0,0,0,0,0,0,1,0,0,0,0,0,0,0,0,0,0,,0,0,0,0,
8,5.61,0,-24.1,36,0,0,0,-5.55,0,0,0,0,-9,0,0,0,0,-0.00229183,0,0,0,0,0,0,0,0,0,1,80,62,0,0.00034,0.00034,3,5,0,0,0,0,0,0,0,0,0,0,1,0,0,0,0,0,0,0,0,0,0,,0,0,0,0,
9,5.84,0,-40.7,30.5,0,0,0,0,0,0,0,0,-5.5,0,0,0,0,-0.00229183,0,0,0,0,0,0,0,0,0,1,75,62,0,0.00034,0.00034,3,5,0,0,0,0,0,0,0,0,0,0,1,0,0,0,0,0,0,0,0,0,0,,0,0,0,0,
10,6.62,0,-53.85,25,0,0,0,-2.85,0,0,0,0,1,0,0,0,0,-0.00229183,0,0,0,0,0,0,0,0,0,1,70,62,0,0.00034,0.00034,3,5,0,0,0,0,0,0,0,0,0,0,1,0,0,0,0,0,0,0,0,0,0,,0,0,0,0,
11,7.02,0,24.05,25,0,0,0,-12.75,0,0,0,0,-15.5,0,0,0,0,-0.00229183,0,0,0,0,0,0,0,0,0,1,71,62,0,0.00034,0.00034,3,5,0,0,0,0,0,0,0,0,0,0,1,0,0,0,0,0,0,0,0,0,0,,0,0,0,0,
12,7.66,0,35.05,39.5,0,0,0,6.15,0,0,0,0,6,0,0,0,0,-0.00229183,0,0,0,0,0,0,0,0,0,1,85,62,0,0.00034,0.00034,3,0,0,0,0,0,0,0,0,0,0,0,1,0,0,0,0,0,0,0,0,0,0,,0,0,0,0,
13,8.25,0,-25.1,28.5,0,0,0,-2.3,0,0,0,0,-12.5,0,0,0,0,-0.00229183,0,0,0,0,0,0,0,0,0,1,74,62,0,0.00034,0.00034,3,0,0,0,0,0,0,0,0,0,0,0,1,0,0,0,0,0,0,0,0,0,0,,0,0,0,0,
14,8.66,0,69.2,29.5,0,0,0,-11.6,0,0,0,0,22,0,0,0,0,-0.00229183,0,0,0,0,0,0,0,0,0,1,76,62,0,0.00034,0.00034,3,7,0,0,0,0,0,0,0,0,0,0,1,0,0,0,0,0,0,0,0,0,0,,0,0,0,0,
15,8.91,0,-32.7,26,0,0,0,-1.05,0,0,0,0,-10,0,0,0,0,-0.00229183,0,0,0,0,0,0,0,0,0,1,72,62,0,0.00034,0.00034,3,5,0,0,0,0,0,0,0,0,0,0,1,0,0,0,0,0,0,0,0,0,0,,0,0,0,0,
16,9.39,0,-29.3,23.5,0,0,0,-2.55,0,0,0,0,-14.5,0,0,0,0,-0.00229183,0,0,0,0,0,0,0,0,0,1,70,62,0,0.00034,0.00034,3,5,0,0,0,0,0,0,0,0,0,0,1,0,0,0,0,0,0,0,0,0,0,,0,0,0,0,
17,9.85,0,-28.4,21,0,0,0,-0.45,0,0,0,0,-18,0,0,0,0,-0.00229183,0,0,0,0,0,0,0,0,0,1,67,62,0,0.00034,0.00034,3,5,0,0,0,0,0,0,0,0,0,0,1,0,0,0,0,0,0,0,0,0,0,,0,0,0,0,
18,12.16,0,26.45,26.5,0,0,0,1.7,0,0,0,0,-8,0,0,0,0,-0.00229183,0,0,0,0,0,0,0,0,0,1,74,62,0,0.00034,0.00034,2,-1,0,0,0,0,0,0,0,0,0,0,1,0,0,0,0,0,0,0,0,0,0,,0,0,0,0,
19,13,0,-23.05,21.5,0,0,0,-2.05,0,0,0,0,-17.5,0,0,0,0,-0.00229183,0,0,0,0,0,0,0,0,0,1,68,62,0,0.00034,0.00034,3,5,0,0,0,0,0,0,0,0,0,0,1,0,0,0,0,0,0,0,0,0,0,,0,0,0,0,
END,Total:20
START,FrameNb:198,CameraNb:0,HeSaiNb:0,ARS410Nb:0
2026/08/02 16:24:00:690---->
heightOffset:0,1785659040690,1330264,selfCaliBufCnt:0,selfAccObjCnt:0,selfAccAngle:0,installHAngleOffset:0,Interpolation:0,installVAngleOffset:0,radarOffsetH:0,radarOffsetV:0.32,Polynom:-0.001023;-0.0511;-2.047;0;0;0;-0.001023;-0.0511;-2.047;-25.5;0;0,WheelDirection:0;0;0;0,selfAngleOffset:0,selfAngleOffsetPit:0,currCaliAngleHrz:0,currCaliAnglePit:0,selfCaliAngleHrz:0,selfCaliAnglePit:0,servCaliAngleHrz:0,servCaliAnglePit:0,offlineCaliAngleHrz:0,offlineCaliAnglePit:0,determine2useFlag:0,IMU_Z_Accel:-21.592,IMU_X_AngularRate:-2.093,IMU_Y_AngularRate:-2.093,IMU_RollAngle:-180,IMU_PitchAngle:-180,IMU_YawAngle:-180,FcwID:0,FCWWarningLevel:0,FCWTTC:0
0,2.32,0,30.05,29,0,0,0,8.2,1.37605e-33,0,0,0,-9,0,0,0,0,-0.00229183,0,0,0,0,0,0,0,0,0,1,78,58,0,0.00034,0.00034,3,5,0,0,0,0,0,0,0,0,0,0,1,0,1,0,0,0,0,0,0,0,0,,0,0,0,0,
1,2.8,0,-34.05,43.5,0,0,0,1.75,0,0,0,0,6,0,0,0,0,-0.00229183,0,0,0,0,0,0,0,0,0,1,92,58,0,0.00034,0.00034,3,0,0,0,0,0,0,0,0,0,0,0,1,0,1,0,0,0,0,0,0,0,0,,0,0,0,0,
2,3.24,0,13.55,38.5,0,0,0,2.55,0,0,0,0,-7,0,0,0,0,-0.00229183,0,0,0,0,0,0,0,0,0,1,87,58,0,0.00034,0.00034,3,0,0,0,0,0,0,0,0,0,0,0,1,0,1,0,0,0,0,0,0,0,0,,0,0,0,0,
3,3.59,0,45.6,31.5,0,0,0,-9.05,0,0,0,0,5,0,0,0,0,-0.00229183,0,0,0,0,0,0,0,0,0,1,80,58,0,0.00034,0.00034,3,5,0,0,0,0,0,0,0,0,0,0,1,0,1,0,0,0,0,0,0,0,0,,0,0,0,0,
4,4.03,0,2.2,41.5,0,0,0,0.65,0,0,0,0,-6.5,0,0,0,0,-0.00229183,0,0,0,0,0,0,0,0,0,1,89,58,0,0.00034,0.00034,3,5,0,0,0,0,0,0,0,0,0,0,1,0,1,0,0,0,0,0,0,0,0,,0,0,0,0,
5,5.16,0,-35.1,34,0,0,0,-3.45,0,0,0,0,-6,0,0,0,0,-0.00229183,0,0,0,0,0,0,0,0,0,1,79,58,0,0.00034,0.00034,3,5,0,0,0,0,0,0,0,0,0,0,1,0,1,0,0,0,0,0,0,0,0,,0,0,0,0,
6,5.16,0,-40.55,34,0,0,0,0.25,0,0,0,0,-3,0,0,0,0,-0.00229183,0,0,0,0,0,0,0,0,0,1,79,58,0,0.00034,0.00034,3,5,0,0,0,0,0,0,0,0,0,0,1,0,1,0,0,0,0,0,0,0,0,,0,0,0,0,
7,5.61,0,-34.6,36,0,0,0,-3.05,0,0,0,0,-4,0,0,0,0,-0.00229183,0,0,0,0,0,0,0,0,0,1,80,58,0,0.00034,0.00034,3,5,0,0,0,0,0,0,0,0,0,0,1,0,1,0,0,0,0,0,0,0,0,,0,0,0,0,
8,5.61,0,-24.1,36,0,0,0,-5.6,0,0,0,0,-9,0,0,0,0,-0.00229183,0,0,0,0,0,0,0,0,0,1,80,58,0,0.00034,0.00034,3,5,0,0,0,0,0,0,0,0,0,0,1,0,1,0,0,0,0,0,0,0,0,,0,0,0,0,
9,5.84,0,-41.05,30.5,0,0,0,0.2,0,0,0,0,-3.5,0,0,0,0,-0.00229183,0,0,0,0,0,0,0,0,0,1,75,58,0,0.00034,0.00034,3,5,0,0,0,0,0,0,0,0,0,0,1,0,1,0,0,0,0,0,0,0,0,,0,0,0,0,
10,6.63,0,-53.8,25,0,0,0,-2.55,0,0,0,0,0.5,0,0,0,0,-0.00229183,0,0,0,0,0,0,0,0,0,1,70,58,0,0.00034,0.00034,3,5,0,0,0,0,0,0,0,0,0,0,1,0,1,0,0,0,0,0,0,0,0,,0,0,0,0,
11,7.01,0,-33.45,25,0,0,0,8.65,0,0,0,0,-13.5,0,0,0,0,-0.00229183,0,0,0,0,0,0,0,0,0,1,71,58,0,0.00034,0.00034,3,5,0,0,0,0,0,0,0,0,0,0,1,0,1,0,0,0,0,0,0,0,0,,0,0,0,0,
12,7.65,0,34.95,40,0,0,0,6.25,0,0,0,0,5.5,0,0,0,0,-0.00229183,0,0,0,0,0,0,0,0,0,1,86,58,0,0.00034,0.00034,3,0,0,0,0,0,0,0,0,0,0,0,1,0,1,0,0,0,0,0,0,0,0,,0,0,0,0,
13,8.26,0,-25.1,28,0,0,0,-2.55,0,0,0,0,-13,0,0,0,0,-0.00229183,0,0,0,0,0,0,0,0,0,1,74,58,0,0.00034,0.00034,3,0,0,0,0,0,0,0,0,0,0,0,1,0,1,0,0,0,0,0,0,0,0,,0,0,0,0,
14,8.48,0,69.2,30,0,0,0,-11.6,0,0,0,0,22,0,0,0,0,-0.00229183,0,0,0,0,0,0,0,0,0,1,76,58,0,0.00034,0.00034,3,7,0,0,0,0,0,0,0,0,0,0,1,0,1,0,0,0,0,0,0,0,0,,0,0,0,0,
15,8.9,0,-32.8,26,0,0,0,-0.75,0,0,0,0,-10,0,0,0,0,-0.00229183,0,0,0,0,0,0,0,0,0,1,72,58,0,0.00034,0.00034,3,5,0,0,0,0,0,0,0,0,0,0,1,0,1,0,0,0,0,0,0,0,0,,0,0,0,0,
16,9.39,0,-29.3,23.5,0,0,0,-2.7,0,0,0,0,-14.5,0,0,0,0,-0.00229183,0,0,0,0,0,0,0,0,0,1,70,58,0,0.00034,0.00034,3,5,0,0,0,0,0,0,0,0,0,0,1,0,1,0,0,0,0,0,0,0,0,,0,0,0,0,
17,9.86,0,-28.45,21,0,0,0,-0.6,0,0,0,0,-18,0,0,0,0,-0.00229183,0,0,0,0,0,0,0,0,0,1,67,58,0,0.00034,0.00034,3,5,0,0,0,0,0,0,0,0,0,0,1,0,1,0,0,0,0,0,0,0,0,,0,0,0,0,
18,12.16,0,-12.55,27,0,0,0,12.65,0,0,0,0,-16,0,0,0,0,-0.00229183,0,0,0,0,0,0,0,0,0,1,74,58,0,0.00034,0.00034,3,5,0,0,0,0,0,0,0,0,0,0,1,0,1,0,0,0,0,0,0,0,0,,0,0,0,0,
19,13,0,-23.1,21.5,0,0,0,-2.05,0,0,0,0,-17.5,0,0,0,0,-0.00229183,0,0,0,0,0,0,0,0,0,1,68,58,0,0.00034,0.00034,3,5,0,0,0,0,0,0,0,0,0,0,1,0,1,0,0,0,0,0,0,0,0,,0,0,0,0,
END,Total:20
START,FrameNb:199,CameraNb:0,HeSaiNb:0,ARS410Nb:0
2026/08/02 16:24:00:729---->
heightOffset:0,1785659040729,1330320,selfCaliBufCnt:0,selfAccObjCnt:0,selfAccAngle:0,installHAngleOffset:0,Interpolation:0,installVAngleOffset:0,radarOffsetH:0,radarOffsetV:0.32,Polynom:-0.001023;-0.0511;-2.047;0;0;0;-0.001023;-0.0511;-2.047;-25.5;0;0,WheelDirection:0;0;0;0,selfAngleOffset:0,selfAngleOffsetPit:0,currCaliAngleHrz:0,currCaliAnglePit:0,selfCaliAngleHrz:0,selfCaliAnglePit:0,servCaliAngleHrz:0,servCaliAnglePit:0,offlineCaliAngleHrz:0,offlineCaliAnglePit:0,determine2useFlag:0,IMU_Z_Accel:-21.592,IMU_X_AngularRate:-2.093,IMU_Y_AngularRate:-2.093,IMU_RollAngle:-180,IMU_PitchAngle:-180,IMU_YawAngle:-180,FcwID:0,FCWWarningLevel:0,FCWTTC:0
0,2.32,0,30.1,29,0,0,0,7.65,1.37605e-33,0,0,0,-8.5,0,0,0,0,-0.00229183,0,0,0,0,0,0,0,0,0,1,78,60,0,0.00034,0.00034,3,5,0,0,0,0,0,0,0,0,0,0,1,0,0,0,0,0,0,0,0,0,0,,0,0,0,0,
1,2.8,0,-34.05,43.5,0,0,0,1.75,0,0,0,0,6,0,0,0,0,-0.00229183,0,0,0,0,0,0,0,0,0,1,92,60,0,0.00034,0.00034,3,0,0,0,0,0,0,0,0,0,0,0,1,0,0,0,0,0,0,0,0,0,0,,0,0,0,0,
2,3.25,0,13.55,38.5,0,0,0,2.55,0,0,0,0,-7,0,0,0,0,-0.00229183,0,0,0,0,0,0,0,0,0,1,87,60,0,0.00034,0.00034,3,0,0,0,0,0,0,0,0,0,0,0,1,0,0,0,0,0,0,0,0,0,0,,0,0,0,0,
3,3.59,0,45.9,32,0,0,0,-10.35,0,0,0,0,5,0,0,0,0,-0.00229183,0,0,0,0,0,0,0,0,0,1,80,60,0,0.00034,0.00034,3,5,0,0,0,0,0,0,0,0,0,0,1,0,0,0,0,0,0,0,0,0,0,,0,0,0,0,
4,4.03,0,2.2,41.5,0,0,0,0.55,0,0,0,0,-6,0,0,0,0,-0.00229183,0,0,0,0,0,0,0,0,0,1,89,60,0,0.00034,0.00034,3,5,0,0,0,0,0,0,0,0,0,0,1,0,0,0,0,0,0,0,0,0,0,,0,0,0,0,
5,5.16,0,-35.05,33.5,0,0,0,-3.45,0,0,0,0,-6,0,0,0,0,-0.00229183,0,0,0,0,0,0,0,0,0,1,79,60,0,0.00034,0.00034,3,5,0,0,0,0,0,0,0,0,0,0,1,0,0,0,0,0,0,0,0,0,0,,0,0,0,0,
6,5.16,0,-40.55,33.5,0,0,0,0.2,0,0,0,0,-3,0,0,0,0,-0.00229183,0,0,0,0,0,0,0,0,0,1,79,60,0,0.00034,0.00034,3,5,0,0,0,0,0,0,0,0,0,0,1,0,0,0,0,0,0,0,0,0,0,,0,0,0,0,
7,5.61,0,-34.6,35.5,0,0,0,-3.1,0,0,0,0,-4,0,0,0,0,-0.00229183,0,0,0,0,0,0,0,0,0,1,80,60,0,0.00034,0.00034,3,5,0,0,0,0,0,0,0,0,0,0,1,0,0,0,0,0,0,0,0,0,0,,0,0,0,0,
8,5.61,0,-24.1,35.5,0,0,0,-5.6,0,0,0,0,-9,0,0,0,0,-0.00229183,0,0,0,0,0,0,0,0,0,1,80,60,0,0.00034,0.00034,3,5,0,0,0,0,0,0,0,0,0,0,1,0,0,0,0,0,0,0,0,0,0,,0,0,0,0,
9,5.83,0,-40.7,30.5,0,0,0,0.15,0,0,0,0,-5.5,0,0,0,0,-0.00229183,0,0,0,0,0,0,0,0,0,1,75,60,0,0.00034,0.00034,3,5,0,0,0,0,0,0,0,0,0,0,1,0,0,0,0,0,0,0,0,0,0,,0,0,0,0,
10,6.62,0,-53.7,25,0,0,0,-2.25,0,0,0,0,1,0,0,0,0,-0.00229183,0,0,0,0,0,0,0,0,0,1,70,60,0,0.00034,0.00034,3,5,0,0,0,0,0,0,0,0,0,0,1,0,0,0,0,0,0,0,0,0,0,,0,0,0,0,
11,7.01,0,23.95,24.5,0,0,0,-10.25,0,0,0,0,-16,0,0,0,0,-0.00229183,0,0,0,0,0,0,0,0,0,1,70,60,0,0.00034,0.00034,3,5,0,0,0,0,0,0,0,0,0,0,1,0,0,0,0,0,0,0,0,0,0,,0,0,0,0,
12,7.65,0,35.05,40,0,0,0,6.4,0,0,0,0,6.5,0,0,0,0,-0.00229183,0,0,0,0,0,0,0,0,0,1,86,60,0,0.00034,0.00034,3,0,0,0,0,0,0,0,0,0,0,0,1,0,0,0,0,0,0,0,0,0,0,,0,0,0,0,
13,8.26,0,-25.3,28.5,0,0,0,-2.25,0,0,0,0,-12.5,0,0,0,0,-0.00229183,0,0,0,0,0,0,0,0,0,1,75,60,0,0.00034,0.00034,3,0,0,0,0,0,0,0,0,0,0,0,1,0,0,0,0,0,0,0,0,0,0,,0,0,0,0,
14,8.65,0,69.2,30.5,0,0,0,-11.55,0,0,0,0,22.5,0,0,0,0,-0.00229183,0,0,0,0,0,0,0,0,0,1,76,60,0,0.00034,0.00034,3,7,0,0,0,0,0,0,0,0,0,0,1,0,0,0,0,0,0,0,0,0,0,,0,0,0,0,
15,8.91,0,-32.7,26.5,0,0,0,-1.05,0,0,0,0,-10,0,0,0,0,-0.00229183,0,0,0,0,0,0,0,0,0,1,73,60,0,0.00034,0.00034,3,5,0,0,0,0,0,0,0,0,0,0,1,0,0,0,0,0,0,0,0,0,0,,0,0,0,0,
16,9.39,0,-29.3,23.5,0,0,0,-2.45,0,0,0,0,-14.5,0,0,0,0,-0.00229183,0,0,0,0,0,0,0,0,0,1,70,60,0,0.00034,0.00034,3,5,0,0,0,0,0,0,0,0,0,0,1,0,0,0,0,0,0,0,0,0,0,,0,0,0,0,
17,9.85,0,-28.45,21,0,0,0,-0.45,0,0,0,0,-17.5,0,0,0,0,-0.00229183,0,0,0,0,0,0,0,0,0,1,68,60,0,0.00034,0.00034,3,5,0,0,0,0,0,0,0,0,0,0,1,0,0,0,0,0,0,0,0,0,0,,0,0,0,0,
18,12.17,0,26.55,27,0,0,0,-6.35,0,0,0,0,-8,0,0,0,0,-0.00229183,0,0,0,0,0,0,0,0,0,1,74,60,0,0.00034,0.00034,2,-1,0,0,0,0,0,0,0,0,0,0,1,0,0,0,0,0,0,0,0,0,0,,0,0,0,0,
19,13,0,-23.2,21,0,0,0,-2,0,0,0,0,-17.5,0,0,0,0,-0.00229183,0,0,0,0,0,0,0,0,0,1,68,60,0,0.00034,0.00034,3,5,0,0,0,0,0,0,0,0,0,0,1,0,0,0,0,0,0,0,0,0,0,,0,0,0,0,
END,Total:20
START,FrameNb:200,CameraNb:0,HeSaiNb:0,ARS410Nb:0
2026/08/02 16:24:00:792---->
heightOffset:0,1785659040792,1330380,selfCaliBufCnt:0,selfAccObjCnt:0,selfAccAngle:0,installHAngleOffset:0,Interpolation:0,installVAngleOffset:0,radarOffsetH:0,radarOffsetV:0.32,Polynom:-0.001023;-0.0511;-2.047;0;0;0;-0.001023;-0.0511;-2.047;-25.5;0;0,WheelDirection:0;0;0;0,selfAngleOffset:0,selfAngleOffsetPit:0,currCaliAngleHrz:0,currCaliAnglePit:0,selfCaliAngleHrz:0,selfCaliAnglePit:0,servCaliAngleHrz:0,servCaliAnglePit:0,offlineCaliAngleHrz:0,offlineCaliAnglePit:0,determine2useFlag:0,IMU_Z_Accel:-21.592,IMU_X_AngularRate:-2.093,IMU_Y_AngularRate:-2.093,IMU_RollAngle:-180,IMU_PitchAngle:-180,IMU_YawAngle:-180,FcwID:0,FCWWarningLevel:0,FCWTTC:0
0,2.32,0,30.1,29,0,0,0,8.25,1.37605e-33,0,0,0,-8.5,0,0,0,0,-0.00229183,0,0,0,0,0,0,0,0,0,1,78,55,0,0.00034,0.00034,3,5,0,0,0,0,0,0,0,0,0,0,1,0,1,0,0,0,0,0,0,0,0,,0,0,0,0,
1,2.8,0,-34.05,43,0,0,0,1.75,0,0,0,0,6,0,0,0,0,-0.00229183,0,0,0,0,0,0,0,0,0,1,92,55,0,0.00034,0.00034,3,0,0,0,0,0,0,0,0,0,0,0,1,0,1,0,0,0,0,0,0,0,0,,0,0,0,0,
2,3.25,0,13.55,38.5,0,0,0,2.55,0,0,0,0,-7,0,0,0,0,-0.00229183,0,0,0,0,0,0,0,0,0,1,87,55,0,0.00034,0.00034,3,0,0,0,0,0,0,0,0,0,0,0,1,0,1,0,0,0,0,0,0,0,0,,0,0,0,0,
3,3.62,0,45.7,31.5,0,0,0,-9.05,0,0,0,0,5,0,0,0,0,-0.00229183,0,0,0,0,0,0,0,0,0,1,80,55,0,0.00034,0.00034,3,5,0,0,0,0,0,0,0,0,0,0,1,0,1,0,0,0,0,0,0,0,0,,0,0,0,0,
4,4.03,0,2.2,41.5,0,0,0,0.55,0,0,0,0,-6.5,0,0,0,0,-0.00229183,0,0,0,0,0,0,0,0,0,1,89,55,0,0.00034,0.00034,3,5,0,0,0,0,0,0,0,0,0,0,1,0,1,0,0,0,0,0,0,0,0,,0,0,0,0,
5,5.16,0,-35.05,34,0,0,0,-3.3,0,0,0,0,-6,0,0,0,0,-0.00229183,0,0,0,0,0,0,0,0,0,1,79,55,0,0.00034,0.00034,3,5,0,0,0,0,0,0,0,0,0,0,1,0,1,0,0,0,0,0,0,0,0,,0,0,0,0,
6,5.16,0,-40.55,34,0,0,0,0.2,0,0,0,0,-3,0,0,0,0,-0.00229183,0,0,0,0,0,0,0,0,0,1,79,55,0,0.00034,0.00034,3,5,0,0,0,0,0,0,0,0,0,0,1,0,1,0,0,0,0,0,0,0,0,,0,0,0,0,
7,5.61,0,-34.55,35.5,0,0,0,-3.05,0,0,0,0,-4,0,0,0,0,-0.00229183,0,0,0,0,0,0,0,0,0,1,80,55,0,0.00034,0.00034,3,5,0,0,0,0,0,0,0,0,0,0,1,0,1,0,0,0,0,0,0,0,0,,0,0,0,0,
8,5.61,0,-24.1,35.5,0,0,0,-5.7,0,0,0,0,-9,0,0,0,0,-0.00229183,0,0,0,0,0,0,0,0,0,1,80,55,0,0.00034,0.00034,3,5,0,0,0,0,0,0,0,0,0,0,1,0,1,0,0,0,0,0,0,0,0,,0,0,0,0,
9,5.83,0,-40.55,30.5,0,0,0,0.2,0,0,0,0,-5.5,0,0,0,0,-0.00229183,0,0,0,0,0,0,0,0,0,1,75,55,0,0.00034,0.00034,3,5,0,0,0,0,0,0,0,0,0,0,1,0,1,0,0,0,0,0,0,0,0,,0,0,0,0,
10,6.62,0,-53.8,24.5,0,0,0,-5.8,0,0,0,0,0.5,0,0,0,0,-0.00229183,0,0,0,0,0,0,0,0,0,1,70,55,0,0.00034,0.00034,3,5,0,0,0,0,0,0,0,0,0,0,1,0,1,0,0,0,0,0,0,0,0,,0,0,0,0,
11,7.01,0,-33.45,25,0,0,0,8.95,0,0,0,0,-13.5,0,0,0,0,-0.00229183,0,0,0,0,0,0,0,0,0,1,70,55,0,0.00034,0.00034,3,5,0,0,0,0,0,0,0,0,0,0,1,0,1,0,0,0,0,0,0,0,0,,0,0,0,0,
12,7.65,0,35.1,40,0,0,0,6.55,0,0,0,0,6.5,0,0,0,0,-0.00229183,0,0,0,0,0,0,0,0,0,1,86,55,0,0.00034,0.00034,3,5,0,0,0,0,0,0,0,0,0,0,1,0,1,0,0,0,0,0,0,0,0,,0,0,0,0,
13,8.26,0,-25.2,28,0,0,0,-2.6,0,0,0,0,-13,0,0,0,0,-0.00229183,0,0,0,0,0,0,0,0,0,1,74,55,0,0.00034,0.00034,3,0,0,0,0,0,0,0,0,0,0,0,1,0,1,0,0,0,0,0,0,0,0,,0,0,0,0,
14,8.49,0,69.2,30,0,0,0,-11.55,0,0,0,0,22.5,0,0,0,0,-0.00229183,0,0,0,0,0,0,0,0,0,1,76,55,0,0.00034,0.00034,3,7,0,0,0,0,0,0,0,0,0,0,1,0,1,0,0,0,0,0,0,0,0,,0,0,0,0,
15,8.91,0,-32.85,26,0,0,0,-0.7,0,0,0,0,-10,0,0,0,0,-0.00229183,0,0,0,0,0,0,0,0,0,1,72,55,0,0.00034,0.00034,3,5,0,0,0,0,0,0,0,0,0,0,1,0,1,0,0,0,0,0,0,0,0,,0,0,0,0,
16,9.39,0,-29.3,23.5,0,0,0,-2.45,0,0,0,0,-14.5,0,0,0,0,-0.00229183,0,0,0,0,0,0,0,0,0,1,70,55,0,0.00034,0.00034,3,5,0,0,0,0,0,0,0,0,0,0,1,0,1,0,0,0,0,0,0,0,0,,0,0,0,0,
17,9.84,0,-28.35,21,0,0,0,-0.6,0,0,0,0,-17.5,0,0,0,0,-0.00229183,0,0,0,0,0,0,0,0,0,1,68,55,0,0.00034,0.00034,3,5,0,0,0,0,0,0,0,0,0,0,1,0,1,0,0,0,0,0,0,0,0,,0,0,0,0,
18,12.16,0,-12.55,27,0,0,0,12.8,0,0,0,0,-16,0,0,0,0,-0.00229183,0,0,0,0,0,0,0,0,0,1,74,55,0,0.00034,0.00034,3,5,0,0,0,0,0,0,0,0,0,0,1,0,1,0,0,0,0,0,0,0,0,,0,0,0,0,
19,13.01,0,-23.2,21.5,0,0,0,-1.75,0,0,0,0,-17.5,0,0,0,0,-0.00229183,0,0,0,0,0,0,0,0,0,1,68,55,0,0.00034,0.00034,3,5,0,0,0,0,0,0,0,0,0,0,1,0,1,0,0,0,0,0,0,0,0,,0,0,0,0,
END,Total:20
START,FrameNb:201,CameraNb:0,HeSaiNb:0,ARS410Nb:0
2026/08/02 16:24:00:902---->
heightOffset:0,1785659040902,1330432,selfCaliBufCnt:0,selfAccObjCnt:0,selfAccAngle:0,installHAngleOffset:0,Interpolation:0,installVAngleOffset:0,radarOffsetH:0,radarOffsetV:0.32,Polynom:-0.001023;-0.0511;-2.047;0;0;0;-0.001023;-0.0511;-2.047;-25.5;0;0,WheelDirection:0;0;0;0,selfAngleOffset:0,selfAngleOffsetPit:0,currCaliAngleHrz:0,currCaliAnglePit:0,selfCaliAngleHrz:0,selfCaliAnglePit:0,servCaliAngleHrz:0,servCaliAnglePit:0,offlineCaliAngleHrz:0,offlineCaliAnglePit:0,determine2useFlag:0,IMU_Z_Accel:-21.592,IMU_X_AngularRate:-2.093,IMU_Y_AngularRate:-2.093,IMU_RollAngle:-180,IMU_PitchAngle:-180,IMU_YawAngle:-180,FcwID:0,FCWWarningLevel:0,FCWTTC:0
0,2.32,0,30.05,29,0,0,0,7.65,1.37605e-33,0,0,0,-8.5,0,0,0,0,-0.00229183,0,0,0,0,0,0,0,0,0,1,78,58,0,0.00034,0.00034,3,5,0,0,0,0,0,0,0,0,0,0,1,0,0,0,0,0,0,0,0,0,0,,0,0,0,0,
1,2.8,0,-34.05,43,0,0,0,1.75,0,0,0,0,6,0,0,0,0,-0.00229183,0,0,0,0,0,0,0,0,0,1,92,58,0,0.00034,0.00034,3,0,0,0,0,0,0,0,0,0,0,0,1,0,0,0,0,0,0,0,0,0,0,,0,0,0,0,
2,3.25,0,13.55,38.5,0,0,0,2.55,0,0,0,0,-7,0,0,0,0,-0.00229183,0,0,0,0,0,0,0,0,0,1,87,58,0,0.00034,0.00034,3,0,0,0,0,0,0,0,0,0,0,0,1,0,0,0,0,0,0,0,0,0,0,,0,0,0,0,
3,3.59,0,45.7,31.5,0,0,0,-9.55,0,0,0,0,5,0,0,0,0,-0.00229183,0,0,0,0,0,0,0,0,0,1,80,58,0,0.00034,0.00034,3,5,0,0,0,0,0,0,0,0,0,0,1,0,0,0,0,0,0,0,0,0,0,,0,0,0,0,
4,4.03,0,2.2,41.5,0,0,0,0.55,0,0,0,0,-6,0,0,0,0,-0.00229183,0,0,0,0,0,0,0,0,0,1,89,58,0,0.00034,0.00034,3,5,0,0,0,0,0,0,0,0,0,0,1,0,0,0,0,0,0,0,0,0,0,,0,0,0,0,
5,5.16,0,-35.1,33.5,0,0,0,-3.45,0,0,0,0,-6,0,0,0,0,-0.00229183,0,0,0,0,0,0,0,0,0,1,79,58,0,0.00034,0.00034,3,5,0,0,0,0,0,0,0,0,0,0,1,0,0,0,0,0,0,0,0,0,0,,0,0,0,0,
6,5.16,0,-40.6,33.5,0,0,0,0.2,0,0,0,0,-3,0,0,0,0,-0.00229183,0,0,0,0,0,0,0,0,0,1,79,58,0,0.00034,0.00034,3,5,0,0,0,0,0,0,0,0,0,0,1,0,0,0,0,0,0,0,0,0,0,,0,0,0,0,
7,5.61,0,-34.6,35.5,0,0,0,-3.2,0,0,0,0,-4.5,0,0,0,0,-0.00229183,0,0,0,0,0,0,0,0,0,1,80,58,0,0.00034,0.00034,3,5,0,0,0,0,0,0,0,0,0,0,1,0,0,0,0,0,0,0,0,0,0,,0,0,0,0,
8,5.61,0,-24.1,35.5,0,0,0,-5.7,0,0,0,0,-9.5,0,0,0,0,-0.00229183,0,0,0,0,0,0,0,0,0,1,80,58,0,0.00034,0.00034,3,5,0,0,0,0,0,0,0,0,0,0,1,0,0,0,0,0,0,0,0,0,0,,0,0,0,0,
9,5.83,0,-40.6,30.5,0,0,0,0.15,0,0,0,0,-5.5,0,0,0,0,-0.00229183,0,0,0,0,0,0,0,0,0,1,75,58,0,0.00034,0.00034,3,5,0,0,0,0,0,0,0,0,0,0,1,0,0,0,0,0,0,0,0,0,0,,0,0,0,0,
10,6.62,0,-53.85,24.5,0,0,0,-5.35,0,0,0,0,0.5,0,0,0,0,-0.00229183,0,0,0,0,0,0,0,0,0,1,70,58,0,0.00034,0.00034,3,5,0,0,0,0,0,0,0,0,0,0,1,0,0,0,0,0,0,0,0,0,0,,0,0,0,0,
11,7.01,0,24.1,24.5,0,0,0,-13.1,0,0,0,0,-16,0,0,0,0,-0.00229183,0,0,0,0,0,0,0,0,0,1,70,58,0,0.00034,0.00034,3,5,0,0,0,0,0,0,0,0,0,0,1,0,0,0,0,0,0,0,0,0,0,,0,0,0,0,
12,7.65,0,35,39.5,0,0,0,6.65,0,0,0,0,6,0,0,0,0,-0.00229183,0,0,0,0,0,0,0,0,0,1,86,58,0,0.00034,0.00034,3,5,0,0,0,0,0,0,0,0,0,0,1,0,0,0,0,0,0,0,0,0,0,,0,0,0,0,
13,8.26,0,-25.2,28.5,0,0,0,-2.55,0,0,0,0,-12.5,0,0,0,0,-0.00229183,0,0,0,0,0,0,0,0,0,1,74,58,0,0.00034,0.00034,3,0,0,0,0,0,0,0,0,0,0,0,1,0,0,0,0,0,0,0,0,0,0,,0,0,0,0,
14,8.48,0,69.2,30,0,0,0,-11.35,0,0,0,0,22.5,0,0,0,0,-0.00229183,0,0,0,0,0,0,0,0,0,1,76,58,0,0.00034,0.00034,3,7,0,0,0,0,0,0,0,0,0,0,1,0,0,0,0,0,0,0,0,0,0,,0,0,0,0,
15,8.91,0,-32.7,26,0,0,0,-0.8,0,0,0,0,-10,0,0,0,0,-0.00229183,0,0,0,0,0,0,0,0,0,1,72,58,0,0.00034,0.00034,3,5,0,0,0,0,0,0,0,0,0,0,1,0,0,0,0,0,0,0,0,0,0,,0,0,0,0,
16,9.39,0,-29.3,23,0,0,0,-2.45,0,0,0,0,-14.5,0,0,0,0,-0.00229183,0,0,0,0,0,0,0,0,0,1,70,58,0,0.00034,0.00034,3,5,0,0,0,0,0,0,0,0,0,0,1,0,0,0,0,0,0,0,0,0,0,,0,0,0,0,
17,9.83,0,-28.3,21.5,0,0,0,-0.55,0,0,0,0,-17,0,0,0,0,-0.00229183,0,0,0,0,0,0,0,0,0,1,68,58,0,0.00034,0.00034,3,5,0,0,0,0,0,0,0,0,0,0,1,0,0,0,0,0,0,0,0,0,0,,0,0,0,0,
18,12.17,0,-12.6,27,0,0,0,13.05,0,0,0,0,-16,0,0,0,0,-0.00229183,0,0,0,0,0,0,0,0,0,1,74,58,0,0.00034,0.00034,3,5,0,0,0,0,0,0,0,0,0,0,1,0,0,0,0,0,0,0,0,0,0,,0,0,0,0,
19,13.01,0,-23.2,21.5,0,0,0,-1.85,0,0,0,0,-17.5,0,0,0,0,-0.00229183,0,0,0,0,0,0,0,0,0,1,68,58,0,0.00034,0.00034,3,5,0,0,0,0,0,0,0,0,0,0,1,0,0,0,0,0,0,0,0,0,0,,0,0,0,0,
END,Total:20
START,FrameNb:202,CameraNb:0,HeSaiNb:0,ARS410Nb:0
2026/08/02 16:24:00:960---->
heightOffset:0,1785659040960,1330492,selfCaliBufCnt:0,selfAccObjCnt:0,selfAccAngle:0,installHAngleOffset:0,Interpolation:0,installVAngleOffset:0,radarOffsetH:0,radarOffsetV:0.32,Polynom:-0.001023;-0.0511;-2.047;0;0;0;-0.001023;-0.0511;-2.047;-25.5;0;0,WheelDirection:0;0;0;0,selfAngleOffset:0,selfAngleOffsetPit:0,currCaliAngleHrz:0,currCaliAnglePit:0,selfCaliAngleHrz:0,selfCaliAnglePit:0,servCaliAngleHrz:0,servCaliAnglePit:0,offlineCaliAngleHrz:0,offlineCaliAnglePit:0,determine2useFlag:0,IMU_Z_Accel:-21.592,IMU_X_AngularRate:-2.093,IMU_Y_AngularRate:-2.093,IMU_RollAngle:-180,IMU_PitchAngle:-180,IMU_YawAngle:-180,FcwID:0,FCWWarningLevel:0,FCWTTC:0
0,2.32,0,30.05,29,0,0,0,8.25,1.37605e-33,0,0,0,-9,0,0,0,0,-0.00229183,0,0,0,0,0,0,0,0,0,1,78,54,0,0.00034,0.00034,3,5,0,0,0,0,0,0,0,0,0,0,1,0,1,0,0,0,0,0,0,0,0,,0,0,0,0,
1,2.8,0,-34.05,43,0,0,0,1.75,0,0,0,0,6,0,0,0,0,-0.00229183,0,0,0,0,0,0,0,0,0,1,92,54,0,0.00034,0.00034,3,0,0,0,0,0,0,0,0,0,0,0,1,0,1,0,0,0,0,0,0,0,0,,0,0,0,0,
2,3.25,0,13.55,38.5,0,0,0,2.55,0,0,0,0,-7,0,0,0,0,-0.00229183,0,0,0,0,0,0,0,0,0,1,87,54,0,0.00034,0.00034,3,0,0,0,0,0,0,0,0,0,0,0,1,0,1,0,0,0,0,0,0,0,0,,0,0,0,0,
3,3.61,0,45.3,31.5,0,0,0,-9.05,0,0,0,0,5,0,0,0,0,-0.00229183,0,0,0,0,0,0,0,0,0,1,80,54,0,0.00034,0.00034,3,5,0,0,0,0,0,0,0,0,0,0,1,0,1,0,0,0,0,0,0,0,0,,0,0,0,0,
4,4.03,0,2.2,41.5,0,0,0,0.65,0,0,0,0,-6.5,0,0,0,0,-0.00229183,0,0,0,0,0,0,0,0,0,1,89,54,0,0.00034,0.00034,3,5,0,0,0,0,0,0,0,0,0,0,1,0,1,0,0,0,0,0,0,0,0,,0,0,0,0,
5,5.16,0,-35.1,34,0,0,0,-3.35,0,0,0,0,-6,0,0,0,0,-0.00229183,0,0,0,0,0,0,0,0,0,1,79,54,0,0.00034,0.00034,3,5,0,0,0,0,0,0,0,0,0,0,1,0,1,0,0,0,0,0,0,0,0,,0,0,0,0,
6,5.16,0,-40.55,34,0,0,0,0.05,0,0,0,0,-3,0,0,0,0,-0.00229183,0,0,0,0,0,0,0,0,0,1,79,54,0,0.00034,0.00034,3,5,0,0,0,0,0,0,0,0,0,0,1,0,1,0,0,0,0,0,0,0,0,,0,0,0,0,
7,5.61,0,-34.55,35.5,0,0,0,-3.2,0,0,0,0,-4,0,0,0,0,-0.00229183,0,0,0,0,0,0,0,0,0,1,80,54,0,0.00034,0.00034,3,5,0,0,0,0,0,0,0,0,0,0,1,0,1,0,0,0,0,0,0,0,0,,0,0,0,0,
8,5.61,0,-24.1,35.5,0,0,0,-5.7,0,0,0,0,-9,0,0,0,0,-0.00229183,0,0,0,0,0,0,0,0,0,1,80,54,0,0.00034,0.00034,3,5,0,0,0,0,0,0,0,0,0,0,1,0,1,0,0,0,0,0,0,0,0,,0,0,0,0,
9,5.83,0,-40.65,30.5,0,0,0,0.25,0,0,0,0,-5.5,0,0,0,0,-0.00229183,0,0,0,0,0,0,0,0,0,1,76,54,0,0.00034,0.00034,3,5,0,0,0,0,0,0,0,0,0,0,1,0,1,0,0,0,0,0,0,0,0,,0,0,0,0,
10,6.63,0,-54,24.5,0,0,0,6.15,0,0,0,0,0.5,0,0,0,0,-0.00229183,0,0,0,0,0,0,0,0,0,1,70,54,0,0.00034,0.00034,3,5,0,0,0,0,0,0,0,0,0,0,1,0,1,0,0,0,0,0,0,0,0,,0,0,0,0,
11,7.01,0,-33.6,24.5,0,0,0,-2.25,0,0,0,0,-14,0,0,0,0,-0.00229183,0,0,0,0,0,0,0,0,0,1,70,54,0,0.00034,0.00034,3,5,0,0,0,0,0,0,0,0,0,0,1,0,1,0,0,0,0,0,0,0,0,,0,0,0,0,
12,7.66,0,34.95,39.5,0,0,0,6.4,0,0,0,0,5,0,0,0,0,-0.00229183,0,0,0,0,0,0,0,0,0,1,85,54,0,0.00034,0.00034,3,0,0,0,0,0,0,0,0,0,0,0,1,0,1,0,0,0,0,0,0,0,0,,0,0,0,0,
13,8.49,0,69.2,30,0,0,0,-11.3,0,0,0,0,22.5,0,0,0,0,-0.00229183,0,0,0,0,0,0,0,0,0,1,76,54,0,0.00034,0.00034,3,7,0,0,0,0,0,0,0,0,0,0,1,0,1,0,0,0,0,0,0,0,0,,0,0,0,0,
14,8.9,0,-32.8,26.5,0,0,0,-0.7,0,0,0,0,-10,0,0,0,0,-0.00229183,0,0,0,0,0,0,0,0,0,1,72,54,0,0.00034,0.00034,3,7,0,0,0,0,0,0,0,0,0,0,1,0,1,0,0,0,0,0,0,0,0,,0,0,0,0,
15,9.39,0,-29.35,23.5,0,0,0,-2.45,0,0,0,0,-14.5,0,0,0,0,-0.00229183,0,0,0,0,0,0,0,0,0,1,70,54,0,0.00034,0.00034,3,5,0,0,0,0,0,0,0,0,0,0,1,0,1,0,0,0,0,0,0,0,0,,0,0,0,0,
16,9.85,0,-28.3,21,0,0,0,-0.8,0,0,0,0,-17.5,0,0,0,0,-0.00229183,0,0,0,0,0,0,0,0,0,1,67,54,0,0.00034,0.00034,3,5,0,0,0,0,0,0,0,0,0,0,1,0,1,0,0,0,0,0,0,0,0,,0,0,0,0,
17,12.16,0,26.6,27,0,0,0,-6.2,0,0,0,0,-8,0,0,0,0,-0.00229183,0,0,0,0,0,0,0,0,0,1,74,54,0,0.00034,0.00034,2,-1,0,0,0,0,0,0,0,0,0,0,1,0,1,0,0,0,0,0,0,0,0,,0,0,0,0,
18,13,0,-23.2,21,0,0,0,-1.85,0,0,0,0,-18,0,0,0,0,-0.00229183,0,0,0,0,0,0,0,0,0,1,67,54,0,0.00034,0.00034,3,5,0,0,0,0,0,0,0,0,0,0,1,0,1,0,0,0,0,0,0,0,0,,0,0,0,0,
END,Total:19
START,FrameNb:203,CameraNb:0,HeSaiNb:0,ARS410Nb:0
2026/08/02 16:24:00:986---->
heightOffset:0,1785659040986,1330544,selfCaliBufCnt:0,selfAccObjCnt:0,selfAccAngle:0,installHAngleOffset:0,Interpolation:0,installVAngleOffset:0,radarOffsetH:0,radarOffsetV:0.32,Polynom:-0.001023;-0.0511;-2.047;0;0;0;-0.001023;-0.0511;-2.047;-25.5;0;0,WheelDirection:0;0;0;0,selfAngleOffset:0,selfAngleOffsetPit:0,currCaliAngleHrz:0,currCaliAnglePit:0,selfCaliAngleHrz:0,selfCaliAnglePit:0,servCaliAngleHrz:0,servCaliAnglePit:0,offlineCaliAngleHrz:0,offlineCaliAnglePit:0,determine2useFlag:0,IMU_Z_Accel:-21.592,IMU_X_AngularRate:-2.093,IMU_Y_AngularRate:-2.093,IMU_RollAngle:-180,IMU_PitchAngle:-180,IMU_YawAngle:-180,FcwID:0,FCWWarningLevel:0,FCWTTC:0
0,2.32,0,30.05,29,0,0,0,7.75,1.37605e-33,0,0,0,-8.5,0,0,0,0,-0.00229183,0,0,0,0,0,0,0,0,0,1,78,58,0,0.00034,0.00034,3,5,0,0,0,0,0,0,0,0,0,0,1,0,0,0,0,0,0,0,0,0,0,,0,0,0,0,
1,2.8,0,-34.05,43,0,0,0,1.75,0,0,0,0,6,0,0,0,0,-0.00229183,0,0,0,0,0,0,0,0,0,1,92,58,0,0.00034,0.00034,3,0,0,0,0,0,0,0,0,0,0,0,1,0,0,0,0,0,0,0,0,0,0,,0,0,0,0,
2,3.25,0,13.55,38.5,0,0,0,2.55,0,0,0,0,-7,0,0,0,0,-0.00229183,0,0,0,0,0,0,0,0,0,1,87,58,0,0.00034,0.00034,3,0,0,0,0,0,0,0,0,0,0,0,1,0,0,0,0,0,0,0,0,0,0,,0,0,0,0,
3,3.59,0,45.8,31.5,0,0,0,-10.2,0,0,0,0,5,0,0,0,0,-0.00229183,0,0,0,0,0,0,0,0,0,1,80,58,0,0.00034,0.00034,3,5,0,0,0,0,0,0,0,0,0,0,1,0,0,0,0,0,0,0,0,0,0,,0,0,0,0,
4,4.03,0,2.2,41.5,0,0,0,0.55,0,0,0,0,-6,0,0,0,0,-0.00229183,0,0,0,0,0,0,0,0,0,1,89,58,0,0.00034,0.00034,3,5,0,0,0,0,0,0,0,0,0,0,1,0,0,0,0,0,0,0,0,0,0,,0,0,0,0,
5,5.16,0,-35.1,34,0,0,0,-3.3,0,0,0,0,-6,0,0,0,0,-0.00229183,0,0,0,0,0,0,0,0,0,1,79,58,0,0.00034,0.00034,3,5,0,0,0,0,0,0,0,0,0,0,1,0,0,0,0,0,0,0,0,0,0,,0,0,0,0,
6,5.16,0,-40.6,34,0,0,0,0,0,0,0,0,-3,0,0,0,0,-0.00229183,0,0,0,0,0,0,0,0,0,1,79,58,0,0.00034,0.00034,3,5,0,0,0,0,0,0,0,0,0,0,1,0,0,0,0,0,0,0,0,0,0,,0,0,0,0,
7,5.61,0,-34.6,35.5,0,0,0,-3.2,0,0,0,0,-4.5,0,0,0,0,-0.00229183,0,0,0,0,0,0,0,0,0,1,80,58,0,0.00034,0.00034,3,5,0,0,0,0,0,0,0,0,0,0,1,0,0,0,0,0,0,0,0,0,0,,0,0,0,0,
8,5.61,0,-24.1,35.5,0,0,0,-5.7,0,0,0,0,-9.5,0,0,0,0,-0.00229183,0,0,0,0,0,0,0,0,0,1,80,58,0,0.00034,0.00034,3,5,0,0,0,0,0,0,0,0,0,0,1,0,0,0,0,0,0,0,0,0,0,,0,0,0,0,
9,5.83,0,-40.7,30.5,0,0,0,0,0,0,0,0,-5.5,0,0,0,0,-0.00229183,0,0,0,0,0,0,0,0,0,1,75,58,0,0.00034,0.00034,3,5,0,0,0,0,0,0,0,0,0,0,1,0,0,0,0,0,0,0,0,0,0,,0,0,0,0,
10,6.63,0,-54,24,0,0,0,-1.45,0,0,0,0,0,0,0,0,0,-0.00229183,0,0,0,0,0,0,0,0,0,1,70,58,0,0.00034,0.00034,3,5,0,0,0,0,0,0,0,0,0,0,1,0,0,0,0,0,0,0,0,0,0,,0,0,0,0,
11,7.02,0,-33.8,24.5,0,0,0,8.45,0,0,0,0,-13.5,0,0,0,0,-0.00229183,0,0,0,0,0,0,0,0,0,1,70,58,0,0.00034,0.00034,3,5,0,0,0,0,0,0,0,0,0,0,1,0,0,0,0,0,0,0,0,0,0,,0,0,0,0,
12,7.66,0,34.9,39.5,0,0,0,6.45,0,0,0,0,5,0,0,0,0,-0.00229183,0,0,0,0,0,0,0,0,0,1,85,58,0,0.00034,0.00034,3,5,0,0,0,0,0,0,0,0,0,0,1,0,0,0,0,0,0,0,0,0,0,,0,0,0,0,
13,8.65,0,69.2,30,0,0,0,-11.35,0,0,0,0,22.5,0,0,0,0,-0.00229183,0,0,0,0,0,0,0,0,0,1,76,58,0,0.00034,0.00034,3,7,0,0,0,0,0,0,0,0,0,0,1,0,0,0,0,0,0,0,0,0,0,,0,0,0,0,
14,8.9,0,-32.8,26,0,0,0,-0.7,0,0,0,0,-10,0,0,0,0,-0.00229183,0,0,0,0,0,0,0,0,0,1,72,58,0,0.00034,0.00034,3,7,0,0,0,0,0,0,0,0,0,0,1,0,0,0,0,0,0,0,0,0,0,,0,0,0,0,
15,9.39,0,-29.35,23.5,0,0,0,-2.55,0,0,0,0,-14.5,0,0,0,0,-0.00229183,0,0,0,0,0,0,0,0,0,1,70,58,0,0.00034,0.00034,3,5,0,0,0,0,0,0,0,0,0,0,1,0,0,0,0,0,0,0,0,0,0,,0,0,0,0,
16,9.83,0,-28.3,21.5,0,0,0,-0.6,0,0,0,0,-17.5,0,0,0,0,-0.00229183,0,0,0,0,0,0,0,0,0,1,68,58,0,0.00034,0.00034,3,5,0,0,0,0,0,0,0,0,0,0,1,0,0,0,0,0,0,0,0,0,0,,0,0,0,0,
17,12.17,0,-12.55,27,0,0,0,13.05,0,0,0,0,-16,0,0,0,0,-0.00229183,0,0,0,0,0,0,0,0,0,1,74,58,0,0.00034,0.00034,3,5,0,0,0,0,0,0,0,0,0,0,1,0,0,0,0,0,0,0,0,0,0,,0,0,0,0,
18,13,0,-23.3,21,0,0,0,-1.8,0,0,0,0,-17.5,0,0,0,0,-0.00229183,0,0,0,0,0,0,0,0,0,1,68,58,0,0.00034,0.00034,3,5,0,0,0,0,0,0,0,0,0,0,1,0,0,0,0,0,0,0,0,0,0,,0,0,0,0,
END,Total:19
START,FrameNb:204,CameraNb:0,HeSaiNb:0,ARS410Nb:0
2026/08/02 16:24:01:046---->
heightOffset:0,1785659041046,1330604,selfCaliBufCnt:0,selfAccObjCnt:0,selfAccAngle:0,installHAngleOffset:0,Interpolation:0,installVAngleOffset:0,radarOffsetH:0,radarOffsetV:0.32,Polynom:-0.001023;-0.0511;-2.047;0;0;0;-0.001023;-0.0511;-2.047;-25.5;0;0,WheelDirection:0;0;0;0,selfAngleOffset:0,selfAngleOffsetPit:0,currCaliAngleHrz:0,currCaliAnglePit:0,selfCaliAngleHrz:0,selfCaliAnglePit:0,servCaliAngleHrz:0,servCaliAnglePit:0,offlineCaliAngleHrz:0,offlineCaliAnglePit:0,determine2useFlag:0,IMU_Z_Accel:-21.592,IMU_X_AngularRate:-2.093,IMU_Y_AngularRate:-2.093,IMU_RollAngle:-180,IMU_PitchAngle:-180,IMU_YawAngle:-180,FcwID:0,FCWWarningLevel:0,FCWTTC:0
0,2.32,0,30.1,29,0,0,0,8.25,1.37605e-33,0,0,0,-8.5,0,0,0,0,-0.00229183,0,0,0,0,0,0,0,0,0,1,78,57,0,0.00034,0.00034,3,5,0,0,0,0,0,0,0,0,0,0,1,0,1,0,0,0,0,0,0,0,0,,0,0,0,0,
1,2.8,0,-34.05,43,0,0,0,1.75,0,0,0,0,6,0,0,0,0,-0.00229183,0,0,0,0,0,0,0,0,0,1,92,57,0,0.00034,0.00034,3,0,0,0,0,0,0,0,0,0,0,0,1,0,1,0,0,0,0,0,0,0,0,,0,0,0,0,
2,3.25,0,13.55,38.5,0,0,0,2.55,0,0,0,0,-7,0,0,0,0,-0.00229183,0,0,0,0,0,0,0,0,0,1,87,57,0,0.00034,0.00034,3,0,0,0,0,0,0,0,0,0,0,0,1,0,1,0,0,0,0,0,0,0,0,,0,0,0,0,
3,3.6,0,45.45,31.5,0,0,0,-9.05,0,0,0,0,5,0,0,0,0,-0.00229183,0,0,0,0,0,0,0,0,0,1,80,57,0,0.00034,0.00034,3,5,0,0,0,0,0,0,0,0,0,0,1,0,1,0,0,0,0,0,0,0,0,,0,0,0,0,
4,4.03,0,2.2,41.5,0,0,0,0.65,0,0,0,0,-6.5,0,0,0,0,-0.00229183,0,0,0,0,0,0,0,0,0,1,89,57,0,0.00034,0.00034,3,5,0,0,0,0,0,0,0,0,0,0,1,0,1,0,0,0,0,0,0,0,0,,0,0,0,0,
5,5.17,0,-35.5,34,0,0,0,-3.05,0,0,0,0,-6,0,0,0,0,-0.00229183,0,0,0,0,0,0,0,0,0,1,79,57,0,0.00034,0.00034,3,5,0,0,0,0,0,0,0,0,0,0,1,0,1,0,0,0,0,0,0,0,0,,0,0,0,0,
6,5.17,0,-40.05,34,0,0,0,-0.35,0,0,0,0,-3,0,0,0,0,-0.00229183,0,0,0,0,0,0,0,0,0,1,79,57,0,0.00034,0.00034,3,5,0,0,0,0,0,0,0,0,0,0,1,0,1,0,0,0,0,0,0,0,0,,0,0,0,0,
7,5.61,0,-34.55,35.5,0,0,0,-3.1,0,0,0,0,-4,0,0,0,0,-0.00229183,0,0,0,0,0,0,0,0,0,1,80,57,0,0.00034,0.00034,3,5,0,0,0,0,0,0,0,0,0,0,1,0,1,0,0,0,0,0,0,0,0,,0,0,0,0,
8,5.61,0,-24.1,35.5,0,0,0,-5.7,0,0,0,0,-9,0,0,0,0,-0.00229183,0,0,0,0,0,0,0,0,0,1,80,57,0,0.00034,0.00034,3,5,0,0,0,0,0,0,0,0,0,0,1,0,1,0,0,0,0,0,0,0,0,,0,0,0,0,
9,5.83,0,-40.95,30.5,0,0,0,0.2,0,0,0,0,-6,0,0,0,0,-0.00229183,0,0,0,0,0,0,0,0,0,1,75,57,0,0.00034,0.00034,3,5,0,0,0,0,0,0,0,0,0,0,1,0,1,0,0,0,0,0,0,0,0,,0,0,0,0,
10,6.63,0,-53.85,24,0,0,0,-5.05,0,0,0,0,0.5,0,0,0,0,-0.00229183,0,0,0,0,0,0,0,0,0,1,70,57,0,0.00034,0.00034,3,5,0,0,0,0,0,0,0,0,0,0,1,0,1,0,0,0,0,0,0,0,0,,0,0,0,0,
11,7,0,-33.7,24,0,0,0,7.7,0,0,0,0,-14,0,0,0,0,-0.00229183,0,0,0,0,0,0,0,0,0,1,70,57,0,0.00034,0.00034,3,5,0,0,0,0,0,0,0,0,0,0,1,0,1,0,0,0,0,0,0,0,0,,0,0,0,0,
12,7.65,0,34.8,39.5,0,0,0,6.45,0,0,0,0,5,0,0,0,0,-0.00229183,0,0,0,0,0,0,0,0,0,1,86,57,0,0.00034,0.00034,3,0,0,0,0,0,0,0,0,0,0,0,1,0,1,0,0,0,0,0,0,0,0,,0,0,0,0,
13,8.48,0,69.1,30,0,0,0,-11.3,0,0,0,0,22.5,0,0,0,0,-0.00229183,0,0,0,0,0,0,0,0,0,1,76,57,0,0.00034,0.00034,3,7,0,0,0,0,0,0,0,0,0,0,1,0,1,0,0,0,0,0,0,0,0,,0,0,0,0,
14,8.9,0,-32.8,26,0,0,0,-0.8,0,0,0,0,-10.5,0,0,0,0,-0.00229183,0,0,0,0,0,0,0,0,0,1,72,57,0,0.00034,0.00034,3,7,0,0,0,0,0,0,0,0,0,0,1,0,1,0,0,0,0,0,0,0,0,,0,0,0,0,
15,9.39,0,-29.3,23.5,0,0,0,-2.45,0,0,0,0,-14,0,0,0,0,-0.00229183,0,0,0,0,0,0,0,0,0,1,70,57,0,0.00034,0.00034,3,5,0,0,0,0,0,0,0,0,0,0,1,0,1,0,0,0,0,0,0,0,0,,0,0,0,0,
16,9.83,0,-28.3,21,0,0,0,-0.7,0,0,0,0,-17.5,0,0,0,0,-0.00229183,0,0,0,0,0,0,0,0,0,1,68,57,0,0.00034,0.00034,3,5,0,0,0,0,0,0,0,0,0,0,1,0,1,0,0,0,0,0,0,0,0,,0,0,0,0,
17,12.16,0,-12.55,26.5,0,0,0,12.9,0,0,0,0,-16.5,0,0,0,0,-0.00229183,0,0,0,0,0,0,0,0,0,1,73,57,0,0.00034,0.00034,3,5,0,0,0,0,0,0,0,0,0,0,1,0,1,0,0,0,0,0,0,0,0,,0,0,0,0,
18,12.99,0,-23.1,21.5,0,0,0,-1.8,0,0,0,0,-18,0,0,0,0,-0.00229183,0,0,0,0,0,0,0,0,0,1,67,57,0,0.00034,0.00034,3,5,0,0,0,0,0,0,0,0,0,0,1,0,1,0,0,0,0,0,0,0,0,,0,0,0,0,
END,Total:19
START,FrameNb:205,CameraNb:0,HeSaiNb:0,ARS410Nb:0
2026/08/02 16:24:01:088---->
heightOffset:0,1785659041088,1330664,selfCaliBufCnt:0,selfAccObjCnt:0,selfAccAngle:0,installHAngleOffset:0,Interpolation:0,installVAngleOffset:0,radarOffsetH:0,radarOffsetV:0.32,Polynom:-0.001023;-0.0511;-2.047;0;0;0;-0.001023;-0.0511;-2.047;-25.5;0;0,WheelDirection:0;0;0;0,selfAngleOffset:0,selfAngleOffsetPit:0,currCaliAngleHrz:0,currCaliAnglePit:0,selfCaliAngleHrz:0,selfCaliAnglePit:0,servCaliAngleHrz:0,servCaliAnglePit:0,offlineCaliAngleHrz:0,offlineCaliAnglePit:0,determine2useFlag:0,IMU_Z_Accel:-21.592,IMU_X_AngularRate:-2.093,IMU_Y_AngularRate:-2.093,IMU_RollAngle:-180,IMU_PitchAngle:-180,IMU_YawAngle:-180,FcwID:0,FCWWarningLevel:0,FCWTTC:0
0,2.32,0,30.1,29,0,0,0,7.7,1.37605e-33,0,0,0,-8.5,0,0,0,0,-0.00229183,0,0,0,0,0,0,0,0,0,1,78,63,0,0.00034,0.00034,3,5,0,0,0,0,0,0,0,0,0,0,1,0,0,0,0,0,0,0,0,0,0,,0,0,0,0,
1,2.8,0,-34.05,43.5,0,0,0,1.75,0,0,0,0,6,0,0,0,0,-0.00229183,0,0,0,0,0,0,0,0,0,1,92,63,0,0.00034,0.00034,3,0,0,0,0,0,0,0,0,0,0,0,1,0,0,0,0,0,0,0,0,0,0,,0,0,0,0,
2,3.25,0,13.55,38.5,0,0,0,2.55,0,0,0,0,-7,0,0,0,0,-0.00229183,0,0,0,0,0,0,0,0,0,1,87,63,0,0.00034,0.00034,3,0,0,0,0,0,0,0,0,0,0,0,1,0,0,0,0,0,0,0,0,0,0,,0,0,0,0,
3,3.59,0,45.8,32,0,0,0,-10.25,0,0,0,0,5,0,0,0,0,-0.00229183,0,0,0,0,0,0,0,0,0,1,80,63,0,0.00034,0.00034,3,5,0,0,0,0,0,0,0,0,0,0,1,0,0,0,0,0,0,0,0,0,0,,0,0,0,0,
4,4.03,0,2.2,41.5,0,0,0,0.65,0,0,0,0,-6,0,0,0,0,-0.00229183,0,0,0,0,0,0,0,0,0,1,89,63,0,0.00034,0.00034,3,5,0,0,0,0,0,0,0,0,0,0,1,0,0,0,0,0,0,0,0,0,0,,0,0,0,0,
5,5.16,0,-35.1,34,0,0,0,-3.3,0,0,0,0,-6,0,0,0,0,-0.00229183,0,0,0,0,0,0,0,0,0,1,79,63,0,0.00034,0.00034,3,5,0,0,0,0,0,0,0,0,0,0,1,0,0,0,0,0,0,0,0,0,0,,0,0,0,0,
6,5.16,0,-40.55,34,0,0,0,0.15,0,0,0,0,-3,0,0,0,0,-0.00229183,0,0,0,0,0,0,0,0,0,1,79,63,0,0.00034,0.00034,3,5,0,0,0,0,0,0,0,0,0,0,1,0,0,0,0,0,0,0,0,0,0,,0,0,0,0,
7,5.61,0,-34.6,35.5,0,0,0,-3.25,0,0,0,0,-4.5,0,0,0,0,-0.00229183,0,0,0,0,0,0,0,0,0,1,80,63,0,0.00034,0.00034,3,5,0,0,0,0,0,0,0,0,0,0,1,0,0,0,0,0,0,0,0,0,0,,0,0,0,0,
8,5.61,0,-24.1,35.5,0,0,0,-5.7,0,0,0,0,-9.5,0,0,0,0,-0.00229183,0,0,0,0,0,0,0,0,0,1,80,63,0,0.00034,0.00034,3,5,0,0,0,0,0,0,0,0,0,0,1,0,0,0,0,0,0,0,0,0,0,,0,0,0,0,
9,5.83,0,-40.7,30.5,0,0,0,0.2,0,0,0,0,-5.5,0,0,0,0,-0.00229183,0,0,0,0,0,0,0,0,0,1,75,63,0,0.00034,0.00034,3,5,0,0,0,0,0,0,0,0,0,0,1,0,0,0,0,0,0,0,0,0,0,,0,0,0,0,
10,6.63,0,-53.95,24.5,0,0,0,-9.05,0,0,0,0,0.5,0,0,0,0,-0.00229183,0,0,0,0,0,0,0,0,0,1,70,63,0,0.00034,0.00034,3,5,0,0,0,0,0,0,0,0,0,0,1,0,0,0,0,0,0,0,0,0,0,,0,0,0,0,
11,7.03,0,-10.3,24.5,0,0,0,-4.2,0,0,0,0,-23,0,0,0,0,-0.00229183,0,0,0,0,0,0,0,0,0,1,70,63,0,0.00034,0.00034,3,5,0,0,0,0,0,0,0,0,0,0,1,0,0,0,0,0,0,0,0,0,0,,0,0,0,0,
12,7.64,0,34.7,40,0,0,0,6.8,0,0,0,0,5.5,0,0,0,0,-0.00229183,0,0,0,0,0,0,0,0,0,1,86,63,0,0.00034,0.00034,3,5,0,0,0,0,0,0,0,0,0,0,1,0,0,0,0,0,0,0,0,0,0,,0,0,0,0,
13,8.65,0,69.1,30,0,0,0,-11.3,0,0,0,0,22.5,0,0,0,0,-0.00229183,0,0,0,0,0,0,0,0,0,1,76,63,0,0.00034,0.00034,3,7,0,0,0,0,0,0,0,0,0,0,1,0,0,0,0,0,0,0,0,0,0,,0,0,0,0,
14,8.91,0,-32.6,26,0,0,0,-0.95,0,0,0,0,-10,0,0,0,0,-0.00229183,0,0,0,0,0,0,0,0,0,1,72,63,0,0.00034,0.00034,3,7,0,0,0,0,0,0,0,0,0,0,1,0,0,0,0,0,0,0,0,0,0,,0,0,0,0,
15,9.39,0,-29.15,23.5,0,0,0,-2.55,0,0,0,0,-14.5,0,0,0,0,-0.00229183,0,0,0,0,0,0,0,0,0,1,70,63,0,0.00034,0.00034,3,5,0,0,0,0,0,0,0,0,0,0,1,0,0,0,0,0,0,0,0,0,0,,0,0,0,0,
16,9.85,0,-28.2,20.5,0,0,0,-1,0,0,0,0,-18,0,0,0,0,-0.00229183,0,0,0,0,0,0,0,0,0,1,67,63,0,0.00034,0.00034,3,5,0,0,0,0,0,0,0,0,0,0,1,0,0,0,0,0,0,0,0,0,0,,0,0,0,0,
17,12.17,0,-12.6,26.5,0,0,0,13,0,0,0,0,-16.5,0,0,0,0,-0.00229183,0,0,0,0,0,0,0,0,0,1,73,63,0,0.00034,0.00034,3,5,0,0,0,0,0,0,0,0,0,0,1,0,0,0,0,0,0,0,0,0,0,,0,0,0,0,
18,13,0,-23.15,21.5,0,0,0,-1.95,0,0,0,0,-17.5,0,0,0,0,-0.00229183,0,0,0,0,0,0,0,0,0,1,68,63,0,0.00034,0.00034,3,5,0,0,0,0,0,0,0,0,0,0,1,0,0,0,0,0,0,0,0,0,0,,0,0,0,0,
END,Total:19
START,FrameNb:206,CameraNb:0,HeSaiNb:0,ARS410Nb:0
2026/08/02 16:24:01:151---->
heightOffset:0,1785659041151,1330724,selfCaliBufCnt:0,selfAccObjCnt:0,selfAccAngle:0,installHAngleOffset:0,Interpolation:0,installVAngleOffset:0,radarOffsetH:0,radarOffsetV:0.32,Polynom:-0.001023;-0.0511;-2.047;0;0;0;-0.001023;-0.0511;-2.047;-25.5;0;0,WheelDirection:0;0;0;0,selfAngleOffset:0,selfAngleOffsetPit:0,currCaliAngleHrz:0,currCaliAnglePit:0,selfCaliAngleHrz:0,selfCaliAnglePit:0,servCaliAngleHrz:0,servCaliAnglePit:0,offlineCaliAngleHrz:0,offlineCaliAnglePit:0,determine2useFlag:0,IMU_Z_Accel:-21.592,IMU_X_AngularRate:-2.093,IMU_Y_AngularRate:-2.093,IMU_RollAngle:-180,IMU_PitchAngle:-180,IMU_YawAngle:-180,FcwID:0,FCWWarningLevel:0,FCWTTC:0
0,2.32,0,30.05,29,0,0,0,8.3,1.37605e-33,0,0,0,-8.5,0,0,0,0,-0.00229183,0,0,0,0,0,0,0,0,0,1,78,55,0,0.00034,0.00034,3,5,0,0,0,0,0,0,0,0,0,0,1,0,1,0,0,0,0,0,0,0,0,,0,0,0,0,
1,2.8,0,-34.05,43.5,0,0,0,1.75,0,0,0,0,6,0,0,0,0,-0.00229183,0,0,0,0,0,0,0,0,0,1,92,55,0,0.00034,0.00034,3,0,0,0,0,0,0,0,0,0,0,0,1,0,1,0,0,0,0,0,0,0,0,,0,0,0,0,
2,3.26,0,13.55,38.5,0,0,0,2.55,0,0,0,0,-7,0,0,0,0,-0.00229183,0,0,0,0,0,0,0,0,0,1,87,55,0,0.00034,0.00034,3,0,0,0,0,0,0,0,0,0,0,0,1,0,1,0,0,0,0,0,0,0,0,,0,0,0,0,
3,3.72,0,45.35,31.5,0,0,0,-9.05,0,0,0,0,5,0,0,0,0,-0.00229183,0,0,0,0,0,0,0,0,0,1,80,55,0,0.00034,0.00034,3,5,0,0,0,0,0,0,0,0,0,0,1,0,1,0,0,0,0,0,0,0,0,,0,0,0,0,
4,4.03,0,2.2,41.5,0,0,0,0.65,0,0,0,0,-6.5,0,0,0,0,-0.00229183,0,0,0,0,0,0,0,0,0,1,89,55,0,0.00034,0.00034,3,5,0,0,0,0,0,0,0,0,0,0,1,0,1,0,0,0,0,0,0,0,0,,0,0,0,0,
5,5.17,0,-35.1,34,0,0,0,-3.3,0,0,0,0,-6,0,0,0,0,-0.00229183,0,0,0,0,0,0,0,0,0,1,79,55,0,0.00034,0.00034,3,5,0,0,0,0,0,0,0,0,0,0,1,0,1,0,0,0,0,0,0,0,0,,0,0,0,0,
6,5.17,0,-40.5,34,0,0,0,0,0,0,0,0,-3,0,0,0,0,-0.00229183,0,0,0,0,0,0,0,0,0,1,79,55,0,0.00034,0.00034,3,5,0,0,0,0,0,0,0,0,0,0,1,0,1,0,0,0,0,0,0,0,0,,0,0,0,0,
7,5.61,0,-34.55,36,0,0,0,-3.1,0,0,0,0,-4,0,0,0,0,-0.00229183,0,0,0,0,0,0,0,0,0,1,80,55,0,0.00034,0.00034,3,5,0,0,0,0,0,0,0,0,0,0,1,0,1,0,0,0,0,0,0,0,0,,0,0,0,0,
8,5.61,0,-24.1,36,0,0,0,-5.75,0,0,0,0,-9,0,0,0,0,-0.00229183,0,0,0,0,0,0,0,0,0,1,80,55,0,0.00034,0.00034,3,5,0,0,0,0,0,0,0,0,0,0,1,0,1,0,0,0,0,0,0,0,0,,0,0,0,0,
9,5.83,0,-40.7,30.5,0,0,0,0.2,0,0,0,0,-5.5,0,0,0,0,-0.00229183,0,0,0,0,0,0,0,0,0,1,75,55,0,0.00034,0.00034,3,5,0,0,0,0,0,0,0,0,0,0,1,0,1,0,0,0,0,0,0,0,0,,0,0,0,0,
10,6.63,0,-53.9,24.5,0,0,0,-1.35,0,0,0,0,0.5,0,0,0,0,-0.00229183,0,0,0,0,0,0,0,0,0,1,70,55,0,0.00034,0.00034,3,5,0,0,0,0,0,0,0,0,0,0,1,0,1,0,0,0,0,0,0,0,0,,0,0,0,0,
11,7.01,0,-33.8,24.5,0,0,0,-3.1,0,0,0,0,-14,0,0,0,0,-0.00229183,0,0,0,0,0,0,0,0,0,1,70,55,0,0.00034,0.00034,3,5,0,0,0,0,0,0,0,0,0,0,1,0,1,0,0,0,0,0,0,0,0,,0,0,0,0,
12,7.64,0,34.65,40,0,0,0,7.05,0,0,0,0,5.5,0,0,0,0,-0.00229183,0,0,0,0,0,0,0,0,0,1,86,55,0,0.00034,0.00034,3,5,0,0,0,0,0,0,0,0,0,0,1,0,1,0,0,0,0,0,0,0,0,,0,0,0,0,
13,8.48,0,69.1,30,0,0,0,-11.25,0,0,0,0,22.5,0,0,0,0,-0.00229183,0,0,0,0,0,0,0,0,0,1,76,55,0,0.00034,0.00034,3,7,0,0,0,0,0,0,0,0,0,0,1,0,1,0,0,0,0,0,0,0,0,,0,0,0,0,
14,8.91,0,-32.7,26.5,0,0,0,-1,0,0,0,0,-10,0,0,0,0,-0.00229183,0,0,0,0,0,0,0,0,0,1,72,55,0,0.00034,0.00034,3,7,0,0,0,0,0,0,0,0,0,0,1,0,1,0,0,0,0,0,0,0,0,,0,0,0,0,
15,9.39,0,-29.3,24,0,0,0,-2.6,0,0,0,0,-14,0,0,0,0,-0.00229183,0,0,0,0,0,0,0,0,0,1,70,55,0,0.00034,0.00034,3,5,0,0,0,0,0,0,0,0,0,0,1,0,1,0,0,0,0,0,0,0,0,,0,0,0,0,
16,9.84,0,-28.35,21,0,0,0,-0.55,0,0,0,0,-17.5,0,0,0,0,-0.00229183,0,0,0,0,0,0,0,0,0,1,67,55,0,0.00034,0.00034,3,5,0,0,0,0,0,0,0,0,0,0,1,0,1,0,0,0,0,0,0,0,0,,0,0,0,0,
17,12.16,0,-12.5,26.5,0,0,0,12.8,0,0,0,0,-16.5,0,0,0,0,-0.00229183,0,0,0,0,0,0,0,0,0,1,73,55,0,0.00034,0.00034,3,5,0,0,0,0,0,0,0,0,0,0,1,0,1,0,0,0,0,0,0,0,0,,0,0,0,0,
18,13,0,-23.05,21.5,0,0,0,-1.75,0,0,0,0,-17.5,0,0,0,0,-0.00229183,0,0,0,0,0,0,0,0,0,1,68,55,0,0.00034,0.00034,3,5,0,0,0,0,0,0,0,0,0,0,1,0,1,0,0,0,0,0,0,0,0,,0,0,0,0,
END,Total:19
START,FrameNb:207,CameraNb:0,HeSaiNb:0,ARS410Nb:0
2026/08/02 16:24:01:182---->
heightOffset:0,1785659041182,1330776,selfCaliBufCnt:0,selfAccObjCnt:0,selfAccAngle:0,installHAngleOffset:0,Interpolation:0,installVAngleOffset:0,radarOffsetH:0,radarOffsetV:0.32,Polynom:-0.001023;-0.0511;-2.047;0;0;0;-0.001023;-0.0511;-2.047;-25.5;0;0,WheelDirection:0;0;0;0,selfAngleOffset:0,selfAngleOffsetPit:0,currCaliAngleHrz:0,currCaliAnglePit:0,selfCaliAngleHrz:0,selfCaliAnglePit:0,servCaliAngleHrz:0,servCaliAnglePit:0,offlineCaliAngleHrz:0,offlineCaliAnglePit:0,determine2useFlag:0,IMU_Z_Accel:-21.592,IMU_X_AngularRate:-2.093,IMU_Y_AngularRate:-2.093,IMU_RollAngle:-180,IMU_PitchAngle:-180,IMU_YawAngle:-180,FcwID:0,FCWWarningLevel:0,FCWTTC:0
0,2.32,0,30.1,29,0,0,0,7.8,1.37605e-33,0,0,0,-8.5,0,0,0,0,-0.00229183,0,0,0,0,0,0,0,0,0,1,78,58,0,0.00034,0.00034,3,5,0,0,0,0,0,0,0,0,0,0,1,0,0,0,0,0,0,0,0,0,0,,0,0,0,0,
1,2.8,0,-34.05,43,0,0,0,1.75,0,0,0,0,6,0,0,0,0,-0.00229183,0,0,0,0,0,0,0,0,0,1,92,58,0,0.00034,0.00034,3,0,0,0,0,0,0,0,0,0,0,0,1,0,0,0,0,0,0,0,0,0,0,,0,0,0,0,
2,3.25,0,13.55,38.5,0,0,0,2.55,0,0,0,0,-7,0,0,0,0,-0.00229183,0,0,0,0,0,0,0,0,0,1,87,58,0,0.00034,0.00034,3,0,0,0,0,0,0,0,0,0,0,0,1,0,0,0,0,0,0,0,0,0,0,,0,0,0,0,
3,3.58,0,45.7,31.5,0,0,0,-9.45,0,0,0,0,5,0,0,0,0,-0.00229183,0,0,0,0,0,0,0,0,0,1,80,58,0,0.00034,0.00034,3,5,0,0,0,0,0,0,0,0,0,0,1,0,0,0,0,0,0,0,0,0,0,,0,0,0,0,
4,4.03,0,2.2,41.5,0,0,0,0.55,0,0,0,0,-6,0,0,0,0,-0.00229183,0,0,0,0,0,0,0,0,0,1,89,58,0,0.00034,0.00034,3,5,0,0,0,0,0,0,0,0,0,0,1,0,0,0,0,0,0,0,0,0,0,,0,0,0,0,
5,5.16,0,-35.1,34,0,0,0,-3.35,0,0,0,0,-5.5,0,0,0,0,-0.00229183,0,0,0,0,0,0,0,0,0,1,79,58,0,0.00034,0.00034,3,5,0,0,0,0,0,0,0,0,0,0,1,0,0,0,0,0,0,0,0,0,0,,0,0,0,0,
6,5.16,0,-40.6,34,0,0,0,0.05,0,0,0,0,-2.5,0,0,0,0,-0.00229183,0,0,0,0,0,0,0,0,0,1,79,58,0,0.00034,0.00034,3,5,0,0,0,0,0,0,0,0,0,0,1,0,0,0,0,0,0,0,0,0,0,,0,0,0,0,
7,5.61,0,-34.6,35.5,0,0,0,-3.1,0,0,0,0,-4,0,0,0,0,-0.00229183,0,0,0,0,0,0,0,0,0,1,80,58,0,0.00034,0.00034,3,5,0,0,0,0,0,0,0,0,0,0,1,0,0,0,0,0,0,0,0,0,0,,0,0,0,0,
8,5.61,0,-24.1,35.5,0,0,0,-5.75,0,0,0,0,-9,0,0,0,0,-0.00229183,0,0,0,0,0,0,0,0,0,1,80,58,0,0.00034,0.00034,3,5,0,0,0,0,0,0,0,0,0,0,1,0,0,0,0,0,0,0,0,0,0,,0,0,0,0,
9,5.83,0,-40.65,30.5,0,0,0,0.05,0,0,0,0,-5.5,0,0,0,0,-0.00229183,0,0,0,0,0,0,0,0,0,1,75,58,0,0.00034,0.00034,3,5,0,0,0,0,0,0,0,0,0,0,1,0,0,0,0,0,0,0,0,0,0,,0,0,0,0,
10,6.63,0,-53.8,24,0,0,0,-0.85,0,0,0,0,0.5,0,0,0,0,-0.00229183,0,0,0,0,0,0,0,0,0,1,70,58,0,0.00034,0.00034,3,5,0,0,0,0,0,0,0,0,0,0,1,0,0,0,0,0,0,0,0,0,0,,0,0,0,0,
11,7.02,0,-33.9,24.5,0,0,0,-3.05,0,0,0,0,-13.5,0,0,0,0,-0.00229183,0,0,0,0,0,0,0,0,0,1,70,58,0,0.00034,0.00034,3,5,0,0,0,0,0,0,0,0,0,0,1,0,0,0,0,0,0,0,0,0,0,,0,0,0,0,
12,7.63,0,34.65,40,0,0,0,7.15,0,0,0,0,5.5,0,0,0,0,-0.00229183,0,0,0,0,0,0,0,0,0,1,86,58,0,0.00034,0.00034,3,0,0,0,0,0,0,0,0,0,0,0,1,0,0,0,0,0,0,0,0,0,0,,0,0,0,0,
13,8.64,0,69.1,30,0,0,0,-11.35,0,0,0,0,22.5,0,0,0,0,-0.00229183,0,0,0,0,0,0,0,0,0,1,76,58,0,0.00034,0.00034,3,7,0,0,0,0,0,0,0,0,0,0,1,0,0,0,0,0,0,0,0,0,0,,0,0,0,0,
14,8.91,0,-32.8,26.5,0,0,0,-0.45,0,0,0,0,-10,0,0,0,0,-0.00229183,0,0,0,0,0,0,0,0,0,1,73,58,0,0.00034,0.00034,3,7,0,0,0,0,0,0,0,0,0,0,1,0,0,0,0,0,0,0,0,0,0,,0,0,0,0,
15,9.39,0,-29.3,23.5,0,0,0,-2.55,0,0,0,0,-14.5,0,0,0,0,-0.00229183,0,0,0,0,0,0,0,0,0,1,70,58,0,0.00034,0.00034,3,5,0,0,0,0,0,0,0,0,0,0,1,0,0,0,0,0,0,0,0,0,0,,0,0,0,0,
16,9.84,0,-28.2,21,0,0,0,-1.1,0,0,0,0,-18,0,0,0,0,-0.00229183,0,0,0,0,0,0,0,0,0,1,67,58,0,0.00034,0.00034,3,5,0,0,0,0,0,0,0,0,0,0,1,0,0,0,0,0,0,0,0,0,0,,0,0,0,0,
17,12.17,0,-12.55,26.5,0,0,0,13.05,0,0,0,0,-16.5,0,0,0,0,-0.00229183,0,0,0,0,0,0,0,0,0,1,73,58,0,0.00034,0.00034,3,5,0,0,0,0,0,0,0,0,0,0,1,0,0,0,0,0,0,0,0,0,0,,0,0,0,0,
18,12.99,0,-23.1,21.5,0,0,0,-1.6,0,0,0,0,-17.5,0,0,0,0,-0.00229183,0,0,0,0,0,0,0,0,0,1,68,58,0,0.00034,0.00034,3,5,0,0,0,0,0,0,0,0,0,0,1,0,0,0,0,0,0,0,0,0,0,,0,0,0,0,
END,Total:19
START,FrameNb:208,CameraNb:0,HeSaiNb:0,ARS410Nb:0
2026/08/02 16:24:01:309---->
heightOffset:0,1785659041309,1330836,selfCaliBufCnt:0,selfAccObjCnt:0,selfAccAngle:0,installHAngleOffset:0,Interpolation:0,installVAngleOffset:0,radarOffsetH:0,radarOffsetV:0.32,Polynom:-0.001023;-0.0511;-2.047;0;0;0;-0.001023;-0.0511;-2.047;-25.5;0;0,WheelDirection:0;0;0;0,selfAngleOffset:0,selfAngleOffsetPit:0,currCaliAngleHrz:0,currCaliAnglePit:0,selfCaliAngleHrz:0,selfCaliAnglePit:0,servCaliAngleHrz:0,servCaliAnglePit:0,offlineCaliAngleHrz:0,offlineCaliAnglePit:0,determine2useFlag:0,IMU_Z_Accel:-21.592,IMU_X_AngularRate:-2.093,IMU_Y_AngularRate:-2.093,IMU_RollAngle:-180,IMU_PitchAngle:-180,IMU_YawAngle:-180,FcwID:0,FCWWarningLevel:0,FCWTTC:0
0,2.32,0,30.1,29,0,0,0,8.2,1.37605e-33,0,0,0,-9,0,0,0,0,-0.00229183,0,0,0,0,0,0,0,0,0,1,78,54,0,0.00034,0.00034,3,5,0,0,0,0,0,0,0,0,0,0,1,0,1,0,0,0,0,0,0,0,0,,0,0,0,0,
1,2.79,0,-34.05,43,0,0,0,1.75,0,0,0,0,6,0,0,0,0,-0.00229183,0,0,0,0,0,0,0,0,0,1,92,54,0,0.00034,0.00034,3,0,0,0,0,0,0,0,0,0,0,0,1,0,1,0,0,0,0,0,0,0,0,,0,0,0,0,
2,3.25,0,13.55,38.5,0,0,0,2.55,0,0,0,0,-7,0,0,0,0,-0.00229183,0,0,0,0,0,0,0,0,0,1,87,54,0,0.00034,0.00034,3,0,0,0,0,0,0,0,0,0,0,0,1,0,1,0,0,0,0,0,0,0,0,,0,0,0,0,
3,3.59,0,45.45,31.5,0,0,0,-9,0,0,0,0,5,0,0,0,0,-0.00229183,0,0,0,0,0,0,0,0,0,1,80,54,0,0.00034,0.00034,3,5,0,0,0,0,0,0,0,0,0,0,1,0,1,0,0,0,0,0,0,0,0,,0,0,0,0,
4,4.03,0,2.2,41.5,0,0,0,0.65,0,0,0,0,-6.5,0,0,0,0,-0.00229183,0,0,0,0,0,0,0,0,0,1,89,54,0,0.00034,0.00034,3,5,0,0,0,0,0,0,0,0,0,0,1,0,1,0,0,0,0,0,0,0,0,,0,0,0,0,
5,5.17,0,-35.05,34,0,0,0,-3.35,0,0,0,0,-6,0,0,0,0,-0.00229183,0,0,0,0,0,0,0,0,0,1,79,54,0,0.00034,0.00034,3,5,0,0,0,0,0,0,0,0,0,0,1,0,1,0,0,0,0,0,0,0,0,,0,0,0,0,
6,5.17,0,-40.55,34,0,0,0,0.05,0,0,0,0,-3,0,0,0,0,-0.00229183,0,0,0,0,0,0,0,0,0,1,79,54,0,0.00034,0.00034,3,5,0,0,0,0,0,0,0,0,0,0,1,0,1,0,0,0,0,0,0,0,0,,0,0,0,0,
7,5.62,0,-34.6,36,0,0,0,-3.2,0,0,0,0,-4,0,0,0,0,-0.00229183,0,0,0,0,0,0,0,0,0,1,80,54,0,0.00034,0.00034,3,5,0,0,0,0,0,0,0,0,0,0,1,0,1,0,0,0,0,0,0,0,0,,0,0,0,0,
8,5.62,0,-24.1,36,0,0,0,-5.6,0,0,0,0,-9,0,0,0,0,-0.00229183,0,0,0,0,0,0,0,0,0,1,80,54,0,0.00034,0.00034,3,5,0,0,0,0,0,0,0,0,0,0,1,0,1,0,0,0,0,0,0,0,0,,0,0,0,0,
9,5.83,0,-40.7,30.5,0,0,0,0.2,0,0,0,0,-5.5,0,0,0,0,-0.00229183,0,0,0,0,0,0,0,0,0,1,75,54,0,0.00034,0.00034,3,5,0,0,0,0,0,0,0,0,0,0,1,0,1,0,0,0,0,0,0,0,0,,0,0,0,0,
10,6.62,0,-53.9,25,0,0,0,-2.2,0,0,0,0,0.5,0,0,0,0,-0.00229183,0,0,0,0,0,0,0,0,0,1,70,54,0,0.00034,0.00034,3,5,0,0,0,0,0,0,0,0,0,0,1,0,1,0,0,0,0,0,0,0,0,,0,0,0,0,
11,7.02,0,-10.5,24.5,0,0,0,-7.95,0,0,0,0,-23,0,0,0,0,-0.00229183,0,0,0,0,0,0,0,0,0,1,70,54,0,0.00034,0.00034,3,5,0,0,0,0,0,0,0,0,0,0,1,0,1,0,0,0,0,0,0,0,0,,0,0,0,0,
12,7.64,0,34.6,40,0,0,0,7,0,0,0,0,5.5,0,0,0,0,-0.00229183,0,0,0,0,0,0,0,0,0,1,86,54,0,0.00034,0.00034,3,0,0,0,0,0,0,0,0,0,0,0,1,0,1,0,0,0,0,0,0,0,0,,0,0,0,0,
13,8.25,0,-25.05,28.5,0,0,0,-2.3,0,0,0,0,-12.5,0,0,0,0,-0.00229183,0,0,0,0,0,0,0,0,0,1,74,54,0,0.00034,0.00034,3,0,0,0,0,0,0,0,0,0,0,0,1,0,1,0,0,0,0,0,0,0,0,,0,0,0,0,
14,8.48,0,45.05,30,0,0,0,6.4,0,0,0,0,5.5,0,0,0,0,-0.00229183,0,0,0,0,0,0,0,0,0,1,76,54,0,0.00034,0.00034,3,7,0,0,0,0,0,0,0,0,0,0,1,0,1,0,0,0,0,0,0,0,0,,0,0,0,0,
15,8.91,0,-32.8,26,0,0,0,-0.35,0,0,0,0,-10,0,0,0,0,-0.00229183,0,0,0,0,0,0,0,0,0,1,72,54,0,0.00034,0.00034,3,5,0,0,0,0,0,0,0,0,0,0,1,0,1,0,0,0,0,0,0,0,0,,0,0,0,0,
16,9.39,0,-29.35,23,0,0,0,-2.45,0,0,0,0,-15,0,0,0,0,-0.00229183,0,0,0,0,0,0,0,0,0,1,69,54,0,0.00034,0.00034,3,5,0,0,0,0,0,0,0,0,0,0,1,0,1,0,0,0,0,0,0,0,0,,0,0,0,0,
17,9.83,0,-28.35,20.5,0,0,0,-0.75,0,0,0,0,-18,0,0,0,0,-0.00229183,0,0,0,0,0,0,0,0,0,1,67,54,0,0.00034,0.00034,3,5,0,0,0,0,0,0,0,0,0,0,1,0,1,0,0,0,0,0,0,0,0,,0,0,0,0,
18,12.17,0,-12.6,26.5,0,0,0,12.9,0,0,0,0,-16,0,0,0,0,-0.00229183,0,0,0,0,0,0,0,0,0,1,73,54,0,0.00034,0.00034,3,5,0,0,0,0,0,0,0,0,0,0,1,0,1,0,0,0,0,0,0,0,0,,0,0,0,0,
19,12.99,0,-23.05,21,0,0,0,-1.8,0,0,0,0,-18,0,0,0,0,-0.00229183,0,0,0,0,0,0,0,0,0,1,67,54,0,0.00034,0.00034,3,5,0,0,0,0,0,0,0,0,0,0,1,0,1,0,0,0,0,0,0,0,0,,0,0,0,0,
END,Total:20
START,FrameNb:209,CameraNb:0,HeSaiNb:0,ARS410Nb:0
2026/08/02 16:24:01:338---->
heightOffset:0,1785659041338,1330888,selfCaliBufCnt:0,selfAccObjCnt:0,selfAccAngle:0,installHAngleOffset:0,Interpolation:0,installVAngleOffset:0,radarOffsetH:0,radarOffsetV:0.32,Polynom:-0.001023;-0.0511;-2.047;0;0;0;-0.001023;-0.0511;-2.047;-25.5;0;0,WheelDirection:0;0;0;0,selfAngleOffset:0,selfAngleOffsetPit:0,currCaliAngleHrz:0,currCaliAnglePit:0,selfCaliAngleHrz:0,selfCaliAnglePit:0,servCaliAngleHrz:0,servCaliAnglePit:0,offlineCaliAngleHrz:0,offlineCaliAnglePit:0,determine2useFlag:0,IMU_Z_Accel:-21.592,IMU_X_AngularRate:-2.093,IMU_Y_AngularRate:-2.093,IMU_RollAngle:-180,IMU_PitchAngle:-180,IMU_YawAngle:-180,FcwID:0,FCWWarningLevel:0,FCWTTC:0
0,2.32,0,30.05,29,0,0,0,7.7,1.37605e-33,0,0,0,-8.5,0,0,0,0,-0.00229183,0,0,0,0,0,0,0,0,0,1,78,58,0,0.00034,0.00034,3,5,0,0,0,0,0,0,0,0,0,0,1,0,0,0,0,0,0,0,0,0,0,,0,0,0,0,
1,2.8,0,-34.05,43.5,0,0,0,1.75,0,0,0,0,6,0,0,0,0,-0.00229183,0,0,0,0,0,0,0,0,0,1,92,58,0,0.00034,0.00034,3,0,0,0,0,0,0,0,0,0,0,0,1,0,0,0,0,0,0,0,0,0,0,,0,0,0,0,
2,3.25,0,13.55,38.5,0,0,0,2.55,0,0,0,0,-7,0,0,0,0,-0.00229183,0,0,0,0,0,0,0,0,0,1,87,58,0,0.00034,0.00034,3,0,0,0,0,0,0,0,0,0,0,0,1,0,0,0,0,0,0,0,0,0,0,,0,0,0,0,
3,3.59,0,45.7,31.5,0,0,0,-9.6,0,0,0,0,5,0,0,0,0,-0.00229183,0,0,0,0,0,0,0,0,0,1,80,58,0,0.00034,0.00034,3,5,0,0,0,0,0,0,0,0,0,0,1,0,0,0,0,0,0,0,0,0,0,,0,0,0,0,
4,4.03,0,2.2,41.5,0,0,0,0.55,0,0,0,0,-6,0,0,0,0,-0.00229183,0,0,0,0,0,0,0,0,0,1,89,58,0,0.00034,0.00034,3,5,0,0,0,0,0,0,0,0,0,0,1,0,0,0,0,0,0,0,0,0,0,,0,0,0,0,
5,5.16,0,-35.1,34,0,0,0,-3.3,0,0,0,0,-5.5,0,0,0,0,-0.00229183,0,0,0,0,0,0,0,0,0,1,79,58,0,0.00034,0.00034,3,5,0,0,0,0,0,0,0,0,0,0,1,0,0,0,0,0,0,0,0,0,0,,0,0,0,0,
6,5.16,0,-40.6,34,0,0,0,0.15,0,0,0,0,-2.5,0,0,0,0,-0.00229183,0,0,0,0,0,0,0,0,0,1,79,58,0,0.00034,0.00034,3,5,0,0,0,0,0,0,0,0,0,0,1,0,0,0,0,0,0,0,0,0,0,,0,0,0,0,
7,5.61,0,-34.65,36,0,0,0,-3.1,0,0,0,0,-4,0,0,0,0,-0.00229183,0,0,0,0,0,0,0,0,0,1,80,58,0,0.00034,0.00034,3,5,0,0,0,0,0,0,0,0,0,0,1,0,0,0,0,0,0,0,0,0,0,,0,0,0,0,
8,5.61,0,-24.1,36,0,0,0,-5.55,0,0,0,0,-9,0,0,0,0,-0.00229183,0,0,0,0,0,0,0,0,0,1,80,58,0,0.00034,0.00034,3,5,0,0,0,0,0,0,0,0,0,0,1,0,0,0,0,0,0,0,0,0,0,,0,0,0,0,
9,5.83,0,-40.45,31,0,0,0,0.05,0,0,0,0,-5.5,0,0,0,0,-0.00229183,0,0,0,0,0,0,0,0,0,1,76,58,0,0.00034,0.00034,3,5,0,0,0,0,0,0,0,0,0,0,1,0,0,0,0,0,0,0,0,0,0,,0,0,0,0,
10,6.63,0,-53.85,25,0,0,0,-0.8,0,0,0,0,1,0,0,0,0,-0.00229183,0,0,0,0,0,0,0,0,0,1,70,58,0,0.00034,0.00034,3,5,0,0,0,0,0,0,0,0,0,0,1,0,0,0,0,0,0,0,0,0,0,,0,0,0,0,
11,7.02,0,-33.95,24.5,0,0,0,-2.2,0,0,0,0,-14,0,0,0,0,-0.00229183,0,0,0,0,0,0,0,0,0,1,70,58,0,0.00034,0.00034,3,5,0,0,0,0,0,0,0,0,0,0,1,0,0,0,0,0,0,0,0,0,0,,0,0,0,0,
12,7.64,0,34.6,40,0,0,0,7,0,0,0,0,5.5,0,0,0,0,-0.00229183,0,0,0,0,0,0,0,0,0,1,86,58,0,0.00034,0.00034,3,0,0,0,0,0,0,0,0,0,0,0,1,0,0,0,0,0,0,0,0,0,0,,0,0,0,0,
13,8.65,0,69.1,30,0,0,0,-11.05,0,0,0,0,22.5,0,0,0,0,-0.00229183,0,0,0,0,0,0,0,0,0,1,76,58,0,0.00034,0.00034,2,-1,0,0,0,0,0,0,0,0,0,0,1,0,0,0,0,0,0,0,0,0,0,,0,0,0,0,
14,8.91,0,-32.9,26.5,0,0,0,-0.35,0,0,0,0,-10,0,0,0,0,-0.00229183,0,0,0,0,0,0,0,0,0,1,73,58,0,0.00034,0.00034,3,7,0,0,0,0,0,0,0,0,0,0,1,0,0,0,0,0,0,0,0,0,0,,0,0,0,0,
15,9.39,0,-29.3,23.5,0,0,0,-2.35,0,0,0,0,-14.5,0,0,0,0,-0.00229183,0,0,0,0,0,0,0,0,0,1,70,58,0,0.00034,0.00034,3,5,0,0,0,0,0,0,0,0,0,0,1,0,0,0,0,0,0,0,0,0,0,,0,0,0,0,
16,9.84,0,-28.35,21,0,0,0,-0.7,0,0,0,0,-18,0,0,0,0,-0.00229183,0,0,0,0,0,0,0,0,0,1,67,58,0,0.00034,0.00034,3,5,0,0,0,0,0,0,0,0,0,0,1,0,0,0,0,0,0,0,0,0,0,,0,0,0,0,
17,12.17,0,-12.65,26.5,0,0,0,13.15,0,0,0,0,-16,0,0,0,0,-0.00229183,0,0,0,0,0,0,0,0,0,1,73,58,0,0.00034,0.00034,3,5,0,0,0,0,0,0,0,0,0,0,1,0,0,0,0,0,0,0,0,0,0,,0,0,0,0,
18,12.99,0,-23.1,21.5,0,0,0,-1.75,0,0,0,0,-18,0,0,0,0,-0.00229183,0,0,0,0,0,0,0,0,0,1,68,58,0,0.00034,0.00034,3,5,0,0,0,0,0,0,0,0,0,0,1,0,0,0,0,0,0,0,0,0,0,,0,0,0,0,
END,Total:19
START,FrameNb:210,CameraNb:0,HeSaiNb:0,ARS410Nb:0
2026/08/02 16:24:01:393---->
heightOffset:0,1785659041393,1330948,selfCaliBufCnt:0,selfAccObjCnt:0,selfAccAngle:0,installHAngleOffset:0,Interpolation:0,installVAngleOffset:0,radarOffsetH:0,radarOffsetV:0.32,Polynom:-0.001023;-0.0511;-2.047;0;0;0;-0.001023;-0.0511;-2.047;-25.5;0;0,WheelDirection:0;0;0;0,selfAngleOffset:0,selfAngleOffsetPit:0,currCaliAngleHrz:0,currCaliAnglePit:0,selfCaliAngleHrz:0,selfCaliAnglePit:0,servCaliAngleHrz:0,servCaliAnglePit:0,offlineCaliAngleHrz:0,offlineCaliAnglePit:0,determine2useFlag:0,IMU_Z_Accel:-21.592,IMU_X_AngularRate:-2.093,IMU_Y_AngularRate:-2.093,IMU_RollAngle:-180,IMU_PitchAngle:-180,IMU_YawAngle:-180,FcwID:0,FCWWarningLevel:0,FCWTTC:0
0,2.32,0,30.1,29,0,0,0,8.25,1.37605e-33,0,0,0,-9,0,0,0,0,-0.00229183,0,0,0,0,0,0,0,0,0,1,78,53,0,0.00034,0.00034,3,5,0,0,0,0,0,0,0,0,0,0,1,0,1,0,0,0,0,0,0,0,0,,0,0,0,0,
1,2.8,0,-34.05,43.5,0,0,0,1.75,0,0,0,0,6,0,0,0,0,-0.00229183,0,0,0,0,0,0,0,0,0,1,92,53,0,0.00034,0.00034,3,0,0,0,0,0,0,0,0,0,0,0,1,0,1,0,0,0,0,0,0,0,0,,0,0,0,0,
2,3.25,0,13.55,38.5,0,0,0,2.55,0,0,0,0,-7,0,0,0,0,-0.00229183,0,0,0,0,0,0,0,0,0,1,87,53,0,0.00034,0.00034,3,0,0,0,0,0,0,0,0,0,0,0,1,0,1,0,0,0,0,0,0,0,0,,0,0,0,0,
3,3.61,0,45.45,31.5,0,0,0,-9.35,0,0,0,0,5,0,0,0,0,-0.00229183,0,0,0,0,0,0,0,0,0,1,80,53,0,0.00034,0.00034,3,5,0,0,0,0,0,0,0,0,0,0,1,0,1,0,0,0,0,0,0,0,0,,0,0,0,0,
4,4.03,0,2.2,41.5,0,0,0,0.65,0,0,0,0,-6.5,0,0,0,0,-0.00229183,0,0,0,0,0,0,0,0,0,1,89,53,0,0.00034,0.00034,3,5,0,0,0,0,0,0,0,0,0,0,1,0,1,0,0,0,0,0,0,0,0,,0,0,0,0,
5,5.17,0,-35.1,34,0,0,0,-3.35,0,0,0,0,-6,0,0,0,0,-0.00229183,0,0,0,0,0,0,0,0,0,1,79,53,0,0.00034,0.00034,3,5,0,0,0,0,0,0,0,0,0,0,1,0,1,0,0,0,0,0,0,0,0,,0,0,0,0,
6,5.17,0,-40.55,34,0,0,0,0.25,0,0,0,0,-3,0,0,0,0,-0.00229183,0,0,0,0,0,0,0,0,0,1,79,53,0,0.00034,0.00034,3,5,0,0,0,0,0,0,0,0,0,0,1,0,1,0,0,0,0,0,0,0,0,,0,0,0,0,
7,5.46,0,-34.65,36,0,0,0,-3.1,0,0,0,0,-4,0,0,0,0,-0.00229183,0,0,0,0,0,0,0,0,0,1,80,53,0,0.00034,0.00034,3,5,0,0,0,0,0,0,0,0,0,0,1,0,1,0,0,0,0,0,0,0,0,,0,0,0,0,
8,5.46,0,-24.1,36,0,0,0,-5.55,0,0,0,0,-9,0,0,0,0,-0.00229183,0,0,0,0,0,0,0,0,0,1,80,53,0,0.00034,0.00034,3,5,0,0,0,0,0,0,0,0,0,0,1,0,1,0,0,0,0,0,0,0,0,,0,0,0,0,
9,6.63,0,-54.05,25,0,0,0,-1.95,0,0,0,0,1,0,0,0,0,-0.00229183,0,0,0,0,0,0,0,0,0,1,70,53,0,0.00034,0.00034,3,5,0,0,0,0,0,0,0,0,0,0,1,0,1,0,0,0,0,0,0,0,0,,0,0,0,0,
10,7.02,0,-33.7,25,0,0,0,7.75,0,0,0,0,-13.5,0,0,0,0,-0.00229183,0,0,0,0,0,0,0,0,0,1,70,53,0,0.00034,0.00034,3,5,0,0,0,0,0,0,0,0,0,0,1,0,1,0,0,0,0,0,0,0,0,,0,0,0,0,
11,7.64,0,34.6,39.5,0,0,0,7,0,0,0,0,5,0,0,0,0,-0.00229183,0,0,0,0,0,0,0,0,0,1,86,53,0,0.00034,0.00034,3,0,0,0,0,0,0,0,0,0,0,0,1,0,1,0,0,0,0,0,0,0,0,,0,0,0,0,
12,8.25,0,-25.05,28.5,0,0,0,-2.35,0,0,0,0,-12.5,0,0,0,0,-0.00229183,0,0,0,0,0,0,0,0,0,1,74,53,0,0.00034,0.00034,3,0,0,0,0,0,0,0,0,0,0,0,1,0,1,0,0,0,0,0,0,0,0,,0,0,0,0,
13,8.48,0,45.05,30,0,0,0,6.45,0,0,0,0,5.5,0,0,0,0,-0.00229183,0,0,0,0,0,0,0,0,0,1,76,53,0,0.00034,0.00034,3,7,0,0,0,0,0,0,0,0,0,0,1,0,1,0,0,0,0,0,0,0,0,,0,0,0,0,
14,8.9,0,-32.85,26,0,0,0,-0.45,0,0,0,0,-10,0,0,0,0,-0.00229183,0,0,0,0,0,0,0,0,0,1,72,53,0,0.00034,0.00034,3,7,0,0,0,0,0,0,0,0,0,0,1,0,1,0,0,0,0,0,0,0,0,,0,0,0,0,
15,9.39,0,-29.3,23,0,0,0,-2.55,0,0,0,0,-15,0,0,0,0,-0.00229183,0,0,0,0,0,0,0,0,0,1,69,53,0,0.00034,0.00034,3,5,0,0,0,0,0,0,0,0,0,0,1,0,1,0,0,0,0,0,0,0,0,,0,0,0,0,
16,9.85,0,-28.35,20.5,0,0,0,-0.45,0,0,0,0,-18,0,0,0,0,-0.00229183,0,0,0,0,0,0,0,0,0,1,67,53,0,0.00034,0.00034,3,5,0,0,0,0,0,0,0,0,0,0,1,0,1,0,0,0,0,0,0,0,0,,0,0,0,0,
17,12.17,0,-12.55,27,0,0,0,12.9,0,0,0,0,-16,0,0,0,0,-0.00229183,0,0,0,0,0,0,0,0,0,1,74,53,0,0.00034,0.00034,3,5,0,0,0,0,0,0,0,0,0,0,1,0,1,0,0,0,0,0,0,0,0,,0,0,0,0,
18,12.99,0,-23.1,21,0,0,0,-1.75,0,0,0,0,-18,0,0,0,0,-0.00229183,0,0,0,0,0,0,0,0,0,1,67,53,0,0.00034,0.00034,3,5,0,0,0,0,0,0,0,0,0,0,1,0,1,0,0,0,0,0,0,0,0,,0,0,0,0,
END,Total:19




BB Hw:V3.1.9.1,app Fw:V6.4.23.11.0.0,boot Fw:V6.4.23.6.0.0,PA cali Fw:V6.4.23.6.0.0,CT_RadarTool FW:V7.0,Can CH:1.4.6.3,Can rate:0,CarSpeedMode:0,
